$ eu5-orchestrator render --project /home/jan/development/ProsperOrPerishConstructor/constructor.toml --overwrite
blueprint: jiangnan_canal_network.yml

building blueprint render complete.
Planned:
  /home/jan/development/ProsperOrPerishConstructor/mod/Prosper or Perish (Population Growth & Food Rework)/in_game/common/building_types/zz_pp_jiangnan_canal_network.txt
  /home/jan/development/ProsperOrPerishConstructor/mod/Prosper or Perish (Population Growth & Food Rework)/in_game/common/prices/pp_jiangnan_canal_network.txt
  /home/jan/development/ProsperOrPerishConstructor/mod/Prosper or Perish (Population Growth & Food Rework)/main_menu/localization/english/pp_jiangnan_canal_network_l_english.yml
  /home/jan/development/ProsperOrPerishConstructor/mod/Prosper or Perish (Population Growth & Food Rework)/in_game/gfx/interface/icons/buildings/jiangnan_canal_network.dds
Written:
  /home/jan/development/ProsperOrPerishConstructor/mod/Prosper or Perish (Population Growth & Food Rework)/in_game/common/building_types/zz_pp_jiangnan_canal_network.txt
Skipped assets:
  /home/jan/development/ProsperOrPerishConstructor/mod/Prosper or Perish (Population Growth & Food Rework)/in_game/gfx/interface/icons/buildings/jiangnan_canal_network.dds

blueprint: jiangnan_hill_terraces.yml

building blueprint render complete.
Planned:
  /home/jan/development/ProsperOrPerishConstructor/mod/Prosper or Perish (Population Growth & Food Rework)/in_game/common/building_types/zz_pp_jiangnan_hill_terraces.txt
  /home/jan/development/ProsperOrPerishConstructor/mod/Prosper or Perish (Population Growth & Food Rework)/in_game/common/prices/pp_jiangnan_hill_terraces.txt
  /home/jan/development/ProsperOrPerishConstructor/mod/Prosper or Perish (Population Growth & Food Rework)/main_menu/localization/english/pp_jiangnan_hill_terraces_l_english.yml
  /home/jan/development/ProsperOrPerishConstructor/mod/Prosper or Perish (Population Growth & Food Rework)/in_game/gfx/interface/icons/buildings/jiangnan_hill_terraces.dds
Written:
  /home/jan/development/ProsperOrPerishConstructor/mod/Prosper or Perish (Population Growth & Food Rework)/in_game/common/building_types/zz_pp_jiangnan_hill_terraces.txt
Skipped assets:
  /home/jan/development/ProsperOrPerishConstructor/mod/Prosper or Perish (Population Growth & Food Rework)/in_game/gfx/interface/icons/buildings/jiangnan_hill_terraces.dds

blueprint: aqueduct_system.yml

building blueprint render complete.
Planned:
  /home/jan/development/ProsperOrPerishConstructor/mod/Prosper or Perish (Population Growth & Food Rework)/in_game/common/building_types/zz_pp_aqueduct_system.txt
Written:
  /home/jan/development/ProsperOrPerishConstructor/mod/Prosper or Perish (Population Growth & Food Rework)/in_game/common/building_types/zz_pp_aqueduct_system.txt

blueprint: amber_collector.yml

building blueprint render complete.
Planned:
  /home/jan/development/ProsperOrPerishConstructor/mod/Prosper or Perish (Population Growth & Food Rework)/in_game/common/building_types/zz_pp_amber_collector.txt
  /home/jan/development/ProsperOrPerishConstructor/mod/Prosper or Perish (Population Growth & Food Rework)/main_menu/localization/english/pp_amber_collector_l_english.yml
  /home/jan/development/ProsperOrPerishConstructor/mod/Prosper or Perish (Population Growth & Food Rework)/in_game/gfx/interface/icons/buildings/amber_collector.dds
Written:
  /home/jan/development/ProsperOrPerishConstructor/mod/Prosper or Perish (Population Growth & Food Rework)/in_game/common/building_types/zz_pp_amber_collector.txt
Skipped assets:
  /home/jan/development/ProsperOrPerishConstructor/mod/Prosper or Perish (Population Growth & Food Rework)/in_game/gfx/interface/icons/buildings/amber_collector.dds

blueprint: alum_quarry.yml

building blueprint render complete.
Planned:
  /home/jan/development/ProsperOrPerishConstructor/mod/Prosper or Perish (Population Growth & Food Rework)/in_game/common/building_types/zz_pp_alum_quarry.txt
  /home/jan/development/ProsperOrPerishConstructor/mod/Prosper or Perish (Population Growth & Food Rework)/main_menu/localization/english/pp_alum_quarry_l_english.yml
  /home/jan/development/ProsperOrPerishConstructor/mod/Prosper or Perish (Population Growth & Food Rework)/in_game/gfx/interface/icons/buildings/alum_quarry.dds
Written:
  /home/jan/development/ProsperOrPerishConstructor/mod/Prosper or Perish (Population Growth & Food Rework)/in_game/common/building_types/zz_pp_alum_quarry.txt
Skipped assets:
  /home/jan/development/ProsperOrPerishConstructor/mod/Prosper or Perish (Population Growth & Food Rework)/in_game/gfx/interface/icons/buildings/alum_quarry.dds

blueprint: alum_works.yml

building blueprint render complete.
Planned:
  /home/jan/development/ProsperOrPerishConstructor/mod/Prosper or Perish (Population Growth & Food Rework)/in_game/common/building_types/zz_pp_alum_works.txt
  /home/jan/development/ProsperOrPerishConstructor/mod/Prosper or Perish (Population Growth & Food Rework)/main_menu/localization/english/pp_alum_works_l_english.yml
  /home/jan/development/ProsperOrPerishConstructor/mod/Prosper or Perish (Population Growth & Food Rework)/in_game/gfx/interface/icons/buildings/alum_works.dds
Written:
  /home/jan/development/ProsperOrPerishConstructor/mod/Prosper or Perish (Population Growth & Food Rework)/in_game/common/building_types/zz_pp_alum_works.txt
Skipped assets:
  /home/jan/development/ProsperOrPerishConstructor/mod/Prosper or Perish (Population Growth & Food Rework)/in_game/gfx/interface/icons/buildings/alum_works.dds

blueprint: armory.yml

building blueprint render complete.
Planned:
  /home/jan/development/ProsperOrPerishConstructor/mod/Prosper or Perish (Population Growth & Food Rework)/in_game/common/building_types/zz_pp_armory.txt
  /home/jan/development/ProsperOrPerishConstructor/mod/Prosper or Perish (Population Growth & Food Rework)/main_menu/localization/english/pp_armory_l_english.yml
Written:
  /home/jan/development/ProsperOrPerishConstructor/mod/Prosper or Perish (Population Growth & Food Rework)/in_game/common/building_types/zz_pp_armory.txt

blueprint: barracks.yml

building blueprint render complete.
Planned:
  /home/jan/development/ProsperOrPerishConstructor/mod/Prosper or Perish (Population Growth & Food Rework)/in_game/common/building_types/zz_pp_barracks.txt
  /home/jan/development/ProsperOrPerishConstructor/mod/Prosper or Perish (Population Growth & Food Rework)/main_menu/localization/english/pp_barracks_l_english.yml
Written:
  /home/jan/development/ProsperOrPerishConstructor/mod/Prosper or Perish (Population Growth & Food Rework)/in_game/common/building_types/zz_pp_barracks.txt

blueprint: bog_iron_smelter.yml

building blueprint render complete.
Planned:
  /home/jan/development/ProsperOrPerishConstructor/mod/Prosper or Perish (Population Growth & Food Rework)/in_game/common/building_types/zz_pp_bog_iron_smelter.txt
  /home/jan/development/ProsperOrPerishConstructor/mod/Prosper or Perish (Population Growth & Food Rework)/main_menu/localization/english/pp_bog_iron_smelter_l_english.yml
  /home/jan/development/ProsperOrPerishConstructor/mod/Prosper or Perish (Population Growth & Food Rework)/in_game/gfx/interface/icons/buildings/bog_iron_smelter.dds
Written:
  /home/jan/development/ProsperOrPerishConstructor/mod/Prosper or Perish (Population Growth & Food Rework)/in_game/common/building_types/zz_pp_bog_iron_smelter.txt
Skipped assets:
  /home/jan/development/ProsperOrPerishConstructor/mod/Prosper or Perish (Population Growth & Food Rework)/in_game/gfx/interface/icons/buildings/bog_iron_smelter.dds

blueprint: bog_iron_smelter_blast_furnace.yml

building blueprint render complete.
Planned:
  /home/jan/development/ProsperOrPerishConstructor/mod/Prosper or Perish (Population Growth & Food Rework)/in_game/common/building_types/zz_pp_bog_iron_smelter_blast_furnace.txt
  /home/jan/development/ProsperOrPerishConstructor/mod/Prosper or Perish (Population Growth & Food Rework)/main_menu/localization/english/pp_bog_iron_smelter_blast_furnace_l_english.yml
  /home/jan/development/ProsperOrPerishConstructor/mod/Prosper or Perish (Population Growth & Food Rework)/in_game/gfx/interface/icons/buildings/bog_iron_smelter_blast_furnace.dds
Written:
  /home/jan/development/ProsperOrPerishConstructor/mod/Prosper or Perish (Population Growth & Food Rework)/in_game/common/building_types/zz_pp_bog_iron_smelter_blast_furnace.txt
Skipped assets:
  /home/jan/development/ProsperOrPerishConstructor/mod/Prosper or Perish (Population Growth & Food Rework)/in_game/gfx/interface/icons/buildings/bog_iron_smelter_blast_furnace.dds

blueprint: bog_iron_smelter_coke_blast_furnace.yml

building blueprint render complete.
Planned:
  /home/jan/development/ProsperOrPerishConstructor/mod/Prosper or Perish (Population Growth & Food Rework)/in_game/common/building_types/zz_pp_bog_iron_smelter_coke_blast_furnace.txt
  /home/jan/development/ProsperOrPerishConstructor/mod/Prosper or Perish (Population Growth & Food Rework)/main_menu/localization/english/pp_bog_iron_smelter_coke_blast_furnace_l_english.yml
  /home/jan/development/ProsperOrPerishConstructor/mod/Prosper or Perish (Population Growth & Food Rework)/in_game/gfx/interface/icons/buildings/bog_iron_smelter_coke_blast_furnace.dds
Written:
  /home/jan/development/ProsperOrPerishConstructor/mod/Prosper or Perish (Population Growth & Food Rework)/in_game/common/building_types/zz_pp_bog_iron_smelter_coke_blast_furnace.txt
Skipped assets:
  /home/jan/development/ProsperOrPerishConstructor/mod/Prosper or Perish (Population Growth & Food Rework)/in_game/gfx/interface/icons/buildings/bog_iron_smelter_coke_blast_furnace.dds

blueprint: bund.yml

building blueprint render complete.
Planned:
  /home/jan/development/ProsperOrPerishConstructor/mod/Prosper or Perish (Population Growth & Food Rework)/in_game/common/building_types/zz_pp_bund.txt
  /home/jan/development/ProsperOrPerishConstructor/mod/Prosper or Perish (Population Growth & Food Rework)/in_game/common/prices/pp_bund.txt
  /home/jan/development/ProsperOrPerishConstructor/mod/Prosper or Perish (Population Growth & Food Rework)/main_menu/localization/english/pp_bund_l_english.yml
Written:
  /home/jan/development/ProsperOrPerishConstructor/mod/Prosper or Perish (Population Growth & Food Rework)/in_game/common/building_types/zz_pp_bund.txt

blueprint: charcoal_maker.yml

building blueprint render complete.
Planned:
  /home/jan/development/ProsperOrPerishConstructor/mod/Prosper or Perish (Population Growth & Food Rework)/in_game/common/building_types/zz_pp_charcoal_maker.txt
  /home/jan/development/ProsperOrPerishConstructor/mod/Prosper or Perish (Population Growth & Food Rework)/main_menu/localization/english/pp_charcoal_maker_l_english.yml
Written:
  /home/jan/development/ProsperOrPerishConstructor/mod/Prosper or Perish (Population Growth & Food Rework)/in_game/common/building_types/zz_pp_charcoal_maker.txt

blueprint: chili_plantation.yml

building blueprint render complete.
Planned:
  /home/jan/development/ProsperOrPerishConstructor/mod/Prosper or Perish (Population Growth & Food Rework)/in_game/common/building_types/zz_pp_chili_plantation.txt
  /home/jan/development/ProsperOrPerishConstructor/mod/Prosper or Perish (Population Growth & Food Rework)/main_menu/localization/english/pp_chili_plantation_l_english.yml
  /home/jan/development/ProsperOrPerishConstructor/mod/Prosper or Perish (Population Growth & Food Rework)/in_game/gfx/interface/icons/buildings/chili_plantation.dds
Written:
  /home/jan/development/ProsperOrPerishConstructor/mod/Prosper or Perish (Population Growth & Food Rework)/in_game/common/building_types/zz_pp_chili_plantation.txt
Skipped assets:
  /home/jan/development/ProsperOrPerishConstructor/mod/Prosper or Perish (Population Growth & Food Rework)/in_game/gfx/interface/icons/buildings/chili_plantation.dds

blueprint: clay_pit.yml

building blueprint render complete.
Planned:
  /home/jan/development/ProsperOrPerishConstructor/mod/Prosper or Perish (Population Growth & Food Rework)/in_game/common/building_types/zz_pp_clay_pit.txt
  /home/jan/development/ProsperOrPerishConstructor/mod/Prosper or Perish (Population Growth & Food Rework)/main_menu/localization/english/pp_clay_pit_l_english.yml
Written:
  /home/jan/development/ProsperOrPerishConstructor/mod/Prosper or Perish (Population Growth & Food Rework)/in_game/common/building_types/zz_pp_clay_pit.txt

blueprint: clay_washmill.yml

building blueprint render complete.
Planned:
  /home/jan/development/ProsperOrPerishConstructor/mod/Prosper or Perish (Population Growth & Food Rework)/in_game/common/building_types/zz_pp_clay_washmill.txt
  /home/jan/development/ProsperOrPerishConstructor/mod/Prosper or Perish (Population Growth & Food Rework)/in_game/common/advances/pp_clay_washmill.txt
  /home/jan/development/ProsperOrPerishConstructor/mod/Prosper or Perish (Population Growth & Food Rework)/main_menu/localization/english/pp_clay_washmill_l_english.yml
  /home/jan/development/ProsperOrPerishConstructor/mod/Prosper or Perish (Population Growth & Food Rework)/in_game/gfx/interface/icons/buildings/clay_washmill.dds
Written:
  /home/jan/development/ProsperOrPerishConstructor/mod/Prosper or Perish (Population Growth & Food Rework)/in_game/common/building_types/zz_pp_clay_washmill.txt
Skipped assets:
  /home/jan/development/ProsperOrPerishConstructor/mod/Prosper or Perish (Population Growth & Food Rework)/in_game/gfx/interface/icons/buildings/clay_washmill.dds

blueprint: clove_grove.yml

building blueprint render complete.
Planned:
  /home/jan/development/ProsperOrPerishConstructor/mod/Prosper or Perish (Population Growth & Food Rework)/in_game/common/building_types/zz_pp_clove_grove.txt
  /home/jan/development/ProsperOrPerishConstructor/mod/Prosper or Perish (Population Growth & Food Rework)/main_menu/localization/english/pp_clove_grove_l_english.yml
  /home/jan/development/ProsperOrPerishConstructor/mod/Prosper or Perish (Population Growth & Food Rework)/in_game/gfx/interface/icons/buildings/clove_grove.dds
Written:
  /home/jan/development/ProsperOrPerishConstructor/mod/Prosper or Perish (Population Growth & Food Rework)/in_game/common/building_types/zz_pp_clove_grove.txt
Skipped assets:
  /home/jan/development/ProsperOrPerishConstructor/mod/Prosper or Perish (Population Growth & Food Rework)/in_game/gfx/interface/icons/buildings/clove_grove.dds

blueprint: cocoa_grove.yml

building blueprint render complete.
Planned:
  /home/jan/development/ProsperOrPerishConstructor/mod/Prosper or Perish (Population Growth & Food Rework)/in_game/common/building_types/zz_pp_cocoa_grove.txt
  /home/jan/development/ProsperOrPerishConstructor/mod/Prosper or Perish (Population Growth & Food Rework)/main_menu/localization/english/pp_cocoa_grove_l_english.yml
  /home/jan/development/ProsperOrPerishConstructor/mod/Prosper or Perish (Population Growth & Food Rework)/in_game/gfx/interface/icons/buildings/cocoa_grove.dds
Written:
  /home/jan/development/ProsperOrPerishConstructor/mod/Prosper or Perish (Population Growth & Food Rework)/in_game/common/building_types/zz_pp_cocoa_grove.txt
Skipped assets:
  /home/jan/development/ProsperOrPerishConstructor/mod/Prosper or Perish (Population Growth & Food Rework)/in_game/gfx/interface/icons/buildings/cocoa_grove.dds

blueprint: managed_cocoa_grove.yml

building blueprint render complete.
Planned:
  /home/jan/development/ProsperOrPerishConstructor/mod/Prosper or Perish (Population Growth & Food Rework)/in_game/common/building_types/zz_pp_managed_cocoa_grove.txt
  /home/jan/development/ProsperOrPerishConstructor/mod/Prosper or Perish (Population Growth & Food Rework)/in_game/common/advances/pp_managed_cocoa_grove.txt
  /home/jan/development/ProsperOrPerishConstructor/mod/Prosper or Perish (Population Growth & Food Rework)/main_menu/localization/english/pp_managed_cocoa_grove_l_english.yml
  /home/jan/development/ProsperOrPerishConstructor/mod/Prosper or Perish (Population Growth & Food Rework)/in_game/gfx/interface/icons/buildings/managed_cocoa_grove.dds
Written:
  /home/jan/development/ProsperOrPerishConstructor/mod/Prosper or Perish (Population Growth & Food Rework)/in_game/common/building_types/zz_pp_managed_cocoa_grove.txt
Skipped assets:
  /home/jan/development/ProsperOrPerishConstructor/mod/Prosper or Perish (Population Growth & Food Rework)/in_game/gfx/interface/icons/buildings/managed_cocoa_grove.dds

blueprint: coffee_grove.yml

building blueprint render complete.
Planned:
  /home/jan/development/ProsperOrPerishConstructor/mod/Prosper or Perish (Population Growth & Food Rework)/in_game/common/building_types/zz_pp_coffee_grove.txt
  /home/jan/development/ProsperOrPerishConstructor/mod/Prosper or Perish (Population Growth & Food Rework)/main_menu/localization/english/pp_coffee_grove_l_english.yml
  /home/jan/development/ProsperOrPerishConstructor/mod/Prosper or Perish (Population Growth & Food Rework)/in_game/gfx/interface/icons/buildings/coffee_grove.dds
Written:
  /home/jan/development/ProsperOrPerishConstructor/mod/Prosper or Perish (Population Growth & Food Rework)/in_game/common/building_types/zz_pp_coffee_grove.txt
Skipped assets:
  /home/jan/development/ProsperOrPerishConstructor/mod/Prosper or Perish (Population Growth & Food Rework)/in_game/gfx/interface/icons/buildings/coffee_grove.dds

blueprint: terraced_coffee_grove.yml

building blueprint render complete.
Planned:
  /home/jan/development/ProsperOrPerishConstructor/mod/Prosper or Perish (Population Growth & Food Rework)/in_game/common/building_types/zz_pp_terraced_coffee_grove.txt
  /home/jan/development/ProsperOrPerishConstructor/mod/Prosper or Perish (Population Growth & Food Rework)/in_game/common/advances/pp_terraced_coffee_grove.txt
  /home/jan/development/ProsperOrPerishConstructor/mod/Prosper or Perish (Population Growth & Food Rework)/main_menu/localization/english/pp_terraced_coffee_grove_l_english.yml
  /home/jan/development/ProsperOrPerishConstructor/mod/Prosper or Perish (Population Growth & Food Rework)/in_game/gfx/interface/icons/buildings/terraced_coffee_grove.dds
Written:
  /home/jan/development/ProsperOrPerishConstructor/mod/Prosper or Perish (Population Growth & Food Rework)/in_game/common/building_types/zz_pp_terraced_coffee_grove.txt
Skipped assets:
  /home/jan/development/ProsperOrPerishConstructor/mod/Prosper or Perish (Population Growth & Food Rework)/in_game/gfx/interface/icons/buildings/terraced_coffee_grove.dds

blueprint: conscription_center.yml

building blueprint render complete.
Planned:
  /home/jan/development/ProsperOrPerishConstructor/mod/Prosper or Perish (Population Growth & Food Rework)/in_game/common/building_types/zz_pp_conscription_center.txt
  /home/jan/development/ProsperOrPerishConstructor/mod/Prosper or Perish (Population Growth & Food Rework)/main_menu/localization/english/pp_conscription_center_l_english.yml
Written:
  /home/jan/development/ProsperOrPerishConstructor/mod/Prosper or Perish (Population Growth & Food Rework)/in_game/common/building_types/zz_pp_conscription_center.txt

blueprint: construction_center.yml

building blueprint render complete.
Planned:
  /home/jan/development/ProsperOrPerishConstructor/mod/Prosper or Perish (Population Growth & Food Rework)/in_game/common/building_types/zz_pp_construction_center.txt
Written:
  /home/jan/development/ProsperOrPerishConstructor/mod/Prosper or Perish (Population Growth & Food Rework)/in_game/common/building_types/zz_pp_construction_center.txt

blueprint: slave_labor_yard.yml

building blueprint render complete.
Planned:
  /home/jan/development/ProsperOrPerishConstructor/mod/Prosper or Perish (Population Growth & Food Rework)/in_game/common/building_types/zz_pp_slave_labor_yard.txt
  /home/jan/development/ProsperOrPerishConstructor/mod/Prosper or Perish (Population Growth & Food Rework)/in_game/common/prices/pp_slave_labor_yard.txt
  /home/jan/development/ProsperOrPerishConstructor/mod/Prosper or Perish (Population Growth & Food Rework)/main_menu/localization/english/pp_slave_labor_yard_l_english.yml
  /home/jan/development/ProsperOrPerishConstructor/mod/Prosper or Perish (Population Growth & Food Rework)/in_game/gfx/interface/icons/buildings/slave_labor_yard.dds
Written:
  /home/jan/development/ProsperOrPerishConstructor/mod/Prosper or Perish (Population Growth & Food Rework)/in_game/common/building_types/zz_pp_slave_labor_yard.txt
  /home/jan/development/ProsperOrPerishConstructor/mod/Prosper or Perish (Population Growth & Food Rework)/main_menu/localization/english/pp_slave_labor_yard_l_english.yml
Skipped assets:
  /home/jan/development/ProsperOrPerishConstructor/mod/Prosper or Perish (Population Growth & Food Rework)/in_game/gfx/interface/icons/buildings/slave_labor_yard.dds

blueprint: hired_labor_yard.yml

building blueprint render complete.
Planned:
  /home/jan/development/ProsperOrPerishConstructor/mod/Prosper or Perish (Population Growth & Food Rework)/in_game/common/building_types/zz_pp_hired_labor_yard.txt
  /home/jan/development/ProsperOrPerishConstructor/mod/Prosper or Perish (Population Growth & Food Rework)/in_game/common/prices/pp_hired_labor_yard.txt
  /home/jan/development/ProsperOrPerishConstructor/mod/Prosper or Perish (Population Growth & Food Rework)/main_menu/localization/english/pp_hired_labor_yard_l_english.yml
  /home/jan/development/ProsperOrPerishConstructor/mod/Prosper or Perish (Population Growth & Food Rework)/in_game/gfx/interface/icons/buildings/hired_labor_yard.dds
Written:
  /home/jan/development/ProsperOrPerishConstructor/mod/Prosper or Perish (Population Growth & Food Rework)/in_game/common/building_types/zz_pp_hired_labor_yard.txt
  /home/jan/development/ProsperOrPerishConstructor/mod/Prosper or Perish (Population Growth & Food Rework)/main_menu/localization/english/pp_hired_labor_yard_l_english.yml
Skipped assets:
  /home/jan/development/ProsperOrPerishConstructor/mod/Prosper or Perish (Population Growth & Food Rework)/in_game/gfx/interface/icons/buildings/hired_labor_yard.dds

blueprint: rural_daywork_yard.yml

building blueprint render complete.
Planned:
  /home/jan/development/ProsperOrPerishConstructor/mod/Prosper or Perish (Population Growth & Food Rework)/in_game/common/building_types/zz_pp_rural_daywork_yard.txt
  /home/jan/development/ProsperOrPerishConstructor/mod/Prosper or Perish (Population Growth & Food Rework)/in_game/common/prices/pp_rural_daywork_yard.txt
  /home/jan/development/ProsperOrPerishConstructor/mod/Prosper or Perish (Population Growth & Food Rework)/main_menu/localization/english/pp_rural_daywork_yard_l_english.yml
  /home/jan/development/ProsperOrPerishConstructor/mod/Prosper or Perish (Population Growth & Food Rework)/in_game/gfx/interface/icons/buildings/rural_daywork_yard.dds
Written:
  /home/jan/development/ProsperOrPerishConstructor/mod/Prosper or Perish (Population Growth & Food Rework)/in_game/common/building_types/zz_pp_rural_daywork_yard.txt
  /home/jan/development/ProsperOrPerishConstructor/mod/Prosper or Perish (Population Growth & Food Rework)/main_menu/localization/english/pp_rural_daywork_yard_l_english.yml
Skipped assets:
  /home/jan/development/ProsperOrPerishConstructor/mod/Prosper or Perish (Population Growth & Food Rework)/in_game/gfx/interface/icons/buildings/rural_daywork_yard.dds

blueprint: field_drainage.yml

building blueprint render complete.
Planned:
  /home/jan/development/ProsperOrPerishConstructor/mod/Prosper or Perish (Population Growth & Food Rework)/in_game/common/building_types/zz_pp_field_drainage.txt
  /home/jan/development/ProsperOrPerishConstructor/mod/Prosper or Perish (Population Growth & Food Rework)/in_game/common/prices/pp_field_drainage.txt
  /home/jan/development/ProsperOrPerishConstructor/mod/Prosper or Perish (Population Growth & Food Rework)/main_menu/localization/english/pp_field_drainage_l_english.yml
  /home/jan/development/ProsperOrPerishConstructor/mod/Prosper or Perish (Population Growth & Food Rework)/in_game/gfx/interface/icons/buildings/field_drainage.dds
Written:
  /home/jan/development/ProsperOrPerishConstructor/mod/Prosper or Perish (Population Growth & Food Rework)/in_game/common/building_types/zz_pp_field_drainage.txt
Skipped assets:
  /home/jan/development/ProsperOrPerishConstructor/mod/Prosper or Perish (Population Growth & Food Rework)/in_game/gfx/interface/icons/buildings/field_drainage.dds

blueprint: carrier_inn.yml

building blueprint render complete.
Planned:
  /home/jan/development/ProsperOrPerishConstructor/mod/Prosper or Perish (Population Growth & Food Rework)/in_game/common/building_types/zz_pp_carrier_inn.txt
  /home/jan/development/ProsperOrPerishConstructor/mod/Prosper or Perish (Population Growth & Food Rework)/in_game/common/production_methods/pp_carrier_inn.txt
  /home/jan/development/ProsperOrPerishConstructor/mod/Prosper or Perish (Population Growth & Food Rework)/main_menu/localization/english/pp_carrier_inn_l_english.yml
  /home/jan/development/ProsperOrPerishConstructor/mod/Prosper or Perish (Population Growth & Food Rework)/in_game/gfx/interface/icons/buildings/carrier_inn.dds
Written:
  /home/jan/development/ProsperOrPerishConstructor/mod/Prosper or Perish (Population Growth & Food Rework)/in_game/common/building_types/zz_pp_carrier_inn.txt
Skipped assets:
  /home/jan/development/ProsperOrPerishConstructor/mod/Prosper or Perish (Population Growth & Food Rework)/in_game/gfx/interface/icons/buildings/carrier_inn.dds

blueprint: coastal_shipping_office.yml

building blueprint render complete.
Planned:
  /home/jan/development/ProsperOrPerishConstructor/mod/Prosper or Perish (Population Growth & Food Rework)/in_game/common/building_types/zz_pp_coastal_shipping_office.txt
  /home/jan/development/ProsperOrPerishConstructor/mod/Prosper or Perish (Population Growth & Food Rework)/in_game/common/production_methods/pp_coastal_shipping_office.txt
  /home/jan/development/ProsperOrPerishConstructor/mod/Prosper or Perish (Population Growth & Food Rework)/main_menu/localization/english/pp_coastal_shipping_office_l_english.yml
  /home/jan/development/ProsperOrPerishConstructor/mod/Prosper or Perish (Population Growth & Food Rework)/in_game/gfx/interface/icons/buildings/coastal_shipping_office.dds
Written:
  /home/jan/development/ProsperOrPerishConstructor/mod/Prosper or Perish (Population Growth & Food Rework)/in_game/common/building_types/zz_pp_coastal_shipping_office.txt
Skipped assets:
  /home/jan/development/ProsperOrPerishConstructor/mod/Prosper or Perish (Population Growth & Food Rework)/in_game/gfx/interface/icons/buildings/coastal_shipping_office.dds

blueprint: road_wardens_yard.yml

building blueprint render complete.
Planned:
  /home/jan/development/ProsperOrPerishConstructor/mod/Prosper or Perish (Population Growth & Food Rework)/in_game/common/building_types/zz_pp_road_0_wardens_yard.txt
  /home/jan/development/ProsperOrPerishConstructor/mod/Prosper or Perish (Population Growth & Food Rework)/in_game/common/prices/pp_road_0_wardens_yard.txt
  /home/jan/development/ProsperOrPerishConstructor/mod/Prosper or Perish (Population Growth & Food Rework)/in_game/common/production_methods/pp_road_0_wardens_yard.txt
  /home/jan/development/ProsperOrPerishConstructor/mod/Prosper or Perish (Population Growth & Food Rework)/in_game/common/advances/pp_road_0_wardens_yard.txt
  /home/jan/development/ProsperOrPerishConstructor/mod/Prosper or Perish (Population Growth & Food Rework)/main_menu/localization/english/pp_road_0_wardens_yard_l_english.yml
  /home/jan/development/ProsperOrPerishConstructor/mod/Prosper or Perish (Population Growth & Food Rework)/in_game/gfx/interface/icons/buildings/road_wardens_yard.dds
Written:
  /home/jan/development/ProsperOrPerishConstructor/mod/Prosper or Perish (Population Growth & Food Rework)/in_game/common/building_types/zz_pp_road_0_wardens_yard.txt
Skipped assets:
  /home/jan/development/ProsperOrPerishConstructor/mod/Prosper or Perish (Population Growth & Food Rework)/in_game/gfx/interface/icons/buildings/road_wardens_yard.dds

blueprint: paviors_yard.yml

building blueprint render complete.
Planned:
  /home/jan/development/ProsperOrPerishConstructor/mod/Prosper or Perish (Population Growth & Food Rework)/in_game/common/building_types/zz_pp_road_1_paviors_yard.txt
  /home/jan/development/ProsperOrPerishConstructor/mod/Prosper or Perish (Population Growth & Food Rework)/in_game/common/prices/pp_road_1_paviors_yard.txt
  /home/jan/development/ProsperOrPerishConstructor/mod/Prosper or Perish (Population Growth & Food Rework)/in_game/common/production_methods/pp_road_1_paviors_yard.txt
  /home/jan/development/ProsperOrPerishConstructor/mod/Prosper or Perish (Population Growth & Food Rework)/in_game/common/advances/pp_road_1_paviors_yard.txt
  /home/jan/development/ProsperOrPerishConstructor/mod/Prosper or Perish (Population Growth & Food Rework)/main_menu/localization/english/pp_road_1_paviors_yard_l_english.yml
  /home/jan/development/ProsperOrPerishConstructor/mod/Prosper or Perish (Population Growth & Food Rework)/in_game/gfx/interface/icons/buildings/paviors_yard.dds
Written:
  /home/jan/development/ProsperOrPerishConstructor/mod/Prosper or Perish (Population Growth & Food Rework)/in_game/common/building_types/zz_pp_road_1_paviors_yard.txt
Skipped assets:
  /home/jan/development/ProsperOrPerishConstructor/mod/Prosper or Perish (Population Growth & Food Rework)/in_game/gfx/interface/icons/buildings/paviors_yard.dds

blueprint: macadam_works.yml

building blueprint render complete.
Planned:
  /home/jan/development/ProsperOrPerishConstructor/mod/Prosper or Perish (Population Growth & Food Rework)/in_game/common/building_types/zz_pp_road_2_macadam_works.txt
  /home/jan/development/ProsperOrPerishConstructor/mod/Prosper or Perish (Population Growth & Food Rework)/in_game/common/prices/pp_road_2_macadam_works.txt
  /home/jan/development/ProsperOrPerishConstructor/mod/Prosper or Perish (Population Growth & Food Rework)/in_game/common/production_methods/pp_road_2_macadam_works.txt
  /home/jan/development/ProsperOrPerishConstructor/mod/Prosper or Perish (Population Growth & Food Rework)/in_game/common/advances/pp_road_2_macadam_works.txt
  /home/jan/development/ProsperOrPerishConstructor/mod/Prosper or Perish (Population Growth & Food Rework)/main_menu/localization/english/pp_road_2_macadam_works_l_english.yml
  /home/jan/development/ProsperOrPerishConstructor/mod/Prosper or Perish (Population Growth & Food Rework)/in_game/gfx/interface/icons/buildings/macadam_works.dds
Written:
  /home/jan/development/ProsperOrPerishConstructor/mod/Prosper or Perish (Population Growth & Food Rework)/in_game/common/building_types/zz_pp_road_2_macadam_works.txt
Skipped assets:
  /home/jan/development/ProsperOrPerishConstructor/mod/Prosper or Perish (Population Growth & Food Rework)/in_game/gfx/interface/icons/buildings/macadam_works.dds

blueprint: permanent_way_depot.yml

building blueprint render complete.
Planned:
  /home/jan/development/ProsperOrPerishConstructor/mod/Prosper or Perish (Population Growth & Food Rework)/in_game/common/building_types/zz_pp_road_3_permanent_way_depot.txt
  /home/jan/development/ProsperOrPerishConstructor/mod/Prosper or Perish (Population Growth & Food Rework)/in_game/common/prices/pp_road_3_permanent_way_depot.txt
  /home/jan/development/ProsperOrPerishConstructor/mod/Prosper or Perish (Population Growth & Food Rework)/in_game/common/production_methods/pp_road_3_permanent_way_depot.txt
  /home/jan/development/ProsperOrPerishConstructor/mod/Prosper or Perish (Population Growth & Food Rework)/in_game/common/advances/pp_road_3_permanent_way_depot.txt
  /home/jan/development/ProsperOrPerishConstructor/mod/Prosper or Perish (Population Growth & Food Rework)/main_menu/localization/english/pp_road_3_permanent_way_depot_l_english.yml
  /home/jan/development/ProsperOrPerishConstructor/mod/Prosper or Perish (Population Growth & Food Rework)/in_game/gfx/interface/icons/buildings/permanent_way_depot.dds
Written:
  /home/jan/development/ProsperOrPerishConstructor/mod/Prosper or Perish (Population Growth & Food Rework)/in_game/common/building_types/zz_pp_road_3_permanent_way_depot.txt
Skipped assets:
  /home/jan/development/ProsperOrPerishConstructor/mod/Prosper or Perish (Population Growth & Food Rework)/in_game/gfx/interface/icons/buildings/permanent_way_depot.dds

blueprint: cookery.yml

building blueprint render complete.
Planned:
  /home/jan/development/ProsperOrPerishConstructor/mod/Prosper or Perish (Population Growth & Food Rework)/in_game/common/building_types/zz_pp_cookery.txt
  /home/jan/development/ProsperOrPerishConstructor/mod/Prosper or Perish (Population Growth & Food Rework)/in_game/common/advances/pp_cookery.txt
  /home/jan/development/ProsperOrPerishConstructor/mod/Prosper or Perish (Population Growth & Food Rework)/main_menu/localization/english/pp_cookery_l_english.yml
  /home/jan/development/ProsperOrPerishConstructor/mod/Prosper or Perish (Population Growth & Food Rework)/in_game/gfx/interface/icons/buildings/cookery.dds
Written:
  /home/jan/development/ProsperOrPerishConstructor/mod/Prosper or Perish (Population Growth & Food Rework)/in_game/common/building_types/zz_pp_cookery.txt
Skipped assets:
  /home/jan/development/ProsperOrPerishConstructor/mod/Prosper or Perish (Population Growth & Food Rework)/in_game/gfx/interface/icons/buildings/cookery.dds

blueprint: victualling_yard.yml

building blueprint render complete.
Planned:
  /home/jan/development/ProsperOrPerishConstructor/mod/Prosper or Perish (Population Growth & Food Rework)/in_game/common/building_types/zz_pp_victualling_yard.txt
  /home/jan/development/ProsperOrPerishConstructor/mod/Prosper or Perish (Population Growth & Food Rework)/in_game/common/advances/pp_victualling_yard.txt
  /home/jan/development/ProsperOrPerishConstructor/mod/Prosper or Perish (Population Growth & Food Rework)/main_menu/localization/english/pp_victualling_yard_l_english.yml
  /home/jan/development/ProsperOrPerishConstructor/mod/Prosper or Perish (Population Growth & Food Rework)/in_game/gfx/interface/icons/buildings/victualling_yard.dds
Written:
  /home/jan/development/ProsperOrPerishConstructor/mod/Prosper or Perish (Population Growth & Food Rework)/in_game/common/building_types/zz_pp_victualling_yard.txt
Skipped assets:
  /home/jan/development/ProsperOrPerishConstructor/mod/Prosper or Perish (Population Growth & Food Rework)/in_game/gfx/interface/icons/buildings/victualling_yard.dds

blueprint: cotton_plantation.yml

building blueprint render complete.
Planned:
  /home/jan/development/ProsperOrPerishConstructor/mod/Prosper or Perish (Population Growth & Food Rework)/in_game/common/building_types/zz_pp_cotton_plantation.txt
  /home/jan/development/ProsperOrPerishConstructor/mod/Prosper or Perish (Population Growth & Food Rework)/main_menu/localization/english/pp_cotton_plantation_l_english.yml
Written:
  /home/jan/development/ProsperOrPerishConstructor/mod/Prosper or Perish (Population Growth & Food Rework)/in_game/common/building_types/zz_pp_cotton_plantation.txt

blueprint: cotton_farm.yml

building blueprint render complete.
Planned:
  /home/jan/development/ProsperOrPerishConstructor/mod/Prosper or Perish (Population Growth & Food Rework)/in_game/common/building_types/zz_pp_cotton_farm.txt
  /home/jan/development/ProsperOrPerishConstructor/mod/Prosper or Perish (Population Growth & Food Rework)/main_menu/localization/english/pp_cotton_farm_l_english.yml
  /home/jan/development/ProsperOrPerishConstructor/mod/Prosper or Perish (Population Growth & Food Rework)/in_game/gfx/interface/icons/buildings/cotton_farm.dds
Written:
  /home/jan/development/ProsperOrPerishConstructor/mod/Prosper or Perish (Population Growth & Food Rework)/in_game/common/building_types/zz_pp_cotton_farm.txt
Skipped assets:
  /home/jan/development/ProsperOrPerishConstructor/mod/Prosper or Perish (Population Growth & Food Rework)/in_game/gfx/interface/icons/buildings/cotton_farm.dds

blueprint: market_cotton_farm.yml

building blueprint render complete.
Planned:
  /home/jan/development/ProsperOrPerishConstructor/mod/Prosper or Perish (Population Growth & Food Rework)/in_game/common/building_types/zz_pp_market_cotton_farm.txt
  /home/jan/development/ProsperOrPerishConstructor/mod/Prosper or Perish (Population Growth & Food Rework)/in_game/common/advances/pp_market_cotton_farm.txt
  /home/jan/development/ProsperOrPerishConstructor/mod/Prosper or Perish (Population Growth & Food Rework)/main_menu/localization/english/pp_market_cotton_farm_l_english.yml
  /home/jan/development/ProsperOrPerishConstructor/mod/Prosper or Perish (Population Growth & Food Rework)/in_game/gfx/interface/icons/buildings/market_cotton_farm.dds
Written:
  /home/jan/development/ProsperOrPerishConstructor/mod/Prosper or Perish (Population Growth & Food Rework)/in_game/common/building_types/zz_pp_market_cotton_farm.txt
Skipped assets:
  /home/jan/development/ProsperOrPerishConstructor/mod/Prosper or Perish (Population Growth & Food Rework)/in_game/gfx/interface/icons/buildings/market_cotton_farm.dds

blueprint: dye_plantation.yml

building blueprint render complete.
Planned:
  /home/jan/development/ProsperOrPerishConstructor/mod/Prosper or Perish (Population Growth & Food Rework)/in_game/common/building_types/zz_pp_dye_plantation.txt
  /home/jan/development/ProsperOrPerishConstructor/mod/Prosper or Perish (Population Growth & Food Rework)/main_menu/localization/english/pp_dye_plantation_l_english.yml
  /home/jan/development/ProsperOrPerishConstructor/mod/Prosper or Perish (Population Growth & Food Rework)/in_game/gfx/interface/icons/buildings/dye_plantation.dds
Written:
  /home/jan/development/ProsperOrPerishConstructor/mod/Prosper or Perish (Population Growth & Food Rework)/in_game/common/building_types/zz_pp_dye_plantation.txt
Skipped assets:
  /home/jan/development/ProsperOrPerishConstructor/mod/Prosper or Perish (Population Growth & Food Rework)/in_game/gfx/interface/icons/buildings/dye_plantation.dds

blueprint: dock.yml

building blueprint render complete.
Planned:
  /home/jan/development/ProsperOrPerishConstructor/mod/Prosper or Perish (Population Growth & Food Rework)/in_game/common/building_types/zz_pp_dock.txt
  /home/jan/development/ProsperOrPerishConstructor/mod/Prosper or Perish (Population Growth & Food Rework)/main_menu/localization/english/pp_dock_l_english.yml
Written:
  /home/jan/development/ProsperOrPerishConstructor/mod/Prosper or Perish (Population Growth & Food Rework)/in_game/common/building_types/zz_pp_dock.txt

blueprint: dry_dock.yml

building blueprint render complete.
Planned:
  /home/jan/development/ProsperOrPerishConstructor/mod/Prosper or Perish (Population Growth & Food Rework)/in_game/common/building_types/zz_pp_dry_dock.txt
  /home/jan/development/ProsperOrPerishConstructor/mod/Prosper or Perish (Population Growth & Food Rework)/main_menu/localization/english/pp_dry_dock_l_english.yml
Written:
  /home/jan/development/ProsperOrPerishConstructor/mod/Prosper or Perish (Population Growth & Food Rework)/in_game/common/building_types/zz_pp_dry_dock.txt

blueprint: elephant_kraal.yml

building blueprint render complete.
Planned:
  /home/jan/development/ProsperOrPerishConstructor/mod/Prosper or Perish (Population Growth & Food Rework)/in_game/common/building_types/zz_pp_elephant_kraal.txt
  /home/jan/development/ProsperOrPerishConstructor/mod/Prosper or Perish (Population Growth & Food Rework)/main_menu/localization/english/pp_elephant_kraal_l_english.yml
  /home/jan/development/ProsperOrPerishConstructor/mod/Prosper or Perish (Population Growth & Food Rework)/in_game/gfx/interface/icons/buildings/elephant_kraal.dds
Written:
  /home/jan/development/ProsperOrPerishConstructor/mod/Prosper or Perish (Population Growth & Food Rework)/in_game/common/building_types/zz_pp_elephant_kraal.txt
Skipped assets:
  /home/jan/development/ProsperOrPerishConstructor/mod/Prosper or Perish (Population Growth & Food Rework)/in_game/gfx/interface/icons/buildings/elephant_kraal.dds

blueprint: farming_village.yml

building blueprint render complete.
Planned:
  /home/jan/development/ProsperOrPerishConstructor/mod/Prosper or Perish (Population Growth & Food Rework)/in_game/common/building_types/zz_pp_farming_village.txt
  /home/jan/development/ProsperOrPerishConstructor/mod/Prosper or Perish (Population Growth & Food Rework)/in_game/common/advances/pp_farming_village.txt
  /home/jan/development/ProsperOrPerishConstructor/mod/Prosper or Perish (Population Growth & Food Rework)/main_menu/localization/english/pp_farming_village_l_english.yml
Written:
  /home/jan/development/ProsperOrPerishConstructor/mod/Prosper or Perish (Population Growth & Food Rework)/in_game/common/building_types/zz_pp_farming_village.txt

blueprint: husbandry_farmstead.yml

building blueprint render complete.
Planned:
  /home/jan/development/ProsperOrPerishConstructor/mod/Prosper or Perish (Population Growth & Food Rework)/in_game/common/building_types/zz_pp_farming_village_husbandry_farmstead.txt
  /home/jan/development/ProsperOrPerishConstructor/mod/Prosper or Perish (Population Growth & Food Rework)/in_game/common/advances/pp_farming_village_husbandry_farmstead.txt
  /home/jan/development/ProsperOrPerishConstructor/mod/Prosper or Perish (Population Growth & Food Rework)/main_menu/localization/english/pp_farming_village_husbandry_farmstead_l_english.yml
  /home/jan/development/ProsperOrPerishConstructor/mod/Prosper or Perish (Population Growth & Food Rework)/in_game/gfx/interface/icons/buildings/husbandry_farmstead.dds
Written:
  /home/jan/development/ProsperOrPerishConstructor/mod/Prosper or Perish (Population Growth & Food Rework)/in_game/common/building_types/zz_pp_farming_village_husbandry_farmstead.txt
Skipped assets:
  /home/jan/development/ProsperOrPerishConstructor/mod/Prosper or Perish (Population Growth & Food Rework)/in_game/gfx/interface/icons/buildings/husbandry_farmstead.dds

blueprint: farming_village_rotations.yml

building blueprint render complete.
Planned:
  /home/jan/development/ProsperOrPerishConstructor/mod/Prosper or Perish (Population Growth & Food Rework)/in_game/common/building_types/zz_pp_farming_village_rotations.txt
  /home/jan/development/ProsperOrPerishConstructor/mod/Prosper or Perish (Population Growth & Food Rework)/in_game/common/advances/pp_farming_village_rotations.txt
  /home/jan/development/ProsperOrPerishConstructor/mod/Prosper or Perish (Population Growth & Food Rework)/main_menu/localization/english/pp_farming_village_rotations_l_english.yml
  /home/jan/development/ProsperOrPerishConstructor/mod/Prosper or Perish (Population Growth & Food Rework)/in_game/gfx/interface/icons/buildings/farming_village_rotations.dds
Written:
  /home/jan/development/ProsperOrPerishConstructor/mod/Prosper or Perish (Population Growth & Food Rework)/in_game/common/building_types/zz_pp_farming_village_rotations.txt
Skipped assets:
  /home/jan/development/ProsperOrPerishConstructor/mod/Prosper or Perish (Population Growth & Food Rework)/in_game/gfx/interface/icons/buildings/farming_village_rotations.dds

blueprint: model_farm.yml

building blueprint render complete.
Planned:
  /home/jan/development/ProsperOrPerishConstructor/mod/Prosper or Perish (Population Growth & Food Rework)/in_game/common/building_types/zz_pp_model_farm.txt
  /home/jan/development/ProsperOrPerishConstructor/mod/Prosper or Perish (Population Growth & Food Rework)/in_game/common/advances/pp_model_farm.txt
  /home/jan/development/ProsperOrPerishConstructor/mod/Prosper or Perish (Population Growth & Food Rework)/main_menu/localization/english/pp_model_farm_l_english.yml
  /home/jan/development/ProsperOrPerishConstructor/mod/Prosper or Perish (Population Growth & Food Rework)/in_game/gfx/interface/icons/buildings/model_farm.dds
Written:
  /home/jan/development/ProsperOrPerishConstructor/mod/Prosper or Perish (Population Growth & Food Rework)/in_game/common/building_types/zz_pp_model_farm.txt
Skipped assets:
  /home/jan/development/ProsperOrPerishConstructor/mod/Prosper or Perish (Population Growth & Food Rework)/in_game/gfx/interface/icons/buildings/model_farm.dds

blueprint: fiber_crops_farm.yml

building blueprint render complete.
Planned:
  /home/jan/development/ProsperOrPerishConstructor/mod/Prosper or Perish (Population Growth & Food Rework)/in_game/common/building_types/zz_pp_fiber_crops_farm.txt
  /home/jan/development/ProsperOrPerishConstructor/mod/Prosper or Perish (Population Growth & Food Rework)/main_menu/localization/english/pp_fiber_crops_farm_l_english.yml
Written:
  /home/jan/development/ProsperOrPerishConstructor/mod/Prosper or Perish (Population Growth & Food Rework)/in_game/common/building_types/zz_pp_fiber_crops_farm.txt

blueprint: fiber_dressing_yard.yml

building blueprint render complete.
Planned:
  /home/jan/development/ProsperOrPerishConstructor/mod/Prosper or Perish (Population Growth & Food Rework)/in_game/common/building_types/zz_pp_fiber_dressing_yard.txt
  /home/jan/development/ProsperOrPerishConstructor/mod/Prosper or Perish (Population Growth & Food Rework)/in_game/common/advances/pp_fiber_dressing_yard.txt
  /home/jan/development/ProsperOrPerishConstructor/mod/Prosper or Perish (Population Growth & Food Rework)/main_menu/localization/english/pp_fiber_dressing_yard_l_english.yml
  /home/jan/development/ProsperOrPerishConstructor/mod/Prosper or Perish (Population Growth & Food Rework)/in_game/gfx/interface/icons/buildings/fiber_dressing_yard.dds
Written:
  /home/jan/development/ProsperOrPerishConstructor/mod/Prosper or Perish (Population Growth & Food Rework)/in_game/common/building_types/zz_pp_fiber_dressing_yard.txt
Skipped assets:
  /home/jan/development/ProsperOrPerishConstructor/mod/Prosper or Perish (Population Growth & Food Rework)/in_game/gfx/interface/icons/buildings/fiber_dressing_yard.dds

blueprint: fishing_village.yml

building blueprint render complete.
Planned:
  /home/jan/development/ProsperOrPerishConstructor/mod/Prosper or Perish (Population Growth & Food Rework)/in_game/common/building_types/zz_pp_fishing_village.txt
  /home/jan/development/ProsperOrPerishConstructor/mod/Prosper or Perish (Population Growth & Food Rework)/in_game/common/advances/pp_fishing_village.txt
  /home/jan/development/ProsperOrPerishConstructor/mod/Prosper or Perish (Population Growth & Food Rework)/main_menu/localization/english/pp_fishing_village_l_english.yml
Written:
  /home/jan/development/ProsperOrPerishConstructor/mod/Prosper or Perish (Population Growth & Food Rework)/in_game/common/building_types/zz_pp_fishing_village.txt

blueprint: net_curing_yard.yml

building blueprint render complete.
Planned:
  /home/jan/development/ProsperOrPerishConstructor/mod/Prosper or Perish (Population Growth & Food Rework)/in_game/common/building_types/zz_pp_net_curing_yard.txt
  /home/jan/development/ProsperOrPerishConstructor/mod/Prosper or Perish (Population Growth & Food Rework)/in_game/common/advances/pp_net_curing_yard.txt
  /home/jan/development/ProsperOrPerishConstructor/mod/Prosper or Perish (Population Growth & Food Rework)/main_menu/localization/english/pp_net_curing_yard_l_english.yml
  /home/jan/development/ProsperOrPerishConstructor/mod/Prosper or Perish (Population Growth & Food Rework)/in_game/gfx/interface/icons/buildings/net_curing_yard.dds
Written:
  /home/jan/development/ProsperOrPerishConstructor/mod/Prosper or Perish (Population Growth & Food Rework)/in_game/common/building_types/zz_pp_net_curing_yard.txt
Skipped assets:
  /home/jan/development/ProsperOrPerishConstructor/mod/Prosper or Perish (Population Growth & Food Rework)/in_game/gfx/interface/icons/buildings/net_curing_yard.dds

blueprint: forest_village.yml

building blueprint render complete.
Planned:
  /home/jan/development/ProsperOrPerishConstructor/mod/Prosper or Perish (Population Growth & Food Rework)/in_game/common/building_types/zz_pp_forest_village.txt
  /home/jan/development/ProsperOrPerishConstructor/mod/Prosper or Perish (Population Growth & Food Rework)/in_game/common/advances/pp_forest_village.txt
  /home/jan/development/ProsperOrPerishConstructor/mod/Prosper or Perish (Population Growth & Food Rework)/main_menu/localization/english/pp_forest_village_l_english.yml
Written:
  /home/jan/development/ProsperOrPerishConstructor/mod/Prosper or Perish (Population Growth & Food Rework)/in_game/common/building_types/zz_pp_forest_village.txt

blueprint: managed_forest_village.yml

building blueprint render complete.
Planned:
  /home/jan/development/ProsperOrPerishConstructor/mod/Prosper or Perish (Population Growth & Food Rework)/in_game/common/building_types/zz_pp_managed_forest_village.txt
  /home/jan/development/ProsperOrPerishConstructor/mod/Prosper or Perish (Population Growth & Food Rework)/in_game/common/advances/pp_managed_forest_village.txt
  /home/jan/development/ProsperOrPerishConstructor/mod/Prosper or Perish (Population Growth & Food Rework)/main_menu/localization/english/pp_managed_forest_village_l_english.yml
  /home/jan/development/ProsperOrPerishConstructor/mod/Prosper or Perish (Population Growth & Food Rework)/in_game/gfx/interface/icons/buildings/managed_forest_village.dds
Written:
  /home/jan/development/ProsperOrPerishConstructor/mod/Prosper or Perish (Population Growth & Food Rework)/in_game/common/building_types/zz_pp_managed_forest_village.txt
Skipped assets:
  /home/jan/development/ProsperOrPerishConstructor/mod/Prosper or Perish (Population Growth & Food Rework)/in_game/gfx/interface/icons/buildings/managed_forest_village.dds

blueprint: market_village_market_access.yml

building blueprint render complete.
Planned:
  /home/jan/development/ProsperOrPerishConstructor/mod/Prosper or Perish (Population Growth & Food Rework)/in_game/common/building_types/zz_pp_market_village_market_access.txt
  /home/jan/development/ProsperOrPerishConstructor/mod/Prosper or Perish (Population Growth & Food Rework)/main_menu/localization/english/pp_market_village_market_access_l_english.yml
Written:
  /home/jan/development/ProsperOrPerishConstructor/mod/Prosper or Perish (Population Growth & Food Rework)/in_game/common/building_types/zz_pp_market_village_market_access.txt

blueprint: fruit_orchard.yml

building blueprint render complete.
Planned:
  /home/jan/development/ProsperOrPerishConstructor/mod/Prosper or Perish (Population Growth & Food Rework)/in_game/common/building_types/zz_pp_fruit_orchard.txt
  /home/jan/development/ProsperOrPerishConstructor/mod/Prosper or Perish (Population Growth & Food Rework)/main_menu/localization/english/pp_fruit_orchard_l_english.yml
Written:
  /home/jan/development/ProsperOrPerishConstructor/mod/Prosper or Perish (Population Growth & Food Rework)/in_game/common/building_types/zz_pp_fruit_orchard.txt

blueprint: nursery_orchard.yml

building blueprint render complete.
Planned:
  /home/jan/development/ProsperOrPerishConstructor/mod/Prosper or Perish (Population Growth & Food Rework)/in_game/common/building_types/zz_pp_nursery_orchard.txt
  /home/jan/development/ProsperOrPerishConstructor/mod/Prosper or Perish (Population Growth & Food Rework)/in_game/common/advances/pp_nursery_orchard.txt
  /home/jan/development/ProsperOrPerishConstructor/mod/Prosper or Perish (Population Growth & Food Rework)/main_menu/localization/english/pp_nursery_orchard_l_english.yml
  /home/jan/development/ProsperOrPerishConstructor/mod/Prosper or Perish (Population Growth & Food Rework)/in_game/gfx/interface/icons/buildings/nursery_orchard.dds
Written:
  /home/jan/development/ProsperOrPerishConstructor/mod/Prosper or Perish (Population Growth & Food Rework)/in_game/common/building_types/zz_pp_nursery_orchard.txt
Skipped assets:
  /home/jan/development/ProsperOrPerishConstructor/mod/Prosper or Perish (Population Growth & Food Rework)/in_game/gfx/interface/icons/buildings/nursery_orchard.dds

blueprint: pomological_orchard.yml

building blueprint render complete.
Planned:
  /home/jan/development/ProsperOrPerishConstructor/mod/Prosper or Perish (Population Growth & Food Rework)/in_game/common/building_types/zz_pp_pomological_orchard.txt
  /home/jan/development/ProsperOrPerishConstructor/mod/Prosper or Perish (Population Growth & Food Rework)/in_game/common/advances/pp_pomological_orchard.txt
  /home/jan/development/ProsperOrPerishConstructor/mod/Prosper or Perish (Population Growth & Food Rework)/main_menu/localization/english/pp_pomological_orchard_l_english.yml
  /home/jan/development/ProsperOrPerishConstructor/mod/Prosper or Perish (Population Growth & Food Rework)/in_game/gfx/interface/icons/buildings/pomological_orchard.dds
Written:
  /home/jan/development/ProsperOrPerishConstructor/mod/Prosper or Perish (Population Growth & Food Rework)/in_game/common/building_types/zz_pp_pomological_orchard.txt
Skipped assets:
  /home/jan/development/ProsperOrPerishConstructor/mod/Prosper or Perish (Population Growth & Food Rework)/in_game/gfx/interface/icons/buildings/pomological_orchard.dds

blueprint: granary.yml

building blueprint render complete.
Planned:
  /home/jan/development/ProsperOrPerishConstructor/mod/Prosper or Perish (Population Growth & Food Rework)/in_game/common/building_types/zz_pp_granary.txt
Written:
  /home/jan/development/ProsperOrPerishConstructor/mod/Prosper or Perish (Population Growth & Food Rework)/in_game/common/building_types/zz_pp_granary.txt

blueprint: grain_house.yml

building blueprint render complete.
Planned:
  /home/jan/development/ProsperOrPerishConstructor/mod/Prosper or Perish (Population Growth & Food Rework)/in_game/common/building_types/zz_pp_grain_house.txt
  /home/jan/development/ProsperOrPerishConstructor/mod/Prosper or Perish (Population Growth & Food Rework)/main_menu/localization/english/pp_grain_house_l_english.yml
Written:
  /home/jan/development/ProsperOrPerishConstructor/mod/Prosper or Perish (Population Growth & Food Rework)/in_game/common/building_types/zz_pp_grain_house.txt

blueprint: grand_shipyard.yml

building blueprint render complete.
Planned:
  /home/jan/development/ProsperOrPerishConstructor/mod/Prosper or Perish (Population Growth & Food Rework)/in_game/common/building_types/zz_pp_grand_shipyard.txt
  /home/jan/development/ProsperOrPerishConstructor/mod/Prosper or Perish (Population Growth & Food Rework)/main_menu/localization/english/pp_grand_shipyard_l_english.yml
Written:
  /home/jan/development/ProsperOrPerishConstructor/mod/Prosper or Perish (Population Growth & Food Rework)/in_game/common/building_types/zz_pp_grand_shipyard.txt

blueprint: horse_breeders.yml

building blueprint render complete.
Planned:
  /home/jan/development/ProsperOrPerishConstructor/mod/Prosper or Perish (Population Growth & Food Rework)/in_game/common/building_types/zz_pp_horse_breeders.txt
  /home/jan/development/ProsperOrPerishConstructor/mod/Prosper or Perish (Population Growth & Food Rework)/in_game/common/advances/pp_horse_breeders.txt
  /home/jan/development/ProsperOrPerishConstructor/mod/Prosper or Perish (Population Growth & Food Rework)/main_menu/localization/english/pp_horse_breeders_l_english.yml
Written:
  /home/jan/development/ProsperOrPerishConstructor/mod/Prosper or Perish (Population Growth & Food Rework)/in_game/common/building_types/zz_pp_horse_breeders.txt

blueprint: stud_farm.yml

building blueprint render complete.
Planned:
  /home/jan/development/ProsperOrPerishConstructor/mod/Prosper or Perish (Population Growth & Food Rework)/in_game/common/building_types/zz_pp_stud_farm.txt
  /home/jan/development/ProsperOrPerishConstructor/mod/Prosper or Perish (Population Growth & Food Rework)/in_game/common/advances/pp_stud_farm.txt
  /home/jan/development/ProsperOrPerishConstructor/mod/Prosper or Perish (Population Growth & Food Rework)/main_menu/localization/english/pp_stud_farm_l_english.yml
  /home/jan/development/ProsperOrPerishConstructor/mod/Prosper or Perish (Population Growth & Food Rework)/in_game/gfx/interface/icons/buildings/stud_farm.dds
Written:
  /home/jan/development/ProsperOrPerishConstructor/mod/Prosper or Perish (Population Growth & Food Rework)/in_game/common/building_types/zz_pp_stud_farm.txt
Skipped assets:
  /home/jan/development/ProsperOrPerishConstructor/mod/Prosper or Perish (Population Growth & Food Rework)/in_game/gfx/interface/icons/buildings/stud_farm.dds

blueprint: improved_charcoal_maker.yml

building blueprint render complete.
Planned:
  /home/jan/development/ProsperOrPerishConstructor/mod/Prosper or Perish (Population Growth & Food Rework)/in_game/common/building_types/zz_pp_improved_charcoal_maker.txt
  /home/jan/development/ProsperOrPerishConstructor/mod/Prosper or Perish (Population Growth & Food Rework)/main_menu/localization/english/pp_improved_charcoal_maker_l_english.yml
Written:
  /home/jan/development/ProsperOrPerishConstructor/mod/Prosper or Perish (Population Growth & Food Rework)/in_game/common/building_types/zz_pp_improved_charcoal_maker.txt

blueprint: incense_grove.yml

building blueprint render complete.
Planned:
  /home/jan/development/ProsperOrPerishConstructor/mod/Prosper or Perish (Population Growth & Food Rework)/in_game/common/building_types/zz_pp_incense_grove.txt
  /home/jan/development/ProsperOrPerishConstructor/mod/Prosper or Perish (Population Growth & Food Rework)/main_menu/localization/english/pp_incense_grove_l_english.yml
  /home/jan/development/ProsperOrPerishConstructor/mod/Prosper or Perish (Population Growth & Food Rework)/in_game/gfx/interface/icons/buildings/incense_grove.dds
Written:
  /home/jan/development/ProsperOrPerishConstructor/mod/Prosper or Perish (Population Growth & Food Rework)/in_game/common/building_types/zz_pp_incense_grove.txt
Skipped assets:
  /home/jan/development/ProsperOrPerishConstructor/mod/Prosper or Perish (Population Growth & Food Rework)/in_game/gfx/interface/icons/buildings/incense_grove.dds

blueprint: incamisana.yml

building blueprint render complete.
Planned:
  /home/jan/development/ProsperOrPerishConstructor/mod/Prosper or Perish (Population Growth & Food Rework)/in_game/common/building_types/zz_pp_incamisana.txt
  /home/jan/development/ProsperOrPerishConstructor/mod/Prosper or Perish (Population Growth & Food Rework)/in_game/common/prices/pp_incamisana.txt
  /home/jan/development/ProsperOrPerishConstructor/mod/Prosper or Perish (Population Growth & Food Rework)/main_menu/localization/english/pp_incamisana_l_english.yml
Written:
  /home/jan/development/ProsperOrPerishConstructor/mod/Prosper or Perish (Population Growth & Food Rework)/in_game/common/building_types/zz_pp_incamisana.txt

blueprint: irrigated_fields.yml

building blueprint render complete.
Planned:
  /home/jan/development/ProsperOrPerishConstructor/mod/Prosper or Perish (Population Growth & Food Rework)/in_game/common/building_types/zz_pp_irrigated_fields.txt
  /home/jan/development/ProsperOrPerishConstructor/mod/Prosper or Perish (Population Growth & Food Rework)/in_game/common/prices/pp_irrigated_fields.txt
  /home/jan/development/ProsperOrPerishConstructor/mod/Prosper or Perish (Population Growth & Food Rework)/main_menu/localization/english/pp_irrigated_fields_l_english.yml
  /home/jan/development/ProsperOrPerishConstructor/mod/Prosper or Perish (Population Growth & Food Rework)/in_game/gfx/interface/icons/buildings/irrigated_fields.dds
Written:
  /home/jan/development/ProsperOrPerishConstructor/mod/Prosper or Perish (Population Growth & Food Rework)/in_game/common/building_types/zz_pp_irrigated_fields.txt
Skipped assets:
  /home/jan/development/ProsperOrPerishConstructor/mod/Prosper or Perish (Population Growth & Food Rework)/in_game/gfx/interface/icons/buildings/irrigated_fields.dds

blueprint: irrigation_systems.yml

building blueprint render complete.
Planned:
  /home/jan/development/ProsperOrPerishConstructor/mod/Prosper or Perish (Population Growth & Food Rework)/in_game/common/building_types/zz_pp_irrigation_systems.txt
  /home/jan/development/ProsperOrPerishConstructor/mod/Prosper or Perish (Population Growth & Food Rework)/in_game/common/prices/pp_irrigation_systems.txt
  /home/jan/development/ProsperOrPerishConstructor/mod/Prosper or Perish (Population Growth & Food Rework)/main_menu/localization/english/pp_irrigation_systems_l_english.yml
Written:
  /home/jan/development/ProsperOrPerishConstructor/mod/Prosper or Perish (Population Growth & Food Rework)/in_game/common/building_types/zz_pp_irrigation_systems.txt

blueprint: irrigation_reservoirs.yml

building blueprint render complete.
Planned:
  /home/jan/development/ProsperOrPerishConstructor/mod/Prosper or Perish (Population Growth & Food Rework)/in_game/common/building_types/zz_pp_irrigation_reservoirs.txt
  /home/jan/development/ProsperOrPerishConstructor/mod/Prosper or Perish (Population Growth & Food Rework)/in_game/common/prices/pp_irrigation_reservoirs.txt
  /home/jan/development/ProsperOrPerishConstructor/mod/Prosper or Perish (Population Growth & Food Rework)/main_menu/localization/english/pp_irrigation_reservoirs_l_english.yml
  /home/jan/development/ProsperOrPerishConstructor/mod/Prosper or Perish (Population Growth & Food Rework)/in_game/gfx/interface/icons/buildings/irrigation_reservoirs.dds
Written:
  /home/jan/development/ProsperOrPerishConstructor/mod/Prosper or Perish (Population Growth & Food Rework)/in_game/common/building_types/zz_pp_irrigation_reservoirs.txt
Skipped assets:
  /home/jan/development/ProsperOrPerishConstructor/mod/Prosper or Perish (Population Growth & Food Rework)/in_game/gfx/interface/icons/buildings/irrigation_reservoirs.dds

blueprint: ivory_hunting_camp.yml

building blueprint render complete.
Planned:
  /home/jan/development/ProsperOrPerishConstructor/mod/Prosper or Perish (Population Growth & Food Rework)/in_game/common/building_types/zz_pp_ivory_hunting_camp.txt
  /home/jan/development/ProsperOrPerishConstructor/mod/Prosper or Perish (Population Growth & Food Rework)/main_menu/localization/english/pp_ivory_hunting_camp_l_english.yml
  /home/jan/development/ProsperOrPerishConstructor/mod/Prosper or Perish (Population Growth & Food Rework)/in_game/gfx/interface/icons/buildings/ivory_hunting_camp.dds
Written:
  /home/jan/development/ProsperOrPerishConstructor/mod/Prosper or Perish (Population Growth & Food Rework)/in_game/common/building_types/zz_pp_ivory_hunting_camp.txt
Skipped assets:
  /home/jan/development/ProsperOrPerishConstructor/mod/Prosper or Perish (Population Growth & Food Rework)/in_game/gfx/interface/icons/buildings/ivory_hunting_camp.dds

blueprint: khmer_baray.yml

building blueprint render complete.
Planned:
  /home/jan/development/ProsperOrPerishConstructor/mod/Prosper or Perish (Population Growth & Food Rework)/in_game/common/building_types/zz_pp_khmer_baray.txt
  /home/jan/development/ProsperOrPerishConstructor/mod/Prosper or Perish (Population Growth & Food Rework)/in_game/common/prices/pp_khmer_baray.txt
  /home/jan/development/ProsperOrPerishConstructor/mod/Prosper or Perish (Population Growth & Food Rework)/main_menu/localization/english/pp_khmer_baray_l_english.yml
Written:
  /home/jan/development/ProsperOrPerishConstructor/mod/Prosper or Perish (Population Growth & Food Rework)/in_game/common/building_types/zz_pp_khmer_baray.txt

blueprint: land_clearance.yml

building blueprint render complete.
Planned:
  /home/jan/development/ProsperOrPerishConstructor/mod/Prosper or Perish (Population Growth & Food Rework)/in_game/common/building_types/zz_pp_land_clearance.txt
  /home/jan/development/ProsperOrPerishConstructor/mod/Prosper or Perish (Population Growth & Food Rework)/in_game/common/prices/pp_land_clearance.txt
  /home/jan/development/ProsperOrPerishConstructor/mod/Prosper or Perish (Population Growth & Food Rework)/main_menu/localization/english/pp_land_clearance_l_english.yml
  /home/jan/development/ProsperOrPerishConstructor/mod/Prosper or Perish (Population Growth & Food Rework)/in_game/gfx/interface/icons/buildings/land_clearance.dds
Written:
  /home/jan/development/ProsperOrPerishConstructor/mod/Prosper or Perish (Population Growth & Food Rework)/in_game/common/building_types/zz_pp_land_clearance.txt
Skipped assets:
  /home/jan/development/ProsperOrPerishConstructor/mod/Prosper or Perish (Population Growth & Food Rework)/in_game/gfx/interface/icons/buildings/land_clearance.dds

blueprint: local_smelters.yml

building blueprint render complete.
Planned:
  /home/jan/development/ProsperOrPerishConstructor/mod/Prosper or Perish (Population Growth & Food Rework)/in_game/common/building_types/zz_pp_local_smelters.txt
Written:
  /home/jan/development/ProsperOrPerishConstructor/mod/Prosper or Perish (Population Growth & Food Rework)/in_game/common/building_types/zz_pp_local_smelters.txt

blueprint: lumber_mill.yml

building blueprint render complete.
Planned:
  /home/jan/development/ProsperOrPerishConstructor/mod/Prosper or Perish (Population Growth & Food Rework)/in_game/common/building_types/zz_pp_lumber_mill.txt
  /home/jan/development/ProsperOrPerishConstructor/mod/Prosper or Perish (Population Growth & Food Rework)/in_game/common/advances/pp_lumber_mill.txt
  /home/jan/development/ProsperOrPerishConstructor/mod/Prosper or Perish (Population Growth & Food Rework)/main_menu/localization/english/pp_lumber_mill_l_english.yml
Written:
  /home/jan/development/ProsperOrPerishConstructor/mod/Prosper or Perish (Population Growth & Food Rework)/in_game/common/building_types/zz_pp_lumber_mill.txt

blueprint: water_sawmill.yml

building blueprint render complete.
Planned:
  /home/jan/development/ProsperOrPerishConstructor/mod/Prosper or Perish (Population Growth & Food Rework)/in_game/common/building_types/zz_pp_lumber_mill_hydraulic_sawmill.txt
  /home/jan/development/ProsperOrPerishConstructor/mod/Prosper or Perish (Population Growth & Food Rework)/in_game/common/advances/pp_lumber_mill_hydraulic_sawmill.txt
  /home/jan/development/ProsperOrPerishConstructor/mod/Prosper or Perish (Population Growth & Food Rework)/main_menu/localization/english/pp_lumber_mill_hydraulic_sawmill_l_english.yml
  /home/jan/development/ProsperOrPerishConstructor/mod/Prosper or Perish (Population Growth & Food Rework)/in_game/gfx/interface/icons/buildings/water_sawmill.dds
Written:
  /home/jan/development/ProsperOrPerishConstructor/mod/Prosper or Perish (Population Growth & Food Rework)/in_game/common/building_types/zz_pp_lumber_mill_hydraulic_sawmill.txt
Skipped assets:
  /home/jan/development/ProsperOrPerishConstructor/mod/Prosper or Perish (Population Growth & Food Rework)/in_game/gfx/interface/icons/buildings/water_sawmill.dds

blueprint: lumber_mill_improved.yml

building blueprint render complete.
Planned:
  /home/jan/development/ProsperOrPerishConstructor/mod/Prosper or Perish (Population Growth & Food Rework)/in_game/common/building_types/zz_pp_lumber_mill_improved.txt
  /home/jan/development/ProsperOrPerishConstructor/mod/Prosper or Perish (Population Growth & Food Rework)/in_game/common/advances/pp_lumber_mill_improved.txt
  /home/jan/development/ProsperOrPerishConstructor/mod/Prosper or Perish (Population Growth & Food Rework)/main_menu/localization/english/pp_lumber_mill_improved_l_english.yml
  /home/jan/development/ProsperOrPerishConstructor/mod/Prosper or Perish (Population Growth & Food Rework)/in_game/gfx/interface/icons/buildings/lumber_mill_improved.dds
Written:
  /home/jan/development/ProsperOrPerishConstructor/mod/Prosper or Perish (Population Growth & Food Rework)/in_game/common/building_types/zz_pp_lumber_mill_improved.txt
Skipped assets:
  /home/jan/development/ProsperOrPerishConstructor/mod/Prosper or Perish (Population Growth & Food Rework)/in_game/gfx/interface/icons/buildings/lumber_mill_improved.dds

blueprint: coal_mine.yml

building blueprint render complete.
Planned:
  /home/jan/development/ProsperOrPerishConstructor/mod/Prosper or Perish (Population Growth & Food Rework)/in_game/common/building_types/zz_pp_coal_mine.txt
  /home/jan/development/ProsperOrPerishConstructor/mod/Prosper or Perish (Population Growth & Food Rework)/main_menu/localization/english/pp_coal_mine_l_english.yml
  /home/jan/development/ProsperOrPerishConstructor/mod/Prosper or Perish (Population Growth & Food Rework)/in_game/gfx/interface/icons/buildings/coal_mine.dds
Written:
  /home/jan/development/ProsperOrPerishConstructor/mod/Prosper or Perish (Population Growth & Food Rework)/in_game/common/building_types/zz_pp_coal_mine.txt
Skipped assets:
  /home/jan/development/ProsperOrPerishConstructor/mod/Prosper or Perish (Population Growth & Food Rework)/in_game/gfx/interface/icons/buildings/coal_mine.dds

blueprint: coal_mine_improved.yml

building blueprint render complete.
Planned:
  /home/jan/development/ProsperOrPerishConstructor/mod/Prosper or Perish (Population Growth & Food Rework)/in_game/common/building_types/zz_pp_coal_mine_improved.txt
  /home/jan/development/ProsperOrPerishConstructor/mod/Prosper or Perish (Population Growth & Food Rework)/main_menu/localization/english/pp_coal_mine_improved_l_english.yml
  /home/jan/development/ProsperOrPerishConstructor/mod/Prosper or Perish (Population Growth & Food Rework)/in_game/gfx/interface/icons/buildings/coal_mine_improved.dds
Written:
  /home/jan/development/ProsperOrPerishConstructor/mod/Prosper or Perish (Population Growth & Food Rework)/in_game/common/building_types/zz_pp_coal_mine_improved.txt
Skipped assets:
  /home/jan/development/ProsperOrPerishConstructor/mod/Prosper or Perish (Population Growth & Food Rework)/in_game/gfx/interface/icons/buildings/coal_mine_improved.dds

blueprint: coal_mine_revolutions.yml

building blueprint render complete.
Planned:
  /home/jan/development/ProsperOrPerishConstructor/mod/Prosper or Perish (Population Growth & Food Rework)/in_game/common/building_types/zz_pp_coal_mine_revolutions.txt
  /home/jan/development/ProsperOrPerishConstructor/mod/Prosper or Perish (Population Growth & Food Rework)/main_menu/localization/english/pp_coal_mine_revolutions_l_english.yml
  /home/jan/development/ProsperOrPerishConstructor/mod/Prosper or Perish (Population Growth & Food Rework)/in_game/gfx/interface/icons/buildings/coal_mine_revolutions.dds
Written:
  /home/jan/development/ProsperOrPerishConstructor/mod/Prosper or Perish (Population Growth & Food Rework)/in_game/common/building_types/zz_pp_coal_mine_revolutions.txt
Skipped assets:
  /home/jan/development/ProsperOrPerishConstructor/mod/Prosper or Perish (Population Growth & Food Rework)/in_game/gfx/interface/icons/buildings/coal_mine_revolutions.dds

blueprint: cinnabar_pit.yml

building blueprint render complete.
Planned:
  /home/jan/development/ProsperOrPerishConstructor/mod/Prosper or Perish (Population Growth & Food Rework)/in_game/common/building_types/zz_pp_cinnabar_pit.txt
  /home/jan/development/ProsperOrPerishConstructor/mod/Prosper or Perish (Population Growth & Food Rework)/main_menu/localization/english/pp_cinnabar_pit_l_english.yml
  /home/jan/development/ProsperOrPerishConstructor/mod/Prosper or Perish (Population Growth & Food Rework)/in_game/gfx/interface/icons/buildings/cinnabar_pit.dds
Written:
  /home/jan/development/ProsperOrPerishConstructor/mod/Prosper or Perish (Population Growth & Food Rework)/in_game/common/building_types/zz_pp_cinnabar_pit.txt
Skipped assets:
  /home/jan/development/ProsperOrPerishConstructor/mod/Prosper or Perish (Population Growth & Food Rework)/in_game/gfx/interface/icons/buildings/cinnabar_pit.dds

blueprint: quicksilver_retort.yml

building blueprint render complete.
Planned:
  /home/jan/development/ProsperOrPerishConstructor/mod/Prosper or Perish (Population Growth & Food Rework)/in_game/common/building_types/zz_pp_quicksilver_retort.txt
  /home/jan/development/ProsperOrPerishConstructor/mod/Prosper or Perish (Population Growth & Food Rework)/main_menu/localization/english/pp_quicksilver_retort_l_english.yml
  /home/jan/development/ProsperOrPerishConstructor/mod/Prosper or Perish (Population Growth & Food Rework)/in_game/gfx/interface/icons/buildings/quicksilver_retort.dds
Written:
  /home/jan/development/ProsperOrPerishConstructor/mod/Prosper or Perish (Population Growth & Food Rework)/in_game/common/building_types/zz_pp_quicksilver_retort.txt
Skipped assets:
  /home/jan/development/ProsperOrPerishConstructor/mod/Prosper or Perish (Population Growth & Food Rework)/in_game/gfx/interface/icons/buildings/quicksilver_retort.dds

blueprint: copper_mine.yml

building blueprint render complete.
Planned:
  /home/jan/development/ProsperOrPerishConstructor/mod/Prosper or Perish (Population Growth & Food Rework)/in_game/common/building_types/zz_pp_copper_mine.txt
  /home/jan/development/ProsperOrPerishConstructor/mod/Prosper or Perish (Population Growth & Food Rework)/main_menu/localization/english/pp_copper_mine_l_english.yml
  /home/jan/development/ProsperOrPerishConstructor/mod/Prosper or Perish (Population Growth & Food Rework)/in_game/gfx/interface/icons/buildings/copper_mine.dds
Written:
  /home/jan/development/ProsperOrPerishConstructor/mod/Prosper or Perish (Population Growth & Food Rework)/in_game/common/building_types/zz_pp_copper_mine.txt
Skipped assets:
  /home/jan/development/ProsperOrPerishConstructor/mod/Prosper or Perish (Population Growth & Food Rework)/in_game/gfx/interface/icons/buildings/copper_mine.dds

blueprint: copper_mine_adit.yml

building blueprint render complete.
Planned:
  /home/jan/development/ProsperOrPerishConstructor/mod/Prosper or Perish (Population Growth & Food Rework)/in_game/common/building_types/zz_pp_copper_mine_adit.txt
  /home/jan/development/ProsperOrPerishConstructor/mod/Prosper or Perish (Population Growth & Food Rework)/main_menu/localization/english/pp_copper_mine_adit_l_english.yml
  /home/jan/development/ProsperOrPerishConstructor/mod/Prosper or Perish (Population Growth & Food Rework)/in_game/gfx/interface/icons/buildings/copper_mine_adit.dds
Written:
  /home/jan/development/ProsperOrPerishConstructor/mod/Prosper or Perish (Population Growth & Food Rework)/in_game/common/building_types/zz_pp_copper_mine_adit.txt
Skipped assets:
  /home/jan/development/ProsperOrPerishConstructor/mod/Prosper or Perish (Population Growth & Food Rework)/in_game/gfx/interface/icons/buildings/copper_mine_adit.dds

blueprint: gem_gravel_pit.yml

building blueprint render complete.
Planned:
  /home/jan/development/ProsperOrPerishConstructor/mod/Prosper or Perish (Population Growth & Food Rework)/in_game/common/building_types/zz_pp_gem_gravel_pit.txt
  /home/jan/development/ProsperOrPerishConstructor/mod/Prosper or Perish (Population Growth & Food Rework)/main_menu/localization/english/pp_gem_gravel_pit_l_english.yml
  /home/jan/development/ProsperOrPerishConstructor/mod/Prosper or Perish (Population Growth & Food Rework)/in_game/gfx/interface/icons/buildings/gem_gravel_pit.dds
Written:
  /home/jan/development/ProsperOrPerishConstructor/mod/Prosper or Perish (Population Growth & Food Rework)/in_game/common/building_types/zz_pp_gem_gravel_pit.txt
Skipped assets:
  /home/jan/development/ProsperOrPerishConstructor/mod/Prosper or Perish (Population Growth & Food Rework)/in_game/gfx/interface/icons/buildings/gem_gravel_pit.dds

blueprint: gem_sluice.yml

building blueprint render complete.
Planned:
  /home/jan/development/ProsperOrPerishConstructor/mod/Prosper or Perish (Population Growth & Food Rework)/in_game/common/building_types/zz_pp_gem_sluice.txt
  /home/jan/development/ProsperOrPerishConstructor/mod/Prosper or Perish (Population Growth & Food Rework)/main_menu/localization/english/pp_gem_sluice_l_english.yml
  /home/jan/development/ProsperOrPerishConstructor/mod/Prosper or Perish (Population Growth & Food Rework)/in_game/gfx/interface/icons/buildings/gem_sluice.dds
Written:
  /home/jan/development/ProsperOrPerishConstructor/mod/Prosper or Perish (Population Growth & Food Rework)/in_game/common/building_types/zz_pp_gem_sluice.txt
Skipped assets:
  /home/jan/development/ProsperOrPerishConstructor/mod/Prosper or Perish (Population Growth & Food Rework)/in_game/gfx/interface/icons/buildings/gem_sluice.dds

blueprint: gold_diggings.yml

building blueprint render complete.
Planned:
  /home/jan/development/ProsperOrPerishConstructor/mod/Prosper or Perish (Population Growth & Food Rework)/in_game/common/building_types/zz_pp_gold_diggings.txt
  /home/jan/development/ProsperOrPerishConstructor/mod/Prosper or Perish (Population Growth & Food Rework)/main_menu/localization/english/pp_gold_diggings_l_english.yml
  /home/jan/development/ProsperOrPerishConstructor/mod/Prosper or Perish (Population Growth & Food Rework)/in_game/gfx/interface/icons/buildings/gold_diggings.dds
Written:
  /home/jan/development/ProsperOrPerishConstructor/mod/Prosper or Perish (Population Growth & Food Rework)/in_game/common/building_types/zz_pp_gold_diggings.txt
Skipped assets:
  /home/jan/development/ProsperOrPerishConstructor/mod/Prosper or Perish (Population Growth & Food Rework)/in_game/gfx/interface/icons/buildings/gold_diggings.dds

blueprint: gold_stamp_mill.yml

building blueprint render complete.
Planned:
  /home/jan/development/ProsperOrPerishConstructor/mod/Prosper or Perish (Population Growth & Food Rework)/in_game/common/building_types/zz_pp_gold_stamp_mill.txt
  /home/jan/development/ProsperOrPerishConstructor/mod/Prosper or Perish (Population Growth & Food Rework)/main_menu/localization/english/pp_gold_stamp_mill_l_english.yml
  /home/jan/development/ProsperOrPerishConstructor/mod/Prosper or Perish (Population Growth & Food Rework)/in_game/gfx/interface/icons/buildings/gold_stamp_mill.dds
Written:
  /home/jan/development/ProsperOrPerishConstructor/mod/Prosper or Perish (Population Growth & Food Rework)/in_game/common/building_types/zz_pp_gold_stamp_mill.txt
Skipped assets:
  /home/jan/development/ProsperOrPerishConstructor/mod/Prosper or Perish (Population Growth & Food Rework)/in_game/gfx/interface/icons/buildings/gold_stamp_mill.dds

blueprint: iron_mine.yml

building blueprint render complete.
Planned:
  /home/jan/development/ProsperOrPerishConstructor/mod/Prosper or Perish (Population Growth & Food Rework)/in_game/common/building_types/zz_pp_iron_mine.txt
  /home/jan/development/ProsperOrPerishConstructor/mod/Prosper or Perish (Population Growth & Food Rework)/main_menu/localization/english/pp_iron_mine_l_english.yml
  /home/jan/development/ProsperOrPerishConstructor/mod/Prosper or Perish (Population Growth & Food Rework)/in_game/gfx/interface/icons/buildings/iron_mine.dds
Written:
  /home/jan/development/ProsperOrPerishConstructor/mod/Prosper or Perish (Population Growth & Food Rework)/in_game/common/building_types/zz_pp_iron_mine.txt
Skipped assets:
  /home/jan/development/ProsperOrPerishConstructor/mod/Prosper or Perish (Population Growth & Food Rework)/in_game/gfx/interface/icons/buildings/iron_mine.dds

blueprint: iron_mine_improved.yml

building blueprint render complete.
Planned:
  /home/jan/development/ProsperOrPerishConstructor/mod/Prosper or Perish (Population Growth & Food Rework)/in_game/common/building_types/zz_pp_iron_mine_improved.txt
  /home/jan/development/ProsperOrPerishConstructor/mod/Prosper or Perish (Population Growth & Food Rework)/main_menu/localization/english/pp_iron_mine_improved_l_english.yml
  /home/jan/development/ProsperOrPerishConstructor/mod/Prosper or Perish (Population Growth & Food Rework)/in_game/gfx/interface/icons/buildings/iron_mine_improved.dds
Written:
  /home/jan/development/ProsperOrPerishConstructor/mod/Prosper or Perish (Population Growth & Food Rework)/in_game/common/building_types/zz_pp_iron_mine_improved.txt
Skipped assets:
  /home/jan/development/ProsperOrPerishConstructor/mod/Prosper or Perish (Population Growth & Food Rework)/in_game/gfx/interface/icons/buildings/iron_mine_improved.dds

blueprint: iron_mine_deep.yml

building blueprint render complete.
Planned:
  /home/jan/development/ProsperOrPerishConstructor/mod/Prosper or Perish (Population Growth & Food Rework)/in_game/common/building_types/zz_pp_iron_mine_improved_deep.txt
  /home/jan/development/ProsperOrPerishConstructor/mod/Prosper or Perish (Population Growth & Food Rework)/main_menu/localization/english/pp_iron_mine_improved_deep_l_english.yml
  /home/jan/development/ProsperOrPerishConstructor/mod/Prosper or Perish (Population Growth & Food Rework)/in_game/gfx/interface/icons/buildings/iron_mine_deep.dds
Written:
  /home/jan/development/ProsperOrPerishConstructor/mod/Prosper or Perish (Population Growth & Food Rework)/in_game/common/building_types/zz_pp_iron_mine_improved_deep.txt
Skipped assets:
  /home/jan/development/ProsperOrPerishConstructor/mod/Prosper or Perish (Population Growth & Food Rework)/in_game/gfx/interface/icons/buildings/iron_mine_deep.dds

blueprint: silver_mine.yml

building blueprint render complete.
Planned:
  /home/jan/development/ProsperOrPerishConstructor/mod/Prosper or Perish (Population Growth & Food Rework)/in_game/common/building_types/zz_pp_silver_mine.txt
  /home/jan/development/ProsperOrPerishConstructor/mod/Prosper or Perish (Population Growth & Food Rework)/main_menu/localization/english/pp_silver_mine_l_english.yml
  /home/jan/development/ProsperOrPerishConstructor/mod/Prosper or Perish (Population Growth & Food Rework)/in_game/gfx/interface/icons/buildings/silver_mine.dds
Written:
  /home/jan/development/ProsperOrPerishConstructor/mod/Prosper or Perish (Population Growth & Food Rework)/in_game/common/building_types/zz_pp_silver_mine.txt
Skipped assets:
  /home/jan/development/ProsperOrPerishConstructor/mod/Prosper or Perish (Population Growth & Food Rework)/in_game/gfx/interface/icons/buildings/silver_mine.dds

blueprint: silver_mine_improved.yml

building blueprint render complete.
Planned:
  /home/jan/development/ProsperOrPerishConstructor/mod/Prosper or Perish (Population Growth & Food Rework)/in_game/common/building_types/zz_pp_silver_mine_improved.txt
  /home/jan/development/ProsperOrPerishConstructor/mod/Prosper or Perish (Population Growth & Food Rework)/main_menu/localization/english/pp_silver_mine_improved_l_english.yml
  /home/jan/development/ProsperOrPerishConstructor/mod/Prosper or Perish (Population Growth & Food Rework)/in_game/gfx/interface/icons/buildings/silver_mine_improved.dds
Written:
  /home/jan/development/ProsperOrPerishConstructor/mod/Prosper or Perish (Population Growth & Food Rework)/in_game/common/building_types/zz_pp_silver_mine_improved.txt
Skipped assets:
  /home/jan/development/ProsperOrPerishConstructor/mod/Prosper or Perish (Population Growth & Food Rework)/in_game/gfx/interface/icons/buildings/silver_mine_improved.dds

blueprint: lead_mine.yml

building blueprint render complete.
Planned:
  /home/jan/development/ProsperOrPerishConstructor/mod/Prosper or Perish (Population Growth & Food Rework)/in_game/common/building_types/zz_pp_lead_mine.txt
  /home/jan/development/ProsperOrPerishConstructor/mod/Prosper or Perish (Population Growth & Food Rework)/main_menu/localization/english/pp_lead_mine_l_english.yml
  /home/jan/development/ProsperOrPerishConstructor/mod/Prosper or Perish (Population Growth & Food Rework)/in_game/gfx/interface/icons/buildings/lead_mine.dds
Written:
  /home/jan/development/ProsperOrPerishConstructor/mod/Prosper or Perish (Population Growth & Food Rework)/in_game/common/building_types/zz_pp_lead_mine.txt
Skipped assets:
  /home/jan/development/ProsperOrPerishConstructor/mod/Prosper or Perish (Population Growth & Food Rework)/in_game/gfx/interface/icons/buildings/lead_mine.dds

blueprint: lead_mine_bole_smelting.yml

building blueprint render complete.
Planned:
  /home/jan/development/ProsperOrPerishConstructor/mod/Prosper or Perish (Population Growth & Food Rework)/in_game/common/building_types/zz_pp_lead_mine_bole_smelting.txt
  /home/jan/development/ProsperOrPerishConstructor/mod/Prosper or Perish (Population Growth & Food Rework)/main_menu/localization/english/pp_lead_mine_bole_smelting_l_english.yml
  /home/jan/development/ProsperOrPerishConstructor/mod/Prosper or Perish (Population Growth & Food Rework)/in_game/gfx/interface/icons/buildings/lead_mine_bole_smelting.dds
Written:
  /home/jan/development/ProsperOrPerishConstructor/mod/Prosper or Perish (Population Growth & Food Rework)/in_game/common/building_types/zz_pp_lead_mine_bole_smelting.txt
Skipped assets:
  /home/jan/development/ProsperOrPerishConstructor/mod/Prosper or Perish (Population Growth & Food Rework)/in_game/gfx/interface/icons/buildings/lead_mine_bole_smelting.dds

blueprint: lead_mine_cupola_smelting.yml

building blueprint render complete.
Planned:
  /home/jan/development/ProsperOrPerishConstructor/mod/Prosper or Perish (Population Growth & Food Rework)/in_game/common/building_types/zz_pp_lead_mine_cupola_smelting.txt
  /home/jan/development/ProsperOrPerishConstructor/mod/Prosper or Perish (Population Growth & Food Rework)/main_menu/localization/english/pp_lead_mine_cupola_smelting_l_english.yml
  /home/jan/development/ProsperOrPerishConstructor/mod/Prosper or Perish (Population Growth & Food Rework)/in_game/gfx/interface/icons/buildings/lead_mine_cupola_smelting.dds
Written:
  /home/jan/development/ProsperOrPerishConstructor/mod/Prosper or Perish (Population Growth & Food Rework)/in_game/common/building_types/zz_pp_lead_mine_cupola_smelting.txt
Skipped assets:
  /home/jan/development/ProsperOrPerishConstructor/mod/Prosper or Perish (Population Growth & Food Rework)/in_game/gfx/interface/icons/buildings/lead_mine_cupola_smelting.dds

blueprint: marble_quarry.yml

building blueprint render complete.
Planned:
  /home/jan/development/ProsperOrPerishConstructor/mod/Prosper or Perish (Population Growth & Food Rework)/in_game/common/building_types/zz_pp_marble_quarry.txt
  /home/jan/development/ProsperOrPerishConstructor/mod/Prosper or Perish (Population Growth & Food Rework)/main_menu/localization/english/pp_marble_quarry_l_english.yml
  /home/jan/development/ProsperOrPerishConstructor/mod/Prosper or Perish (Population Growth & Food Rework)/in_game/gfx/interface/icons/buildings/marble_quarry.dds
Written:
  /home/jan/development/ProsperOrPerishConstructor/mod/Prosper or Perish (Population Growth & Food Rework)/in_game/common/building_types/zz_pp_marble_quarry.txt
Skipped assets:
  /home/jan/development/ProsperOrPerishConstructor/mod/Prosper or Perish (Population Growth & Food Rework)/in_game/gfx/interface/icons/buildings/marble_quarry.dds

blueprint: marble_saw_yard.yml

building blueprint render complete.
Planned:
  /home/jan/development/ProsperOrPerishConstructor/mod/Prosper or Perish (Population Growth & Food Rework)/in_game/common/building_types/zz_pp_marble_saw_yard.txt
  /home/jan/development/ProsperOrPerishConstructor/mod/Prosper or Perish (Population Growth & Food Rework)/main_menu/localization/english/pp_marble_saw_yard_l_english.yml
  /home/jan/development/ProsperOrPerishConstructor/mod/Prosper or Perish (Population Growth & Food Rework)/in_game/gfx/interface/icons/buildings/marble_saw_yard.dds
Written:
  /home/jan/development/ProsperOrPerishConstructor/mod/Prosper or Perish (Population Growth & Food Rework)/in_game/common/building_types/zz_pp_marble_saw_yard.txt
Skipped assets:
  /home/jan/development/ProsperOrPerishConstructor/mod/Prosper or Perish (Population Growth & Food Rework)/in_game/gfx/interface/icons/buildings/marble_saw_yard.dds

blueprint: tin_streamworks.yml

building blueprint render complete.
Planned:
  /home/jan/development/ProsperOrPerishConstructor/mod/Prosper or Perish (Population Growth & Food Rework)/in_game/common/building_types/zz_pp_tin_streamworks.txt
  /home/jan/development/ProsperOrPerishConstructor/mod/Prosper or Perish (Population Growth & Food Rework)/main_menu/localization/english/pp_tin_streamworks_l_english.yml
  /home/jan/development/ProsperOrPerishConstructor/mod/Prosper or Perish (Population Growth & Food Rework)/in_game/gfx/interface/icons/buildings/tin_streamworks.dds
Written:
  /home/jan/development/ProsperOrPerishConstructor/mod/Prosper or Perish (Population Growth & Food Rework)/in_game/common/building_types/zz_pp_tin_streamworks.txt
Skipped assets:
  /home/jan/development/ProsperOrPerishConstructor/mod/Prosper or Perish (Population Growth & Food Rework)/in_game/gfx/interface/icons/buildings/tin_streamworks.dds

blueprint: tin_stamping_mill.yml

building blueprint render complete.
Planned:
  /home/jan/development/ProsperOrPerishConstructor/mod/Prosper or Perish (Population Growth & Food Rework)/in_game/common/building_types/zz_pp_tin_streamworks_stamping_mill.txt
  /home/jan/development/ProsperOrPerishConstructor/mod/Prosper or Perish (Population Growth & Food Rework)/main_menu/localization/english/pp_tin_streamworks_stamping_mill_l_english.yml
  /home/jan/development/ProsperOrPerishConstructor/mod/Prosper or Perish (Population Growth & Food Rework)/in_game/gfx/interface/icons/buildings/tin_stamping_mill.dds
Written:
  /home/jan/development/ProsperOrPerishConstructor/mod/Prosper or Perish (Population Growth & Food Rework)/in_game/common/building_types/zz_pp_tin_streamworks_stamping_mill.txt
Skipped assets:
  /home/jan/development/ProsperOrPerishConstructor/mod/Prosper or Perish (Population Growth & Food Rework)/in_game/gfx/interface/icons/buildings/tin_stamping_mill.dds

blueprint: naval_base.yml

building blueprint render complete.
Planned:
  /home/jan/development/ProsperOrPerishConstructor/mod/Prosper or Perish (Population Growth & Food Rework)/in_game/common/building_types/zz_pp_naval_base.txt
  /home/jan/development/ProsperOrPerishConstructor/mod/Prosper or Perish (Population Growth & Food Rework)/main_menu/localization/english/pp_naval_base_l_english.yml
Written:
  /home/jan/development/ProsperOrPerishConstructor/mod/Prosper or Perish (Population Growth & Food Rework)/in_game/common/building_types/zz_pp_naval_base.txt

blueprint: ocean_fishery.yml

building blueprint render complete.
Planned:
  /home/jan/development/ProsperOrPerishConstructor/mod/Prosper or Perish (Population Growth & Food Rework)/in_game/common/building_types/zz_pp_ocean_fishery.txt
  /home/jan/development/ProsperOrPerishConstructor/mod/Prosper or Perish (Population Growth & Food Rework)/main_menu/localization/english/pp_ocean_fishery_l_english.yml
  /home/jan/development/ProsperOrPerishConstructor/mod/Prosper or Perish (Population Growth & Food Rework)/in_game/gfx/interface/icons/buildings/ocean_fishery.dds
Written:
  /home/jan/development/ProsperOrPerishConstructor/mod/Prosper or Perish (Population Growth & Food Rework)/in_game/common/building_types/zz_pp_ocean_fishery.txt
Skipped assets:
  /home/jan/development/ProsperOrPerishConstructor/mod/Prosper or Perish (Population Growth & Food Rework)/in_game/gfx/interface/icons/buildings/ocean_fishery.dds

blueprint: drift_net_fishery.yml

building blueprint render complete.
Planned:
  /home/jan/development/ProsperOrPerishConstructor/mod/Prosper or Perish (Population Growth & Food Rework)/in_game/common/building_types/zz_pp_ocean_fishery_drift_net_fishery.txt
  /home/jan/development/ProsperOrPerishConstructor/mod/Prosper or Perish (Population Growth & Food Rework)/in_game/common/advances/pp_ocean_fishery_drift_net_fishery.txt
  /home/jan/development/ProsperOrPerishConstructor/mod/Prosper or Perish (Population Growth & Food Rework)/main_menu/localization/english/pp_ocean_fishery_drift_net_fishery_l_english.yml
  /home/jan/development/ProsperOrPerishConstructor/mod/Prosper or Perish (Population Growth & Food Rework)/in_game/gfx/interface/icons/buildings/drift_net_fishery.dds
Written:
  /home/jan/development/ProsperOrPerishConstructor/mod/Prosper or Perish (Population Growth & Food Rework)/in_game/common/building_types/zz_pp_ocean_fishery_drift_net_fishery.txt
Skipped assets:
  /home/jan/development/ProsperOrPerishConstructor/mod/Prosper or Perish (Population Growth & Food Rework)/in_game/gfx/interface/icons/buildings/drift_net_fishery.dds

blueprint: offshore_fishery.yml

building blueprint render complete.
Planned:
  /home/jan/development/ProsperOrPerishConstructor/mod/Prosper or Perish (Population Growth & Food Rework)/in_game/common/building_types/zz_pp_ocean_fishery_offshore.txt
  /home/jan/development/ProsperOrPerishConstructor/mod/Prosper or Perish (Population Growth & Food Rework)/main_menu/localization/english/pp_ocean_fishery_offshore_l_english.yml
  /home/jan/development/ProsperOrPerishConstructor/mod/Prosper or Perish (Population Growth & Food Rework)/in_game/gfx/interface/icons/buildings/offshore_fishery.dds
Written:
  /home/jan/development/ProsperOrPerishConstructor/mod/Prosper or Perish (Population Growth & Food Rework)/in_game/common/building_types/zz_pp_ocean_fishery_offshore.txt
Skipped assets:
  /home/jan/development/ProsperOrPerishConstructor/mod/Prosper or Perish (Population Growth & Food Rework)/in_game/gfx/interface/icons/buildings/offshore_fishery.dds

blueprint: pearl_fishery.yml

building blueprint render complete.
Planned:
  /home/jan/development/ProsperOrPerishConstructor/mod/Prosper or Perish (Population Growth & Food Rework)/in_game/common/building_types/zz_pp_pearl_fishery.txt
  /home/jan/development/ProsperOrPerishConstructor/mod/Prosper or Perish (Population Growth & Food Rework)/main_menu/localization/english/pp_pearl_fishery_l_english.yml
  /home/jan/development/ProsperOrPerishConstructor/mod/Prosper or Perish (Population Growth & Food Rework)/in_game/gfx/interface/icons/buildings/pearl_fishery.dds
Written:
  /home/jan/development/ProsperOrPerishConstructor/mod/Prosper or Perish (Population Growth & Food Rework)/in_game/common/building_types/zz_pp_pearl_fishery.txt
Skipped assets:
  /home/jan/development/ProsperOrPerishConstructor/mod/Prosper or Perish (Population Growth & Food Rework)/in_game/gfx/interface/icons/buildings/pearl_fishery.dds

blueprint: pepper_garden.yml

building blueprint render complete.
Planned:
  /home/jan/development/ProsperOrPerishConstructor/mod/Prosper or Perish (Population Growth & Food Rework)/in_game/common/building_types/zz_pp_pepper_garden.txt
  /home/jan/development/ProsperOrPerishConstructor/mod/Prosper or Perish (Population Growth & Food Rework)/main_menu/localization/english/pp_pepper_garden_l_english.yml
  /home/jan/development/ProsperOrPerishConstructor/mod/Prosper or Perish (Population Growth & Food Rework)/in_game/gfx/interface/icons/buildings/pepper_garden.dds
Written:
  /home/jan/development/ProsperOrPerishConstructor/mod/Prosper or Perish (Population Growth & Food Rework)/in_game/common/building_types/zz_pp_pepper_garden.txt
Skipped assets:
  /home/jan/development/ProsperOrPerishConstructor/mod/Prosper or Perish (Population Growth & Food Rework)/in_game/gfx/interface/icons/buildings/pepper_garden.dds

blueprint: managed_pepper_garden.yml

building blueprint render complete.
Planned:
  /home/jan/development/ProsperOrPerishConstructor/mod/Prosper or Perish (Population Growth & Food Rework)/in_game/common/building_types/zz_pp_pepper_garden_managed.txt
  /home/jan/development/ProsperOrPerishConstructor/mod/Prosper or Perish (Population Growth & Food Rework)/in_game/common/advances/pp_pepper_garden_managed.txt
  /home/jan/development/ProsperOrPerishConstructor/mod/Prosper or Perish (Population Growth & Food Rework)/main_menu/localization/english/pp_pepper_garden_managed_l_english.yml
  /home/jan/development/ProsperOrPerishConstructor/mod/Prosper or Perish (Population Growth & Food Rework)/in_game/gfx/interface/icons/buildings/managed_pepper_garden.dds
Written:
  /home/jan/development/ProsperOrPerishConstructor/mod/Prosper or Perish (Population Growth & Food Rework)/in_game/common/building_types/zz_pp_pepper_garden_managed.txt
Skipped assets:
  /home/jan/development/ProsperOrPerishConstructor/mod/Prosper or Perish (Population Growth & Food Rework)/in_game/gfx/interface/icons/buildings/managed_pepper_garden.dds

blueprint: perfumery.yml

building blueprint render complete.
Planned:
  /home/jan/development/ProsperOrPerishConstructor/mod/Prosper or Perish (Population Growth & Food Rework)/in_game/common/building_types/zz_pp_perfumery.txt
  /home/jan/development/ProsperOrPerishConstructor/mod/Prosper or Perish (Population Growth & Food Rework)/main_menu/localization/english/pp_perfumery_l_english.yml
Written:
  /home/jan/development/ProsperOrPerishConstructor/mod/Prosper or Perish (Population Growth & Food Rework)/in_game/common/building_types/zz_pp_perfumery.txt

blueprint: polders.yml

building blueprint render complete.
Planned:
  /home/jan/development/ProsperOrPerishConstructor/mod/Prosper or Perish (Population Growth & Food Rework)/in_game/common/building_types/zz_pp_polders.txt
  /home/jan/development/ProsperOrPerishConstructor/mod/Prosper or Perish (Population Growth & Food Rework)/in_game/common/prices/pp_polders.txt
  /home/jan/development/ProsperOrPerishConstructor/mod/Prosper or Perish (Population Growth & Food Rework)/main_menu/localization/english/pp_polders_l_english.yml
Written:
  /home/jan/development/ProsperOrPerishConstructor/mod/Prosper or Perish (Population Growth & Food Rework)/in_game/common/building_types/zz_pp_polders.txt

blueprint: pound_lock_canal_infrastructure.yml

building blueprint render complete.
Planned:
  /home/jan/development/ProsperOrPerishConstructor/mod/Prosper or Perish (Population Growth & Food Rework)/in_game/common/building_types/zz_pp_pound_lock_canal_infrastructure.txt

blueprint: putrefaction_mill.yml

building blueprint render complete.
Planned:
  /home/jan/development/ProsperOrPerishConstructor/mod/Prosper or Perish (Population Growth & Food Rework)/in_game/common/building_types/zz_pp_putrefaction_mill.txt
  /home/jan/development/ProsperOrPerishConstructor/mod/Prosper or Perish (Population Growth & Food Rework)/main_menu/localization/english/pp_putrefaction_mill_l_english.yml
Written:
  /home/jan/development/ProsperOrPerishConstructor/mod/Prosper or Perish (Population Growth & Food Rework)/in_game/common/building_types/zz_pp_putrefaction_mill.txt

blueprint: putrefaction_works.yml

building blueprint render complete.
Planned:
  /home/jan/development/ProsperOrPerishConstructor/mod/Prosper or Perish (Population Growth & Food Rework)/in_game/common/building_types/zz_pp_putrefaction_works.txt
  /home/jan/development/ProsperOrPerishConstructor/mod/Prosper or Perish (Population Growth & Food Rework)/main_menu/localization/english/pp_putrefaction_works_l_english.yml
Written:
  /home/jan/development/ProsperOrPerishConstructor/mod/Prosper or Perish (Population Growth & Food Rework)/in_game/common/building_types/zz_pp_putrefaction_works.txt

blueprint: qanats.yml

building blueprint render complete.
Planned:
  /home/jan/development/ProsperOrPerishConstructor/mod/Prosper or Perish (Population Growth & Food Rework)/in_game/common/building_types/zz_pp_qanats.txt
  /home/jan/development/ProsperOrPerishConstructor/mod/Prosper or Perish (Population Growth & Food Rework)/in_game/common/prices/pp_qanats.txt
  /home/jan/development/ProsperOrPerishConstructor/mod/Prosper or Perish (Population Growth & Food Rework)/main_menu/localization/english/pp_qanats_l_english.yml
  /home/jan/development/ProsperOrPerishConstructor/mod/Prosper or Perish (Population Growth & Food Rework)/in_game/gfx/interface/icons/buildings/qanats.dds
Written:
  /home/jan/development/ProsperOrPerishConstructor/mod/Prosper or Perish (Population Growth & Food Rework)/in_game/common/building_types/zz_pp_qanats.txt
Skipped assets:
  /home/jan/development/ProsperOrPerishConstructor/mod/Prosper or Perish (Population Growth & Food Rework)/in_game/gfx/interface/icons/buildings/qanats.dds

blueprint: regimental_camp.yml

building blueprint render complete.
Planned:
  /home/jan/development/ProsperOrPerishConstructor/mod/Prosper or Perish (Population Growth & Food Rework)/in_game/common/building_types/zz_pp_regimental_camp.txt
  /home/jan/development/ProsperOrPerishConstructor/mod/Prosper or Perish (Population Growth & Food Rework)/main_menu/localization/english/pp_regimental_camp_l_english.yml
Written:
  /home/jan/development/ProsperOrPerishConstructor/mod/Prosper or Perish (Population Growth & Food Rework)/in_game/common/building_types/zz_pp_regimental_camp.txt

blueprint: river_boatmen_yard.yml

building blueprint render complete.
Planned:
  /home/jan/development/ProsperOrPerishConstructor/mod/Prosper or Perish (Population Growth & Food Rework)/in_game/common/building_types/zz_pp_river_boatmen_yard.txt
  /home/jan/development/ProsperOrPerishConstructor/mod/Prosper or Perish (Population Growth & Food Rework)/in_game/common/production_methods/pp_river_boatmen_yard.txt
  /home/jan/development/ProsperOrPerishConstructor/mod/Prosper or Perish (Population Growth & Food Rework)/main_menu/localization/english/pp_river_boatmen_yard_l_english.yml
  /home/jan/development/ProsperOrPerishConstructor/mod/Prosper or Perish (Population Growth & Food Rework)/in_game/gfx/interface/icons/buildings/river_boatmen_yard.dds
Written:
  /home/jan/development/ProsperOrPerishConstructor/mod/Prosper or Perish (Population Growth & Food Rework)/in_game/common/building_types/zz_pp_river_boatmen_yard.txt
Skipped assets:
  /home/jan/development/ProsperOrPerishConstructor/mod/Prosper or Perish (Population Growth & Food Rework)/in_game/gfx/interface/icons/buildings/river_boatmen_yard.dds

blueprint: saffron_croft.yml

building blueprint render complete.
Planned:
  /home/jan/development/ProsperOrPerishConstructor/mod/Prosper or Perish (Population Growth & Food Rework)/in_game/common/building_types/zz_pp_saffron_croft.txt
  /home/jan/development/ProsperOrPerishConstructor/mod/Prosper or Perish (Population Growth & Food Rework)/main_menu/localization/english/pp_saffron_croft_l_english.yml
  /home/jan/development/ProsperOrPerishConstructor/mod/Prosper or Perish (Population Growth & Food Rework)/in_game/gfx/interface/icons/buildings/saffron_croft.dds
Written:
  /home/jan/development/ProsperOrPerishConstructor/mod/Prosper or Perish (Population Growth & Food Rework)/in_game/common/building_types/zz_pp_saffron_croft.txt
Skipped assets:
  /home/jan/development/ProsperOrPerishConstructor/mod/Prosper or Perish (Population Growth & Food Rework)/in_game/gfx/interface/icons/buildings/saffron_croft.dds

blueprint: saffron_kiln_croft.yml

building blueprint render complete.
Planned:
  /home/jan/development/ProsperOrPerishConstructor/mod/Prosper or Perish (Population Growth & Food Rework)/in_game/common/building_types/zz_pp_saffron_kiln_croft.txt
  /home/jan/development/ProsperOrPerishConstructor/mod/Prosper or Perish (Population Growth & Food Rework)/in_game/common/advances/pp_saffron_kiln_croft.txt
  /home/jan/development/ProsperOrPerishConstructor/mod/Prosper or Perish (Population Growth & Food Rework)/main_menu/localization/english/pp_saffron_kiln_croft_l_english.yml
  /home/jan/development/ProsperOrPerishConstructor/mod/Prosper or Perish (Population Growth & Food Rework)/in_game/gfx/interface/icons/buildings/saffron_kiln_croft.dds
Written:
  /home/jan/development/ProsperOrPerishConstructor/mod/Prosper or Perish (Population Growth & Food Rework)/in_game/common/building_types/zz_pp_saffron_kiln_croft.txt
Skipped assets:
  /home/jan/development/ProsperOrPerishConstructor/mod/Prosper or Perish (Population Growth & Food Rework)/in_game/gfx/interface/icons/buildings/saffron_kiln_croft.dds

blueprint: coastal_saltern.yml

building blueprint render complete.
Planned:
  /home/jan/development/ProsperOrPerishConstructor/mod/Prosper or Perish (Population Growth & Food Rework)/in_game/common/building_types/zz_pp_coastal_saltern.txt
  /home/jan/development/ProsperOrPerishConstructor/mod/Prosper or Perish (Population Growth & Food Rework)/main_menu/localization/english/pp_coastal_saltern_l_english.yml
  /home/jan/development/ProsperOrPerishConstructor/mod/Prosper or Perish (Population Growth & Food Rework)/in_game/gfx/interface/icons/buildings/salt_collector.dds
Written:
  /home/jan/development/ProsperOrPerishConstructor/mod/Prosper or Perish (Population Growth & Food Rework)/in_game/common/building_types/zz_pp_coastal_saltern.txt
Skipped assets:
  /home/jan/development/ProsperOrPerishConstructor/mod/Prosper or Perish (Population Growth & Food Rework)/in_game/gfx/interface/icons/buildings/salt_collector.dds

blueprint: salt_mine.yml

building blueprint render complete.
Planned:
  /home/jan/development/ProsperOrPerishConstructor/mod/Prosper or Perish (Population Growth & Food Rework)/in_game/common/building_types/zz_pp_salt_mine.txt
  /home/jan/development/ProsperOrPerishConstructor/mod/Prosper or Perish (Population Growth & Food Rework)/main_menu/localization/english/pp_salt_mine_l_english.yml
  /home/jan/development/ProsperOrPerishConstructor/mod/Prosper or Perish (Population Growth & Food Rework)/in_game/gfx/interface/icons/buildings/salt_mine.dds
Written:
  /home/jan/development/ProsperOrPerishConstructor/mod/Prosper or Perish (Population Growth & Food Rework)/in_game/common/building_types/zz_pp_salt_mine.txt
Skipped assets:
  /home/jan/development/ProsperOrPerishConstructor/mod/Prosper or Perish (Population Growth & Food Rework)/in_game/gfx/interface/icons/buildings/salt_mine.dds

blueprint: salt_mine_improved.yml

building blueprint render complete.
Planned:
  /home/jan/development/ProsperOrPerishConstructor/mod/Prosper or Perish (Population Growth & Food Rework)/in_game/common/building_types/zz_pp_salt_mine_improved.txt
  /home/jan/development/ProsperOrPerishConstructor/mod/Prosper or Perish (Population Growth & Food Rework)/main_menu/localization/english/pp_salt_mine_improved_l_english.yml
  /home/jan/development/ProsperOrPerishConstructor/mod/Prosper or Perish (Population Growth & Food Rework)/in_game/gfx/interface/icons/buildings/salt_mine_improved.dds
Written:
  /home/jan/development/ProsperOrPerishConstructor/mod/Prosper or Perish (Population Growth & Food Rework)/in_game/common/building_types/zz_pp_salt_mine_improved.txt
Skipped assets:
  /home/jan/development/ProsperOrPerishConstructor/mod/Prosper or Perish (Population Growth & Food Rework)/in_game/gfx/interface/icons/buildings/salt_mine_improved.dds

blueprint: inland_saltworks.yml

building blueprint render complete.
Planned:
  /home/jan/development/ProsperOrPerishConstructor/mod/Prosper or Perish (Population Growth & Food Rework)/in_game/common/building_types/zz_pp_inland_saltworks.txt
  /home/jan/development/ProsperOrPerishConstructor/mod/Prosper or Perish (Population Growth & Food Rework)/main_menu/localization/english/pp_inland_saltworks_l_english.yml
  /home/jan/development/ProsperOrPerishConstructor/mod/Prosper or Perish (Population Growth & Food Rework)/in_game/gfx/interface/icons/buildings/inland_saltworks.dds
Written:
  /home/jan/development/ProsperOrPerishConstructor/mod/Prosper or Perish (Population Growth & Food Rework)/in_game/common/building_types/zz_pp_inland_saltworks.txt
Skipped assets:
  /home/jan/development/ProsperOrPerishConstructor/mod/Prosper or Perish (Population Growth & Food Rework)/in_game/gfx/interface/icons/buildings/inland_saltworks.dds

blueprint: engineered_brine_saltworks.yml

building blueprint render complete.
Planned:
  /home/jan/development/ProsperOrPerishConstructor/mod/Prosper or Perish (Population Growth & Food Rework)/in_game/common/building_types/zz_pp_inland_saltworks_engineered_brine.txt
  /home/jan/development/ProsperOrPerishConstructor/mod/Prosper or Perish (Population Growth & Food Rework)/in_game/common/advances/pp_inland_saltworks_engineered_brine.txt
  /home/jan/development/ProsperOrPerishConstructor/mod/Prosper or Perish (Population Growth & Food Rework)/main_menu/localization/english/pp_inland_saltworks_engineered_brine_l_english.yml
  /home/jan/development/ProsperOrPerishConstructor/mod/Prosper or Perish (Population Growth & Food Rework)/in_game/gfx/interface/icons/buildings/engineered_brine_saltworks.dds
Written:
  /home/jan/development/ProsperOrPerishConstructor/mod/Prosper or Perish (Population Growth & Food Rework)/in_game/common/building_types/zz_pp_inland_saltworks_engineered_brine.txt
Skipped assets:
  /home/jan/development/ProsperOrPerishConstructor/mod/Prosper or Perish (Population Growth & Food Rework)/in_game/gfx/interface/icons/buildings/engineered_brine_saltworks.dds

blueprint: saltpeter_beds.yml

building blueprint render complete.
Planned:
  /home/jan/development/ProsperOrPerishConstructor/mod/Prosper or Perish (Population Growth & Food Rework)/in_game/common/building_types/zz_pp_saltpeter_beds.txt
  /home/jan/development/ProsperOrPerishConstructor/mod/Prosper or Perish (Population Growth & Food Rework)/main_menu/localization/english/pp_saltpeter_beds_l_english.yml
  /home/jan/development/ProsperOrPerishConstructor/mod/Prosper or Perish (Population Growth & Food Rework)/in_game/gfx/interface/icons/buildings/saltpeter_beds.dds
Written:
  /home/jan/development/ProsperOrPerishConstructor/mod/Prosper or Perish (Population Growth & Food Rework)/in_game/common/building_types/zz_pp_saltpeter_beds.txt
Skipped assets:
  /home/jan/development/ProsperOrPerishConstructor/mod/Prosper or Perish (Population Growth & Food Rework)/in_game/gfx/interface/icons/buildings/saltpeter_beds.dds

blueprint: saltpeter_guild.yml

building blueprint render complete.
Planned:
  /home/jan/development/ProsperOrPerishConstructor/mod/Prosper or Perish (Population Growth & Food Rework)/in_game/common/building_types/zz_pp_saltpeter_guild.txt
  /home/jan/development/ProsperOrPerishConstructor/mod/Prosper or Perish (Population Growth & Food Rework)/main_menu/localization/english/pp_saltpeter_guild_l_english.yml
Written:
  /home/jan/development/ProsperOrPerishConstructor/mod/Prosper or Perish (Population Growth & Food Rework)/in_game/common/building_types/zz_pp_saltpeter_guild.txt

blueprint: saltpeter_workshop.yml

building blueprint render complete.
Planned:
  /home/jan/development/ProsperOrPerishConstructor/mod/Prosper or Perish (Population Growth & Food Rework)/in_game/common/building_types/zz_pp_saltpeter_workshop.txt
  /home/jan/development/ProsperOrPerishConstructor/mod/Prosper or Perish (Population Growth & Food Rework)/main_menu/localization/english/pp_saltpeter_workshop_l_english.yml
Written:
  /home/jan/development/ProsperOrPerishConstructor/mod/Prosper or Perish (Population Growth & Food Rework)/in_game/common/building_types/zz_pp_saltpeter_workshop.txt

blueprint: sand_pit.yml

building blueprint render complete.
Planned:
  /home/jan/development/ProsperOrPerishConstructor/mod/Prosper or Perish (Population Growth & Food Rework)/in_game/common/building_types/zz_pp_sand_pit.txt
  /home/jan/development/ProsperOrPerishConstructor/mod/Prosper or Perish (Population Growth & Food Rework)/main_menu/localization/english/pp_sand_pit_l_english.yml
Written:
  /home/jan/development/ProsperOrPerishConstructor/mod/Prosper or Perish (Population Growth & Food Rework)/in_game/common/building_types/zz_pp_sand_pit.txt

blueprint: sand_washery.yml

building blueprint render complete.
Planned:
  /home/jan/development/ProsperOrPerishConstructor/mod/Prosper or Perish (Population Growth & Food Rework)/in_game/common/building_types/zz_pp_sand_washery.txt
  /home/jan/development/ProsperOrPerishConstructor/mod/Prosper or Perish (Population Growth & Food Rework)/in_game/common/advances/pp_sand_washery.txt
  /home/jan/development/ProsperOrPerishConstructor/mod/Prosper or Perish (Population Growth & Food Rework)/main_menu/localization/english/pp_sand_washery_l_english.yml
  /home/jan/development/ProsperOrPerishConstructor/mod/Prosper or Perish (Population Growth & Food Rework)/in_game/gfx/interface/icons/buildings/sand_washery.dds
Written:
  /home/jan/development/ProsperOrPerishConstructor/mod/Prosper or Perish (Population Growth & Food Rework)/in_game/common/building_types/zz_pp_sand_washery.txt
Skipped assets:
  /home/jan/development/ProsperOrPerishConstructor/mod/Prosper or Perish (Population Growth & Food Rework)/in_game/gfx/interface/icons/buildings/sand_washery.dds

blueprint: sawmill.yml

building blueprint render complete.
Planned:
  /home/jan/development/ProsperOrPerishConstructor/mod/Prosper or Perish (Population Growth & Food Rework)/in_game/common/building_types/zz_pp_sawmill.txt
Written:
  /home/jan/development/ProsperOrPerishConstructor/mod/Prosper or Perish (Population Growth & Food Rework)/in_game/common/building_types/zz_pp_sawmill.txt

blueprint: sheep_farms.yml

building blueprint render complete.
Planned:
  /home/jan/development/ProsperOrPerishConstructor/mod/Prosper or Perish (Population Growth & Food Rework)/in_game/common/building_types/zz_pp_sheep_farms.txt
  /home/jan/development/ProsperOrPerishConstructor/mod/Prosper or Perish (Population Growth & Food Rework)/main_menu/localization/english/pp_sheep_farms_l_english.yml
Written:
  /home/jan/development/ProsperOrPerishConstructor/mod/Prosper or Perish (Population Growth & Food Rework)/in_game/common/building_types/zz_pp_sheep_farms.txt

blueprint: hurdled_sheepcotes.yml

building blueprint render complete.
Planned:
  /home/jan/development/ProsperOrPerishConstructor/mod/Prosper or Perish (Population Growth & Food Rework)/in_game/common/building_types/zz_pp_sheep_farms_hurdled_sheepcotes.txt
  /home/jan/development/ProsperOrPerishConstructor/mod/Prosper or Perish (Population Growth & Food Rework)/in_game/common/advances/pp_sheep_farms_hurdled_sheepcotes.txt
  /home/jan/development/ProsperOrPerishConstructor/mod/Prosper or Perish (Population Growth & Food Rework)/main_menu/localization/english/pp_sheep_farms_hurdled_sheepcotes_l_english.yml
  /home/jan/development/ProsperOrPerishConstructor/mod/Prosper or Perish (Population Growth & Food Rework)/in_game/gfx/interface/icons/buildings/hurdled_sheepcotes.dds
Written:
  /home/jan/development/ProsperOrPerishConstructor/mod/Prosper or Perish (Population Growth & Food Rework)/in_game/common/building_types/zz_pp_sheep_farms_hurdled_sheepcotes.txt
Skipped assets:
  /home/jan/development/ProsperOrPerishConstructor/mod/Prosper or Perish (Population Growth & Food Rework)/in_game/gfx/interface/icons/buildings/hurdled_sheepcotes.dds

blueprint: enclosed_sheep_walks.yml

building blueprint render complete.
Planned:
  /home/jan/development/ProsperOrPerishConstructor/mod/Prosper or Perish (Population Growth & Food Rework)/in_game/common/building_types/zz_pp_sheep_farms_hurdled_walks.txt
  /home/jan/development/ProsperOrPerishConstructor/mod/Prosper or Perish (Population Growth & Food Rework)/in_game/common/advances/pp_sheep_farms_hurdled_walks.txt
  /home/jan/development/ProsperOrPerishConstructor/mod/Prosper or Perish (Population Growth & Food Rework)/main_menu/localization/english/pp_sheep_farms_hurdled_walks_l_english.yml
  /home/jan/development/ProsperOrPerishConstructor/mod/Prosper or Perish (Population Growth & Food Rework)/in_game/gfx/interface/icons/buildings/enclosed_sheep_walks.dds
Written:
  /home/jan/development/ProsperOrPerishConstructor/mod/Prosper or Perish (Population Growth & Food Rework)/in_game/common/building_types/zz_pp_sheep_farms_hurdled_walks.txt
Skipped assets:
  /home/jan/development/ProsperOrPerishConstructor/mod/Prosper or Perish (Population Growth & Food Rework)/in_game/gfx/interface/icons/buildings/enclosed_sheep_walks.dds

blueprint: shipyard.yml

building blueprint render complete.
Planned:
  /home/jan/development/ProsperOrPerishConstructor/mod/Prosper or Perish (Population Growth & Food Rework)/in_game/common/building_types/zz_pp_shipyard.txt
  /home/jan/development/ProsperOrPerishConstructor/mod/Prosper or Perish (Population Growth & Food Rework)/main_menu/localization/english/pp_shipyard_l_english.yml
Written:
  /home/jan/development/ProsperOrPerishConstructor/mod/Prosper or Perish (Population Growth & Food Rework)/in_game/common/building_types/zz_pp_shipyard.txt

blueprint: sericulture_farm.yml

building blueprint render complete.
Planned:
  /home/jan/development/ProsperOrPerishConstructor/mod/Prosper or Perish (Population Growth & Food Rework)/in_game/common/building_types/zz_pp_sericulture_farm.txt
  /home/jan/development/ProsperOrPerishConstructor/mod/Prosper or Perish (Population Growth & Food Rework)/main_menu/localization/english/pp_sericulture_farm_l_english.yml
  /home/jan/development/ProsperOrPerishConstructor/mod/Prosper or Perish (Population Growth & Food Rework)/in_game/gfx/interface/icons/buildings/sericulture_farm.dds
Written:
  /home/jan/development/ProsperOrPerishConstructor/mod/Prosper or Perish (Population Growth & Food Rework)/in_game/common/building_types/zz_pp_sericulture_farm.txt
Skipped assets:
  /home/jan/development/ProsperOrPerishConstructor/mod/Prosper or Perish (Population Growth & Food Rework)/in_game/gfx/interface/icons/buildings/sericulture_farm.dds

blueprint: regulated_sericulture_farm.yml

building blueprint render complete.
Planned:
  /home/jan/development/ProsperOrPerishConstructor/mod/Prosper or Perish (Population Growth & Food Rework)/in_game/common/building_types/zz_pp_sericulture_farm_regulated.txt
  /home/jan/development/ProsperOrPerishConstructor/mod/Prosper or Perish (Population Growth & Food Rework)/in_game/common/advances/pp_sericulture_farm_regulated.txt
  /home/jan/development/ProsperOrPerishConstructor/mod/Prosper or Perish (Population Growth & Food Rework)/main_menu/localization/english/pp_sericulture_farm_regulated_l_english.yml
  /home/jan/development/ProsperOrPerishConstructor/mod/Prosper or Perish (Population Growth & Food Rework)/in_game/gfx/interface/icons/buildings/regulated_sericulture_farm.dds
Written:
  /home/jan/development/ProsperOrPerishConstructor/mod/Prosper or Perish (Population Growth & Food Rework)/in_game/common/building_types/zz_pp_sericulture_farm_regulated.txt
Skipped assets:
  /home/jan/development/ProsperOrPerishConstructor/mod/Prosper or Perish (Population Growth & Food Rework)/in_game/gfx/interface/icons/buildings/regulated_sericulture_farm.dds

blueprint: simplers_grove.yml

building blueprint render complete.
Planned:
  /home/jan/development/ProsperOrPerishConstructor/mod/Prosper or Perish (Population Growth & Food Rework)/in_game/common/building_types/zz_pp_simplers_grove.txt
  /home/jan/development/ProsperOrPerishConstructor/mod/Prosper or Perish (Population Growth & Food Rework)/main_menu/localization/english/pp_simplers_grove_l_english.yml
  /home/jan/development/ProsperOrPerishConstructor/mod/Prosper or Perish (Population Growth & Food Rework)/in_game/gfx/interface/icons/buildings/simplers_grove.dds
Written:
  /home/jan/development/ProsperOrPerishConstructor/mod/Prosper or Perish (Population Growth & Food Rework)/in_game/common/building_types/zz_pp_simplers_grove.txt
Skipped assets:
  /home/jan/development/ProsperOrPerishConstructor/mod/Prosper or Perish (Population Growth & Food Rework)/in_game/gfx/interface/icons/buildings/simplers_grove.dds

blueprint: stone_quarry.yml

building blueprint render complete.
Planned:
  /home/jan/development/ProsperOrPerishConstructor/mod/Prosper or Perish (Population Growth & Food Rework)/in_game/common/building_types/zz_pp_stone_quarry.txt
  /home/jan/development/ProsperOrPerishConstructor/mod/Prosper or Perish (Population Growth & Food Rework)/main_menu/localization/english/pp_stone_quarry_l_english.yml
Written:
  /home/jan/development/ProsperOrPerishConstructor/mod/Prosper or Perish (Population Growth & Food Rework)/in_game/common/building_types/zz_pp_stone_quarry.txt

blueprint: stone_quarry_improved.yml

building blueprint render complete.
Planned:
  /home/jan/development/ProsperOrPerishConstructor/mod/Prosper or Perish (Population Growth & Food Rework)/in_game/common/building_types/zz_pp_stone_quarry_improved.txt
  /home/jan/development/ProsperOrPerishConstructor/mod/Prosper or Perish (Population Growth & Food Rework)/in_game/common/advances/pp_stone_quarry_improved.txt
  /home/jan/development/ProsperOrPerishConstructor/mod/Prosper or Perish (Population Growth & Food Rework)/main_menu/localization/english/pp_stone_quarry_improved_l_english.yml
  /home/jan/development/ProsperOrPerishConstructor/mod/Prosper or Perish (Population Growth & Food Rework)/in_game/gfx/interface/icons/buildings/stone_quarry_improved.dds
Written:
  /home/jan/development/ProsperOrPerishConstructor/mod/Prosper or Perish (Population Growth & Food Rework)/in_game/common/building_types/zz_pp_stone_quarry_improved.txt
Skipped assets:
  /home/jan/development/ProsperOrPerishConstructor/mod/Prosper or Perish (Population Growth & Food Rework)/in_game/gfx/interface/icons/buildings/stone_quarry_improved.dds

blueprint: sugar_plantation.yml

building blueprint render complete.
Planned:
  /home/jan/development/ProsperOrPerishConstructor/mod/Prosper or Perish (Population Growth & Food Rework)/in_game/common/building_types/zz_pp_sugar_plantation.txt
  /home/jan/development/ProsperOrPerishConstructor/mod/Prosper or Perish (Population Growth & Food Rework)/main_menu/localization/english/pp_sugar_plantation_l_english.yml
Written:
  /home/jan/development/ProsperOrPerishConstructor/mod/Prosper or Perish (Population Growth & Food Rework)/in_game/common/building_types/zz_pp_sugar_plantation.txt

blueprint: sugarcane_farm.yml

building blueprint render complete.
Planned:
  /home/jan/development/ProsperOrPerishConstructor/mod/Prosper or Perish (Population Growth & Food Rework)/in_game/common/building_types/zz_pp_sugarcane_farm.txt
  /home/jan/development/ProsperOrPerishConstructor/mod/Prosper or Perish (Population Growth & Food Rework)/main_menu/localization/english/pp_sugarcane_farm_l_english.yml
  /home/jan/development/ProsperOrPerishConstructor/mod/Prosper or Perish (Population Growth & Food Rework)/in_game/gfx/interface/icons/buildings/sugarcane_farm.dds
Written:
  /home/jan/development/ProsperOrPerishConstructor/mod/Prosper or Perish (Population Growth & Food Rework)/in_game/common/building_types/zz_pp_sugarcane_farm.txt
Skipped assets:
  /home/jan/development/ProsperOrPerishConstructor/mod/Prosper or Perish (Population Growth & Food Rework)/in_game/gfx/interface/icons/buildings/sugarcane_farm.dds

blueprint: trapiche_sugarcane_farm.yml

building blueprint render complete.
Planned:
  /home/jan/development/ProsperOrPerishConstructor/mod/Prosper or Perish (Population Growth & Food Rework)/in_game/common/building_types/zz_pp_trapiche_sugarcane_farm.txt
  /home/jan/development/ProsperOrPerishConstructor/mod/Prosper or Perish (Population Growth & Food Rework)/in_game/common/advances/pp_trapiche_sugarcane_farm.txt
  /home/jan/development/ProsperOrPerishConstructor/mod/Prosper or Perish (Population Growth & Food Rework)/main_menu/localization/english/pp_trapiche_sugarcane_farm_l_english.yml
  /home/jan/development/ProsperOrPerishConstructor/mod/Prosper or Perish (Population Growth & Food Rework)/in_game/gfx/interface/icons/buildings/trapiche_sugarcane_farm.dds
Written:
  /home/jan/development/ProsperOrPerishConstructor/mod/Prosper or Perish (Population Growth & Food Rework)/in_game/common/building_types/zz_pp_trapiche_sugarcane_farm.txt
Skipped assets:
  /home/jan/development/ProsperOrPerishConstructor/mod/Prosper or Perish (Population Growth & Food Rework)/in_game/gfx/interface/icons/buildings/trapiche_sugarcane_farm.dds

blueprint: tea_garden.yml

building blueprint render complete.
Planned:
  /home/jan/development/ProsperOrPerishConstructor/mod/Prosper or Perish (Population Growth & Food Rework)/in_game/common/building_types/zz_pp_tea_garden.txt
  /home/jan/development/ProsperOrPerishConstructor/mod/Prosper or Perish (Population Growth & Food Rework)/main_menu/localization/english/pp_tea_garden_l_english.yml
  /home/jan/development/ProsperOrPerishConstructor/mod/Prosper or Perish (Population Growth & Food Rework)/in_game/gfx/interface/icons/buildings/tea_garden.dds
Written:
  /home/jan/development/ProsperOrPerishConstructor/mod/Prosper or Perish (Population Growth & Food Rework)/in_game/common/building_types/zz_pp_tea_garden.txt
Skipped assets:
  /home/jan/development/ProsperOrPerishConstructor/mod/Prosper or Perish (Population Growth & Food Rework)/in_game/gfx/interface/icons/buildings/tea_garden.dds

blueprint: tea_sorting_garden.yml

building blueprint render complete.
Planned:
  /home/jan/development/ProsperOrPerishConstructor/mod/Prosper or Perish (Population Growth & Food Rework)/in_game/common/building_types/zz_pp_tea_sorting_garden.txt
  /home/jan/development/ProsperOrPerishConstructor/mod/Prosper or Perish (Population Growth & Food Rework)/in_game/common/advances/pp_tea_sorting_garden.txt
  /home/jan/development/ProsperOrPerishConstructor/mod/Prosper or Perish (Population Growth & Food Rework)/main_menu/localization/english/pp_tea_sorting_garden_l_english.yml
  /home/jan/development/ProsperOrPerishConstructor/mod/Prosper or Perish (Population Growth & Food Rework)/in_game/gfx/interface/icons/buildings/tea_sorting_garden.dds
Written:
  /home/jan/development/ProsperOrPerishConstructor/mod/Prosper or Perish (Population Growth & Food Rework)/in_game/common/building_types/zz_pp_tea_sorting_garden.txt
Skipped assets:
  /home/jan/development/ProsperOrPerishConstructor/mod/Prosper or Perish (Population Growth & Food Rework)/in_game/gfx/interface/icons/buildings/tea_sorting_garden.dds

blueprint: terraces.yml

building blueprint render complete.
Planned:
  /home/jan/development/ProsperOrPerishConstructor/mod/Prosper or Perish (Population Growth & Food Rework)/in_game/common/building_types/zz_pp_terraces.txt
  /home/jan/development/ProsperOrPerishConstructor/mod/Prosper or Perish (Population Growth & Food Rework)/in_game/common/prices/pp_terraces.txt
  /home/jan/development/ProsperOrPerishConstructor/mod/Prosper or Perish (Population Growth & Food Rework)/main_menu/localization/english/pp_terraces_l_english.yml
Written:
  /home/jan/development/ProsperOrPerishConstructor/mod/Prosper or Perish (Population Growth & Food Rework)/in_game/common/building_types/zz_pp_terraces.txt

blueprint: tobacco_plantation.yml

building blueprint render complete.
Planned:
  /home/jan/development/ProsperOrPerishConstructor/mod/Prosper or Perish (Population Growth & Food Rework)/in_game/common/building_types/zz_pp_tobacco_plantation.txt
  /home/jan/development/ProsperOrPerishConstructor/mod/Prosper or Perish (Population Growth & Food Rework)/main_menu/localization/english/pp_tobacco_plantation_l_english.yml
Written:
  /home/jan/development/ProsperOrPerishConstructor/mod/Prosper or Perish (Population Growth & Food Rework)/in_game/common/building_types/zz_pp_tobacco_plantation.txt

blueprint: tobacco_farm.yml

building blueprint render complete.
Planned:
  /home/jan/development/ProsperOrPerishConstructor/mod/Prosper or Perish (Population Growth & Food Rework)/in_game/common/building_types/zz_pp_tobacco_farm.txt
  /home/jan/development/ProsperOrPerishConstructor/mod/Prosper or Perish (Population Growth & Food Rework)/main_menu/localization/english/pp_tobacco_farm_l_english.yml
  /home/jan/development/ProsperOrPerishConstructor/mod/Prosper or Perish (Population Growth & Food Rework)/in_game/gfx/interface/icons/buildings/tobacco_farm.dds
Written:
  /home/jan/development/ProsperOrPerishConstructor/mod/Prosper or Perish (Population Growth & Food Rework)/in_game/common/building_types/zz_pp_tobacco_farm.txt
Skipped assets:
  /home/jan/development/ProsperOrPerishConstructor/mod/Prosper or Perish (Population Growth & Food Rework)/in_game/gfx/interface/icons/buildings/tobacco_farm.dds

blueprint: market_tobacco_farm.yml

building blueprint render complete.
Planned:
  /home/jan/development/ProsperOrPerishConstructor/mod/Prosper or Perish (Population Growth & Food Rework)/in_game/common/building_types/zz_pp_tobacco_farm_market.txt
  /home/jan/development/ProsperOrPerishConstructor/mod/Prosper or Perish (Population Growth & Food Rework)/in_game/common/advances/pp_tobacco_farm_market.txt
  /home/jan/development/ProsperOrPerishConstructor/mod/Prosper or Perish (Population Growth & Food Rework)/main_menu/localization/english/pp_tobacco_farm_market_l_english.yml
  /home/jan/development/ProsperOrPerishConstructor/mod/Prosper or Perish (Population Growth & Food Rework)/in_game/gfx/interface/icons/buildings/market_tobacco_farm.dds
Written:
  /home/jan/development/ProsperOrPerishConstructor/mod/Prosper or Perish (Population Growth & Food Rework)/in_game/common/building_types/zz_pp_tobacco_farm_market.txt
Skipped assets:
  /home/jan/development/ProsperOrPerishConstructor/mod/Prosper or Perish (Population Growth & Food Rework)/in_game/gfx/interface/icons/buildings/market_tobacco_farm.dds

blueprint: transport_office.yml

building blueprint render complete.
Planned:
  /home/jan/development/ProsperOrPerishConstructor/mod/Prosper or Perish (Population Growth & Food Rework)/in_game/common/building_types/zz_pp_transport_office.txt
  /home/jan/development/ProsperOrPerishConstructor/mod/Prosper or Perish (Population Growth & Food Rework)/in_game/common/production_methods/pp_transport_office.txt
  /home/jan/development/ProsperOrPerishConstructor/mod/Prosper or Perish (Population Growth & Food Rework)/main_menu/localization/english/pp_transport_office_l_english.yml
  /home/jan/development/ProsperOrPerishConstructor/mod/Prosper or Perish (Population Growth & Food Rework)/in_game/gfx/interface/icons/buildings/transport_office.dds
Written:
  /home/jan/development/ProsperOrPerishConstructor/mod/Prosper or Perish (Population Growth & Food Rework)/in_game/common/building_types/zz_pp_transport_office.txt
Skipped assets:
  /home/jan/development/ProsperOrPerishConstructor/mod/Prosper or Perish (Population Growth & Food Rework)/in_game/gfx/interface/icons/buildings/transport_office.dds

blueprint: training_fields.yml

building blueprint render complete.
Planned:
  /home/jan/development/ProsperOrPerishConstructor/mod/Prosper or Perish (Population Growth & Food Rework)/in_game/common/building_types/zz_pp_training_fields.txt
  /home/jan/development/ProsperOrPerishConstructor/mod/Prosper or Perish (Population Growth & Food Rework)/main_menu/localization/english/pp_training_fields_l_english.yml
Written:
  /home/jan/development/ProsperOrPerishConstructor/mod/Prosper or Perish (Population Growth & Food Rework)/in_game/common/building_types/zz_pp_training_fields.txt

blueprint: victuals_market_export.yml

building blueprint render complete.
Planned:
  /home/jan/development/ProsperOrPerishConstructor/mod/Prosper or Perish (Population Growth & Food Rework)/in_game/common/building_types/zz_pp_victuals_market.txt
  /home/jan/development/ProsperOrPerishConstructor/mod/Prosper or Perish (Population Growth & Food Rework)/in_game/common/prices/pp_victuals_market.txt
  /home/jan/development/ProsperOrPerishConstructor/mod/Prosper or Perish (Population Growth & Food Rework)/main_menu/localization/english/pp_victuals_market_l_english.yml
  /home/jan/development/ProsperOrPerishConstructor/mod/Prosper or Perish (Population Growth & Food Rework)/in_game/gfx/interface/icons/buildings/victuals_market.dds
Written:
  /home/jan/development/ProsperOrPerishConstructor/mod/Prosper or Perish (Population Growth & Food Rework)/in_game/common/building_types/zz_pp_victuals_market.txt
Skipped assets:
  /home/jan/development/ProsperOrPerishConstructor/mod/Prosper or Perish (Population Growth & Food Rework)/in_game/gfx/interface/icons/buildings/victuals_market.dds

blueprint: victuals_market_import.yml

building blueprint render complete.
Planned:
  /home/jan/development/ProsperOrPerishConstructor/mod/Prosper or Perish (Population Growth & Food Rework)/in_game/common/building_types/zz_pp_victuals_market_import.txt
  /home/jan/development/ProsperOrPerishConstructor/mod/Prosper or Perish (Population Growth & Food Rework)/in_game/common/prices/pp_victuals_market_import.txt
  /home/jan/development/ProsperOrPerishConstructor/mod/Prosper or Perish (Population Growth & Food Rework)/main_menu/localization/english/pp_victuals_market_import_l_english.yml
  /home/jan/development/ProsperOrPerishConstructor/mod/Prosper or Perish (Population Growth & Food Rework)/in_game/gfx/interface/icons/buildings/victuals_market_import.dds
Written:
  /home/jan/development/ProsperOrPerishConstructor/mod/Prosper or Perish (Population Growth & Food Rework)/in_game/common/building_types/zz_pp_victuals_market_import.txt
Skipped assets:
  /home/jan/development/ProsperOrPerishConstructor/mod/Prosper or Perish (Population Growth & Food Rework)/in_game/gfx/interface/icons/buildings/victuals_market_import.dds

blueprint: vineyard_estate.yml

building blueprint render complete.
Planned:
  /home/jan/development/ProsperOrPerishConstructor/mod/Prosper or Perish (Population Growth & Food Rework)/in_game/common/building_types/zz_pp_vineyard_estate.txt
  /home/jan/development/ProsperOrPerishConstructor/mod/Prosper or Perish (Population Growth & Food Rework)/main_menu/localization/english/pp_vineyard_estate_l_english.yml
  /home/jan/development/ProsperOrPerishConstructor/mod/Prosper or Perish (Population Growth & Food Rework)/in_game/gfx/interface/icons/buildings/vineyard_estate.dds
Written:
  /home/jan/development/ProsperOrPerishConstructor/mod/Prosper or Perish (Population Growth & Food Rework)/in_game/common/building_types/zz_pp_vineyard_estate.txt
Skipped assets:
  /home/jan/development/ProsperOrPerishConstructor/mod/Prosper or Perish (Population Growth & Food Rework)/in_game/gfx/interface/icons/buildings/vineyard_estate.dds

blueprint: windmill.yml

building blueprint render complete.
Planned:
  /home/jan/development/ProsperOrPerishConstructor/mod/Prosper or Perish (Population Growth & Food Rework)/in_game/common/building_types/zz_pp_windmill.txt
Written:
  /home/jan/development/ProsperOrPerishConstructor/mod/Prosper or Perish (Population Growth & Food Rework)/in_game/common/building_types/zz_pp_windmill.txt

blueprint: ablaq_palace.yml

building blueprint render complete.
Planned:
  /home/jan/development/ProsperOrPerishConstructor/mod/Prosper or Perish (Population Growth & Food Rework)/in_game/common/building_types/zz_pp_ablaq_palace.txt
  /home/jan/development/ProsperOrPerishConstructor/mod/Prosper or Perish (Population Growth & Food Rework)/main_menu/localization/english/pp_ablaq_palace_l_english.yml
Written:
  /home/jan/development/ProsperOrPerishConstructor/mod/Prosper or Perish (Population Growth & Food Rework)/in_game/common/building_types/zz_pp_ablaq_palace.txt

blueprint: apothecary.yml

building blueprint render complete.
Planned:
  /home/jan/development/ProsperOrPerishConstructor/mod/Prosper or Perish (Population Growth & Food Rework)/in_game/common/building_types/zz_pp_apothecary.txt
  /home/jan/development/ProsperOrPerishConstructor/mod/Prosper or Perish (Population Growth & Food Rework)/main_menu/localization/english/pp_apothecary_l_english.yml
Written:
  /home/jan/development/ProsperOrPerishConstructor/mod/Prosper or Perish (Population Growth & Food Rework)/in_game/common/building_types/zz_pp_apothecary.txt

blueprint: beer_workshop.yml

building blueprint render complete.
Planned:
  /home/jan/development/ProsperOrPerishConstructor/mod/Prosper or Perish (Population Growth & Food Rework)/in_game/common/building_types/zz_pp_beer_workshop.txt
  /home/jan/development/ProsperOrPerishConstructor/mod/Prosper or Perish (Population Growth & Food Rework)/main_menu/localization/english/pp_beer_workshop_l_english.yml
Written:
  /home/jan/development/ProsperOrPerishConstructor/mod/Prosper or Perish (Population Growth & Food Rework)/in_game/common/building_types/zz_pp_beer_workshop.txt

blueprint: brewery.yml

building blueprint render complete.
Planned:
  /home/jan/development/ProsperOrPerishConstructor/mod/Prosper or Perish (Population Growth & Food Rework)/in_game/common/building_types/zz_pp_brewery.txt
  /home/jan/development/ProsperOrPerishConstructor/mod/Prosper or Perish (Population Growth & Food Rework)/main_menu/localization/english/pp_brewery_l_english.yml
Written:
  /home/jan/development/ProsperOrPerishConstructor/mod/Prosper or Perish (Population Growth & Food Rework)/in_game/common/building_types/zz_pp_brewery.txt

blueprint: brewery_manufactory.yml

building blueprint render complete.
Planned:
  /home/jan/development/ProsperOrPerishConstructor/mod/Prosper or Perish (Population Growth & Food Rework)/in_game/common/building_types/zz_pp_brewery_manufactory.txt
  /home/jan/development/ProsperOrPerishConstructor/mod/Prosper or Perish (Population Growth & Food Rework)/main_menu/localization/english/pp_brewery_manufactory_l_english.yml
Written:
  /home/jan/development/ProsperOrPerishConstructor/mod/Prosper or Perish (Population Growth & Food Rework)/in_game/common/building_types/zz_pp_brewery_manufactory.txt

blueprint: brewery_mill.yml

building blueprint render complete.
Planned:
  /home/jan/development/ProsperOrPerishConstructor/mod/Prosper or Perish (Population Growth & Food Rework)/in_game/common/building_types/zz_pp_brewery_mill.txt
  /home/jan/development/ProsperOrPerishConstructor/mod/Prosper or Perish (Population Growth & Food Rework)/main_menu/localization/english/pp_brewery_mill_l_english.yml
Written:
  /home/jan/development/ProsperOrPerishConstructor/mod/Prosper or Perish (Population Growth & Food Rework)/in_game/common/building_types/zz_pp_brewery_mill.txt

blueprint: cannon_foundry.yml

building blueprint render complete.
Planned:
  /home/jan/development/ProsperOrPerishConstructor/mod/Prosper or Perish (Population Growth & Food Rework)/in_game/common/building_types/zz_pp_cannon_foundry.txt
  /home/jan/development/ProsperOrPerishConstructor/mod/Prosper or Perish (Population Growth & Food Rework)/main_menu/localization/english/pp_cannon_foundry_l_english.yml
Written:
  /home/jan/development/ProsperOrPerishConstructor/mod/Prosper or Perish (Population Growth & Food Rework)/in_game/common/building_types/zz_pp_cannon_foundry.txt

blueprint: cannon_maker.yml

building blueprint render complete.
Planned:
  /home/jan/development/ProsperOrPerishConstructor/mod/Prosper or Perish (Population Growth & Food Rework)/in_game/common/building_types/zz_pp_cannon_maker.txt
  /home/jan/development/ProsperOrPerishConstructor/mod/Prosper or Perish (Population Growth & Food Rework)/main_menu/localization/english/pp_cannon_maker_l_english.yml
Written:
  /home/jan/development/ProsperOrPerishConstructor/mod/Prosper or Perish (Population Growth & Food Rework)/in_game/common/building_types/zz_pp_cannon_maker.txt

blueprint: cannon_workshop.yml

building blueprint render complete.
Planned:
  /home/jan/development/ProsperOrPerishConstructor/mod/Prosper or Perish (Population Growth & Food Rework)/in_game/common/building_types/zz_pp_cannon_workshop.txt
  /home/jan/development/ProsperOrPerishConstructor/mod/Prosper or Perish (Population Growth & Food Rework)/main_menu/localization/english/pp_cannon_workshop_l_english.yml
Written:
  /home/jan/development/ProsperOrPerishConstructor/mod/Prosper or Perish (Population Growth & Food Rework)/in_game/common/building_types/zz_pp_cannon_workshop.txt

blueprint: cannons_factory.yml

building blueprint render complete.
Planned:
  /home/jan/development/ProsperOrPerishConstructor/mod/Prosper or Perish (Population Growth & Food Rework)/in_game/common/building_types/zz_pp_cannons_factory.txt
  /home/jan/development/ProsperOrPerishConstructor/mod/Prosper or Perish (Population Growth & Food Rework)/main_menu/localization/english/pp_cannons_factory_l_english.yml
Written:
  /home/jan/development/ProsperOrPerishConstructor/mod/Prosper or Perish (Population Growth & Food Rework)/in_game/common/building_types/zz_pp_cannons_factory.txt

blueprint: cloth_guild.yml

building blueprint render complete.
Planned:
  /home/jan/development/ProsperOrPerishConstructor/mod/Prosper or Perish (Population Growth & Food Rework)/in_game/common/building_types/zz_pp_cloth_guild.txt
  /home/jan/development/ProsperOrPerishConstructor/mod/Prosper or Perish (Population Growth & Food Rework)/main_menu/localization/english/pp_cloth_guild_l_english.yml
Written:
  /home/jan/development/ProsperOrPerishConstructor/mod/Prosper or Perish (Population Growth & Food Rework)/in_game/common/building_types/zz_pp_cloth_guild.txt

blueprint: cloth_manufactory.yml

building blueprint render complete.
Planned:
  /home/jan/development/ProsperOrPerishConstructor/mod/Prosper or Perish (Population Growth & Food Rework)/in_game/common/building_types/zz_pp_cloth_manufactory.txt
  /home/jan/development/ProsperOrPerishConstructor/mod/Prosper or Perish (Population Growth & Food Rework)/main_menu/localization/english/pp_cloth_manufactory_l_english.yml
Written:
  /home/jan/development/ProsperOrPerishConstructor/mod/Prosper or Perish (Population Growth & Food Rework)/in_game/common/building_types/zz_pp_cloth_manufactory.txt

blueprint: cloth_workshop.yml

building blueprint render complete.
Planned:
  /home/jan/development/ProsperOrPerishConstructor/mod/Prosper or Perish (Population Growth & Food Rework)/in_game/common/building_types/zz_pp_cloth_workshop.txt
  /home/jan/development/ProsperOrPerishConstructor/mod/Prosper or Perish (Population Growth & Food Rework)/main_menu/localization/english/pp_cloth_workshop_l_english.yml
Written:
  /home/jan/development/ProsperOrPerishConstructor/mod/Prosper or Perish (Population Growth & Food Rework)/in_game/common/building_types/zz_pp_cloth_workshop.txt

blueprint: distiller_manufactory.yml

building blueprint render complete.
Planned:
  /home/jan/development/ProsperOrPerishConstructor/mod/Prosper or Perish (Population Growth & Food Rework)/in_game/common/building_types/zz_pp_distiller_manufactory.txt
  /home/jan/development/ProsperOrPerishConstructor/mod/Prosper or Perish (Population Growth & Food Rework)/main_menu/localization/english/pp_distiller_manufactory_l_english.yml
Written:
  /home/jan/development/ProsperOrPerishConstructor/mod/Prosper or Perish (Population Growth & Food Rework)/in_game/common/building_types/zz_pp_distiller_manufactory.txt

blueprint: distiller_mill.yml

building blueprint render complete.
Planned:
  /home/jan/development/ProsperOrPerishConstructor/mod/Prosper or Perish (Population Growth & Food Rework)/in_game/common/building_types/zz_pp_distiller_mill.txt
  /home/jan/development/ProsperOrPerishConstructor/mod/Prosper or Perish (Population Growth & Food Rework)/main_menu/localization/english/pp_distiller_mill_l_english.yml
Written:
  /home/jan/development/ProsperOrPerishConstructor/mod/Prosper or Perish (Population Growth & Food Rework)/in_game/common/building_types/zz_pp_distiller_mill.txt

blueprint: distillers_guild.yml

building blueprint render complete.
Planned:
  /home/jan/development/ProsperOrPerishConstructor/mod/Prosper or Perish (Population Growth & Food Rework)/in_game/common/building_types/zz_pp_distillers_guild.txt
  /home/jan/development/ProsperOrPerishConstructor/mod/Prosper or Perish (Population Growth & Food Rework)/main_menu/localization/english/pp_distillers_guild_l_english.yml
Written:
  /home/jan/development/ProsperOrPerishConstructor/mod/Prosper or Perish (Population Growth & Food Rework)/in_game/common/building_types/zz_pp_distillers_guild.txt

blueprint: distillers_workshop.yml

building blueprint render complete.
Planned:
  /home/jan/development/ProsperOrPerishConstructor/mod/Prosper or Perish (Population Growth & Food Rework)/in_game/common/building_types/zz_pp_distillers_workshop.txt
  /home/jan/development/ProsperOrPerishConstructor/mod/Prosper or Perish (Population Growth & Food Rework)/main_menu/localization/english/pp_distillers_workshop_l_english.yml
Written:
  /home/jan/development/ProsperOrPerishConstructor/mod/Prosper or Perish (Population Growth & Food Rework)/in_game/common/building_types/zz_pp_distillers_workshop.txt

blueprint: dyes_guild.yml

building blueprint render complete.
Planned:
  /home/jan/development/ProsperOrPerishConstructor/mod/Prosper or Perish (Population Growth & Food Rework)/in_game/common/building_types/zz_pp_dyes_guild.txt
  /home/jan/development/ProsperOrPerishConstructor/mod/Prosper or Perish (Population Growth & Food Rework)/main_menu/localization/english/pp_dyes_guild_l_english.yml
Written:
  /home/jan/development/ProsperOrPerishConstructor/mod/Prosper or Perish (Population Growth & Food Rework)/in_game/common/building_types/zz_pp_dyes_guild.txt

blueprint: dyes_mill.yml

building blueprint render complete.
Planned:
  /home/jan/development/ProsperOrPerishConstructor/mod/Prosper or Perish (Population Growth & Food Rework)/in_game/common/building_types/zz_pp_dyes_mill.txt
  /home/jan/development/ProsperOrPerishConstructor/mod/Prosper or Perish (Population Growth & Food Rework)/main_menu/localization/english/pp_dyes_mill_l_english.yml
Written:
  /home/jan/development/ProsperOrPerishConstructor/mod/Prosper or Perish (Population Growth & Food Rework)/in_game/common/building_types/zz_pp_dyes_mill.txt

blueprint: dyes_workshop.yml

building blueprint render complete.
Planned:
  /home/jan/development/ProsperOrPerishConstructor/mod/Prosper or Perish (Population Growth & Food Rework)/in_game/common/building_types/zz_pp_dyes_workshop.txt
  /home/jan/development/ProsperOrPerishConstructor/mod/Prosper or Perish (Population Growth & Food Rework)/main_menu/localization/english/pp_dyes_workshop_l_english.yml
Written:
  /home/jan/development/ProsperOrPerishConstructor/mod/Prosper or Perish (Population Growth & Food Rework)/in_game/common/building_types/zz_pp_dyes_workshop.txt

blueprint: dyesworks.yml

building blueprint render complete.
Planned:
  /home/jan/development/ProsperOrPerishConstructor/mod/Prosper or Perish (Population Growth & Food Rework)/in_game/common/building_types/zz_pp_dyesworks.txt
  /home/jan/development/ProsperOrPerishConstructor/mod/Prosper or Perish (Population Growth & Food Rework)/main_menu/localization/english/pp_dyesworks_l_english.yml
Written:
  /home/jan/development/ProsperOrPerishConstructor/mod/Prosper or Perish (Population Growth & Food Rework)/in_game/common/building_types/zz_pp_dyesworks.txt

blueprint: elephant_hunting_grounds.yml

building blueprint render complete.
Planned:
  /home/jan/development/ProsperOrPerishConstructor/mod/Prosper or Perish (Population Growth & Food Rework)/in_game/common/building_types/zz_pp_elephant_hunting_grounds.txt
  /home/jan/development/ProsperOrPerishConstructor/mod/Prosper or Perish (Population Growth & Food Rework)/main_menu/localization/english/pp_elephant_hunting_grounds_l_english.yml
Written:
  /home/jan/development/ProsperOrPerishConstructor/mod/Prosper or Perish (Population Growth & Food Rework)/in_game/common/building_types/zz_pp_elephant_hunting_grounds.txt

blueprint: eng_royal_forest.yml

building blueprint render complete.
Planned:
  /home/jan/development/ProsperOrPerishConstructor/mod/Prosper or Perish (Population Growth & Food Rework)/in_game/common/building_types/zz_pp_eng_royal_forest.txt
  /home/jan/development/ProsperOrPerishConstructor/mod/Prosper or Perish (Population Growth & Food Rework)/main_menu/localization/english/pp_eng_royal_forest_l_english.yml
Written:
  /home/jan/development/ProsperOrPerishConstructor/mod/Prosper or Perish (Population Growth & Food Rework)/in_game/common/building_types/zz_pp_eng_royal_forest.txt

blueprint: fine_cloth_guild.yml

building blueprint render complete.
Planned:
  /home/jan/development/ProsperOrPerishConstructor/mod/Prosper or Perish (Population Growth & Food Rework)/in_game/common/building_types/zz_pp_fine_cloth_guild.txt
  /home/jan/development/ProsperOrPerishConstructor/mod/Prosper or Perish (Population Growth & Food Rework)/main_menu/localization/english/pp_fine_cloth_guild_l_english.yml
Written:
  /home/jan/development/ProsperOrPerishConstructor/mod/Prosper or Perish (Population Growth & Food Rework)/in_game/common/building_types/zz_pp_fine_cloth_guild.txt

blueprint: fine_cloth_manufactory.yml

building blueprint render complete.
Planned:
  /home/jan/development/ProsperOrPerishConstructor/mod/Prosper or Perish (Population Growth & Food Rework)/in_game/common/building_types/zz_pp_fine_cloth_manufactory.txt
  /home/jan/development/ProsperOrPerishConstructor/mod/Prosper or Perish (Population Growth & Food Rework)/main_menu/localization/english/pp_fine_cloth_manufactory_l_english.yml
Written:
  /home/jan/development/ProsperOrPerishConstructor/mod/Prosper or Perish (Population Growth & Food Rework)/in_game/common/building_types/zz_pp_fine_cloth_manufactory.txt

blueprint: fine_cloth_mill.yml

building blueprint render complete.
Planned:
  /home/jan/development/ProsperOrPerishConstructor/mod/Prosper or Perish (Population Growth & Food Rework)/in_game/common/building_types/zz_pp_fine_cloth_mill.txt
  /home/jan/development/ProsperOrPerishConstructor/mod/Prosper or Perish (Population Growth & Food Rework)/main_menu/localization/english/pp_fine_cloth_mill_l_english.yml
Written:
  /home/jan/development/ProsperOrPerishConstructor/mod/Prosper or Perish (Population Growth & Food Rework)/in_game/common/building_types/zz_pp_fine_cloth_mill.txt

blueprint: fine_cloth_workshop.yml

building blueprint render complete.
Planned:
  /home/jan/development/ProsperOrPerishConstructor/mod/Prosper or Perish (Population Growth & Food Rework)/in_game/common/building_types/zz_pp_fine_cloth_workshop.txt
  /home/jan/development/ProsperOrPerishConstructor/mod/Prosper or Perish (Population Growth & Food Rework)/main_menu/localization/english/pp_fine_cloth_workshop_l_english.yml
Written:
  /home/jan/development/ProsperOrPerishConstructor/mod/Prosper or Perish (Population Growth & Food Rework)/in_game/common/building_types/zz_pp_fine_cloth_workshop.txt

blueprint: firearms_factory.yml

building blueprint render complete.
Planned:
  /home/jan/development/ProsperOrPerishConstructor/mod/Prosper or Perish (Population Growth & Food Rework)/in_game/common/building_types/zz_pp_firearms_factory.txt
  /home/jan/development/ProsperOrPerishConstructor/mod/Prosper or Perish (Population Growth & Food Rework)/main_menu/localization/english/pp_firearms_factory_l_english.yml
Written:
  /home/jan/development/ProsperOrPerishConstructor/mod/Prosper or Perish (Population Growth & Food Rework)/in_game/common/building_types/zz_pp_firearms_factory.txt

blueprint: firearms_manufactory.yml

building blueprint render complete.
Planned:
  /home/jan/development/ProsperOrPerishConstructor/mod/Prosper or Perish (Population Growth & Food Rework)/in_game/common/building_types/zz_pp_firearms_manufactory.txt
  /home/jan/development/ProsperOrPerishConstructor/mod/Prosper or Perish (Population Growth & Food Rework)/main_menu/localization/english/pp_firearms_manufactory_l_english.yml
Written:
  /home/jan/development/ProsperOrPerishConstructor/mod/Prosper or Perish (Population Growth & Food Rework)/in_game/common/building_types/zz_pp_firearms_manufactory.txt

blueprint: furniture_guild.yml

building blueprint render complete.
Planned:
  /home/jan/development/ProsperOrPerishConstructor/mod/Prosper or Perish (Population Growth & Food Rework)/in_game/common/building_types/zz_pp_furniture_guild.txt
  /home/jan/development/ProsperOrPerishConstructor/mod/Prosper or Perish (Population Growth & Food Rework)/main_menu/localization/english/pp_furniture_guild_l_english.yml
Written:
  /home/jan/development/ProsperOrPerishConstructor/mod/Prosper or Perish (Population Growth & Food Rework)/in_game/common/building_types/zz_pp_furniture_guild.txt

blueprint: furniture_manufactory.yml

building blueprint render complete.
Planned:
  /home/jan/development/ProsperOrPerishConstructor/mod/Prosper or Perish (Population Growth & Food Rework)/in_game/common/building_types/zz_pp_furniture_manufactory.txt
  /home/jan/development/ProsperOrPerishConstructor/mod/Prosper or Perish (Population Growth & Food Rework)/main_menu/localization/english/pp_furniture_manufactory_l_english.yml
Written:
  /home/jan/development/ProsperOrPerishConstructor/mod/Prosper or Perish (Population Growth & Food Rework)/in_game/common/building_types/zz_pp_furniture_manufactory.txt

blueprint: furniture_mill.yml

building blueprint render complete.
Planned:
  /home/jan/development/ProsperOrPerishConstructor/mod/Prosper or Perish (Population Growth & Food Rework)/in_game/common/building_types/zz_pp_furniture_mill.txt
  /home/jan/development/ProsperOrPerishConstructor/mod/Prosper or Perish (Population Growth & Food Rework)/main_menu/localization/english/pp_furniture_mill_l_english.yml
Written:
  /home/jan/development/ProsperOrPerishConstructor/mod/Prosper or Perish (Population Growth & Food Rework)/in_game/common/building_types/zz_pp_furniture_mill.txt

blueprint: furniture_workshop.yml

building blueprint render complete.
Planned:
  /home/jan/development/ProsperOrPerishConstructor/mod/Prosper or Perish (Population Growth & Food Rework)/in_game/common/building_types/zz_pp_furniture_workshop.txt
  /home/jan/development/ProsperOrPerishConstructor/mod/Prosper or Perish (Population Growth & Food Rework)/main_menu/localization/english/pp_furniture_workshop_l_english.yml
Written:
  /home/jan/development/ProsperOrPerishConstructor/mod/Prosper or Perish (Population Growth & Food Rework)/in_game/common/building_types/zz_pp_furniture_workshop.txt

blueprint: glass_guild.yml

building blueprint render complete.
Planned:
  /home/jan/development/ProsperOrPerishConstructor/mod/Prosper or Perish (Population Growth & Food Rework)/in_game/common/building_types/zz_pp_glass_guild.txt
  /home/jan/development/ProsperOrPerishConstructor/mod/Prosper or Perish (Population Growth & Food Rework)/main_menu/localization/english/pp_glass_guild_l_english.yml
Written:
  /home/jan/development/ProsperOrPerishConstructor/mod/Prosper or Perish (Population Growth & Food Rework)/in_game/common/building_types/zz_pp_glass_guild.txt

blueprint: glass_mill.yml

building blueprint render complete.
Planned:
  /home/jan/development/ProsperOrPerishConstructor/mod/Prosper or Perish (Population Growth & Food Rework)/in_game/common/building_types/zz_pp_glass_mill.txt
  /home/jan/development/ProsperOrPerishConstructor/mod/Prosper or Perish (Population Growth & Food Rework)/main_menu/localization/english/pp_glass_mill_l_english.yml
Written:
  /home/jan/development/ProsperOrPerishConstructor/mod/Prosper or Perish (Population Growth & Food Rework)/in_game/common/building_types/zz_pp_glass_mill.txt

blueprint: glass_workshop.yml

building blueprint render complete.
Planned:
  /home/jan/development/ProsperOrPerishConstructor/mod/Prosper or Perish (Population Growth & Food Rework)/in_game/common/building_types/zz_pp_glass_workshop.txt
  /home/jan/development/ProsperOrPerishConstructor/mod/Prosper or Perish (Population Growth & Food Rework)/main_menu/localization/english/pp_glass_workshop_l_english.yml
Written:
  /home/jan/development/ProsperOrPerishConstructor/mod/Prosper or Perish (Population Growth & Food Rework)/in_game/common/building_types/zz_pp_glass_workshop.txt

blueprint: glassworks.yml

building blueprint render complete.
Planned:
  /home/jan/development/ProsperOrPerishConstructor/mod/Prosper or Perish (Population Growth & Food Rework)/in_game/common/building_types/zz_pp_glassworks.txt
  /home/jan/development/ProsperOrPerishConstructor/mod/Prosper or Perish (Population Growth & Food Rework)/main_menu/localization/english/pp_glassworks_l_english.yml
Written:
  /home/jan/development/ProsperOrPerishConstructor/mod/Prosper or Perish (Population Growth & Food Rework)/in_game/common/building_types/zz_pp_glassworks.txt

blueprint: gun_smith.yml

building blueprint render complete.
Planned:
  /home/jan/development/ProsperOrPerishConstructor/mod/Prosper or Perish (Population Growth & Food Rework)/in_game/common/building_types/zz_pp_gun_smith.txt
  /home/jan/development/ProsperOrPerishConstructor/mod/Prosper or Perish (Population Growth & Food Rework)/main_menu/localization/english/pp_gun_smith_l_english.yml
Written:
  /home/jan/development/ProsperOrPerishConstructor/mod/Prosper or Perish (Population Growth & Food Rework)/in_game/common/building_types/zz_pp_gun_smith.txt

blueprint: guns_workshop.yml

building blueprint render complete.
Planned:
  /home/jan/development/ProsperOrPerishConstructor/mod/Prosper or Perish (Population Growth & Food Rework)/in_game/common/building_types/zz_pp_guns_workshop.txt
  /home/jan/development/ProsperOrPerishConstructor/mod/Prosper or Perish (Population Growth & Food Rework)/main_menu/localization/english/pp_guns_workshop_l_english.yml
Written:
  /home/jan/development/ProsperOrPerishConstructor/mod/Prosper or Perish (Population Growth & Food Rework)/in_game/common/building_types/zz_pp_guns_workshop.txt

blueprint: hand_cannon_guild.yml

building blueprint render complete.
Planned:
  /home/jan/development/ProsperOrPerishConstructor/mod/Prosper or Perish (Population Growth & Food Rework)/in_game/common/building_types/zz_pp_hand_cannon_guild.txt
  /home/jan/development/ProsperOrPerishConstructor/mod/Prosper or Perish (Population Growth & Food Rework)/main_menu/localization/english/pp_hand_cannon_guild_l_english.yml
Written:
  /home/jan/development/ProsperOrPerishConstructor/mod/Prosper or Perish (Population Growth & Food Rework)/in_game/common/building_types/zz_pp_hand_cannon_guild.txt

blueprint: iron_foundry.yml

building blueprint render complete.
Planned:
  /home/jan/development/ProsperOrPerishConstructor/mod/Prosper or Perish (Population Growth & Food Rework)/in_game/common/building_types/zz_pp_iron_foundry.txt
  /home/jan/development/ProsperOrPerishConstructor/mod/Prosper or Perish (Population Growth & Food Rework)/main_menu/localization/english/pp_iron_foundry_l_english.yml
Written:
  /home/jan/development/ProsperOrPerishConstructor/mod/Prosper or Perish (Population Growth & Food Rework)/in_game/common/building_types/zz_pp_iron_foundry.txt

blueprint: iron_mill.yml

building blueprint render complete.
Planned:
  /home/jan/development/ProsperOrPerishConstructor/mod/Prosper or Perish (Population Growth & Food Rework)/in_game/common/building_types/zz_pp_iron_mill.txt
  /home/jan/development/ProsperOrPerishConstructor/mod/Prosper or Perish (Population Growth & Food Rework)/main_menu/localization/english/pp_iron_mill_l_english.yml
Written:
  /home/jan/development/ProsperOrPerishConstructor/mod/Prosper or Perish (Population Growth & Food Rework)/in_game/common/building_types/zz_pp_iron_mill.txt

blueprint: jewelry_guild.yml

building blueprint render complete.
Planned:
  /home/jan/development/ProsperOrPerishConstructor/mod/Prosper or Perish (Population Growth & Food Rework)/in_game/common/building_types/zz_pp_jewelry_guild.txt
  /home/jan/development/ProsperOrPerishConstructor/mod/Prosper or Perish (Population Growth & Food Rework)/main_menu/localization/english/pp_jewelry_guild_l_english.yml
Written:
  /home/jan/development/ProsperOrPerishConstructor/mod/Prosper or Perish (Population Growth & Food Rework)/in_game/common/building_types/zz_pp_jewelry_guild.txt

blueprint: lacquerware_guild.yml

building blueprint render complete.
Planned:
  /home/jan/development/ProsperOrPerishConstructor/mod/Prosper or Perish (Population Growth & Food Rework)/in_game/common/building_types/zz_pp_lacquerware_guild.txt
  /home/jan/development/ProsperOrPerishConstructor/mod/Prosper or Perish (Population Growth & Food Rework)/main_menu/localization/english/pp_lacquerware_guild_l_english.yml
Written:
  /home/jan/development/ProsperOrPerishConstructor/mod/Prosper or Perish (Population Growth & Food Rework)/in_game/common/building_types/zz_pp_lacquerware_guild.txt

blueprint: lacquerware_manufactory.yml

building blueprint render complete.
Planned:
  /home/jan/development/ProsperOrPerishConstructor/mod/Prosper or Perish (Population Growth & Food Rework)/in_game/common/building_types/zz_pp_lacquerware_manufactory.txt
  /home/jan/development/ProsperOrPerishConstructor/mod/Prosper or Perish (Population Growth & Food Rework)/main_menu/localization/english/pp_lacquerware_manufactory_l_english.yml
Written:
  /home/jan/development/ProsperOrPerishConstructor/mod/Prosper or Perish (Population Growth & Food Rework)/in_game/common/building_types/zz_pp_lacquerware_manufactory.txt

blueprint: lucca_silk_production_guild.yml

building blueprint render complete.
Planned:
  /home/jan/development/ProsperOrPerishConstructor/mod/Prosper or Perish (Population Growth & Food Rework)/in_game/common/building_types/zz_pp_lucca_silk_production_guild.txt
  /home/jan/development/ProsperOrPerishConstructor/mod/Prosper or Perish (Population Growth & Food Rework)/main_menu/localization/english/pp_lucca_silk_production_guild_l_english.yml
Written:
  /home/jan/development/ProsperOrPerishConstructor/mod/Prosper or Perish (Population Growth & Food Rework)/in_game/common/building_types/zz_pp_lucca_silk_production_guild.txt

blueprint: mason.yml

building blueprint render complete.
Planned:
  /home/jan/development/ProsperOrPerishConstructor/mod/Prosper or Perish (Population Growth & Food Rework)/in_game/common/building_types/zz_pp_mason.txt
  /home/jan/development/ProsperOrPerishConstructor/mod/Prosper or Perish (Population Growth & Food Rework)/main_menu/localization/english/pp_mason_l_english.yml
Written:
  /home/jan/development/ProsperOrPerishConstructor/mod/Prosper or Perish (Population Growth & Food Rework)/in_game/common/building_types/zz_pp_mason.txt

blueprint: naval_supplies_guild.yml

building blueprint render complete.
Planned:
  /home/jan/development/ProsperOrPerishConstructor/mod/Prosper or Perish (Population Growth & Food Rework)/in_game/common/building_types/zz_pp_naval_supplies_guild.txt
  /home/jan/development/ProsperOrPerishConstructor/mod/Prosper or Perish (Population Growth & Food Rework)/main_menu/localization/english/pp_naval_supplies_guild_l_english.yml
Written:
  /home/jan/development/ProsperOrPerishConstructor/mod/Prosper or Perish (Population Growth & Food Rework)/in_game/common/building_types/zz_pp_naval_supplies_guild.txt

blueprint: naval_supplies_manufactory.yml

building blueprint render complete.
Planned:
  /home/jan/development/ProsperOrPerishConstructor/mod/Prosper or Perish (Population Growth & Food Rework)/in_game/common/building_types/zz_pp_naval_supplies_manufactory.txt
  /home/jan/development/ProsperOrPerishConstructor/mod/Prosper or Perish (Population Growth & Food Rework)/main_menu/localization/english/pp_naval_supplies_manufactory_l_english.yml
Written:
  /home/jan/development/ProsperOrPerishConstructor/mod/Prosper or Perish (Population Growth & Food Rework)/in_game/common/building_types/zz_pp_naval_supplies_manufactory.txt

blueprint: naval_supplies_mill.yml

building blueprint render complete.
Planned:
  /home/jan/development/ProsperOrPerishConstructor/mod/Prosper or Perish (Population Growth & Food Rework)/in_game/common/building_types/zz_pp_naval_supplies_mill.txt
  /home/jan/development/ProsperOrPerishConstructor/mod/Prosper or Perish (Population Growth & Food Rework)/main_menu/localization/english/pp_naval_supplies_mill_l_english.yml
Written:
  /home/jan/development/ProsperOrPerishConstructor/mod/Prosper or Perish (Population Growth & Food Rework)/in_game/common/building_types/zz_pp_naval_supplies_mill.txt

blueprint: naval_supplies_workshop.yml

building blueprint render complete.
Planned:
  /home/jan/development/ProsperOrPerishConstructor/mod/Prosper or Perish (Population Growth & Food Rework)/in_game/common/building_types/zz_pp_naval_supplies_workshop.txt
  /home/jan/development/ProsperOrPerishConstructor/mod/Prosper or Perish (Population Growth & Food Rework)/main_menu/localization/english/pp_naval_supplies_workshop_l_english.yml
Written:
  /home/jan/development/ProsperOrPerishConstructor/mod/Prosper or Perish (Population Growth & Food Rework)/in_game/common/building_types/zz_pp_naval_supplies_workshop.txt

blueprint: paper_guild.yml

building blueprint render complete.
Planned:
  /home/jan/development/ProsperOrPerishConstructor/mod/Prosper or Perish (Population Growth & Food Rework)/in_game/common/building_types/zz_pp_paper_guild.txt
  /home/jan/development/ProsperOrPerishConstructor/mod/Prosper or Perish (Population Growth & Food Rework)/main_menu/localization/english/pp_paper_guild_l_english.yml
Written:
  /home/jan/development/ProsperOrPerishConstructor/mod/Prosper or Perish (Population Growth & Food Rework)/in_game/common/building_types/zz_pp_paper_guild.txt

blueprint: paper_manufactory.yml

building blueprint render complete.
Planned:
  /home/jan/development/ProsperOrPerishConstructor/mod/Prosper or Perish (Population Growth & Food Rework)/in_game/common/building_types/zz_pp_paper_manufactory.txt
  /home/jan/development/ProsperOrPerishConstructor/mod/Prosper or Perish (Population Growth & Food Rework)/main_menu/localization/english/pp_paper_manufactory_l_english.yml
Written:
  /home/jan/development/ProsperOrPerishConstructor/mod/Prosper or Perish (Population Growth & Food Rework)/in_game/common/building_types/zz_pp_paper_manufactory.txt

blueprint: paper_mill.yml

building blueprint render complete.
Planned:
  /home/jan/development/ProsperOrPerishConstructor/mod/Prosper or Perish (Population Growth & Food Rework)/in_game/common/building_types/zz_pp_paper_mill.txt
  /home/jan/development/ProsperOrPerishConstructor/mod/Prosper or Perish (Population Growth & Food Rework)/main_menu/localization/english/pp_paper_mill_l_english.yml
Written:
  /home/jan/development/ProsperOrPerishConstructor/mod/Prosper or Perish (Population Growth & Food Rework)/in_game/common/building_types/zz_pp_paper_mill.txt

blueprint: paper_workshop.yml

building blueprint render complete.
Planned:
  /home/jan/development/ProsperOrPerishConstructor/mod/Prosper or Perish (Population Growth & Food Rework)/in_game/common/building_types/zz_pp_paper_workshop.txt
  /home/jan/development/ProsperOrPerishConstructor/mod/Prosper or Perish (Population Growth & Food Rework)/main_menu/localization/english/pp_paper_workshop_l_english.yml
Written:
  /home/jan/development/ProsperOrPerishConstructor/mod/Prosper or Perish (Population Growth & Food Rework)/in_game/common/building_types/zz_pp_paper_workshop.txt

blueprint: porcelain_guild.yml

building blueprint render complete.
Planned:
  /home/jan/development/ProsperOrPerishConstructor/mod/Prosper or Perish (Population Growth & Food Rework)/in_game/common/building_types/zz_pp_porcelain_guild.txt
  /home/jan/development/ProsperOrPerishConstructor/mod/Prosper or Perish (Population Growth & Food Rework)/main_menu/localization/english/pp_porcelain_guild_l_english.yml
Written:
  /home/jan/development/ProsperOrPerishConstructor/mod/Prosper or Perish (Population Growth & Food Rework)/in_game/common/building_types/zz_pp_porcelain_guild.txt

blueprint: porcelain_manufactory.yml

building blueprint render complete.
Planned:
  /home/jan/development/ProsperOrPerishConstructor/mod/Prosper or Perish (Population Growth & Food Rework)/in_game/common/building_types/zz_pp_porcelain_manufactory.txt
  /home/jan/development/ProsperOrPerishConstructor/mod/Prosper or Perish (Population Growth & Food Rework)/main_menu/localization/english/pp_porcelain_manufactory_l_english.yml
Written:
  /home/jan/development/ProsperOrPerishConstructor/mod/Prosper or Perish (Population Growth & Food Rework)/in_game/common/building_types/zz_pp_porcelain_manufactory.txt

blueprint: pottery_guild.yml

building blueprint render complete.
Planned:
  /home/jan/development/ProsperOrPerishConstructor/mod/Prosper or Perish (Population Growth & Food Rework)/in_game/common/building_types/zz_pp_pottery_guild.txt
  /home/jan/development/ProsperOrPerishConstructor/mod/Prosper or Perish (Population Growth & Food Rework)/main_menu/localization/english/pp_pottery_guild_l_english.yml
Written:
  /home/jan/development/ProsperOrPerishConstructor/mod/Prosper or Perish (Population Growth & Food Rework)/in_game/common/building_types/zz_pp_pottery_guild.txt

blueprint: pottery_manufactory.yml

building blueprint render complete.
Planned:
  /home/jan/development/ProsperOrPerishConstructor/mod/Prosper or Perish (Population Growth & Food Rework)/in_game/common/building_types/zz_pp_pottery_manufactory.txt
  /home/jan/development/ProsperOrPerishConstructor/mod/Prosper or Perish (Population Growth & Food Rework)/main_menu/localization/english/pp_pottery_manufactory_l_english.yml
Written:
  /home/jan/development/ProsperOrPerishConstructor/mod/Prosper or Perish (Population Growth & Food Rework)/in_game/common/building_types/zz_pp_pottery_manufactory.txt

blueprint: pottery_mill.yml

building blueprint render complete.
Planned:
  /home/jan/development/ProsperOrPerishConstructor/mod/Prosper or Perish (Population Growth & Food Rework)/in_game/common/building_types/zz_pp_pottery_mill.txt
  /home/jan/development/ProsperOrPerishConstructor/mod/Prosper or Perish (Population Growth & Food Rework)/main_menu/localization/english/pp_pottery_mill_l_english.yml
Written:
  /home/jan/development/ProsperOrPerishConstructor/mod/Prosper or Perish (Population Growth & Food Rework)/in_game/common/building_types/zz_pp_pottery_mill.txt

blueprint: pottery_workshop.yml

building blueprint render complete.
Planned:
  /home/jan/development/ProsperOrPerishConstructor/mod/Prosper or Perish (Population Growth & Food Rework)/in_game/common/building_types/zz_pp_pottery_workshop.txt
  /home/jan/development/ProsperOrPerishConstructor/mod/Prosper or Perish (Population Growth & Food Rework)/main_menu/localization/english/pp_pottery_workshop_l_english.yml
Written:
  /home/jan/development/ProsperOrPerishConstructor/mod/Prosper or Perish (Population Growth & Food Rework)/in_game/common/building_types/zz_pp_pottery_workshop.txt

blueprint: pounamou_carver.yml

building blueprint render complete.
Planned:
  /home/jan/development/ProsperOrPerishConstructor/mod/Prosper or Perish (Population Growth & Food Rework)/in_game/common/building_types/zz_pp_pounamou_carver.txt
  /home/jan/development/ProsperOrPerishConstructor/mod/Prosper or Perish (Population Growth & Food Rework)/main_menu/localization/english/pp_pounamou_carver_l_english.yml
Written:
  /home/jan/development/ProsperOrPerishConstructor/mod/Prosper or Perish (Population Growth & Food Rework)/in_game/common/building_types/zz_pp_pounamou_carver.txt

blueprint: printing_manufactory.yml

building blueprint render complete.
Planned:
  /home/jan/development/ProsperOrPerishConstructor/mod/Prosper or Perish (Population Growth & Food Rework)/in_game/common/building_types/zz_pp_printing_manufactory.txt
  /home/jan/development/ProsperOrPerishConstructor/mod/Prosper or Perish (Population Growth & Food Rework)/main_menu/localization/english/pp_printing_manufactory_l_english.yml
Written:
  /home/jan/development/ProsperOrPerishConstructor/mod/Prosper or Perish (Population Growth & Food Rework)/in_game/common/building_types/zz_pp_printing_manufactory.txt

blueprint: printing_mill.yml

building blueprint render complete.
Planned:
  /home/jan/development/ProsperOrPerishConstructor/mod/Prosper or Perish (Population Growth & Food Rework)/in_game/common/building_types/zz_pp_printing_mill.txt
  /home/jan/development/ProsperOrPerishConstructor/mod/Prosper or Perish (Population Growth & Food Rework)/main_menu/localization/english/pp_printing_mill_l_english.yml
Written:
  /home/jan/development/ProsperOrPerishConstructor/mod/Prosper or Perish (Population Growth & Food Rework)/in_game/common/building_types/zz_pp_printing_mill.txt

blueprint: printing_press_shop.yml

building blueprint render complete.
Planned:
  /home/jan/development/ProsperOrPerishConstructor/mod/Prosper or Perish (Population Growth & Food Rework)/in_game/common/building_types/zz_pp_printing_press_shop.txt
  /home/jan/development/ProsperOrPerishConstructor/mod/Prosper or Perish (Population Growth & Food Rework)/main_menu/localization/english/pp_printing_press_shop_l_english.yml
Written:
  /home/jan/development/ProsperOrPerishConstructor/mod/Prosper or Perish (Population Growth & Food Rework)/in_game/common/building_types/zz_pp_printing_press_shop.txt

blueprint: rural_clothmaker.yml

building blueprint render complete.
Planned:
  /home/jan/development/ProsperOrPerishConstructor/mod/Prosper or Perish (Population Growth & Food Rework)/in_game/common/building_types/zz_pp_rural_clothmaker.txt
  /home/jan/development/ProsperOrPerishConstructor/mod/Prosper or Perish (Population Growth & Food Rework)/main_menu/localization/english/pp_rural_clothmaker_l_english.yml
Written:
  /home/jan/development/ProsperOrPerishConstructor/mod/Prosper or Perish (Population Growth & Food Rework)/in_game/common/building_types/zz_pp_rural_clothmaker.txt

blueprint: rural_glassmaker.yml

building blueprint render complete.
Planned:
  /home/jan/development/ProsperOrPerishConstructor/mod/Prosper or Perish (Population Growth & Food Rework)/in_game/common/building_types/zz_pp_rural_glassmaker.txt
  /home/jan/development/ProsperOrPerishConstructor/mod/Prosper or Perish (Population Growth & Food Rework)/main_menu/localization/english/pp_rural_glassmaker_l_english.yml
Written:
  /home/jan/development/ProsperOrPerishConstructor/mod/Prosper or Perish (Population Growth & Food Rework)/in_game/common/building_types/zz_pp_rural_glassmaker.txt

blueprint: schwaz_mine.yml

building blueprint render complete.
Planned:
  /home/jan/development/ProsperOrPerishConstructor/mod/Prosper or Perish (Population Growth & Food Rework)/in_game/common/building_types/zz_pp_schwaz_mine.txt
  /home/jan/development/ProsperOrPerishConstructor/mod/Prosper or Perish (Population Growth & Food Rework)/main_menu/localization/english/pp_schwaz_mine_l_english.yml
Written:
  /home/jan/development/ProsperOrPerishConstructor/mod/Prosper or Perish (Population Growth & Food Rework)/in_game/common/building_types/zz_pp_schwaz_mine.txt

blueprint: scriptorium.yml

building blueprint render complete.
Planned:
  /home/jan/development/ProsperOrPerishConstructor/mod/Prosper or Perish (Population Growth & Food Rework)/in_game/common/building_types/zz_pp_scriptorium.txt
  /home/jan/development/ProsperOrPerishConstructor/mod/Prosper or Perish (Population Growth & Food Rework)/main_menu/localization/english/pp_scriptorium_l_english.yml
Written:
  /home/jan/development/ProsperOrPerishConstructor/mod/Prosper or Perish (Population Growth & Food Rework)/in_game/common/building_types/zz_pp_scriptorium.txt

blueprint: shoen.yml

building blueprint render complete.
Planned:
  /home/jan/development/ProsperOrPerishConstructor/mod/Prosper or Perish (Population Growth & Food Rework)/in_game/common/building_types/zz_pp_shoen.txt
  /home/jan/development/ProsperOrPerishConstructor/mod/Prosper or Perish (Population Growth & Food Rework)/main_menu/localization/english/pp_shoen_l_english.yml
Written:
  /home/jan/development/ProsperOrPerishConstructor/mod/Prosper or Perish (Population Growth & Food Rework)/in_game/common/building_types/zz_pp_shoen.txt

blueprint: slave_center.yml

building blueprint render complete.
Planned:
  /home/jan/development/ProsperOrPerishConstructor/mod/Prosper or Perish (Population Growth & Food Rework)/in_game/common/building_types/zz_pp_slave_center.txt
  /home/jan/development/ProsperOrPerishConstructor/mod/Prosper or Perish (Population Growth & Food Rework)/main_menu/localization/english/pp_slave_center_l_english.yml
Written:
  /home/jan/development/ProsperOrPerishConstructor/mod/Prosper or Perish (Population Growth & Food Rework)/in_game/common/building_types/zz_pp_slave_center.txt

blueprint: slave_market.yml

building blueprint render complete.
Planned:
  /home/jan/development/ProsperOrPerishConstructor/mod/Prosper or Perish (Population Growth & Food Rework)/in_game/common/building_types/zz_pp_slave_market.txt
  /home/jan/development/ProsperOrPerishConstructor/mod/Prosper or Perish (Population Growth & Food Rework)/main_menu/localization/english/pp_slave_market_l_english.yml
Written:
  /home/jan/development/ProsperOrPerishConstructor/mod/Prosper or Perish (Population Growth & Food Rework)/in_game/common/building_types/zz_pp_slave_market.txt

blueprint: steel_mill.yml

building blueprint render complete.
Planned:
  /home/jan/development/ProsperOrPerishConstructor/mod/Prosper or Perish (Population Growth & Food Rework)/in_game/common/building_types/zz_pp_steel_mill.txt
  /home/jan/development/ProsperOrPerishConstructor/mod/Prosper or Perish (Population Growth & Food Rework)/main_menu/localization/english/pp_steel_mill_l_english.yml
Written:
  /home/jan/development/ProsperOrPerishConstructor/mod/Prosper or Perish (Population Growth & Food Rework)/in_game/common/building_types/zz_pp_steel_mill.txt

blueprint: tannery.yml

building blueprint render complete.
Planned:
  /home/jan/development/ProsperOrPerishConstructor/mod/Prosper or Perish (Population Growth & Food Rework)/in_game/common/building_types/zz_pp_tannery.txt
  /home/jan/development/ProsperOrPerishConstructor/mod/Prosper or Perish (Population Growth & Food Rework)/main_menu/localization/english/pp_tannery_l_english.yml
Written:
  /home/jan/development/ProsperOrPerishConstructor/mod/Prosper or Perish (Population Growth & Food Rework)/in_game/common/building_types/zz_pp_tannery.txt

blueprint: tannery_manufactory.yml

building blueprint render complete.
Planned:
  /home/jan/development/ProsperOrPerishConstructor/mod/Prosper or Perish (Population Growth & Food Rework)/in_game/common/building_types/zz_pp_tannery_manufactory.txt
  /home/jan/development/ProsperOrPerishConstructor/mod/Prosper or Perish (Population Growth & Food Rework)/main_menu/localization/english/pp_tannery_manufactory_l_english.yml
Written:
  /home/jan/development/ProsperOrPerishConstructor/mod/Prosper or Perish (Population Growth & Food Rework)/in_game/common/building_types/zz_pp_tannery_manufactory.txt

blueprint: tannery_mill.yml

building blueprint render complete.
Planned:
  /home/jan/development/ProsperOrPerishConstructor/mod/Prosper or Perish (Population Growth & Food Rework)/in_game/common/building_types/zz_pp_tannery_mill.txt
  /home/jan/development/ProsperOrPerishConstructor/mod/Prosper or Perish (Population Growth & Food Rework)/main_menu/localization/english/pp_tannery_mill_l_english.yml
Written:
  /home/jan/development/ProsperOrPerishConstructor/mod/Prosper or Perish (Population Growth & Food Rework)/in_game/common/building_types/zz_pp_tannery_mill.txt

blueprint: tanning_workshop.yml

building blueprint render complete.
Planned:
  /home/jan/development/ProsperOrPerishConstructor/mod/Prosper or Perish (Population Growth & Food Rework)/in_game/common/building_types/zz_pp_tanning_workshop.txt
  /home/jan/development/ProsperOrPerishConstructor/mod/Prosper or Perish (Population Growth & Food Rework)/main_menu/localization/english/pp_tanning_workshop_l_english.yml
Written:
  /home/jan/development/ProsperOrPerishConstructor/mod/Prosper or Perish (Population Growth & Food Rework)/in_game/common/building_types/zz_pp_tanning_workshop.txt

blueprint: tar_kiln.yml

building blueprint render complete.
Planned:
  /home/jan/development/ProsperOrPerishConstructor/mod/Prosper or Perish (Population Growth & Food Rework)/in_game/common/building_types/zz_pp_tar_kiln.txt
  /home/jan/development/ProsperOrPerishConstructor/mod/Prosper or Perish (Population Growth & Food Rework)/main_menu/localization/english/pp_tar_kiln_l_english.yml
Written:
  /home/jan/development/ProsperOrPerishConstructor/mod/Prosper or Perish (Population Growth & Food Rework)/in_game/common/building_types/zz_pp_tar_kiln.txt

blueprint: tatara.yml

building blueprint render complete.
Planned:
  /home/jan/development/ProsperOrPerishConstructor/mod/Prosper or Perish (Population Growth & Food Rework)/in_game/common/building_types/zz_pp_tatara.txt
  /home/jan/development/ProsperOrPerishConstructor/mod/Prosper or Perish (Population Growth & Food Rework)/main_menu/localization/english/pp_tatara_l_english.yml
Written:
  /home/jan/development/ProsperOrPerishConstructor/mod/Prosper or Perish (Population Growth & Food Rework)/in_game/common/building_types/zz_pp_tatara.txt

blueprint: textile_mill.yml

building blueprint render complete.
Planned:
  /home/jan/development/ProsperOrPerishConstructor/mod/Prosper or Perish (Population Growth & Food Rework)/in_game/common/building_types/zz_pp_textile_mill.txt
  /home/jan/development/ProsperOrPerishConstructor/mod/Prosper or Perish (Population Growth & Food Rework)/main_menu/localization/english/pp_textile_mill_l_english.yml
Written:
  /home/jan/development/ProsperOrPerishConstructor/mod/Prosper or Perish (Population Growth & Food Rework)/in_game/common/building_types/zz_pp_textile_mill.txt

blueprint: tools_guild.yml

building blueprint render complete.
Planned:
  /home/jan/development/ProsperOrPerishConstructor/mod/Prosper or Perish (Population Growth & Food Rework)/in_game/common/building_types/zz_pp_tools_guild.txt
  /home/jan/development/ProsperOrPerishConstructor/mod/Prosper or Perish (Population Growth & Food Rework)/main_menu/localization/english/pp_tools_guild_l_english.yml
Written:
  /home/jan/development/ProsperOrPerishConstructor/mod/Prosper or Perish (Population Growth & Food Rework)/in_game/common/building_types/zz_pp_tools_guild.txt

blueprint: tools_workshop.yml

building blueprint render complete.
Planned:
  /home/jan/development/ProsperOrPerishConstructor/mod/Prosper or Perish (Population Growth & Food Rework)/in_game/common/building_types/zz_pp_tools_workshop.txt
  /home/jan/development/ProsperOrPerishConstructor/mod/Prosper or Perish (Population Growth & Food Rework)/main_menu/localization/english/pp_tools_workshop_l_english.yml
Written:
  /home/jan/development/ProsperOrPerishConstructor/mod/Prosper or Perish (Population Growth & Food Rework)/in_game/common/building_types/zz_pp_tools_workshop.txt

blueprint: weapon_factory.yml

building blueprint render complete.
Planned:
  /home/jan/development/ProsperOrPerishConstructor/mod/Prosper or Perish (Population Growth & Food Rework)/in_game/common/building_types/zz_pp_weapon_factory.txt
  /home/jan/development/ProsperOrPerishConstructor/mod/Prosper or Perish (Population Growth & Food Rework)/main_menu/localization/english/pp_weapon_factory_l_english.yml
Written:
  /home/jan/development/ProsperOrPerishConstructor/mod/Prosper or Perish (Population Growth & Food Rework)/in_game/common/building_types/zz_pp_weapon_factory.txt

blueprint: weapon_guild.yml

building blueprint render complete.
Planned:
  /home/jan/development/ProsperOrPerishConstructor/mod/Prosper or Perish (Population Growth & Food Rework)/in_game/common/building_types/zz_pp_weapon_guild.txt
  /home/jan/development/ProsperOrPerishConstructor/mod/Prosper or Perish (Population Growth & Food Rework)/main_menu/localization/english/pp_weapon_guild_l_english.yml
Written:
  /home/jan/development/ProsperOrPerishConstructor/mod/Prosper or Perish (Population Growth & Food Rework)/in_game/common/building_types/zz_pp_weapon_guild.txt

blueprint: weapon_manufactory.yml

building blueprint render complete.
Planned:
  /home/jan/development/ProsperOrPerishConstructor/mod/Prosper or Perish (Population Growth & Food Rework)/in_game/common/building_types/zz_pp_weapon_manufactory.txt
  /home/jan/development/ProsperOrPerishConstructor/mod/Prosper or Perish (Population Growth & Food Rework)/main_menu/localization/english/pp_weapon_manufactory_l_english.yml
Written:
  /home/jan/development/ProsperOrPerishConstructor/mod/Prosper or Perish (Population Growth & Food Rework)/in_game/common/building_types/zz_pp_weapon_manufactory.txt

blueprint: weapon_workshop.yml

building blueprint render complete.
Planned:
  /home/jan/development/ProsperOrPerishConstructor/mod/Prosper or Perish (Population Growth & Food Rework)/in_game/common/building_types/zz_pp_weapon_workshop.txt
  /home/jan/development/ProsperOrPerishConstructor/mod/Prosper or Perish (Population Growth & Food Rework)/main_menu/localization/english/pp_weapon_workshop_l_english.yml
Written:
  /home/jan/development/ProsperOrPerishConstructor/mod/Prosper or Perish (Population Growth & Food Rework)/in_game/common/building_types/zz_pp_weapon_workshop.txt

blueprint: winery.yml

building blueprint render complete.
Planned:
  /home/jan/development/ProsperOrPerishConstructor/mod/Prosper or Perish (Population Growth & Food Rework)/in_game/common/building_types/zz_pp_winery.txt
  /home/jan/development/ProsperOrPerishConstructor/mod/Prosper or Perish (Population Growth & Food Rework)/main_menu/localization/english/pp_winery_l_english.yml
Written:
  /home/jan/development/ProsperOrPerishConstructor/mod/Prosper or Perish (Population Growth & Food Rework)/in_game/common/building_types/zz_pp_winery.txt

blueprint: winery_manufactory.yml

building blueprint render complete.
Planned:
  /home/jan/development/ProsperOrPerishConstructor/mod/Prosper or Perish (Population Growth & Food Rework)/in_game/common/building_types/zz_pp_winery_manufactory.txt
  /home/jan/development/ProsperOrPerishConstructor/mod/Prosper or Perish (Population Growth & Food Rework)/main_menu/localization/english/pp_winery_manufactory_l_english.yml
Written:
  /home/jan/development/ProsperOrPerishConstructor/mod/Prosper or Perish (Population Growth & Food Rework)/in_game/common/building_types/zz_pp_winery_manufactory.txt

blueprint: field_management.yml

building blueprint render complete.
Planned:
  /home/jan/development/ProsperOrPerishConstructor/mod/Prosper or Perish (Population Growth & Food Rework)/in_game/common/building_types/zz_pp_field_management.txt
  /home/jan/development/ProsperOrPerishConstructor/mod/Prosper or Perish (Population Growth & Food Rework)/in_game/common/prices/pp_field_management.txt
  /home/jan/development/ProsperOrPerishConstructor/mod/Prosper or Perish (Population Growth & Food Rework)/main_menu/localization/english/pp_field_management_l_english.yml
  /home/jan/development/ProsperOrPerishConstructor/mod/Prosper or Perish (Population Growth & Food Rework)/in_game/gfx/interface/icons/buildings/field_management.dds
Written:
  /home/jan/development/ProsperOrPerishConstructor/mod/Prosper or Perish (Population Growth & Food Rework)/in_game/common/building_types/zz_pp_field_management.txt
Skipped assets:
  /home/jan/development/ProsperOrPerishConstructor/mod/Prosper or Perish (Population Growth & Food Rework)/in_game/gfx/interface/icons/buildings/field_management.dds

blueprint: field_management_convertible.yml

building blueprint render complete.
Planned:
  /home/jan/development/ProsperOrPerishConstructor/mod/Prosper or Perish (Population Growth & Food Rework)/in_game/common/building_types/zz_pp_field_management_convertible.txt
  /home/jan/development/ProsperOrPerishConstructor/mod/Prosper or Perish (Population Growth & Food Rework)/in_game/common/prices/pp_field_management_convertible.txt
  /home/jan/development/ProsperOrPerishConstructor/mod/Prosper or Perish (Population Growth & Food Rework)/in_game/common/advances/pp_field_management_convertible.txt
  /home/jan/development/ProsperOrPerishConstructor/mod/Prosper or Perish (Population Growth & Food Rework)/main_menu/localization/english/pp_field_management_convertible_l_english.yml
  /home/jan/development/ProsperOrPerishConstructor/mod/Prosper or Perish (Population Growth & Food Rework)/in_game/gfx/interface/icons/buildings/field_management_convertible.dds
Written:
  /home/jan/development/ProsperOrPerishConstructor/mod/Prosper or Perish (Population Growth & Food Rework)/in_game/common/building_types/zz_pp_field_management_convertible.txt
Skipped assets:
  /home/jan/development/ProsperOrPerishConstructor/mod/Prosper or Perish (Population Growth & Food Rework)/in_game/gfx/interface/icons/buildings/field_management_convertible.dds

blueprint: field_management_improved.yml

building blueprint render complete.
Planned:
  /home/jan/development/ProsperOrPerishConstructor/mod/Prosper or Perish (Population Growth & Food Rework)/in_game/common/building_types/zz_pp_field_management_improved.txt
  /home/jan/development/ProsperOrPerishConstructor/mod/Prosper or Perish (Population Growth & Food Rework)/in_game/common/prices/pp_field_management_improved.txt
  /home/jan/development/ProsperOrPerishConstructor/mod/Prosper or Perish (Population Growth & Food Rework)/in_game/common/advances/pp_field_management_improved.txt
  /home/jan/development/ProsperOrPerishConstructor/mod/Prosper or Perish (Population Growth & Food Rework)/main_menu/localization/english/pp_field_management_improved_l_english.yml
  /home/jan/development/ProsperOrPerishConstructor/mod/Prosper or Perish (Population Growth & Food Rework)/in_game/gfx/interface/icons/buildings/field_management_improved.dds
Written:
  /home/jan/development/ProsperOrPerishConstructor/mod/Prosper or Perish (Population Growth & Food Rework)/in_game/common/building_types/zz_pp_field_management_improved.txt
Skipped assets:
  /home/jan/development/ProsperOrPerishConstructor/mod/Prosper or Perish (Population Growth & Food Rework)/in_game/gfx/interface/icons/buildings/field_management_improved.dds

blueprint: academy_of_sciences.yml

building blueprint render complete.
Planned:
  /home/jan/development/ProsperOrPerishConstructor/mod/Prosper or Perish (Population Growth & Food Rework)/in_game/common/building_types/zz_pp_academy_of_sciences.txt
Written:
  /home/jan/development/ProsperOrPerishConstructor/mod/Prosper or Perish (Population Growth & Food Rework)/in_game/common/building_types/zz_pp_academy_of_sciences.txt

blueprint: adm_vatican_library.yml

building blueprint render complete.
Planned:
  /home/jan/development/ProsperOrPerishConstructor/mod/Prosper or Perish (Population Growth & Food Rework)/in_game/common/building_types/zz_pp_adm_vatican_library.txt
Written:
  /home/jan/development/ProsperOrPerishConstructor/mod/Prosper or Perish (Population Growth & Food Rework)/in_game/common/building_types/zz_pp_adm_vatican_library.txt

blueprint: admiralty.yml

building blueprint render complete.
Planned:
  /home/jan/development/ProsperOrPerishConstructor/mod/Prosper or Perish (Population Growth & Food Rework)/in_game/common/building_types/zz_pp_admiralty.txt
Written:
  /home/jan/development/ProsperOrPerishConstructor/mod/Prosper or Perish (Population Growth & Food Rework)/in_game/common/building_types/zz_pp_admiralty.txt

blueprint: al_azhar_madrasa.yml

building blueprint render complete.
Planned:
  /home/jan/development/ProsperOrPerishConstructor/mod/Prosper or Perish (Population Growth & Food Rework)/in_game/common/building_types/zz_pp_al_azhar_madrasa.txt
Written:
  /home/jan/development/ProsperOrPerishConstructor/mod/Prosper or Perish (Population Growth & Food Rework)/in_game/common/building_types/zz_pp_al_azhar_madrasa.txt

blueprint: alhambra.yml

building blueprint render complete.
Planned:
  /home/jan/development/ProsperOrPerishConstructor/mod/Prosper or Perish (Population Growth & Food Rework)/in_game/common/building_types/zz_pp_alhambra.txt
Written:
  /home/jan/development/ProsperOrPerishConstructor/mod/Prosper or Perish (Population Growth & Food Rework)/in_game/common/building_types/zz_pp_alhambra.txt

blueprint: ambras_castle.yml

building blueprint render complete.
Planned:
  /home/jan/development/ProsperOrPerishConstructor/mod/Prosper or Perish (Population Growth & Food Rework)/in_game/common/building_types/zz_pp_ambras_castle.txt
Written:
  /home/jan/development/ProsperOrPerishConstructor/mod/Prosper or Perish (Population Growth & Food Rework)/in_game/common/building_types/zz_pp_ambras_castle.txt

blueprint: amsterdam_admiralty.yml

building blueprint render complete.
Planned:
  /home/jan/development/ProsperOrPerishConstructor/mod/Prosper or Perish (Population Growth & Food Rework)/in_game/common/building_types/zz_pp_amsterdam_admiralty.txt
Written:
  /home/jan/development/ProsperOrPerishConstructor/mod/Prosper or Perish (Population Growth & Food Rework)/in_game/common/building_types/zz_pp_amsterdam_admiralty.txt

blueprint: archive_of_the_indies.yml

building blueprint render complete.
Planned:
  /home/jan/development/ProsperOrPerishConstructor/mod/Prosper or Perish (Population Growth & Food Rework)/in_game/common/building_types/zz_pp_archive_of_the_indies.txt
Written:
  /home/jan/development/ProsperOrPerishConstructor/mod/Prosper or Perish (Population Growth & Food Rework)/in_game/common/building_types/zz_pp_archive_of_the_indies.txt

blueprint: art_school.yml

building blueprint render complete.
Planned:
  /home/jan/development/ProsperOrPerishConstructor/mod/Prosper or Perish (Population Growth & Food Rework)/in_game/common/building_types/zz_pp_art_school.txt
Written:
  /home/jan/development/ProsperOrPerishConstructor/mod/Prosper or Perish (Population Growth & Food Rework)/in_game/common/building_types/zz_pp_art_school.txt

blueprint: artisan_guilds.yml

building blueprint render complete.
Planned:
  /home/jan/development/ProsperOrPerishConstructor/mod/Prosper or Perish (Population Growth & Food Rework)/in_game/common/building_types/zz_pp_artisan_guilds.txt
Written:
  /home/jan/development/ProsperOrPerishConstructor/mod/Prosper or Perish (Population Growth & Food Rework)/in_game/common/building_types/zz_pp_artisan_guilds.txt

blueprint: arts_academy.yml

building blueprint render complete.
Planned:
  /home/jan/development/ProsperOrPerishConstructor/mod/Prosper or Perish (Population Growth & Food Rework)/in_game/common/building_types/zz_pp_arts_academy.txt
Written:
  /home/jan/development/ProsperOrPerishConstructor/mod/Prosper or Perish (Population Growth & Food Rework)/in_game/common/building_types/zz_pp_arts_academy.txt

blueprint: bailiff.yml

building blueprint render complete.
Planned:
  /home/jan/development/ProsperOrPerishConstructor/mod/Prosper or Perish (Population Growth & Food Rework)/in_game/common/building_types/zz_pp_bailiff.txt
Written:
  /home/jan/development/ProsperOrPerishConstructor/mod/Prosper or Perish (Population Growth & Food Rework)/in_game/common/building_types/zz_pp_bailiff.txt

blueprint: bajang_ratu.yml

building blueprint render complete.
Planned:
  /home/jan/development/ProsperOrPerishConstructor/mod/Prosper or Perish (Population Growth & Food Rework)/in_game/common/building_types/zz_pp_bajang_ratu.txt
Written:
  /home/jan/development/ProsperOrPerishConstructor/mod/Prosper or Perish (Population Growth & Food Rework)/in_game/common/building_types/zz_pp_bajang_ratu.txt

blueprint: banking_office.yml

building blueprint render complete.
Planned:
  /home/jan/development/ProsperOrPerishConstructor/mod/Prosper or Perish (Population Growth & Food Rework)/in_game/common/building_types/zz_pp_banking_office.txt
Written:
  /home/jan/development/ProsperOrPerishConstructor/mod/Prosper or Perish (Population Growth & Food Rework)/in_game/common/building_types/zz_pp_banking_office.txt

blueprint: barcelona_royal_shipyard.yml

building blueprint render complete.
Planned:
  /home/jan/development/ProsperOrPerishConstructor/mod/Prosper or Perish (Population Growth & Food Rework)/in_game/common/building_types/zz_pp_barcelona_royal_shipyard.txt
Written:
  /home/jan/development/ProsperOrPerishConstructor/mod/Prosper or Perish (Population Growth & Food Rework)/in_game/common/building_types/zz_pp_barcelona_royal_shipyard.txt

blueprint: bardic_school.yml

building blueprint render complete.
Planned:
  /home/jan/development/ProsperOrPerishConstructor/mod/Prosper or Perish (Population Growth & Food Rework)/in_game/common/building_types/zz_pp_bardic_school.txt
Written:
  /home/jan/development/ProsperOrPerishConstructor/mod/Prosper or Perish (Population Growth & Food Rework)/in_game/common/building_types/zz_pp_bardic_school.txt

blueprint: bastion.yml

building blueprint render complete.
Planned:
  /home/jan/development/ProsperOrPerishConstructor/mod/Prosper or Perish (Population Growth & Food Rework)/in_game/common/building_types/zz_pp_bastion.txt
Written:
  /home/jan/development/ProsperOrPerishConstructor/mod/Prosper or Perish (Population Growth & Food Rework)/in_game/common/building_types/zz_pp_bastion.txt

blueprint: bavarian_academy_of_sciences.yml

building blueprint render complete.
Planned:
  /home/jan/development/ProsperOrPerishConstructor/mod/Prosper or Perish (Population Growth & Food Rework)/in_game/common/building_types/zz_pp_bavarian_academy_of_sciences.txt
Written:
  /home/jan/development/ProsperOrPerishConstructor/mod/Prosper or Perish (Population Growth & Food Rework)/in_game/common/building_types/zz_pp_bavarian_academy_of_sciences.txt

blueprint: belvedere_palace.yml

building blueprint render complete.
Planned:
  /home/jan/development/ProsperOrPerishConstructor/mod/Prosper or Perish (Population Growth & Food Rework)/in_game/common/building_types/zz_pp_belvedere_palace.txt
Written:
  /home/jan/development/ProsperOrPerishConstructor/mod/Prosper or Perish (Population Growth & Food Rework)/in_game/common/building_types/zz_pp_belvedere_palace.txt

blueprint: berlin_palace.yml

building blueprint render complete.
Planned:
  /home/jan/development/ProsperOrPerishConstructor/mod/Prosper or Perish (Population Growth & Food Rework)/in_game/common/building_types/zz_pp_berlin_palace.txt
Written:
  /home/jan/development/ProsperOrPerishConstructor/mod/Prosper or Perish (Population Growth & Food Rework)/in_game/common/building_types/zz_pp_berlin_palace.txt

blueprint: bey_fortress.yml

building blueprint render complete.
Planned:
  /home/jan/development/ProsperOrPerishConstructor/mod/Prosper or Perish (Population Growth & Food Rework)/in_game/common/building_types/zz_pp_bey_fortress.txt
Written:
  /home/jan/development/ProsperOrPerishConstructor/mod/Prosper or Perish (Population Growth & Food Rework)/in_game/common/building_types/zz_pp_bey_fortress.txt

blueprint: bibliotheca_corviniana.yml

building blueprint render complete.
Planned:
  /home/jan/development/ProsperOrPerishConstructor/mod/Prosper or Perish (Population Growth & Food Rework)/in_game/common/building_types/zz_pp_bibliotheca_corviniana.txt
Written:
  /home/jan/development/ProsperOrPerishConstructor/mod/Prosper or Perish (Population Growth & Food Rework)/in_game/common/building_types/zz_pp_bibliotheca_corviniana.txt

blueprint: black_market.yml

building blueprint render complete.
Planned:
  /home/jan/development/ProsperOrPerishConstructor/mod/Prosper or Perish (Population Growth & Food Rework)/in_game/common/building_types/zz_pp_black_market.txt
Written:
  /home/jan/development/ProsperOrPerishConstructor/mod/Prosper or Perish (Population Growth & Food Rework)/in_game/common/building_types/zz_pp_black_market.txt

blueprint: bodrum_castle.yml

building blueprint render complete.
Planned:
  /home/jan/development/ProsperOrPerishConstructor/mod/Prosper or Perish (Population Growth & Food Rework)/in_game/common/building_types/zz_pp_bodrum_castle.txt
Written:
  /home/jan/development/ProsperOrPerishConstructor/mod/Prosper or Perish (Population Growth & Food Rework)/in_game/common/building_types/zz_pp_bodrum_castle.txt

blueprint: bolshoi_theater.yml

building blueprint render complete.
Planned:
  /home/jan/development/ProsperOrPerishConstructor/mod/Prosper or Perish (Population Growth & Food Rework)/in_game/common/building_types/zz_pp_bolshoi_theater.txt
Written:
  /home/jan/development/ProsperOrPerishConstructor/mod/Prosper or Perish (Population Growth & Food Rework)/in_game/common/building_types/zz_pp_bolshoi_theater.txt

blueprint: brethren_marsh.yml

building blueprint render complete.
Planned:
  /home/jan/development/ProsperOrPerishConstructor/mod/Prosper or Perish (Population Growth & Food Rework)/in_game/common/building_types/zz_pp_brethren_marsh.txt
Written:
  /home/jan/development/ProsperOrPerishConstructor/mod/Prosper or Perish (Population Growth & Food Rework)/in_game/common/building_types/zz_pp_brethren_marsh.txt

blueprint: bridge_infrastructure.yml

building blueprint render complete.
Planned:
  /home/jan/development/ProsperOrPerishConstructor/mod/Prosper or Perish (Population Growth & Food Rework)/in_game/common/building_types/zz_pp_bridge_infrastructure.txt
Written:
  /home/jan/development/ProsperOrPerishConstructor/mod/Prosper or Perish (Population Growth & Food Rework)/in_game/common/building_types/zz_pp_bridge_infrastructure.txt

blueprint: brothel.yml

building blueprint render complete.
Planned:
  /home/jan/development/ProsperOrPerishConstructor/mod/Prosper or Perish (Population Growth & Food Rework)/in_game/common/building_types/zz_pp_brothel.txt
Written:
  /home/jan/development/ProsperOrPerishConstructor/mod/Prosper or Perish (Population Growth & Food Rework)/in_game/common/building_types/zz_pp_brothel.txt

blueprint: bubu_building.yml

building blueprint render complete.
Planned:
  /home/jan/development/ProsperOrPerishConstructor/mod/Prosper or Perish (Population Growth & Food Rework)/in_game/common/building_types/zz_pp_bubu_building.txt
Written:
  /home/jan/development/ProsperOrPerishConstructor/mod/Prosper or Perish (Population Growth & Food Rework)/in_game/common/building_types/zz_pp_bubu_building.txt

blueprint: bulgarian_administration_center.yml

building blueprint render complete.
Planned:
  /home/jan/development/ProsperOrPerishConstructor/mod/Prosper or Perish (Population Growth & Food Rework)/in_game/common/building_types/zz_pp_bulgarian_administration_center.txt
Written:
  /home/jan/development/ProsperOrPerishConstructor/mod/Prosper or Perish (Population Growth & Food Rework)/in_game/common/building_types/zz_pp_bulgarian_administration_center.txt

blueprint: burgher_mansion.yml

building blueprint render complete.
Planned:
  /home/jan/development/ProsperOrPerishConstructor/mod/Prosper or Perish (Population Growth & Food Rework)/in_game/common/building_types/zz_pp_burgher_mansion.txt
Written:
  /home/jan/development/ProsperOrPerishConstructor/mod/Prosper or Perish (Population Growth & Food Rework)/in_game/common/building_types/zz_pp_burgher_mansion.txt

blueprint: calmecac.yml

building blueprint render complete.
Planned:
  /home/jan/development/ProsperOrPerishConstructor/mod/Prosper or Perish (Population Growth & Food Rework)/in_game/common/building_types/zz_pp_calmecac.txt
Written:
  /home/jan/development/ProsperOrPerishConstructor/mod/Prosper or Perish (Population Growth & Food Rework)/in_game/common/building_types/zz_pp_calmecac.txt

blueprint: calvinist_preachers.yml

building blueprint render complete.
Planned:
  /home/jan/development/ProsperOrPerishConstructor/mod/Prosper or Perish (Population Growth & Food Rework)/in_game/common/building_types/zz_pp_calvinist_preachers.txt
Written:
  /home/jan/development/ProsperOrPerishConstructor/mod/Prosper or Perish (Population Growth & Food Rework)/in_game/common/building_types/zz_pp_calvinist_preachers.txt

blueprint: camara_comptos.yml

building blueprint render complete.
Planned:
  /home/jan/development/ProsperOrPerishConstructor/mod/Prosper or Perish (Population Growth & Food Rework)/in_game/common/building_types/zz_pp_camara_comptos.txt
Written:
  /home/jan/development/ProsperOrPerishConstructor/mod/Prosper or Perish (Population Growth & Food Rework)/in_game/common/building_types/zz_pp_camara_comptos.txt

blueprint: cantonments.yml

building blueprint render complete.
Planned:
  /home/jan/development/ProsperOrPerishConstructor/mod/Prosper or Perish (Population Growth & Food Rework)/in_game/common/building_types/zz_pp_cantonments.txt
Written:
  /home/jan/development/ProsperOrPerishConstructor/mod/Prosper or Perish (Population Growth & Food Rework)/in_game/common/building_types/zz_pp_cantonments.txt

blueprint: caravanserai.yml

building blueprint render complete.
Planned:
  /home/jan/development/ProsperOrPerishConstructor/mod/Prosper or Perish (Population Growth & Food Rework)/in_game/common/building_types/zz_pp_caravanserai.txt
Written:
  /home/jan/development/ProsperOrPerishConstructor/mod/Prosper or Perish (Population Growth & Food Rework)/in_game/common/building_types/zz_pp_caravanserai.txt

blueprint: castel_sant_angelo.yml

building blueprint render complete.
Planned:
  /home/jan/development/ProsperOrPerishConstructor/mod/Prosper or Perish (Population Growth & Food Rework)/in_game/common/building_types/zz_pp_castel_sant_angelo.txt
Written:
  /home/jan/development/ProsperOrPerishConstructor/mod/Prosper or Perish (Population Growth & Food Rework)/in_game/common/building_types/zz_pp_castel_sant_angelo.txt

blueprint: castle.yml

building blueprint render complete.
Planned:
  /home/jan/development/ProsperOrPerishConstructor/mod/Prosper or Perish (Population Growth & Food Rework)/in_game/common/building_types/zz_pp_castle.txt
Written:
  /home/jan/development/ProsperOrPerishConstructor/mod/Prosper or Perish (Population Growth & Food Rework)/in_game/common/building_types/zz_pp_castle.txt

blueprint: cathedral.yml

building blueprint render complete.
Planned:
  /home/jan/development/ProsperOrPerishConstructor/mod/Prosper or Perish (Population Growth & Food Rework)/in_game/common/building_types/zz_pp_cathedral.txt
Written:
  /home/jan/development/ProsperOrPerishConstructor/mod/Prosper or Perish (Population Growth & Food Rework)/in_game/common/building_types/zz_pp_cathedral.txt

blueprint: cawa_barracks.yml

building blueprint render complete.
Planned:
  /home/jan/development/ProsperOrPerishConstructor/mod/Prosper or Perish (Population Growth & Food Rework)/in_game/common/building_types/zz_pp_cawa_barracks.txt
Written:
  /home/jan/development/ProsperOrPerishConstructor/mod/Prosper or Perish (Population Growth & Food Rework)/in_game/common/building_types/zz_pp_cawa_barracks.txt

blueprint: central_bank.yml

building blueprint render complete.
Planned:
  /home/jan/development/ProsperOrPerishConstructor/mod/Prosper or Perish (Population Growth & Food Rework)/in_game/common/building_types/zz_pp_central_bank.txt
Written:
  /home/jan/development/ProsperOrPerishConstructor/mod/Prosper or Perish (Population Growth & Food Rework)/in_game/common/building_types/zz_pp_central_bank.txt

blueprint: charite_of_berlin.yml

building blueprint render complete.
Planned:
  /home/jan/development/ProsperOrPerishConstructor/mod/Prosper or Perish (Population Growth & Food Rework)/in_game/common/building_types/zz_pp_charite_of_berlin.txt
Written:
  /home/jan/development/ProsperOrPerishConstructor/mod/Prosper or Perish (Population Growth & Food Rework)/in_game/common/building_types/zz_pp_charite_of_berlin.txt

blueprint: chi_macau_port.yml

building blueprint render complete.
Planned:
  /home/jan/development/ProsperOrPerishConstructor/mod/Prosper or Perish (Population Growth & Food Rework)/in_game/common/building_types/zz_pp_chi_macau_port.txt
Written:
  /home/jan/development/ProsperOrPerishConstructor/mod/Prosper or Perish (Population Growth & Food Rework)/in_game/common/building_types/zz_pp_chi_macau_port.txt

blueprint: chi_missionary_building.yml

building blueprint render complete.
Planned:
  /home/jan/development/ProsperOrPerishConstructor/mod/Prosper or Perish (Population Growth & Food Rework)/in_game/common/building_types/zz_pp_chi_missionary_building.txt
Written:
  /home/jan/development/ProsperOrPerishConstructor/mod/Prosper or Perish (Population Growth & Food Rework)/in_game/common/building_types/zz_pp_chi_missionary_building.txt

blueprint: cinque_port.yml

building blueprint render complete.
Planned:
  /home/jan/development/ProsperOrPerishConstructor/mod/Prosper or Perish (Population Growth & Food Rework)/in_game/common/building_types/zz_pp_cinque_port.txt
Written:
  /home/jan/development/ProsperOrPerishConstructor/mod/Prosper or Perish (Population Growth & Food Rework)/in_game/common/building_types/zz_pp_cinque_port.txt

blueprint: city_guard.yml

building blueprint render complete.
Planned:
  /home/jan/development/ProsperOrPerishConstructor/mod/Prosper or Perish (Population Growth & Food Rework)/in_game/common/building_types/zz_pp_city_guard.txt
Written:
  /home/jan/development/ProsperOrPerishConstructor/mod/Prosper or Perish (Population Growth & Food Rework)/in_game/common/building_types/zz_pp_city_guard.txt

blueprint: city_of_victory.yml

building blueprint render complete.
Planned:
  /home/jan/development/ProsperOrPerishConstructor/mod/Prosper or Perish (Population Growth & Food Rework)/in_game/common/building_types/zz_pp_city_of_victory.txt
Written:
  /home/jan/development/ProsperOrPerishConstructor/mod/Prosper or Perish (Population Growth & Food Rework)/in_game/common/building_types/zz_pp_city_of_victory.txt

blueprint: city_walls.yml

building blueprint render complete.
Planned:
  /home/jan/development/ProsperOrPerishConstructor/mod/Prosper or Perish (Population Growth & Food Rework)/in_game/common/building_types/zz_pp_city_walls.txt
Written:
  /home/jan/development/ProsperOrPerishConstructor/mod/Prosper or Perish (Population Growth & Food Rework)/in_game/common/building_types/zz_pp_city_walls.txt

blueprint: clan_family_shrine.yml

building blueprint render complete.
Planned:
  /home/jan/development/ProsperOrPerishConstructor/mod/Prosper or Perish (Population Growth & Food Rework)/in_game/common/building_types/zz_pp_clan_family_shrine.txt
Written:
  /home/jan/development/ProsperOrPerishConstructor/mod/Prosper or Perish (Population Growth & Food Rework)/in_game/common/building_types/zz_pp_clan_family_shrine.txt

blueprint: clan_shipyards.yml

building blueprint render complete.
Planned:
  /home/jan/development/ProsperOrPerishConstructor/mod/Prosper or Perish (Population Growth & Food Rework)/in_game/common/building_types/zz_pp_clan_shipyards.txt
Written:
  /home/jan/development/ProsperOrPerishConstructor/mod/Prosper or Perish (Population Growth & Food Rework)/in_game/common/building_types/zz_pp_clan_shipyards.txt

blueprint: clearing_house.yml

building blueprint render complete.
Planned:
  /home/jan/development/ProsperOrPerishConstructor/mod/Prosper or Perish (Population Growth & Food Rework)/in_game/common/building_types/zz_pp_clearing_house.txt
Written:
  /home/jan/development/ProsperOrPerishConstructor/mod/Prosper or Perish (Population Growth & Food Rework)/in_game/common/building_types/zz_pp_clearing_house.txt

blueprint: clerical_archives.yml

building blueprint render complete.
Planned:
  /home/jan/development/ProsperOrPerishConstructor/mod/Prosper or Perish (Population Growth & Food Rework)/in_game/common/building_types/zz_pp_clerical_archives.txt
Written:
  /home/jan/development/ProsperOrPerishConstructor/mod/Prosper or Perish (Population Growth & Food Rework)/in_game/common/building_types/zz_pp_clerical_archives.txt

blueprint: coastal_fort.yml

building blueprint render complete.
Planned:
  /home/jan/development/ProsperOrPerishConstructor/mod/Prosper or Perish (Population Growth & Food Rework)/in_game/common/building_types/zz_pp_coastal_fort.txt
Written:
  /home/jan/development/ProsperOrPerishConstructor/mod/Prosper or Perish (Population Growth & Food Rework)/in_game/common/building_types/zz_pp_coastal_fort.txt

blueprint: coastal_settlements.yml

building blueprint render complete.
Planned:
  /home/jan/development/ProsperOrPerishConstructor/mod/Prosper or Perish (Population Growth & Food Rework)/in_game/common/building_types/zz_pp_coastal_settlements.txt
Written:
  /home/jan/development/ProsperOrPerishConstructor/mod/Prosper or Perish (Population Growth & Food Rework)/in_game/common/building_types/zz_pp_coastal_settlements.txt

blueprint: college_of_poets.yml

building blueprint render complete.
Planned:
  /home/jan/development/ProsperOrPerishConstructor/mod/Prosper or Perish (Population Growth & Food Rework)/in_game/common/building_types/zz_pp_college_of_poets.txt
Written:
  /home/jan/development/ProsperOrPerishConstructor/mod/Prosper or Perish (Population Growth & Food Rework)/in_game/common/building_types/zz_pp_college_of_poets.txt

blueprint: colonial_administration.yml

building blueprint render complete.
Planned:
  /home/jan/development/ProsperOrPerishConstructor/mod/Prosper or Perish (Population Growth & Food Rework)/in_game/common/building_types/zz_pp_colonial_administration.txt
Written:
  /home/jan/development/ProsperOrPerishConstructor/mod/Prosper or Perish (Population Growth & Food Rework)/in_game/common/building_types/zz_pp_colonial_administration.txt

blueprint: commerce_center.yml

building blueprint render complete.
Planned:
  /home/jan/development/ProsperOrPerishConstructor/mod/Prosper or Perish (Population Growth & Food Rework)/in_game/common/building_types/zz_pp_commerce_center.txt
Written:
  /home/jan/development/ProsperOrPerishConstructor/mod/Prosper or Perish (Population Growth & Food Rework)/in_game/common/building_types/zz_pp_commerce_center.txt

blueprint: confucian_academy.yml

building blueprint render complete.
Planned:
  /home/jan/development/ProsperOrPerishConstructor/mod/Prosper or Perish (Population Growth & Food Rework)/in_game/common/building_types/zz_pp_confucian_academy.txt
Written:
  /home/jan/development/ProsperOrPerishConstructor/mod/Prosper or Perish (Population Growth & Food Rework)/in_game/common/building_types/zz_pp_confucian_academy.txt

blueprint: confucian_school.yml

building blueprint render complete.
Planned:
  /home/jan/development/ProsperOrPerishConstructor/mod/Prosper or Perish (Population Growth & Food Rework)/in_game/common/building_types/zz_pp_confucian_school.txt
Written:
  /home/jan/development/ProsperOrPerishConstructor/mod/Prosper or Perish (Population Growth & Food Rework)/in_game/common/building_types/zz_pp_confucian_school.txt

blueprint: constantinople_observatory.yml

building blueprint render complete.
Planned:
  /home/jan/development/ProsperOrPerishConstructor/mod/Prosper or Perish (Population Growth & Food Rework)/in_game/common/building_types/zz_pp_constantinople_observatory.txt
Written:
  /home/jan/development/ProsperOrPerishConstructor/mod/Prosper or Perish (Population Growth & Food Rework)/in_game/common/building_types/zz_pp_constantinople_observatory.txt

blueprint: copenhagen_dockyard.yml

building blueprint render complete.
Planned:
  /home/jan/development/ProsperOrPerishConstructor/mod/Prosper or Perish (Population Growth & Food Rework)/in_game/common/building_types/zz_pp_copenhagen_dockyard.txt
Written:
  /home/jan/development/ProsperOrPerishConstructor/mod/Prosper or Perish (Population Growth & Food Rework)/in_game/common/building_types/zz_pp_copenhagen_dockyard.txt

blueprint: corporation_of_london.yml

building blueprint render complete.
Planned:
  /home/jan/development/ProsperOrPerishConstructor/mod/Prosper or Perish (Population Growth & Food Rework)/in_game/common/building_types/zz_pp_corporation_of_london.txt
Written:
  /home/jan/development/ProsperOrPerishConstructor/mod/Prosper or Perish (Population Growth & Food Rework)/in_game/common/building_types/zz_pp_corporation_of_london.txt

blueprint: council_hall.yml

building blueprint render complete.
Planned:
  /home/jan/development/ProsperOrPerishConstructor/mod/Prosper or Perish (Population Growth & Food Rework)/in_game/common/building_types/zz_pp_council_hall.txt
Written:
  /home/jan/development/ProsperOrPerishConstructor/mod/Prosper or Perish (Population Growth & Food Rework)/in_game/common/building_types/zz_pp_council_hall.txt

blueprint: counting_house.yml

building blueprint render complete.
Planned:
  /home/jan/development/ProsperOrPerishConstructor/mod/Prosper or Perish (Population Growth & Food Rework)/in_game/common/building_types/zz_pp_counting_house.txt
Written:
  /home/jan/development/ProsperOrPerishConstructor/mod/Prosper or Perish (Population Growth & Food Rework)/in_game/common/building_types/zz_pp_counting_house.txt

blueprint: customs_house.yml

building blueprint render complete.
Planned:
  /home/jan/development/ProsperOrPerishConstructor/mod/Prosper or Perish (Population Growth & Food Rework)/in_game/common/building_types/zz_pp_customs_house.txt
Written:
  /home/jan/development/ProsperOrPerishConstructor/mod/Prosper or Perish (Population Growth & Food Rework)/in_game/common/building_types/zz_pp_customs_house.txt

blueprint: darussifa.yml

building blueprint render complete.
Planned:
  /home/jan/development/ProsperOrPerishConstructor/mod/Prosper or Perish (Population Growth & Food Rework)/in_game/common/building_types/zz_pp_darussifa.txt
Written:
  /home/jan/development/ProsperOrPerishConstructor/mod/Prosper or Perish (Population Growth & Food Rework)/in_game/common/building_types/zz_pp_darussifa.txt

blueprint: debere_meshwae.yml

building blueprint render complete.
Planned:
  /home/jan/development/ProsperOrPerishConstructor/mod/Prosper or Perish (Population Growth & Food Rework)/in_game/common/building_types/zz_pp_debere_meshwae.txt
Written:
  /home/jan/development/ProsperOrPerishConstructor/mod/Prosper or Perish (Population Growth & Food Rework)/in_game/common/building_types/zz_pp_debere_meshwae.txt

blueprint: delhi_tomb.yml

building blueprint render complete.
Planned:
  /home/jan/development/ProsperOrPerishConstructor/mod/Prosper or Perish (Population Growth & Food Rework)/in_game/common/building_types/zz_pp_delhi_tomb.txt
Written:
  /home/jan/development/ProsperOrPerishConstructor/mod/Prosper or Perish (Population Growth & Food Rework)/in_game/common/building_types/zz_pp_delhi_tomb.txt

blueprint: dip_vatican_library.yml

building blueprint render complete.
Planned:
  /home/jan/development/ProsperOrPerishConstructor/mod/Prosper or Perish (Population Growth & Food Rework)/in_game/common/building_types/zz_pp_dip_vatican_library.txt
Written:
  /home/jan/development/ProsperOrPerishConstructor/mod/Prosper or Perish (Population Growth & Food Rework)/in_game/common/building_types/zz_pp_dip_vatican_library.txt

blueprint: doges_palace.yml

building blueprint render complete.
Planned:
  /home/jan/development/ProsperOrPerishConstructor/mod/Prosper or Perish (Population Growth & Food Rework)/in_game/common/building_types/zz_pp_doges_palace.txt
Written:
  /home/jan/development/ProsperOrPerishConstructor/mod/Prosper or Perish (Population Growth & Food Rework)/in_game/common/building_types/zz_pp_doges_palace.txt

blueprint: dun_fort.yml

building blueprint render complete.
Planned:
  /home/jan/development/ProsperOrPerishConstructor/mod/Prosper or Perish (Population Growth & Food Rework)/in_game/common/building_types/zz_pp_dun_fort.txt
Written:
  /home/jan/development/ProsperOrPerishConstructor/mod/Prosper or Perish (Population Growth & Food Rework)/in_game/common/building_types/zz_pp_dun_fort.txt

blueprint: dutch_trade_outpost.yml

building blueprint render complete.
Planned:
  /home/jan/development/ProsperOrPerishConstructor/mod/Prosper or Perish (Population Growth & Food Rework)/in_game/common/building_types/zz_pp_dutch_trade_outpost.txt
Written:
  /home/jan/development/ProsperOrPerishConstructor/mod/Prosper or Perish (Population Growth & Food Rework)/in_game/common/building_types/zz_pp_dutch_trade_outpost.txt

blueprint: early_council_hall.yml

building blueprint render complete.
Planned:
  /home/jan/development/ProsperOrPerishConstructor/mod/Prosper or Perish (Population Growth & Food Rework)/in_game/common/building_types/zz_pp_early_council_hall.txt
Written:
  /home/jan/development/ProsperOrPerishConstructor/mod/Prosper or Perish (Population Growth & Food Rework)/in_game/common/building_types/zz_pp_early_council_hall.txt

blueprint: eghabho_nore_mansion.yml

building blueprint render complete.
Planned:
  /home/jan/development/ProsperOrPerishConstructor/mod/Prosper or Perish (Population Growth & Food Rework)/in_game/common/building_types/zz_pp_eghabho_nore_mansion.txt
Written:
  /home/jan/development/ProsperOrPerishConstructor/mod/Prosper or Perish (Population Growth & Food Rework)/in_game/common/building_types/zz_pp_eghabho_nore_mansion.txt

blueprint: el_escorial_palace.yml

building blueprint render complete.
Planned:
  /home/jan/development/ProsperOrPerishConstructor/mod/Prosper or Perish (Population Growth & Food Rework)/in_game/common/building_types/zz_pp_el_escorial_palace.txt
Written:
  /home/jan/development/ProsperOrPerishConstructor/mod/Prosper or Perish (Population Growth & Food Rework)/in_game/common/building_types/zz_pp_el_escorial_palace.txt

blueprint: embassy.yml

building blueprint render complete.
Planned:
  /home/jan/development/ProsperOrPerishConstructor/mod/Prosper or Perish (Population Growth & Food Rework)/in_game/common/building_types/zz_pp_embassy.txt
Written:
  /home/jan/development/ProsperOrPerishConstructor/mod/Prosper or Perish (Population Growth & Food Rework)/in_game/common/building_types/zz_pp_embassy.txt

blueprint: enderun_academy.yml

building blueprint render complete.
Planned:
  /home/jan/development/ProsperOrPerishConstructor/mod/Prosper or Perish (Population Growth & Food Rework)/in_game/common/building_types/zz_pp_enderun_academy.txt
Written:
  /home/jan/development/ProsperOrPerishConstructor/mod/Prosper or Perish (Population Growth & Food Rework)/in_game/common/building_types/zz_pp_enderun_academy.txt

blueprint: entrepot.yml

building blueprint render complete.
Planned:
  /home/jan/development/ProsperOrPerishConstructor/mod/Prosper or Perish (Population Growth & Food Rework)/in_game/common/building_types/zz_pp_entrepot.txt
Written:
  /home/jan/development/ProsperOrPerishConstructor/mod/Prosper or Perish (Population Growth & Food Rework)/in_game/common/building_types/zz_pp_entrepot.txt

blueprint: festival_grounds.yml

building blueprint render complete.
Planned:
  /home/jan/development/ProsperOrPerishConstructor/mod/Prosper or Perish (Population Growth & Food Rework)/in_game/common/building_types/zz_pp_festival_grounds.txt
Written:
  /home/jan/development/ProsperOrPerishConstructor/mod/Prosper or Perish (Population Growth & Food Rework)/in_game/common/building_types/zz_pp_festival_grounds.txt

blueprint: fondaco.yml

building blueprint render complete.
Planned:
  /home/jan/development/ProsperOrPerishConstructor/mod/Prosper or Perish (Population Growth & Food Rework)/in_game/common/building_types/zz_pp_fondaco.txt
Written:
  /home/jan/development/ProsperOrPerishConstructor/mod/Prosper or Perish (Population Growth & Food Rework)/in_game/common/building_types/zz_pp_fondaco.txt

blueprint: forbidden_city.yml

building blueprint render complete.
Planned:
  /home/jan/development/ProsperOrPerishConstructor/mod/Prosper or Perish (Population Growth & Food Rework)/in_game/common/building_types/zz_pp_forbidden_city.txt
Written:
  /home/jan/development/ProsperOrPerishConstructor/mod/Prosper or Perish (Population Growth & Food Rework)/in_game/common/building_types/zz_pp_forbidden_city.txt

blueprint: fortezza_di_sant_andrea.yml

building blueprint render complete.
Planned:
  /home/jan/development/ProsperOrPerishConstructor/mod/Prosper or Perish (Population Growth & Food Rework)/in_game/common/building_types/zz_pp_fortezza_di_sant_andrea.txt
Written:
  /home/jan/development/ProsperOrPerishConstructor/mod/Prosper or Perish (Population Growth & Food Rework)/in_game/common/building_types/zz_pp_fortezza_di_sant_andrea.txt

blueprint: fortress.yml

building blueprint render complete.
Planned:
  /home/jan/development/ProsperOrPerishConstructor/mod/Prosper or Perish (Population Growth & Food Rework)/in_game/common/building_types/zz_pp_fortress.txt
Written:
  /home/jan/development/ProsperOrPerishConstructor/mod/Prosper or Perish (Population Growth & Food Rework)/in_game/common/building_types/zz_pp_fortress.txt

blueprint: fortress_church.yml

building blueprint render complete.
Planned:
  /home/jan/development/ProsperOrPerishConstructor/mod/Prosper or Perish (Population Growth & Food Rework)/in_game/common/building_types/zz_pp_fortress_church.txt
Written:
  /home/jan/development/ProsperOrPerishConstructor/mod/Prosper or Perish (Population Growth & Food Rework)/in_game/common/building_types/zz_pp_fortress_church.txt

blueprint: fortress_granary.yml

building blueprint render complete.
Planned:
  /home/jan/development/ProsperOrPerishConstructor/mod/Prosper or Perish (Population Growth & Food Rework)/in_game/common/building_types/zz_pp_fortress_granary.txt
Written:
  /home/jan/development/ProsperOrPerishConstructor/mod/Prosper or Perish (Population Growth & Food Rework)/in_game/common/building_types/zz_pp_fortress_granary.txt

blueprint: fra_louvre_museum.yml

building blueprint render complete.
Planned:
  /home/jan/development/ProsperOrPerishConstructor/mod/Prosper or Perish (Population Growth & Food Rework)/in_game/common/building_types/zz_pp_fra_louvre_museum.txt
Written:
  /home/jan/development/ProsperOrPerishConstructor/mod/Prosper or Perish (Population Growth & Food Rework)/in_game/common/building_types/zz_pp_fra_louvre_museum.txt

blueprint: free_economic_society.yml

building blueprint render complete.
Planned:
  /home/jan/development/ProsperOrPerishConstructor/mod/Prosper or Perish (Population Growth & Food Rework)/in_game/common/building_types/zz_pp_free_economic_society.txt
Written:
  /home/jan/development/ProsperOrPerishConstructor/mod/Prosper or Perish (Population Growth & Food Rework)/in_game/common/building_types/zz_pp_free_economic_society.txt

blueprint: free_village.yml

building blueprint render complete.
Planned:
  /home/jan/development/ProsperOrPerishConstructor/mod/Prosper or Perish (Population Growth & Food Rework)/in_game/common/building_types/zz_pp_free_village.txt
Written:
  /home/jan/development/ProsperOrPerishConstructor/mod/Prosper or Perish (Population Growth & Food Rework)/in_game/common/building_types/zz_pp_free_village.txt

blueprint: friesland_admiralty.yml

building blueprint render complete.
Planned:
  /home/jan/development/ProsperOrPerishConstructor/mod/Prosper or Perish (Population Growth & Food Rework)/in_game/common/building_types/zz_pp_friesland_admiralty.txt
Written:
  /home/jan/development/ProsperOrPerishConstructor/mod/Prosper or Perish (Population Growth & Food Rework)/in_game/common/building_types/zz_pp_friesland_admiralty.txt

blueprint: fulani_cattle_rearing_pen.yml

building blueprint render complete.
Planned:
  /home/jan/development/ProsperOrPerishConstructor/mod/Prosper or Perish (Population Growth & Food Rework)/in_game/common/building_types/zz_pp_fulani_cattle_rearing_pen.txt
Written:
  /home/jan/development/ProsperOrPerishConstructor/mod/Prosper or Perish (Population Growth & Food Rework)/in_game/common/building_types/zz_pp_fulani_cattle_rearing_pen.txt

blueprint: galata.yml

building blueprint render complete.
Planned:
  /home/jan/development/ProsperOrPerishConstructor/mod/Prosper or Perish (Population Growth & Food Rework)/in_game/common/building_types/zz_pp_galata.txt
Written:
  /home/jan/development/ProsperOrPerishConstructor/mod/Prosper or Perish (Population Growth & Food Rework)/in_game/common/building_types/zz_pp_galata.txt

blueprint: galley_barracks.yml

building blueprint render complete.
Planned:
  /home/jan/development/ProsperOrPerishConstructor/mod/Prosper or Perish (Population Growth & Food Rework)/in_game/common/building_types/zz_pp_galley_barracks.txt
Written:
  /home/jan/development/ProsperOrPerishConstructor/mod/Prosper or Perish (Population Growth & Food Rework)/in_game/common/building_types/zz_pp_galley_barracks.txt

blueprint: gallowglass_sept.yml

building blueprint render complete.
Planned:
  /home/jan/development/ProsperOrPerishConstructor/mod/Prosper or Perish (Population Growth & Food Rework)/in_game/common/building_types/zz_pp_gallowglass_sept.txt
Written:
  /home/jan/development/ProsperOrPerishConstructor/mod/Prosper or Perish (Population Growth & Food Rework)/in_game/common/building_types/zz_pp_gallowglass_sept.txt

blueprint: general_archive_of_simancas.yml

building blueprint render complete.
Planned:
  /home/jan/development/ProsperOrPerishConstructor/mod/Prosper or Perish (Population Growth & Food Rework)/in_game/common/building_types/zz_pp_general_archive_of_simancas.txt
Written:
  /home/jan/development/ProsperOrPerishConstructor/mod/Prosper or Perish (Population Growth & Food Rework)/in_game/common/building_types/zz_pp_general_archive_of_simancas.txt

blueprint: german_mountain_toll_castle.yml

building blueprint render complete.
Planned:
  /home/jan/development/ProsperOrPerishConstructor/mod/Prosper or Perish (Population Growth & Food Rework)/in_game/common/building_types/zz_pp_german_mountain_toll_castle.txt
Written:
  /home/jan/development/ProsperOrPerishConstructor/mod/Prosper or Perish (Population Growth & Food Rework)/in_game/common/building_types/zz_pp_german_mountain_toll_castle.txt

blueprint: german_river_toll_castle.yml

building blueprint render complete.
Planned:
  /home/jan/development/ProsperOrPerishConstructor/mod/Prosper or Perish (Population Growth & Food Rework)/in_game/common/building_types/zz_pp_german_river_toll_castle.txt
Written:
  /home/jan/development/ProsperOrPerishConstructor/mod/Prosper or Perish (Population Growth & Food Rework)/in_game/common/building_types/zz_pp_german_river_toll_castle.txt

blueprint: ghilman_barracks.yml

building blueprint render complete.
Planned:
  /home/jan/development/ProsperOrPerishConstructor/mod/Prosper or Perish (Population Growth & Food Rework)/in_game/common/building_types/zz_pp_ghilman_barracks.txt
Written:
  /home/jan/development/ProsperOrPerishConstructor/mod/Prosper or Perish (Population Growth & Food Rework)/in_game/common/building_types/zz_pp_ghilman_barracks.txt

blueprint: globe_theatre.yml

building blueprint render complete.
Planned:
  /home/jan/development/ProsperOrPerishConstructor/mod/Prosper or Perish (Population Growth & Food Rework)/in_game/common/building_types/zz_pp_globe_theatre.txt
Written:
  /home/jan/development/ProsperOrPerishConstructor/mod/Prosper or Perish (Population Growth & Food Rework)/in_game/common/building_types/zz_pp_globe_theatre.txt

blueprint: gosho.yml

building blueprint render complete.
Planned:
  /home/jan/development/ProsperOrPerishConstructor/mod/Prosper or Perish (Population Growth & Food Rework)/in_game/common/building_types/zz_pp_gosho.txt
Written:
  /home/jan/development/ProsperOrPerishConstructor/mod/Prosper or Perish (Population Growth & Food Rework)/in_game/common/building_types/zz_pp_gosho.txt

blueprint: grand_apartment.yml

building blueprint render complete.
Planned:
  /home/jan/development/ProsperOrPerishConstructor/mod/Prosper or Perish (Population Growth & Food Rework)/in_game/common/building_types/zz_pp_grand_apartment.txt
Written:
  /home/jan/development/ProsperOrPerishConstructor/mod/Prosper or Perish (Population Growth & Food Rework)/in_game/common/building_types/zz_pp_grand_apartment.txt

blueprint: grand_marketplace.yml

building blueprint render complete.
Planned:
  /home/jan/development/ProsperOrPerishConstructor/mod/Prosper or Perish (Population Growth & Food Rework)/in_game/common/building_types/zz_pp_grand_marketplace.txt
Written:
  /home/jan/development/ProsperOrPerishConstructor/mod/Prosper or Perish (Population Growth & Food Rework)/in_game/common/building_types/zz_pp_grand_marketplace.txt

blueprint: grand_palace.yml

building blueprint render complete.
Planned:
  /home/jan/development/ProsperOrPerishConstructor/mod/Prosper or Perish (Population Growth & Food Rework)/in_game/common/building_types/zz_pp_grand_palace.txt
Written:
  /home/jan/development/ProsperOrPerishConstructor/mod/Prosper or Perish (Population Growth & Food Rework)/in_game/common/building_types/zz_pp_grand_palace.txt

blueprint: great_enclosure.yml

building blueprint render complete.
Planned:
  /home/jan/development/ProsperOrPerishConstructor/mod/Prosper or Perish (Population Growth & Food Rework)/in_game/common/building_types/zz_pp_great_enclosure.txt
Written:
  /home/jan/development/ProsperOrPerishConstructor/mod/Prosper or Perish (Population Growth & Food Rework)/in_game/common/building_types/zz_pp_great_enclosure.txt

blueprint: great_hill_complex.yml

building blueprint render complete.
Planned:
  /home/jan/development/ProsperOrPerishConstructor/mod/Prosper or Perish (Population Growth & Food Rework)/in_game/common/building_types/zz_pp_great_hill_complex.txt
Written:
  /home/jan/development/ProsperOrPerishConstructor/mod/Prosper or Perish (Population Growth & Food Rework)/in_game/common/building_types/zz_pp_great_hill_complex.txt

blueprint: great_madrasa.yml

building blueprint render complete.
Planned:
  /home/jan/development/ProsperOrPerishConstructor/mod/Prosper or Perish (Population Growth & Food Rework)/in_game/common/building_types/zz_pp_great_madrasa.txt
Written:
  /home/jan/development/ProsperOrPerishConstructor/mod/Prosper or Perish (Population Growth & Food Rework)/in_game/common/building_types/zz_pp_great_madrasa.txt

blueprint: great_temple_of_tenochtitlan.yml

building blueprint render complete.
Planned:
  /home/jan/development/ProsperOrPerishConstructor/mod/Prosper or Perish (Population Growth & Food Rework)/in_game/common/building_types/zz_pp_great_temple_of_tenochtitlan.txt
Written:
  /home/jan/development/ProsperOrPerishConstructor/mod/Prosper or Perish (Population Growth & Food Rework)/in_game/common/building_types/zz_pp_great_temple_of_tenochtitlan.txt

blueprint: great_valley_complex.yml

building blueprint render complete.
Planned:
  /home/jan/development/ProsperOrPerishConstructor/mod/Prosper or Perish (Population Growth & Food Rework)/in_game/common/building_types/zz_pp_great_valley_complex.txt
Written:
  /home/jan/development/ProsperOrPerishConstructor/mod/Prosper or Perish (Population Growth & Food Rework)/in_game/common/building_types/zz_pp_great_valley_complex.txt

blueprint: greek_latin_academy.yml

building blueprint render complete.
Planned:
  /home/jan/development/ProsperOrPerishConstructor/mod/Prosper or Perish (Population Growth & Food Rework)/in_game/common/building_types/zz_pp_greek_latin_academy.txt
Written:
  /home/jan/development/ProsperOrPerishConstructor/mod/Prosper or Perish (Population Growth & Food Rework)/in_game/common/building_types/zz_pp_greek_latin_academy.txt

blueprint: guich_garrison.yml

building blueprint render complete.
Planned:
  /home/jan/development/ProsperOrPerishConstructor/mod/Prosper or Perish (Population Growth & Food Rework)/in_game/common/building_types/zz_pp_guich_garrison.txt
Written:
  /home/jan/development/ProsperOrPerishConstructor/mod/Prosper or Perish (Population Growth & Food Rework)/in_game/common/building_types/zz_pp_guich_garrison.txt

blueprint: guild_hall.yml

building blueprint render complete.
Planned:
  /home/jan/development/ProsperOrPerishConstructor/mod/Prosper or Perish (Population Growth & Food Rework)/in_game/common/building_types/zz_pp_guild_hall.txt
Written:
  /home/jan/development/ProsperOrPerishConstructor/mod/Prosper or Perish (Population Growth & Food Rework)/in_game/common/building_types/zz_pp_guild_hall.txt

blueprint: gurgaddi.yml

building blueprint render complete.
Planned:
  /home/jan/development/ProsperOrPerishConstructor/mod/Prosper or Perish (Population Growth & Food Rework)/in_game/common/building_types/zz_pp_gurgaddi.txt
Written:
  /home/jan/development/ProsperOrPerishConstructor/mod/Prosper or Perish (Population Growth & Food Rework)/in_game/common/building_types/zz_pp_gurgaddi.txt

blueprint: hanseatic_kontor.yml

building blueprint render complete.
Planned:
  /home/jan/development/ProsperOrPerishConstructor/mod/Prosper or Perish (Population Growth & Food Rework)/in_game/common/building_types/zz_pp_hanseatic_kontor.txt
Written:
  /home/jan/development/ProsperOrPerishConstructor/mod/Prosper or Perish (Population Growth & Food Rework)/in_game/common/building_types/zz_pp_hanseatic_kontor.txt

blueprint: hanseatic_shipwright_guild.yml

building blueprint render complete.
Planned:
  /home/jan/development/ProsperOrPerishConstructor/mod/Prosper or Perish (Population Growth & Food Rework)/in_game/common/building_types/zz_pp_hanseatic_shipwright_guild.txt
Written:
  /home/jan/development/ProsperOrPerishConstructor/mod/Prosper or Perish (Population Growth & Food Rework)/in_game/common/building_types/zz_pp_hanseatic_shipwright_guild.txt

blueprint: hanseatic_town_hall.yml

building blueprint render complete.
Planned:
  /home/jan/development/ProsperOrPerishConstructor/mod/Prosper or Perish (Population Growth & Food Rework)/in_game/common/building_types/zz_pp_hanseatic_town_hall.txt
Written:
  /home/jan/development/ProsperOrPerishConstructor/mod/Prosper or Perish (Population Growth & Food Rework)/in_game/common/building_types/zz_pp_hanseatic_town_hall.txt

blueprint: herrenchiemsee_abbey.yml

building blueprint render complete.
Planned:
  /home/jan/development/ProsperOrPerishConstructor/mod/Prosper or Perish (Population Growth & Food Rework)/in_game/common/building_types/zz_pp_herrenchiemsee_abbey.txt
Written:
  /home/jan/development/ProsperOrPerishConstructor/mod/Prosper or Perish (Population Growth & Food Rework)/in_game/common/building_types/zz_pp_herrenchiemsee_abbey.txt

blueprint: hexamilion_wall.yml

building blueprint render complete.
Planned:
  /home/jan/development/ProsperOrPerishConstructor/mod/Prosper or Perish (Population Growth & Food Rework)/in_game/common/building_types/zz_pp_hexamilion_wall.txt
Written:
  /home/jan/development/ProsperOrPerishConstructor/mod/Prosper or Perish (Population Growth & Food Rework)/in_game/common/building_types/zz_pp_hexamilion_wall.txt

blueprint: hippodrome.yml

building blueprint render complete.
Planned:
  /home/jan/development/ProsperOrPerishConstructor/mod/Prosper or Perish (Population Growth & Food Rework)/in_game/common/building_types/zz_pp_hippodrome.txt
Written:
  /home/jan/development/ProsperOrPerishConstructor/mod/Prosper or Perish (Population Growth & Food Rework)/in_game/common/building_types/zz_pp_hippodrome.txt

blueprint: hospital.yml

building blueprint render complete.
Planned:
  /home/jan/development/ProsperOrPerishConstructor/mod/Prosper or Perish (Population Growth & Food Rework)/in_game/common/building_types/zz_pp_hospital.txt
Written:
  /home/jan/development/ProsperOrPerishConstructor/mod/Prosper or Perish (Population Growth & Food Rework)/in_game/common/building_types/zz_pp_hospital.txt

blueprint: hre_imperial_armory_foreign.yml

building blueprint render complete.
Planned:
  /home/jan/development/ProsperOrPerishConstructor/mod/Prosper or Perish (Population Growth & Food Rework)/in_game/common/building_types/zz_pp_hre_imperial_armory_foreign.txt
Written:
  /home/jan/development/ProsperOrPerishConstructor/mod/Prosper or Perish (Population Growth & Food Rework)/in_game/common/building_types/zz_pp_hre_imperial_armory_foreign.txt

blueprint: hre_imperial_armory_own.yml

building blueprint render complete.
Planned:
  /home/jan/development/ProsperOrPerishConstructor/mod/Prosper or Perish (Population Growth & Food Rework)/in_game/common/building_types/zz_pp_hre_imperial_armory_own.txt
Written:
  /home/jan/development/ProsperOrPerishConstructor/mod/Prosper or Perish (Population Growth & Food Rework)/in_game/common/building_types/zz_pp_hre_imperial_armory_own.txt

blueprint: hsa_burgtor.yml

building blueprint render complete.
Planned:
  /home/jan/development/ProsperOrPerishConstructor/mod/Prosper or Perish (Population Growth & Food Rework)/in_game/common/building_types/zz_pp_hsa_burgtor.txt
Written:
  /home/jan/development/ProsperOrPerishConstructor/mod/Prosper or Perish (Population Growth & Food Rework)/in_game/common/building_types/zz_pp_hsa_burgtor.txt

blueprint: husuni_kubwa.yml

building blueprint render complete.
Planned:
  /home/jan/development/ProsperOrPerishConstructor/mod/Prosper or Perish (Population Growth & Food Rework)/in_game/common/building_types/zz_pp_husuni_kubwa.txt
Written:
  /home/jan/development/ProsperOrPerishConstructor/mod/Prosper or Perish (Population Growth & Food Rework)/in_game/common/building_types/zz_pp_husuni_kubwa.txt

blueprint: ibadat_khana.yml

building blueprint render complete.
Planned:
  /home/jan/development/ProsperOrPerishConstructor/mod/Prosper or Perish (Population Growth & Food Rework)/in_game/common/building_types/zz_pp_ibadat_khana.txt
Written:
  /home/jan/development/ProsperOrPerishConstructor/mod/Prosper or Perish (Population Growth & Food Rework)/in_game/common/building_types/zz_pp_ibadat_khana.txt

blueprint: imperial_academy_of_arts.yml

building blueprint render complete.
Planned:
  /home/jan/development/ProsperOrPerishConstructor/mod/Prosper or Perish (Population Growth & Food Rework)/in_game/common/building_types/zz_pp_imperial_academy_of_arts.txt
Written:
  /home/jan/development/ProsperOrPerishConstructor/mod/Prosper or Perish (Population Growth & Food Rework)/in_game/common/building_types/zz_pp_imperial_academy_of_arts.txt

blueprint: imperial_city_of_hue.yml

building blueprint render complete.
Planned:
  /home/jan/development/ProsperOrPerishConstructor/mod/Prosper or Perish (Population Growth & Food Rework)/in_game/common/building_types/zz_pp_imperial_city_of_hue.txt
Written:
  /home/jan/development/ProsperOrPerishConstructor/mod/Prosper or Perish (Population Growth & Food Rework)/in_game/common/building_types/zz_pp_imperial_city_of_hue.txt

blueprint: imperial_halic_shipyards.yml

building blueprint render complete.
Planned:
  /home/jan/development/ProsperOrPerishConstructor/mod/Prosper or Perish (Population Growth & Food Rework)/in_game/common/building_types/zz_pp_imperial_halic_shipyards.txt
Written:
  /home/jan/development/ProsperOrPerishConstructor/mod/Prosper or Perish (Population Growth & Food Rework)/in_game/common/building_types/zz_pp_imperial_halic_shipyards.txt

blueprint: institute_of_noble_maidens.yml

building blueprint render complete.
Planned:
  /home/jan/development/ProsperOrPerishConstructor/mod/Prosper or Perish (Population Growth & Food Rework)/in_game/common/building_types/zz_pp_institute_of_noble_maidens.txt
Written:
  /home/jan/development/ProsperOrPerishConstructor/mod/Prosper or Perish (Population Growth & Food Rework)/in_game/common/building_types/zz_pp_institute_of_noble_maidens.txt

blueprint: italian_administration_center.yml

building blueprint render complete.
Planned:
  /home/jan/development/ProsperOrPerishConstructor/mod/Prosper or Perish (Population Growth & Food Rework)/in_game/common/building_types/zz_pp_italian_administration_center.txt
Written:
  /home/jan/development/ProsperOrPerishConstructor/mod/Prosper or Perish (Population Growth & Food Rework)/in_game/common/building_types/zz_pp_italian_administration_center.txt

blueprint: janissary_barracks.yml

building blueprint render complete.
Planned:
  /home/jan/development/ProsperOrPerishConstructor/mod/Prosper or Perish (Population Growth & Food Rework)/in_game/common/building_types/zz_pp_janissary_barracks.txt
Written:
  /home/jan/development/ProsperOrPerishConstructor/mod/Prosper or Perish (Population Growth & Food Rework)/in_game/common/building_types/zz_pp_janissary_barracks.txt

blueprint: jesuit_college.yml

building blueprint render complete.
Planned:
  /home/jan/development/ProsperOrPerishConstructor/mod/Prosper or Perish (Population Growth & Food Rework)/in_game/common/building_types/zz_pp_jesuit_college.txt
Written:
  /home/jan/development/ProsperOrPerishConstructor/mod/Prosper or Perish (Population Growth & Food Rework)/in_game/common/building_types/zz_pp_jesuit_college.txt

blueprint: jewish_district.yml

building blueprint render complete.
Planned:
  /home/jan/development/ProsperOrPerishConstructor/mod/Prosper or Perish (Population Growth & Food Rework)/in_game/common/building_types/zz_pp_jewish_district.txt
Written:
  /home/jan/development/ProsperOrPerishConstructor/mod/Prosper or Perish (Population Growth & Food Rework)/in_game/common/building_types/zz_pp_jewish_district.txt

blueprint: jurchen_barracks.yml

building blueprint render complete.
Planned:
  /home/jan/development/ProsperOrPerishConstructor/mod/Prosper or Perish (Population Growth & Food Rework)/in_game/common/building_types/zz_pp_jurchen_barracks.txt
Written:
  /home/jan/development/ProsperOrPerishConstructor/mod/Prosper or Perish (Population Growth & Food Rework)/in_game/common/building_types/zz_pp_jurchen_barracks.txt

blueprint: kalari.yml

building blueprint render complete.
Planned:
  /home/jan/development/ProsperOrPerishConstructor/mod/Prosper or Perish (Population Growth & Food Rework)/in_game/common/building_types/zz_pp_kalari.txt
Written:
  /home/jan/development/ProsperOrPerishConstructor/mod/Prosper or Perish (Population Growth & Food Rework)/in_game/common/building_types/zz_pp_kalari.txt

blueprint: kastellet.yml

building blueprint render complete.
Planned:
  /home/jan/development/ProsperOrPerishConstructor/mod/Prosper or Perish (Population Growth & Food Rework)/in_game/common/building_types/zz_pp_kastellet.txt
Written:
  /home/jan/development/ProsperOrPerishConstructor/mod/Prosper or Perish (Population Growth & Food Rework)/in_game/common/building_types/zz_pp_kastellet.txt

blueprint: kilwan_shipwrights.yml

building blueprint render complete.
Planned:
  /home/jan/development/ProsperOrPerishConstructor/mod/Prosper or Perish (Population Growth & Food Rework)/in_game/common/building_types/zz_pp_kilwan_shipwrights.txt
Written:
  /home/jan/development/ProsperOrPerishConstructor/mod/Prosper or Perish (Population Growth & Food Rework)/in_game/common/building_types/zz_pp_kilwan_shipwrights.txt

blueprint: kings_manor.yml

building blueprint render complete.
Planned:
  /home/jan/development/ProsperOrPerishConstructor/mod/Prosper or Perish (Population Growth & Food Rework)/in_game/common/building_types/zz_pp_kings_manor.txt
Written:
  /home/jan/development/ProsperOrPerishConstructor/mod/Prosper or Perish (Population Growth & Food Rework)/in_game/common/building_types/zz_pp_kings_manor.txt

blueprint: kokufu.yml

building blueprint render complete.
Planned:
  /home/jan/development/ProsperOrPerishConstructor/mod/Prosper or Perish (Population Growth & Food Rework)/in_game/common/building_types/zz_pp_kokufu.txt
Written:
  /home/jan/development/ProsperOrPerishConstructor/mod/Prosper or Perish (Population Growth & Food Rework)/in_game/common/building_types/zz_pp_kokufu.txt

blueprint: korean_barracks.yml

building blueprint render complete.
Planned:
  /home/jan/development/ProsperOrPerishConstructor/mod/Prosper or Perish (Population Growth & Food Rework)/in_game/common/building_types/zz_pp_korean_barracks.txt
Written:
  /home/jan/development/ProsperOrPerishConstructor/mod/Prosper or Perish (Population Growth & Food Rework)/in_game/common/building_types/zz_pp_korean_barracks.txt

blueprint: korean_gunnery_coastal_defense.yml

building blueprint render complete.
Planned:
  /home/jan/development/ProsperOrPerishConstructor/mod/Prosper or Perish (Population Growth & Food Rework)/in_game/common/building_types/zz_pp_korean_gunnery_coastal_defense.txt
Written:
  /home/jan/development/ProsperOrPerishConstructor/mod/Prosper or Perish (Population Growth & Food Rework)/in_game/common/building_types/zz_pp_korean_gunnery_coastal_defense.txt

blueprint: korean_gunnery_land_defense.yml

building blueprint render complete.
Planned:
  /home/jan/development/ProsperOrPerishConstructor/mod/Prosper or Perish (Population Growth & Food Rework)/in_game/common/building_types/zz_pp_korean_gunnery_land_defense.txt
Written:
  /home/jan/development/ProsperOrPerishConstructor/mod/Prosper or Perish (Population Growth & Food Rework)/in_game/common/building_types/zz_pp_korean_gunnery_land_defense.txt

blueprint: kremlin.yml

building blueprint render complete.
Planned:
  /home/jan/development/ProsperOrPerishConstructor/mod/Prosper or Perish (Population Growth & Food Rework)/in_game/common/building_types/zz_pp_kremlin.txt
Written:
  /home/jan/development/ProsperOrPerishConstructor/mod/Prosper or Perish (Population Growth & Food Rework)/in_game/common/building_types/zz_pp_kremlin.txt

blueprint: kronborg.yml

building blueprint render complete.
Planned:
  /home/jan/development/ProsperOrPerishConstructor/mod/Prosper or Perish (Population Growth & Food Rework)/in_game/common/building_types/zz_pp_kronborg.txt
Written:
  /home/jan/development/ProsperOrPerishConstructor/mod/Prosper or Perish (Population Growth & Food Rework)/in_game/common/building_types/zz_pp_kronborg.txt

blueprint: kurmina_headquarter.yml

building blueprint render complete.
Planned:
  /home/jan/development/ProsperOrPerishConstructor/mod/Prosper or Perish (Population Growth & Food Rework)/in_game/common/building_types/zz_pp_kurmina_headquarter.txt
Written:
  /home/jan/development/ProsperOrPerishConstructor/mod/Prosper or Perish (Population Growth & Food Rework)/in_game/common/building_types/zz_pp_kurmina_headquarter.txt

blueprint: kurultai.yml

building blueprint render complete.
Planned:
  /home/jan/development/ProsperOrPerishConstructor/mod/Prosper or Perish (Population Growth & Food Rework)/in_game/common/building_types/zz_pp_kurultai.txt
Written:
  /home/jan/development/ProsperOrPerishConstructor/mod/Prosper or Perish (Population Growth & Food Rework)/in_game/common/building_types/zz_pp_kurultai.txt

blueprint: lazaretto.yml

building blueprint render complete.
Planned:
  /home/jan/development/ProsperOrPerishConstructor/mod/Prosper or Perish (Population Growth & Food Rework)/in_game/common/building_types/zz_pp_lazaretto.txt
Written:
  /home/jan/development/ProsperOrPerishConstructor/mod/Prosper or Perish (Population Growth & Food Rework)/in_game/common/building_types/zz_pp_lazaretto.txt

blueprint: library_of_vijayanagar.yml

building blueprint render complete.
Planned:
  /home/jan/development/ProsperOrPerishConstructor/mod/Prosper or Perish (Population Growth & Food Rework)/in_game/common/building_types/zz_pp_library_of_vijayanagar.txt
Written:
  /home/jan/development/ProsperOrPerishConstructor/mod/Prosper or Perish (Population Growth & Food Rework)/in_game/common/building_types/zz_pp_library_of_vijayanagar.txt

blueprint: lieutenancy.yml

building blueprint render complete.
Planned:
  /home/jan/development/ProsperOrPerishConstructor/mod/Prosper or Perish (Population Growth & Food Rework)/in_game/common/building_types/zz_pp_lieutenancy.txt
Written:
  /home/jan/development/ProsperOrPerishConstructor/mod/Prosper or Perish (Population Growth & Food Rework)/in_game/common/building_types/zz_pp_lieutenancy.txt

blueprint: lighthouse_of_alexandria.yml

building blueprint render complete.
Planned:
  /home/jan/development/ProsperOrPerishConstructor/mod/Prosper or Perish (Population Growth & Food Rework)/in_game/common/building_types/zz_pp_lighthouse_of_alexandria.txt
Written:
  /home/jan/development/ProsperOrPerishConstructor/mod/Prosper or Perish (Population Growth & Food Rework)/in_game/common/building_types/zz_pp_lighthouse_of_alexandria.txt

blueprint: llotja_seda.yml

building blueprint render complete.
Planned:
  /home/jan/development/ProsperOrPerishConstructor/mod/Prosper or Perish (Population Growth & Food Rework)/in_game/common/building_types/zz_pp_llotja_seda.txt
Written:
  /home/jan/development/ProsperOrPerishConstructor/mod/Prosper or Perish (Population Growth & Food Rework)/in_game/common/building_types/zz_pp_llotja_seda.txt

blueprint: local_assembly.yml

building blueprint render complete.
Planned:
  /home/jan/development/ProsperOrPerishConstructor/mod/Prosper or Perish (Population Growth & Food Rework)/in_game/common/building_types/zz_pp_local_assembly.txt
Written:
  /home/jan/development/ProsperOrPerishConstructor/mod/Prosper or Perish (Population Growth & Food Rework)/in_game/common/building_types/zz_pp_local_assembly.txt

blueprint: local_estates.yml

building blueprint render complete.
Planned:
  /home/jan/development/ProsperOrPerishConstructor/mod/Prosper or Perish (Population Growth & Food Rework)/in_game/common/building_types/zz_pp_local_estates.txt
Written:
  /home/jan/development/ProsperOrPerishConstructor/mod/Prosper or Perish (Population Growth & Food Rework)/in_game/common/building_types/zz_pp_local_estates.txt

blueprint: local_markets.yml

building blueprint render complete.
Planned:
  /home/jan/development/ProsperOrPerishConstructor/mod/Prosper or Perish (Population Growth & Food Rework)/in_game/common/building_types/zz_pp_local_markets.txt
Written:
  /home/jan/development/ProsperOrPerishConstructor/mod/Prosper or Perish (Population Growth & Food Rework)/in_game/common/building_types/zz_pp_local_markets.txt

blueprint: local_newspaper.yml

building blueprint render complete.
Planned:
  /home/jan/development/ProsperOrPerishConstructor/mod/Prosper or Perish (Population Growth & Food Rework)/in_game/common/building_types/zz_pp_local_newspaper.txt
Written:
  /home/jan/development/ProsperOrPerishConstructor/mod/Prosper or Perish (Population Growth & Food Rework)/in_game/common/building_types/zz_pp_local_newspaper.txt

blueprint: local_noble_delegation.yml

building blueprint render complete.
Planned:
  /home/jan/development/ProsperOrPerishConstructor/mod/Prosper or Perish (Population Growth & Food Rework)/in_game/common/building_types/zz_pp_local_noble_delegation.txt
Written:
  /home/jan/development/ProsperOrPerishConstructor/mod/Prosper or Perish (Population Growth & Food Rework)/in_game/common/building_types/zz_pp_local_noble_delegation.txt

blueprint: local_schools.yml

building blueprint render complete.
Planned:
  /home/jan/development/ProsperOrPerishConstructor/mod/Prosper or Perish (Population Growth & Food Rework)/in_game/common/building_types/zz_pp_local_schools.txt
Written:
  /home/jan/development/ProsperOrPerishConstructor/mod/Prosper or Perish (Population Growth & Food Rework)/in_game/common/building_types/zz_pp_local_schools.txt

blueprint: local_shrine.yml

building blueprint render complete.
Planned:
  /home/jan/development/ProsperOrPerishConstructor/mod/Prosper or Perish (Population Growth & Food Rework)/in_game/common/building_types/zz_pp_local_shrine.txt
Written:
  /home/jan/development/ProsperOrPerishConstructor/mod/Prosper or Perish (Population Growth & Food Rework)/in_game/common/building_types/zz_pp_local_shrine.txt

blueprint: lutheran_preachers.yml

building blueprint render complete.
Planned:
  /home/jan/development/ProsperOrPerishConstructor/mod/Prosper or Perish (Population Growth & Food Rework)/in_game/common/building_types/zz_pp_lutheran_preachers.txt
Written:
  /home/jan/development/ProsperOrPerishConstructor/mod/Prosper or Perish (Population Growth & Food Rework)/in_game/common/building_types/zz_pp_lutheran_preachers.txt

blueprint: madrasa.yml

building blueprint render complete.
Planned:
  /home/jan/development/ProsperOrPerishConstructor/mod/Prosper or Perish (Population Growth & Food Rework)/in_game/common/building_types/zz_pp_madrasa.txt
Written:
  /home/jan/development/ProsperOrPerishConstructor/mod/Prosper or Perish (Population Growth & Food Rework)/in_game/common/building_types/zz_pp_madrasa.txt

blueprint: magistrato_alla_sanita.yml

building blueprint render complete.
Planned:
  /home/jan/development/ProsperOrPerishConstructor/mod/Prosper or Perish (Population Growth & Food Rework)/in_game/common/building_types/zz_pp_magistrato_alla_sanita.txt
Written:
  /home/jan/development/ProsperOrPerishConstructor/mod/Prosper or Perish (Population Growth & Food Rework)/in_game/common/building_types/zz_pp_magistrato_alla_sanita.txt

blueprint: mahmud_gawan_madrasa.yml

building blueprint render complete.
Planned:
  /home/jan/development/ProsperOrPerishConstructor/mod/Prosper or Perish (Population Growth & Food Rework)/in_game/common/building_types/zz_pp_mahmud_gawan_madrasa.txt
Written:
  /home/jan/development/ProsperOrPerishConstructor/mod/Prosper or Perish (Population Growth & Food Rework)/in_game/common/building_types/zz_pp_mahmud_gawan_madrasa.txt

blueprint: mamluk_barracks.yml

building blueprint render complete.
Planned:
  /home/jan/development/ProsperOrPerishConstructor/mod/Prosper or Perish (Population Growth & Food Rework)/in_game/common/building_types/zz_pp_mamluk_barracks.txt
Written:
  /home/jan/development/ProsperOrPerishConstructor/mod/Prosper or Perish (Population Growth & Food Rework)/in_game/common/building_types/zz_pp_mamluk_barracks.txt

blueprint: maniot_toll_guards.yml

building blueprint render complete.
Planned:
  /home/jan/development/ProsperOrPerishConstructor/mod/Prosper or Perish (Population Growth & Food Rework)/in_game/common/building_types/zz_pp_maniot_toll_guards.txt
Written:
  /home/jan/development/ProsperOrPerishConstructor/mod/Prosper or Perish (Population Growth & Food Rework)/in_game/common/building_types/zz_pp_maniot_toll_guards.txt

blueprint: market_warehouse.yml

building blueprint render complete.
Planned:
  /home/jan/development/ProsperOrPerishConstructor/mod/Prosper or Perish (Population Growth & Food Rework)/in_game/common/building_types/zz_pp_market_warehouse.txt
Written:
  /home/jan/development/ProsperOrPerishConstructor/mod/Prosper or Perish (Population Growth & Food Rework)/in_game/common/building_types/zz_pp_market_warehouse.txt

blueprint: marketplace.yml

building blueprint render complete.
Planned:
  /home/jan/development/ProsperOrPerishConstructor/mod/Prosper or Perish (Population Growth & Food Rework)/in_game/common/building_types/zz_pp_marketplace.txt
Written:
  /home/jan/development/ProsperOrPerishConstructor/mod/Prosper or Perish (Population Growth & Food Rework)/in_game/common/building_types/zz_pp_marketplace.txt

blueprint: medical_school.yml

building blueprint render complete.
Planned:
  /home/jan/development/ProsperOrPerishConstructor/mod/Prosper or Perish (Population Growth & Food Rework)/in_game/common/building_types/zz_pp_medical_school.txt
Written:
  /home/jan/development/ProsperOrPerishConstructor/mod/Prosper or Perish (Population Growth & Food Rework)/in_game/common/building_types/zz_pp_medical_school.txt

blueprint: merchant_guild_chapel.yml

building blueprint render complete.
Planned:
  /home/jan/development/ProsperOrPerishConstructor/mod/Prosper or Perish (Population Growth & Food Rework)/in_game/common/building_types/zz_pp_merchant_guild_chapel.txt
Written:
  /home/jan/development/ProsperOrPerishConstructor/mod/Prosper or Perish (Population Growth & Food Rework)/in_game/common/building_types/zz_pp_merchant_guild_chapel.txt

blueprint: merchants_guild.yml

building blueprint render complete.
Planned:
  /home/jan/development/ProsperOrPerishConstructor/mod/Prosper or Perish (Population Growth & Food Rework)/in_game/common/building_types/zz_pp_merchants_guild.txt
Written:
  /home/jan/development/ProsperOrPerishConstructor/mod/Prosper or Perish (Population Growth & Food Rework)/in_game/common/building_types/zz_pp_merchants_guild.txt

blueprint: merchants_quarters.yml

building blueprint render complete.
Planned:
  /home/jan/development/ProsperOrPerishConstructor/mod/Prosper or Perish (Population Growth & Food Rework)/in_game/common/building_types/zz_pp_merchants_quarters.txt
Written:
  /home/jan/development/ProsperOrPerishConstructor/mod/Prosper or Perish (Population Growth & Food Rework)/in_game/common/building_types/zz_pp_merchants_quarters.txt

blueprint: mercury_patio.yml

building blueprint render complete.
Planned:
  /home/jan/development/ProsperOrPerishConstructor/mod/Prosper or Perish (Population Growth & Food Rework)/in_game/common/building_types/zz_pp_mercury_patio.txt
Written:
  /home/jan/development/ProsperOrPerishConstructor/mod/Prosper or Perish (Population Growth & Food Rework)/in_game/common/building_types/zz_pp_mercury_patio.txt

blueprint: miaphysite_monastery.yml

building blueprint render complete.
Planned:
  /home/jan/development/ProsperOrPerishConstructor/mod/Prosper or Perish (Population Growth & Food Rework)/in_game/common/building_types/zz_pp_miaphysite_monastery.txt
Written:
  /home/jan/development/ProsperOrPerishConstructor/mod/Prosper or Perish (Population Growth & Food Rework)/in_game/common/building_types/zz_pp_miaphysite_monastery.txt

blueprint: mil_vatican_library.yml

building blueprint render complete.
Planned:
  /home/jan/development/ProsperOrPerishConstructor/mod/Prosper or Perish (Population Growth & Food Rework)/in_game/common/building_types/zz_pp_mil_vatican_library.txt
Written:
  /home/jan/development/ProsperOrPerishConstructor/mod/Prosper or Perish (Population Growth & Food Rework)/in_game/common/building_types/zz_pp_mil_vatican_library.txt

blueprint: minting_office.yml

building blueprint render complete.
Planned:
  /home/jan/development/ProsperOrPerishConstructor/mod/Prosper or Perish (Population Growth & Food Rework)/in_game/common/building_types/zz_pp_minting_office.txt
Written:
  /home/jan/development/ProsperOrPerishConstructor/mod/Prosper or Perish (Population Growth & Food Rework)/in_game/common/building_types/zz_pp_minting_office.txt

blueprint: missionary_building.yml

building blueprint render complete.
Planned:
  /home/jan/development/ProsperOrPerishConstructor/mod/Prosper or Perish (Population Growth & Food Rework)/in_game/common/building_types/zz_pp_missionary_building.txt
Written:
  /home/jan/development/ProsperOrPerishConstructor/mod/Prosper or Perish (Population Growth & Food Rework)/in_game/common/building_types/zz_pp_missionary_building.txt

blueprint: modern_council_hall.yml

building blueprint render complete.
Planned:
  /home/jan/development/ProsperOrPerishConstructor/mod/Prosper or Perish (Population Growth & Food Rework)/in_game/common/building_types/zz_pp_modern_council_hall.txt
Written:
  /home/jan/development/ProsperOrPerishConstructor/mod/Prosper or Perish (Population Growth & Food Rework)/in_game/common/building_types/zz_pp_modern_council_hall.txt

blueprint: monastery.yml

building blueprint render complete.
Planned:
  /home/jan/development/ProsperOrPerishConstructor/mod/Prosper or Perish (Population Growth & Food Rework)/in_game/common/building_types/zz_pp_monastery.txt
Written:
  /home/jan/development/ProsperOrPerishConstructor/mod/Prosper or Perish (Population Growth & Food Rework)/in_game/common/building_types/zz_pp_monastery.txt

blueprint: moscow_artillery_yard.yml

building blueprint render complete.
Planned:
  /home/jan/development/ProsperOrPerishConstructor/mod/Prosper or Perish (Population Growth & Food Rework)/in_game/common/building_types/zz_pp_moscow_artillery_yard.txt
Written:
  /home/jan/development/ProsperOrPerishConstructor/mod/Prosper or Perish (Population Growth & Food Rework)/in_game/common/building_types/zz_pp_moscow_artillery_yard.txt

blueprint: moscow_orphanage.yml

building blueprint render complete.
Planned:
  /home/jan/development/ProsperOrPerishConstructor/mod/Prosper or Perish (Population Growth & Food Rework)/in_game/common/building_types/zz_pp_moscow_orphanage.txt
Written:
  /home/jan/development/ProsperOrPerishConstructor/mod/Prosper or Perish (Population Growth & Food Rework)/in_game/common/building_types/zz_pp_moscow_orphanage.txt

blueprint: munich_residenz_baroque_expansion.yml

building blueprint render complete.
Planned:
  /home/jan/development/ProsperOrPerishConstructor/mod/Prosper or Perish (Population Growth & Food Rework)/in_game/common/building_types/zz_pp_munich_residenz_baroque_expansion.txt
Written:
  /home/jan/development/ProsperOrPerishConstructor/mod/Prosper or Perish (Population Growth & Food Rework)/in_game/common/building_types/zz_pp_munich_residenz_baroque_expansion.txt

blueprint: munich_residenz_founding.yml

building blueprint render complete.
Planned:
  /home/jan/development/ProsperOrPerishConstructor/mod/Prosper or Perish (Population Growth & Food Rework)/in_game/common/building_types/zz_pp_munich_residenz_founding.txt
Written:
  /home/jan/development/ProsperOrPerishConstructor/mod/Prosper or Perish (Population Growth & Food Rework)/in_game/common/building_types/zz_pp_munich_residenz_founding.txt

blueprint: munich_residenz_renaissance_expansion.yml

building blueprint render complete.
Planned:
  /home/jan/development/ProsperOrPerishConstructor/mod/Prosper or Perish (Population Growth & Food Rework)/in_game/common/building_types/zz_pp_munich_residenz_renaissance_expansion.txt
Written:
  /home/jan/development/ProsperOrPerishConstructor/mod/Prosper or Perish (Population Growth & Food Rework)/in_game/common/building_types/zz_pp_munich_residenz_renaissance_expansion.txt

blueprint: naval_battery.yml

building blueprint render complete.
Planned:
  /home/jan/development/ProsperOrPerishConstructor/mod/Prosper or Perish (Population Growth & Food Rework)/in_game/common/building_types/zz_pp_naval_battery.txt
Written:
  /home/jan/development/ProsperOrPerishConstructor/mod/Prosper or Perish (Population Growth & Food Rework)/in_game/common/building_types/zz_pp_naval_battery.txt

blueprint: nobility_fortifications.yml

building blueprint render complete.
Planned:
  /home/jan/development/ProsperOrPerishConstructor/mod/Prosper or Perish (Population Growth & Food Rework)/in_game/common/building_types/zz_pp_nobility_fortifications.txt
Written:
  /home/jan/development/ProsperOrPerishConstructor/mod/Prosper or Perish (Population Growth & Food Rework)/in_game/common/building_types/zz_pp_nobility_fortifications.txt

blueprint: noble_courts.yml

building blueprint render complete.
Planned:
  /home/jan/development/ProsperOrPerishConstructor/mod/Prosper or Perish (Population Growth & Food Rework)/in_game/common/building_types/zz_pp_noble_courts.txt
Written:
  /home/jan/development/ProsperOrPerishConstructor/mod/Prosper or Perish (Population Growth & Food Rework)/in_game/common/building_types/zz_pp_noble_courts.txt

blueprint: noble_villa.yml

building blueprint render complete.
Planned:
  /home/jan/development/ProsperOrPerishConstructor/mod/Prosper or Perish (Population Growth & Food Rework)/in_game/common/building_types/zz_pp_noble_villa.txt
Written:
  /home/jan/development/ProsperOrPerishConstructor/mod/Prosper or Perish (Population Growth & Food Rework)/in_game/common/building_types/zz_pp_noble_villa.txt

blueprint: nobled_sponsored_temple.yml

building blueprint render complete.
Planned:
  /home/jan/development/ProsperOrPerishConstructor/mod/Prosper or Perish (Population Growth & Food Rework)/in_game/common/building_types/zz_pp_nobled_sponsored_temple.txt
Written:
  /home/jan/development/ProsperOrPerishConstructor/mod/Prosper or Perish (Population Growth & Food Rework)/in_game/common/building_types/zz_pp_nobled_sponsored_temple.txt

blueprint: nobles_mansion.yml

building blueprint render complete.
Planned:
  /home/jan/development/ProsperOrPerishConstructor/mod/Prosper or Perish (Population Growth & Food Rework)/in_game/common/building_types/zz_pp_nobles_mansion.txt
Written:
  /home/jan/development/ProsperOrPerishConstructor/mod/Prosper or Perish (Population Growth & Food Rework)/in_game/common/building_types/zz_pp_nobles_mansion.txt

blueprint: nobles_recruitment_center.yml

building blueprint render complete.
Planned:
  /home/jan/development/ProsperOrPerishConstructor/mod/Prosper or Perish (Population Growth & Food Rework)/in_game/common/building_types/zz_pp_nobles_recruitment_center.txt
Written:
  /home/jan/development/ProsperOrPerishConstructor/mod/Prosper or Perish (Population Growth & Food Rework)/in_game/common/building_types/zz_pp_nobles_recruitment_center.txt

blueprint: north_sea_shipyards.yml

building blueprint render complete.
Planned:
  /home/jan/development/ProsperOrPerishConstructor/mod/Prosper or Perish (Population Growth & Food Rework)/in_game/common/building_types/zz_pp_north_sea_shipyards.txt
Written:
  /home/jan/development/ProsperOrPerishConstructor/mod/Prosper or Perish (Population Growth & Food Rework)/in_game/common/building_types/zz_pp_north_sea_shipyards.txt

blueprint: novodevichy_convent.yml

building blueprint render complete.
Planned:
  /home/jan/development/ProsperOrPerishConstructor/mod/Prosper or Perish (Population Growth & Food Rework)/in_game/common/building_types/zz_pp_novodevichy_convent.txt
Written:
  /home/jan/development/ProsperOrPerishConstructor/mod/Prosper or Perish (Population Growth & Food Rework)/in_game/common/building_types/zz_pp_novodevichy_convent.txt

blueprint: oma_falaj.yml

building blueprint render complete.
Planned:
  /home/jan/development/ProsperOrPerishConstructor/mod/Prosper or Perish (Population Growth & Food Rework)/in_game/common/building_types/zz_pp_oma_falaj.txt
Written:
  /home/jan/development/ProsperOrPerishConstructor/mod/Prosper or Perish (Population Growth & Food Rework)/in_game/common/building_types/zz_pp_oma_falaj.txt

blueprint: oma_nizwa_fort.yml

building blueprint render complete.
Planned:
  /home/jan/development/ProsperOrPerishConstructor/mod/Prosper or Perish (Population Growth & Food Rework)/in_game/common/building_types/zz_pp_oma_nizwa_fort.txt
Written:
  /home/jan/development/ProsperOrPerishConstructor/mod/Prosper or Perish (Population Growth & Food Rework)/in_game/common/building_types/zz_pp_oma_nizwa_fort.txt

blueprint: opera_house.yml

building blueprint render complete.
Planned:
  /home/jan/development/ProsperOrPerishConstructor/mod/Prosper or Perish (Population Growth & Food Rework)/in_game/common/building_types/zz_pp_opera_house.txt
Written:
  /home/jan/development/ProsperOrPerishConstructor/mod/Prosper or Perish (Population Growth & Food Rework)/in_game/common/building_types/zz_pp_opera_house.txt

blueprint: order_commandery.yml

building blueprint render complete.
Planned:
  /home/jan/development/ProsperOrPerishConstructor/mod/Prosper or Perish (Population Growth & Food Rework)/in_game/common/building_types/zz_pp_order_commandery.txt
Written:
  /home/jan/development/ProsperOrPerishConstructor/mod/Prosper or Perish (Population Growth & Food Rework)/in_game/common/building_types/zz_pp_order_commandery.txt

blueprint: order_headquarters.yml

building blueprint render complete.
Planned:
  /home/jan/development/ProsperOrPerishConstructor/mod/Prosper or Perish (Population Growth & Food Rework)/in_game/common/building_types/zz_pp_order_headquarters.txt
Written:
  /home/jan/development/ProsperOrPerishConstructor/mod/Prosper or Perish (Population Growth & Food Rework)/in_game/common/building_types/zz_pp_order_headquarters.txt

blueprint: order_stronghold.yml

building blueprint render complete.
Planned:
  /home/jan/development/ProsperOrPerishConstructor/mod/Prosper or Perish (Population Growth & Food Rework)/in_game/common/building_types/zz_pp_order_stronghold.txt
Written:
  /home/jan/development/ProsperOrPerishConstructor/mod/Prosper or Perish (Population Growth & Food Rework)/in_game/common/building_types/zz_pp_order_stronghold.txt

blueprint: ori_portuguese_quarters.yml

building blueprint render complete.
Planned:
  /home/jan/development/ProsperOrPerishConstructor/mod/Prosper or Perish (Population Growth & Food Rework)/in_game/common/building_types/zz_pp_ori_portuguese_quarters.txt
Written:
  /home/jan/development/ProsperOrPerishConstructor/mod/Prosper or Perish (Population Growth & Food Rework)/in_game/common/building_types/zz_pp_ori_portuguese_quarters.txt

blueprint: orthodox_monastery.yml

building blueprint render complete.
Planned:
  /home/jan/development/ProsperOrPerishConstructor/mod/Prosper or Perish (Population Growth & Food Rework)/in_game/common/building_types/zz_pp_orthodox_monastery.txt
Written:
  /home/jan/development/ProsperOrPerishConstructor/mod/Prosper or Perish (Population Growth & Food Rework)/in_game/common/building_types/zz_pp_orthodox_monastery.txt

blueprint: ostrog.yml

building blueprint render complete.
Planned:
  /home/jan/development/ProsperOrPerishConstructor/mod/Prosper or Perish (Population Growth & Food Rework)/in_game/common/building_types/zz_pp_ostrog.txt
Written:
  /home/jan/development/ProsperOrPerishConstructor/mod/Prosper or Perish (Population Growth & Food Rework)/in_game/common/building_types/zz_pp_ostrog.txt

blueprint: overseas_trading_post.yml

building blueprint render complete.
Planned:
  /home/jan/development/ProsperOrPerishConstructor/mod/Prosper or Perish (Population Growth & Food Rework)/in_game/common/building_types/zz_pp_overseas_trading_post.txt
Written:
  /home/jan/development/ProsperOrPerishConstructor/mod/Prosper or Perish (Population Growth & Food Rework)/in_game/common/building_types/zz_pp_overseas_trading_post.txt

blueprint: panaqa_building.yml

building blueprint render complete.
Planned:
  /home/jan/development/ProsperOrPerishConstructor/mod/Prosper or Perish (Population Growth & Food Rework)/in_game/common/building_types/zz_pp_panaqa_building.txt
Written:
  /home/jan/development/ProsperOrPerishConstructor/mod/Prosper or Perish (Population Growth & Food Rework)/in_game/common/building_types/zz_pp_panaqa_building.txt

blueprint: papal_archives.yml

building blueprint render complete.
Planned:
  /home/jan/development/ProsperOrPerishConstructor/mod/Prosper or Perish (Population Growth & Food Rework)/in_game/common/building_types/zz_pp_papal_archives.txt
Written:
  /home/jan/development/ProsperOrPerishConstructor/mod/Prosper or Perish (Population Growth & Food Rework)/in_game/common/building_types/zz_pp_papal_archives.txt

blueprint: parish_church.yml

building blueprint render complete.
Planned:
  /home/jan/development/ProsperOrPerishConstructor/mod/Prosper or Perish (Population Growth & Food Rework)/in_game/common/building_types/zz_pp_parish_church.txt
Written:
  /home/jan/development/ProsperOrPerishConstructor/mod/Prosper or Perish (Population Growth & Food Rework)/in_game/common/building_types/zz_pp_parish_church.txt

blueprint: peasants_hunting_grounds.yml

building blueprint render complete.
Planned:
  /home/jan/development/ProsperOrPerishConstructor/mod/Prosper or Perish (Population Growth & Food Rework)/in_game/common/building_types/zz_pp_peasants_hunting_grounds.txt
Written:
  /home/jan/development/ProsperOrPerishConstructor/mod/Prosper or Perish (Population Growth & Food Rework)/in_game/common/building_types/zz_pp_peasants_hunting_grounds.txt

blueprint: peasants_training_grounds.yml

building blueprint render complete.
Planned:
  /home/jan/development/ProsperOrPerishConstructor/mod/Prosper or Perish (Population Growth & Food Rework)/in_game/common/building_types/zz_pp_peasants_training_grounds.txt
Written:
  /home/jan/development/ProsperOrPerishConstructor/mod/Prosper or Perish (Population Growth & Food Rework)/in_game/common/building_types/zz_pp_peasants_training_grounds.txt

blueprint: peel_towers.yml

building blueprint render complete.
Planned:
  /home/jan/development/ProsperOrPerishConstructor/mod/Prosper or Perish (Population Growth & Food Rework)/in_game/common/building_types/zz_pp_peel_towers.txt
Written:
  /home/jan/development/ProsperOrPerishConstructor/mod/Prosper or Perish (Population Growth & Food Rework)/in_game/common/building_types/zz_pp_peel_towers.txt

blueprint: pest_house.yml

building blueprint render complete.
Planned:
  /home/jan/development/ProsperOrPerishConstructor/mod/Prosper or Perish (Population Growth & Food Rework)/in_game/common/building_types/zz_pp_pest_house.txt
Written:
  /home/jan/development/ProsperOrPerishConstructor/mod/Prosper or Perish (Population Growth & Food Rework)/in_game/common/building_types/zz_pp_pest_house.txt

blueprint: phanariot_district.yml

building blueprint render complete.
Planned:
  /home/jan/development/ProsperOrPerishConstructor/mod/Prosper or Perish (Population Growth & Food Rework)/in_game/common/building_types/zz_pp_phanariot_district.txt
Written:
  /home/jan/development/ProsperOrPerishConstructor/mod/Prosper or Perish (Population Growth & Food Rework)/in_game/common/building_types/zz_pp_phanariot_district.txt

blueprint: piazza_san_marco.yml

building blueprint render complete.
Planned:
  /home/jan/development/ProsperOrPerishConstructor/mod/Prosper or Perish (Population Growth & Food Rework)/in_game/common/building_types/zz_pp_piazza_san_marco.txt
Written:
  /home/jan/development/ProsperOrPerishConstructor/mod/Prosper or Perish (Population Growth & Food Rework)/in_game/common/building_types/zz_pp_piazza_san_marco.txt

blueprint: pirate_haven.yml

building blueprint render complete.
Planned:
  /home/jan/development/ProsperOrPerishConstructor/mod/Prosper or Perish (Population Growth & Food Rework)/in_game/common/building_types/zz_pp_pirate_haven.txt
Written:
  /home/jan/development/ProsperOrPerishConstructor/mod/Prosper or Perish (Population Growth & Food Rework)/in_game/common/building_types/zz_pp_pirate_haven.txt

blueprint: pirate_stronghold.yml

building blueprint render complete.
Planned:
  /home/jan/development/ProsperOrPerishConstructor/mod/Prosper or Perish (Population Growth & Food Rework)/in_game/common/building_types/zz_pp_pirate_stronghold.txt
Written:
  /home/jan/development/ProsperOrPerishConstructor/mod/Prosper or Perish (Population Growth & Food Rework)/in_game/common/building_types/zz_pp_pirate_stronghold.txt

blueprint: pirate_tavern.yml

building blueprint render complete.
Planned:
  /home/jan/development/ProsperOrPerishConstructor/mod/Prosper or Perish (Population Growth & Food Rework)/in_game/common/building_types/zz_pp_pirate_tavern.txt
Written:
  /home/jan/development/ProsperOrPerishConstructor/mod/Prosper or Perish (Population Growth & Food Rework)/in_game/common/building_types/zz_pp_pirate_tavern.txt

blueprint: pomor_outpost.yml

building blueprint render complete.
Planned:
  /home/jan/development/ProsperOrPerishConstructor/mod/Prosper or Perish (Population Growth & Food Rework)/in_game/common/building_types/zz_pp_pomor_outpost.txt
Written:
  /home/jan/development/ProsperOrPerishConstructor/mod/Prosper or Perish (Population Growth & Food Rework)/in_game/common/building_types/zz_pp_pomor_outpost.txt

blueprint: por_feitoria.yml

building blueprint render complete.
Planned:
  /home/jan/development/ProsperOrPerishConstructor/mod/Prosper or Perish (Population Growth & Food Rework)/in_game/common/building_types/zz_pp_por_feitoria.txt
Written:
  /home/jan/development/ProsperOrPerishConstructor/mod/Prosper or Perish (Population Growth & Food Rework)/in_game/common/building_types/zz_pp_por_feitoria.txt

blueprint: port_authority.yml

building blueprint render complete.
Planned:
  /home/jan/development/ProsperOrPerishConstructor/mod/Prosper or Perish (Population Growth & Food Rework)/in_game/common/building_types/zz_pp_port_authority.txt
Written:
  /home/jan/development/ProsperOrPerishConstructor/mod/Prosper or Perish (Population Growth & Food Rework)/in_game/common/building_types/zz_pp_port_authority.txt

blueprint: porto_pisano.yml

building blueprint render complete.
Planned:
  /home/jan/development/ProsperOrPerishConstructor/mod/Prosper or Perish (Population Growth & Food Rework)/in_game/common/building_types/zz_pp_porto_pisano.txt
Written:
  /home/jan/development/ProsperOrPerishConstructor/mod/Prosper or Perish (Population Growth & Food Rework)/in_game/common/building_types/zz_pp_porto_pisano.txt

blueprint: protected_harbor.yml

building blueprint render complete.
Planned:
  /home/jan/development/ProsperOrPerishConstructor/mod/Prosper or Perish (Population Growth & Food Rework)/in_game/common/building_types/zz_pp_protected_harbor.txt
Written:
  /home/jan/development/ProsperOrPerishConstructor/mod/Prosper or Perish (Population Growth & Food Rework)/in_game/common/building_types/zz_pp_protected_harbor.txt

blueprint: provincial_garrison.yml

building blueprint render complete.
Planned:
  /home/jan/development/ProsperOrPerishConstructor/mod/Prosper or Perish (Population Growth & Food Rework)/in_game/common/building_types/zz_pp_provincial_garrison.txt
Written:
  /home/jan/development/ProsperOrPerishConstructor/mod/Prosper or Perish (Population Growth & Food Rework)/in_game/common/building_types/zz_pp_provincial_garrison.txt

blueprint: pukara_building.yml

building blueprint render complete.
Planned:
  /home/jan/development/ProsperOrPerishConstructor/mod/Prosper or Perish (Population Growth & Food Rework)/in_game/common/building_types/zz_pp_pukara_building.txt
Written:
  /home/jan/development/ProsperOrPerishConstructor/mod/Prosper or Perish (Population Growth & Food Rework)/in_game/common/building_types/zz_pp_pukara_building.txt

blueprint: qalat_al_mashwar.yml

building blueprint render complete.
Planned:
  /home/jan/development/ProsperOrPerishConstructor/mod/Prosper or Perish (Population Growth & Food Rework)/in_game/common/building_types/zz_pp_qalat_al_mashwar.txt
Written:
  /home/jan/development/ProsperOrPerishConstructor/mod/Prosper or Perish (Population Growth & Food Rework)/in_game/common/building_types/zz_pp_qalat_al_mashwar.txt

blueprint: quirinal_palace.yml

building blueprint render complete.
Planned:
  /home/jan/development/ProsperOrPerishConstructor/mod/Prosper or Perish (Population Growth & Food Rework)/in_game/common/building_types/zz_pp_quirinal_palace.txt
Written:
  /home/jan/development/ProsperOrPerishConstructor/mod/Prosper or Perish (Population Growth & Food Rework)/in_game/common/building_types/zz_pp_quirinal_palace.txt

blueprint: rahdar.yml

building blueprint render complete.
Planned:
  /home/jan/development/ProsperOrPerishConstructor/mod/Prosper or Perish (Population Growth & Food Rework)/in_game/common/building_types/zz_pp_rahdar.txt
Written:
  /home/jan/development/ProsperOrPerishConstructor/mod/Prosper or Perish (Population Growth & Food Rework)/in_game/common/building_types/zz_pp_rahdar.txt

blueprint: ranganathaswamy_temple_building.yml

building blueprint render complete.
Planned:
  /home/jan/development/ProsperOrPerishConstructor/mod/Prosper or Perish (Population Growth & Food Rework)/in_game/common/building_types/zz_pp_ranganathaswamy_temple_building.txt
Written:
  /home/jan/development/ProsperOrPerishConstructor/mod/Prosper or Perish (Population Growth & Food Rework)/in_game/common/building_types/zz_pp_ranganathaswamy_temple_building.txt

blueprint: red_fort.yml

building blueprint render complete.
Planned:
  /home/jan/development/ProsperOrPerishConstructor/mod/Prosper or Perish (Population Growth & Food Rework)/in_game/common/building_types/zz_pp_red_fort.txt
Written:
  /home/jan/development/ProsperOrPerishConstructor/mod/Prosper or Perish (Population Growth & Food Rework)/in_game/common/building_types/zz_pp_red_fort.txt

blueprint: repaired_great_wall_of_china.yml

building blueprint render complete.
Planned:
  /home/jan/development/ProsperOrPerishConstructor/mod/Prosper or Perish (Population Growth & Food Rework)/in_game/common/building_types/zz_pp_repaired_great_wall_of_china.txt
Written:
  /home/jan/development/ProsperOrPerishConstructor/mod/Prosper or Perish (Population Growth & Food Rework)/in_game/common/building_types/zz_pp_repaired_great_wall_of_china.txt

blueprint: ribat.yml

building blueprint render complete.
Planned:
  /home/jan/development/ProsperOrPerishConstructor/mod/Prosper or Perish (Population Growth & Food Rework)/in_game/common/building_types/zz_pp_ribat.txt
Written:
  /home/jan/development/ProsperOrPerishConstructor/mod/Prosper or Perish (Population Growth & Food Rework)/in_game/common/building_types/zz_pp_ribat.txt

blueprint: ribeira_das_naus.yml

building blueprint render complete.
Planned:
  /home/jan/development/ProsperOrPerishConstructor/mod/Prosper or Perish (Population Growth & Food Rework)/in_game/common/building_types/zz_pp_ribeira_das_naus.txt
Written:
  /home/jan/development/ProsperOrPerishConstructor/mod/Prosper or Perish (Population Growth & Food Rework)/in_game/common/building_types/zz_pp_ribeira_das_naus.txt

blueprint: riksbank.yml

building blueprint render complete.
Planned:
  /home/jan/development/ProsperOrPerishConstructor/mod/Prosper or Perish (Population Growth & Food Rework)/in_game/common/building_types/zz_pp_riksbank.txt
Written:
  /home/jan/development/ProsperOrPerishConstructor/mod/Prosper or Perish (Population Growth & Food Rework)/in_game/common/building_types/zz_pp_riksbank.txt

blueprint: rock_of_monaco.yml

building blueprint render complete.
Planned:
  /home/jan/development/ProsperOrPerishConstructor/mod/Prosper or Perish (Population Growth & Food Rework)/in_game/common/building_types/zz_pp_rock_of_monaco.txt
Written:
  /home/jan/development/ProsperOrPerishConstructor/mod/Prosper or Perish (Population Growth & Food Rework)/in_game/common/building_types/zz_pp_rock_of_monaco.txt

blueprint: rotten_borough.yml

building blueprint render complete.
Planned:
  /home/jan/development/ProsperOrPerishConstructor/mod/Prosper or Perish (Population Growth & Food Rework)/in_game/common/building_types/zz_pp_rotten_borough.txt
Written:
  /home/jan/development/ProsperOrPerishConstructor/mod/Prosper or Perish (Population Growth & Food Rework)/in_game/common/building_types/zz_pp_rotten_borough.txt

blueprint: rotterdam_admiralty.yml

building blueprint render complete.
Planned:
  /home/jan/development/ProsperOrPerishConstructor/mod/Prosper or Perish (Population Growth & Food Rework)/in_game/common/building_types/zz_pp_rotterdam_admiralty.txt
Written:
  /home/jan/development/ProsperOrPerishConstructor/mod/Prosper or Perish (Population Growth & Food Rework)/in_game/common/building_types/zz_pp_rotterdam_admiralty.txt

blueprint: royal_academy_of_arts.yml

building blueprint render complete.
Planned:
  /home/jan/development/ProsperOrPerishConstructor/mod/Prosper or Perish (Population Growth & Food Rework)/in_game/common/building_types/zz_pp_royal_academy_of_arts.txt
Written:
  /home/jan/development/ProsperOrPerishConstructor/mod/Prosper or Perish (Population Growth & Food Rework)/in_game/common/building_types/zz_pp_royal_academy_of_arts.txt

blueprint: royal_atarazanas_seville.yml

building blueprint render complete.
Planned:
  /home/jan/development/ProsperOrPerishConstructor/mod/Prosper or Perish (Population Growth & Food Rework)/in_game/common/building_types/zz_pp_royal_atarazanas_seville.txt
Written:
  /home/jan/development/ProsperOrPerishConstructor/mod/Prosper or Perish (Population Growth & Food Rework)/in_game/common/building_types/zz_pp_royal_atarazanas_seville.txt

blueprint: royal_audience_and_chancery.yml

building blueprint render complete.
Planned:
  /home/jan/development/ProsperOrPerishConstructor/mod/Prosper or Perish (Population Growth & Food Rework)/in_game/common/building_types/zz_pp_royal_audience_and_chancery.txt
Written:
  /home/jan/development/ProsperOrPerishConstructor/mod/Prosper or Perish (Population Growth & Food Rework)/in_game/common/building_types/zz_pp_royal_audience_and_chancery.txt

blueprint: royal_society.yml

building blueprint render complete.
Planned:
  /home/jan/development/ProsperOrPerishConstructor/mod/Prosper or Perish (Population Growth & Food Rework)/in_game/common/building_types/zz_pp_royal_society.txt
Written:
  /home/jan/development/ProsperOrPerishConstructor/mod/Prosper or Perish (Population Growth & Food Rework)/in_game/common/building_types/zz_pp_royal_society.txt

blueprint: ruined_great_wall_of_china.yml

building blueprint render complete.
Planned:
  /home/jan/development/ProsperOrPerishConstructor/mod/Prosper or Perish (Population Growth & Food Rework)/in_game/common/building_types/zz_pp_ruined_great_wall_of_china.txt
Written:
  /home/jan/development/ProsperOrPerishConstructor/mod/Prosper or Perish (Population Growth & Food Rework)/in_game/common/building_types/zz_pp_ruined_great_wall_of_china.txt

blueprint: safaviyya_order_hall.yml

building blueprint render complete.
Planned:
  /home/jan/development/ProsperOrPerishConstructor/mod/Prosper or Perish (Population Growth & Food Rework)/in_game/common/building_types/zz_pp_safaviyya_order_hall.txt
Written:
  /home/jan/development/ProsperOrPerishConstructor/mod/Prosper or Perish (Population Growth & Food Rework)/in_game/common/building_types/zz_pp_safaviyya_order_hall.txt

blueprint: sanssouci.yml

building blueprint render complete.
Planned:
  /home/jan/development/ProsperOrPerishConstructor/mod/Prosper or Perish (Population Growth & Food Rework)/in_game/common/building_types/zz_pp_sanssouci.txt
Written:
  /home/jan/development/ProsperOrPerishConstructor/mod/Prosper or Perish (Population Growth & Food Rework)/in_game/common/building_types/zz_pp_sanssouci.txt

blueprint: schonbrunn_palace.yml

building blueprint render complete.
Planned:
  /home/jan/development/ProsperOrPerishConstructor/mod/Prosper or Perish (Population Growth & Food Rework)/in_game/common/building_types/zz_pp_schonbrunn_palace.txt
Written:
  /home/jan/development/ProsperOrPerishConstructor/mod/Prosper or Perish (Population Growth & Food Rework)/in_game/common/building_types/zz_pp_schonbrunn_palace.txt

blueprint: school_of_salamanca.yml

building blueprint render complete.
Planned:
  /home/jan/development/ProsperOrPerishConstructor/mod/Prosper or Perish (Population Growth & Food Rework)/in_game/common/building_types/zz_pp_school_of_salamanca.txt
Written:
  /home/jan/development/ProsperOrPerishConstructor/mod/Prosper or Perish (Population Growth & Food Rework)/in_game/common/building_types/zz_pp_school_of_salamanca.txt

blueprint: sco_palace_of_holyroodhouse.yml

building blueprint render complete.
Planned:
  /home/jan/development/ProsperOrPerishConstructor/mod/Prosper or Perish (Population Growth & Food Rework)/in_game/common/building_types/zz_pp_sco_palace_of_holyroodhouse.txt
Written:
  /home/jan/development/ProsperOrPerishConstructor/mod/Prosper or Perish (Population Growth & Food Rework)/in_game/common/building_types/zz_pp_sco_palace_of_holyroodhouse.txt

blueprint: seat_of_cardinal.yml

building blueprint render complete.
Planned:
  /home/jan/development/ProsperOrPerishConstructor/mod/Prosper or Perish (Population Growth & Food Rework)/in_game/common/building_types/zz_pp_seat_of_cardinal.txt
Written:
  /home/jan/development/ProsperOrPerishConstructor/mod/Prosper or Perish (Population Growth & Food Rework)/in_game/common/building_types/zz_pp_seat_of_cardinal.txt

blueprint: segovia_artillery_academy.yml

building blueprint render complete.
Planned:
  /home/jan/development/ProsperOrPerishConstructor/mod/Prosper or Perish (Population Growth & Food Rework)/in_game/common/building_types/zz_pp_segovia_artillery_academy.txt
Written:
  /home/jan/development/ProsperOrPerishConstructor/mod/Prosper or Perish (Population Growth & Food Rework)/in_game/common/building_types/zz_pp_segovia_artillery_academy.txt

blueprint: seljuk_mint.yml

building blueprint render complete.
Planned:
  /home/jan/development/ProsperOrPerishConstructor/mod/Prosper or Perish (Population Growth & Food Rework)/in_game/common/building_types/zz_pp_seljuk_mint.txt
Written:
  /home/jan/development/ProsperOrPerishConstructor/mod/Prosper or Perish (Population Growth & Food Rework)/in_game/common/building_types/zz_pp_seljuk_mint.txt

blueprint: sergeantry.yml

building blueprint render complete.
Planned:
  /home/jan/development/ProsperOrPerishConstructor/mod/Prosper or Perish (Population Growth & Food Rework)/in_game/common/building_types/zz_pp_sergeantry.txt
Written:
  /home/jan/development/ProsperOrPerishConstructor/mod/Prosper or Perish (Population Growth & Food Rework)/in_game/common/building_types/zz_pp_sergeantry.txt

blueprint: settlement_building.yml

building blueprint render complete.
Planned:
  /home/jan/development/ProsperOrPerishConstructor/mod/Prosper or Perish (Population Growth & Food Rework)/in_game/common/building_types/zz_pp_settlement_building.txt
Written:
  /home/jan/development/ProsperOrPerishConstructor/mod/Prosper or Perish (Population Growth & Food Rework)/in_game/common/building_types/zz_pp_settlement_building.txt

blueprint: sevilla_bullfighting_school.yml

building blueprint render complete.
Planned:
  /home/jan/development/ProsperOrPerishConstructor/mod/Prosper or Perish (Population Growth & Food Rework)/in_game/common/building_types/zz_pp_sevilla_bullfighting_school.txt
Written:
  /home/jan/development/ProsperOrPerishConstructor/mod/Prosper or Perish (Population Growth & Food Rework)/in_game/common/building_types/zz_pp_sevilla_bullfighting_school.txt

blueprint: sie_sienese_port.yml

building blueprint render complete.
Planned:
  /home/jan/development/ProsperOrPerishConstructor/mod/Prosper or Perish (Population Growth & Food Rework)/in_game/common/building_types/zz_pp_sie_sienese_port.txt
Written:
  /home/jan/development/ProsperOrPerishConstructor/mod/Prosper or Perish (Population Growth & Food Rework)/in_game/common/building_types/zz_pp_sie_sienese_port.txt

blueprint: smuggler_cove.yml

building blueprint render complete.
Planned:
  /home/jan/development/ProsperOrPerishConstructor/mod/Prosper or Perish (Population Growth & Food Rework)/in_game/common/building_types/zz_pp_smuggler_cove.txt
Written:
  /home/jan/development/ProsperOrPerishConstructor/mod/Prosper or Perish (Population Growth & Food Rework)/in_game/common/building_types/zz_pp_smuggler_cove.txt

blueprint: sofa_barracks.yml

building blueprint render complete.
Planned:
  /home/jan/development/ProsperOrPerishConstructor/mod/Prosper or Perish (Population Growth & Food Rework)/in_game/common/building_types/zz_pp_sofa_barracks.txt
Written:
  /home/jan/development/ProsperOrPerishConstructor/mod/Prosper or Perish (Population Growth & Food Rework)/in_game/common/building_types/zz_pp_sofa_barracks.txt

blueprint: sofa_stockade.yml

building blueprint render complete.
Planned:
  /home/jan/development/ProsperOrPerishConstructor/mod/Prosper or Perish (Population Growth & Food Rework)/in_game/common/building_types/zz_pp_sofa_stockade.txt
Written:
  /home/jan/development/ProsperOrPerishConstructor/mod/Prosper or Perish (Population Growth & Food Rework)/in_game/common/building_types/zz_pp_sofa_stockade.txt

blueprint: spiritual_retreat.yml

building blueprint render complete.
Planned:
  /home/jan/development/ProsperOrPerishConstructor/mod/Prosper or Perish (Population Growth & Food Rework)/in_game/common/building_types/zz_pp_spiritual_retreat.txt
Written:
  /home/jan/development/ProsperOrPerishConstructor/mod/Prosper or Perish (Population Growth & Food Rework)/in_game/common/building_types/zz_pp_spiritual_retreat.txt

blueprint: stannary_court.yml

building blueprint render complete.
Planned:
  /home/jan/development/ProsperOrPerishConstructor/mod/Prosper or Perish (Population Growth & Food Rework)/in_game/common/building_types/zz_pp_stannary_court.txt
Written:
  /home/jan/development/ProsperOrPerishConstructor/mod/Prosper or Perish (Population Growth & Food Rework)/in_game/common/building_types/zz_pp_stannary_court.txt

blueprint: star_fort.yml

building blueprint render complete.
Planned:
  /home/jan/development/ProsperOrPerishConstructor/mod/Prosper or Perish (Population Growth & Food Rework)/in_game/common/building_types/zz_pp_star_fort.txt
Written:
  /home/jan/development/ProsperOrPerishConstructor/mod/Prosper or Perish (Population Growth & Food Rework)/in_game/common/building_types/zz_pp_star_fort.txt

blueprint: stock_exchange.yml

building blueprint render complete.
Planned:
  /home/jan/development/ProsperOrPerishConstructor/mod/Prosper or Perish (Population Growth & Food Rework)/in_game/common/building_types/zz_pp_stock_exchange.txt
Written:
  /home/jan/development/ProsperOrPerishConstructor/mod/Prosper or Perish (Population Growth & Food Rework)/in_game/common/building_types/zz_pp_stock_exchange.txt

blueprint: stockade.yml

building blueprint render complete.
Planned:
  /home/jan/development/ProsperOrPerishConstructor/mod/Prosper or Perish (Population Growth & Food Rework)/in_game/common/building_types/zz_pp_stockade.txt
Written:
  /home/jan/development/ProsperOrPerishConstructor/mod/Prosper or Perish (Population Growth & Food Rework)/in_game/common/building_types/zz_pp_stockade.txt

blueprint: stroganov_school_of_iconic_art.yml

building blueprint render complete.
Planned:
  /home/jan/development/ProsperOrPerishConstructor/mod/Prosper or Perish (Population Growth & Food Rework)/in_game/common/building_types/zz_pp_stroganov_school_of_iconic_art.txt
Written:
  /home/jan/development/ProsperOrPerishConstructor/mod/Prosper or Perish (Population Growth & Food Rework)/in_game/common/building_types/zz_pp_stroganov_school_of_iconic_art.txt

blueprint: sufi_lodge.yml

building blueprint render complete.
Planned:
  /home/jan/development/ProsperOrPerishConstructor/mod/Prosper or Perish (Population Growth & Food Rework)/in_game/common/building_types/zz_pp_sufi_lodge.txt
Written:
  /home/jan/development/ProsperOrPerishConstructor/mod/Prosper or Perish (Population Growth & Food Rework)/in_game/common/building_types/zz_pp_sufi_lodge.txt

blueprint: sufi_mosque.yml

building blueprint render complete.
Planned:
  /home/jan/development/ProsperOrPerishConstructor/mod/Prosper or Perish (Population Growth & Food Rework)/in_game/common/building_types/zz_pp_sufi_mosque.txt
Written:
  /home/jan/development/ProsperOrPerishConstructor/mod/Prosper or Perish (Population Growth & Food Rework)/in_game/common/building_types/zz_pp_sufi_mosque.txt

blueprint: sukharev_tower.yml

building blueprint render complete.
Planned:
  /home/jan/development/ProsperOrPerishConstructor/mod/Prosper or Perish (Population Growth & Food Rework)/in_game/common/building_types/zz_pp_sukharev_tower.txt
Written:
  /home/jan/development/ProsperOrPerishConstructor/mod/Prosper or Perish (Population Growth & Food Rework)/in_game/common/building_types/zz_pp_sukharev_tower.txt

blueprint: supreme_court.yml

building blueprint render complete.
Planned:
  /home/jan/development/ProsperOrPerishConstructor/mod/Prosper or Perish (Population Growth & Food Rework)/in_game/common/building_types/zz_pp_supreme_court.txt
Written:
  /home/jan/development/ProsperOrPerishConstructor/mod/Prosper or Perish (Population Growth & Food Rework)/in_game/common/building_types/zz_pp_supreme_court.txt

blueprint: swi_collegium_helveticum.yml

building blueprint render complete.
Planned:
  /home/jan/development/ProsperOrPerishConstructor/mod/Prosper or Perish (Population Growth & Food Rework)/in_game/common/building_types/zz_pp_swi_collegium_helveticum.txt
Written:
  /home/jan/development/ProsperOrPerishConstructor/mod/Prosper or Perish (Population Growth & Food Rework)/in_game/common/building_types/zz_pp_swi_collegium_helveticum.txt

blueprint: tambo.yml

building blueprint render complete.
Planned:
  /home/jan/development/ProsperOrPerishConstructor/mod/Prosper or Perish (Population Growth & Food Rework)/in_game/common/building_types/zz_pp_tambo.txt
Written:
  /home/jan/development/ProsperOrPerishConstructor/mod/Prosper or Perish (Population Growth & Food Rework)/in_game/common/building_types/zz_pp_tambo.txt

blueprint: tax_assessor.yml

building blueprint render complete.
Planned:
  /home/jan/development/ProsperOrPerishConstructor/mod/Prosper or Perish (Population Growth & Food Rework)/in_game/common/building_types/zz_pp_tax_assessor.txt
Written:
  /home/jan/development/ProsperOrPerishConstructor/mod/Prosper or Perish (Population Growth & Food Rework)/in_game/common/building_types/zz_pp_tax_assessor.txt

blueprint: teatro_san_cassiano.yml

building blueprint render complete.
Planned:
  /home/jan/development/ProsperOrPerishConstructor/mod/Prosper or Perish (Population Growth & Food Rework)/in_game/common/building_types/zz_pp_teatro_san_cassiano.txt
Written:
  /home/jan/development/ProsperOrPerishConstructor/mod/Prosper or Perish (Population Growth & Food Rework)/in_game/common/building_types/zz_pp_teatro_san_cassiano.txt

blueprint: telpochcalli.yml

building blueprint render complete.
Planned:
  /home/jan/development/ProsperOrPerishConstructor/mod/Prosper or Perish (Population Growth & Food Rework)/in_game/common/building_types/zz_pp_telpochcalli.txt
Written:
  /home/jan/development/ProsperOrPerishConstructor/mod/Prosper or Perish (Population Growth & Food Rework)/in_game/common/building_types/zz_pp_telpochcalli.txt

blueprint: temple.yml

building blueprint render complete.
Planned:
  /home/jan/development/ProsperOrPerishConstructor/mod/Prosper or Perish (Population Growth & Food Rework)/in_game/common/building_types/zz_pp_temple.txt
Written:
  /home/jan/development/ProsperOrPerishConstructor/mod/Prosper or Perish (Population Growth & Food Rework)/in_game/common/building_types/zz_pp_temple.txt

blueprint: the_bock_fortifications.yml

building blueprint render complete.
Planned:
  /home/jan/development/ProsperOrPerishConstructor/mod/Prosper or Perish (Population Growth & Food Rework)/in_game/common/building_types/zz_pp_the_bock_fortifications.txt
Written:
  /home/jan/development/ProsperOrPerishConstructor/mod/Prosper or Perish (Population Growth & Food Rework)/in_game/common/building_types/zz_pp_the_bock_fortifications.txt

blueprint: the_cipher_secretary.yml

building blueprint render complete.
Planned:
  /home/jan/development/ProsperOrPerishConstructor/mod/Prosper or Perish (Population Growth & Food Rework)/in_game/common/building_types/zz_pp_the_cipher_secretary.txt
Written:
  /home/jan/development/ProsperOrPerishConstructor/mod/Prosper or Perish (Population Growth & Food Rework)/in_game/common/building_types/zz_pp_the_cipher_secretary.txt

blueprint: theater.yml

building blueprint render complete.
Planned:
  /home/jan/development/ProsperOrPerishConstructor/mod/Prosper or Perish (Population Growth & Food Rework)/in_game/common/building_types/zz_pp_theater.txt
Written:
  /home/jan/development/ProsperOrPerishConstructor/mod/Prosper or Perish (Population Growth & Food Rework)/in_game/common/building_types/zz_pp_theater.txt

blueprint: thema_headquarters.yml

building blueprint render complete.
Planned:
  /home/jan/development/ProsperOrPerishConstructor/mod/Prosper or Perish (Population Growth & Food Rework)/in_game/common/building_types/zz_pp_thema_headquarters.txt
Written:
  /home/jan/development/ProsperOrPerishConstructor/mod/Prosper or Perish (Population Growth & Food Rework)/in_game/common/building_types/zz_pp_thema_headquarters.txt

blueprint: theodosian_walls.yml

building blueprint render complete.
Planned:
  /home/jan/development/ProsperOrPerishConstructor/mod/Prosper or Perish (Population Growth & Food Rework)/in_game/common/building_types/zz_pp_theodosian_walls.txt
Written:
  /home/jan/development/ProsperOrPerishConstructor/mod/Prosper or Perish (Population Growth & Food Rework)/in_game/common/building_types/zz_pp_theodosian_walls.txt

blueprint: tibetan_great_monastery.yml

building blueprint render complete.
Planned:
  /home/jan/development/ProsperOrPerishConstructor/mod/Prosper or Perish (Population Growth & Food Rework)/in_game/common/building_types/zz_pp_tibetan_great_monastery.txt
Written:
  /home/jan/development/ProsperOrPerishConstructor/mod/Prosper or Perish (Population Growth & Food Rework)/in_game/common/building_types/zz_pp_tibetan_great_monastery.txt

blueprint: toll_castle.yml

building blueprint render complete.
Planned:
  /home/jan/development/ProsperOrPerishConstructor/mod/Prosper or Perish (Population Growth & Food Rework)/in_game/common/building_types/zz_pp_toll_castle.txt
Written:
  /home/jan/development/ProsperOrPerishConstructor/mod/Prosper or Perish (Population Growth & Food Rework)/in_game/common/building_types/zz_pp_toll_castle.txt

blueprint: tower_of_belem.yml

building blueprint render complete.
Planned:
  /home/jan/development/ProsperOrPerishConstructor/mod/Prosper or Perish (Population Growth & Food Rework)/in_game/common/building_types/zz_pp_tower_of_belem.txt
Written:
  /home/jan/development/ProsperOrPerishConstructor/mod/Prosper or Perish (Population Growth & Food Rework)/in_game/common/building_types/zz_pp_tower_of_belem.txt

blueprint: trade_company_foreign_influence.yml

building blueprint render complete.
Planned:
  /home/jan/development/ProsperOrPerishConstructor/mod/Prosper or Perish (Population Growth & Food Rework)/in_game/common/building_types/zz_pp_trade_company_foreign_influence.txt
Written:
  /home/jan/development/ProsperOrPerishConstructor/mod/Prosper or Perish (Population Growth & Food Rework)/in_game/common/building_types/zz_pp_trade_company_foreign_influence.txt

blueprint: trade_company_garrison.yml

building blueprint render complete.
Planned:
  /home/jan/development/ProsperOrPerishConstructor/mod/Prosper or Perish (Population Growth & Food Rework)/in_game/common/building_types/zz_pp_trade_company_garrison.txt
Written:
  /home/jan/development/ProsperOrPerishConstructor/mod/Prosper or Perish (Population Growth & Food Rework)/in_game/common/building_types/zz_pp_trade_company_garrison.txt

blueprint: trade_company_governance.yml

building blueprint render complete.
Planned:
  /home/jan/development/ProsperOrPerishConstructor/mod/Prosper or Perish (Population Growth & Food Rework)/in_game/common/building_types/zz_pp_trade_company_governance.txt
Written:
  /home/jan/development/ProsperOrPerishConstructor/mod/Prosper or Perish (Population Growth & Food Rework)/in_game/common/building_types/zz_pp_trade_company_governance.txt

blueprint: trade_company_harbor.yml

building blueprint render complete.
Planned:
  /home/jan/development/ProsperOrPerishConstructor/mod/Prosper or Perish (Population Growth & Food Rework)/in_game/common/building_types/zz_pp_trade_company_harbor.txt
Written:
  /home/jan/development/ProsperOrPerishConstructor/mod/Prosper or Perish (Population Growth & Food Rework)/in_game/common/building_types/zz_pp_trade_company_harbor.txt

blueprint: trade_company_headquarters.yml

building blueprint render complete.
Planned:
  /home/jan/development/ProsperOrPerishConstructor/mod/Prosper or Perish (Population Growth & Food Rework)/in_game/common/building_types/zz_pp_trade_company_headquarters.txt
Written:
  /home/jan/development/ProsperOrPerishConstructor/mod/Prosper or Perish (Population Growth & Food Rework)/in_game/common/building_types/zz_pp_trade_company_headquarters.txt

blueprint: trade_company_local_venture.yml

building blueprint render complete.
Planned:
  /home/jan/development/ProsperOrPerishConstructor/mod/Prosper or Perish (Population Growth & Food Rework)/in_game/common/building_types/zz_pp_trade_company_local_venture.txt
Written:
  /home/jan/development/ProsperOrPerishConstructor/mod/Prosper or Perish (Population Growth & Food Rework)/in_game/common/building_types/zz_pp_trade_company_local_venture.txt

blueprint: trade_office.yml

building blueprint render complete.
Planned:
  /home/jan/development/ProsperOrPerishConstructor/mod/Prosper or Perish (Population Growth & Food Rework)/in_game/common/building_types/zz_pp_trade_office.txt
Written:
  /home/jan/development/ProsperOrPerishConstructor/mod/Prosper or Perish (Population Growth & Food Rework)/in_game/common/building_types/zz_pp_trade_office.txt

blueprint: trading_hub.yml

building blueprint render complete.
Planned:
  /home/jan/development/ProsperOrPerishConstructor/mod/Prosper or Perish (Population Growth & Food Rework)/in_game/common/building_types/zz_pp_trading_hub.txt
Written:
  /home/jan/development/ProsperOrPerishConstructor/mod/Prosper or Perish (Population Growth & Food Rework)/in_game/common/building_types/zz_pp_trading_hub.txt

blueprint: trans_saharan_trade_outposts.yml

building blueprint render complete.
Planned:
  /home/jan/development/ProsperOrPerishConstructor/mod/Prosper or Perish (Population Growth & Food Rework)/in_game/common/building_types/zz_pp_trans_saharan_trade_outposts.txt
Written:
  /home/jan/development/ProsperOrPerishConstructor/mod/Prosper or Perish (Population Growth & Food Rework)/in_game/common/building_types/zz_pp_trans_saharan_trade_outposts.txt

blueprint: tribes_of_galway.yml

building blueprint render complete.
Planned:
  /home/jan/development/ProsperOrPerishConstructor/mod/Prosper or Perish (Population Growth & Food Rework)/in_game/common/building_types/zz_pp_tribes_of_galway.txt
Written:
  /home/jan/development/ProsperOrPerishConstructor/mod/Prosper or Perish (Population Growth & Food Rework)/in_game/common/building_types/zz_pp_tribes_of_galway.txt

blueprint: tur_kodjabashi_office.yml

building blueprint render complete.
Planned:
  /home/jan/development/ProsperOrPerishConstructor/mod/Prosper or Perish (Population Growth & Food Rework)/in_game/common/building_types/zz_pp_tur_kodjabashi_office.txt
Written:
  /home/jan/development/ProsperOrPerishConstructor/mod/Prosper or Perish (Population Growth & Food Rework)/in_game/common/building_types/zz_pp_tur_kodjabashi_office.txt

blueprint: uffizi.yml

building blueprint render complete.
Planned:
  /home/jan/development/ProsperOrPerishConstructor/mod/Prosper or Perish (Population Growth & Food Rework)/in_game/common/building_types/zz_pp_uffizi.txt
Written:
  /home/jan/development/ProsperOrPerishConstructor/mod/Prosper or Perish (Population Growth & Food Rework)/in_game/common/building_types/zz_pp_uffizi.txt

blueprint: usa_academy_of_arts_and_sciences.yml

building blueprint render complete.
Planned:
  /home/jan/development/ProsperOrPerishConstructor/mod/Prosper or Perish (Population Growth & Food Rework)/in_game/common/building_types/zz_pp_usa_academy_of_arts_and_sciences.txt
Written:
  /home/jan/development/ProsperOrPerishConstructor/mod/Prosper or Perish (Population Growth & Food Rework)/in_game/common/building_types/zz_pp_usa_academy_of_arts_and_sciences.txt

blueprint: usa_national_bank.yml

building blueprint render complete.
Planned:
  /home/jan/development/ProsperOrPerishConstructor/mod/Prosper or Perish (Population Growth & Food Rework)/in_game/common/building_types/zz_pp_usa_national_bank.txt
Written:
  /home/jan/development/ProsperOrPerishConstructor/mod/Prosper or Perish (Population Growth & Food Rework)/in_game/common/building_types/zz_pp_usa_national_bank.txt

blueprint: usa_national_mint.yml

building blueprint render complete.
Planned:
  /home/jan/development/ProsperOrPerishConstructor/mod/Prosper or Perish (Population Growth & Food Rework)/in_game/common/building_types/zz_pp_usa_national_mint.txt
Written:
  /home/jan/development/ProsperOrPerishConstructor/mod/Prosper or Perish (Population Growth & Food Rework)/in_game/common/building_types/zz_pp_usa_national_mint.txt

blueprint: usa_philosophical_society.yml

building blueprint render complete.
Planned:
  /home/jan/development/ProsperOrPerishConstructor/mod/Prosper or Perish (Population Growth & Food Rework)/in_game/common/building_types/zz_pp_usa_philosophical_society.txt
Written:
  /home/jan/development/ProsperOrPerishConstructor/mod/Prosper or Perish (Population Growth & Food Rework)/in_game/common/building_types/zz_pp_usa_philosophical_society.txt

blueprint: venetian_arsenal.yml

building blueprint render complete.
Planned:
  /home/jan/development/ProsperOrPerishConstructor/mod/Prosper or Perish (Population Growth & Food Rework)/in_game/common/building_types/zz_pp_venetian_arsenal.txt
Written:
  /home/jan/development/ProsperOrPerishConstructor/mod/Prosper or Perish (Population Growth & Food Rework)/in_game/common/building_types/zz_pp_venetian_arsenal.txt

blueprint: venetian_palaces.yml

building blueprint render complete.
Planned:
  /home/jan/development/ProsperOrPerishConstructor/mod/Prosper or Perish (Population Growth & Food Rework)/in_game/common/building_types/zz_pp_venetian_palaces.txt
Written:
  /home/jan/development/ProsperOrPerishConstructor/mod/Prosper or Perish (Population Growth & Food Rework)/in_game/common/building_types/zz_pp_venetian_palaces.txt

blueprint: venetian_quarter.yml

building blueprint render complete.
Planned:
  /home/jan/development/ProsperOrPerishConstructor/mod/Prosper or Perish (Population Growth & Food Rework)/in_game/common/building_types/zz_pp_venetian_quarter.txt
Written:
  /home/jan/development/ProsperOrPerishConstructor/mod/Prosper or Perish (Population Growth & Food Rework)/in_game/common/building_types/zz_pp_venetian_quarter.txt

blueprint: venkateswara_temple.yml

building blueprint render complete.
Planned:
  /home/jan/development/ProsperOrPerishConstructor/mod/Prosper or Perish (Population Growth & Food Rework)/in_game/common/building_types/zz_pp_venkateswara_temple.txt
Written:
  /home/jan/development/ProsperOrPerishConstructor/mod/Prosper or Perish (Population Growth & Food Rework)/in_game/common/building_types/zz_pp_venkateswara_temple.txt

blueprint: versailles.yml

building blueprint render complete.
Planned:
  /home/jan/development/ProsperOrPerishConstructor/mod/Prosper or Perish (Population Growth & Food Rework)/in_game/common/building_types/zz_pp_versailles.txt
Written:
  /home/jan/development/ProsperOrPerishConstructor/mod/Prosper or Perish (Population Growth & Food Rework)/in_game/common/building_types/zz_pp_versailles.txt

blueprint: viceroyalty.yml

building blueprint render complete.
Planned:
  /home/jan/development/ProsperOrPerishConstructor/mod/Prosper or Perish (Population Growth & Food Rework)/in_game/common/building_types/zz_pp_viceroyalty.txt
Written:
  /home/jan/development/ProsperOrPerishConstructor/mod/Prosper or Perish (Population Growth & Food Rework)/in_game/common/building_types/zz_pp_viceroyalty.txt

blueprint: wali_songo_shrine.yml

building blueprint render complete.
Planned:
  /home/jan/development/ProsperOrPerishConstructor/mod/Prosper or Perish (Population Growth & Food Rework)/in_game/common/building_types/zz_pp_wali_songo_shrine.txt
Written:
  /home/jan/development/ProsperOrPerishConstructor/mod/Prosper or Perish (Population Growth & Food Rework)/in_game/common/building_types/zz_pp_wali_songo_shrine.txt

blueprint: walls_of_benin.yml

building blueprint render complete.
Planned:
  /home/jan/development/ProsperOrPerishConstructor/mod/Prosper or Perish (Population Growth & Food Rework)/in_game/common/building_types/zz_pp_walls_of_benin.txt
Written:
  /home/jan/development/ProsperOrPerishConstructor/mod/Prosper or Perish (Population Growth & Food Rework)/in_game/common/building_types/zz_pp_walls_of_benin.txt

blueprint: walls_of_lucca.yml

building blueprint render complete.
Planned:
  /home/jan/development/ProsperOrPerishConstructor/mod/Prosper or Perish (Population Growth & Food Rework)/in_game/common/building_types/zz_pp_walls_of_lucca.txt
Written:
  /home/jan/development/ProsperOrPerishConstructor/mod/Prosper or Perish (Population Growth & Food Rework)/in_game/common/building_types/zz_pp_walls_of_lucca.txt

blueprint: walls_of_ston.yml

building blueprint render complete.
Planned:
  /home/jan/development/ProsperOrPerishConstructor/mod/Prosper or Perish (Population Growth & Food Rework)/in_game/common/building_types/zz_pp_walls_of_ston.txt
Written:
  /home/jan/development/ProsperOrPerishConstructor/mod/Prosper or Perish (Population Growth & Food Rework)/in_game/common/building_types/zz_pp_walls_of_ston.txt

blueprint: war_college.yml

building blueprint render complete.
Planned:
  /home/jan/development/ProsperOrPerishConstructor/mod/Prosper or Perish (Population Growth & Food Rework)/in_game/common/building_types/zz_pp_war_college.txt
Written:
  /home/jan/development/ProsperOrPerishConstructor/mod/Prosper or Perish (Population Growth & Food Rework)/in_game/common/building_types/zz_pp_war_college.txt

blueprint: warrior_lodge.yml

building blueprint render complete.
Planned:
  /home/jan/development/ProsperOrPerishConstructor/mod/Prosper or Perish (Population Growth & Food Rework)/in_game/common/building_types/zz_pp_warrior_lodge.txt
Written:
  /home/jan/development/ProsperOrPerishConstructor/mod/Prosper or Perish (Population Growth & Food Rework)/in_game/common/building_types/zz_pp_warrior_lodge.txt

blueprint: warrior_monks_training_grounds.yml

building blueprint render complete.
Planned:
  /home/jan/development/ProsperOrPerishConstructor/mod/Prosper or Perish (Population Growth & Food Rework)/in_game/common/building_types/zz_pp_warrior_monks_training_grounds.txt
Written:
  /home/jan/development/ProsperOrPerishConstructor/mod/Prosper or Perish (Population Growth & Food Rework)/in_game/common/building_types/zz_pp_warrior_monks_training_grounds.txt

blueprint: warrior_temple.yml

building blueprint render complete.
Planned:
  /home/jan/development/ProsperOrPerishConstructor/mod/Prosper or Perish (Population Growth & Food Rework)/in_game/common/building_types/zz_pp_warrior_temple.txt
Written:
  /home/jan/development/ProsperOrPerishConstructor/mod/Prosper or Perish (Population Growth & Food Rework)/in_game/common/building_types/zz_pp_warrior_temple.txt

blueprint: wat_chaiwatthanaram_temple_building.yml

building blueprint render complete.
Planned:
  /home/jan/development/ProsperOrPerishConstructor/mod/Prosper or Perish (Population Growth & Food Rework)/in_game/common/building_types/zz_pp_wat_chaiwatthanaram_temple_building.txt
Written:
  /home/jan/development/ProsperOrPerishConstructor/mod/Prosper or Perish (Population Growth & Food Rework)/in_game/common/building_types/zz_pp_wat_chaiwatthanaram_temple_building.txt

blueprint: west_friesland_admiralty.yml

building blueprint render complete.
Planned:
  /home/jan/development/ProsperOrPerishConstructor/mod/Prosper or Perish (Population Growth & Food Rework)/in_game/common/building_types/zz_pp_west_friesland_admiralty.txt
Written:
  /home/jan/development/ProsperOrPerishConstructor/mod/Prosper or Perish (Population Growth & Food Rework)/in_game/common/building_types/zz_pp_west_friesland_admiralty.txt

blueprint: wharf.yml

building blueprint render complete.
Planned:
  /home/jan/development/ProsperOrPerishConstructor/mod/Prosper or Perish (Population Growth & Food Rework)/in_game/common/building_types/zz_pp_wharf.txt
Written:
  /home/jan/development/ProsperOrPerishConstructor/mod/Prosper or Perish (Population Growth & Food Rework)/in_game/common/building_types/zz_pp_wharf.txt

blueprint: wisselbank.yml

building blueprint render complete.
Planned:
  /home/jan/development/ProsperOrPerishConstructor/mod/Prosper or Perish (Population Growth & Food Rework)/in_game/common/building_types/zz_pp_wisselbank.txt
Written:
  /home/jan/development/ProsperOrPerishConstructor/mod/Prosper or Perish (Population Growth & Food Rework)/in_game/common/building_types/zz_pp_wisselbank.txt

blueprint: woodhenge_of_cahokia.yml

building blueprint render complete.
Planned:
  /home/jan/development/ProsperOrPerishConstructor/mod/Prosper or Perish (Population Growth & Food Rework)/in_game/common/building_types/zz_pp_woodhenge_of_cahokia.txt
Written:
  /home/jan/development/ProsperOrPerishConstructor/mod/Prosper or Perish (Population Growth & Food Rework)/in_game/common/building_types/zz_pp_woodhenge_of_cahokia.txt

blueprint: yakata.yml

building blueprint render complete.
Planned:
  /home/jan/development/ProsperOrPerishConstructor/mod/Prosper or Perish (Population Growth & Food Rework)/in_game/common/building_types/zz_pp_yakata.txt
Written:
  /home/jan/development/ProsperOrPerishConstructor/mod/Prosper or Perish (Population Growth & Food Rework)/in_game/common/building_types/zz_pp_yakata.txt

blueprint: yamashiro.yml

building blueprint render complete.
Planned:
  /home/jan/development/ProsperOrPerishConstructor/mod/Prosper or Perish (Population Growth & Food Rework)/in_game/common/building_types/zz_pp_yamashiro.txt
Written:
  /home/jan/development/ProsperOrPerishConstructor/mod/Prosper or Perish (Population Growth & Food Rework)/in_game/common/building_types/zz_pp_yamashiro.txt

blueprint: zazzau_walls.yml

building blueprint render complete.
Planned:
  /home/jan/development/ProsperOrPerishConstructor/mod/Prosper or Perish (Population Growth & Food Rework)/in_game/common/building_types/zz_pp_zazzau_walls.txt
Written:
  /home/jan/development/ProsperOrPerishConstructor/mod/Prosper or Perish (Population Growth & Food Rework)/in_game/common/building_types/zz_pp_zazzau_walls.txt

blueprint: zeeland_admiralty.yml

building blueprint render complete.
Planned:
  /home/jan/development/ProsperOrPerishConstructor/mod/Prosper or Perish (Population Growth & Food Rework)/in_game/common/building_types/zz_pp_zeeland_admiralty.txt
Written:
  /home/jan/development/ProsperOrPerishConstructor/mod/Prosper or Perish (Population Growth & Food Rework)/in_game/common/building_types/zz_pp_zeeland_admiralty.txt

blueprint: zhixian.yml

building blueprint render complete.
Planned:
  /home/jan/development/ProsperOrPerishConstructor/mod/Prosper or Perish (Population Growth & Food Rework)/in_game/common/building_types/zz_pp_zhixian.txt
Written:
  /home/jan/development/ProsperOrPerishConstructor/mod/Prosper or Perish (Population Growth & Food Rework)/in_game/common/building_types/zz_pp_zhixian.txt

blueprint: zwinger.yml

building blueprint render complete.
Planned:
  /home/jan/development/ProsperOrPerishConstructor/mod/Prosper or Perish (Population Growth & Food Rework)/in_game/common/building_types/zz_pp_zwinger.txt
Written:
  /home/jan/development/ProsperOrPerishConstructor/mod/Prosper or Perish (Population Growth & Food Rework)/in_game/common/building_types/zz_pp_zwinger.txt

blueprint: river_navigation_works.yml

building blueprint render complete.
Planned:
  /home/jan/development/ProsperOrPerishConstructor/mod/Prosper or Perish (Population Growth & Food Rework)/in_game/common/building_types/zz_pp_river_navigation_works.txt
  /home/jan/development/ProsperOrPerishConstructor/mod/Prosper or Perish (Population Growth & Food Rework)/in_game/common/prices/pp_river_navigation_works.txt
  /home/jan/development/ProsperOrPerishConstructor/mod/Prosper or Perish (Population Growth & Food Rework)/main_menu/localization/english/pp_river_navigation_works_l_english.yml
  /home/jan/development/ProsperOrPerishConstructor/mod/Prosper or Perish (Population Growth & Food Rework)/in_game/gfx/interface/icons/buildings/river_navigation_works.dds
Written:
  /home/jan/development/ProsperOrPerishConstructor/mod/Prosper or Perish (Population Growth & Food Rework)/in_game/common/building_types/zz_pp_river_navigation_works.txt
Skipped assets:
  /home/jan/development/ProsperOrPerishConstructor/mod/Prosper or Perish (Population Growth & Food Rework)/in_game/gfx/interface/icons/buildings/river_navigation_works.dds

blueprint: canal_lock_works.yml

building blueprint render complete.
Planned:
  /home/jan/development/ProsperOrPerishConstructor/mod/Prosper or Perish (Population Growth & Food Rework)/in_game/common/building_types/zz_pp_canal_lock_works.txt
  /home/jan/development/ProsperOrPerishConstructor/mod/Prosper or Perish (Population Growth & Food Rework)/in_game/common/prices/pp_canal_lock_works.txt
  /home/jan/development/ProsperOrPerishConstructor/mod/Prosper or Perish (Population Growth & Food Rework)/main_menu/localization/english/pp_canal_lock_works_l_english.yml
  /home/jan/development/ProsperOrPerishConstructor/mod/Prosper or Perish (Population Growth & Food Rework)/in_game/gfx/interface/icons/buildings/canal_lock_works.dds
Written:
  /home/jan/development/ProsperOrPerishConstructor/mod/Prosper or Perish (Population Growth & Food Rework)/in_game/common/building_types/zz_pp_canal_lock_works.txt
Skipped assets:
  /home/jan/development/ProsperOrPerishConstructor/mod/Prosper or Perish (Population Growth & Food Rework)/in_game/gfx/interface/icons/buildings/canal_lock_works.dds

blueprint: caoyun_canal_office.yml

building blueprint render complete.
Planned:
  /home/jan/development/ProsperOrPerishConstructor/mod/Prosper or Perish (Population Growth & Food Rework)/in_game/common/building_types/zz_pp_caoyun_canal_office.txt
  /home/jan/development/ProsperOrPerishConstructor/mod/Prosper or Perish (Population Growth & Food Rework)/in_game/common/prices/pp_caoyun_canal_office.txt
  /home/jan/development/ProsperOrPerishConstructor/mod/Prosper or Perish (Population Growth & Food Rework)/main_menu/localization/english/pp_caoyun_canal_office_l_english.yml
  /home/jan/development/ProsperOrPerishConstructor/mod/Prosper or Perish (Population Growth & Food Rework)/in_game/gfx/interface/icons/buildings/caoyun_canal_office.dds
Written:
  /home/jan/development/ProsperOrPerishConstructor/mod/Prosper or Perish (Population Growth & Food Rework)/in_game/common/building_types/zz_pp_caoyun_canal_office.txt
Skipped assets:
  /home/jan/development/ProsperOrPerishConstructor/mod/Prosper or Perish (Population Growth & Food Rework)/in_game/gfx/interface/icons/buildings/caoyun_canal_office.dds

blueprint: lowland_sluice_works.yml

building blueprint render complete.
Planned:
  /home/jan/development/ProsperOrPerishConstructor/mod/Prosper or Perish (Population Growth & Food Rework)/in_game/common/building_types/zz_pp_lowland_sluice_works.txt
  /home/jan/development/ProsperOrPerishConstructor/mod/Prosper or Perish (Population Growth & Food Rework)/in_game/common/prices/pp_lowland_sluice_works.txt
  /home/jan/development/ProsperOrPerishConstructor/mod/Prosper or Perish (Population Growth & Food Rework)/main_menu/localization/english/pp_lowland_sluice_works_l_english.yml
  /home/jan/development/ProsperOrPerishConstructor/mod/Prosper or Perish (Population Growth & Food Rework)/in_game/gfx/interface/icons/buildings/lowland_sluice_works.dds
Written:
  /home/jan/development/ProsperOrPerishConstructor/mod/Prosper or Perish (Population Growth & Food Rework)/in_game/common/building_types/zz_pp_lowland_sluice_works.txt
Skipped assets:
  /home/jan/development/ProsperOrPerishConstructor/mod/Prosper or Perish (Population Growth & Food Rework)/in_game/gfx/interface/icons/buildings/lowland_sluice_works.dds

blueprint: nile_navigation_works.yml

building blueprint render complete.
Planned:
  /home/jan/development/ProsperOrPerishConstructor/mod/Prosper or Perish (Population Growth & Food Rework)/in_game/common/building_types/zz_pp_nile_navigation_works.txt
  /home/jan/development/ProsperOrPerishConstructor/mod/Prosper or Perish (Population Growth & Food Rework)/in_game/common/prices/pp_nile_navigation_works.txt
  /home/jan/development/ProsperOrPerishConstructor/mod/Prosper or Perish (Population Growth & Food Rework)/main_menu/localization/english/pp_nile_navigation_works_l_english.yml
  /home/jan/development/ProsperOrPerishConstructor/mod/Prosper or Perish (Population Growth & Food Rework)/in_game/gfx/interface/icons/buildings/nile_navigation_works.dds
Written:
  /home/jan/development/ProsperOrPerishConstructor/mod/Prosper or Perish (Population Growth & Food Rework)/in_game/common/building_types/zz_pp_nile_navigation_works.txt
Skipped assets:
  /home/jan/development/ProsperOrPerishConstructor/mod/Prosper or Perish (Population Growth & Food Rework)/in_game/gfx/interface/icons/buildings/nile_navigation_works.dds

blueprint: delta_waterway_works.yml

building blueprint render complete.
Planned:
  /home/jan/development/ProsperOrPerishConstructor/mod/Prosper or Perish (Population Growth & Food Rework)/in_game/common/building_types/zz_pp_delta_waterway_works.txt
  /home/jan/development/ProsperOrPerishConstructor/mod/Prosper or Perish (Population Growth & Food Rework)/in_game/common/prices/pp_delta_waterway_works.txt
  /home/jan/development/ProsperOrPerishConstructor/mod/Prosper or Perish (Population Growth & Food Rework)/main_menu/localization/english/pp_delta_waterway_works_l_english.yml
  /home/jan/development/ProsperOrPerishConstructor/mod/Prosper or Perish (Population Growth & Food Rework)/in_game/gfx/interface/icons/buildings/delta_waterway_works.dds
Written:
  /home/jan/development/ProsperOrPerishConstructor/mod/Prosper or Perish (Population Growth & Food Rework)/in_game/common/building_types/zz_pp_delta_waterway_works.txt
Skipped assets:
  /home/jan/development/ProsperOrPerishConstructor/mod/Prosper or Perish (Population Growth & Food Rework)/in_game/gfx/interface/icons/buildings/delta_waterway_works.dds
Smart sync: worldbuilder inputs unchanged; skipping.
Applied increase_per_level_cost multiplier 0.75 to 225 building entries across 224 changed files.
Building footprint: population capacity written for 509 buildings (67 ignored, 5 not in the mod) across 495 changed files; report artifacts/data/building_footprint/footprint.csv.
Generated farming capacity raw modifier fallbacks for 0 non-blueprint building types.
Generated RGO cost redirects for 58 active expand_rgo cost entries, 0 priced building targets, and 123 unpriced classified buildings.
Compiled 21 province-food GUI divisors across 7 files to 24 months from 2 configured years; 0 GUI files changed and the food-storage map scale was unchanged, while the food-storage localization was unchanged.
Protected GUI types from other mods' vanilla copies: {'location_card': 6, 'food_production_province': 1}.
$ eu5-orchestrator validate --project /home/jan/development/ProsperOrPerishConstructor/constructor.toml
validation passed
$ eu5-orchestrator deploy --project /home/jan/development/ProsperOrPerishConstructor/constructor.toml --clean
EU5 mod deploy complete.
Source: /home/jan/development/ProsperOrPerishConstructor/mod/Prosper or Perish (Population Growth & Food Rework)
Target: /mnt/c/Users/Anwender/Documents/Paradox Interactive/Europa Universalis V/mod/Prosper or Perish (Population Growth & Food Rework)
Planned copies:
  /mnt/c/Users/Anwender/Documents/Paradox Interactive/Europa Universalis V/mod/Prosper or Perish (Population Growth & Food Rework)/in_game/common/building_types/zz_pp_slave_labor_yard.txt
  /mnt/c/Users/Anwender/Documents/Paradox Interactive/Europa Universalis V/mod/Prosper or Perish (Population Growth & Food Rework)/main_menu/localization/english/pp_hired_labor_yard_l_english.yml
  /mnt/c/Users/Anwender/Documents/Paradox Interactive/Europa Universalis V/mod/Prosper or Perish (Population Growth & Food Rework)/main_menu/localization/english/pp_rural_daywork_yard_l_english.yml
  /mnt/c/Users/Anwender/Documents/Paradox Interactive/Europa Universalis V/mod/Prosper or Perish (Population Growth & Food Rework)/main_menu/localization/english/pp_slave_labor_yard_l_english.yml
Copied:
  /mnt/c/Users/Anwender/Documents/Paradox Interactive/Europa Universalis V/mod/Prosper or Perish (Population Growth & Food Rework)/in_game/common/building_types/zz_pp_slave_labor_yard.txt
  /mnt/c/Users/Anwender/Documents/Paradox Interactive/Europa Universalis V/mod/Prosper or Perish (Population Growth & Food Rework)/main_menu/localization/english/pp_hired_labor_yard_l_english.yml
  /mnt/c/Users/Anwender/Documents/Paradox Interactive/Europa Universalis V/mod/Prosper or Perish (Population Growth & Food Rework)/main_menu/localization/english/pp_rural_daywork_yard_l_english.yml
  /mnt/c/Users/Anwender/Documents/Paradox Interactive/Europa Universalis V/mod/Prosper or Perish (Population Growth & Food Rework)/main_menu/localization/english/pp_slave_labor_yard_l_english.yml
Skipped unchanged: 1630
