name,category,icon,price,price_gold,price_source,effective_price,effective_price_gold,effective_price_source,price_kind,pop_type,employment_size,employment_size_key,max_levels,obsolete_buildings,possible_production_methods,unique_production_methods,unique_production_method_groups,source_file,source_line,source_layer,source_mod,source_mode,source_history
sofa_stockade,defense_category,,,,,,,,unresolved,soldiers,,slave_soldier_barracks,1,[],[],"[""sofa_stockade_maintenance""]","[[""sofa_stockade_maintenance""]]",/home/jan/development/ProsperOrPerishConstructor/mod/Prosper or Perish (Population Growth & Food Rework)/in_game/common/building_types/zz_pp_sofa_stockade.txt,2,constructor,Prosper or Perish Constructor,INJECT,"[{""file"":""/mnt/c/Games/steamapps/common/Europa Universalis V/game/in_game/common/building_types/00_unique_buildings_to_make_obsolete.txt"",""layer_id"":""vanilla"",""layer_name"":""Vanilla"",""line"":2,""mod_name"":null,""mode"":""CREATE""},{""file"":""/home/jan/development/ProsperOrPerishConstructor/mod/Prosper or Perish (Population Growth & Food Rework)/in_game/common/building_types/zz_pp_sofa_stockade.txt"",""layer_id"":""constructor"",""layer_name"":""Prosper or Perish Constructor"",""line"":2,""mod_name"":""Prosper or Perish Constructor"",""mode"":""INJECT""}]"
korean_barracks,military_category,,,,,,,,unresolved,soldiers,,manpower_employment,1,[],"[""early_soldier_building_maintenance""]",[],[],/home/jan/development/ProsperOrPerishConstructor/mod/Prosper or Perish (Population Growth & Food Rework)/in_game/common/building_types/zz_pp_korean_barracks.txt,2,constructor,Prosper or Perish Constructor,INJECT,"[{""file"":""/mnt/c/Games/steamapps/common/Europa Universalis V/game/in_game/common/building_types/00_unique_buildings_to_make_obsolete.txt"",""layer_id"":""vanilla"",""layer_name"":""Vanilla"",""line"":46,""mod_name"":null,""mode"":""CREATE""},{""file"":""/home/jan/development/ProsperOrPerishConstructor/mod/Prosper or Perish (Population Growth & Food Rework)/in_game/common/building_types/zz_pp_korean_barracks.txt"",""layer_id"":""constructor"",""layer_name"":""Prosper or Perish Constructor"",""line"":2,""mod_name"":""Prosper or Perish Constructor"",""mode"":""INJECT""}]"
provincial_garrison,military_category,,,,,,,,unresolved,soldiers,,manpower_employment,1,[],"[""early_soldier_building_maintenance""]",[],[],/home/jan/development/ProsperOrPerishConstructor/mod/Prosper or Perish (Population Growth & Food Rework)/in_game/common/building_types/zz_pp_provincial_garrison.txt,2,constructor,Prosper or Perish Constructor,INJECT,"[{""file"":""/mnt/c/Games/steamapps/common/Europa Universalis V/game/in_game/common/building_types/00_unique_buildings_to_make_obsolete.txt"",""layer_id"":""vanilla"",""layer_name"":""Vanilla"",""line"":68,""mod_name"":null,""mode"":""CREATE""},{""file"":""/home/jan/development/ProsperOrPerishConstructor/mod/Prosper or Perish (Population Growth & Food Rework)/in_game/common/building_types/zz_pp_provincial_garrison.txt"",""layer_id"":""constructor"",""layer_name"":""Prosper or Perish Constructor"",""line"":2,""mod_name"":""Prosper or Perish Constructor"",""mode"":""INJECT""}]"
royal_court,government_category,,,,,,,,unresolved,nobles,,large_noble_employment,1,[],[],"[""pp_royal_court_maintenance""]","[[""pp_royal_court_maintenance""]]",/home/jan/development/ProsperOrPerishConstructor/mod/Prosper or Perish (Population Growth & Food Rework)/in_game/common/building_types/pp_gold_to_jewelry_buildings.txt,191,constructor,Prosper or Perish Constructor,REPLACE,"[{""file"":""/home/jan/development/ProsperOrPerishConstructor/mod/Prosper or Perish (Population Growth & Food Rework)/in_game/common/building_types/pp_gold_to_jewelry_buildings.txt"",""layer_id"":""constructor"",""layer_name"":""Prosper or Perish Constructor"",""line"":191,""mod_name"":""Prosper or Perish Constructor"",""mode"":""REPLACE""}]"
house_of_parliament,government_category,,,,,,,,unresolved,nobles,,huge_noble_employment,1,[],[],"[""pp_house_of_parliament_requirements""]","[[""pp_house_of_parliament_requirements""]]",/home/jan/development/ProsperOrPerishConstructor/mod/Prosper or Perish (Population Growth & Food Rework)/in_game/common/building_types/pp_gold_to_jewelry_buildings.txt,141,constructor,Prosper or Perish Constructor,REPLACE,"[{""file"":""/home/jan/development/ProsperOrPerishConstructor/mod/Prosper or Perish (Population Growth & Food Rework)/in_game/common/building_types/pp_gold_to_jewelry_buildings.txt"",""layer_id"":""constructor"",""layer_name"":""Prosper or Perish Constructor"",""line"":141,""mod_name"":""Prosper or Perish Constructor"",""mode"":""REPLACE""}]"
order_headquarters,government_category,,,,,,,,unresolved,clergy,,religious_building_employment,1,[],[],"[""order_headquarters_requirements""]","[[""order_headquarters_requirements""]]",/home/jan/development/ProsperOrPerishConstructor/mod/Prosper or Perish (Population Growth & Food Rework)/in_game/common/building_types/zz_pp_order_headquarters.txt,2,constructor,Prosper or Perish Constructor,INJECT,"[{""file"":""/mnt/c/Games/steamapps/common/Europa Universalis V/game/in_game/common/building_types/capital_buildings.txt"",""layer_id"":""vanilla"",""layer_name"":""Vanilla"",""line"":119,""mod_name"":null,""mode"":""CREATE""},{""file"":""/home/jan/development/ProsperOrPerishConstructor/mod/Prosper or Perish (Population Growth & Food Rework)/in_game/common/building_types/zz_pp_order_headquarters.txt"",""layer_id"":""constructor"",""layer_name"":""Prosper or Perish Constructor"",""line"":2,""mod_name"":""Prosper or Perish Constructor"",""mode"":""INJECT""}]"
admiralty,government_category,,,,,,,,unresolved,burghers,,large_burgher_employment,1,[],[],"[""admiralty_requirements""]","[[""admiralty_requirements""]]",/home/jan/development/ProsperOrPerishConstructor/mod/Prosper or Perish (Population Growth & Food Rework)/in_game/common/building_types/zz_pp_admiralty.txt,2,constructor,Prosper or Perish Constructor,INJECT,"[{""file"":""/mnt/c/Games/steamapps/common/Europa Universalis V/game/in_game/common/building_types/capital_buildings.txt"",""layer_id"":""vanilla"",""layer_name"":""Vanilla"",""line"":183,""mod_name"":null,""mode"":""CREATE""},{""file"":""/home/jan/development/ProsperOrPerishConstructor/mod/Prosper or Perish (Population Growth & Food Rework)/in_game/common/building_types/zz_pp_admiralty.txt"",""layer_id"":""constructor"",""layer_name"":""Prosper or Perish Constructor"",""line"":2,""mod_name"":""Prosper or Perish Constructor"",""mode"":""INJECT""}]"
war_college,government_category,,,,,,,,unresolved,burghers,,large_burgher_employment,1,[],[],"[""war_college_requirements""]","[[""war_college_requirements""]]",/home/jan/development/ProsperOrPerishConstructor/mod/Prosper or Perish (Population Growth & Food Rework)/in_game/common/building_types/zz_pp_war_college.txt,2,constructor,Prosper or Perish Constructor,INJECT,"[{""file"":""/mnt/c/Games/steamapps/common/Europa Universalis V/game/in_game/common/building_types/capital_buildings.txt"",""layer_id"":""vanilla"",""layer_name"":""Vanilla"",""line"":232,""mod_name"":null,""mode"":""CREATE""},{""file"":""/home/jan/development/ProsperOrPerishConstructor/mod/Prosper or Perish (Population Growth & Food Rework)/in_game/common/building_types/zz_pp_war_college.txt"",""layer_id"":""constructor"",""layer_name"":""Prosper or Perish Constructor"",""line"":2,""mod_name"":""Prosper or Perish Constructor"",""mode"":""INJECT""}]"
tax_assessor,government_category,,,,,,,,unresolved,burghers,,large_burgher_employment,1,[],[],"[""tax_assessor_requirements""]","[[""tax_assessor_requirements""]]",/home/jan/development/ProsperOrPerishConstructor/mod/Prosper or Perish (Population Growth & Food Rework)/in_game/common/building_types/zz_pp_tax_assessor.txt,2,constructor,Prosper or Perish Constructor,INJECT,"[{""file"":""/mnt/c/Games/steamapps/common/Europa Universalis V/game/in_game/common/building_types/capital_buildings.txt"",""layer_id"":""vanilla"",""layer_name"":""Vanilla"",""line"":282,""mod_name"":null,""mode"":""CREATE""},{""file"":""/home/jan/development/ProsperOrPerishConstructor/mod/Prosper or Perish (Population Growth & Food Rework)/in_game/common/building_types/zz_pp_tax_assessor.txt"",""layer_id"":""constructor"",""layer_name"":""Prosper or Perish Constructor"",""line"":2,""mod_name"":""Prosper or Perish Constructor"",""mode"":""INJECT""}]"
supreme_court,government_category,,,,,,,,unresolved,nobles,,large_noble_employment,1,[],[],"[""supreme_court_requirements""]","[[""supreme_court_requirements""]]",/home/jan/development/ProsperOrPerishConstructor/mod/Prosper or Perish (Population Growth & Food Rework)/in_game/common/building_types/zz_pp_supreme_court.txt,2,constructor,Prosper or Perish Constructor,INJECT,"[{""file"":""/mnt/c/Games/steamapps/common/Europa Universalis V/game/in_game/common/building_types/capital_buildings.txt"",""layer_id"":""vanilla"",""layer_name"":""Vanilla"",""line"":330,""mod_name"":null,""mode"":""CREATE""},{""file"":""/home/jan/development/ProsperOrPerishConstructor/mod/Prosper or Perish (Population Growth & Food Rework)/in_game/common/building_types/zz_pp_supreme_court.txt"",""layer_id"":""constructor"",""layer_name"":""Prosper or Perish Constructor"",""line"":2,""mod_name"":""Prosper or Perish Constructor"",""mode"":""INJECT""}]"
chancery,government_category,,,,,,,,unresolved,burghers,,generic_burgher_employment,chancery_max_level,[],[],"[""pp_chancery_maintenance""]","[[""pp_chancery_maintenance""]]",/home/jan/development/ProsperOrPerishConstructor/mod/Prosper or Perish (Population Growth & Food Rework)/in_game/common/building_types/pp_gold_to_jewelry_buildings.txt,53,constructor,Prosper or Perish Constructor,REPLACE,"[{""file"":""/home/jan/development/ProsperOrPerishConstructor/mod/Prosper or Perish (Population Growth & Food Rework)/in_game/common/building_types/pp_gold_to_jewelry_buildings.txt"",""layer_id"":""constructor"",""layer_name"":""Prosper or Perish Constructor"",""line"":53,""mod_name"":""Prosper or Perish Constructor"",""mode"":""REPLACE""}]"
republican_assembly,government_category,,,,,,,,unresolved,nobles,,large_noble_employment,1,[],[],"[""pp_republican_assembly_maintenance""]","[[""pp_republican_assembly_maintenance""]]",/home/jan/development/ProsperOrPerishConstructor/mod/Prosper or Perish (Population Growth & Food Rework)/in_game/common/building_types/pp_gold_to_jewelry_buildings.txt,484,constructor,Prosper or Perish Constructor,REPLACE,"[{""file"":""/home/jan/development/ProsperOrPerishConstructor/mod/Prosper or Perish (Population Growth & Food Rework)/in_game/common/building_types/pp_gold_to_jewelry_buildings.txt"",""layer_id"":""constructor"",""layer_name"":""Prosper or Perish Constructor"",""line"":484,""mod_name"":""Prosper or Perish Constructor"",""mode"":""REPLACE""}]"
royal_garden,government_category,,,,,,,,unresolved,nobles,,noble_cultural_employment,1,[],[],"[""pp_royal_garden_maintenance""]","[[""pp_royal_garden_maintenance""]]",/home/jan/development/ProsperOrPerishConstructor/mod/Prosper or Perish (Population Growth & Food Rework)/in_game/common/building_types/pp_gold_to_jewelry_buildings.txt,240,constructor,Prosper or Perish Constructor,REPLACE,"[{""file"":""/home/jan/development/ProsperOrPerishConstructor/mod/Prosper or Perish (Population Growth & Food Rework)/in_game/common/building_types/pp_gold_to_jewelry_buildings.txt"",""layer_id"":""constructor"",""layer_name"":""Prosper or Perish Constructor"",""line"":240,""mod_name"":""Prosper or Perish Constructor"",""mode"":""REPLACE""}]"
pirate_stronghold,infrastructure_category,,,,,,,,unresolved,peasants,,capital_peasant_employment,1,[],"[""estate_building_input""]",[],[],/home/jan/development/ProsperOrPerishConstructor/mod/Prosper or Perish (Population Growth & Food Rework)/in_game/common/building_types/zz_pp_pirate_stronghold.txt,2,constructor,Prosper or Perish Constructor,INJECT,"[{""file"":""/mnt/c/Games/steamapps/common/Europa Universalis V/game/in_game/common/building_types/capital_buildings.txt"",""layer_id"":""vanilla"",""layer_name"":""Vanilla"",""line"":557,""mod_name"":null,""mode"":""CREATE""},{""file"":""/home/jan/development/ProsperOrPerishConstructor/mod/Prosper or Perish (Population Growth & Food Rework)/in_game/common/building_types/zz_pp_pirate_stronghold.txt"",""layer_id"":""constructor"",""layer_name"":""Prosper or Perish Constructor"",""line"":2,""mod_name"":""Prosper or Perish Constructor"",""mode"":""INJECT""}]"
local_governor,government_category,,,,,,,,unresolved,nobles,,large_noble_employment,1,[],[],"[""pp_local_governor_maintenance""]","[[""pp_local_governor_maintenance""]]",/home/jan/development/ProsperOrPerishConstructor/mod/Prosper or Perish (Population Growth & Food Rework)/in_game/common/building_types/pp_governor_building_adjustments.txt,8,constructor,Prosper or Perish Constructor,TRY_INJECT,"[{""file"":""/home/jan/development/ProsperOrPerishConstructor/mod/Prosper or Perish (Population Growth & Food Rework)/in_game/common/building_types/pp_gold_to_jewelry_buildings.txt"",""layer_id"":""constructor"",""layer_name"":""Prosper or Perish Constructor"",""line"":282,""mod_name"":""Prosper or Perish Constructor"",""mode"":""REPLACE""},{""file"":""/home/jan/development/ProsperOrPerishConstructor/mod/Prosper or Perish (Population Growth & Food Rework)/in_game/common/building_types/pp_governor_building_adjustments.txt"",""layer_id"":""constructor"",""layer_name"":""Prosper or Perish Constructor"",""line"":8,""mod_name"":""Prosper or Perish Constructor"",""mode"":""TRY_INJECT""}]"
italian_administration_center,government_category,,,,,,,,unresolved,nobles,,large_noble_employment,1,[],[],"[""italian_administration_center_maintenance""]","[[""italian_administration_center_maintenance""]]",/home/jan/development/ProsperOrPerishConstructor/mod/Prosper or Perish (Population Growth & Food Rework)/in_game/common/building_types/zz_pp_italian_administration_center.txt,2,constructor,Prosper or Perish Constructor,INJECT,"[{""file"":""/mnt/c/Games/steamapps/common/Europa Universalis V/game/in_game/common/building_types/capital_buildings.txt"",""layer_id"":""vanilla"",""layer_name"":""Vanilla"",""line"":686,""mod_name"":null,""mode"":""CREATE""},{""file"":""/home/jan/development/ProsperOrPerishConstructor/mod/Prosper or Perish (Population Growth & Food Rework)/in_game/common/building_types/zz_pp_italian_administration_center.txt"",""layer_id"":""constructor"",""layer_name"":""Prosper or Perish Constructor"",""line"":2,""mod_name"":""Prosper or Perish Constructor"",""mode"":""INJECT""}]"
naval_governor,government_category,,,,,,,,unresolved,nobles,,large_noble_employment,1,[],[],"[""pp_naval_governor_maintenance""]","[[""pp_naval_governor_maintenance""]]",/home/jan/development/ProsperOrPerishConstructor/mod/Prosper or Perish (Population Growth & Food Rework)/in_game/common/building_types/pp_governor_building_adjustments.txt,2,constructor,Prosper or Perish Constructor,TRY_INJECT,"[{""file"":""/home/jan/development/ProsperOrPerishConstructor/mod/Prosper or Perish (Population Growth & Food Rework)/in_game/common/building_types/pp_gold_to_jewelry_buildings.txt"",""layer_id"":""constructor"",""layer_name"":""Prosper or Perish Constructor"",""line"":362,""mod_name"":""Prosper or Perish Constructor"",""mode"":""REPLACE""},{""file"":""/home/jan/development/ProsperOrPerishConstructor/mod/Prosper or Perish (Population Growth & Food Rework)/in_game/common/building_types/pp_governor_building_adjustments.txt"",""layer_id"":""constructor"",""layer_name"":""Prosper or Perish Constructor"",""line"":2,""mod_name"":""Prosper or Perish Constructor"",""mode"":""TRY_INJECT""}]"
central_bank,government_category,,,,,,,,unresolved,burghers,,large_burgher_employment,1,[],[],"[""central_bank_maintenance""]","[[""central_bank_maintenance""]]",/home/jan/development/ProsperOrPerishConstructor/mod/Prosper or Perish (Population Growth & Food Rework)/in_game/common/building_types/zz_pp_central_bank.txt,2,constructor,Prosper or Perish Constructor,INJECT,"[{""file"":""/mnt/c/Games/steamapps/common/Europa Universalis V/game/in_game/common/building_types/capital_buildings.txt"",""layer_id"":""vanilla"",""layer_name"":""Vanilla"",""line"":844,""mod_name"":null,""mode"":""CREATE""},{""file"":""/home/jan/development/ProsperOrPerishConstructor/mod/Prosper or Perish (Population Growth & Food Rework)/in_game/common/building_types/zz_pp_central_bank.txt"",""layer_id"":""constructor"",""layer_name"":""Prosper or Perish Constructor"",""line"":2,""mod_name"":""Prosper or Perish Constructor"",""mode"":""INJECT""}]"
coastal_fort,defense_category,,,,,,,,unresolved,soldiers,,coastal_fort_employment,1,[],[],"[""coastal_fort_maintenance""]","[[""coastal_fort_maintenance""]]",/home/jan/development/ProsperOrPerishConstructor/mod/Prosper or Perish (Population Growth & Food Rework)/in_game/common/building_types/zz_pp_coastal_fort.txt,2,constructor,Prosper or Perish Constructor,INJECT,"[{""file"":""/mnt/c/Games/steamapps/common/Europa Universalis V/game/in_game/common/building_types/coastal_forts.txt"",""layer_id"":""vanilla"",""layer_name"":""Vanilla"",""line"":1,""mod_name"":null,""mode"":""CREATE""},{""file"":""/home/jan/development/ProsperOrPerishConstructor/mod/Prosper or Perish (Population Growth & Food Rework)/in_game/common/building_types/zz_pp_coastal_fort.txt"",""layer_id"":""constructor"",""layer_name"":""Prosper or Perish Constructor"",""line"":2,""mod_name"":""Prosper or Perish Constructor"",""mode"":""INJECT""}]"
naval_battery,defense_category,,,,,,,,unresolved,soldiers,,naval_battery_employment,1,"[""coastal_fort""]",[],"[""naval_battery_maintenance""]","[[""naval_battery_maintenance""]]",/home/jan/development/ProsperOrPerishConstructor/mod/Prosper or Perish (Population Growth & Food Rework)/in_game/common/building_types/zz_pp_naval_battery.txt,2,constructor,Prosper or Perish Constructor,INJECT,"[{""file"":""/mnt/c/Games/steamapps/common/Europa Universalis V/game/in_game/common/building_types/coastal_forts.txt"",""layer_id"":""vanilla"",""layer_name"":""Vanilla"",""line"":48,""mod_name"":null,""mode"":""CREATE""},{""file"":""/home/jan/development/ProsperOrPerishConstructor/mod/Prosper or Perish (Population Growth & Food Rework)/in_game/common/building_types/zz_pp_naval_battery.txt"",""layer_id"":""constructor"",""layer_name"":""Prosper or Perish Constructor"",""line"":2,""mod_name"":""Prosper or Perish Constructor"",""mode"":""INJECT""}]"
irrigation_systems,infrastructure_category,,pp_irrigation_systems_price,50.0,/home/jan/development/ProsperOrPerishConstructor/mod/Prosper or Perish (Population Growth & Food Rework)/in_game/common/prices/pp_irrigation_systems.txt,pp_irrigation_systems_price,50.0,/home/jan/development/ProsperOrPerishConstructor/mod/Prosper or Perish (Population Growth & Food Rework)/in_game/common/prices/pp_irrigation_systems.txt,explicit,peasants,0.0,,pp_wb_cap_irrigation_systems,[],[],[],[],/home/jan/development/ProsperOrPerishConstructor/mod/Prosper or Perish (Population Growth & Food Rework)/in_game/common/building_types/zz_pp_irrigation_systems.txt,2,constructor,Prosper or Perish Constructor,REPLACE,"[{""file"":""/home/jan/development/ProsperOrPerishConstructor/mod/Prosper or Perish (Population Growth & Food Rework)/in_game/common/building_types/zz_pp_irrigation_systems.txt"",""layer_id"":""constructor"",""layer_name"":""Prosper or Perish Constructor"",""line"":2,""mod_name"":""Prosper or Perish Constructor"",""mode"":""REPLACE""}]"
bridge_infrastructure,infrastructure_category,,,,,,,,unresolved,laborers,,generic_peasant_building_employment,1,[],"[""bridge_maintenance""]",[],[],/home/jan/development/ProsperOrPerishConstructor/mod/Prosper or Perish (Population Growth & Food Rework)/in_game/common/building_types/zz_pp_bridge_infrastructure.txt,2,constructor,Prosper or Perish Constructor,INJECT,"[{""file"":""/mnt/c/Games/steamapps/common/Europa Universalis V/game/in_game/common/building_types/common_buildings.txt"",""layer_id"":""vanilla"",""layer_name"":""Vanilla"",""line"":41,""mod_name"":null,""mode"":""CREATE""},{""file"":""/home/jan/development/ProsperOrPerishConstructor/mod/Prosper or Perish (Population Growth & Food Rework)/in_game/common/building_types/zz_pp_bridge_infrastructure.txt"",""layer_id"":""constructor"",""layer_name"":""Prosper or Perish Constructor"",""line"":2,""mod_name"":""Prosper or Perish Constructor"",""mode"":""INJECT""}]"
pound_lock_canal_infrastructure,infrastructure_category,,,,,,,,unresolved,laborers,,generic_peasant_building_employment,1,[],"[""pound_lock_canal_infrastructure_maintenance""]",[],[],/home/jan/development/ProsperOrPerishConstructor/mod/Prosper or Perish (Population Growth & Food Rework)/in_game/common/building_types/zz_pp_pound_lock_canal_infrastructure.txt,2,constructor,Prosper or Perish Constructor,TRY_INJECT,"[{""file"":""/mnt/c/Games/steamapps/common/Europa Universalis V/game/in_game/common/building_types/common_buildings.txt"",""layer_id"":""vanilla"",""layer_name"":""Vanilla"",""line"":77,""mod_name"":null,""mode"":""CREATE""},{""file"":""/home/jan/development/ProsperOrPerishConstructor/mod/Prosper or Perish (Population Growth & Food Rework)/in_game/common/building_types/zz_pp_pound_lock_canal_infrastructure.txt"",""layer_id"":""constructor"",""layer_name"":""Prosper or Perish Constructor"",""line"":2,""mod_name"":""Prosper or Perish Constructor"",""mode"":""TRY_INJECT""}]"
mason,basic_industry_category,,,,,,,,unresolved,laborers,1.0,,guild_max_level,[],[],"[""pp_mason_stone_bricks"",""pp_mason_clay_bricks""]","[[""pp_mason_stone_bricks"",""pp_mason_clay_bricks""]]",/home/jan/development/ProsperOrPerishConstructor/mod/Prosper or Perish (Population Growth & Food Rework)/in_game/common/building_types/zz_pp_mason.txt,2,constructor,Prosper or Perish Constructor,REPLACE,"[{""file"":""/home/jan/development/ProsperOrPerishConstructor/mod/Prosper or Perish (Population Growth & Food Rework)/in_game/common/building_types/zz_pp_mason.txt"",""layer_id"":""constructor"",""layer_name"":""Prosper or Perish Constructor"",""line"":2,""mod_name"":""Prosper or Perish Constructor"",""mode"":""REPLACE""}]"
mercury_patio,rgo_building_category,,,,,,,,unresolved,laborers,,advanced_peasant_building_employment,mercury_patio_max_level,[],[],"[""mercury_patio_maintenance""]","[[""mercury_patio_maintenance""]]",/home/jan/development/ProsperOrPerishConstructor/mod/Prosper or Perish (Population Growth & Food Rework)/in_game/common/building_types/zz_pp_mercury_patio.txt,2,constructor,Prosper or Perish Constructor,INJECT,"[{""file"":""/mnt/c/Games/steamapps/common/Europa Universalis V/game/in_game/common/building_types/common_buildings.txt"",""layer_id"":""vanilla"",""layer_name"":""Vanilla"",""line"":154,""mod_name"":null,""mode"":""CREATE""},{""file"":""/home/jan/development/ProsperOrPerishConstructor/mod/Prosper or Perish (Population Growth & Food Rework)/in_game/common/building_types/pp_mercury_patio_adjustments.txt"",""layer_id"":""constructor"",""layer_name"":""Prosper or Perish Constructor"",""line"":1,""mod_name"":""Prosper or Perish Constructor"",""mode"":""TRY_INJECT""},{""file"":""/home/jan/development/ProsperOrPerishConstructor/mod/Prosper or Perish (Population Growth & Food Rework)/in_game/common/building_types/zz_pp_mercury_patio.txt"",""layer_id"":""constructor"",""layer_name"":""Prosper or Perish Constructor"",""line"":2,""mod_name"":""Prosper or Perish Constructor"",""mode"":""INJECT""}]"
tar_kiln,basic_industry_category,,,,,,,,unresolved,laborers,1.0,,rural_building_cap,[],[],"[""pp_tar_kiln_tar_kiln_maintenance""]","[[""pp_tar_kiln_tar_kiln_maintenance""]]",/home/jan/development/ProsperOrPerishConstructor/mod/Prosper or Perish (Population Growth & Food Rework)/in_game/common/building_types/zz_pp_tar_kiln.txt,2,constructor,Prosper or Perish Constructor,REPLACE,"[{""file"":""/home/jan/development/ProsperOrPerishConstructor/mod/Prosper or Perish (Population Growth & Food Rework)/in_game/common/building_types/zz_pp_tar_kiln.txt"",""layer_id"":""constructor"",""layer_name"":""Prosper or Perish Constructor"",""line"":2,""mod_name"":""Prosper or Perish Constructor"",""mode"":""REPLACE""}]"
horse_breeders,rgo_building_category,,,,,,,,unresolved,laborers,1.0,,farm_capacity_max_horse_breeders,[],[],"[""pp_horse_breeders_base_horses"",""pp_horse_breeders_pasture_herds"",""pp_horse_breeders_stud_yards"",""pp_horse_breeders_selected_stallions""]","[[""pp_horse_breeders_base_horses""],[""pp_horse_breeders_pasture_herds"",""pp_horse_breeders_stud_yards"",""pp_horse_breeders_selected_stallions""]]",/home/jan/development/ProsperOrPerishConstructor/mod/Prosper or Perish (Population Growth & Food Rework)/in_game/common/building_types/zz_pp_horse_breeders.txt,2,constructor,Prosper or Perish Constructor,REPLACE,"[{""file"":""/home/jan/development/ProsperOrPerishConstructor/mod/Prosper or Perish (Population Growth & Food Rework)/in_game/common/building_types/zz_pp_horse_breeders.txt"",""layer_id"":""constructor"",""layer_name"":""Prosper or Perish Constructor"",""line"":2,""mod_name"":""Prosper or Perish Constructor"",""mode"":""REPLACE""}]"
stone_quarry,rgo_building_category,,,,,,,,unresolved,laborers,1.0,,rural_building_cap,[],[],"[""pp_stone_quarry_base_stone"",""pp_stone_quarry_outcrop_gathering"",""pp_stone_quarry_cut_stone""]","[[""pp_stone_quarry_base_stone""],[""pp_stone_quarry_outcrop_gathering"",""pp_stone_quarry_cut_stone""]]",/home/jan/development/ProsperOrPerishConstructor/mod/Prosper or Perish (Population Growth & Food Rework)/in_game/common/building_types/zz_pp_stone_quarry.txt,2,constructor,Prosper or Perish Constructor,REPLACE,"[{""file"":""/home/jan/development/ProsperOrPerishConstructor/mod/Prosper or Perish (Population Growth & Food Rework)/in_game/common/building_types/zz_pp_stone_quarry.txt"",""layer_id"":""constructor"",""layer_name"":""Prosper or Perish Constructor"",""line"":2,""mod_name"":""Prosper or Perish Constructor"",""mode"":""REPLACE""}]"
lumber_mill,rgo_building_category,,,,,,,,unresolved,laborers,1.0,,forest_capacity_max_lumber_mill,[],[],"[""pp_lumber_mill_base_lumber"",""pp_lumber_mill_no_primary"",""pp_lumber_mill_horse_tools"",""pp_lumber_mill_horse_victuals"",""pp_lumber_mill_livestock_tools"",""pp_lumber_mill_livestock_victuals"",""pp_lumber_mill_no_extra_rations"",""pp_lumber_mill_extra_rations"",""pp_lumber_mill_wound_salves""]","[[""pp_lumber_mill_base_lumber""],[""pp_lumber_mill_no_primary"",""pp_lumber_mill_horse_tools"",""pp_lumber_mill_horse_victuals"",""pp_lumber_mill_livestock_tools"",""pp_lumber_mill_livestock_victuals""],[""pp_lumber_mill_no_extra_rations"",""pp_lumber_mill_extra_rations"",""pp_lumber_mill_wound_salves""]]",/home/jan/development/ProsperOrPerishConstructor/mod/Prosper or Perish (Population Growth & Food Rework)/in_game/common/building_types/zz_pp_lumber_mill.txt,2,constructor,Prosper or Perish Constructor,REPLACE,"[{""file"":""/home/jan/development/ProsperOrPerishConstructor/mod/Prosper or Perish (Population Growth & Food Rework)/in_game/common/building_types/zz_pp_lumber_mill.txt"",""layer_id"":""constructor"",""layer_name"":""Prosper or Perish Constructor"",""line"":2,""mod_name"":""Prosper or Perish Constructor"",""mode"":""REPLACE""}]"
fiber_crops_farm,rgo_building_category,,,,,,,,unresolved,laborers,1.0,,farm_capacity_max_fiber_crops_farm,[],[],"[""pp_fiber_crops_farm_base_fiber_crops"",""pp_fiber_crops_farm_field_harvest"",""pp_fiber_crops_farm_retting_yards""]","[[""pp_fiber_crops_farm_base_fiber_crops""],[""pp_fiber_crops_farm_field_harvest"",""pp_fiber_crops_farm_retting_yards""]]",/home/jan/development/ProsperOrPerishConstructor/mod/Prosper or Perish (Population Growth & Food Rework)/in_game/common/building_types/zz_pp_fiber_crops_farm.txt,2,constructor,Prosper or Perish Constructor,REPLACE,"[{""file"":""/home/jan/development/ProsperOrPerishConstructor/mod/Prosper or Perish (Population Growth & Food Rework)/in_game/common/building_types/zz_pp_fiber_crops_farm.txt"",""layer_id"":""constructor"",""layer_name"":""Prosper or Perish Constructor"",""line"":2,""mod_name"":""Prosper or Perish Constructor"",""mode"":""REPLACE""}]"
sand_pit,rgo_building_category,,,,,,,,unresolved,laborers,1.0,,rural_building_cap,[],[],"[""pp_sand_pit_base_sand"",""pp_sand_pit_surface_gathering"",""pp_sand_pit_screened_pits""]","[[""pp_sand_pit_base_sand""],[""pp_sand_pit_surface_gathering"",""pp_sand_pit_screened_pits""]]",/home/jan/development/ProsperOrPerishConstructor/mod/Prosper or Perish (Population Growth & Food Rework)/in_game/common/building_types/zz_pp_sand_pit.txt,2,constructor,Prosper or Perish Constructor,REPLACE,"[{""file"":""/home/jan/development/ProsperOrPerishConstructor/mod/Prosper or Perish (Population Growth & Food Rework)/in_game/common/building_types/zz_pp_sand_pit.txt"",""layer_id"":""constructor"",""layer_name"":""Prosper or Perish Constructor"",""line"":2,""mod_name"":""Prosper or Perish Constructor"",""mode"":""REPLACE""}]"
bog_iron_smelter,rgo_building_category,bog_iron_smelter,,,,,,,unresolved,laborers,1.0,,rural_building_cap,[],[],"[""pp_bog_iron_maintenance""]","[[""pp_bog_iron_maintenance""]]",/home/jan/development/ProsperOrPerishConstructor/mod/Prosper or Perish (Population Growth & Food Rework)/in_game/common/building_types/zz_pp_bog_iron_smelter.txt,2,constructor,Prosper or Perish Constructor,REPLACE,"[{""file"":""/home/jan/development/ProsperOrPerishConstructor/mod/Prosper or Perish (Population Growth & Food Rework)/in_game/common/building_types/zz_pp_bog_iron_smelter.txt"",""layer_id"":""constructor"",""layer_name"":""Prosper or Perish Constructor"",""line"":2,""mod_name"":""Prosper or Perish Constructor"",""mode"":""REPLACE""}]"
clay_pit,rgo_building_category,,,,,,,,unresolved,laborers,1.0,,rural_building_cap,[],[],"[""pp_clay_pit_base_clay"",""pp_clay_pit_maintenance""]","[[""pp_clay_pit_base_clay"",""pp_clay_pit_maintenance""]]",/home/jan/development/ProsperOrPerishConstructor/mod/Prosper or Perish (Population Growth & Food Rework)/in_game/common/building_types/zz_pp_clay_pit.txt,2,constructor,Prosper or Perish Constructor,REPLACE,"[{""file"":""/home/jan/development/ProsperOrPerishConstructor/mod/Prosper or Perish (Population Growth & Food Rework)/in_game/common/building_types/zz_pp_clay_pit.txt"",""layer_id"":""constructor"",""layer_name"":""Prosper or Perish Constructor"",""line"":2,""mod_name"":""Prosper or Perish Constructor"",""mode"":""REPLACE""}]"
salt_collector,rgo_building_category,salt_collector,,,,,,,unresolved,laborers,1.0,,rural_building_cap,[],[],"[""pp_coastal_saltern_base_salt"",""pp_coastal_saltern_open_salt_marshes"",""pp_coastal_saltern_lined_evaporation_pans""]","[[""pp_coastal_saltern_base_salt""],[""pp_coastal_saltern_open_salt_marshes"",""pp_coastal_saltern_lined_evaporation_pans""]]",/home/jan/development/ProsperOrPerishConstructor/mod/Prosper or Perish (Population Growth & Food Rework)/in_game/common/building_types/zz_pp_coastal_saltern.txt,2,constructor,Prosper or Perish Constructor,REPLACE,"[{""file"":""/home/jan/development/ProsperOrPerishConstructor/mod/Prosper or Perish (Population Growth & Food Rework)/in_game/common/building_types/zz_pp_coastal_saltern.txt"",""layer_id"":""constructor"",""layer_name"":""Prosper or Perish Constructor"",""line"":2,""mod_name"":""Prosper or Perish Constructor"",""mode"":""REPLACE""}]"
fruit_orchard,rgo_building_category,,,,,,,,unresolved,peasants,1.0,,farm_capacity_max_fruit_orchard,[],[],"[""pp_fruit_orchard_base_fruit"",""pp_fruit_orchard_no_primary"",""pp_fruit_orchard_maintenance"",""pp_fruit_orchard_no_worker_victuals"",""pp_fruit_orchard_worker_victuals""]","[[""pp_fruit_orchard_base_fruit""],[""pp_fruit_orchard_no_primary"",""pp_fruit_orchard_maintenance""],[""pp_fruit_orchard_no_worker_victuals"",""pp_fruit_orchard_worker_victuals""]]",/home/jan/development/ProsperOrPerishConstructor/mod/Prosper or Perish (Population Growth & Food Rework)/in_game/common/building_types/zz_pp_fruit_orchard.txt,2,constructor,Prosper or Perish Constructor,REPLACE,"[{""file"":""/home/jan/development/ProsperOrPerishConstructor/mod/Prosper or Perish (Population Growth & Food Rework)/in_game/common/building_types/zz_pp_fruit_orchard.txt"",""layer_id"":""constructor"",""layer_name"":""Prosper or Perish Constructor"",""line"":2,""mod_name"":""Prosper or Perish Constructor"",""mode"":""REPLACE""}]"
early_council_hall,government_category,,,,,,,,unresolved,burghers,,generic_burgher_employment,1,[],[],"[""early_council_hall_maintenance""]","[[""early_council_hall_maintenance""]]",/home/jan/development/ProsperOrPerishConstructor/mod/Prosper or Perish (Population Growth & Food Rework)/in_game/common/building_types/zz_pp_early_council_hall.txt,2,constructor,Prosper or Perish Constructor,INJECT,"[{""file"":""/mnt/c/Games/steamapps/common/Europa Universalis V/game/in_game/common/building_types/council_hall.txt"",""layer_id"":""vanilla"",""layer_name"":""Vanilla"",""line"":1,""mod_name"":null,""mode"":""CREATE""},{""file"":""/home/jan/development/ProsperOrPerishConstructor/mod/Prosper or Perish (Population Growth & Food Rework)/in_game/common/building_types/zz_pp_early_council_hall.txt"",""layer_id"":""constructor"",""layer_name"":""Prosper or Perish Constructor"",""line"":2,""mod_name"":""Prosper or Perish Constructor"",""mode"":""INJECT""}]"
council_hall,government_category,,,,,,,,unresolved,burghers,,generic_burgher_employment,1,"[""early_council_hall""]",[],"[""council_hall_maintenance""]","[[""council_hall_maintenance""]]",/home/jan/development/ProsperOrPerishConstructor/mod/Prosper or Perish (Population Growth & Food Rework)/in_game/common/building_types/zz_pp_council_hall.txt,2,constructor,Prosper or Perish Constructor,INJECT,"[{""file"":""/mnt/c/Games/steamapps/common/Europa Universalis V/game/in_game/common/building_types/council_hall.txt"",""layer_id"":""vanilla"",""layer_name"":""Vanilla"",""line"":41,""mod_name"":null,""mode"":""CREATE""},{""file"":""/home/jan/development/ProsperOrPerishConstructor/mod/Prosper or Perish (Population Growth & Food Rework)/in_game/common/building_types/zz_pp_council_hall.txt"",""layer_id"":""constructor"",""layer_name"":""Prosper or Perish Constructor"",""line"":2,""mod_name"":""Prosper or Perish Constructor"",""mode"":""INJECT""}]"
modern_council_hall,government_category,,,,,,,,unresolved,burghers,,generic_burgher_employment,1,"[""council_hall""]",[],"[""modern_council_hall_maintenance""]","[[""modern_council_hall_maintenance""]]",/home/jan/development/ProsperOrPerishConstructor/mod/Prosper or Perish (Population Growth & Food Rework)/in_game/common/building_types/zz_pp_modern_council_hall.txt,2,constructor,Prosper or Perish Constructor,INJECT,"[{""file"":""/mnt/c/Games/steamapps/common/Europa Universalis V/game/in_game/common/building_types/council_hall.txt"",""layer_id"":""vanilla"",""layer_name"":""Vanilla"",""line"":79,""mod_name"":null,""mode"":""CREATE""},{""file"":""/home/jan/development/ProsperOrPerishConstructor/mod/Prosper or Perish (Population Growth & Food Rework)/in_game/common/building_types/zz_pp_modern_council_hall.txt"",""layer_id"":""constructor"",""layer_name"":""Prosper or Perish Constructor"",""line"":2,""mod_name"":""Prosper or Perish Constructor"",""mode"":""INJECT""}]"
university,cultural_category,,,,,,,,unresolved,clergy,,religious_building_employment,1,[],[],"[""pp_university_maintenance""]","[[""pp_university_maintenance""]]",/home/jan/development/ProsperOrPerishConstructor/mod/Prosper or Perish (Population Growth & Food Rework)/in_game/common/building_types/pp_culture_building_adjustments.txt,47,constructor,Prosper or Perish Constructor,REPLACE,"[{""file"":""/home/jan/development/ProsperOrPerishConstructor/mod/Prosper or Perish (Population Growth & Food Rework)/in_game/common/building_types/pp_culture_building_adjustments.txt"",""layer_id"":""constructor"",""layer_name"":""Prosper or Perish Constructor"",""line"":47,""mod_name"":""Prosper or Perish Constructor"",""mode"":""REPLACE""}]"
library,cultural_category,,,,,,,,unresolved,clergy,,cultural_employment,1,[],"[""pp_library_maintenance""]",[],[],/home/jan/development/ProsperOrPerishConstructor/mod/Prosper or Perish (Population Growth & Food Rework)/in_game/common/building_types/pp_culture_building_adjustments.txt,3,constructor,Prosper or Perish Constructor,REPLACE,"[{""file"":""/home/jan/development/ProsperOrPerishConstructor/mod/Prosper or Perish (Population Growth & Food Rework)/in_game/common/building_types/pp_culture_building_adjustments.txt"",""layer_id"":""constructor"",""layer_name"":""Prosper or Perish Constructor"",""line"":3,""mod_name"":""Prosper or Perish Constructor"",""mode"":""REPLACE""}]"
confucian_school,cultural_category,,,,,,,,unresolved,nobles,,noble_cultural_employment,1,[],"[""confucian_school_maintenance""]",[],[],/home/jan/development/ProsperOrPerishConstructor/mod/Prosper or Perish (Population Growth & Food Rework)/in_game/common/building_types/zz_pp_confucian_school.txt,2,constructor,Prosper or Perish Constructor,INJECT,"[{""file"":""/mnt/c/Games/steamapps/common/Europa Universalis V/game/in_game/common/building_types/culture_buildings.txt"",""layer_id"":""vanilla"",""layer_name"":""Vanilla"",""line"":93,""mod_name"":null,""mode"":""CREATE""},{""file"":""/home/jan/development/ProsperOrPerishConstructor/mod/Prosper or Perish (Population Growth & Food Rework)/in_game/common/building_types/zz_pp_confucian_school.txt"",""layer_id"":""constructor"",""layer_name"":""Prosper or Perish Constructor"",""line"":2,""mod_name"":""Prosper or Perish Constructor"",""mode"":""INJECT""}]"
confucian_academy,cultural_category,,,,,,,,unresolved,nobles,,noble_cultural_employment,1,[],[],"[""confucian_academy_maintenance""]","[[""confucian_academy_maintenance""]]",/home/jan/development/ProsperOrPerishConstructor/mod/Prosper or Perish (Population Growth & Food Rework)/in_game/common/building_types/zz_pp_confucian_academy.txt,2,constructor,Prosper or Perish Constructor,INJECT,"[{""file"":""/mnt/c/Games/steamapps/common/Europa Universalis V/game/in_game/common/building_types/culture_buildings.txt"",""layer_id"":""vanilla"",""layer_name"":""Vanilla"",""line"":149,""mod_name"":null,""mode"":""CREATE""},{""file"":""/home/jan/development/ProsperOrPerishConstructor/mod/Prosper or Perish (Population Growth & Food Rework)/in_game/common/building_types/zz_pp_confucian_academy.txt"",""layer_id"":""constructor"",""layer_name"":""Prosper or Perish Constructor"",""line"":2,""mod_name"":""Prosper or Perish Constructor"",""mode"":""INJECT""}]"
opera_house,cultural_category,,,,,,,,unresolved,burghers,,large_cultural_employment,1,[],[],"[""opera_house_maintenance""]","[[""opera_house_maintenance""]]",/home/jan/development/ProsperOrPerishConstructor/mod/Prosper or Perish (Population Growth & Food Rework)/in_game/common/building_types/zz_pp_opera_house.txt,2,constructor,Prosper or Perish Constructor,INJECT,"[{""file"":""/mnt/c/Games/steamapps/common/Europa Universalis V/game/in_game/common/building_types/culture_buildings.txt"",""layer_id"":""vanilla"",""layer_name"":""Vanilla"",""line"":199,""mod_name"":null,""mode"":""CREATE""},{""file"":""/home/jan/development/ProsperOrPerishConstructor/mod/Prosper or Perish (Population Growth & Food Rework)/in_game/common/building_types/zz_pp_opera_house.txt"",""layer_id"":""constructor"",""layer_name"":""Prosper or Perish Constructor"",""line"":2,""mod_name"":""Prosper or Perish Constructor"",""mode"":""INJECT""}]"
theater,cultural_category,,,,,,,,unresolved,burghers,,cultural_employment,1,[],"[""theater_maintenance""]",[],[],/home/jan/development/ProsperOrPerishConstructor/mod/Prosper or Perish (Population Growth & Food Rework)/in_game/common/building_types/zz_pp_theater.txt,2,constructor,Prosper or Perish Constructor,INJECT,"[{""file"":""/mnt/c/Games/steamapps/common/Europa Universalis V/game/in_game/common/building_types/culture_buildings.txt"",""layer_id"":""vanilla"",""layer_name"":""Vanilla"",""line"":241,""mod_name"":null,""mode"":""CREATE""},{""file"":""/home/jan/development/ProsperOrPerishConstructor/mod/Prosper or Perish (Population Growth & Food Rework)/in_game/common/building_types/zz_pp_theater.txt"",""layer_id"":""constructor"",""layer_name"":""Prosper or Perish Constructor"",""line"":2,""mod_name"":""Prosper or Perish Constructor"",""mode"":""INJECT""}]"
jesuit_college,cultural_category,,,,,,,,unresolved,clergy,,religious_building_employment,1,[],[],"[""jesuit_college_maintenance""]","[[""jesuit_college_maintenance""]]",/home/jan/development/ProsperOrPerishConstructor/mod/Prosper or Perish (Population Growth & Food Rework)/in_game/common/building_types/zz_pp_jesuit_college.txt,2,constructor,Prosper or Perish Constructor,INJECT,"[{""file"":""/mnt/c/Games/steamapps/common/Europa Universalis V/game/in_game/common/building_types/culture_buildings.txt"",""layer_id"":""vanilla"",""layer_name"":""Vanilla"",""line"":273,""mod_name"":null,""mode"":""CREATE""},{""file"":""/home/jan/development/ProsperOrPerishConstructor/mod/Prosper or Perish (Population Growth & Food Rework)/in_game/common/building_types/zz_pp_jesuit_college.txt"",""layer_id"":""constructor"",""layer_name"":""Prosper or Perish Constructor"",""line"":2,""mod_name"":""Prosper or Perish Constructor"",""mode"":""INJECT""}]"
art_school,cultural_category,,,,,,,,unresolved,burghers,,cultural_employment,1,[],"[""art_school_maintenance""]",[],[],/home/jan/development/ProsperOrPerishConstructor/mod/Prosper or Perish (Population Growth & Food Rework)/in_game/common/building_types/zz_pp_art_school.txt,2,constructor,Prosper or Perish Constructor,INJECT,"[{""file"":""/mnt/c/Games/steamapps/common/Europa Universalis V/game/in_game/common/building_types/culture_buildings.txt"",""layer_id"":""vanilla"",""layer_name"":""Vanilla"",""line"":332,""mod_name"":null,""mode"":""CREATE""},{""file"":""/home/jan/development/ProsperOrPerishConstructor/mod/Prosper or Perish (Population Growth & Food Rework)/in_game/common/building_types/zz_pp_art_school.txt"",""layer_id"":""constructor"",""layer_name"":""Prosper or Perish Constructor"",""line"":2,""mod_name"":""Prosper or Perish Constructor"",""mode"":""INJECT""}]"
arts_academy,cultural_category,,,,,,,,unresolved,burghers,,generic_burgher_employment,1,"[""art_school""]","[""arts_academy_maintenance""]",[],[],/home/jan/development/ProsperOrPerishConstructor/mod/Prosper or Perish (Population Growth & Food Rework)/in_game/common/building_types/zz_pp_arts_academy.txt,2,constructor,Prosper or Perish Constructor,INJECT,"[{""file"":""/mnt/c/Games/steamapps/common/Europa Universalis V/game/in_game/common/building_types/culture_buildings.txt"",""layer_id"":""vanilla"",""layer_name"":""Vanilla"",""line"":372,""mod_name"":null,""mode"":""CREATE""},{""file"":""/home/jan/development/ProsperOrPerishConstructor/mod/Prosper or Perish (Population Growth & Food Rework)/in_game/common/building_types/zz_pp_arts_academy.txt"",""layer_id"":""constructor"",""layer_name"":""Prosper or Perish Constructor"",""line"":2,""mod_name"":""Prosper or Perish Constructor"",""mode"":""INJECT""}]"
trade_office,trade_category,,,,,,,,unresolved,burghers,,foreign_trade_employment,trade_office_max_level,[],[],"[""trade_office_requirements""]","[[""trade_office_requirements""]]",/home/jan/development/ProsperOrPerishConstructor/mod/Prosper or Perish (Population Growth & Food Rework)/in_game/common/building_types/zz_pp_trade_office.txt,2,constructor,Prosper or Perish Constructor,INJECT,"[{""file"":""/mnt/c/Games/steamapps/common/Europa Universalis V/game/in_game/common/building_types/foreign_buildings.txt"",""layer_id"":""vanilla"",""layer_name"":""Vanilla"",""line"":1,""mod_name"":null,""mode"":""CREATE""},{""file"":""/home/jan/development/ProsperOrPerishConstructor/mod/Prosper or Perish (Population Growth & Food Rework)/in_game/common/building_types/zz_pp_trade_office.txt"",""layer_id"":""constructor"",""layer_name"":""Prosper or Perish Constructor"",""line"":2,""mod_name"":""Prosper or Perish Constructor"",""mode"":""INJECT""}]"
embassy,government_category,,,,,,,,unresolved,nobles,,minor_noble_employment,1,[],[],"[""embassy_requirements""]","[[""embassy_requirements""]]",/home/jan/development/ProsperOrPerishConstructor/mod/Prosper or Perish (Population Growth & Food Rework)/in_game/common/building_types/zz_pp_embassy.txt,2,constructor,Prosper or Perish Constructor,INJECT,"[{""file"":""/mnt/c/Games/steamapps/common/Europa Universalis V/game/in_game/common/building_types/foreign_buildings.txt"",""layer_id"":""vanilla"",""layer_name"":""Vanilla"",""line"":52,""mod_name"":null,""mode"":""CREATE""},{""file"":""/home/jan/development/ProsperOrPerishConstructor/mod/Prosper or Perish (Population Growth & Food Rework)/in_game/common/building_types/zz_pp_embassy.txt"",""layer_id"":""constructor"",""layer_name"":""Prosper or Perish Constructor"",""line"":2,""mod_name"":""Prosper or Perish Constructor"",""mode"":""INJECT""}]"
missionary_building,colonial_category,,,,,,,,unresolved,clergy,,religious_building_employment,1,[],"[""colony_maintenance""]",[],[],/home/jan/development/ProsperOrPerishConstructor/mod/Prosper or Perish (Population Growth & Food Rework)/in_game/common/building_types/zz_pp_missionary_building.txt,2,constructor,Prosper or Perish Constructor,INJECT,"[{""file"":""/mnt/c/Games/steamapps/common/Europa Universalis V/game/in_game/common/building_types/foreign_buildings.txt"",""layer_id"":""vanilla"",""layer_name"":""Vanilla"",""line"":114,""mod_name"":null,""mode"":""CREATE""},{""file"":""/home/jan/development/ProsperOrPerishConstructor/mod/Prosper or Perish (Population Growth & Food Rework)/in_game/common/building_types/zz_pp_missionary_building.txt"",""layer_id"":""constructor"",""layer_name"":""Prosper or Perish Constructor"",""line"":2,""mod_name"":""Prosper or Perish Constructor"",""mode"":""INJECT""}]"
slave_center,colonial_category,,,,,,,,unresolved,burghers,0.3,,1,[],[],"[""pp_slave_center_slave_center_maintenance""]","[[""pp_slave_center_slave_center_maintenance""]]",/home/jan/development/ProsperOrPerishConstructor/mod/Prosper or Perish (Population Growth & Food Rework)/in_game/common/building_types/zz_pp_slave_center.txt,2,constructor,Prosper or Perish Constructor,REPLACE,"[{""file"":""/home/jan/development/ProsperOrPerishConstructor/mod/Prosper or Perish (Population Growth & Food Rework)/in_game/common/building_types/zz_pp_slave_center.txt"",""layer_id"":""constructor"",""layer_name"":""Prosper or Perish Constructor"",""line"":2,""mod_name"":""Prosper or Perish Constructor"",""mode"":""REPLACE""}]"
overseas_trading_post,colonial_category,,,,,,,,unresolved,burghers,,foreign_trade_employment,1,[],"[""fur_trading_post_maintenance""]",[],[],/home/jan/development/ProsperOrPerishConstructor/mod/Prosper or Perish (Population Growth & Food Rework)/in_game/common/building_types/zz_pp_overseas_trading_post.txt,2,constructor,Prosper or Perish Constructor,INJECT,"[{""file"":""/mnt/c/Games/steamapps/common/Europa Universalis V/game/in_game/common/building_types/foreign_buildings.txt"",""layer_id"":""vanilla"",""layer_name"":""Vanilla"",""line"":233,""mod_name"":null,""mode"":""CREATE""},{""file"":""/home/jan/development/ProsperOrPerishConstructor/mod/Prosper or Perish (Population Growth & Food Rework)/in_game/common/building_types/zz_pp_overseas_trading_post.txt"",""layer_id"":""constructor"",""layer_name"":""Prosper or Perish Constructor"",""line"":2,""mod_name"":""Prosper or Perish Constructor"",""mode"":""INJECT""}]"
colonial_administration,colonial_category,,,,,,,,unresolved,burghers,,foreign_trade_employment,guild_max_level,[],[],"[""colonial_administration_requirements""]","[[""colonial_administration_requirements""]]",/home/jan/development/ProsperOrPerishConstructor/mod/Prosper or Perish (Population Growth & Food Rework)/in_game/common/building_types/zz_pp_colonial_administration.txt,2,constructor,Prosper or Perish Constructor,INJECT,"[{""file"":""/mnt/c/Games/steamapps/common/Europa Universalis V/game/in_game/common/building_types/foreign_buildings.txt"",""layer_id"":""vanilla"",""layer_name"":""Vanilla"",""line"":294,""mod_name"":null,""mode"":""CREATE""},{""file"":""/home/jan/development/ProsperOrPerishConstructor/mod/Prosper or Perish (Population Growth & Food Rework)/in_game/common/building_types/zz_pp_colonial_administration.txt"",""layer_id"":""constructor"",""layer_name"":""Prosper or Perish Constructor"",""line"":2,""mod_name"":""Prosper or Perish Constructor"",""mode"":""INJECT""}]"
merchant_guild_chapel,colonial_category,,merchant_guild_chapel_price,,/mnt/c/Games/steamapps/common/Europa Universalis V/game/in_game/common/prices/01_buildings.txt,merchant_guild_chapel_price,,/mnt/c/Games/steamapps/common/Europa Universalis V/game/in_game/common/prices/01_buildings.txt,explicit,clergy,,religious_building_employment,1,[],"[""merchant_guild_chapel_requirements""]",[],[],/home/jan/development/ProsperOrPerishConstructor/mod/Prosper or Perish (Population Growth & Food Rework)/in_game/common/building_types/zz_pp_merchant_guild_chapel.txt,2,constructor,Prosper or Perish Constructor,INJECT,"[{""file"":""/mnt/c/Games/steamapps/common/Europa Universalis V/game/in_game/common/building_types/foreign_buildings.txt"",""layer_id"":""vanilla"",""layer_name"":""Vanilla"",""line"":363,""mod_name"":null,""mode"":""CREATE""},{""file"":""/home/jan/development/ProsperOrPerishConstructor/mod/Prosper or Perish (Population Growth & Food Rework)/in_game/common/building_types/zz_pp_merchant_guild_chapel.txt"",""layer_id"":""constructor"",""layer_name"":""Prosper or Perish Constructor"",""line"":2,""mod_name"":""Prosper or Perish Constructor"",""mode"":""INJECT""}]"
viceroyalty,government_category,,,,,,,,unresolved,nobles,,large_noble_employment,1,[],[],"[""viceroyalty_maintenance""]","[[""viceroyalty_maintenance""]]",/home/jan/development/ProsperOrPerishConstructor/mod/Prosper or Perish (Population Growth & Food Rework)/in_game/common/building_types/zz_pp_viceroyalty.txt,2,constructor,Prosper or Perish Constructor,INJECT,"[{""file"":""/mnt/c/Games/steamapps/common/Europa Universalis V/game/in_game/common/building_types/foreign_buildings.txt"",""layer_id"":""vanilla"",""layer_name"":""Vanilla"",""line"":401,""mod_name"":null,""mode"":""CREATE""},{""file"":""/home/jan/development/ProsperOrPerishConstructor/mod/Prosper or Perish (Population Growth & Food Rework)/in_game/common/building_types/zz_pp_viceroyalty.txt"",""layer_id"":""constructor"",""layer_name"":""Prosper or Perish Constructor"",""line"":2,""mod_name"":""Prosper or Perish Constructor"",""mode"":""INJECT""}]"
stockade,defense_category,,,,,,,,unresolved,soldiers,,stockade_employment,1,[],[],"[""stockade_maintenance""]","[[""stockade_maintenance""]]",/home/jan/development/ProsperOrPerishConstructor/mod/Prosper or Perish (Population Growth & Food Rework)/in_game/common/building_types/zz_pp_stockade.txt,2,constructor,Prosper or Perish Constructor,INJECT,"[{""file"":""/mnt/c/Games/steamapps/common/Europa Universalis V/game/in_game/common/building_types/forts.txt"",""layer_id"":""vanilla"",""layer_name"":""Vanilla"",""line"":1,""mod_name"":null,""mode"":""CREATE""},{""file"":""/home/jan/development/ProsperOrPerishConstructor/mod/Prosper or Perish (Population Growth & Food Rework)/in_game/common/building_types/zz_pp_stockade.txt"",""layer_id"":""constructor"",""layer_name"":""Prosper or Perish Constructor"",""line"":2,""mod_name"":""Prosper or Perish Constructor"",""mode"":""INJECT""}]"
castle,defense_category,,,,,,,,unresolved,soldiers,,castle_employment,1,"[""stockade""]",[],"[""castle_maintenance""]","[[""castle_maintenance""]]",/home/jan/development/ProsperOrPerishConstructor/mod/Prosper or Perish (Population Growth & Food Rework)/in_game/common/building_types/zz_pp_castle.txt,2,constructor,Prosper or Perish Constructor,INJECT,"[{""file"":""/mnt/c/Games/steamapps/common/Europa Universalis V/game/in_game/common/building_types/forts.txt"",""layer_id"":""vanilla"",""layer_name"":""Vanilla"",""line"":49,""mod_name"":null,""mode"":""CREATE""},{""file"":""/home/jan/development/ProsperOrPerishConstructor/mod/Prosper or Perish (Population Growth & Food Rework)/in_game/common/building_types/zz_pp_castle.txt"",""layer_id"":""constructor"",""layer_name"":""Prosper or Perish Constructor"",""line"":2,""mod_name"":""Prosper or Perish Constructor"",""mode"":""INJECT""}]"
bastion,defense_category,,,,,,,,unresolved,soldiers,,bastion_employment,1,"[""castle""]",[],"[""bastion_maintenance""]","[[""bastion_maintenance""]]",/home/jan/development/ProsperOrPerishConstructor/mod/Prosper or Perish (Population Growth & Food Rework)/in_game/common/building_types/zz_pp_bastion.txt,2,constructor,Prosper or Perish Constructor,INJECT,"[{""file"":""/mnt/c/Games/steamapps/common/Europa Universalis V/game/in_game/common/building_types/forts.txt"",""layer_id"":""vanilla"",""layer_name"":""Vanilla"",""line"":97,""mod_name"":null,""mode"":""CREATE""},{""file"":""/home/jan/development/ProsperOrPerishConstructor/mod/Prosper or Perish (Population Growth & Food Rework)/in_game/common/building_types/zz_pp_bastion.txt"",""layer_id"":""constructor"",""layer_name"":""Prosper or Perish Constructor"",""line"":2,""mod_name"":""Prosper or Perish Constructor"",""mode"":""INJECT""}]"
star_fort,defense_category,,,,,,,,unresolved,soldiers,,star_fort_employment,1,"[""bastion""]",[],"[""star_fort_maintenance""]","[[""star_fort_maintenance""]]",/home/jan/development/ProsperOrPerishConstructor/mod/Prosper or Perish (Population Growth & Food Rework)/in_game/common/building_types/zz_pp_star_fort.txt,2,constructor,Prosper or Perish Constructor,INJECT,"[{""file"":""/mnt/c/Games/steamapps/common/Europa Universalis V/game/in_game/common/building_types/forts.txt"",""layer_id"":""vanilla"",""layer_name"":""Vanilla"",""line"":145,""mod_name"":null,""mode"":""CREATE""},{""file"":""/home/jan/development/ProsperOrPerishConstructor/mod/Prosper or Perish (Population Growth & Food Rework)/in_game/common/building_types/zz_pp_star_fort.txt"",""layer_id"":""constructor"",""layer_name"":""Prosper or Perish Constructor"",""line"":2,""mod_name"":""Prosper or Perish Constructor"",""mode"":""INJECT""}]"
fortress,defense_category,,,,,,,,unresolved,soldiers,,fortress_employment,1,"[""star_fort""]",[],"[""fortress_maintenance""]","[[""fortress_maintenance""]]",/home/jan/development/ProsperOrPerishConstructor/mod/Prosper or Perish (Population Growth & Food Rework)/in_game/common/building_types/zz_pp_fortress.txt,2,constructor,Prosper or Perish Constructor,INJECT,"[{""file"":""/mnt/c/Games/steamapps/common/Europa Universalis V/game/in_game/common/building_types/forts.txt"",""layer_id"":""vanilla"",""layer_name"":""Vanilla"",""line"":190,""mod_name"":null,""mode"":""CREATE""},{""file"":""/home/jan/development/ProsperOrPerishConstructor/mod/Prosper or Perish (Population Growth & Food Rework)/in_game/common/building_types/zz_pp_fortress.txt"",""layer_id"":""constructor"",""layer_name"":""Prosper or Perish Constructor"",""line"":2,""mod_name"":""Prosper or Perish Constructor"",""mode"":""INJECT""}]"
city_walls,defense_category,,,,,,,,unresolved,soldiers,,castle_employment,1,[],"[""city_walls_maintenance""]",[],[],/home/jan/development/ProsperOrPerishConstructor/mod/Prosper or Perish (Population Growth & Food Rework)/in_game/common/building_types/zz_pp_city_walls.txt,2,constructor,Prosper or Perish Constructor,INJECT,"[{""file"":""/mnt/c/Games/steamapps/common/Europa Universalis V/game/in_game/common/building_types/forts.txt"",""layer_id"":""vanilla"",""layer_name"":""Vanilla"",""line"":239,""mod_name"":null,""mode"":""CREATE""},{""file"":""/home/jan/development/ProsperOrPerishConstructor/mod/Prosper or Perish (Population Growth & Food Rework)/in_game/common/building_types/zz_pp_city_walls.txt"",""layer_id"":""constructor"",""layer_name"":""Prosper or Perish Constructor"",""line"":2,""mod_name"":""Prosper or Perish Constructor"",""mode"":""INJECT""}]"
hre_imperial_armory_foreign,military_category,,hre_army_building,500.0,/mnt/c/Games/steamapps/common/Europa Universalis V/game/in_game/common/prices/01_buildings.txt,hre_army_building,500.0,/mnt/c/Games/steamapps/common/Europa Universalis V/game/in_game/common/prices/01_buildings.txt,explicit,soldiers,,manpower_employment,hre_imperial_armory_max_level,[],"[""early_soldier_building_maintenance""]",[],[],/home/jan/development/ProsperOrPerishConstructor/mod/Prosper or Perish (Population Growth & Food Rework)/in_game/common/building_types/zz_pp_hre_imperial_armory_foreign.txt,2,constructor,Prosper or Perish Constructor,INJECT,"[{""file"":""/mnt/c/Games/steamapps/common/Europa Universalis V/game/in_game/common/building_types/hre_buildings.txt"",""layer_id"":""vanilla"",""layer_name"":""Vanilla"",""line"":1,""mod_name"":null,""mode"":""CREATE""},{""file"":""/home/jan/development/ProsperOrPerishConstructor/mod/Prosper or Perish (Population Growth & Food Rework)/in_game/common/building_types/zz_pp_hre_imperial_armory_foreign.txt"",""layer_id"":""constructor"",""layer_name"":""Prosper or Perish Constructor"",""line"":2,""mod_name"":""Prosper or Perish Constructor"",""mode"":""INJECT""}]"
hre_imperial_armory_own,military_category,,hre_army_building,500.0,/mnt/c/Games/steamapps/common/Europa Universalis V/game/in_game/common/prices/01_buildings.txt,hre_army_building,500.0,/mnt/c/Games/steamapps/common/Europa Universalis V/game/in_game/common/prices/01_buildings.txt,explicit,soldiers,,manpower_employment,hre_imperial_armory_max_level,[],"[""early_soldier_building_maintenance""]",[],[],/home/jan/development/ProsperOrPerishConstructor/mod/Prosper or Perish (Population Growth & Food Rework)/in_game/common/building_types/zz_pp_hre_imperial_armory_own.txt,2,constructor,Prosper or Perish Constructor,INJECT,"[{""file"":""/mnt/c/Games/steamapps/common/Europa Universalis V/game/in_game/common/building_types/hre_buildings.txt"",""layer_id"":""vanilla"",""layer_name"":""Vanilla"",""line"":46,""mod_name"":null,""mode"":""CREATE""},{""file"":""/home/jan/development/ProsperOrPerishConstructor/mod/Prosper or Perish (Population Growth & Food Rework)/in_game/common/building_types/zz_pp_hre_imperial_armory_own.txt"",""layer_id"":""constructor"",""layer_name"":""Prosper or Perish Constructor"",""line"":2,""mod_name"":""Prosper or Perish Constructor"",""mode"":""INJECT""}]"
sergeantry,military_category,,,,,,,,unresolved,soldiers,,manpower_employment,1,[],"[""early_soldier_building_maintenance""]",[],[],/home/jan/development/ProsperOrPerishConstructor/mod/Prosper or Perish (Population Growth & Food Rework)/in_game/common/building_types/zz_pp_sergeantry.txt,2,constructor,Prosper or Perish Constructor,INJECT,"[{""file"":""/mnt/c/Games/steamapps/common/Europa Universalis V/game/in_game/common/building_types/manpower_buildings.txt"",""layer_id"":""vanilla"",""layer_name"":""Vanilla"",""line"":1,""mod_name"":null,""mode"":""CREATE""},{""file"":""/home/jan/development/ProsperOrPerishConstructor/mod/Prosper or Perish (Population Growth & Food Rework)/in_game/common/building_types/zz_pp_sergeantry.txt"",""layer_id"":""constructor"",""layer_name"":""Prosper or Perish Constructor"",""line"":2,""mod_name"":""Prosper or Perish Constructor"",""mode"":""INJECT""}]"
warrior_temple,military_category,,,,,,,,unresolved,soldiers,,manpower_employment,1,[],"[""nahuatl_warrior_building_maintenance""]",[],[],/home/jan/development/ProsperOrPerishConstructor/mod/Prosper or Perish (Population Growth & Food Rework)/in_game/common/building_types/zz_pp_warrior_temple.txt,2,constructor,Prosper or Perish Constructor,INJECT,"[{""file"":""/mnt/c/Games/steamapps/common/Europa Universalis V/game/in_game/common/building_types/manpower_buildings.txt"",""layer_id"":""vanilla"",""layer_name"":""Vanilla"",""line"":40,""mod_name"":null,""mode"":""CREATE""},{""file"":""/home/jan/development/ProsperOrPerishConstructor/mod/Prosper or Perish (Population Growth & Food Rework)/in_game/common/building_types/zz_pp_warrior_temple.txt"",""layer_id"":""constructor"",""layer_name"":""Prosper or Perish Constructor"",""line"":2,""mod_name"":""Prosper or Perish Constructor"",""mode"":""INJECT""}]"
armory,military_category,,,,,,,,unresolved,soldiers,,manpower_employment,manpower_max_level,"[""provincial_garrison"",""korean_barracks""]",[],"[""pp_armory_maintenance""]","[[""pp_armory_maintenance""]]",/home/jan/development/ProsperOrPerishConstructor/mod/Prosper or Perish (Population Growth & Food Rework)/in_game/common/building_types/zz_pp_armory.txt,2,constructor,Prosper or Perish Constructor,REPLACE,"[{""file"":""/home/jan/development/ProsperOrPerishConstructor/mod/Prosper or Perish (Population Growth & Food Rework)/in_game/common/building_types/zz_pp_armory.txt"",""layer_id"":""constructor"",""layer_name"":""Prosper or Perish Constructor"",""line"":2,""mod_name"":""Prosper or Perish Constructor"",""mode"":""REPLACE""}]"
training_fields,military_category,,,,,,,,unresolved,soldiers,,manpower_employment,manpower_max_level,[],[],"[""pp_training_fields_maintenance""]","[[""pp_training_fields_maintenance""]]",/home/jan/development/ProsperOrPerishConstructor/mod/Prosper or Perish (Population Growth & Food Rework)/in_game/common/building_types/zz_pp_training_fields.txt,2,constructor,Prosper or Perish Constructor,REPLACE,"[{""file"":""/home/jan/development/ProsperOrPerishConstructor/mod/Prosper or Perish (Population Growth & Food Rework)/in_game/common/building_types/zz_pp_training_fields.txt"",""layer_id"":""constructor"",""layer_name"":""Prosper or Perish Constructor"",""line"":2,""mod_name"":""Prosper or Perish Constructor"",""mode"":""REPLACE""}]"
barracks,military_category,,,,,,,,unresolved,soldiers,,manpower_employment,manpower_max_level,"[""armory""]",[],"[""pp_barracks_maintenance""]","[[""pp_barracks_maintenance""]]",/home/jan/development/ProsperOrPerishConstructor/mod/Prosper or Perish (Population Growth & Food Rework)/in_game/common/building_types/zz_pp_barracks.txt,2,constructor,Prosper or Perish Constructor,REPLACE,"[{""file"":""/home/jan/development/ProsperOrPerishConstructor/mod/Prosper or Perish (Population Growth & Food Rework)/in_game/common/building_types/zz_pp_barracks.txt"",""layer_id"":""constructor"",""layer_name"":""Prosper or Perish Constructor"",""line"":2,""mod_name"":""Prosper or Perish Constructor"",""mode"":""REPLACE""}]"
regimental_camp,military_category,,,,,,,,unresolved,soldiers,,manpower_employment,manpower_max_level,"[""training_fields""]",[],"[""pp_regimental_camp_maintenance""]","[[""pp_regimental_camp_maintenance""]]",/home/jan/development/ProsperOrPerishConstructor/mod/Prosper or Perish (Population Growth & Food Rework)/in_game/common/building_types/zz_pp_regimental_camp.txt,2,constructor,Prosper or Perish Constructor,REPLACE,"[{""file"":""/home/jan/development/ProsperOrPerishConstructor/mod/Prosper or Perish (Population Growth & Food Rework)/in_game/common/building_types/zz_pp_regimental_camp.txt"",""layer_id"":""constructor"",""layer_name"":""Prosper or Perish Constructor"",""line"":2,""mod_name"":""Prosper or Perish Constructor"",""mode"":""REPLACE""}]"
conscription_center,military_category,,,,,,,,unresolved,soldiers,,manpower_employment,manpower_max_level,"[""regimental_camp"",""barracks""]",[],"[""pp_conscription_center_maintenance""]","[[""pp_conscription_center_maintenance""]]",/home/jan/development/ProsperOrPerishConstructor/mod/Prosper or Perish (Population Growth & Food Rework)/in_game/common/building_types/zz_pp_conscription_center.txt,2,constructor,Prosper or Perish Constructor,REPLACE,"[{""file"":""/home/jan/development/ProsperOrPerishConstructor/mod/Prosper or Perish (Population Growth & Food Rework)/in_game/common/building_types/zz_pp_conscription_center.txt"",""layer_id"":""constructor"",""layer_name"":""Prosper or Perish Constructor"",""line"":2,""mod_name"":""Prosper or Perish Constructor"",""mode"":""REPLACE""}]"
jurchen_barracks,military_category,,,,,,,,unresolved,soldiers,,manpower_employment,1,[],"[""jurchen_barracks_maintenance""]",[],[],/home/jan/development/ProsperOrPerishConstructor/mod/Prosper or Perish (Population Growth & Food Rework)/in_game/common/building_types/zz_pp_jurchen_barracks.txt,2,constructor,Prosper or Perish Constructor,INJECT,"[{""file"":""/mnt/c/Games/steamapps/common/Europa Universalis V/game/in_game/common/building_types/manpower_buildings.txt"",""layer_id"":""vanilla"",""layer_name"":""Vanilla"",""line"":322,""mod_name"":null,""mode"":""CREATE""},{""file"":""/home/jan/development/ProsperOrPerishConstructor/mod/Prosper or Perish (Population Growth & Food Rework)/in_game/common/building_types/zz_pp_jurchen_barracks.txt"",""layer_id"":""constructor"",""layer_name"":""Prosper or Perish Constructor"",""line"":2,""mod_name"":""Prosper or Perish Constructor"",""mode"":""INJECT""}]"
thema_headquarters,military_category,,,,,,,,unresolved,soldiers,,manpower_employment,1,[],"[""early_soldier_building_maintenance""]",[],[],/home/jan/development/ProsperOrPerishConstructor/mod/Prosper or Perish (Population Growth & Food Rework)/in_game/common/building_types/zz_pp_thema_headquarters.txt,2,constructor,Prosper or Perish Constructor,INJECT,"[{""file"":""/mnt/c/Games/steamapps/common/Europa Universalis V/game/in_game/common/building_types/manpower_buildings.txt"",""layer_id"":""vanilla"",""layer_name"":""Vanilla"",""line"":364,""mod_name"":null,""mode"":""CREATE""},{""file"":""/home/jan/development/ProsperOrPerishConstructor/mod/Prosper or Perish (Population Growth & Food Rework)/in_game/common/building_types/zz_pp_thema_headquarters.txt"",""layer_id"":""constructor"",""layer_name"":""Prosper or Perish Constructor"",""line"":2,""mod_name"":""Prosper or Perish Constructor"",""mode"":""INJECT""}]"
city_guard,military_category,,,,,,,,unresolved,soldiers,,manpower_employment,1,[],"[""early_soldier_building_maintenance""]",[],[],/home/jan/development/ProsperOrPerishConstructor/mod/Prosper or Perish (Population Growth & Food Rework)/in_game/common/building_types/zz_pp_city_guard.txt,2,constructor,Prosper or Perish Constructor,INJECT,"[{""file"":""/mnt/c/Games/steamapps/common/Europa Universalis V/game/in_game/common/building_types/manpower_buildings.txt"",""layer_id"":""vanilla"",""layer_name"":""Vanilla"",""line"":409,""mod_name"":null,""mode"":""CREATE""},{""file"":""/home/jan/development/ProsperOrPerishConstructor/mod/Prosper or Perish (Population Growth & Food Rework)/in_game/common/building_types/zz_pp_city_guard.txt"",""layer_id"":""constructor"",""layer_name"":""Prosper or Perish Constructor"",""line"":2,""mod_name"":""Prosper or Perish Constructor"",""mode"":""INJECT""}]"
entrepot,trade_category,,,,,,,,unresolved,burghers,,trade_employment,1,[],"[""market_center_building_maintenance""]",[],[],/home/jan/development/ProsperOrPerishConstructor/mod/Prosper or Perish (Population Growth & Food Rework)/in_game/common/building_types/zz_pp_entrepot.txt,2,constructor,Prosper or Perish Constructor,INJECT,"[{""file"":""/mnt/c/Games/steamapps/common/Europa Universalis V/game/in_game/common/building_types/market_buildings.txt"",""layer_id"":""vanilla"",""layer_name"":""Vanilla"",""line"":1,""mod_name"":null,""mode"":""CREATE""},{""file"":""/home/jan/development/ProsperOrPerishConstructor/mod/Prosper or Perish (Population Growth & Food Rework)/in_game/common/building_types/zz_pp_entrepot.txt"",""layer_id"":""constructor"",""layer_name"":""Prosper or Perish Constructor"",""line"":2,""mod_name"":""Prosper or Perish Constructor"",""mode"":""INJECT""}]"
trading_hub,trade_category,,,,,,,,unresolved,burghers,,trade_employment,1,[],"[""market_center_building_maintenance""]",[],[],/home/jan/development/ProsperOrPerishConstructor/mod/Prosper or Perish (Population Growth & Food Rework)/in_game/common/building_types/zz_pp_trading_hub.txt,2,constructor,Prosper or Perish Constructor,INJECT,"[{""file"":""/mnt/c/Games/steamapps/common/Europa Universalis V/game/in_game/common/building_types/market_buildings.txt"",""layer_id"":""vanilla"",""layer_name"":""Vanilla"",""line"":41,""mod_name"":null,""mode"":""CREATE""},{""file"":""/home/jan/development/ProsperOrPerishConstructor/mod/Prosper or Perish (Population Growth & Food Rework)/in_game/common/building_types/zz_pp_trading_hub.txt"",""layer_id"":""constructor"",""layer_name"":""Prosper or Perish Constructor"",""line"":2,""mod_name"":""Prosper or Perish Constructor"",""mode"":""INJECT""}]"
customs_house,trade_category,,,,,,,,unresolved,burghers,,trade_employment,1,[],"[""market_center_building_maintenance""]",[],[],/home/jan/development/ProsperOrPerishConstructor/mod/Prosper or Perish (Population Growth & Food Rework)/in_game/common/building_types/zz_pp_customs_house.txt,2,constructor,Prosper or Perish Constructor,INJECT,"[{""file"":""/mnt/c/Games/steamapps/common/Europa Universalis V/game/in_game/common/building_types/market_buildings.txt"",""layer_id"":""vanilla"",""layer_name"":""Vanilla"",""line"":81,""mod_name"":null,""mode"":""CREATE""},{""file"":""/home/jan/development/ProsperOrPerishConstructor/mod/Prosper or Perish (Population Growth & Food Rework)/in_game/common/building_types/zz_pp_customs_house.txt"",""layer_id"":""constructor"",""layer_name"":""Prosper or Perish Constructor"",""line"":2,""mod_name"":""Prosper or Perish Constructor"",""mode"":""INJECT""}]"
stock_exchange,trade_category,,,,,,,,unresolved,burghers,,trade_employment,1,[],"[""market_center_building_maintenance""]",[],[],/home/jan/development/ProsperOrPerishConstructor/mod/Prosper or Perish (Population Growth & Food Rework)/in_game/common/building_types/zz_pp_stock_exchange.txt,2,constructor,Prosper or Perish Constructor,INJECT,"[{""file"":""/mnt/c/Games/steamapps/common/Europa Universalis V/game/in_game/common/building_types/market_buildings.txt"",""layer_id"":""vanilla"",""layer_name"":""Vanilla"",""line"":122,""mod_name"":null,""mode"":""CREATE""},{""file"":""/home/jan/development/ProsperOrPerishConstructor/mod/Prosper or Perish (Population Growth & Food Rework)/in_game/common/building_types/zz_pp_stock_exchange.txt"",""layer_id"":""constructor"",""layer_name"":""Prosper or Perish Constructor"",""line"":2,""mod_name"":""Prosper or Perish Constructor"",""mode"":""INJECT""}]"
clearing_house,trade_category,,,,,,,,unresolved,burghers,,trade_employment,1,[],"[""market_center_building_maintenance""]",[],[],/home/jan/development/ProsperOrPerishConstructor/mod/Prosper or Perish (Population Growth & Food Rework)/in_game/common/building_types/zz_pp_clearing_house.txt,2,constructor,Prosper or Perish Constructor,INJECT,"[{""file"":""/mnt/c/Games/steamapps/common/Europa Universalis V/game/in_game/common/building_types/market_buildings.txt"",""layer_id"":""vanilla"",""layer_name"":""Vanilla"",""line"":163,""mod_name"":null,""mode"":""CREATE""},{""file"":""/home/jan/development/ProsperOrPerishConstructor/mod/Prosper or Perish (Population Growth & Food Rework)/in_game/common/building_types/zz_pp_clearing_house.txt"",""layer_id"":""constructor"",""layer_name"":""Prosper or Perish Constructor"",""line"":2,""mod_name"":""Prosper or Perish Constructor"",""mode"":""INJECT""}]"
market_warehouse,trade_category,,,,,,,,unresolved,burghers,,trade_employment,market_warehouse_max_level,[],"[""warehouse_maintenance""]",[],[],/home/jan/development/ProsperOrPerishConstructor/mod/Prosper or Perish (Population Growth & Food Rework)/in_game/common/building_types/zz_pp_market_warehouse.txt,2,constructor,Prosper or Perish Constructor,INJECT,"[{""file"":""/mnt/c/Games/steamapps/common/Europa Universalis V/game/in_game/common/building_types/market_buildings.txt"",""layer_id"":""vanilla"",""layer_name"":""Vanilla"",""line"":204,""mod_name"":null,""mode"":""CREATE""},{""file"":""/home/jan/development/ProsperOrPerishConstructor/mod/Prosper or Perish (Population Growth & Food Rework)/in_game/common/building_types/zz_pp_market_warehouse.txt"",""layer_id"":""constructor"",""layer_name"":""Prosper or Perish Constructor"",""line"":2,""mod_name"":""Prosper or Perish Constructor"",""mode"":""INJECT""}]"
funduq,trade_category,,,,,,,,unresolved,burghers,,trade_employment,1,[],[],"[""pp_funduq_maintenance""]","[[""pp_funduq_maintenance""]]",/home/jan/development/ProsperOrPerishConstructor/mod/Prosper or Perish (Population Growth & Food Rework)/in_game/common/building_types/pp_gold_to_jewelry_buildings.txt,433,constructor,Prosper or Perish Constructor,REPLACE,"[{""file"":""/home/jan/development/ProsperOrPerishConstructor/mod/Prosper or Perish (Population Growth & Food Rework)/in_game/common/building_types/pp_gold_to_jewelry_buildings.txt"",""layer_id"":""constructor"",""layer_name"":""Prosper or Perish Constructor"",""line"":433,""mod_name"":""Prosper or Perish Constructor"",""mode"":""REPLACE""}]"
black_market,trade_category,,,,,,,,unresolved,peasants,,pirate_building_employment,10,[],"[""black_market_maintenance""]",[],[],/home/jan/development/ProsperOrPerishConstructor/mod/Prosper or Perish (Population Growth & Food Rework)/in_game/common/building_types/zz_pp_black_market.txt,2,constructor,Prosper or Perish Constructor,INJECT,"[{""file"":""/mnt/c/Games/steamapps/common/Europa Universalis V/game/in_game/common/building_types/pirate_buildings.txt"",""layer_id"":""vanilla"",""layer_name"":""Vanilla"",""line"":1,""mod_name"":null,""mode"":""CREATE""},{""file"":""/home/jan/development/ProsperOrPerishConstructor/mod/Prosper or Perish (Population Growth & Food Rework)/in_game/common/building_types/zz_pp_black_market.txt"",""layer_id"":""constructor"",""layer_name"":""Prosper or Perish Constructor"",""line"":2,""mod_name"":""Prosper or Perish Constructor"",""mode"":""INJECT""}]"
smuggler_cove,trade_category,,,,,,,,unresolved,peasants,,pirate_building_employment,5,[],"[""smuggler_cove_maintenance""]",[],[],/home/jan/development/ProsperOrPerishConstructor/mod/Prosper or Perish (Population Growth & Food Rework)/in_game/common/building_types/zz_pp_smuggler_cove.txt,2,constructor,Prosper or Perish Constructor,INJECT,"[{""file"":""/mnt/c/Games/steamapps/common/Europa Universalis V/game/in_game/common/building_types/pirate_buildings.txt"",""layer_id"":""vanilla"",""layer_name"":""Vanilla"",""line"":36,""mod_name"":null,""mode"":""CREATE""},{""file"":""/home/jan/development/ProsperOrPerishConstructor/mod/Prosper or Perish (Population Growth & Food Rework)/in_game/common/building_types/zz_pp_smuggler_cove.txt"",""layer_id"":""constructor"",""layer_name"":""Prosper or Perish Constructor"",""line"":2,""mod_name"":""Prosper or Perish Constructor"",""mode"":""INJECT""}]"
brothel,cultural_category,,,,,,,,unresolved,peasants,,pirate_building_employment,2,[],"[""brothel_maintenance""]",[],[],/home/jan/development/ProsperOrPerishConstructor/mod/Prosper or Perish (Population Growth & Food Rework)/in_game/common/building_types/zz_pp_brothel.txt,2,constructor,Prosper or Perish Constructor,INJECT,"[{""file"":""/mnt/c/Games/steamapps/common/Europa Universalis V/game/in_game/common/building_types/pirate_buildings.txt"",""layer_id"":""vanilla"",""layer_name"":""Vanilla"",""line"":67,""mod_name"":null,""mode"":""CREATE""},{""file"":""/home/jan/development/ProsperOrPerishConstructor/mod/Prosper or Perish (Population Growth & Food Rework)/in_game/common/building_types/zz_pp_brothel.txt"",""layer_id"":""constructor"",""layer_name"":""Prosper or Perish Constructor"",""line"":2,""mod_name"":""Prosper or Perish Constructor"",""mode"":""INJECT""}]"
pirate_tavern,military_category,,,,,,,,unresolved,soldiers,,manpower_employment,2,[],"[""pirate_tavern_maintenance""]",[],[],/home/jan/development/ProsperOrPerishConstructor/mod/Prosper or Perish (Population Growth & Food Rework)/in_game/common/building_types/zz_pp_pirate_tavern.txt,2,constructor,Prosper or Perish Constructor,INJECT,"[{""file"":""/mnt/c/Games/steamapps/common/Europa Universalis V/game/in_game/common/building_types/pirate_buildings.txt"",""layer_id"":""vanilla"",""layer_name"":""Vanilla"",""line"":99,""mod_name"":null,""mode"":""CREATE""},{""file"":""/home/jan/development/ProsperOrPerishConstructor/mod/Prosper or Perish (Population Growth & Food Rework)/in_game/common/building_types/zz_pp_pirate_tavern.txt"",""layer_id"":""constructor"",""layer_name"":""Prosper or Perish Constructor"",""line"":2,""mod_name"":""Prosper or Perish Constructor"",""mode"":""INJECT""}]"
sugar_plantation,colonial_category,,,,,,,,unresolved,slaves,1.0,,farm_capacity_max_sugar_plantation,[],[],"[""pp_sugar_plantation_base_sugar"",""pp_sugar_plantation_cane_fields"",""pp_sugar_plantation_boiling_house""]","[[""pp_sugar_plantation_base_sugar""],[""pp_sugar_plantation_cane_fields"",""pp_sugar_plantation_boiling_house""]]",/home/jan/development/ProsperOrPerishConstructor/mod/Prosper or Perish (Population Growth & Food Rework)/in_game/common/building_types/zz_pp_sugar_plantation.txt,2,constructor,Prosper or Perish Constructor,REPLACE,"[{""file"":""/home/jan/development/ProsperOrPerishConstructor/mod/Prosper or Perish (Population Growth & Food Rework)/in_game/common/building_types/zz_pp_sugar_plantation.txt"",""layer_id"":""constructor"",""layer_name"":""Prosper or Perish Constructor"",""line"":2,""mod_name"":""Prosper or Perish Constructor"",""mode"":""REPLACE""}]"
cotton_plantation,colonial_category,,,,,,,,unresolved,slaves,1.0,,farm_capacity_max_cotton_plantation,[],[],"[""pp_cotton_plantation_base_cotton"",""pp_cotton_plantation_field_picking"",""pp_cotton_plantation_gin_house""]","[[""pp_cotton_plantation_base_cotton""],[""pp_cotton_plantation_field_picking"",""pp_cotton_plantation_gin_house""]]",/home/jan/development/ProsperOrPerishConstructor/mod/Prosper or Perish (Population Growth & Food Rework)/in_game/common/building_types/zz_pp_cotton_plantation.txt,2,constructor,Prosper or Perish Constructor,REPLACE,"[{""file"":""/home/jan/development/ProsperOrPerishConstructor/mod/Prosper or Perish (Population Growth & Food Rework)/in_game/common/building_types/zz_pp_cotton_plantation.txt"",""layer_id"":""constructor"",""layer_name"":""Prosper or Perish Constructor"",""line"":2,""mod_name"":""Prosper or Perish Constructor"",""mode"":""REPLACE""}]"
tobacco_plantation,colonial_category,,,,,,,,unresolved,slaves,1.0,,farm_capacity_max_tobacco_plantation,[],[],"[""pp_tobacco_plantation_base_tobacco"",""pp_tobacco_plantation_field_cutting"",""pp_tobacco_plantation_curing_barns""]","[[""pp_tobacco_plantation_base_tobacco""],[""pp_tobacco_plantation_field_cutting"",""pp_tobacco_plantation_curing_barns""]]",/home/jan/development/ProsperOrPerishConstructor/mod/Prosper or Perish (Population Growth & Food Rework)/in_game/common/building_types/zz_pp_tobacco_plantation.txt,2,constructor,Prosper or Perish Constructor,REPLACE,"[{""file"":""/home/jan/development/ProsperOrPerishConstructor/mod/Prosper or Perish (Population Growth & Food Rework)/in_game/common/building_types/zz_pp_tobacco_plantation.txt"",""layer_id"":""constructor"",""layer_name"":""Prosper or Perish Constructor"",""line"":2,""mod_name"":""Prosper or Perish Constructor"",""mode"":""REPLACE""}]"
dock,naval_category,,,,,,,,unresolved,soldiers,,dock_employment,1,[],[],"[""pp_dock_maintenance""]","[[""pp_dock_maintenance""]]",/home/jan/development/ProsperOrPerishConstructor/mod/Prosper or Perish (Population Growth & Food Rework)/in_game/common/building_types/zz_pp_dock.txt,2,constructor,Prosper or Perish Constructor,REPLACE,"[{""file"":""/home/jan/development/ProsperOrPerishConstructor/mod/Prosper or Perish (Population Growth & Food Rework)/in_game/common/building_types/zz_pp_dock.txt"",""layer_id"":""constructor"",""layer_name"":""Prosper or Perish Constructor"",""line"":2,""mod_name"":""Prosper or Perish Constructor"",""mode"":""REPLACE""}]"
dry_dock,naval_category,,,,,,,,unresolved,soldiers,,dry_dock_employment,1,"[""dock""]",[],"[""pp_dry_dock_maintenance""]","[[""pp_dry_dock_maintenance""]]",/home/jan/development/ProsperOrPerishConstructor/mod/Prosper or Perish (Population Growth & Food Rework)/in_game/common/building_types/zz_pp_dry_dock.txt,2,constructor,Prosper or Perish Constructor,REPLACE,"[{""file"":""/home/jan/development/ProsperOrPerishConstructor/mod/Prosper or Perish (Population Growth & Food Rework)/in_game/common/building_types/zz_pp_dry_dock.txt"",""layer_id"":""constructor"",""layer_name"":""Prosper or Perish Constructor"",""line"":2,""mod_name"":""Prosper or Perish Constructor"",""mode"":""REPLACE""}]"
shipyard,naval_category,,,,,,,,unresolved,soldiers,,shipyard_employment,1,"[""dry_dock""]",[],"[""pp_shipyard_maintenance""]","[[""pp_shipyard_maintenance""]]",/home/jan/development/ProsperOrPerishConstructor/mod/Prosper or Perish (Population Growth & Food Rework)/in_game/common/building_types/zz_pp_shipyard.txt,2,constructor,Prosper or Perish Constructor,REPLACE,"[{""file"":""/home/jan/development/ProsperOrPerishConstructor/mod/Prosper or Perish (Population Growth & Food Rework)/in_game/common/building_types/zz_pp_shipyard.txt"",""layer_id"":""constructor"",""layer_name"":""Prosper or Perish Constructor"",""line"":2,""mod_name"":""Prosper or Perish Constructor"",""mode"":""REPLACE""}]"
grand_shipyard,naval_category,,,,,,,,unresolved,soldiers,,grand_shipyard_employment,1,"[""shipyard""]",[],"[""pp_grand_shipyard_maintenance""]","[[""pp_grand_shipyard_maintenance""]]",/home/jan/development/ProsperOrPerishConstructor/mod/Prosper or Perish (Population Growth & Food Rework)/in_game/common/building_types/zz_pp_grand_shipyard.txt,2,constructor,Prosper or Perish Constructor,REPLACE,"[{""file"":""/home/jan/development/ProsperOrPerishConstructor/mod/Prosper or Perish (Population Growth & Food Rework)/in_game/common/building_types/zz_pp_grand_shipyard.txt"",""layer_id"":""constructor"",""layer_name"":""Prosper or Perish Constructor"",""line"":2,""mod_name"":""Prosper or Perish Constructor"",""mode"":""REPLACE""}]"
naval_base,naval_category,,,,,,,,unresolved,soldiers,,naval_base_employment,1,"[""grand_shipyard""]",[],"[""pp_naval_base_maintenance""]","[[""pp_naval_base_maintenance""]]",/home/jan/development/ProsperOrPerishConstructor/mod/Prosper or Perish (Population Growth & Food Rework)/in_game/common/building_types/zz_pp_naval_base.txt,2,constructor,Prosper or Perish Constructor,REPLACE,"[{""file"":""/home/jan/development/ProsperOrPerishConstructor/mod/Prosper or Perish (Population Growth & Food Rework)/in_game/common/building_types/zz_pp_naval_base.txt"",""layer_id"":""constructor"",""layer_name"":""Prosper or Perish Constructor"",""line"":2,""mod_name"":""Prosper or Perish Constructor"",""mode"":""REPLACE""}]"
protected_harbor,naval_category,,,,,,,,unresolved,laborers,,dock_employment,1,[],[],"[""protected_harbor_maintenance""]","[[""protected_harbor_maintenance""]]",/home/jan/development/ProsperOrPerishConstructor/mod/Prosper or Perish (Population Growth & Food Rework)/in_game/common/building_types/zz_pp_protected_harbor.txt,2,constructor,Prosper or Perish Constructor,INJECT,"[{""file"":""/mnt/c/Games/steamapps/common/Europa Universalis V/game/in_game/common/building_types/port_buildings.txt"",""layer_id"":""vanilla"",""layer_name"":""Vanilla"",""line"":253,""mod_name"":null,""mode"":""CREATE""},{""file"":""/home/jan/development/ProsperOrPerishConstructor/mod/Prosper or Perish (Population Growth & Food Rework)/in_game/common/building_types/zz_pp_protected_harbor.txt"",""layer_id"":""constructor"",""layer_name"":""Prosper or Perish Constructor"",""line"":2,""mod_name"":""Prosper or Perish Constructor"",""mode"":""INJECT""}]"
brewery,consumer_goods_category,,,,,,,,unresolved,burghers,0.3,,guild_max_level,[],[],"[""pp_brewery_wheat_brewery_maintenance"",""pp_brewery_millet_brewery_maintenance"",""pp_brewery_fruit_brewery_maintenance"",""pp_brewery_maize_brewery_maintenance"",""pp_brewery_bavarian_brewery_maintenance"",""pp_brewery_honey_brewery_maintenance"",""pp_brewery_rice_brewery_maintenance""]","[[""pp_brewery_wheat_brewery_maintenance"",""pp_brewery_millet_brewery_maintenance"",""pp_brewery_fruit_brewery_maintenance"",""pp_brewery_maize_brewery_maintenance"",""pp_brewery_bavarian_brewery_maintenance"",""pp_brewery_honey_brewery_maintenance"",""pp_brewery_rice_brewery_maintenance""]]",/home/jan/development/ProsperOrPerishConstructor/mod/Prosper or Perish (Population Growth & Food Rework)/in_game/common/building_types/zz_pp_brewery.txt,2,constructor,Prosper or Perish Constructor,REPLACE,"[{""file"":""/home/jan/development/ProsperOrPerishConstructor/mod/Prosper or Perish (Population Growth & Food Rework)/in_game/common/building_types/zz_pp_brewery.txt"",""layer_id"":""constructor"",""layer_name"":""Prosper or Perish Constructor"",""line"":2,""mod_name"":""Prosper or Perish Constructor"",""mode"":""REPLACE""}]"
beer_workshop,consumer_goods_category,,,,,,,,unresolved,burghers,0.3,,workshop_max_level,"[""brewery""]",[],"[""pp_beer_workshop_wheat_beer_workshop_maintenance"",""pp_beer_workshop_millet_beer_workshop_maintenance"",""pp_beer_workshop_fruit_beer_workshop_maintenance"",""pp_beer_workshop_maize_beer_workshop_maintenance"",""pp_beer_workshop_bavarian_beer_workshop_maintenance"",""pp_beer_workshop_honey_beer_workshop_maintenance"",""pp_beer_workshop_rice_beer_workshop_maintenance""]","[[""pp_beer_workshop_wheat_beer_workshop_maintenance"",""pp_beer_workshop_millet_beer_workshop_maintenance"",""pp_beer_workshop_fruit_beer_workshop_maintenance"",""pp_beer_workshop_maize_beer_workshop_maintenance"",""pp_beer_workshop_bavarian_beer_workshop_maintenance"",""pp_beer_workshop_honey_beer_workshop_maintenance"",""pp_beer_workshop_rice_beer_workshop_maintenance""]]",/home/jan/development/ProsperOrPerishConstructor/mod/Prosper or Perish (Population Growth & Food Rework)/in_game/common/building_types/zz_pp_beer_workshop.txt,2,constructor,Prosper or Perish Constructor,REPLACE,"[{""file"":""/home/jan/development/ProsperOrPerishConstructor/mod/Prosper or Perish (Population Growth & Food Rework)/in_game/common/building_types/zz_pp_beer_workshop.txt"",""layer_id"":""constructor"",""layer_name"":""Prosper or Perish Constructor"",""line"":2,""mod_name"":""Prosper or Perish Constructor"",""mode"":""REPLACE""}]"
brewery_manufactory,consumer_goods_category,,,,,,,,unresolved,burghers,0.3,,manufactory_max_level,"[""beer_workshop""]",[],"[""pp_brewery_manufactory_brewery_manufactory_maintenance""]","[[""pp_brewery_manufactory_brewery_manufactory_maintenance""]]",/home/jan/development/ProsperOrPerishConstructor/mod/Prosper or Perish (Population Growth & Food Rework)/in_game/common/building_types/zz_pp_brewery_manufactory.txt,2,constructor,Prosper or Perish Constructor,REPLACE,"[{""file"":""/home/jan/development/ProsperOrPerishConstructor/mod/Prosper or Perish (Population Growth & Food Rework)/in_game/common/building_types/zz_pp_brewery_manufactory.txt"",""layer_id"":""constructor"",""layer_name"":""Prosper or Perish Constructor"",""line"":2,""mod_name"":""Prosper or Perish Constructor"",""mode"":""REPLACE""}]"
brewery_mill,consumer_goods_category,,,,,,,,unresolved,laborers,1.0,,mills_max_level,"[""brewery_manufactory""]",[],"[""pp_brewery_mill_brewery_mill_maintenance""]","[[""pp_brewery_mill_brewery_mill_maintenance""]]",/home/jan/development/ProsperOrPerishConstructor/mod/Prosper or Perish (Population Growth & Food Rework)/in_game/common/building_types/zz_pp_brewery_mill.txt,2,constructor,Prosper or Perish Constructor,REPLACE,"[{""file"":""/home/jan/development/ProsperOrPerishConstructor/mod/Prosper or Perish (Population Growth & Food Rework)/in_game/common/building_types/zz_pp_brewery_mill.txt"",""layer_id"":""constructor"",""layer_name"":""Prosper or Perish Constructor"",""line"":2,""mod_name"":""Prosper or Perish Constructor"",""mode"":""REPLACE""}]"
scriptorium,consumer_goods_category,,,,,,,,unresolved,clergy,0.3,,guild_max_level,[],[],"[""pp_scriptorium_scriptorium_maintenance""]","[[""pp_scriptorium_scriptorium_maintenance""]]",/home/jan/development/ProsperOrPerishConstructor/mod/Prosper or Perish (Population Growth & Food Rework)/in_game/common/building_types/zz_pp_scriptorium.txt,2,constructor,Prosper or Perish Constructor,REPLACE,"[{""file"":""/home/jan/development/ProsperOrPerishConstructor/mod/Prosper or Perish (Population Growth & Food Rework)/in_game/common/building_types/zz_pp_scriptorium.txt"",""layer_id"":""constructor"",""layer_name"":""Prosper or Perish Constructor"",""line"":2,""mod_name"":""Prosper or Perish Constructor"",""mode"":""REPLACE""}]"
printing_press_shop,consumer_goods_category,,,,,,,,unresolved,burghers,0.3,,workshop_max_level,"[""scriptorium""]",[],"[""pp_printing_press_shop_printing_press_maintenance""]","[[""pp_printing_press_shop_printing_press_maintenance""]]",/home/jan/development/ProsperOrPerishConstructor/mod/Prosper or Perish (Population Growth & Food Rework)/in_game/common/building_types/zz_pp_printing_press_shop.txt,2,constructor,Prosper or Perish Constructor,REPLACE,"[{""file"":""/home/jan/development/ProsperOrPerishConstructor/mod/Prosper or Perish (Population Growth & Food Rework)/in_game/common/building_types/zz_pp_printing_press_shop.txt"",""layer_id"":""constructor"",""layer_name"":""Prosper or Perish Constructor"",""line"":2,""mod_name"":""Prosper or Perish Constructor"",""mode"":""REPLACE""}]"
printing_manufactory,consumer_goods_category,,,,,,,,unresolved,burghers,0.3,,manufactory_max_level,"[""printing_press_shop""]",[],"[""pp_printing_manufactory_printing_manufactory_maintenance""]","[[""pp_printing_manufactory_printing_manufactory_maintenance""]]",/home/jan/development/ProsperOrPerishConstructor/mod/Prosper or Perish (Population Growth & Food Rework)/in_game/common/building_types/zz_pp_printing_manufactory.txt,2,constructor,Prosper or Perish Constructor,REPLACE,"[{""file"":""/home/jan/development/ProsperOrPerishConstructor/mod/Prosper or Perish (Population Growth & Food Rework)/in_game/common/building_types/zz_pp_printing_manufactory.txt"",""layer_id"":""constructor"",""layer_name"":""Prosper or Perish Constructor"",""line"":2,""mod_name"":""Prosper or Perish Constructor"",""mode"":""REPLACE""}]"
printing_mill,consumer_goods_category,,,,,,,,unresolved,laborers,1.0,,mills_max_level,"[""printing_manufactory""]",[],"[""pp_printing_mill_printing_mill_maintenance""]","[[""pp_printing_mill_printing_mill_maintenance""]]",/home/jan/development/ProsperOrPerishConstructor/mod/Prosper or Perish (Population Growth & Food Rework)/in_game/common/building_types/zz_pp_printing_mill.txt,2,constructor,Prosper or Perish Constructor,REPLACE,"[{""file"":""/home/jan/development/ProsperOrPerishConstructor/mod/Prosper or Perish (Population Growth & Food Rework)/in_game/common/building_types/zz_pp_printing_mill.txt"",""layer_id"":""constructor"",""layer_name"":""Prosper or Perish Constructor"",""line"":2,""mod_name"":""Prosper or Perish Constructor"",""mode"":""REPLACE""}]"
cannon_maker,weapons_industry_category,,,,,,,,unresolved,burghers,0.3,,guild_max_level,[],[],"[""pp_cannon_maker_cannon_maker_lumber_maintenance"",""pp_cannon_maker_cannon_maker_bronze_maintenance"",""pp_cannon_maker_cannon_maker_iron_maintenance"",""pp_cannon_maker_cannon_maker_ammunition_stone_maintenance"",""pp_cannon_maker_cannon_maker_ammunition_lead_maintenance"",""pp_cannon_maker_cannon_maker_ammunition_iron_maintenance""]","[[""pp_cannon_maker_cannon_maker_lumber_maintenance"",""pp_cannon_maker_cannon_maker_bronze_maintenance"",""pp_cannon_maker_cannon_maker_iron_maintenance""],[""pp_cannon_maker_cannon_maker_ammunition_stone_maintenance"",""pp_cannon_maker_cannon_maker_ammunition_lead_maintenance"",""pp_cannon_maker_cannon_maker_ammunition_iron_maintenance""]]",/home/jan/development/ProsperOrPerishConstructor/mod/Prosper or Perish (Population Growth & Food Rework)/in_game/common/building_types/zz_pp_cannon_maker.txt,2,constructor,Prosper or Perish Constructor,REPLACE,"[{""file"":""/home/jan/development/ProsperOrPerishConstructor/mod/Prosper or Perish (Population Growth & Food Rework)/in_game/common/building_types/zz_pp_cannon_maker.txt"",""layer_id"":""constructor"",""layer_name"":""Prosper or Perish Constructor"",""line"":2,""mod_name"":""Prosper or Perish Constructor"",""mode"":""REPLACE""}]"
cannon_workshop,weapons_industry_category,,,,,,,,unresolved,burghers,0.3,,workshop_max_level,"[""cannon_maker""]",[],"[""pp_cannon_workshop_cannon_workshop_bronze_maintenance"",""pp_cannon_workshop_cannon_workshop_iron_maintenance"",""pp_cannon_workshop_cannon_workshop_ammunition_stone_maintenance"",""pp_cannon_workshop_cannon_workshop_ammunition_lead_maintenance"",""pp_cannon_workshop_cannon_workshop_ammunition_iron_maintenance""]","[[""pp_cannon_workshop_cannon_workshop_bronze_maintenance"",""pp_cannon_workshop_cannon_workshop_iron_maintenance""],[""pp_cannon_workshop_cannon_workshop_ammunition_stone_maintenance"",""pp_cannon_workshop_cannon_workshop_ammunition_lead_maintenance"",""pp_cannon_workshop_cannon_workshop_ammunition_iron_maintenance""]]",/home/jan/development/ProsperOrPerishConstructor/mod/Prosper or Perish (Population Growth & Food Rework)/in_game/common/building_types/zz_pp_cannon_workshop.txt,2,constructor,Prosper or Perish Constructor,REPLACE,"[{""file"":""/home/jan/development/ProsperOrPerishConstructor/mod/Prosper or Perish (Population Growth & Food Rework)/in_game/common/building_types/zz_pp_cannon_workshop.txt"",""layer_id"":""constructor"",""layer_name"":""Prosper or Perish Constructor"",""line"":2,""mod_name"":""Prosper or Perish Constructor"",""mode"":""REPLACE""}]"
cannon_foundry,weapons_industry_category,,,,,,,,unresolved,burghers,0.3,,manufactory_max_level,"[""cannon_workshop""]",[],"[""pp_cannon_foundry_cannon_foundry_maintenance""]","[[""pp_cannon_foundry_cannon_foundry_maintenance""]]",/home/jan/development/ProsperOrPerishConstructor/mod/Prosper or Perish (Population Growth & Food Rework)/in_game/common/building_types/zz_pp_cannon_foundry.txt,2,constructor,Prosper or Perish Constructor,REPLACE,"[{""file"":""/home/jan/development/ProsperOrPerishConstructor/mod/Prosper or Perish (Population Growth & Food Rework)/in_game/common/building_types/zz_pp_cannon_foundry.txt"",""layer_id"":""constructor"",""layer_name"":""Prosper or Perish Constructor"",""line"":2,""mod_name"":""Prosper or Perish Constructor"",""mode"":""REPLACE""}]"
cannons_factory,weapons_industry_category,,,,,,,,unresolved,laborers,1.0,,mills_max_level,"[""cannon_foundry""]",[],"[""pp_cannons_factory_gun_factory_maintenance""]","[[""pp_cannons_factory_gun_factory_maintenance""]]",/home/jan/development/ProsperOrPerishConstructor/mod/Prosper or Perish (Population Growth & Food Rework)/in_game/common/building_types/zz_pp_cannons_factory.txt,2,constructor,Prosper or Perish Constructor,REPLACE,"[{""file"":""/home/jan/development/ProsperOrPerishConstructor/mod/Prosper or Perish (Population Growth & Food Rework)/in_game/common/building_types/zz_pp_cannons_factory.txt"",""layer_id"":""constructor"",""layer_name"":""Prosper or Perish Constructor"",""line"":2,""mod_name"":""Prosper or Perish Constructor"",""mode"":""REPLACE""}]"
cloth_guild,consumer_goods_category,,,,,,,,unresolved,burghers,0.3,,cloth_guild_max_level,[],[],"[""pp_cloth_guild_cotton_cloth_guild_maintenance"",""pp_cloth_guild_wool_cloth_guild_maintenance"",""pp_cloth_guild_fiber_crops_cloth_guild_maintenance""]","[[""pp_cloth_guild_cotton_cloth_guild_maintenance"",""pp_cloth_guild_wool_cloth_guild_maintenance"",""pp_cloth_guild_fiber_crops_cloth_guild_maintenance""]]",/home/jan/development/ProsperOrPerishConstructor/mod/Prosper or Perish (Population Growth & Food Rework)/in_game/common/building_types/zz_pp_cloth_guild.txt,2,constructor,Prosper or Perish Constructor,REPLACE,"[{""file"":""/home/jan/development/ProsperOrPerishConstructor/mod/Prosper or Perish (Population Growth & Food Rework)/in_game/common/building_types/zz_pp_cloth_guild.txt"",""layer_id"":""constructor"",""layer_name"":""Prosper or Perish Constructor"",""line"":2,""mod_name"":""Prosper or Perish Constructor"",""mode"":""REPLACE""}]"
cloth_workshop,consumer_goods_category,,,,,,,,unresolved,burghers,0.3,,workshop_max_level,"[""cloth_guild""]",[],"[""pp_cloth_workshop_cotton_cloth_workshop_maintenance"",""pp_cloth_workshop_wool_cloth_workshop_maintenance"",""pp_cloth_workshop_fiber_crops_cloth_workshop_maintenance""]","[[""pp_cloth_workshop_cotton_cloth_workshop_maintenance"",""pp_cloth_workshop_wool_cloth_workshop_maintenance"",""pp_cloth_workshop_fiber_crops_cloth_workshop_maintenance""]]",/home/jan/development/ProsperOrPerishConstructor/mod/Prosper or Perish (Population Growth & Food Rework)/in_game/common/building_types/zz_pp_cloth_workshop.txt,2,constructor,Prosper or Perish Constructor,REPLACE,"[{""file"":""/home/jan/development/ProsperOrPerishConstructor/mod/Prosper or Perish (Population Growth & Food Rework)/in_game/common/building_types/zz_pp_cloth_workshop.txt"",""layer_id"":""constructor"",""layer_name"":""Prosper or Perish Constructor"",""line"":2,""mod_name"":""Prosper or Perish Constructor"",""mode"":""REPLACE""}]"
cloth_manufactory,consumer_goods_category,,,,,,,,unresolved,burghers,0.3,,manufactory_max_level,"[""cloth_workshop""]",[],"[""pp_cloth_manufactory_wool_cloth_manufactory_maintenance"",""pp_cloth_manufactory_cotton_cloth_manufactory_maintenance"",""pp_cloth_manufactory_fiber_crops_cloth_manufactory_maintenance""]","[[""pp_cloth_manufactory_wool_cloth_manufactory_maintenance"",""pp_cloth_manufactory_cotton_cloth_manufactory_maintenance"",""pp_cloth_manufactory_fiber_crops_cloth_manufactory_maintenance""]]",/home/jan/development/ProsperOrPerishConstructor/mod/Prosper or Perish (Population Growth & Food Rework)/in_game/common/building_types/zz_pp_cloth_manufactory.txt,2,constructor,Prosper or Perish Constructor,REPLACE,"[{""file"":""/home/jan/development/ProsperOrPerishConstructor/mod/Prosper or Perish (Population Growth & Food Rework)/in_game/common/building_types/zz_pp_cloth_manufactory.txt"",""layer_id"":""constructor"",""layer_name"":""Prosper or Perish Constructor"",""line"":2,""mod_name"":""Prosper or Perish Constructor"",""mode"":""REPLACE""}]"
textile_mill,consumer_goods_category,,,,,,,,unresolved,laborers,1.0,,mills_max_level,"[""cloth_manufactory""]",[],"[""pp_textile_mill_cotton_mill_maintenance"",""pp_textile_mill_wool_mill_maintenance"",""pp_textile_mill_fiber_crops_mill_maintenance""]","[[""pp_textile_mill_cotton_mill_maintenance"",""pp_textile_mill_wool_mill_maintenance"",""pp_textile_mill_fiber_crops_mill_maintenance""]]",/home/jan/development/ProsperOrPerishConstructor/mod/Prosper or Perish (Population Growth & Food Rework)/in_game/common/building_types/zz_pp_textile_mill.txt,2,constructor,Prosper or Perish Constructor,REPLACE,"[{""file"":""/home/jan/development/ProsperOrPerishConstructor/mod/Prosper or Perish (Population Growth & Food Rework)/in_game/common/building_types/zz_pp_textile_mill.txt"",""layer_id"":""constructor"",""layer_name"":""Prosper or Perish Constructor"",""line"":2,""mod_name"":""Prosper or Perish Constructor"",""mode"":""REPLACE""}]"
dyes_guild,basic_industry_category,,,,,,,,unresolved,burghers,0.3,,guild_max_level,[],[],"[""pp_dyes_guild_dyes_guild_maintenance"",""pp_dyes_guild_alum_dyes_guild_maintenance""]","[[""pp_dyes_guild_dyes_guild_maintenance"",""pp_dyes_guild_alum_dyes_guild_maintenance""]]",/home/jan/development/ProsperOrPerishConstructor/mod/Prosper or Perish (Population Growth & Food Rework)/in_game/common/building_types/zz_pp_dyes_guild.txt,2,constructor,Prosper or Perish Constructor,REPLACE,"[{""file"":""/home/jan/development/ProsperOrPerishConstructor/mod/Prosper or Perish (Population Growth & Food Rework)/in_game/common/building_types/zz_pp_dyes_guild.txt"",""layer_id"":""constructor"",""layer_name"":""Prosper or Perish Constructor"",""line"":2,""mod_name"":""Prosper or Perish Constructor"",""mode"":""REPLACE""}]"
dyes_workshop,basic_industry_category,,,,,,,,unresolved,burghers,0.3,,workshop_max_level,"[""dyes_guild""]",[],"[""pp_dyes_workshop_dyes_workshop_maintenance""]","[[""pp_dyes_workshop_dyes_workshop_maintenance""]]",/home/jan/development/ProsperOrPerishConstructor/mod/Prosper or Perish (Population Growth & Food Rework)/in_game/common/building_types/zz_pp_dyes_workshop.txt,2,constructor,Prosper or Perish Constructor,REPLACE,"[{""file"":""/home/jan/development/ProsperOrPerishConstructor/mod/Prosper or Perish (Population Growth & Food Rework)/in_game/common/building_types/zz_pp_dyes_workshop.txt"",""layer_id"":""constructor"",""layer_name"":""Prosper or Perish Constructor"",""line"":2,""mod_name"":""Prosper or Perish Constructor"",""mode"":""REPLACE""}]"
dyesworks,basic_industry_category,,,,,,,,unresolved,burghers,0.3,,manufactory_max_level,"[""dyes_workshop""]",[],"[""pp_dyesworks_dyesworks_maintenance""]","[[""pp_dyesworks_dyesworks_maintenance""]]",/home/jan/development/ProsperOrPerishConstructor/mod/Prosper or Perish (Population Growth & Food Rework)/in_game/common/building_types/zz_pp_dyesworks.txt,2,constructor,Prosper or Perish Constructor,REPLACE,"[{""file"":""/home/jan/development/ProsperOrPerishConstructor/mod/Prosper or Perish (Population Growth & Food Rework)/in_game/common/building_types/zz_pp_dyesworks.txt"",""layer_id"":""constructor"",""layer_name"":""Prosper or Perish Constructor"",""line"":2,""mod_name"":""Prosper or Perish Constructor"",""mode"":""REPLACE""}]"
dyes_mill,basic_industry_category,,,,,,,,unresolved,laborers,1.0,,mills_max_level,"[""dyesworks""]",[],"[""pp_dyes_mill_dyesmill_maintenance""]","[[""pp_dyes_mill_dyesmill_maintenance""]]",/home/jan/development/ProsperOrPerishConstructor/mod/Prosper or Perish (Population Growth & Food Rework)/in_game/common/building_types/zz_pp_dyes_mill.txt,2,constructor,Prosper or Perish Constructor,REPLACE,"[{""file"":""/home/jan/development/ProsperOrPerishConstructor/mod/Prosper or Perish (Population Growth & Food Rework)/in_game/common/building_types/zz_pp_dyes_mill.txt"",""layer_id"":""constructor"",""layer_name"":""Prosper or Perish Constructor"",""line"":2,""mod_name"":""Prosper or Perish Constructor"",""mode"":""REPLACE""}]"
fine_cloth_guild,consumer_goods_category,,,,,,,,unresolved,burghers,0.3,,fine_cloth_guild_max_level,[],[],"[""pp_fine_cloth_guild_fine_cloth_guild_maintenance"",""pp_fine_cloth_guild_wool_weavers_maintenance"",""pp_fine_cloth_guild_silk_weavers_maintenance"",""pp_fine_cloth_guild_spanish_cloth_maintenance"",""pp_fine_cloth_guild_standard_fine_cloth_guild_maintenance"",""pp_fine_cloth_guild_alum_fine_cloth_guild_maintenance"",""pp_fine_cloth_guild_fur_trim_guild_maintenance""]","[[""pp_fine_cloth_guild_fine_cloth_guild_maintenance"",""pp_fine_cloth_guild_wool_weavers_maintenance"",""pp_fine_cloth_guild_silk_weavers_maintenance"",""pp_fine_cloth_guild_spanish_cloth_maintenance""],[""pp_fine_cloth_guild_standard_fine_cloth_guild_maintenance"",""pp_fine_cloth_guild_alum_fine_cloth_guild_maintenance"",""pp_fine_cloth_guild_fur_trim_guild_maintenance""]]",/home/jan/development/ProsperOrPerishConstructor/mod/Prosper or Perish (Population Growth & Food Rework)/in_game/common/building_types/zz_pp_fine_cloth_guild.txt,2,constructor,Prosper or Perish Constructor,REPLACE,"[{""file"":""/home/jan/development/ProsperOrPerishConstructor/mod/Prosper or Perish (Population Growth & Food Rework)/in_game/common/building_types/zz_pp_fine_cloth_guild.txt"",""layer_id"":""constructor"",""layer_name"":""Prosper or Perish Constructor"",""line"":2,""mod_name"":""Prosper or Perish Constructor"",""mode"":""REPLACE""}]"
fine_cloth_workshop,consumer_goods_category,,,,,,,,unresolved,burghers,0.3,,workshop_max_level,"[""fine_cloth_guild""]",[],"[""pp_fine_cloth_workshop_fine_cloth_workshop_maintenance"",""pp_fine_cloth_workshop_wool_weavers_workshop_maintenance"",""pp_fine_cloth_workshop_silk_weavers_workshop_maintenance"",""pp_fine_cloth_workshop_spanish_cloth_workshop_maintenance"",""pp_fine_cloth_workshop_standard_fine_cloth_workshop_maintenance"",""pp_fine_cloth_workshop_alum_fine_cloth_workshop_maintenance"",""pp_fine_cloth_workshop_fur_trim_workshop_maintenance""]","[[""pp_fine_cloth_workshop_fine_cloth_workshop_maintenance"",""pp_fine_cloth_workshop_wool_weavers_workshop_maintenance"",""pp_fine_cloth_workshop_silk_weavers_workshop_maintenance"",""pp_fine_cloth_workshop_spanish_cloth_workshop_maintenance""],[""pp_fine_cloth_workshop_standard_fine_cloth_workshop_maintenance"",""pp_fine_cloth_workshop_alum_fine_cloth_workshop_maintenance"",""pp_fine_cloth_workshop_fur_trim_workshop_maintenance""]]",/home/jan/development/ProsperOrPerishConstructor/mod/Prosper or Perish (Population Growth & Food Rework)/in_game/common/building_types/zz_pp_fine_cloth_workshop.txt,2,constructor,Prosper or Perish Constructor,REPLACE,"[{""file"":""/home/jan/development/ProsperOrPerishConstructor/mod/Prosper or Perish (Population Growth & Food Rework)/in_game/common/building_types/zz_pp_fine_cloth_workshop.txt"",""layer_id"":""constructor"",""layer_name"":""Prosper or Perish Constructor"",""line"":2,""mod_name"":""Prosper or Perish Constructor"",""mode"":""REPLACE""}]"
fine_cloth_manufactory,consumer_goods_category,,,,,,,,unresolved,burghers,0.3,,manufactory_max_level,"[""fine_cloth_workshop""]",[],"[""pp_fine_cloth_manufactory_silk_cloth_manufactory_maintenance"",""pp_fine_cloth_manufactory_fine_cloth_manufactory_maintenance"",""pp_fine_cloth_manufactory_standard_cloth_manufactory_maintenance"",""pp_fine_cloth_manufactory_alum_fine_cloth_manufactory_maintenance""]","[[""pp_fine_cloth_manufactory_silk_cloth_manufactory_maintenance"",""pp_fine_cloth_manufactory_fine_cloth_manufactory_maintenance""],[""pp_fine_cloth_manufactory_standard_cloth_manufactory_maintenance"",""pp_fine_cloth_manufactory_alum_fine_cloth_manufactory_maintenance""]]",/home/jan/development/ProsperOrPerishConstructor/mod/Prosper or Perish (Population Growth & Food Rework)/in_game/common/building_types/zz_pp_fine_cloth_manufactory.txt,2,constructor,Prosper or Perish Constructor,REPLACE,"[{""file"":""/home/jan/development/ProsperOrPerishConstructor/mod/Prosper or Perish (Population Growth & Food Rework)/in_game/common/building_types/zz_pp_fine_cloth_manufactory.txt"",""layer_id"":""constructor"",""layer_name"":""Prosper or Perish Constructor"",""line"":2,""mod_name"":""Prosper or Perish Constructor"",""mode"":""REPLACE""}]"
fine_cloth_mill,consumer_goods_category,,,,,,,,unresolved,laborers,1.0,,mills_max_level,"[""fine_cloth_manufactory""]",[],"[""pp_fine_cloth_mill_fine_cloth_mill_maintenance"",""pp_fine_cloth_mill_silk_cloth_mill_maintenance""]","[[""pp_fine_cloth_mill_fine_cloth_mill_maintenance"",""pp_fine_cloth_mill_silk_cloth_mill_maintenance""]]",/home/jan/development/ProsperOrPerishConstructor/mod/Prosper or Perish (Population Growth & Food Rework)/in_game/common/building_types/zz_pp_fine_cloth_mill.txt,2,constructor,Prosper or Perish Constructor,REPLACE,"[{""file"":""/home/jan/development/ProsperOrPerishConstructor/mod/Prosper or Perish (Population Growth & Food Rework)/in_game/common/building_types/zz_pp_fine_cloth_mill.txt"",""layer_id"":""constructor"",""layer_name"":""Prosper or Perish Constructor"",""line"":2,""mod_name"":""Prosper or Perish Constructor"",""mode"":""REPLACE""}]"
hand_cannon_guild,weapons_industry_category,,,,,,,,unresolved,burghers,0.3,,1,[],[],"[""pp_hand_cannon_guild_hand_cannon_guild_maintenance""]","[[""pp_hand_cannon_guild_hand_cannon_guild_maintenance""]]",/home/jan/development/ProsperOrPerishConstructor/mod/Prosper or Perish (Population Growth & Food Rework)/in_game/common/building_types/zz_pp_hand_cannon_guild.txt,2,constructor,Prosper or Perish Constructor,REPLACE,"[{""file"":""/home/jan/development/ProsperOrPerishConstructor/mod/Prosper or Perish (Population Growth & Food Rework)/in_game/common/building_types/zz_pp_hand_cannon_guild.txt"",""layer_id"":""constructor"",""layer_name"":""Prosper or Perish Constructor"",""line"":2,""mod_name"":""Prosper or Perish Constructor"",""mode"":""REPLACE""}]"
gun_smith,weapons_industry_category,,,,,,,,unresolved,burghers,0.3,,guild_max_level,"[""hand_cannon_guild""]",[],"[""pp_gun_smith_guns_guild_lumber_maintenance"",""pp_gun_smith_guns_guild_bronze_maintenance"",""pp_gun_smith_guns_guild_iron_maintenance"",""pp_gun_smith_guns_guild_ammunition_lead_maintenance"",""pp_gun_smith_guns_guild_ammunition_iron_maintenance""]","[[""pp_gun_smith_guns_guild_lumber_maintenance"",""pp_gun_smith_guns_guild_bronze_maintenance"",""pp_gun_smith_guns_guild_iron_maintenance""],[""pp_gun_smith_guns_guild_ammunition_lead_maintenance"",""pp_gun_smith_guns_guild_ammunition_iron_maintenance""]]",/home/jan/development/ProsperOrPerishConstructor/mod/Prosper or Perish (Population Growth & Food Rework)/in_game/common/building_types/zz_pp_gun_smith.txt,2,constructor,Prosper or Perish Constructor,REPLACE,"[{""file"":""/home/jan/development/ProsperOrPerishConstructor/mod/Prosper or Perish (Population Growth & Food Rework)/in_game/common/building_types/zz_pp_gun_smith.txt"",""layer_id"":""constructor"",""layer_name"":""Prosper or Perish Constructor"",""line"":2,""mod_name"":""Prosper or Perish Constructor"",""mode"":""REPLACE""}]"
guns_workshop,weapons_industry_category,,,,,,,,unresolved,burghers,0.3,,workshop_max_level,"[""gun_smith""]",[],"[""pp_guns_workshop_guns_workshop_bronze_maintenance"",""pp_guns_workshop_guns_workshop_iron_maintenance"",""pp_guns_workshop_guns_workshop_ammunition_lead_maintenance"",""pp_guns_workshop_guns_workshop_ammunition_iron_maintenance""]","[[""pp_guns_workshop_guns_workshop_bronze_maintenance"",""pp_guns_workshop_guns_workshop_iron_maintenance""],[""pp_guns_workshop_guns_workshop_ammunition_lead_maintenance"",""pp_guns_workshop_guns_workshop_ammunition_iron_maintenance""]]",/home/jan/development/ProsperOrPerishConstructor/mod/Prosper or Perish (Population Growth & Food Rework)/in_game/common/building_types/zz_pp_guns_workshop.txt,2,constructor,Prosper or Perish Constructor,REPLACE,"[{""file"":""/home/jan/development/ProsperOrPerishConstructor/mod/Prosper or Perish (Population Growth & Food Rework)/in_game/common/building_types/zz_pp_guns_workshop.txt"",""layer_id"":""constructor"",""layer_name"":""Prosper or Perish Constructor"",""line"":2,""mod_name"":""Prosper or Perish Constructor"",""mode"":""REPLACE""}]"
firearms_manufactory,weapons_industry_category,,,,,,,,unresolved,burghers,0.3,,manufactory_max_level,"[""guns_workshop""]",[],"[""pp_firearms_manufactory_firearms_manufactory_maintenance""]","[[""pp_firearms_manufactory_firearms_manufactory_maintenance""]]",/home/jan/development/ProsperOrPerishConstructor/mod/Prosper or Perish (Population Growth & Food Rework)/in_game/common/building_types/zz_pp_firearms_manufactory.txt,2,constructor,Prosper or Perish Constructor,REPLACE,"[{""file"":""/home/jan/development/ProsperOrPerishConstructor/mod/Prosper or Perish (Population Growth & Food Rework)/in_game/common/building_types/zz_pp_firearms_manufactory.txt"",""layer_id"":""constructor"",""layer_name"":""Prosper or Perish Constructor"",""line"":2,""mod_name"":""Prosper or Perish Constructor"",""mode"":""REPLACE""}]"
firearms_factory,weapons_industry_category,,,,,,,,unresolved,laborers,1.0,,mills_max_level,"[""firearms_manufactory""]",[],"[""pp_firearms_factory_firearms_factory_maintenance""]","[[""pp_firearms_factory_firearms_factory_maintenance""]]",/home/jan/development/ProsperOrPerishConstructor/mod/Prosper or Perish (Population Growth & Food Rework)/in_game/common/building_types/zz_pp_firearms_factory.txt,2,constructor,Prosper or Perish Constructor,REPLACE,"[{""file"":""/home/jan/development/ProsperOrPerishConstructor/mod/Prosper or Perish (Population Growth & Food Rework)/in_game/common/building_types/zz_pp_firearms_factory.txt"",""layer_id"":""constructor"",""layer_name"":""Prosper or Perish Constructor"",""line"":2,""mod_name"":""Prosper or Perish Constructor"",""mode"":""REPLACE""}]"
furniture_guild,consumer_goods_category,,,,,,,,unresolved,burghers,0.3,,guild_max_level,[],[],"[""pp_furniture_guild_furniture_maintenance""]","[[""pp_furniture_guild_furniture_maintenance""]]",/home/jan/development/ProsperOrPerishConstructor/mod/Prosper or Perish (Population Growth & Food Rework)/in_game/common/building_types/zz_pp_furniture_guild.txt,2,constructor,Prosper or Perish Constructor,REPLACE,"[{""file"":""/home/jan/development/ProsperOrPerishConstructor/mod/Prosper or Perish (Population Growth & Food Rework)/in_game/common/building_types/zz_pp_furniture_guild.txt"",""layer_id"":""constructor"",""layer_name"":""Prosper or Perish Constructor"",""line"":2,""mod_name"":""Prosper or Perish Constructor"",""mode"":""REPLACE""}]"
furniture_workshop,consumer_goods_category,,,,,,,,unresolved,burghers,0.3,,workshop_max_level,"[""furniture_guild""]",[],"[""pp_furniture_workshop_furniture_workshop_maintenance""]","[[""pp_furniture_workshop_furniture_workshop_maintenance""]]",/home/jan/development/ProsperOrPerishConstructor/mod/Prosper or Perish (Population Growth & Food Rework)/in_game/common/building_types/zz_pp_furniture_workshop.txt,2,constructor,Prosper or Perish Constructor,REPLACE,"[{""file"":""/home/jan/development/ProsperOrPerishConstructor/mod/Prosper or Perish (Population Growth & Food Rework)/in_game/common/building_types/zz_pp_furniture_workshop.txt"",""layer_id"":""constructor"",""layer_name"":""Prosper or Perish Constructor"",""line"":2,""mod_name"":""Prosper or Perish Constructor"",""mode"":""REPLACE""}]"
furniture_manufactory,consumer_goods_category,,,,,,,,unresolved,burghers,0.3,,manufactory_max_level,"[""furniture_workshop""]",[],"[""pp_furniture_manufactory_furniture_manufactory_maintenance""]","[[""pp_furniture_manufactory_furniture_manufactory_maintenance""]]",/home/jan/development/ProsperOrPerishConstructor/mod/Prosper or Perish (Population Growth & Food Rework)/in_game/common/building_types/zz_pp_furniture_manufactory.txt,2,constructor,Prosper or Perish Constructor,REPLACE,"[{""file"":""/home/jan/development/ProsperOrPerishConstructor/mod/Prosper or Perish (Population Growth & Food Rework)/in_game/common/building_types/zz_pp_furniture_manufactory.txt"",""layer_id"":""constructor"",""layer_name"":""Prosper or Perish Constructor"",""line"":2,""mod_name"":""Prosper or Perish Constructor"",""mode"":""REPLACE""}]"
furniture_mill,consumer_goods_category,,,,,,,,unresolved,laborers,1.0,,mills_max_level,"[""furniture_manufactory""]",[],"[""pp_furniture_mill_furniture_mill_maintenance""]","[[""pp_furniture_mill_furniture_mill_maintenance""]]",/home/jan/development/ProsperOrPerishConstructor/mod/Prosper or Perish (Population Growth & Food Rework)/in_game/common/building_types/zz_pp_furniture_mill.txt,2,constructor,Prosper or Perish Constructor,REPLACE,"[{""file"":""/home/jan/development/ProsperOrPerishConstructor/mod/Prosper or Perish (Population Growth & Food Rework)/in_game/common/building_types/zz_pp_furniture_mill.txt"",""layer_id"":""constructor"",""layer_name"":""Prosper or Perish Constructor"",""line"":2,""mod_name"":""Prosper or Perish Constructor"",""mode"":""REPLACE""}]"
glass_guild,basic_industry_category,,,,,,,,unresolved,burghers,0.3,,guild_max_level,[],[],"[""pp_glass_guild_glass_guild_maintenance"",""pp_glass_guild_metal_glass_guild_maintenance""]","[[""pp_glass_guild_glass_guild_maintenance"",""pp_glass_guild_metal_glass_guild_maintenance""]]",/home/jan/development/ProsperOrPerishConstructor/mod/Prosper or Perish (Population Growth & Food Rework)/in_game/common/building_types/zz_pp_glass_guild.txt,2,constructor,Prosper or Perish Constructor,REPLACE,"[{""file"":""/home/jan/development/ProsperOrPerishConstructor/mod/Prosper or Perish (Population Growth & Food Rework)/in_game/common/building_types/zz_pp_glass_guild.txt"",""layer_id"":""constructor"",""layer_name"":""Prosper or Perish Constructor"",""line"":2,""mod_name"":""Prosper or Perish Constructor"",""mode"":""REPLACE""}]"
glass_workshop,basic_industry_category,,,,,,,,unresolved,burghers,0.3,,workshop_max_level,"[""glass_guild""]",[],"[""pp_glass_workshop_metal_glass_workshop_maintenance""]","[[""pp_glass_workshop_metal_glass_workshop_maintenance""]]",/home/jan/development/ProsperOrPerishConstructor/mod/Prosper or Perish (Population Growth & Food Rework)/in_game/common/building_types/zz_pp_glass_workshop.txt,2,constructor,Prosper or Perish Constructor,REPLACE,"[{""file"":""/home/jan/development/ProsperOrPerishConstructor/mod/Prosper or Perish (Population Growth & Food Rework)/in_game/common/building_types/zz_pp_glass_workshop.txt"",""layer_id"":""constructor"",""layer_name"":""Prosper or Perish Constructor"",""line"":2,""mod_name"":""Prosper or Perish Constructor"",""mode"":""REPLACE""}]"
glassworks,basic_industry_category,,,,,,,,unresolved,burghers,0.3,,manufactory_max_level,"[""glass_workshop""]",[],"[""pp_glassworks_glassworks_maintenance""]","[[""pp_glassworks_glassworks_maintenance""]]",/home/jan/development/ProsperOrPerishConstructor/mod/Prosper or Perish (Population Growth & Food Rework)/in_game/common/building_types/zz_pp_glassworks.txt,2,constructor,Prosper or Perish Constructor,REPLACE,"[{""file"":""/home/jan/development/ProsperOrPerishConstructor/mod/Prosper or Perish (Population Growth & Food Rework)/in_game/common/building_types/zz_pp_glassworks.txt"",""layer_id"":""constructor"",""layer_name"":""Prosper or Perish Constructor"",""line"":2,""mod_name"":""Prosper or Perish Constructor"",""mode"":""REPLACE""}]"
glass_mill,basic_industry_category,,,,,,,,unresolved,laborers,1.0,,mills_max_level,"[""glassworks""]",[],"[""pp_glass_mill_glassmill_maintenance""]","[[""pp_glass_mill_glassmill_maintenance""]]",/home/jan/development/ProsperOrPerishConstructor/mod/Prosper or Perish (Population Growth & Food Rework)/in_game/common/building_types/zz_pp_glass_mill.txt,2,constructor,Prosper or Perish Constructor,REPLACE,"[{""file"":""/home/jan/development/ProsperOrPerishConstructor/mod/Prosper or Perish (Population Growth & Food Rework)/in_game/common/building_types/zz_pp_glass_mill.txt"",""layer_id"":""constructor"",""layer_name"":""Prosper or Perish Constructor"",""line"":2,""mod_name"":""Prosper or Perish Constructor"",""mode"":""REPLACE""}]"
lacquerware_guild,consumer_goods_category,,,,,,,,unresolved,burghers,0.3,,guild_max_level,[],[],"[""pp_lacquerware_guild_lacquerware_shop_maintenance""]","[[""pp_lacquerware_guild_lacquerware_shop_maintenance""]]",/home/jan/development/ProsperOrPerishConstructor/mod/Prosper or Perish (Population Growth & Food Rework)/in_game/common/building_types/zz_pp_lacquerware_guild.txt,2,constructor,Prosper or Perish Constructor,REPLACE,"[{""file"":""/home/jan/development/ProsperOrPerishConstructor/mod/Prosper or Perish (Population Growth & Food Rework)/in_game/common/building_types/zz_pp_lacquerware_guild.txt"",""layer_id"":""constructor"",""layer_name"":""Prosper or Perish Constructor"",""line"":2,""mod_name"":""Prosper or Perish Constructor"",""mode"":""REPLACE""}]"
lacquerware_manufactory,consumer_goods_category,,,,,,,,unresolved,burghers,0.3,,manufactory_max_level,"[""lacquerware_guild""]",[],"[""pp_lacquerware_manufactory_lacquerware_manufactory_maintenance""]","[[""pp_lacquerware_manufactory_lacquerware_manufactory_maintenance""]]",/home/jan/development/ProsperOrPerishConstructor/mod/Prosper or Perish (Population Growth & Food Rework)/in_game/common/building_types/zz_pp_lacquerware_manufactory.txt,2,constructor,Prosper or Perish Constructor,REPLACE,"[{""file"":""/home/jan/development/ProsperOrPerishConstructor/mod/Prosper or Perish (Population Growth & Food Rework)/in_game/common/building_types/zz_pp_lacquerware_manufactory.txt"",""layer_id"":""constructor"",""layer_name"":""Prosper or Perish Constructor"",""line"":2,""mod_name"":""Prosper or Perish Constructor"",""mode"":""REPLACE""}]"
tannery,basic_industry_category,,,,,,,,unresolved,burghers,0.3,,guild_max_level,[],[],"[""pp_tannery_leather_guild_maintenance"",""pp_tannery_tannery_maintenance""]","[[""pp_tannery_leather_guild_maintenance"",""pp_tannery_tannery_maintenance""]]",/home/jan/development/ProsperOrPerishConstructor/mod/Prosper or Perish (Population Growth & Food Rework)/in_game/common/building_types/zz_pp_tannery.txt,2,constructor,Prosper or Perish Constructor,REPLACE,"[{""file"":""/home/jan/development/ProsperOrPerishConstructor/mod/Prosper or Perish (Population Growth & Food Rework)/in_game/common/building_types/zz_pp_tannery.txt"",""layer_id"":""constructor"",""layer_name"":""Prosper or Perish Constructor"",""line"":2,""mod_name"":""Prosper or Perish Constructor"",""mode"":""REPLACE""}]"
tanning_workshop,basic_industry_category,,,,,,,,unresolved,burghers,0.3,,workshop_max_level,"[""tannery""]",[],"[""pp_tanning_workshop_leather_livestock_workshop_maintenance"",""pp_tanning_workshop_leather_wildgame_workshop_maintenance""]","[[""pp_tanning_workshop_leather_livestock_workshop_maintenance"",""pp_tanning_workshop_leather_wildgame_workshop_maintenance""]]",/home/jan/development/ProsperOrPerishConstructor/mod/Prosper or Perish (Population Growth & Food Rework)/in_game/common/building_types/zz_pp_tanning_workshop.txt,2,constructor,Prosper or Perish Constructor,REPLACE,"[{""file"":""/home/jan/development/ProsperOrPerishConstructor/mod/Prosper or Perish (Population Growth & Food Rework)/in_game/common/building_types/zz_pp_tanning_workshop.txt"",""layer_id"":""constructor"",""layer_name"":""Prosper or Perish Constructor"",""line"":2,""mod_name"":""Prosper or Perish Constructor"",""mode"":""REPLACE""}]"
tannery_manufactory,basic_industry_category,,,,,,,,unresolved,burghers,0.3,,manufactory_max_level,"[""tanning_workshop""]",[],"[""pp_tannery_manufactory_leather_manufactory_maintenance"",""pp_tannery_manufactory_tannery_manufactory_maintenance""]","[[""pp_tannery_manufactory_leather_manufactory_maintenance"",""pp_tannery_manufactory_tannery_manufactory_maintenance""]]",/home/jan/development/ProsperOrPerishConstructor/mod/Prosper or Perish (Population Growth & Food Rework)/in_game/common/building_types/zz_pp_tannery_manufactory.txt,2,constructor,Prosper or Perish Constructor,REPLACE,"[{""file"":""/home/jan/development/ProsperOrPerishConstructor/mod/Prosper or Perish (Population Growth & Food Rework)/in_game/common/building_types/zz_pp_tannery_manufactory.txt"",""layer_id"":""constructor"",""layer_name"":""Prosper or Perish Constructor"",""line"":2,""mod_name"":""Prosper or Perish Constructor"",""mode"":""REPLACE""}]"
tannery_mill,basic_industry_category,,,,,,,,unresolved,laborers,1.0,,mills_max_level,"[""tannery_manufactory""]",[],"[""pp_tannery_mill_leather_mill_maintenance"",""pp_tannery_mill_tannery_mill_maintenance""]","[[""pp_tannery_mill_leather_mill_maintenance"",""pp_tannery_mill_tannery_mill_maintenance""]]",/home/jan/development/ProsperOrPerishConstructor/mod/Prosper or Perish (Population Growth & Food Rework)/in_game/common/building_types/zz_pp_tannery_mill.txt,2,constructor,Prosper or Perish Constructor,REPLACE,"[{""file"":""/home/jan/development/ProsperOrPerishConstructor/mod/Prosper or Perish (Population Growth & Food Rework)/in_game/common/building_types/zz_pp_tannery_mill.txt"",""layer_id"":""constructor"",""layer_name"":""Prosper or Perish Constructor"",""line"":2,""mod_name"":""Prosper or Perish Constructor"",""mode"":""REPLACE""}]"
distillers_guild,consumer_goods_category,,,,,,,,unresolved,burghers,0.3,,guild_max_level,[],[],"[""pp_distillers_guild_sugar_liquor_guild_maintenance"",""pp_distillers_guild_rice_liquor_guild_maintenance"",""pp_distillers_guild_potato_liquor_guild_maintenance"",""pp_distillers_guild_wheat_liquor_guild_maintenance"",""pp_distillers_guild_beer_liquor_guild_maintenance"",""pp_distillers_guild_wine_liquor_guild_maintenance""]","[[""pp_distillers_guild_sugar_liquor_guild_maintenance"",""pp_distillers_guild_rice_liquor_guild_maintenance"",""pp_distillers_guild_potato_liquor_guild_maintenance"",""pp_distillers_guild_wheat_liquor_guild_maintenance"",""pp_distillers_guild_beer_liquor_guild_maintenance"",""pp_distillers_guild_wine_liquor_guild_maintenance""]]",/home/jan/development/ProsperOrPerishConstructor/mod/Prosper or Perish (Population Growth & Food Rework)/in_game/common/building_types/zz_pp_distillers_guild.txt,2,constructor,Prosper or Perish Constructor,REPLACE,"[{""file"":""/home/jan/development/ProsperOrPerishConstructor/mod/Prosper or Perish (Population Growth & Food Rework)/in_game/common/building_types/zz_pp_distillers_guild.txt"",""layer_id"":""constructor"",""layer_name"":""Prosper or Perish Constructor"",""line"":2,""mod_name"":""Prosper or Perish Constructor"",""mode"":""REPLACE""}]"
distillers_workshop,consumer_goods_category,,,,,,,,unresolved,burghers,0.3,,workshop_max_level,"[""distillers_guild""]",[],"[""pp_distillers_workshop_sugar_liquor_workshop_maintenance"",""pp_distillers_workshop_rice_liquor_workshop_maintenance"",""pp_distillers_workshop_potato_liquor_workshop_maintenance"",""pp_distillers_workshop_wheat_liquor_workshop_maintenance"",""pp_distillers_workshop_beer_liquor_workshop_maintenance"",""pp_distillers_workshop_wine_liquor_workshop_maintenance""]","[[""pp_distillers_workshop_sugar_liquor_workshop_maintenance"",""pp_distillers_workshop_rice_liquor_workshop_maintenance"",""pp_distillers_workshop_potato_liquor_workshop_maintenance"",""pp_distillers_workshop_wheat_liquor_workshop_maintenance"",""pp_distillers_workshop_beer_liquor_workshop_maintenance"",""pp_distillers_workshop_wine_liquor_workshop_maintenance""]]",/home/jan/development/ProsperOrPerishConstructor/mod/Prosper or Perish (Population Growth & Food Rework)/in_game/common/building_types/zz_pp_distillers_workshop.txt,2,constructor,Prosper or Perish Constructor,REPLACE,"[{""file"":""/home/jan/development/ProsperOrPerishConstructor/mod/Prosper or Perish (Population Growth & Food Rework)/in_game/common/building_types/zz_pp_distillers_workshop.txt"",""layer_id"":""constructor"",""layer_name"":""Prosper or Perish Constructor"",""line"":2,""mod_name"":""Prosper or Perish Constructor"",""mode"":""REPLACE""}]"
distiller_manufactory,consumer_goods_category,,,,,,,,unresolved,burghers,0.3,,manufactory_max_level,"[""distillers_workshop""]",[],"[""pp_distiller_manufactory_sugar_distillery_maintenance"",""pp_distiller_manufactory_rice_distillery_maintenance"",""pp_distiller_manufactory_potato_distillery_maintenance"",""pp_distiller_manufactory_wheat_distillery_maintenance"",""pp_distiller_manufactory_scottish_whisky_distillery_maintenance""]","[[""pp_distiller_manufactory_sugar_distillery_maintenance"",""pp_distiller_manufactory_rice_distillery_maintenance"",""pp_distiller_manufactory_potato_distillery_maintenance"",""pp_distiller_manufactory_wheat_distillery_maintenance"",""pp_distiller_manufactory_scottish_whisky_distillery_maintenance""]]",/home/jan/development/ProsperOrPerishConstructor/mod/Prosper or Perish (Population Growth & Food Rework)/in_game/common/building_types/zz_pp_distiller_manufactory.txt,2,constructor,Prosper or Perish Constructor,REPLACE,"[{""file"":""/home/jan/development/ProsperOrPerishConstructor/mod/Prosper or Perish (Population Growth & Food Rework)/in_game/common/building_types/zz_pp_distiller_manufactory.txt"",""layer_id"":""constructor"",""layer_name"":""Prosper or Perish Constructor"",""line"":2,""mod_name"":""Prosper or Perish Constructor"",""mode"":""REPLACE""}]"
distiller_mill,consumer_goods_category,,,,,,,,unresolved,laborers,1.0,,mills_max_level,"[""distiller_manufactory""]",[],"[""pp_distiller_mill_sugar_distillery_mill_maintenance"",""pp_distiller_mill_rice_distillery_mill_maintenance"",""pp_distiller_mill_potato_distillery_mill_maintenance"",""pp_distiller_mill_wheat_distillery_mill_maintenance"",""pp_distiller_mill_scottish_whisky_distillery_mill_maintenance""]","[[""pp_distiller_mill_sugar_distillery_mill_maintenance"",""pp_distiller_mill_rice_distillery_mill_maintenance"",""pp_distiller_mill_potato_distillery_mill_maintenance"",""pp_distiller_mill_wheat_distillery_mill_maintenance"",""pp_distiller_mill_scottish_whisky_distillery_mill_maintenance""]]",/home/jan/development/ProsperOrPerishConstructor/mod/Prosper or Perish (Population Growth & Food Rework)/in_game/common/building_types/zz_pp_distiller_mill.txt,2,constructor,Prosper or Perish Constructor,REPLACE,"[{""file"":""/home/jan/development/ProsperOrPerishConstructor/mod/Prosper or Perish (Population Growth & Food Rework)/in_game/common/building_types/zz_pp_distiller_mill.txt"",""layer_id"":""constructor"",""layer_name"":""Prosper or Perish Constructor"",""line"":2,""mod_name"":""Prosper or Perish Constructor"",""mode"":""REPLACE""}]"
naval_supplies_guild,weapons_industry_category,,,,,,,,unresolved,burghers,0.3,,guild_max_level,[],[],"[""pp_naval_supplies_guild_naval_supplies_guild_maintenance""]","[[""pp_naval_supplies_guild_naval_supplies_guild_maintenance""]]",/home/jan/development/ProsperOrPerishConstructor/mod/Prosper or Perish (Population Growth & Food Rework)/in_game/common/building_types/zz_pp_naval_supplies_guild.txt,2,constructor,Prosper or Perish Constructor,REPLACE,"[{""file"":""/home/jan/development/ProsperOrPerishConstructor/mod/Prosper or Perish (Population Growth & Food Rework)/in_game/common/building_types/zz_pp_naval_supplies_guild.txt"",""layer_id"":""constructor"",""layer_name"":""Prosper or Perish Constructor"",""line"":2,""mod_name"":""Prosper or Perish Constructor"",""mode"":""REPLACE""}]"
naval_supplies_workshop,weapons_industry_category,,,,,,,,unresolved,burghers,0.3,,workshop_max_level,"[""naval_supplies_guild""]",[],"[""pp_naval_supplies_workshop_naval_supplies_workshop_maintenance""]","[[""pp_naval_supplies_workshop_naval_supplies_workshop_maintenance""]]",/home/jan/development/ProsperOrPerishConstructor/mod/Prosper or Perish (Population Growth & Food Rework)/in_game/common/building_types/zz_pp_naval_supplies_workshop.txt,2,constructor,Prosper or Perish Constructor,REPLACE,"[{""file"":""/home/jan/development/ProsperOrPerishConstructor/mod/Prosper or Perish (Population Growth & Food Rework)/in_game/common/building_types/zz_pp_naval_supplies_workshop.txt"",""layer_id"":""constructor"",""layer_name"":""Prosper or Perish Constructor"",""line"":2,""mod_name"":""Prosper or Perish Constructor"",""mode"":""REPLACE""}]"
naval_supplies_manufactory,weapons_industry_category,,,,,,,,unresolved,burghers,0.3,,manufactory_max_level,"[""naval_supplies_workshop""]",[],"[""pp_naval_supplies_manufactory_naval_supplies_manufactory_maintenance""]","[[""pp_naval_supplies_manufactory_naval_supplies_manufactory_maintenance""]]",/home/jan/development/ProsperOrPerishConstructor/mod/Prosper or Perish (Population Growth & Food Rework)/in_game/common/building_types/zz_pp_naval_supplies_manufactory.txt,2,constructor,Prosper or Perish Constructor,REPLACE,"[{""file"":""/home/jan/development/ProsperOrPerishConstructor/mod/Prosper or Perish (Population Growth & Food Rework)/in_game/common/building_types/zz_pp_naval_supplies_manufactory.txt"",""layer_id"":""constructor"",""layer_name"":""Prosper or Perish Constructor"",""line"":2,""mod_name"":""Prosper or Perish Constructor"",""mode"":""REPLACE""}]"
naval_supplies_mill,weapons_industry_category,,,,,,,,unresolved,laborers,1.0,,mills_max_level,"[""naval_supplies_manufactory""]",[],"[""pp_naval_supplies_mill_naval_supplies_mill_maintenance""]","[[""pp_naval_supplies_mill_naval_supplies_mill_maintenance""]]",/home/jan/development/ProsperOrPerishConstructor/mod/Prosper or Perish (Population Growth & Food Rework)/in_game/common/building_types/zz_pp_naval_supplies_mill.txt,2,constructor,Prosper or Perish Constructor,REPLACE,"[{""file"":""/home/jan/development/ProsperOrPerishConstructor/mod/Prosper or Perish (Population Growth & Food Rework)/in_game/common/building_types/zz_pp_naval_supplies_mill.txt"",""layer_id"":""constructor"",""layer_name"":""Prosper or Perish Constructor"",""line"":2,""mod_name"":""Prosper or Perish Constructor"",""mode"":""REPLACE""}]"
paper_guild,basic_industry_category,,,,,,,,unresolved,burghers,0.3,,guild_max_level,[],[],"[""pp_paper_guild_paper_guild_leather_maintenance"",""pp_paper_guild_paper_guild_fiber_pulp_maintenance"",""pp_paper_guild_paper_guild_cloth_maintenance""]","[[""pp_paper_guild_paper_guild_leather_maintenance"",""pp_paper_guild_paper_guild_fiber_pulp_maintenance"",""pp_paper_guild_paper_guild_cloth_maintenance""]]",/home/jan/development/ProsperOrPerishConstructor/mod/Prosper or Perish (Population Growth & Food Rework)/in_game/common/building_types/zz_pp_paper_guild.txt,2,constructor,Prosper or Perish Constructor,REPLACE,"[{""file"":""/home/jan/development/ProsperOrPerishConstructor/mod/Prosper or Perish (Population Growth & Food Rework)/in_game/common/building_types/zz_pp_paper_guild.txt"",""layer_id"":""constructor"",""layer_name"":""Prosper or Perish Constructor"",""line"":2,""mod_name"":""Prosper or Perish Constructor"",""mode"":""REPLACE""}]"
paper_workshop,basic_industry_category,,,,,,,,unresolved,burghers,0.3,,workshop_max_level,"[""paper_guild""]",[],"[""pp_paper_workshop_paper_workshop_fiber_pulp_maintenance"",""pp_paper_workshop_paper_workshop_cloth_maintenance""]","[[""pp_paper_workshop_paper_workshop_fiber_pulp_maintenance"",""pp_paper_workshop_paper_workshop_cloth_maintenance""]]",/home/jan/development/ProsperOrPerishConstructor/mod/Prosper or Perish (Population Growth & Food Rework)/in_game/common/building_types/zz_pp_paper_workshop.txt,2,constructor,Prosper or Perish Constructor,REPLACE,"[{""file"":""/home/jan/development/ProsperOrPerishConstructor/mod/Prosper or Perish (Population Growth & Food Rework)/in_game/common/building_types/zz_pp_paper_workshop.txt"",""layer_id"":""constructor"",""layer_name"":""Prosper or Perish Constructor"",""line"":2,""mod_name"":""Prosper or Perish Constructor"",""mode"":""REPLACE""}]"
paper_manufactory,basic_industry_category,,,,,,,,unresolved,burghers,0.3,,manufactory_max_level,"[""paper_workshop""]",[],"[""pp_paper_manufactory_paper_manufactory_maintenance""]","[[""pp_paper_manufactory_paper_manufactory_maintenance""]]",/home/jan/development/ProsperOrPerishConstructor/mod/Prosper or Perish (Population Growth & Food Rework)/in_game/common/building_types/zz_pp_paper_manufactory.txt,2,constructor,Prosper or Perish Constructor,REPLACE,"[{""file"":""/home/jan/development/ProsperOrPerishConstructor/mod/Prosper or Perish (Population Growth & Food Rework)/in_game/common/building_types/zz_pp_paper_manufactory.txt"",""layer_id"":""constructor"",""layer_name"":""Prosper or Perish Constructor"",""line"":2,""mod_name"":""Prosper or Perish Constructor"",""mode"":""REPLACE""}]"
paper_mill,basic_industry_category,,,,,,,,unresolved,laborers,1.0,,mills_max_level,"[""paper_manufactory""]",[],"[""pp_paper_mill_paper_mill_maintenance"",""pp_paper_mill_paper_wood_pulp_maintenance""]","[[""pp_paper_mill_paper_mill_maintenance"",""pp_paper_mill_paper_wood_pulp_maintenance""]]",/home/jan/development/ProsperOrPerishConstructor/mod/Prosper or Perish (Population Growth & Food Rework)/in_game/common/building_types/zz_pp_paper_mill.txt,2,constructor,Prosper or Perish Constructor,REPLACE,"[{""file"":""/home/jan/development/ProsperOrPerishConstructor/mod/Prosper or Perish (Population Growth & Food Rework)/in_game/common/building_types/zz_pp_paper_mill.txt"",""layer_id"":""constructor"",""layer_name"":""Prosper or Perish Constructor"",""line"":2,""mod_name"":""Prosper or Perish Constructor"",""mode"":""REPLACE""}]"
porcelain_guild,consumer_goods_category,,,,,,,,unresolved,burghers,0.3,,guild_max_level,[],[],"[""pp_porcelain_guild_porcelain_guild_maintenance""]","[[""pp_porcelain_guild_porcelain_guild_maintenance""]]",/home/jan/development/ProsperOrPerishConstructor/mod/Prosper or Perish (Population Growth & Food Rework)/in_game/common/building_types/zz_pp_porcelain_guild.txt,2,constructor,Prosper or Perish Constructor,REPLACE,"[{""file"":""/home/jan/development/ProsperOrPerishConstructor/mod/Prosper or Perish (Population Growth & Food Rework)/in_game/common/building_types/zz_pp_porcelain_guild.txt"",""layer_id"":""constructor"",""layer_name"":""Prosper or Perish Constructor"",""line"":2,""mod_name"":""Prosper or Perish Constructor"",""mode"":""REPLACE""}]"
porcelain_manufactory,consumer_goods_category,,,,,,,,unresolved,burghers,0.3,,manufactory_max_level,"[""porcelain_guild""]",[],"[""pp_porcelain_manufactory_porcelain_manufactory_maintenance""]","[[""pp_porcelain_manufactory_porcelain_manufactory_maintenance""]]",/home/jan/development/ProsperOrPerishConstructor/mod/Prosper or Perish (Population Growth & Food Rework)/in_game/common/building_types/zz_pp_porcelain_manufactory.txt,2,constructor,Prosper or Perish Constructor,REPLACE,"[{""file"":""/home/jan/development/ProsperOrPerishConstructor/mod/Prosper or Perish (Population Growth & Food Rework)/in_game/common/building_types/zz_pp_porcelain_manufactory.txt"",""layer_id"":""constructor"",""layer_name"":""Prosper or Perish Constructor"",""line"":2,""mod_name"":""Prosper or Perish Constructor"",""mode"":""REPLACE""}]"
pottery_guild,basic_industry_category,,,,,,,,unresolved,burghers,0.3,,guild_max_level,[],[],"[""pp_pottery_guild_pottery_maintenance""]","[[""pp_pottery_guild_pottery_maintenance""]]",/home/jan/development/ProsperOrPerishConstructor/mod/Prosper or Perish (Population Growth & Food Rework)/in_game/common/building_types/zz_pp_pottery_guild.txt,2,constructor,Prosper or Perish Constructor,REPLACE,"[{""file"":""/home/jan/development/ProsperOrPerishConstructor/mod/Prosper or Perish (Population Growth & Food Rework)/in_game/common/building_types/zz_pp_pottery_guild.txt"",""layer_id"":""constructor"",""layer_name"":""Prosper or Perish Constructor"",""line"":2,""mod_name"":""Prosper or Perish Constructor"",""mode"":""REPLACE""}]"
pottery_workshop,basic_industry_category,,,,,,,,unresolved,burghers,0.3,,workshop_max_level,"[""pottery_guild""]",[],"[""pp_pottery_workshop_pottery_w_maintenance""]","[[""pp_pottery_workshop_pottery_w_maintenance""]]",/home/jan/development/ProsperOrPerishConstructor/mod/Prosper or Perish (Population Growth & Food Rework)/in_game/common/building_types/zz_pp_pottery_workshop.txt,2,constructor,Prosper or Perish Constructor,REPLACE,"[{""file"":""/home/jan/development/ProsperOrPerishConstructor/mod/Prosper or Perish (Population Growth & Food Rework)/in_game/common/building_types/zz_pp_pottery_workshop.txt"",""layer_id"":""constructor"",""layer_name"":""Prosper or Perish Constructor"",""line"":2,""mod_name"":""Prosper or Perish Constructor"",""mode"":""REPLACE""}]"
pottery_manufactory,basic_industry_category,,,,,,,,unresolved,burghers,0.3,,manufactory_max_level,"[""pottery_workshop""]",[],"[""pp_pottery_manufactory_pottery_manufactory_maintenance""]","[[""pp_pottery_manufactory_pottery_manufactory_maintenance""]]",/home/jan/development/ProsperOrPerishConstructor/mod/Prosper or Perish (Population Growth & Food Rework)/in_game/common/building_types/zz_pp_pottery_manufactory.txt,2,constructor,Prosper or Perish Constructor,REPLACE,"[{""file"":""/home/jan/development/ProsperOrPerishConstructor/mod/Prosper or Perish (Population Growth & Food Rework)/in_game/common/building_types/zz_pp_pottery_manufactory.txt"",""layer_id"":""constructor"",""layer_name"":""Prosper or Perish Constructor"",""line"":2,""mod_name"":""Prosper or Perish Constructor"",""mode"":""REPLACE""}]"
pottery_mill,consumer_goods_category,,,,,,,,unresolved,laborers,1.0,,mills_max_level,"[""pottery_manufactory""]",[],"[""pp_pottery_mill_pottery_mill_maintenance""]","[[""pp_pottery_mill_pottery_mill_maintenance""]]",/home/jan/development/ProsperOrPerishConstructor/mod/Prosper or Perish (Population Growth & Food Rework)/in_game/common/building_types/zz_pp_pottery_mill.txt,2,constructor,Prosper or Perish Constructor,REPLACE,"[{""file"":""/home/jan/development/ProsperOrPerishConstructor/mod/Prosper or Perish (Population Growth & Food Rework)/in_game/common/building_types/zz_pp_pottery_mill.txt"",""layer_id"":""constructor"",""layer_name"":""Prosper or Perish Constructor"",""line"":2,""mod_name"":""Prosper or Perish Constructor"",""mode"":""REPLACE""}]"
saltpeter_guild,basic_industry_category,,,,,,,,unresolved,burghers,0.1,,guild_max_level,[],[],"[""pp_saltpeter_guild_demands""]","[[""pp_saltpeter_guild_demands""]]",/home/jan/development/ProsperOrPerishConstructor/mod/Prosper or Perish (Population Growth & Food Rework)/in_game/common/building_types/zz_pp_saltpeter_guild.txt,2,constructor,Prosper or Perish Constructor,REPLACE,"[{""file"":""/home/jan/development/ProsperOrPerishConstructor/mod/Prosper or Perish (Population Growth & Food Rework)/in_game/common/building_types/zz_pp_saltpeter_guild.txt"",""layer_id"":""constructor"",""layer_name"":""Prosper or Perish Constructor"",""line"":2,""mod_name"":""Prosper or Perish Constructor"",""mode"":""REPLACE""}]"
saltpeter_workshop,basic_industry_category,,,,,,,,unresolved,burghers,0.1,,workshop_max_level,"[""saltpeter_guild""]",[],"[""pp_saltpeter_workshop_demands""]","[[""pp_saltpeter_workshop_demands""]]",/home/jan/development/ProsperOrPerishConstructor/mod/Prosper or Perish (Population Growth & Food Rework)/in_game/common/building_types/zz_pp_saltpeter_workshop.txt,2,constructor,Prosper or Perish Constructor,REPLACE,"[{""file"":""/home/jan/development/ProsperOrPerishConstructor/mod/Prosper or Perish (Population Growth & Food Rework)/in_game/common/building_types/zz_pp_saltpeter_workshop.txt"",""layer_id"":""constructor"",""layer_name"":""Prosper or Perish Constructor"",""line"":2,""mod_name"":""Prosper or Perish Constructor"",""mode"":""REPLACE""}]"
putrefaction_works,basic_industry_category,,,,,,,,unresolved,burghers,0.2,,manufactory_max_level,"[""saltpeter_workshop""]",[],"[""pp_putrefaction_works_demands""]","[[""pp_putrefaction_works_demands""]]",/home/jan/development/ProsperOrPerishConstructor/mod/Prosper or Perish (Population Growth & Food Rework)/in_game/common/building_types/zz_pp_putrefaction_works.txt,2,constructor,Prosper or Perish Constructor,REPLACE,"[{""file"":""/home/jan/development/ProsperOrPerishConstructor/mod/Prosper or Perish (Population Growth & Food Rework)/in_game/common/building_types/zz_pp_putrefaction_works.txt"",""layer_id"":""constructor"",""layer_name"":""Prosper or Perish Constructor"",""line"":2,""mod_name"":""Prosper or Perish Constructor"",""mode"":""REPLACE""}]"
putrefaction_mill,basic_industry_category,,,,,,,,unresolved,laborers,0.5,,manufactory_max_level,"[""putrefaction_works""]",[],"[""pp_putrefaction_mill_demands""]","[[""pp_putrefaction_mill_demands""]]",/home/jan/development/ProsperOrPerishConstructor/mod/Prosper or Perish (Population Growth & Food Rework)/in_game/common/building_types/zz_pp_putrefaction_mill.txt,2,constructor,Prosper or Perish Constructor,REPLACE,"[{""file"":""/home/jan/development/ProsperOrPerishConstructor/mod/Prosper or Perish (Population Growth & Food Rework)/in_game/common/building_types/zz_pp_putrefaction_mill.txt"",""layer_id"":""constructor"",""layer_name"":""Prosper or Perish Constructor"",""line"":2,""mod_name"":""Prosper or Perish Constructor"",""mode"":""REPLACE""}]"
tools_guild,basic_industry_category,,,,,,,,unresolved,burghers,0.3,,guild_max_level,[],[],"[""pp_tools_guild_metalwork_guild_maintenance"",""pp_tools_guild_stone_tools_guild_maintenance"",""pp_tools_guild_bronze_tools_guild_maintenance"",""pp_tools_guild_copper_tools_guild_maintenance""]","[[""pp_tools_guild_metalwork_guild_maintenance"",""pp_tools_guild_stone_tools_guild_maintenance"",""pp_tools_guild_bronze_tools_guild_maintenance"",""pp_tools_guild_copper_tools_guild_maintenance""]]",/home/jan/development/ProsperOrPerishConstructor/mod/Prosper or Perish (Population Growth & Food Rework)/in_game/common/building_types/zz_pp_tools_guild.txt,2,constructor,Prosper or Perish Constructor,REPLACE,"[{""file"":""/home/jan/development/ProsperOrPerishConstructor/mod/Prosper or Perish (Population Growth & Food Rework)/in_game/common/building_types/zz_pp_tools_guild.txt"",""layer_id"":""constructor"",""layer_name"":""Prosper or Perish Constructor"",""line"":2,""mod_name"":""Prosper or Perish Constructor"",""mode"":""REPLACE""}]"
tools_workshop,basic_industry_category,,,,,,,,unresolved,burghers,0.3,,workshop_max_level,"[""tools_guild""]",[],"[""pp_tools_workshop_metalwork_workshop_maintenance""]","[[""pp_tools_workshop_metalwork_workshop_maintenance""]]",/home/jan/development/ProsperOrPerishConstructor/mod/Prosper or Perish (Population Growth & Food Rework)/in_game/common/building_types/zz_pp_tools_workshop.txt,2,constructor,Prosper or Perish Constructor,REPLACE,"[{""file"":""/home/jan/development/ProsperOrPerishConstructor/mod/Prosper or Perish (Population Growth & Food Rework)/in_game/common/building_types/zz_pp_tools_workshop.txt"",""layer_id"":""constructor"",""layer_name"":""Prosper or Perish Constructor"",""line"":2,""mod_name"":""Prosper or Perish Constructor"",""mode"":""REPLACE""}]"
iron_foundry,basic_industry_category,,,,,,,,unresolved,laborers,1.0,,manufactory_max_level,"[""tools_workshop""]",[],"[""pp_iron_foundry_iron_foundry_maintenance""]","[[""pp_iron_foundry_iron_foundry_maintenance""]]",/home/jan/development/ProsperOrPerishConstructor/mod/Prosper or Perish (Population Growth & Food Rework)/in_game/common/building_types/zz_pp_iron_foundry.txt,2,constructor,Prosper or Perish Constructor,REPLACE,"[{""file"":""/home/jan/development/ProsperOrPerishConstructor/mod/Prosper or Perish (Population Growth & Food Rework)/in_game/common/building_types/zz_pp_iron_foundry.txt"",""layer_id"":""constructor"",""layer_name"":""Prosper or Perish Constructor"",""line"":2,""mod_name"":""Prosper or Perish Constructor"",""mode"":""REPLACE""}]"
iron_mill,basic_industry_category,,,,,,,,unresolved,laborers,1.0,,mills_max_level,"[""iron_foundry""]",[],"[""pp_iron_mill_iron_mill_maintenance"",""pp_iron_mill_steel_tools""]","[[""pp_iron_mill_iron_mill_maintenance"",""pp_iron_mill_steel_tools""]]",/home/jan/development/ProsperOrPerishConstructor/mod/Prosper or Perish (Population Growth & Food Rework)/in_game/common/building_types/zz_pp_iron_mill.txt,2,constructor,Prosper or Perish Constructor,REPLACE,"[{""file"":""/home/jan/development/ProsperOrPerishConstructor/mod/Prosper or Perish (Population Growth & Food Rework)/in_game/common/building_types/zz_pp_iron_mill.txt"",""layer_id"":""constructor"",""layer_name"":""Prosper or Perish Constructor"",""line"":2,""mod_name"":""Prosper or Perish Constructor"",""mode"":""REPLACE""}]"
weapon_guild,weapons_industry_category,,,,,,,,unresolved,burghers,0.3,,guild_max_level,[],[],"[""pp_weapon_guild_pre_columbian_weapon_smith_maintenance"",""pp_weapon_guild_weapon_smith_maintenance"",""pp_weapon_guild_weapon_guild_obsidian_maintenance""]","[[""pp_weapon_guild_pre_columbian_weapon_smith_maintenance"",""pp_weapon_guild_weapon_smith_maintenance"",""pp_weapon_guild_weapon_guild_obsidian_maintenance""]]",/home/jan/development/ProsperOrPerishConstructor/mod/Prosper or Perish (Population Growth & Food Rework)/in_game/common/building_types/zz_pp_weapon_guild.txt,2,constructor,Prosper or Perish Constructor,REPLACE,"[{""file"":""/home/jan/development/ProsperOrPerishConstructor/mod/Prosper or Perish (Population Growth & Food Rework)/in_game/common/building_types/zz_pp_weapon_guild.txt"",""layer_id"":""constructor"",""layer_name"":""Prosper or Perish Constructor"",""line"":2,""mod_name"":""Prosper or Perish Constructor"",""mode"":""REPLACE""}]"
weapon_workshop,weapons_industry_category,,,,,,,,unresolved,burghers,0.3,,workshop_max_level,"[""weapon_guild""]",[],"[""pp_weapon_workshop_weapon_workshop_maintenance""]","[[""pp_weapon_workshop_weapon_workshop_maintenance""]]",/home/jan/development/ProsperOrPerishConstructor/mod/Prosper or Perish (Population Growth & Food Rework)/in_game/common/building_types/zz_pp_weapon_workshop.txt,2,constructor,Prosper or Perish Constructor,REPLACE,"[{""file"":""/home/jan/development/ProsperOrPerishConstructor/mod/Prosper or Perish (Population Growth & Food Rework)/in_game/common/building_types/zz_pp_weapon_workshop.txt"",""layer_id"":""constructor"",""layer_name"":""Prosper or Perish Constructor"",""line"":2,""mod_name"":""Prosper or Perish Constructor"",""mode"":""REPLACE""}]"
weapon_manufactory,weapons_industry_category,,,,,,,,unresolved,burghers,0.3,,manufactory_max_level,"[""weapon_workshop""]",[],"[""pp_weapon_manufactory_weapon_manufactory_maintenance""]","[[""pp_weapon_manufactory_weapon_manufactory_maintenance""]]",/home/jan/development/ProsperOrPerishConstructor/mod/Prosper or Perish (Population Growth & Food Rework)/in_game/common/building_types/zz_pp_weapon_manufactory.txt,2,constructor,Prosper or Perish Constructor,REPLACE,"[{""file"":""/home/jan/development/ProsperOrPerishConstructor/mod/Prosper or Perish (Population Growth & Food Rework)/in_game/common/building_types/zz_pp_weapon_manufactory.txt"",""layer_id"":""constructor"",""layer_name"":""Prosper or Perish Constructor"",""line"":2,""mod_name"":""Prosper or Perish Constructor"",""mode"":""REPLACE""}]"
weapon_factory,weapons_industry_category,,,,,,,,unresolved,laborers,1.0,,mills_max_level,"[""weapon_manufactory""]",[],"[""pp_weapon_factory_weapon_factory_maintenance""]","[[""pp_weapon_factory_weapon_factory_maintenance""]]",/home/jan/development/ProsperOrPerishConstructor/mod/Prosper or Perish (Population Growth & Food Rework)/in_game/common/building_types/zz_pp_weapon_factory.txt,2,constructor,Prosper or Perish Constructor,REPLACE,"[{""file"":""/home/jan/development/ProsperOrPerishConstructor/mod/Prosper or Perish (Population Growth & Food Rework)/in_game/common/building_types/zz_pp_weapon_factory.txt"",""layer_id"":""constructor"",""layer_name"":""Prosper or Perish Constructor"",""line"":2,""mod_name"":""Prosper or Perish Constructor"",""mode"":""REPLACE""}]"
winery,consumer_goods_category,,,,,,,,unresolved,burghers,0.3,,guild_max_level,[],[],"[""pp_winery_fruit_winery_maintenance"",""pp_winery_rice_winery_maintenance"",""pp_winery_honey_winery_maintenance""]","[[""pp_winery_fruit_winery_maintenance"",""pp_winery_rice_winery_maintenance"",""pp_winery_honey_winery_maintenance""]]",/home/jan/development/ProsperOrPerishConstructor/mod/Prosper or Perish (Population Growth & Food Rework)/in_game/common/building_types/zz_pp_winery.txt,2,constructor,Prosper or Perish Constructor,REPLACE,"[{""file"":""/home/jan/development/ProsperOrPerishConstructor/mod/Prosper or Perish (Population Growth & Food Rework)/in_game/common/building_types/zz_pp_winery.txt"",""layer_id"":""constructor"",""layer_name"":""Prosper or Perish Constructor"",""line"":2,""mod_name"":""Prosper or Perish Constructor"",""mode"":""REPLACE""}]"
winery_manufactory,consumer_goods_category,,,,,,,,unresolved,burghers,0.3,,manufactory_max_level,"[""winery""]",[],"[""pp_winery_manufactory_fruit_winery_manufactory_maintenance"",""pp_winery_manufactory_rice_winery_manufactory_maintenance"",""pp_winery_manufactory_honey_winery_manufactory_maintenance""]","[[""pp_winery_manufactory_fruit_winery_manufactory_maintenance"",""pp_winery_manufactory_rice_winery_manufactory_maintenance"",""pp_winery_manufactory_honey_winery_manufactory_maintenance""]]",/home/jan/development/ProsperOrPerishConstructor/mod/Prosper or Perish (Population Growth & Food Rework)/in_game/common/building_types/zz_pp_winery_manufactory.txt,2,constructor,Prosper or Perish Constructor,REPLACE,"[{""file"":""/home/jan/development/ProsperOrPerishConstructor/mod/Prosper or Perish (Population Growth & Food Rework)/in_game/common/building_types/zz_pp_winery_manufactory.txt"",""layer_id"":""constructor"",""layer_name"":""Prosper or Perish Constructor"",""line"":2,""mod_name"":""Prosper or Perish Constructor"",""mode"":""REPLACE""}]"
apothecary,basic_industry_category,,,,,,,,unresolved,burghers,0.3,,guild_max_level,[],[],"[""pp_apothecary_natural_medicine_apotechary"",""pp_apothecary_ancient_medicine_apotechary""]","[[""pp_apothecary_natural_medicine_apotechary"",""pp_apothecary_ancient_medicine_apotechary""]]",/home/jan/development/ProsperOrPerishConstructor/mod/Prosper or Perish (Population Growth & Food Rework)/in_game/common/building_types/zz_pp_apothecary.txt,2,constructor,Prosper or Perish Constructor,REPLACE,"[{""file"":""/home/jan/development/ProsperOrPerishConstructor/mod/Prosper or Perish (Population Growth & Food Rework)/in_game/common/building_types/zz_pp_apothecary.txt"",""layer_id"":""constructor"",""layer_name"":""Prosper or Perish Constructor"",""line"":2,""mod_name"":""Prosper or Perish Constructor"",""mode"":""REPLACE""}]"
jewelry_guild,consumer_goods_category,,,,,,,,unresolved,burghers,0.3,,jewelry_guild_max_level,[],[],"[""pp_jewelry_guild_gold_base"",""pp_jewelry_guild_silver_base"",""pp_jewelry_guild_copper_base"",""pp_jewelry_guild_ivory_enhancement"",""pp_jewelry_guild_amber_enhancement"",""pp_jewelry_guild_gems_enhancement"",""pp_jewelry_guild_pearls_enhancement""]","[[""pp_jewelry_guild_gold_base"",""pp_jewelry_guild_silver_base"",""pp_jewelry_guild_copper_base""],[""pp_jewelry_guild_ivory_enhancement"",""pp_jewelry_guild_amber_enhancement"",""pp_jewelry_guild_gems_enhancement"",""pp_jewelry_guild_pearls_enhancement""]]",/home/jan/development/ProsperOrPerishConstructor/mod/Prosper or Perish (Population Growth & Food Rework)/in_game/common/building_types/zz_pp_jewelry_guild.txt,2,constructor,Prosper or Perish Constructor,REPLACE,"[{""file"":""/home/jan/development/ProsperOrPerishConstructor/mod/Prosper or Perish (Population Growth & Food Rework)/in_game/common/building_types/zz_pp_jewelry_guild.txt"",""layer_id"":""constructor"",""layer_name"":""Prosper or Perish Constructor"",""line"":2,""mod_name"":""Prosper or Perish Constructor"",""mode"":""REPLACE""}]"
steel_mill,basic_industry_category,,,,,,,,unresolved,laborers,1.0,,mills_max_level,[],[],"[""pp_steel_mill_steel_mill_maintenance""]","[[""pp_steel_mill_steel_mill_maintenance""]]",/home/jan/development/ProsperOrPerishConstructor/mod/Prosper or Perish (Population Growth & Food Rework)/in_game/common/building_types/zz_pp_steel_mill.txt,2,constructor,Prosper or Perish Constructor,REPLACE,"[{""file"":""/home/jan/development/ProsperOrPerishConstructor/mod/Prosper or Perish (Population Growth & Food Rework)/in_game/common/building_types/zz_pp_steel_mill.txt"",""layer_id"":""constructor"",""layer_name"":""Prosper or Perish Constructor"",""line"":2,""mod_name"":""Prosper or Perish Constructor"",""mode"":""REPLACE""}]"
perfumery,consumer_goods_category,,,,,,,,unresolved,burghers,0.2,,manufactory_max_level,[],[],"[""pp_perfumery_blended_incense""]","[[""pp_perfumery_blended_incense""]]",/home/jan/development/ProsperOrPerishConstructor/mod/Prosper or Perish (Population Growth & Food Rework)/in_game/common/building_types/zz_pp_perfumery.txt,2,constructor,Prosper or Perish Constructor,REPLACE,"[{""file"":""/home/jan/development/ProsperOrPerishConstructor/mod/Prosper or Perish (Population Growth & Food Rework)/in_game/common/building_types/zz_pp_perfumery.txt"",""layer_id"":""constructor"",""layer_name"":""Prosper or Perish Constructor"",""line"":2,""mod_name"":""Prosper or Perish Constructor"",""mode"":""REPLACE""}]"
monastery,religious_category,,,,,,,,unresolved,clergy,,large_religious_building_employment,1,[],"[""monastery_maintenance"",""hab_reformed_monastery_maintenance"",""composite_nature_maintenance"",""single_nature_maintenance"",""dual_nature_maintenance"",""separate_nature_maintenance""]",[],[],/home/jan/development/ProsperOrPerishConstructor/mod/Prosper or Perish (Population Growth & Food Rework)/in_game/common/building_types/zz_pp_monastery.txt,2,constructor,Prosper or Perish Constructor,INJECT,"[{""file"":""/mnt/c/Games/steamapps/common/Europa Universalis V/game/in_game/common/building_types/religion_buildings.txt"",""layer_id"":""vanilla"",""layer_name"":""Vanilla"",""line"":1,""mod_name"":null,""mode"":""CREATE""},{""file"":""/home/jan/development/ProsperOrPerishConstructor/mod/Prosper or Perish (Population Growth & Food Rework)/in_game/common/building_types/zz_pp_monastery.txt"",""layer_id"":""constructor"",""layer_name"":""Prosper or Perish Constructor"",""line"":2,""mod_name"":""Prosper or Perish Constructor"",""mode"":""INJECT""}]"
fortress_church,defense_category,,,,,,,,unresolved,clergy,,large_religious_building_employment,1,[],"[""fortress_church_maintenance""]",[],[],/home/jan/development/ProsperOrPerishConstructor/mod/Prosper or Perish (Population Growth & Food Rework)/in_game/common/building_types/zz_pp_fortress_church.txt,2,constructor,Prosper or Perish Constructor,INJECT,"[{""file"":""/mnt/c/Games/steamapps/common/Europa Universalis V/game/in_game/common/building_types/religion_buildings.txt"",""layer_id"":""vanilla"",""layer_name"":""Vanilla"",""line"":63,""mod_name"":null,""mode"":""CREATE""},{""file"":""/home/jan/development/ProsperOrPerishConstructor/mod/Prosper or Perish (Population Growth & Food Rework)/in_game/common/building_types/zz_pp_fortress_church.txt"",""layer_id"":""constructor"",""layer_name"":""Prosper or Perish Constructor"",""line"":2,""mod_name"":""Prosper or Perish Constructor"",""mode"":""INJECT""}]"
madrasa,religious_category,,,,,,,,unresolved,clergy,,large_religious_building_employment,1,[],[],"[""madrasa_maintenance""]","[[""madrasa_maintenance""]]",/home/jan/development/ProsperOrPerishConstructor/mod/Prosper or Perish (Population Growth & Food Rework)/in_game/common/building_types/zz_pp_madrasa.txt,2,constructor,Prosper or Perish Constructor,INJECT,"[{""file"":""/mnt/c/Games/steamapps/common/Europa Universalis V/game/in_game/common/building_types/religion_buildings.txt"",""layer_id"":""vanilla"",""layer_name"":""Vanilla"",""line"":134,""mod_name"":null,""mode"":""CREATE""},{""file"":""/home/jan/development/ProsperOrPerishConstructor/mod/Prosper or Perish (Population Growth & Food Rework)/in_game/common/building_types/zz_pp_madrasa.txt"",""layer_id"":""constructor"",""layer_name"":""Prosper or Perish Constructor"",""line"":2,""mod_name"":""Prosper or Perish Constructor"",""mode"":""INJECT""}]"
sufi_lodge,religious_category,,,,,,,,unresolved,clergy,,religious_building_employment,1,[],"[""sufi_lodge_maintenance""]",[],[],/home/jan/development/ProsperOrPerishConstructor/mod/Prosper or Perish (Population Growth & Food Rework)/in_game/common/building_types/zz_pp_sufi_lodge.txt,2,constructor,Prosper or Perish Constructor,INJECT,"[{""file"":""/mnt/c/Games/steamapps/common/Europa Universalis V/game/in_game/common/building_types/religion_buildings.txt"",""layer_id"":""vanilla"",""layer_name"":""Vanilla"",""line"":191,""mod_name"":null,""mode"":""CREATE""},{""file"":""/home/jan/development/ProsperOrPerishConstructor/mod/Prosper or Perish (Population Growth & Food Rework)/in_game/common/building_types/zz_pp_sufi_lodge.txt"",""layer_id"":""constructor"",""layer_name"":""Prosper or Perish Constructor"",""line"":2,""mod_name"":""Prosper or Perish Constructor"",""mode"":""INJECT""}]"
orthodox_monastery,religious_category,,orthodox_monastery_building,,/mnt/c/Games/steamapps/common/Europa Universalis V/game/in_game/common/prices/01_buildings.txt,orthodox_monastery_building,,/mnt/c/Games/steamapps/common/Europa Universalis V/game/in_game/common/prices/01_buildings.txt,explicit,clergy,,large_religious_building_employment,1,[],"[""monastery_maintenance"",""composite_nature_maintenance"",""single_nature_maintenance"",""dual_nature_maintenance"",""separate_nature_maintenance""]",[],[],/home/jan/development/ProsperOrPerishConstructor/mod/Prosper or Perish (Population Growth & Food Rework)/in_game/common/building_types/zz_pp_orthodox_monastery.txt,2,constructor,Prosper or Perish Constructor,INJECT,"[{""file"":""/mnt/c/Games/steamapps/common/Europa Universalis V/game/in_game/common/building_types/religion_buildings.txt"",""layer_id"":""vanilla"",""layer_name"":""Vanilla"",""line"":234,""mod_name"":null,""mode"":""CREATE""},{""file"":""/home/jan/development/ProsperOrPerishConstructor/mod/Prosper or Perish (Population Growth & Food Rework)/in_game/common/building_types/zz_pp_orthodox_monastery.txt"",""layer_id"":""constructor"",""layer_name"":""Prosper or Perish Constructor"",""line"":2,""mod_name"":""Prosper or Perish Constructor"",""mode"":""INJECT""}]"
miaphysite_monastery,religious_category,,miaphysite_monastery_building,,/mnt/c/Games/steamapps/common/Europa Universalis V/game/in_game/common/prices/01_buildings.txt,miaphysite_monastery_building,,/mnt/c/Games/steamapps/common/Europa Universalis V/game/in_game/common/prices/01_buildings.txt,explicit,clergy,,large_religious_building_employment,1,[],"[""monastery_maintenance"",""composite_nature_maintenance"",""single_nature_maintenance"",""dual_nature_maintenance"",""separate_nature_maintenance""]",[],[],/home/jan/development/ProsperOrPerishConstructor/mod/Prosper or Perish (Population Growth & Food Rework)/in_game/common/building_types/zz_pp_miaphysite_monastery.txt,2,constructor,Prosper or Perish Constructor,INJECT,"[{""file"":""/mnt/c/Games/steamapps/common/Europa Universalis V/game/in_game/common/building_types/religion_buildings.txt"",""layer_id"":""vanilla"",""layer_name"":""Vanilla"",""line"":276,""mod_name"":null,""mode"":""CREATE""},{""file"":""/home/jan/development/ProsperOrPerishConstructor/mod/Prosper or Perish (Population Growth & Food Rework)/in_game/common/building_types/zz_pp_miaphysite_monastery.txt"",""layer_id"":""constructor"",""layer_name"":""Prosper or Perish Constructor"",""line"":2,""mod_name"":""Prosper or Perish Constructor"",""mode"":""INJECT""}]"
lutheran_preachers,religious_category,,lutheran_preachers_building,,/mnt/c/Games/steamapps/common/Europa Universalis V/game/in_game/common/prices/01_buildings.txt,lutheran_preachers_building,,/mnt/c/Games/steamapps/common/Europa Universalis V/game/in_game/common/prices/01_buildings.txt,explicit,clergy,,religious_building_employment,reformation_preachers_max_level,[],"[""lutheran_preacher_maintenance""]",[],[],/home/jan/development/ProsperOrPerishConstructor/mod/Prosper or Perish (Population Growth & Food Rework)/in_game/common/building_types/zz_pp_lutheran_preachers.txt,2,constructor,Prosper or Perish Constructor,INJECT,"[{""file"":""/mnt/c/Games/steamapps/common/Europa Universalis V/game/in_game/common/building_types/situation_buildings.txt"",""layer_id"":""vanilla"",""layer_name"":""Vanilla"",""line"":1,""mod_name"":null,""mode"":""CREATE""},{""file"":""/home/jan/development/ProsperOrPerishConstructor/mod/Prosper or Perish (Population Growth & Food Rework)/in_game/common/building_types/zz_pp_lutheran_preachers.txt"",""layer_id"":""constructor"",""layer_name"":""Prosper or Perish Constructor"",""line"":2,""mod_name"":""Prosper or Perish Constructor"",""mode"":""INJECT""}]"
calvinist_preachers,religious_category,,calvinist_preachers_building,,/mnt/c/Games/steamapps/common/Europa Universalis V/game/in_game/common/prices/01_buildings.txt,calvinist_preachers_building,,/mnt/c/Games/steamapps/common/Europa Universalis V/game/in_game/common/prices/01_buildings.txt,explicit,clergy,,religious_building_employment,reformation_preachers_max_level,[],"[""lutheran_preacher_maintenance""]",[],[],/home/jan/development/ProsperOrPerishConstructor/mod/Prosper or Perish (Population Growth & Food Rework)/in_game/common/building_types/zz_pp_calvinist_preachers.txt,2,constructor,Prosper or Perish Constructor,INJECT,"[{""file"":""/mnt/c/Games/steamapps/common/Europa Universalis V/game/in_game/common/building_types/situation_buildings.txt"",""layer_id"":""vanilla"",""layer_name"":""Vanilla"",""line"":128,""mod_name"":null,""mode"":""CREATE""},{""file"":""/home/jan/development/ProsperOrPerishConstructor/mod/Prosper or Perish (Population Growth & Food Rework)/in_game/common/building_types/zz_pp_calvinist_preachers.txt"",""layer_id"":""constructor"",""layer_name"":""Prosper or Perish Constructor"",""line"":2,""mod_name"":""Prosper or Perish Constructor"",""mode"":""INJECT""}]"
temple,religious_category,,,,,,,,unresolved,clergy,,religious_building_employment,1,[],"[""temple_maintenance""]",[],[],/home/jan/development/ProsperOrPerishConstructor/mod/Prosper or Perish (Population Growth & Food Rework)/in_game/common/building_types/zz_pp_temple.txt,2,constructor,Prosper or Perish Constructor,INJECT,"[{""file"":""/mnt/c/Games/steamapps/common/Europa Universalis V/game/in_game/common/building_types/town_buildings.txt"",""layer_id"":""vanilla"",""layer_name"":""Vanilla"",""line"":1,""mod_name"":null,""mode"":""CREATE""},{""file"":""/home/jan/development/ProsperOrPerishConstructor/mod/Prosper or Perish (Population Growth & Food Rework)/in_game/common/building_types/zz_pp_temple.txt"",""layer_id"":""constructor"",""layer_name"":""Prosper or Perish Constructor"",""line"":2,""mod_name"":""Prosper or Perish Constructor"",""mode"":""INJECT""}]"
construction_center,infrastructure_category,,,,,,,,unresolved,laborers,,construction_employment,construction_center_max_level,[],[],"[""construction_center_maintenance""]","[[""construction_center_maintenance""]]",/home/jan/development/ProsperOrPerishConstructor/mod/Prosper or Perish (Population Growth & Food Rework)/in_game/common/building_types/zz_pp_construction_center.txt,2,constructor,Prosper or Perish Constructor,INJECT,"[{""file"":""/mnt/c/Games/steamapps/common/Europa Universalis V/game/in_game/common/building_types/town_buildings.txt"",""layer_id"":""vanilla"",""layer_name"":""Vanilla"",""line"":37,""mod_name"":null,""mode"":""CREATE""},{""file"":""/home/jan/development/ProsperOrPerishConstructor/mod/Prosper or Perish (Population Growth & Food Rework)/in_game/common/building_types/zz_pp_construction_center.txt"",""layer_id"":""constructor"",""layer_name"":""Prosper or Perish Constructor"",""line"":2,""mod_name"":""Prosper or Perish Constructor"",""mode"":""INJECT""}]"
counting_house,government_category,,,,,,,,unresolved,burghers,,generic_burgher_employment,1,[],[],"[""counting_house_maintenance""]","[[""counting_house_maintenance""]]",/home/jan/development/ProsperOrPerishConstructor/mod/Prosper or Perish (Population Growth & Food Rework)/in_game/common/building_types/zz_pp_counting_house.txt,2,constructor,Prosper or Perish Constructor,INJECT,"[{""file"":""/mnt/c/Games/steamapps/common/Europa Universalis V/game/in_game/common/building_types/town_buildings.txt"",""layer_id"":""vanilla"",""layer_name"":""Vanilla"",""line"":77,""mod_name"":null,""mode"":""CREATE""},{""file"":""/home/jan/development/ProsperOrPerishConstructor/mod/Prosper or Perish (Population Growth & Food Rework)/in_game/common/building_types/zz_pp_counting_house.txt"",""layer_id"":""constructor"",""layer_name"":""Prosper or Perish Constructor"",""line"":2,""mod_name"":""Prosper or Perish Constructor"",""mode"":""INJECT""}]"
minting_office,government_category,,,,,,,,unresolved,burghers,,generic_burgher_employment,1,[],"[""mint_maintenance""]",[],[],/home/jan/development/ProsperOrPerishConstructor/mod/Prosper or Perish (Population Growth & Food Rework)/in_game/common/building_types/zz_pp_minting_office.txt,2,constructor,Prosper or Perish Constructor,INJECT,"[{""file"":""/mnt/c/Games/steamapps/common/Europa Universalis V/game/in_game/common/building_types/town_buildings.txt"",""layer_id"":""vanilla"",""layer_name"":""Vanilla"",""line"":116,""mod_name"":null,""mode"":""CREATE""},{""file"":""/home/jan/development/ProsperOrPerishConstructor/mod/Prosper or Perish (Population Growth & Food Rework)/in_game/common/building_types/zz_pp_minting_office.txt"",""layer_id"":""constructor"",""layer_name"":""Prosper or Perish Constructor"",""line"":2,""mod_name"":""Prosper or Perish Constructor"",""mode"":""INJECT""}]"
granary,infrastructure_category,,,,,,,,unresolved,laborers,0.25,,pp_granary_cap,[],[],"[""pp_granary_maintenance""]","[[""pp_granary_maintenance""]]",/home/jan/development/ProsperOrPerishConstructor/mod/Prosper or Perish (Population Growth & Food Rework)/in_game/common/building_types/zz_pp_granary.txt,2,constructor,Prosper or Perish Constructor,REPLACE,"[{""file"":""/home/jan/development/ProsperOrPerishConstructor/mod/Prosper or Perish (Population Growth & Food Rework)/in_game/common/building_types/zz_pp_granary.txt"",""layer_id"":""constructor"",""layer_name"":""Prosper or Perish Constructor"",""line"":2,""mod_name"":""Prosper or Perish Constructor"",""mode"":""REPLACE""}]"
fortress_granary,defense_category,,,,,,,,unresolved,peasants,,granary_employment,1,[],[],"[""fortress_granary_maintenance"",""fortress_millet_granary_maintenance"",""fortress_rice_granary_maintenance"",""fortress_maize_granary_maintenance"",""fortress_qullqa_maintenance""]","[[""fortress_granary_maintenance"",""fortress_millet_granary_maintenance"",""fortress_rice_granary_maintenance"",""fortress_maize_granary_maintenance"",""fortress_qullqa_maintenance""]]",/home/jan/development/ProsperOrPerishConstructor/mod/Prosper or Perish (Population Growth & Food Rework)/in_game/common/building_types/zz_pp_fortress_granary.txt,2,constructor,Prosper or Perish Constructor,INJECT,"[{""file"":""/mnt/c/Games/steamapps/common/Europa Universalis V/game/in_game/common/building_types/town_buildings.txt"",""layer_id"":""vanilla"",""layer_name"":""Vanilla"",""line"":190,""mod_name"":null,""mode"":""CREATE""},{""file"":""/home/jan/development/ProsperOrPerishConstructor/mod/Prosper or Perish (Population Growth & Food Rework)/in_game/common/building_types/zz_pp_fortress_granary.txt"",""layer_id"":""constructor"",""layer_name"":""Prosper or Perish Constructor"",""line"":2,""mod_name"":""Prosper or Perish Constructor"",""mode"":""INJECT""}]"
grain_house,infrastructure_category,,,,,,,,unresolved,laborers,,granary_employment,guild_max_level,[],[],"[""pp_grain_house_maintenance""]","[[""pp_grain_house_maintenance""]]",/home/jan/development/ProsperOrPerishConstructor/mod/Prosper or Perish (Population Growth & Food Rework)/in_game/common/building_types/zz_pp_grain_house.txt,2,constructor,Prosper or Perish Constructor,REPLACE,"[{""file"":""/home/jan/development/ProsperOrPerishConstructor/mod/Prosper or Perish (Population Growth & Food Rework)/in_game/common/building_types/zz_pp_grain_house.txt"",""layer_id"":""constructor"",""layer_name"":""Prosper or Perish Constructor"",""line"":2,""mod_name"":""Prosper or Perish Constructor"",""mode"":""REPLACE""}]"
wharf,naval_category,,,,,,,,unresolved,burghers,,generic_burgher_employment,1,[],[],"[""wharf_maintenance""]","[[""wharf_maintenance""]]",/home/jan/development/ProsperOrPerishConstructor/mod/Prosper or Perish (Population Growth & Food Rework)/in_game/common/building_types/zz_pp_wharf.txt,2,constructor,Prosper or Perish Constructor,INJECT,"[{""file"":""/mnt/c/Games/steamapps/common/Europa Universalis V/game/in_game/common/building_types/town_buildings.txt"",""layer_id"":""vanilla"",""layer_name"":""Vanilla"",""line"":357,""mod_name"":null,""mode"":""CREATE""},{""file"":""/home/jan/development/ProsperOrPerishConstructor/mod/Prosper or Perish (Population Growth & Food Rework)/in_game/common/building_types/zz_pp_wharf.txt"",""layer_id"":""constructor"",""layer_name"":""Prosper or Perish Constructor"",""line"":2,""mod_name"":""Prosper or Perish Constructor"",""mode"":""INJECT""}]"
medical_school,infrastructure_category,,,,,,,,unresolved,burghers,,burghers_medical_employment,1,[],"[""temple_maintenance""]",[],[],/home/jan/development/ProsperOrPerishConstructor/mod/Prosper or Perish (Population Growth & Food Rework)/in_game/common/building_types/zz_pp_medical_school.txt,2,constructor,Prosper or Perish Constructor,INJECT,"[{""file"":""/mnt/c/Games/steamapps/common/Europa Universalis V/game/in_game/common/building_types/town_buildings.txt"",""layer_id"":""vanilla"",""layer_name"":""Vanilla"",""line"":404,""mod_name"":null,""mode"":""CREATE""},{""file"":""/home/jan/development/ProsperOrPerishConstructor/mod/Prosper or Perish (Population Growth & Food Rework)/in_game/common/building_types/zz_pp_medical_school.txt"",""layer_id"":""constructor"",""layer_name"":""Prosper or Perish Constructor"",""line"":2,""mod_name"":""Prosper or Perish Constructor"",""mode"":""INJECT""}]"
lazaretto,infrastructure_category,,,,,,,,unresolved,clergy,,clergy_medical_employment,1,[],[],"[""lazaretto_maintenance""]","[[""lazaretto_maintenance""]]",/home/jan/development/ProsperOrPerishConstructor/mod/Prosper or Perish (Population Growth & Food Rework)/in_game/common/building_types/zz_pp_lazaretto.txt,2,constructor,Prosper or Perish Constructor,INJECT,"[{""file"":""/mnt/c/Games/steamapps/common/Europa Universalis V/game/in_game/common/building_types/town_buildings.txt"",""layer_id"":""vanilla"",""layer_name"":""Vanilla"",""line"":438,""mod_name"":null,""mode"":""CREATE""},{""file"":""/home/jan/development/ProsperOrPerishConstructor/mod/Prosper or Perish (Population Growth & Food Rework)/in_game/common/building_types/zz_pp_lazaretto.txt"",""layer_id"":""constructor"",""layer_name"":""Prosper or Perish Constructor"",""line"":2,""mod_name"":""Prosper or Perish Constructor"",""mode"":""INJECT""}]"
pest_house,infrastructure_category,,,,,,,,unresolved,clergy,,clergy_medical_employment,1,[],[],"[""pest_house_maintenance""]","[[""pest_house_maintenance""]]",/home/jan/development/ProsperOrPerishConstructor/mod/Prosper or Perish (Population Growth & Food Rework)/in_game/common/building_types/zz_pp_pest_house.txt,2,constructor,Prosper or Perish Constructor,INJECT,"[{""file"":""/mnt/c/Games/steamapps/common/Europa Universalis V/game/in_game/common/building_types/town_buildings.txt"",""layer_id"":""vanilla"",""layer_name"":""Vanilla"",""line"":468,""mod_name"":null,""mode"":""CREATE""},{""file"":""/home/jan/development/ProsperOrPerishConstructor/mod/Prosper or Perish (Population Growth & Food Rework)/in_game/common/building_types/zz_pp_pest_house.txt"",""layer_id"":""constructor"",""layer_name"":""Prosper or Perish Constructor"",""line"":2,""mod_name"":""Prosper or Perish Constructor"",""mode"":""INJECT""}]"
hospital,infrastructure_category,,,,,,,,unresolved,clergy,,clergy_medical_employment,1,[],"[""hospital_maintenance""]",[],[],/home/jan/development/ProsperOrPerishConstructor/mod/Prosper or Perish (Population Growth & Food Rework)/in_game/common/building_types/zz_pp_hospital.txt,2,constructor,Prosper or Perish Constructor,INJECT,"[{""file"":""/mnt/c/Games/steamapps/common/Europa Universalis V/game/in_game/common/building_types/town_buildings.txt"",""layer_id"":""vanilla"",""layer_name"":""Vanilla"",""line"":522,""mod_name"":null,""mode"":""CREATE""},{""file"":""/home/jan/development/ProsperOrPerishConstructor/mod/Prosper or Perish (Population Growth & Food Rework)/in_game/common/building_types/zz_pp_hospital.txt"",""layer_id"":""constructor"",""layer_name"":""Prosper or Perish Constructor"",""line"":2,""mod_name"":""Prosper or Perish Constructor"",""mode"":""INJECT""}]"
slave_market,government_category,,,,,,,,unresolved,burghers,0.3,,slave_market_max_level,[],[],"[""pp_slave_market_slave_market_maintenance""]","[[""pp_slave_market_slave_market_maintenance""]]",/home/jan/development/ProsperOrPerishConstructor/mod/Prosper or Perish (Population Growth & Food Rework)/in_game/common/building_types/zz_pp_slave_market.txt,2,constructor,Prosper or Perish Constructor,REPLACE,"[{""file"":""/home/jan/development/ProsperOrPerishConstructor/mod/Prosper or Perish (Population Growth & Food Rework)/in_game/common/building_types/zz_pp_slave_market.txt"",""layer_id"":""constructor"",""layer_name"":""Prosper or Perish Constructor"",""line"":2,""mod_name"":""Prosper or Perish Constructor"",""mode"":""REPLACE""}]"
aqueduct_system,infrastructure_category,,expand_aqueduct_system,1000.0,/mnt/c/Games/steamapps/common/Europa Universalis V/game/in_game/common/prices/01_buildings.txt,expand_aqueduct_system,1000.0,/mnt/c/Games/steamapps/common/Europa Universalis V/game/in_game/common/prices/01_buildings.txt,explicit,laborers,,aqueduct_system_employment,aqueduct_system_max_level,[],"[""aqueduct_system_maintenance""]",[],[],/home/jan/development/ProsperOrPerishConstructor/mod/Prosper or Perish (Population Growth & Food Rework)/in_game/common/building_types/zz_pp_aqueduct_system.txt,2,constructor,Prosper or Perish Constructor,TRY_INJECT,"[{""file"":""/mnt/c/Games/steamapps/common/Europa Universalis V/game/in_game/common/building_types/town_buildings.txt"",""layer_id"":""vanilla"",""layer_name"":""Vanilla"",""line"":632,""mod_name"":null,""mode"":""CREATE""},{""file"":""/home/jan/development/ProsperOrPerishConstructor/mod/Prosper or Perish (Population Growth & Food Rework)/in_game/common/building_types/zz_pp_aqueduct_system.txt"",""layer_id"":""constructor"",""layer_name"":""Prosper or Perish Constructor"",""line"":2,""mod_name"":""Prosper or Perish Constructor"",""mode"":""TRY_INJECT""}]"
provincial_chancery,government_category,,,,,,,,unresolved,burghers,,generic_burgher_employment,chancery_max_level,[],"[""pp_chancery_maintenance""]",[],[],/home/jan/development/ProsperOrPerishConstructor/mod/Prosper or Perish (Population Growth & Food Rework)/in_game/common/building_types/pp_gold_to_jewelry_buildings.txt,107,constructor,Prosper or Perish Constructor,REPLACE,"[{""file"":""/home/jan/development/ProsperOrPerishConstructor/mod/Prosper or Perish (Population Growth & Food Rework)/in_game/common/building_types/pp_gold_to_jewelry_buildings.txt"",""layer_id"":""constructor"",""layer_name"":""Prosper or Perish Constructor"",""line"":107,""mod_name"":""Prosper or Perish Constructor"",""mode"":""REPLACE""}]"
marketplace,trade_category,,,,,,,,unresolved,burghers,,trade_employment,marketplace_max_level,[],[],"[""marketplace_maintenance""]","[[""marketplace_maintenance""]]",/home/jan/development/ProsperOrPerishConstructor/mod/Prosper or Perish (Population Growth & Food Rework)/in_game/common/building_types/zz_pp_marketplace.txt,2,constructor,Prosper or Perish Constructor,INJECT,"[{""file"":""/mnt/c/Games/steamapps/common/Europa Universalis V/game/in_game/common/building_types/trade_buildings.txt"",""layer_id"":""vanilla"",""layer_name"":""Vanilla"",""line"":1,""mod_name"":null,""mode"":""CREATE""},{""file"":""/home/jan/development/ProsperOrPerishConstructor/mod/Prosper or Perish (Population Growth & Food Rework)/in_game/common/building_types/zz_pp_marketplace.txt"",""layer_id"":""constructor"",""layer_name"":""Prosper or Perish Constructor"",""line"":2,""mod_name"":""Prosper or Perish Constructor"",""mode"":""INJECT""}]"
merchants_quarters,trade_category,,,,,,,,unresolved,burghers,,trade_employment,market_max_level,"[""marketplace""]",[],"[""merchants_quarters_maintenance""]","[[""merchants_quarters_maintenance""]]",/home/jan/development/ProsperOrPerishConstructor/mod/Prosper or Perish (Population Growth & Food Rework)/in_game/common/building_types/zz_pp_merchants_quarters.txt,2,constructor,Prosper or Perish Constructor,INJECT,"[{""file"":""/mnt/c/Games/steamapps/common/Europa Universalis V/game/in_game/common/building_types/trade_buildings.txt"",""layer_id"":""vanilla"",""layer_name"":""Vanilla"",""line"":43,""mod_name"":null,""mode"":""CREATE""},{""file"":""/home/jan/development/ProsperOrPerishConstructor/mod/Prosper or Perish (Population Growth & Food Rework)/in_game/common/building_types/zz_pp_merchants_quarters.txt"",""layer_id"":""constructor"",""layer_name"":""Prosper or Perish Constructor"",""line"":2,""mod_name"":""Prosper or Perish Constructor"",""mode"":""INJECT""}]"
grand_marketplace,trade_category,,,,,,,,unresolved,burghers,,trade_employment,market_max_level,"[""merchants_quarters""]",[],"[""grand_marketplace_maintenance""]","[[""grand_marketplace_maintenance""]]",/home/jan/development/ProsperOrPerishConstructor/mod/Prosper or Perish (Population Growth & Food Rework)/in_game/common/building_types/zz_pp_grand_marketplace.txt,2,constructor,Prosper or Perish Constructor,INJECT,"[{""file"":""/mnt/c/Games/steamapps/common/Europa Universalis V/game/in_game/common/building_types/trade_buildings.txt"",""layer_id"":""vanilla"",""layer_name"":""Vanilla"",""line"":88,""mod_name"":null,""mode"":""CREATE""},{""file"":""/home/jan/development/ProsperOrPerishConstructor/mod/Prosper or Perish (Population Growth & Food Rework)/in_game/common/building_types/zz_pp_grand_marketplace.txt"",""layer_id"":""constructor"",""layer_name"":""Prosper or Perish Constructor"",""line"":2,""mod_name"":""Prosper or Perish Constructor"",""mode"":""INJECT""}]"
commerce_center,trade_category,,,,,,,,unresolved,burghers,,trade_employment,market_max_level,"[""grand_marketplace""]",[],"[""commerce_center_maintenance""]","[[""commerce_center_maintenance""]]",/home/jan/development/ProsperOrPerishConstructor/mod/Prosper or Perish (Population Growth & Food Rework)/in_game/common/building_types/zz_pp_commerce_center.txt,2,constructor,Prosper or Perish Constructor,INJECT,"[{""file"":""/mnt/c/Games/steamapps/common/Europa Universalis V/game/in_game/common/building_types/trade_buildings.txt"",""layer_id"":""vanilla"",""layer_name"":""Vanilla"",""line"":132,""mod_name"":null,""mode"":""CREATE""},{""file"":""/home/jan/development/ProsperOrPerishConstructor/mod/Prosper or Perish (Population Growth & Food Rework)/in_game/common/building_types/zz_pp_commerce_center.txt"",""layer_id"":""constructor"",""layer_name"":""Prosper or Perish Constructor"",""line"":2,""mod_name"":""Prosper or Perish Constructor"",""mode"":""INJECT""}]"
port_authority,trade_category,,,,,,,,unresolved,burghers,,trade_employment,market_max_level,[],"[""port_authority_maintenance""]",[],[],/home/jan/development/ProsperOrPerishConstructor/mod/Prosper or Perish (Population Growth & Food Rework)/in_game/common/building_types/zz_pp_port_authority.txt,2,constructor,Prosper or Perish Constructor,INJECT,"[{""file"":""/mnt/c/Games/steamapps/common/Europa Universalis V/game/in_game/common/building_types/trade_buildings.txt"",""layer_id"":""vanilla"",""layer_name"":""Vanilla"",""line"":180,""mod_name"":null,""mode"":""CREATE""},{""file"":""/home/jan/development/ProsperOrPerishConstructor/mod/Prosper or Perish (Population Growth & Food Rework)/in_game/common/building_types/zz_pp_port_authority.txt"",""layer_id"":""constructor"",""layer_name"":""Prosper or Perish Constructor"",""line"":2,""mod_name"":""Prosper or Perish Constructor"",""mode"":""INJECT""}]"
trade_company_headquarters,trade_category,,,,,,,,unresolved,burghers,,huge_foreign_trade_employment,trade_company_headquarters_max_level,[],[],"[""trade_company_headquarters_requirements""]","[[""trade_company_headquarters_requirements""]]",/home/jan/development/ProsperOrPerishConstructor/mod/Prosper or Perish (Population Growth & Food Rework)/in_game/common/building_types/zz_pp_trade_company_headquarters.txt,2,constructor,Prosper or Perish Constructor,INJECT,"[{""file"":""/mnt/c/Games/steamapps/common/Europa Universalis V/game/in_game/common/building_types/trade_company_buildings.txt"",""layer_id"":""vanilla"",""layer_name"":""Vanilla"",""line"":1,""mod_name"":null,""mode"":""CREATE""},{""file"":""/home/jan/development/ProsperOrPerishConstructor/mod/Prosper or Perish (Population Growth & Food Rework)/in_game/common/building_types/zz_pp_trade_company_headquarters.txt"",""layer_id"":""constructor"",""layer_name"":""Prosper or Perish Constructor"",""line"":2,""mod_name"":""Prosper or Perish Constructor"",""mode"":""INJECT""}]"
trade_company_garrison,trade_category,,,,,,,,unresolved,burghers,,large_foreign_trade_employment,trade_company_building_max_level,[],"[""satellite_trade_building_requirements""]",[],[],/home/jan/development/ProsperOrPerishConstructor/mod/Prosper or Perish (Population Growth & Food Rework)/in_game/common/building_types/zz_pp_trade_company_garrison.txt,2,constructor,Prosper or Perish Constructor,INJECT,"[{""file"":""/mnt/c/Games/steamapps/common/Europa Universalis V/game/in_game/common/building_types/trade_company_buildings.txt"",""layer_id"":""vanilla"",""layer_name"":""Vanilla"",""line"":157,""mod_name"":null,""mode"":""CREATE""},{""file"":""/home/jan/development/ProsperOrPerishConstructor/mod/Prosper or Perish (Population Growth & Food Rework)/in_game/common/building_types/zz_pp_trade_company_garrison.txt"",""layer_id"":""constructor"",""layer_name"":""Prosper or Perish Constructor"",""line"":2,""mod_name"":""Prosper or Perish Constructor"",""mode"":""INJECT""}]"
trade_company_harbor,trade_category,,,,,,,,unresolved,burghers,,large_foreign_trade_employment,trade_company_building_max_level,[],"[""satellite_trade_building_requirements""]",[],[],/home/jan/development/ProsperOrPerishConstructor/mod/Prosper or Perish (Population Growth & Food Rework)/in_game/common/building_types/zz_pp_trade_company_harbor.txt,2,constructor,Prosper or Perish Constructor,INJECT,"[{""file"":""/mnt/c/Games/steamapps/common/Europa Universalis V/game/in_game/common/building_types/trade_company_buildings.txt"",""layer_id"":""vanilla"",""layer_name"":""Vanilla"",""line"":233,""mod_name"":null,""mode"":""CREATE""},{""file"":""/home/jan/development/ProsperOrPerishConstructor/mod/Prosper or Perish (Population Growth & Food Rework)/in_game/common/building_types/zz_pp_trade_company_harbor.txt"",""layer_id"":""constructor"",""layer_name"":""Prosper or Perish Constructor"",""line"":2,""mod_name"":""Prosper or Perish Constructor"",""mode"":""INJECT""}]"
trade_company_local_venture,trade_category,,,,,,,,unresolved,burghers,,large_foreign_trade_employment,trade_company_building_max_level,[],"[""satellite_trade_building_requirements""]",[],[],/home/jan/development/ProsperOrPerishConstructor/mod/Prosper or Perish (Population Growth & Food Rework)/in_game/common/building_types/zz_pp_trade_company_local_venture.txt,2,constructor,Prosper or Perish Constructor,INJECT,"[{""file"":""/mnt/c/Games/steamapps/common/Europa Universalis V/game/in_game/common/building_types/trade_company_buildings.txt"",""layer_id"":""vanilla"",""layer_name"":""Vanilla"",""line"":311,""mod_name"":null,""mode"":""CREATE""},{""file"":""/home/jan/development/ProsperOrPerishConstructor/mod/Prosper or Perish (Population Growth & Food Rework)/in_game/common/building_types/zz_pp_trade_company_local_venture.txt"",""layer_id"":""constructor"",""layer_name"":""Prosper or Perish Constructor"",""line"":2,""mod_name"":""Prosper or Perish Constructor"",""mode"":""INJECT""}]"
trade_company_foreign_influence,trade_category,,,,,,,,unresolved,burghers,,large_foreign_trade_employment,trade_company_building_max_level,[],"[""satellite_trade_building_requirements""]",[],[],/home/jan/development/ProsperOrPerishConstructor/mod/Prosper or Perish (Population Growth & Food Rework)/in_game/common/building_types/zz_pp_trade_company_foreign_influence.txt,2,constructor,Prosper or Perish Constructor,INJECT,"[{""file"":""/mnt/c/Games/steamapps/common/Europa Universalis V/game/in_game/common/building_types/trade_company_buildings.txt"",""layer_id"":""vanilla"",""layer_name"":""Vanilla"",""line"":386,""mod_name"":null,""mode"":""CREATE""},{""file"":""/home/jan/development/ProsperOrPerishConstructor/mod/Prosper or Perish (Population Growth & Food Rework)/in_game/common/building_types/zz_pp_trade_company_foreign_influence.txt"",""layer_id"":""constructor"",""layer_name"":""Prosper or Perish Constructor"",""line"":2,""mod_name"":""Prosper or Perish Constructor"",""mode"":""INJECT""}]"
trade_company_governance,trade_category,,,,,,,,unresolved,burghers,,large_foreign_trade_employment,trade_company_building_max_level,[],"[""satellite_trade_building_requirements""]",[],[],/home/jan/development/ProsperOrPerishConstructor/mod/Prosper or Perish (Population Growth & Food Rework)/in_game/common/building_types/zz_pp_trade_company_governance.txt,2,constructor,Prosper or Perish Constructor,INJECT,"[{""file"":""/mnt/c/Games/steamapps/common/Europa Universalis V/game/in_game/common/building_types/trade_company_buildings.txt"",""layer_id"":""vanilla"",""layer_name"":""Vanilla"",""line"":462,""mod_name"":null,""mode"":""CREATE""},{""file"":""/home/jan/development/ProsperOrPerishConstructor/mod/Prosper or Perish (Population Growth & Food Rework)/in_game/common/building_types/zz_pp_trade_company_governance.txt"",""layer_id"":""constructor"",""layer_name"":""Prosper or Perish Constructor"",""line"":2,""mod_name"":""Prosper or Perish Constructor"",""mode"":""INJECT""}]"
pounamou_carver,consumer_goods_category,,,,,,,,unresolved,burghers,0.3,,guild_max_level,[],[],"[""pp_pounamou_carver_pounamou_carver_maintenance""]","[[""pp_pounamou_carver_pounamou_carver_maintenance""]]",/home/jan/development/ProsperOrPerishConstructor/mod/Prosper or Perish (Population Growth & Food Rework)/in_game/common/building_types/zz_pp_pounamou_carver.txt,2,constructor,Prosper or Perish Constructor,REPLACE,"[{""file"":""/home/jan/development/ProsperOrPerishConstructor/mod/Prosper or Perish (Population Growth & Food Rework)/in_game/common/building_types/zz_pp_pounamou_carver.txt"",""layer_id"":""constructor"",""layer_name"":""Prosper or Perish Constructor"",""line"":2,""mod_name"":""Prosper or Perish Constructor"",""mode"":""REPLACE""}]"
bardic_school,cultural_category,,,,,,,,unresolved,burghers,,cultural_employment,1,[],"[""library_maintenance""]",[],[],/home/jan/development/ProsperOrPerishConstructor/mod/Prosper or Perish (Population Growth & Food Rework)/in_game/common/building_types/zz_pp_bardic_school.txt,2,constructor,Prosper or Perish Constructor,INJECT,"[{""file"":""/mnt/c/Games/steamapps/common/Europa Universalis V/game/in_game/common/building_types/unique_buildings.txt"",""layer_id"":""vanilla"",""layer_name"":""Vanilla"",""line"":46,""mod_name"":null,""mode"":""CREATE""},{""file"":""/home/jan/development/ProsperOrPerishConstructor/mod/Prosper or Perish (Population Growth & Food Rework)/in_game/common/building_types/zz_pp_bardic_school.txt"",""layer_id"":""constructor"",""layer_name"":""Prosper or Perish Constructor"",""line"":2,""mod_name"":""Prosper or Perish Constructor"",""mode"":""INJECT""}]"
hanseatic_kontor,trade_category,,,,,,,,unresolved,burghers,,large_foreign_trade_employment,hanseatic_kontor_max_level,[],"[""kontor_maintenance""]",[],[],/home/jan/development/ProsperOrPerishConstructor/mod/Prosper or Perish (Population Growth & Food Rework)/in_game/common/building_types/zz_pp_hanseatic_kontor.txt,2,constructor,Prosper or Perish Constructor,INJECT,"[{""file"":""/mnt/c/Games/steamapps/common/Europa Universalis V/game/in_game/common/building_types/unique_buildings.txt"",""layer_id"":""vanilla"",""layer_name"":""Vanilla"",""line"":85,""mod_name"":null,""mode"":""CREATE""},{""file"":""/home/jan/development/ProsperOrPerishConstructor/mod/Prosper or Perish (Population Growth & Food Rework)/in_game/common/building_types/zz_pp_hanseatic_kontor.txt"",""layer_id"":""constructor"",""layer_name"":""Prosper or Perish Constructor"",""line"":2,""mod_name"":""Prosper or Perish Constructor"",""mode"":""INJECT""}]"
hanseatic_shipwright_guild,military_category,,,,,,,,unresolved,laborers,,dock_employment,hanseatic_shipwright_guild_max_level,[],"[""port_building_maintenance""]",[],[],/home/jan/development/ProsperOrPerishConstructor/mod/Prosper or Perish (Population Growth & Food Rework)/in_game/common/building_types/zz_pp_hanseatic_shipwright_guild.txt,2,constructor,Prosper or Perish Constructor,INJECT,"[{""file"":""/mnt/c/Games/steamapps/common/Europa Universalis V/game/in_game/common/building_types/unique_buildings.txt"",""layer_id"":""vanilla"",""layer_name"":""Vanilla"",""line"":124,""mod_name"":null,""mode"":""CREATE""},{""file"":""/home/jan/development/ProsperOrPerishConstructor/mod/Prosper or Perish (Population Growth & Food Rework)/in_game/common/building_types/zz_pp_hanseatic_shipwright_guild.txt"",""layer_id"":""constructor"",""layer_name"":""Prosper or Perish Constructor"",""line"":2,""mod_name"":""Prosper or Perish Constructor"",""mode"":""INJECT""}]"
hanseatic_town_hall,trade_category,,,,,,,,unresolved,nobles,,normal_noble_employment,2,[],"[""hanseatic_town_hall_maintenance""]",[],[],/home/jan/development/ProsperOrPerishConstructor/mod/Prosper or Perish (Population Growth & Food Rework)/in_game/common/building_types/zz_pp_hanseatic_town_hall.txt,2,constructor,Prosper or Perish Constructor,INJECT,"[{""file"":""/mnt/c/Games/steamapps/common/Europa Universalis V/game/in_game/common/building_types/unique_buildings.txt"",""layer_id"":""vanilla"",""layer_name"":""Vanilla"",""line"":160,""mod_name"":null,""mode"":""CREATE""},{""file"":""/home/jan/development/ProsperOrPerishConstructor/mod/Prosper or Perish (Population Growth & Food Rework)/in_game/common/building_types/zz_pp_hanseatic_town_hall.txt"",""layer_id"":""constructor"",""layer_name"":""Prosper or Perish Constructor"",""line"":2,""mod_name"":""Prosper or Perish Constructor"",""mode"":""INJECT""}]"
fondaco,trade_category,,,,,,,,unresolved,burghers,,foreign_trade_employment,guild_max_level,[],"[""fondaco_maintenance""]",[],[],/home/jan/development/ProsperOrPerishConstructor/mod/Prosper or Perish (Population Growth & Food Rework)/in_game/common/building_types/zz_pp_fondaco.txt,2,constructor,Prosper or Perish Constructor,INJECT,"[{""file"":""/mnt/c/Games/steamapps/common/Europa Universalis V/game/in_game/common/building_types/unique_buildings.txt"",""layer_id"":""vanilla"",""layer_name"":""Vanilla"",""line"":211,""mod_name"":null,""mode"":""CREATE""},{""file"":""/home/jan/development/ProsperOrPerishConstructor/mod/Prosper or Perish (Population Growth & Food Rework)/in_game/common/building_types/zz_pp_fondaco.txt"",""layer_id"":""constructor"",""layer_name"":""Prosper or Perish Constructor"",""line"":2,""mod_name"":""Prosper or Perish Constructor"",""mode"":""INJECT""}]"
venetian_arsenal,military_category,,,,,,,,unresolved,soldiers,,dry_dock_employment,1,[],[],"[""venetian_arsenal_maintenance""]","[[""venetian_arsenal_maintenance""]]",/home/jan/development/ProsperOrPerishConstructor/mod/Prosper or Perish (Population Growth & Food Rework)/in_game/common/building_types/zz_pp_venetian_arsenal.txt,2,constructor,Prosper or Perish Constructor,INJECT,"[{""file"":""/mnt/c/Games/steamapps/common/Europa Universalis V/game/in_game/common/building_types/unique_buildings.txt"",""layer_id"":""vanilla"",""layer_name"":""Vanilla"",""line"":263,""mod_name"":null,""mode"":""CREATE""},{""file"":""/home/jan/development/ProsperOrPerishConstructor/mod/Prosper or Perish (Population Growth & Food Rework)/in_game/common/building_types/zz_pp_venetian_arsenal.txt"",""layer_id"":""constructor"",""layer_name"":""Prosper or Perish Constructor"",""line"":2,""mod_name"":""Prosper or Perish Constructor"",""mode"":""INJECT""}]"
kurultai,military_category,,,,,,,,unresolved,soldiers,,kurultai_employment,kurultai_max_level,[],[],"[""kurultai_maintenance""]","[[""kurultai_maintenance""]]",/home/jan/development/ProsperOrPerishConstructor/mod/Prosper or Perish (Population Growth & Food Rework)/in_game/common/building_types/zz_pp_kurultai.txt,2,constructor,Prosper or Perish Constructor,INJECT,"[{""file"":""/mnt/c/Games/steamapps/common/Europa Universalis V/game/in_game/common/building_types/unique_buildings.txt"",""layer_id"":""vanilla"",""layer_name"":""Vanilla"",""line"":311,""mod_name"":null,""mode"":""CREATE""},{""file"":""/home/jan/development/ProsperOrPerishConstructor/mod/Prosper or Perish (Population Growth & Food Rework)/in_game/common/building_types/zz_pp_kurultai.txt"",""layer_id"":""constructor"",""layer_name"":""Prosper or Perish Constructor"",""line"":2,""mod_name"":""Prosper or Perish Constructor"",""mode"":""INJECT""}]"
gallowglass_sept,military_category,,,,,,,,unresolved,soldiers,,tiny_soldier_employment,guild_max_level,[],"[""estate_building_input""]",[],[],/home/jan/development/ProsperOrPerishConstructor/mod/Prosper or Perish (Population Growth & Food Rework)/in_game/common/building_types/zz_pp_gallowglass_sept.txt,2,constructor,Prosper or Perish Constructor,INJECT,"[{""file"":""/mnt/c/Games/steamapps/common/Europa Universalis V/game/in_game/common/building_types/unique_buildings.txt"",""layer_id"":""vanilla"",""layer_name"":""Vanilla"",""line"":371,""mod_name"":null,""mode"":""CREATE""},{""file"":""/home/jan/development/ProsperOrPerishConstructor/mod/Prosper or Perish (Population Growth & Food Rework)/in_game/common/building_types/zz_pp_gallowglass_sept.txt"",""layer_id"":""constructor"",""layer_name"":""Prosper or Perish Constructor"",""line"":2,""mod_name"":""Prosper or Perish Constructor"",""mode"":""INJECT""}]"
order_stronghold,religious_category,,,,,,,,unresolved,soldiers,,order_religious_building_employment,1,[],"[""order_commandery_maintenance""]",[],[],/home/jan/development/ProsperOrPerishConstructor/mod/Prosper or Perish (Population Growth & Food Rework)/in_game/common/building_types/zz_pp_order_stronghold.txt,2,constructor,Prosper or Perish Constructor,INJECT,"[{""file"":""/mnt/c/Games/steamapps/common/Europa Universalis V/game/in_game/common/building_types/unique_buildings.txt"",""layer_id"":""vanilla"",""layer_name"":""Vanilla"",""line"":422,""mod_name"":null,""mode"":""CREATE""},{""file"":""/home/jan/development/ProsperOrPerishConstructor/mod/Prosper or Perish (Population Growth & Food Rework)/in_game/common/building_types/zz_pp_order_stronghold.txt"",""layer_id"":""constructor"",""layer_name"":""Prosper or Perish Constructor"",""line"":2,""mod_name"":""Prosper or Perish Constructor"",""mode"":""INJECT""}]"
order_commandery,religious_category,,,,,,,,unresolved,clergy,,order_religious_building_employment,1,[],"[""order_commandery_maintenance""]",[],[],/home/jan/development/ProsperOrPerishConstructor/mod/Prosper or Perish (Population Growth & Food Rework)/in_game/common/building_types/zz_pp_order_commandery.txt,2,constructor,Prosper or Perish Constructor,INJECT,"[{""file"":""/mnt/c/Games/steamapps/common/Europa Universalis V/game/in_game/common/building_types/unique_buildings.txt"",""layer_id"":""vanilla"",""layer_name"":""Vanilla"",""line"":466,""mod_name"":null,""mode"":""CREATE""},{""file"":""/home/jan/development/ProsperOrPerishConstructor/mod/Prosper or Perish (Population Growth & Food Rework)/in_game/common/building_types/zz_pp_order_commandery.txt"",""layer_id"":""constructor"",""layer_name"":""Prosper or Perish Constructor"",""line"":2,""mod_name"":""Prosper or Perish Constructor"",""mode"":""INJECT""}]"
banking_office,trade_category,,,,,,,,unresolved,burghers,,foreign_trade_employment,1,[],[],"[""bank_maintenance""]","[[""bank_maintenance""]]",/home/jan/development/ProsperOrPerishConstructor/mod/Prosper or Perish (Population Growth & Food Rework)/in_game/common/building_types/zz_pp_banking_office.txt,2,constructor,Prosper or Perish Constructor,INJECT,"[{""file"":""/mnt/c/Games/steamapps/common/Europa Universalis V/game/in_game/common/building_types/unique_buildings.txt"",""layer_id"":""vanilla"",""layer_name"":""Vanilla"",""line"":550,""mod_name"":null,""mode"":""CREATE""},{""file"":""/home/jan/development/ProsperOrPerishConstructor/mod/Prosper or Perish (Population Growth & Food Rework)/in_game/common/building_types/zz_pp_banking_office.txt"",""layer_id"":""constructor"",""layer_name"":""Prosper or Perish Constructor"",""line"":2,""mod_name"":""Prosper or Perish Constructor"",""mode"":""INJECT""}]"
tribes_of_galway,trade_category,,,,,,,,unresolved,burghers,,trade_employment,1,[],[],"[""tribes_of_galway_maintenance""]","[[""tribes_of_galway_maintenance""]]",/home/jan/development/ProsperOrPerishConstructor/mod/Prosper or Perish (Population Growth & Food Rework)/in_game/common/building_types/zz_pp_tribes_of_galway.txt,2,constructor,Prosper or Perish Constructor,INJECT,"[{""file"":""/mnt/c/Games/steamapps/common/Europa Universalis V/game/in_game/common/building_types/unique_buildings.txt"",""layer_id"":""vanilla"",""layer_name"":""Vanilla"",""line"":594,""mod_name"":null,""mode"":""CREATE""},{""file"":""/home/jan/development/ProsperOrPerishConstructor/mod/Prosper or Perish (Population Growth & Food Rework)/in_game/common/building_types/zz_pp_tribes_of_galway.txt"",""layer_id"":""constructor"",""layer_name"":""Prosper or Perish Constructor"",""line"":2,""mod_name"":""Prosper or Perish Constructor"",""mode"":""INJECT""}]"
copenhagen_dockyard,military_category,,,,,,,,unresolved,soldiers,,dock_employment,1,[],[],"[""copenhagen_dockyard_maintenance""]","[[""copenhagen_dockyard_maintenance""]]",/home/jan/development/ProsperOrPerishConstructor/mod/Prosper or Perish (Population Growth & Food Rework)/in_game/common/building_types/zz_pp_copenhagen_dockyard.txt,2,constructor,Prosper or Perish Constructor,INJECT,"[{""file"":""/mnt/c/Games/steamapps/common/Europa Universalis V/game/in_game/common/building_types/unique_buildings.txt"",""layer_id"":""vanilla"",""layer_name"":""Vanilla"",""line"":637,""mod_name"":null,""mode"":""CREATE""},{""file"":""/home/jan/development/ProsperOrPerishConstructor/mod/Prosper or Perish (Population Growth & Food Rework)/in_game/common/building_types/zz_pp_copenhagen_dockyard.txt"",""layer_id"":""constructor"",""layer_name"":""Prosper or Perish Constructor"",""line"":2,""mod_name"":""Prosper or Perish Constructor"",""mode"":""INJECT""}]"
caravanserai,trade_category,,,,,,,,unresolved,laborers,,trade_employment,1,[],[],"[""caravanserai_maintenance""]","[[""caravanserai_maintenance""]]",/home/jan/development/ProsperOrPerishConstructor/mod/Prosper or Perish (Population Growth & Food Rework)/in_game/common/building_types/zz_pp_caravanserai.txt,2,constructor,Prosper or Perish Constructor,INJECT,"[{""file"":""/mnt/c/Games/steamapps/common/Europa Universalis V/game/in_game/common/building_types/unique_buildings.txt"",""layer_id"":""vanilla"",""layer_name"":""Vanilla"",""line"":685,""mod_name"":null,""mode"":""CREATE""},{""file"":""/home/jan/development/ProsperOrPerishConstructor/mod/Prosper or Perish (Population Growth & Food Rework)/in_game/common/building_types/zz_pp_caravanserai.txt"",""layer_id"":""constructor"",""layer_name"":""Prosper or Perish Constructor"",""line"":2,""mod_name"":""Prosper or Perish Constructor"",""mode"":""INJECT""}]"
caravan_stop,trade_category,,,,,,,,unresolved,laborers,,trade_employment,1,[],[],"[""pp_caravan_stop_maintenance""]","[[""pp_caravan_stop_maintenance""]]",/home/jan/development/ProsperOrPerishConstructor/mod/Prosper or Perish (Population Growth & Food Rework)/in_game/common/building_types/pp_gold_to_jewelry_buildings.txt,534,constructor,Prosper or Perish Constructor,REPLACE,"[{""file"":""/home/jan/development/ProsperOrPerishConstructor/mod/Prosper or Perish (Population Growth & Food Rework)/in_game/common/building_types/pp_gold_to_jewelry_buildings.txt"",""layer_id"":""constructor"",""layer_name"":""Prosper or Perish Constructor"",""line"":534,""mod_name"":""Prosper or Perish Constructor"",""mode"":""REPLACE""}]"
cinque_port,military_category,,,,,,,,unresolved,burghers,,military_support_employment,1,[],"[""estate_building_input""]",[],[],/home/jan/development/ProsperOrPerishConstructor/mod/Prosper or Perish (Population Growth & Food Rework)/in_game/common/building_types/zz_pp_cinque_port.txt,2,constructor,Prosper or Perish Constructor,INJECT,"[{""file"":""/mnt/c/Games/steamapps/common/Europa Universalis V/game/in_game/common/building_types/unique_buildings.txt"",""layer_id"":""vanilla"",""layer_name"":""Vanilla"",""line"":791,""mod_name"":null,""mode"":""CREATE""},{""file"":""/home/jan/development/ProsperOrPerishConstructor/mod/Prosper or Perish (Population Growth & Food Rework)/in_game/common/building_types/zz_pp_cinque_port.txt"",""layer_id"":""constructor"",""layer_name"":""Prosper or Perish Constructor"",""line"":2,""mod_name"":""Prosper or Perish Constructor"",""mode"":""INJECT""}]"
eng_royal_forest,government_category,,,,,,,,unresolved,peasants,1.0,,1,[],[],"[""pp_eng_royal_forest_eng_royal_forest_maintenance""]","[[""pp_eng_royal_forest_eng_royal_forest_maintenance""]]",/home/jan/development/ProsperOrPerishConstructor/mod/Prosper or Perish (Population Growth & Food Rework)/in_game/common/building_types/zz_pp_eng_royal_forest.txt,2,constructor,Prosper or Perish Constructor,REPLACE,"[{""file"":""/home/jan/development/ProsperOrPerishConstructor/mod/Prosper or Perish (Population Growth & Food Rework)/in_game/common/building_types/zz_pp_eng_royal_forest.txt"",""layer_id"":""constructor"",""layer_name"":""Prosper or Perish Constructor"",""line"":2,""mod_name"":""Prosper or Perish Constructor"",""mode"":""REPLACE""}]"
seat_of_cardinal,religious_category,,,,,,,,unresolved,clergy,,religious_building_employment,1,[],"[""cardinal_maintenance""]",[],[],/home/jan/development/ProsperOrPerishConstructor/mod/Prosper or Perish (Population Growth & Food Rework)/in_game/common/building_types/zz_pp_seat_of_cardinal.txt,2,constructor,Prosper or Perish Constructor,INJECT,"[{""file"":""/mnt/c/Games/steamapps/common/Europa Universalis V/game/in_game/common/building_types/unique_buildings.txt"",""layer_id"":""vanilla"",""layer_name"":""Vanilla"",""line"":895,""mod_name"":null,""mode"":""CREATE""},{""file"":""/home/jan/development/ProsperOrPerishConstructor/mod/Prosper or Perish (Population Growth & Food Rework)/in_game/common/building_types/zz_pp_seat_of_cardinal.txt"",""layer_id"":""constructor"",""layer_name"":""Prosper or Perish Constructor"",""line"":2,""mod_name"":""Prosper or Perish Constructor"",""mode"":""INJECT""}]"
north_sea_shipyards,military_category,,,,,,,,unresolved,soldiers,,shipyard_employment,1,[],[],"[""north_sea_shipyards_maintenance""]","[[""north_sea_shipyards_maintenance""]]",/home/jan/development/ProsperOrPerishConstructor/mod/Prosper or Perish (Population Growth & Food Rework)/in_game/common/building_types/zz_pp_north_sea_shipyards.txt,2,constructor,Prosper or Perish Constructor,INJECT,"[{""file"":""/mnt/c/Games/steamapps/common/Europa Universalis V/game/in_game/common/building_types/unique_buildings.txt"",""layer_id"":""vanilla"",""layer_name"":""Vanilla"",""line"":954,""mod_name"":null,""mode"":""CREATE""},{""file"":""/home/jan/development/ProsperOrPerishConstructor/mod/Prosper or Perish (Population Growth & Food Rework)/in_game/common/building_types/zz_pp_north_sea_shipyards.txt"",""layer_id"":""constructor"",""layer_name"":""Prosper or Perish Constructor"",""line"":2,""mod_name"":""Prosper or Perish Constructor"",""mode"":""INJECT""}]"
galley_barracks,military_category,,,,,,,,unresolved,slaves,,galley_barracks,5,[],"[""galley_barracks_maintenance""]",[],[],/home/jan/development/ProsperOrPerishConstructor/mod/Prosper or Perish (Population Growth & Food Rework)/in_game/common/building_types/zz_pp_galley_barracks.txt,2,constructor,Prosper or Perish Constructor,INJECT,"[{""file"":""/mnt/c/Games/steamapps/common/Europa Universalis V/game/in_game/common/building_types/unique_buildings.txt"",""layer_id"":""vanilla"",""layer_name"":""Vanilla"",""line"":1002,""mod_name"":null,""mode"":""CREATE""},{""file"":""/home/jan/development/ProsperOrPerishConstructor/mod/Prosper or Perish (Population Growth & Food Rework)/in_game/common/building_types/zz_pp_galley_barracks.txt"",""layer_id"":""constructor"",""layer_name"":""Prosper or Perish Constructor"",""line"":2,""mod_name"":""Prosper or Perish Constructor"",""mode"":""INJECT""}]"
janissary_barracks,military_category,,,,,,,,unresolved,slaves,,slave_soldier_barracks,janissary_barracks_size,[],"[""janissary_barracks_maintenance""]",[],[],/home/jan/development/ProsperOrPerishConstructor/mod/Prosper or Perish (Population Growth & Food Rework)/in_game/common/building_types/zz_pp_janissary_barracks.txt,2,constructor,Prosper or Perish Constructor,INJECT,"[{""file"":""/mnt/c/Games/steamapps/common/Europa Universalis V/game/in_game/common/building_types/unique_buildings.txt"",""layer_id"":""vanilla"",""layer_name"":""Vanilla"",""line"":1040,""mod_name"":null,""mode"":""CREATE""},{""file"":""/home/jan/development/ProsperOrPerishConstructor/mod/Prosper or Perish (Population Growth & Food Rework)/in_game/common/building_types/zz_pp_janissary_barracks.txt"",""layer_id"":""constructor"",""layer_name"":""Prosper or Perish Constructor"",""line"":2,""mod_name"":""Prosper or Perish Constructor"",""mode"":""INJECT""}]"
safaviyya_order_hall,military_category,,,,,,,,unresolved,tribesmen,,generic_tribesmen_employment,2,[],"[""safaviyya_order_hall_maintenance""]",[],[],/home/jan/development/ProsperOrPerishConstructor/mod/Prosper or Perish (Population Growth & Food Rework)/in_game/common/building_types/zz_pp_safaviyya_order_hall.txt,2,constructor,Prosper or Perish Constructor,INJECT,"[{""file"":""/mnt/c/Games/steamapps/common/Europa Universalis V/game/in_game/common/building_types/unique_buildings.txt"",""layer_id"":""vanilla"",""layer_name"":""Vanilla"",""line"":1073,""mod_name"":null,""mode"":""CREATE""},{""file"":""/home/jan/development/ProsperOrPerishConstructor/mod/Prosper or Perish (Population Growth & Food Rework)/in_game/common/building_types/zz_pp_safaviyya_order_hall.txt"",""layer_id"":""constructor"",""layer_name"":""Prosper or Perish Constructor"",""line"":2,""mod_name"":""Prosper or Perish Constructor"",""mode"":""INJECT""}]"
warrior_lodge,military_category,,,,,,,,unresolved,tribesmen,,generic_tribesmen_employment,1,[],"[""early_soldier_building_maintenance""]",[],[],/home/jan/development/ProsperOrPerishConstructor/mod/Prosper or Perish (Population Growth & Food Rework)/in_game/common/building_types/zz_pp_warrior_lodge.txt,2,constructor,Prosper or Perish Constructor,INJECT,"[{""file"":""/mnt/c/Games/steamapps/common/Europa Universalis V/game/in_game/common/building_types/unique_buildings.txt"",""layer_id"":""vanilla"",""layer_name"":""Vanilla"",""line"":1102,""mod_name"":null,""mode"":""CREATE""},{""file"":""/home/jan/development/ProsperOrPerishConstructor/mod/Prosper or Perish (Population Growth & Food Rework)/in_game/common/building_types/zz_pp_warrior_lodge.txt"",""layer_id"":""constructor"",""layer_name"":""Prosper or Perish Constructor"",""line"":2,""mod_name"":""Prosper or Perish Constructor"",""mode"":""INJECT""}]"
ghilman_barracks,military_category,,,,,,,,unresolved,slaves,,slave_soldier_barracks,1,[],"[""ghilman_barracks_maintenance""]",[],[],/home/jan/development/ProsperOrPerishConstructor/mod/Prosper or Perish (Population Growth & Food Rework)/in_game/common/building_types/zz_pp_ghilman_barracks.txt,2,constructor,Prosper or Perish Constructor,INJECT,"[{""file"":""/mnt/c/Games/steamapps/common/Europa Universalis V/game/in_game/common/building_types/unique_buildings.txt"",""layer_id"":""vanilla"",""layer_name"":""Vanilla"",""line"":1141,""mod_name"":null,""mode"":""CREATE""},{""file"":""/home/jan/development/ProsperOrPerishConstructor/mod/Prosper or Perish (Population Growth & Food Rework)/in_game/common/building_types/zz_pp_ghilman_barracks.txt"",""layer_id"":""constructor"",""layer_name"":""Prosper or Perish Constructor"",""line"":2,""mod_name"":""Prosper or Perish Constructor"",""mode"":""INJECT""}]"
stannary_court,government_category,,,,,,,,unresolved,laborers,,small_peasant_employment,1,[],"[""estate_building_input""]",[],[],/home/jan/development/ProsperOrPerishConstructor/mod/Prosper or Perish (Population Growth & Food Rework)/in_game/common/building_types/zz_pp_stannary_court.txt,2,constructor,Prosper or Perish Constructor,INJECT,"[{""file"":""/mnt/c/Games/steamapps/common/Europa Universalis V/game/in_game/common/building_types/unique_buildings.txt"",""layer_id"":""vanilla"",""layer_name"":""Vanilla"",""line"":1165,""mod_name"":null,""mode"":""CREATE""},{""file"":""/home/jan/development/ProsperOrPerishConstructor/mod/Prosper or Perish (Population Growth & Food Rework)/in_game/common/building_types/zz_pp_stannary_court.txt"",""layer_id"":""constructor"",""layer_name"":""Prosper or Perish Constructor"",""line"":2,""mod_name"":""Prosper or Perish Constructor"",""mode"":""INJECT""}]"
lieutenancy,government_category,,,,,,,,unresolved,nobles,,normal_noble_employment,1,[],[],"[""lieutenancy_maintenance""]","[[""lieutenancy_maintenance""]]",/home/jan/development/ProsperOrPerishConstructor/mod/Prosper or Perish (Population Growth & Food Rework)/in_game/common/building_types/zz_pp_lieutenancy.txt,2,constructor,Prosper or Perish Constructor,INJECT,"[{""file"":""/mnt/c/Games/steamapps/common/Europa Universalis V/game/in_game/common/building_types/unique_buildings.txt"",""layer_id"":""vanilla"",""layer_name"":""Vanilla"",""line"":1224,""mod_name"":null,""mode"":""CREATE""},{""file"":""/home/jan/development/ProsperOrPerishConstructor/mod/Prosper or Perish (Population Growth & Food Rework)/in_game/common/building_types/zz_pp_lieutenancy.txt"",""layer_id"":""constructor"",""layer_name"":""Prosper or Perish Constructor"",""line"":2,""mod_name"":""Prosper or Perish Constructor"",""mode"":""INJECT""}]"
barcelona_royal_shipyard,military_category,,,,,,,,unresolved,soldiers,,dry_dock_employment,1,[],[],"[""barcelona_royal_shipyard""]","[[""barcelona_royal_shipyard""]]",/home/jan/development/ProsperOrPerishConstructor/mod/Prosper or Perish (Population Growth & Food Rework)/in_game/common/building_types/zz_pp_barcelona_royal_shipyard.txt,2,constructor,Prosper or Perish Constructor,INJECT,"[{""file"":""/mnt/c/Games/steamapps/common/Europa Universalis V/game/in_game/common/building_types/unique_buildings.txt"",""layer_id"":""vanilla"",""layer_name"":""Vanilla"",""line"":1304,""mod_name"":null,""mode"":""CREATE""},{""file"":""/home/jan/development/ProsperOrPerishConstructor/mod/Prosper or Perish (Population Growth & Food Rework)/in_game/common/building_types/zz_pp_barcelona_royal_shipyard.txt"",""layer_id"":""constructor"",""layer_name"":""Prosper or Perish Constructor"",""line"":2,""mod_name"":""Prosper or Perish Constructor"",""mode"":""INJECT""}]"
uffizi,government_category,,,,,,,,unresolved,nobles,,huge_noble_employment,1,[],"[""early_capital_building_maintenance"",""early_capital_building_silver_maintenance""]",[],[],/home/jan/development/ProsperOrPerishConstructor/mod/Prosper or Perish (Population Growth & Food Rework)/in_game/common/building_types/zz_pp_uffizi.txt,2,constructor,Prosper or Perish Constructor,INJECT,"[{""file"":""/mnt/c/Games/steamapps/common/Europa Universalis V/game/in_game/common/building_types/unique_buildings.txt"",""layer_id"":""vanilla"",""layer_name"":""Vanilla"",""line"":1354,""mod_name"":null,""mode"":""CREATE""},{""file"":""/home/jan/development/ProsperOrPerishConstructor/mod/Prosper or Perish (Population Growth & Food Rework)/in_game/common/building_types/zz_pp_uffizi.txt"",""layer_id"":""constructor"",""layer_name"":""Prosper or Perish Constructor"",""line"":2,""mod_name"":""Prosper or Perish Constructor"",""mode"":""INJECT""}]"
ostrog,defense_category,,,,,,,,unresolved,soldiers,,castle_employment,1,[],[],"[""ostrog_maintenance""]","[[""ostrog_maintenance""]]",/home/jan/development/ProsperOrPerishConstructor/mod/Prosper or Perish (Population Growth & Food Rework)/in_game/common/building_types/zz_pp_ostrog.txt,2,constructor,Prosper or Perish Constructor,INJECT,"[{""file"":""/mnt/c/Games/steamapps/common/Europa Universalis V/game/in_game/common/building_types/unique_buildings.txt"",""layer_id"":""vanilla"",""layer_name"":""Vanilla"",""line"":1390,""mod_name"":null,""mode"":""CREATE""},{""file"":""/home/jan/development/ProsperOrPerishConstructor/mod/Prosper or Perish (Population Growth & Food Rework)/in_game/common/building_types/zz_pp_ostrog.txt"",""layer_id"":""constructor"",""layer_name"":""Prosper or Perish Constructor"",""line"":2,""mod_name"":""Prosper or Perish Constructor"",""mode"":""INJECT""}]"
pomor_outpost,consumer_goods_category,,,,,,,,unresolved,laborers,,tiny_rural_peasant_enhance_employment,rural_building_cap,[],[],"[""pomor_outpost_maintenance""]","[[""pomor_outpost_maintenance""]]",/home/jan/development/ProsperOrPerishConstructor/mod/Prosper or Perish (Population Growth & Food Rework)/in_game/common/building_types/zz_pp_pomor_outpost.txt,2,constructor,Prosper or Perish Constructor,INJECT,"[{""file"":""/mnt/c/Games/steamapps/common/Europa Universalis V/game/in_game/common/building_types/unique_buildings.txt"",""layer_id"":""vanilla"",""layer_name"":""Vanilla"",""line"":1441,""mod_name"":null,""mode"":""CREATE""},{""file"":""/home/jan/development/ProsperOrPerishConstructor/mod/Prosper or Perish (Population Growth & Food Rework)/in_game/common/building_types/zz_pp_pomor_outpost.txt"",""layer_id"":""constructor"",""layer_name"":""Prosper or Perish Constructor"",""line"":2,""mod_name"":""Prosper or Perish Constructor"",""mode"":""INJECT""}]"
brethren_marsh,naval_category,,,,,,,,unresolved,soldiers,,dock_employment,1,[],[],"[""brethren_marsh_maintenance""]","[[""brethren_marsh_maintenance""]]",/home/jan/development/ProsperOrPerishConstructor/mod/Prosper or Perish (Population Growth & Food Rework)/in_game/common/building_types/zz_pp_brethren_marsh.txt,2,constructor,Prosper or Perish Constructor,INJECT,"[{""file"":""/mnt/c/Games/steamapps/common/Europa Universalis V/game/in_game/common/building_types/unique_buildings.txt"",""layer_id"":""vanilla"",""layer_name"":""Vanilla"",""line"":1492,""mod_name"":null,""mode"":""CREATE""},{""file"":""/home/jan/development/ProsperOrPerishConstructor/mod/Prosper or Perish (Population Growth & Food Rework)/in_game/common/building_types/zz_pp_brethren_marsh.txt"",""layer_id"":""constructor"",""layer_name"":""Prosper or Perish Constructor"",""line"":2,""mod_name"":""Prosper or Perish Constructor"",""mode"":""INJECT""}]"
sofa_barracks,military_category,,,,,,,,unresolved,soldiers,,slave_soldier_barracks,1,[],"[""early_soldier_building_maintenance""]",[],[],/home/jan/development/ProsperOrPerishConstructor/mod/Prosper or Perish (Population Growth & Food Rework)/in_game/common/building_types/zz_pp_sofa_barracks.txt,2,constructor,Prosper or Perish Constructor,INJECT,"[{""file"":""/mnt/c/Games/steamapps/common/Europa Universalis V/game/in_game/common/building_types/unique_buildings.txt"",""layer_id"":""vanilla"",""layer_name"":""Vanilla"",""line"":1554,""mod_name"":null,""mode"":""CREATE""},{""file"":""/home/jan/development/ProsperOrPerishConstructor/mod/Prosper or Perish (Population Growth & Food Rework)/in_game/common/building_types/zz_pp_sofa_barracks.txt"",""layer_id"":""constructor"",""layer_name"":""Prosper or Perish Constructor"",""line"":2,""mod_name"":""Prosper or Perish Constructor"",""mode"":""INJECT""}]"
cawa_barracks,military_category,,,,,,,,unresolved,soldiers,,manpower_employment,janissary_barracks_size,[],"[""cawa_barracks_maintenance""]",[],[],/home/jan/development/ProsperOrPerishConstructor/mod/Prosper or Perish (Population Growth & Food Rework)/in_game/common/building_types/zz_pp_cawa_barracks.txt,2,constructor,Prosper or Perish Constructor,INJECT,"[{""file"":""/mnt/c/Games/steamapps/common/Europa Universalis V/game/in_game/common/building_types/unique_buildings.txt"",""layer_id"":""vanilla"",""layer_name"":""Vanilla"",""line"":1588,""mod_name"":null,""mode"":""CREATE""},{""file"":""/home/jan/development/ProsperOrPerishConstructor/mod/Prosper or Perish (Population Growth & Food Rework)/in_game/common/building_types/zz_pp_cawa_barracks.txt"",""layer_id"":""constructor"",""layer_name"":""Prosper or Perish Constructor"",""line"":2,""mod_name"":""Prosper or Perish Constructor"",""mode"":""INJECT""}]"
kings_manor,government_category,,,,,,,,unresolved,nobles,,large_noble_employment,1,[],[],"[""kings_manor_maintenance""]","[[""kings_manor_maintenance""]]",/home/jan/development/ProsperOrPerishConstructor/mod/Prosper or Perish (Population Growth & Food Rework)/in_game/common/building_types/zz_pp_kings_manor.txt,2,constructor,Prosper or Perish Constructor,INJECT,"[{""file"":""/mnt/c/Games/steamapps/common/Europa Universalis V/game/in_game/common/building_types/unique_buildings.txt"",""layer_id"":""vanilla"",""layer_name"":""Vanilla"",""line"":1620,""mod_name"":null,""mode"":""CREATE""},{""file"":""/home/jan/development/ProsperOrPerishConstructor/mod/Prosper or Perish (Population Growth & Food Rework)/in_game/common/building_types/zz_pp_kings_manor.txt"",""layer_id"":""constructor"",""layer_name"":""Prosper or Perish Constructor"",""line"":2,""mod_name"":""Prosper or Perish Constructor"",""mode"":""INJECT""}]"
polders,infrastructure_category,,pp_polders_price,50.0,/home/jan/development/ProsperOrPerishConstructor/mod/Prosper or Perish (Population Growth & Food Rework)/in_game/common/prices/pp_polders.txt,pp_polders_price,50.0,/home/jan/development/ProsperOrPerishConstructor/mod/Prosper or Perish (Population Growth & Food Rework)/in_game/common/prices/pp_polders.txt,explicit,laborers,0.0,,pp_wb_cap_polders,[],[],[],[],/home/jan/development/ProsperOrPerishConstructor/mod/Prosper or Perish (Population Growth & Food Rework)/in_game/common/building_types/zz_pp_polders.txt,2,constructor,Prosper or Perish Constructor,REPLACE,"[{""file"":""/home/jan/development/ProsperOrPerishConstructor/mod/Prosper or Perish (Population Growth & Food Rework)/in_game/common/building_types/zz_pp_polders.txt"",""layer_id"":""constructor"",""layer_name"":""Prosper or Perish Constructor"",""line"":2,""mod_name"":""Prosper or Perish Constructor"",""mode"":""REPLACE""}]"
telpochcalli,military_category,,,,,,,,unresolved,soldiers,,telpochcalli_employment,1,[],"[""nahuatl_warrior_building_maintenance""]",[],[],/home/jan/development/ProsperOrPerishConstructor/mod/Prosper or Perish (Population Growth & Food Rework)/in_game/common/building_types/zz_pp_telpochcalli.txt,2,constructor,Prosper or Perish Constructor,INJECT,"[{""file"":""/mnt/c/Games/steamapps/common/Europa Universalis V/game/in_game/common/building_types/unique_buildings.txt"",""layer_id"":""vanilla"",""layer_name"":""Vanilla"",""line"":1727,""mod_name"":null,""mode"":""CREATE""},{""file"":""/home/jan/development/ProsperOrPerishConstructor/mod/Prosper or Perish (Population Growth & Food Rework)/in_game/common/building_types/zz_pp_telpochcalli.txt"",""layer_id"":""constructor"",""layer_name"":""Prosper or Perish Constructor"",""line"":2,""mod_name"":""Prosper or Perish Constructor"",""mode"":""INJECT""}]"
calmecac,government_category,,,,,,,,unresolved,clergy,,large_religious_building_employment,1,[],"[""nahuatl_warrior_building_maintenance""]",[],[],/home/jan/development/ProsperOrPerishConstructor/mod/Prosper or Perish (Population Growth & Food Rework)/in_game/common/building_types/zz_pp_calmecac.txt,2,constructor,Prosper or Perish Constructor,INJECT,"[{""file"":""/mnt/c/Games/steamapps/common/Europa Universalis V/game/in_game/common/building_types/unique_buildings.txt"",""layer_id"":""vanilla"",""layer_name"":""Vanilla"",""line"":1767,""mod_name"":null,""mode"":""CREATE""},{""file"":""/home/jan/development/ProsperOrPerishConstructor/mod/Prosper or Perish (Population Growth & Food Rework)/in_game/common/building_types/zz_pp_calmecac.txt"",""layer_id"":""constructor"",""layer_name"":""Prosper or Perish Constructor"",""line"":2,""mod_name"":""Prosper or Perish Constructor"",""mode"":""INJECT""}]"
panaqa_building,government_category,,,,,,,,unresolved,peasants,,small_peasant_employment,1,[],"[""panaqa_building_input""]",[],[],/home/jan/development/ProsperOrPerishConstructor/mod/Prosper or Perish (Population Growth & Food Rework)/in_game/common/building_types/zz_pp_panaqa_building.txt,2,constructor,Prosper or Perish Constructor,INJECT,"[{""file"":""/mnt/c/Games/steamapps/common/Europa Universalis V/game/in_game/common/building_types/unique_buildings.txt"",""layer_id"":""vanilla"",""layer_name"":""Vanilla"",""line"":1808,""mod_name"":null,""mode"":""CREATE""},{""file"":""/home/jan/development/ProsperOrPerishConstructor/mod/Prosper or Perish (Population Growth & Food Rework)/in_game/common/building_types/zz_pp_panaqa_building.txt"",""layer_id"":""constructor"",""layer_name"":""Prosper or Perish Constructor"",""line"":2,""mod_name"":""Prosper or Perish Constructor"",""mode"":""INJECT""}]"
pukara_building,defense_category,,,,,,,,unresolved,soldiers,,small_peasant_employment,1,[],[],"[""pukara_maintenance""]","[[""pukara_maintenance""]]",/home/jan/development/ProsperOrPerishConstructor/mod/Prosper or Perish (Population Growth & Food Rework)/in_game/common/building_types/zz_pp_pukara_building.txt,2,constructor,Prosper or Perish Constructor,INJECT,"[{""file"":""/mnt/c/Games/steamapps/common/Europa Universalis V/game/in_game/common/building_types/unique_buildings.txt"",""layer_id"":""vanilla"",""layer_name"":""Vanilla"",""line"":1850,""mod_name"":null,""mode"":""CREATE""},{""file"":""/home/jan/development/ProsperOrPerishConstructor/mod/Prosper or Perish (Population Growth & Food Rework)/in_game/common/building_types/zz_pp_pukara_building.txt"",""layer_id"":""constructor"",""layer_name"":""Prosper or Perish Constructor"",""line"":2,""mod_name"":""Prosper or Perish Constructor"",""mode"":""INJECT""}]"
terraces,infrastructure_category,,pp_terraces_price,100.0,/home/jan/development/ProsperOrPerishConstructor/mod/Prosper or Perish (Population Growth & Food Rework)/in_game/common/prices/pp_terraces.txt,pp_terraces_price,100.0,/home/jan/development/ProsperOrPerishConstructor/mod/Prosper or Perish (Population Growth & Food Rework)/in_game/common/prices/pp_terraces.txt,explicit,laborers,,granary_employment,1,[],[],"[""terraces_maintenance""]","[[""terraces_maintenance""]]",/home/jan/development/ProsperOrPerishConstructor/mod/Prosper or Perish (Population Growth & Food Rework)/in_game/common/building_types/zz_pp_terraces.txt,2,constructor,Prosper or Perish Constructor,TRY_INJECT,"[{""file"":""/mnt/c/Games/steamapps/common/Europa Universalis V/game/in_game/common/building_types/unique_buildings.txt"",""layer_id"":""vanilla"",""layer_name"":""Vanilla"",""line"":1895,""mod_name"":null,""mode"":""CREATE""},{""file"":""/home/jan/development/ProsperOrPerishConstructor/mod/Prosper or Perish (Population Growth & Food Rework)/in_game/common/building_types/zz_pp_terraces.txt"",""layer_id"":""constructor"",""layer_name"":""Prosper or Perish Constructor"",""line"":2,""mod_name"":""Prosper or Perish Constructor"",""mode"":""TRY_INJECT""}]"
tambo,infrastructure_category,,,,,,,,unresolved,soldiers,,tiny_rural_peasant_produce_employment,1,[],[],"[""tambo_maintenance""]","[[""tambo_maintenance""]]",/home/jan/development/ProsperOrPerishConstructor/mod/Prosper or Perish (Population Growth & Food Rework)/in_game/common/building_types/zz_pp_tambo.txt,2,constructor,Prosper or Perish Constructor,INJECT,"[{""file"":""/mnt/c/Games/steamapps/common/Europa Universalis V/game/in_game/common/building_types/unique_buildings.txt"",""layer_id"":""vanilla"",""layer_name"":""Vanilla"",""line"":1935,""mod_name"":null,""mode"":""CREATE""},{""file"":""/home/jan/development/ProsperOrPerishConstructor/mod/Prosper or Perish (Population Growth & Food Rework)/in_game/common/building_types/zz_pp_tambo.txt"",""layer_id"":""constructor"",""layer_name"":""Prosper or Perish Constructor"",""line"":2,""mod_name"":""Prosper or Perish Constructor"",""mode"":""INJECT""}]"
incamisana,infrastructure_category,,pp_incamisana_price,50.0,/home/jan/development/ProsperOrPerishConstructor/mod/Prosper or Perish (Population Growth & Food Rework)/in_game/common/prices/pp_incamisana.txt,pp_incamisana_price,50.0,/home/jan/development/ProsperOrPerishConstructor/mod/Prosper or Perish (Population Growth & Food Rework)/in_game/common/prices/pp_incamisana.txt,explicit,clergy,0.0,,pp_wb_cap_incamisana,[],[],[],[],/home/jan/development/ProsperOrPerishConstructor/mod/Prosper or Perish (Population Growth & Food Rework)/in_game/common/building_types/zz_pp_incamisana.txt,2,constructor,Prosper or Perish Constructor,REPLACE,"[{""file"":""/home/jan/development/ProsperOrPerishConstructor/mod/Prosper or Perish (Population Growth & Food Rework)/in_game/common/building_types/zz_pp_incamisana.txt"",""layer_id"":""constructor"",""layer_name"":""Prosper or Perish Constructor"",""line"":2,""mod_name"":""Prosper or Perish Constructor"",""mode"":""REPLACE""}]"
royal_society,government_category,,,,,,,,unresolved,nobles,,normal_noble_employment,1,[],[],"[""royal_society_maintenance""]","[[""royal_society_maintenance""]]",/home/jan/development/ProsperOrPerishConstructor/mod/Prosper or Perish (Population Growth & Food Rework)/in_game/common/building_types/zz_pp_royal_society.txt,2,constructor,Prosper or Perish Constructor,INJECT,"[{""file"":""/mnt/c/Games/steamapps/common/Europa Universalis V/game/in_game/common/building_types/unique_buildings.txt"",""layer_id"":""vanilla"",""layer_name"":""Vanilla"",""line"":2007,""mod_name"":null,""mode"":""CREATE""},{""file"":""/home/jan/development/ProsperOrPerishConstructor/mod/Prosper or Perish (Population Growth & Food Rework)/in_game/common/building_types/zz_pp_royal_society.txt"",""layer_id"":""constructor"",""layer_name"":""Prosper or Perish Constructor"",""line"":2,""mod_name"":""Prosper or Perish Constructor"",""mode"":""INJECT""}]"
royal_academy_of_arts,government_category,,,,,,,,unresolved,nobles,,normal_noble_employment,1,[],"[""arts_academy_maintenance""]",[],[],/home/jan/development/ProsperOrPerishConstructor/mod/Prosper or Perish (Population Growth & Food Rework)/in_game/common/building_types/zz_pp_royal_academy_of_arts.txt,2,constructor,Prosper or Perish Constructor,INJECT,"[{""file"":""/mnt/c/Games/steamapps/common/Europa Universalis V/game/in_game/common/building_types/unique_buildings.txt"",""layer_id"":""vanilla"",""layer_name"":""Vanilla"",""line"":2072,""mod_name"":null,""mode"":""CREATE""},{""file"":""/home/jan/development/ProsperOrPerishConstructor/mod/Prosper or Perish (Population Growth & Food Rework)/in_game/common/building_types/zz_pp_royal_academy_of_arts.txt"",""layer_id"":""constructor"",""layer_name"":""Prosper or Perish Constructor"",""line"":2,""mod_name"":""Prosper or Perish Constructor"",""mode"":""INJECT""}]"
peel_towers,defense_category,,,,,,,,unresolved,soldiers,,castle_employment,1,[],[],"[""peel_towers_maintenance""]","[[""peel_towers_maintenance""]]",/home/jan/development/ProsperOrPerishConstructor/mod/Prosper or Perish (Population Growth & Food Rework)/in_game/common/building_types/zz_pp_peel_towers.txt,2,constructor,Prosper or Perish Constructor,INJECT,"[{""file"":""/mnt/c/Games/steamapps/common/Europa Universalis V/game/in_game/common/building_types/unique_buildings.txt"",""layer_id"":""vanilla"",""layer_name"":""Vanilla"",""line"":2129,""mod_name"":null,""mode"":""CREATE""},{""file"":""/home/jan/development/ProsperOrPerishConstructor/mod/Prosper or Perish (Population Growth & Food Rework)/in_game/common/building_types/zz_pp_peel_towers.txt"",""layer_id"":""constructor"",""layer_name"":""Prosper or Perish Constructor"",""line"":2,""mod_name"":""Prosper or Perish Constructor"",""mode"":""INJECT""}]"
dun_fort,defense_category,,,,,,,,unresolved,tribesmen,,stockade_employment,1,[],"[""dun_fort_maintenance""]",[],[],/home/jan/development/ProsperOrPerishConstructor/mod/Prosper or Perish (Population Growth & Food Rework)/in_game/common/building_types/zz_pp_dun_fort.txt,2,constructor,Prosper or Perish Constructor,INJECT,"[{""file"":""/mnt/c/Games/steamapps/common/Europa Universalis V/game/in_game/common/building_types/unique_buildings.txt"",""layer_id"":""vanilla"",""layer_name"":""Vanilla"",""line"":2178,""mod_name"":null,""mode"":""CREATE""},{""file"":""/home/jan/development/ProsperOrPerishConstructor/mod/Prosper or Perish (Population Growth & Food Rework)/in_game/common/building_types/zz_pp_dun_fort.txt"",""layer_id"":""constructor"",""layer_name"":""Prosper or Perish Constructor"",""line"":2,""mod_name"":""Prosper or Perish Constructor"",""mode"":""INJECT""}]"
kokufu,government_category,,,,,,,,unresolved,nobles,,large_noble_employment,1,[],"[""estate_building_input""]",[],[],/home/jan/development/ProsperOrPerishConstructor/mod/Prosper or Perish (Population Growth & Food Rework)/in_game/common/building_types/zz_pp_kokufu.txt,2,constructor,Prosper or Perish Constructor,INJECT,"[{""file"":""/mnt/c/Games/steamapps/common/Europa Universalis V/game/in_game/common/building_types/unique_buildings.txt"",""layer_id"":""vanilla"",""layer_name"":""Vanilla"",""line"":2225,""mod_name"":null,""mode"":""CREATE""},{""file"":""/home/jan/development/ProsperOrPerishConstructor/mod/Prosper or Perish (Population Growth & Food Rework)/in_game/common/building_types/zz_pp_kokufu.txt"",""layer_id"":""constructor"",""layer_name"":""Prosper or Perish Constructor"",""line"":2,""mod_name"":""Prosper or Perish Constructor"",""mode"":""INJECT""}]"
gosho,government_category,,,,,,,,unresolved,nobles,,large_noble_employment,1,[],"[""estate_building_input""]",[],[],/home/jan/development/ProsperOrPerishConstructor/mod/Prosper or Perish (Population Growth & Food Rework)/in_game/common/building_types/zz_pp_gosho.txt,2,constructor,Prosper or Perish Constructor,INJECT,"[{""file"":""/mnt/c/Games/steamapps/common/Europa Universalis V/game/in_game/common/building_types/unique_buildings.txt"",""layer_id"":""vanilla"",""layer_name"":""Vanilla"",""line"":2284,""mod_name"":null,""mode"":""CREATE""},{""file"":""/home/jan/development/ProsperOrPerishConstructor/mod/Prosper or Perish (Population Growth & Food Rework)/in_game/common/building_types/zz_pp_gosho.txt"",""layer_id"":""constructor"",""layer_name"":""Prosper or Perish Constructor"",""line"":2,""mod_name"":""Prosper or Perish Constructor"",""mode"":""INJECT""}]"
yamashiro,military_category,,,,,,,,unresolved,soldiers,,manpower_employment,1,[],"[""estate_building_input""]",[],[],/home/jan/development/ProsperOrPerishConstructor/mod/Prosper or Perish (Population Growth & Food Rework)/in_game/common/building_types/zz_pp_yamashiro.txt,2,constructor,Prosper or Perish Constructor,INJECT,"[{""file"":""/mnt/c/Games/steamapps/common/Europa Universalis V/game/in_game/common/building_types/unique_buildings.txt"",""layer_id"":""vanilla"",""layer_name"":""Vanilla"",""line"":2340,""mod_name"":null,""mode"":""CREATE""},{""file"":""/home/jan/development/ProsperOrPerishConstructor/mod/Prosper or Perish (Population Growth & Food Rework)/in_game/common/building_types/zz_pp_yamashiro.txt"",""layer_id"":""constructor"",""layer_name"":""Prosper or Perish Constructor"",""line"":2,""mod_name"":""Prosper or Perish Constructor"",""mode"":""INJECT""}]"
yakata,government_category,,,,,,,,unresolved,nobles,,normal_noble_employment,1,[],"[""estate_building_input""]",[],[],/home/jan/development/ProsperOrPerishConstructor/mod/Prosper or Perish (Population Growth & Food Rework)/in_game/common/building_types/zz_pp_yakata.txt,2,constructor,Prosper or Perish Constructor,INJECT,"[{""file"":""/mnt/c/Games/steamapps/common/Europa Universalis V/game/in_game/common/building_types/unique_buildings.txt"",""layer_id"":""vanilla"",""layer_name"":""Vanilla"",""line"":2433,""mod_name"":null,""mode"":""CREATE""},{""file"":""/home/jan/development/ProsperOrPerishConstructor/mod/Prosper or Perish (Population Growth & Food Rework)/in_game/common/building_types/zz_pp_yakata.txt"",""layer_id"":""constructor"",""layer_name"":""Prosper or Perish Constructor"",""line"":2,""mod_name"":""Prosper or Perish Constructor"",""mode"":""INJECT""}]"
shoen,rgo_building_category,,,,,,,,unresolved,peasants,1.0,,japanese_clan_building_cap,[],[],"[""pp_shoen_shoen_quarries_maintenance"",""pp_shoen_shoen_lumbermills_maintenance"",""pp_shoen_shoen_fiber_crops_farm_maintenance"",""pp_shoen_shoen_ironsand_maintenance"",""pp_shoen_shoen_masonry_maintenance""]","[[""pp_shoen_shoen_quarries_maintenance"",""pp_shoen_shoen_lumbermills_maintenance"",""pp_shoen_shoen_fiber_crops_farm_maintenance"",""pp_shoen_shoen_ironsand_maintenance"",""pp_shoen_shoen_masonry_maintenance""]]",/home/jan/development/ProsperOrPerishConstructor/mod/Prosper or Perish (Population Growth & Food Rework)/in_game/common/building_types/zz_pp_shoen.txt,2,constructor,Prosper or Perish Constructor,REPLACE,"[{""file"":""/home/jan/development/ProsperOrPerishConstructor/mod/Prosper or Perish (Population Growth & Food Rework)/in_game/common/building_types/zz_pp_shoen.txt"",""layer_id"":""constructor"",""layer_name"":""Prosper or Perish Constructor"",""line"":2,""mod_name"":""Prosper or Perish Constructor"",""mode"":""REPLACE""}]"
tatara,basic_industry_category,,,,,,,,unresolved,peasants,1.0,,japanese_clan_building_cap,[],[],"[""pp_tatara_tamagahane_blacksmith"",""pp_tatara_tamagahane_bladesmith""]","[[""pp_tatara_tamagahane_blacksmith"",""pp_tatara_tamagahane_bladesmith""]]",/home/jan/development/ProsperOrPerishConstructor/mod/Prosper or Perish (Population Growth & Food Rework)/in_game/common/building_types/zz_pp_tatara.txt,2,constructor,Prosper or Perish Constructor,REPLACE,"[{""file"":""/home/jan/development/ProsperOrPerishConstructor/mod/Prosper or Perish (Population Growth & Food Rework)/in_game/common/building_types/zz_pp_tatara.txt"",""layer_id"":""constructor"",""layer_name"":""Prosper or Perish Constructor"",""line"":2,""mod_name"":""Prosper or Perish Constructor"",""mode"":""REPLACE""}]"
clan_shipyards,basic_industry_category,,,,,,,,unresolved,peasants,,manpower_employment,japanese_clan_building_cap,[],"[""estate_building_input""]",[],[],/home/jan/development/ProsperOrPerishConstructor/mod/Prosper or Perish (Population Growth & Food Rework)/in_game/common/building_types/zz_pp_clan_shipyards.txt,2,constructor,Prosper or Perish Constructor,INJECT,"[{""file"":""/mnt/c/Games/steamapps/common/Europa Universalis V/game/in_game/common/building_types/unique_buildings.txt"",""layer_id"":""vanilla"",""layer_name"":""Vanilla"",""line"":2659,""mod_name"":null,""mode"":""CREATE""},{""file"":""/home/jan/development/ProsperOrPerishConstructor/mod/Prosper or Perish (Population Growth & Food Rework)/in_game/common/building_types/zz_pp_clan_shipyards.txt"",""layer_id"":""constructor"",""layer_name"":""Prosper or Perish Constructor"",""line"":2,""mod_name"":""Prosper or Perish Constructor"",""mode"":""INJECT""}]"
clan_family_shrine,religious_category,,,,,,,,unresolved,clergy,,large_religious_building_employment,1,[],"[""estate_building_input""]",[],[],/home/jan/development/ProsperOrPerishConstructor/mod/Prosper or Perish (Population Growth & Food Rework)/in_game/common/building_types/zz_pp_clan_family_shrine.txt,2,constructor,Prosper or Perish Constructor,INJECT,"[{""file"":""/mnt/c/Games/steamapps/common/Europa Universalis V/game/in_game/common/building_types/unique_buildings.txt"",""layer_id"":""vanilla"",""layer_name"":""Vanilla"",""line"":2716,""mod_name"":null,""mode"":""CREATE""},{""file"":""/home/jan/development/ProsperOrPerishConstructor/mod/Prosper or Perish (Population Growth & Food Rework)/in_game/common/building_types/zz_pp_clan_family_shrine.txt"",""layer_id"":""constructor"",""layer_name"":""Prosper or Perish Constructor"",""line"":2,""mod_name"":""Prosper or Perish Constructor"",""mode"":""INJECT""}]"
korean_gunnery_land_defense,defense_category,,,,,,,,unresolved,soldiers,,castle_employment,1,[],"[""korean_gunnery_maintenance""]",[],[],/home/jan/development/ProsperOrPerishConstructor/mod/Prosper or Perish (Population Growth & Food Rework)/in_game/common/building_types/zz_pp_korean_gunnery_land_defense.txt,2,constructor,Prosper or Perish Constructor,INJECT,"[{""file"":""/mnt/c/Games/steamapps/common/Europa Universalis V/game/in_game/common/building_types/unique_buildings.txt"",""layer_id"":""vanilla"",""layer_name"":""Vanilla"",""line"":2770,""mod_name"":null,""mode"":""CREATE""},{""file"":""/home/jan/development/ProsperOrPerishConstructor/mod/Prosper or Perish (Population Growth & Food Rework)/in_game/common/building_types/zz_pp_korean_gunnery_land_defense.txt"",""layer_id"":""constructor"",""layer_name"":""Prosper or Perish Constructor"",""line"":2,""mod_name"":""Prosper or Perish Constructor"",""mode"":""INJECT""}]"
korean_gunnery_coastal_defense,defense_category,,,,,,,,unresolved,soldiers,,castle_employment,1,[],"[""korean_gunnery_maintenance""]",[],[],/home/jan/development/ProsperOrPerishConstructor/mod/Prosper or Perish (Population Growth & Food Rework)/in_game/common/building_types/zz_pp_korean_gunnery_coastal_defense.txt,2,constructor,Prosper or Perish Constructor,INJECT,"[{""file"":""/mnt/c/Games/steamapps/common/Europa Universalis V/game/in_game/common/building_types/unique_buildings.txt"",""layer_id"":""vanilla"",""layer_name"":""Vanilla"",""line"":2795,""mod_name"":null,""mode"":""CREATE""},{""file"":""/home/jan/development/ProsperOrPerishConstructor/mod/Prosper or Perish (Population Growth & Food Rework)/in_game/common/building_types/zz_pp_korean_gunnery_coastal_defense.txt"",""layer_id"":""constructor"",""layer_name"":""Prosper or Perish Constructor"",""line"":2,""mod_name"":""Prosper or Perish Constructor"",""mode"":""INJECT""}]"
kremlin,defense_category,,,,,,,,unresolved,soldiers,,large_capital_employment,kremlin_max_level,[],"[""early_soldier_building_maintenance""]",[],[],/home/jan/development/ProsperOrPerishConstructor/mod/Prosper or Perish (Population Growth & Food Rework)/in_game/common/building_types/zz_pp_kremlin.txt,2,constructor,Prosper or Perish Constructor,INJECT,"[{""file"":""/mnt/c/Games/steamapps/common/Europa Universalis V/game/in_game/common/building_types/unique_buildings.txt"",""layer_id"":""vanilla"",""layer_name"":""Vanilla"",""line"":2824,""mod_name"":null,""mode"":""CREATE""},{""file"":""/home/jan/development/ProsperOrPerishConstructor/mod/Prosper or Perish (Population Growth & Food Rework)/in_game/common/building_types/zz_pp_kremlin.txt"",""layer_id"":""constructor"",""layer_name"":""Prosper or Perish Constructor"",""line"":2,""mod_name"":""Prosper or Perish Constructor"",""mode"":""INJECT""}]"
stroganov_school_of_iconic_art,cultural_category,,,,,,,,unresolved,burghers,,cultural_employment,1,[],"[""estate_building_input""]",[],[],/home/jan/development/ProsperOrPerishConstructor/mod/Prosper or Perish (Population Growth & Food Rework)/in_game/common/building_types/zz_pp_stroganov_school_of_iconic_art.txt,2,constructor,Prosper or Perish Constructor,INJECT,"[{""file"":""/mnt/c/Games/steamapps/common/Europa Universalis V/game/in_game/common/building_types/unique_buildings.txt"",""layer_id"":""vanilla"",""layer_name"":""Vanilla"",""line"":2879,""mod_name"":null,""mode"":""CREATE""},{""file"":""/home/jan/development/ProsperOrPerishConstructor/mod/Prosper or Perish (Population Growth & Food Rework)/in_game/common/building_types/zz_pp_stroganov_school_of_iconic_art.txt"",""layer_id"":""constructor"",""layer_name"":""Prosper or Perish Constructor"",""line"":2,""mod_name"":""Prosper or Perish Constructor"",""mode"":""INJECT""}]"
venetian_palaces,cultural_category,,,,,,,,unresolved,nobles,,huge_noble_employment,venetian_palaces_max_level,[],[],"[""venetian_palaces_maintenance""]","[[""venetian_palaces_maintenance""]]",/home/jan/development/ProsperOrPerishConstructor/mod/Prosper or Perish (Population Growth & Food Rework)/in_game/common/building_types/zz_pp_venetian_palaces.txt,2,constructor,Prosper or Perish Constructor,INJECT,"[{""file"":""/mnt/c/Games/steamapps/common/Europa Universalis V/game/in_game/common/building_types/unique_buildings.txt"",""layer_id"":""vanilla"",""layer_name"":""Vanilla"",""line"":2944,""mod_name"":null,""mode"":""CREATE""},{""file"":""/home/jan/development/ProsperOrPerishConstructor/mod/Prosper or Perish (Population Growth & Food Rework)/in_game/common/building_types/zz_pp_venetian_palaces.txt"",""layer_id"":""constructor"",""layer_name"":""Prosper or Perish Constructor"",""line"":2,""mod_name"":""Prosper or Perish Constructor"",""mode"":""INJECT""}]"
venetian_quarter,trade_category,,,,,,,,unresolved,burghers,,large_foreign_trade_employment,italian_merchant_quarters_max_level,[],"[""venetian_quarter_maintenance""]",[],[],/home/jan/development/ProsperOrPerishConstructor/mod/Prosper or Perish (Population Growth & Food Rework)/in_game/common/building_types/zz_pp_venetian_quarter.txt,2,constructor,Prosper or Perish Constructor,INJECT,"[{""file"":""/mnt/c/Games/steamapps/common/Europa Universalis V/game/in_game/common/building_types/unique_buildings.txt"",""layer_id"":""vanilla"",""layer_name"":""Vanilla"",""line"":2982,""mod_name"":null,""mode"":""CREATE""},{""file"":""/home/jan/development/ProsperOrPerishConstructor/mod/Prosper or Perish (Population Growth & Food Rework)/in_game/common/building_types/zz_pp_venetian_quarter.txt"",""layer_id"":""constructor"",""layer_name"":""Prosper or Perish Constructor"",""line"":2,""mod_name"":""Prosper or Perish Constructor"",""mode"":""INJECT""}]"
galata,trade_category,,,,,,,,unresolved,burghers,,large_foreign_trade_employment,italian_merchant_quarters_max_level,[],"[""galata_maintenance""]",[],[],/home/jan/development/ProsperOrPerishConstructor/mod/Prosper or Perish (Population Growth & Food Rework)/in_game/common/building_types/zz_pp_galata.txt,2,constructor,Prosper or Perish Constructor,INJECT,"[{""file"":""/mnt/c/Games/steamapps/common/Europa Universalis V/game/in_game/common/building_types/unique_buildings.txt"",""layer_id"":""vanilla"",""layer_name"":""Vanilla"",""line"":3021,""mod_name"":null,""mode"":""CREATE""},{""file"":""/home/jan/development/ProsperOrPerishConstructor/mod/Prosper or Perish (Population Growth & Food Rework)/in_game/common/building_types/zz_pp_galata.txt"",""layer_id"":""constructor"",""layer_name"":""Prosper or Perish Constructor"",""line"":2,""mod_name"":""Prosper or Perish Constructor"",""mode"":""INJECT""}]"
novodevichy_convent,defense_category,,orthodox_monastery_building,,/mnt/c/Games/steamapps/common/Europa Universalis V/game/in_game/common/prices/01_buildings.txt,orthodox_monastery_building,,/mnt/c/Games/steamapps/common/Europa Universalis V/game/in_game/common/prices/01_buildings.txt,explicit,laborers,,castle_employment,1,[],"[""monastery_maintenance""]",[],[],/home/jan/development/ProsperOrPerishConstructor/mod/Prosper or Perish (Population Growth & Food Rework)/in_game/common/building_types/zz_pp_novodevichy_convent.txt,2,constructor,Prosper or Perish Constructor,INJECT,"[{""file"":""/mnt/c/Games/steamapps/common/Europa Universalis V/game/in_game/common/building_types/unique_buildings.txt"",""layer_id"":""vanilla"",""layer_name"":""Vanilla"",""line"":3063,""mod_name"":null,""mode"":""CREATE""},{""file"":""/home/jan/development/ProsperOrPerishConstructor/mod/Prosper or Perish (Population Growth & Food Rework)/in_game/common/building_types/zz_pp_novodevichy_convent.txt"",""layer_id"":""constructor"",""layer_name"":""Prosper or Perish Constructor"",""line"":2,""mod_name"":""Prosper or Perish Constructor"",""mode"":""INJECT""}]"
moscow_artillery_yard,military_category,,,,,,,,unresolved,burghers,,military_support_employment,1,[],[],"[""moscow_artillery_yard_maintenance""]","[[""moscow_artillery_yard_maintenance""]]",/home/jan/development/ProsperOrPerishConstructor/mod/Prosper or Perish (Population Growth & Food Rework)/in_game/common/building_types/zz_pp_moscow_artillery_yard.txt,2,constructor,Prosper or Perish Constructor,INJECT,"[{""file"":""/mnt/c/Games/steamapps/common/Europa Universalis V/game/in_game/common/building_types/unique_buildings.txt"",""layer_id"":""vanilla"",""layer_name"":""Vanilla"",""line"":3117,""mod_name"":null,""mode"":""CREATE""},{""file"":""/home/jan/development/ProsperOrPerishConstructor/mod/Prosper or Perish (Population Growth & Food Rework)/in_game/common/building_types/zz_pp_moscow_artillery_yard.txt"",""layer_id"":""constructor"",""layer_name"":""Prosper or Perish Constructor"",""line"":2,""mod_name"":""Prosper or Perish Constructor"",""mode"":""INJECT""}]"
bund,infrastructure_category,,pp_bund_price,50.0,/home/jan/development/ProsperOrPerishConstructor/mod/Prosper or Perish (Population Growth & Food Rework)/in_game/common/prices/pp_bund.txt,pp_bund_price,50.0,/home/jan/development/ProsperOrPerishConstructor/mod/Prosper or Perish (Population Growth & Food Rework)/in_game/common/prices/pp_bund.txt,explicit,laborers,0.0,,pp_wb_cap_bund,[],[],[],[],/home/jan/development/ProsperOrPerishConstructor/mod/Prosper or Perish (Population Growth & Food Rework)/in_game/common/building_types/zz_pp_bund.txt,2,constructor,Prosper or Perish Constructor,REPLACE,"[{""file"":""/home/jan/development/ProsperOrPerishConstructor/mod/Prosper or Perish (Population Growth & Food Rework)/in_game/common/building_types/zz_pp_bund.txt"",""layer_id"":""constructor"",""layer_name"":""Prosper or Perish Constructor"",""line"":2,""mod_name"":""Prosper or Perish Constructor"",""mode"":""REPLACE""}]"
kalari,military_category,,,,,,,,unresolved,nobles,,normal_noble_employment,1,[],"[""early_soldier_building_maintenance""]",[],[],/home/jan/development/ProsperOrPerishConstructor/mod/Prosper or Perish (Population Growth & Food Rework)/in_game/common/building_types/zz_pp_kalari.txt,2,constructor,Prosper or Perish Constructor,INJECT,"[{""file"":""/mnt/c/Games/steamapps/common/Europa Universalis V/game/in_game/common/building_types/unique_buildings.txt"",""layer_id"":""vanilla"",""layer_name"":""Vanilla"",""line"":3217,""mod_name"":null,""mode"":""CREATE""},{""file"":""/home/jan/development/ProsperOrPerishConstructor/mod/Prosper or Perish (Population Growth & Food Rework)/in_game/common/building_types/zz_pp_kalari.txt"",""layer_id"":""constructor"",""layer_name"":""Prosper or Perish Constructor"",""line"":2,""mod_name"":""Prosper or Perish Constructor"",""mode"":""INJECT""}]"
ibadat_khana,cultural_category,,,,,,,,unresolved,clergy,,huge_religious_building_employment,1,[],[],"[""ibadat_khana_maintenance""]","[[""ibadat_khana_maintenance""]]",/home/jan/development/ProsperOrPerishConstructor/mod/Prosper or Perish (Population Growth & Food Rework)/in_game/common/building_types/zz_pp_ibadat_khana.txt,2,constructor,Prosper or Perish Constructor,INJECT,"[{""file"":""/mnt/c/Games/steamapps/common/Europa Universalis V/game/in_game/common/building_types/unique_buildings.txt"",""layer_id"":""vanilla"",""layer_name"":""Vanilla"",""line"":3240,""mod_name"":null,""mode"":""CREATE""},{""file"":""/home/jan/development/ProsperOrPerishConstructor/mod/Prosper or Perish (Population Growth & Food Rework)/in_game/common/building_types/zz_pp_ibadat_khana.txt"",""layer_id"":""constructor"",""layer_name"":""Prosper or Perish Constructor"",""line"":2,""mod_name"":""Prosper or Perish Constructor"",""mode"":""INJECT""}]"
academy_of_sciences,cultural_category,,,,,,,,unresolved,nobles,,normal_noble_employment,1,[],"[""estate_building_input""]",[],[],/home/jan/development/ProsperOrPerishConstructor/mod/Prosper or Perish (Population Growth & Food Rework)/in_game/common/building_types/zz_pp_academy_of_sciences.txt,2,constructor,Prosper or Perish Constructor,INJECT,"[{""file"":""/mnt/c/Games/steamapps/common/Europa Universalis V/game/in_game/common/building_types/unique_buildings.txt"",""layer_id"":""vanilla"",""layer_name"":""Vanilla"",""line"":3277,""mod_name"":null,""mode"":""CREATE""},{""file"":""/home/jan/development/ProsperOrPerishConstructor/mod/Prosper or Perish (Population Growth & Food Rework)/in_game/common/building_types/zz_pp_academy_of_sciences.txt"",""layer_id"":""constructor"",""layer_name"":""Prosper or Perish Constructor"",""line"":2,""mod_name"":""Prosper or Perish Constructor"",""mode"":""INJECT""}]"
greek_latin_academy,cultural_category,,,,,,,,unresolved,clergy,,huge_religious_building_employment,1,[],"[""estate_building_input""]",[],[],/home/jan/development/ProsperOrPerishConstructor/mod/Prosper or Perish (Population Growth & Food Rework)/in_game/common/building_types/zz_pp_greek_latin_academy.txt,2,constructor,Prosper or Perish Constructor,INJECT,"[{""file"":""/mnt/c/Games/steamapps/common/Europa Universalis V/game/in_game/common/building_types/unique_buildings.txt"",""layer_id"":""vanilla"",""layer_name"":""Vanilla"",""line"":3337,""mod_name"":null,""mode"":""CREATE""},{""file"":""/home/jan/development/ProsperOrPerishConstructor/mod/Prosper or Perish (Population Growth & Food Rework)/in_game/common/building_types/zz_pp_greek_latin_academy.txt"",""layer_id"":""constructor"",""layer_name"":""Prosper or Perish Constructor"",""line"":2,""mod_name"":""Prosper or Perish Constructor"",""mode"":""INJECT""}]"
sukharev_tower,military_category,,,,,,,,unresolved,burghers,,manpower_employment,1,[],"[""estate_building_input""]",[],[],/home/jan/development/ProsperOrPerishConstructor/mod/Prosper or Perish (Population Growth & Food Rework)/in_game/common/building_types/zz_pp_sukharev_tower.txt,2,constructor,Prosper or Perish Constructor,INJECT,"[{""file"":""/mnt/c/Games/steamapps/common/Europa Universalis V/game/in_game/common/building_types/unique_buildings.txt"",""layer_id"":""vanilla"",""layer_name"":""Vanilla"",""line"":3397,""mod_name"":null,""mode"":""CREATE""},{""file"":""/home/jan/development/ProsperOrPerishConstructor/mod/Prosper or Perish (Population Growth & Food Rework)/in_game/common/building_types/zz_pp_sukharev_tower.txt"",""layer_id"":""constructor"",""layer_name"":""Prosper or Perish Constructor"",""line"":2,""mod_name"":""Prosper or Perish Constructor"",""mode"":""INJECT""}]"
the_bock_fortifications,military_category,,,,,,,,unresolved,soldiers,,bastion_employment,bock_max_level,[],"[""early_soldier_building_maintenance""]",[],[],/home/jan/development/ProsperOrPerishConstructor/mod/Prosper or Perish (Population Growth & Food Rework)/in_game/common/building_types/zz_pp_the_bock_fortifications.txt,2,constructor,Prosper or Perish Constructor,INJECT,"[{""file"":""/mnt/c/Games/steamapps/common/Europa Universalis V/game/in_game/common/building_types/unique_buildings.txt"",""layer_id"":""vanilla"",""layer_name"":""Vanilla"",""line"":3455,""mod_name"":null,""mode"":""CREATE""},{""file"":""/home/jan/development/ProsperOrPerishConstructor/mod/Prosper or Perish (Population Growth & Food Rework)/in_game/common/building_types/zz_pp_the_bock_fortifications.txt"",""layer_id"":""constructor"",""layer_name"":""Prosper or Perish Constructor"",""line"":2,""mod_name"":""Prosper or Perish Constructor"",""mode"":""INJECT""}]"
ruined_great_wall_of_china,defense_category,,,,,,,,unresolved,soldiers,,great_wall_of_china_employment,1,[],"[""ruined_great_wall_of_china_maintenance""]",[],[],/home/jan/development/ProsperOrPerishConstructor/mod/Prosper or Perish (Population Growth & Food Rework)/in_game/common/building_types/zz_pp_ruined_great_wall_of_china.txt,2,constructor,Prosper or Perish Constructor,INJECT,"[{""file"":""/mnt/c/Games/steamapps/common/Europa Universalis V/game/in_game/common/building_types/unique_buildings.txt"",""layer_id"":""vanilla"",""layer_name"":""Vanilla"",""line"":3505,""mod_name"":null,""mode"":""CREATE""},{""file"":""/home/jan/development/ProsperOrPerishConstructor/mod/Prosper or Perish (Population Growth & Food Rework)/in_game/common/building_types/zz_pp_ruined_great_wall_of_china.txt"",""layer_id"":""constructor"",""layer_name"":""Prosper or Perish Constructor"",""line"":2,""mod_name"":""Prosper or Perish Constructor"",""mode"":""INJECT""}]"
repaired_great_wall_of_china,defense_category,,,,,,,,unresolved,soldiers,,great_wall_of_china_employment,1,"[""ruined_great_wall_of_china""]","[""repaired_great_wall_of_china_maintenance""]",[],[],/home/jan/development/ProsperOrPerishConstructor/mod/Prosper or Perish (Population Growth & Food Rework)/in_game/common/building_types/zz_pp_repaired_great_wall_of_china.txt,2,constructor,Prosper or Perish Constructor,INJECT,"[{""file"":""/mnt/c/Games/steamapps/common/Europa Universalis V/game/in_game/common/building_types/unique_buildings.txt"",""layer_id"":""vanilla"",""layer_name"":""Vanilla"",""line"":3546,""mod_name"":null,""mode"":""CREATE""},{""file"":""/home/jan/development/ProsperOrPerishConstructor/mod/Prosper or Perish (Population Growth & Food Rework)/in_game/common/building_types/zz_pp_repaired_great_wall_of_china.txt"",""layer_id"":""constructor"",""layer_name"":""Prosper or Perish Constructor"",""line"":2,""mod_name"":""Prosper or Perish Constructor"",""mode"":""INJECT""}]"
free_economic_society,government_category,,,,,,,,unresolved,nobles,,normal_noble_employment,1,[],"[""estate_building_input""]",[],[],/home/jan/development/ProsperOrPerishConstructor/mod/Prosper or Perish (Population Growth & Food Rework)/in_game/common/building_types/zz_pp_free_economic_society.txt,2,constructor,Prosper or Perish Constructor,INJECT,"[{""file"":""/mnt/c/Games/steamapps/common/Europa Universalis V/game/in_game/common/building_types/unique_buildings.txt"",""layer_id"":""vanilla"",""layer_name"":""Vanilla"",""line"":3591,""mod_name"":null,""mode"":""CREATE""},{""file"":""/home/jan/development/ProsperOrPerishConstructor/mod/Prosper or Perish (Population Growth & Food Rework)/in_game/common/building_types/zz_pp_free_economic_society.txt"",""layer_id"":""constructor"",""layer_name"":""Prosper or Perish Constructor"",""line"":2,""mod_name"":""Prosper or Perish Constructor"",""mode"":""INJECT""}]"
imperial_academy_of_arts,cultural_category,,,,,,,,unresolved,nobles,,normal_noble_employment,1,[],"[""arts_academy_maintenance""]",[],[],/home/jan/development/ProsperOrPerishConstructor/mod/Prosper or Perish (Population Growth & Food Rework)/in_game/common/building_types/zz_pp_imperial_academy_of_arts.txt,2,constructor,Prosper or Perish Constructor,INJECT,"[{""file"":""/mnt/c/Games/steamapps/common/Europa Universalis V/game/in_game/common/building_types/unique_buildings.txt"",""layer_id"":""vanilla"",""layer_name"":""Vanilla"",""line"":3653,""mod_name"":null,""mode"":""CREATE""},{""file"":""/home/jan/development/ProsperOrPerishConstructor/mod/Prosper or Perish (Population Growth & Food Rework)/in_game/common/building_types/zz_pp_imperial_academy_of_arts.txt"",""layer_id"":""constructor"",""layer_name"":""Prosper or Perish Constructor"",""line"":2,""mod_name"":""Prosper or Perish Constructor"",""mode"":""INJECT""}]"
moscow_orphanage,government_category,,,,,,,,unresolved,laborers,,advanced_peasant_building_employment,1,[],"[""estate_building_input""]",[],[],/home/jan/development/ProsperOrPerishConstructor/mod/Prosper or Perish (Population Growth & Food Rework)/in_game/common/building_types/zz_pp_moscow_orphanage.txt,2,constructor,Prosper or Perish Constructor,INJECT,"[{""file"":""/mnt/c/Games/steamapps/common/Europa Universalis V/game/in_game/common/building_types/unique_buildings.txt"",""layer_id"":""vanilla"",""layer_name"":""Vanilla"",""line"":3711,""mod_name"":null,""mode"":""CREATE""},{""file"":""/home/jan/development/ProsperOrPerishConstructor/mod/Prosper or Perish (Population Growth & Food Rework)/in_game/common/building_types/zz_pp_moscow_orphanage.txt"",""layer_id"":""constructor"",""layer_name"":""Prosper or Perish Constructor"",""line"":2,""mod_name"":""Prosper or Perish Constructor"",""mode"":""INJECT""}]"
institute_of_noble_maidens,cultural_category,,,,,,,,unresolved,nobles,,normal_noble_employment,1,[],"[""estate_building_input""]",[],[],/home/jan/development/ProsperOrPerishConstructor/mod/Prosper or Perish (Population Growth & Food Rework)/in_game/common/building_types/zz_pp_institute_of_noble_maidens.txt,2,constructor,Prosper or Perish Constructor,INJECT,"[{""file"":""/mnt/c/Games/steamapps/common/Europa Universalis V/game/in_game/common/building_types/unique_buildings.txt"",""layer_id"":""vanilla"",""layer_name"":""Vanilla"",""line"":3771,""mod_name"":null,""mode"":""CREATE""},{""file"":""/home/jan/development/ProsperOrPerishConstructor/mod/Prosper or Perish (Population Growth & Food Rework)/in_game/common/building_types/zz_pp_institute_of_noble_maidens.txt"",""layer_id"":""constructor"",""layer_name"":""Prosper or Perish Constructor"",""line"":2,""mod_name"":""Prosper or Perish Constructor"",""mode"":""INJECT""}]"
royal_atarazanas_seville,military_category,,,,,,,,unresolved,soldiers,,dry_dock_employment,1,[],[],"[""royal_atarazanas_seville_maintenance""]","[[""royal_atarazanas_seville_maintenance""]]",/home/jan/development/ProsperOrPerishConstructor/mod/Prosper or Perish (Population Growth & Food Rework)/in_game/common/building_types/zz_pp_royal_atarazanas_seville.txt,2,constructor,Prosper or Perish Constructor,INJECT,"[{""file"":""/mnt/c/Games/steamapps/common/Europa Universalis V/game/in_game/common/building_types/unique_buildings.txt"",""layer_id"":""vanilla"",""layer_name"":""Vanilla"",""line"":3835,""mod_name"":null,""mode"":""CREATE""},{""file"":""/home/jan/development/ProsperOrPerishConstructor/mod/Prosper or Perish (Population Growth & Food Rework)/in_game/common/building_types/zz_pp_royal_atarazanas_seville.txt"",""layer_id"":""constructor"",""layer_name"":""Prosper or Perish Constructor"",""line"":2,""mod_name"":""Prosper or Perish Constructor"",""mode"":""INJECT""}]"
alhambra,government_category,,,,,,,,unresolved,nobles,,huge_noble_employment,1,[],"[""early_capital_building_maintenance"",""early_capital_building_silver_maintenance""]",[],[],/home/jan/development/ProsperOrPerishConstructor/mod/Prosper or Perish (Population Growth & Food Rework)/in_game/common/building_types/zz_pp_alhambra.txt,2,constructor,Prosper or Perish Constructor,INJECT,"[{""file"":""/mnt/c/Games/steamapps/common/Europa Universalis V/game/in_game/common/building_types/unique_buildings.txt"",""layer_id"":""vanilla"",""layer_name"":""Vanilla"",""line"":3880,""mod_name"":null,""mode"":""CREATE""},{""file"":""/home/jan/development/ProsperOrPerishConstructor/mod/Prosper or Perish (Population Growth & Food Rework)/in_game/common/building_types/zz_pp_alhambra.txt"",""layer_id"":""constructor"",""layer_name"":""Prosper or Perish Constructor"",""line"":2,""mod_name"":""Prosper or Perish Constructor"",""mode"":""INJECT""}]"
theodosian_walls,defense_category,,,,,,,,unresolved,soldiers,,theodosian_walls,theodosian_walls_max_level,[],"[""city_walls_maintenance""]",[],[],/home/jan/development/ProsperOrPerishConstructor/mod/Prosper or Perish (Population Growth & Food Rework)/in_game/common/building_types/zz_pp_theodosian_walls.txt,2,constructor,Prosper or Perish Constructor,INJECT,"[{""file"":""/mnt/c/Games/steamapps/common/Europa Universalis V/game/in_game/common/building_types/unique_buildings.txt"",""layer_id"":""vanilla"",""layer_name"":""Vanilla"",""line"":3924,""mod_name"":null,""mode"":""CREATE""},{""file"":""/home/jan/development/ProsperOrPerishConstructor/mod/Prosper or Perish (Population Growth & Food Rework)/in_game/common/building_types/zz_pp_theodosian_walls.txt"",""layer_id"":""constructor"",""layer_name"":""Prosper or Perish Constructor"",""line"":2,""mod_name"":""Prosper or Perish Constructor"",""mode"":""INJECT""}]"
bey_fortress,defense_category,,,,,,,,unresolved,soldiers,,manpower_employment,1,[],[],"[""bey_fortress_maintenance""]","[[""bey_fortress_maintenance""]]",/home/jan/development/ProsperOrPerishConstructor/mod/Prosper or Perish (Population Growth & Food Rework)/in_game/common/building_types/zz_pp_bey_fortress.txt,2,constructor,Prosper or Perish Constructor,INJECT,"[{""file"":""/mnt/c/Games/steamapps/common/Europa Universalis V/game/in_game/common/building_types/unique_buildings.txt"",""layer_id"":""vanilla"",""layer_name"":""Vanilla"",""line"":4000,""mod_name"":null,""mode"":""CREATE""},{""file"":""/home/jan/development/ProsperOrPerishConstructor/mod/Prosper or Perish (Population Growth & Food Rework)/in_game/common/building_types/zz_pp_bey_fortress.txt"",""layer_id"":""constructor"",""layer_name"":""Prosper or Perish Constructor"",""line"":2,""mod_name"":""Prosper or Perish Constructor"",""mode"":""INJECT""}]"
mamluk_barracks,military_category,,,,,,,,unresolved,slaves,,slave_soldier_barracks,3,[],[],"[""mamluk_barracks_maintenance""]","[[""mamluk_barracks_maintenance""]]",/home/jan/development/ProsperOrPerishConstructor/mod/Prosper or Perish (Population Growth & Food Rework)/in_game/common/building_types/zz_pp_mamluk_barracks.txt,2,constructor,Prosper or Perish Constructor,INJECT,"[{""file"":""/mnt/c/Games/steamapps/common/Europa Universalis V/game/in_game/common/building_types/unique_buildings.txt"",""layer_id"":""vanilla"",""layer_name"":""Vanilla"",""line"":4099,""mod_name"":null,""mode"":""CREATE""},{""file"":""/home/jan/development/ProsperOrPerishConstructor/mod/Prosper or Perish (Population Growth & Food Rework)/in_game/common/building_types/zz_pp_mamluk_barracks.txt"",""layer_id"":""constructor"",""layer_name"":""Prosper or Perish Constructor"",""line"":2,""mod_name"":""Prosper or Perish Constructor"",""mode"":""INJECT""}]"
coastal_settlements,government_category,,,,,,,,unresolved,peasants,,village_employment_size,1,[],"[""colony_maintenance""]",[],[],/home/jan/development/ProsperOrPerishConstructor/mod/Prosper or Perish (Population Growth & Food Rework)/in_game/common/building_types/zz_pp_coastal_settlements.txt,2,constructor,Prosper or Perish Constructor,INJECT,"[{""file"":""/mnt/c/Games/steamapps/common/Europa Universalis V/game/in_game/common/building_types/unique_buildings.txt"",""layer_id"":""vanilla"",""layer_name"":""Vanilla"",""line"":4144,""mod_name"":null,""mode"":""CREATE""},{""file"":""/home/jan/development/ProsperOrPerishConstructor/mod/Prosper or Perish (Population Growth & Food Rework)/in_game/common/building_types/zz_pp_coastal_settlements.txt"",""layer_id"":""constructor"",""layer_name"":""Prosper or Perish Constructor"",""line"":2,""mod_name"":""Prosper or Perish Constructor"",""mode"":""INJECT""}]"
kurmina_headquarter,military_category,,,,,,,,unresolved,soldiers,,manpower_employment,kurmina_headquarter_max_level,[],"[""early_soldier_building_maintenance""]",[],[],/home/jan/development/ProsperOrPerishConstructor/mod/Prosper or Perish (Population Growth & Food Rework)/in_game/common/building_types/zz_pp_kurmina_headquarter.txt,2,constructor,Prosper or Perish Constructor,INJECT,"[{""file"":""/mnt/c/Games/steamapps/common/Europa Universalis V/game/in_game/common/building_types/unique_buildings.txt"",""layer_id"":""vanilla"",""layer_name"":""Vanilla"",""line"":4193,""mod_name"":null,""mode"":""CREATE""},{""file"":""/home/jan/development/ProsperOrPerishConstructor/mod/Prosper or Perish (Population Growth & Food Rework)/in_game/common/building_types/zz_pp_kurmina_headquarter.txt"",""layer_id"":""constructor"",""layer_name"":""Prosper or Perish Constructor"",""line"":2,""mod_name"":""Prosper or Perish Constructor"",""mode"":""INJECT""}]"
great_enclosure,infrastructure_category,,,,,,,,unresolved,nobles,,normal_noble_employment,1,[],"[""great_zimbabwe_maintenance""]",[],[],/home/jan/development/ProsperOrPerishConstructor/mod/Prosper or Perish (Population Growth & Food Rework)/in_game/common/building_types/zz_pp_great_enclosure.txt,2,constructor,Prosper or Perish Constructor,INJECT,"[{""file"":""/mnt/c/Games/steamapps/common/Europa Universalis V/game/in_game/common/building_types/unique_buildings.txt"",""layer_id"":""vanilla"",""layer_name"":""Vanilla"",""line"":4234,""mod_name"":null,""mode"":""CREATE""},{""file"":""/home/jan/development/ProsperOrPerishConstructor/mod/Prosper or Perish (Population Growth & Food Rework)/in_game/common/building_types/zz_pp_great_enclosure.txt"",""layer_id"":""constructor"",""layer_name"":""Prosper or Perish Constructor"",""line"":2,""mod_name"":""Prosper or Perish Constructor"",""mode"":""INJECT""}]"
great_hill_complex,religious_category,,,,,,,,unresolved,clergy,,large_religious_building_employment,1,[],"[""great_zimbabwe_maintenance""]",[],[],/home/jan/development/ProsperOrPerishConstructor/mod/Prosper or Perish (Population Growth & Food Rework)/in_game/common/building_types/zz_pp_great_hill_complex.txt,2,constructor,Prosper or Perish Constructor,INJECT,"[{""file"":""/mnt/c/Games/steamapps/common/Europa Universalis V/game/in_game/common/building_types/unique_buildings.txt"",""layer_id"":""vanilla"",""layer_name"":""Vanilla"",""line"":4263,""mod_name"":null,""mode"":""CREATE""},{""file"":""/home/jan/development/ProsperOrPerishConstructor/mod/Prosper or Perish (Population Growth & Food Rework)/in_game/common/building_types/zz_pp_great_hill_complex.txt"",""layer_id"":""constructor"",""layer_name"":""Prosper or Perish Constructor"",""line"":2,""mod_name"":""Prosper or Perish Constructor"",""mode"":""INJECT""}]"
great_valley_complex,cultural_category,,,,,,,,unresolved,laborers,,rural_peasant_produce_employment,1,[],"[""great_zimbabwe_maintenance""]",[],[],/home/jan/development/ProsperOrPerishConstructor/mod/Prosper or Perish (Population Growth & Food Rework)/in_game/common/building_types/zz_pp_great_valley_complex.txt,2,constructor,Prosper or Perish Constructor,INJECT,"[{""file"":""/mnt/c/Games/steamapps/common/Europa Universalis V/game/in_game/common/building_types/unique_buildings.txt"",""layer_id"":""vanilla"",""layer_name"":""Vanilla"",""line"":4292,""mod_name"":null,""mode"":""CREATE""},{""file"":""/home/jan/development/ProsperOrPerishConstructor/mod/Prosper or Perish (Population Growth & Food Rework)/in_game/common/building_types/zz_pp_great_valley_complex.txt"",""layer_id"":""constructor"",""layer_name"":""Prosper or Perish Constructor"",""line"":2,""mod_name"":""Prosper or Perish Constructor"",""mode"":""INJECT""}]"
trans_saharan_trade_outposts,trade_category,,,,,,,,unresolved,burghers,,trade_employment,1,[],[],"[""trans_saharan_trade_outposts_maintenance""]","[[""trans_saharan_trade_outposts_maintenance""]]",/home/jan/development/ProsperOrPerishConstructor/mod/Prosper or Perish (Population Growth & Food Rework)/in_game/common/building_types/zz_pp_trans_saharan_trade_outposts.txt,2,constructor,Prosper or Perish Constructor,INJECT,"[{""file"":""/mnt/c/Games/steamapps/common/Europa Universalis V/game/in_game/common/building_types/unique_buildings.txt"",""layer_id"":""vanilla"",""layer_name"":""Vanilla"",""line"":4321,""mod_name"":null,""mode"":""CREATE""},{""file"":""/home/jan/development/ProsperOrPerishConstructor/mod/Prosper or Perish (Population Growth & Food Rework)/in_game/common/building_types/zz_pp_trans_saharan_trade_outposts.txt"",""layer_id"":""constructor"",""layer_name"":""Prosper or Perish Constructor"",""line"":2,""mod_name"":""Prosper or Perish Constructor"",""mode"":""INJECT""}]"
khmer_baray,infrastructure_category,,pp_khmer_baray_price,50.0,/home/jan/development/ProsperOrPerishConstructor/mod/Prosper or Perish (Population Growth & Food Rework)/in_game/common/prices/pp_khmer_baray.txt,pp_khmer_baray_price,50.0,/home/jan/development/ProsperOrPerishConstructor/mod/Prosper or Perish (Population Growth & Food Rework)/in_game/common/prices/pp_khmer_baray.txt,explicit,laborers,0.0,,pp_wb_cap_khmer_baray,[],[],[],[],/home/jan/development/ProsperOrPerishConstructor/mod/Prosper or Perish (Population Growth & Food Rework)/in_game/common/building_types/zz_pp_khmer_baray.txt,2,constructor,Prosper or Perish Constructor,REPLACE,"[{""file"":""/home/jan/development/ProsperOrPerishConstructor/mod/Prosper or Perish (Population Growth & Food Rework)/in_game/common/building_types/zz_pp_khmer_baray.txt"",""layer_id"":""constructor"",""layer_name"":""Prosper or Perish Constructor"",""line"":2,""mod_name"":""Prosper or Perish Constructor"",""mode"":""REPLACE""}]"
bajang_ratu,government_category,,,,,,,,unresolved,clergy,,huge_religious_building_employment,1,[],[],"[""bajang_ratu_maintenance""]","[[""bajang_ratu_maintenance""]]",/home/jan/development/ProsperOrPerishConstructor/mod/Prosper or Perish (Population Growth & Food Rework)/in_game/common/building_types/zz_pp_bajang_ratu.txt,2,constructor,Prosper or Perish Constructor,INJECT,"[{""file"":""/mnt/c/Games/steamapps/common/Europa Universalis V/game/in_game/common/building_types/unique_buildings.txt"",""layer_id"":""vanilla"",""layer_name"":""Vanilla"",""line"":4400,""mod_name"":null,""mode"":""CREATE""},{""file"":""/home/jan/development/ProsperOrPerishConstructor/mod/Prosper or Perish (Population Growth & Food Rework)/in_game/common/building_types/zz_pp_bajang_ratu.txt"",""layer_id"":""constructor"",""layer_name"":""Prosper or Perish Constructor"",""line"":2,""mod_name"":""Prosper or Perish Constructor"",""mode"":""INJECT""}]"
bubu_building,rgo_building_category,,,,,,,,unresolved,laborers,,tiny_rural_peasant_produce_employment,2,[],[],"[""bubu_building_maintenance""]","[[""bubu_building_maintenance""]]",/home/jan/development/ProsperOrPerishConstructor/mod/Prosper or Perish (Population Growth & Food Rework)/in_game/common/building_types/zz_pp_bubu_building.txt,2,constructor,Prosper or Perish Constructor,INJECT,"[{""file"":""/mnt/c/Games/steamapps/common/Europa Universalis V/game/in_game/common/building_types/unique_buildings.txt"",""layer_id"":""vanilla"",""layer_name"":""Vanilla"",""line"":4445,""mod_name"":null,""mode"":""CREATE""},{""file"":""/home/jan/development/ProsperOrPerishConstructor/mod/Prosper or Perish (Population Growth & Food Rework)/in_game/common/building_types/zz_pp_bubu_building.txt"",""layer_id"":""constructor"",""layer_name"":""Prosper or Perish Constructor"",""line"":2,""mod_name"":""Prosper or Perish Constructor"",""mode"":""INJECT""}]"
fulani_cattle_rearing_pen,infrastructure_category,,,,,,,,unresolved,laborers,,rural_peasant_produce_employment,fulani_cattle_rearing_pen_max_level,[],"[""colony_maintenance""]",[],[],/home/jan/development/ProsperOrPerishConstructor/mod/Prosper or Perish (Population Growth & Food Rework)/in_game/common/building_types/zz_pp_fulani_cattle_rearing_pen.txt,2,constructor,Prosper or Perish Constructor,INJECT,"[{""file"":""/mnt/c/Games/steamapps/common/Europa Universalis V/game/in_game/common/building_types/unique_buildings.txt"",""layer_id"":""vanilla"",""layer_name"":""Vanilla"",""line"":4480,""mod_name"":null,""mode"":""CREATE""},{""file"":""/home/jan/development/ProsperOrPerishConstructor/mod/Prosper or Perish (Population Growth & Food Rework)/in_game/common/building_types/zz_pp_fulani_cattle_rearing_pen.txt"",""layer_id"":""constructor"",""layer_name"":""Prosper or Perish Constructor"",""line"":2,""mod_name"":""Prosper or Perish Constructor"",""mode"":""INJECT""}]"
walls_of_benin,defense_category,,,,,,,,unresolved,soldiers,2.0,,1,[],"[""basic_castle_maintenance""]",[],[],/home/jan/development/ProsperOrPerishConstructor/mod/Prosper or Perish (Population Growth & Food Rework)/in_game/common/building_types/zz_pp_walls_of_benin.txt,2,constructor,Prosper or Perish Constructor,INJECT,"[{""file"":""/mnt/c/Games/steamapps/common/Europa Universalis V/game/in_game/common/building_types/unique_buildings.txt"",""layer_id"":""vanilla"",""layer_name"":""Vanilla"",""line"":4525,""mod_name"":null,""mode"":""CREATE""},{""file"":""/home/jan/development/ProsperOrPerishConstructor/mod/Prosper or Perish (Population Growth & Food Rework)/in_game/common/building_types/zz_pp_walls_of_benin.txt"",""layer_id"":""constructor"",""layer_name"":""Prosper or Perish Constructor"",""line"":2,""mod_name"":""Prosper or Perish Constructor"",""mode"":""INJECT""}]"
zazzau_walls,defense_category,,,,,,,,unresolved,soldiers,1.0,,1,[],"[""basic_castle_maintenance""]",[],[],/home/jan/development/ProsperOrPerishConstructor/mod/Prosper or Perish (Population Growth & Food Rework)/in_game/common/building_types/zz_pp_zazzau_walls.txt,2,constructor,Prosper or Perish Constructor,INJECT,"[{""file"":""/mnt/c/Games/steamapps/common/Europa Universalis V/game/in_game/common/building_types/unique_buildings.txt"",""layer_id"":""vanilla"",""layer_name"":""Vanilla"",""line"":4566,""mod_name"":null,""mode"":""CREATE""},{""file"":""/home/jan/development/ProsperOrPerishConstructor/mod/Prosper or Perish (Population Growth & Food Rework)/in_game/common/building_types/zz_pp_zazzau_walls.txt"",""layer_id"":""constructor"",""layer_name"":""Prosper or Perish Constructor"",""line"":2,""mod_name"":""Prosper or Perish Constructor"",""mode"":""INJECT""}]"
eghabho_nore_mansion,defense_category,,,,,,,,unresolved,nobles,,tiny_estate_noble_employment,eghabho_nore_mansion_max_level,[],[],"[""eghabho_nore_mansion_maintenance""]","[[""eghabho_nore_mansion_maintenance""]]",/home/jan/development/ProsperOrPerishConstructor/mod/Prosper or Perish (Population Growth & Food Rework)/in_game/common/building_types/zz_pp_eghabho_nore_mansion.txt,2,constructor,Prosper or Perish Constructor,INJECT,"[{""file"":""/mnt/c/Games/steamapps/common/Europa Universalis V/game/in_game/common/building_types/unique_buildings.txt"",""layer_id"":""vanilla"",""layer_name"":""Vanilla"",""line"":4605,""mod_name"":null,""mode"":""CREATE""},{""file"":""/home/jan/development/ProsperOrPerishConstructor/mod/Prosper or Perish (Population Growth & Food Rework)/in_game/common/building_types/zz_pp_eghabho_nore_mansion.txt"",""layer_id"":""constructor"",""layer_name"":""Prosper or Perish Constructor"",""line"":2,""mod_name"":""Prosper or Perish Constructor"",""mode"":""INJECT""}]"
ribat,defense_category,,,,,,,,unresolved,clergy,,stockade_employment,1,[],[],"[""ribat_maintenance""]","[[""ribat_maintenance""]]",/home/jan/development/ProsperOrPerishConstructor/mod/Prosper or Perish (Population Growth & Food Rework)/in_game/common/building_types/zz_pp_ribat.txt,2,constructor,Prosper or Perish Constructor,INJECT,"[{""file"":""/mnt/c/Games/steamapps/common/Europa Universalis V/game/in_game/common/building_types/unique_buildings.txt"",""layer_id"":""vanilla"",""layer_name"":""Vanilla"",""line"":4646,""mod_name"":null,""mode"":""CREATE""},{""file"":""/home/jan/development/ProsperOrPerishConstructor/mod/Prosper or Perish (Population Growth & Food Rework)/in_game/common/building_types/zz_pp_ribat.txt"",""layer_id"":""constructor"",""layer_name"":""Prosper or Perish Constructor"",""line"":2,""mod_name"":""Prosper or Perish Constructor"",""mode"":""INJECT""}]"
por_feitoria,trade_category,,,,,,,,unresolved,burghers,,foreign_trade_employment,1,[],[],"[""feitoria_maintenance""]","[[""feitoria_maintenance""]]",/home/jan/development/ProsperOrPerishConstructor/mod/Prosper or Perish (Population Growth & Food Rework)/in_game/common/building_types/zz_pp_por_feitoria.txt,2,constructor,Prosper or Perish Constructor,INJECT,"[{""file"":""/mnt/c/Games/steamapps/common/Europa Universalis V/game/in_game/common/building_types/unique_buildings.txt"",""layer_id"":""vanilla"",""layer_name"":""Vanilla"",""line"":4685,""mod_name"":null,""mode"":""CREATE""},{""file"":""/home/jan/development/ProsperOrPerishConstructor/mod/Prosper or Perish (Population Growth & Food Rework)/in_game/common/building_types/zz_pp_por_feitoria.txt"",""layer_id"":""constructor"",""layer_name"":""Prosper or Perish Constructor"",""line"":2,""mod_name"":""Prosper or Perish Constructor"",""mode"":""INJECT""}]"
gurgaddi,religious_category,,,,,,,,unresolved,clergy,,religious_building_employment,1,[],"[""monastery_maintenance""]",[],[],/home/jan/development/ProsperOrPerishConstructor/mod/Prosper or Perish (Population Growth & Food Rework)/in_game/common/building_types/zz_pp_gurgaddi.txt,2,constructor,Prosper or Perish Constructor,INJECT,"[{""file"":""/mnt/c/Games/steamapps/common/Europa Universalis V/game/in_game/common/building_types/unique_buildings.txt"",""layer_id"":""vanilla"",""layer_name"":""Vanilla"",""line"":4739,""mod_name"":null,""mode"":""CREATE""},{""file"":""/home/jan/development/ProsperOrPerishConstructor/mod/Prosper or Perish (Population Growth & Food Rework)/in_game/common/building_types/zz_pp_gurgaddi.txt"",""layer_id"":""constructor"",""layer_name"":""Prosper or Perish Constructor"",""line"":2,""mod_name"":""Prosper or Perish Constructor"",""mode"":""INJECT""}]"
sufi_mosque,religious_category,,free_building,0.0,/mnt/c/Games/steamapps/common/Europa Universalis V/game/in_game/common/prices/01_buildings.txt,free_building,0.0,/mnt/c/Games/steamapps/common/Europa Universalis V/game/in_game/common/prices/01_buildings.txt,explicit,clergy,,religious_building_employment,1,[],"[""monastery_maintenance""]",[],[],/home/jan/development/ProsperOrPerishConstructor/mod/Prosper or Perish (Population Growth & Food Rework)/in_game/common/building_types/zz_pp_sufi_mosque.txt,2,constructor,Prosper or Perish Constructor,INJECT,"[{""file"":""/mnt/c/Games/steamapps/common/Europa Universalis V/game/in_game/common/building_types/unique_buildings.txt"",""layer_id"":""vanilla"",""layer_name"":""Vanilla"",""line"":4782,""mod_name"":null,""mode"":""CREATE""},{""file"":""/home/jan/development/ProsperOrPerishConstructor/mod/Prosper or Perish (Population Growth & Food Rework)/in_game/common/building_types/zz_pp_sufi_mosque.txt"",""layer_id"":""constructor"",""layer_name"":""Prosper or Perish Constructor"",""line"":2,""mod_name"":""Prosper or Perish Constructor"",""mode"":""INJECT""}]"
wali_songo_shrine,religious_category,,free_building,0.0,/mnt/c/Games/steamapps/common/Europa Universalis V/game/in_game/common/prices/01_buildings.txt,free_building,0.0,/mnt/c/Games/steamapps/common/Europa Universalis V/game/in_game/common/prices/01_buildings.txt,explicit,clergy,,religious_building_employment,1,[],"[""monastery_maintenance""]",[],[],/home/jan/development/ProsperOrPerishConstructor/mod/Prosper or Perish (Population Growth & Food Rework)/in_game/common/building_types/zz_pp_wali_songo_shrine.txt,2,constructor,Prosper or Perish Constructor,INJECT,"[{""file"":""/mnt/c/Games/steamapps/common/Europa Universalis V/game/in_game/common/building_types/unique_buildings.txt"",""layer_id"":""vanilla"",""layer_name"":""Vanilla"",""line"":4819,""mod_name"":null,""mode"":""CREATE""},{""file"":""/home/jan/development/ProsperOrPerishConstructor/mod/Prosper or Perish (Population Growth & Food Rework)/in_game/common/building_types/zz_pp_wali_songo_shrine.txt"",""layer_id"":""constructor"",""layer_name"":""Prosper or Perish Constructor"",""line"":2,""mod_name"":""Prosper or Perish Constructor"",""mode"":""INJECT""}]"
zhixian,government_category,,,,,,,,unresolved,nobles,,minor_noble_employment,1,[],[],"[""zhixian_maintenance""]","[[""zhixian_maintenance""]]",/home/jan/development/ProsperOrPerishConstructor/mod/Prosper or Perish (Population Growth & Food Rework)/in_game/common/building_types/zz_pp_zhixian.txt,2,constructor,Prosper or Perish Constructor,INJECT,"[{""file"":""/mnt/c/Games/steamapps/common/Europa Universalis V/game/in_game/common/building_types/unique_buildings.txt"",""layer_id"":""vanilla"",""layer_name"":""Vanilla"",""line"":4859,""mod_name"":null,""mode"":""CREATE""},{""file"":""/home/jan/development/ProsperOrPerishConstructor/mod/Prosper or Perish (Population Growth & Food Rework)/in_game/common/building_types/zz_pp_zhixian.txt"",""layer_id"":""constructor"",""layer_name"":""Prosper or Perish Constructor"",""line"":2,""mod_name"":""Prosper or Perish Constructor"",""mode"":""INJECT""}]"
seljuk_mint,government_category,,,,,,,,unresolved,burghers,,large_foreign_trade_employment,4,[],[],"[""seljuk_mint_maintenance""]","[[""seljuk_mint_maintenance""]]",/home/jan/development/ProsperOrPerishConstructor/mod/Prosper or Perish (Population Growth & Food Rework)/in_game/common/building_types/zz_pp_seljuk_mint.txt,2,constructor,Prosper or Perish Constructor,INJECT,"[{""file"":""/mnt/c/Games/steamapps/common/Europa Universalis V/game/in_game/common/building_types/unique_buildings.txt"",""layer_id"":""vanilla"",""layer_name"":""Vanilla"",""line"":4911,""mod_name"":null,""mode"":""CREATE""},{""file"":""/home/jan/development/ProsperOrPerishConstructor/mod/Prosper or Perish (Population Growth & Food Rework)/in_game/common/building_types/zz_pp_seljuk_mint.txt"",""layer_id"":""constructor"",""layer_name"":""Prosper or Perish Constructor"",""line"":2,""mod_name"":""Prosper or Perish Constructor"",""mode"":""INJECT""}]"
tur_kodjabashi_office,government_category,,,,,,,,unresolved,nobles,,minor_noble_employment,1,[],[],"[""tur_kodjabashi_office_maintenance""]","[[""tur_kodjabashi_office_maintenance""]]",/home/jan/development/ProsperOrPerishConstructor/mod/Prosper or Perish (Population Growth & Food Rework)/in_game/common/building_types/zz_pp_tur_kodjabashi_office.txt,2,constructor,Prosper or Perish Constructor,INJECT,"[{""file"":""/mnt/c/Games/steamapps/common/Europa Universalis V/game/in_game/common/building_types/unique_buildings.txt"",""layer_id"":""vanilla"",""layer_name"":""Vanilla"",""line"":4995,""mod_name"":null,""mode"":""CREATE""},{""file"":""/home/jan/development/ProsperOrPerishConstructor/mod/Prosper or Perish (Population Growth & Food Rework)/in_game/common/building_types/zz_pp_tur_kodjabashi_office.txt"",""layer_id"":""constructor"",""layer_name"":""Prosper or Perish Constructor"",""line"":2,""mod_name"":""Prosper or Perish Constructor"",""mode"":""INJECT""}]"
qalat_al_mashwar,cultural_category,,,,,,,,unresolved,nobles,,normal_noble_employment,2,[],"[""qalat_al_mashwar_maintenance""]",[],[],/home/jan/development/ProsperOrPerishConstructor/mod/Prosper or Perish (Population Growth & Food Rework)/in_game/common/building_types/zz_pp_qalat_al_mashwar.txt,2,constructor,Prosper or Perish Constructor,INJECT,"[{""file"":""/mnt/c/Games/steamapps/common/Europa Universalis V/game/in_game/common/building_types/unique_buildings.txt"",""layer_id"":""vanilla"",""layer_name"":""Vanilla"",""line"":5055,""mod_name"":null,""mode"":""CREATE""},{""file"":""/home/jan/development/ProsperOrPerishConstructor/mod/Prosper or Perish (Population Growth & Food Rework)/in_game/common/building_types/zz_pp_qalat_al_mashwar.txt"",""layer_id"":""constructor"",""layer_name"":""Prosper or Perish Constructor"",""line"":2,""mod_name"":""Prosper or Perish Constructor"",""mode"":""INJECT""}]"
german_river_toll_castle,trade_category,,,,,,,,unresolved,burghers,,small_burgher_employment,1,[],"[""basic_castle_maintenance""]",[],[],/home/jan/development/ProsperOrPerishConstructor/mod/Prosper or Perish (Population Growth & Food Rework)/in_game/common/building_types/zz_pp_german_river_toll_castle.txt,2,constructor,Prosper or Perish Constructor,INJECT,"[{""file"":""/mnt/c/Games/steamapps/common/Europa Universalis V/game/in_game/common/building_types/unique_buildings.txt"",""layer_id"":""vanilla"",""layer_name"":""Vanilla"",""line"":5087,""mod_name"":null,""mode"":""CREATE""},{""file"":""/home/jan/development/ProsperOrPerishConstructor/mod/Prosper or Perish (Population Growth & Food Rework)/in_game/common/building_types/zz_pp_german_river_toll_castle.txt"",""layer_id"":""constructor"",""layer_name"":""Prosper or Perish Constructor"",""line"":2,""mod_name"":""Prosper or Perish Constructor"",""mode"":""INJECT""}]"
german_mountain_toll_castle,trade_category,,,,,,,,unresolved,burghers,,small_burgher_employment,1,[],"[""basic_castle_maintenance""]",[],[],/home/jan/development/ProsperOrPerishConstructor/mod/Prosper or Perish (Population Growth & Food Rework)/in_game/common/building_types/zz_pp_german_mountain_toll_castle.txt,2,constructor,Prosper or Perish Constructor,INJECT,"[{""file"":""/mnt/c/Games/steamapps/common/Europa Universalis V/game/in_game/common/building_types/unique_buildings.txt"",""layer_id"":""vanilla"",""layer_name"":""Vanilla"",""line"":5129,""mod_name"":null,""mode"":""CREATE""},{""file"":""/home/jan/development/ProsperOrPerishConstructor/mod/Prosper or Perish (Population Growth & Food Rework)/in_game/common/building_types/zz_pp_german_mountain_toll_castle.txt"",""layer_id"":""constructor"",""layer_name"":""Prosper or Perish Constructor"",""line"":2,""mod_name"":""Prosper or Perish Constructor"",""mode"":""INJECT""}]"
hippodrome,cultural_category,,build_hippodrome_price,2000.0,/mnt/c/Games/steamapps/common/Europa Universalis V/game/in_game/common/prices/01_buildings.txt,build_hippodrome_price,2000.0,/mnt/c/Games/steamapps/common/Europa Universalis V/game/in_game/common/prices/01_buildings.txt,explicit,laborers,,construction_employment,1,[],"[""hippodrome_maintenance""]",[],[],/home/jan/development/ProsperOrPerishConstructor/mod/Prosper or Perish (Population Growth & Food Rework)/in_game/common/building_types/zz_pp_hippodrome.txt,2,constructor,Prosper or Perish Constructor,INJECT,"[{""file"":""/mnt/c/Games/steamapps/common/Europa Universalis V/game/in_game/common/building_types/unique_buildings.txt"",""layer_id"":""vanilla"",""layer_name"":""Vanilla"",""line"":5172,""mod_name"":null,""mode"":""CREATE""},{""file"":""/home/jan/development/ProsperOrPerishConstructor/mod/Prosper or Perish (Population Growth & Food Rework)/in_game/common/building_types/zz_pp_hippodrome.txt"",""layer_id"":""constructor"",""layer_name"":""Prosper or Perish Constructor"",""line"":2,""mod_name"":""Prosper or Perish Constructor"",""mode"":""INJECT""}]"
porto_pisano,naval_category,,,,,,,,unresolved,burghers,,trade_employment,porto_pisano_max_level,[],[],"[""porto_pisano_maintenance""]","[[""porto_pisano_maintenance""]]",/home/jan/development/ProsperOrPerishConstructor/mod/Prosper or Perish (Population Growth & Food Rework)/in_game/common/building_types/zz_pp_porto_pisano.txt,2,constructor,Prosper or Perish Constructor,INJECT,"[{""file"":""/mnt/c/Games/steamapps/common/Europa Universalis V/game/in_game/common/building_types/unique_buildings.txt"",""layer_id"":""vanilla"",""layer_name"":""Vanilla"",""line"":5214,""mod_name"":null,""mode"":""CREATE""},{""file"":""/home/jan/development/ProsperOrPerishConstructor/mod/Prosper or Perish (Population Growth & Food Rework)/in_game/common/building_types/zz_pp_porto_pisano.txt"",""layer_id"":""constructor"",""layer_name"":""Prosper or Perish Constructor"",""line"":2,""mod_name"":""Prosper or Perish Constructor"",""mode"":""INJECT""}]"
gymnasium_building,cultural_category,,,,,,,,unresolved,clergy,,huge_religious_building_employment,1,[],"[""pp_university_maintenance""]",[],[],/home/jan/development/ProsperOrPerishConstructor/mod/Prosper or Perish (Population Growth & Food Rework)/in_game/common/building_types/pp_culture_building_adjustments.txt,105,constructor,Prosper or Perish Constructor,REPLACE,"[{""file"":""/home/jan/development/ProsperOrPerishConstructor/mod/Prosper or Perish (Population Growth & Food Rework)/in_game/common/building_types/pp_culture_building_adjustments.txt"",""layer_id"":""constructor"",""layer_name"":""Prosper or Perish Constructor"",""line"":105,""mod_name"":""Prosper or Perish Constructor"",""mode"":""REPLACE""}]"
hsa_burgtor,defense_category,,,,,,,,unresolved,soldiers,,castle_employment,2,[],"[""burgtor_maintenance""]",[],[],/home/jan/development/ProsperOrPerishConstructor/mod/Prosper or Perish (Population Growth & Food Rework)/in_game/common/building_types/zz_pp_hsa_burgtor.txt,2,constructor,Prosper or Perish Constructor,INJECT,"[{""file"":""/mnt/c/Games/steamapps/common/Europa Universalis V/game/in_game/common/building_types/unique_buildings.txt"",""layer_id"":""vanilla"",""layer_name"":""Vanilla"",""line"":5318,""mod_name"":null,""mode"":""CREATE""},{""file"":""/home/jan/development/ProsperOrPerishConstructor/mod/Prosper or Perish (Population Growth & Food Rework)/in_game/common/building_types/zz_pp_hsa_burgtor.txt"",""layer_id"":""constructor"",""layer_name"":""Prosper or Perish Constructor"",""line"":2,""mod_name"":""Prosper or Perish Constructor"",""mode"":""INJECT""}]"
toll_castle,estate_category,,,,,,,,unresolved,nobles,,minor_noble_employment,estate_building_single_level,[],"[""estate_building_input""]",[],[],/home/jan/development/ProsperOrPerishConstructor/mod/Prosper or Perish (Population Growth & Food Rework)/in_game/common/building_types/zz_pp_toll_castle.txt,2,constructor,Prosper or Perish Constructor,INJECT,"[{""file"":""/home/jan/development/ProsperOrPerishConstructor/mod/Prosper or Perish (Population Growth & Food Rework)/in_game/common/building_types/estate_buildings.txt"",""layer_id"":""constructor"",""layer_name"":""Prosper or Perish Constructor"",""line"":4,""mod_name"":""Prosper or Perish Constructor"",""mode"":""CREATE""},{""file"":""/home/jan/development/ProsperOrPerishConstructor/mod/Prosper or Perish (Population Growth & Food Rework)/in_game/common/building_types/zz_pp_toll_castle.txt"",""layer_id"":""constructor"",""layer_name"":""Prosper or Perish Constructor"",""line"":2,""mod_name"":""Prosper or Perish Constructor"",""mode"":""INJECT""}]"
nobility_fortifications,estate_category,,,,,,,,unresolved,nobles,,minor_noble_employment,estate_building_single_level,[],"[""estate_building_input""]",[],[],/home/jan/development/ProsperOrPerishConstructor/mod/Prosper or Perish (Population Growth & Food Rework)/in_game/common/building_types/zz_pp_nobility_fortifications.txt,2,constructor,Prosper or Perish Constructor,INJECT,"[{""file"":""/home/jan/development/ProsperOrPerishConstructor/mod/Prosper or Perish (Population Growth & Food Rework)/in_game/common/building_types/estate_buildings.txt"",""layer_id"":""constructor"",""layer_name"":""Prosper or Perish Constructor"",""line"":43,""mod_name"":""Prosper or Perish Constructor"",""mode"":""CREATE""},{""file"":""/home/jan/development/ProsperOrPerishConstructor/mod/Prosper or Perish (Population Growth & Food Rework)/in_game/common/building_types/zz_pp_nobility_fortifications.txt"",""layer_id"":""constructor"",""layer_name"":""Prosper or Perish Constructor"",""line"":2,""mod_name"":""Prosper or Perish Constructor"",""mode"":""INJECT""}]"
rotten_borough,estate_category,,,,,,,,unresolved,nobles,,minor_noble_employment,estate_building_single_level,[],"[""estate_building_input""]",[],[],/home/jan/development/ProsperOrPerishConstructor/mod/Prosper or Perish (Population Growth & Food Rework)/in_game/common/building_types/zz_pp_rotten_borough.txt,2,constructor,Prosper or Perish Constructor,INJECT,"[{""file"":""/home/jan/development/ProsperOrPerishConstructor/mod/Prosper or Perish (Population Growth & Food Rework)/in_game/common/building_types/estate_buildings.txt"",""layer_id"":""constructor"",""layer_name"":""Prosper or Perish Constructor"",""line"":85,""mod_name"":""Prosper or Perish Constructor"",""mode"":""CREATE""},{""file"":""/home/jan/development/ProsperOrPerishConstructor/mod/Prosper or Perish (Population Growth & Food Rework)/in_game/common/building_types/zz_pp_rotten_borough.txt"",""layer_id"":""constructor"",""layer_name"":""Prosper or Perish Constructor"",""line"":2,""mod_name"":""Prosper or Perish Constructor"",""mode"":""INJECT""}]"
noble_villa,estate_category,,,,,,,,unresolved,nobles,,minor_noble_employment,estate_building_stackable_level,[],"[""estate_building_input""]",[],[],/home/jan/development/ProsperOrPerishConstructor/mod/Prosper or Perish (Population Growth & Food Rework)/in_game/common/building_types/zz_pp_noble_villa.txt,2,constructor,Prosper or Perish Constructor,INJECT,"[{""file"":""/home/jan/development/ProsperOrPerishConstructor/mod/Prosper or Perish (Population Growth & Food Rework)/in_game/common/building_types/estate_buildings.txt"",""layer_id"":""constructor"",""layer_name"":""Prosper or Perish Constructor"",""line"":140,""mod_name"":""Prosper or Perish Constructor"",""mode"":""CREATE""},{""file"":""/home/jan/development/ProsperOrPerishConstructor/mod/Prosper or Perish (Population Growth & Food Rework)/in_game/common/building_types/zz_pp_noble_villa.txt"",""layer_id"":""constructor"",""layer_name"":""Prosper or Perish Constructor"",""line"":2,""mod_name"":""Prosper or Perish Constructor"",""mode"":""INJECT""}]"
local_noble_delegation,estate_category,,,,,,,,unresolved,nobles,,estate_nobles_employment,estate_building_single_level,[],"[""estate_building_input""]",[],[],/home/jan/development/ProsperOrPerishConstructor/mod/Prosper or Perish (Population Growth & Food Rework)/in_game/common/building_types/zz_pp_local_noble_delegation.txt,2,constructor,Prosper or Perish Constructor,INJECT,"[{""file"":""/home/jan/development/ProsperOrPerishConstructor/mod/Prosper or Perish (Population Growth & Food Rework)/in_game/common/building_types/estate_buildings.txt"",""layer_id"":""constructor"",""layer_name"":""Prosper or Perish Constructor"",""line"":176,""mod_name"":""Prosper or Perish Constructor"",""mode"":""CREATE""},{""file"":""/home/jan/development/ProsperOrPerishConstructor/mod/Prosper or Perish (Population Growth & Food Rework)/in_game/common/building_types/zz_pp_local_noble_delegation.txt"",""layer_id"":""constructor"",""layer_name"":""Prosper or Perish Constructor"",""line"":2,""mod_name"":""Prosper or Perish Constructor"",""mode"":""INJECT""}]"
nobles_recruitment_center,estate_category,,,,,,,,unresolved,nobles,,minor_noble_employment,estate_building_single_level,[],"[""estate_building_input""]",[],[],/home/jan/development/ProsperOrPerishConstructor/mod/Prosper or Perish (Population Growth & Food Rework)/in_game/common/building_types/zz_pp_nobles_recruitment_center.txt,2,constructor,Prosper or Perish Constructor,INJECT,"[{""file"":""/home/jan/development/ProsperOrPerishConstructor/mod/Prosper or Perish (Population Growth & Food Rework)/in_game/common/building_types/estate_buildings.txt"",""layer_id"":""constructor"",""layer_name"":""Prosper or Perish Constructor"",""line"":212,""mod_name"":""Prosper or Perish Constructor"",""mode"":""CREATE""},{""file"":""/home/jan/development/ProsperOrPerishConstructor/mod/Prosper or Perish (Population Growth & Food Rework)/in_game/common/building_types/zz_pp_nobles_recruitment_center.txt"",""layer_id"":""constructor"",""layer_name"":""Prosper or Perish Constructor"",""line"":2,""mod_name"":""Prosper or Perish Constructor"",""mode"":""INJECT""}]"
local_estates,estate_category,,,,,,,,unresolved,nobles,,tiny_estate_noble_employment,estate_building_stackable_level,[],"[""estate_building_input""]",[],[],/home/jan/development/ProsperOrPerishConstructor/mod/Prosper or Perish (Population Growth & Food Rework)/in_game/common/building_types/zz_pp_local_estates.txt,2,constructor,Prosper or Perish Constructor,INJECT,"[{""file"":""/home/jan/development/ProsperOrPerishConstructor/mod/Prosper or Perish (Population Growth & Food Rework)/in_game/common/building_types/estate_buildings.txt"",""layer_id"":""constructor"",""layer_name"":""Prosper or Perish Constructor"",""line"":251,""mod_name"":""Prosper or Perish Constructor"",""mode"":""CREATE""},{""file"":""/home/jan/development/ProsperOrPerishConstructor/mod/Prosper or Perish (Population Growth & Food Rework)/in_game/common/building_types/zz_pp_local_estates.txt"",""layer_id"":""constructor"",""layer_name"":""Prosper or Perish Constructor"",""line"":2,""mod_name"":""Prosper or Perish Constructor"",""mode"":""INJECT""}]"
noble_courts,estate_category,,,,,,,,unresolved,nobles,,minor_noble_employment,estate_building_single_level,[],"[""estate_building_input""]",[],[],/home/jan/development/ProsperOrPerishConstructor/mod/Prosper or Perish (Population Growth & Food Rework)/in_game/common/building_types/zz_pp_noble_courts.txt,2,constructor,Prosper or Perish Constructor,INJECT,"[{""file"":""/home/jan/development/ProsperOrPerishConstructor/mod/Prosper or Perish (Population Growth & Food Rework)/in_game/common/building_types/estate_buildings.txt"",""layer_id"":""constructor"",""layer_name"":""Prosper or Perish Constructor"",""line"":287,""mod_name"":""Prosper or Perish Constructor"",""mode"":""CREATE""},{""file"":""/home/jan/development/ProsperOrPerishConstructor/mod/Prosper or Perish (Population Growth & Food Rework)/in_game/common/building_types/zz_pp_noble_courts.txt"",""layer_id"":""constructor"",""layer_name"":""Prosper or Perish Constructor"",""line"":2,""mod_name"":""Prosper or Perish Constructor"",""mode"":""INJECT""}]"
nobles_mansion,estate_category,,,,,,,,unresolved,nobles,,minor_noble_employment,estate_building_single_level,[],"[""estate_building_input""]",[],[],/home/jan/development/ProsperOrPerishConstructor/mod/Prosper or Perish (Population Growth & Food Rework)/in_game/common/building_types/zz_pp_nobles_mansion.txt,2,constructor,Prosper or Perish Constructor,INJECT,"[{""file"":""/home/jan/development/ProsperOrPerishConstructor/mod/Prosper or Perish (Population Growth & Food Rework)/in_game/common/building_types/estate_buildings.txt"",""layer_id"":""constructor"",""layer_name"":""Prosper or Perish Constructor"",""line"":320,""mod_name"":""Prosper or Perish Constructor"",""mode"":""CREATE""},{""file"":""/home/jan/development/ProsperOrPerishConstructor/mod/Prosper or Perish (Population Growth & Food Rework)/in_game/common/building_types/zz_pp_nobles_mansion.txt"",""layer_id"":""constructor"",""layer_name"":""Prosper or Perish Constructor"",""line"":2,""mod_name"":""Prosper or Perish Constructor"",""mode"":""INJECT""}]"
nobled_sponsored_temple,estate_category,,,,,,,,unresolved,clergy,,estate_clergy_employment,estate_building_single_level,[],"[""estate_building_input""]",[],[],/home/jan/development/ProsperOrPerishConstructor/mod/Prosper or Perish (Population Growth & Food Rework)/in_game/common/building_types/zz_pp_nobled_sponsored_temple.txt,2,constructor,Prosper or Perish Constructor,INJECT,"[{""file"":""/home/jan/development/ProsperOrPerishConstructor/mod/Prosper or Perish (Population Growth & Food Rework)/in_game/common/building_types/estate_buildings.txt"",""layer_id"":""constructor"",""layer_name"":""Prosper or Perish Constructor"",""line"":356,""mod_name"":""Prosper or Perish Constructor"",""mode"":""CREATE""},{""file"":""/home/jan/development/ProsperOrPerishConstructor/mod/Prosper or Perish (Population Growth & Food Rework)/in_game/common/building_types/zz_pp_nobled_sponsored_temple.txt"",""layer_id"":""constructor"",""layer_name"":""Prosper or Perish Constructor"",""line"":2,""mod_name"":""Prosper or Perish Constructor"",""mode"":""INJECT""}]"
cathedral,estate_category,,expensive_estate_building,400.0,/mnt/c/Games/steamapps/common/Europa Universalis V/game/in_game/common/prices/01_buildings.txt,expensive_estate_building,400.0,/mnt/c/Games/steamapps/common/Europa Universalis V/game/in_game/common/prices/01_buildings.txt,explicit,clergy,,cathedral_building_employment,1,[],"[""estate_building_input""]",[],[],/home/jan/development/ProsperOrPerishConstructor/mod/Prosper or Perish (Population Growth & Food Rework)/in_game/common/building_types/zz_pp_cathedral.txt,2,constructor,Prosper or Perish Constructor,INJECT,"[{""file"":""/home/jan/development/ProsperOrPerishConstructor/mod/Prosper or Perish (Population Growth & Food Rework)/in_game/common/building_types/estate_buildings.txt"",""layer_id"":""constructor"",""layer_name"":""Prosper or Perish Constructor"",""line"":401,""mod_name"":""Prosper or Perish Constructor"",""mode"":""CREATE""},{""file"":""/home/jan/development/ProsperOrPerishConstructor/mod/Prosper or Perish (Population Growth & Food Rework)/in_game/common/building_types/zz_pp_cathedral.txt"",""layer_id"":""constructor"",""layer_name"":""Prosper or Perish Constructor"",""line"":2,""mod_name"":""Prosper or Perish Constructor"",""mode"":""INJECT""}]"
parish_church,estate_category,,,,,,,,unresolved,clergy,,estate_clergy_employment,estate_building_single_level,[],"[""estate_building_input""]",[],[],/home/jan/development/ProsperOrPerishConstructor/mod/Prosper or Perish (Population Growth & Food Rework)/in_game/common/building_types/zz_pp_parish_church.txt,2,constructor,Prosper or Perish Constructor,INJECT,"[{""file"":""/home/jan/development/ProsperOrPerishConstructor/mod/Prosper or Perish (Population Growth & Food Rework)/in_game/common/building_types/estate_buildings.txt"",""layer_id"":""constructor"",""layer_name"":""Prosper or Perish Constructor"",""line"":458,""mod_name"":""Prosper or Perish Constructor"",""mode"":""CREATE""},{""file"":""/home/jan/development/ProsperOrPerishConstructor/mod/Prosper or Perish (Population Growth & Food Rework)/in_game/common/building_types/zz_pp_parish_church.txt"",""layer_id"":""constructor"",""layer_name"":""Prosper or Perish Constructor"",""line"":2,""mod_name"":""Prosper or Perish Constructor"",""mode"":""INJECT""}]"
local_shrine,estate_category,,,,,,,,unresolved,clergy,,estate_clergy_employment,estate_building_single_level,[],"[""estate_building_input""]",[],[],/home/jan/development/ProsperOrPerishConstructor/mod/Prosper or Perish (Population Growth & Food Rework)/in_game/common/building_types/zz_pp_local_shrine.txt,2,constructor,Prosper or Perish Constructor,INJECT,"[{""file"":""/home/jan/development/ProsperOrPerishConstructor/mod/Prosper or Perish (Population Growth & Food Rework)/in_game/common/building_types/estate_buildings.txt"",""layer_id"":""constructor"",""layer_name"":""Prosper or Perish Constructor"",""line"":500,""mod_name"":""Prosper or Perish Constructor"",""mode"":""CREATE""},{""file"":""/home/jan/development/ProsperOrPerishConstructor/mod/Prosper or Perish (Population Growth & Food Rework)/in_game/common/building_types/zz_pp_local_shrine.txt"",""layer_id"":""constructor"",""layer_name"":""Prosper or Perish Constructor"",""line"":2,""mod_name"":""Prosper or Perish Constructor"",""mode"":""INJECT""}]"
clerical_archives,estate_category,,,,,,,,unresolved,clergy,,estate_clergy_employment,estate_building_single_level,[],"[""estate_building_input""]",[],[],/home/jan/development/ProsperOrPerishConstructor/mod/Prosper or Perish (Population Growth & Food Rework)/in_game/common/building_types/zz_pp_clerical_archives.txt,2,constructor,Prosper or Perish Constructor,INJECT,"[{""file"":""/home/jan/development/ProsperOrPerishConstructor/mod/Prosper or Perish (Population Growth & Food Rework)/in_game/common/building_types/estate_buildings.txt"",""layer_id"":""constructor"",""layer_name"":""Prosper or Perish Constructor"",""line"":536,""mod_name"":""Prosper or Perish Constructor"",""mode"":""CREATE""},{""file"":""/home/jan/development/ProsperOrPerishConstructor/mod/Prosper or Perish (Population Growth & Food Rework)/in_game/common/building_types/zz_pp_clerical_archives.txt"",""layer_id"":""constructor"",""layer_name"":""Prosper or Perish Constructor"",""line"":2,""mod_name"":""Prosper or Perish Constructor"",""mode"":""INJECT""}]"
spiritual_retreat,estate_category,,,,,,,,unresolved,clergy,,estate_clergy_employment,estate_building_single_level,[],"[""estate_building_input""]",[],[],/home/jan/development/ProsperOrPerishConstructor/mod/Prosper or Perish (Population Growth & Food Rework)/in_game/common/building_types/zz_pp_spiritual_retreat.txt,2,constructor,Prosper or Perish Constructor,INJECT,"[{""file"":""/home/jan/development/ProsperOrPerishConstructor/mod/Prosper or Perish (Population Growth & Food Rework)/in_game/common/building_types/estate_buildings.txt"",""layer_id"":""constructor"",""layer_name"":""Prosper or Perish Constructor"",""line"":574,""mod_name"":""Prosper or Perish Constructor"",""mode"":""CREATE""},{""file"":""/home/jan/development/ProsperOrPerishConstructor/mod/Prosper or Perish (Population Growth & Food Rework)/in_game/common/building_types/zz_pp_spiritual_retreat.txt"",""layer_id"":""constructor"",""layer_name"":""Prosper or Perish Constructor"",""line"":2,""mod_name"":""Prosper or Perish Constructor"",""mode"":""INJECT""}]"
warrior_monks_training_grounds,estate_category,,,,,,,,unresolved,soldiers,,manpower_employment,estate_building_single_level,[],"[""estate_building_input""]",[],[],/home/jan/development/ProsperOrPerishConstructor/mod/Prosper or Perish (Population Growth & Food Rework)/in_game/common/building_types/zz_pp_warrior_monks_training_grounds.txt,2,constructor,Prosper or Perish Constructor,INJECT,"[{""file"":""/home/jan/development/ProsperOrPerishConstructor/mod/Prosper or Perish (Population Growth & Food Rework)/in_game/common/building_types/estate_buildings.txt"",""layer_id"":""constructor"",""layer_name"":""Prosper or Perish Constructor"",""line"":620,""mod_name"":""Prosper or Perish Constructor"",""mode"":""CREATE""},{""file"":""/home/jan/development/ProsperOrPerishConstructor/mod/Prosper or Perish (Population Growth & Food Rework)/in_game/common/building_types/zz_pp_warrior_monks_training_grounds.txt"",""layer_id"":""constructor"",""layer_name"":""Prosper or Perish Constructor"",""line"":2,""mod_name"":""Prosper or Perish Constructor"",""mode"":""INJECT""}]"
guild_hall,estate_category,,,,,,,,unresolved,burghers,,estate_burgher_employment,estate_building_single_level,[],"[""estate_building_input""]",[],[],/home/jan/development/ProsperOrPerishConstructor/mod/Prosper or Perish (Population Growth & Food Rework)/in_game/common/building_types/zz_pp_guild_hall.txt,2,constructor,Prosper or Perish Constructor,INJECT,"[{""file"":""/home/jan/development/ProsperOrPerishConstructor/mod/Prosper or Perish (Population Growth & Food Rework)/in_game/common/building_types/estate_buildings.txt"",""layer_id"":""constructor"",""layer_name"":""Prosper or Perish Constructor"",""line"":668,""mod_name"":""Prosper or Perish Constructor"",""mode"":""CREATE""},{""file"":""/home/jan/development/ProsperOrPerishConstructor/mod/Prosper or Perish (Population Growth & Food Rework)/in_game/common/building_types/zz_pp_guild_hall.txt"",""layer_id"":""constructor"",""layer_name"":""Prosper or Perish Constructor"",""line"":2,""mod_name"":""Prosper or Perish Constructor"",""mode"":""INJECT""}]"
merchants_guild,estate_category,,,,,,,,unresolved,burghers,,estate_burgher_employment,estate_building_single_level,[],"[""estate_building_input""]",[],[],/home/jan/development/ProsperOrPerishConstructor/mod/Prosper or Perish (Population Growth & Food Rework)/in_game/common/building_types/zz_pp_merchants_guild.txt,2,constructor,Prosper or Perish Constructor,INJECT,"[{""file"":""/home/jan/development/ProsperOrPerishConstructor/mod/Prosper or Perish (Population Growth & Food Rework)/in_game/common/building_types/estate_buildings.txt"",""layer_id"":""constructor"",""layer_name"":""Prosper or Perish Constructor"",""line"":707,""mod_name"":""Prosper or Perish Constructor"",""mode"":""CREATE""},{""file"":""/home/jan/development/ProsperOrPerishConstructor/mod/Prosper or Perish (Population Growth & Food Rework)/in_game/common/building_types/zz_pp_merchants_guild.txt"",""layer_id"":""constructor"",""layer_name"":""Prosper or Perish Constructor"",""line"":2,""mod_name"":""Prosper or Perish Constructor"",""mode"":""INJECT""}]"
local_markets,estate_category,,,,,,,,unresolved,burghers,,estate_burgher_employment,estate_building_single_level,[],"[""estate_building_input""]",[],[],/home/jan/development/ProsperOrPerishConstructor/mod/Prosper or Perish (Population Growth & Food Rework)/in_game/common/building_types/zz_pp_local_markets.txt,2,constructor,Prosper or Perish Constructor,INJECT,"[{""file"":""/home/jan/development/ProsperOrPerishConstructor/mod/Prosper or Perish (Population Growth & Food Rework)/in_game/common/building_types/estate_buildings.txt"",""layer_id"":""constructor"",""layer_name"":""Prosper or Perish Constructor"",""line"":747,""mod_name"":""Prosper or Perish Constructor"",""mode"":""CREATE""},{""file"":""/home/jan/development/ProsperOrPerishConstructor/mod/Prosper or Perish (Population Growth & Food Rework)/in_game/common/building_types/zz_pp_local_markets.txt"",""layer_id"":""constructor"",""layer_name"":""Prosper or Perish Constructor"",""line"":2,""mod_name"":""Prosper or Perish Constructor"",""mode"":""INJECT""}]"
burgher_mansion,estate_category,,,,,,,,unresolved,burghers,,minor_burgher_employment,estate_building_single_level,[],"[""estate_building_input""]",[],[],/home/jan/development/ProsperOrPerishConstructor/mod/Prosper or Perish (Population Growth & Food Rework)/in_game/common/building_types/zz_pp_burgher_mansion.txt,2,constructor,Prosper or Perish Constructor,INJECT,"[{""file"":""/home/jan/development/ProsperOrPerishConstructor/mod/Prosper or Perish (Population Growth & Food Rework)/in_game/common/building_types/estate_buildings.txt"",""layer_id"":""constructor"",""layer_name"":""Prosper or Perish Constructor"",""line"":781,""mod_name"":""Prosper or Perish Constructor"",""mode"":""CREATE""},{""file"":""/home/jan/development/ProsperOrPerishConstructor/mod/Prosper or Perish (Population Growth & Food Rework)/in_game/common/building_types/zz_pp_burgher_mansion.txt"",""layer_id"":""constructor"",""layer_name"":""Prosper or Perish Constructor"",""line"":2,""mod_name"":""Prosper or Perish Constructor"",""mode"":""INJECT""}]"
artisan_guilds,estate_category,,,,,,,,unresolved,burghers,,minor_burgher_employment,estate_building_stackable_level,[],"[""estate_building_input""]",[],[],/home/jan/development/ProsperOrPerishConstructor/mod/Prosper or Perish (Population Growth & Food Rework)/in_game/common/building_types/zz_pp_artisan_guilds.txt,2,constructor,Prosper or Perish Constructor,INJECT,"[{""file"":""/home/jan/development/ProsperOrPerishConstructor/mod/Prosper or Perish (Population Growth & Food Rework)/in_game/common/building_types/estate_buildings.txt"",""layer_id"":""constructor"",""layer_name"":""Prosper or Perish Constructor"",""line"":814,""mod_name"":""Prosper or Perish Constructor"",""mode"":""CREATE""},{""file"":""/home/jan/development/ProsperOrPerishConstructor/mod/Prosper or Perish (Population Growth & Food Rework)/in_game/common/building_types/zz_pp_artisan_guilds.txt"",""layer_id"":""constructor"",""layer_name"":""Prosper or Perish Constructor"",""line"":2,""mod_name"":""Prosper or Perish Constructor"",""mode"":""INJECT""}]"
local_assembly,estate_category,,,,,,,,unresolved,peasants,,estate_peasants_employment,estate_building_single_level,[],"[""estate_building_input""]",[],[],/home/jan/development/ProsperOrPerishConstructor/mod/Prosper or Perish (Population Growth & Food Rework)/in_game/common/building_types/zz_pp_local_assembly.txt,2,constructor,Prosper or Perish Constructor,INJECT,"[{""file"":""/home/jan/development/ProsperOrPerishConstructor/mod/Prosper or Perish (Population Growth & Food Rework)/in_game/common/building_types/estate_buildings.txt"",""layer_id"":""constructor"",""layer_name"":""Prosper or Perish Constructor"",""line"":851,""mod_name"":""Prosper or Perish Constructor"",""mode"":""CREATE""},{""file"":""/home/jan/development/ProsperOrPerishConstructor/mod/Prosper or Perish (Population Growth & Food Rework)/in_game/common/building_types/zz_pp_local_assembly.txt"",""layer_id"":""constructor"",""layer_name"":""Prosper or Perish Constructor"",""line"":2,""mod_name"":""Prosper or Perish Constructor"",""mode"":""INJECT""}]"
pirate_haven,estate_category,,,,,,,,unresolved,peasants,,estate_peasants_employment,estate_building_single_level,[],"[""estate_building_input""]",[],[],/home/jan/development/ProsperOrPerishConstructor/mod/Prosper or Perish (Population Growth & Food Rework)/in_game/common/building_types/zz_pp_pirate_haven.txt,2,constructor,Prosper or Perish Constructor,INJECT,"[{""file"":""/home/jan/development/ProsperOrPerishConstructor/mod/Prosper or Perish (Population Growth & Food Rework)/in_game/common/building_types/estate_buildings.txt"",""layer_id"":""constructor"",""layer_name"":""Prosper or Perish Constructor"",""line"":885,""mod_name"":""Prosper or Perish Constructor"",""mode"":""CREATE""},{""file"":""/home/jan/development/ProsperOrPerishConstructor/mod/Prosper or Perish (Population Growth & Food Rework)/in_game/common/building_types/zz_pp_pirate_haven.txt"",""layer_id"":""constructor"",""layer_name"":""Prosper or Perish Constructor"",""line"":2,""mod_name"":""Prosper or Perish Constructor"",""mode"":""INJECT""}]"
peasants_training_grounds,estate_category,,,,,,,,unresolved,peasants,,estate_manpower_employment,estate_building_single_level,[],"[""estate_building_input""]",[],[],/home/jan/development/ProsperOrPerishConstructor/mod/Prosper or Perish (Population Growth & Food Rework)/in_game/common/building_types/zz_pp_peasants_training_grounds.txt,2,constructor,Prosper or Perish Constructor,INJECT,"[{""file"":""/home/jan/development/ProsperOrPerishConstructor/mod/Prosper or Perish (Population Growth & Food Rework)/in_game/common/building_types/estate_buildings.txt"",""layer_id"":""constructor"",""layer_name"":""Prosper or Perish Constructor"",""line"":940,""mod_name"":""Prosper or Perish Constructor"",""mode"":""CREATE""},{""file"":""/home/jan/development/ProsperOrPerishConstructor/mod/Prosper or Perish (Population Growth & Food Rework)/in_game/common/building_types/zz_pp_peasants_training_grounds.txt"",""layer_id"":""constructor"",""layer_name"":""Prosper or Perish Constructor"",""line"":2,""mod_name"":""Prosper or Perish Constructor"",""mode"":""INJECT""}]"
festival_grounds,estate_category,,,,,,,,unresolved,peasants,,estate_peasants_employment,estate_building_single_level,[],"[""estate_building_input""]",[],[],/home/jan/development/ProsperOrPerishConstructor/mod/Prosper or Perish (Population Growth & Food Rework)/in_game/common/building_types/zz_pp_festival_grounds.txt,2,constructor,Prosper or Perish Constructor,INJECT,"[{""file"":""/home/jan/development/ProsperOrPerishConstructor/mod/Prosper or Perish (Population Growth & Food Rework)/in_game/common/building_types/estate_buildings.txt"",""layer_id"":""constructor"",""layer_name"":""Prosper or Perish Constructor"",""line"":974,""mod_name"":""Prosper or Perish Constructor"",""mode"":""CREATE""},{""file"":""/home/jan/development/ProsperOrPerishConstructor/mod/Prosper or Perish (Population Growth & Food Rework)/in_game/common/building_types/zz_pp_festival_grounds.txt"",""layer_id"":""constructor"",""layer_name"":""Prosper or Perish Constructor"",""line"":2,""mod_name"":""Prosper or Perish Constructor"",""mode"":""INJECT""}]"
peasants_hunting_grounds,estate_category,,,,,,,,unresolved,peasants,,estate_peasants_employment,estate_building_single_level,[],"[""estate_building_input""]",[],[],/home/jan/development/ProsperOrPerishConstructor/mod/Prosper or Perish (Population Growth & Food Rework)/in_game/common/building_types/zz_pp_peasants_hunting_grounds.txt,2,constructor,Prosper or Perish Constructor,INJECT,"[{""file"":""/home/jan/development/ProsperOrPerishConstructor/mod/Prosper or Perish (Population Growth & Food Rework)/in_game/common/building_types/estate_buildings.txt"",""layer_id"":""constructor"",""layer_name"":""Prosper or Perish Constructor"",""line"":1009,""mod_name"":""Prosper or Perish Constructor"",""mode"":""CREATE""},{""file"":""/home/jan/development/ProsperOrPerishConstructor/mod/Prosper or Perish (Population Growth & Food Rework)/in_game/common/building_types/zz_pp_peasants_hunting_grounds.txt"",""layer_id"":""constructor"",""layer_name"":""Prosper or Perish Constructor"",""line"":2,""mod_name"":""Prosper or Perish Constructor"",""mode"":""INJECT""}]"
local_schools,estate_category,,,,,,,,unresolved,peasants,,estate_peasants_employment,estate_building_single_level,[],"[""estate_building_input""]",[],[],/home/jan/development/ProsperOrPerishConstructor/mod/Prosper or Perish (Population Growth & Food Rework)/in_game/common/building_types/zz_pp_local_schools.txt,2,constructor,Prosper or Perish Constructor,INJECT,"[{""file"":""/home/jan/development/ProsperOrPerishConstructor/mod/Prosper or Perish (Population Growth & Food Rework)/in_game/common/building_types/estate_buildings.txt"",""layer_id"":""constructor"",""layer_name"":""Prosper or Perish Constructor"",""line"":1053,""mod_name"":""Prosper or Perish Constructor"",""mode"":""CREATE""},{""file"":""/home/jan/development/ProsperOrPerishConstructor/mod/Prosper or Perish (Population Growth & Food Rework)/in_game/common/building_types/zz_pp_local_schools.txt"",""layer_id"":""constructor"",""layer_name"":""Prosper or Perish Constructor"",""line"":2,""mod_name"":""Prosper or Perish Constructor"",""mode"":""INJECT""}]"
local_newspaper,estate_category,,,,,,,,unresolved,burghers,,estate_burgher_employment,estate_building_single_level,[],"[""estate_building_input""]",[],[],/home/jan/development/ProsperOrPerishConstructor/mod/Prosper or Perish (Population Growth & Food Rework)/in_game/common/building_types/zz_pp_local_newspaper.txt,2,constructor,Prosper or Perish Constructor,INJECT,"[{""file"":""/home/jan/development/ProsperOrPerishConstructor/mod/Prosper or Perish (Population Growth & Food Rework)/in_game/common/building_types/estate_buildings.txt"",""layer_id"":""constructor"",""layer_name"":""Prosper or Perish Constructor"",""line"":1090,""mod_name"":""Prosper or Perish Constructor"",""mode"":""CREATE""},{""file"":""/home/jan/development/ProsperOrPerishConstructor/mod/Prosper or Perish (Population Growth & Food Rework)/in_game/common/building_types/zz_pp_local_newspaper.txt"",""layer_id"":""constructor"",""layer_name"":""Prosper or Perish Constructor"",""line"":2,""mod_name"":""Prosper or Perish Constructor"",""mode"":""INJECT""}]"
free_village,estate_category,,,,,,,,unresolved,peasants,,estate_peasants_employment,estate_building_stackable_level,[],"[""estate_building_input""]",[],[],/home/jan/development/ProsperOrPerishConstructor/mod/Prosper or Perish (Population Growth & Food Rework)/in_game/common/building_types/zz_pp_free_village.txt,2,constructor,Prosper or Perish Constructor,INJECT,"[{""file"":""/home/jan/development/ProsperOrPerishConstructor/mod/Prosper or Perish (Population Growth & Food Rework)/in_game/common/building_types/estate_buildings.txt"",""layer_id"":""constructor"",""layer_name"":""Prosper or Perish Constructor"",""line"":1127,""mod_name"":""Prosper or Perish Constructor"",""mode"":""CREATE""},{""file"":""/home/jan/development/ProsperOrPerishConstructor/mod/Prosper or Perish (Population Growth & Food Rework)/in_game/common/building_types/zz_pp_free_village.txt"",""layer_id"":""constructor"",""layer_name"":""Prosper or Perish Constructor"",""line"":2,""mod_name"":""Prosper or Perish Constructor"",""mode"":""INJECT""}]"
cantonments,military_category,,,,,,,,unresolved,soldiers,,manpower_employment,1,[],"[""soldier_building_maintenance""]",[],[],/home/jan/development/ProsperOrPerishConstructor/mod/Prosper or Perish (Population Growth & Food Rework)/in_game/common/building_types/zz_pp_cantonments.txt,2,constructor,Prosper or Perish Constructor,INJECT,"[{""file"":""/home/jan/development/ProsperOrPerishConstructor/mod/Prosper or Perish (Population Growth & Food Rework)/in_game/common/building_types/event_only_buildings.txt"",""layer_id"":""constructor"",""layer_name"":""Prosper or Perish Constructor"",""line"":2,""mod_name"":""Prosper or Perish Constructor"",""mode"":""CREATE""},{""file"":""/home/jan/development/ProsperOrPerishConstructor/mod/Prosper or Perish (Population Growth & Food Rework)/in_game/common/building_types/zz_pp_cantonments.txt"",""layer_id"":""constructor"",""layer_name"":""Prosper or Perish Constructor"",""line"":2,""mod_name"":""Prosper or Perish Constructor"",""mode"":""INJECT""}]"
grand_palace,cultural_category,,,,,,,,unresolved,nobles,,noble_cultural_employment,1,[],"[""early_capital_building_maintenance"",""early_capital_building_silver_maintenance""]",[],[],/home/jan/development/ProsperOrPerishConstructor/mod/Prosper or Perish (Population Growth & Food Rework)/in_game/common/building_types/zz_pp_grand_palace.txt,2,constructor,Prosper or Perish Constructor,INJECT,"[{""file"":""/home/jan/development/ProsperOrPerishConstructor/mod/Prosper or Perish (Population Growth & Food Rework)/in_game/common/building_types/event_only_buildings.txt"",""layer_id"":""constructor"",""layer_name"":""Prosper or Perish Constructor"",""line"":42,""mod_name"":""Prosper or Perish Constructor"",""mode"":""CREATE""},{""file"":""/home/jan/development/ProsperOrPerishConstructor/mod/Prosper or Perish (Population Growth & Food Rework)/in_game/common/building_types/zz_pp_grand_palace.txt"",""layer_id"":""constructor"",""layer_name"":""Prosper or Perish Constructor"",""line"":2,""mod_name"":""Prosper or Perish Constructor"",""mode"":""INJECT""}]"
great_madrasa,religious_category,,,,,,,,unresolved,clergy,,huge_religious_building_employment,1,[],[],"[""great_madrasa_maintenance""]","[[""great_madrasa_maintenance""]]",/home/jan/development/ProsperOrPerishConstructor/mod/Prosper or Perish (Population Growth & Food Rework)/in_game/common/building_types/zz_pp_great_madrasa.txt,2,constructor,Prosper or Perish Constructor,INJECT,"[{""file"":""/home/jan/development/ProsperOrPerishConstructor/mod/Prosper or Perish (Population Growth & Food Rework)/in_game/common/building_types/event_only_buildings.txt"",""layer_id"":""constructor"",""layer_name"":""Prosper or Perish Constructor"",""line"":88,""mod_name"":""Prosper or Perish Constructor"",""mode"":""CREATE""},{""file"":""/home/jan/development/ProsperOrPerishConstructor/mod/Prosper or Perish (Population Growth & Food Rework)/in_game/common/building_types/zz_pp_great_madrasa.txt"",""layer_id"":""constructor"",""layer_name"":""Prosper or Perish Constructor"",""line"":2,""mod_name"":""Prosper or Perish Constructor"",""mode"":""INJECT""}]"
tibetan_great_monastery,religious_category,,,,,,,,unresolved,clergy,,huge_religious_building_employment,1,[],"[""temple_maintenance""]",[],[],/home/jan/development/ProsperOrPerishConstructor/mod/Prosper or Perish (Population Growth & Food Rework)/in_game/common/building_types/zz_pp_tibetan_great_monastery.txt,2,constructor,Prosper or Perish Constructor,INJECT,"[{""file"":""/home/jan/development/ProsperOrPerishConstructor/mod/Prosper or Perish (Population Growth & Food Rework)/in_game/common/building_types/event_only_buildings.txt"",""layer_id"":""constructor"",""layer_name"":""Prosper or Perish Constructor"",""line"":145,""mod_name"":""Prosper or Perish Constructor"",""mode"":""CREATE""},{""file"":""/home/jan/development/ProsperOrPerishConstructor/mod/Prosper or Perish (Population Growth & Food Rework)/in_game/common/building_types/zz_pp_tibetan_great_monastery.txt"",""layer_id"":""constructor"",""layer_name"":""Prosper or Perish Constructor"",""line"":2,""mod_name"":""Prosper or Perish Constructor"",""mode"":""INJECT""}]"
tower_of_belem,defense_category,,,,,,,,unresolved,soldiers,,castle_employment,1,[],"[""basic_castle_maintenance""]",[],[],/home/jan/development/ProsperOrPerishConstructor/mod/Prosper or Perish (Population Growth & Food Rework)/in_game/common/building_types/zz_pp_tower_of_belem.txt,2,constructor,Prosper or Perish Constructor,INJECT,"[{""file"":""/home/jan/development/ProsperOrPerishConstructor/mod/Prosper or Perish (Population Growth & Food Rework)/in_game/common/building_types/event_only_buildings.txt"",""layer_id"":""constructor"",""layer_name"":""Prosper or Perish Constructor"",""line"":195,""mod_name"":""Prosper or Perish Constructor"",""mode"":""CREATE""},{""file"":""/home/jan/development/ProsperOrPerishConstructor/mod/Prosper or Perish (Population Growth & Food Rework)/in_game/common/building_types/zz_pp_tower_of_belem.txt"",""layer_id"":""constructor"",""layer_name"":""Prosper or Perish Constructor"",""line"":2,""mod_name"":""Prosper or Perish Constructor"",""mode"":""INJECT""}]"
fortezza_di_sant_andrea,defense_category,,,,,,,,unresolved,soldiers,,castle_employment,1,[],"[""basic_castle_maintenance""]",[],[],/home/jan/development/ProsperOrPerishConstructor/mod/Prosper or Perish (Population Growth & Food Rework)/in_game/common/building_types/zz_pp_fortezza_di_sant_andrea.txt,2,constructor,Prosper or Perish Constructor,INJECT,"[{""file"":""/home/jan/development/ProsperOrPerishConstructor/mod/Prosper or Perish (Population Growth & Food Rework)/in_game/common/building_types/event_only_buildings.txt"",""layer_id"":""constructor"",""layer_name"":""Prosper or Perish Constructor"",""line"":233,""mod_name"":""Prosper or Perish Constructor"",""mode"":""CREATE""},{""file"":""/home/jan/development/ProsperOrPerishConstructor/mod/Prosper or Perish (Population Growth & Food Rework)/in_game/common/building_types/zz_pp_fortezza_di_sant_andrea.txt"",""layer_id"":""constructor"",""layer_name"":""Prosper or Perish Constructor"",""line"":2,""mod_name"":""Prosper or Perish Constructor"",""mode"":""INJECT""}]"
great_temple_of_tenochtitlan,religious_category,,,,,,,,unresolved,clergy,,large_religious_building_employment,7,[],"[""temple_maintenance""]",[],[],/home/jan/development/ProsperOrPerishConstructor/mod/Prosper or Perish (Population Growth & Food Rework)/in_game/common/building_types/zz_pp_great_temple_of_tenochtitlan.txt,2,constructor,Prosper or Perish Constructor,INJECT,"[{""file"":""/home/jan/development/ProsperOrPerishConstructor/mod/Prosper or Perish (Population Growth & Food Rework)/in_game/common/building_types/event_only_buildings.txt"",""layer_id"":""constructor"",""layer_name"":""Prosper or Perish Constructor"",""line"":272,""mod_name"":""Prosper or Perish Constructor"",""mode"":""CREATE""},{""file"":""/home/jan/development/ProsperOrPerishConstructor/mod/Prosper or Perish (Population Growth & Food Rework)/in_game/common/building_types/zz_pp_great_temple_of_tenochtitlan.txt"",""layer_id"":""constructor"",""layer_name"":""Prosper or Perish Constructor"",""line"":2,""mod_name"":""Prosper or Perish Constructor"",""mode"":""INJECT""}]"
corporation_of_london,government_category,,,,,,,,unresolved,burghers,,large_burgher_employment,1,[],"[""estate_building_input""]",[],[],/home/jan/development/ProsperOrPerishConstructor/mod/Prosper or Perish (Population Growth & Food Rework)/in_game/common/building_types/zz_pp_corporation_of_london.txt,2,constructor,Prosper or Perish Constructor,INJECT,"[{""file"":""/home/jan/development/ProsperOrPerishConstructor/mod/Prosper or Perish (Population Growth & Food Rework)/in_game/common/building_types/event_only_buildings.txt"",""layer_id"":""constructor"",""layer_name"":""Prosper or Perish Constructor"",""line"":324,""mod_name"":""Prosper or Perish Constructor"",""mode"":""CREATE""},{""file"":""/home/jan/development/ProsperOrPerishConstructor/mod/Prosper or Perish (Population Growth & Food Rework)/in_game/common/building_types/zz_pp_corporation_of_london.txt"",""layer_id"":""constructor"",""layer_name"":""Prosper or Perish Constructor"",""line"":2,""mod_name"":""Prosper or Perish Constructor"",""mode"":""INJECT""}]"
grand_apartment,government_category,,,,,,,,unresolved,nobles,,noble_cultural_employment,1,[],[],"[""grand_apartment_maintenance""]","[[""grand_apartment_maintenance""]]",/home/jan/development/ProsperOrPerishConstructor/mod/Prosper or Perish (Population Growth & Food Rework)/in_game/common/building_types/zz_pp_grand_apartment.txt,2,constructor,Prosper or Perish Constructor,INJECT,"[{""file"":""/home/jan/development/ProsperOrPerishConstructor/mod/Prosper or Perish (Population Growth & Food Rework)/in_game/common/building_types/event_only_buildings.txt"",""layer_id"":""constructor"",""layer_name"":""Prosper or Perish Constructor"",""line"":361,""mod_name"":""Prosper or Perish Constructor"",""mode"":""CREATE""},{""file"":""/home/jan/development/ProsperOrPerishConstructor/mod/Prosper or Perish (Population Growth & Food Rework)/in_game/common/building_types/zz_pp_grand_apartment.txt"",""layer_id"":""constructor"",""layer_name"":""Prosper or Perish Constructor"",""line"":2,""mod_name"":""Prosper or Perish Constructor"",""mode"":""INJECT""}]"
sanssouci,cultural_category,,,,,,,,unresolved,nobles,,noble_cultural_employment,1,[],"[""capital_building_maintenance""]",[],[],/home/jan/development/ProsperOrPerishConstructor/mod/Prosper or Perish (Population Growth & Food Rework)/in_game/common/building_types/zz_pp_sanssouci.txt,2,constructor,Prosper or Perish Constructor,INJECT,"[{""file"":""/home/jan/development/ProsperOrPerishConstructor/mod/Prosper or Perish (Population Growth & Food Rework)/in_game/common/building_types/event_only_buildings.txt"",""layer_id"":""constructor"",""layer_name"":""Prosper or Perish Constructor"",""line"":402,""mod_name"":""Prosper or Perish Constructor"",""mode"":""CREATE""},{""file"":""/home/jan/development/ProsperOrPerishConstructor/mod/Prosper or Perish (Population Growth & Food Rework)/in_game/common/building_types/zz_pp_sanssouci.txt"",""layer_id"":""constructor"",""layer_name"":""Prosper or Perish Constructor"",""line"":2,""mod_name"":""Prosper or Perish Constructor"",""mode"":""INJECT""}]"
berlin_palace,cultural_category,,,,,,,,unresolved,nobles,,noble_cultural_employment,1,[],"[""early_capital_building_maintenance"",""early_capital_building_silver_maintenance""]",[],[],/home/jan/development/ProsperOrPerishConstructor/mod/Prosper or Perish (Population Growth & Food Rework)/in_game/common/building_types/zz_pp_berlin_palace.txt,2,constructor,Prosper or Perish Constructor,INJECT,"[{""file"":""/home/jan/development/ProsperOrPerishConstructor/mod/Prosper or Perish (Population Growth & Food Rework)/in_game/common/building_types/event_only_buildings.txt"",""layer_id"":""constructor"",""layer_name"":""Prosper or Perish Constructor"",""line"":442,""mod_name"":""Prosper or Perish Constructor"",""mode"":""CREATE""},{""file"":""/home/jan/development/ProsperOrPerishConstructor/mod/Prosper or Perish (Population Growth & Food Rework)/in_game/common/building_types/zz_pp_berlin_palace.txt"",""layer_id"":""constructor"",""layer_name"":""Prosper or Perish Constructor"",""line"":2,""mod_name"":""Prosper or Perish Constructor"",""mode"":""INJECT""}]"
versailles,cultural_category,,,,,,,,unresolved,nobles,,insane_noble_employment,1,[],"[""capital_building_maintenance""]",[],[],/home/jan/development/ProsperOrPerishConstructor/mod/Prosper or Perish (Population Growth & Food Rework)/in_game/common/building_types/zz_pp_versailles.txt,2,constructor,Prosper or Perish Constructor,INJECT,"[{""file"":""/home/jan/development/ProsperOrPerishConstructor/mod/Prosper or Perish (Population Growth & Food Rework)/in_game/common/building_types/event_only_buildings.txt"",""layer_id"":""constructor"",""layer_name"":""Prosper or Perish Constructor"",""line"":483,""mod_name"":""Prosper or Perish Constructor"",""mode"":""CREATE""},{""file"":""/home/jan/development/ProsperOrPerishConstructor/mod/Prosper or Perish (Population Growth & Food Rework)/in_game/common/building_types/zz_pp_versailles.txt"",""layer_id"":""constructor"",""layer_name"":""Prosper or Perish Constructor"",""line"":2,""mod_name"":""Prosper or Perish Constructor"",""mode"":""INJECT""}]"
enderun_academy,military_category,,,,,,,,unresolved,soldiers,,manpower_100_employment,1,[],[],"[""endrun_academy_maintenance""]","[[""endrun_academy_maintenance""]]",/home/jan/development/ProsperOrPerishConstructor/mod/Prosper or Perish (Population Growth & Food Rework)/in_game/common/building_types/zz_pp_enderun_academy.txt,2,constructor,Prosper or Perish Constructor,INJECT,"[{""file"":""/home/jan/development/ProsperOrPerishConstructor/mod/Prosper or Perish (Population Growth & Food Rework)/in_game/common/building_types/event_only_buildings.txt"",""layer_id"":""constructor"",""layer_name"":""Prosper or Perish Constructor"",""line"":527,""mod_name"":""Prosper or Perish Constructor"",""mode"":""CREATE""},{""file"":""/home/jan/development/ProsperOrPerishConstructor/mod/Prosper or Perish (Population Growth & Food Rework)/in_game/common/building_types/zz_pp_enderun_academy.txt"",""layer_id"":""constructor"",""layer_name"":""Prosper or Perish Constructor"",""line"":2,""mod_name"":""Prosper or Perish Constructor"",""mode"":""INJECT""}]"
imperial_halic_shipyards,military_category,,,,,,,,unresolved,soldiers,,dry_dock_employment,1,[],[],"[""imperial_halic_shipyards_maintenance""]","[[""imperial_halic_shipyards_maintenance""]]",/home/jan/development/ProsperOrPerishConstructor/mod/Prosper or Perish (Population Growth & Food Rework)/in_game/common/building_types/zz_pp_imperial_halic_shipyards.txt,2,constructor,Prosper or Perish Constructor,INJECT,"[{""file"":""/home/jan/development/ProsperOrPerishConstructor/mod/Prosper or Perish (Population Growth & Food Rework)/in_game/common/building_types/event_only_buildings.txt"",""layer_id"":""constructor"",""layer_name"":""Prosper or Perish Constructor"",""line"":577,""mod_name"":""Prosper or Perish Constructor"",""mode"":""CREATE""},{""file"":""/home/jan/development/ProsperOrPerishConstructor/mod/Prosper or Perish (Population Growth & Food Rework)/in_game/common/building_types/zz_pp_imperial_halic_shipyards.txt"",""layer_id"":""constructor"",""layer_name"":""Prosper or Perish Constructor"",""line"":2,""mod_name"":""Prosper or Perish Constructor"",""mode"":""INJECT""}]"
rock_of_monaco,cultural_category,,,,,,,,unresolved,nobles,,huge_noble_employment,1,[],"[""early_capital_building_maintenance"",""early_capital_building_silver_maintenance""]",[],[],/home/jan/development/ProsperOrPerishConstructor/mod/Prosper or Perish (Population Growth & Food Rework)/in_game/common/building_types/zz_pp_rock_of_monaco.txt,2,constructor,Prosper or Perish Constructor,INJECT,"[{""file"":""/home/jan/development/ProsperOrPerishConstructor/mod/Prosper or Perish (Population Growth & Food Rework)/in_game/common/building_types/event_only_buildings.txt"",""layer_id"":""constructor"",""layer_name"":""Prosper or Perish Constructor"",""line"":626,""mod_name"":""Prosper or Perish Constructor"",""mode"":""CREATE""},{""file"":""/home/jan/development/ProsperOrPerishConstructor/mod/Prosper or Perish (Population Growth & Food Rework)/in_game/common/building_types/zz_pp_rock_of_monaco.txt"",""layer_id"":""constructor"",""layer_name"":""Prosper or Perish Constructor"",""line"":2,""mod_name"":""Prosper or Perish Constructor"",""mode"":""INJECT""}]"
llotja_seda,trade_category,,,,,,,,unresolved,burghers,,guild_employment,1,[],[],"[""llotja_seda_maintenance""]","[[""llotja_seda_maintenance""]]",/home/jan/development/ProsperOrPerishConstructor/mod/Prosper or Perish (Population Growth & Food Rework)/in_game/common/building_types/zz_pp_llotja_seda.txt,2,constructor,Prosper or Perish Constructor,INJECT,"[{""file"":""/home/jan/development/ProsperOrPerishConstructor/mod/Prosper or Perish (Population Growth & Food Rework)/in_game/common/building_types/event_only_buildings.txt"",""layer_id"":""constructor"",""layer_name"":""Prosper or Perish Constructor"",""line"":665,""mod_name"":""Prosper or Perish Constructor"",""mode"":""CREATE""},{""file"":""/home/jan/development/ProsperOrPerishConstructor/mod/Prosper or Perish (Population Growth & Food Rework)/in_game/common/building_types/zz_pp_llotja_seda.txt"",""layer_id"":""constructor"",""layer_name"":""Prosper or Perish Constructor"",""line"":2,""mod_name"":""Prosper or Perish Constructor"",""mode"":""INJECT""}]"
camara_comptos,government_category,,,,,,,,unresolved,burghers,,small_burgher_employment,1,[],"[""capital_administration_maintenance""]",[],[],/home/jan/development/ProsperOrPerishConstructor/mod/Prosper or Perish (Population Growth & Food Rework)/in_game/common/building_types/zz_pp_camara_comptos.txt,2,constructor,Prosper or Perish Constructor,INJECT,"[{""file"":""/home/jan/development/ProsperOrPerishConstructor/mod/Prosper or Perish (Population Growth & Food Rework)/in_game/common/building_types/event_only_buildings.txt"",""layer_id"":""constructor"",""layer_name"":""Prosper or Perish Constructor"",""line"":708,""mod_name"":""Prosper or Perish Constructor"",""mode"":""CREATE""},{""file"":""/home/jan/development/ProsperOrPerishConstructor/mod/Prosper or Perish (Population Growth & Food Rework)/in_game/common/building_types/zz_pp_camara_comptos.txt"",""layer_id"":""constructor"",""layer_name"":""Prosper or Perish Constructor"",""line"":2,""mod_name"":""Prosper or Perish Constructor"",""mode"":""INJECT""}]"
zwinger,government_category,,,,,,,,unresolved,nobles,,normal_noble_employment,1,[],"[""early_capital_building_maintenance"",""early_capital_building_silver_maintenance""]",[],[],/home/jan/development/ProsperOrPerishConstructor/mod/Prosper or Perish (Population Growth & Food Rework)/in_game/common/building_types/zz_pp_zwinger.txt,2,constructor,Prosper or Perish Constructor,INJECT,"[{""file"":""/home/jan/development/ProsperOrPerishConstructor/mod/Prosper or Perish (Population Growth & Food Rework)/in_game/common/building_types/event_only_buildings.txt"",""layer_id"":""constructor"",""layer_name"":""Prosper or Perish Constructor"",""line"":757,""mod_name"":""Prosper or Perish Constructor"",""mode"":""CREATE""},{""file"":""/home/jan/development/ProsperOrPerishConstructor/mod/Prosper or Perish (Population Growth & Food Rework)/in_game/common/building_types/zz_pp_zwinger.txt"",""layer_id"":""constructor"",""layer_name"":""Prosper or Perish Constructor"",""line"":2,""mod_name"":""Prosper or Perish Constructor"",""mode"":""INJECT""}]"
globe_theatre,cultural_category,,,,,,,,unresolved,burghers,,cultural_employment,1,[],[],"[""globe_theater_maintenance""]","[[""globe_theater_maintenance""]]",/home/jan/development/ProsperOrPerishConstructor/mod/Prosper or Perish (Population Growth & Food Rework)/in_game/common/building_types/zz_pp_globe_theatre.txt,2,constructor,Prosper or Perish Constructor,INJECT,"[{""file"":""/home/jan/development/ProsperOrPerishConstructor/mod/Prosper or Perish (Population Growth & Food Rework)/in_game/common/building_types/event_only_buildings.txt"",""layer_id"":""constructor"",""layer_name"":""Prosper or Perish Constructor"",""line"":809,""mod_name"":""Prosper or Perish Constructor"",""mode"":""CREATE""},{""file"":""/home/jan/development/ProsperOrPerishConstructor/mod/Prosper or Perish (Population Growth & Food Rework)/in_game/common/building_types/zz_pp_globe_theatre.txt"",""layer_id"":""constructor"",""layer_name"":""Prosper or Perish Constructor"",""line"":2,""mod_name"":""Prosper or Perish Constructor"",""mode"":""INJECT""}]"
schwaz_mine,rgo_building_category,,,,,,,,unresolved,laborers,1.0,,1,[],[],"[""pp_schwaz_mine_schwaz_mine_maintenance""]","[[""pp_schwaz_mine_schwaz_mine_maintenance""]]",/home/jan/development/ProsperOrPerishConstructor/mod/Prosper or Perish (Population Growth & Food Rework)/in_game/common/building_types/zz_pp_schwaz_mine.txt,2,constructor,Prosper or Perish Constructor,REPLACE,"[{""file"":""/home/jan/development/ProsperOrPerishConstructor/mod/Prosper or Perish (Population Growth & Food Rework)/in_game/common/building_types/zz_pp_schwaz_mine.txt"",""layer_id"":""constructor"",""layer_name"":""Prosper or Perish Constructor"",""line"":2,""mod_name"":""Prosper or Perish Constructor"",""mode"":""REPLACE""}]"
urban_parliament_seat,government_category,,,,,,,,unresolved,burghers,,generic_burgher_employment,1,[],[],[],[],/home/jan/development/ProsperOrPerishConstructor/mod/Prosper or Perish (Population Growth & Food Rework)/in_game/common/building_types/pp_gold_to_jewelry_buildings.txt,3,constructor,Prosper or Perish Constructor,REPLACE,"[{""file"":""/home/jan/development/ProsperOrPerishConstructor/mod/Prosper or Perish (Population Growth & Food Rework)/in_game/common/building_types/pp_gold_to_jewelry_buildings.txt"",""layer_id"":""constructor"",""layer_name"":""Prosper or Perish Constructor"",""line"":3,""mod_name"":""Prosper or Perish Constructor"",""mode"":""REPLACE""}]"
ribeira_das_naus,military_category,,,,,,,,unresolved,burghers,,dry_dock_employment,1,[],[],"[""ribeira_das_naus_maintenance""]","[[""ribeira_das_naus_maintenance""]]",/home/jan/development/ProsperOrPerishConstructor/mod/Prosper or Perish (Population Growth & Food Rework)/in_game/common/building_types/zz_pp_ribeira_das_naus.txt,2,constructor,Prosper or Perish Constructor,INJECT,"[{""file"":""/home/jan/development/ProsperOrPerishConstructor/mod/Prosper or Perish (Population Growth & Food Rework)/in_game/common/building_types/event_only_buildings.txt"",""layer_id"":""constructor"",""layer_name"":""Prosper or Perish Constructor"",""line"":983,""mod_name"":""Prosper or Perish Constructor"",""mode"":""CREATE""},{""file"":""/home/jan/development/ProsperOrPerishConstructor/mod/Prosper or Perish (Population Growth & Food Rework)/in_game/common/building_types/zz_pp_ribeira_das_naus.txt"",""layer_id"":""constructor"",""layer_name"":""Prosper or Perish Constructor"",""line"":2,""mod_name"":""Prosper or Perish Constructor"",""mode"":""INJECT""}]"
papal_archives,government_category,,,,,,,,unresolved,clergy,,huge_religious_building_employment,1,[],"[""library_maintenance""]",[],[],/home/jan/development/ProsperOrPerishConstructor/mod/Prosper or Perish (Population Growth & Food Rework)/in_game/common/building_types/zz_pp_papal_archives.txt,2,constructor,Prosper or Perish Constructor,INJECT,"[{""file"":""/home/jan/development/ProsperOrPerishConstructor/mod/Prosper or Perish (Population Growth & Food Rework)/in_game/common/building_types/event_only_buildings.txt"",""layer_id"":""constructor"",""layer_name"":""Prosper or Perish Constructor"",""line"":1033,""mod_name"":""Prosper or Perish Constructor"",""mode"":""CREATE""},{""file"":""/home/jan/development/ProsperOrPerishConstructor/mod/Prosper or Perish (Population Growth & Food Rework)/in_game/common/building_types/zz_pp_papal_archives.txt"",""layer_id"":""constructor"",""layer_name"":""Prosper or Perish Constructor"",""line"":2,""mod_name"":""Prosper or Perish Constructor"",""mode"":""INJECT""}]"
adm_vatican_library,cultural_category,,,,,,,,unresolved,clergy,,huge_religious_building_employment,1,[],"[""library_maintenance""]",[],[],/home/jan/development/ProsperOrPerishConstructor/mod/Prosper or Perish (Population Growth & Food Rework)/in_game/common/building_types/zz_pp_adm_vatican_library.txt,2,constructor,Prosper or Perish Constructor,INJECT,"[{""file"":""/home/jan/development/ProsperOrPerishConstructor/mod/Prosper or Perish (Population Growth & Food Rework)/in_game/common/building_types/event_only_buildings.txt"",""layer_id"":""constructor"",""layer_name"":""Prosper or Perish Constructor"",""line"":1067,""mod_name"":""Prosper or Perish Constructor"",""mode"":""CREATE""},{""file"":""/home/jan/development/ProsperOrPerishConstructor/mod/Prosper or Perish (Population Growth & Food Rework)/in_game/common/building_types/zz_pp_adm_vatican_library.txt"",""layer_id"":""constructor"",""layer_name"":""Prosper or Perish Constructor"",""line"":2,""mod_name"":""Prosper or Perish Constructor"",""mode"":""INJECT""}]"
dip_vatican_library,cultural_category,,,,,,,,unresolved,clergy,,huge_religious_building_employment,1,[],"[""library_maintenance""]",[],[],/home/jan/development/ProsperOrPerishConstructor/mod/Prosper or Perish (Population Growth & Food Rework)/in_game/common/building_types/zz_pp_dip_vatican_library.txt,2,constructor,Prosper or Perish Constructor,INJECT,"[{""file"":""/home/jan/development/ProsperOrPerishConstructor/mod/Prosper or Perish (Population Growth & Food Rework)/in_game/common/building_types/event_only_buildings.txt"",""layer_id"":""constructor"",""layer_name"":""Prosper or Perish Constructor"",""line"":1096,""mod_name"":""Prosper or Perish Constructor"",""mode"":""CREATE""},{""file"":""/home/jan/development/ProsperOrPerishConstructor/mod/Prosper or Perish (Population Growth & Food Rework)/in_game/common/building_types/zz_pp_dip_vatican_library.txt"",""layer_id"":""constructor"",""layer_name"":""Prosper or Perish Constructor"",""line"":2,""mod_name"":""Prosper or Perish Constructor"",""mode"":""INJECT""}]"
mil_vatican_library,cultural_category,,,,,,,,unresolved,clergy,,huge_religious_building_employment,1,[],"[""library_maintenance""]",[],[],/home/jan/development/ProsperOrPerishConstructor/mod/Prosper or Perish (Population Growth & Food Rework)/in_game/common/building_types/zz_pp_mil_vatican_library.txt,2,constructor,Prosper or Perish Constructor,INJECT,"[{""file"":""/home/jan/development/ProsperOrPerishConstructor/mod/Prosper or Perish (Population Growth & Food Rework)/in_game/common/building_types/event_only_buildings.txt"",""layer_id"":""constructor"",""layer_name"":""Prosper or Perish Constructor"",""line"":1125,""mod_name"":""Prosper or Perish Constructor"",""mode"":""CREATE""},{""file"":""/home/jan/development/ProsperOrPerishConstructor/mod/Prosper or Perish (Population Growth & Food Rework)/in_game/common/building_types/zz_pp_mil_vatican_library.txt"",""layer_id"":""constructor"",""layer_name"":""Prosper or Perish Constructor"",""line"":2,""mod_name"":""Prosper or Perish Constructor"",""mode"":""INJECT""}]"
wisselbank,trade_category,,,,,,,,unresolved,burghers,,generic_burgher_employment,1,[],[],"[""wissel_bank_maintenance""]","[[""wissel_bank_maintenance""]]",/home/jan/development/ProsperOrPerishConstructor/mod/Prosper or Perish (Population Growth & Food Rework)/in_game/common/building_types/zz_pp_wisselbank.txt,2,constructor,Prosper or Perish Constructor,INJECT,"[{""file"":""/home/jan/development/ProsperOrPerishConstructor/mod/Prosper or Perish (Population Growth & Food Rework)/in_game/common/building_types/event_only_buildings.txt"",""layer_id"":""constructor"",""layer_name"":""Prosper or Perish Constructor"",""line"":1155,""mod_name"":""Prosper or Perish Constructor"",""mode"":""CREATE""},{""file"":""/home/jan/development/ProsperOrPerishConstructor/mod/Prosper or Perish (Population Growth & Food Rework)/in_game/common/building_types/zz_pp_wisselbank.txt"",""layer_id"":""constructor"",""layer_name"":""Prosper or Perish Constructor"",""line"":2,""mod_name"":""Prosper or Perish Constructor"",""mode"":""INJECT""}]"
riksbank,trade_category,,,,,,,,unresolved,burghers,,generic_burgher_employment,1,[],[],"[""riksbank_maintenance""]","[[""riksbank_maintenance""]]",/home/jan/development/ProsperOrPerishConstructor/mod/Prosper or Perish (Population Growth & Food Rework)/in_game/common/building_types/zz_pp_riksbank.txt,2,constructor,Prosper or Perish Constructor,INJECT,"[{""file"":""/home/jan/development/ProsperOrPerishConstructor/mod/Prosper or Perish (Population Growth & Food Rework)/in_game/common/building_types/event_only_buildings.txt"",""layer_id"":""constructor"",""layer_name"":""Prosper or Perish Constructor"",""line"":1203,""mod_name"":""Prosper or Perish Constructor"",""mode"":""CREATE""},{""file"":""/home/jan/development/ProsperOrPerishConstructor/mod/Prosper or Perish (Population Growth & Food Rework)/in_game/common/building_types/zz_pp_riksbank.txt"",""layer_id"":""constructor"",""layer_name"":""Prosper or Perish Constructor"",""line"":2,""mod_name"":""Prosper or Perish Constructor"",""mode"":""INJECT""}]"
bolshoi_theater,cultural_category,,,,,,,,unresolved,burghers,,cultural_employment,1,[],[],"[""bolshoi_theater_maintenance""]","[[""bolshoi_theater_maintenance""]]",/home/jan/development/ProsperOrPerishConstructor/mod/Prosper or Perish (Population Growth & Food Rework)/in_game/common/building_types/zz_pp_bolshoi_theater.txt,2,constructor,Prosper or Perish Constructor,INJECT,"[{""file"":""/home/jan/development/ProsperOrPerishConstructor/mod/Prosper or Perish (Population Growth & Food Rework)/in_game/common/building_types/event_only_buildings.txt"",""layer_id"":""constructor"",""layer_name"":""Prosper or Perish Constructor"",""line"":1251,""mod_name"":""Prosper or Perish Constructor"",""mode"":""CREATE""},{""file"":""/home/jan/development/ProsperOrPerishConstructor/mod/Prosper or Perish (Population Growth & Food Rework)/in_game/common/building_types/zz_pp_bolshoi_theater.txt"",""layer_id"":""constructor"",""layer_name"":""Prosper or Perish Constructor"",""line"":2,""mod_name"":""Prosper or Perish Constructor"",""mode"":""INJECT""}]"
archive_of_the_indies,trade_category,,,,,,,,unresolved,burghers,,trade_employment,1,[],"[""port_authority_maintenance""]",[],[],/home/jan/development/ProsperOrPerishConstructor/mod/Prosper or Perish (Population Growth & Food Rework)/in_game/common/building_types/zz_pp_archive_of_the_indies.txt,2,constructor,Prosper or Perish Constructor,INJECT,"[{""file"":""/home/jan/development/ProsperOrPerishConstructor/mod/Prosper or Perish (Population Growth & Food Rework)/in_game/common/building_types/event_only_buildings.txt"",""layer_id"":""constructor"",""layer_name"":""Prosper or Perish Constructor"",""line"":1311,""mod_name"":""Prosper or Perish Constructor"",""mode"":""CREATE""},{""file"":""/home/jan/development/ProsperOrPerishConstructor/mod/Prosper or Perish (Population Growth & Food Rework)/in_game/common/building_types/zz_pp_archive_of_the_indies.txt"",""layer_id"":""constructor"",""layer_name"":""Prosper or Perish Constructor"",""line"":2,""mod_name"":""Prosper or Perish Constructor"",""mode"":""INJECT""}]"
bodrum_castle,defense_category,,,,,,,,unresolved,clergy,,huge_religious_building_employment,1,[],"[""basic_castle_maintenance""]",[],[],/home/jan/development/ProsperOrPerishConstructor/mod/Prosper or Perish (Population Growth & Food Rework)/in_game/common/building_types/zz_pp_bodrum_castle.txt,2,constructor,Prosper or Perish Constructor,INJECT,"[{""file"":""/home/jan/development/ProsperOrPerishConstructor/mod/Prosper or Perish (Population Growth & Food Rework)/in_game/common/building_types/event_only_buildings.txt"",""layer_id"":""constructor"",""layer_name"":""Prosper or Perish Constructor"",""line"":1358,""mod_name"":""Prosper or Perish Constructor"",""mode"":""CREATE""},{""file"":""/home/jan/development/ProsperOrPerishConstructor/mod/Prosper or Perish (Population Growth & Food Rework)/in_game/common/building_types/zz_pp_bodrum_castle.txt"",""layer_id"":""constructor"",""layer_name"":""Prosper or Perish Constructor"",""line"":2,""mod_name"":""Prosper or Perish Constructor"",""mode"":""INJECT""}]"
forbidden_city,cultural_category,,,,,,,,unresolved,nobles,,noble_cultural_employment,1,[],"[""capital_building_maintenance""]",[],[],/home/jan/development/ProsperOrPerishConstructor/mod/Prosper or Perish (Population Growth & Food Rework)/in_game/common/building_types/zz_pp_forbidden_city.txt,2,constructor,Prosper or Perish Constructor,INJECT,"[{""file"":""/home/jan/development/ProsperOrPerishConstructor/mod/Prosper or Perish (Population Growth & Food Rework)/in_game/common/building_types/event_only_buildings.txt"",""layer_id"":""constructor"",""layer_name"":""Prosper or Perish Constructor"",""line"":1411,""mod_name"":""Prosper or Perish Constructor"",""mode"":""CREATE""},{""file"":""/home/jan/development/ProsperOrPerishConstructor/mod/Prosper or Perish (Population Growth & Food Rework)/in_game/common/building_types/zz_pp_forbidden_city.txt"",""layer_id"":""constructor"",""layer_name"":""Prosper or Perish Constructor"",""line"":2,""mod_name"":""Prosper or Perish Constructor"",""mode"":""INJECT""}]"
chi_macau_port,trade_category,,,,,,,,unresolved,burghers,,foreign_trade_employment,guild_max_level,[],"[""port_building_maintenance""]",[],[],/home/jan/development/ProsperOrPerishConstructor/mod/Prosper or Perish (Population Growth & Food Rework)/in_game/common/building_types/zz_pp_chi_macau_port.txt,2,constructor,Prosper or Perish Constructor,INJECT,"[{""file"":""/home/jan/development/ProsperOrPerishConstructor/mod/Prosper or Perish (Population Growth & Food Rework)/in_game/common/building_types/event_only_buildings.txt"",""layer_id"":""constructor"",""layer_name"":""Prosper or Perish Constructor"",""line"":1452,""mod_name"":""Prosper or Perish Constructor"",""mode"":""CREATE""},{""file"":""/home/jan/development/ProsperOrPerishConstructor/mod/Prosper or Perish (Population Growth & Food Rework)/in_game/common/building_types/zz_pp_chi_macau_port.txt"",""layer_id"":""constructor"",""layer_name"":""Prosper or Perish Constructor"",""line"":2,""mod_name"":""Prosper or Perish Constructor"",""mode"":""INJECT""}]"
chi_missionary_building,colonial_category,,,,,,,,unresolved,clergy,,religious_building_employment,1,[],"[""colony_maintenance""]",[],[],/home/jan/development/ProsperOrPerishConstructor/mod/Prosper or Perish (Population Growth & Food Rework)/in_game/common/building_types/zz_pp_chi_missionary_building.txt,2,constructor,Prosper or Perish Constructor,INJECT,"[{""file"":""/home/jan/development/ProsperOrPerishConstructor/mod/Prosper or Perish (Population Growth & Food Rework)/in_game/common/building_types/event_only_buildings.txt"",""layer_id"":""constructor"",""layer_name"":""Prosper or Perish Constructor"",""line"":1494,""mod_name"":""Prosper or Perish Constructor"",""mode"":""CREATE""},{""file"":""/home/jan/development/ProsperOrPerishConstructor/mod/Prosper or Perish (Population Growth & Food Rework)/in_game/common/building_types/zz_pp_chi_missionary_building.txt"",""layer_id"":""constructor"",""layer_name"":""Prosper or Perish Constructor"",""line"":2,""mod_name"":""Prosper or Perish Constructor"",""mode"":""INJECT""}]"
college_of_poets,cultural_category,,,,,,,,unresolved,burghers,,cultural_employment,1,[],[],"[""college_of_poets_maintenance""]","[[""college_of_poets_maintenance""]]",/home/jan/development/ProsperOrPerishConstructor/mod/Prosper or Perish (Population Growth & Food Rework)/in_game/common/building_types/zz_pp_college_of_poets.txt,2,constructor,Prosper or Perish Constructor,INJECT,"[{""file"":""/home/jan/development/ProsperOrPerishConstructor/mod/Prosper or Perish (Population Growth & Food Rework)/in_game/common/building_types/event_only_buildings.txt"",""layer_id"":""constructor"",""layer_name"":""Prosper or Perish Constructor"",""line"":1541,""mod_name"":""Prosper or Perish Constructor"",""mode"":""CREATE""},{""file"":""/home/jan/development/ProsperOrPerishConstructor/mod/Prosper or Perish (Population Growth & Food Rework)/in_game/common/building_types/zz_pp_college_of_poets.txt"",""layer_id"":""constructor"",""layer_name"":""Prosper or Perish Constructor"",""line"":2,""mod_name"":""Prosper or Perish Constructor"",""mode"":""INJECT""}]"
bibliotheca_corviniana,cultural_category,,,,,,,,unresolved,clergy,,huge_religious_building_employment,1,[],[],"[""bibliotheca_corviniana_maintenance""]","[[""bibliotheca_corviniana_maintenance""]]",/home/jan/development/ProsperOrPerishConstructor/mod/Prosper or Perish (Population Growth & Food Rework)/in_game/common/building_types/zz_pp_bibliotheca_corviniana.txt,2,constructor,Prosper or Perish Constructor,INJECT,"[{""file"":""/home/jan/development/ProsperOrPerishConstructor/mod/Prosper or Perish (Population Growth & Food Rework)/in_game/common/building_types/event_only_buildings.txt"",""layer_id"":""constructor"",""layer_name"":""Prosper or Perish Constructor"",""line"":1597,""mod_name"":""Prosper or Perish Constructor"",""mode"":""CREATE""},{""file"":""/home/jan/development/ProsperOrPerishConstructor/mod/Prosper or Perish (Population Growth & Food Rework)/in_game/common/building_types/zz_pp_bibliotheca_corviniana.txt"",""layer_id"":""constructor"",""layer_name"":""Prosper or Perish Constructor"",""line"":2,""mod_name"":""Prosper or Perish Constructor"",""mode"":""INJECT""}]"
hexamilion_wall,defense_category,,,,,,,,unresolved,soldiers,,castle_employment,1,[],"[""basic_castle_maintenance""]",[],[],/home/jan/development/ProsperOrPerishConstructor/mod/Prosper or Perish (Population Growth & Food Rework)/in_game/common/building_types/zz_pp_hexamilion_wall.txt,2,constructor,Prosper or Perish Constructor,INJECT,"[{""file"":""/home/jan/development/ProsperOrPerishConstructor/mod/Prosper or Perish (Population Growth & Food Rework)/in_game/common/building_types/event_only_buildings.txt"",""layer_id"":""constructor"",""layer_name"":""Prosper or Perish Constructor"",""line"":1636,""mod_name"":""Prosper or Perish Constructor"",""mode"":""CREATE""},{""file"":""/home/jan/development/ProsperOrPerishConstructor/mod/Prosper or Perish (Population Growth & Food Rework)/in_game/common/building_types/zz_pp_hexamilion_wall.txt"",""layer_id"":""constructor"",""layer_name"":""Prosper or Perish Constructor"",""line"":2,""mod_name"":""Prosper or Perish Constructor"",""mode"":""INJECT""}]"
ablaq_palace,government_category,,,,,,,,unresolved,burghers,0.3,,5,[],[],"[""pp_ablaq_palace_ablaq_palace_maintenance""]","[[""pp_ablaq_palace_ablaq_palace_maintenance""]]",/home/jan/development/ProsperOrPerishConstructor/mod/Prosper or Perish (Population Growth & Food Rework)/in_game/common/building_types/zz_pp_ablaq_palace.txt,2,constructor,Prosper or Perish Constructor,REPLACE,"[{""file"":""/home/jan/development/ProsperOrPerishConstructor/mod/Prosper or Perish (Population Growth & Food Rework)/in_game/common/building_types/zz_pp_ablaq_palace.txt"",""layer_id"":""constructor"",""layer_name"":""Prosper or Perish Constructor"",""line"":2,""mod_name"":""Prosper or Perish Constructor"",""mode"":""REPLACE""}]"
oma_falaj,government_category,,,,,,,,unresolved,laborers,,granary_employment,2,[],"[""oma_falaj_maintenance""]",[],[],/home/jan/development/ProsperOrPerishConstructor/mod/Prosper or Perish (Population Growth & Food Rework)/in_game/common/building_types/zz_pp_oma_falaj.txt,2,constructor,Prosper or Perish Constructor,INJECT,"[{""file"":""/home/jan/development/ProsperOrPerishConstructor/mod/Prosper or Perish (Population Growth & Food Rework)/in_game/common/building_types/event_only_buildings.txt"",""layer_id"":""constructor"",""layer_name"":""Prosper or Perish Constructor"",""line"":1727,""mod_name"":""Prosper or Perish Constructor"",""mode"":""CREATE""},{""file"":""/home/jan/development/ProsperOrPerishConstructor/mod/Prosper or Perish (Population Growth & Food Rework)/in_game/common/building_types/zz_pp_oma_falaj.txt"",""layer_id"":""constructor"",""layer_name"":""Prosper or Perish Constructor"",""line"":2,""mod_name"":""Prosper or Perish Constructor"",""mode"":""INJECT""}]"
oma_nizwa_fort,defense_category,,,,,,,,unresolved,soldiers,,castle_employment,1,[],"[""basic_castle_maintenance""]",[],[],/home/jan/development/ProsperOrPerishConstructor/mod/Prosper or Perish (Population Growth & Food Rework)/in_game/common/building_types/zz_pp_oma_nizwa_fort.txt,2,constructor,Prosper or Perish Constructor,INJECT,"[{""file"":""/home/jan/development/ProsperOrPerishConstructor/mod/Prosper or Perish (Population Growth & Food Rework)/in_game/common/building_types/event_only_buildings.txt"",""layer_id"":""constructor"",""layer_name"":""Prosper or Perish Constructor"",""line"":1758,""mod_name"":""Prosper or Perish Constructor"",""mode"":""CREATE""},{""file"":""/home/jan/development/ProsperOrPerishConstructor/mod/Prosper or Perish (Population Growth & Food Rework)/in_game/common/building_types/zz_pp_oma_nizwa_fort.txt"",""layer_id"":""constructor"",""layer_name"":""Prosper or Perish Constructor"",""line"":2,""mod_name"":""Prosper or Perish Constructor"",""mode"":""INJECT""}]"
dutch_trade_outpost,trade_category,,,,,,,,unresolved,burghers,,foreign_trade_employment,1,[],[],"[""dutch_trade_outpost_maintenance""]","[[""dutch_trade_outpost_maintenance""]]",/home/jan/development/ProsperOrPerishConstructor/mod/Prosper or Perish (Population Growth & Food Rework)/in_game/common/building_types/zz_pp_dutch_trade_outpost.txt,2,constructor,Prosper or Perish Constructor,INJECT,"[{""file"":""/home/jan/development/ProsperOrPerishConstructor/mod/Prosper or Perish (Population Growth & Food Rework)/in_game/common/building_types/event_only_buildings.txt"",""layer_id"":""constructor"",""layer_name"":""Prosper or Perish Constructor"",""line"":1790,""mod_name"":""Prosper or Perish Constructor"",""mode"":""CREATE""},{""file"":""/home/jan/development/ProsperOrPerishConstructor/mod/Prosper or Perish (Population Growth & Food Rework)/in_game/common/building_types/zz_pp_dutch_trade_outpost.txt"",""layer_id"":""constructor"",""layer_name"":""Prosper or Perish Constructor"",""line"":2,""mod_name"":""Prosper or Perish Constructor"",""mode"":""INJECT""}]"
friesland_admiralty,government_category,,,,,,,,unresolved,soldiers,,dock_employment,1,[],"[""port_building_maintenance""]",[],[],/home/jan/development/ProsperOrPerishConstructor/mod/Prosper or Perish (Population Growth & Food Rework)/in_game/common/building_types/zz_pp_friesland_admiralty.txt,2,constructor,Prosper or Perish Constructor,INJECT,"[{""file"":""/home/jan/development/ProsperOrPerishConstructor/mod/Prosper or Perish (Population Growth & Food Rework)/in_game/common/building_types/event_only_buildings.txt"",""layer_id"":""constructor"",""layer_name"":""Prosper or Perish Constructor"",""line"":1829,""mod_name"":""Prosper or Perish Constructor"",""mode"":""CREATE""},{""file"":""/home/jan/development/ProsperOrPerishConstructor/mod/Prosper or Perish (Population Growth & Food Rework)/in_game/common/building_types/zz_pp_friesland_admiralty.txt"",""layer_id"":""constructor"",""layer_name"":""Prosper or Perish Constructor"",""line"":2,""mod_name"":""Prosper or Perish Constructor"",""mode"":""INJECT""}]"
west_friesland_admiralty,government_category,,,,,,,,unresolved,soldiers,,dock_employment,1,[],"[""port_building_maintenance""]",[],[],/home/jan/development/ProsperOrPerishConstructor/mod/Prosper or Perish (Population Growth & Food Rework)/in_game/common/building_types/zz_pp_west_friesland_admiralty.txt,2,constructor,Prosper or Perish Constructor,INJECT,"[{""file"":""/home/jan/development/ProsperOrPerishConstructor/mod/Prosper or Perish (Population Growth & Food Rework)/in_game/common/building_types/event_only_buildings.txt"",""layer_id"":""constructor"",""layer_name"":""Prosper or Perish Constructor"",""line"":1868,""mod_name"":""Prosper or Perish Constructor"",""mode"":""CREATE""},{""file"":""/home/jan/development/ProsperOrPerishConstructor/mod/Prosper or Perish (Population Growth & Food Rework)/in_game/common/building_types/zz_pp_west_friesland_admiralty.txt"",""layer_id"":""constructor"",""layer_name"":""Prosper or Perish Constructor"",""line"":2,""mod_name"":""Prosper or Perish Constructor"",""mode"":""INJECT""}]"
rotterdam_admiralty,government_category,,,,,,,,unresolved,soldiers,,dock_employment,1,[],"[""port_building_maintenance""]",[],[],/home/jan/development/ProsperOrPerishConstructor/mod/Prosper or Perish (Population Growth & Food Rework)/in_game/common/building_types/zz_pp_rotterdam_admiralty.txt,2,constructor,Prosper or Perish Constructor,INJECT,"[{""file"":""/home/jan/development/ProsperOrPerishConstructor/mod/Prosper or Perish (Population Growth & Food Rework)/in_game/common/building_types/event_only_buildings.txt"",""layer_id"":""constructor"",""layer_name"":""Prosper or Perish Constructor"",""line"":1909,""mod_name"":""Prosper or Perish Constructor"",""mode"":""CREATE""},{""file"":""/home/jan/development/ProsperOrPerishConstructor/mod/Prosper or Perish (Population Growth & Food Rework)/in_game/common/building_types/zz_pp_rotterdam_admiralty.txt"",""layer_id"":""constructor"",""layer_name"":""Prosper or Perish Constructor"",""line"":2,""mod_name"":""Prosper or Perish Constructor"",""mode"":""INJECT""}]"
zeeland_admiralty,government_category,,,,,,,,unresolved,soldiers,,dock_employment,1,[],"[""port_building_maintenance""]",[],[],/home/jan/development/ProsperOrPerishConstructor/mod/Prosper or Perish (Population Growth & Food Rework)/in_game/common/building_types/zz_pp_zeeland_admiralty.txt,2,constructor,Prosper or Perish Constructor,INJECT,"[{""file"":""/home/jan/development/ProsperOrPerishConstructor/mod/Prosper or Perish (Population Growth & Food Rework)/in_game/common/building_types/event_only_buildings.txt"",""layer_id"":""constructor"",""layer_name"":""Prosper or Perish Constructor"",""line"":1948,""mod_name"":""Prosper or Perish Constructor"",""mode"":""CREATE""},{""file"":""/home/jan/development/ProsperOrPerishConstructor/mod/Prosper or Perish (Population Growth & Food Rework)/in_game/common/building_types/zz_pp_zeeland_admiralty.txt"",""layer_id"":""constructor"",""layer_name"":""Prosper or Perish Constructor"",""line"":2,""mod_name"":""Prosper or Perish Constructor"",""mode"":""INJECT""}]"
amsterdam_admiralty,government_category,,,,,,,,unresolved,soldiers,,dock_employment,1,[],"[""port_building_maintenance""]",[],[],/home/jan/development/ProsperOrPerishConstructor/mod/Prosper or Perish (Population Growth & Food Rework)/in_game/common/building_types/zz_pp_amsterdam_admiralty.txt,2,constructor,Prosper or Perish Constructor,INJECT,"[{""file"":""/home/jan/development/ProsperOrPerishConstructor/mod/Prosper or Perish (Population Growth & Food Rework)/in_game/common/building_types/event_only_buildings.txt"",""layer_id"":""constructor"",""layer_name"":""Prosper or Perish Constructor"",""line"":1989,""mod_name"":""Prosper or Perish Constructor"",""mode"":""CREATE""},{""file"":""/home/jan/development/ProsperOrPerishConstructor/mod/Prosper or Perish (Population Growth & Food Rework)/in_game/common/building_types/zz_pp_amsterdam_admiralty.txt"",""layer_id"":""constructor"",""layer_name"":""Prosper or Perish Constructor"",""line"":2,""mod_name"":""Prosper or Perish Constructor"",""mode"":""INJECT""}]"
schonbrunn_palace,cultural_category,,,,,,,,unresolved,nobles,,huge_noble_employment,1,[],"[""capital_building_maintenance""]",[],[],/home/jan/development/ProsperOrPerishConstructor/mod/Prosper or Perish (Population Growth & Food Rework)/in_game/common/building_types/zz_pp_schonbrunn_palace.txt,2,constructor,Prosper or Perish Constructor,INJECT,"[{""file"":""/home/jan/development/ProsperOrPerishConstructor/mod/Prosper or Perish (Population Growth & Food Rework)/in_game/common/building_types/event_only_buildings.txt"",""layer_id"":""constructor"",""layer_name"":""Prosper or Perish Constructor"",""line"":2030,""mod_name"":""Prosper or Perish Constructor"",""mode"":""CREATE""},{""file"":""/home/jan/development/ProsperOrPerishConstructor/mod/Prosper or Perish (Population Growth & Food Rework)/in_game/common/building_types/zz_pp_schonbrunn_palace.txt"",""layer_id"":""constructor"",""layer_name"":""Prosper or Perish Constructor"",""line"":2,""mod_name"":""Prosper or Perish Constructor"",""mode"":""INJECT""}]"
teatro_san_cassiano,cultural_category,,,,,,,,unresolved,burghers,,cultural_employment,1,[],"[""theater_maintenance""]",[],[],/home/jan/development/ProsperOrPerishConstructor/mod/Prosper or Perish (Population Growth & Food Rework)/in_game/common/building_types/zz_pp_teatro_san_cassiano.txt,2,constructor,Prosper or Perish Constructor,INJECT,"[{""file"":""/home/jan/development/ProsperOrPerishConstructor/mod/Prosper or Perish (Population Growth & Food Rework)/in_game/common/building_types/event_only_buildings.txt"",""layer_id"":""constructor"",""layer_name"":""Prosper or Perish Constructor"",""line"":2071,""mod_name"":""Prosper or Perish Constructor"",""mode"":""CREATE""},{""file"":""/home/jan/development/ProsperOrPerishConstructor/mod/Prosper or Perish (Population Growth & Food Rework)/in_game/common/building_types/zz_pp_teatro_san_cassiano.txt"",""layer_id"":""constructor"",""layer_name"":""Prosper or Perish Constructor"",""line"":2,""mod_name"":""Prosper or Perish Constructor"",""mode"":""INJECT""}]"
doges_palace,cultural_category,,,,,,,,unresolved,burghers,,cultural_employment,1,[],"[""capital_building_maintenance""]",[],[],/home/jan/development/ProsperOrPerishConstructor/mod/Prosper or Perish (Population Growth & Food Rework)/in_game/common/building_types/zz_pp_doges_palace.txt,2,constructor,Prosper or Perish Constructor,INJECT,"[{""file"":""/home/jan/development/ProsperOrPerishConstructor/mod/Prosper or Perish (Population Growth & Food Rework)/in_game/common/building_types/event_only_buildings.txt"",""layer_id"":""constructor"",""layer_name"":""Prosper or Perish Constructor"",""line"":2116,""mod_name"":""Prosper or Perish Constructor"",""mode"":""CREATE""},{""file"":""/home/jan/development/ProsperOrPerishConstructor/mod/Prosper or Perish (Population Growth & Food Rework)/in_game/common/building_types/zz_pp_doges_palace.txt"",""layer_id"":""constructor"",""layer_name"":""Prosper or Perish Constructor"",""line"":2,""mod_name"":""Prosper or Perish Constructor"",""mode"":""INJECT""}]"
library_of_vijayanagar,cultural_category,,,,,,,,unresolved,clergy,,huge_religious_building_employment,1,[],"[""library_maintenance""]",[],[],/home/jan/development/ProsperOrPerishConstructor/mod/Prosper or Perish (Population Growth & Food Rework)/in_game/common/building_types/zz_pp_library_of_vijayanagar.txt,2,constructor,Prosper or Perish Constructor,INJECT,"[{""file"":""/home/jan/development/ProsperOrPerishConstructor/mod/Prosper or Perish (Population Growth & Food Rework)/in_game/common/building_types/event_only_buildings.txt"",""layer_id"":""constructor"",""layer_name"":""Prosper or Perish Constructor"",""line"":2156,""mod_name"":""Prosper or Perish Constructor"",""mode"":""CREATE""},{""file"":""/home/jan/development/ProsperOrPerishConstructor/mod/Prosper or Perish (Population Growth & Food Rework)/in_game/common/building_types/zz_pp_library_of_vijayanagar.txt"",""layer_id"":""constructor"",""layer_name"":""Prosper or Perish Constructor"",""line"":2,""mod_name"":""Prosper or Perish Constructor"",""mode"":""INJECT""}]"
city_of_victory,cultural_category,,,,,,,,unresolved,clergy,,huge_religious_building_employment,1,[],"[""capital_building_maintenance""]",[],[],/home/jan/development/ProsperOrPerishConstructor/mod/Prosper or Perish (Population Growth & Food Rework)/in_game/common/building_types/zz_pp_city_of_victory.txt,2,constructor,Prosper or Perish Constructor,INJECT,"[{""file"":""/home/jan/development/ProsperOrPerishConstructor/mod/Prosper or Perish (Population Growth & Food Rework)/in_game/common/building_types/event_only_buildings.txt"",""layer_id"":""constructor"",""layer_name"":""Prosper or Perish Constructor"",""line"":2185,""mod_name"":""Prosper or Perish Constructor"",""mode"":""CREATE""},{""file"":""/home/jan/development/ProsperOrPerishConstructor/mod/Prosper or Perish (Population Growth & Food Rework)/in_game/common/building_types/zz_pp_city_of_victory.txt"",""layer_id"":""constructor"",""layer_name"":""Prosper or Perish Constructor"",""line"":2,""mod_name"":""Prosper or Perish Constructor"",""mode"":""INJECT""}]"
ranganathaswamy_temple_building,religious_category,,,,,,,,unresolved,clergy,,large_religious_building_employment,1,[],"[""temple_maintenance""]",[],[],/home/jan/development/ProsperOrPerishConstructor/mod/Prosper or Perish (Population Growth & Food Rework)/in_game/common/building_types/zz_pp_ranganathaswamy_temple_building.txt,2,constructor,Prosper or Perish Constructor,INJECT,"[{""file"":""/home/jan/development/ProsperOrPerishConstructor/mod/Prosper or Perish (Population Growth & Food Rework)/in_game/common/building_types/event_only_buildings.txt"",""layer_id"":""constructor"",""layer_name"":""Prosper or Perish Constructor"",""line"":2212,""mod_name"":""Prosper or Perish Constructor"",""mode"":""CREATE""},{""file"":""/home/jan/development/ProsperOrPerishConstructor/mod/Prosper or Perish (Population Growth & Food Rework)/in_game/common/building_types/zz_pp_ranganathaswamy_temple_building.txt"",""layer_id"":""constructor"",""layer_name"":""Prosper or Perish Constructor"",""line"":2,""mod_name"":""Prosper or Perish Constructor"",""mode"":""INJECT""}]"
venkateswara_temple,religious_category,,,,,,,,unresolved,clergy,,large_religious_building_employment,7,[],"[""temple_maintenance""]",[],[],/home/jan/development/ProsperOrPerishConstructor/mod/Prosper or Perish (Population Growth & Food Rework)/in_game/common/building_types/zz_pp_venkateswara_temple.txt,2,constructor,Prosper or Perish Constructor,INJECT,"[{""file"":""/home/jan/development/ProsperOrPerishConstructor/mod/Prosper or Perish (Population Growth & Food Rework)/in_game/common/building_types/event_only_buildings.txt"",""layer_id"":""constructor"",""layer_name"":""Prosper or Perish Constructor"",""line"":2261,""mod_name"":""Prosper or Perish Constructor"",""mode"":""CREATE""},{""file"":""/home/jan/development/ProsperOrPerishConstructor/mod/Prosper or Perish (Population Growth & Food Rework)/in_game/common/building_types/zz_pp_venkateswara_temple.txt"",""layer_id"":""constructor"",""layer_name"":""Prosper or Perish Constructor"",""line"":2,""mod_name"":""Prosper or Perish Constructor"",""mode"":""INJECT""}]"
piazza_san_marco,cultural_category,,,,,,,,unresolved,burghers,,cultural_employment,1,[],"[""capital_building_maintenance""]",[],[],/home/jan/development/ProsperOrPerishConstructor/mod/Prosper or Perish (Population Growth & Food Rework)/in_game/common/building_types/zz_pp_piazza_san_marco.txt,2,constructor,Prosper or Perish Constructor,INJECT,"[{""file"":""/home/jan/development/ProsperOrPerishConstructor/mod/Prosper or Perish (Population Growth & Food Rework)/in_game/common/building_types/event_only_buildings.txt"",""layer_id"":""constructor"",""layer_name"":""Prosper or Perish Constructor"",""line"":2305,""mod_name"":""Prosper or Perish Constructor"",""mode"":""CREATE""},{""file"":""/home/jan/development/ProsperOrPerishConstructor/mod/Prosper or Perish (Population Growth & Food Rework)/in_game/common/building_types/zz_pp_piazza_san_marco.txt"",""layer_id"":""constructor"",""layer_name"":""Prosper or Perish Constructor"",""line"":2,""mod_name"":""Prosper or Perish Constructor"",""mode"":""INJECT""}]"
walls_of_ston,defense_category,,,,,,,,unresolved,soldiers,,castle_employment,1,[],"[""basic_castle_maintenance""]",[],[],/home/jan/development/ProsperOrPerishConstructor/mod/Prosper or Perish (Population Growth & Food Rework)/in_game/common/building_types/zz_pp_walls_of_ston.txt,2,constructor,Prosper or Perish Constructor,INJECT,"[{""file"":""/home/jan/development/ProsperOrPerishConstructor/mod/Prosper or Perish (Population Growth & Food Rework)/in_game/common/building_types/event_only_buildings.txt"",""layer_id"":""constructor"",""layer_name"":""Prosper or Perish Constructor"",""line"":2345,""mod_name"":""Prosper or Perish Constructor"",""mode"":""CREATE""},{""file"":""/home/jan/development/ProsperOrPerishConstructor/mod/Prosper or Perish (Population Growth & Food Rework)/in_game/common/building_types/zz_pp_walls_of_ston.txt"",""layer_id"":""constructor"",""layer_name"":""Prosper or Perish Constructor"",""line"":2,""mod_name"":""Prosper or Perish Constructor"",""mode"":""INJECT""}]"
swi_collegium_helveticum,cultural_category,,,,,,,,unresolved,clergy,,large_religious_building_employment,1,[],[],"[""swi_collegium_helveticum_maintenance""]","[[""swi_collegium_helveticum_maintenance""]]",/home/jan/development/ProsperOrPerishConstructor/mod/Prosper or Perish (Population Growth & Food Rework)/in_game/common/building_types/zz_pp_swi_collegium_helveticum.txt,2,constructor,Prosper or Perish Constructor,INJECT,"[{""file"":""/home/jan/development/ProsperOrPerishConstructor/mod/Prosper or Perish (Population Growth & Food Rework)/in_game/common/building_types/event_only_buildings.txt"",""layer_id"":""constructor"",""layer_name"":""Prosper or Perish Constructor"",""line"":2384,""mod_name"":""Prosper or Perish Constructor"",""mode"":""CREATE""},{""file"":""/home/jan/development/ProsperOrPerishConstructor/mod/Prosper or Perish (Population Growth & Food Rework)/in_game/common/building_types/zz_pp_swi_collegium_helveticum.txt"",""layer_id"":""constructor"",""layer_name"":""Prosper or Perish Constructor"",""line"":2,""mod_name"":""Prosper or Perish Constructor"",""mode"":""INJECT""}]"
kastellet,defense_category,,,,,,,,unresolved,soldiers,,castle_employment,1,[],"[""basic_castle_maintenance""]",[],[],/home/jan/development/ProsperOrPerishConstructor/mod/Prosper or Perish (Population Growth & Food Rework)/in_game/common/building_types/zz_pp_kastellet.txt,2,constructor,Prosper or Perish Constructor,INJECT,"[{""file"":""/home/jan/development/ProsperOrPerishConstructor/mod/Prosper or Perish (Population Growth & Food Rework)/in_game/common/building_types/event_only_buildings.txt"",""layer_id"":""constructor"",""layer_name"":""Prosper or Perish Constructor"",""line"":2454,""mod_name"":""Prosper or Perish Constructor"",""mode"":""CREATE""},{""file"":""/home/jan/development/ProsperOrPerishConstructor/mod/Prosper or Perish (Population Growth & Food Rework)/in_game/common/building_types/zz_pp_kastellet.txt"",""layer_id"":""constructor"",""layer_name"":""Prosper or Perish Constructor"",""line"":2,""mod_name"":""Prosper or Perish Constructor"",""mode"":""INJECT""}]"
kronborg,defense_category,,,,,,,,unresolved,soldiers,,castle_employment,1,[],"[""basic_castle_maintenance""]",[],[],/home/jan/development/ProsperOrPerishConstructor/mod/Prosper or Perish (Population Growth & Food Rework)/in_game/common/building_types/zz_pp_kronborg.txt,2,constructor,Prosper or Perish Constructor,INJECT,"[{""file"":""/home/jan/development/ProsperOrPerishConstructor/mod/Prosper or Perish (Population Growth & Food Rework)/in_game/common/building_types/event_only_buildings.txt"",""layer_id"":""constructor"",""layer_name"":""Prosper or Perish Constructor"",""line"":2493,""mod_name"":""Prosper or Perish Constructor"",""mode"":""CREATE""},{""file"":""/home/jan/development/ProsperOrPerishConstructor/mod/Prosper or Perish (Population Growth & Food Rework)/in_game/common/building_types/zz_pp_kronborg.txt"",""layer_id"":""constructor"",""layer_name"":""Prosper or Perish Constructor"",""line"":2,""mod_name"":""Prosper or Perish Constructor"",""mode"":""INJECT""}]"
husuni_kubwa,cultural_category,,,,,,,,unresolved,burghers,,trade_employment,1,[],"[""capital_building_maintenance""]",[],[],/home/jan/development/ProsperOrPerishConstructor/mod/Prosper or Perish (Population Growth & Food Rework)/in_game/common/building_types/zz_pp_husuni_kubwa.txt,2,constructor,Prosper or Perish Constructor,INJECT,"[{""file"":""/home/jan/development/ProsperOrPerishConstructor/mod/Prosper or Perish (Population Growth & Food Rework)/in_game/common/building_types/event_only_buildings.txt"",""layer_id"":""constructor"",""layer_name"":""Prosper or Perish Constructor"",""line"":2533,""mod_name"":""Prosper or Perish Constructor"",""mode"":""CREATE""},{""file"":""/home/jan/development/ProsperOrPerishConstructor/mod/Prosper or Perish (Population Growth & Food Rework)/in_game/common/building_types/zz_pp_husuni_kubwa.txt"",""layer_id"":""constructor"",""layer_name"":""Prosper or Perish Constructor"",""line"":2,""mod_name"":""Prosper or Perish Constructor"",""mode"":""INJECT""}]"
magistrato_alla_sanita,religious_category,,,,,,,,unresolved,clergy,,clergy_medical_employment,1,[],"[""hospital_maintenance""]",[],[],/home/jan/development/ProsperOrPerishConstructor/mod/Prosper or Perish (Population Growth & Food Rework)/in_game/common/building_types/zz_pp_magistrato_alla_sanita.txt,2,constructor,Prosper or Perish Constructor,INJECT,"[{""file"":""/home/jan/development/ProsperOrPerishConstructor/mod/Prosper or Perish (Population Growth & Food Rework)/in_game/common/building_types/event_only_buildings.txt"",""layer_id"":""constructor"",""layer_name"":""Prosper or Perish Constructor"",""line"":2579,""mod_name"":""Prosper or Perish Constructor"",""mode"":""CREATE""},{""file"":""/home/jan/development/ProsperOrPerishConstructor/mod/Prosper or Perish (Population Growth & Food Rework)/in_game/common/building_types/zz_pp_magistrato_alla_sanita.txt"",""layer_id"":""constructor"",""layer_name"":""Prosper or Perish Constructor"",""line"":2,""mod_name"":""Prosper or Perish Constructor"",""mode"":""INJECT""}]"
imperial_city_of_hue,cultural_category,,,,,,,,unresolved,nobles,,noble_cultural_employment,1,[],"[""capital_building_maintenance""]",[],[],/home/jan/development/ProsperOrPerishConstructor/mod/Prosper or Perish (Population Growth & Food Rework)/in_game/common/building_types/zz_pp_imperial_city_of_hue.txt,2,constructor,Prosper or Perish Constructor,INJECT,"[{""file"":""/home/jan/development/ProsperOrPerishConstructor/mod/Prosper or Perish (Population Growth & Food Rework)/in_game/common/building_types/event_only_buildings.txt"",""layer_id"":""constructor"",""layer_name"":""Prosper or Perish Constructor"",""line"":2605,""mod_name"":""Prosper or Perish Constructor"",""mode"":""CREATE""},{""file"":""/home/jan/development/ProsperOrPerishConstructor/mod/Prosper or Perish (Population Growth & Food Rework)/in_game/common/building_types/zz_pp_imperial_city_of_hue.txt"",""layer_id"":""constructor"",""layer_name"":""Prosper or Perish Constructor"",""line"":2,""mod_name"":""Prosper or Perish Constructor"",""mode"":""INJECT""}]"
wat_chaiwatthanaram_temple_building,religious_category,,,,,,,,unresolved,clergy,,large_religious_building_employment,1,[],"[""temple_maintenance""]",[],[],/home/jan/development/ProsperOrPerishConstructor/mod/Prosper or Perish (Population Growth & Food Rework)/in_game/common/building_types/zz_pp_wat_chaiwatthanaram_temple_building.txt,2,constructor,Prosper or Perish Constructor,INJECT,"[{""file"":""/home/jan/development/ProsperOrPerishConstructor/mod/Prosper or Perish (Population Growth & Food Rework)/in_game/common/building_types/event_only_buildings.txt"",""layer_id"":""constructor"",""layer_name"":""Prosper or Perish Constructor"",""line"":2634,""mod_name"":""Prosper or Perish Constructor"",""mode"":""CREATE""},{""file"":""/home/jan/development/ProsperOrPerishConstructor/mod/Prosper or Perish (Population Growth & Food Rework)/in_game/common/building_types/zz_pp_wat_chaiwatthanaram_temple_building.txt"",""layer_id"":""constructor"",""layer_name"":""Prosper or Perish Constructor"",""line"":2,""mod_name"":""Prosper or Perish Constructor"",""mode"":""INJECT""}]"
constantinople_observatory,cultural_category,,,,,,,,unresolved,burghers,,guild_employment,1,[],"[""library_maintenance""]",[],[],/home/jan/development/ProsperOrPerishConstructor/mod/Prosper or Perish (Population Growth & Food Rework)/in_game/common/building_types/zz_pp_constantinople_observatory.txt,2,constructor,Prosper or Perish Constructor,INJECT,"[{""file"":""/home/jan/development/ProsperOrPerishConstructor/mod/Prosper or Perish (Population Growth & Food Rework)/in_game/common/building_types/event_only_buildings.txt"",""layer_id"":""constructor"",""layer_name"":""Prosper or Perish Constructor"",""line"":2692,""mod_name"":""Prosper or Perish Constructor"",""mode"":""CREATE""},{""file"":""/home/jan/development/ProsperOrPerishConstructor/mod/Prosper or Perish (Population Growth & Food Rework)/in_game/common/building_types/zz_pp_constantinople_observatory.txt"",""layer_id"":""constructor"",""layer_name"":""Prosper or Perish Constructor"",""line"":2,""mod_name"":""Prosper or Perish Constructor"",""mode"":""INJECT""}]"
castel_sant_angelo,defense_category,,,,,,,,unresolved,soldiers,,castle_employment,1,[],"[""basic_castle_maintenance""]",[],[],/home/jan/development/ProsperOrPerishConstructor/mod/Prosper or Perish (Population Growth & Food Rework)/in_game/common/building_types/zz_pp_castel_sant_angelo.txt,2,constructor,Prosper or Perish Constructor,INJECT,"[{""file"":""/home/jan/development/ProsperOrPerishConstructor/mod/Prosper or Perish (Population Growth & Food Rework)/in_game/common/building_types/event_only_buildings.txt"",""layer_id"":""constructor"",""layer_name"":""Prosper or Perish Constructor"",""line"":2724,""mod_name"":""Prosper or Perish Constructor"",""mode"":""CREATE""},{""file"":""/home/jan/development/ProsperOrPerishConstructor/mod/Prosper or Perish (Population Growth & Food Rework)/in_game/common/building_types/zz_pp_castel_sant_angelo.txt"",""layer_id"":""constructor"",""layer_name"":""Prosper or Perish Constructor"",""line"":2,""mod_name"":""Prosper or Perish Constructor"",""mode"":""INJECT""}]"
quirinal_palace,cultural_category,,,,,,,,unresolved,clergy,,large_religious_building_employment,1,[],"[""capital_building_maintenance""]",[],[],/home/jan/development/ProsperOrPerishConstructor/mod/Prosper or Perish (Population Growth & Food Rework)/in_game/common/building_types/zz_pp_quirinal_palace.txt,2,constructor,Prosper or Perish Constructor,INJECT,"[{""file"":""/home/jan/development/ProsperOrPerishConstructor/mod/Prosper or Perish (Population Growth & Food Rework)/in_game/common/building_types/event_only_buildings.txt"",""layer_id"":""constructor"",""layer_name"":""Prosper or Perish Constructor"",""line"":2764,""mod_name"":""Prosper or Perish Constructor"",""mode"":""CREATE""},{""file"":""/home/jan/development/ProsperOrPerishConstructor/mod/Prosper or Perish (Population Growth & Food Rework)/in_game/common/building_types/zz_pp_quirinal_palace.txt"",""layer_id"":""constructor"",""layer_name"":""Prosper or Perish Constructor"",""line"":2,""mod_name"":""Prosper or Perish Constructor"",""mode"":""INJECT""}]"
debere_meshwae,religious_category,,miaphysite_monastery_building,,/mnt/c/Games/steamapps/common/Europa Universalis V/game/in_game/common/prices/01_buildings.txt,miaphysite_monastery_building,,/mnt/c/Games/steamapps/common/Europa Universalis V/game/in_game/common/prices/01_buildings.txt,explicit,clergy,,large_religious_building_employment,1,[],"[""monastery_maintenance"",""composite_nature_maintenance"",""single_nature_maintenance"",""dual_nature_maintenance"",""separate_nature_maintenance""]",[],[],/home/jan/development/ProsperOrPerishConstructor/mod/Prosper or Perish (Population Growth & Food Rework)/in_game/common/building_types/zz_pp_debere_meshwae.txt,2,constructor,Prosper or Perish Constructor,INJECT,"[{""file"":""/home/jan/development/ProsperOrPerishConstructor/mod/Prosper or Perish (Population Growth & Food Rework)/in_game/common/building_types/event_only_buildings.txt"",""layer_id"":""constructor"",""layer_name"":""Prosper or Perish Constructor"",""line"":2800,""mod_name"":""Prosper or Perish Constructor"",""mode"":""CREATE""},{""file"":""/home/jan/development/ProsperOrPerishConstructor/mod/Prosper or Perish (Population Growth & Food Rework)/in_game/common/building_types/zz_pp_debere_meshwae.txt"",""layer_id"":""constructor"",""layer_name"":""Prosper or Perish Constructor"",""line"":2,""mod_name"":""Prosper or Perish Constructor"",""mode"":""INJECT""}]"
lighthouse_of_alexandria,defense_category,,,,,,,,unresolved,laborers,1.0,,1,[],[],"[""lighthouse_of_alexandria_maintenance""]","[[""lighthouse_of_alexandria_maintenance""]]",/home/jan/development/ProsperOrPerishConstructor/mod/Prosper or Perish (Population Growth & Food Rework)/in_game/common/building_types/zz_pp_lighthouse_of_alexandria.txt,2,constructor,Prosper or Perish Constructor,INJECT,"[{""file"":""/home/jan/development/ProsperOrPerishConstructor/mod/Prosper or Perish (Population Growth & Food Rework)/in_game/common/building_types/event_only_buildings.txt"",""layer_id"":""constructor"",""layer_name"":""Prosper or Perish Constructor"",""line"":2850,""mod_name"":""Prosper or Perish Constructor"",""mode"":""CREATE""},{""file"":""/home/jan/development/ProsperOrPerishConstructor/mod/Prosper or Perish (Population Growth & Food Rework)/in_game/common/building_types/zz_pp_lighthouse_of_alexandria.txt"",""layer_id"":""constructor"",""layer_name"":""Prosper or Perish Constructor"",""line"":2,""mod_name"":""Prosper or Perish Constructor"",""mode"":""INJECT""}]"
al_azhar_madrasa,cultural_category,,,,,,,,unresolved,clergy,1.0,,1,[],"[""library_maintenance""]",[],[],/home/jan/development/ProsperOrPerishConstructor/mod/Prosper or Perish (Population Growth & Food Rework)/in_game/common/building_types/zz_pp_al_azhar_madrasa.txt,2,constructor,Prosper or Perish Constructor,INJECT,"[{""file"":""/home/jan/development/ProsperOrPerishConstructor/mod/Prosper or Perish (Population Growth & Food Rework)/in_game/common/building_types/event_only_buildings.txt"",""layer_id"":""constructor"",""layer_name"":""Prosper or Perish Constructor"",""line"":2889,""mod_name"":""Prosper or Perish Constructor"",""mode"":""CREATE""},{""file"":""/home/jan/development/ProsperOrPerishConstructor/mod/Prosper or Perish (Population Growth & Food Rework)/in_game/common/building_types/zz_pp_al_azhar_madrasa.txt"",""layer_id"":""constructor"",""layer_name"":""Prosper or Perish Constructor"",""line"":2,""mod_name"":""Prosper or Perish Constructor"",""mode"":""INJECT""}]"
delhi_tomb,cultural_category,,,,,,,,unresolved,clergy,1.0,,1,[],"[""temple_maintenance""]",[],[],/home/jan/development/ProsperOrPerishConstructor/mod/Prosper or Perish (Population Growth & Food Rework)/in_game/common/building_types/zz_pp_delhi_tomb.txt,2,constructor,Prosper or Perish Constructor,INJECT,"[{""file"":""/home/jan/development/ProsperOrPerishConstructor/mod/Prosper or Perish (Population Growth & Food Rework)/in_game/common/building_types/event_only_buildings.txt"",""layer_id"":""constructor"",""layer_name"":""Prosper or Perish Constructor"",""line"":2927,""mod_name"":""Prosper or Perish Constructor"",""mode"":""CREATE""},{""file"":""/home/jan/development/ProsperOrPerishConstructor/mod/Prosper or Perish (Population Growth & Food Rework)/in_game/common/building_types/zz_pp_delhi_tomb.txt"",""layer_id"":""constructor"",""layer_name"":""Prosper or Perish Constructor"",""line"":2,""mod_name"":""Prosper or Perish Constructor"",""mode"":""INJECT""}]"
rahdar,trade_category,,,,,,,,unresolved,soldiers,0.1,,1,[],"[""rahdar_maintenance""]",[],[],/home/jan/development/ProsperOrPerishConstructor/mod/Prosper or Perish (Population Growth & Food Rework)/in_game/common/building_types/zz_pp_rahdar.txt,2,constructor,Prosper or Perish Constructor,INJECT,"[{""file"":""/home/jan/development/ProsperOrPerishConstructor/mod/Prosper or Perish (Population Growth & Food Rework)/in_game/common/building_types/event_only_buildings.txt"",""layer_id"":""constructor"",""layer_name"":""Prosper or Perish Constructor"",""line"":2956,""mod_name"":""Prosper or Perish Constructor"",""mode"":""CREATE""},{""file"":""/home/jan/development/ProsperOrPerishConstructor/mod/Prosper or Perish (Population Growth & Food Rework)/in_game/common/building_types/zz_pp_rahdar.txt"",""layer_id"":""constructor"",""layer_name"":""Prosper or Perish Constructor"",""line"":2,""mod_name"":""Prosper or Perish Constructor"",""mode"":""INJECT""}]"
red_fort,defense_category,,,,,,,,unresolved,soldiers,,castle_employment,1,[],"[""basic_castle_maintenance""]",[],[],/home/jan/development/ProsperOrPerishConstructor/mod/Prosper or Perish (Population Growth & Food Rework)/in_game/common/building_types/zz_pp_red_fort.txt,2,constructor,Prosper or Perish Constructor,INJECT,"[{""file"":""/home/jan/development/ProsperOrPerishConstructor/mod/Prosper or Perish (Population Growth & Food Rework)/in_game/common/building_types/event_only_buildings.txt"",""layer_id"":""constructor"",""layer_name"":""Prosper or Perish Constructor"",""line"":2994,""mod_name"":""Prosper or Perish Constructor"",""mode"":""CREATE""},{""file"":""/home/jan/development/ProsperOrPerishConstructor/mod/Prosper or Perish (Population Growth & Food Rework)/in_game/common/building_types/zz_pp_red_fort.txt"",""layer_id"":""constructor"",""layer_name"":""Prosper or Perish Constructor"",""line"":2,""mod_name"":""Prosper or Perish Constructor"",""mode"":""INJECT""}]"
ori_portuguese_quarters,trade_category,,,,,,,,unresolved,burghers,,foreign_trade_employment,1,[],"[""ori_portuguese_quarters_maintenance""]",[],[],/home/jan/development/ProsperOrPerishConstructor/mod/Prosper or Perish (Population Growth & Food Rework)/in_game/common/building_types/zz_pp_ori_portuguese_quarters.txt,2,constructor,Prosper or Perish Constructor,INJECT,"[{""file"":""/home/jan/development/ProsperOrPerishConstructor/mod/Prosper or Perish (Population Growth & Food Rework)/in_game/common/building_types/event_only_buildings.txt"",""layer_id"":""constructor"",""layer_name"":""Prosper or Perish Constructor"",""line"":3033,""mod_name"":""Prosper or Perish Constructor"",""mode"":""CREATE""},{""file"":""/home/jan/development/ProsperOrPerishConstructor/mod/Prosper or Perish (Population Growth & Food Rework)/in_game/common/building_types/zz_pp_ori_portuguese_quarters.txt"",""layer_id"":""constructor"",""layer_name"":""Prosper or Perish Constructor"",""line"":2,""mod_name"":""Prosper or Perish Constructor"",""mode"":""INJECT""}]"
mahmud_gawan_madrasa,cultural_category,,,,,,,,unresolved,clergy,1.0,,1,[],"[""library_maintenance""]",[],[],/home/jan/development/ProsperOrPerishConstructor/mod/Prosper or Perish (Population Growth & Food Rework)/in_game/common/building_types/zz_pp_mahmud_gawan_madrasa.txt,2,constructor,Prosper or Perish Constructor,INJECT,"[{""file"":""/home/jan/development/ProsperOrPerishConstructor/mod/Prosper or Perish (Population Growth & Food Rework)/in_game/common/building_types/event_only_buildings.txt"",""layer_id"":""constructor"",""layer_name"":""Prosper or Perish Constructor"",""line"":3069,""mod_name"":""Prosper or Perish Constructor"",""mode"":""CREATE""},{""file"":""/home/jan/development/ProsperOrPerishConstructor/mod/Prosper or Perish (Population Growth & Food Rework)/in_game/common/building_types/zz_pp_mahmud_gawan_madrasa.txt"",""layer_id"":""constructor"",""layer_name"":""Prosper or Perish Constructor"",""line"":2,""mod_name"":""Prosper or Perish Constructor"",""mode"":""INJECT""}]"
ambras_castle,cultural_category,,,,,,,,unresolved,burghers,1.0,,1,[],"[""capital_building_maintenance""]",[],[],/home/jan/development/ProsperOrPerishConstructor/mod/Prosper or Perish (Population Growth & Food Rework)/in_game/common/building_types/zz_pp_ambras_castle.txt,2,constructor,Prosper or Perish Constructor,INJECT,"[{""file"":""/home/jan/development/ProsperOrPerishConstructor/mod/Prosper or Perish (Population Growth & Food Rework)/in_game/common/building_types/event_only_buildings.txt"",""layer_id"":""constructor"",""layer_name"":""Prosper or Perish Constructor"",""line"":3107,""mod_name"":""Prosper or Perish Constructor"",""mode"":""CREATE""},{""file"":""/home/jan/development/ProsperOrPerishConstructor/mod/Prosper or Perish (Population Growth & Food Rework)/in_game/common/building_types/zz_pp_ambras_castle.txt"",""layer_id"":""constructor"",""layer_name"":""Prosper or Perish Constructor"",""line"":2,""mod_name"":""Prosper or Perish Constructor"",""mode"":""INJECT""}]"
belvedere_palace,cultural_category,,,,,,,,unresolved,nobles,,huge_noble_employment,1,[],"[""capital_building_maintenance""]",[],[],/home/jan/development/ProsperOrPerishConstructor/mod/Prosper or Perish (Population Growth & Food Rework)/in_game/common/building_types/zz_pp_belvedere_palace.txt,2,constructor,Prosper or Perish Constructor,INJECT,"[{""file"":""/home/jan/development/ProsperOrPerishConstructor/mod/Prosper or Perish (Population Growth & Food Rework)/in_game/common/building_types/event_only_buildings.txt"",""layer_id"":""constructor"",""layer_name"":""Prosper or Perish Constructor"",""line"":3142,""mod_name"":""Prosper or Perish Constructor"",""mode"":""CREATE""},{""file"":""/home/jan/development/ProsperOrPerishConstructor/mod/Prosper or Perish (Population Growth & Food Rework)/in_game/common/building_types/zz_pp_belvedere_palace.txt"",""layer_id"":""constructor"",""layer_name"":""Prosper or Perish Constructor"",""line"":2,""mod_name"":""Prosper or Perish Constructor"",""mode"":""INJECT""}]"
sco_palace_of_holyroodhouse,cultural_category,,,,,,,,unresolved,nobles,,huge_noble_employment,1,[],"[""capital_building_maintenance""]",[],[],/home/jan/development/ProsperOrPerishConstructor/mod/Prosper or Perish (Population Growth & Food Rework)/in_game/common/building_types/zz_pp_sco_palace_of_holyroodhouse.txt,2,constructor,Prosper or Perish Constructor,INJECT,"[{""file"":""/home/jan/development/ProsperOrPerishConstructor/mod/Prosper or Perish (Population Growth & Food Rework)/in_game/common/building_types/event_only_buildings.txt"",""layer_id"":""constructor"",""layer_name"":""Prosper or Perish Constructor"",""line"":3183,""mod_name"":""Prosper or Perish Constructor"",""mode"":""CREATE""},{""file"":""/home/jan/development/ProsperOrPerishConstructor/mod/Prosper or Perish (Population Growth & Food Rework)/in_game/common/building_types/zz_pp_sco_palace_of_holyroodhouse.txt"",""layer_id"":""constructor"",""layer_name"":""Prosper or Perish Constructor"",""line"":2,""mod_name"":""Prosper or Perish Constructor"",""mode"":""INJECT""}]"
fra_louvre_museum,cultural_category,,,,,,,,unresolved,burghers,,normal_noble_employment,1,[],"[""library_maintenance""]",[],[],/home/jan/development/ProsperOrPerishConstructor/mod/Prosper or Perish (Population Growth & Food Rework)/in_game/common/building_types/zz_pp_fra_louvre_museum.txt,2,constructor,Prosper or Perish Constructor,INJECT,"[{""file"":""/home/jan/development/ProsperOrPerishConstructor/mod/Prosper or Perish (Population Growth & Food Rework)/in_game/common/building_types/event_only_buildings.txt"",""layer_id"":""constructor"",""layer_name"":""Prosper or Perish Constructor"",""line"":3216,""mod_name"":""Prosper or Perish Constructor"",""mode"":""CREATE""},{""file"":""/home/jan/development/ProsperOrPerishConstructor/mod/Prosper or Perish (Population Growth & Food Rework)/in_game/common/building_types/zz_pp_fra_louvre_museum.txt"",""layer_id"":""constructor"",""layer_name"":""Prosper or Perish Constructor"",""line"":2,""mod_name"":""Prosper or Perish Constructor"",""mode"":""INJECT""}]"
guich_garrison,defense_category,,,,,,,,unresolved,tribesmen,,stockade_employment,1,[],[],"[""guich_garrison_maintenance""]","[[""guich_garrison_maintenance""]]",/home/jan/development/ProsperOrPerishConstructor/mod/Prosper or Perish (Population Growth & Food Rework)/in_game/common/building_types/zz_pp_guich_garrison.txt,2,constructor,Prosper or Perish Constructor,INJECT,"[{""file"":""/home/jan/development/ProsperOrPerishConstructor/mod/Prosper or Perish (Population Growth & Food Rework)/in_game/common/building_types/event_only_buildings.txt"",""layer_id"":""constructor"",""layer_name"":""Prosper or Perish Constructor"",""line"":3247,""mod_name"":""Prosper or Perish Constructor"",""mode"":""CREATE""},{""file"":""/home/jan/development/ProsperOrPerishConstructor/mod/Prosper or Perish (Population Growth & Food Rework)/in_game/common/building_types/zz_pp_guich_garrison.txt"",""layer_id"":""constructor"",""layer_name"":""Prosper or Perish Constructor"",""line"":2,""mod_name"":""Prosper or Perish Constructor"",""mode"":""INJECT""}]"
bavarian_academy_of_sciences,cultural_category,,,,,,,,unresolved,nobles,,normal_noble_employment,1,[],"[""library_maintenance""]",[],[],/home/jan/development/ProsperOrPerishConstructor/mod/Prosper or Perish (Population Growth & Food Rework)/in_game/common/building_types/zz_pp_bavarian_academy_of_sciences.txt,2,constructor,Prosper or Perish Constructor,INJECT,"[{""file"":""/home/jan/development/ProsperOrPerishConstructor/mod/Prosper or Perish (Population Growth & Food Rework)/in_game/common/building_types/event_only_buildings.txt"",""layer_id"":""constructor"",""layer_name"":""Prosper or Perish Constructor"",""line"":3291,""mod_name"":""Prosper or Perish Constructor"",""mode"":""CREATE""},{""file"":""/home/jan/development/ProsperOrPerishConstructor/mod/Prosper or Perish (Population Growth & Food Rework)/in_game/common/building_types/zz_pp_bavarian_academy_of_sciences.txt"",""layer_id"":""constructor"",""layer_name"":""Prosper or Perish Constructor"",""line"":2,""mod_name"":""Prosper or Perish Constructor"",""mode"":""INJECT""}]"
herrenchiemsee_abbey,cultural_category,,,,,,,,unresolved,clergy,,large_religious_building_employment,1,[],[],"[""herrenchiemsee_abbey_maintenance""]","[[""herrenchiemsee_abbey_maintenance""]]",/home/jan/development/ProsperOrPerishConstructor/mod/Prosper or Perish (Population Growth & Food Rework)/in_game/common/building_types/zz_pp_herrenchiemsee_abbey.txt,2,constructor,Prosper or Perish Constructor,INJECT,"[{""file"":""/home/jan/development/ProsperOrPerishConstructor/mod/Prosper or Perish (Population Growth & Food Rework)/in_game/common/building_types/event_only_buildings.txt"",""layer_id"":""constructor"",""layer_name"":""Prosper or Perish Constructor"",""line"":3346,""mod_name"":""Prosper or Perish Constructor"",""mode"":""CREATE""},{""file"":""/home/jan/development/ProsperOrPerishConstructor/mod/Prosper or Perish (Population Growth & Food Rework)/in_game/common/building_types/zz_pp_herrenchiemsee_abbey.txt"",""layer_id"":""constructor"",""layer_name"":""Prosper or Perish Constructor"",""line"":2,""mod_name"":""Prosper or Perish Constructor"",""mode"":""INJECT""}]"
munich_residenz_founding,government_category,,,,,,,,unresolved,nobles,,normal_noble_employment,1,[],"[""early_capital_building_maintenance"",""early_capital_building_silver_maintenance""]",[],[],/home/jan/development/ProsperOrPerishConstructor/mod/Prosper or Perish (Population Growth & Food Rework)/in_game/common/building_types/zz_pp_munich_residenz_founding.txt,2,constructor,Prosper or Perish Constructor,INJECT,"[{""file"":""/home/jan/development/ProsperOrPerishConstructor/mod/Prosper or Perish (Population Growth & Food Rework)/in_game/common/building_types/event_only_buildings.txt"",""layer_id"":""constructor"",""layer_name"":""Prosper or Perish Constructor"",""line"":3413,""mod_name"":""Prosper or Perish Constructor"",""mode"":""CREATE""},{""file"":""/home/jan/development/ProsperOrPerishConstructor/mod/Prosper or Perish (Population Growth & Food Rework)/in_game/common/building_types/zz_pp_munich_residenz_founding.txt"",""layer_id"":""constructor"",""layer_name"":""Prosper or Perish Constructor"",""line"":2,""mod_name"":""Prosper or Perish Constructor"",""mode"":""INJECT""}]"
munich_residenz_renaissance_expansion,cultural_category,,,,,,,,unresolved,nobles,,noble_cultural_employment,1,[],"[""early_capital_building_maintenance"",""early_capital_building_silver_maintenance""]",[],[],/home/jan/development/ProsperOrPerishConstructor/mod/Prosper or Perish (Population Growth & Food Rework)/in_game/common/building_types/zz_pp_munich_residenz_renaissance_expansion.txt,2,constructor,Prosper or Perish Constructor,INJECT,"[{""file"":""/home/jan/development/ProsperOrPerishConstructor/mod/Prosper or Perish (Population Growth & Food Rework)/in_game/common/building_types/event_only_buildings.txt"",""layer_id"":""constructor"",""layer_name"":""Prosper or Perish Constructor"",""line"":3470,""mod_name"":""Prosper or Perish Constructor"",""mode"":""CREATE""},{""file"":""/home/jan/development/ProsperOrPerishConstructor/mod/Prosper or Perish (Population Growth & Food Rework)/in_game/common/building_types/zz_pp_munich_residenz_renaissance_expansion.txt"",""layer_id"":""constructor"",""layer_name"":""Prosper or Perish Constructor"",""line"":2,""mod_name"":""Prosper or Perish Constructor"",""mode"":""INJECT""}]"
munich_residenz_baroque_expansion,cultural_category,,,,,,,,unresolved,nobles,,noble_cultural_employment,1,[],"[""capital_building_maintenance""]",[],[],/home/jan/development/ProsperOrPerishConstructor/mod/Prosper or Perish (Population Growth & Food Rework)/in_game/common/building_types/zz_pp_munich_residenz_baroque_expansion.txt,2,constructor,Prosper or Perish Constructor,INJECT,"[{""file"":""/home/jan/development/ProsperOrPerishConstructor/mod/Prosper or Perish (Population Growth & Food Rework)/in_game/common/building_types/event_only_buildings.txt"",""layer_id"":""constructor"",""layer_name"":""Prosper or Perish Constructor"",""line"":3524,""mod_name"":""Prosper or Perish Constructor"",""mode"":""CREATE""},{""file"":""/home/jan/development/ProsperOrPerishConstructor/mod/Prosper or Perish (Population Growth & Food Rework)/in_game/common/building_types/zz_pp_munich_residenz_baroque_expansion.txt"",""layer_id"":""constructor"",""layer_name"":""Prosper or Perish Constructor"",""line"":2,""mod_name"":""Prosper or Perish Constructor"",""mode"":""INJECT""}]"
general_archive_of_simancas,government_category,,,,,,,,unresolved,nobles,,huge_noble_employment,1,[],"[""capital_building_maintenance""]",[],[],/home/jan/development/ProsperOrPerishConstructor/mod/Prosper or Perish (Population Growth & Food Rework)/in_game/common/building_types/zz_pp_general_archive_of_simancas.txt,2,constructor,Prosper or Perish Constructor,INJECT,"[{""file"":""/home/jan/development/ProsperOrPerishConstructor/mod/Prosper or Perish (Population Growth & Food Rework)/in_game/common/building_types/event_only_buildings.txt"",""layer_id"":""constructor"",""layer_name"":""Prosper or Perish Constructor"",""line"":3582,""mod_name"":""Prosper or Perish Constructor"",""mode"":""CREATE""},{""file"":""/home/jan/development/ProsperOrPerishConstructor/mod/Prosper or Perish (Population Growth & Food Rework)/in_game/common/building_types/zz_pp_general_archive_of_simancas.txt"",""layer_id"":""constructor"",""layer_name"":""Prosper or Perish Constructor"",""line"":2,""mod_name"":""Prosper or Perish Constructor"",""mode"":""INJECT""}]"
el_escorial_palace,cultural_category,,,,,,,,unresolved,nobles,,huge_noble_employment,1,[],"[""capital_building_maintenance""]",[],[],/home/jan/development/ProsperOrPerishConstructor/mod/Prosper or Perish (Population Growth & Food Rework)/in_game/common/building_types/zz_pp_el_escorial_palace.txt,2,constructor,Prosper or Perish Constructor,INJECT,"[{""file"":""/home/jan/development/ProsperOrPerishConstructor/mod/Prosper or Perish (Population Growth & Food Rework)/in_game/common/building_types/event_only_buildings.txt"",""layer_id"":""constructor"",""layer_name"":""Prosper or Perish Constructor"",""line"":3616,""mod_name"":""Prosper or Perish Constructor"",""mode"":""CREATE""},{""file"":""/home/jan/development/ProsperOrPerishConstructor/mod/Prosper or Perish (Population Growth & Food Rework)/in_game/common/building_types/zz_pp_el_escorial_palace.txt"",""layer_id"":""constructor"",""layer_name"":""Prosper or Perish Constructor"",""line"":2,""mod_name"":""Prosper or Perish Constructor"",""mode"":""INJECT""}]"
school_of_salamanca,cultural_category,,,,,,,,unresolved,clergy,1.0,,1,[],"[""library_maintenance""]",[],[],/home/jan/development/ProsperOrPerishConstructor/mod/Prosper or Perish (Population Growth & Food Rework)/in_game/common/building_types/zz_pp_school_of_salamanca.txt,2,constructor,Prosper or Perish Constructor,INJECT,"[{""file"":""/home/jan/development/ProsperOrPerishConstructor/mod/Prosper or Perish (Population Growth & Food Rework)/in_game/common/building_types/event_only_buildings.txt"",""layer_id"":""constructor"",""layer_name"":""Prosper or Perish Constructor"",""line"":3654,""mod_name"":""Prosper or Perish Constructor"",""mode"":""CREATE""},{""file"":""/home/jan/development/ProsperOrPerishConstructor/mod/Prosper or Perish (Population Growth & Food Rework)/in_game/common/building_types/zz_pp_school_of_salamanca.txt"",""layer_id"":""constructor"",""layer_name"":""Prosper or Perish Constructor"",""line"":2,""mod_name"":""Prosper or Perish Constructor"",""mode"":""INJECT""}]"
segovia_artillery_academy,military_category,,,,,,,,unresolved,soldiers,,manpower_employment,1,[],"[""soldier_building_maintenance""]",[],[],/home/jan/development/ProsperOrPerishConstructor/mod/Prosper or Perish (Population Growth & Food Rework)/in_game/common/building_types/zz_pp_segovia_artillery_academy.txt,2,constructor,Prosper or Perish Constructor,INJECT,"[{""file"":""/home/jan/development/ProsperOrPerishConstructor/mod/Prosper or Perish (Population Growth & Food Rework)/in_game/common/building_types/event_only_buildings.txt"",""layer_id"":""constructor"",""layer_name"":""Prosper or Perish Constructor"",""line"":3686,""mod_name"":""Prosper or Perish Constructor"",""mode"":""CREATE""},{""file"":""/home/jan/development/ProsperOrPerishConstructor/mod/Prosper or Perish (Population Growth & Food Rework)/in_game/common/building_types/zz_pp_segovia_artillery_academy.txt"",""layer_id"":""constructor"",""layer_name"":""Prosper or Perish Constructor"",""line"":2,""mod_name"":""Prosper or Perish Constructor"",""mode"":""INJECT""}]"
usa_academy_of_arts_and_sciences,cultural_category,,,,,,,,unresolved,burghers,,cultural_employment,1,[],[],"[""usa_academy_of_arts_and_sciences_maintenance""]","[[""usa_academy_of_arts_and_sciences_maintenance""]]",/home/jan/development/ProsperOrPerishConstructor/mod/Prosper or Perish (Population Growth & Food Rework)/in_game/common/building_types/zz_pp_usa_academy_of_arts_and_sciences.txt,2,constructor,Prosper or Perish Constructor,INJECT,"[{""file"":""/home/jan/development/ProsperOrPerishConstructor/mod/Prosper or Perish (Population Growth & Food Rework)/in_game/common/building_types/event_only_buildings.txt"",""layer_id"":""constructor"",""layer_name"":""Prosper or Perish Constructor"",""line"":3726,""mod_name"":""Prosper or Perish Constructor"",""mode"":""CREATE""},{""file"":""/home/jan/development/ProsperOrPerishConstructor/mod/Prosper or Perish (Population Growth & Food Rework)/in_game/common/building_types/zz_pp_usa_academy_of_arts_and_sciences.txt"",""layer_id"":""constructor"",""layer_name"":""Prosper or Perish Constructor"",""line"":2,""mod_name"":""Prosper or Perish Constructor"",""mode"":""INJECT""}]"
usa_philosophical_society,cultural_category,,,,,,,,unresolved,burghers,,cultural_employment,1,[],[],"[""usa_philosophical_society_maintenance""]","[[""usa_philosophical_society_maintenance""]]",/home/jan/development/ProsperOrPerishConstructor/mod/Prosper or Perish (Population Growth & Food Rework)/in_game/common/building_types/zz_pp_usa_philosophical_society.txt,2,constructor,Prosper or Perish Constructor,INJECT,"[{""file"":""/home/jan/development/ProsperOrPerishConstructor/mod/Prosper or Perish (Population Growth & Food Rework)/in_game/common/building_types/event_only_buildings.txt"",""layer_id"":""constructor"",""layer_name"":""Prosper or Perish Constructor"",""line"":3778,""mod_name"":""Prosper or Perish Constructor"",""mode"":""CREATE""},{""file"":""/home/jan/development/ProsperOrPerishConstructor/mod/Prosper or Perish (Population Growth & Food Rework)/in_game/common/building_types/zz_pp_usa_philosophical_society.txt"",""layer_id"":""constructor"",""layer_name"":""Prosper or Perish Constructor"",""line"":2,""mod_name"":""Prosper or Perish Constructor"",""mode"":""INJECT""}]"
usa_national_bank,trade_category,,,,,,,,unresolved,burghers,,generic_burgher_employment,1,[],[],"[""usa_national_bank_maintenance""]","[[""usa_national_bank_maintenance""]]",/home/jan/development/ProsperOrPerishConstructor/mod/Prosper or Perish (Population Growth & Food Rework)/in_game/common/building_types/zz_pp_usa_national_bank.txt,2,constructor,Prosper or Perish Constructor,INJECT,"[{""file"":""/home/jan/development/ProsperOrPerishConstructor/mod/Prosper or Perish (Population Growth & Food Rework)/in_game/common/building_types/event_only_buildings.txt"",""layer_id"":""constructor"",""layer_name"":""Prosper or Perish Constructor"",""line"":3832,""mod_name"":""Prosper or Perish Constructor"",""mode"":""CREATE""},{""file"":""/home/jan/development/ProsperOrPerishConstructor/mod/Prosper or Perish (Population Growth & Food Rework)/in_game/common/building_types/zz_pp_usa_national_bank.txt"",""layer_id"":""constructor"",""layer_name"":""Prosper or Perish Constructor"",""line"":2,""mod_name"":""Prosper or Perish Constructor"",""mode"":""INJECT""}]"
usa_national_mint,trade_category,,,,,,,,unresolved,burghers,,generic_burgher_employment,1,[],[],"[""usa_national_mint_maintenance""]","[[""usa_national_mint_maintenance""]]",/home/jan/development/ProsperOrPerishConstructor/mod/Prosper or Perish (Population Growth & Food Rework)/in_game/common/building_types/zz_pp_usa_national_mint.txt,2,constructor,Prosper or Perish Constructor,INJECT,"[{""file"":""/home/jan/development/ProsperOrPerishConstructor/mod/Prosper or Perish (Population Growth & Food Rework)/in_game/common/building_types/event_only_buildings.txt"",""layer_id"":""constructor"",""layer_name"":""Prosper or Perish Constructor"",""line"":3877,""mod_name"":""Prosper or Perish Constructor"",""mode"":""CREATE""},{""file"":""/home/jan/development/ProsperOrPerishConstructor/mod/Prosper or Perish (Population Growth & Food Rework)/in_game/common/building_types/zz_pp_usa_national_mint.txt"",""layer_id"":""constructor"",""layer_name"":""Prosper or Perish Constructor"",""line"":2,""mod_name"":""Prosper or Perish Constructor"",""mode"":""INJECT""}]"
the_cipher_secretary,cultural_category,,,,,,,,unresolved,burghers,,guild_employment,1,[],"[""library_maintenance""]",[],[],/home/jan/development/ProsperOrPerishConstructor/mod/Prosper or Perish (Population Growth & Food Rework)/in_game/common/building_types/zz_pp_the_cipher_secretary.txt,2,constructor,Prosper or Perish Constructor,INJECT,"[{""file"":""/home/jan/development/ProsperOrPerishConstructor/mod/Prosper or Perish (Population Growth & Food Rework)/in_game/common/building_types/event_only_buildings.txt"",""layer_id"":""constructor"",""layer_name"":""Prosper or Perish Constructor"",""line"":3922,""mod_name"":""Prosper or Perish Constructor"",""mode"":""CREATE""},{""file"":""/home/jan/development/ProsperOrPerishConstructor/mod/Prosper or Perish (Population Growth & Food Rework)/in_game/common/building_types/zz_pp_the_cipher_secretary.txt"",""layer_id"":""constructor"",""layer_name"":""Prosper or Perish Constructor"",""line"":2,""mod_name"":""Prosper or Perish Constructor"",""mode"":""INJECT""}]"
phanariot_district,cultural_category,,,,,,,,unresolved,burghers,,large_capital_employment,1,[],[],"[""phanariot_district_maintenance""]","[[""phanariot_district_maintenance""]]",/home/jan/development/ProsperOrPerishConstructor/mod/Prosper or Perish (Population Growth & Food Rework)/in_game/common/building_types/zz_pp_phanariot_district.txt,2,constructor,Prosper or Perish Constructor,INJECT,"[{""file"":""/home/jan/development/ProsperOrPerishConstructor/mod/Prosper or Perish (Population Growth & Food Rework)/in_game/common/building_types/event_only_buildings.txt"",""layer_id"":""constructor"",""layer_name"":""Prosper or Perish Constructor"",""line"":3956,""mod_name"":""Prosper or Perish Constructor"",""mode"":""CREATE""},{""file"":""/home/jan/development/ProsperOrPerishConstructor/mod/Prosper or Perish (Population Growth & Food Rework)/in_game/common/building_types/zz_pp_phanariot_district.txt"",""layer_id"":""constructor"",""layer_name"":""Prosper or Perish Constructor"",""line"":2,""mod_name"":""Prosper or Perish Constructor"",""mode"":""INJECT""}]"
maniot_toll_guards,estate_category,,,,,,,,unresolved,peasants,,estate_peasants_employment,1,[],"[""estate_building_input""]",[],[],/home/jan/development/ProsperOrPerishConstructor/mod/Prosper or Perish (Population Growth & Food Rework)/in_game/common/building_types/zz_pp_maniot_toll_guards.txt,2,constructor,Prosper or Perish Constructor,INJECT,"[{""file"":""/home/jan/development/ProsperOrPerishConstructor/mod/Prosper or Perish (Population Growth & Food Rework)/in_game/common/building_types/event_only_buildings.txt"",""layer_id"":""constructor"",""layer_name"":""Prosper or Perish Constructor"",""line"":3994,""mod_name"":""Prosper or Perish Constructor"",""mode"":""CREATE""},{""file"":""/home/jan/development/ProsperOrPerishConstructor/mod/Prosper or Perish (Population Growth & Food Rework)/in_game/common/building_types/zz_pp_maniot_toll_guards.txt"",""layer_id"":""constructor"",""layer_name"":""Prosper or Perish Constructor"",""line"":2,""mod_name"":""Prosper or Perish Constructor"",""mode"":""INJECT""}]"
bulgarian_administration_center,government_category,,,,,,,,unresolved,nobles,,normal_noble_employment,1,[],"[""estate_building_input""]",[],[],/home/jan/development/ProsperOrPerishConstructor/mod/Prosper or Perish (Population Growth & Food Rework)/in_game/common/building_types/zz_pp_bulgarian_administration_center.txt,2,constructor,Prosper or Perish Constructor,INJECT,"[{""file"":""/home/jan/development/ProsperOrPerishConstructor/mod/Prosper or Perish (Population Growth & Food Rework)/in_game/common/building_types/event_only_buildings.txt"",""layer_id"":""constructor"",""layer_name"":""Prosper or Perish Constructor"",""line"":4038,""mod_name"":""Prosper or Perish Constructor"",""mode"":""CREATE""},{""file"":""/home/jan/development/ProsperOrPerishConstructor/mod/Prosper or Perish (Population Growth & Food Rework)/in_game/common/building_types/zz_pp_bulgarian_administration_center.txt"",""layer_id"":""constructor"",""layer_name"":""Prosper or Perish Constructor"",""line"":2,""mod_name"":""Prosper or Perish Constructor"",""mode"":""INJECT""}]"
jewish_district,cultural_category,,,,,,,,unresolved,burghers,,large_capital_employment,1,[],[],"[""jewish_district_maintenance""]","[[""jewish_district_maintenance""]]",/home/jan/development/ProsperOrPerishConstructor/mod/Prosper or Perish (Population Growth & Food Rework)/in_game/common/building_types/zz_pp_jewish_district.txt,2,constructor,Prosper or Perish Constructor,INJECT,"[{""file"":""/home/jan/development/ProsperOrPerishConstructor/mod/Prosper or Perish (Population Growth & Food Rework)/in_game/common/building_types/event_only_buildings.txt"",""layer_id"":""constructor"",""layer_name"":""Prosper or Perish Constructor"",""line"":4084,""mod_name"":""Prosper or Perish Constructor"",""mode"":""CREATE""},{""file"":""/home/jan/development/ProsperOrPerishConstructor/mod/Prosper or Perish (Population Growth & Food Rework)/in_game/common/building_types/zz_pp_jewish_district.txt"",""layer_id"":""constructor"",""layer_name"":""Prosper or Perish Constructor"",""line"":2,""mod_name"":""Prosper or Perish Constructor"",""mode"":""INJECT""}]"
darussifa,infrastructure_category,,,,,,,,unresolved,clergy,,clergy_medical_employment,1,[],"[""hospital_maintenance""]",[],[],/home/jan/development/ProsperOrPerishConstructor/mod/Prosper or Perish (Population Growth & Food Rework)/in_game/common/building_types/zz_pp_darussifa.txt,2,constructor,Prosper or Perish Constructor,INJECT,"[{""file"":""/home/jan/development/ProsperOrPerishConstructor/mod/Prosper or Perish (Population Growth & Food Rework)/in_game/common/building_types/event_only_buildings.txt"",""layer_id"":""constructor"",""layer_name"":""Prosper or Perish Constructor"",""line"":4127,""mod_name"":""Prosper or Perish Constructor"",""mode"":""CREATE""},{""file"":""/home/jan/development/ProsperOrPerishConstructor/mod/Prosper or Perish (Population Growth & Food Rework)/in_game/common/building_types/zz_pp_darussifa.txt"",""layer_id"":""constructor"",""layer_name"":""Prosper or Perish Constructor"",""line"":2,""mod_name"":""Prosper or Perish Constructor"",""mode"":""INJECT""}]"
woodhenge_of_cahokia,cultural_category,,,,,,,,unresolved,clergy,,cultural_employment,1,[],[],"[""cahokia_woodhenge_production_method""]","[[""cahokia_woodhenge_production_method""]]",/home/jan/development/ProsperOrPerishConstructor/mod/Prosper or Perish (Population Growth & Food Rework)/in_game/common/building_types/zz_pp_woodhenge_of_cahokia.txt,2,constructor,Prosper or Perish Constructor,INJECT,"[{""file"":""/home/jan/development/ProsperOrPerishConstructor/mod/Prosper or Perish (Population Growth & Food Rework)/in_game/common/building_types/event_only_buildings.txt"",""layer_id"":""constructor"",""layer_name"":""Prosper or Perish Constructor"",""line"":4160,""mod_name"":""Prosper or Perish Constructor"",""mode"":""CREATE""},{""file"":""/home/jan/development/ProsperOrPerishConstructor/mod/Prosper or Perish (Population Growth & Food Rework)/in_game/common/building_types/zz_pp_woodhenge_of_cahokia.txt"",""layer_id"":""constructor"",""layer_name"":""Prosper or Perish Constructor"",""line"":2,""mod_name"":""Prosper or Perish Constructor"",""mode"":""INJECT""}]"
sevilla_bullfighting_school,cultural_category,,,,,,,,unresolved,burghers,,guild_employment,1,[],"[""sevilla_bullfighting_school_maintenance""]",[],[],/home/jan/development/ProsperOrPerishConstructor/mod/Prosper or Perish (Population Growth & Food Rework)/in_game/common/building_types/zz_pp_sevilla_bullfighting_school.txt,2,constructor,Prosper or Perish Constructor,INJECT,"[{""file"":""/home/jan/development/ProsperOrPerishConstructor/mod/Prosper or Perish (Population Growth & Food Rework)/in_game/common/building_types/event_only_buildings.txt"",""layer_id"":""constructor"",""layer_name"":""Prosper or Perish Constructor"",""line"":4212,""mod_name"":""Prosper or Perish Constructor"",""mode"":""CREATE""},{""file"":""/home/jan/development/ProsperOrPerishConstructor/mod/Prosper or Perish (Population Growth & Food Rework)/in_game/common/building_types/zz_pp_sevilla_bullfighting_school.txt"",""layer_id"":""constructor"",""layer_name"":""Prosper or Perish Constructor"",""line"":2,""mod_name"":""Prosper or Perish Constructor"",""mode"":""INJECT""}]"
royal_audience_and_chancery,cultural_category,,,,,,,,unresolved,burghers,,guild_employment,1,[],"[""library_maintenance""]",[],[],/home/jan/development/ProsperOrPerishConstructor/mod/Prosper or Perish (Population Growth & Food Rework)/in_game/common/building_types/zz_pp_royal_audience_and_chancery.txt,2,constructor,Prosper or Perish Constructor,INJECT,"[{""file"":""/home/jan/development/ProsperOrPerishConstructor/mod/Prosper or Perish (Population Growth & Food Rework)/in_game/common/building_types/event_only_buildings.txt"",""layer_id"":""constructor"",""layer_name"":""Prosper or Perish Constructor"",""line"":4245,""mod_name"":""Prosper or Perish Constructor"",""mode"":""CREATE""},{""file"":""/home/jan/development/ProsperOrPerishConstructor/mod/Prosper or Perish (Population Growth & Food Rework)/in_game/common/building_types/zz_pp_royal_audience_and_chancery.txt"",""layer_id"":""constructor"",""layer_name"":""Prosper or Perish Constructor"",""line"":2,""mod_name"":""Prosper or Perish Constructor"",""mode"":""INJECT""}]"
charite_of_berlin,religious_category,,,,,,,,unresolved,clergy,,clergy_medical_employment,1,[],"[""hospital_maintenance""]",[],[],/home/jan/development/ProsperOrPerishConstructor/mod/Prosper or Perish (Population Growth & Food Rework)/in_game/common/building_types/zz_pp_charite_of_berlin.txt,2,constructor,Prosper or Perish Constructor,INJECT,"[{""file"":""/home/jan/development/ProsperOrPerishConstructor/mod/Prosper or Perish (Population Growth & Food Rework)/in_game/common/building_types/event_only_buildings.txt"",""layer_id"":""constructor"",""layer_name"":""Prosper or Perish Constructor"",""line"":4278,""mod_name"":""Prosper or Perish Constructor"",""mode"":""CREATE""},{""file"":""/home/jan/development/ProsperOrPerishConstructor/mod/Prosper or Perish (Population Growth & Food Rework)/in_game/common/building_types/zz_pp_charite_of_berlin.txt"",""layer_id"":""constructor"",""layer_name"":""Prosper or Perish Constructor"",""line"":2,""mod_name"":""Prosper or Perish Constructor"",""mode"":""INJECT""}]"
walls_of_lucca,defense_category,,,,,,,,unresolved,soldiers,,castle_employment,1,[],"[""city_walls_maintenance""]",[],[],/home/jan/development/ProsperOrPerishConstructor/mod/Prosper or Perish (Population Growth & Food Rework)/in_game/common/building_types/zz_pp_walls_of_lucca.txt,2,constructor,Prosper or Perish Constructor,INJECT,"[{""file"":""/home/jan/development/ProsperOrPerishConstructor/mod/Prosper or Perish (Population Growth & Food Rework)/in_game/common/building_types/event_only_buildings.txt"",""layer_id"":""constructor"",""layer_name"":""Prosper or Perish Constructor"",""line"":4304,""mod_name"":""Prosper or Perish Constructor"",""mode"":""CREATE""},{""file"":""/home/jan/development/ProsperOrPerishConstructor/mod/Prosper or Perish (Population Growth & Food Rework)/in_game/common/building_types/zz_pp_walls_of_lucca.txt"",""layer_id"":""constructor"",""layer_name"":""Prosper or Perish Constructor"",""line"":2,""mod_name"":""Prosper or Perish Constructor"",""mode"":""INJECT""}]"
lucca_silk_production_guild,consumer_goods_category,,,,,,,,unresolved,burghers,0.3,,guild_max_level,[],[],"[""pp_lucca_silk_production_guild_fiber_crops_silk_guild_maintenance""]","[[""pp_lucca_silk_production_guild_fiber_crops_silk_guild_maintenance""]]",/home/jan/development/ProsperOrPerishConstructor/mod/Prosper or Perish (Population Growth & Food Rework)/in_game/common/building_types/zz_pp_lucca_silk_production_guild.txt,2,constructor,Prosper or Perish Constructor,REPLACE,"[{""file"":""/home/jan/development/ProsperOrPerishConstructor/mod/Prosper or Perish (Population Growth & Food Rework)/in_game/common/building_types/zz_pp_lucca_silk_production_guild.txt"",""layer_id"":""constructor"",""layer_name"":""Prosper or Perish Constructor"",""line"":2,""mod_name"":""Prosper or Perish Constructor"",""mode"":""REPLACE""}]"
sie_sienese_port,trade_category,,,,,,,,unresolved,burghers,,large_burgher_employment,1,[],"[""port_building_maintenance""]",[],[],/home/jan/development/ProsperOrPerishConstructor/mod/Prosper or Perish (Population Growth & Food Rework)/in_game/common/building_types/zz_pp_sie_sienese_port.txt,2,constructor,Prosper or Perish Constructor,INJECT,"[{""file"":""/home/jan/development/ProsperOrPerishConstructor/mod/Prosper or Perish (Population Growth & Food Rework)/in_game/common/building_types/event_only_buildings.txt"",""layer_id"":""constructor"",""layer_name"":""Prosper or Perish Constructor"",""line"":4398,""mod_name"":""Prosper or Perish Constructor"",""mode"":""CREATE""},{""file"":""/home/jan/development/ProsperOrPerishConstructor/mod/Prosper or Perish (Population Growth & Food Rework)/in_game/common/building_types/zz_pp_sie_sienese_port.txt"",""layer_id"":""constructor"",""layer_name"":""Prosper or Perish Constructor"",""line"":2,""mod_name"":""Prosper or Perish Constructor"",""mode"":""INJECT""}]"
bailiff,government_category,,,,,,,,unresolved,soldiers,,bailiff_employment,1,[],[],"[""bailiff_input""]","[[""bailiff_input""]]",/home/jan/development/ProsperOrPerishConstructor/mod/Prosper or Perish (Population Growth & Food Rework)/in_game/common/building_types/zz_pp_bailiff.txt,2,constructor,Prosper or Perish Constructor,INJECT,"[{""file"":""/home/jan/development/ProsperOrPerishConstructor/mod/Prosper or Perish (Population Growth & Food Rework)/in_game/common/building_types/rural_buildings.txt"",""layer_id"":""constructor"",""layer_name"":""Prosper or Perish Constructor"",""line"":2,""mod_name"":""Prosper or Perish Constructor"",""mode"":""CREATE""},{""file"":""/home/jan/development/ProsperOrPerishConstructor/mod/Prosper or Perish (Population Growth & Food Rework)/in_game/common/building_types/zz_pp_bailiff.txt"",""layer_id"":""constructor"",""layer_name"":""Prosper or Perish Constructor"",""line"":2,""mod_name"":""Prosper or Perish Constructor"",""mode"":""INJECT""}]"
fishing_village,village_category,,,,,,,,unresolved,peasants,1.0,,fish_capacity_max_fishing_village,[],[],"[""pp_fishing_village_base_fish"",""pp_fishing_village_no_primary"",""pp_fishing_village_maintenance"",""pp_arctic_fishing_village_maintenance"",""pp_fishing_village_strand_line"",""pp_fishing_village_clinker_craft"",""pp_fishing_village_no_freshwater_works"",""pp_fishing_village_wattle_weirs"",""pp_fishing_village_stew_ponds"",""pp_fishing_village_no_worker_victuals"",""pp_fishing_village_worker_victuals""]","[[""pp_fishing_village_base_fish""],[""pp_fishing_village_no_primary"",""pp_fishing_village_maintenance"",""pp_arctic_fishing_village_maintenance""],[""pp_fishing_village_strand_line"",""pp_fishing_village_clinker_craft""],[""pp_fishing_village_no_freshwater_works"",""pp_fishing_village_wattle_weirs"",""pp_fishing_village_stew_ponds""],[""pp_fishing_village_no_worker_victuals"",""pp_fishing_village_worker_victuals""]]",/home/jan/development/ProsperOrPerishConstructor/mod/Prosper or Perish (Population Growth & Food Rework)/in_game/common/building_types/zz_pp_fishing_village.txt,2,constructor,Prosper or Perish Constructor,REPLACE,"[{""file"":""/home/jan/development/ProsperOrPerishConstructor/mod/Prosper or Perish (Population Growth & Food Rework)/in_game/common/building_types/zz_pp_fishing_village.txt"",""layer_id"":""constructor"",""layer_name"":""Prosper or Perish Constructor"",""line"":2,""mod_name"":""Prosper or Perish Constructor"",""mode"":""REPLACE""}]"
farming_village,village_category,,,,,,,,unresolved,peasants,1.0,,farm_capacity_max_farming_village,[],[],"[""pp_farming_village_base_livestock"",""pp_millet_farm_base_millet"",""pp_wheat_farm_base_wheat"",""pp_maize_farm_base_maize"",""pp_rice_farm_base_rice"",""pp_legumes_farm_base_legumes"",""pp_potato_farm_base_potato"",""pp_olives_farm_base_olives"",""pp_farming_village_no_primary"",""pp_farming_village_maintenance"",""pp_millet_farm_maintenance"",""pp_millet_farm_livestock"",""pp_wheat_farm_maintenance"",""pp_wheat_farm_livestock"",""pp_maize_farm_maintenance"",""pp_rice_farm_maintenance"",""pp_legumes_farm_maintenance"",""pp_legumes_farm_livestock"",""pp_potato_farm_maintenance"",""pp_olives_farm_maintenance"",""pp_farming_village_no_beeswax"",""pp_farming_village_minor_beeswax"",""pp_farming_village_no_worker_victuals"",""pp_farming_village_worker_victuals""]","[[""pp_farming_village_base_livestock"",""pp_millet_farm_base_millet"",""pp_wheat_farm_base_wheat"",""pp_maize_farm_base_maize"",""pp_rice_farm_base_rice"",""pp_legumes_farm_base_legumes"",""pp_potato_farm_base_potato"",""pp_olives_farm_base_olives""],[""pp_farming_village_no_primary"",""pp_farming_village_maintenance"",""pp_millet_farm_maintenance"",""pp_millet_farm_livestock"",""pp_wheat_farm_maintenance"",""pp_wheat_farm_livestock"",""pp_maize_farm_maintenance"",""pp_rice_farm_maintenance"",""pp_legumes_farm_maintenance"",""pp_legumes_farm_livestock"",""pp_potato_farm_maintenance"",""pp_olives_farm_maintenance""],[""pp_farming_village_no_beeswax"",""pp_farming_village_minor_beeswax""],[""pp_farming_village_no_worker_victuals"",""pp_farming_village_worker_victuals""]]",/home/jan/development/ProsperOrPerishConstructor/mod/Prosper or Perish (Population Growth & Food Rework)/in_game/common/building_types/zz_pp_farming_village.txt,2,constructor,Prosper or Perish Constructor,REPLACE,"[{""file"":""/home/jan/development/ProsperOrPerishConstructor/mod/Prosper or Perish (Population Growth & Food Rework)/in_game/common/building_types/zz_pp_farming_village.txt"",""layer_id"":""constructor"",""layer_name"":""Prosper or Perish Constructor"",""line"":2,""mod_name"":""Prosper or Perish Constructor"",""mode"":""REPLACE""}]"
forest_village,village_category,,,,,,,,unresolved,peasants,1.0,,forest_capacity_max_forest_village,[],[],"[""pp_forest_village_base_leather"",""pp_forest_village_base_wild_game"",""pp_forest_village_base_fur"",""pp_forest_village_base_beeswax"",""pp_forest_village_no_primary"",""pp_forest_tannery"",""pp_hunting_lodges"",""pp_fur_trapping"",""pp_forest_village_forest_apiary"",""pp_forest_village_no_worker_victuals"",""pp_forest_village_worker_victuals""]","[[""pp_forest_village_base_leather"",""pp_forest_village_base_wild_game"",""pp_forest_village_base_fur"",""pp_forest_village_base_beeswax""],[""pp_forest_village_no_primary"",""pp_forest_tannery"",""pp_hunting_lodges"",""pp_fur_trapping"",""pp_forest_village_forest_apiary""],[""pp_forest_village_no_worker_victuals"",""pp_forest_village_worker_victuals""]]",/home/jan/development/ProsperOrPerishConstructor/mod/Prosper or Perish (Population Growth & Food Rework)/in_game/common/building_types/zz_pp_forest_village.txt,2,constructor,Prosper or Perish Constructor,REPLACE,"[{""file"":""/home/jan/development/ProsperOrPerishConstructor/mod/Prosper or Perish (Population Growth & Food Rework)/in_game/common/building_types/zz_pp_forest_village.txt"",""layer_id"":""constructor"",""layer_name"":""Prosper or Perish Constructor"",""line"":2,""mod_name"":""Prosper or Perish Constructor"",""mode"":""REPLACE""}]"
market_village,village_category,,,,,,,,unresolved,peasants,1.0,,rural_building_cap,[],[],"[""pp_market_village_rural_blacksmith"",""pp_market_village_rural_millet_brewery"",""pp_market_village_rural_weaponmaker"",""pp_market_village_rural_jewelry_carver"",""pp_market_village_rural_pottery_maker""]","[[""pp_market_village_rural_blacksmith"",""pp_market_village_rural_millet_brewery"",""pp_market_village_rural_weaponmaker"",""pp_market_village_rural_jewelry_carver"",""pp_market_village_rural_pottery_maker""]]",/home/jan/development/ProsperOrPerishConstructor/mod/Prosper or Perish (Population Growth & Food Rework)/in_game/common/building_types/zz_pp_market_village_market_access.txt,2,constructor,Prosper or Perish Constructor,REPLACE,"[{""file"":""/home/jan/development/ProsperOrPerishConstructor/mod/Prosper or Perish (Population Growth & Food Rework)/in_game/common/building_types/zz_pp_market_village_market_access.txt"",""layer_id"":""constructor"",""layer_name"":""Prosper or Perish Constructor"",""line"":2,""mod_name"":""Prosper or Perish Constructor"",""mode"":""REPLACE""}]"
rural_glassmaker,basic_industry_category,,,,,,,,unresolved,laborers,1.0,,guild_max_level,[],[],"[""pp_rural_glassmaker_rural_glassmaker_maintenance""]","[[""pp_rural_glassmaker_rural_glassmaker_maintenance""]]",/home/jan/development/ProsperOrPerishConstructor/mod/Prosper or Perish (Population Growth & Food Rework)/in_game/common/building_types/zz_pp_rural_glassmaker.txt,2,constructor,Prosper or Perish Constructor,REPLACE,"[{""file"":""/home/jan/development/ProsperOrPerishConstructor/mod/Prosper or Perish (Population Growth & Food Rework)/in_game/common/building_types/zz_pp_rural_glassmaker.txt"",""layer_id"":""constructor"",""layer_name"":""Prosper or Perish Constructor"",""line"":2,""mod_name"":""Prosper or Perish Constructor"",""mode"":""REPLACE""}]"
rural_clothmaker,consumer_goods_category,,,,,,,,unresolved,laborers,1.0,,guild_max_level,[],[],"[""pp_rural_clothmaker_rural_wool_clothmaker"",""pp_rural_clothmaker_rural_cotton_clothmaker"",""pp_rural_clothmaker_rural_fiber_clothmaker""]","[[""pp_rural_clothmaker_rural_wool_clothmaker"",""pp_rural_clothmaker_rural_cotton_clothmaker"",""pp_rural_clothmaker_rural_fiber_clothmaker""]]",/home/jan/development/ProsperOrPerishConstructor/mod/Prosper or Perish (Population Growth & Food Rework)/in_game/common/building_types/zz_pp_rural_clothmaker.txt,2,constructor,Prosper or Perish Constructor,REPLACE,"[{""file"":""/home/jan/development/ProsperOrPerishConstructor/mod/Prosper or Perish (Population Growth & Food Rework)/in_game/common/building_types/zz_pp_rural_clothmaker.txt"",""layer_id"":""constructor"",""layer_name"":""Prosper or Perish Constructor"",""line"":2,""mod_name"":""Prosper or Perish Constructor"",""mode"":""REPLACE""}]"
charcoal_maker,rgo_building_category,,,,,,,,unresolved,laborers,1.0,,rural_building_cap,[],[],"[""pp_char_coal_maintenance""]","[[""pp_char_coal_maintenance""]]",/home/jan/development/ProsperOrPerishConstructor/mod/Prosper or Perish (Population Growth & Food Rework)/in_game/common/building_types/zz_pp_charcoal_maker.txt,2,constructor,Prosper or Perish Constructor,REPLACE,"[{""file"":""/home/jan/development/ProsperOrPerishConstructor/mod/Prosper or Perish (Population Growth & Food Rework)/in_game/common/building_types/zz_pp_charcoal_maker.txt"",""layer_id"":""constructor"",""layer_name"":""Prosper or Perish Constructor"",""line"":2,""mod_name"":""Prosper or Perish Constructor"",""mode"":""REPLACE""}]"
improved_charcoal_maker,rgo_building_category,,,,,,,,unresolved,laborers,1.0,,rural_building_cap,"[""charcoal_maker""]",[],"[""pp_improved_char_coal_maintenance""]","[[""pp_improved_char_coal_maintenance""]]",/home/jan/development/ProsperOrPerishConstructor/mod/Prosper or Perish (Population Growth & Food Rework)/in_game/common/building_types/zz_pp_improved_charcoal_maker.txt,2,constructor,Prosper or Perish Constructor,REPLACE,"[{""file"":""/home/jan/development/ProsperOrPerishConstructor/mod/Prosper or Perish (Population Growth & Food Rework)/in_game/common/building_types/zz_pp_improved_charcoal_maker.txt"",""layer_id"":""constructor"",""layer_name"":""Prosper or Perish Constructor"",""line"":2,""mod_name"":""Prosper or Perish Constructor"",""mode"":""REPLACE""}]"
elephant_hunting_grounds,rgo_building_category,,,,,,,,unresolved,peasants,1.0,,,[],[],"[""pp_elephant_hunting_grounds_elephant_hunting_grounds_maintenance""]","[[""pp_elephant_hunting_grounds_elephant_hunting_grounds_maintenance""]]",/home/jan/development/ProsperOrPerishConstructor/mod/Prosper or Perish (Population Growth & Food Rework)/in_game/common/building_types/zz_pp_elephant_hunting_grounds.txt,2,constructor,Prosper or Perish Constructor,REPLACE,"[{""file"":""/home/jan/development/ProsperOrPerishConstructor/mod/Prosper or Perish (Population Growth & Food Rework)/in_game/common/building_types/zz_pp_elephant_hunting_grounds.txt"",""layer_id"":""constructor"",""layer_name"":""Prosper or Perish Constructor"",""line"":2,""mod_name"":""Prosper or Perish Constructor"",""mode"":""REPLACE""}]"
windmill,rgo_building_category,,,,,,,,unresolved,laborers,,rural_peasant_enhance_employment,1,[],[],"[""windmill_maintenance""]","[[""windmill_maintenance""]]",/home/jan/development/ProsperOrPerishConstructor/mod/Prosper or Perish (Population Growth & Food Rework)/in_game/common/building_types/zz_pp_windmill.txt,2,constructor,Prosper or Perish Constructor,INJECT,"[{""file"":""/home/jan/development/ProsperOrPerishConstructor/mod/Prosper or Perish (Population Growth & Food Rework)/in_game/common/building_types/rural_buildings.txt"",""layer_id"":""constructor"",""layer_name"":""Prosper or Perish Constructor"",""line"":521,""mod_name"":""Prosper or Perish Constructor"",""mode"":""CREATE""},{""file"":""/home/jan/development/ProsperOrPerishConstructor/mod/Prosper or Perish (Population Growth & Food Rework)/in_game/common/building_types/zz_pp_windmill.txt"",""layer_id"":""constructor"",""layer_name"":""Prosper or Perish Constructor"",""line"":2,""mod_name"":""Prosper or Perish Constructor"",""mode"":""INJECT""}]"
local_smelters,rgo_building_category,,,,,,,,unresolved,laborers,,rural_peasant_enhance_employment,1,[],[],"[""local_smelters_maintenance""]","[[""local_smelters_maintenance""]]",/home/jan/development/ProsperOrPerishConstructor/mod/Prosper or Perish (Population Growth & Food Rework)/in_game/common/building_types/zz_pp_local_smelters.txt,2,constructor,Prosper or Perish Constructor,INJECT,"[{""file"":""/home/jan/development/ProsperOrPerishConstructor/mod/Prosper or Perish (Population Growth & Food Rework)/in_game/common/building_types/rural_buildings.txt"",""layer_id"":""constructor"",""layer_name"":""Prosper or Perish Constructor"",""line"":567,""mod_name"":""Prosper or Perish Constructor"",""mode"":""CREATE""},{""file"":""/home/jan/development/ProsperOrPerishConstructor/mod/Prosper or Perish (Population Growth & Food Rework)/in_game/common/building_types/zz_pp_local_smelters.txt"",""layer_id"":""constructor"",""layer_name"":""Prosper or Perish Constructor"",""line"":2,""mod_name"":""Prosper or Perish Constructor"",""mode"":""INJECT""}]"
sawmill,rgo_building_category,,,,,,,,unresolved,laborers,,rural_peasant_enhance_employment,1,[],[],"[""sawmill_maintenance""]","[[""sawmill_maintenance""]]",/home/jan/development/ProsperOrPerishConstructor/mod/Prosper or Perish (Population Growth & Food Rework)/in_game/common/building_types/zz_pp_sawmill.txt,2,constructor,Prosper or Perish Constructor,INJECT,"[{""file"":""/home/jan/development/ProsperOrPerishConstructor/mod/Prosper or Perish (Population Growth & Food Rework)/in_game/common/building_types/rural_buildings.txt"",""layer_id"":""constructor"",""layer_name"":""Prosper or Perish Constructor"",""line"":615,""mod_name"":""Prosper or Perish Constructor"",""mode"":""CREATE""},{""file"":""/home/jan/development/ProsperOrPerishConstructor/mod/Prosper or Perish (Population Growth & Food Rework)/in_game/common/building_types/zz_pp_sawmill.txt"",""layer_id"":""constructor"",""layer_name"":""Prosper or Perish Constructor"",""line"":2,""mod_name"":""Prosper or Perish Constructor"",""mode"":""INJECT""}]"
sheep_farms,rgo_building_category,,,,,,,,unresolved,peasants,1.0,,farm_capacity_max_sheep_farms,[],[],"[""pp_sheep_farm_base_wool"",""pp_sheep_farm_no_primary"",""pp_sheep_farm_maintenance""]","[[""pp_sheep_farm_base_wool""],[""pp_sheep_farm_no_primary"",""pp_sheep_farm_maintenance""]]",/home/jan/development/ProsperOrPerishConstructor/mod/Prosper or Perish (Population Growth & Food Rework)/in_game/common/building_types/zz_pp_sheep_farms.txt,2,constructor,Prosper or Perish Constructor,REPLACE,"[{""file"":""/home/jan/development/ProsperOrPerishConstructor/mod/Prosper or Perish (Population Growth & Food Rework)/in_game/common/building_types/zz_pp_sheep_farms.txt"",""layer_id"":""constructor"",""layer_name"":""Prosper or Perish Constructor"",""line"":2,""mod_name"":""Prosper or Perish Constructor"",""mode"":""REPLACE""}]"
settlement_building,infrastructure_category,,,,,,,,unresolved,peasants,,tiny_rural_peasant_produce_employment,1,[],"[""colony_maintenance""]",[],[],/home/jan/development/ProsperOrPerishConstructor/mod/Prosper or Perish (Population Growth & Food Rework)/in_game/common/building_types/zz_pp_settlement_building.txt,2,constructor,Prosper or Perish Constructor,INJECT,"[{""file"":""/home/jan/development/ProsperOrPerishConstructor/mod/Prosper or Perish (Population Growth & Food Rework)/in_game/common/building_types/rural_buildings.txt"",""layer_id"":""constructor"",""layer_name"":""Prosper or Perish Constructor"",""line"":705,""mod_name"":""Prosper or Perish Constructor"",""mode"":""CREATE""},{""file"":""/home/jan/development/ProsperOrPerishConstructor/mod/Prosper or Perish (Population Growth & Food Rework)/in_game/common/building_types/zz_pp_settlement_building.txt"",""layer_id"":""constructor"",""layer_name"":""Prosper or Perish Constructor"",""line"":2,""mod_name"":""Prosper or Perish Constructor"",""mode"":""INJECT""}]"
kilwan_shipwrights,naval_category,,,,,,,,unresolved,soldiers,,dock_employment,1,[],"[""kilwan_shipwrights_maintenance""]",[],[],/home/jan/development/ProsperOrPerishConstructor/mod/Prosper or Perish (Population Growth & Food Rework)/in_game/common/building_types/zz_pp_kilwan_shipwrights.txt,2,constructor,Prosper or Perish Constructor,INJECT,"[{""file"":""/home/jan/development/ProsperOrPerishConstructor/mod/Prosper or Perish (Population Growth & Food Rework)/in_game/common/building_types/rural_buildings.txt"",""layer_id"":""constructor"",""layer_name"":""Prosper or Perish Constructor"",""line"":747,""mod_name"":""Prosper or Perish Constructor"",""mode"":""CREATE""},{""file"":""/home/jan/development/ProsperOrPerishConstructor/mod/Prosper or Perish (Population Growth & Food Rework)/in_game/common/building_types/zz_pp_kilwan_shipwrights.txt"",""layer_id"":""constructor"",""layer_name"":""Prosper or Perish Constructor"",""line"":2,""mod_name"":""Prosper or Perish Constructor"",""mode"":""INJECT""}]"
alum_quarry,rgo_building_category,alum_quarry,,,,,,,unresolved,laborers,1.0,,rural_building_cap,[],[],"[""pp_alum_quarry_base_alum"",""pp_alum_quarry_no_primary"",""pp_alum_quarry_alum"",""pp_alum_quarry_no_secondary"",""pp_alum_quarry_stone"",""pp_alum_quarry_clay""]","[[""pp_alum_quarry_base_alum""],[""pp_alum_quarry_no_primary"",""pp_alum_quarry_alum""],[""pp_alum_quarry_no_secondary"",""pp_alum_quarry_stone"",""pp_alum_quarry_clay""]]",/home/jan/development/ProsperOrPerishConstructor/mod/Prosper or Perish (Population Growth & Food Rework)/in_game/common/building_types/zz_pp_alum_quarry.txt,2,constructor,Prosper or Perish Constructor,CREATE,"[{""file"":""/home/jan/development/ProsperOrPerishConstructor/mod/Prosper or Perish (Population Growth & Food Rework)/in_game/common/building_types/zz_pp_alum_quarry.txt"",""layer_id"":""constructor"",""layer_name"":""Prosper or Perish Constructor"",""line"":2,""mod_name"":""Prosper or Perish Constructor"",""mode"":""CREATE""}]"
alum_works,rgo_building_category,alum_works,,,,,,,unresolved,laborers,1.0,,rural_building_cap,"[""alum_quarry""]",[],"[""pp_alum_works_base_alum"",""pp_alum_works_no_primary"",""pp_alum_works_alum"",""pp_alum_works_no_secondary"",""pp_alum_works_stone"",""pp_alum_works_clay""]","[[""pp_alum_works_base_alum""],[""pp_alum_works_no_primary"",""pp_alum_works_alum""],[""pp_alum_works_no_secondary"",""pp_alum_works_stone"",""pp_alum_works_clay""]]",/home/jan/development/ProsperOrPerishConstructor/mod/Prosper or Perish (Population Growth & Food Rework)/in_game/common/building_types/zz_pp_alum_works.txt,2,constructor,Prosper or Perish Constructor,CREATE,"[{""file"":""/home/jan/development/ProsperOrPerishConstructor/mod/Prosper or Perish (Population Growth & Food Rework)/in_game/common/building_types/zz_pp_alum_works.txt"",""layer_id"":""constructor"",""layer_name"":""Prosper or Perish Constructor"",""line"":2,""mod_name"":""Prosper or Perish Constructor"",""mode"":""CREATE""}]"
amber_collector,rgo_building_category,amber_collector,,,,,,,unresolved,laborers,1.0,,rural_building_cap,[],[],"[""pp_amber_collector_base_amber"",""pp_amber_collector_no_beach_gathering"",""pp_amber_collector_basket_gathering"",""pp_amber_collector_no_sand"",""pp_amber_collector_sand_horses"",""pp_amber_collector_sand_livestock""]","[[""pp_amber_collector_base_amber""],[""pp_amber_collector_no_beach_gathering"",""pp_amber_collector_basket_gathering""],[""pp_amber_collector_no_sand"",""pp_amber_collector_sand_horses"",""pp_amber_collector_sand_livestock""]]",/home/jan/development/ProsperOrPerishConstructor/mod/Prosper or Perish (Population Growth & Food Rework)/in_game/common/building_types/zz_pp_amber_collector.txt,2,constructor,Prosper or Perish Constructor,CREATE,"[{""file"":""/home/jan/development/ProsperOrPerishConstructor/mod/Prosper or Perish (Population Growth & Food Rework)/in_game/common/building_types/zz_pp_amber_collector.txt"",""layer_id"":""constructor"",""layer_name"":""Prosper or Perish Constructor"",""line"":2,""mod_name"":""Prosper or Perish Constructor"",""mode"":""CREATE""}]"
bog_iron_smelter_blast_furnace,rgo_building_category,bog_iron_smelter_blast_furnace,,,,,,,unresolved,laborers,1.0,,rural_building_cap,"[""bog_iron_smelter""]",[],"[""pp_bog_iron_smelter_blast_furnace_maintenance"",""pp_bog_iron_smelter_blast_furnace_finery""]","[[""pp_bog_iron_smelter_blast_furnace_maintenance"",""pp_bog_iron_smelter_blast_furnace_finery""]]",/home/jan/development/ProsperOrPerishConstructor/mod/Prosper or Perish (Population Growth & Food Rework)/in_game/common/building_types/zz_pp_bog_iron_smelter_blast_furnace.txt,2,constructor,Prosper or Perish Constructor,CREATE,"[{""file"":""/home/jan/development/ProsperOrPerishConstructor/mod/Prosper or Perish (Population Growth & Food Rework)/in_game/common/building_types/zz_pp_bog_iron_smelter_blast_furnace.txt"",""layer_id"":""constructor"",""layer_name"":""Prosper or Perish Constructor"",""line"":2,""mod_name"":""Prosper or Perish Constructor"",""mode"":""CREATE""}]"
bog_iron_smelter_coke_blast_furnace,rgo_building_category,bog_iron_smelter_coke_blast_furnace,,,,,,,unresolved,laborers,1.0,,rural_building_cap,"[""bog_iron_smelter_blast_furnace""]",[],"[""pp_bog_iron_smelter_coke_blast_furnace_maintenance"",""pp_bog_iron_smelter_hot_blast_refining_maintenance""]","[[""pp_bog_iron_smelter_coke_blast_furnace_maintenance"",""pp_bog_iron_smelter_hot_blast_refining_maintenance""]]",/home/jan/development/ProsperOrPerishConstructor/mod/Prosper or Perish (Population Growth & Food Rework)/in_game/common/building_types/zz_pp_bog_iron_smelter_coke_blast_furnace.txt,2,constructor,Prosper or Perish Constructor,CREATE,"[{""file"":""/home/jan/development/ProsperOrPerishConstructor/mod/Prosper or Perish (Population Growth & Food Rework)/in_game/common/building_types/zz_pp_bog_iron_smelter_coke_blast_furnace.txt"",""layer_id"":""constructor"",""layer_name"":""Prosper or Perish Constructor"",""line"":2,""mod_name"":""Prosper or Perish Constructor"",""mode"":""CREATE""}]"
canal_lock_works,infrastructure_category,canal_lock_works,pp_canal_lock_works_price,750.0,/home/jan/development/ProsperOrPerishConstructor/mod/Prosper or Perish (Population Growth & Food Rework)/in_game/common/prices/pp_canal_lock_works.txt,pp_canal_lock_works_price,750.0,/home/jan/development/ProsperOrPerishConstructor/mod/Prosper or Perish (Population Growth & Food Rework)/in_game/common/prices/pp_canal_lock_works.txt,explicit,laborers,0.0,,pp_wb_cap_canal_lock_works,[],[],[],[],/home/jan/development/ProsperOrPerishConstructor/mod/Prosper or Perish (Population Growth & Food Rework)/in_game/common/building_types/zz_pp_canal_lock_works.txt,2,constructor,Prosper or Perish Constructor,CREATE,"[{""file"":""/home/jan/development/ProsperOrPerishConstructor/mod/Prosper or Perish (Population Growth & Food Rework)/in_game/common/building_types/zz_pp_canal_lock_works.txt"",""layer_id"":""constructor"",""layer_name"":""Prosper or Perish Constructor"",""line"":2,""mod_name"":""Prosper or Perish Constructor"",""mode"":""CREATE""}]"
caoyun_canal_office,infrastructure_category,caoyun_canal_office,pp_caoyun_canal_office_price,650.0,/home/jan/development/ProsperOrPerishConstructor/mod/Prosper or Perish (Population Growth & Food Rework)/in_game/common/prices/pp_caoyun_canal_office.txt,pp_caoyun_canal_office_price,650.0,/home/jan/development/ProsperOrPerishConstructor/mod/Prosper or Perish (Population Growth & Food Rework)/in_game/common/prices/pp_caoyun_canal_office.txt,explicit,laborers,0.0,,pp_wb_cap_caoyun_canal_office,[],[],[],[],/home/jan/development/ProsperOrPerishConstructor/mod/Prosper or Perish (Population Growth & Food Rework)/in_game/common/building_types/zz_pp_caoyun_canal_office.txt,2,constructor,Prosper or Perish Constructor,CREATE,"[{""file"":""/home/jan/development/ProsperOrPerishConstructor/mod/Prosper or Perish (Population Growth & Food Rework)/in_game/common/building_types/zz_pp_caoyun_canal_office.txt"",""layer_id"":""constructor"",""layer_name"":""Prosper or Perish Constructor"",""line"":2,""mod_name"":""Prosper or Perish Constructor"",""mode"":""CREATE""}]"
carrier_inn,infrastructure_category,carrier_inn,,,,,,,unresolved,peasants,3.0,,100,[],"[""pp_carrier_inn_maintenance""]",[],[],/home/jan/development/ProsperOrPerishConstructor/mod/Prosper or Perish (Population Growth & Food Rework)/in_game/common/building_types/zz_pp_carrier_inn.txt,2,constructor,Prosper or Perish Constructor,CREATE,"[{""file"":""/home/jan/development/ProsperOrPerishConstructor/mod/Prosper or Perish (Population Growth & Food Rework)/in_game/common/building_types/zz_pp_carrier_inn.txt"",""layer_id"":""constructor"",""layer_name"":""Prosper or Perish Constructor"",""line"":2,""mod_name"":""Prosper or Perish Constructor"",""mode"":""CREATE""}]"
chili_plantation,rgo_building_category,chili_plantation,,,,,,,unresolved,laborers,1.0,,farm_capacity_max_chili_plantation,[],[],"[""pp_chili_plantation_base_chili"",""pp_chili_plantation_no_drying"",""pp_chili_plantation_sun_drying_mats""]","[[""pp_chili_plantation_base_chili""],[""pp_chili_plantation_no_drying"",""pp_chili_plantation_sun_drying_mats""]]",/home/jan/development/ProsperOrPerishConstructor/mod/Prosper or Perish (Population Growth & Food Rework)/in_game/common/building_types/zz_pp_chili_plantation.txt,2,constructor,Prosper or Perish Constructor,CREATE,"[{""file"":""/home/jan/development/ProsperOrPerishConstructor/mod/Prosper or Perish (Population Growth & Food Rework)/in_game/common/building_types/zz_pp_chili_plantation.txt"",""layer_id"":""constructor"",""layer_name"":""Prosper or Perish Constructor"",""line"":2,""mod_name"":""Prosper or Perish Constructor"",""mode"":""CREATE""}]"
cinnabar_pit,rgo_building_category,cinnabar_pit,,,,,,,unresolved,laborers,1.0,,rural_building_cap,[],[],"[""pp_cinnabar_pit_base_mercury"",""pp_cinnabar_pit_no_primary"",""pp_cinnabar_pit_mercury"",""pp_cinnabar_pit_no_secondary"",""pp_cinnabar_pit_stone"",""pp_cinnabar_pit_dyes""]","[[""pp_cinnabar_pit_base_mercury""],[""pp_cinnabar_pit_no_primary"",""pp_cinnabar_pit_mercury""],[""pp_cinnabar_pit_no_secondary"",""pp_cinnabar_pit_stone"",""pp_cinnabar_pit_dyes""]]",/home/jan/development/ProsperOrPerishConstructor/mod/Prosper or Perish (Population Growth & Food Rework)/in_game/common/building_types/zz_pp_cinnabar_pit.txt,2,constructor,Prosper or Perish Constructor,CREATE,"[{""file"":""/home/jan/development/ProsperOrPerishConstructor/mod/Prosper or Perish (Population Growth & Food Rework)/in_game/common/building_types/zz_pp_cinnabar_pit.txt"",""layer_id"":""constructor"",""layer_name"":""Prosper or Perish Constructor"",""line"":2,""mod_name"":""Prosper or Perish Constructor"",""mode"":""CREATE""}]"
clay_washmill,rgo_building_category,clay_washmill,,,,,,,unresolved,laborers,1.0,,rural_building_cap,"[""clay_pit""]",[],"[""pp_clay_washmill_base_clay"",""pp_clay_washmill_no_preparation"",""pp_clay_washmill_horse_pugging"",""pp_clay_washmill_ox_pugging"",""pp_clay_washmill_no_refining"",""pp_clay_washmill_levigation_ponds""]","[[""pp_clay_washmill_base_clay""],[""pp_clay_washmill_no_preparation"",""pp_clay_washmill_horse_pugging"",""pp_clay_washmill_ox_pugging""],[""pp_clay_washmill_no_refining"",""pp_clay_washmill_levigation_ponds""]]",/home/jan/development/ProsperOrPerishConstructor/mod/Prosper or Perish (Population Growth & Food Rework)/in_game/common/building_types/zz_pp_clay_washmill.txt,2,constructor,Prosper or Perish Constructor,CREATE,"[{""file"":""/home/jan/development/ProsperOrPerishConstructor/mod/Prosper or Perish (Population Growth & Food Rework)/in_game/common/building_types/zz_pp_clay_washmill.txt"",""layer_id"":""constructor"",""layer_name"":""Prosper or Perish Constructor"",""line"":2,""mod_name"":""Prosper or Perish Constructor"",""mode"":""CREATE""}]"
clove_grove,rgo_building_category,clove_grove,,,,,,,unresolved,laborers,1.0,,farm_capacity_max_clove_grove,[],[],"[""pp_clove_grove_base_cloves"",""pp_clove_grove_no_curing"",""pp_clove_grove_curing_houses""]","[[""pp_clove_grove_base_cloves""],[""pp_clove_grove_no_curing"",""pp_clove_grove_curing_houses""]]",/home/jan/development/ProsperOrPerishConstructor/mod/Prosper or Perish (Population Growth & Food Rework)/in_game/common/building_types/zz_pp_clove_grove.txt,2,constructor,Prosper or Perish Constructor,CREATE,"[{""file"":""/home/jan/development/ProsperOrPerishConstructor/mod/Prosper or Perish (Population Growth & Food Rework)/in_game/common/building_types/zz_pp_clove_grove.txt"",""layer_id"":""constructor"",""layer_name"":""Prosper or Perish Constructor"",""line"":2,""mod_name"":""Prosper or Perish Constructor"",""mode"":""CREATE""}]"
coal_mine,rgo_building_category,coal_mine,,,,,,,unresolved,laborers,1.0,,rural_building_cap,[],[],"[""pp_coal_mine_base_coal"",""pp_coal_mine_no_primary"",""pp_coal_mine_coal"",""pp_coal_mine_no_secondary"",""pp_coal_mine_fireclay""]","[[""pp_coal_mine_base_coal""],[""pp_coal_mine_no_primary"",""pp_coal_mine_coal""],[""pp_coal_mine_no_secondary"",""pp_coal_mine_fireclay""]]",/home/jan/development/ProsperOrPerishConstructor/mod/Prosper or Perish (Population Growth & Food Rework)/in_game/common/building_types/zz_pp_coal_mine.txt,2,constructor,Prosper or Perish Constructor,CREATE,"[{""file"":""/home/jan/development/ProsperOrPerishConstructor/mod/Prosper or Perish (Population Growth & Food Rework)/in_game/common/building_types/zz_pp_coal_mine.txt"",""layer_id"":""constructor"",""layer_name"":""Prosper or Perish Constructor"",""line"":2,""mod_name"":""Prosper or Perish Constructor"",""mode"":""CREATE""}]"
coal_mine_improved,rgo_building_category,coal_mine_improved,,,,,,,unresolved,laborers,1.0,,rural_building_cap,"[""coal_mine""]",[],"[""pp_coal_mine_improved_base_coal"",""pp_coal_mine_improved_no_primary"",""pp_coal_mine_improved_coal"",""pp_coal_mine_improved_no_secondary"",""pp_coal_mine_improved_fireclay""]","[[""pp_coal_mine_improved_base_coal""],[""pp_coal_mine_improved_no_primary"",""pp_coal_mine_improved_coal""],[""pp_coal_mine_improved_no_secondary"",""pp_coal_mine_improved_fireclay""]]",/home/jan/development/ProsperOrPerishConstructor/mod/Prosper or Perish (Population Growth & Food Rework)/in_game/common/building_types/zz_pp_coal_mine_improved.txt,2,constructor,Prosper or Perish Constructor,CREATE,"[{""file"":""/home/jan/development/ProsperOrPerishConstructor/mod/Prosper or Perish (Population Growth & Food Rework)/in_game/common/building_types/zz_pp_coal_mine_improved.txt"",""layer_id"":""constructor"",""layer_name"":""Prosper or Perish Constructor"",""line"":2,""mod_name"":""Prosper or Perish Constructor"",""mode"":""CREATE""}]"
coal_mine_revolutions,rgo_building_category,coal_mine_revolutions,,,,,,,unresolved,laborers,1.0,,rural_building_cap,"[""coal_mine_improved""]",[],"[""pp_coal_mine_revolutions_base_coal"",""pp_coal_mine_revolutions_no_primary"",""pp_coal_mine_revolutions_coal"",""pp_coal_mine_revolutions_no_secondary"",""pp_coal_mine_revolutions_fireclay""]","[[""pp_coal_mine_revolutions_base_coal""],[""pp_coal_mine_revolutions_no_primary"",""pp_coal_mine_revolutions_coal""],[""pp_coal_mine_revolutions_no_secondary"",""pp_coal_mine_revolutions_fireclay""]]",/home/jan/development/ProsperOrPerishConstructor/mod/Prosper or Perish (Population Growth & Food Rework)/in_game/common/building_types/zz_pp_coal_mine_revolutions.txt,2,constructor,Prosper or Perish Constructor,CREATE,"[{""file"":""/home/jan/development/ProsperOrPerishConstructor/mod/Prosper or Perish (Population Growth & Food Rework)/in_game/common/building_types/zz_pp_coal_mine_revolutions.txt"",""layer_id"":""constructor"",""layer_name"":""Prosper or Perish Constructor"",""line"":2,""mod_name"":""Prosper or Perish Constructor"",""mode"":""CREATE""}]"
coastal_shipping_office,infrastructure_category,coastal_shipping_office,,,,,,,unresolved,laborers,3.0,,pp_coastal_shipping_office_max_level,[],"[""pp_coastal_shipping_office_maintenance""]",[],[],/home/jan/development/ProsperOrPerishConstructor/mod/Prosper or Perish (Population Growth & Food Rework)/in_game/common/building_types/zz_pp_coastal_shipping_office.txt,2,constructor,Prosper or Perish Constructor,CREATE,"[{""file"":""/home/jan/development/ProsperOrPerishConstructor/mod/Prosper or Perish (Population Growth & Food Rework)/in_game/common/building_types/zz_pp_coastal_shipping_office.txt"",""layer_id"":""constructor"",""layer_name"":""Prosper or Perish Constructor"",""line"":2,""mod_name"":""Prosper or Perish Constructor"",""mode"":""CREATE""}]"
cocoa_grove,rgo_building_category,cocoa_grove,,,,,,,unresolved,laborers,1.0,,farm_capacity_max_cocoa_grove,[],[],"[""pp_cocoa_grove_base_cocoa"",""pp_cocoa_grove_no_fermentation"",""pp_cocoa_grove_fermentation_houses""]","[[""pp_cocoa_grove_base_cocoa""],[""pp_cocoa_grove_no_fermentation"",""pp_cocoa_grove_fermentation_houses""]]",/home/jan/development/ProsperOrPerishConstructor/mod/Prosper or Perish (Population Growth & Food Rework)/in_game/common/building_types/zz_pp_cocoa_grove.txt,2,constructor,Prosper or Perish Constructor,CREATE,"[{""file"":""/home/jan/development/ProsperOrPerishConstructor/mod/Prosper or Perish (Population Growth & Food Rework)/in_game/common/building_types/zz_pp_cocoa_grove.txt"",""layer_id"":""constructor"",""layer_name"":""Prosper or Perish Constructor"",""line"":2,""mod_name"":""Prosper or Perish Constructor"",""mode"":""CREATE""}]"
coffee_grove,rgo_building_category,coffee_grove,,,,,,,unresolved,laborers,1.0,,farm_capacity_max_coffee_grove,[],[],"[""pp_coffee_grove_base_coffee"",""pp_coffee_grove_no_washing"",""pp_coffee_grove_washing_stations""]","[[""pp_coffee_grove_base_coffee""],[""pp_coffee_grove_no_washing"",""pp_coffee_grove_washing_stations""]]",/home/jan/development/ProsperOrPerishConstructor/mod/Prosper or Perish (Population Growth & Food Rework)/in_game/common/building_types/zz_pp_coffee_grove.txt,2,constructor,Prosper or Perish Constructor,CREATE,"[{""file"":""/home/jan/development/ProsperOrPerishConstructor/mod/Prosper or Perish (Population Growth & Food Rework)/in_game/common/building_types/zz_pp_coffee_grove.txt"",""layer_id"":""constructor"",""layer_name"":""Prosper or Perish Constructor"",""line"":2,""mod_name"":""Prosper or Perish Constructor"",""mode"":""CREATE""}]"
cookery,consumer_goods_category,cookery,,,,,,,unresolved,laborers,1.0,,cookery_max_level,[],[],"[""pp_cookery_khichdi"",""pp_cookery_fish_congee"",""pp_cookery_livestock_pottage"",""pp_cookery_mediterranean_fish"",""pp_cookery_mutton_and_pease"",""pp_cookery_surstromming"",""pp_cookery_pozole"",""pp_cookery_pemmican"",""pp_cookery_labskaus"",""pp_cookery_meat_tajine"",""pp_cookery_saltfish_porridge"",""pp_cookery_ika_mata"",""pp_cookery_kheer"",""pp_cookery_honey_gruel"",""pp_cookery_boreal_hunter_stew"",""pp_cookery_well_water"",""pp_cookery_beer"",""pp_cookery_wine"",""pp_cookery_liquor"",""pp_cookery_chocolate"",""pp_cookery_coffee"",""pp_cookery_tea"",""pp_cookery_no_packaging"",""pp_cookery_pottery_jars"",""pp_cookery_coopered_barrels"",""pp_cookery_tin_cans""]","[[""pp_cookery_khichdi"",""pp_cookery_fish_congee"",""pp_cookery_livestock_pottage"",""pp_cookery_mediterranean_fish"",""pp_cookery_mutton_and_pease"",""pp_cookery_surstromming"",""pp_cookery_pozole"",""pp_cookery_pemmican"",""pp_cookery_labskaus"",""pp_cookery_meat_tajine"",""pp_cookery_saltfish_porridge"",""pp_cookery_ika_mata"",""pp_cookery_kheer"",""pp_cookery_honey_gruel"",""pp_cookery_boreal_hunter_stew""],[""pp_cookery_well_water"",""pp_cookery_beer"",""pp_cookery_wine"",""pp_cookery_liquor"",""pp_cookery_chocolate"",""pp_cookery_coffee"",""pp_cookery_tea""],[""pp_cookery_no_packaging"",""pp_cookery_pottery_jars"",""pp_cookery_coopered_barrels"",""pp_cookery_tin_cans""]]",/home/jan/development/ProsperOrPerishConstructor/mod/Prosper or Perish (Population Growth & Food Rework)/in_game/common/building_types/zz_pp_cookery.txt,2,constructor,Prosper or Perish Constructor,CREATE,"[{""file"":""/home/jan/development/ProsperOrPerishConstructor/mod/Prosper or Perish (Population Growth & Food Rework)/in_game/common/building_types/zz_pp_cookery.txt"",""layer_id"":""constructor"",""layer_name"":""Prosper or Perish Constructor"",""line"":2,""mod_name"":""Prosper or Perish Constructor"",""mode"":""CREATE""}]"
copper_mine,rgo_building_category,copper_mine,,,,,,,unresolved,laborers,1.0,,rural_building_cap,[],[],"[""pp_copper_mine_base_copper"",""pp_copper_mine_no_primary"",""pp_copper_mine_copper"",""pp_copper_mine_no_secondary"",""pp_copper_mine_silver"",""pp_copper_mine_gold"",""pp_copper_mine_tin""]","[[""pp_copper_mine_base_copper""],[""pp_copper_mine_no_primary"",""pp_copper_mine_copper""],[""pp_copper_mine_no_secondary"",""pp_copper_mine_silver"",""pp_copper_mine_gold"",""pp_copper_mine_tin""]]",/home/jan/development/ProsperOrPerishConstructor/mod/Prosper or Perish (Population Growth & Food Rework)/in_game/common/building_types/zz_pp_copper_mine.txt,2,constructor,Prosper or Perish Constructor,CREATE,"[{""file"":""/home/jan/development/ProsperOrPerishConstructor/mod/Prosper or Perish (Population Growth & Food Rework)/in_game/common/building_types/zz_pp_copper_mine.txt"",""layer_id"":""constructor"",""layer_name"":""Prosper or Perish Constructor"",""line"":2,""mod_name"":""Prosper or Perish Constructor"",""mode"":""CREATE""}]"
copper_mine_adit,rgo_building_category,copper_mine_adit,,,,,,,unresolved,laborers,1.0,,rural_building_cap,"[""copper_mine""]",[],"[""pp_copper_mine_adit_base_copper"",""pp_copper_mine_adit_no_primary"",""pp_copper_mine_adit_copper"",""pp_copper_mine_adit_no_secondary"",""pp_copper_mine_adit_silver"",""pp_copper_mine_adit_gold"",""pp_copper_mine_adit_tin""]","[[""pp_copper_mine_adit_base_copper""],[""pp_copper_mine_adit_no_primary"",""pp_copper_mine_adit_copper""],[""pp_copper_mine_adit_no_secondary"",""pp_copper_mine_adit_silver"",""pp_copper_mine_adit_gold"",""pp_copper_mine_adit_tin""]]",/home/jan/development/ProsperOrPerishConstructor/mod/Prosper or Perish (Population Growth & Food Rework)/in_game/common/building_types/zz_pp_copper_mine_adit.txt,2,constructor,Prosper or Perish Constructor,CREATE,"[{""file"":""/home/jan/development/ProsperOrPerishConstructor/mod/Prosper or Perish (Population Growth & Food Rework)/in_game/common/building_types/zz_pp_copper_mine_adit.txt"",""layer_id"":""constructor"",""layer_name"":""Prosper or Perish Constructor"",""line"":2,""mod_name"":""Prosper or Perish Constructor"",""mode"":""CREATE""}]"
cotton_farm,rgo_building_category,cotton_farm,,,,,,,unresolved,laborers,1.0,,farm_capacity_max_cotton_farm,[],[],"[""pp_cotton_farm_base_cotton"",""pp_cotton_farm_field_picking"",""pp_cotton_farm_gin_house""]","[[""pp_cotton_farm_base_cotton""],[""pp_cotton_farm_field_picking"",""pp_cotton_farm_gin_house""]]",/home/jan/development/ProsperOrPerishConstructor/mod/Prosper or Perish (Population Growth & Food Rework)/in_game/common/building_types/zz_pp_cotton_farm.txt,2,constructor,Prosper or Perish Constructor,CREATE,"[{""file"":""/home/jan/development/ProsperOrPerishConstructor/mod/Prosper or Perish (Population Growth & Food Rework)/in_game/common/building_types/zz_pp_cotton_farm.txt"",""layer_id"":""constructor"",""layer_name"":""Prosper or Perish Constructor"",""line"":2,""mod_name"":""Prosper or Perish Constructor"",""mode"":""CREATE""}]"
delta_waterway_works,infrastructure_category,delta_waterway_works,pp_delta_waterway_works_price,500.0,/home/jan/development/ProsperOrPerishConstructor/mod/Prosper or Perish (Population Growth & Food Rework)/in_game/common/prices/pp_delta_waterway_works.txt,pp_delta_waterway_works_price,500.0,/home/jan/development/ProsperOrPerishConstructor/mod/Prosper or Perish (Population Growth & Food Rework)/in_game/common/prices/pp_delta_waterway_works.txt,explicit,laborers,0.0,,pp_wb_cap_delta_waterway_works,[],[],[],[],/home/jan/development/ProsperOrPerishConstructor/mod/Prosper or Perish (Population Growth & Food Rework)/in_game/common/building_types/zz_pp_delta_waterway_works.txt,2,constructor,Prosper or Perish Constructor,CREATE,"[{""file"":""/home/jan/development/ProsperOrPerishConstructor/mod/Prosper or Perish (Population Growth & Food Rework)/in_game/common/building_types/zz_pp_delta_waterway_works.txt"",""layer_id"":""constructor"",""layer_name"":""Prosper or Perish Constructor"",""line"":2,""mod_name"":""Prosper or Perish Constructor"",""mode"":""CREATE""}]"
dye_plantation,rgo_building_category,dye_plantation,,,,,,,unresolved,laborers,1.0,,farm_capacity_max_dye_plantation,[],[],"[""pp_dye_plantation_base_dyes"",""pp_dye_plantation_no_curing"",""pp_dye_plantation_vat_curing""]","[[""pp_dye_plantation_base_dyes""],[""pp_dye_plantation_no_curing"",""pp_dye_plantation_vat_curing""]]",/home/jan/development/ProsperOrPerishConstructor/mod/Prosper or Perish (Population Growth & Food Rework)/in_game/common/building_types/zz_pp_dye_plantation.txt,2,constructor,Prosper or Perish Constructor,CREATE,"[{""file"":""/home/jan/development/ProsperOrPerishConstructor/mod/Prosper or Perish (Population Growth & Food Rework)/in_game/common/building_types/zz_pp_dye_plantation.txt"",""layer_id"":""constructor"",""layer_name"":""Prosper or Perish Constructor"",""line"":2,""mod_name"":""Prosper or Perish Constructor"",""mode"":""CREATE""}]"
elephant_kraal,rgo_building_category,elephant_kraal,,,,,,,unresolved,laborers,1.0,,farm_capacity_max_elephant_kraal,[],[],"[""pp_elephant_kraal_base_elephants"",""pp_elephant_kraal_no_capture"",""pp_elephant_kraal_kheddah_stockades""]","[[""pp_elephant_kraal_base_elephants""],[""pp_elephant_kraal_no_capture"",""pp_elephant_kraal_kheddah_stockades""]]",/home/jan/development/ProsperOrPerishConstructor/mod/Prosper or Perish (Population Growth & Food Rework)/in_game/common/building_types/zz_pp_elephant_kraal.txt,2,constructor,Prosper or Perish Constructor,CREATE,"[{""file"":""/home/jan/development/ProsperOrPerishConstructor/mod/Prosper or Perish (Population Growth & Food Rework)/in_game/common/building_types/zz_pp_elephant_kraal.txt"",""layer_id"":""constructor"",""layer_name"":""Prosper or Perish Constructor"",""line"":2,""mod_name"":""Prosper or Perish Constructor"",""mode"":""CREATE""}]"
husbandry_farmstead,village_category,husbandry_farmstead,,,,,,,unresolved,peasants,1.0,,farm_capacity_max_husbandry_farmstead,"[""farming_village""]",[],"[""pp_husbandry_farmstead_base_livestock"",""pp_husbandry_farmstead_base_millet"",""pp_husbandry_farmstead_base_wheat"",""pp_husbandry_farmstead_base_maize"",""pp_husbandry_farmstead_base_rice"",""pp_husbandry_farmstead_base_legumes"",""pp_husbandry_farmstead_base_potato"",""pp_husbandry_farmstead_base_olives"",""pp_husbandry_farmstead_no_primary"",""pp_husbandry_farmstead_livestock"",""pp_husbandry_farmstead_millet"",""pp_husbandry_farmstead_wheat"",""pp_husbandry_farmstead_maize"",""pp_husbandry_farmstead_rice"",""pp_husbandry_farmstead_legumes"",""pp_husbandry_farmstead_potato"",""pp_husbandry_farmstead_olives"",""pp_husbandry_farmstead_no_beeswax"",""pp_husbandry_farmstead_yard_hives"",""pp_husbandry_farmstead_no_worker_victuals"",""pp_husbandry_farmstead_worker_victuals""]","[[""pp_husbandry_farmstead_base_livestock"",""pp_husbandry_farmstead_base_millet"",""pp_husbandry_farmstead_base_wheat"",""pp_husbandry_farmstead_base_maize"",""pp_husbandry_farmstead_base_rice"",""pp_husbandry_farmstead_base_legumes"",""pp_husbandry_farmstead_base_potato"",""pp_husbandry_farmstead_base_olives""],[""pp_husbandry_farmstead_no_primary"",""pp_husbandry_farmstead_livestock"",""pp_husbandry_farmstead_millet"",""pp_husbandry_farmstead_wheat"",""pp_husbandry_farmstead_maize"",""pp_husbandry_farmstead_rice"",""pp_husbandry_farmstead_legumes"",""pp_husbandry_farmstead_potato"",""pp_husbandry_farmstead_olives""],[""pp_husbandry_farmstead_no_beeswax"",""pp_husbandry_farmstead_yard_hives""],[""pp_husbandry_farmstead_no_worker_victuals"",""pp_husbandry_farmstead_worker_victuals""]]",/home/jan/development/ProsperOrPerishConstructor/mod/Prosper or Perish (Population Growth & Food Rework)/in_game/common/building_types/zz_pp_farming_village_husbandry_farmstead.txt,2,constructor,Prosper or Perish Constructor,CREATE,"[{""file"":""/home/jan/development/ProsperOrPerishConstructor/mod/Prosper or Perish (Population Growth & Food Rework)/in_game/common/building_types/zz_pp_farming_village_husbandry_farmstead.txt"",""layer_id"":""constructor"",""layer_name"":""Prosper or Perish Constructor"",""line"":2,""mod_name"":""Prosper or Perish Constructor"",""mode"":""CREATE""}]"
farming_village_rotations,village_category,farming_village_rotations,,,,,,,unresolved,peasants,1.0,,farm_capacity_max_farming_village_rotations,"[""husbandry_farmstead""]",[],"[""pp_farming_village_rotations_base_livestock"",""pp_farming_village_rotations_base_millet"",""pp_farming_village_rotations_base_wheat"",""pp_farming_village_rotations_base_maize"",""pp_farming_village_rotations_base_rice"",""pp_farming_village_rotations_base_legumes"",""pp_farming_village_rotations_base_potato"",""pp_farming_village_rotations_base_olives"",""pp_farming_village_rotations_no_primary"",""pp_farming_village_rotations_livestock"",""pp_farming_village_rotations_millet"",""pp_farming_village_rotations_wheat"",""pp_farming_village_rotations_maize"",""pp_farming_village_rotations_rice"",""pp_farming_village_rotations_legumes"",""pp_farming_village_rotations_potato"",""pp_farming_village_rotations_olives"",""pp_farming_village_rotations_no_beeswax"",""pp_farming_village_rotations_hedgerow_hives"",""pp_farming_village_rotations_no_worker_victuals"",""pp_farming_village_rotations_worker_victuals""]","[[""pp_farming_village_rotations_base_livestock"",""pp_farming_village_rotations_base_millet"",""pp_farming_village_rotations_base_wheat"",""pp_farming_village_rotations_base_maize"",""pp_farming_village_rotations_base_rice"",""pp_farming_village_rotations_base_legumes"",""pp_farming_village_rotations_base_potato"",""pp_farming_village_rotations_base_olives""],[""pp_farming_village_rotations_no_primary"",""pp_farming_village_rotations_livestock"",""pp_farming_village_rotations_millet"",""pp_farming_village_rotations_wheat"",""pp_farming_village_rotations_maize"",""pp_farming_village_rotations_rice"",""pp_farming_village_rotations_legumes"",""pp_farming_village_rotations_potato"",""pp_farming_village_rotations_olives""],[""pp_farming_village_rotations_no_beeswax"",""pp_farming_village_rotations_hedgerow_hives""],[""pp_farming_village_rotations_no_worker_victuals"",""pp_farming_village_rotations_worker_victuals""]]",/home/jan/development/ProsperOrPerishConstructor/mod/Prosper or Perish (Population Growth & Food Rework)/in_game/common/building_types/zz_pp_farming_village_rotations.txt,2,constructor,Prosper or Perish Constructor,CREATE,"[{""file"":""/home/jan/development/ProsperOrPerishConstructor/mod/Prosper or Perish (Population Growth & Food Rework)/in_game/common/building_types/zz_pp_farming_village_rotations.txt"",""layer_id"":""constructor"",""layer_name"":""Prosper or Perish Constructor"",""line"":2,""mod_name"":""Prosper or Perish Constructor"",""mode"":""CREATE""}]"
fiber_dressing_yard,rgo_building_category,fiber_dressing_yard,,,,,,,unresolved,laborers,1.0,,farm_capacity_max_fiber_dressing_yard,"[""fiber_crops_farm""]",[],"[""pp_fiber_dressing_yard_base_fiber_crops"",""pp_fiber_dressing_yard_no_dressing"",""pp_fiber_dressing_yard_retting_pits""]","[[""pp_fiber_dressing_yard_base_fiber_crops""],[""pp_fiber_dressing_yard_no_dressing"",""pp_fiber_dressing_yard_retting_pits""]]",/home/jan/development/ProsperOrPerishConstructor/mod/Prosper or Perish (Population Growth & Food Rework)/in_game/common/building_types/zz_pp_fiber_dressing_yard.txt,2,constructor,Prosper or Perish Constructor,CREATE,"[{""file"":""/home/jan/development/ProsperOrPerishConstructor/mod/Prosper or Perish (Population Growth & Food Rework)/in_game/common/building_types/zz_pp_fiber_dressing_yard.txt"",""layer_id"":""constructor"",""layer_name"":""Prosper or Perish Constructor"",""line"":2,""mod_name"":""Prosper or Perish Constructor"",""mode"":""CREATE""}]"
field_drainage,infrastructure_category,field_drainage,pp_field_drainage_price,50.0,/home/jan/development/ProsperOrPerishConstructor/mod/Prosper or Perish (Population Growth & Food Rework)/in_game/common/prices/pp_field_drainage.txt,pp_field_drainage_price,50.0,/home/jan/development/ProsperOrPerishConstructor/mod/Prosper or Perish (Population Growth & Food Rework)/in_game/common/prices/pp_field_drainage.txt,explicit,peasants,0.0,,pp_wb_cap_field_drainage,[],[],[],[],/home/jan/development/ProsperOrPerishConstructor/mod/Prosper or Perish (Population Growth & Food Rework)/in_game/common/building_types/zz_pp_field_drainage.txt,2,constructor,Prosper or Perish Constructor,CREATE,"[{""file"":""/home/jan/development/ProsperOrPerishConstructor/mod/Prosper or Perish (Population Growth & Food Rework)/in_game/common/building_types/zz_pp_field_drainage.txt"",""layer_id"":""constructor"",""layer_name"":""Prosper or Perish Constructor"",""line"":2,""mod_name"":""Prosper or Perish Constructor"",""mode"":""CREATE""}]"
field_management,infrastructure_category,field_management,pp_field_management_price,50.0,/home/jan/development/ProsperOrPerishConstructor/mod/Prosper or Perish (Population Growth & Food Rework)/in_game/common/prices/pp_field_management.txt,pp_field_management_price,50.0,/home/jan/development/ProsperOrPerishConstructor/mod/Prosper or Perish (Population Growth & Food Rework)/in_game/common/prices/pp_field_management.txt,explicit,peasants,0.05,,pp_wb_cap_field_management,[],[],"[""pp_field_management_maintenance"",""pp_field_management_folding"",""pp_field_management_marling""]","[[""pp_field_management_maintenance"",""pp_field_management_folding"",""pp_field_management_marling""]]",/home/jan/development/ProsperOrPerishConstructor/mod/Prosper or Perish (Population Growth & Food Rework)/in_game/common/building_types/zz_pp_field_management.txt,2,constructor,Prosper or Perish Constructor,CREATE,"[{""file"":""/home/jan/development/ProsperOrPerishConstructor/mod/Prosper or Perish (Population Growth & Food Rework)/in_game/common/building_types/zz_pp_field_management.txt"",""layer_id"":""constructor"",""layer_name"":""Prosper or Perish Constructor"",""line"":2,""mod_name"":""Prosper or Perish Constructor"",""mode"":""CREATE""}]"
field_management_convertible,infrastructure_category,field_management_convertible,pp_field_management_convertible_price,50.0,/home/jan/development/ProsperOrPerishConstructor/mod/Prosper or Perish (Population Growth & Food Rework)/in_game/common/prices/pp_field_management_convertible.txt,pp_field_management_convertible_price,50.0,/home/jan/development/ProsperOrPerishConstructor/mod/Prosper or Perish (Population Growth & Food Rework)/in_game/common/prices/pp_field_management_convertible.txt,explicit,peasants,0.075,,pp_wb_cap_field_management_convertible,"[""field_management""]",[],"[""pp_field_management_convertible_leys"",""pp_field_management_convertible_stall_manure"",""pp_field_management_convertible_marling""]","[[""pp_field_management_convertible_leys"",""pp_field_management_convertible_stall_manure"",""pp_field_management_convertible_marling""]]",/home/jan/development/ProsperOrPerishConstructor/mod/Prosper or Perish (Population Growth & Food Rework)/in_game/common/building_types/zz_pp_field_management_convertible.txt,2,constructor,Prosper or Perish Constructor,CREATE,"[{""file"":""/home/jan/development/ProsperOrPerishConstructor/mod/Prosper or Perish (Population Growth & Food Rework)/in_game/common/building_types/zz_pp_field_management_convertible.txt"",""layer_id"":""constructor"",""layer_name"":""Prosper or Perish Constructor"",""line"":2,""mod_name"":""Prosper or Perish Constructor"",""mode"":""CREATE""}]"
field_management_improved,infrastructure_category,field_management_improved,pp_field_management_improved_price,50.0,/home/jan/development/ProsperOrPerishConstructor/mod/Prosper or Perish (Population Growth & Food Rework)/in_game/common/prices/pp_field_management_improved.txt,pp_field_management_improved_price,50.0,/home/jan/development/ProsperOrPerishConstructor/mod/Prosper or Perish (Population Growth & Food Rework)/in_game/common/prices/pp_field_management_improved.txt,explicit,peasants,0.1,,pp_wb_cap_field_management_improved,"[""field_management_convertible""]",[],"[""pp_field_management_improved_four_course"",""pp_field_management_improved_drill"",""pp_field_management_improved_liming""]","[[""pp_field_management_improved_four_course"",""pp_field_management_improved_drill"",""pp_field_management_improved_liming""]]",/home/jan/development/ProsperOrPerishConstructor/mod/Prosper or Perish (Population Growth & Food Rework)/in_game/common/building_types/zz_pp_field_management_improved.txt,2,constructor,Prosper or Perish Constructor,CREATE,"[{""file"":""/home/jan/development/ProsperOrPerishConstructor/mod/Prosper or Perish (Population Growth & Food Rework)/in_game/common/building_types/zz_pp_field_management_improved.txt"",""layer_id"":""constructor"",""layer_name"":""Prosper or Perish Constructor"",""line"":2,""mod_name"":""Prosper or Perish Constructor"",""mode"":""CREATE""}]"
gem_gravel_pit,rgo_building_category,gem_gravel_pit,,,,,,,unresolved,laborers,1.0,,rural_building_cap,[],[],"[""pp_gem_gravel_pit_base_gems"",""pp_gem_gravel_pit_no_primary"",""pp_gem_gravel_pit_gems"",""pp_gem_gravel_pit_no_secondary"",""pp_gem_gravel_pit_gold"",""pp_gem_gravel_pit_sand""]","[[""pp_gem_gravel_pit_base_gems""],[""pp_gem_gravel_pit_no_primary"",""pp_gem_gravel_pit_gems""],[""pp_gem_gravel_pit_no_secondary"",""pp_gem_gravel_pit_gold"",""pp_gem_gravel_pit_sand""]]",/home/jan/development/ProsperOrPerishConstructor/mod/Prosper or Perish (Population Growth & Food Rework)/in_game/common/building_types/zz_pp_gem_gravel_pit.txt,2,constructor,Prosper or Perish Constructor,CREATE,"[{""file"":""/home/jan/development/ProsperOrPerishConstructor/mod/Prosper or Perish (Population Growth & Food Rework)/in_game/common/building_types/zz_pp_gem_gravel_pit.txt"",""layer_id"":""constructor"",""layer_name"":""Prosper or Perish Constructor"",""line"":2,""mod_name"":""Prosper or Perish Constructor"",""mode"":""CREATE""}]"
gem_sluice,rgo_building_category,gem_sluice,,,,,,,unresolved,laborers,1.0,,rural_building_cap,"[""gem_gravel_pit""]",[],"[""pp_gem_sluice_base_gems"",""pp_gem_sluice_no_primary"",""pp_gem_sluice_gems"",""pp_gem_sluice_no_secondary"",""pp_gem_sluice_gold"",""pp_gem_sluice_sand""]","[[""pp_gem_sluice_base_gems""],[""pp_gem_sluice_no_primary"",""pp_gem_sluice_gems""],[""pp_gem_sluice_no_secondary"",""pp_gem_sluice_gold"",""pp_gem_sluice_sand""]]",/home/jan/development/ProsperOrPerishConstructor/mod/Prosper or Perish (Population Growth & Food Rework)/in_game/common/building_types/zz_pp_gem_sluice.txt,2,constructor,Prosper or Perish Constructor,CREATE,"[{""file"":""/home/jan/development/ProsperOrPerishConstructor/mod/Prosper or Perish (Population Growth & Food Rework)/in_game/common/building_types/zz_pp_gem_sluice.txt"",""layer_id"":""constructor"",""layer_name"":""Prosper or Perish Constructor"",""line"":2,""mod_name"":""Prosper or Perish Constructor"",""mode"":""CREATE""}]"
gold_diggings,rgo_building_category,gold_diggings,,,,,,,unresolved,laborers,1.0,,rural_building_cap,[],[],"[""pp_gold_diggings_base_gold"",""pp_gold_diggings_no_primary"",""pp_gold_diggings_gold"",""pp_gold_diggings_no_secondary"",""pp_gold_diggings_silver"",""pp_gold_diggings_copper""]","[[""pp_gold_diggings_base_gold""],[""pp_gold_diggings_no_primary"",""pp_gold_diggings_gold""],[""pp_gold_diggings_no_secondary"",""pp_gold_diggings_silver"",""pp_gold_diggings_copper""]]",/home/jan/development/ProsperOrPerishConstructor/mod/Prosper or Perish (Population Growth & Food Rework)/in_game/common/building_types/zz_pp_gold_diggings.txt,2,constructor,Prosper or Perish Constructor,CREATE,"[{""file"":""/home/jan/development/ProsperOrPerishConstructor/mod/Prosper or Perish (Population Growth & Food Rework)/in_game/common/building_types/zz_pp_gold_diggings.txt"",""layer_id"":""constructor"",""layer_name"":""Prosper or Perish Constructor"",""line"":2,""mod_name"":""Prosper or Perish Constructor"",""mode"":""CREATE""}]"
gold_stamp_mill,rgo_building_category,gold_stamp_mill,,,,,,,unresolved,laborers,1.0,,rural_building_cap,"[""gold_diggings""]",[],"[""pp_gold_stamp_mill_base_gold"",""pp_gold_stamp_mill_no_primary"",""pp_gold_stamp_mill_gold"",""pp_gold_stamp_mill_no_secondary"",""pp_gold_stamp_mill_silver"",""pp_gold_stamp_mill_copper""]","[[""pp_gold_stamp_mill_base_gold""],[""pp_gold_stamp_mill_no_primary"",""pp_gold_stamp_mill_gold""],[""pp_gold_stamp_mill_no_secondary"",""pp_gold_stamp_mill_silver"",""pp_gold_stamp_mill_copper""]]",/home/jan/development/ProsperOrPerishConstructor/mod/Prosper or Perish (Population Growth & Food Rework)/in_game/common/building_types/zz_pp_gold_stamp_mill.txt,2,constructor,Prosper or Perish Constructor,CREATE,"[{""file"":""/home/jan/development/ProsperOrPerishConstructor/mod/Prosper or Perish (Population Growth & Food Rework)/in_game/common/building_types/zz_pp_gold_stamp_mill.txt"",""layer_id"":""constructor"",""layer_name"":""Prosper or Perish Constructor"",""line"":2,""mod_name"":""Prosper or Perish Constructor"",""mode"":""CREATE""}]"
incense_grove,rgo_building_category,incense_grove,,,,,,,unresolved,laborers,1.0,,farm_capacity_max_incense_grove,[],[],"[""pp_incense_grove_base_incense"",""pp_incense_grove_wild_resins"",""pp_incense_grove_tapping_camps""]","[[""pp_incense_grove_base_incense""],[""pp_incense_grove_wild_resins"",""pp_incense_grove_tapping_camps""]]",/home/jan/development/ProsperOrPerishConstructor/mod/Prosper or Perish (Population Growth & Food Rework)/in_game/common/building_types/zz_pp_incense_grove.txt,2,constructor,Prosper or Perish Constructor,CREATE,"[{""file"":""/home/jan/development/ProsperOrPerishConstructor/mod/Prosper or Perish (Population Growth & Food Rework)/in_game/common/building_types/zz_pp_incense_grove.txt"",""layer_id"":""constructor"",""layer_name"":""Prosper or Perish Constructor"",""line"":2,""mod_name"":""Prosper or Perish Constructor"",""mode"":""CREATE""}]"
inland_saltworks,rgo_building_category,inland_saltworks,,,,,,,unresolved,laborers,1.0,,rural_building_cap,[],[],"[""pp_inland_saltworks_base_salt"",""pp_inland_saltworks_salt_flat_scraping"",""pp_inland_saltworks_open_pan_boiling""]","[[""pp_inland_saltworks_base_salt""],[""pp_inland_saltworks_salt_flat_scraping"",""pp_inland_saltworks_open_pan_boiling""]]",/home/jan/development/ProsperOrPerishConstructor/mod/Prosper or Perish (Population Growth & Food Rework)/in_game/common/building_types/zz_pp_inland_saltworks.txt,2,constructor,Prosper or Perish Constructor,CREATE,"[{""file"":""/home/jan/development/ProsperOrPerishConstructor/mod/Prosper or Perish (Population Growth & Food Rework)/in_game/common/building_types/zz_pp_inland_saltworks.txt"",""layer_id"":""constructor"",""layer_name"":""Prosper or Perish Constructor"",""line"":2,""mod_name"":""Prosper or Perish Constructor"",""mode"":""CREATE""}]"
engineered_brine_saltworks,rgo_building_category,engineered_brine_saltworks,,,,,,,unresolved,laborers,1.0,,rural_building_cap,"[""inland_saltworks""]",[],"[""pp_engineered_brine_saltworks_base_salt"",""pp_engineered_brine_saltworks_no_concentration"",""pp_engineered_brine_saltworks_pumped_brine_channels"",""pp_engineered_brine_saltworks_wood_fired_pans"",""pp_engineered_brine_saltworks_mineral_fired_pans""]","[[""pp_engineered_brine_saltworks_base_salt""],[""pp_engineered_brine_saltworks_no_concentration"",""pp_engineered_brine_saltworks_pumped_brine_channels""],[""pp_engineered_brine_saltworks_wood_fired_pans"",""pp_engineered_brine_saltworks_mineral_fired_pans""]]",/home/jan/development/ProsperOrPerishConstructor/mod/Prosper or Perish (Population Growth & Food Rework)/in_game/common/building_types/zz_pp_inland_saltworks_engineered_brine.txt,2,constructor,Prosper or Perish Constructor,CREATE,"[{""file"":""/home/jan/development/ProsperOrPerishConstructor/mod/Prosper or Perish (Population Growth & Food Rework)/in_game/common/building_types/zz_pp_inland_saltworks_engineered_brine.txt"",""layer_id"":""constructor"",""layer_name"":""Prosper or Perish Constructor"",""line"":2,""mod_name"":""Prosper or Perish Constructor"",""mode"":""CREATE""}]"
iron_mine,rgo_building_category,iron_mine,,,,,,,unresolved,laborers,1.0,,rural_building_cap,[],[],"[""pp_iron_mine_base_iron"",""pp_iron_mine_no_primary"",""pp_iron_mine_iron"",""pp_iron_mine_horse_whim_haulage"",""pp_iron_mine_ore_dressing_floors"",""pp_iron_mine_no_secondary"",""pp_iron_mine_ochre""]","[[""pp_iron_mine_base_iron""],[""pp_iron_mine_no_primary"",""pp_iron_mine_iron"",""pp_iron_mine_horse_whim_haulage"",""pp_iron_mine_ore_dressing_floors""],[""pp_iron_mine_no_secondary"",""pp_iron_mine_ochre""]]",/home/jan/development/ProsperOrPerishConstructor/mod/Prosper or Perish (Population Growth & Food Rework)/in_game/common/building_types/zz_pp_iron_mine.txt,2,constructor,Prosper or Perish Constructor,CREATE,"[{""file"":""/home/jan/development/ProsperOrPerishConstructor/mod/Prosper or Perish (Population Growth & Food Rework)/in_game/common/building_types/zz_pp_iron_mine.txt"",""layer_id"":""constructor"",""layer_name"":""Prosper or Perish Constructor"",""line"":2,""mod_name"":""Prosper or Perish Constructor"",""mode"":""CREATE""}]"
iron_mine_improved,rgo_building_category,iron_mine_improved,,,,,,,unresolved,laborers,1.0,,rural_building_cap,"[""iron_mine""]",[],"[""pp_iron_mine_improved_base_iron"",""pp_iron_mine_improved_no_primary"",""pp_iron_mine_improved_iron"",""pp_iron_mine_improved_slitting_dressed_ore"",""pp_iron_mine_improved_horse_whim_haulage"",""pp_iron_mine_improved_ore_dressing_floors"",""pp_iron_mine_improved_no_secondary"",""pp_iron_mine_improved_ochre""]","[[""pp_iron_mine_improved_base_iron""],[""pp_iron_mine_improved_no_primary"",""pp_iron_mine_improved_iron"",""pp_iron_mine_improved_slitting_dressed_ore"",""pp_iron_mine_improved_horse_whim_haulage"",""pp_iron_mine_improved_ore_dressing_floors""],[""pp_iron_mine_improved_no_secondary"",""pp_iron_mine_improved_ochre""]]",/home/jan/development/ProsperOrPerishConstructor/mod/Prosper or Perish (Population Growth & Food Rework)/in_game/common/building_types/zz_pp_iron_mine_improved.txt,2,constructor,Prosper or Perish Constructor,CREATE,"[{""file"":""/home/jan/development/ProsperOrPerishConstructor/mod/Prosper or Perish (Population Growth & Food Rework)/in_game/common/building_types/zz_pp_iron_mine_improved.txt"",""layer_id"":""constructor"",""layer_name"":""Prosper or Perish Constructor"",""line"":2,""mod_name"":""Prosper or Perish Constructor"",""mode"":""CREATE""}]"
iron_mine_deep,rgo_building_category,iron_mine_deep,,,,,,,unresolved,laborers,1.0,,rural_building_cap,"[""iron_mine_improved""]",[],"[""pp_iron_mine_deep_base_iron"",""pp_iron_mine_deep_no_primary"",""pp_iron_mine_deep_drainage_workings"",""pp_iron_mine_deep_slitting_ore"",""pp_iron_mine_deep_horse_whim_haulage"",""pp_iron_mine_deep_ore_dressing_floors"",""pp_iron_mine_deep_no_secondary"",""pp_iron_mine_deep_ochre""]","[[""pp_iron_mine_deep_base_iron""],[""pp_iron_mine_deep_no_primary"",""pp_iron_mine_deep_drainage_workings"",""pp_iron_mine_deep_slitting_ore"",""pp_iron_mine_deep_horse_whim_haulage"",""pp_iron_mine_deep_ore_dressing_floors""],[""pp_iron_mine_deep_no_secondary"",""pp_iron_mine_deep_ochre""]]",/home/jan/development/ProsperOrPerishConstructor/mod/Prosper or Perish (Population Growth & Food Rework)/in_game/common/building_types/zz_pp_iron_mine_improved_deep.txt,2,constructor,Prosper or Perish Constructor,CREATE,"[{""file"":""/home/jan/development/ProsperOrPerishConstructor/mod/Prosper or Perish (Population Growth & Food Rework)/in_game/common/building_types/zz_pp_iron_mine_improved_deep.txt"",""layer_id"":""constructor"",""layer_name"":""Prosper or Perish Constructor"",""line"":2,""mod_name"":""Prosper or Perish Constructor"",""mode"":""CREATE""}]"
irrigated_fields,infrastructure_category,irrigated_fields,pp_irrigated_fields_price,50.0,/home/jan/development/ProsperOrPerishConstructor/mod/Prosper or Perish (Population Growth & Food Rework)/in_game/common/prices/pp_irrigated_fields.txt,pp_irrigated_fields_price,50.0,/home/jan/development/ProsperOrPerishConstructor/mod/Prosper or Perish (Population Growth & Food Rework)/in_game/common/prices/pp_irrigated_fields.txt,explicit,peasants,0.0,,pp_wb_cap_irrigated_fields,[],[],[],[],/home/jan/development/ProsperOrPerishConstructor/mod/Prosper or Perish (Population Growth & Food Rework)/in_game/common/building_types/zz_pp_irrigated_fields.txt,2,constructor,Prosper or Perish Constructor,CREATE,"[{""file"":""/home/jan/development/ProsperOrPerishConstructor/mod/Prosper or Perish (Population Growth & Food Rework)/in_game/common/building_types/zz_pp_irrigated_fields.txt"",""layer_id"":""constructor"",""layer_name"":""Prosper or Perish Constructor"",""line"":2,""mod_name"":""Prosper or Perish Constructor"",""mode"":""CREATE""}]"
irrigation_reservoirs,infrastructure_category,irrigation_reservoirs,pp_irrigation_reservoirs_price,125.0,/home/jan/development/ProsperOrPerishConstructor/mod/Prosper or Perish (Population Growth & Food Rework)/in_game/common/prices/pp_irrigation_reservoirs.txt,pp_irrigation_reservoirs_price,125.0,/home/jan/development/ProsperOrPerishConstructor/mod/Prosper or Perish (Population Growth & Food Rework)/in_game/common/prices/pp_irrigation_reservoirs.txt,explicit,laborers,0.5,,5,[],[],"[""pp_irrigation_reservoirs_maintenance""]","[[""pp_irrigation_reservoirs_maintenance""]]",/home/jan/development/ProsperOrPerishConstructor/mod/Prosper or Perish (Population Growth & Food Rework)/in_game/common/building_types/zz_pp_irrigation_reservoirs.txt,2,constructor,Prosper or Perish Constructor,CREATE,"[{""file"":""/home/jan/development/ProsperOrPerishConstructor/mod/Prosper or Perish (Population Growth & Food Rework)/in_game/common/building_types/zz_pp_irrigation_reservoirs.txt"",""layer_id"":""constructor"",""layer_name"":""Prosper or Perish Constructor"",""line"":2,""mod_name"":""Prosper or Perish Constructor"",""mode"":""CREATE""}]"
ivory_hunting_camp,rgo_building_category,ivory_hunting_camp,,,,,,,unresolved,laborers,1.0,,rural_building_cap,[],[],"[""pp_ivory_hunting_camp_base_ivory"",""pp_ivory_hunting_camp_scavenged_tusks"",""pp_ivory_hunting_camp_caravan_hunts""]","[[""pp_ivory_hunting_camp_base_ivory""],[""pp_ivory_hunting_camp_scavenged_tusks"",""pp_ivory_hunting_camp_caravan_hunts""]]",/home/jan/development/ProsperOrPerishConstructor/mod/Prosper or Perish (Population Growth & Food Rework)/in_game/common/building_types/zz_pp_ivory_hunting_camp.txt,2,constructor,Prosper or Perish Constructor,CREATE,"[{""file"":""/home/jan/development/ProsperOrPerishConstructor/mod/Prosper or Perish (Population Growth & Food Rework)/in_game/common/building_types/zz_pp_ivory_hunting_camp.txt"",""layer_id"":""constructor"",""layer_name"":""Prosper or Perish Constructor"",""line"":2,""mod_name"":""Prosper or Perish Constructor"",""mode"":""CREATE""}]"
jiangnan_canal_network,infrastructure_category,jiangnan_canal_network,pp_jiangnan_canal_network_price,600.0,/home/jan/development/ProsperOrPerishConstructor/mod/Prosper or Perish (Population Growth & Food Rework)/in_game/common/prices/pp_jiangnan_canal_network.txt,pp_jiangnan_canal_network_price,600.0,/home/jan/development/ProsperOrPerishConstructor/mod/Prosper or Perish (Population Growth & Food Rework)/in_game/common/prices/pp_jiangnan_canal_network.txt,explicit,peasants,0.075,,pp_wb_cap_jiangnan_canal_network,[],[],"[""pp_jiangnan_canal_network_maintenance""]","[[""pp_jiangnan_canal_network_maintenance""]]",/home/jan/development/ProsperOrPerishConstructor/mod/Prosper or Perish (Population Growth & Food Rework)/in_game/common/building_types/zz_pp_jiangnan_canal_network.txt,2,constructor,Prosper or Perish Constructor,CREATE,"[{""file"":""/home/jan/development/ProsperOrPerishConstructor/mod/Prosper or Perish (Population Growth & Food Rework)/in_game/common/building_types/zz_pp_jiangnan_canal_network.txt"",""layer_id"":""constructor"",""layer_name"":""Prosper or Perish Constructor"",""line"":2,""mod_name"":""Prosper or Perish Constructor"",""mode"":""CREATE""}]"
jiangnan_hill_terraces,infrastructure_category,jiangnan_hill_terraces,pp_jiangnan_hill_terraces_price,75.0,/home/jan/development/ProsperOrPerishConstructor/mod/Prosper or Perish (Population Growth & Food Rework)/in_game/common/prices/pp_jiangnan_hill_terraces.txt,pp_jiangnan_hill_terraces_price,75.0,/home/jan/development/ProsperOrPerishConstructor/mod/Prosper or Perish (Population Growth & Food Rework)/in_game/common/prices/pp_jiangnan_hill_terraces.txt,explicit,peasants,0.075,,pp_wb_cap_jiangnan_hill_terraces,[],[],"[""pp_jiangnan_hill_terraces_maintenance""]","[[""pp_jiangnan_hill_terraces_maintenance""]]",/home/jan/development/ProsperOrPerishConstructor/mod/Prosper or Perish (Population Growth & Food Rework)/in_game/common/building_types/zz_pp_jiangnan_hill_terraces.txt,2,constructor,Prosper or Perish Constructor,CREATE,"[{""file"":""/home/jan/development/ProsperOrPerishConstructor/mod/Prosper or Perish (Population Growth & Food Rework)/in_game/common/building_types/zz_pp_jiangnan_hill_terraces.txt"",""layer_id"":""constructor"",""layer_name"":""Prosper or Perish Constructor"",""line"":2,""mod_name"":""Prosper or Perish Constructor"",""mode"":""CREATE""}]"
land_clearance,infrastructure_category,land_clearance,pp_land_clearance_price,50.0,/home/jan/development/ProsperOrPerishConstructor/mod/Prosper or Perish (Population Growth & Food Rework)/in_game/common/prices/pp_land_clearance.txt,pp_land_clearance_price,50.0,/home/jan/development/ProsperOrPerishConstructor/mod/Prosper or Perish (Population Growth & Food Rework)/in_game/common/prices/pp_land_clearance.txt,explicit,peasants,0.0,,pp_wb_cap_land_clearance,[],[],[],[],/home/jan/development/ProsperOrPerishConstructor/mod/Prosper or Perish (Population Growth & Food Rework)/in_game/common/building_types/zz_pp_land_clearance.txt,2,constructor,Prosper or Perish Constructor,CREATE,"[{""file"":""/home/jan/development/ProsperOrPerishConstructor/mod/Prosper or Perish (Population Growth & Food Rework)/in_game/common/building_types/zz_pp_land_clearance.txt"",""layer_id"":""constructor"",""layer_name"":""Prosper or Perish Constructor"",""line"":2,""mod_name"":""Prosper or Perish Constructor"",""mode"":""CREATE""}]"
lead_mine,rgo_building_category,lead_mine,,,,,,,unresolved,laborers,1.0,,rural_building_cap,[],[],"[""pp_lead_mine_base_lead"",""pp_lead_mine_no_primary"",""pp_lead_mine_lead"",""pp_lead_mine_no_secondary"",""pp_lead_mine_silver"",""pp_lead_mine_gold""]","[[""pp_lead_mine_base_lead""],[""pp_lead_mine_no_primary"",""pp_lead_mine_lead""],[""pp_lead_mine_no_secondary"",""pp_lead_mine_silver"",""pp_lead_mine_gold""]]",/home/jan/development/ProsperOrPerishConstructor/mod/Prosper or Perish (Population Growth & Food Rework)/in_game/common/building_types/zz_pp_lead_mine.txt,2,constructor,Prosper or Perish Constructor,CREATE,"[{""file"":""/home/jan/development/ProsperOrPerishConstructor/mod/Prosper or Perish (Population Growth & Food Rework)/in_game/common/building_types/zz_pp_lead_mine.txt"",""layer_id"":""constructor"",""layer_name"":""Prosper or Perish Constructor"",""line"":2,""mod_name"":""Prosper or Perish Constructor"",""mode"":""CREATE""}]"
lead_mine_bole_smelting,rgo_building_category,lead_mine_bole_smelting,,,,,,,unresolved,laborers,1.0,,rural_building_cap,"[""lead_mine""]",[],"[""pp_lead_mine_bole_base_lead"",""pp_lead_mine_bole_no_primary"",""pp_lead_mine_bole_lead"",""pp_lead_mine_bole_no_secondary"",""pp_lead_mine_bole_silver"",""pp_lead_mine_bole_gold""]","[[""pp_lead_mine_bole_base_lead""],[""pp_lead_mine_bole_no_primary"",""pp_lead_mine_bole_lead""],[""pp_lead_mine_bole_no_secondary"",""pp_lead_mine_bole_silver"",""pp_lead_mine_bole_gold""]]",/home/jan/development/ProsperOrPerishConstructor/mod/Prosper or Perish (Population Growth & Food Rework)/in_game/common/building_types/zz_pp_lead_mine_bole_smelting.txt,2,constructor,Prosper or Perish Constructor,CREATE,"[{""file"":""/home/jan/development/ProsperOrPerishConstructor/mod/Prosper or Perish (Population Growth & Food Rework)/in_game/common/building_types/zz_pp_lead_mine_bole_smelting.txt"",""layer_id"":""constructor"",""layer_name"":""Prosper or Perish Constructor"",""line"":2,""mod_name"":""Prosper or Perish Constructor"",""mode"":""CREATE""}]"
lead_mine_cupola_smelting,rgo_building_category,lead_mine_cupola_smelting,,,,,,,unresolved,laborers,1.0,,rural_building_cap,"[""lead_mine_bole_smelting""]",[],"[""pp_lead_mine_cupola_base_lead"",""pp_lead_mine_cupola_no_primary"",""pp_lead_mine_cupola_lead"",""pp_lead_mine_cupola_no_secondary"",""pp_lead_mine_cupola_silver"",""pp_lead_mine_cupola_gold""]","[[""pp_lead_mine_cupola_base_lead""],[""pp_lead_mine_cupola_no_primary"",""pp_lead_mine_cupola_lead""],[""pp_lead_mine_cupola_no_secondary"",""pp_lead_mine_cupola_silver"",""pp_lead_mine_cupola_gold""]]",/home/jan/development/ProsperOrPerishConstructor/mod/Prosper or Perish (Population Growth & Food Rework)/in_game/common/building_types/zz_pp_lead_mine_cupola_smelting.txt,2,constructor,Prosper or Perish Constructor,CREATE,"[{""file"":""/home/jan/development/ProsperOrPerishConstructor/mod/Prosper or Perish (Population Growth & Food Rework)/in_game/common/building_types/zz_pp_lead_mine_cupola_smelting.txt"",""layer_id"":""constructor"",""layer_name"":""Prosper or Perish Constructor"",""line"":2,""mod_name"":""Prosper or Perish Constructor"",""mode"":""CREATE""}]"
lowland_sluice_works,infrastructure_category,lowland_sluice_works,pp_lowland_sluice_works_price,550.0,/home/jan/development/ProsperOrPerishConstructor/mod/Prosper or Perish (Population Growth & Food Rework)/in_game/common/prices/pp_lowland_sluice_works.txt,pp_lowland_sluice_works_price,550.0,/home/jan/development/ProsperOrPerishConstructor/mod/Prosper or Perish (Population Growth & Food Rework)/in_game/common/prices/pp_lowland_sluice_works.txt,explicit,laborers,0.0,,pp_wb_cap_lowland_sluice_works,[],[],[],[],/home/jan/development/ProsperOrPerishConstructor/mod/Prosper or Perish (Population Growth & Food Rework)/in_game/common/building_types/zz_pp_lowland_sluice_works.txt,2,constructor,Prosper or Perish Constructor,CREATE,"[{""file"":""/home/jan/development/ProsperOrPerishConstructor/mod/Prosper or Perish (Population Growth & Food Rework)/in_game/common/building_types/zz_pp_lowland_sluice_works.txt"",""layer_id"":""constructor"",""layer_name"":""Prosper or Perish Constructor"",""line"":2,""mod_name"":""Prosper or Perish Constructor"",""mode"":""CREATE""}]"
water_sawmill,rgo_building_category,water_sawmill,,,,,,,unresolved,laborers,1.0,,forest_capacity_max_water_sawmill,"[""lumber_mill""]",[],"[""pp_water_sawmill_base_lumber"",""pp_water_sawmill_no_primary"",""pp_water_sawmill_horse_tools"",""pp_water_sawmill_horse_victuals"",""pp_water_sawmill_livestock_tools"",""pp_water_sawmill_livestock_victuals"",""pp_water_sawmill_no_crew_support"",""pp_water_sawmill_extra_rations"",""pp_water_sawmill_wound_salves""]","[[""pp_water_sawmill_base_lumber""],[""pp_water_sawmill_no_primary"",""pp_water_sawmill_horse_tools"",""pp_water_sawmill_horse_victuals"",""pp_water_sawmill_livestock_tools"",""pp_water_sawmill_livestock_victuals""],[""pp_water_sawmill_no_crew_support"",""pp_water_sawmill_extra_rations"",""pp_water_sawmill_wound_salves""]]",/home/jan/development/ProsperOrPerishConstructor/mod/Prosper or Perish (Population Growth & Food Rework)/in_game/common/building_types/zz_pp_lumber_mill_hydraulic_sawmill.txt,2,constructor,Prosper or Perish Constructor,CREATE,"[{""file"":""/home/jan/development/ProsperOrPerishConstructor/mod/Prosper or Perish (Population Growth & Food Rework)/in_game/common/building_types/zz_pp_lumber_mill_hydraulic_sawmill.txt"",""layer_id"":""constructor"",""layer_name"":""Prosper or Perish Constructor"",""line"":2,""mod_name"":""Prosper or Perish Constructor"",""mode"":""CREATE""}]"
lumber_mill_improved,rgo_building_category,lumber_mill_improved,,,,,,,unresolved,laborers,1.0,,forest_capacity_max_lumber_mill_improved,"[""water_sawmill""]",[],"[""pp_lumber_mill_improved_base_lumber"",""pp_lumber_mill_improved_no_primary"",""pp_lumber_mill_improved_horse_tools"",""pp_lumber_mill_improved_horse_victuals"",""pp_lumber_mill_improved_livestock_tools"",""pp_lumber_mill_improved_livestock_victuals"",""pp_lumber_mill_improved_no_crew_support"",""pp_lumber_mill_improved_wound_salves""]","[[""pp_lumber_mill_improved_base_lumber""],[""pp_lumber_mill_improved_no_primary"",""pp_lumber_mill_improved_horse_tools"",""pp_lumber_mill_improved_horse_victuals"",""pp_lumber_mill_improved_livestock_tools"",""pp_lumber_mill_improved_livestock_victuals""],[""pp_lumber_mill_improved_no_crew_support"",""pp_lumber_mill_improved_wound_salves""]]",/home/jan/development/ProsperOrPerishConstructor/mod/Prosper or Perish (Population Growth & Food Rework)/in_game/common/building_types/zz_pp_lumber_mill_improved.txt,2,constructor,Prosper or Perish Constructor,CREATE,"[{""file"":""/home/jan/development/ProsperOrPerishConstructor/mod/Prosper or Perish (Population Growth & Food Rework)/in_game/common/building_types/zz_pp_lumber_mill_improved.txt"",""layer_id"":""constructor"",""layer_name"":""Prosper or Perish Constructor"",""line"":2,""mod_name"":""Prosper or Perish Constructor"",""mode"":""CREATE""}]"
managed_cocoa_grove,rgo_building_category,managed_cocoa_grove,,,,,,,unresolved,laborers,1.0,,farm_capacity_max_managed_cocoa_grove,"[""cocoa_grove""]",[],"[""pp_managed_cocoa_grove_base_cocoa"",""pp_managed_cocoa_grove_no_fermentation"",""pp_managed_cocoa_grove_fermentation_boxes"",""pp_managed_cocoa_grove_unmanaged_shade"",""pp_managed_cocoa_grove_managed_shade""]","[[""pp_managed_cocoa_grove_base_cocoa""],[""pp_managed_cocoa_grove_no_fermentation"",""pp_managed_cocoa_grove_fermentation_boxes""],[""pp_managed_cocoa_grove_unmanaged_shade"",""pp_managed_cocoa_grove_managed_shade""]]",/home/jan/development/ProsperOrPerishConstructor/mod/Prosper or Perish (Population Growth & Food Rework)/in_game/common/building_types/zz_pp_managed_cocoa_grove.txt,2,constructor,Prosper or Perish Constructor,CREATE,"[{""file"":""/home/jan/development/ProsperOrPerishConstructor/mod/Prosper or Perish (Population Growth & Food Rework)/in_game/common/building_types/zz_pp_managed_cocoa_grove.txt"",""layer_id"":""constructor"",""layer_name"":""Prosper or Perish Constructor"",""line"":2,""mod_name"":""Prosper or Perish Constructor"",""mode"":""CREATE""}]"
managed_forest_village,village_category,managed_forest_village,,,,,,,unresolved,laborers,1.0,,forest_capacity_max_managed_forest_village,"[""forest_village""]",[],"[""pp_managed_forest_village_base_leather"",""pp_managed_forest_village_base_wild_game"",""pp_managed_forest_village_base_fur"",""pp_managed_forest_village_base_beeswax"",""pp_managed_forest_village_no_primary"",""pp_managed_forest_village_tannery"",""pp_managed_forest_village_gamekeepers"",""pp_managed_forest_village_fur_trappers"",""pp_managed_forest_village_apiaries"",""pp_managed_forest_village_no_worker_victuals"",""pp_managed_forest_village_worker_victuals""]","[[""pp_managed_forest_village_base_leather"",""pp_managed_forest_village_base_wild_game"",""pp_managed_forest_village_base_fur"",""pp_managed_forest_village_base_beeswax""],[""pp_managed_forest_village_no_primary"",""pp_managed_forest_village_tannery"",""pp_managed_forest_village_gamekeepers"",""pp_managed_forest_village_fur_trappers"",""pp_managed_forest_village_apiaries""],[""pp_managed_forest_village_no_worker_victuals"",""pp_managed_forest_village_worker_victuals""]]",/home/jan/development/ProsperOrPerishConstructor/mod/Prosper or Perish (Population Growth & Food Rework)/in_game/common/building_types/zz_pp_managed_forest_village.txt,2,constructor,Prosper or Perish Constructor,CREATE,"[{""file"":""/home/jan/development/ProsperOrPerishConstructor/mod/Prosper or Perish (Population Growth & Food Rework)/in_game/common/building_types/zz_pp_managed_forest_village.txt"",""layer_id"":""constructor"",""layer_name"":""Prosper or Perish Constructor"",""line"":2,""mod_name"":""Prosper or Perish Constructor"",""mode"":""CREATE""}]"
marble_quarry,rgo_building_category,marble_quarry,,,,,,,unresolved,laborers,1.0,,rural_building_cap,[],[],"[""pp_marble_quarry_base_marble"",""pp_marble_quarry_no_primary"",""pp_marble_quarry_marble"",""pp_marble_quarry_no_secondary"",""pp_marble_quarry_stone"",""pp_marble_quarry_sand""]","[[""pp_marble_quarry_base_marble""],[""pp_marble_quarry_no_primary"",""pp_marble_quarry_marble""],[""pp_marble_quarry_no_secondary"",""pp_marble_quarry_stone"",""pp_marble_quarry_sand""]]",/home/jan/development/ProsperOrPerishConstructor/mod/Prosper or Perish (Population Growth & Food Rework)/in_game/common/building_types/zz_pp_marble_quarry.txt,2,constructor,Prosper or Perish Constructor,CREATE,"[{""file"":""/home/jan/development/ProsperOrPerishConstructor/mod/Prosper or Perish (Population Growth & Food Rework)/in_game/common/building_types/zz_pp_marble_quarry.txt"",""layer_id"":""constructor"",""layer_name"":""Prosper or Perish Constructor"",""line"":2,""mod_name"":""Prosper or Perish Constructor"",""mode"":""CREATE""}]"
marble_saw_yard,rgo_building_category,marble_saw_yard,,,,,,,unresolved,laborers,1.0,,rural_building_cap,"[""marble_quarry""]",[],"[""pp_marble_saw_yard_base_marble"",""pp_marble_saw_yard_no_primary"",""pp_marble_saw_yard_marble"",""pp_marble_saw_yard_no_secondary"",""pp_marble_saw_yard_stone"",""pp_marble_saw_yard_sand""]","[[""pp_marble_saw_yard_base_marble""],[""pp_marble_saw_yard_no_primary"",""pp_marble_saw_yard_marble""],[""pp_marble_saw_yard_no_secondary"",""pp_marble_saw_yard_stone"",""pp_marble_saw_yard_sand""]]",/home/jan/development/ProsperOrPerishConstructor/mod/Prosper or Perish (Population Growth & Food Rework)/in_game/common/building_types/zz_pp_marble_saw_yard.txt,2,constructor,Prosper or Perish Constructor,CREATE,"[{""file"":""/home/jan/development/ProsperOrPerishConstructor/mod/Prosper or Perish (Population Growth & Food Rework)/in_game/common/building_types/zz_pp_marble_saw_yard.txt"",""layer_id"":""constructor"",""layer_name"":""Prosper or Perish Constructor"",""line"":2,""mod_name"":""Prosper or Perish Constructor"",""mode"":""CREATE""}]"
market_cotton_farm,rgo_building_category,market_cotton_farm,,,,,,,unresolved,laborers,1.0,,farm_capacity_max_market_cotton_farm,"[""cotton_farm""]",[],"[""pp_market_cotton_farm_base_cotton"",""pp_market_cotton_farm_hand_ginning"",""pp_market_cotton_farm_roller_gin_house"",""pp_market_cotton_farm_loose_packing"",""pp_market_cotton_farm_bale_yard""]","[[""pp_market_cotton_farm_base_cotton""],[""pp_market_cotton_farm_hand_ginning"",""pp_market_cotton_farm_roller_gin_house""],[""pp_market_cotton_farm_loose_packing"",""pp_market_cotton_farm_bale_yard""]]",/home/jan/development/ProsperOrPerishConstructor/mod/Prosper or Perish (Population Growth & Food Rework)/in_game/common/building_types/zz_pp_market_cotton_farm.txt,2,constructor,Prosper or Perish Constructor,CREATE,"[{""file"":""/home/jan/development/ProsperOrPerishConstructor/mod/Prosper or Perish (Population Growth & Food Rework)/in_game/common/building_types/zz_pp_market_cotton_farm.txt"",""layer_id"":""constructor"",""layer_name"":""Prosper or Perish Constructor"",""line"":2,""mod_name"":""Prosper or Perish Constructor"",""mode"":""CREATE""}]"
model_farm,village_category,model_farm,,,,,,,unresolved,laborers,1.0,,farm_capacity_max_model_farm,"[""farming_village_rotations""]",[],"[""pp_model_farm_base_livestock"",""pp_model_farm_base_millet"",""pp_model_farm_base_wheat"",""pp_model_farm_base_maize"",""pp_model_farm_base_rice"",""pp_model_farm_base_legumes"",""pp_model_farm_base_potato"",""pp_model_farm_base_olives"",""pp_model_farm_no_primary"",""pp_model_farm_livestock"",""pp_model_farm_millet"",""pp_model_farm_wheat"",""pp_model_farm_maize"",""pp_model_farm_rice"",""pp_model_farm_legumes"",""pp_model_farm_potato"",""pp_model_farm_olives"",""pp_model_farm_no_worker_victuals"",""pp_model_farm_worker_victuals""]","[[""pp_model_farm_base_livestock"",""pp_model_farm_base_millet"",""pp_model_farm_base_wheat"",""pp_model_farm_base_maize"",""pp_model_farm_base_rice"",""pp_model_farm_base_legumes"",""pp_model_farm_base_potato"",""pp_model_farm_base_olives""],[""pp_model_farm_no_primary"",""pp_model_farm_livestock"",""pp_model_farm_millet"",""pp_model_farm_wheat"",""pp_model_farm_maize"",""pp_model_farm_rice"",""pp_model_farm_legumes"",""pp_model_farm_potato"",""pp_model_farm_olives""],[""pp_model_farm_no_worker_victuals"",""pp_model_farm_worker_victuals""]]",/home/jan/development/ProsperOrPerishConstructor/mod/Prosper or Perish (Population Growth & Food Rework)/in_game/common/building_types/zz_pp_model_farm.txt,2,constructor,Prosper or Perish Constructor,CREATE,"[{""file"":""/home/jan/development/ProsperOrPerishConstructor/mod/Prosper or Perish (Population Growth & Food Rework)/in_game/common/building_types/zz_pp_model_farm.txt"",""layer_id"":""constructor"",""layer_name"":""Prosper or Perish Constructor"",""line"":2,""mod_name"":""Prosper or Perish Constructor"",""mode"":""CREATE""}]"
net_curing_yard,village_category,net_curing_yard,,,,,,,unresolved,peasants,1.0,,fish_capacity_max_net_curing_yard,"[""fishing_village""]",[],"[""pp_net_curing_yard_base_fish"",""pp_net_curing_yard_no_primary"",""pp_net_curing_yard_preserved_catch"",""pp_arctic_net_curing_yard_preserved_catch"",""pp_net_curing_yard_strand_line"",""pp_net_curing_yard_clinker_craft"",""pp_net_curing_yard_no_freshwater_works"",""pp_net_curing_yard_wattle_weirs"",""pp_net_curing_yard_stew_ponds"",""pp_net_curing_yard_no_worker_victuals"",""pp_net_curing_yard_worker_victuals""]","[[""pp_net_curing_yard_base_fish""],[""pp_net_curing_yard_no_primary"",""pp_net_curing_yard_preserved_catch"",""pp_arctic_net_curing_yard_preserved_catch""],[""pp_net_curing_yard_strand_line"",""pp_net_curing_yard_clinker_craft""],[""pp_net_curing_yard_no_freshwater_works"",""pp_net_curing_yard_wattle_weirs"",""pp_net_curing_yard_stew_ponds""],[""pp_net_curing_yard_no_worker_victuals"",""pp_net_curing_yard_worker_victuals""]]",/home/jan/development/ProsperOrPerishConstructor/mod/Prosper or Perish (Population Growth & Food Rework)/in_game/common/building_types/zz_pp_net_curing_yard.txt,2,constructor,Prosper or Perish Constructor,CREATE,"[{""file"":""/home/jan/development/ProsperOrPerishConstructor/mod/Prosper or Perish (Population Growth & Food Rework)/in_game/common/building_types/zz_pp_net_curing_yard.txt"",""layer_id"":""constructor"",""layer_name"":""Prosper or Perish Constructor"",""line"":2,""mod_name"":""Prosper or Perish Constructor"",""mode"":""CREATE""}]"
nile_navigation_works,infrastructure_category,nile_navigation_works,pp_nile_navigation_works_price,500.0,/home/jan/development/ProsperOrPerishConstructor/mod/Prosper or Perish (Population Growth & Food Rework)/in_game/common/prices/pp_nile_navigation_works.txt,pp_nile_navigation_works_price,500.0,/home/jan/development/ProsperOrPerishConstructor/mod/Prosper or Perish (Population Growth & Food Rework)/in_game/common/prices/pp_nile_navigation_works.txt,explicit,laborers,0.0,,pp_wb_cap_nile_navigation_works,[],[],[],[],/home/jan/development/ProsperOrPerishConstructor/mod/Prosper or Perish (Population Growth & Food Rework)/in_game/common/building_types/zz_pp_nile_navigation_works.txt,2,constructor,Prosper or Perish Constructor,CREATE,"[{""file"":""/home/jan/development/ProsperOrPerishConstructor/mod/Prosper or Perish (Population Growth & Food Rework)/in_game/common/building_types/zz_pp_nile_navigation_works.txt"",""layer_id"":""constructor"",""layer_name"":""Prosper or Perish Constructor"",""line"":2,""mod_name"":""Prosper or Perish Constructor"",""mode"":""CREATE""}]"
nursery_orchard,rgo_building_category,nursery_orchard,,,,,,,unresolved,peasants,1.0,,farm_capacity_max_nursery_orchard,"[""fruit_orchard""]",[],"[""pp_nursery_orchard_base_fruit"",""pp_nursery_orchard_no_primary"",""pp_nursery_orchard_nursery_rows"",""pp_nursery_orchard_no_worker_victuals"",""pp_nursery_orchard_worker_victuals""]","[[""pp_nursery_orchard_base_fruit""],[""pp_nursery_orchard_no_primary"",""pp_nursery_orchard_nursery_rows""],[""pp_nursery_orchard_no_worker_victuals"",""pp_nursery_orchard_worker_victuals""]]",/home/jan/development/ProsperOrPerishConstructor/mod/Prosper or Perish (Population Growth & Food Rework)/in_game/common/building_types/zz_pp_nursery_orchard.txt,2,constructor,Prosper or Perish Constructor,CREATE,"[{""file"":""/home/jan/development/ProsperOrPerishConstructor/mod/Prosper or Perish (Population Growth & Food Rework)/in_game/common/building_types/zz_pp_nursery_orchard.txt"",""layer_id"":""constructor"",""layer_name"":""Prosper or Perish Constructor"",""line"":2,""mod_name"":""Prosper or Perish Constructor"",""mode"":""CREATE""}]"
ocean_fishery,rgo_building_category,ocean_fishery,,,,,,,unresolved,laborers,1.0,,fish_capacity_max_ocean_fishery,[],[],"[""pp_ocean_fishery_base_catch"",""pp_ocean_fishery_no_coastal_gear"",""pp_ocean_fishery_coastal_boats"",""pp_ocean_fishery_no_worker_victuals"",""pp_ocean_fishery_worker_victuals""]","[[""pp_ocean_fishery_base_catch""],[""pp_ocean_fishery_no_coastal_gear"",""pp_ocean_fishery_coastal_boats""],[""pp_ocean_fishery_no_worker_victuals"",""pp_ocean_fishery_worker_victuals""]]",/home/jan/development/ProsperOrPerishConstructor/mod/Prosper or Perish (Population Growth & Food Rework)/in_game/common/building_types/zz_pp_ocean_fishery.txt,2,constructor,Prosper or Perish Constructor,CREATE,"[{""file"":""/home/jan/development/ProsperOrPerishConstructor/mod/Prosper or Perish (Population Growth & Food Rework)/in_game/common/building_types/zz_pp_ocean_fishery.txt"",""layer_id"":""constructor"",""layer_name"":""Prosper or Perish Constructor"",""line"":2,""mod_name"":""Prosper or Perish Constructor"",""mode"":""CREATE""}]"
drift_net_fishery,rgo_building_category,drift_net_fishery,,,,,,,unresolved,laborers,1.0,,fish_capacity_max_drift_net_fishery,"[""ocean_fishery""]",[],"[""pp_drift_net_fishery_base_catch"",""pp_drift_net_fishery_no_coastal_gear"",""pp_drift_net_fishery_coastal_drift_nets"",""pp_drift_net_fishery_no_worker_victuals"",""pp_drift_net_fishery_worker_victuals""]","[[""pp_drift_net_fishery_base_catch""],[""pp_drift_net_fishery_no_coastal_gear"",""pp_drift_net_fishery_coastal_drift_nets""],[""pp_drift_net_fishery_no_worker_victuals"",""pp_drift_net_fishery_worker_victuals""]]",/home/jan/development/ProsperOrPerishConstructor/mod/Prosper or Perish (Population Growth & Food Rework)/in_game/common/building_types/zz_pp_ocean_fishery_drift_net_fishery.txt,2,constructor,Prosper or Perish Constructor,CREATE,"[{""file"":""/home/jan/development/ProsperOrPerishConstructor/mod/Prosper or Perish (Population Growth & Food Rework)/in_game/common/building_types/zz_pp_ocean_fishery_drift_net_fishery.txt"",""layer_id"":""constructor"",""layer_name"":""Prosper or Perish Constructor"",""line"":2,""mod_name"":""Prosper or Perish Constructor"",""mode"":""CREATE""}]"
offshore_fishery,rgo_building_category,offshore_fishery,,,,,,,unresolved,laborers,1.0,,fish_capacity_max_offshore_fishery,"[""drift_net_fishery""]",[],"[""pp_offshore_fishery_base_catch"",""pp_offshore_fishery_no_offshore_fleet"",""pp_offshore_fishery_herring_busses"",""pp_offshore_fishery_distant_water_schooners"",""pp_offshore_fishery_steam_trawlers"",""pp_offshore_fishery_no_worker_victuals"",""pp_offshore_fishery_worker_victuals""]","[[""pp_offshore_fishery_base_catch""],[""pp_offshore_fishery_no_offshore_fleet"",""pp_offshore_fishery_herring_busses"",""pp_offshore_fishery_distant_water_schooners"",""pp_offshore_fishery_steam_trawlers""],[""pp_offshore_fishery_no_worker_victuals"",""pp_offshore_fishery_worker_victuals""]]",/home/jan/development/ProsperOrPerishConstructor/mod/Prosper or Perish (Population Growth & Food Rework)/in_game/common/building_types/zz_pp_ocean_fishery_offshore.txt,2,constructor,Prosper or Perish Constructor,CREATE,"[{""file"":""/home/jan/development/ProsperOrPerishConstructor/mod/Prosper or Perish (Population Growth & Food Rework)/in_game/common/building_types/zz_pp_ocean_fishery_offshore.txt"",""layer_id"":""constructor"",""layer_name"":""Prosper or Perish Constructor"",""line"":2,""mod_name"":""Prosper or Perish Constructor"",""mode"":""CREATE""}]"
pearl_fishery,rgo_building_category,pearl_fishery,,,,,,,unresolved,laborers,1.0,,rural_building_cap,[],[],"[""pp_pearl_fishery_base_pearls"",""pp_pearl_fishery_no_diving"",""pp_pearl_fishery_dhow_diving_crews""]","[[""pp_pearl_fishery_base_pearls""],[""pp_pearl_fishery_no_diving"",""pp_pearl_fishery_dhow_diving_crews""]]",/home/jan/development/ProsperOrPerishConstructor/mod/Prosper or Perish (Population Growth & Food Rework)/in_game/common/building_types/zz_pp_pearl_fishery.txt,2,constructor,Prosper or Perish Constructor,CREATE,"[{""file"":""/home/jan/development/ProsperOrPerishConstructor/mod/Prosper or Perish (Population Growth & Food Rework)/in_game/common/building_types/zz_pp_pearl_fishery.txt"",""layer_id"":""constructor"",""layer_name"":""Prosper or Perish Constructor"",""line"":2,""mod_name"":""Prosper or Perish Constructor"",""mode"":""CREATE""}]"
pepper_garden,rgo_building_category,pepper_garden,,,,,,,unresolved,laborers,1.0,,farm_capacity_max_pepper_garden,[],[],"[""pp_pepper_garden_base_pepper"",""pp_pepper_garden_no_garbling"",""pp_pepper_garden_blanched_garbling_yards""]","[[""pp_pepper_garden_base_pepper""],[""pp_pepper_garden_no_garbling"",""pp_pepper_garden_blanched_garbling_yards""]]",/home/jan/development/ProsperOrPerishConstructor/mod/Prosper or Perish (Population Growth & Food Rework)/in_game/common/building_types/zz_pp_pepper_garden.txt,2,constructor,Prosper or Perish Constructor,CREATE,"[{""file"":""/home/jan/development/ProsperOrPerishConstructor/mod/Prosper or Perish (Population Growth & Food Rework)/in_game/common/building_types/zz_pp_pepper_garden.txt"",""layer_id"":""constructor"",""layer_name"":""Prosper or Perish Constructor"",""line"":2,""mod_name"":""Prosper or Perish Constructor"",""mode"":""CREATE""}]"
managed_pepper_garden,rgo_building_category,managed_pepper_garden,,,,,,,unresolved,laborers,1.0,,farm_capacity_max_managed_pepper_garden,"[""pepper_garden""]",[],"[""pp_managed_pepper_garden_base_pepper"",""pp_managed_pepper_garden_no_drying_yard"",""pp_managed_pepper_garden_bamboo_drying_mats"",""pp_managed_pepper_garden_unsorted_harvest"",""pp_managed_pepper_garden_garbling_tables""]","[[""pp_managed_pepper_garden_base_pepper""],[""pp_managed_pepper_garden_no_drying_yard"",""pp_managed_pepper_garden_bamboo_drying_mats""],[""pp_managed_pepper_garden_unsorted_harvest"",""pp_managed_pepper_garden_garbling_tables""]]",/home/jan/development/ProsperOrPerishConstructor/mod/Prosper or Perish (Population Growth & Food Rework)/in_game/common/building_types/zz_pp_pepper_garden_managed.txt,2,constructor,Prosper or Perish Constructor,CREATE,"[{""file"":""/home/jan/development/ProsperOrPerishConstructor/mod/Prosper or Perish (Population Growth & Food Rework)/in_game/common/building_types/zz_pp_pepper_garden_managed.txt"",""layer_id"":""constructor"",""layer_name"":""Prosper or Perish Constructor"",""line"":2,""mod_name"":""Prosper or Perish Constructor"",""mode"":""CREATE""}]"
pomological_orchard,rgo_building_category,pomological_orchard,,,,,,,unresolved,laborers,1.0,,farm_capacity_max_pomological_orchard,"[""nursery_orchard""]",[],"[""pp_pomological_orchard_base_fruit"",""pp_pomological_orchard_no_primary"",""pp_pomological_orchard_grafted_rows"",""pp_pomological_orchard_no_worker_victuals"",""pp_pomological_orchard_worker_victuals""]","[[""pp_pomological_orchard_base_fruit""],[""pp_pomological_orchard_no_primary"",""pp_pomological_orchard_grafted_rows""],[""pp_pomological_orchard_no_worker_victuals"",""pp_pomological_orchard_worker_victuals""]]",/home/jan/development/ProsperOrPerishConstructor/mod/Prosper or Perish (Population Growth & Food Rework)/in_game/common/building_types/zz_pp_pomological_orchard.txt,2,constructor,Prosper or Perish Constructor,CREATE,"[{""file"":""/home/jan/development/ProsperOrPerishConstructor/mod/Prosper or Perish (Population Growth & Food Rework)/in_game/common/building_types/zz_pp_pomological_orchard.txt"",""layer_id"":""constructor"",""layer_name"":""Prosper or Perish Constructor"",""line"":2,""mod_name"":""Prosper or Perish Constructor"",""mode"":""CREATE""}]"
qanats,infrastructure_category,qanats,pp_qanats_price,50.0,/home/jan/development/ProsperOrPerishConstructor/mod/Prosper or Perish (Population Growth & Food Rework)/in_game/common/prices/pp_qanats.txt,pp_qanats_price,50.0,/home/jan/development/ProsperOrPerishConstructor/mod/Prosper or Perish (Population Growth & Food Rework)/in_game/common/prices/pp_qanats.txt,explicit,laborers,0.0,,pp_wb_cap_qanats,[],[],[],[],/home/jan/development/ProsperOrPerishConstructor/mod/Prosper or Perish (Population Growth & Food Rework)/in_game/common/building_types/zz_pp_qanats.txt,2,constructor,Prosper or Perish Constructor,CREATE,"[{""file"":""/home/jan/development/ProsperOrPerishConstructor/mod/Prosper or Perish (Population Growth & Food Rework)/in_game/common/building_types/zz_pp_qanats.txt"",""layer_id"":""constructor"",""layer_name"":""Prosper or Perish Constructor"",""line"":2,""mod_name"":""Prosper or Perish Constructor"",""mode"":""CREATE""}]"
quicksilver_retort,rgo_building_category,quicksilver_retort,,,,,,,unresolved,laborers,1.0,,rural_building_cap,"[""cinnabar_pit""]",[],"[""pp_quicksilver_retort_base_mercury"",""pp_quicksilver_retort_no_primary"",""pp_quicksilver_retort_mercury"",""pp_quicksilver_retort_no_secondary"",""pp_quicksilver_retort_stone"",""pp_quicksilver_retort_dyes""]","[[""pp_quicksilver_retort_base_mercury""],[""pp_quicksilver_retort_no_primary"",""pp_quicksilver_retort_mercury""],[""pp_quicksilver_retort_no_secondary"",""pp_quicksilver_retort_stone"",""pp_quicksilver_retort_dyes""]]",/home/jan/development/ProsperOrPerishConstructor/mod/Prosper or Perish (Population Growth & Food Rework)/in_game/common/building_types/zz_pp_quicksilver_retort.txt,2,constructor,Prosper or Perish Constructor,CREATE,"[{""file"":""/home/jan/development/ProsperOrPerishConstructor/mod/Prosper or Perish (Population Growth & Food Rework)/in_game/common/building_types/zz_pp_quicksilver_retort.txt"",""layer_id"":""constructor"",""layer_name"":""Prosper or Perish Constructor"",""line"":2,""mod_name"":""Prosper or Perish Constructor"",""mode"":""CREATE""}]"
river_boatmen_yard,infrastructure_category,river_boatmen_yard,,,,,,,unresolved,laborers,3.0,,pp_river_boatmen_yard_max_level,[],"[""pp_river_boatmen_yard_maintenance""]",[],[],/home/jan/development/ProsperOrPerishConstructor/mod/Prosper or Perish (Population Growth & Food Rework)/in_game/common/building_types/zz_pp_river_boatmen_yard.txt,2,constructor,Prosper or Perish Constructor,CREATE,"[{""file"":""/home/jan/development/ProsperOrPerishConstructor/mod/Prosper or Perish (Population Growth & Food Rework)/in_game/common/building_types/zz_pp_river_boatmen_yard.txt"",""layer_id"":""constructor"",""layer_name"":""Prosper or Perish Constructor"",""line"":2,""mod_name"":""Prosper or Perish Constructor"",""mode"":""CREATE""}]"
river_navigation_works,infrastructure_category,river_navigation_works,pp_river_navigation_works_price,400.0,/home/jan/development/ProsperOrPerishConstructor/mod/Prosper or Perish (Population Growth & Food Rework)/in_game/common/prices/pp_river_navigation_works.txt,pp_river_navigation_works_price,400.0,/home/jan/development/ProsperOrPerishConstructor/mod/Prosper or Perish (Population Growth & Food Rework)/in_game/common/prices/pp_river_navigation_works.txt,explicit,laborers,0.0,,pp_wb_cap_river_navigation_works,[],[],[],[],/home/jan/development/ProsperOrPerishConstructor/mod/Prosper or Perish (Population Growth & Food Rework)/in_game/common/building_types/zz_pp_river_navigation_works.txt,2,constructor,Prosper or Perish Constructor,CREATE,"[{""file"":""/home/jan/development/ProsperOrPerishConstructor/mod/Prosper or Perish (Population Growth & Food Rework)/in_game/common/building_types/zz_pp_river_navigation_works.txt"",""layer_id"":""constructor"",""layer_name"":""Prosper or Perish Constructor"",""line"":2,""mod_name"":""Prosper or Perish Constructor"",""mode"":""CREATE""}]"
road_wardens_yard,infrastructure_category,road_wardens_yard,pp_road_wardens_yard_price,50.0,/home/jan/development/ProsperOrPerishConstructor/mod/Prosper or Perish (Population Growth & Food Rework)/in_game/common/prices/pp_road_0_wardens_yard.txt,pp_road_wardens_yard_price,50.0,/home/jan/development/ProsperOrPerishConstructor/mod/Prosper or Perish (Population Growth & Food Rework)/in_game/common/prices/pp_road_0_wardens_yard.txt,explicit,peasants,0.25,,1,[],"[""pp_road_wardens_yard_maintenance""]",[],[],/home/jan/development/ProsperOrPerishConstructor/mod/Prosper or Perish (Population Growth & Food Rework)/in_game/common/building_types/zz_pp_road_0_wardens_yard.txt,2,constructor,Prosper or Perish Constructor,CREATE,"[{""file"":""/home/jan/development/ProsperOrPerishConstructor/mod/Prosper or Perish (Population Growth & Food Rework)/in_game/common/building_types/zz_pp_road_0_wardens_yard.txt"",""layer_id"":""constructor"",""layer_name"":""Prosper or Perish Constructor"",""line"":2,""mod_name"":""Prosper or Perish Constructor"",""mode"":""CREATE""}]"
paviors_yard,infrastructure_category,paviors_yard,pp_paviors_yard_price,50.0,/home/jan/development/ProsperOrPerishConstructor/mod/Prosper or Perish (Population Growth & Food Rework)/in_game/common/prices/pp_road_1_paviors_yard.txt,pp_paviors_yard_price,50.0,/home/jan/development/ProsperOrPerishConstructor/mod/Prosper or Perish (Population Growth & Food Rework)/in_game/common/prices/pp_road_1_paviors_yard.txt,explicit,laborers,0.5,,1,"[""road_wardens_yard""]","[""pp_paviors_yard_maintenance""]",[],[],/home/jan/development/ProsperOrPerishConstructor/mod/Prosper or Perish (Population Growth & Food Rework)/in_game/common/building_types/zz_pp_road_1_paviors_yard.txt,2,constructor,Prosper or Perish Constructor,CREATE,"[{""file"":""/home/jan/development/ProsperOrPerishConstructor/mod/Prosper or Perish (Population Growth & Food Rework)/in_game/common/building_types/zz_pp_road_1_paviors_yard.txt"",""layer_id"":""constructor"",""layer_name"":""Prosper or Perish Constructor"",""line"":2,""mod_name"":""Prosper or Perish Constructor"",""mode"":""CREATE""}]"
macadam_works,infrastructure_category,macadam_works,pp_macadam_works_price,50.0,/home/jan/development/ProsperOrPerishConstructor/mod/Prosper or Perish (Population Growth & Food Rework)/in_game/common/prices/pp_road_2_macadam_works.txt,pp_macadam_works_price,50.0,/home/jan/development/ProsperOrPerishConstructor/mod/Prosper or Perish (Population Growth & Food Rework)/in_game/common/prices/pp_road_2_macadam_works.txt,explicit,laborers,0.75,,1,"[""paviors_yard""]","[""pp_macadam_works_maintenance""]",[],[],/home/jan/development/ProsperOrPerishConstructor/mod/Prosper or Perish (Population Growth & Food Rework)/in_game/common/building_types/zz_pp_road_2_macadam_works.txt,2,constructor,Prosper or Perish Constructor,CREATE,"[{""file"":""/home/jan/development/ProsperOrPerishConstructor/mod/Prosper or Perish (Population Growth & Food Rework)/in_game/common/building_types/zz_pp_road_2_macadam_works.txt"",""layer_id"":""constructor"",""layer_name"":""Prosper or Perish Constructor"",""line"":2,""mod_name"":""Prosper or Perish Constructor"",""mode"":""CREATE""}]"
permanent_way_depot,infrastructure_category,permanent_way_depot,pp_permanent_way_depot_price,50.0,/home/jan/development/ProsperOrPerishConstructor/mod/Prosper or Perish (Population Growth & Food Rework)/in_game/common/prices/pp_road_3_permanent_way_depot.txt,pp_permanent_way_depot_price,50.0,/home/jan/development/ProsperOrPerishConstructor/mod/Prosper or Perish (Population Growth & Food Rework)/in_game/common/prices/pp_road_3_permanent_way_depot.txt,explicit,laborers,1.5,,1,"[""macadam_works""]","[""pp_permanent_way_depot_maintenance""]",[],[],/home/jan/development/ProsperOrPerishConstructor/mod/Prosper or Perish (Population Growth & Food Rework)/in_game/common/building_types/zz_pp_road_3_permanent_way_depot.txt,2,constructor,Prosper or Perish Constructor,CREATE,"[{""file"":""/home/jan/development/ProsperOrPerishConstructor/mod/Prosper or Perish (Population Growth & Food Rework)/in_game/common/building_types/zz_pp_road_3_permanent_way_depot.txt"",""layer_id"":""constructor"",""layer_name"":""Prosper or Perish Constructor"",""line"":2,""mod_name"":""Prosper or Perish Constructor"",""mode"":""CREATE""}]"
saffron_croft,rgo_building_category,saffron_croft,,,,,,,unresolved,laborers,1.0,,farm_capacity_max_saffron_croft,[],[],"[""pp_saffron_croft_base_saffron"",""pp_saffron_croft_no_drying"",""pp_saffron_croft_toasting_braziers""]","[[""pp_saffron_croft_base_saffron""],[""pp_saffron_croft_no_drying"",""pp_saffron_croft_toasting_braziers""]]",/home/jan/development/ProsperOrPerishConstructor/mod/Prosper or Perish (Population Growth & Food Rework)/in_game/common/building_types/zz_pp_saffron_croft.txt,2,constructor,Prosper or Perish Constructor,CREATE,"[{""file"":""/home/jan/development/ProsperOrPerishConstructor/mod/Prosper or Perish (Population Growth & Food Rework)/in_game/common/building_types/zz_pp_saffron_croft.txt"",""layer_id"":""constructor"",""layer_name"":""Prosper or Perish Constructor"",""line"":2,""mod_name"":""Prosper or Perish Constructor"",""mode"":""CREATE""}]"
saffron_kiln_croft,rgo_building_category,saffron_kiln_croft,,,,,,,unresolved,laborers,1.0,,farm_capacity_max_saffron_kiln_croft,"[""saffron_croft""]",[],"[""pp_saffron_kiln_croft_base_saffron"",""pp_saffron_kiln_croft_unmanured_beds"",""pp_saffron_kiln_croft_livestock_manure"",""pp_saffron_kiln_croft_sun_drying"",""pp_saffron_kiln_croft_pottery_kilns""]","[[""pp_saffron_kiln_croft_base_saffron""],[""pp_saffron_kiln_croft_unmanured_beds"",""pp_saffron_kiln_croft_livestock_manure""],[""pp_saffron_kiln_croft_sun_drying"",""pp_saffron_kiln_croft_pottery_kilns""]]",/home/jan/development/ProsperOrPerishConstructor/mod/Prosper or Perish (Population Growth & Food Rework)/in_game/common/building_types/zz_pp_saffron_kiln_croft.txt,2,constructor,Prosper or Perish Constructor,CREATE,"[{""file"":""/home/jan/development/ProsperOrPerishConstructor/mod/Prosper or Perish (Population Growth & Food Rework)/in_game/common/building_types/zz_pp_saffron_kiln_croft.txt"",""layer_id"":""constructor"",""layer_name"":""Prosper or Perish Constructor"",""line"":2,""mod_name"":""Prosper or Perish Constructor"",""mode"":""CREATE""}]"
salt_mine,rgo_building_category,salt_mine,,,,,,,unresolved,laborers,1.0,,rural_building_cap,[],[],"[""pp_salt_mine_base_salt"",""pp_salt_mine_no_primary"",""pp_salt_mine_hand_cut_galleries""]","[[""pp_salt_mine_base_salt""],[""pp_salt_mine_no_primary"",""pp_salt_mine_hand_cut_galleries""]]",/home/jan/development/ProsperOrPerishConstructor/mod/Prosper or Perish (Population Growth & Food Rework)/in_game/common/building_types/zz_pp_salt_mine.txt,2,constructor,Prosper or Perish Constructor,CREATE,"[{""file"":""/home/jan/development/ProsperOrPerishConstructor/mod/Prosper or Perish (Population Growth & Food Rework)/in_game/common/building_types/zz_pp_salt_mine.txt"",""layer_id"":""constructor"",""layer_name"":""Prosper or Perish Constructor"",""line"":2,""mod_name"":""Prosper or Perish Constructor"",""mode"":""CREATE""}]"
salt_mine_improved,rgo_building_category,salt_mine_improved,,,,,,,unresolved,laborers,1.0,,rural_building_cap,"[""salt_mine""]",[],"[""pp_salt_mine_improved_base_salt"",""pp_salt_mine_improved_no_primary"",""pp_salt_mine_improved_timbered_haulage""]","[[""pp_salt_mine_improved_base_salt""],[""pp_salt_mine_improved_no_primary"",""pp_salt_mine_improved_timbered_haulage""]]",/home/jan/development/ProsperOrPerishConstructor/mod/Prosper or Perish (Population Growth & Food Rework)/in_game/common/building_types/zz_pp_salt_mine_improved.txt,2,constructor,Prosper or Perish Constructor,CREATE,"[{""file"":""/home/jan/development/ProsperOrPerishConstructor/mod/Prosper or Perish (Population Growth & Food Rework)/in_game/common/building_types/zz_pp_salt_mine_improved.txt"",""layer_id"":""constructor"",""layer_name"":""Prosper or Perish Constructor"",""line"":2,""mod_name"":""Prosper or Perish Constructor"",""mode"":""CREATE""}]"
saltpeter_beds,rgo_building_category,saltpeter_beds,,,,,,,unresolved,laborers,1.0,,rural_building_cap,[],[],"[""pp_saltpeter_beds_base_saltpeter"",""pp_saltpeter_beds_natural_crusts"",""pp_saltpeter_beds_leaching_vats""]","[[""pp_saltpeter_beds_base_saltpeter""],[""pp_saltpeter_beds_natural_crusts"",""pp_saltpeter_beds_leaching_vats""]]",/home/jan/development/ProsperOrPerishConstructor/mod/Prosper or Perish (Population Growth & Food Rework)/in_game/common/building_types/zz_pp_saltpeter_beds.txt,2,constructor,Prosper or Perish Constructor,CREATE,"[{""file"":""/home/jan/development/ProsperOrPerishConstructor/mod/Prosper or Perish (Population Growth & Food Rework)/in_game/common/building_types/zz_pp_saltpeter_beds.txt"",""layer_id"":""constructor"",""layer_name"":""Prosper or Perish Constructor"",""line"":2,""mod_name"":""Prosper or Perish Constructor"",""mode"":""CREATE""}]"
sand_washery,rgo_building_category,sand_washery,,,,,,,unresolved,laborers,1.0,,rural_building_cap,"[""sand_pit""]",[],"[""pp_sand_washery_base_sand"",""pp_sand_washery_no_screening"",""pp_sand_washery_riddle_screens"",""pp_sand_washery_no_washing"",""pp_sand_washery_glass_sand_washing""]","[[""pp_sand_washery_base_sand""],[""pp_sand_washery_no_screening"",""pp_sand_washery_riddle_screens""],[""pp_sand_washery_no_washing"",""pp_sand_washery_glass_sand_washing""]]",/home/jan/development/ProsperOrPerishConstructor/mod/Prosper or Perish (Population Growth & Food Rework)/in_game/common/building_types/zz_pp_sand_washery.txt,2,constructor,Prosper or Perish Constructor,CREATE,"[{""file"":""/home/jan/development/ProsperOrPerishConstructor/mod/Prosper or Perish (Population Growth & Food Rework)/in_game/common/building_types/zz_pp_sand_washery.txt"",""layer_id"":""constructor"",""layer_name"":""Prosper or Perish Constructor"",""line"":2,""mod_name"":""Prosper or Perish Constructor"",""mode"":""CREATE""}]"
sericulture_farm,rgo_building_category,sericulture_farm,,,,,,,unresolved,laborers,1.0,,farm_capacity_max_sericulture_farm,[],[],"[""pp_sericulture_farm_base_silk"",""pp_sericulture_farm_no_reeling"",""pp_sericulture_farm_cocoon_reeling""]","[[""pp_sericulture_farm_base_silk""],[""pp_sericulture_farm_no_reeling"",""pp_sericulture_farm_cocoon_reeling""]]",/home/jan/development/ProsperOrPerishConstructor/mod/Prosper or Perish (Population Growth & Food Rework)/in_game/common/building_types/zz_pp_sericulture_farm.txt,2,constructor,Prosper or Perish Constructor,CREATE,"[{""file"":""/home/jan/development/ProsperOrPerishConstructor/mod/Prosper or Perish (Population Growth & Food Rework)/in_game/common/building_types/zz_pp_sericulture_farm.txt"",""layer_id"":""constructor"",""layer_name"":""Prosper or Perish Constructor"",""line"":2,""mod_name"":""Prosper or Perish Constructor"",""mode"":""CREATE""}]"
regulated_sericulture_farm,rgo_building_category,regulated_sericulture_farm,,,,,,,unresolved,laborers,1.0,,farm_capacity_max_regulated_sericulture_farm,"[""sericulture_farm""]",[],"[""pp_regulated_sericulture_farm_base_silk"",""pp_regulated_sericulture_farm_household_reeling"",""pp_regulated_sericulture_farm_reeling_house"",""pp_regulated_sericulture_farm_loose_skeins"",""pp_regulated_sericulture_farm_heated_filature""]","[[""pp_regulated_sericulture_farm_base_silk""],[""pp_regulated_sericulture_farm_household_reeling"",""pp_regulated_sericulture_farm_reeling_house""],[""pp_regulated_sericulture_farm_loose_skeins"",""pp_regulated_sericulture_farm_heated_filature""]]",/home/jan/development/ProsperOrPerishConstructor/mod/Prosper or Perish (Population Growth & Food Rework)/in_game/common/building_types/zz_pp_sericulture_farm_regulated.txt,2,constructor,Prosper or Perish Constructor,CREATE,"[{""file"":""/home/jan/development/ProsperOrPerishConstructor/mod/Prosper or Perish (Population Growth & Food Rework)/in_game/common/building_types/zz_pp_sericulture_farm_regulated.txt"",""layer_id"":""constructor"",""layer_name"":""Prosper or Perish Constructor"",""line"":2,""mod_name"":""Prosper or Perish Constructor"",""mode"":""CREATE""}]"
hurdled_sheepcotes,rgo_building_category,hurdled_sheepcotes,,,,,,,unresolved,peasants,1.0,,farm_capacity_max_hurdled_sheepcotes,"[""sheep_farms""]",[],"[""pp_hurdled_sheepcotes_base_wool"",""pp_hurdled_sheepcotes_no_primary"",""pp_hurdled_sheepcotes_foldcourse_husbandry""]","[[""pp_hurdled_sheepcotes_base_wool""],[""pp_hurdled_sheepcotes_no_primary"",""pp_hurdled_sheepcotes_foldcourse_husbandry""]]",/home/jan/development/ProsperOrPerishConstructor/mod/Prosper or Perish (Population Growth & Food Rework)/in_game/common/building_types/zz_pp_sheep_farms_hurdled_sheepcotes.txt,2,constructor,Prosper or Perish Constructor,CREATE,"[{""file"":""/home/jan/development/ProsperOrPerishConstructor/mod/Prosper or Perish (Population Growth & Food Rework)/in_game/common/building_types/zz_pp_sheep_farms_hurdled_sheepcotes.txt"",""layer_id"":""constructor"",""layer_name"":""Prosper or Perish Constructor"",""line"":2,""mod_name"":""Prosper or Perish Constructor"",""mode"":""CREATE""}]"
enclosed_sheep_walks,rgo_building_category,enclosed_sheep_walks,,,,,,,unresolved,laborers,1.0,,farm_capacity_max_enclosed_sheep_walks,"[""hurdled_sheepcotes""]",[],"[""pp_enclosed_sheep_walks_base_wool"",""pp_enclosed_sheep_walks_no_primary"",""pp_enclosed_sheep_walks_improved_flocks""]","[[""pp_enclosed_sheep_walks_base_wool""],[""pp_enclosed_sheep_walks_no_primary"",""pp_enclosed_sheep_walks_improved_flocks""]]",/home/jan/development/ProsperOrPerishConstructor/mod/Prosper or Perish (Population Growth & Food Rework)/in_game/common/building_types/zz_pp_sheep_farms_hurdled_walks.txt,2,constructor,Prosper or Perish Constructor,CREATE,"[{""file"":""/home/jan/development/ProsperOrPerishConstructor/mod/Prosper or Perish (Population Growth & Food Rework)/in_game/common/building_types/zz_pp_sheep_farms_hurdled_walks.txt"",""layer_id"":""constructor"",""layer_name"":""Prosper or Perish Constructor"",""line"":2,""mod_name"":""Prosper or Perish Constructor"",""mode"":""CREATE""}]"
silver_mine,rgo_building_category,silver_mine,,,,,,,unresolved,laborers,1.0,,rural_building_cap,[],[],"[""pp_silver_mine_base_silver"",""pp_silver_mine_no_primary"",""pp_silver_mine_silver"",""pp_silver_mine_no_secondary"",""pp_silver_mine_lead"",""pp_silver_mine_gold""]","[[""pp_silver_mine_base_silver""],[""pp_silver_mine_no_primary"",""pp_silver_mine_silver""],[""pp_silver_mine_no_secondary"",""pp_silver_mine_lead"",""pp_silver_mine_gold""]]",/home/jan/development/ProsperOrPerishConstructor/mod/Prosper or Perish (Population Growth & Food Rework)/in_game/common/building_types/zz_pp_silver_mine.txt,2,constructor,Prosper or Perish Constructor,CREATE,"[{""file"":""/home/jan/development/ProsperOrPerishConstructor/mod/Prosper or Perish (Population Growth & Food Rework)/in_game/common/building_types/zz_pp_silver_mine.txt"",""layer_id"":""constructor"",""layer_name"":""Prosper or Perish Constructor"",""line"":2,""mod_name"":""Prosper or Perish Constructor"",""mode"":""CREATE""}]"
silver_mine_improved,rgo_building_category,silver_mine_improved,,,,,,,unresolved,laborers,1.0,,rural_building_cap,"[""silver_mine""]",[],"[""pp_silver_mine_improved_base_silver"",""pp_silver_mine_improved_no_primary"",""pp_silver_mine_improved_silver"",""pp_silver_mine_improved_no_secondary"",""pp_silver_mine_improved_lead"",""pp_silver_mine_improved_gold""]","[[""pp_silver_mine_improved_base_silver""],[""pp_silver_mine_improved_no_primary"",""pp_silver_mine_improved_silver""],[""pp_silver_mine_improved_no_secondary"",""pp_silver_mine_improved_lead"",""pp_silver_mine_improved_gold""]]",/home/jan/development/ProsperOrPerishConstructor/mod/Prosper or Perish (Population Growth & Food Rework)/in_game/common/building_types/zz_pp_silver_mine_improved.txt,2,constructor,Prosper or Perish Constructor,CREATE,"[{""file"":""/home/jan/development/ProsperOrPerishConstructor/mod/Prosper or Perish (Population Growth & Food Rework)/in_game/common/building_types/zz_pp_silver_mine_improved.txt"",""layer_id"":""constructor"",""layer_name"":""Prosper or Perish Constructor"",""line"":2,""mod_name"":""Prosper or Perish Constructor"",""mode"":""CREATE""}]"
simplers_grove,rgo_building_category,simplers_grove,,,,,,,unresolved,laborers,1.0,,farm_capacity_max_simplers_grove,[],[],"[""pp_simplers_grove_base_medicaments"",""pp_simplers_grove_no_drying"",""pp_simplers_grove_wicker_drying_racks""]","[[""pp_simplers_grove_base_medicaments""],[""pp_simplers_grove_no_drying"",""pp_simplers_grove_wicker_drying_racks""]]",/home/jan/development/ProsperOrPerishConstructor/mod/Prosper or Perish (Population Growth & Food Rework)/in_game/common/building_types/zz_pp_simplers_grove.txt,2,constructor,Prosper or Perish Constructor,CREATE,"[{""file"":""/home/jan/development/ProsperOrPerishConstructor/mod/Prosper or Perish (Population Growth & Food Rework)/in_game/common/building_types/zz_pp_simplers_grove.txt"",""layer_id"":""constructor"",""layer_name"":""Prosper or Perish Constructor"",""line"":2,""mod_name"":""Prosper or Perish Constructor"",""mode"":""CREATE""}]"
stone_quarry_improved,rgo_building_category,stone_quarry_improved,,,,,,,unresolved,laborers,1.0,,rural_building_cap,"[""stone_quarry""]",[],"[""pp_stone_quarry_improved_base_stone"",""pp_stone_quarry_improved_no_primary"",""pp_stone_quarry_improved_crane_winch_quarrying"",""pp_stone_quarry_improved_ox_haulage"",""pp_stone_quarry_improved_no_secondary"",""pp_stone_quarry_improved_rubble_breaking""]","[[""pp_stone_quarry_improved_base_stone""],[""pp_stone_quarry_improved_no_primary"",""pp_stone_quarry_improved_crane_winch_quarrying"",""pp_stone_quarry_improved_ox_haulage""],[""pp_stone_quarry_improved_no_secondary"",""pp_stone_quarry_improved_rubble_breaking""]]",/home/jan/development/ProsperOrPerishConstructor/mod/Prosper or Perish (Population Growth & Food Rework)/in_game/common/building_types/zz_pp_stone_quarry_improved.txt,2,constructor,Prosper or Perish Constructor,CREATE,"[{""file"":""/home/jan/development/ProsperOrPerishConstructor/mod/Prosper or Perish (Population Growth & Food Rework)/in_game/common/building_types/zz_pp_stone_quarry_improved.txt"",""layer_id"":""constructor"",""layer_name"":""Prosper or Perish Constructor"",""line"":2,""mod_name"":""Prosper or Perish Constructor"",""mode"":""CREATE""}]"
stud_farm,rgo_building_category,stud_farm,,,,,,,unresolved,laborers,1.0,,farm_capacity_max_stud_farm,"[""horse_breeders""]",[],"[""pp_stud_farm_base_horses"",""pp_stud_farm_no_primary"",""pp_stud_farm_approved_stallions"",""pp_stud_farm_stud_books""]","[[""pp_stud_farm_base_horses""],[""pp_stud_farm_no_primary"",""pp_stud_farm_approved_stallions"",""pp_stud_farm_stud_books""]]",/home/jan/development/ProsperOrPerishConstructor/mod/Prosper or Perish (Population Growth & Food Rework)/in_game/common/building_types/zz_pp_stud_farm.txt,2,constructor,Prosper or Perish Constructor,CREATE,"[{""file"":""/home/jan/development/ProsperOrPerishConstructor/mod/Prosper or Perish (Population Growth & Food Rework)/in_game/common/building_types/zz_pp_stud_farm.txt"",""layer_id"":""constructor"",""layer_name"":""Prosper or Perish Constructor"",""line"":2,""mod_name"":""Prosper or Perish Constructor"",""mode"":""CREATE""}]"
sugarcane_farm,rgo_building_category,sugarcane_farm,,,,,,,unresolved,laborers,1.0,,farm_capacity_max_sugarcane_farm,[],[],"[""pp_sugarcane_farm_base_sugar"",""pp_sugarcane_farm_cane_fields"",""pp_sugarcane_farm_boiling_house""]","[[""pp_sugarcane_farm_base_sugar""],[""pp_sugarcane_farm_cane_fields"",""pp_sugarcane_farm_boiling_house""]]",/home/jan/development/ProsperOrPerishConstructor/mod/Prosper or Perish (Population Growth & Food Rework)/in_game/common/building_types/zz_pp_sugarcane_farm.txt,2,constructor,Prosper or Perish Constructor,CREATE,"[{""file"":""/home/jan/development/ProsperOrPerishConstructor/mod/Prosper or Perish (Population Growth & Food Rework)/in_game/common/building_types/zz_pp_sugarcane_farm.txt"",""layer_id"":""constructor"",""layer_name"":""Prosper or Perish Constructor"",""line"":2,""mod_name"":""Prosper or Perish Constructor"",""mode"":""CREATE""}]"
tea_garden,rgo_building_category,tea_garden,,,,,,,unresolved,laborers,1.0,,farm_capacity_max_tea_garden,[],[],"[""pp_tea_garden_base_tea"",""pp_tea_garden_no_withering"",""pp_tea_garden_bamboo_withering_trays""]","[[""pp_tea_garden_base_tea""],[""pp_tea_garden_no_withering"",""pp_tea_garden_bamboo_withering_trays""]]",/home/jan/development/ProsperOrPerishConstructor/mod/Prosper or Perish (Population Growth & Food Rework)/in_game/common/building_types/zz_pp_tea_garden.txt,2,constructor,Prosper or Perish Constructor,CREATE,"[{""file"":""/home/jan/development/ProsperOrPerishConstructor/mod/Prosper or Perish (Population Growth & Food Rework)/in_game/common/building_types/zz_pp_tea_garden.txt"",""layer_id"":""constructor"",""layer_name"":""Prosper or Perish Constructor"",""line"":2,""mod_name"":""Prosper or Perish Constructor"",""mode"":""CREATE""}]"
tea_sorting_garden,rgo_building_category,tea_sorting_garden,,,,,,,unresolved,laborers,1.0,,farm_capacity_max_tea_sorting_garden,"[""tea_garden""]",[],"[""pp_tea_sorting_garden_base_tea"",""pp_tea_sorting_garden_no_withering"",""pp_tea_sorting_garden_rolling_hearths"",""pp_tea_sorting_garden_no_sorting"",""pp_tea_sorting_garden_paper_packing""]","[[""pp_tea_sorting_garden_base_tea""],[""pp_tea_sorting_garden_no_withering"",""pp_tea_sorting_garden_rolling_hearths""],[""pp_tea_sorting_garden_no_sorting"",""pp_tea_sorting_garden_paper_packing""]]",/home/jan/development/ProsperOrPerishConstructor/mod/Prosper or Perish (Population Growth & Food Rework)/in_game/common/building_types/zz_pp_tea_sorting_garden.txt,2,constructor,Prosper or Perish Constructor,CREATE,"[{""file"":""/home/jan/development/ProsperOrPerishConstructor/mod/Prosper or Perish (Population Growth & Food Rework)/in_game/common/building_types/zz_pp_tea_sorting_garden.txt"",""layer_id"":""constructor"",""layer_name"":""Prosper or Perish Constructor"",""line"":2,""mod_name"":""Prosper or Perish Constructor"",""mode"":""CREATE""}]"
terraced_coffee_grove,rgo_building_category,terraced_coffee_grove,,,,,,,unresolved,laborers,1.0,,farm_capacity_max_terraced_coffee_grove,"[""coffee_grove""]",[],"[""pp_terraced_coffee_grove_base_coffee"",""pp_terraced_coffee_grove_no_washing"",""pp_terraced_coffee_grove_washing_frames"",""pp_terraced_coffee_grove_open_grove"",""pp_terraced_coffee_grove_terraced_shade_gardens""]","[[""pp_terraced_coffee_grove_base_coffee""],[""pp_terraced_coffee_grove_no_washing"",""pp_terraced_coffee_grove_washing_frames""],[""pp_terraced_coffee_grove_open_grove"",""pp_terraced_coffee_grove_terraced_shade_gardens""]]",/home/jan/development/ProsperOrPerishConstructor/mod/Prosper or Perish (Population Growth & Food Rework)/in_game/common/building_types/zz_pp_terraced_coffee_grove.txt,2,constructor,Prosper or Perish Constructor,CREATE,"[{""file"":""/home/jan/development/ProsperOrPerishConstructor/mod/Prosper or Perish (Population Growth & Food Rework)/in_game/common/building_types/zz_pp_terraced_coffee_grove.txt"",""layer_id"":""constructor"",""layer_name"":""Prosper or Perish Constructor"",""line"":2,""mod_name"":""Prosper or Perish Constructor"",""mode"":""CREATE""}]"
tin_streamworks,rgo_building_category,tin_streamworks,,,,,,,unresolved,laborers,1.0,,rural_building_cap,[],[],"[""pp_tin_streamworks_base_tin"",""pp_tin_streamworks_no_primary"",""pp_tin_streamworks_tin"",""pp_tin_streamworks_no_secondary"",""pp_tin_streamworks_copper"",""pp_tin_streamworks_lead""]","[[""pp_tin_streamworks_base_tin""],[""pp_tin_streamworks_no_primary"",""pp_tin_streamworks_tin""],[""pp_tin_streamworks_no_secondary"",""pp_tin_streamworks_copper"",""pp_tin_streamworks_lead""]]",/home/jan/development/ProsperOrPerishConstructor/mod/Prosper or Perish (Population Growth & Food Rework)/in_game/common/building_types/zz_pp_tin_streamworks.txt,2,constructor,Prosper or Perish Constructor,CREATE,"[{""file"":""/home/jan/development/ProsperOrPerishConstructor/mod/Prosper or Perish (Population Growth & Food Rework)/in_game/common/building_types/zz_pp_tin_streamworks.txt"",""layer_id"":""constructor"",""layer_name"":""Prosper or Perish Constructor"",""line"":2,""mod_name"":""Prosper or Perish Constructor"",""mode"":""CREATE""}]"
tin_stamping_mill,rgo_building_category,tin_stamping_mill,,,,,,,unresolved,laborers,1.0,,rural_building_cap,"[""tin_streamworks""]",[],"[""pp_tin_stamping_mill_base_tin"",""pp_tin_stamping_mill_no_primary"",""pp_tin_stamping_mill_tin"",""pp_tin_stamping_mill_no_secondary"",""pp_tin_stamping_mill_copper"",""pp_tin_stamping_mill_lead""]","[[""pp_tin_stamping_mill_base_tin""],[""pp_tin_stamping_mill_no_primary"",""pp_tin_stamping_mill_tin""],[""pp_tin_stamping_mill_no_secondary"",""pp_tin_stamping_mill_copper"",""pp_tin_stamping_mill_lead""]]",/home/jan/development/ProsperOrPerishConstructor/mod/Prosper or Perish (Population Growth & Food Rework)/in_game/common/building_types/zz_pp_tin_streamworks_stamping_mill.txt,2,constructor,Prosper or Perish Constructor,CREATE,"[{""file"":""/home/jan/development/ProsperOrPerishConstructor/mod/Prosper or Perish (Population Growth & Food Rework)/in_game/common/building_types/zz_pp_tin_streamworks_stamping_mill.txt"",""layer_id"":""constructor"",""layer_name"":""Prosper or Perish Constructor"",""line"":2,""mod_name"":""Prosper or Perish Constructor"",""mode"":""CREATE""}]"
tobacco_farm,rgo_building_category,tobacco_farm,,,,,,,unresolved,laborers,1.0,,farm_capacity_max_tobacco_farm,[],[],"[""pp_tobacco_farm_base_tobacco"",""pp_tobacco_farm_field_cutting"",""pp_tobacco_farm_curing_barns""]","[[""pp_tobacco_farm_base_tobacco""],[""pp_tobacco_farm_field_cutting"",""pp_tobacco_farm_curing_barns""]]",/home/jan/development/ProsperOrPerishConstructor/mod/Prosper or Perish (Population Growth & Food Rework)/in_game/common/building_types/zz_pp_tobacco_farm.txt,2,constructor,Prosper or Perish Constructor,CREATE,"[{""file"":""/home/jan/development/ProsperOrPerishConstructor/mod/Prosper or Perish (Population Growth & Food Rework)/in_game/common/building_types/zz_pp_tobacco_farm.txt"",""layer_id"":""constructor"",""layer_name"":""Prosper or Perish Constructor"",""line"":2,""mod_name"":""Prosper or Perish Constructor"",""mode"":""CREATE""}]"
market_tobacco_farm,rgo_building_category,market_tobacco_farm,,,,,,,unresolved,laborers,1.0,,farm_capacity_max_market_tobacco_farm,"[""tobacco_farm""]",[],"[""pp_market_tobacco_farm_base_tobacco"",""pp_market_tobacco_farm_uncured_leaves"",""pp_market_tobacco_farm_curing_racks"",""pp_market_tobacco_farm_loose_packing"",""pp_market_tobacco_farm_sorting_tables""]","[[""pp_market_tobacco_farm_base_tobacco""],[""pp_market_tobacco_farm_uncured_leaves"",""pp_market_tobacco_farm_curing_racks""],[""pp_market_tobacco_farm_loose_packing"",""pp_market_tobacco_farm_sorting_tables""]]",/home/jan/development/ProsperOrPerishConstructor/mod/Prosper or Perish (Population Growth & Food Rework)/in_game/common/building_types/zz_pp_tobacco_farm_market.txt,2,constructor,Prosper or Perish Constructor,CREATE,"[{""file"":""/home/jan/development/ProsperOrPerishConstructor/mod/Prosper or Perish (Population Growth & Food Rework)/in_game/common/building_types/zz_pp_tobacco_farm_market.txt"",""layer_id"":""constructor"",""layer_name"":""Prosper or Perish Constructor"",""line"":2,""mod_name"":""Prosper or Perish Constructor"",""mode"":""CREATE""}]"
transport_office,infrastructure_category,transport_office,,,,,,,unresolved,laborers,3.0,,100,[],"[""pp_transport_office_maintenance""]",[],[],/home/jan/development/ProsperOrPerishConstructor/mod/Prosper or Perish (Population Growth & Food Rework)/in_game/common/building_types/zz_pp_transport_office.txt,2,constructor,Prosper or Perish Constructor,CREATE,"[{""file"":""/home/jan/development/ProsperOrPerishConstructor/mod/Prosper or Perish (Population Growth & Food Rework)/in_game/common/building_types/zz_pp_transport_office.txt"",""layer_id"":""constructor"",""layer_name"":""Prosper or Perish Constructor"",""line"":2,""mod_name"":""Prosper or Perish Constructor"",""mode"":""CREATE""}]"
trapiche_sugarcane_farm,rgo_building_category,trapiche_sugarcane_farm,,,,,,,unresolved,laborers,1.0,,farm_capacity_max_trapiche_sugarcane_farm,"[""sugarcane_farm""]",[],"[""pp_trapiche_sugarcane_farm_base_sugar"",""pp_trapiche_sugarcane_farm_no_boiling"",""pp_trapiche_sugarcane_farm_open_kettles"",""pp_trapiche_sugarcane_farm_hand_crushing"",""pp_trapiche_sugarcane_farm_trapiche_pressing""]","[[""pp_trapiche_sugarcane_farm_base_sugar""],[""pp_trapiche_sugarcane_farm_no_boiling"",""pp_trapiche_sugarcane_farm_open_kettles""],[""pp_trapiche_sugarcane_farm_hand_crushing"",""pp_trapiche_sugarcane_farm_trapiche_pressing""]]",/home/jan/development/ProsperOrPerishConstructor/mod/Prosper or Perish (Population Growth & Food Rework)/in_game/common/building_types/zz_pp_trapiche_sugarcane_farm.txt,2,constructor,Prosper or Perish Constructor,CREATE,"[{""file"":""/home/jan/development/ProsperOrPerishConstructor/mod/Prosper or Perish (Population Growth & Food Rework)/in_game/common/building_types/zz_pp_trapiche_sugarcane_farm.txt"",""layer_id"":""constructor"",""layer_name"":""Prosper or Perish Constructor"",""line"":2,""mod_name"":""Prosper or Perish Constructor"",""mode"":""CREATE""}]"
victualling_yard,consumer_goods_category,victualling_yard,,,,,,,unresolved,laborers,1.0,,cookery_max_level,"[""cookery""]",[],"[""pp_victualling_yard_khichdi"",""pp_victualling_yard_fish_congee"",""pp_victualling_yard_livestock_pottage"",""pp_victualling_yard_mediterranean_fish"",""pp_victualling_yard_mutton_and_pease"",""pp_victualling_yard_surstromming"",""pp_victualling_yard_pozole"",""pp_victualling_yard_pemmican"",""pp_victualling_yard_labskaus"",""pp_victualling_yard_meat_tajine"",""pp_victualling_yard_saltfish_porridge"",""pp_victualling_yard_ika_mata"",""pp_victualling_yard_kheer"",""pp_victualling_yard_honey_gruel"",""pp_victualling_yard_boreal_hunter_stew"",""pp_victualling_yard_well_water"",""pp_victualling_yard_beer"",""pp_victualling_yard_wine"",""pp_victualling_yard_liquor"",""pp_victualling_yard_chocolate"",""pp_victualling_yard_coffee"",""pp_victualling_yard_tea"",""pp_victualling_yard_no_packaging"",""pp_victualling_yard_pottery_jars"",""pp_victualling_yard_coopered_barrels"",""pp_victualling_yard_tin_cans""]","[[""pp_victualling_yard_khichdi"",""pp_victualling_yard_fish_congee"",""pp_victualling_yard_livestock_pottage"",""pp_victualling_yard_mediterranean_fish"",""pp_victualling_yard_mutton_and_pease"",""pp_victualling_yard_surstromming"",""pp_victualling_yard_pozole"",""pp_victualling_yard_pemmican"",""pp_victualling_yard_labskaus"",""pp_victualling_yard_meat_tajine"",""pp_victualling_yard_saltfish_porridge"",""pp_victualling_yard_ika_mata"",""pp_victualling_yard_kheer"",""pp_victualling_yard_honey_gruel"",""pp_victualling_yard_boreal_hunter_stew""],[""pp_victualling_yard_well_water"",""pp_victualling_yard_beer"",""pp_victualling_yard_wine"",""pp_victualling_yard_liquor"",""pp_victualling_yard_chocolate"",""pp_victualling_yard_coffee"",""pp_victualling_yard_tea""],[""pp_victualling_yard_no_packaging"",""pp_victualling_yard_pottery_jars"",""pp_victualling_yard_coopered_barrels"",""pp_victualling_yard_tin_cans""]]",/home/jan/development/ProsperOrPerishConstructor/mod/Prosper or Perish (Population Growth & Food Rework)/in_game/common/building_types/zz_pp_victualling_yard.txt,2,constructor,Prosper or Perish Constructor,CREATE,"[{""file"":""/home/jan/development/ProsperOrPerishConstructor/mod/Prosper or Perish (Population Growth & Food Rework)/in_game/common/building_types/zz_pp_victualling_yard.txt"",""layer_id"":""constructor"",""layer_name"":""Prosper or Perish Constructor"",""line"":2,""mod_name"":""Prosper or Perish Constructor"",""mode"":""CREATE""}]"
victuals_market,consumer_goods_category,victuals_market,pp_victuals_market_price,50.0,/home/jan/development/ProsperOrPerishConstructor/mod/Prosper or Perish (Population Growth & Food Rework)/in_game/common/prices/pp_victuals_market.txt,pp_victuals_market_price,50.0,/home/jan/development/ProsperOrPerishConstructor/mod/Prosper or Perish (Population Growth & Food Rework)/in_game/common/prices/pp_victuals_market.txt,explicit,nobles,0.001,,victuals_market_export_max_level,[],[],"[""pp_province_food_to_market""]","[[""pp_province_food_to_market""]]",/home/jan/development/ProsperOrPerishConstructor/mod/Prosper or Perish (Population Growth & Food Rework)/in_game/common/building_types/zz_pp_victuals_market.txt,2,constructor,Prosper or Perish Constructor,CREATE,"[{""file"":""/home/jan/development/ProsperOrPerishConstructor/mod/Prosper or Perish (Population Growth & Food Rework)/in_game/common/building_types/zz_pp_victuals_market.txt"",""layer_id"":""constructor"",""layer_name"":""Prosper or Perish Constructor"",""line"":2,""mod_name"":""Prosper or Perish Constructor"",""mode"":""CREATE""}]"
victuals_market_import,consumer_goods_category,victuals_market_import,pp_victuals_market_import_price,50.0,/home/jan/development/ProsperOrPerishConstructor/mod/Prosper or Perish (Population Growth & Food Rework)/in_game/common/prices/pp_victuals_market_import.txt,pp_victuals_market_import_price,50.0,/home/jan/development/ProsperOrPerishConstructor/mod/Prosper or Perish (Population Growth & Food Rework)/in_game/common/prices/pp_victuals_market_import.txt,explicit,nobles,0.001,,victuals_market_import_max_level,[],[],"[""pp_province_food_from_market"",""pp_province_storage_price""]","[[""pp_province_food_from_market""],[""pp_province_storage_price""]]",/home/jan/development/ProsperOrPerishConstructor/mod/Prosper or Perish (Population Growth & Food Rework)/in_game/common/building_types/zz_pp_victuals_market_import.txt,2,constructor,Prosper or Perish Constructor,CREATE,"[{""file"":""/home/jan/development/ProsperOrPerishConstructor/mod/Prosper or Perish (Population Growth & Food Rework)/in_game/common/building_types/zz_pp_victuals_market_import.txt"",""layer_id"":""constructor"",""layer_name"":""Prosper or Perish Constructor"",""line"":2,""mod_name"":""Prosper or Perish Constructor"",""mode"":""CREATE""}]"
vineyard_estate,rgo_building_category,vineyard_estate,,,,,,,unresolved,laborers,1.0,,farm_capacity_max_vineyard_estate,[],[],"[""pp_vineyard_estate_base_wine"",""pp_vineyard_estate_press_houses""]","[[""pp_vineyard_estate_base_wine""],[""pp_vineyard_estate_press_houses""]]",/home/jan/development/ProsperOrPerishConstructor/mod/Prosper or Perish (Population Growth & Food Rework)/in_game/common/building_types/zz_pp_vineyard_estate.txt,2,constructor,Prosper or Perish Constructor,CREATE,"[{""file"":""/home/jan/development/ProsperOrPerishConstructor/mod/Prosper or Perish (Population Growth & Food Rework)/in_game/common/building_types/zz_pp_vineyard_estate.txt"",""layer_id"":""constructor"",""layer_name"":""Prosper or Perish Constructor"",""line"":2,""mod_name"":""Prosper or Perish Constructor"",""mode"":""CREATE""}]"
