file,enabled,tag,mode,footprint,pop_type,employment,bcat,method,pm_category,produced,output,out_value,n_goods,inputs,goods_cost,labour,total_cost,labour_share,cost_over_out,unknown_goods
ablaq_palace.yml,True,ablaq_palace,REPLACE,administration,burghers,0.3,government_category,pp_ablaq_palace_ablaq_palace_maintenance,building_maintenance,silk,0.35,1.4,2,lumber=0.149 marble=0.213,1.3257,0.0,1.3257,0.0,0.947,
alum_quarry.yml,True,alum_quarry,CREATE,extractive_open,laborers,1,rgo_building_category,pp_alum_quarry_base_alum,building_maintenance,alum,0.08,0.24,0,,0,0.0,0.0,,0.0,
alum_quarry.yml,True,alum_quarry,CREATE,extractive_open,laborers,1,rgo_building_category,pp_alum_quarry_no_primary,building_maintenance,,,,0,,0,0.0,0.0,,,
alum_quarry.yml,True,alum_quarry,CREATE,extractive_open,laborers,1,rgo_building_category,pp_alum_quarry_alum,building_maintenance,alum,0.424,1.272,2,lumber=0.197 tools=0.255,1.1735,0.0,1.1735,0.0,0.9226,
alum_quarry.yml,True,alum_quarry,CREATE,extractive_open,laborers,1,rgo_building_category,pp_alum_quarry_no_secondary,building_maintenance,,,,0,,0,0.0,0.0,,,
alum_quarry.yml,True,alum_quarry,CREATE,extractive_open,laborers,1,rgo_building_category,pp_alum_quarry_stone,building_maintenance,stone,0.168,0.168,2,lumber=0.04 tools=0.03,0.1675,0.0,0.1675,0.0,0.997,
alum_quarry.yml,True,alum_quarry,CREATE,extractive_open,laborers,1,rgo_building_category,pp_alum_quarry_clay,building_maintenance,clay,0.264,0.132,2,lumber=0.03 tools=0.02,0.1175,0.0,0.1175,0.0,0.8902,
alum_works.yml,True,alum_works,CREATE,rural_processing,laborers,1,rgo_building_category,pp_alum_works_base_alum,building_maintenance,alum,0.08,0.24,0,,0,0.0,0.0,,0.0,
alum_works.yml,True,alum_works,CREATE,rural_processing,laborers,1,rgo_building_category,pp_alum_works_no_primary,building_maintenance,,,,0,,0,0.0,0.0,,,
alum_works.yml,True,alum_works,CREATE,rural_processing,laborers,1,rgo_building_category,pp_alum_works_alum,building_maintenance,alum,0.672,2.016,3,lumber=0.327 tools=0.346 coal=0.077,1.8507,0.0,1.8507,0.0,0.918,
alum_works.yml,True,alum_works,CREATE,rural_processing,laborers,1,rgo_building_category,pp_alum_works_no_secondary,building_maintenance,,,,0,,0,0.0,0.0,,,
alum_works.yml,True,alum_works,CREATE,rural_processing,laborers,1,rgo_building_category,pp_alum_works_stone,building_maintenance,stone,0.16,0.16,2,lumber=0.04 tools=0.03,0.1675,0.0,0.1675,0.0,1.0469,
alum_works.yml,True,alum_works,CREATE,rural_processing,laborers,1,rgo_building_category,pp_alum_works_clay,building_maintenance,clay,0.252,0.126,2,lumber=0.03 tools=0.02,0.1175,0.0,0.1175,0.0,0.9325,
amber_collector.yml,True,amber_collector,CREATE,forestry,laborers,1,rgo_building_category,pp_amber_collector_base_amber,building_maintenance,amber,0.039,0.156,0,,0,0.0,0.0,,0.0,
amber_collector.yml,True,amber_collector,CREATE,forestry,laborers,1,rgo_building_category,pp_amber_collector_no_beach_gathering,building_maintenance,,,,0,,0,0.0,0.0,,,
amber_collector.yml,True,amber_collector,CREATE,forestry,laborers,1,rgo_building_category,pp_amber_collector_basket_gathering,building_maintenance,amber,0.087,0.348,2,fiber_crops=0.084 tools=0.042,0.3045,0.0,0.3045,0.0,0.875,
amber_collector.yml,True,amber_collector,CREATE,forestry,laborers,1,rgo_building_category,pp_amber_collector_no_sand,building_maintenance,,,,0,,0,0.0,0.0,,,
amber_collector.yml,True,amber_collector,CREATE,forestry,laborers,1,rgo_building_category,pp_amber_collector_sand_horses,building_maintenance,sand,0.288,0.144,1,horses=0.04,0.12,0.0,0.12,0.0,0.8333,
amber_collector.yml,True,amber_collector,CREATE,forestry,laborers,1,rgo_building_category,pp_amber_collector_sand_livestock,building_maintenance,sand,0.288,0.144,1,livestock=0.08,0.12,0.0,0.12,0.0,0.8333,
apothecary.yml,True,apothecary,REPLACE,urban_workshop,burghers,0.3,basic_industry_category,pp_apothecary_natural_medicine_apotechary,guild_input,medicaments,0.5,0.5,2,wild_game=0.047 fiber_crops=0.19,0.427,0.0,0.427,0.0,0.854,
apothecary.yml,True,apothecary,REPLACE,urban_workshop,burghers,0.3,basic_industry_category,pp_apothecary_ancient_medicine_apotechary,guild_input,medicaments,0.5,0.5,2,mercury=0.019 ivory=0.093,0.429,0.0,0.429,0.0,0.858,
armory.yml,True,armory,REPLACE,barracks,soldiers,manpower_employment,military_category,pp_armory_maintenance,building_maintenance,,,,6,firearms=0.5 leather=0.5 cloth=0.1 paper=0.2 weaponry=0.5 victuals=0.25,5.95,0.0,5.95,0.0,,
barracks.yml,True,barracks,REPLACE,barracks,soldiers,manpower_employment,military_category,pp_barracks_maintenance,building_maintenance,,,,6,firearms=1 leather=1 cloth=0.2 paper=0.4 weaponry=1 victuals=0.375,11.525,0.0,11.525,0.0,,
beer_workshop.yml,True,beer_workshop,REPLACE,urban_workshop,burghers,0.3,consumer_goods_category,pp_beer_workshop_wheat_beer_workshop_maintenance,workshop_input,beer,1.1,2.2,3,wheat=1.117 lumber=0.279 tools=0.112,1.9693,0.0,1.9693,0.0,0.8951,
beer_workshop.yml,True,beer_workshop,REPLACE,urban_workshop,burghers,0.3,consumer_goods_category,pp_beer_workshop_millet_beer_workshop_maintenance,workshop_input,beer,1.1,2.2,3,millet=1.117 lumber=0.279 tools=0.112,1.9693,0.0,1.9693,0.0,0.8951,
beer_workshop.yml,True,beer_workshop,REPLACE,urban_workshop,burghers,0.3,consumer_goods_category,pp_beer_workshop_fruit_beer_workshop_maintenance,workshop_input,beer,1.1,2.2,3,fruit=1.175 lumber=0.235 tools=0.118,1.9697,0.0,1.9697,0.0,0.8953,
beer_workshop.yml,True,beer_workshop,REPLACE,urban_workshop,burghers,0.3,consumer_goods_category,pp_beer_workshop_maize_beer_workshop_maintenance,workshop_input,beer,1.1,2.2,2,maize=1.576 pottery=0.364,1.94,0.0,1.94,0.0,0.8818,
beer_workshop.yml,True,beer_workshop,REPLACE,urban_workshop,burghers,0.3,consumer_goods_category,pp_beer_workshop_bavarian_beer_workshop_maintenance,workshop_input,beer,1.3,2.6,3,wheat=1.47 lumber=0.267 tools=0.134,2.3727,0.0,2.3727,0.0,0.9126,
beer_workshop.yml,True,beer_workshop,REPLACE,urban_workshop,burghers,0.3,consumer_goods_category,pp_beer_workshop_honey_beer_workshop_maintenance,workshop_input,beer,1.1,2.2,4,beeswax=0.294 millet=0.588 lumber=0.235 tools=0.118,1.9707,0.0,1.9707,0.0,0.8958,
beer_workshop.yml,True,beer_workshop,REPLACE,urban_workshop,burghers,0.3,consumer_goods_category,pp_beer_workshop_rice_beer_workshop_maintenance,workshop_input,beer,1.1,2.2,3,rice=1.117 lumber=0.279 tools=0.112,1.9693,0.0,1.9693,0.0,0.8951,
bog_iron_smelter.yml,True,bog_iron_smelter,REPLACE,mill_works,laborers,1,rgo_building_category,pp_bog_iron_maintenance,building_maintenance,iron,0.31,1.085,1,coal=0.45,0.9,0.0,0.9,0.0,0.8295,
bog_iron_smelter_blast_furnace.yml,True,bog_iron_smelter_blast_furnace,CREATE,mill_works,laborers,1,rgo_building_category,pp_bog_iron_smelter_blast_furnace_maintenance,building_maintenance,iron,0.32,1.12,2,coal=0.39 tools=0.05,0.9425,0.0,0.9425,0.0,0.8415,
bog_iron_smelter_blast_furnace.yml,True,bog_iron_smelter_blast_furnace,CREATE,mill_works,laborers,1,rgo_building_category,pp_bog_iron_smelter_blast_furnace_finery,building_maintenance,iron,0.39,1.365,3,coal=0.43 tools=0.06 lumber=0.06,1.16,0.0,1.16,0.0,0.8498,
bog_iron_smelter_coke_blast_furnace.yml,True,bog_iron_smelter_coke_blast_furnace,CREATE,mill_works,laborers,1,rgo_building_category,pp_bog_iron_smelter_coke_blast_furnace_maintenance,building_maintenance,iron,0.41,1.435,3,coal=0.4 tools=0.08 lumber=0.08,1.2,0.0,1.2,0.0,0.8362,
bog_iron_smelter_coke_blast_furnace.yml,True,bog_iron_smelter_coke_blast_furnace,CREATE,mill_works,laborers,1,rgo_building_category,pp_bog_iron_smelter_hot_blast_refining_maintenance,building_maintenance,iron,0.46,1.61,3,coal=0.45 tools=0.1 lumber=0.09,1.3825,0.0,1.3825,0.0,0.8587,
brewery.yml,True,brewery,REPLACE,manufactory,burghers,0.3,consumer_goods_category,pp_brewery_wheat_brewery_maintenance,guild_input,beer,1.0,2.0,3,wheat=1.109 lumber=0.277 tools=0.111,1.9545,0.0,1.9545,0.0,0.9772,
brewery.yml,True,brewery,REPLACE,manufactory,burghers,0.3,consumer_goods_category,pp_brewery_millet_brewery_maintenance,guild_input,beer,1.0,2.0,3,millet=1.109 lumber=0.277 tools=0.111,1.9545,0.0,1.9545,0.0,0.9772,
brewery.yml,True,brewery,REPLACE,manufactory,burghers,0.3,consumer_goods_category,pp_brewery_fruit_brewery_maintenance,guild_input,beer,1.0,2.0,3,fruit=1.168 lumber=0.233 tools=0.117,1.956,0.0,1.956,0.0,0.978,
brewery.yml,True,brewery,REPLACE,manufactory,burghers,0.3,consumer_goods_category,pp_brewery_maize_brewery_maintenance,guild_input,beer,1.0,2.0,2,maize=1.588 pottery=0.34,1.928,0.0,1.928,0.0,0.964,
brewery.yml,True,brewery,REPLACE,manufactory,burghers,0.3,consumer_goods_category,pp_brewery_bavarian_brewery_maintenance,guild_input,beer,1.2,2.4,3,wheat=1.512 lumber=0.251 tools=0.126,2.3607,0.0,2.3607,0.0,0.9836,
brewery.yml,True,brewery,REPLACE,manufactory,burghers,0.3,consumer_goods_category,pp_brewery_honey_brewery_maintenance,guild_input,beer,1.0,2.0,4,beeswax=0.292 millet=0.584 lumber=0.233 tools=0.117,1.956,0.0,1.956,0.0,0.978,
brewery.yml,True,brewery,REPLACE,manufactory,burghers,0.3,consumer_goods_category,pp_brewery_rice_brewery_maintenance,guild_input,beer,1.0,2.0,3,rice=1.109 lumber=0.277 tools=0.111,1.9545,0.0,1.9545,0.0,0.9772,
brewery_manufactory.yml,True,brewery_manufactory,REPLACE,manufactory,burghers,0.3,consumer_goods_category,pp_brewery_manufactory_brewery_manufactory_maintenance,manufactory_input,beer,2.0,4.0,3,lumber=0.373 wheat=2.494 tools=0.187,3.7545,0.0,3.7545,0.0,0.9386,
brewery_mill.yml,True,brewery_mill,REPLACE,mill_works,laborers,1.0,consumer_goods_category,pp_brewery_mill_brewery_mill_maintenance,mills_input,beer,4.0,8.0,3,lumber=0.642 wheat=5.622 tools=0.321,7.7888,0.0,7.7888,0.0,0.9736,
cannon_foundry.yml,True,cannon_foundry,REPLACE,manufactory,burghers,0.3,weapons_industry_category,pp_cannon_foundry_cannon_foundry_maintenance,manufactory_input,cannons,2.0,8.0,5,tools=0.642 lead=0.482 saltpeter=0.803 copper=0.803 tin=0.401,7.8675,0.0,7.8675,0.0,0.9834,
cannon_maker.yml,True,cannon_maker,REPLACE,urban_workshop,burghers,0.3,weapons_industry_category,pp_cannon_maker_cannon_maker_lumber_maintenance,guild_input,cannons,0.1,0.4,3,lumber=0.107 iron=0.04 tools=0.017,0.3825,0.0,0.3825,0.0,0.9562,
cannon_maker.yml,True,cannon_maker,REPLACE,urban_workshop,burghers,0.3,weapons_industry_category,pp_cannon_maker_cannon_maker_bronze_maintenance,guild_input,cannons,1.0,4.0,3,copper=0.619 tin=0.124 tools=0.619,4.1167,0.0,4.1167,0.0,1.0292,
cannon_maker.yml,True,cannon_maker,REPLACE,urban_workshop,burghers,0.3,weapons_industry_category,pp_cannon_maker_cannon_maker_iron_maintenance,guild_input,cannons,1.0,4.0,2,iron=0.66 tools=0.55,4.0975,0.0,4.0975,0.0,1.0244,
cannon_maker.yml,True,cannon_maker,REPLACE,urban_workshop,burghers,0.3,weapons_industry_category,pp_cannon_maker_cannon_maker_ammunition_stone_maintenance,guild_input,cannons,0.087,0.348,2,stone=0.104 saltpeter=0.104,0.312,0.0,0.312,0.0,0.8966,
cannon_maker.yml,True,cannon_maker,REPLACE,urban_workshop,burghers,0.3,weapons_industry_category,pp_cannon_maker_cannon_maker_ammunition_lead_maintenance,guild_input,cannons,0.12,0.48,2,lead=0.111 saltpeter=0.111,0.444,0.0,0.444,0.0,0.925,
cannon_maker.yml,True,cannon_maker,REPLACE,urban_workshop,burghers,0.3,weapons_industry_category,pp_cannon_maker_cannon_maker_ammunition_iron_maintenance,guild_input,cannons,0.16,0.64,2,iron=0.11 saltpeter=0.11,0.605,0.0,0.605,0.0,0.9453,
cannon_workshop.yml,True,cannon_workshop,REPLACE,urban_workshop,burghers,0.3,weapons_industry_category,pp_cannon_workshop_cannon_workshop_bronze_maintenance,workshop_input,cannons,1.1,4.4,3,copper=1.102 tin=0.275 tools=0.138,4.3045,0.0,4.3045,0.0,0.9783,
cannon_workshop.yml,True,cannon_workshop,REPLACE,urban_workshop,burghers,0.3,weapons_industry_category,pp_cannon_workshop_cannon_workshop_iron_maintenance,workshop_input,cannons,1.1,4.4,2,iron=1.114 tools=0.124,4.302,0.0,4.302,0.0,0.9777,
cannon_workshop.yml,True,cannon_workshop,REPLACE,urban_workshop,burghers,0.3,weapons_industry_category,pp_cannon_workshop_cannon_workshop_ammunition_stone_maintenance,workshop_input,cannons,0.1,0.4,2,stone=0.107 saltpeter=0.107,0.321,0.0,0.321,0.0,0.8025,
cannon_workshop.yml,True,cannon_workshop,REPLACE,urban_workshop,burghers,0.3,weapons_industry_category,pp_cannon_workshop_cannon_workshop_ammunition_lead_maintenance,workshop_input,cannons,0.15,0.6,2,lead=0.12 saltpeter=0.12,0.48,0.0,0.48,0.0,0.8,
cannon_workshop.yml,True,cannon_workshop,REPLACE,urban_workshop,burghers,0.3,weapons_industry_category,pp_cannon_workshop_cannon_workshop_ammunition_iron_maintenance,workshop_input,cannons,0.2,0.8,2,iron=0.137 saltpeter=0.114,0.7075,0.0,0.7075,0.0,0.8844,
cannons_factory.yml,True,cannons_factory,REPLACE,mill_works,laborers,1.0,weapons_industry_category,pp_cannons_factory_gun_factory_maintenance,mills_input,cannons,4.0,16.0,3,steel=2.589 lead=0.518 saltpeter=0.864,15.709,0.0,15.709,0.0,0.9818,
charcoal_maker.yml,True,charcoal_maker,REPLACE,forestry,laborers,1,rgo_building_category,pp_char_coal_maintenance,guild_input,coal,0.62,1.24,2,lumber=0.51 clay=1.2,1.4925,0.0,1.4925,0.0,1.2036,
chili_plantation.yml,True,chili_plantation,CREATE,farm_land,laborers,1,rgo_building_category,pp_chili_plantation_base_chili,building_maintenance,chili,0.037,0.185,0,,0,0.0,0.0,,0.0,
chili_plantation.yml,True,chili_plantation,CREATE,farm_land,laborers,1,rgo_building_category,pp_chili_plantation_no_drying,building_maintenance,,,,0,,0,0.0,0.0,,,
chili_plantation.yml,True,chili_plantation,CREATE,farm_land,laborers,1,rgo_building_category,pp_chili_plantation_sun_drying_mats,building_maintenance,chili,0.083,0.415,2,fiber_crops=0.097 tools=0.049,0.3533,0.0,0.3533,0.0,0.8512,
cinnabar_pit.yml,True,cinnabar_pit,CREATE,extractive_open,laborers,1,rgo_building_category,pp_cinnabar_pit_base_mercury,building_maintenance,mercury,0.09,0.27,0,,0,0.0,0.0,,0.0,
cinnabar_pit.yml,True,cinnabar_pit,CREATE,extractive_open,laborers,1,rgo_building_category,pp_cinnabar_pit_no_primary,building_maintenance,,,,0,,0,0.0,0.0,,,
cinnabar_pit.yml,True,cinnabar_pit,CREATE,extractive_open,laborers,1,rgo_building_category,pp_cinnabar_pit_mercury,building_maintenance,mercury,0.423,1.269,3,lumber=0.22 tools=0.18 beeswax=0.09,1.15,0.0,1.15,0.0,0.9062,
cinnabar_pit.yml,True,cinnabar_pit,CREATE,extractive_open,laborers,1,rgo_building_category,pp_cinnabar_pit_no_secondary,building_maintenance,,,,0,,0,0.0,0.0,,,
cinnabar_pit.yml,True,cinnabar_pit,CREATE,extractive_open,laborers,1,rgo_building_category,pp_cinnabar_pit_stone,building_maintenance,stone,0.144,0.144,2,lumber=0.03 tools=0.02,0.1175,0.0,0.1175,0.0,0.816,
cinnabar_pit.yml,True,cinnabar_pit,CREATE,extractive_open,laborers,1,rgo_building_category,pp_cinnabar_pit_dyes,building_maintenance,dyes,0.03,0.12,2,lumber=0.03 tools=0.02,0.1175,0.0,0.1175,0.0,0.9792,
clay_pit.yml,True,clay_pit,REPLACE,extractive_open,laborers,1,rgo_building_category,pp_clay_pit_base_clay,building_maintenance,clay,0.3,0.15,0,,0,0.0,0.0,,0.0,
clay_pit.yml,True,clay_pit,REPLACE,extractive_open,laborers,1,rgo_building_category,pp_clay_pit_maintenance,building_maintenance,clay,1.44,0.72,2,lumber=0.28 livestock=0.12,0.67,0.0,0.67,0.0,0.9306,
clay_washmill.yml,True,clay_washmill,CREATE,rural_processing,laborers,1,rgo_building_category,pp_clay_washmill_base_clay,building_maintenance,clay,0.11,0.055,0,,0,0.0,0.0,,0.0,
clay_washmill.yml,True,clay_washmill,CREATE,rural_processing,laborers,1,rgo_building_category,pp_clay_washmill_no_preparation,building_maintenance,,,,0,,0,0.0,0.0,,,
clay_washmill.yml,True,clay_washmill,CREATE,rural_processing,laborers,1,rgo_building_category,pp_clay_washmill_horse_pugging,building_maintenance,clay,0.69,0.345,3,lumber=0.11 tools=0.04 horses=0.02,0.3825,0.0,0.3825,0.0,1.1087,
clay_washmill.yml,True,clay_washmill,CREATE,rural_processing,laborers,1,rgo_building_category,pp_clay_washmill_ox_pugging,building_maintenance,clay,0.69,0.345,3,lumber=0.11 tools=0.04 livestock=0.05,0.3975,0.0,0.3975,0.0,1.1522,
clay_washmill.yml,True,clay_washmill,CREATE,rural_processing,laborers,1,rgo_building_category,pp_clay_washmill_no_refining,building_maintenance,,,,0,,0,0.0,0.0,,,
clay_washmill.yml,True,clay_washmill,CREATE,rural_processing,laborers,1,rgo_building_category,pp_clay_washmill_levigation_ponds,building_maintenance,clay,0.23,0.115,2,lumber=0.03 tools=0.02,0.1175,0.0,0.1175,0.0,1.0217,
cloth_guild.yml,True,cloth_guild,REPLACE,urban_workshop,burghers,0.3,consumer_goods_category,pp_cloth_guild_cotton_cloth_guild_maintenance,guild_input,cloth,1.0,3.0,1,cotton=0.976,2.928,0.0,2.928,0.0,0.976,
cloth_guild.yml,True,cloth_guild,REPLACE,urban_workshop,burghers,0.3,consumer_goods_category,pp_cloth_guild_wool_cloth_guild_maintenance,guild_input,cloth,1.0,3.0,1,wool=1.171,2.9275,0.0,2.9275,0.0,0.9758,
cloth_guild.yml,True,cloth_guild,REPLACE,urban_workshop,burghers,0.3,consumer_goods_category,pp_cloth_guild_fiber_crops_cloth_guild_maintenance,guild_input,cloth,0.8,2.4,1,fiber_crops=1.164,2.328,0.0,2.328,0.0,0.97,
cloth_manufactory.yml,True,cloth_manufactory,REPLACE,manufactory,burghers,0.3,consumer_goods_category,pp_cloth_manufactory_wool_cloth_manufactory_maintenance,guild_input,cloth,2.0,6.0,2,wool=1.99 dyes=0.183,5.707,0.0,5.707,0.0,0.9512,
cloth_manufactory.yml,True,cloth_manufactory,REPLACE,manufactory,burghers,0.3,consumer_goods_category,pp_cloth_manufactory_cotton_cloth_manufactory_maintenance,guild_input,cloth,2.0,6.0,2,cotton=1.659 dyes=0.183,5.709,0.0,5.709,0.0,0.9515,
cloth_manufactory.yml,True,cloth_manufactory,REPLACE,manufactory,burghers,0.3,consumer_goods_category,pp_cloth_manufactory_fiber_crops_cloth_manufactory_maintenance,guild_input,cloth,2.0,6.0,2,fiber_crops=2.704 dyes=0.075,5.708,0.0,5.708,0.0,0.9513,
cloth_workshop.yml,True,cloth_workshop,REPLACE,urban_workshop,burghers,0.3,consumer_goods_category,pp_cloth_workshop_cotton_cloth_workshop_maintenance,workshop_input,cloth,1.1,3.3,1,cotton=1.013,3.039,0.0,3.039,0.0,0.9209,
cloth_workshop.yml,True,cloth_workshop,REPLACE,urban_workshop,burghers,0.3,consumer_goods_category,pp_cloth_workshop_wool_cloth_workshop_maintenance,workshop_input,cloth,1.1,3.3,1,wool=1.216,3.04,0.0,3.04,0.0,0.9212,
cloth_workshop.yml,True,cloth_workshop,REPLACE,urban_workshop,burghers,0.3,consumer_goods_category,pp_cloth_workshop_fiber_crops_cloth_workshop_maintenance,workshop_input,cloth,0.9,2.7,1,fiber_crops=1.22,2.44,0.0,2.44,0.0,0.9037,
clove_grove.yml,True,clove_grove,CREATE,farm_land,laborers,1,rgo_building_category,pp_clove_grove_base_cloves,building_maintenance,cloves,0.037,0.185,0,,0,0.0,0.0,,0.0,
clove_grove.yml,True,clove_grove,CREATE,farm_land,laborers,1,rgo_building_category,pp_clove_grove_no_curing,building_maintenance,,,,0,,0,0.0,0.0,,,
clove_grove.yml,True,clove_grove,CREATE,farm_land,laborers,1,rgo_building_category,pp_clove_grove_curing_houses,building_maintenance,cloves,0.079,0.395,2,lumber=0.156 coal=0.052,0.377,0.0,0.377,0.0,0.9544,
coal_mine.yml,True,coal_mine,CREATE,mining,laborers,1,rgo_building_category,pp_coal_mine_base_coal,building_maintenance,coal,0.12,0.24,0,,0,0.0,0.0,,0.0,
coal_mine.yml,True,coal_mine,CREATE,mining,laborers,1,rgo_building_category,pp_coal_mine_no_primary,building_maintenance,,,,0,,0,0.0,0.0,,,
coal_mine.yml,True,coal_mine,CREATE,mining,laborers,1,rgo_building_category,pp_coal_mine_coal,building_maintenance,coal,1.0,2.0,3,lumber=0.24 tools=0.28 beeswax=0.06,1.45,0.0,1.45,0.0,0.725,
coal_mine.yml,True,coal_mine,CREATE,mining,laborers,1,rgo_building_category,pp_coal_mine_no_secondary,building_maintenance,,,,0,,0,0.0,0.0,,,
coal_mine.yml,True,coal_mine,CREATE,mining,laborers,1,rgo_building_category,pp_coal_mine_fireclay,building_maintenance,clay,0.336,0.168,2,lumber=0.04 tools=0.03,0.1675,0.0,0.1675,0.0,0.997,
coal_mine_improved.yml,True,coal_mine_improved,CREATE,mining,laborers,1,rgo_building_category,pp_coal_mine_improved_base_coal,building_maintenance,coal,0.14,0.28,0,,0,0.0,0.0,,0.0,
coal_mine_improved.yml,True,coal_mine_improved,CREATE,mining,laborers,1,rgo_building_category,pp_coal_mine_improved_no_primary,building_maintenance,,,,0,,0,0.0,0.0,,,
coal_mine_improved.yml,True,coal_mine_improved,CREATE,mining,laborers,1,rgo_building_category,pp_coal_mine_improved_coal,building_maintenance,coal,1.75,3.5,3,lumber=0.42 tools=0.48 beeswax=0.105,2.505,0.0,2.505,0.0,0.7157,
coal_mine_improved.yml,True,coal_mine_improved,CREATE,mining,laborers,1,rgo_building_category,pp_coal_mine_improved_no_secondary,building_maintenance,,,,0,,0,0.0,0.0,,,
coal_mine_improved.yml,True,coal_mine_improved,CREATE,mining,laborers,1,rgo_building_category,pp_coal_mine_improved_fireclay,building_maintenance,clay,0.32,0.16,2,lumber=0.04 tools=0,0.07,0.0,0.07,0.0,0.4375,
coal_mine_revolutions.yml,True,coal_mine_revolutions,CREATE,mining,laborers,1,rgo_building_category,pp_coal_mine_revolutions_base_coal,building_maintenance,coal,0.15,0.3,0,,0,0.0,0.0,,0.0,
coal_mine_revolutions.yml,True,coal_mine_revolutions,CREATE,mining,laborers,1,rgo_building_category,pp_coal_mine_revolutions_no_primary,building_maintenance,,,,0,,0,0.0,0.0,,,
coal_mine_revolutions.yml,True,coal_mine_revolutions,CREATE,mining,laborers,1,rgo_building_category,pp_coal_mine_revolutions_coal,building_maintenance,coal,2.25,4.5,3,lumber=0.5 tools=0.62 beeswax=0.13,3.15,0.0,3.15,0.0,0.7,
coal_mine_revolutions.yml,True,coal_mine_revolutions,CREATE,mining,laborers,1,rgo_building_category,pp_coal_mine_revolutions_no_secondary,building_maintenance,,,,0,,0,0.0,0.0,,,
coal_mine_revolutions.yml,True,coal_mine_revolutions,CREATE,mining,laborers,1,rgo_building_category,pp_coal_mine_revolutions_fireclay,building_maintenance,clay,0.302,0.151,2,lumber=0.04 tools=0.02,0.135,0.0,0.135,0.0,0.894,
coastal_saltern.yml,True,coastal_saltern,REPLACE,extractive_open,laborers,1,rgo_building_category,pp_coastal_saltern_base_salt,building_maintenance,salt,0.08,0.4,0,,0,0.0,0.0,,0.0,
coastal_saltern.yml,True,coastal_saltern,REPLACE,extractive_open,laborers,1,rgo_building_category,pp_coastal_saltern_open_salt_marshes,building_maintenance,,,,0,,0,0.0,0.0,,,
coastal_saltern.yml,True,coastal_saltern,REPLACE,extractive_open,laborers,1,rgo_building_category,pp_coastal_saltern_lined_evaporation_pans,building_maintenance,salt,0.24,1.2,2,clay=1.333 pottery=0.383,1.0495,0.0,1.0495,0.0,0.8746,
cocoa_grove.yml,True,cocoa_grove,CREATE,farm_land,laborers,1,rgo_building_category,pp_cocoa_grove_base_cocoa,building_maintenance,cocoa,0.04,0.16,0,,0,0.0,0.0,,0.0,
cocoa_grove.yml,True,cocoa_grove,CREATE,farm_land,laborers,1,rgo_building_category,pp_cocoa_grove_no_fermentation,building_maintenance,,,,0,,0,0.0,0.0,,,
cocoa_grove.yml,True,cocoa_grove,CREATE,farm_land,laborers,1,rgo_building_category,pp_cocoa_grove_fermentation_houses,building_maintenance,cocoa,0.089,0.356,2,furniture=0.09 fiber_crops=0.035,0.34,0.0,0.34,0.0,0.9551,
coffee_grove.yml,True,coffee_grove,CREATE,farm_land,laborers,1,rgo_building_category,pp_coffee_grove_base_coffee,building_maintenance,coffee,0.04,0.12,0,,0,0.0,0.0,,0.0,
coffee_grove.yml,True,coffee_grove,CREATE,farm_land,laborers,1,rgo_building_category,pp_coffee_grove_no_washing,building_maintenance,,,,0,,0,0.0,0.0,,,
coffee_grove.yml,True,coffee_grove,CREATE,farm_land,laborers,1,rgo_building_category,pp_coffee_grove_washing_stations,building_maintenance,coffee,0.09,0.27,2,lumber=0.116 pottery=0.058,0.261,0.0,0.261,0.0,0.9667,
conscription_center.yml,True,conscription_center,REPLACE,barracks,soldiers,manpower_employment,military_category,pp_conscription_center_maintenance,building_maintenance,,,,6,firearms=1 leather=1 cloth=0.2 paper=0.5 weaponry=1 victuals=0.625,12.475,0.0,12.475,0.0,,
cookery.yml,True,cookery,CREATE,manufactory,laborers,1,consumer_goods_category,pp_cookery_khichdi,building_maintenance,victuals,0.721,2.163,3,rice=1.172 legumes=0.997 pepper=0.036,2.349,0.0,2.349,0.0,1.086,
cookery.yml,True,cookery,CREATE,manufactory,laborers,1,consumer_goods_category,pp_cookery_fish_congee,building_maintenance,victuals,0.721,2.163,3,rice=1.172 fish=0.997 pepper=0.036,2.349,0.0,2.349,0.0,1.086,
cookery.yml,True,cookery,CREATE,manufactory,laborers,1,consumer_goods_category,pp_cookery_livestock_pottage,building_maintenance,victuals,0.796,2.388,3,wheat=1.135 livestock=0.817 legumes=0.231,2.5915,0.0,2.5915,0.0,1.0852,
cookery.yml,True,cookery,CREATE,manufactory,laborers,1,consumer_goods_category,pp_cookery_mediterranean_fish,building_maintenance,victuals,0.752,2.256,3,fish=1.774 olives=0.532 wine=0.072,2.45,0.0,2.45,0.0,1.086,
cookery.yml,True,cookery,CREATE,manufactory,laborers,1,consumer_goods_category,pp_cookery_mutton_and_pease,building_maintenance,victuals,0.796,2.388,3,wool=0.877 legumes=0.414 salt=0.048,2.8465,0.0,2.8465,0.0,1.192,
cookery.yml,True,cookery,CREATE,manufactory,laborers,1,consumer_goods_category,pp_cookery_surstromming,building_maintenance,victuals,0.817,2.451,3,fish=1.827 millet=0.184 salt=0.184,2.931,0.0,2.931,0.0,1.1958,
cookery.yml,True,cookery,CREATE,manufactory,laborers,1,consumer_goods_category,pp_cookery_pozole,building_maintenance,victuals,0.727,2.181,3,maize=0.732 wild_game=0.923 chili=0.143,2.37,0.0,2.37,0.0,1.0867,
cookery.yml,True,cookery,CREATE,manufactory,laborers,1,consumer_goods_category,pp_cookery_pemmican,building_maintenance,victuals,0.755,2.265,3,wild_game=1.597 livestock=0.334 fruit=0.355,2.453,0.0,2.453,0.0,1.083,
cookery.yml,True,cookery,CREATE,manufactory,laborers,1,consumer_goods_category,pp_cookery_labskaus,building_maintenance,victuals,0.756,2.268,3,potato=0.334 fish=0.532 livestock=1.062,2.459,0.0,2.459,0.0,1.0842,
cookery.yml,True,cookery,CREATE,manufactory,laborers,1,consumer_goods_category,pp_cookery_meat_tajine,building_maintenance,victuals,0.828,2.484,3,livestock=1.243 fruit=0.569 saffron=0.054,2.7035,0.0,2.7035,0.0,1.0884,
cookery.yml,True,cookery,CREATE,manufactory,laborers,1,consumer_goods_category,pp_cookery_saltfish_porridge,building_maintenance,victuals,0.8,2.4,3,millet=0.923 fish=1.328 salt=0.072,2.611,0.0,2.611,0.0,1.0879,
cookery.yml,True,cookery,CREATE,manufactory,laborers,1,consumer_goods_category,pp_cookery_ika_mata,building_maintenance,victuals,0.765,2.295,3,fish=1.703 fruit=0.888 salt=0.036,2.771,0.0,2.771,0.0,1.2074,
cookery.yml,True,cookery,CREATE,manufactory,laborers,1,consumer_goods_category,pp_cookery_kheer,building_maintenance,victuals,0.752,2.256,3,rice=1.172 sugar=0.107 livestock=0.639,2.4515,0.0,2.4515,0.0,1.0867,
cookery.yml,True,cookery,CREATE,manufactory,laborers,1,consumer_goods_category,pp_cookery_honey_gruel,building_maintenance,victuals,0.827,2.481,3,wheat=0.851 fruit=0.564 beeswax=0.639,2.693,0.0,2.693,0.0,1.0854,
cookery.yml,True,cookery,CREATE,manufactory,laborers,1,consumer_goods_category,pp_cookery_boreal_hunter_stew,building_maintenance,victuals,0.828,2.484,3,fur=0.817 millet=0.71 salt=0.072,2.704,0.0,2.704,0.0,1.0886,
cookery.yml,True,cookery,CREATE,manufactory,laborers,1,consumer_goods_category,pp_cookery_well_water,building_maintenance,,,,0,,0,0.0,0.0,,,
cookery.yml,True,cookery,CREATE,manufactory,laborers,1,consumer_goods_category,pp_cookery_beer,building_maintenance,victuals,0.401,1.203,1,beer=0.678,1.356,0.0,1.356,0.0,1.1272,
cookery.yml,True,cookery,CREATE,manufactory,laborers,1,consumer_goods_category,pp_cookery_wine,building_maintenance,victuals,0.41,1.23,1,wine=0.678,1.356,0.0,1.356,0.0,1.1024,
cookery.yml,True,cookery,CREATE,manufactory,laborers,1,consumer_goods_category,pp_cookery_liquor,building_maintenance,victuals,0.424,1.272,1,liquor=0.59,1.475,0.0,1.475,0.0,1.1596,
cookery.yml,True,cookery,CREATE,manufactory,laborers,1,consumer_goods_category,pp_cookery_chocolate,building_maintenance,victuals,0.312,0.936,1,cocoa=0.258,1.032,0.0,1.032,0.0,1.1026,
cookery.yml,True,cookery,CREATE,manufactory,laborers,1,consumer_goods_category,pp_cookery_coffee,building_maintenance,victuals,0.308,0.924,1,coffee=0.387,1.161,0.0,1.161,0.0,1.2565,
cookery.yml,True,cookery,CREATE,manufactory,laborers,1,consumer_goods_category,pp_cookery_tea,building_maintenance,victuals,0.396,1.188,1,tea=0.484,1.452,0.0,1.452,0.0,1.2222,
cookery.yml,True,cookery,CREATE,manufactory,laborers,1,consumer_goods_category,pp_cookery_no_packaging,building_maintenance,,,,0,,0,0.0,0.0,,,
cookery.yml,True,cookery,CREATE,manufactory,laborers,1,consumer_goods_category,pp_cookery_pottery_jars,building_maintenance,victuals,0.256,0.768,1,pottery=0.904,0.904,0.0,0.904,0.0,1.1771,
cookery.yml,True,cookery,CREATE,manufactory,laborers,1,consumer_goods_category,pp_cookery_coopered_barrels,building_maintenance,victuals,0.247,0.741,1,furniture=0.291,0.873,0.0,0.873,0.0,1.1781,
cookery.yml,True,cookery,CREATE,manufactory,laborers,1,consumer_goods_category,pp_cookery_tin_cans,building_maintenance,victuals,0.456,1.368,1,steel=0.323,1.615,0.0,1.615,0.0,1.1806,
copper_mine.yml,True,copper_mine,CREATE,mining,laborers,1,rgo_building_category,pp_copper_mine_base_copper,building_maintenance,copper,0.09,0.27,0,,0,0.0,0.0,,0.0,
copper_mine.yml,True,copper_mine,CREATE,mining,laborers,1,rgo_building_category,pp_copper_mine_no_primary,building_maintenance,,,,0,,0,0.0,0.0,,,
copper_mine.yml,True,copper_mine,CREATE,mining,laborers,1,rgo_building_category,pp_copper_mine_copper,building_maintenance,copper,0.6,1.8,3,lumber=0.27 tools=0.32 beeswax=0.075,1.6625,0.0,1.6625,0.0,0.9236,
copper_mine.yml,True,copper_mine,CREATE,mining,laborers,1,rgo_building_category,pp_copper_mine_no_secondary,building_maintenance,,,,0,,0,0.0,0.0,,,
copper_mine.yml,True,copper_mine,CREATE,mining,laborers,1,rgo_building_category,pp_copper_mine_silver,building_maintenance,silver,0.033,0.198,3,lumber=0.03 tools=0.03 lead=0.02,0.19,0.0,0.19,0.0,0.9596,
copper_mine.yml,True,copper_mine,CREATE,mining,laborers,1,rgo_building_category,pp_copper_mine_gold,building_maintenance,goods_gold,0.026,0.234,3,lumber=0.03 tools=0.03 lead=0.02,0.19,0.0,0.19,0.0,0.812,
copper_mine.yml,True,copper_mine,CREATE,mining,laborers,1,rgo_building_category,pp_copper_mine_tin,building_maintenance,tin,0.06,0.12,2,lumber=0.03 tools=0.02,0.1175,0.0,0.1175,0.0,0.9792,
copper_mine_adit.yml,True,copper_mine_adit,CREATE,mining,laborers,1,rgo_building_category,pp_copper_mine_adit_base_copper,building_maintenance,copper,0.1,0.3,0,,0,0.0,0.0,,0.0,
copper_mine_adit.yml,True,copper_mine_adit,CREATE,mining,laborers,1,rgo_building_category,pp_copper_mine_adit_no_primary,building_maintenance,,,,0,,0,0.0,0.0,,,
copper_mine_adit.yml,True,copper_mine_adit,CREATE,mining,laborers,1,rgo_building_category,pp_copper_mine_adit_copper,building_maintenance,copper,0.78,2.34,3,lumber=0.31 tools=0.44 beeswax=0.09,2.1525,0.0,2.1525,0.0,0.9199,
copper_mine_adit.yml,True,copper_mine_adit,CREATE,mining,laborers,1,rgo_building_category,pp_copper_mine_adit_no_secondary,building_maintenance,,,,0,,0,0.0,0.0,,,
copper_mine_adit.yml,True,copper_mine_adit,CREATE,mining,laborers,1,rgo_building_category,pp_copper_mine_adit_silver,building_maintenance,silver,0.034,0.204,3,lumber=0.04 tools=0.03 lead=0.02,0.2075,0.0,0.2075,0.0,1.0172,
copper_mine_adit.yml,True,copper_mine_adit,CREATE,mining,laborers,1,rgo_building_category,pp_copper_mine_adit_gold,building_maintenance,goods_gold,0.027,0.243,3,lumber=0.04 tools=0.03 lead=0.02,0.2075,0.0,0.2075,0.0,0.8539,
copper_mine_adit.yml,True,copper_mine_adit,CREATE,mining,laborers,1,rgo_building_category,pp_copper_mine_adit_tin,building_maintenance,tin,0.059,0.118,2,lumber=0.03 tools=0.02,0.1175,0.0,0.1175,0.0,0.9958,
cotton_farm.yml,True,cotton_farm,CREATE,farm_land,laborers,1,rgo_building_category,pp_cotton_farm_base_cotton,building_maintenance,cotton,0.04,0.12,0,,0,0.0,0.0,,0.0,
cotton_farm.yml,True,cotton_farm,CREATE,farm_land,laborers,1,rgo_building_category,pp_cotton_farm_field_picking,building_maintenance,,,,0,,0,0.0,0.0,,,
cotton_farm.yml,True,cotton_farm,CREATE,farm_land,laborers,1,rgo_building_category,pp_cotton_farm_gin_house,building_maintenance,cotton,0.089,0.267,3,lumber=0.093 fiber_crops=0.04 tools=0.011,0.2785,0.0,0.2785,0.0,1.0431,
cotton_plantation.yml,True,cotton_plantation,REPLACE,farm_land,slaves,1,colonial_category,pp_cotton_plantation_base_cotton,building_maintenance,cotton,0.3,0.9,0,,0,0.0,0.0,,0.0,
cotton_plantation.yml,True,cotton_plantation,REPLACE,farm_land,slaves,1,colonial_category,pp_cotton_plantation_field_picking,building_maintenance,,,,0,,0,0.0,0.0,,,
cotton_plantation.yml,True,cotton_plantation,REPLACE,farm_land,slaves,1,colonial_category,pp_cotton_plantation_gin_house,building_maintenance,cotton,0.667,2.001,4,slaves_goods=0.32 lumber=0.28 leather=0.08 tools=0.034,1.8005,0.0,1.8005,0.0,0.8998,
distiller_manufactory.yml,True,distiller_manufactory,REPLACE,manufactory,burghers,0.3,consumer_goods_category,pp_distiller_manufactory_sugar_distillery_maintenance,manufactory_input,liquor,2.0,5.0,3,sugar=1.303 pottery=0.13 glass=0.222,4.705,0.0,4.705,0.0,0.941,
distiller_manufactory.yml,True,distiller_manufactory,REPLACE,manufactory,burghers,0.3,consumer_goods_category,pp_distiller_manufactory_rice_distillery_maintenance,manufactory_input,liquor,2.0,5.0,3,rice=3.91 pottery=0.13 glass=0.222,4.706,0.0,4.706,0.0,0.9412,
distiller_manufactory.yml,True,distiller_manufactory,REPLACE,manufactory,burghers,0.3,consumer_goods_category,pp_distiller_manufactory_potato_distillery_maintenance,manufactory_input,liquor,2.0,5.0,3,potato=3.91 pottery=0.13 glass=0.222,4.706,0.0,4.706,0.0,0.9412,
distiller_manufactory.yml,True,distiller_manufactory,REPLACE,manufactory,burghers,0.3,consumer_goods_category,pp_distiller_manufactory_wheat_distillery_maintenance,manufactory_input,liquor,2.0,5.0,3,pottery=0.13 wheat=3.91 glass=0.222,4.706,0.0,4.706,0.0,0.9412,
distiller_manufactory.yml,True,distiller_manufactory,REPLACE,manufactory,burghers,0.3,consumer_goods_category,pp_distiller_manufactory_scottish_whisky_distillery_maintenance,manufactory_input,liquor,2.0,5.0,3,millet=3.91 pottery=0.13 glass=0.222,4.706,0.0,4.706,0.0,0.9412,
distiller_mill.yml,True,distiller_mill,REPLACE,mill_works,laborers,1.0,consumer_goods_category,pp_distiller_mill_sugar_distillery_mill_maintenance,mills_input,liquor,4.0,10.0,3,sugar=2.632 pottery=0.146 glass=0.556,9.71,0.0,9.71,0.0,0.971,
distiller_mill.yml,True,distiller_mill,REPLACE,mill_works,laborers,1.0,consumer_goods_category,pp_distiller_mill_rice_distillery_mill_maintenance,mills_input,liquor,4.0,10.0,3,rice=7.372 pottery=0.181 glass=0.719,9.71,0.0,9.71,0.0,0.971,
distiller_mill.yml,True,distiller_mill,REPLACE,mill_works,laborers,1.0,consumer_goods_category,pp_distiller_mill_potato_distillery_mill_maintenance,mills_input,liquor,4.0,10.0,3,potato=7.436 pottery=0.175 glass=0.699,9.708,0.0,9.708,0.0,0.9708,
distiller_mill.yml,True,distiller_mill,REPLACE,mill_works,laborers,1.0,consumer_goods_category,pp_distiller_mill_wheat_distillery_mill_maintenance,mills_input,liquor,4.0,10.0,3,pottery=0.175 wheat=7.436 glass=0.699,9.708,0.0,9.708,0.0,0.9708,
distiller_mill.yml,True,distiller_mill,REPLACE,mill_works,laborers,1.0,consumer_goods_category,pp_distiller_mill_scottish_whisky_distillery_mill_maintenance,mills_input,liquor,4.0,10.0,3,millet=7.328 pottery=0.183 glass=0.732,9.707,0.0,9.707,0.0,0.9707,
distillers_guild.yml,True,distillers_guild,REPLACE,urban_workshop,burghers,0.3,consumer_goods_category,pp_distillers_guild_sugar_liquor_guild_maintenance,guild_input,liquor,1.0,2.5,3,sugar=0.681 pottery=0.113 glass=0.091,2.429,0.0,2.429,0.0,0.9716,
distillers_guild.yml,True,distillers_guild,REPLACE,urban_workshop,burghers,0.3,consumer_goods_category,pp_distillers_guild_rice_liquor_guild_maintenance,guild_input,liquor,1.0,2.5,3,rice=1.975 pottery=0.113 glass=0.113,2.427,0.0,2.427,0.0,0.9708,
distillers_guild.yml,True,distillers_guild,REPLACE,urban_workshop,burghers,0.3,consumer_goods_category,pp_distillers_guild_potato_liquor_guild_maintenance,guild_input,liquor,1.0,2.5,3,potato=1.975 pottery=0.113 glass=0.113,2.427,0.0,2.427,0.0,0.9708,
distillers_guild.yml,True,distillers_guild,REPLACE,urban_workshop,burghers,0.3,consumer_goods_category,pp_distillers_guild_wheat_liquor_guild_maintenance,guild_input,liquor,1.0,2.5,3,wheat=1.975 pottery=0.113 glass=0.113,2.427,0.0,2.427,0.0,0.9708,
distillers_guild.yml,True,distillers_guild,REPLACE,urban_workshop,burghers,0.3,consumer_goods_category,pp_distillers_guild_beer_liquor_guild_maintenance,guild_input,liquor,1.0,2.5,3,beer=0.983 pottery=0.115 glass=0.115,2.426,0.0,2.426,0.0,0.9704,
distillers_guild.yml,True,distillers_guild,REPLACE,urban_workshop,burghers,0.3,consumer_goods_category,pp_distillers_guild_wine_liquor_guild_maintenance,guild_input,liquor,1.0,2.5,3,wine=0.983 pottery=0.115 glass=0.115,2.426,0.0,2.426,0.0,0.9704,
distillers_workshop.yml,True,distillers_workshop,REPLACE,urban_workshop,burghers,0.3,consumer_goods_category,pp_distillers_workshop_sugar_liquor_workshop_maintenance,workshop_input,liquor,1.1,2.75,3,sugar=0.708 pottery=0.117 glass=0.083,2.49,0.0,2.49,0.0,0.9055,
distillers_workshop.yml,True,distillers_workshop,REPLACE,urban_workshop,burghers,0.3,consumer_goods_category,pp_distillers_workshop_rice_liquor_workshop_maintenance,workshop_input,liquor,1.1,2.75,3,rice=2.085 pottery=0.119 glass=0.096,2.492,0.0,2.492,0.0,0.9062,
distillers_workshop.yml,True,distillers_workshop,REPLACE,urban_workshop,burghers,0.3,consumer_goods_category,pp_distillers_workshop_potato_liquor_workshop_maintenance,workshop_input,liquor,1.1,2.75,3,potato=2.085 pottery=0.119 glass=0.096,2.492,0.0,2.492,0.0,0.9062,
distillers_workshop.yml,True,distillers_workshop,REPLACE,urban_workshop,burghers,0.3,consumer_goods_category,pp_distillers_workshop_wheat_liquor_workshop_maintenance,workshop_input,liquor,1.1,2.75,3,wheat=2.085 pottery=0.119 glass=0.096,2.492,0.0,2.492,0.0,0.9062,
distillers_workshop.yml,True,distillers_workshop,REPLACE,urban_workshop,burghers,0.3,consumer_goods_category,pp_distillers_workshop_beer_liquor_workshop_maintenance,workshop_input,liquor,1.1,2.75,3,beer=1.008 pottery=0.119 glass=0.119,2.492,0.0,2.492,0.0,0.9062,
distillers_workshop.yml,True,distillers_workshop,REPLACE,urban_workshop,burghers,0.3,consumer_goods_category,pp_distillers_workshop_wine_liquor_workshop_maintenance,workshop_input,liquor,1.1,2.75,3,wine=1.008 pottery=0.119 glass=0.119,2.492,0.0,2.492,0.0,0.9062,
dock.yml,True,dock,REPLACE,maritime,soldiers,dock_employment,naval_category,pp_dock_maintenance,building_maintenance,,,,5,tar=0.2 naval_supplies=0.1 tools=0.2 lumber=0.2 victuals=0.4,2.9,0.0,2.9,0.0,,
drift_net_fishery.yml,True,drift_net_fishery,CREATE,fishery,laborers,1,rgo_building_category,pp_drift_net_fishery_base_catch,building_maintenance,fish,0.09,0.09,0,,0,0.0,0.0,,0.0,
drift_net_fishery.yml,True,drift_net_fishery,CREATE,fishery,laborers,1,rgo_building_category,pp_drift_net_fishery_no_coastal_gear,building_maintenance,,,,0,,0,0.0,0.0,,,
drift_net_fishery.yml,True,drift_net_fishery,CREATE,fishery,laborers,1,rgo_building_category,pp_drift_net_fishery_coastal_drift_nets,building_maintenance,fish,1.08,1.08,4,fiber_crops=0.17 cloth=0.035 salt=0.05 lumber=0.055,0.7913,0.0,0.7913,0.0,0.7326,
drift_net_fishery.yml,True,drift_net_fishery,CREATE,fishery,laborers,1,rgo_building_category,pp_drift_net_fishery_no_worker_victuals,building_maintenance,,,,0,,0,0.0,0.0,,,
drift_net_fishery.yml,True,drift_net_fishery,CREATE,fishery,laborers,1,rgo_building_category,pp_drift_net_fishery_worker_victuals,building_maintenance,victuals,0.067,0.201,0,,0,0.0,0.0,,0.0,
dry_dock.yml,True,dry_dock,REPLACE,maritime,soldiers,dry_dock_employment,naval_category,pp_dry_dock_maintenance,building_maintenance,,,,5,tar=0.4 naval_supplies=0.2 tools=0.4 lumber=0.4 victuals=0.8,5.8,0.0,5.8,0.0,,
dummy_victuals_producer.yml,False,dummy_victuals_producer,CREATE,technical,laborers,1,consumer_goods_category,pp_dummy_victuals_export,building_maintenance,province_food_sales,3.0,15.0,2,victuals=-1 offset=5 manual_labor=0.5,22.0,0.5,22.5,0.0222,1.5,
dummy_victuals_producer.yml,False,dummy_victuals_producer,CREATE,technical,laborers,1,consumer_goods_category,pp_dummy_victuals_import,building_maintenance,province_food_purchase,3.0,15.0,2,victuals=1 manual_labor=0.5 local_food=-60,3.0,0.5,3.5,0.1429,0.2333,
dye_plantation.yml,True,dye_plantation,CREATE,farm_land,laborers,1,rgo_building_category,pp_dye_plantation_base_dyes,building_maintenance,dyes,0.04,0.16,0,,0,0.0,0.0,,0.0,
dye_plantation.yml,True,dye_plantation,CREATE,farm_land,laborers,1,rgo_building_category,pp_dye_plantation_no_curing,building_maintenance,,,,0,,0,0.0,0.0,,,
dye_plantation.yml,True,dye_plantation,CREATE,farm_land,laborers,1,rgo_building_category,pp_dye_plantation_vat_curing,building_maintenance,dyes,0.089,0.356,2,lumber=0.119 tools=0.04,0.3382,0.0,0.3382,0.0,0.9501,
dyes_guild.yml,True,dyes_guild,REPLACE,urban_workshop,burghers,0.3,basic_industry_category,pp_dyes_guild_dyes_guild_maintenance,guild_input,dyes,0.2,0.8,1,lumber=0.444,0.777,0.0,0.777,0.0,0.9712,
dyes_guild.yml,True,dyes_guild,REPLACE,urban_workshop,burghers,0.3,basic_industry_category,pp_dyes_guild_alum_dyes_guild_maintenance,guild_input,dyes,0.3,1.2,2,alum=0.021 lumber=0.625,1.1567,0.0,1.1567,0.0,0.964,
dyes_mill.yml,True,dyes_mill,REPLACE,mill_works,laborers,1.0,basic_industry_category,pp_dyes_mill_dyesmill_maintenance,guild_input,dyes,4.0,16.0,2,alum=0.413 lumber=8.268,15.708,0.0,15.708,0.0,0.9818,
dyes_workshop.yml,True,dyes_workshop,REPLACE,urban_workshop,burghers,0.3,basic_industry_category,pp_dyes_workshop_dyes_workshop_maintenance,workshop_input,dyes,0.4,1.6,2,alum=0.061 lumber=0.731,1.4623,0.0,1.4623,0.0,0.9139,
dyesworks.yml,True,dyesworks,REPLACE,manufactory,burghers,0.3,basic_industry_category,pp_dyesworks_dyesworks_maintenance,workshop_input,dyes,2.0,8.0,2,alum=0.364 lumber=3.781,7.7088,0.0,7.7088,0.0,0.9636,
elephant_hunting_grounds.yml,True,elephant_hunting_grounds,REPLACE,land_reserve,peasants,1.0,rgo_building_category,pp_elephant_hunting_grounds_elephant_hunting_grounds_maintenance,guild_input,ivory,1.0,4.0,3,tools=0.245 weaponry=0.245 elephants=0.491,3.9863,0.0,3.9863,0.0,0.9966,
elephant_kraal.yml,True,elephant_kraal,CREATE,farm_land,laborers,1,rgo_building_category,pp_elephant_kraal_base_elephants,building_maintenance,elephants,0.036,0.18,0,,0,0.0,0.0,,0.0,
elephant_kraal.yml,True,elephant_kraal,CREATE,farm_land,laborers,1,rgo_building_category,pp_elephant_kraal_no_capture,building_maintenance,,,,0,,0,0.0,0.0,,,
elephant_kraal.yml,True,elephant_kraal,CREATE,farm_land,laborers,1,rgo_building_category,pp_elephant_kraal_kheddah_stockades,building_maintenance,elephants,0.076,0.38,2,lumber=0.103 fruit=0.171,0.3513,0.0,0.3513,0.0,0.9243,
enclosed_sheep_walks.yml,True,enclosed_sheep_walks,CREATE,farm_land,laborers,1,rgo_building_category,pp_enclosed_sheep_walks_base_wool,building_maintenance,wool,0.1,0.25,0,,0,0.0,0.0,,0.0,
enclosed_sheep_walks.yml,True,enclosed_sheep_walks,CREATE,farm_land,laborers,1,rgo_building_category,pp_enclosed_sheep_walks_no_primary,building_maintenance,,,,0,,0,0.0,0.0,,,
enclosed_sheep_walks.yml,True,enclosed_sheep_walks,CREATE,farm_land,laborers,1,rgo_building_category,pp_enclosed_sheep_walks_improved_flocks,building_maintenance,wool,1.44,3.6,4,tools=0.26 cloth=0.14 leather=0.13 lumber=0.14,1.9,0.0,1.9,0.0,0.5278,
eng_royal_forest.yml,True,eng_royal_forest,REPLACE,land_reserve,peasants,1.0,government_category,pp_eng_royal_forest_eng_royal_forest_maintenance,building_maintenance,wild_game,1.0,1.0,3,weaponry=0.116 wine=0.116 horses=0.116,0.928,0.0,0.928,0.0,0.928,
engineered_brine_saltworks.yml,True,engineered_brine_saltworks,CREATE,rural_processing,laborers,1,rgo_building_category,pp_engineered_brine_saltworks_base_salt,building_maintenance,salt,0.07,0.35,0,,0,0.0,0.0,,0.0,
engineered_brine_saltworks.yml,True,engineered_brine_saltworks,CREATE,rural_processing,laborers,1,rgo_building_category,pp_engineered_brine_saltworks_no_concentration,building_maintenance,,,,0,,0,0.0,0.0,,,
engineered_brine_saltworks.yml,True,engineered_brine_saltworks,CREATE,rural_processing,laborers,1,rgo_building_category,pp_engineered_brine_saltworks_pumped_brine_channels,building_maintenance,salt,0.33,1.65,3,lumber=0.4 tools=0.25 pottery=0.15,1.6625,0.0,1.6625,0.0,1.0076,
engineered_brine_saltworks.yml,True,engineered_brine_saltworks,CREATE,rural_processing,laborers,1,rgo_building_category,pp_engineered_brine_saltworks_wood_fired_pans,building_maintenance,,,,0,,0,0.0,0.0,,,
engineered_brine_saltworks.yml,True,engineered_brine_saltworks,CREATE,rural_processing,laborers,1,rgo_building_category,pp_engineered_brine_saltworks_mineral_fired_pans,building_maintenance,salt,0.363,1.815,4,coal=0.375 clay=0.25 pottery=0.25 tools=0.15,1.6125,0.0,1.6125,0.0,0.8884,
farming_village.yml,True,farming_village,REPLACE,farm_land,peasants,1,village_category,pp_farming_village_base_livestock,building_maintenance,livestock,0.06,0.09,0,,0,0.0,0.0,,0.0,
farming_village.yml,True,farming_village,REPLACE,farm_land,peasants,1,village_category,pp_millet_farm_base_millet,building_maintenance,millet,0.06,0.06,0,,0,0.0,0.0,,0.0,
farming_village.yml,True,farming_village,REPLACE,farm_land,peasants,1,village_category,pp_wheat_farm_base_wheat,building_maintenance,wheat,0.06,0.06,0,,0,0.0,0.0,,0.0,
farming_village.yml,True,farming_village,REPLACE,farm_land,peasants,1,village_category,pp_maize_farm_base_maize,building_maintenance,maize,0.06,0.06,0,,0,0.0,0.0,,0.0,
farming_village.yml,True,farming_village,REPLACE,farm_land,peasants,1,village_category,pp_rice_farm_base_rice,building_maintenance,rice,0.06,0.06,0,,0,0.0,0.0,,0.0,
farming_village.yml,True,farming_village,REPLACE,farm_land,peasants,1,village_category,pp_legumes_farm_base_legumes,building_maintenance,legumes,0.06,0.06,0,,0,0.0,0.0,,0.0,
farming_village.yml,True,farming_village,REPLACE,farm_land,peasants,1,village_category,pp_potato_farm_base_potato,building_maintenance,potato,0.06,0.06,0,,0,0.0,0.0,,0.0,
farming_village.yml,True,farming_village,REPLACE,farm_land,peasants,1,village_category,pp_olives_farm_base_olives,building_maintenance,olives,0.06,0.06,0,,0,0.0,0.0,,0.0,
farming_village.yml,True,farming_village,REPLACE,farm_land,peasants,1,village_category,pp_farming_village_no_primary,building_maintenance,,,,0,,0,0.0,0.0,,,
farming_village.yml,True,farming_village,REPLACE,farm_land,peasants,1,village_category,pp_farming_village_maintenance,building_maintenance,livestock,0.091,0.1365,2,tools=0.01 clay=0.2,0.1325,0.0,0.1325,0.0,0.9707,
farming_village.yml,True,farming_village,REPLACE,farm_land,peasants,1,village_category,pp_millet_farm_maintenance,building_maintenance,millet,0.166,0.166,2,tools=0.03 horses=0.023,0.1665,0.0,0.1665,0.0,1.003,
farming_village.yml,True,farming_village,REPLACE,farm_land,peasants,1,village_category,pp_millet_farm_livestock,building_maintenance,millet,0.166,0.166,2,tools=0.03 livestock=0.045,0.165,0.0,0.165,0.0,0.994,
farming_village.yml,True,farming_village,REPLACE,farm_land,peasants,1,village_category,pp_wheat_farm_maintenance,building_maintenance,wheat,0.166,0.166,2,tools=0.03 horses=0.023,0.1665,0.0,0.1665,0.0,1.003,
farming_village.yml,True,farming_village,REPLACE,farm_land,peasants,1,village_category,pp_wheat_farm_livestock,building_maintenance,wheat,0.166,0.166,2,tools=0.03 livestock=0.045,0.165,0.0,0.165,0.0,0.994,
farming_village.yml,True,farming_village,REPLACE,farm_land,peasants,1,village_category,pp_maize_farm_maintenance,building_maintenance,maize,0.11,0.11,2,tools=0 livestock=0.03,0.045,0.0,0.045,0.0,0.4091,
farming_village.yml,True,farming_village,REPLACE,farm_land,peasants,1,village_category,pp_rice_farm_maintenance,building_maintenance,rice,0.11,0.11,2,tools=0 livestock=0.03,0.045,0.0,0.045,0.0,0.4091,
farming_village.yml,True,farming_village,REPLACE,farm_land,peasants,1,village_category,pp_legumes_farm_maintenance,building_maintenance,legumes,0.166,0.166,2,tools=0.03 horses=0.023,0.1665,0.0,0.1665,0.0,1.003,
farming_village.yml,True,farming_village,REPLACE,farm_land,peasants,1,village_category,pp_legumes_farm_livestock,building_maintenance,legumes,0.166,0.166,2,tools=0.03 livestock=0.045,0.165,0.0,0.165,0.0,0.994,
farming_village.yml,True,farming_village,REPLACE,farm_land,peasants,1,village_category,pp_potato_farm_maintenance,building_maintenance,potato,0.11,0.11,2,tools=0 livestock=0.03,0.045,0.0,0.045,0.0,0.4091,
farming_village.yml,True,farming_village,REPLACE,farm_land,peasants,1,village_category,pp_olives_farm_maintenance,building_maintenance,olives,0.11,0.11,2,tools=0 livestock=0.03,0.045,0.0,0.045,0.0,0.4091,
farming_village.yml,True,farming_village,REPLACE,farm_land,peasants,1,village_category,pp_farming_village_no_beeswax,building_maintenance,,,,0,,0,0.0,0.0,,,
farming_village.yml,True,farming_village,REPLACE,farm_land,peasants,1,village_category,pp_farming_village_minor_beeswax,building_maintenance,beeswax,0.063,0.126,2,furniture=0 cloth=0,0.0,0.0,0.0,,0.0,
farming_village.yml,True,farming_village,REPLACE,farm_land,peasants,1,village_category,pp_farming_village_no_worker_victuals,building_maintenance,,,,0,,0,0.0,0.0,,,
farming_village.yml,True,farming_village,REPLACE,farm_land,peasants,1,village_category,pp_farming_village_worker_victuals,building_maintenance,victuals,0.033,0.099,0,,0,0.0,0.0,,0.0,
farming_village_rotations.yml,True,farming_village_rotations,CREATE,farm_land,peasants,1,village_category,pp_farming_village_rotations_base_livestock,building_maintenance,livestock,0.07,0.105,0,,0,0.0,0.0,,0.0,
farming_village_rotations.yml,True,farming_village_rotations,CREATE,farm_land,peasants,1,village_category,pp_farming_village_rotations_base_millet,building_maintenance,millet,0.07,0.07,0,,0,0.0,0.0,,0.0,
farming_village_rotations.yml,True,farming_village_rotations,CREATE,farm_land,peasants,1,village_category,pp_farming_village_rotations_base_wheat,building_maintenance,wheat,0.07,0.07,0,,0,0.0,0.0,,0.0,
farming_village_rotations.yml,True,farming_village_rotations,CREATE,farm_land,peasants,1,village_category,pp_farming_village_rotations_base_maize,building_maintenance,maize,0.07,0.07,0,,0,0.0,0.0,,0.0,
farming_village_rotations.yml,True,farming_village_rotations,CREATE,farm_land,peasants,1,village_category,pp_farming_village_rotations_base_rice,building_maintenance,rice,0.07,0.07,0,,0,0.0,0.0,,0.0,
farming_village_rotations.yml,True,farming_village_rotations,CREATE,farm_land,peasants,1,village_category,pp_farming_village_rotations_base_legumes,building_maintenance,legumes,0.07,0.07,0,,0,0.0,0.0,,0.0,
farming_village_rotations.yml,True,farming_village_rotations,CREATE,farm_land,peasants,1,village_category,pp_farming_village_rotations_base_potato,building_maintenance,potato,0.07,0.07,0,,0,0.0,0.0,,0.0,
farming_village_rotations.yml,True,farming_village_rotations,CREATE,farm_land,peasants,1,village_category,pp_farming_village_rotations_base_olives,building_maintenance,olives,0.07,0.07,0,,0,0.0,0.0,,0.0,
farming_village_rotations.yml,True,farming_village_rotations,CREATE,farm_land,peasants,1,village_category,pp_farming_village_rotations_no_primary,building_maintenance,,,,0,,0,0.0,0.0,,,
farming_village_rotations.yml,True,farming_village_rotations,CREATE,farm_land,peasants,1,village_category,pp_farming_village_rotations_livestock,building_maintenance,livestock,0.97,1.455,4,tools=0.17 horses=0.14 legumes=0.29 lumber=0.1,1.4375,0.0,1.4375,0.0,0.988,
farming_village_rotations.yml,True,farming_village_rotations,CREATE,farm_land,peasants,1,village_category,pp_farming_village_rotations_millet,building_maintenance,millet,1.54,1.54,4,tools=0.21 horses=0.17 livestock=0.11 fiber_crops=0.07,1.4975,0.0,1.4975,0.0,0.9724,
farming_village_rotations.yml,True,farming_village_rotations,CREATE,farm_land,peasants,1,village_category,pp_farming_village_rotations_wheat,building_maintenance,wheat,1.54,1.54,4,tools=0.21 horses=0.17 legumes=0.24 lumber=0.04,1.5025,0.0,1.5025,0.0,0.9756,
farming_village_rotations.yml,True,farming_village_rotations,CREATE,farm_land,peasants,1,village_category,pp_farming_village_rotations_maize,building_maintenance,maize,1.54,1.54,4,tools=0.21 livestock=0.24 lumber=0.12 fiber_crops=0.14,1.5325,0.0,1.5325,0.0,0.9951,
farming_village_rotations.yml,True,farming_village_rotations,CREATE,farm_land,peasants,1,village_category,pp_farming_village_rotations_rice,building_maintenance,rice,1.54,1.54,4,tools=0.21 livestock=0.26 lumber=0.12 clay=0.43,1.4975,0.0,1.4975,0.0,0.9724,
farming_village_rotations.yml,True,farming_village_rotations,CREATE,farm_land,peasants,1,village_category,pp_farming_village_rotations_legumes,building_maintenance,legumes,1.56,1.56,4,tools=0.21 horses=0.17 livestock=0.11 cloth=0.05,1.5075,0.0,1.5075,0.0,0.9663,
farming_village_rotations.yml,True,farming_village_rotations,CREATE,farm_land,peasants,1,village_category,pp_farming_village_rotations_potato,building_maintenance,potato,1.56,1.56,4,tools=0.21 livestock=0.26 clay=0.29 cloth=0.1,1.5175,0.0,1.5175,0.0,0.9728,
farming_village_rotations.yml,True,farming_village_rotations,CREATE,farm_land,peasants,1,village_category,pp_farming_village_rotations_olives,building_maintenance,olives,1.54,1.54,4,tools=0.21 livestock=0.26 lumber=0.12 pottery=0.14,1.4225,0.0,1.4225,0.0,0.9237,
farming_village_rotations.yml,True,farming_village_rotations,CREATE,farm_land,peasants,1,village_category,pp_farming_village_rotations_no_beeswax,building_maintenance,,,,0,,0,0.0,0.0,,,
farming_village_rotations.yml,True,farming_village_rotations,CREATE,farm_land,peasants,1,village_category,pp_farming_village_rotations_hedgerow_hives,building_maintenance,beeswax,0.31,0.62,4,tools=0.04 lumber=0.1 fiber_crops=0.08 pottery=0.05,0.515,0.0,0.515,0.0,0.8306,
farming_village_rotations.yml,True,farming_village_rotations,CREATE,farm_land,peasants,1,village_category,pp_farming_village_rotations_no_worker_victuals,building_maintenance,,,,0,,0,0.0,0.0,,,
farming_village_rotations.yml,True,farming_village_rotations,CREATE,farm_land,peasants,1,village_category,pp_farming_village_rotations_worker_victuals,building_maintenance,victuals,0.033,0.099,0,,0,0.0,0.0,,0.0,
fiber_crops_farm.yml,True,fiber_crops_farm,REPLACE,farm_land,laborers,1,rgo_building_category,pp_fiber_crops_farm_base_fiber_crops,building_maintenance,fiber_crops,0.088,0.176,0,,0,0.0,0.0,,0.0,
fiber_crops_farm.yml,True,fiber_crops_farm,REPLACE,farm_land,laborers,1,rgo_building_category,pp_fiber_crops_farm_field_harvest,building_maintenance,,,,0,,0,0.0,0.0,,,
fiber_crops_farm.yml,True,fiber_crops_farm,REPLACE,farm_land,laborers,1,rgo_building_category,pp_fiber_crops_farm_retting_yards,building_maintenance,fiber_crops,0.187,0.374,4,livestock=0.09 clay=0.18 coal=0.03 leather=0.017,0.336,0.0,0.336,0.0,0.8984,
fiber_dressing_yard.yml,True,fiber_dressing_yard,CREATE,farm_land,laborers,1,rgo_building_category,pp_fiber_dressing_yard_base_fiber_crops,building_maintenance,fiber_crops,0.105,0.21,0,,0,0.0,0.0,,0.0,
fiber_dressing_yard.yml,True,fiber_dressing_yard,CREATE,farm_land,laborers,1,rgo_building_category,pp_fiber_dressing_yard_no_dressing,building_maintenance,,,,0,,0,0.0,0.0,,,
fiber_dressing_yard.yml,True,fiber_dressing_yard,CREATE,farm_land,laborers,1,rgo_building_category,pp_fiber_dressing_yard_retting_pits,building_maintenance,fiber_crops,0.57,1.14,4,livestock=0.24 legumes=0.24 clay=0.4 coal=0.2,1.2,0.0,1.2,0.0,1.0526,
field_management.yml,True,field_management,CREATE,capacity_source,peasants,0.05,infrastructure_category,pp_field_management_maintenance,building_maintenance,,,,1,manual_labor=0.018 livestock=0.005,0.0075,0.018,0.0255,0.7059,,
field_management.yml,True,field_management,CREATE,capacity_source,peasants,0.05,infrastructure_category,pp_field_management_folding,building_maintenance,,,,1,livestock=0.03 manual_labor=0.01,0.045,0.01,0.055,0.1818,,
field_management.yml,True,field_management,CREATE,capacity_source,peasants,0.05,infrastructure_category,pp_field_management_marling,building_maintenance,,,,1,stone=0.025 manual_labor=0.014,0.025,0.014,0.039,0.359,,
field_management_convertible.yml,True,field_management_convertible,CREATE,capacity_source,peasants,0.075,infrastructure_category,pp_field_management_convertible_leys,building_maintenance,,,,2,legumes=0.04 livestock=0.02 manual_labor=0.012,0.07,0.012,0.082,0.1463,,
field_management_convertible.yml,True,field_management_convertible,CREATE,capacity_source,peasants,0.075,infrastructure_category,pp_field_management_convertible_stall_manure,building_maintenance,,,,1,livestock=0.05 manual_labor=0.01,0.075,0.01,0.085,0.1176,,
field_management_convertible.yml,True,field_management_convertible,CREATE,capacity_source,peasants,0.075,infrastructure_category,pp_field_management_convertible_marling,building_maintenance,,,,2,stone=0.05 tools=0.01 manual_labor=0.01,0.0825,0.01,0.0925,0.1081,,
field_management_improved.yml,True,field_management_improved,CREATE,capacity_source,peasants,0.1,infrastructure_category,pp_field_management_improved_four_course,building_maintenance,,,,3,legumes=0.04 livestock=0.02 tools=0.015 manual_labor=0.006,0.1187,0.006,0.1247,0.0481,,
field_management_improved.yml,True,field_management_improved,CREATE,capacity_source,peasants,0.1,infrastructure_category,pp_field_management_improved_drill,building_maintenance,,,,2,tools=0.022 horses=0.015 manual_labor=0.006,0.1165,0.006,0.1225,0.049,,
field_management_improved.yml,True,field_management_improved,CREATE,capacity_source,peasants,0.1,infrastructure_category,pp_field_management_improved_liming,building_maintenance,,,,2,stone=0.06 tools=0.015 manual_labor=0.008,0.1087,0.008,0.1167,0.0685,,
fine_cloth_guild.yml,True,fine_cloth_guild,REPLACE,urban_workshop,burghers,0.3,consumer_goods_category,pp_fine_cloth_guild_fine_cloth_guild_maintenance,guild_input,fine_cloth,0.5,3.0,1,cloth=0.988,2.964,0.0,2.964,0.0,0.988,
fine_cloth_guild.yml,True,fine_cloth_guild,REPLACE,urban_workshop,burghers,0.3,consumer_goods_category,pp_fine_cloth_guild_wool_weavers_maintenance,guild_input,fine_cloth,0.5,3.0,1,wool=1.186,2.965,0.0,2.965,0.0,0.9883,
fine_cloth_guild.yml,True,fine_cloth_guild,REPLACE,urban_workshop,burghers,0.3,consumer_goods_category,pp_fine_cloth_guild_silk_weavers_maintenance,guild_input,fine_cloth,0.7,4.2,1,silk=1.041,4.164,0.0,4.164,0.0,0.9914,
fine_cloth_guild.yml,True,fine_cloth_guild,REPLACE,urban_workshop,burghers,0.3,consumer_goods_category,pp_fine_cloth_guild_spanish_cloth_maintenance,guild_input,fine_cloth,0.5,3.0,1,wool=1.186,2.965,0.0,2.965,0.0,0.9883,
fine_cloth_guild.yml,True,fine_cloth_guild,REPLACE,urban_workshop,burghers,0.3,consumer_goods_category,pp_fine_cloth_guild_standard_fine_cloth_guild_maintenance,guild_input,fine_cloth,0.1,0.6,1,dyes=0.141,0.564,0.0,0.564,0.0,0.94,
fine_cloth_guild.yml,True,fine_cloth_guild,REPLACE,urban_workshop,burghers,0.3,consumer_goods_category,pp_fine_cloth_guild_alum_fine_cloth_guild_maintenance,guild_input,fine_cloth,0.2,1.2,2,alum=0.061 dyes=0.245,1.163,0.0,1.163,0.0,0.9692,
fine_cloth_guild.yml,True,fine_cloth_guild,REPLACE,urban_workshop,burghers,0.3,consumer_goods_category,pp_fine_cloth_guild_fur_trim_guild_maintenance,guild_input,fine_cloth,0.2,1.2,1,fur=0.582,1.164,0.0,1.164,0.0,0.97,
fine_cloth_manufactory.yml,True,fine_cloth_manufactory,REPLACE,manufactory,burghers,0.3,consumer_goods_category,pp_fine_cloth_manufactory_silk_cloth_manufactory_maintenance,manufactory_input,fine_cloth,2.0,12.0,1,silk=2.963,11.852,0.0,11.852,0.0,0.9877,
fine_cloth_manufactory.yml,True,fine_cloth_manufactory,REPLACE,manufactory,burghers,0.3,consumer_goods_category,pp_fine_cloth_manufactory_fine_cloth_manufactory_maintenance,manufactory_input,fine_cloth,2.0,12.0,1,cloth=3.951,11.853,0.0,11.853,0.0,0.9878,
fine_cloth_manufactory.yml,True,fine_cloth_manufactory,REPLACE,manufactory,burghers,0.3,consumer_goods_category,pp_fine_cloth_manufactory_standard_cloth_manufactory_maintenance,guild_input,fine_cloth,0.2,1.2,1,dyes=0.263,1.052,0.0,1.052,0.0,0.8767,
fine_cloth_manufactory.yml,True,fine_cloth_manufactory,REPLACE,manufactory,burghers,0.3,consumer_goods_category,pp_fine_cloth_manufactory_alum_fine_cloth_manufactory_maintenance,guild_input,fine_cloth,0.4,2.4,2,dyes=0.475 alum=0.118,2.254,0.0,2.254,0.0,0.9392,
fine_cloth_mill.yml,True,fine_cloth_mill,REPLACE,mill_works,laborers,1.0,consumer_goods_category,pp_fine_cloth_mill_fine_cloth_mill_maintenance,mills_input,fine_cloth,4.0,24.0,2,cloth=7.249 dyes=0.49,23.707,0.0,23.707,0.0,0.9878,
fine_cloth_mill.yml,True,fine_cloth_mill,REPLACE,mill_works,laborers,1.0,consumer_goods_category,pp_fine_cloth_mill_silk_cloth_mill_maintenance,mills_input,fine_cloth,4.0,24.0,2,silk=5.441 dyes=0.486,23.708,0.0,23.708,0.0,0.9878,
fine_cloth_workshop.yml,True,fine_cloth_workshop,REPLACE,urban_workshop,burghers,0.3,consumer_goods_category,pp_fine_cloth_workshop_fine_cloth_workshop_maintenance,workshop_input,fine_cloth,0.6,3.6,1,cloth=1.157,3.471,0.0,3.471,0.0,0.9642,
fine_cloth_workshop.yml,True,fine_cloth_workshop,REPLACE,urban_workshop,burghers,0.3,consumer_goods_category,pp_fine_cloth_workshop_wool_weavers_workshop_maintenance,workshop_input,fine_cloth,0.6,3.6,1,wool=1.388,3.47,0.0,3.47,0.0,0.9639,
fine_cloth_workshop.yml,True,fine_cloth_workshop,REPLACE,urban_workshop,burghers,0.3,consumer_goods_category,pp_fine_cloth_workshop_silk_weavers_workshop_maintenance,workshop_input,fine_cloth,0.8,4.8,1,silk=1.168,4.672,0.0,4.672,0.0,0.9733,
fine_cloth_workshop.yml,True,fine_cloth_workshop,REPLACE,urban_workshop,burghers,0.3,consumer_goods_category,pp_fine_cloth_workshop_spanish_cloth_workshop_maintenance,workshop_input,fine_cloth,0.6,3.6,1,wool=1.388,3.47,0.0,3.47,0.0,0.9639,
fine_cloth_workshop.yml,True,fine_cloth_workshop,REPLACE,urban_workshop,burghers,0.3,consumer_goods_category,pp_fine_cloth_workshop_standard_fine_cloth_workshop_maintenance,workshop_input,fine_cloth,0.12,0.72,1,dyes=0.148,0.592,0.0,0.592,0.0,0.8222,
fine_cloth_workshop.yml,True,fine_cloth_workshop,REPLACE,urban_workshop,burghers,0.3,consumer_goods_category,pp_fine_cloth_workshop_alum_fine_cloth_workshop_maintenance,workshop_input,fine_cloth,0.25,1.5,2,alum=0.066 dyes=0.293,1.37,0.0,1.37,0.0,0.9133,
fine_cloth_workshop.yml,True,fine_cloth_workshop,REPLACE,urban_workshop,burghers,0.3,consumer_goods_category,pp_fine_cloth_workshop_fur_trim_workshop_maintenance,workshop_input,fine_cloth,0.25,1.5,1,fur=0.685,1.37,0.0,1.37,0.0,0.9133,
firearms_factory.yml,True,firearms_factory,REPLACE,mill_works,laborers,1.0,weapons_industry_category,pp_firearms_factory_firearms_factory_maintenance,mills_input,firearms,4.0,12.0,3,steel=1.773 lead=0.533 saltpeter=0.888,11.707,0.0,11.707,0.0,0.9756,
firearms_manufactory.yml,True,firearms_manufactory,REPLACE,manufactory,burghers,0.3,weapons_industry_category,pp_firearms_manufactory_firearms_manufactory_maintenance,manufactory_input,firearms,2.0,6.0,5,lumber=0.379 coal=0.379 iron=1.009 lead=0.127 saltpeter=0.252,5.7107,0.0,5.7107,0.0,0.9518,
fishing_village.yml,True,fishing_village,REPLACE,rural_village,peasants,1,village_category,pp_fishing_village_base_fish,building_maintenance,fish,0.05,0.05,0,,0,0.0,0.0,,0.0,
fishing_village.yml,True,fishing_village,REPLACE,rural_village,peasants,1,village_category,pp_fishing_village_no_primary,building_maintenance,,,,0,,0,0.0,0.0,,,
fishing_village.yml,True,fishing_village,REPLACE,rural_village,peasants,1,village_category,pp_fishing_village_maintenance,building_maintenance,fish,0.279,0.279,2,salt=0.015 tools=0.063,0.2797,0.0,0.2797,0.0,1.0027,
fishing_village.yml,True,fishing_village,REPLACE,rural_village,peasants,1,village_category,pp_arctic_fishing_village_maintenance,building_maintenance,fish,0.085,0.085,2,salt=0.005 ivory=0.014,0.081,0.0,0.081,0.0,0.9529,
fishing_village.yml,True,fishing_village,REPLACE,rural_village,peasants,1,village_category,pp_fishing_village_strand_line,building_maintenance,,,,0,,0,0.0,0.0,,,
fishing_village.yml,True,fishing_village,REPLACE,rural_village,peasants,1,village_category,pp_fishing_village_clinker_craft,building_maintenance,fish,0.042,0.042,1,lumber=0.027,0.0473,0.0,0.0473,0.0,1.125,
fishing_village.yml,True,fishing_village,REPLACE,rural_village,peasants,1,village_category,pp_fishing_village_no_freshwater_works,building_maintenance,,,,0,,0,0.0,0.0,,,
fishing_village.yml,True,fishing_village,REPLACE,rural_village,peasants,1,village_category,pp_fishing_village_wattle_weirs,building_maintenance,fish,0.059,0.059,2,lumber=0.018 fiber_crops=0.014,0.0595,0.0,0.0595,0.0,1.0085,
fishing_village.yml,True,fishing_village,REPLACE,rural_village,peasants,1,village_category,pp_fishing_village_stew_ponds,building_maintenance,fish,0.04,0.04,2,clay=0.022 lumber=0.014,0.0355,0.0,0.0355,0.0,0.8875,
fishing_village.yml,True,fishing_village,REPLACE,rural_village,peasants,1,village_category,pp_fishing_village_no_worker_victuals,building_maintenance,,,,0,,0,0.0,0.0,,,
fishing_village.yml,True,fishing_village,REPLACE,rural_village,peasants,1,village_category,pp_fishing_village_worker_victuals,building_maintenance,victuals,0.033,0.099,0,,0,0.0,0.0,,0.0,
forest_village.yml,True,forest_village,REPLACE,rural_village,peasants,1,village_category,pp_forest_village_base_leather,building_maintenance,leather,0.04,0.12,0,,0,0.0,0.0,,0.0,
forest_village.yml,True,forest_village,REPLACE,rural_village,peasants,1,village_category,pp_forest_village_base_wild_game,building_maintenance,wild_game,0.06,0.06,0,,0,0.0,0.0,,0.0,
forest_village.yml,True,forest_village,REPLACE,rural_village,peasants,1,village_category,pp_forest_village_base_fur,building_maintenance,fur,0.027,0.054,0,,0,0.0,0.0,,0.0,
forest_village.yml,True,forest_village,REPLACE,rural_village,peasants,1,village_category,pp_forest_village_base_beeswax,building_maintenance,beeswax,0.05,0.1,0,,0,0.0,0.0,,0.0,
forest_village.yml,True,forest_village,REPLACE,rural_village,peasants,1,village_category,pp_forest_village_no_primary,building_maintenance,,,,0,,0,0.0,0.0,,,
forest_village.yml,True,forest_village,REPLACE,rural_village,peasants,1,village_category,pp_forest_tannery,building_maintenance,leather,0.039,0.117,3,sand=0 tar=0 wild_game=0.1,0.1,0.0,0.1,0.0,0.8547,
forest_village.yml,True,forest_village,REPLACE,rural_village,peasants,1,village_category,pp_hunting_lodges,building_maintenance,wild_game,0.063,0.063,1,weaponry=0,0.0,0.0,0.0,,0.0,
forest_village.yml,True,forest_village,REPLACE,rural_village,peasants,1,village_category,pp_fur_trapping,building_maintenance,fur,0.064,0.128,2,tools=0.013 weaponry=0.021,0.1052,0.0,0.1052,0.0,0.8223,
forest_village.yml,True,forest_village,REPLACE,rural_village,peasants,1,village_category,pp_forest_village_forest_apiary,building_maintenance,beeswax,0.13,0.26,1,cloth=0.08,0.24,0.0,0.24,0.0,0.9231,
forest_village.yml,True,forest_village,REPLACE,rural_village,peasants,1,village_category,pp_forest_village_no_worker_victuals,building_maintenance,,,,0,,0,0.0,0.0,,,
forest_village.yml,True,forest_village,REPLACE,rural_village,peasants,1,village_category,pp_forest_village_worker_victuals,building_maintenance,victuals,0.033,0.099,0,,0,0.0,0.0,,0.0,
fruit_orchard.yml,True,fruit_orchard,REPLACE,farm_land,peasants,1,rgo_building_category,pp_fruit_orchard_base_fruit,building_maintenance,fruit,0.06,0.06,0,,0,0.0,0.0,,0.0,
fruit_orchard.yml,True,fruit_orchard,REPLACE,farm_land,peasants,1,rgo_building_category,pp_fruit_orchard_no_primary,building_maintenance,,,,0,,0,0.0,0.0,,,
fruit_orchard.yml,True,fruit_orchard,REPLACE,farm_land,peasants,1,rgo_building_category,pp_fruit_orchard_maintenance,building_maintenance,fruit,0.166,0.166,1,lumber=0.105,0.1837,0.0,0.1837,0.0,1.1069,
fruit_orchard.yml,True,fruit_orchard,REPLACE,farm_land,peasants,1,rgo_building_category,pp_fruit_orchard_no_worker_victuals,building_maintenance,,,,0,,0,0.0,0.0,,,
fruit_orchard.yml,True,fruit_orchard,REPLACE,farm_land,peasants,1,rgo_building_category,pp_fruit_orchard_worker_victuals,building_maintenance,victuals,0.033,0.099,0,,0,0.0,0.0,,0.0,
furniture_guild.yml,True,furniture_guild,REPLACE,urban_workshop,burghers,0.3,consumer_goods_category,pp_furniture_guild_furniture_maintenance,guild_input,furniture,1.0,3.0,3,lumber=1.047 dyes=0.157 tools=0.157,2.9705,0.0,2.9705,0.0,0.9902,
furniture_manufactory.yml,True,furniture_manufactory,REPLACE,manufactory,burghers,0.3,consumer_goods_category,pp_furniture_manufactory_furniture_manufactory_maintenance,manufactory_input,furniture,2.0,6.0,3,lumber=2.259 dyes=0.251 tools=0.251,5.773,0.0,5.773,0.0,0.9622,
furniture_mill.yml,True,furniture_mill,REPLACE,mill_works,laborers,1.0,consumer_goods_category,pp_furniture_mill_furniture_mill_maintenance,mills_input,furniture,4.0,12.0,3,lumber=4.562 dyes=0.532 tools=0.532,11.8405,0.0,11.8405,0.0,0.9867,
furniture_workshop.yml,True,furniture_workshop,REPLACE,urban_workshop,burghers,0.3,consumer_goods_category,pp_furniture_workshop_furniture_workshop_maintenance,workshop_input,furniture,1.1,3.3,3,lumber=1.173 dyes=0.141 tools=0.141,3.075,0.0,3.075,0.0,0.9318,
gem_gravel_pit.yml,True,gem_gravel_pit,CREATE,extractive_open,laborers,1,rgo_building_category,pp_gem_gravel_pit_base_gems,building_maintenance,gems,0.07,0.28,0,,0,0.0,0.0,,0.0,
gem_gravel_pit.yml,True,gem_gravel_pit,CREATE,extractive_open,laborers,1,rgo_building_category,pp_gem_gravel_pit_no_primary,building_maintenance,,,,0,,0,0.0,0.0,,,
gem_gravel_pit.yml,True,gem_gravel_pit,CREATE,extractive_open,laborers,1,rgo_building_category,pp_gem_gravel_pit_gems,building_maintenance,gems,0.385,1.54,2,lumber=0.322 tools=0.27,1.441,0.0,1.441,0.0,0.9357,
gem_gravel_pit.yml,True,gem_gravel_pit,CREATE,extractive_open,laborers,1,rgo_building_category,pp_gem_gravel_pit_no_secondary,building_maintenance,,,,0,,0,0.0,0.0,,,
gem_gravel_pit.yml,True,gem_gravel_pit,CREATE,extractive_open,laborers,1,rgo_building_category,pp_gem_gravel_pit_gold,building_maintenance,goods_gold,0.026,0.234,2,lumber=0.05 tools=0.03,0.185,0.0,0.185,0.0,0.7906,
gem_gravel_pit.yml,True,gem_gravel_pit,CREATE,extractive_open,laborers,1,rgo_building_category,pp_gem_gravel_pit_sand,building_maintenance,sand,0.192,0.096,2,lumber=0.03 tools=0.01,0.085,0.0,0.085,0.0,0.8854,
gem_sluice.yml,True,gem_sluice,CREATE,extractive_open,laborers,1,rgo_building_category,pp_gem_sluice_base_gems,building_maintenance,gems,0.07,0.28,0,,0,0.0,0.0,,0.0,
gem_sluice.yml,True,gem_sluice,CREATE,extractive_open,laborers,1,rgo_building_category,pp_gem_sluice_no_primary,building_maintenance,,,,0,,0,0.0,0.0,,,
gem_sluice.yml,True,gem_sluice,CREATE,extractive_open,laborers,1,rgo_building_category,pp_gem_sluice_gems,building_maintenance,gems,0.476,1.904,2,lumber=0.382 tools=0.34,1.7735,0.0,1.7735,0.0,0.9315,
gem_sluice.yml,True,gem_sluice,CREATE,extractive_open,laborers,1,rgo_building_category,pp_gem_sluice_no_secondary,building_maintenance,,,,0,,0,0.0,0.0,,,
gem_sluice.yml,True,gem_sluice,CREATE,extractive_open,laborers,1,rgo_building_category,pp_gem_sluice_gold,building_maintenance,goods_gold,0.026,0.234,2,lumber=0.05 tools=0.04,0.2175,0.0,0.2175,0.0,0.9295,
gem_sluice.yml,True,gem_sluice,CREATE,extractive_open,laborers,1,rgo_building_category,pp_gem_sluice_sand,building_maintenance,sand,0.198,0.099,2,lumber=0.03 tools=0.02,0.1175,0.0,0.1175,0.0,1.1869,
glass_guild.yml,True,glass_guild,REPLACE,urban_workshop,burghers,0.3,basic_industry_category,pp_glass_guild_glass_guild_maintenance,guild_input,glass,0.75,2.25,3,lumber=0.219 sand=1.094 tools=0.416,2.2822,0.0,2.2822,0.0,1.0143,
glass_guild.yml,True,glass_guild,REPLACE,urban_workshop,burghers,0.3,basic_industry_category,pp_glass_guild_metal_glass_guild_maintenance,guild_input,glass,1.0,3.0,5,lumber=0.355 sand=1.148 tools=0.47 alum=0.046 lead=0.091,3.0427,0.0,3.0427,0.0,1.0142,
glass_mill.yml,True,glass_mill,REPLACE,mill_works,laborers,1.0,basic_industry_category,pp_glass_mill_glassmill_maintenance,guild_input,glass,4.0,12.0,6,lumber=0.721 sand=4.329 stone=0.361 tools=1.731 coal=1.082 alum=0.188,12.141,0.0,12.141,0.0,1.0117,
glass_workshop.yml,True,glass_workshop,REPLACE,urban_workshop,burghers,0.3,basic_industry_category,pp_glass_workshop_metal_glass_workshop_maintenance,workshop_input,glass,1.1,3.3,5,lumber=0.376 sand=1.174 tools=0.481 alum=0.047 lead=0.106,3.1612,0.0,3.1612,0.0,0.958,
glassworks.yml,True,glassworks,REPLACE,manufactory,burghers,0.3,basic_industry_category,pp_glassworks_glassworks_maintenance,workshop_input,glass,2.0,6.0,6,lumber=0.489 sand=2.574 stone=0.231 tools=0.733 coal=0.489 alum=0.052,5.89,0.0,5.89,0.0,0.9817,
gold_diggings.yml,True,gold_diggings,CREATE,extractive_open,laborers,1,rgo_building_category,pp_gold_diggings_base_gold,building_maintenance,goods_gold,0.1,0.9,0,,0,0.0,0.0,,0.0,
gold_diggings.yml,True,gold_diggings,CREATE,extractive_open,laborers,1,rgo_building_category,pp_gold_diggings_no_primary,building_maintenance,,,,0,,0,0.0,0.0,,,
gold_diggings.yml,True,gold_diggings,CREATE,extractive_open,laborers,1,rgo_building_category,pp_gold_diggings_gold,building_maintenance,goods_gold,0.2,1.8,2,lumber=0.43 tools=0.23,1.5,0.0,1.5,0.0,0.8333,
gold_diggings.yml,True,gold_diggings,CREATE,extractive_open,laborers,1,rgo_building_category,pp_gold_diggings_no_secondary,building_maintenance,,,,0,,0,0.0,0.0,,,
gold_diggings.yml,True,gold_diggings,CREATE,extractive_open,laborers,1,rgo_building_category,pp_gold_diggings_silver,building_maintenance,silver,0.04,0.24,2,lumber=0.05 tools=0.04,0.2175,0.0,0.2175,0.0,0.9063,
gold_diggings.yml,True,gold_diggings,CREATE,extractive_open,laborers,1,rgo_building_category,pp_gold_diggings_copper,building_maintenance,copper,0.056,0.168,2,lumber=0.04 tools=0.03,0.1675,0.0,0.1675,0.0,0.997,
gold_stamp_mill.yml,True,gold_stamp_mill,CREATE,rural_processing,laborers,1,rgo_building_category,pp_gold_stamp_mill_base_gold,building_maintenance,goods_gold,0.1,0.9,0,,0,0.0,0.0,,0.0,
gold_stamp_mill.yml,True,gold_stamp_mill,CREATE,rural_processing,laborers,1,rgo_building_category,pp_gold_stamp_mill_no_primary,building_maintenance,,,,0,,0,0.0,0.0,,,
gold_stamp_mill.yml,True,gold_stamp_mill,CREATE,rural_processing,laborers,1,rgo_building_category,pp_gold_stamp_mill_gold,building_maintenance,goods_gold,0.26,2.34,3,lumber=0.367 tools=0.31 mercury=0.09,1.9198,0.0,1.9198,0.0,0.8204,
gold_stamp_mill.yml,True,gold_stamp_mill,CREATE,rural_processing,laborers,1,rgo_building_category,pp_gold_stamp_mill_no_secondary,building_maintenance,,,,0,,0,0.0,0.0,,,
gold_stamp_mill.yml,True,gold_stamp_mill,CREATE,rural_processing,laborers,1,rgo_building_category,pp_gold_stamp_mill_silver,building_maintenance,silver,0.047,0.282,3,lumber=0.05 tools=0.04 mercury=0.01,0.2475,0.0,0.2475,0.0,0.8777,
gold_stamp_mill.yml,True,gold_stamp_mill,CREATE,rural_processing,laborers,1,rgo_building_category,pp_gold_stamp_mill_copper,building_maintenance,copper,0.1,0.3,3,lumber=0.05 tools=0.03 mercury=0.01,0.215,0.0,0.215,0.0,0.7167,
grain_house.yml,True,grain_house,REPLACE,rural_processing,laborers,granary_employment,infrastructure_category,pp_grain_house_maintenance,building_maintenance,,,,1,stone=0.02,0.02,0.0,0.02,0.0,,
granary.yml,True,granary,REPLACE,rural_processing,laborers,0.25,infrastructure_category,pp_granary_maintenance,building_maintenance,,,,1,stone=0.02,0.02,0.0,0.02,0.0,,
grand_shipyard.yml,True,grand_shipyard,REPLACE,maritime,soldiers,grand_shipyard_employment,naval_category,pp_grand_shipyard_maintenance,building_maintenance,,,,5,tar=1.6 naval_supplies=0.8 tools=1.6 lumber=1.6 victuals=3.2,23.2,0.0,23.2,0.0,,
gun_smith.yml,True,gun_smith,REPLACE,urban_workshop,burghers,0.3,weapons_industry_category,pp_gun_smith_guns_guild_lumber_maintenance,guild_input,firearms,0.15,0.45,3,lumber=0.134 iron=0.04 tools=0.018,0.433,0.0,0.433,0.0,0.9622,
gun_smith.yml,True,gun_smith,REPLACE,urban_workshop,burghers,0.3,weapons_industry_category,pp_gun_smith_guns_guild_bronze_maintenance,guild_input,firearms,1.0,3.0,3,copper=0.569 tin=0.114 tools=0.342,3.0465,0.0,3.0465,0.0,1.0155,
gun_smith.yml,True,gun_smith,REPLACE,urban_workshop,burghers,0.3,weapons_industry_category,pp_gun_smith_guns_guild_iron_maintenance,guild_input,firearms,1.0,3.0,2,iron=0.559 tools=0.336,3.0485,0.0,3.0485,0.0,1.0162,
gun_smith.yml,True,gun_smith,REPLACE,urban_workshop,burghers,0.3,weapons_industry_category,pp_gun_smith_guns_guild_ammunition_lead_maintenance,guild_input,firearms,0.16,0.48,2,lead=0.111 saltpeter=0.111,0.444,0.0,0.444,0.0,0.925,
gun_smith.yml,True,gun_smith,REPLACE,urban_workshop,burghers,0.3,weapons_industry_category,pp_gun_smith_guns_guild_ammunition_iron_maintenance,guild_input,firearms,0.2,0.6,2,iron=0.102 saltpeter=0.102,0.561,0.0,0.561,0.0,0.935,
guns_workshop.yml,True,guns_workshop,REPLACE,urban_workshop,burghers,0.3,weapons_industry_category,pp_guns_workshop_guns_workshop_bronze_maintenance,workshop_input,firearms,1.1,3.3,3,copper=0.601 tin=0.12 tools=0.375,3.2618,0.0,3.2618,0.0,0.9884,
guns_workshop.yml,True,guns_workshop,REPLACE,urban_workshop,burghers,0.3,weapons_industry_category,pp_guns_workshop_guns_workshop_iron_maintenance,workshop_input,firearms,1.0,3.0,2,iron=0.534 tools=0.333,2.9513,0.0,2.9513,0.0,0.9838,
guns_workshop.yml,True,guns_workshop,REPLACE,urban_workshop,burghers,0.3,weapons_industry_category,pp_guns_workshop_guns_workshop_ammunition_lead_maintenance,workshop_input,firearms,0.2,0.6,2,lead=0.12 saltpeter=0.12,0.48,0.0,0.48,0.0,0.8,
guns_workshop.yml,True,guns_workshop,REPLACE,urban_workshop,burghers,0.3,weapons_industry_category,pp_guns_workshop_guns_workshop_ammunition_iron_maintenance,workshop_input,firearms,0.25,0.75,2,iron=0.12 saltpeter=0.12,0.66,0.0,0.66,0.0,0.88,
hand_cannon_guild.yml,True,hand_cannon_guild,REPLACE,urban_workshop,burghers,0.3,weapons_industry_category,pp_hand_cannon_guild_hand_cannon_guild_maintenance,guild_input,firearms,0.3,0.9,6,tools=0.057 lead=0.011 saltpeter=0.114 alum=0.006 copper=0.114 tin=0.023,0.8413,0.0,0.8413,0.0,0.9347,
horse_breeders.yml,True,horse_breeders,REPLACE,farm_land,laborers,1,rgo_building_category,pp_horse_breeders_base_horses,building_maintenance,horses,0.1,0.3,0,,0,0.0,0.0,,0.0,
horse_breeders.yml,True,horse_breeders,REPLACE,farm_land,laborers,1,rgo_building_category,pp_horse_breeders_pasture_herds,building_maintenance,,,,0,,0,0.0,0.0,,,
horse_breeders.yml,True,horse_breeders,REPLACE,farm_land,laborers,1,rgo_building_category,pp_horse_breeders_stud_yards,building_maintenance,horses,0.222,0.666,2,wheat=0.433 leather=0.047,0.574,0.0,0.574,0.0,0.8619,
horse_breeders.yml,True,horse_breeders,REPLACE,farm_land,laborers,1,rgo_building_category,pp_horse_breeders_selected_stallions,building_maintenance,horses,0.34,1.02,3,wheat=0.5 legumes=0.2 leather=0.07,0.91,0.0,0.91,0.0,0.8922,
hurdled_sheepcotes.yml,True,hurdled_sheepcotes,CREATE,farm_land,peasants,1,rgo_building_category,pp_hurdled_sheepcotes_base_wool,building_maintenance,wool,0.09,0.225,0,,0,0.0,0.0,,0.0,
hurdled_sheepcotes.yml,True,hurdled_sheepcotes,CREATE,farm_land,peasants,1,rgo_building_category,pp_hurdled_sheepcotes_no_primary,building_maintenance,,,,0,,0,0.0,0.0,,,
hurdled_sheepcotes.yml,True,hurdled_sheepcotes,CREATE,farm_land,peasants,1,rgo_building_category,pp_hurdled_sheepcotes_foldcourse_husbandry,building_maintenance,wool,0.22,0.55,3,furniture=0.065 livestock=0.06 victuals=0.055,0.45,0.0,0.45,0.0,0.8182,
husbandry_farmstead.yml,True,husbandry_farmstead,CREATE,farm_land,peasants,1,village_category,pp_husbandry_farmstead_base_livestock,building_maintenance,livestock,0.08,0.12,0,,0,0.0,0.0,,0.0,
husbandry_farmstead.yml,True,husbandry_farmstead,CREATE,farm_land,peasants,1,village_category,pp_husbandry_farmstead_base_millet,building_maintenance,millet,0.08,0.08,0,,0,0.0,0.0,,0.0,
husbandry_farmstead.yml,True,husbandry_farmstead,CREATE,farm_land,peasants,1,village_category,pp_husbandry_farmstead_base_wheat,building_maintenance,wheat,0.08,0.08,0,,0,0.0,0.0,,0.0,
husbandry_farmstead.yml,True,husbandry_farmstead,CREATE,farm_land,peasants,1,village_category,pp_husbandry_farmstead_base_maize,building_maintenance,maize,0.08,0.08,0,,0,0.0,0.0,,0.0,
husbandry_farmstead.yml,True,husbandry_farmstead,CREATE,farm_land,peasants,1,village_category,pp_husbandry_farmstead_base_rice,building_maintenance,rice,0.08,0.08,0,,0,0.0,0.0,,0.0,
husbandry_farmstead.yml,True,husbandry_farmstead,CREATE,farm_land,peasants,1,village_category,pp_husbandry_farmstead_base_legumes,building_maintenance,legumes,0.08,0.08,0,,0,0.0,0.0,,0.0,
husbandry_farmstead.yml,True,husbandry_farmstead,CREATE,farm_land,peasants,1,village_category,pp_husbandry_farmstead_base_potato,building_maintenance,potato,0.08,0.08,0,,0,0.0,0.0,,0.0,
husbandry_farmstead.yml,True,husbandry_farmstead,CREATE,farm_land,peasants,1,village_category,pp_husbandry_farmstead_base_olives,building_maintenance,olives,0.08,0.08,0,,0,0.0,0.0,,0.0,
husbandry_farmstead.yml,True,husbandry_farmstead,CREATE,farm_land,peasants,1,village_category,pp_husbandry_farmstead_no_primary,building_maintenance,,,,0,,0,0.0,0.0,,,
husbandry_farmstead.yml,True,husbandry_farmstead,CREATE,farm_land,peasants,1,village_category,pp_husbandry_farmstead_livestock,building_maintenance,livestock,0.44,0.66,4,livestock=0.145 fiber_crops=0.06 clay=0.135 lumber=0.05,0.4925,0.0,0.4925,0.0,0.7462,
husbandry_farmstead.yml,True,husbandry_farmstead,CREATE,farm_land,peasants,1,village_category,pp_husbandry_farmstead_millet,building_maintenance,millet,0.6,0.6,4,horses=0.04 livestock=0.07 fiber_crops=0.078 pottery=0.05,0.431,0.0,0.431,0.0,0.7183,
husbandry_farmstead.yml,True,husbandry_farmstead,CREATE,farm_land,peasants,1,village_category,pp_husbandry_farmstead_wheat,building_maintenance,wheat,0.64,0.64,4,horses=0.065 livestock=0.07 tools=0.03 lumber=0.045,0.4763,0.0,0.4763,0.0,0.7441,
husbandry_farmstead.yml,True,husbandry_farmstead,CREATE,farm_land,peasants,1,village_category,pp_husbandry_farmstead_maize,building_maintenance,maize,0.59,0.59,4,livestock=0.09 fiber_crops=0.085 lumber=0.05 tools=0.014,0.438,0.0,0.438,0.0,0.7424,
husbandry_farmstead.yml,True,husbandry_farmstead,CREATE,farm_land,peasants,1,village_category,pp_husbandry_farmstead_rice,building_maintenance,rice,0.64,0.64,4,livestock=0.12 clay=0.24 lumber=0.055 tools=0.025,0.4775,0.0,0.4775,0.0,0.7461,
husbandry_farmstead.yml,True,husbandry_farmstead,CREATE,farm_land,peasants,1,village_category,pp_husbandry_farmstead_legumes,building_maintenance,legumes,0.59,0.59,4,horses=0.04 livestock=0.055 fiber_crops=0.075 pottery=0.065,0.4175,0.0,0.4175,0.0,0.7076,
husbandry_farmstead.yml,True,husbandry_farmstead,CREATE,farm_land,peasants,1,village_category,pp_husbandry_farmstead_potato,building_maintenance,potato,0.65,0.65,4,livestock=0.105 clay=0.22 fiber_crops=0.07 tools=0.023,0.4823,0.0,0.4823,0.0,0.7419,
husbandry_farmstead.yml,True,husbandry_farmstead,CREATE,farm_land,peasants,1,village_category,pp_husbandry_farmstead_olives,building_maintenance,olives,0.59,0.59,4,livestock=0.085 tools=0.035 lumber=0.055 pottery=0.1,0.4375,0.0,0.4375,0.0,0.7415,
husbandry_farmstead.yml,True,husbandry_farmstead,CREATE,farm_land,peasants,1,village_category,pp_husbandry_farmstead_no_beeswax,building_maintenance,,,,0,,0,0.0,0.0,,,
husbandry_farmstead.yml,True,husbandry_farmstead,CREATE,farm_land,peasants,1,village_category,pp_husbandry_farmstead_yard_hives,building_maintenance,beeswax,0.12,0.24,2,fiber_crops=0.025 pottery=0.012,0.062,0.0,0.062,0.0,0.2583,
husbandry_farmstead.yml,True,husbandry_farmstead,CREATE,farm_land,peasants,1,village_category,pp_husbandry_farmstead_no_worker_victuals,building_maintenance,,,,0,,0,0.0,0.0,,,
husbandry_farmstead.yml,True,husbandry_farmstead,CREATE,farm_land,peasants,1,village_category,pp_husbandry_farmstead_worker_victuals,building_maintenance,victuals,0.033,0.099,0,,0,0.0,0.0,,0.0,
improved_charcoal_maker.yml,True,improved_charcoal_maker,REPLACE,forestry,laborers,1,rgo_building_category,pp_improved_char_coal_maintenance,guild_input,coal,0.9,1.8,2,lumber=0.63 clay=1.48,1.8425,0.0,1.8425,0.0,1.0236,
incense_grove.yml,True,incense_grove,CREATE,farm_land,laborers,1,rgo_building_category,pp_incense_grove_base_incense,building_maintenance,incense,0.1,0.25,0,,0,0.0,0.0,,0.0,
incense_grove.yml,True,incense_grove,CREATE,farm_land,laborers,1,rgo_building_category,pp_incense_grove_wild_resins,building_maintenance,,,,0,,0,0.0,0.0,,,
incense_grove.yml,True,incense_grove,CREATE,farm_land,laborers,1,rgo_building_category,pp_incense_grove_tapping_camps,building_maintenance,incense,0.222,0.555,3,fiber_crops=0.117 lumber=0.117 tools=0.023,0.5135,0.0,0.5135,0.0,0.9252,
inland_saltworks.yml,True,inland_saltworks,CREATE,extractive_open,laborers,1,rgo_building_category,pp_inland_saltworks_base_salt,building_maintenance,salt,0.08,0.4,0,,0,0.0,0.0,,0.0,
inland_saltworks.yml,True,inland_saltworks,CREATE,extractive_open,laborers,1,rgo_building_category,pp_inland_saltworks_salt_flat_scraping,building_maintenance,,,,0,,0,0.0,0.0,,,
inland_saltworks.yml,True,inland_saltworks,CREATE,extractive_open,laborers,1,rgo_building_category,pp_inland_saltworks_open_pan_boiling,building_maintenance,salt,0.233,1.165,3,lumber=0.467 clay=0.2 pottery=0.267,1.1843,0.0,1.1843,0.0,1.0165,
iron_foundry.yml,True,iron_foundry,REPLACE,mill_works,laborers,1.0,basic_industry_category,pp_iron_foundry_iron_foundry_maintenance,manufactory_input,tools,2.0,6.5,2,iron=1.427 coal=0.357,5.7085,0.0,5.7085,0.0,0.8782,
iron_mill.yml,True,iron_mill,REPLACE,mill_works,laborers,1.0,basic_industry_category,pp_iron_mill_iron_mill_maintenance,mills_input,tools,4.0,13.0,2,iron=2.927 coal=0.733,11.7105,0.0,11.7105,0.0,0.9008,
iron_mill.yml,True,iron_mill,REPLACE,mill_works,laborers,1.0,basic_industry_category,pp_iron_mill_steel_tools,mills_input,tools,4.0,13.0,1,steel=2.342,11.71,0.0,11.71,0.0,0.9008,
iron_mine.yml,True,iron_mine,CREATE,mining,laborers,1,rgo_building_category,pp_iron_mine_base_iron,building_maintenance,iron,0.08,0.28,0,,0,0.0,0.0,,0.0,
iron_mine.yml,True,iron_mine,CREATE,mining,laborers,1,rgo_building_category,pp_iron_mine_no_primary,building_maintenance,,,,0,,0,0.0,0.0,,,
iron_mine.yml,True,iron_mine,CREATE,mining,laborers,1,rgo_building_category,pp_iron_mine_iron,building_maintenance,iron,0.424,1.484,3,lumber=0.197 tools=0.222 beeswax=0.049,1.1643,0.0,1.1643,0.0,0.7845,
iron_mine.yml,True,iron_mine,CREATE,mining,laborers,1,rgo_building_category,pp_iron_mine_horse_whim_haulage,building_maintenance,iron,0.251,0.8785,3,horses=0.13 leather=0.06 beeswax=0.03,0.63,0.0,0.63,0.0,0.7171,
iron_mine.yml,True,iron_mine,CREATE,mining,laborers,1,rgo_building_category,pp_iron_mine_ore_dressing_floors,building_maintenance,iron,0.21,0.735,3,fiber_crops=0.13 cloth=0.07 beeswax=0.03,0.53,0.0,0.53,0.0,0.7211,
iron_mine.yml,True,iron_mine,CREATE,mining,laborers,1,rgo_building_category,pp_iron_mine_no_secondary,building_maintenance,,,,0,,0,0.0,0.0,,,
iron_mine.yml,True,iron_mine,CREATE,mining,laborers,1,rgo_building_category,pp_iron_mine_ochre,building_maintenance,dyes,0.042,0.168,2,lumber=0.04 tools=0.03,0.1675,0.0,0.1675,0.0,0.997,
iron_mine_deep.yml,True,iron_mine_deep,CREATE,mining,laborers,1,rgo_building_category,pp_iron_mine_deep_base_iron,building_maintenance,iron,0.08,0.28,0,,0,0.0,0.0,,0.0,
iron_mine_deep.yml,True,iron_mine_deep,CREATE,mining,laborers,1,rgo_building_category,pp_iron_mine_deep_no_primary,building_maintenance,,,,0,,0,0.0,0.0,,,
iron_mine_deep.yml,True,iron_mine_deep,CREATE,mining,laborers,1,rgo_building_category,pp_iron_mine_deep_drainage_workings,building_maintenance,iron,0.763,2.6705,3,lumber=0.36 tools=0.4 beeswax=0.08,2.09,0.0,2.09,0.0,0.7826,
iron_mine_deep.yml,True,iron_mine_deep,CREATE,mining,laborers,1,rgo_building_category,pp_iron_mine_deep_slitting_ore,building_maintenance,iron,0.84,2.94,4,lumber=0.38 tools=0.42 beeswax=0.09 coal=0.06,2.33,0.0,2.33,0.0,0.7925,
iron_mine_deep.yml,True,iron_mine_deep,CREATE,mining,laborers,1,rgo_building_category,pp_iron_mine_deep_horse_whim_haulage,building_maintenance,iron,0.442,1.547,3,horses=0.22 leather=0.1 beeswax=0.06,1.08,0.0,1.08,0.0,0.6981,
iron_mine_deep.yml,True,iron_mine_deep,CREATE,mining,laborers,1,rgo_building_category,pp_iron_mine_deep_ore_dressing_floors,building_maintenance,iron,0.36,1.26,3,fiber_crops=0.23 cloth=0.11 beeswax=0.06,0.91,0.0,0.91,0.0,0.7222,
iron_mine_deep.yml,True,iron_mine_deep,CREATE,mining,laborers,1,rgo_building_category,pp_iron_mine_deep_no_secondary,building_maintenance,,,,0,,0,0.0,0.0,,,
iron_mine_deep.yml,True,iron_mine_deep,CREATE,mining,laborers,1,rgo_building_category,pp_iron_mine_deep_ochre,building_maintenance,dyes,0.04,0.16,2,lumber=0.04 tools=0.02,0.135,0.0,0.135,0.0,0.8438,
iron_mine_improved.yml,True,iron_mine_improved,CREATE,mining,laborers,1,rgo_building_category,pp_iron_mine_improved_base_iron,building_maintenance,iron,0.08,0.28,0,,0,0.0,0.0,,0.0,
iron_mine_improved.yml,True,iron_mine_improved,CREATE,mining,laborers,1,rgo_building_category,pp_iron_mine_improved_no_primary,building_maintenance,,,,0,,0,0.0,0.0,,,
iron_mine_improved.yml,True,iron_mine_improved,CREATE,mining,laborers,1,rgo_building_category,pp_iron_mine_improved_iron,building_maintenance,iron,0.672,2.352,3,lumber=0.327 tools=0.346 beeswax=0.077,1.8507,0.0,1.8507,0.0,0.7869,
iron_mine_improved.yml,True,iron_mine_improved,CREATE,mining,laborers,1,rgo_building_category,pp_iron_mine_improved_slitting_dressed_ore,building_maintenance,iron,0.734,2.569,3,lumber=0.35 tools=0.38 beeswax=0.09,2.0275,0.0,2.0275,0.0,0.7892,
iron_mine_improved.yml,True,iron_mine_improved,CREATE,mining,laborers,1,rgo_building_category,pp_iron_mine_improved_horse_whim_haulage,building_maintenance,iron,0.358,1.253,3,horses=0.18 leather=0.09 beeswax=0.05,0.91,0.0,0.91,0.0,0.7263,
iron_mine_improved.yml,True,iron_mine_improved,CREATE,mining,laborers,1,rgo_building_category,pp_iron_mine_improved_ore_dressing_floors,building_maintenance,iron,0.314,1.099,3,fiber_crops=0.2 cloth=0.1 beeswax=0.05,0.8,0.0,0.8,0.0,0.7279,
iron_mine_improved.yml,True,iron_mine_improved,CREATE,mining,laborers,1,rgo_building_category,pp_iron_mine_improved_no_secondary,building_maintenance,,,,0,,0,0.0,0.0,,,
iron_mine_improved.yml,True,iron_mine_improved,CREATE,mining,laborers,1,rgo_building_category,pp_iron_mine_improved_ochre,building_maintenance,dyes,0.04,0.16,2,lumber=0.04 tools=0.03,0.1675,0.0,0.1675,0.0,1.0469,
irrigation_reservoirs.yml,True,irrigation_reservoirs,CREATE,capacity_source,laborers,0.5,infrastructure_category,pp_irrigation_reservoirs_maintenance,building_maintenance,,,,3,stone=0.15 clay=0.15 tools=0.05,0.3875,0.0,0.3875,0.0,,
ivory_hunting_camp.yml,True,ivory_hunting_camp,CREATE,forestry,laborers,1,rgo_building_category,pp_ivory_hunting_camp_base_ivory,building_maintenance,ivory,0.1,0.4,0,,0,0.0,0.0,,0.0,
ivory_hunting_camp.yml,True,ivory_hunting_camp,CREATE,forestry,laborers,1,rgo_building_category,pp_ivory_hunting_camp_scavenged_tusks,building_maintenance,,,,0,,0,0.0,0.0,,,
ivory_hunting_camp.yml,True,ivory_hunting_camp,CREATE,forestry,laborers,1,rgo_building_category,pp_ivory_hunting_camp_caravan_hunts,building_maintenance,ivory,0.222,0.888,3,weaponry=0.15 livestock=0.133 tools=0.032,0.7535,0.0,0.7535,0.0,0.8485,
jewelry_guild.yml,True,jewelry_guild,REPLACE,urban_workshop,burghers,0.3,consumer_goods_category,pp_jewelry_guild_gold_base,guild_input,jewelry,1.0,5.0,1,goods_gold=0.621,5.589,0.0,5.589,0.0,1.1178,
jewelry_guild.yml,True,jewelry_guild,REPLACE,urban_workshop,burghers,0.3,consumer_goods_category,pp_jewelry_guild_silver_base,guild_input,jewelry,1.0,5.0,1,silver=0.827,4.962,0.0,4.962,0.0,0.9924,
jewelry_guild.yml,True,jewelry_guild,REPLACE,urban_workshop,burghers,0.3,consumer_goods_category,pp_jewelry_guild_copper_base,guild_input,jewelry,1.0,5.0,1,copper=1.655,4.965,0.0,4.965,0.0,0.993,
jewelry_guild.yml,True,jewelry_guild,REPLACE,urban_workshop,burghers,0.3,consumer_goods_category,pp_jewelry_guild_ivory_enhancement,guild_input,jewelry,0.1,0.5,1,ivory=0.116,0.464,0.0,0.464,0.0,0.928,
jewelry_guild.yml,True,jewelry_guild,REPLACE,urban_workshop,burghers,0.3,consumer_goods_category,pp_jewelry_guild_amber_enhancement,guild_input,jewelry,0.1,0.5,1,amber=0.116,0.464,0.0,0.464,0.0,0.928,
jewelry_guild.yml,True,jewelry_guild,REPLACE,urban_workshop,burghers,0.3,consumer_goods_category,pp_jewelry_guild_gems_enhancement,guild_input,jewelry,0.1,0.5,1,gems=0.116,0.464,0.0,0.464,0.0,0.928,
jewelry_guild.yml,True,jewelry_guild,REPLACE,urban_workshop,burghers,0.3,consumer_goods_category,pp_jewelry_guild_pearls_enhancement,guild_input,jewelry,0.1,0.5,1,pearls=0.116,0.464,0.0,0.464,0.0,0.928,
jiangnan_canal_network.yml,True,jiangnan_canal_network,CREATE,capacity_source,peasants,0.075,infrastructure_category,pp_jiangnan_canal_network_maintenance,building_maintenance,,,,1,manual_labor=0.1 lumber=0.025,0.0438,0.1,0.1438,0.6957,,
jiangnan_hill_terraces.yml,True,jiangnan_hill_terraces,CREATE,capacity_source,peasants,0.075,infrastructure_category,pp_jiangnan_hill_terraces_maintenance,building_maintenance,,,,1,manual_labor=0.1 lumber=0.025,0.0438,0.1,0.1438,0.6957,,
lacquerware_guild.yml,True,lacquerware_guild,REPLACE,urban_workshop,burghers,0.3,consumer_goods_category,pp_lacquerware_guild_lacquerware_shop_maintenance,guild_input,lacquerware,1.0,5.0,3,lumber=1.326 dyes=0.552 tools=0.133,4.9607,0.0,4.9607,0.0,0.9921,
lacquerware_manufactory.yml,True,lacquerware_manufactory,REPLACE,manufactory,burghers,0.3,consumer_goods_category,pp_lacquerware_manufactory_lacquerware_manufactory_maintenance,manufactory_input,lacquerware,2.0,10.0,3,lumber=2.66 dyes=1.064 tools=0.266,9.7755,0.0,9.7755,0.0,0.9776,
lead_mine.yml,True,lead_mine,CREATE,mining,laborers,1,rgo_building_category,pp_lead_mine_base_lead,building_maintenance,lead,0.09,0.18,0,,0,0.0,0.0,,0.0,
lead_mine.yml,True,lead_mine,CREATE,mining,laborers,1,rgo_building_category,pp_lead_mine_no_primary,building_maintenance,,,,0,,0,0.0,0.0,,,
lead_mine.yml,True,lead_mine,CREATE,mining,laborers,1,rgo_building_category,pp_lead_mine_lead,building_maintenance,lead,0.63,1.26,3,lumber=0.14 tools=0.25 beeswax=0.04,1.1375,0.0,1.1375,0.0,0.9028,
lead_mine.yml,True,lead_mine,CREATE,mining,laborers,1,rgo_building_category,pp_lead_mine_no_secondary,building_maintenance,,,,0,,0,0.0,0.0,,,
lead_mine.yml,True,lead_mine,CREATE,mining,laborers,1,rgo_building_category,pp_lead_mine_silver,building_maintenance,silver,0.033,0.198,3,lumber=0.03 tools=0.03 lead=0.02,0.19,0.0,0.19,0.0,0.9596,
lead_mine.yml,True,lead_mine,CREATE,mining,laborers,1,rgo_building_category,pp_lead_mine_gold,building_maintenance,goods_gold,0.026,0.234,3,lumber=0.03 tools=0.03 lead=0.02,0.19,0.0,0.19,0.0,0.812,
lead_mine_bole_smelting.yml,True,lead_mine_bole_smelting,CREATE,rural_processing,laborers,1,rgo_building_category,pp_lead_mine_bole_base_lead,building_maintenance,lead,0.09,0.18,0,,0,0.0,0.0,,0.0,
lead_mine_bole_smelting.yml,True,lead_mine_bole_smelting,CREATE,rural_processing,laborers,1,rgo_building_category,pp_lead_mine_bole_no_primary,building_maintenance,,,,0,,0,0.0,0.0,,,
lead_mine_bole_smelting.yml,True,lead_mine_bole_smelting,CREATE,rural_processing,laborers,1,rgo_building_category,pp_lead_mine_bole_lead,building_maintenance,lead,0.952,1.904,3,lumber=0.16 tools=0.41 beeswax=0.05,1.7125,0.0,1.7125,0.0,0.8994,
lead_mine_bole_smelting.yml,True,lead_mine_bole_smelting,CREATE,rural_processing,laborers,1,rgo_building_category,pp_lead_mine_bole_no_secondary,building_maintenance,,,,0,,0,0.0,0.0,,,
lead_mine_bole_smelting.yml,True,lead_mine_bole_smelting,CREATE,rural_processing,laborers,1,rgo_building_category,pp_lead_mine_bole_silver,building_maintenance,silver,0.029,0.174,3,lumber=0.03 tools=0.02 lead=0.02,0.1575,0.0,0.1575,0.0,0.9052,
lead_mine_bole_smelting.yml,True,lead_mine_bole_smelting,CREATE,rural_processing,laborers,1,rgo_building_category,pp_lead_mine_bole_gold,building_maintenance,goods_gold,0.026,0.234,3,lumber=0.03 tools=0.02 lead=0.02,0.1575,0.0,0.1575,0.0,0.6731,
lead_mine_cupola_smelting.yml,True,lead_mine_cupola_smelting,CREATE,rural_processing,laborers,1,rgo_building_category,pp_lead_mine_cupola_base_lead,building_maintenance,lead,0.08,0.16,0,,0,0.0,0.0,,0.0,
lead_mine_cupola_smelting.yml,True,lead_mine_cupola_smelting,CREATE,rural_processing,laborers,1,rgo_building_category,pp_lead_mine_cupola_no_primary,building_maintenance,,,,0,,0,0.0,0.0,,,
lead_mine_cupola_smelting.yml,True,lead_mine_cupola_smelting,CREATE,rural_processing,laborers,1,rgo_building_category,pp_lead_mine_cupola_lead,building_maintenance,lead,1.22,2.44,3,lumber=0.22 tools=0.53 beeswax=0.06,2.2275,0.0,2.2275,0.0,0.9129,
lead_mine_cupola_smelting.yml,True,lead_mine_cupola_smelting,CREATE,rural_processing,laborers,1,rgo_building_category,pp_lead_mine_cupola_no_secondary,building_maintenance,,,,0,,0,0.0,0.0,,,
lead_mine_cupola_smelting.yml,True,lead_mine_cupola_smelting,CREATE,rural_processing,laborers,1,rgo_building_category,pp_lead_mine_cupola_silver,building_maintenance,silver,0.03,0.18,3,lumber=0.03 tools=0.02 lead=0.02,0.1575,0.0,0.1575,0.0,0.875,
lead_mine_cupola_smelting.yml,True,lead_mine_cupola_smelting,CREATE,rural_processing,laborers,1,rgo_building_category,pp_lead_mine_cupola_gold,building_maintenance,goods_gold,0.027,0.243,3,lumber=0.03 tools=0.02 lead=0.02,0.1575,0.0,0.1575,0.0,0.6481,
lucca_silk_production_guild.yml,True,lucca_silk_production_guild,REPLACE,urban_workshop,burghers,0.3,consumer_goods_category,pp_lucca_silk_production_guild_fiber_crops_silk_guild_maintenance,guild_input,silk,0.6,2.4,1,fiber_crops=1.164,2.328,0.0,2.328,0.0,0.97,
lumber_mill.yml,True,lumber_mill,REPLACE,forestry,laborers,1,rgo_building_category,pp_lumber_mill_base_lumber,building_maintenance,lumber,0.105,0.1837,0,,0,0.0,0.0,,0.0,
lumber_mill.yml,True,lumber_mill,REPLACE,forestry,laborers,1,rgo_building_category,pp_lumber_mill_no_primary,building_maintenance,,,,0,,0,0.0,0.0,,,
lumber_mill.yml,True,lumber_mill,REPLACE,forestry,laborers,1,rgo_building_category,pp_lumber_mill_horse_tools,building_maintenance,lumber,0.983,1.7203,2,tools=0.267 horses=0.17,1.3778,0.0,1.3778,0.0,0.8009,
lumber_mill.yml,True,lumber_mill,REPLACE,forestry,laborers,1,rgo_building_category,pp_lumber_mill_horse_victuals,building_maintenance,lumber,0.96,1.68,2,horses=0.17 victuals=0.308,1.434,0.0,1.434,0.0,0.8536,
lumber_mill.yml,True,lumber_mill,REPLACE,forestry,laborers,1,rgo_building_category,pp_lumber_mill_livestock_tools,building_maintenance,lumber,0.926,1.6205,2,tools=0.25 livestock=0.34,1.3225,0.0,1.3225,0.0,0.8161,
lumber_mill.yml,True,lumber_mill,REPLACE,forestry,laborers,1,rgo_building_category,pp_lumber_mill_livestock_victuals,building_maintenance,lumber,0.897,1.5697,2,livestock=0.34 victuals=0.288,1.374,0.0,1.374,0.0,0.8753,
lumber_mill.yml,True,lumber_mill,REPLACE,forestry,laborers,1,rgo_building_category,pp_lumber_mill_no_extra_rations,building_maintenance,,,,0,,0,0.0,0.0,,,
lumber_mill.yml,True,lumber_mill,REPLACE,forestry,laborers,1,rgo_building_category,pp_lumber_mill_extra_rations,building_maintenance,lumber,0.796,1.393,1,victuals=0.43,1.29,0.0,1.29,0.0,0.9261,
lumber_mill.yml,True,lumber_mill,REPLACE,forestry,laborers,1,rgo_building_category,pp_lumber_mill_wound_salves,building_maintenance,lumber,0.123,0.2152,1,medicaments=0.17,0.17,0.0,0.17,0.0,0.7898,
lumber_mill_improved.yml,True,lumber_mill_improved,CREATE,forestry,laborers,1,rgo_building_category,pp_lumber_mill_improved_base_lumber,building_maintenance,lumber,0.053,0.0927,0,,0,0.0,0.0,,0.0,
lumber_mill_improved.yml,True,lumber_mill_improved,CREATE,forestry,laborers,1,rgo_building_category,pp_lumber_mill_improved_no_primary,building_maintenance,,,,0,,0,0.0,0.0,,,
lumber_mill_improved.yml,True,lumber_mill_improved,CREATE,forestry,laborers,1,rgo_building_category,pp_lumber_mill_improved_horse_tools,building_maintenance,lumber,1.714,2.9995,3,tools=0.567 horses=0.2 paper=0.02,2.4827,0.0,2.4827,0.0,0.8277,
lumber_mill_improved.yml,True,lumber_mill_improved,CREATE,forestry,laborers,1,rgo_building_category,pp_lumber_mill_improved_horse_victuals,building_maintenance,lumber,1.669,2.9207,3,horses=0.2 victuals=0.66 paper=0.02,2.62,0.0,2.62,0.0,0.897,
lumber_mill_improved.yml,True,lumber_mill_improved,CREATE,forestry,laborers,1,rgo_building_category,pp_lumber_mill_improved_livestock_tools,building_maintenance,lumber,1.589,2.7807,3,tools=0.533 livestock=0.4 paper=0.02,2.3723,0.0,2.3723,0.0,0.8531,
lumber_mill_improved.yml,True,lumber_mill_improved,CREATE,forestry,laborers,1,rgo_building_category,pp_lumber_mill_improved_livestock_victuals,building_maintenance,lumber,1.543,2.7003,3,livestock=0.4 victuals=0.62 paper=0.02,2.5,0.0,2.5,0.0,0.9258,
lumber_mill_improved.yml,True,lumber_mill_improved,CREATE,forestry,laborers,1,rgo_building_category,pp_lumber_mill_improved_no_crew_support,building_maintenance,,,,0,,0,0.0,0.0,,,
lumber_mill_improved.yml,True,lumber_mill_improved,CREATE,forestry,laborers,1,rgo_building_category,pp_lumber_mill_improved_wound_salves,building_maintenance,lumber,0.123,0.2152,1,medicaments=0.17,0.17,0.0,0.17,0.0,0.7898,
managed_cocoa_grove.yml,True,managed_cocoa_grove,CREATE,farm_land,laborers,1,rgo_building_category,pp_managed_cocoa_grove_base_cocoa,building_maintenance,cocoa,0.05,0.2,0,,0,0.0,0.0,,0.0,
managed_cocoa_grove.yml,True,managed_cocoa_grove,CREATE,farm_land,laborers,1,rgo_building_category,pp_managed_cocoa_grove_no_fermentation,building_maintenance,,,,0,,0,0.0,0.0,,,
managed_cocoa_grove.yml,True,managed_cocoa_grove,CREATE,farm_land,laborers,1,rgo_building_category,pp_managed_cocoa_grove_fermentation_boxes,building_maintenance,cocoa,0.114,0.456,2,furniture=0.1 fiber_crops=0.04,0.38,0.0,0.38,0.0,0.8333,
managed_cocoa_grove.yml,True,managed_cocoa_grove,CREATE,farm_land,laborers,1,rgo_building_category,pp_managed_cocoa_grove_unmanaged_shade,building_maintenance,,,,0,,0,0.0,0.0,,,
managed_cocoa_grove.yml,True,managed_cocoa_grove,CREATE,farm_land,laborers,1,rgo_building_category,pp_managed_cocoa_grove_managed_shade,building_maintenance,cocoa,0.156,0.624,2,furniture=0.08 fiber_crops=0.074,0.388,0.0,0.388,0.0,0.6218,
managed_forest_village.yml,True,managed_forest_village,CREATE,rural_village,laborers,1,village_category,pp_managed_forest_village_base_leather,building_maintenance,leather,0.1,0.3,0,,0,0.0,0.0,,0.0,
managed_forest_village.yml,True,managed_forest_village,CREATE,rural_village,laborers,1,village_category,pp_managed_forest_village_base_wild_game,building_maintenance,wild_game,0.1,0.1,0,,0,0.0,0.0,,0.0,
managed_forest_village.yml,True,managed_forest_village,CREATE,rural_village,laborers,1,village_category,pp_managed_forest_village_base_fur,building_maintenance,fur,0.1,0.2,0,,0,0.0,0.0,,0.0,
managed_forest_village.yml,True,managed_forest_village,CREATE,rural_village,laborers,1,village_category,pp_managed_forest_village_base_beeswax,building_maintenance,beeswax,0.1,0.2,0,,0,0.0,0.0,,0.0,
managed_forest_village.yml,True,managed_forest_village,CREATE,rural_village,laborers,1,village_category,pp_managed_forest_village_no_primary,building_maintenance,,,,0,,0,0.0,0.0,,,
managed_forest_village.yml,True,managed_forest_village,CREATE,rural_village,laborers,1,village_category,pp_managed_forest_village_tannery,building_maintenance,leather,0.474,1.422,5,wild_game=0.54 tools=0.14 horses=0.06 victuals=0.06 paper=0.01,1.375,0.0,1.375,0.0,0.9669,
managed_forest_village.yml,True,managed_forest_village,CREATE,rural_village,laborers,1,village_category,pp_managed_forest_village_gamekeepers,building_maintenance,wild_game,1.367,1.367,5,tools=0.174 horses=0.122 victuals=0.109 paper=0.01 lumber=0.08,1.4185,0.0,1.4185,0.0,1.0377,
managed_forest_village.yml,True,managed_forest_village,CREATE,rural_village,laborers,1,village_category,pp_managed_forest_village_fur_trappers,building_maintenance,fur,0.685,1.37,5,tools=0.174 horses=0.109 victuals=0.109 paper=0.019 lumber=0.096,1.4255,0.0,1.4255,0.0,1.0405,
managed_forest_village.yml,True,managed_forest_village,CREATE,rural_village,laborers,1,village_category,pp_managed_forest_village_apiaries,building_maintenance,beeswax,0.675,1.35,5,tools=0.161 cloth=0.096 lumber=0.13 paper=0.032 victuals=0.1,1.4028,0.0,1.4028,0.0,1.0391,
managed_forest_village.yml,True,managed_forest_village,CREATE,rural_village,laborers,1,village_category,pp_managed_forest_village_no_worker_victuals,building_maintenance,,,,0,,0,0.0,0.0,,,
managed_forest_village.yml,True,managed_forest_village,CREATE,rural_village,laborers,1,village_category,pp_managed_forest_village_worker_victuals,building_maintenance,victuals,0.067,0.201,0,,0,0.0,0.0,,0.0,
managed_pepper_garden.yml,True,managed_pepper_garden,CREATE,farm_land,laborers,1,rgo_building_category,pp_managed_pepper_garden_base_pepper,building_maintenance,pepper,0.046,0.23,0,,0,0.0,0.0,,0.0,
managed_pepper_garden.yml,True,managed_pepper_garden,CREATE,farm_land,laborers,1,rgo_building_category,pp_managed_pepper_garden_no_drying_yard,building_maintenance,,,,0,,0,0.0,0.0,,,
managed_pepper_garden.yml,True,managed_pepper_garden,CREATE,farm_land,laborers,1,rgo_building_category,pp_managed_pepper_garden_bamboo_drying_mats,building_maintenance,pepper,0.105,0.525,2,fiber_crops=0.08 pottery=0.05,0.21,0.0,0.21,0.0,0.4,
managed_pepper_garden.yml,True,managed_pepper_garden,CREATE,farm_land,laborers,1,rgo_building_category,pp_managed_pepper_garden_unsorted_harvest,building_maintenance,,,,0,,0,0.0,0.0,,,
managed_pepper_garden.yml,True,managed_pepper_garden,CREATE,farm_land,laborers,1,rgo_building_category,pp_managed_pepper_garden_garbling_tables,building_maintenance,pepper,0.058,0.29,2,furniture=0.04 fiber_crops=0.03,0.18,0.0,0.18,0.0,0.6207,
marble_quarry.yml,True,marble_quarry,CREATE,extractive_open,laborers,1,rgo_building_category,pp_marble_quarry_base_marble,building_maintenance,marble,0.07,0.35,0,,0,0.0,0.0,,0.0,
marble_quarry.yml,True,marble_quarry,CREATE,extractive_open,laborers,1,rgo_building_category,pp_marble_quarry_no_primary,building_maintenance,,,,0,,0,0.0,0.0,,,
marble_quarry.yml,True,marble_quarry,CREATE,extractive_open,laborers,1,rgo_building_category,pp_marble_quarry_marble,building_maintenance,marble,0.301,1.505,3,lumber=0.22 tools=0.25 leather=0.06,1.3775,0.0,1.3775,0.0,0.9153,
marble_quarry.yml,True,marble_quarry,CREATE,extractive_open,laborers,1,rgo_building_category,pp_marble_quarry_no_secondary,building_maintenance,,,,0,,0,0.0,0.0,,,
marble_quarry.yml,True,marble_quarry,CREATE,extractive_open,laborers,1,rgo_building_category,pp_marble_quarry_stone,building_maintenance,stone,0.144,0.144,2,lumber=0.04 tools=0.02,0.135,0.0,0.135,0.0,0.9375,
marble_quarry.yml,True,marble_quarry,CREATE,extractive_open,laborers,1,rgo_building_category,pp_marble_quarry_sand,building_maintenance,sand,0.192,0.096,2,lumber=0.03 tools=0.01,0.085,0.0,0.085,0.0,0.8854,
marble_saw_yard.yml,True,marble_saw_yard,CREATE,rural_processing,laborers,1,rgo_building_category,pp_marble_saw_yard_base_marble,building_maintenance,marble,0.08,0.4,0,,0,0.0,0.0,,0.0,
marble_saw_yard.yml,True,marble_saw_yard,CREATE,rural_processing,laborers,1,rgo_building_category,pp_marble_saw_yard_no_primary,building_maintenance,,,,0,,0,0.0,0.0,,,
marble_saw_yard.yml,True,marble_saw_yard,CREATE,rural_processing,laborers,1,rgo_building_category,pp_marble_saw_yard_marble,building_maintenance,marble,0.35,1.75,3,lumber=0.25 tools=0.29 leather=0.07,1.59,0.0,1.59,0.0,0.9086,
marble_saw_yard.yml,True,marble_saw_yard,CREATE,rural_processing,laborers,1,rgo_building_category,pp_marble_saw_yard_no_secondary,building_maintenance,,,,0,,0,0.0,0.0,,,
marble_saw_yard.yml,True,marble_saw_yard,CREATE,rural_processing,laborers,1,rgo_building_category,pp_marble_saw_yard_stone,building_maintenance,stone,0.144,0.144,2,lumber=0.04 tools=0.02,0.135,0.0,0.135,0.0,0.9375,
marble_saw_yard.yml,True,marble_saw_yard,CREATE,rural_processing,laborers,1,rgo_building_category,pp_marble_saw_yard_sand,building_maintenance,sand,0.198,0.099,2,lumber=0.03 tools=0.02,0.1175,0.0,0.1175,0.0,1.1869,
market_cotton_farm.yml,True,market_cotton_farm,CREATE,farm_land,laborers,1,rgo_building_category,pp_market_cotton_farm_base_cotton,building_maintenance,cotton,0.052,0.156,0,,0,0.0,0.0,,0.0,
market_cotton_farm.yml,True,market_cotton_farm,CREATE,farm_land,laborers,1,rgo_building_category,pp_market_cotton_farm_hand_ginning,building_maintenance,,,,0,,0,0.0,0.0,,,
market_cotton_farm.yml,True,market_cotton_farm,CREATE,farm_land,laborers,1,rgo_building_category,pp_market_cotton_farm_roller_gin_house,building_maintenance,cotton,0.065,0.195,2,furniture=0.06 tools=0.006,0.1995,0.0,0.1995,0.0,1.0231,
market_cotton_farm.yml,True,market_cotton_farm,CREATE,farm_land,laborers,1,rgo_building_category,pp_market_cotton_farm_loose_packing,building_maintenance,,,,0,,0,0.0,0.0,,,
market_cotton_farm.yml,True,market_cotton_farm,CREATE,farm_land,laborers,1,rgo_building_category,pp_market_cotton_farm_bale_yard,building_maintenance,cotton,0.041,0.123,3,fiber_crops=0.045 furniture=0.025 tools=0.004,0.178,0.0,0.178,0.0,1.4472,
market_tobacco_farm.yml,True,market_tobacco_farm,CREATE,farm_land,laborers,1,rgo_building_category,pp_market_tobacco_farm_base_tobacco,building_maintenance,tobacco,0.06,0.18,0,,0,0.0,0.0,,0.0,
market_tobacco_farm.yml,True,market_tobacco_farm,CREATE,farm_land,laborers,1,rgo_building_category,pp_market_tobacco_farm_uncured_leaves,building_maintenance,,,,0,,0,0.0,0.0,,,
market_tobacco_farm.yml,True,market_tobacco_farm,CREATE,farm_land,laborers,1,rgo_building_category,pp_market_tobacco_farm_curing_racks,building_maintenance,tobacco,0.08,0.24,2,furniture=0.05 fiber_crops=0.025,0.2,0.0,0.2,0.0,0.8333,
market_tobacco_farm.yml,True,market_tobacco_farm,CREATE,farm_land,laborers,1,rgo_building_category,pp_market_tobacco_farm_loose_packing,building_maintenance,,,,0,,0,0.0,0.0,,,
market_tobacco_farm.yml,True,market_tobacco_farm,CREATE,farm_land,laborers,1,rgo_building_category,pp_market_tobacco_farm_sorting_tables,building_maintenance,tobacco,0.065,0.195,3,furniture=0.035 fiber_crops=0.015 paper=0.012,0.159,0.0,0.159,0.0,0.8154,
market_village_market_access.yml,True,market_village_market_access,REPLACE,rural_village,peasants,1.0,village_category,pp_market_village_rural_blacksmith,building_maintenance,tools,0.5,1.625,1,iron=0.417,1.4595,0.0,1.4595,0.0,0.8982,
market_village_market_access.yml,True,market_village_market_access,REPLACE,rural_village,peasants,1.0,village_category,pp_market_village_rural_millet_brewery,building_maintenance,beer,0.5,1.0,3,millet=0.524 lumber=0.105 tools=0.074,0.9483,0.0,0.9483,0.0,0.9483,
market_village_market_access.yml,True,market_village_market_access,REPLACE,rural_village,peasants,1.0,village_category,pp_market_village_rural_weaponmaker,building_maintenance,weaponry,0.2,0.6,1,lumber=0.333,0.5827,0.0,0.5827,0.0,0.9712,
market_village_market_access.yml,True,market_village_market_access,REPLACE,rural_village,peasants,1.0,village_category,pp_market_village_rural_jewelry_carver,building_maintenance,jewelry,0.1,0.5,1,stone=0.428,0.428,0.0,0.428,0.0,0.856,
market_village_market_access.yml,True,market_village_market_access,REPLACE,rural_village,peasants,1.0,village_category,pp_market_village_rural_pottery_maker,building_maintenance,pottery,0.2,0.2,1,clay=0.333,0.1665,0.0,0.1665,0.0,0.8325,
mason.yml,True,mason,REPLACE,mill_works,laborers,1.0,basic_industry_category,pp_mason_stone_bricks,guild_input,masonry,0.5,0.5,1,stone=0.428,0.428,0.0,0.428,0.0,0.856,
mason.yml,True,mason,REPLACE,mill_works,laborers,1.0,basic_industry_category,pp_mason_clay_bricks,guild_input,masonry,0.5,0.5,1,clay=0.856,0.428,0.0,0.428,0.0,0.856,
mining_village.yml,False,mining_village,CREATE,mining,laborers,3,rgo_building_category,pp_mining_village_base_coal,building_maintenance,coal,0.3,0.6,0,,0,0.0,0.0,,0.0,
mining_village.yml,False,mining_village,CREATE,mining,laborers,3,rgo_building_category,pp_mining_village_base_iron,building_maintenance,iron,0.3,1.05,0,,0,0.0,0.0,,0.0,
mining_village.yml,False,mining_village,CREATE,mining,laborers,3,rgo_building_category,pp_mining_village_base_copper,building_maintenance,copper,0.3,0.9,0,,0,0.0,0.0,,0.0,
mining_village.yml,False,mining_village,CREATE,mining,laborers,3,rgo_building_category,pp_mining_village_base_goods_gold,building_maintenance,goods_gold,0.3,2.7,0,,0,0.0,0.0,,0.0,
mining_village.yml,False,mining_village,CREATE,mining,laborers,3,rgo_building_category,pp_mining_village_base_goods_silver,building_maintenance,silver,0.3,1.8,0,,0,0.0,0.0,,0.0,
mining_village.yml,False,mining_village,CREATE,mining,laborers,3,rgo_building_category,pp_mining_village_base_goods_tin,building_maintenance,tin,0.3,0.6,0,,0,0.0,0.0,,0.0,
mining_village.yml,False,mining_village,CREATE,mining,laborers,3,rgo_building_category,pp_mining_village_base_goods_lead,building_maintenance,lead,0.3,0.6,0,,0,0.0,0.0,,0.0,
mining_village.yml,False,mining_village,CREATE,mining,laborers,3,rgo_building_category,pp_mining_village_base_goods_gems,building_maintenance,gems,0.3,1.2,0,,0,0.0,0.0,,0.0,
mining_village.yml,False,mining_village,CREATE,mining,laborers,3,rgo_building_category,pp_mining_village_base_goods_alum,building_maintenance,alum,0.3,0.9,0,,0,0.0,0.0,,0.0,
mining_village.yml,False,mining_village,CREATE,mining,laborers,3,rgo_building_category,pp_mining_village_base_goods_mercury,building_maintenance,mercury,0.3,0.9,0,,0,0.0,0.0,,0.0,
mining_village.yml,False,mining_village,CREATE,mining,laborers,3,rgo_building_category,pp_mining_village_base_goods_marble,building_maintenance,marble,0.3,1.5,0,,0,0.0,0.0,,0.0,
mining_village.yml,False,mining_village,CREATE,mining,laborers,3,rgo_building_category,pp_mining_coal,building_maintenance,coal,1.795,3.59,3,lumber=0.591 tools=0.666 beeswax=0.148,3.4948,0.0,3.4948,0.0,0.9735,
mining_village.yml,False,mining_village,CREATE,mining,laborers,3,rgo_building_category,pp_mining_iron,building_maintenance,iron,1.197,4.1895,3,lumber=0.428 tools=0.722 beeswax=0.187,3.4695,0.0,3.4695,0.0,0.8281,
mining_village.yml,False,mining_village,CREATE,mining,laborers,3,rgo_building_category,pp_mining_copper,building_maintenance,copper,0.5,1.5,3,lumber=0.25 tools=0.205 beeswax=0.105,1.3137,0.0,1.3137,0.0,0.8758,
mining_village.yml,False,mining_village,CREATE,mining,laborers,3,rgo_building_category,pp_mining_goods_gold,building_maintenance,goods_gold,0.5,4.5,2,lumber=1.29 tools=0.69,4.5,0.0,4.5,0.0,1.0,
mining_village.yml,False,mining_village,CREATE,mining,laborers,3,rgo_building_category,pp_mining_goods_silver,building_maintenance,silver,0.5,3.0,3,lumber=0.66 tools=0.55 beeswax=0.28,3.5025,0.0,3.5025,0.0,1.1675,
mining_village.yml,False,mining_village,CREATE,mining,laborers,3,rgo_building_category,pp_mining_goods_tin,building_maintenance,tin,0.5,1.0,3,lumber=0.165 tools=0.14 beeswax=0.065,0.8738,0.0,0.8738,0.0,0.8738,
mining_village.yml,False,mining_village,CREATE,mining,laborers,3,rgo_building_category,pp_mining_goods_lead,building_maintenance,lead,0.5,1.0,3,lumber=0.165 tools=0.14 beeswax=0.065,0.8738,0.0,0.8738,0.0,0.8738,
mining_village.yml,False,mining_village,CREATE,mining,laborers,3,rgo_building_category,pp_mining_goods_gems,building_maintenance,gems,0.5,2.0,2,lumber=0.517 tools=0.275,1.7985,0.0,1.7985,0.0,0.8993,
mining_village.yml,False,mining_village,CREATE,mining,laborers,3,rgo_building_category,pp_mining_goods_alum,building_maintenance,alum,0.5,1.5,2,lumber=0.25 tools=0.275,1.3313,0.0,1.3313,0.0,0.8875,
mining_village.yml,False,mining_village,CREATE,mining,laborers,3,rgo_building_category,pp_mining_goods_mercury,building_maintenance,mercury,0.5,1.5,3,lumber=0.25 tools=0.205 beeswax=0.105,1.3137,0.0,1.3137,0.0,0.8758,
mining_village.yml,False,mining_village,CREATE,mining,laborers,3,rgo_building_category,pp_mining_goods_marble,building_maintenance,marble,0.5,2.5,3,lumber=0.38 tools=0.315 horses=0.16,2.1688,0.0,2.1688,0.0,0.8675,
mining_village.yml,False,mining_village,CREATE,mining,laborers,3,rgo_building_category,mining_village_no_stone,building_maintenance,,,,0,,0,0.0,0.0,,,
mining_village.yml,False,mining_village,CREATE,mining,laborers,3,rgo_building_category,mining_village_stone_horses,building_maintenance,stone,0.3,0.3,1,horses=0.07,0.21,0.0,0.21,0.0,0.7,
mining_village.yml,False,mining_village,CREATE,mining,laborers,3,rgo_building_category,mining_village_stone_livestock,building_maintenance,stone,0.3,0.3,1,livestock=0.14,0.21,0.0,0.21,0.0,0.7,
mining_village_blast_furnace.yml,False,mining_village_blast_furnace,CREATE,mining,laborers,4,rgo_building_category,pp_mining_village_blast_furnace_base_coal,building_maintenance,coal,0.3,0.6,0,,0,0.0,0.0,,0.0,
mining_village_blast_furnace.yml,False,mining_village_blast_furnace,CREATE,mining,laborers,4,rgo_building_category,pp_mining_village_blast_furnace_base_iron,building_maintenance,iron,0.3,1.05,0,,0,0.0,0.0,,0.0,
mining_village_blast_furnace.yml,False,mining_village_blast_furnace,CREATE,mining,laborers,4,rgo_building_category,pp_mining_village_blast_furnace_base_copper,building_maintenance,copper,0.3,0.9,0,,0,0.0,0.0,,0.0,
mining_village_blast_furnace.yml,False,mining_village_blast_furnace,CREATE,mining,laborers,4,rgo_building_category,pp_mining_village_blast_furnace_base_goods_gold,building_maintenance,goods_gold,0.3,2.7,0,,0,0.0,0.0,,0.0,
mining_village_blast_furnace.yml,False,mining_village_blast_furnace,CREATE,mining,laborers,4,rgo_building_category,pp_mining_village_blast_furnace_base_goods_silver,building_maintenance,silver,0.3,1.8,0,,0,0.0,0.0,,0.0,
mining_village_blast_furnace.yml,False,mining_village_blast_furnace,CREATE,mining,laborers,4,rgo_building_category,pp_mining_village_blast_furnace_base_goods_tin,building_maintenance,tin,0.3,0.6,0,,0,0.0,0.0,,0.0,
mining_village_blast_furnace.yml,False,mining_village_blast_furnace,CREATE,mining,laborers,4,rgo_building_category,pp_mining_village_blast_furnace_base_goods_lead,building_maintenance,lead,0.3,0.6,0,,0,0.0,0.0,,0.0,
mining_village_blast_furnace.yml,False,mining_village_blast_furnace,CREATE,mining,laborers,4,rgo_building_category,pp_mining_village_blast_furnace_base_goods_gems,building_maintenance,gems,0.3,1.2,0,,0,0.0,0.0,,0.0,
mining_village_blast_furnace.yml,False,mining_village_blast_furnace,CREATE,mining,laborers,4,rgo_building_category,pp_mining_village_blast_furnace_base_goods_alum,building_maintenance,alum,0.3,0.9,0,,0,0.0,0.0,,0.0,
mining_village_blast_furnace.yml,False,mining_village_blast_furnace,CREATE,mining,laborers,4,rgo_building_category,pp_mining_village_blast_furnace_base_goods_mercury,building_maintenance,mercury,0.3,0.9,0,,0,0.0,0.0,,0.0,
mining_village_blast_furnace.yml,False,mining_village_blast_furnace,CREATE,mining,laborers,4,rgo_building_category,pp_mining_village_blast_furnace_base_goods_marble,building_maintenance,marble,0.3,1.5,0,,0,0.0,0.0,,0.0,
mining_village_blast_furnace.yml,False,mining_village_blast_furnace,CREATE,mining,laborers,4,rgo_building_category,pp_mining_village_blast_furnace_coal,building_maintenance,coal,2.913,5.826,3,lumber=1.079 tools=1.143 beeswax=0.254,6.111,0.0,6.111,0.0,1.0489,
mining_village_blast_furnace.yml,False,mining_village_blast_furnace,CREATE,mining,laborers,4,rgo_building_category,pp_mining_village_blast_furnace_iron,building_maintenance,iron,1.942,6.797,4,coal=1.337 lumber=0.573 tools=0.573 beeswax=0.152,5.843,0.0,5.843,0.0,0.8596,
mining_village_blast_furnace.yml,False,mining_village_blast_furnace,CREATE,mining,laborers,4,rgo_building_category,pp_mining_village_blast_furnace_copper,building_maintenance,copper,0.8,2.4,3,lumber=0.4 tools=0.33 beeswax=0.17,2.1125,0.0,2.1125,0.0,0.8802,
mining_village_blast_furnace.yml,False,mining_village_blast_furnace,CREATE,mining,laborers,4,rgo_building_category,pp_mining_village_blast_furnace_goods_gold,building_maintenance,goods_gold,0.8,7.2,2,lumber=2.063 tools=1.1,7.1852,0.0,7.1852,0.0,0.998,
mining_village_blast_furnace.yml,False,mining_village_blast_furnace,CREATE,mining,laborers,4,rgo_building_category,pp_mining_village_blast_furnace_goods_silver,building_maintenance,silver,0.8,4.8,3,lumber=1.06 tools=0.88 beeswax=0.45,5.615,0.0,5.615,0.0,1.1698,
mining_village_blast_furnace.yml,False,mining_village_blast_furnace,CREATE,mining,laborers,4,rgo_building_category,pp_mining_village_blast_furnace_goods_tin,building_maintenance,tin,0.8,1.6,3,lumber=0.28 tools=0.24 beeswax=0.1,1.47,0.0,1.47,0.0,0.9188,
mining_village_blast_furnace.yml,False,mining_village_blast_furnace,CREATE,mining,laborers,4,rgo_building_category,pp_mining_village_blast_furnace_goods_lead,building_maintenance,lead,0.8,1.6,3,lumber=0.28 tools=0.24 beeswax=0.1,1.47,0.0,1.47,0.0,0.9188,
mining_village_blast_furnace.yml,False,mining_village_blast_furnace,CREATE,mining,laborers,4,rgo_building_category,pp_mining_village_blast_furnace_goods_gems,building_maintenance,gems,0.8,3.2,2,lumber=0.823 tools=0.44,2.8702,0.0,2.8702,0.0,0.897,
mining_village_blast_furnace.yml,False,mining_village_blast_furnace,CREATE,mining,laborers,4,rgo_building_category,pp_mining_village_blast_furnace_goods_alum,building_maintenance,alum,0.8,2.4,2,lumber=0.4 tools=0.443,2.1398,0.0,2.1398,0.0,0.8916,
mining_village_blast_furnace.yml,False,mining_village_blast_furnace,CREATE,mining,laborers,4,rgo_building_category,pp_mining_village_blast_furnace_goods_mercury,building_maintenance,mercury,0.8,2.4,3,lumber=0.4 tools=0.33 beeswax=0.17,2.1125,0.0,2.1125,0.0,0.8802,
mining_village_blast_furnace.yml,False,mining_village_blast_furnace,CREATE,mining,laborers,4,rgo_building_category,pp_mining_village_blast_furnace_goods_marble,building_maintenance,marble,0.8,4.0,3,lumber=0.61 tools=0.5 horses=0.26,3.4725,0.0,3.4725,0.0,0.8681,
mining_village_blast_furnace.yml,False,mining_village_blast_furnace,CREATE,mining,laborers,4,rgo_building_category,mining_village_blast_furnace_no_stone,building_maintenance,,,,0,,0,0.0,0.0,,,
mining_village_blast_furnace.yml,False,mining_village_blast_furnace,CREATE,mining,laborers,4,rgo_building_category,mining_village_blast_furnace_stone_horses,building_maintenance,stone,0.3,0.3,1,horses=0.07,0.21,0.0,0.21,0.0,0.7,
mining_village_blast_furnace.yml,False,mining_village_blast_furnace,CREATE,mining,laborers,4,rgo_building_category,mining_village_blast_furnace_stone_livestock,building_maintenance,stone,0.3,0.3,1,livestock=0.14,0.21,0.0,0.21,0.0,0.7,
mining_village_coke_blast_furnace.yml,False,mining_village_coke_blast_furnace,CREATE,mining,laborers,6,rgo_building_category,pp_mining_village_coke_blast_furnace_base_coal,building_maintenance,coal,0.3,0.6,0,,0,0.0,0.0,,0.0,
mining_village_coke_blast_furnace.yml,False,mining_village_coke_blast_furnace,CREATE,mining,laborers,6,rgo_building_category,pp_mining_village_coke_blast_furnace_base_iron,building_maintenance,iron,0.3,1.05,0,,0,0.0,0.0,,0.0,
mining_village_coke_blast_furnace.yml,False,mining_village_coke_blast_furnace,CREATE,mining,laborers,6,rgo_building_category,pp_mining_village_coke_blast_furnace_base_copper,building_maintenance,copper,0.3,0.9,0,,0,0.0,0.0,,0.0,
mining_village_coke_blast_furnace.yml,False,mining_village_coke_blast_furnace,CREATE,mining,laborers,6,rgo_building_category,pp_mining_village_coke_blast_furnace_base_goods_gold,building_maintenance,goods_gold,0.3,2.7,0,,0,0.0,0.0,,0.0,
mining_village_coke_blast_furnace.yml,False,mining_village_coke_blast_furnace,CREATE,mining,laborers,6,rgo_building_category,pp_mining_village_coke_blast_furnace_base_goods_silver,building_maintenance,silver,0.3,1.8,0,,0,0.0,0.0,,0.0,
mining_village_coke_blast_furnace.yml,False,mining_village_coke_blast_furnace,CREATE,mining,laborers,6,rgo_building_category,pp_mining_village_coke_blast_furnace_base_goods_tin,building_maintenance,tin,0.3,0.6,0,,0,0.0,0.0,,0.0,
mining_village_coke_blast_furnace.yml,False,mining_village_coke_blast_furnace,CREATE,mining,laborers,6,rgo_building_category,pp_mining_village_coke_blast_furnace_base_goods_lead,building_maintenance,lead,0.3,0.6,0,,0,0.0,0.0,,0.0,
mining_village_coke_blast_furnace.yml,False,mining_village_coke_blast_furnace,CREATE,mining,laborers,6,rgo_building_category,pp_mining_village_coke_blast_furnace_base_goods_gems,building_maintenance,gems,0.3,1.2,0,,0,0.0,0.0,,0.0,
mining_village_coke_blast_furnace.yml,False,mining_village_coke_blast_furnace,CREATE,mining,laborers,6,rgo_building_category,pp_mining_village_coke_blast_furnace_base_goods_alum,building_maintenance,alum,0.3,0.9,0,,0,0.0,0.0,,0.0,
mining_village_coke_blast_furnace.yml,False,mining_village_coke_blast_furnace,CREATE,mining,laborers,6,rgo_building_category,pp_mining_village_coke_blast_furnace_base_goods_mercury,building_maintenance,mercury,0.3,0.9,0,,0,0.0,0.0,,0.0,
mining_village_coke_blast_furnace.yml,False,mining_village_coke_blast_furnace,CREATE,mining,laborers,6,rgo_building_category,pp_mining_village_coke_blast_furnace_base_goods_marble,building_maintenance,marble,0.3,1.5,0,,0,0.0,0.0,,0.0,
mining_village_coke_blast_furnace.yml,False,mining_village_coke_blast_furnace,CREATE,mining,laborers,6,rgo_building_category,pp_mining_village_coke_blast_furnace_coal,building_maintenance,coal,4.92,9.84,4,lumber=1.801 tools=1.902 beeswax=0.422 horses=0.316,11.1252,0.0,11.1252,0.0,1.1306,
mining_village_coke_blast_furnace.yml,False,mining_village_coke_blast_furnace,CREATE,mining,laborers,6,rgo_building_category,pp_mining_village_coke_blast_furnace_iron,building_maintenance,iron,3.28,11.48,5,coal=2.472 lumber=0.934 tools=0.934 beeswax=0.246 horses=0.186,10.664,0.0,10.664,0.0,0.9289,
mining_village_coke_blast_furnace.yml,False,mining_village_coke_blast_furnace,CREATE,mining,laborers,6,rgo_building_category,pp_mining_village_coke_blast_furnace_copper,building_maintenance,copper,1.4,4.2,5,lumber=0.712 tools=0.587 beeswax=0.303 coal=0.085 horses=0.053,4.0888,0.0,4.0888,0.0,0.9735,
mining_village_coke_blast_furnace.yml,False,mining_village_coke_blast_furnace,CREATE,mining,laborers,6,rgo_building_category,pp_mining_village_coke_blast_furnace_goods_gold,building_maintenance,goods_gold,1.4,12.6,4,lumber=3.812 tools=2.033 coal=0.088 horses=0.055,13.6192,0.0,13.6192,0.0,1.0809,
mining_village_coke_blast_furnace.yml,False,mining_village_coke_blast_furnace,CREATE,mining,laborers,6,rgo_building_category,pp_mining_village_coke_blast_furnace_goods_silver,building_maintenance,silver,1.4,8.4,5,lumber=1.959 tools=1.626 beeswax=0.832 coal=0.088 horses=0.055,10.7178,0.0,10.7178,0.0,1.2759,
mining_village_coke_blast_furnace.yml,False,mining_village_coke_blast_furnace,CREATE,mining,laborers,6,rgo_building_category,pp_mining_village_coke_blast_furnace_goods_tin,building_maintenance,tin,1.4,2.8,5,lumber=0.47 tools=0.403 beeswax=0.168 coal=0.08 horses=0.05,2.7783,0.0,2.7783,0.0,0.9922,
mining_village_coke_blast_furnace.yml,False,mining_village_coke_blast_furnace,CREATE,mining,laborers,6,rgo_building_category,pp_mining_village_coke_blast_furnace_goods_lead,building_maintenance,lead,1.4,2.8,5,lumber=0.47 tools=0.403 beeswax=0.168 coal=0.08 horses=0.05,2.7783,0.0,2.7783,0.0,0.9922,
mining_village_coke_blast_furnace.yml,False,mining_village_coke_blast_furnace,CREATE,mining,laborers,6,rgo_building_category,pp_mining_village_coke_blast_furnace_goods_gems,building_maintenance,gems,1.4,5.6,4,lumber=1.494 tools=0.798 coal=0.086 horses=0.054,5.542,0.0,5.542,0.0,0.9896,
mining_village_coke_blast_furnace.yml,False,mining_village_coke_blast_furnace,CREATE,mining,laborers,6,rgo_building_category,pp_mining_village_coke_blast_furnace_goods_alum,building_maintenance,alum,1.4,4.2,4,lumber=0.712 tools=0.789 coal=0.085 horses=0.053,4.1392,0.0,4.1392,0.0,0.9855,
mining_village_coke_blast_furnace.yml,False,mining_village_coke_blast_furnace,CREATE,mining,laborers,6,rgo_building_category,pp_mining_village_coke_blast_furnace_goods_mercury,building_maintenance,mercury,1.4,4.2,5,lumber=0.712 tools=0.587 beeswax=0.303 coal=0.085 horses=0.053,4.0888,0.0,4.0888,0.0,0.9735,
mining_village_coke_blast_furnace.yml,False,mining_village_coke_blast_furnace,CREATE,mining,laborers,6,rgo_building_category,pp_mining_village_coke_blast_furnace_goods_marble,building_maintenance,marble,1.4,7.0,4,lumber=1.127 tools=0.924 horses=0.536 coal=0.088,6.7593,0.0,6.7593,0.0,0.9656,
mining_village_coke_blast_furnace.yml,False,mining_village_coke_blast_furnace,CREATE,mining,laborers,6,rgo_building_category,mining_village_coke_blast_furnace_no_stone,building_maintenance,,,,0,,0,0.0,0.0,,,
mining_village_coke_blast_furnace.yml,False,mining_village_coke_blast_furnace,CREATE,mining,laborers,6,rgo_building_category,mining_village_coke_blast_furnace_stone_horses,building_maintenance,stone,0.3,0.3,1,horses=0.07,0.21,0.0,0.21,0.0,0.7,
mining_village_coke_blast_furnace.yml,False,mining_village_coke_blast_furnace,CREATE,mining,laborers,6,rgo_building_category,mining_village_coke_blast_furnace_stone_livestock,building_maintenance,stone,0.3,0.3,1,livestock=0.14,0.21,0.0,0.21,0.0,0.7,
mining_village_hot_blast_furnace.yml,False,mining_village_hot_blast_furnace,CREATE,mining,laborers,7,rgo_building_category,pp_mining_village_hot_blast_furnace_base_coal,building_maintenance,coal,0.3,0.6,0,,0,0.0,0.0,,0.0,
mining_village_hot_blast_furnace.yml,False,mining_village_hot_blast_furnace,CREATE,mining,laborers,7,rgo_building_category,pp_mining_village_hot_blast_furnace_base_iron,building_maintenance,iron,0.3,1.05,0,,0,0.0,0.0,,0.0,
mining_village_hot_blast_furnace.yml,False,mining_village_hot_blast_furnace,CREATE,mining,laborers,7,rgo_building_category,pp_mining_village_hot_blast_furnace_base_copper,building_maintenance,copper,0.3,0.9,0,,0,0.0,0.0,,0.0,
mining_village_hot_blast_furnace.yml,False,mining_village_hot_blast_furnace,CREATE,mining,laborers,7,rgo_building_category,pp_mining_village_hot_blast_furnace_base_goods_gold,building_maintenance,goods_gold,0.3,2.7,0,,0,0.0,0.0,,0.0,
mining_village_hot_blast_furnace.yml,False,mining_village_hot_blast_furnace,CREATE,mining,laborers,7,rgo_building_category,pp_mining_village_hot_blast_furnace_base_goods_silver,building_maintenance,silver,0.3,1.8,0,,0,0.0,0.0,,0.0,
mining_village_hot_blast_furnace.yml,False,mining_village_hot_blast_furnace,CREATE,mining,laborers,7,rgo_building_category,pp_mining_village_hot_blast_furnace_base_goods_tin,building_maintenance,tin,0.3,0.6,0,,0,0.0,0.0,,0.0,
mining_village_hot_blast_furnace.yml,False,mining_village_hot_blast_furnace,CREATE,mining,laborers,7,rgo_building_category,pp_mining_village_hot_blast_furnace_base_goods_lead,building_maintenance,lead,0.3,0.6,0,,0,0.0,0.0,,0.0,
mining_village_hot_blast_furnace.yml,False,mining_village_hot_blast_furnace,CREATE,mining,laborers,7,rgo_building_category,pp_mining_village_hot_blast_furnace_base_goods_gems,building_maintenance,gems,0.3,1.2,0,,0,0.0,0.0,,0.0,
mining_village_hot_blast_furnace.yml,False,mining_village_hot_blast_furnace,CREATE,mining,laborers,7,rgo_building_category,pp_mining_village_hot_blast_furnace_base_goods_alum,building_maintenance,alum,0.3,0.9,0,,0,0.0,0.0,,0.0,
mining_village_hot_blast_furnace.yml,False,mining_village_hot_blast_furnace,CREATE,mining,laborers,7,rgo_building_category,pp_mining_village_hot_blast_furnace_base_goods_mercury,building_maintenance,mercury,0.3,0.9,0,,0,0.0,0.0,,0.0,
mining_village_hot_blast_furnace.yml,False,mining_village_hot_blast_furnace,CREATE,mining,laborers,7,rgo_building_category,pp_mining_village_hot_blast_furnace_base_goods_marble,building_maintenance,marble,0.3,1.5,0,,0,0.0,0.0,,0.0,
mining_village_hot_blast_furnace.yml,False,mining_village_hot_blast_furnace,CREATE,mining,laborers,7,rgo_building_category,pp_mining_village_hot_blast_furnace_coal,building_maintenance,coal,6.077,12.154,4,lumber=2.237 tools=2.368 beeswax=0.528 horses=0.512,14.2027,0.0,14.2027,0.0,1.1686,
mining_village_hot_blast_furnace.yml,False,mining_village_hot_blast_furnace,CREATE,mining,laborers,7,rgo_building_category,pp_mining_village_hot_blast_furnace_iron,building_maintenance,iron,4.051,14.1785,5,coal=3.157 lumber=1.159 tools=1.159 beeswax=0.308 horses=0.301,13.628,0.0,13.628,0.0,0.9612,
mining_village_hot_blast_furnace.yml,False,mining_village_hot_blast_furnace,CREATE,mining,laborers,7,rgo_building_category,pp_mining_village_hot_blast_furnace_copper,building_maintenance,copper,1.75,5.25,5,lumber=0.902 tools=0.744 beeswax=0.383 coal=0.132 horses=0.088,5.2905,0.0,5.2905,0.0,1.0077,
mining_village_hot_blast_furnace.yml,False,mining_village_hot_blast_furnace,CREATE,mining,laborers,7,rgo_building_category,pp_mining_village_hot_blast_furnace_goods_gold,building_maintenance,goods_gold,1.75,15.75,4,lumber=5.074 tools=2.706 coal=0.144 horses=0.096,18.25,0.0,18.25,0.0,1.1587,
mining_village_hot_blast_furnace.yml,False,mining_village_hot_blast_furnace,CREATE,mining,laborers,7,rgo_building_category,pp_mining_village_hot_blast_furnace_goods_silver,building_maintenance,silver,1.75,10.5,5,lumber=2.608 tools=2.165 beeswax=1.106 coal=0.144 horses=0.096,14.3882,0.0,14.3882,0.0,1.3703,
mining_village_hot_blast_furnace.yml,False,mining_village_hot_blast_furnace,CREATE,mining,laborers,7,rgo_building_category,pp_mining_village_hot_blast_furnace_goods_tin,building_maintenance,tin,1.75,3.5,5,lumber=0.574 tools=0.492 beeswax=0.205 coal=0.12 horses=0.08,3.4935,0.0,3.4935,0.0,0.9981,
mining_village_hot_blast_furnace.yml,False,mining_village_hot_blast_furnace,CREATE,mining,laborers,7,rgo_building_category,pp_mining_village_hot_blast_furnace_goods_lead,building_maintenance,lead,1.75,3.5,5,lumber=0.574 tools=0.492 beeswax=0.205 coal=0.12 horses=0.08,3.4935,0.0,3.4935,0.0,0.9981,
mining_village_hot_blast_furnace.yml,False,mining_village_hot_blast_furnace,CREATE,mining,laborers,7,rgo_building_category,pp_mining_village_hot_blast_furnace_goods_gems,building_maintenance,gems,1.75,7.0,4,lumber=1.942 tools=1.037 coal=0.138 horses=0.092,7.3207,0.0,7.3207,0.0,1.0458,
mining_village_hot_blast_furnace.yml,False,mining_village_hot_blast_furnace,CREATE,mining,laborers,7,rgo_building_category,pp_mining_village_hot_blast_furnace_goods_alum,building_maintenance,alum,1.75,5.25,4,lumber=0.902 tools=0.999 coal=0.132 horses=0.088,5.3533,0.0,5.3533,0.0,1.0197,
mining_village_hot_blast_furnace.yml,False,mining_village_hot_blast_furnace,CREATE,mining,laborers,7,rgo_building_category,pp_mining_village_hot_blast_furnace_goods_mercury,building_maintenance,mercury,1.75,5.25,5,lumber=0.902 tools=0.744 beeswax=0.383 coal=0.132 horses=0.088,5.2905,0.0,5.2905,0.0,1.0077,
mining_village_hot_blast_furnace.yml,False,mining_village_hot_blast_furnace,CREATE,mining,laborers,7,rgo_building_category,pp_mining_village_hot_blast_furnace_goods_marble,building_maintenance,marble,1.75,8.75,4,lumber=1.475 tools=1.209 horses=0.723 coal=0.142,8.9635,0.0,8.9635,0.0,1.0244,
mining_village_hot_blast_furnace.yml,False,mining_village_hot_blast_furnace,CREATE,mining,laborers,7,rgo_building_category,mining_village_hot_blast_furnace_no_stone,building_maintenance,,,,0,,0,0.0,0.0,,,
mining_village_hot_blast_furnace.yml,False,mining_village_hot_blast_furnace,CREATE,mining,laborers,7,rgo_building_category,mining_village_hot_blast_furnace_stone_horses,building_maintenance,stone,0.3,0.3,1,horses=0.07,0.21,0.0,0.21,0.0,0.7,
mining_village_hot_blast_furnace.yml,False,mining_village_hot_blast_furnace,CREATE,mining,laborers,7,rgo_building_category,mining_village_hot_blast_furnace_stone_livestock,building_maintenance,stone,0.3,0.3,1,livestock=0.14,0.21,0.0,0.21,0.0,0.7,
mining_village_slitting_mills.yml,False,mining_village_slitting_mills,CREATE,mining,laborers,5,rgo_building_category,pp_mining_village_slitting_mills_base_coal,building_maintenance,coal,0.3,0.6,0,,0,0.0,0.0,,0.0,
mining_village_slitting_mills.yml,False,mining_village_slitting_mills,CREATE,mining,laborers,5,rgo_building_category,pp_mining_village_slitting_mills_base_iron,building_maintenance,iron,0.3,1.05,0,,0,0.0,0.0,,0.0,
mining_village_slitting_mills.yml,False,mining_village_slitting_mills,CREATE,mining,laborers,5,rgo_building_category,pp_mining_village_slitting_mills_base_copper,building_maintenance,copper,0.3,0.9,0,,0,0.0,0.0,,0.0,
mining_village_slitting_mills.yml,False,mining_village_slitting_mills,CREATE,mining,laborers,5,rgo_building_category,pp_mining_village_slitting_mills_base_goods_gold,building_maintenance,goods_gold,0.3,2.7,0,,0,0.0,0.0,,0.0,
mining_village_slitting_mills.yml,False,mining_village_slitting_mills,CREATE,mining,laborers,5,rgo_building_category,pp_mining_village_slitting_mills_base_goods_silver,building_maintenance,silver,0.3,1.8,0,,0,0.0,0.0,,0.0,
mining_village_slitting_mills.yml,False,mining_village_slitting_mills,CREATE,mining,laborers,5,rgo_building_category,pp_mining_village_slitting_mills_base_goods_tin,building_maintenance,tin,0.3,0.6,0,,0,0.0,0.0,,0.0,
mining_village_slitting_mills.yml,False,mining_village_slitting_mills,CREATE,mining,laborers,5,rgo_building_category,pp_mining_village_slitting_mills_base_goods_lead,building_maintenance,lead,0.3,0.6,0,,0,0.0,0.0,,0.0,
mining_village_slitting_mills.yml,False,mining_village_slitting_mills,CREATE,mining,laborers,5,rgo_building_category,pp_mining_village_slitting_mills_base_goods_gems,building_maintenance,gems,0.3,1.2,0,,0,0.0,0.0,,0.0,
mining_village_slitting_mills.yml,False,mining_village_slitting_mills,CREATE,mining,laborers,5,rgo_building_category,pp_mining_village_slitting_mills_base_goods_alum,building_maintenance,alum,0.3,0.9,0,,0,0.0,0.0,,0.0,
mining_village_slitting_mills.yml,False,mining_village_slitting_mills,CREATE,mining,laborers,5,rgo_building_category,pp_mining_village_slitting_mills_base_goods_mercury,building_maintenance,mercury,0.3,0.9,0,,0,0.0,0.0,,0.0,
mining_village_slitting_mills.yml,False,mining_village_slitting_mills,CREATE,mining,laborers,5,rgo_building_category,pp_mining_village_slitting_mills_base_goods_marble,building_maintenance,marble,0.3,1.5,0,,0,0.0,0.0,,0.0,
mining_village_slitting_mills.yml,False,mining_village_slitting_mills,CREATE,mining,laborers,5,rgo_building_category,pp_mining_village_slitting_mills_coal,building_maintenance,coal,3.854,7.708,4,lumber=1.356 tools=1.441 beeswax=0.321 horses=0.242,8.4243,0.0,8.4243,0.0,1.0929,
mining_village_slitting_mills.yml,False,mining_village_slitting_mills,CREATE,mining,laborers,5,rgo_building_category,pp_mining_village_slitting_mills_iron,building_maintenance,iron,2.569,8.9915,5,coal=1.748 lumber=0.75 tools=0.75 beeswax=0.2 horses=0.151,8.099,0.0,8.099,0.0,0.9007,
mining_village_slitting_mills.yml,False,mining_village_slitting_mills,CREATE,mining,laborers,5,rgo_building_category,pp_mining_village_slitting_mills_copper,building_maintenance,copper,1.05,3.15,4,lumber=0.528 tools=0.436 beeswax=0.224 horses=0.04,2.909,0.0,2.909,0.0,0.9235,
mining_village_slitting_mills.yml,False,mining_village_slitting_mills,CREATE,mining,laborers,5,rgo_building_category,pp_mining_village_slitting_mills_goods_gold,building_maintenance,goods_gold,1.05,9.45,3,lumber=2.724 tools=1.452 horses=0.04,9.606,0.0,9.606,0.0,1.0165,
mining_village_slitting_mills.yml,False,mining_village_slitting_mills,CREATE,mining,laborers,5,rgo_building_category,pp_mining_village_slitting_mills_goods_silver,building_maintenance,silver,1.05,6.3,4,lumber=1.399 tools=1.162 beeswax=0.594 horses=0.04,7.5327,0.0,7.5327,0.0,1.1957,
mining_village_slitting_mills.yml,False,mining_village_slitting_mills,CREATE,mining,laborers,5,rgo_building_category,pp_mining_village_slitting_mills_goods_tin,building_maintenance,tin,1.05,2.1,4,lumber=0.37 tools=0.317 beeswax=0.132 horses=0.04,2.0617,0.0,2.0617,0.0,0.9818,
mining_village_slitting_mills.yml,False,mining_village_slitting_mills,CREATE,mining,laborers,5,rgo_building_category,pp_mining_village_slitting_mills_goods_lead,building_maintenance,lead,1.05,2.1,4,lumber=0.37 tools=0.317 beeswax=0.132 horses=0.04,2.0617,0.0,2.0617,0.0,0.9818,
mining_village_slitting_mills.yml,False,mining_village_slitting_mills,CREATE,mining,laborers,5,rgo_building_category,pp_mining_village_slitting_mills_goods_gems,building_maintenance,gems,1.05,4.2,3,lumber=1.087 tools=0.581 horses=0.04,3.9105,0.0,3.9105,0.0,0.9311,
mining_village_slitting_mills.yml,False,mining_village_slitting_mills,CREATE,mining,laborers,5,rgo_building_category,pp_mining_village_slitting_mills_goods_alum,building_maintenance,alum,1.05,3.15,3,lumber=0.528 tools=0.585 horses=0.04,2.9452,0.0,2.9452,0.0,0.935,
mining_village_slitting_mills.yml,False,mining_village_slitting_mills,CREATE,mining,laborers,5,rgo_building_category,pp_mining_village_slitting_mills_goods_mercury,building_maintenance,mercury,1.05,3.15,4,lumber=0.528 tools=0.436 beeswax=0.224 horses=0.04,2.909,0.0,2.909,0.0,0.9235,
mining_village_slitting_mills.yml,False,mining_village_slitting_mills,CREATE,mining,laborers,5,rgo_building_category,pp_mining_village_slitting_mills_goods_marble,building_maintenance,marble,1.05,5.25,3,lumber=0.805 tools=0.66 horses=0.383,4.7027,0.0,4.7027,0.0,0.8958,
mining_village_slitting_mills.yml,False,mining_village_slitting_mills,CREATE,mining,laborers,5,rgo_building_category,mining_village_slitting_mills_no_stone,building_maintenance,,,,0,,0,0.0,0.0,,,
mining_village_slitting_mills.yml,False,mining_village_slitting_mills,CREATE,mining,laborers,5,rgo_building_category,mining_village_slitting_mills_stone_horses,building_maintenance,stone,0.3,0.3,1,horses=0.07,0.21,0.0,0.21,0.0,0.7,
mining_village_slitting_mills.yml,False,mining_village_slitting_mills,CREATE,mining,laborers,5,rgo_building_category,mining_village_slitting_mills_stone_livestock,building_maintenance,stone,0.3,0.3,1,livestock=0.14,0.21,0.0,0.21,0.0,0.7,
model_farm.yml,True,model_farm,CREATE,farm_land,laborers,1,village_category,pp_model_farm_base_livestock,building_maintenance,livestock,0.1,0.15,0,,0,0.0,0.0,,0.0,
model_farm.yml,True,model_farm,CREATE,farm_land,laborers,1,village_category,pp_model_farm_base_millet,building_maintenance,millet,0.1,0.1,0,,0,0.0,0.0,,0.0,
model_farm.yml,True,model_farm,CREATE,farm_land,laborers,1,village_category,pp_model_farm_base_wheat,building_maintenance,wheat,0.1,0.1,0,,0,0.0,0.0,,0.0,
model_farm.yml,True,model_farm,CREATE,farm_land,laborers,1,village_category,pp_model_farm_base_maize,building_maintenance,maize,0.1,0.1,0,,0,0.0,0.0,,0.0,
model_farm.yml,True,model_farm,CREATE,farm_land,laborers,1,village_category,pp_model_farm_base_rice,building_maintenance,rice,0.1,0.1,0,,0,0.0,0.0,,0.0,
model_farm.yml,True,model_farm,CREATE,farm_land,laborers,1,village_category,pp_model_farm_base_legumes,building_maintenance,legumes,0.1,0.1,0,,0,0.0,0.0,,0.0,
model_farm.yml,True,model_farm,CREATE,farm_land,laborers,1,village_category,pp_model_farm_base_potato,building_maintenance,potato,0.1,0.1,0,,0,0.0,0.0,,0.0,
model_farm.yml,True,model_farm,CREATE,farm_land,laborers,1,village_category,pp_model_farm_base_olives,building_maintenance,olives,0.1,0.1,0,,0,0.0,0.0,,0.0,
model_farm.yml,True,model_farm,CREATE,farm_land,laborers,1,village_category,pp_model_farm_no_primary,building_maintenance,,,,0,,0,0.0,0.0,,,
model_farm.yml,True,model_farm,CREATE,farm_land,laborers,1,village_category,pp_model_farm_livestock,building_maintenance,livestock,1.4,2.1,4,tools=0.24 horses=0.22 legumes=0.38 paper=0.06,1.94,0.0,1.94,0.0,0.9238,
model_farm.yml,True,model_farm,CREATE,farm_land,laborers,1,village_category,pp_model_farm_millet,building_maintenance,millet,2.1,2.1,4,tools=0.25 horses=0.22 livestock=0.16 paper=0.15,2.0125,0.0,2.0125,0.0,0.9583,
model_farm.yml,True,model_farm,CREATE,farm_land,laborers,1,village_category,pp_model_farm_wheat,building_maintenance,wheat,2.12,2.12,4,tools=0.25 horses=0.22 legumes=0.3 paper=0.15,2.0725,0.0,2.0725,0.0,0.9776,
model_farm.yml,True,model_farm,CREATE,farm_land,laborers,1,village_category,pp_model_farm_maize,building_maintenance,maize,2.1,2.1,4,tools=0.24 livestock=0.32 lumber=0.2 paper=0.15,1.91,0.0,1.91,0.0,0.9095,
model_farm.yml,True,model_farm,CREATE,farm_land,laborers,1,village_category,pp_model_farm_rice,building_maintenance,rice,2.13,2.13,4,tools=0.24 livestock=0.3 lumber=0.18 clay=0.7,1.895,0.0,1.895,0.0,0.8897,
model_farm.yml,True,model_farm,CREATE,farm_land,laborers,1,village_category,pp_model_farm_legumes,building_maintenance,legumes,2.08,2.08,4,tools=0.23 horses=0.21 livestock=0.12 paper=0.25,2.0575,0.0,2.0575,0.0,0.9892,
model_farm.yml,True,model_farm,CREATE,farm_land,laborers,1,village_category,pp_model_farm_potato,building_maintenance,potato,2.14,2.14,4,tools=0.24 livestock=0.31 clay=0.4 paper=0.3,2.045,0.0,2.045,0.0,0.9556,
model_farm.yml,True,model_farm,CREATE,farm_land,laborers,1,village_category,pp_model_farm_olives,building_maintenance,olives,2.09,2.09,4,tools=0.23 livestock=0.28 lumber=0.2 pottery=0.3,1.8175,0.0,1.8175,0.0,0.8696,
model_farm.yml,True,model_farm,CREATE,farm_land,laborers,1,village_category,pp_model_farm_no_worker_victuals,building_maintenance,,,,0,,0,0.0,0.0,,,
model_farm.yml,True,model_farm,CREATE,farm_land,laborers,1,village_category,pp_model_farm_worker_victuals,building_maintenance,victuals,0.067,0.201,0,,0,0.0,0.0,,0.0,
naval_base.yml,True,naval_base,REPLACE,maritime,soldiers,naval_base_employment,naval_category,pp_naval_base_maintenance,building_maintenance,,,,5,tar=3 naval_supplies=1.5 tools=3 lumber=3 victuals=5,40.5,0.0,40.5,0.0,,
naval_supplies_guild.yml,True,naval_supplies_guild,REPLACE,urban_workshop,burghers,0.3,weapons_industry_category,pp_naval_supplies_guild_naval_supplies_guild_maintenance,guild_input,naval_supplies,1.0,3.0,4,lumber=0.225 fiber_crops=0.564 tar=0.619 cloth=0.056,2.9278,0.0,2.9278,0.0,0.9759,
naval_supplies_manufactory.yml,True,naval_supplies_manufactory,REPLACE,manufactory,burghers,0.3,weapons_industry_category,pp_naval_supplies_manufactory_naval_supplies_manufactory_maintenance,manufactory_input,naval_supplies,2.0,6.0,4,lumber=1.038 fiber_crops=0.779 tar=0.779 cloth=0.259,5.7095,0.0,5.7095,0.0,0.9516,
naval_supplies_mill.yml,True,naval_supplies_mill,REPLACE,mill_works,laborers,1.0,weapons_industry_category,pp_naval_supplies_mill_naval_supplies_mill_maintenance,mills_input,naval_supplies,4.0,12.0,4,lumber=2.285 fiber_crops=1.713 tar=1.713 cloth=0.286,11.7088,0.0,11.7088,0.0,0.9757,
naval_supplies_workshop.yml,True,naval_supplies_workshop,REPLACE,urban_workshop,burghers,0.3,weapons_industry_category,pp_naval_supplies_workshop_naval_supplies_workshop_maintenance,workshop_input,naval_supplies,1.1,3.3,4,lumber=0.187 fiber_crops=0.496 tar=0.683 cloth=0.124,3.0573,0.0,3.0573,0.0,0.9264,
net_curing_yard.yml,True,net_curing_yard,CREATE,rural_village,peasants,1,village_category,pp_net_curing_yard_base_fish,building_maintenance,fish,0.07,0.07,0,,0,0.0,0.0,,0.0,
net_curing_yard.yml,True,net_curing_yard,CREATE,rural_village,peasants,1,village_category,pp_net_curing_yard_no_primary,building_maintenance,,,,0,,0,0.0,0.0,,,
net_curing_yard.yml,True,net_curing_yard,CREATE,rural_village,peasants,1,village_category,pp_net_curing_yard_preserved_catch,building_maintenance,fish,0.43,0.43,5,salt=0.045 fiber_crops=0.055 pottery=0.028 lumber=0.032 tools=0.01,0.4515,0.0,0.4515,0.0,1.05,
net_curing_yard.yml,True,net_curing_yard,CREATE,rural_village,peasants,1,village_category,pp_arctic_net_curing_yard_preserved_catch,building_maintenance,fish,0.17,0.17,4,salt=0.008 fiber_crops=0.018 ivory=0.011 pottery=0.006,0.126,0.0,0.126,0.0,0.7412,
net_curing_yard.yml,True,net_curing_yard,CREATE,rural_village,peasants,1,village_category,pp_net_curing_yard_strand_line,building_maintenance,,,,0,,0,0.0,0.0,,,
net_curing_yard.yml,True,net_curing_yard,CREATE,rural_village,peasants,1,village_category,pp_net_curing_yard_clinker_craft,building_maintenance,fish,0.065,0.065,2,lumber=0.028 fiber_crops=0.01,0.069,0.0,0.069,0.0,1.0615,
net_curing_yard.yml,True,net_curing_yard,CREATE,rural_village,peasants,1,village_category,pp_net_curing_yard_no_freshwater_works,building_maintenance,,,,0,,0,0.0,0.0,,,
net_curing_yard.yml,True,net_curing_yard,CREATE,rural_village,peasants,1,village_category,pp_net_curing_yard_wattle_weirs,building_maintenance,fish,0.075,0.075,2,lumber=0.02 fiber_crops=0.018,0.071,0.0,0.071,0.0,0.9467,
net_curing_yard.yml,True,net_curing_yard,CREATE,rural_village,peasants,1,village_category,pp_net_curing_yard_stew_ponds,building_maintenance,fish,0.055,0.055,3,clay=0.026 lumber=0.016 pottery=0.01,0.051,0.0,0.051,0.0,0.9273,
net_curing_yard.yml,True,net_curing_yard,CREATE,rural_village,peasants,1,village_category,pp_net_curing_yard_no_worker_victuals,building_maintenance,,,,0,,0,0.0,0.0,,,
net_curing_yard.yml,True,net_curing_yard,CREATE,rural_village,peasants,1,village_category,pp_net_curing_yard_worker_victuals,building_maintenance,victuals,0.033,0.099,0,,0,0.0,0.0,,0.0,
nursery_orchard.yml,True,nursery_orchard,CREATE,farm_land,peasants,1,rgo_building_category,pp_nursery_orchard_base_fruit,building_maintenance,fruit,0.085,0.085,0,,0,0.0,0.0,,0.0,
nursery_orchard.yml,True,nursery_orchard,CREATE,farm_land,peasants,1,rgo_building_category,pp_nursery_orchard_no_primary,building_maintenance,,,,0,,0,0.0,0.0,,,
nursery_orchard.yml,True,nursery_orchard,CREATE,farm_land,peasants,1,rgo_building_category,pp_nursery_orchard_nursery_rows,building_maintenance,fruit,0.55,0.55,5,fiber_crops=0.095 pottery=0.05 beeswax=0.018 tools=0.03 furniture=0.022,0.4395,0.0,0.4395,0.0,0.7991,
nursery_orchard.yml,True,nursery_orchard,CREATE,farm_land,peasants,1,rgo_building_category,pp_nursery_orchard_no_worker_victuals,building_maintenance,,,,0,,0,0.0,0.0,,,
nursery_orchard.yml,True,nursery_orchard,CREATE,farm_land,peasants,1,rgo_building_category,pp_nursery_orchard_worker_victuals,building_maintenance,victuals,0.033,0.099,0,,0,0.0,0.0,,0.0,
ocean_fishery.yml,True,ocean_fishery,CREATE,fishery,laborers,1,rgo_building_category,pp_ocean_fishery_base_catch,building_maintenance,fish,0.09,0.09,0,,0,0.0,0.0,,0.0,
ocean_fishery.yml,True,ocean_fishery,CREATE,fishery,laborers,1,rgo_building_category,pp_ocean_fishery_no_coastal_gear,building_maintenance,,,,0,,0,0.0,0.0,,,
ocean_fishery.yml,True,ocean_fishery,CREATE,fishery,laborers,1,rgo_building_category,pp_ocean_fishery_coastal_boats,building_maintenance,fish,0.834,0.834,2,lumber=0.445 salt=0.03,0.9288,0.0,0.9288,0.0,1.1136,
ocean_fishery.yml,True,ocean_fishery,CREATE,fishery,laborers,1,rgo_building_category,pp_ocean_fishery_no_worker_victuals,building_maintenance,,,,0,,0,0.0,0.0,,,
ocean_fishery.yml,True,ocean_fishery,CREATE,fishery,laborers,1,rgo_building_category,pp_ocean_fishery_worker_victuals,building_maintenance,victuals,0.067,0.201,0,,0,0.0,0.0,,0.0,
offshore_fishery.yml,True,offshore_fishery,CREATE,fishery,laborers,1,rgo_building_category,pp_offshore_fishery_base_catch,building_maintenance,fish,0.09,0.09,0,,0,0.0,0.0,,0.0,
offshore_fishery.yml,True,offshore_fishery,CREATE,fishery,laborers,1,rgo_building_category,pp_offshore_fishery_no_offshore_fleet,building_maintenance,,,,0,,0,0.0,0.0,,,
offshore_fishery.yml,True,offshore_fishery,CREATE,fishery,laborers,1,rgo_building_category,pp_offshore_fishery_herring_busses,building_maintenance,fish,1.185,1.185,4,lumber=0.315 fiber_crops=0.194 cloth=0.015 salt=0.042,1.1943,0.0,1.1943,0.0,1.0078,
offshore_fishery.yml,True,offshore_fishery,CREATE,fishery,laborers,1,rgo_building_category,pp_offshore_fishery_distant_water_schooners,building_maintenance,fish,1.55,1.55,4,naval_supplies=0.27 victuals=0.15 salt=0.05 tools=0.02,1.575,0.0,1.575,0.0,1.0161,
offshore_fishery.yml,True,offshore_fishery,CREATE,fishery,laborers,1,rgo_building_category,pp_offshore_fishery_steam_trawlers,building_maintenance,fish,1.8,1.8,3,naval_supplies=0.225 coal=0.21 tools=0.155,1.5988,0.0,1.5988,0.0,0.8882,
offshore_fishery.yml,True,offshore_fishery,CREATE,fishery,laborers,1,rgo_building_category,pp_offshore_fishery_no_worker_victuals,building_maintenance,,,,0,,0,0.0,0.0,,,
offshore_fishery.yml,True,offshore_fishery,CREATE,fishery,laborers,1,rgo_building_category,pp_offshore_fishery_worker_victuals,building_maintenance,victuals,0.067,0.201,0,,0,0.0,0.0,,0.0,
paper_guild.yml,True,paper_guild,REPLACE,urban_workshop,burghers,0.3,basic_industry_category,pp_paper_guild_paper_guild_leather_maintenance,guild_input,paper,0.5,1.0,2,leather=0.195 lumber=0.195,0.9263,0.0,0.9263,0.0,0.9263,
paper_guild.yml,True,paper_guild,REPLACE,urban_workshop,burghers,0.3,basic_industry_category,pp_paper_guild_paper_guild_fiber_pulp_maintenance,guild_input,paper,1.0,2.0,2,fiber_crops=0.746 lumber=0.249,1.9278,0.0,1.9278,0.0,0.9639,
paper_guild.yml,True,paper_guild,REPLACE,urban_workshop,burghers,0.3,basic_industry_category,pp_paper_guild_paper_guild_cloth_maintenance,guild_input,paper,1.0,2.0,2,cloth=0.576 lumber=0.115,1.9292,0.0,1.9292,0.0,0.9646,
paper_manufactory.yml,True,paper_manufactory,REPLACE,manufactory,burghers,0.3,basic_industry_category,pp_paper_manufactory_paper_manufactory_maintenance,manufactory_input,paper,2.0,4.0,3,cloth=0.291 fiber_crops=1.163 lumber=0.291,3.7083,0.0,3.7083,0.0,0.9271,
paper_mill.yml,True,paper_mill,REPLACE,mill_works,laborers,1.0,basic_industry_category,pp_paper_mill_paper_mill_maintenance,mills_input,paper,2.0,4.0,2,cloth=0.161 fiber_crops=1.612,3.707,0.0,3.707,0.0,0.9268,
paper_mill.yml,True,paper_mill,REPLACE,mill_works,laborers,1.0,basic_industry_category,pp_paper_mill_paper_wood_pulp_maintenance,mills_input,paper,4.5,9.0,1,lumber=4.976,8.708,0.0,8.708,0.0,0.9676,
paper_workshop.yml,True,paper_workshop,REPLACE,urban_workshop,burghers,0.3,basic_industry_category,pp_paper_workshop_paper_workshop_fiber_pulp_maintenance,workshop_input,paper,1.0,2.0,1,fiber_crops=0.879,1.758,0.0,1.758,0.0,0.879,
paper_workshop.yml,True,paper_workshop,REPLACE,urban_workshop,burghers,0.3,basic_industry_category,pp_paper_workshop_paper_workshop_cloth_maintenance,workshop_input,paper,1.1,2.2,2,cloth=0.578 lumber=0.129,1.9598,0.0,1.9598,0.0,0.8908,
pearl_fishery.yml,True,pearl_fishery,CREATE,fishery,laborers,1,rgo_building_category,pp_pearl_fishery_base_pearls,building_maintenance,pearls,0.1,0.4,0,,0,0.0,0.0,,0.0,
pearl_fishery.yml,True,pearl_fishery,CREATE,fishery,laborers,1,rgo_building_category,pp_pearl_fishery_no_diving,building_maintenance,,,,0,,0,0.0,0.0,,,
pearl_fishery.yml,True,pearl_fishery,CREATE,fishery,laborers,1,rgo_building_category,pp_pearl_fishery_dhow_diving_crews,building_maintenance,pearls,0.078,0.312,2,naval_supplies=0.03 victuals=0.06,0.27,0.0,0.27,0.0,0.8654,
pepper_garden.yml,True,pepper_garden,CREATE,farm_land,laborers,1,rgo_building_category,pp_pepper_garden_base_pepper,building_maintenance,pepper,0.034,0.17,0,,0,0.0,0.0,,0.0,
pepper_garden.yml,True,pepper_garden,CREATE,farm_land,laborers,1,rgo_building_category,pp_pepper_garden_no_garbling,building_maintenance,,,,0,,0,0.0,0.0,,,
pepper_garden.yml,True,pepper_garden,CREATE,farm_land,laborers,1,rgo_building_category,pp_pepper_garden_blanched_garbling_yards,building_maintenance,pepper,0.076,0.38,2,pottery=0.156 coal=0.078,0.312,0.0,0.312,0.0,0.8211,
perfumery.yml,True,perfumery,REPLACE,urban_workshop,burghers,0.2,consumer_goods_category,pp_perfumery_blended_incense,guild_input,incense,1.0,2.5,2,liquor=0.2 pepper=0.25,1.75,0.0,1.75,0.0,0.7,
pomological_orchard.yml,True,pomological_orchard,CREATE,farm_land,laborers,1,rgo_building_category,pp_pomological_orchard_base_fruit,building_maintenance,fruit,0.1,0.1,0,,0,0.0,0.0,,0.0,
pomological_orchard.yml,True,pomological_orchard,CREATE,farm_land,laborers,1,rgo_building_category,pp_pomological_orchard_no_primary,building_maintenance,,,,0,,0,0.0,0.0,,,
pomological_orchard.yml,True,pomological_orchard,CREATE,farm_land,laborers,1,rgo_building_category,pp_pomological_orchard_grafted_rows,building_maintenance,fruit,2.1,2.1,3,tools=0.38 lumber=0.35 paper=0.16,2.1675,0.0,2.1675,0.0,1.0321,
pomological_orchard.yml,True,pomological_orchard,CREATE,farm_land,laborers,1,rgo_building_category,pp_pomological_orchard_no_worker_victuals,building_maintenance,,,,0,,0,0.0,0.0,,,
pomological_orchard.yml,True,pomological_orchard,CREATE,farm_land,laborers,1,rgo_building_category,pp_pomological_orchard_worker_victuals,building_maintenance,victuals,0.067,0.201,0,,0,0.0,0.0,,0.0,
porcelain_guild.yml,True,porcelain_guild,REPLACE,urban_workshop,burghers,0.3,consumer_goods_category,pp_porcelain_guild_porcelain_guild_maintenance,guild_input,porcelain,1.0,3.0,3,clay=3.05 coal=0.61 tools=0.061,2.9432,0.0,2.9432,0.0,0.9811,
porcelain_manufactory.yml,True,porcelain_manufactory,REPLACE,manufactory,burghers,0.3,consumer_goods_category,pp_porcelain_manufactory_porcelain_manufactory_maintenance,manufactory_input,porcelain,2.0,6.0,3,clay=6.088 coal=0.761 tools=0.381,5.8042,0.0,5.8042,0.0,0.9674,
pottery_guild.yml,True,pottery_guild,REPLACE,urban_workshop,burghers,0.3,basic_industry_category,pp_pottery_guild_pottery_maintenance,guild_input,pottery,1.0,1.0,3,clay=1.079 lumber=0.129 tools=0.054,0.9407,0.0,0.9407,0.0,0.9407,
pottery_manufactory.yml,True,pottery_manufactory,REPLACE,manufactory,burghers,0.3,basic_industry_category,pp_pottery_manufactory_pottery_manufactory_maintenance,manufactory_input,pottery,1.5,1.5,3,clay=1.136 lumber=0.17 tools=0.114,1.236,0.0,1.236,0.0,0.824,
pottery_mill.yml,True,pottery_mill,REPLACE,mill_works,laborers,1.0,consumer_goods_category,pp_pottery_mill_pottery_mill_maintenance,mills_input,pottery,3.25,3.25,3,clay=3.753 lumber=0.333 tools=0.166,2.9988,0.0,2.9988,0.0,0.9227,
pottery_workshop.yml,True,pottery_workshop,REPLACE,urban_workshop,burghers,0.3,basic_industry_category,pp_pottery_workshop_pottery_w_maintenance,workshop_input,pottery,1.1,1.1,3,clay=1.099 lumber=0.11 tools=0.055,0.9207,0.0,0.9207,0.0,0.837,
pounamou_carver.yml,True,pounamou_carver,REPLACE,urban_workshop,burghers,0.3,consumer_goods_category,pp_pounamou_carver_pounamou_carver_maintenance,guild_input,jewelry,0.2,1.0,1,gems=0.232,0.928,0.0,0.928,0.0,0.928,
printing_manufactory.yml,True,printing_manufactory,REPLACE,manufactory,burghers,0.3,consumer_goods_category,pp_printing_manufactory_printing_manufactory_maintenance,manufactory_input,books,2.0,6.0,4,lead=0.387 paper=1.937 tools=0.052 lumber=0.516,5.72,0.0,5.72,0.0,0.9533,
printing_mill.yml,True,printing_mill,REPLACE,mill_works,laborers,1.0,consumer_goods_category,pp_printing_mill_printing_mill_maintenance,mills_input,books,4.0,12.0,4,lead=0.727 paper=4.001 tools=0.072 lumber=1.163,11.7253,0.0,11.7253,0.0,0.9771,
printing_press_shop.yml,True,printing_press_shop,REPLACE,urban_workshop,burghers,0.3,consumer_goods_category,pp_printing_press_shop_printing_press_maintenance,workshop_input,books,1.0,3.0,4,lead=0.239 paper=0.835 tools=0.03 lumber=0.298,2.767,0.0,2.767,0.0,0.9223,
putrefaction_mill.yml,True,putrefaction_mill,REPLACE,mill_works,laborers,0.5,basic_industry_category,pp_putrefaction_mill_demands,mills_input,saltpeter,4.0,8.0,2,pottery=1.1 livestock=2,4.1,0.0,4.1,0.0,0.5125,
putrefaction_works.yml,True,putrefaction_works,REPLACE,manufactory,burghers,0.2,basic_industry_category,pp_putrefaction_works_demands,manufactory_input,saltpeter,2.0,4.0,2,pottery=0.6 livestock=1.2,2.4,0.0,2.4,0.0,0.6,
quicksilver_retort.yml,True,quicksilver_retort,CREATE,rural_processing,laborers,1,rgo_building_category,pp_quicksilver_retort_base_mercury,building_maintenance,mercury,0.09,0.27,0,,0,0.0,0.0,,0.0,
quicksilver_retort.yml,True,quicksilver_retort,CREATE,rural_processing,laborers,1,rgo_building_category,pp_quicksilver_retort_no_primary,building_maintenance,,,,0,,0,0.0,0.0,,,
quicksilver_retort.yml,True,quicksilver_retort,CREATE,rural_processing,laborers,1,rgo_building_category,pp_quicksilver_retort_mercury,building_maintenance,mercury,0.61,1.83,3,lumber=0.29 tools=0.29 beeswax=0.104,1.658,0.0,1.658,0.0,0.906,
quicksilver_retort.yml,True,quicksilver_retort,CREATE,rural_processing,laborers,1,rgo_building_category,pp_quicksilver_retort_no_secondary,building_maintenance,,,,0,,0,0.0,0.0,,,
quicksilver_retort.yml,True,quicksilver_retort,CREATE,rural_processing,laborers,1,rgo_building_category,pp_quicksilver_retort_stone,building_maintenance,stone,0.14,0.14,2,lumber=0.03 tools=0.02,0.1175,0.0,0.1175,0.0,0.8393,
quicksilver_retort.yml,True,quicksilver_retort,CREATE,rural_processing,laborers,1,rgo_building_category,pp_quicksilver_retort_dyes,building_maintenance,dyes,0.027,0.108,2,lumber=0.03 tools=0.02,0.1175,0.0,0.1175,0.0,1.088,
regimental_camp.yml,True,regimental_camp,REPLACE,military_grounds,soldiers,manpower_employment,military_category,pp_regimental_camp_maintenance,building_maintenance,,,,6,firearms=1 leather=1 cloth=0.2 paper=0.4 weaponry=1 victuals=0.5,11.9,0.0,11.9,0.0,,
regulated_sericulture_farm.yml,True,regulated_sericulture_farm,CREATE,farm_land,laborers,1,rgo_building_category,pp_regulated_sericulture_farm_base_silk,building_maintenance,silk,0.052,0.208,0,,0,0.0,0.0,,0.0,
regulated_sericulture_farm.yml,True,regulated_sericulture_farm,CREATE,farm_land,laborers,1,rgo_building_category,pp_regulated_sericulture_farm_household_reeling,building_maintenance,,,,0,,0,0.0,0.0,,,
regulated_sericulture_farm.yml,True,regulated_sericulture_farm,CREATE,farm_land,laborers,1,rgo_building_category,pp_regulated_sericulture_farm_reeling_house,building_maintenance,silk,0.087,0.348,3,furniture=0.07 fiber_crops=0.045 pottery=0.035,0.335,0.0,0.335,0.0,0.9626,
regulated_sericulture_farm.yml,True,regulated_sericulture_farm,CREATE,farm_land,laborers,1,rgo_building_category,pp_regulated_sericulture_farm_loose_skeins,building_maintenance,,,,0,,0,0.0,0.0,,,
regulated_sericulture_farm.yml,True,regulated_sericulture_farm,CREATE,farm_land,laborers,1,rgo_building_category,pp_regulated_sericulture_farm_heated_filature,building_maintenance,silk,0.06,0.24,3,furniture=0.035 pottery=0.04 coal=0.02,0.185,0.0,0.185,0.0,0.7708,
rural_clothmaker.yml,True,rural_clothmaker,REPLACE,mill_works,laborers,1.0,consumer_goods_category,pp_rural_clothmaker_rural_wool_clothmaker,guild_input,cloth,0.5,1.5,1,wool=0.571,1.4275,0.0,1.4275,0.0,0.9517,
rural_clothmaker.yml,True,rural_clothmaker,REPLACE,mill_works,laborers,1.0,consumer_goods_category,pp_rural_clothmaker_rural_cotton_clothmaker,guild_input,cloth,0.5,1.5,1,cotton=0.476,1.428,0.0,1.428,0.0,0.952,
rural_clothmaker.yml,True,rural_clothmaker,REPLACE,mill_works,laborers,1.0,consumer_goods_category,pp_rural_clothmaker_rural_fiber_clothmaker,guild_input,cloth,0.4,1.2,1,fiber_crops=0.564,1.128,0.0,1.128,0.0,0.94,
rural_glassmaker.yml,True,rural_glassmaker,REPLACE,mill_works,laborers,1.0,basic_industry_category,pp_rural_glassmaker_rural_glassmaker_maintenance,guild_input,glass,0.2,0.6,1,sand=1.056,0.528,0.0,0.528,0.0,0.88,
saffron_croft.yml,True,saffron_croft,CREATE,farm_land,laborers,1,rgo_building_category,pp_saffron_croft_base_saffron,building_maintenance,saffron,0.023,0.115,0,,0,0.0,0.0,,0.0,
saffron_croft.yml,True,saffron_croft,CREATE,farm_land,laborers,1,rgo_building_category,pp_saffron_croft_no_drying,building_maintenance,,,,0,,0,0.0,0.0,,,
saffron_croft.yml,True,saffron_croft,CREATE,farm_land,laborers,1,rgo_building_category,pp_saffron_croft_toasting_braziers,building_maintenance,saffron,0.051,0.255,2,pottery=0.105 coal=0.053,0.211,0.0,0.211,0.0,0.8275,
saffron_kiln_croft.yml,True,saffron_kiln_croft,CREATE,farm_land,laborers,1,rgo_building_category,pp_saffron_kiln_croft_base_saffron,building_maintenance,saffron,0.055,0.275,0,,0,0.0,0.0,,0.0,
saffron_kiln_croft.yml,True,saffron_kiln_croft,CREATE,farm_land,laborers,1,rgo_building_category,pp_saffron_kiln_croft_unmanured_beds,building_maintenance,,,,0,,0,0.0,0.0,,,
saffron_kiln_croft.yml,True,saffron_kiln_croft,CREATE,farm_land,laborers,1,rgo_building_category,pp_saffron_kiln_croft_livestock_manure,building_maintenance,saffron,0.05,0.25,1,livestock=0.045,0.0675,0.0,0.0675,0.0,0.27,
saffron_kiln_croft.yml,True,saffron_kiln_croft,CREATE,farm_land,laborers,1,rgo_building_category,pp_saffron_kiln_croft_sun_drying,building_maintenance,,,,0,,0,0.0,0.0,,,
saffron_kiln_croft.yml,True,saffron_kiln_croft,CREATE,farm_land,laborers,1,rgo_building_category,pp_saffron_kiln_croft_pottery_kilns,building_maintenance,saffron,0.095,0.475,2,pottery=0.08 coal=0.035,0.15,0.0,0.15,0.0,0.3158,
salt_mine.yml,True,salt_mine,CREATE,mining,laborers,1,rgo_building_category,pp_salt_mine_base_salt,building_maintenance,salt,0.09,0.45,0,,0,0.0,0.0,,0.0,
salt_mine.yml,True,salt_mine,CREATE,mining,laborers,1,rgo_building_category,pp_salt_mine_no_primary,building_maintenance,,,,0,,0,0.0,0.0,,,
salt_mine.yml,True,salt_mine,CREATE,mining,laborers,1,rgo_building_category,pp_salt_mine_hand_cut_galleries,building_maintenance,salt,0.28,1.4,3,lumber=0.325 tools=0.203 beeswax=0.102,1.4325,0.0,1.4325,0.0,1.0232,
salt_mine_improved.yml,True,salt_mine_improved,CREATE,mining,laborers,1,rgo_building_category,pp_salt_mine_improved_base_salt,building_maintenance,salt,0.07,0.35,0,,0,0.0,0.0,,0.0,
salt_mine_improved.yml,True,salt_mine_improved,CREATE,mining,laborers,1,rgo_building_category,pp_salt_mine_improved_no_primary,building_maintenance,,,,0,,0,0.0,0.0,,,
salt_mine_improved.yml,True,salt_mine_improved,CREATE,mining,laborers,1,rgo_building_category,pp_salt_mine_improved_timbered_haulage,building_maintenance,salt,0.366,1.83,5,lumber=0.424 tools=0.212 horses=0.106 leather=0.076 beeswax=0.061,2.099,0.0,2.099,0.0,1.147,
saltpeter_beds.yml,True,saltpeter_beds,CREATE,extractive_open,laborers,1,rgo_building_category,pp_saltpeter_beds_base_saltpeter,building_maintenance,saltpeter,0.1,0.2,0,,0,0.0,0.0,,0.0,
saltpeter_beds.yml,True,saltpeter_beds,CREATE,extractive_open,laborers,1,rgo_building_category,pp_saltpeter_beds_natural_crusts,building_maintenance,,,,0,,0,0.0,0.0,,,
saltpeter_beds.yml,True,saltpeter_beds,CREATE,extractive_open,laborers,1,rgo_building_category,pp_saltpeter_beds_leaching_vats,building_maintenance,saltpeter,0.222,0.444,3,livestock=0.167 pottery=0.083 fiber_crops=0.025,0.3835,0.0,0.3835,0.0,0.8637,
saltpeter_guild.yml,True,saltpeter_guild,REPLACE,urban_workshop,burghers,0.1,basic_industry_category,pp_saltpeter_guild_demands,guild_input,saltpeter,1.0,2.0,2,pottery=0.2 livestock=1,1.7,0.0,1.7,0.0,0.85,
saltpeter_workshop.yml,True,saltpeter_workshop,REPLACE,urban_workshop,burghers,0.1,basic_industry_category,pp_saltpeter_workshop_demands,workshop_input,saltpeter,1.1,2.2,2,pottery=0.15 livestock=0.9,1.5,0.0,1.5,0.0,0.6818,
sand_pit.yml,True,sand_pit,REPLACE,extractive_open,laborers,1,rgo_building_category,pp_sand_pit_base_sand,building_maintenance,sand,0.105,0.0525,0,,0,0.0,0.0,,0.0,
sand_pit.yml,True,sand_pit,REPLACE,extractive_open,laborers,1,rgo_building_category,pp_sand_pit_surface_gathering,building_maintenance,,,,0,,0,0.0,0.0,,,
sand_pit.yml,True,sand_pit,REPLACE,extractive_open,laborers,1,rgo_building_category,pp_sand_pit_screened_pits,building_maintenance,sand,0.233,0.1165,2,lumber=0.04 tools=0.013,0.1123,0.0,0.1123,0.0,0.9635,
sand_washery.yml,True,sand_washery,CREATE,rural_processing,laborers,1,rgo_building_category,pp_sand_washery_base_sand,building_maintenance,sand,0.11,0.055,0,,0,0.0,0.0,,0.0,
sand_washery.yml,True,sand_washery,CREATE,rural_processing,laborers,1,rgo_building_category,pp_sand_washery_no_screening,building_maintenance,,,,0,,0,0.0,0.0,,,
sand_washery.yml,True,sand_washery,CREATE,rural_processing,laborers,1,rgo_building_category,pp_sand_washery_riddle_screens,building_maintenance,sand,0.29,0.145,2,lumber=0.05 tools=0.02,0.1525,0.0,0.1525,0.0,1.0517,
sand_washery.yml,True,sand_washery,CREATE,rural_processing,laborers,1,rgo_building_category,pp_sand_washery_no_washing,building_maintenance,,,,0,,0,0.0,0.0,,,
sand_washery.yml,True,sand_washery,CREATE,rural_processing,laborers,1,rgo_building_category,pp_sand_washery_glass_sand_washing,building_maintenance,sand,0.31,0.155,2,lumber=0.04 tools=0.03,0.1675,0.0,0.1675,0.0,1.0806,
schwaz_mine.yml,True,schwaz_mine,REPLACE,mining,laborers,1.0,rgo_building_category,pp_schwaz_mine_schwaz_mine_maintenance,building_maintenance,silver,1.0,6.0,5,tools=0.452 leather=0.544 lumber=0.905 stone=0.905 liquor=0.181,6.0423,0.0,6.0423,0.0,1.007,
scriptorium.yml,True,scriptorium,REPLACE,urban_workshop,clergy,0.3,consumer_goods_category,pp_scriptorium_scriptorium_maintenance,guild_input,books,0.3,0.9,3,dyes=0.054 paper=0.213 lumber=0.107,0.8293,0.0,0.8293,0.0,0.9214,
sericulture_farm.yml,True,sericulture_farm,CREATE,farm_land,laborers,1,rgo_building_category,pp_sericulture_farm_base_silk,building_maintenance,silk,0.04,0.16,0,,0,0.0,0.0,,0.0,
sericulture_farm.yml,True,sericulture_farm,CREATE,farm_land,laborers,1,rgo_building_category,pp_sericulture_farm_no_reeling,building_maintenance,,,,0,,0,0.0,0.0,,,
sericulture_farm.yml,True,sericulture_farm,CREATE,farm_land,laborers,1,rgo_building_category,pp_sericulture_farm_cocoon_reeling,building_maintenance,silk,0.089,0.356,2,lumber=0.119 tools=0.04,0.3382,0.0,0.3382,0.0,0.9501,
sheep_farms.yml,True,sheep_farms,REPLACE,farm_land,peasants,1,rgo_building_category,pp_sheep_farm_base_wool,building_maintenance,wool,0.06,0.15,0,,0,0.0,0.0,,0.0,
sheep_farms.yml,True,sheep_farms,REPLACE,farm_land,peasants,1,rgo_building_category,pp_sheep_farm_no_primary,building_maintenance,,,,0,,0,0.0,0.0,,,
sheep_farms.yml,True,sheep_farms,REPLACE,farm_land,peasants,1,rgo_building_category,pp_sheep_farm_maintenance,building_maintenance,wool,0.06,0.15,2,lumber=0.05 tools=0.01,0.12,0.0,0.12,0.0,0.8,
shipyard.yml,True,shipyard,REPLACE,maritime,soldiers,shipyard_employment,naval_category,pp_shipyard_maintenance,building_maintenance,,,,5,tar=0.8 naval_supplies=0.4 tools=0.8 lumber=0.8 victuals=1.6,11.6,0.0,11.6,0.0,,
shoen.yml,True,shoen,REPLACE,estate_land,peasants,1.0,rgo_building_category,pp_shoen_shoen_quarries_maintenance,building_maintenance,stone,0.5,0.5,1,tools=0.143,0.4647,0.0,0.4647,0.0,0.9295,
shoen.yml,True,shoen,REPLACE,estate_land,peasants,1.0,rgo_building_category,pp_shoen_shoen_lumbermills_maintenance,building_maintenance,lumber,0.6,1.05,2,tools=0.19 fiber_crops=0.203,1.0235,0.0,1.0235,0.0,0.9748,
shoen.yml,True,shoen,REPLACE,estate_land,peasants,1.0,rgo_building_category,pp_shoen_shoen_fiber_crops_farm_maintenance,building_maintenance,fiber_crops,0.5,1.0,2,lumber=0.27 tools=0.152,0.9665,0.0,0.9665,0.0,0.9665,
shoen.yml,True,shoen,REPLACE,estate_land,peasants,1.0,rgo_building_category,pp_shoen_shoen_ironsand_maintenance,building_maintenance,iron,0.3,1.05,2,sand=0.697 tools=0.21,1.031,0.0,1.031,0.0,0.9819,
shoen.yml,True,shoen,REPLACE,estate_land,peasants,1.0,rgo_building_category,pp_shoen_shoen_masonry_maintenance,building_maintenance,masonry,0.8,0.8,2,lumber=0.304 tools=0.07,0.7595,0.0,0.7595,0.0,0.9494,
silver_mine.yml,True,silver_mine,CREATE,mining,laborers,1,rgo_building_category,pp_silver_mine_base_silver,building_maintenance,silver,0.07,0.42,0,,0,0.0,0.0,,0.0,
silver_mine.yml,True,silver_mine,CREATE,mining,laborers,1,rgo_building_category,pp_silver_mine_no_primary,building_maintenance,,,,0,,0,0.0,0.0,,,
silver_mine.yml,True,silver_mine,CREATE,mining,laborers,1,rgo_building_category,pp_silver_mine_silver,building_maintenance,silver,0.21,1.26,3,lumber=0.22 tools=0.18 beeswax=0.09,1.15,0.0,1.15,0.0,0.9127,
silver_mine.yml,True,silver_mine,CREATE,mining,laborers,1,rgo_building_category,pp_silver_mine_no_secondary,building_maintenance,,,,0,,0,0.0,0.0,,,
silver_mine.yml,True,silver_mine,CREATE,mining,laborers,1,rgo_building_category,pp_silver_mine_lead,building_maintenance,lead,0.1,0.2,2,lumber=0.04 tools=0.036,0.187,0.0,0.187,0.0,0.935,
silver_mine.yml,True,silver_mine,CREATE,mining,laborers,1,rgo_building_category,pp_silver_mine_gold,building_maintenance,goods_gold,0.026,0.234,2,lumber=0.04 tools=0.03,0.1675,0.0,0.1675,0.0,0.7158,
silver_mine_improved.yml,True,silver_mine_improved,CREATE,mining,laborers,1,rgo_building_category,pp_silver_mine_improved_base_silver,building_maintenance,silver,0.07,0.42,0,,0,0.0,0.0,,0.0,
silver_mine_improved.yml,True,silver_mine_improved,CREATE,mining,laborers,1,rgo_building_category,pp_silver_mine_improved_no_primary,building_maintenance,,,,0,,0,0.0,0.0,,,
silver_mine_improved.yml,True,silver_mine_improved,CREATE,mining,laborers,1,rgo_building_category,pp_silver_mine_improved_silver,building_maintenance,silver,0.274,1.644,3,lumber=0.24 tools=0.26 beeswax=0.11,1.485,0.0,1.485,0.0,0.9033,
silver_mine_improved.yml,True,silver_mine_improved,CREATE,mining,laborers,1,rgo_building_category,pp_silver_mine_improved_no_secondary,building_maintenance,,,,0,,0,0.0,0.0,,,
silver_mine_improved.yml,True,silver_mine_improved,CREATE,mining,laborers,1,rgo_building_category,pp_silver_mine_improved_lead,building_maintenance,lead,0.102,0.204,2,lumber=0.04 tools=0.037,0.1903,0.0,0.1903,0.0,0.9326,
silver_mine_improved.yml,True,silver_mine_improved,CREATE,mining,laborers,1,rgo_building_category,pp_silver_mine_improved_gold,building_maintenance,goods_gold,0.027,0.243,2,lumber=0.04 tools=0.04,0.2,0.0,0.2,0.0,0.823,
simplers_grove.yml,True,simplers_grove,CREATE,farm_land,laborers,1,rgo_building_category,pp_simplers_grove_base_medicaments,building_maintenance,medicaments,0.1,0.1,0,,0,0.0,0.0,,0.0,
simplers_grove.yml,True,simplers_grove,CREATE,farm_land,laborers,1,rgo_building_category,pp_simplers_grove_no_drying,building_maintenance,,,,0,,0,0.0,0.0,,,
simplers_grove.yml,True,simplers_grove,CREATE,farm_land,laborers,1,rgo_building_category,pp_simplers_grove_wicker_drying_racks,building_maintenance,medicaments,0.116,0.116,2,fiber_crops=0.035 pottery=0.02,0.09,0.0,0.09,0.0,0.7759,
slave_center.yml,True,slave_center,REPLACE,trade,burghers,0.3,colonial_category,pp_slave_center_slave_center_maintenance,building_maintenance,slaves_goods,1.0,3.0,4,stone=0.45 tools=0.45 firearms=0.225 paper=0.225,3.0375,0.0,3.0375,0.0,1.0125,
slave_market.yml,True,slave_market,REPLACE,trade,burghers,0.3,government_category,pp_slave_market_slave_market_maintenance,building_maintenance,slaves_goods,2.0,6.0,4,leather=0.624 tools=0.567 weaponry=0.499 paper=0.43,6.0717,0.0,6.0717,0.0,1.012,
steel_mill.yml,True,steel_mill,REPLACE,mill_works,laborers,1.0,basic_industry_category,pp_steel_mill_steel_mill_maintenance,mills_input,steel,4.0,20.0,2,iron=3.583 coal=3.583,19.7065,0.0,19.7065,0.0,0.9853,
stone_quarry.yml,True,stone_quarry,REPLACE,extractive_open,laborers,1,rgo_building_category,pp_stone_quarry_base_stone,building_maintenance,stone,0.105,0.105,0,,0,0.0,0.0,,0.0,
stone_quarry.yml,True,stone_quarry,REPLACE,extractive_open,laborers,1,rgo_building_category,pp_stone_quarry_outcrop_gathering,building_maintenance,,,,0,,0,0.0,0.0,,,
stone_quarry.yml,True,stone_quarry,REPLACE,extractive_open,laborers,1,rgo_building_category,pp_stone_quarry_cut_stone,building_maintenance,stone,0.233,0.233,3,lumber=0.06 leather=0.023 tools=0.014,0.2195,0.0,0.2195,0.0,0.9421,
stone_quarry_improved.yml,True,stone_quarry_improved,CREATE,extractive_open,laborers,1,rgo_building_category,pp_stone_quarry_improved_base_stone,building_maintenance,stone,0.15,0.15,0,,0,0.0,0.0,,0.0,
stone_quarry_improved.yml,True,stone_quarry_improved,CREATE,extractive_open,laborers,1,rgo_building_category,pp_stone_quarry_improved_no_primary,building_maintenance,,,,0,,0,0.0,0.0,,,
stone_quarry_improved.yml,True,stone_quarry_improved,CREATE,extractive_open,laborers,1,rgo_building_category,pp_stone_quarry_improved_crane_winch_quarrying,building_maintenance,stone,1.66,1.66,4,lumber=0.4 tools=0.19 leather=0.05 horses=0.05,1.6175,0.0,1.6175,0.0,0.9744,
stone_quarry_improved.yml,True,stone_quarry_improved,CREATE,extractive_open,laborers,1,rgo_building_category,pp_stone_quarry_improved_ox_haulage,building_maintenance,stone,1.47,1.47,4,lumber=0.38 tools=0.17 leather=0.04 livestock=0.06,1.4275,0.0,1.4275,0.0,0.9711,
stone_quarry_improved.yml,True,stone_quarry_improved,CREATE,extractive_open,laborers,1,rgo_building_category,pp_stone_quarry_improved_no_secondary,building_maintenance,,,,0,,0,0.0,0.0,,,
stone_quarry_improved.yml,True,stone_quarry_improved,CREATE,extractive_open,laborers,1,rgo_building_category,pp_stone_quarry_improved_rubble_breaking,building_maintenance,sand,0.3,0.15,2,lumber=0.04 tools=0.03,0.1675,0.0,0.1675,0.0,1.1167,
stud_farm.yml,True,stud_farm,CREATE,farm_land,laborers,1,rgo_building_category,pp_stud_farm_base_horses,building_maintenance,horses,0.1,0.3,0,,0,0.0,0.0,,0.0,
stud_farm.yml,True,stud_farm,CREATE,farm_land,laborers,1,rgo_building_category,pp_stud_farm_no_primary,building_maintenance,,,,0,,0,0.0,0.0,,,
stud_farm.yml,True,stud_farm,CREATE,farm_land,laborers,1,rgo_building_category,pp_stud_farm_approved_stallions,building_maintenance,horses,0.62,1.86,4,wheat=0.65 legumes=0.35 leather=0.12 tools=0.12,1.75,0.0,1.75,0.0,0.9409,
stud_farm.yml,True,stud_farm,CREATE,farm_land,laborers,1,rgo_building_category,pp_stud_farm_stud_books,building_maintenance,horses,0.72,2.16,4,wheat=0.8 legumes=0.45 leather=0.15 paper=0.12,1.94,0.0,1.94,0.0,0.8981,
sugar_plantation.yml,True,sugar_plantation,REPLACE,farm_land,slaves,1,colonial_category,pp_sugar_plantation_base_sugar,building_maintenance,sugar,0.3,0.9,0,,0,0.0,0.0,,0.0,
sugar_plantation.yml,True,sugar_plantation,REPLACE,farm_land,slaves,1,colonial_category,pp_sugar_plantation_cane_fields,building_maintenance,,,,0,,0,0.0,0.0,,,
sugar_plantation.yml,True,sugar_plantation,REPLACE,farm_land,slaves,1,colonial_category,pp_sugar_plantation_boiling_house,building_maintenance,sugar,0.667,2.001,4,slaves_goods=0.32 lumber=0.25 coal=0.15 tools=0.029,1.7917,0.0,1.7917,0.0,0.8954,
sugarcane_farm.yml,True,sugarcane_farm,CREATE,farm_land,laborers,1,rgo_building_category,pp_sugarcane_farm_base_sugar,building_maintenance,sugar,0.04,0.12,0,,0,0.0,0.0,,0.0,
sugarcane_farm.yml,True,sugarcane_farm,CREATE,farm_land,laborers,1,rgo_building_category,pp_sugarcane_farm_cane_fields,building_maintenance,,,,0,,0,0.0,0.0,,,
sugarcane_farm.yml,True,sugarcane_farm,CREATE,farm_land,laborers,1,rgo_building_category,pp_sugarcane_farm_boiling_house,building_maintenance,sugar,0.089,0.267,3,lumber=0.083 pottery=0.1 tools=0.01,0.2778,0.0,0.2778,0.0,1.0403,
tannery.yml,True,tannery,REPLACE,manufactory,burghers,0.3,basic_industry_category,pp_tannery_leather_guild_maintenance,guild_input,leather,1.0,3.0,4,livestock=1.273 sand=0.509 tar=0.096 tools=0.191,2.9768,0.0,2.9768,0.0,0.9922,
tannery.yml,True,tannery,REPLACE,manufactory,burghers,0.3,basic_industry_category,pp_tannery_tannery_maintenance,guild_input,leather,1.0,3.0,4,wild_game=1.91 sand=0.509 tar=0.096 tools=0.191,2.9772,0.0,2.9772,0.0,0.9924,
tannery_manufactory.yml,True,tannery_manufactory,REPLACE,manufactory,burghers,0.3,basic_industry_category,pp_tannery_manufactory_leather_manufactory_maintenance,manufactory_input,leather,2.0,6.0,4,livestock=2.554 sand=1.197 tar=0.16 tools=0.32,5.7895,0.0,5.7895,0.0,0.9649,
tannery_manufactory.yml,True,tannery_manufactory,REPLACE,manufactory,burghers,0.3,basic_industry_category,pp_tannery_manufactory_tannery_manufactory_maintenance,manufactory_input,leather,2.0,6.0,4,wild_game=3.778 sand=1.232 tar=0.165 tools=0.328,5.79,0.0,5.79,0.0,0.965,
tannery_mill.yml,True,tannery_mill,REPLACE,mill_works,laborers,1.0,basic_industry_category,pp_tannery_mill_leather_mill_maintenance,mills_input,leather,4.0,12.0,4,livestock=5.552 sand=2.314 tar=0.277 tools=0.556,11.846,0.0,11.846,0.0,0.9872,
tannery_mill.yml,True,tannery_mill,REPLACE,mill_works,laborers,1.0,basic_industry_category,pp_tannery_mill_tannery_mill_maintenance,mills_input,leather,4.0,12.0,4,wild_game=8.576 sand=2.144 tar=0.257 tools=0.515,11.8358,0.0,11.8358,0.0,0.9863,
tanning_workshop.yml,True,tanning_workshop,REPLACE,urban_workshop,burghers,0.3,basic_industry_category,pp_tanning_workshop_leather_livestock_workshop_maintenance,workshop_input,leather,1.1,3.3,4,livestock=1.319 sand=0.513 tar=0.074 tools=0.22,3.098,0.0,3.098,0.0,0.9388,
tanning_workshop.yml,True,tanning_workshop,REPLACE,urban_workshop,burghers,0.3,basic_industry_category,pp_tanning_workshop_leather_wildgame_workshop_maintenance,workshop_input,leather,1.1,3.3,4,wild_game=2.001 sand=0.501 tar=0.072 tools=0.215,3.0942,0.0,3.0942,0.0,0.9377,
tar_kiln.yml,True,tar_kiln,REPLACE,forestry,laborers,1.0,basic_industry_category,pp_tar_kiln_tar_kiln_maintenance,guild_input,tar,1.0,2.0,1,lumber=1.111,1.9443,0.0,1.9443,0.0,0.9721,
tatara.yml,True,tatara,REPLACE,mill_works,peasants,1.0,basic_industry_category,pp_tatara_tamagahane_blacksmith,guild_input,tools,0.5,1.625,1,iron=0.417,1.4595,0.0,1.4595,0.0,0.8982,
tatara.yml,True,tatara,REPLACE,mill_works,peasants,1.0,basic_industry_category,pp_tatara_tamagahane_bladesmith,guild_input,weaponry,0.2,0.6,1,iron=0.167,0.5845,0.0,0.5845,0.0,0.9742,
tea_garden.yml,True,tea_garden,CREATE,farm_land,laborers,1,rgo_building_category,pp_tea_garden_base_tea,building_maintenance,tea,0.041,0.123,0,,0,0.0,0.0,,0.0,
tea_garden.yml,True,tea_garden,CREATE,farm_land,laborers,1,rgo_building_category,pp_tea_garden_no_withering,building_maintenance,,,,0,,0,0.0,0.0,,,
tea_garden.yml,True,tea_garden,CREATE,farm_land,laborers,1,rgo_building_category,pp_tea_garden_bamboo_withering_trays,building_maintenance,tea,0.087,0.261,2,fiber_crops=0.098 clay=0.078,0.235,0.0,0.235,0.0,0.9004,
tea_sorting_garden.yml,True,tea_sorting_garden,CREATE,farm_land,laborers,1,rgo_building_category,pp_tea_sorting_garden_base_tea,building_maintenance,tea,0.055,0.165,0,,0,0.0,0.0,,0.0,
tea_sorting_garden.yml,True,tea_sorting_garden,CREATE,farm_land,laborers,1,rgo_building_category,pp_tea_sorting_garden_no_withering,building_maintenance,,,,0,,0,0.0,0.0,,,
tea_sorting_garden.yml,True,tea_sorting_garden,CREATE,farm_land,laborers,1,rgo_building_category,pp_tea_sorting_garden_rolling_hearths,building_maintenance,tea,0.125,0.375,3,furniture=0.105 fiber_crops=0.08 pottery=0.06,0.535,0.0,0.535,0.0,1.4267,
tea_sorting_garden.yml,True,tea_sorting_garden,CREATE,farm_land,laborers,1,rgo_building_category,pp_tea_sorting_garden_no_sorting,building_maintenance,,,,0,,0,0.0,0.0,,,
tea_sorting_garden.yml,True,tea_sorting_garden,CREATE,farm_land,laborers,1,rgo_building_category,pp_tea_sorting_garden_paper_packing,building_maintenance,tea,0.07,0.21,3,furniture=0.045 fiber_crops=0.035 paper=0.055,0.315,0.0,0.315,0.0,1.5,
terraced_coffee_grove.yml,True,terraced_coffee_grove,CREATE,farm_land,laborers,1,rgo_building_category,pp_terraced_coffee_grove_base_coffee,building_maintenance,coffee,0.075,0.225,0,,0,0.0,0.0,,0.0,
terraced_coffee_grove.yml,True,terraced_coffee_grove,CREATE,farm_land,laborers,1,rgo_building_category,pp_terraced_coffee_grove_no_washing,building_maintenance,,,,0,,0,0.0,0.0,,,
terraced_coffee_grove.yml,True,terraced_coffee_grove,CREATE,farm_land,laborers,1,rgo_building_category,pp_terraced_coffee_grove_washing_frames,building_maintenance,coffee,0.12,0.36,3,fiber_crops=0.09 pottery=0.075 furniture=0.05,0.405,0.0,0.405,0.0,1.125,
terraced_coffee_grove.yml,True,terraced_coffee_grove,CREATE,farm_land,laborers,1,rgo_building_category,pp_terraced_coffee_grove_open_grove,building_maintenance,,,,0,,0,0.0,0.0,,,
terraced_coffee_grove.yml,True,terraced_coffee_grove,CREATE,farm_land,laborers,1,rgo_building_category,pp_terraced_coffee_grove_terraced_shade_gardens,building_maintenance,coffee,0.055,0.165,2,fiber_crops=0.035 furniture=0.03,0.16,0.0,0.16,0.0,0.9697,
textile_mill.yml,True,textile_mill,REPLACE,mill_works,laborers,1.0,consumer_goods_category,pp_textile_mill_cotton_mill_maintenance,mills_input,cloth,3.0,9.0,2,cotton=2.464 dyes=0.329,8.708,0.0,8.708,0.0,0.9676,
textile_mill.yml,True,textile_mill,REPLACE,mill_works,laborers,1.0,consumer_goods_category,pp_textile_mill_wool_mill_maintenance,mills_input,cloth,2.5,7.5,2,wool=2.376 dyes=0.317,7.208,0.0,7.208,0.0,0.9611,
textile_mill.yml,True,textile_mill,REPLACE,mill_works,laborers,1.0,consumer_goods_category,pp_textile_mill_fiber_crops_mill_maintenance,mills_input,cloth,2.5,7.5,2,fiber_crops=3.004 dyes=0.3,7.208,0.0,7.208,0.0,0.9611,
tin_stamping_mill.yml,True,tin_stamping_mill,CREATE,rural_processing,laborers,1,rgo_building_category,pp_tin_stamping_mill_base_tin,building_maintenance,tin,0.1,0.2,0,,0,0.0,0.0,,0.0,
tin_stamping_mill.yml,True,tin_stamping_mill,CREATE,rural_processing,laborers,1,rgo_building_category,pp_tin_stamping_mill_no_primary,building_maintenance,,,,0,,0,0.0,0.0,,,
tin_stamping_mill.yml,True,tin_stamping_mill,CREATE,rural_processing,laborers,1,rgo_building_category,pp_tin_stamping_mill_tin,building_maintenance,tin,0.95,1.9,2,lumber=0.425 tools=0.31,1.7513,0.0,1.7513,0.0,0.9217,
tin_stamping_mill.yml,True,tin_stamping_mill,CREATE,rural_processing,laborers,1,rgo_building_category,pp_tin_stamping_mill_no_secondary,building_maintenance,,,,0,,0,0.0,0.0,,,
tin_stamping_mill.yml,True,tin_stamping_mill,CREATE,rural_processing,laborers,1,rgo_building_category,pp_tin_stamping_mill_copper,building_maintenance,copper,0.068,0.204,2,lumber=0.053 tools=0.03,0.1903,0.0,0.1903,0.0,0.9326,
tin_stamping_mill.yml,True,tin_stamping_mill,CREATE,rural_processing,laborers,1,rgo_building_category,pp_tin_stamping_mill_lead,building_maintenance,lead,0.102,0.204,2,lumber=0.053 tools=0.03,0.1903,0.0,0.1903,0.0,0.9326,
tin_streamworks.yml,True,tin_streamworks,CREATE,extractive_open,laborers,1,rgo_building_category,pp_tin_streamworks_base_tin,building_maintenance,tin,0.1,0.2,0,,0,0.0,0.0,,0.0,
tin_streamworks.yml,True,tin_streamworks,CREATE,extractive_open,laborers,1,rgo_building_category,pp_tin_streamworks_no_primary,building_maintenance,,,,0,,0,0.0,0.0,,,
tin_streamworks.yml,True,tin_streamworks,CREATE,extractive_open,laborers,1,rgo_building_category,pp_tin_streamworks_tin,building_maintenance,tin,0.631,1.262,2,lumber=0.328 tools=0.19,1.1915,0.0,1.1915,0.0,0.9441,
tin_streamworks.yml,True,tin_streamworks,CREATE,extractive_open,laborers,1,rgo_building_category,pp_tin_streamworks_no_secondary,building_maintenance,,,,0,,0,0.0,0.0,,,
tin_streamworks.yml,True,tin_streamworks,CREATE,extractive_open,laborers,1,rgo_building_category,pp_tin_streamworks_copper,building_maintenance,copper,0.075,0.225,2,lumber=0.058 tools=0.03,0.199,0.0,0.199,0.0,0.8844,
tin_streamworks.yml,True,tin_streamworks,CREATE,extractive_open,laborers,1,rgo_building_category,pp_tin_streamworks_lead,building_maintenance,lead,0.1,0.2,2,lumber=0.058 tools=0.03,0.199,0.0,0.199,0.0,0.995,
tobacco_farm.yml,True,tobacco_farm,CREATE,farm_land,laborers,1,rgo_building_category,pp_tobacco_farm_base_tobacco,building_maintenance,tobacco,0.04,0.12,0,,0,0.0,0.0,,0.0,
tobacco_farm.yml,True,tobacco_farm,CREATE,farm_land,laborers,1,rgo_building_category,pp_tobacco_farm_field_cutting,building_maintenance,,,,0,,0,0.0,0.0,,,
tobacco_farm.yml,True,tobacco_farm,CREATE,farm_land,laborers,1,rgo_building_category,pp_tobacco_farm_curing_barns,building_maintenance,tobacco,0.089,0.267,3,lumber=0.117 fiber_crops=0.017 tools=0.015,0.2875,0.0,0.2875,0.0,1.0768,
tobacco_plantation.yml,True,tobacco_plantation,REPLACE,farm_land,slaves,1,colonial_category,pp_tobacco_plantation_base_tobacco,building_maintenance,tobacco,0.3,0.9,0,,0,0.0,0.0,,0.0,
tobacco_plantation.yml,True,tobacco_plantation,REPLACE,farm_land,slaves,1,colonial_category,pp_tobacco_plantation_field_cutting,building_maintenance,,,,0,,0,0.0,0.0,,,
tobacco_plantation.yml,True,tobacco_plantation,REPLACE,farm_land,slaves,1,colonial_category,pp_tobacco_plantation_curing_barns,building_maintenance,tobacco,0.667,2.001,4,slaves_goods=0.32 lumber=0.35 pottery=0.1 tools=0.045,1.8187,0.0,1.8187,0.0,0.9089,
tools_guild.yml,True,tools_guild,REPLACE,urban_workshop,burghers,0.3,basic_industry_category,pp_tools_guild_metalwork_guild_maintenance,guild_input,tools,1.0,3.25,1,iron=0.837,2.9295,0.0,2.9295,0.0,0.9014,
tools_guild.yml,True,tools_guild,REPLACE,urban_workshop,burghers,0.3,basic_industry_category,pp_tools_guild_stone_tools_guild_maintenance,guild_input,tools,0.25,0.8125,1,stone=0.678,0.678,0.0,0.678,0.0,0.8345,
tools_guild.yml,True,tools_guild,REPLACE,urban_workshop,burghers,0.3,basic_industry_category,pp_tools_guild_bronze_tools_guild_maintenance,guild_input,tools,0.6,1.95,2,copper=0.547 tin=0.044,1.729,0.0,1.729,0.0,0.8867,
tools_guild.yml,True,tools_guild,REPLACE,urban_workshop,burghers,0.3,basic_industry_category,pp_tools_guild_copper_tools_guild_maintenance,guild_input,tools,0.55,1.7875,1,copper=0.526,1.578,0.0,1.578,0.0,0.8828,
tools_workshop.yml,True,tools_workshop,REPLACE,urban_workshop,burghers,0.3,basic_industry_category,pp_tools_workshop_metalwork_workshop_maintenance,workshop_input,tools,1.1,3.575,1,iron=0.88,3.08,0.0,3.08,0.0,0.8615,
training_fields.yml,True,training_fields,REPLACE,military_grounds,soldiers,manpower_employment,military_category,pp_training_fields_maintenance,building_maintenance,,,,6,firearms=0.5 leather=0.5 cloth=0.1 paper=0.2 weaponry=0.5 victuals=0.25,5.95,0.0,5.95,0.0,,
trapiche_sugarcane_farm.yml,True,trapiche_sugarcane_farm,CREATE,farm_land,laborers,1,rgo_building_category,pp_trapiche_sugarcane_farm_base_sugar,building_maintenance,sugar,0.04,0.12,0,,0,0.0,0.0,,0.0,
trapiche_sugarcane_farm.yml,True,trapiche_sugarcane_farm,CREATE,farm_land,laborers,1,rgo_building_category,pp_trapiche_sugarcane_farm_no_boiling,building_maintenance,,,,0,,0,0.0,0.0,,,
trapiche_sugarcane_farm.yml,True,trapiche_sugarcane_farm,CREATE,farm_land,laborers,1,rgo_building_category,pp_trapiche_sugarcane_farm_open_kettles,building_maintenance,sugar,0.083,0.249,2,pottery=0.12 tools=0.004,0.133,0.0,0.133,0.0,0.5341,
trapiche_sugarcane_farm.yml,True,trapiche_sugarcane_farm,CREATE,farm_land,laborers,1,rgo_building_category,pp_trapiche_sugarcane_farm_hand_crushing,building_maintenance,,,,0,,0,0.0,0.0,,,
trapiche_sugarcane_farm.yml,True,trapiche_sugarcane_farm,CREATE,farm_land,laborers,1,rgo_building_category,pp_trapiche_sugarcane_farm_trapiche_pressing,building_maintenance,sugar,0.064,0.192,2,furniture=0.045 tools=0.006,0.1545,0.0,0.1545,0.0,0.8047,
victualling_yard.yml,True,victualling_yard,CREATE,manufactory,laborers,1,consumer_goods_category,pp_victualling_yard_khichdi,building_maintenance,victuals,0.782,2.346,3,rice=1.208 legumes=1.027 pepper=0.037,2.42,0.0,2.42,0.0,1.0315,
victualling_yard.yml,True,victualling_yard,CREATE,manufactory,laborers,1,consumer_goods_category,pp_victualling_yard_fish_congee,building_maintenance,victuals,0.782,2.346,3,rice=1.208 fish=1.027 pepper=0.037,2.42,0.0,2.42,0.0,1.0315,
victualling_yard.yml,True,victualling_yard,CREATE,manufactory,laborers,1,consumer_goods_category,pp_victualling_yard_livestock_pottage,building_maintenance,victuals,0.865,2.595,3,wheat=1.172 livestock=0.842 legumes=0.239,2.674,0.0,2.674,0.0,1.0304,
victualling_yard.yml,True,victualling_yard,CREATE,manufactory,laborers,1,consumer_goods_category,pp_victualling_yard_mediterranean_fish,building_maintenance,victuals,0.817,2.451,3,fish=1.829 olives=0.55 wine=0.074,2.527,0.0,2.527,0.0,1.031,
victualling_yard.yml,True,victualling_yard,CREATE,manufactory,laborers,1,consumer_goods_category,pp_victualling_yard_mutton_and_pease,building_maintenance,victuals,0.868,2.604,3,wool=0.903 legumes=0.427 salt=0.052,2.9445,0.0,2.9445,0.0,1.1308,
victualling_yard.yml,True,victualling_yard,CREATE,manufactory,laborers,1,consumer_goods_category,pp_victualling_yard_surstromming,building_maintenance,victuals,0.892,2.676,3,fish=1.884 millet=0.189 salt=0.189,3.018,0.0,3.018,0.0,1.1278,
victualling_yard.yml,True,victualling_yard,CREATE,manufactory,laborers,1,consumer_goods_category,pp_victualling_yard_pozole,building_maintenance,victuals,0.788,2.364,3,maize=0.754 wild_game=0.952 chili=0.146,2.436,0.0,2.436,0.0,1.0305,
victualling_yard.yml,True,victualling_yard,CREATE,manufactory,laborers,1,consumer_goods_category,pp_victualling_yard_pemmican,building_maintenance,victuals,0.817,2.451,3,wild_game=1.647 livestock=0.343 fruit=0.366,2.5275,0.0,2.5275,0.0,1.0312,
victualling_yard.yml,True,victualling_yard,CREATE,manufactory,laborers,1,consumer_goods_category,pp_victualling_yard_labskaus,building_maintenance,victuals,0.82,2.46,3,potato=0.343 fish=0.55 livestock=1.095,2.5355,0.0,2.5355,0.0,1.0307,
victualling_yard.yml,True,victualling_yard,CREATE,manufactory,laborers,1,consumer_goods_category,pp_victualling_yard_meat_tajine,building_maintenance,victuals,0.9,2.7,3,livestock=1.28 fruit=0.585 saffron=0.055,2.78,0.0,2.78,0.0,1.0296,
victualling_yard.yml,True,victualling_yard,CREATE,manufactory,laborers,1,consumer_goods_category,pp_victualling_yard_saltfish_porridge,building_maintenance,victuals,0.869,2.607,3,millet=0.952 fish=1.368 salt=0.074,2.69,0.0,2.69,0.0,1.0318,
victualling_yard.yml,True,victualling_yard,CREATE,manufactory,laborers,1,consumer_goods_category,pp_victualling_yard_ika_mata,building_maintenance,victuals,0.834,2.502,3,fish=1.757 fruit=0.916 salt=0.037,2.858,0.0,2.858,0.0,1.1423,
victualling_yard.yml,True,victualling_yard,CREATE,manufactory,laborers,1,consumer_goods_category,pp_victualling_yard_kheer,building_maintenance,victuals,0.817,2.451,3,rice=1.208 sugar=0.11 livestock=0.659,2.5265,0.0,2.5265,0.0,1.0308,
victualling_yard.yml,True,victualling_yard,CREATE,manufactory,laborers,1,consumer_goods_category,pp_victualling_yard_honey_gruel,building_maintenance,victuals,0.898,2.694,3,wheat=0.878 fruit=0.582 beeswax=0.659,2.778,0.0,2.778,0.0,1.0312,
victualling_yard.yml,True,victualling_yard,CREATE,manufactory,laborers,1,consumer_goods_category,pp_victualling_yard_boreal_hunter_stew,building_maintenance,victuals,0.9,2.7,3,fur=0.842 millet=0.733 salt=0.074,2.787,0.0,2.787,0.0,1.0322,
victualling_yard.yml,True,victualling_yard,CREATE,manufactory,laborers,1,consumer_goods_category,pp_victualling_yard_well_water,building_maintenance,,,,0,,0,0.0,0.0,,,
victualling_yard.yml,True,victualling_yard,CREATE,manufactory,laborers,1,consumer_goods_category,pp_victualling_yard_beer,building_maintenance,victuals,0.437,1.311,1,beer=0.648,1.296,0.0,1.296,0.0,0.9886,
victualling_yard.yml,True,victualling_yard,CREATE,manufactory,laborers,1,consumer_goods_category,pp_victualling_yard_wine,building_maintenance,victuals,0.448,1.344,1,wine=0.698,1.396,0.0,1.396,0.0,1.0387,
victualling_yard.yml,True,victualling_yard,CREATE,manufactory,laborers,1,consumer_goods_category,pp_victualling_yard_liquor,building_maintenance,victuals,0.465,1.395,1,liquor=0.604,1.51,0.0,1.51,0.0,1.0824,
victualling_yard.yml,True,victualling_yard,CREATE,manufactory,laborers,1,consumer_goods_category,pp_victualling_yard_chocolate,building_maintenance,victuals,0.341,1.023,1,cocoa=0.291,1.164,0.0,1.164,0.0,1.1378,
victualling_yard.yml,True,victualling_yard,CREATE,manufactory,laborers,1,consumer_goods_category,pp_victualling_yard_coffee,building_maintenance,victuals,0.337,1.011,1,coffee=0.349,1.047,0.0,1.047,0.0,1.0356,
victualling_yard.yml,True,victualling_yard,CREATE,manufactory,laborers,1,consumer_goods_category,pp_victualling_yard_tea,building_maintenance,victuals,0.432,1.296,1,tea=0.449,1.347,0.0,1.347,0.0,1.0394,
victualling_yard.yml,True,victualling_yard,CREATE,manufactory,laborers,1,consumer_goods_category,pp_victualling_yard_no_packaging,building_maintenance,,,,0,,0,0.0,0.0,,,
victualling_yard.yml,True,victualling_yard,CREATE,manufactory,laborers,1,consumer_goods_category,pp_victualling_yard_pottery_jars,building_maintenance,victuals,0.281,0.843,1,pottery=0.929,0.929,0.0,0.929,0.0,1.102,
victualling_yard.yml,True,victualling_yard,CREATE,manufactory,laborers,1,consumer_goods_category,pp_victualling_yard_coopered_barrels,building_maintenance,victuals,0.271,0.813,1,furniture=0.3,0.9,0.0,0.9,0.0,1.107,
victualling_yard.yml,True,victualling_yard,CREATE,manufactory,laborers,1,consumer_goods_category,pp_victualling_yard_tin_cans,building_maintenance,victuals,0.501,1.503,1,steel=0.333,1.665,0.0,1.665,0.0,1.1078,
victuals_market_export.yml,True,victuals_market_export,CREATE,trade,nobles,0.001,consumer_goods_category,pp_province_food_to_market,building_maintenance,province_food_sales,0.375,1.875,2,victuals=-3 offset=11.1 manual_labor=0.3,46.5,0.3,46.8,0.0064,24.96,
victuals_market_import.yml,True,victuals_market_import,CREATE,trade,nobles,0.001,consumer_goods_category,pp_province_food_from_market,building_maintenance,offset,0.45,2.25,1,victuals=3 manual_labor=0.3,9.0,0.3,9.3,0.0323,4.1333,
victuals_market_import.yml,True,victuals_market_import,CREATE,trade,nobles,0.001,consumer_goods_category,pp_province_storage_price,building_maintenance,province_food_purchase,0.375,1.875,1,offset=3,15.0,0.0,15.0,0.0,8.0,
vineyard_estate.yml,True,vineyard_estate,CREATE,farm_land,laborers,1,rgo_building_category,pp_vineyard_estate_base_wine,building_maintenance,wine,0.1,0.2,0,,0,0.0,0.0,,0.0,
vineyard_estate.yml,True,vineyard_estate,CREATE,farm_land,laborers,1,rgo_building_category,pp_vineyard_estate_press_houses,building_maintenance,wine,0.222,0.444,3,lumber=0.167 pottery=0.083 tools=0.017,0.4305,0.0,0.4305,0.0,0.9696,
water_sawmill.yml,True,water_sawmill,CREATE,forestry,laborers,1,rgo_building_category,pp_water_sawmill_base_lumber,building_maintenance,lumber,0.079,0.1383,0,,0,0.0,0.0,,0.0,
water_sawmill.yml,True,water_sawmill,CREATE,forestry,laborers,1,rgo_building_category,pp_water_sawmill_no_primary,building_maintenance,,,,0,,0,0.0,0.0,,,
water_sawmill.yml,True,water_sawmill,CREATE,forestry,laborers,1,rgo_building_category,pp_water_sawmill_horse_tools,building_maintenance,lumber,1.4,2.45,2,tools=0.477 horses=0.13,1.9402,0.0,1.9402,0.0,0.7919,
water_sawmill.yml,True,water_sawmill,CREATE,forestry,laborers,1,rgo_building_category,pp_water_sawmill_horse_victuals,building_maintenance,lumber,1.36,2.38,2,horses=0.13 victuals=0.56,2.07,0.0,2.07,0.0,0.8697,
water_sawmill.yml,True,water_sawmill,CREATE,forestry,laborers,1,rgo_building_category,pp_water_sawmill_livestock_tools,building_maintenance,lumber,1.314,2.2995,2,tools=0.46 livestock=0.26,1.885,0.0,1.885,0.0,0.8197,
water_sawmill.yml,True,water_sawmill,CREATE,forestry,laborers,1,rgo_building_category,pp_water_sawmill_livestock_victuals,building_maintenance,lumber,1.269,2.2207,2,livestock=0.26 victuals=0.54,2.01,0.0,2.01,0.0,0.9051,
water_sawmill.yml,True,water_sawmill,CREATE,forestry,laborers,1,rgo_building_category,pp_water_sawmill_no_crew_support,building_maintenance,,,,0,,0,0.0,0.0,,,
water_sawmill.yml,True,water_sawmill,CREATE,forestry,laborers,1,rgo_building_category,pp_water_sawmill_extra_rations,building_maintenance,lumber,1.208,2.114,1,victuals=0.705,2.115,0.0,2.115,0.0,1.0005,
water_sawmill.yml,True,water_sawmill,CREATE,forestry,laborers,1,rgo_building_category,pp_water_sawmill_wound_salves,building_maintenance,lumber,0.138,0.2415,1,medicaments=0.19,0.19,0.0,0.19,0.0,0.7867,
weapon_factory.yml,True,weapon_factory,REPLACE,mill_works,laborers,1.0,weapons_industry_category,pp_weapon_factory_weapon_factory_maintenance,mills_input,weaponry,4.0,12.0,3,steel=1.911 coal=0.574 lumber=0.574,11.7075,0.0,11.7075,0.0,0.9756,
weapon_guild.yml,True,weapon_guild,REPLACE,urban_workshop,burghers,0.3,weapons_industry_category,pp_weapon_guild_pre_columbian_weapon_smith_maintenance,guild_input,weaponry,0.4,1.2,2,lumber=0.07 stone=1.005,1.1275,0.0,1.1275,0.0,0.9396,
weapon_guild.yml,True,weapon_guild,REPLACE,urban_workshop,burghers,0.3,weapons_industry_category,pp_weapon_guild_weapon_smith_maintenance,guild_input,weaponry,1.0,3.0,3,lumber=0.288 coal=0.347 tools=0.577,3.0732,0.0,3.0732,0.0,1.0244,
weapon_guild.yml,True,weapon_guild,REPLACE,urban_workshop,burghers,0.3,weapons_industry_category,pp_weapon_guild_weapon_guild_obsidian_maintenance,guild_input,weaponry,0.4,1.2,3,lumber=0.122 stone=0.507 gems=0.102,1.1285,0.0,1.1285,0.0,0.9404,
weapon_manufactory.yml,True,weapon_manufactory,REPLACE,manufactory,burghers,0.3,weapons_industry_category,pp_weapon_manufactory_weapon_manufactory_maintenance,manufactory_input,weaponry,2.0,6.0,4,lumber=0.638 coal=0.638 iron=0.51 tools=0.51,5.835,0.0,5.835,0.0,0.9725,
weapon_workshop.yml,True,weapon_workshop,REPLACE,urban_workshop,burghers,0.3,weapons_industry_category,pp_weapon_workshop_weapon_workshop_maintenance,workshop_input,weaponry,1.1,3.3,4,lumber=0.353 coal=0.353 iron=0.294 tools=0.235,3.1165,0.0,3.1165,0.0,0.9444,
winery.yml,True,winery,REPLACE,manufactory,burghers,0.3,consumer_goods_category,pp_winery_fruit_winery_maintenance,guild_input,wine,1.0,2.0,3,fruit=1.305 lumber=0.178 tools=0.104,1.9545,0.0,1.9545,0.0,0.9772,
winery.yml,True,winery,REPLACE,manufactory,burghers,0.3,consumer_goods_category,pp_winery_rice_winery_maintenance,guild_input,wine,1.0,2.0,3,rice=1.317 lumber=0.169 tools=0.105,1.954,0.0,1.954,0.0,0.977,
winery.yml,True,winery,REPLACE,manufactory,burghers,0.3,consumer_goods_category,pp_winery_honey_winery_maintenance,guild_input,wine,1.0,2.0,3,beeswax=0.625 lumber=0.208 tools=0.105,1.9552,0.0,1.9552,0.0,0.9776,
winery_manufactory.yml,True,winery_manufactory,REPLACE,manufactory,burghers,0.3,consumer_goods_category,pp_winery_manufactory_fruit_winery_manufactory_maintenance,guild_input,wine,2.0,4.0,3,fruit=2.202 lumber=0.464 tools=0.231,3.7648,0.0,3.7648,0.0,0.9412,
winery_manufactory.yml,True,winery_manufactory,REPLACE,manufactory,burghers,0.3,consumer_goods_category,pp_winery_manufactory_rice_winery_manufactory_maintenance,manufactory_input,wine,2.0,4.0,3,rice=2.202 lumber=0.464 tools=0.231,3.7648,0.0,3.7648,0.0,0.9412,
winery_manufactory.yml,True,winery_manufactory,REPLACE,manufactory,burghers,0.3,consumer_goods_category,pp_winery_manufactory_honey_winery_manufactory_maintenance,manufactory_input,wine,2.0,4.0,3,beeswax=1.123 lumber=0.449 tools=0.225,3.763,0.0,3.763,0.0,0.9407,
