name,method,category,color,default_market_price,transport_cost,food,block_rgo_upgrade,development_threshold,origin_in_old_world,origin_in_new_world,custom_tags,demand_add,demand_multiply,wealth_impact_threshold,data,source_file,source_line,source_layer,source_mod,source_mode,source_history
horses,farming,raw_material,goods_horses,3.0,2.0,,true,,true,,"[""old_world_goods""]","{""nobles"":0.25}",{},{},"{""entries"":[{""key"":""method"",""op"":""="",""value"":""farming""},{""key"":""category"",""op"":""="",""value"":""raw_material""},{""key"":""color"",""op"":""="",""value"":""goods_horses""},{""key"":""default_market_price"",""op"":""="",""value"":3},{""key"":""transport_cost"",""op"":""="",""value"":2},{""key"":""demand_add"",""op"":""="",""value"":{""entries"":[{""key"":""nobles"",""op"":""="",""value"":0.25}],""items"":[]}},{""key"":""origin_in_old_world"",""op"":""="",""value"":true},{""key"":""custom_tags"",""op"":""="",""value"":{""entries"":[],""items"":[""old_world_goods""]}},{""key"":""block_rgo_upgrade"",""op"":""="",""value"":true}],""items"":[]}",/home/jan/development/ProsperOrPerishConstructor/mod/Prosper or Perish (Population Growth & Food Rework)/in_game/common/goods/pp_goods_adjustments.txt,197,constructor,Prosper or Perish Constructor,TRY_INJECT,"[{""file"":""/mnt/c/Games/steamapps/common/Europa Universalis V/game/in_game/common/goods/00_raw_materials.txt"",""layer_id"":""vanilla"",""layer_name"":""Vanilla"",""line"":2,""mod_name"":null,""mode"":""CREATE""},{""file"":""/home/jan/development/ProsperOrPerishConstructor/mod/Prosper or Perish (Population Growth & Food Rework)/in_game/common/goods/pp_goods_adjustments.txt"",""layer_id"":""constructor"",""layer_name"":""Prosper or Perish Constructor"",""line"":197,""mod_name"":""Prosper or Perish Constructor"",""mode"":""TRY_INJECT""}]"
clay,gathering,raw_material,goods_clay,0.5,2.0,,true,,,,[],{},{},{},"{""entries"":[{""key"":""method"",""op"":""="",""value"":""gathering""},{""key"":""category"",""op"":""="",""value"":""raw_material""},{""key"":""color"",""op"":""="",""value"":""goods_clay""},{""key"":""default_market_price"",""op"":""="",""value"":0.5},{""key"":""transport_cost"",""op"":""="",""value"":2},{""key"":""base_production"",""op"":""="",""value"":0.02},{""key"":""ai_rgo_expansion_priority"",""op"":""="",""value"":0.025},{""key"":""block_rgo_upgrade"",""op"":""="",""value"":true}],""items"":[]}",/home/jan/development/ProsperOrPerishConstructor/mod/Prosper or Perish (Population Growth & Food Rework)/in_game/common/goods/pp_goods_adjustments.txt,184,constructor,Prosper or Perish Constructor,TRY_INJECT,"[{""file"":""/mnt/c/Games/steamapps/common/Europa Universalis V/game/in_game/common/goods/00_raw_materials.txt"",""layer_id"":""vanilla"",""layer_name"":""Vanilla"",""line"":19,""mod_name"":null,""mode"":""CREATE""},{""file"":""/home/jan/development/ProsperOrPerishConstructor/mod/Prosper or Perish (Population Growth & Food Rework)/in_game/common/goods/pp_goods_adjustments.txt"",""layer_id"":""constructor"",""layer_name"":""Prosper or Perish Constructor"",""line"":184,""mod_name"":""Prosper or Perish Constructor"",""mode"":""TRY_INJECT""}]"
sand,gathering,raw_material,goods_sand,0.5,2.0,,true,,,,[],{},{},{},"{""entries"":[{""key"":""method"",""op"":""="",""value"":""gathering""},{""key"":""category"",""op"":""="",""value"":""raw_material""},{""key"":""color"",""op"":""="",""value"":""goods_sand""},{""key"":""default_market_price"",""op"":""="",""value"":0.5},{""key"":""transport_cost"",""op"":""="",""value"":2},{""key"":""base_production"",""op"":""="",""value"":0.01},{""key"":""block_rgo_upgrade"",""op"":""="",""value"":true}],""items"":[]}",/home/jan/development/ProsperOrPerishConstructor/mod/Prosper or Perish (Population Growth & Food Rework)/in_game/common/goods/pp_goods_adjustments.txt,212,constructor,Prosper or Perish Constructor,TRY_INJECT,"[{""file"":""/mnt/c/Games/steamapps/common/Europa Universalis V/game/in_game/common/goods/00_raw_materials.txt"",""layer_id"":""vanilla"",""layer_name"":""Vanilla"",""line"":34,""mod_name"":null,""mode"":""CREATE""},{""file"":""/home/jan/development/ProsperOrPerishConstructor/mod/Prosper or Perish (Population Growth & Food Rework)/in_game/common/goods/pp_goods_adjustments.txt"",""layer_id"":""constructor"",""layer_name"":""Prosper or Perish Constructor"",""line"":212,""mod_name"":""Prosper or Perish Constructor"",""mode"":""TRY_INJECT""}]"
coal,mining,raw_material,goods_coal,2.0,2.0,,true,,,,[],"{""all"":0.0001}","{""tribesmen"":0.0,""upper"":25.0}",{},"{""entries"":[{""key"":""method"",""op"":""="",""value"":""mining""},{""key"":""category"",""op"":""="",""value"":""raw_material""},{""key"":""color"",""op"":""="",""value"":""goods_coal""},{""key"":""default_market_price"",""op"":""="",""value"":2},{""key"":""transport_cost"",""op"":""="",""value"":2},{""key"":""demand_add"",""op"":""="",""value"":{""entries"":[{""key"":""all"",""op"":""="",""value"":0.0001}],""items"":[]}},{""key"":""demand_multiply"",""op"":""="",""value"":{""entries"":[{""key"":""upper"",""op"":""="",""value"":25},{""key"":""tribesmen"",""op"":""="",""value"":0}],""items"":[]}},{""key"":""winter_demand_modifier"",""op"":""="",""value"":{""entries"":[{""key"":""none"",""op"":""="",""value"":0},{""key"":""mild"",""op"":""="",""value"":0.5},{""key"":""normal"",""op"":""="",""value"":1},{""key"":""severe"",""op"":""="",""value"":2}],""items"":[]}},{""key"":""topography_demand_modifier"",""op"":""="",""value"":{""entries"":[{""key"":""mountains"",""op"":""="",""value"":1.2}],""items"":[]}},{""key"":""block_rgo_upgrade"",""op"":""="",""value"":true}],""items"":[]}",/home/jan/development/ProsperOrPerishConstructor/mod/Prosper or Perish (Population Growth & Food Rework)/in_game/common/goods/pp_goods_adjustments.txt,156,constructor,Prosper or Perish Constructor,TRY_INJECT,"[{""file"":""/mnt/c/Games/steamapps/common/Europa Universalis V/game/in_game/common/goods/00_raw_materials.txt"",""layer_id"":""vanilla"",""layer_name"":""Vanilla"",""line"":45,""mod_name"":null,""mode"":""CREATE""},{""file"":""/home/jan/development/ProsperOrPerishConstructor/mod/Prosper or Perish (Population Growth & Food Rework)/in_game/common/goods/pp_goods_adjustments.txt"",""layer_id"":""constructor"",""layer_name"":""Prosper or Perish Constructor"",""line"":156,""mod_name"":""Prosper or Perish Constructor"",""mode"":""TRY_INJECT""}]"
iron,mining,raw_material,goods_iron,3.5,1.0,,true,,,,[],{},{},{},"{""entries"":[{""key"":""method"",""op"":""="",""value"":""mining""},{""key"":""category"",""op"":""="",""value"":""raw_material""},{""key"":""color"",""op"":""="",""value"":""goods_iron""},{""key"":""default_market_price"",""op"":""="",""value"":3},{""key"":""transport_cost"",""op"":""="",""value"":1},{""key"":""ai_rgo_size_importance"",""op"":""="",""value"":10},{""key"":""ai_rgo_expansion_priority"",""op"":""="",""value"":0.025},{""key"":""default_market_price"",""op"":""="",""value"":3.5},{""key"":""transport_cost"",""op"":""="",""value"":1},{""key"":""block_rgo_upgrade"",""op"":""="",""value"":true}],""items"":[]}",/home/jan/development/ProsperOrPerishConstructor/mod/Prosper or Perish (Population Growth & Food Rework)/in_game/common/goods/pp_goods_adjustments.txt,159,constructor,Prosper or Perish Constructor,TRY_INJECT,"[{""file"":""/mnt/c/Games/steamapps/common/Europa Universalis V/game/in_game/common/goods/00_raw_materials.txt"",""layer_id"":""vanilla"",""layer_name"":""Vanilla"",""line"":73,""mod_name"":null,""mode"":""CREATE""},{""file"":""/home/jan/development/ProsperOrPerishConstructor/mod/Prosper or Perish (Population Growth & Food Rework)/in_game/common/goods/pp_goods_adjustments.txt"",""layer_id"":""constructor"",""layer_name"":""Prosper or Perish Constructor"",""line"":159,""mod_name"":""Prosper or Perish Constructor"",""mode"":""TRY_INJECT""}]"
copper,mining,raw_material,goods_copper,3.0,1.0,,true,,,,[],{},{},{},"{""entries"":[{""key"":""method"",""op"":""="",""value"":""mining""},{""key"":""category"",""op"":""="",""value"":""raw_material""},{""key"":""color"",""op"":""="",""value"":""goods_copper""},{""key"":""default_market_price"",""op"":""="",""value"":3},{""key"":""transport_cost"",""op"":""="",""value"":1},{""key"":""block_rgo_upgrade"",""op"":""="",""value"":true}],""items"":[]}",/home/jan/development/ProsperOrPerishConstructor/mod/Prosper or Perish (Population Growth & Food Rework)/in_game/common/goods/pp_goods_adjustments.txt,187,constructor,Prosper or Perish Constructor,TRY_INJECT,"[{""file"":""/mnt/c/Games/steamapps/common/Europa Universalis V/game/in_game/common/goods/00_raw_materials.txt"",""layer_id"":""vanilla"",""layer_name"":""Vanilla"",""line"":86,""mod_name"":null,""mode"":""CREATE""},{""file"":""/home/jan/development/ProsperOrPerishConstructor/mod/Prosper or Perish (Population Growth & Food Rework)/in_game/common/goods/pp_goods_adjustments.txt"",""layer_id"":""constructor"",""layer_name"":""Prosper or Perish Constructor"",""line"":187,""mod_name"":""Prosper or Perish Constructor"",""mode"":""TRY_INJECT""}]"
goods_gold,mining,raw_material,goods_gold,9.0,2.0,,true,,,,[],"{""nobles"":0.025}",{},"{""all"":1.05}","{""entries"":[{""key"":""method"",""op"":""="",""value"":""mining""},{""key"":""category"",""op"":""="",""value"":""raw_material""},{""key"":""color"",""op"":""="",""value"":""goods_gold""},{""key"":""default_market_price"",""op"":""="",""value"":8},{""key"":""transport_cost"",""op"":""="",""value"":2},{""key"":""ai_rgo_size_importance"",""op"":""="",""value"":10},{""key"":""ai_rgo_expansion_priority"",""op"":""="",""value"":0.2},{""key"":""demand_add"",""op"":""="",""value"":{""entries"":[{""key"":""nobles"",""op"":""="",""value"":0.025}],""items"":[]}},{""key"":""wealth_impact_threshold"",""op"":""="",""value"":{""entries"":[{""key"":""all"",""op"":""="",""value"":1.05}],""items"":[]}},{""key"":""default_market_price"",""op"":""="",""value"":9},{""key"":""block_rgo_upgrade"",""op"":""="",""value"":true}],""items"":[]}",/home/jan/development/ProsperOrPerishConstructor/mod/Prosper or Perish (Population Growth & Food Rework)/in_game/common/goods/pp_goods_adjustments.txt,193,constructor,Prosper or Perish Constructor,TRY_INJECT,"[{""file"":""/mnt/c/Games/steamapps/common/Europa Universalis V/game/in_game/common/goods/00_raw_materials.txt"",""layer_id"":""vanilla"",""layer_name"":""Vanilla"",""line"":96,""mod_name"":null,""mode"":""CREATE""},{""file"":""/home/jan/development/ProsperOrPerishConstructor/mod/Prosper or Perish (Population Growth & Food Rework)/in_game/common/goods/pp_goods_adjustments.txt"",""layer_id"":""constructor"",""layer_name"":""Prosper or Perish Constructor"",""line"":193,""mod_name"":""Prosper or Perish Constructor"",""mode"":""TRY_INJECT""}]"
silver,mining,raw_material,goods_silver,6.0,2.0,,true,,,,[],"{""nobles"":0.025}",{},"{""all"":1.05}","{""entries"":[{""key"":""method"",""op"":""="",""value"":""mining""},{""key"":""category"",""op"":""="",""value"":""raw_material""},{""key"":""color"",""op"":""="",""value"":""goods_silver""},{""key"":""default_market_price"",""op"":""="",""value"":6},{""key"":""ai_rgo_size_importance"",""op"":""="",""value"":10},{""key"":""transport_cost"",""op"":""="",""value"":2},{""key"":""ai_rgo_expansion_priority"",""op"":""="",""value"":0.2},{""key"":""demand_add"",""op"":""="",""value"":{""entries"":[{""key"":""nobles"",""op"":""="",""value"":0.025}],""items"":[]}},{""key"":""wealth_impact_threshold"",""op"":""="",""value"":{""entries"":[{""key"":""all"",""op"":""="",""value"":1.05}],""items"":[]}},{""key"":""block_rgo_upgrade"",""op"":""="",""value"":true}],""items"":[]}",/home/jan/development/ProsperOrPerishConstructor/mod/Prosper or Perish (Population Growth & Food Rework)/in_game/common/goods/pp_goods_adjustments.txt,178,constructor,Prosper or Perish Constructor,TRY_INJECT,"[{""file"":""/mnt/c/Games/steamapps/common/Europa Universalis V/game/in_game/common/goods/00_raw_materials.txt"",""layer_id"":""vanilla"",""layer_name"":""Vanilla"",""line"":120,""mod_name"":null,""mode"":""CREATE""},{""file"":""/home/jan/development/ProsperOrPerishConstructor/mod/Prosper or Perish (Population Growth & Food Rework)/in_game/common/goods/pp_goods_adjustments.txt"",""layer_id"":""constructor"",""layer_name"":""Prosper or Perish Constructor"",""line"":178,""mod_name"":""Prosper or Perish Constructor"",""mode"":""TRY_INJECT""}]"
stone,mining,raw_material,goods_stone,1.0,2.0,,true,,,,[],{},{},{},"{""entries"":[{""key"":""method"",""op"":""="",""value"":""mining""},{""key"":""category"",""op"":""="",""value"":""raw_material""},{""key"":""color"",""op"":""="",""value"":""goods_stone""},{""key"":""default_market_price"",""op"":""="",""value"":1},{""key"":""base_production"",""op"":""="",""value"":0.012},{""key"":""transport_cost"",""op"":""="",""value"":2},{""key"":""ai_rgo_expansion_priority"",""op"":""="",""value"":0.025},{""key"":""block_rgo_upgrade"",""op"":""="",""value"":true}],""items"":[]}",/home/jan/development/ProsperOrPerishConstructor/mod/Prosper or Perish (Population Growth & Food Rework)/in_game/common/goods/pp_goods_adjustments.txt,164,constructor,Prosper or Perish Constructor,TRY_INJECT,"[{""file"":""/mnt/c/Games/steamapps/common/Europa Universalis V/game/in_game/common/goods/00_raw_materials.txt"",""layer_id"":""vanilla"",""layer_name"":""Vanilla"",""line"":143,""mod_name"":null,""mode"":""CREATE""},{""file"":""/home/jan/development/ProsperOrPerishConstructor/mod/Prosper or Perish (Population Growth & Food Rework)/in_game/common/goods/pp_goods_adjustments.txt"",""layer_id"":""constructor"",""layer_name"":""Prosper or Perish Constructor"",""line"":164,""mod_name"":""Prosper or Perish Constructor"",""mode"":""TRY_INJECT""}]"
tin,mining,raw_material,goods_tin,2.0,1.0,,true,,,,[],{},{},{},"{""entries"":[{""key"":""method"",""op"":""="",""value"":""mining""},{""key"":""category"",""op"":""="",""value"":""raw_material""},{""key"":""color"",""op"":""="",""value"":""goods_tin""},{""key"":""default_market_price"",""op"":""="",""value"":2},{""key"":""transport_cost"",""op"":""="",""value"":1},{""key"":""block_rgo_upgrade"",""op"":""="",""value"":true}],""items"":[]}",/home/jan/development/ProsperOrPerishConstructor/mod/Prosper or Perish (Population Growth & Food Rework)/in_game/common/goods/pp_goods_adjustments.txt,221,constructor,Prosper or Perish Constructor,TRY_INJECT,"[{""file"":""/mnt/c/Games/steamapps/common/Europa Universalis V/game/in_game/common/goods/00_raw_materials.txt"",""layer_id"":""vanilla"",""layer_name"":""Vanilla"",""line"":156,""mod_name"":null,""mode"":""CREATE""},{""file"":""/home/jan/development/ProsperOrPerishConstructor/mod/Prosper or Perish (Population Growth & Food Rework)/in_game/common/goods/pp_goods_adjustments.txt"",""layer_id"":""constructor"",""layer_name"":""Prosper or Perish Constructor"",""line"":221,""mod_name"":""Prosper or Perish Constructor"",""mode"":""TRY_INJECT""}]"
lead,mining,raw_material,goods_lead,2.0,1.0,,true,,,,[],{},{},{},"{""entries"":[{""key"":""method"",""op"":""="",""value"":""mining""},{""key"":""category"",""op"":""="",""value"":""raw_material""},{""key"":""color"",""op"":""="",""value"":""goods_lead""},{""key"":""default_market_price"",""op"":""="",""value"":2},{""key"":""transport_cost"",""op"":""="",""value"":1},{""key"":""block_rgo_upgrade"",""op"":""="",""value"":true}],""items"":[]}",/home/jan/development/ProsperOrPerishConstructor/mod/Prosper or Perish (Population Growth & Food Rework)/in_game/common/goods/pp_goods_adjustments.txt,203,constructor,Prosper or Perish Constructor,TRY_INJECT,"[{""file"":""/mnt/c/Games/steamapps/common/Europa Universalis V/game/in_game/common/goods/00_raw_materials.txt"",""layer_id"":""vanilla"",""layer_name"":""Vanilla"",""line"":166,""mod_name"":null,""mode"":""CREATE""},{""file"":""/home/jan/development/ProsperOrPerishConstructor/mod/Prosper or Perish (Population Growth & Food Rework)/in_game/common/goods/pp_goods_adjustments.txt"",""layer_id"":""constructor"",""layer_name"":""Prosper or Perish Constructor"",""line"":203,""mod_name"":""Prosper or Perish Constructor"",""mode"":""TRY_INJECT""}]"
silk,farming,raw_material,goods_silk,4.0,1.0,,true,,,,[],{},{},{},"{""entries"":[{""key"":""method"",""op"":""="",""value"":""farming""},{""key"":""category"",""op"":""="",""value"":""raw_material""},{""key"":""color"",""op"":""="",""value"":""goods_silk""},{""key"":""default_market_price"",""op"":""="",""value"":4},{""key"":""ai_rgo_size_importance"",""op"":""="",""value"":3},{""key"":""block_rgo_upgrade"",""op"":""="",""value"":true}],""items"":[]}",/home/jan/development/ProsperOrPerishConstructor/mod/Prosper or Perish (Population Growth & Food Rework)/in_game/common/goods/pp_goods_adjustments.txt,215,constructor,Prosper or Perish Constructor,TRY_INJECT,"[{""file"":""/mnt/c/Games/steamapps/common/Europa Universalis V/game/in_game/common/goods/00_raw_materials.txt"",""layer_id"":""vanilla"",""layer_name"":""Vanilla"",""line"":176,""mod_name"":null,""mode"":""CREATE""},{""file"":""/home/jan/development/ProsperOrPerishConstructor/mod/Prosper or Perish (Population Growth & Food Rework)/in_game/common/goods/pp_goods_adjustments.txt"",""layer_id"":""constructor"",""layer_name"":""Prosper or Perish Constructor"",""line"":215,""mod_name"":""Prosper or Perish Constructor"",""mode"":""TRY_INJECT""}]"
dyes,farming,raw_material,goods_dyes,4.0,1.0,,true,,,,[],{},{},{},"{""entries"":[{""key"":""method"",""op"":""="",""value"":""farming""},{""key"":""category"",""op"":""="",""value"":""raw_material""},{""key"":""color"",""op"":""="",""value"":""goods_dyes""},{""key"":""default_market_price"",""op"":""="",""value"":4},{""key"":""transport_cost"",""op"":""="",""value"":0.5},{""key"":""ai_rgo_size_importance"",""op"":""="",""value"":3},{""key"":""max_rgo_size"",""op"":""="",""value"":0.5},{""key"":""transport_cost"",""op"":""="",""value"":1},{""key"":""block_rgo_upgrade"",""op"":""="",""value"":true}],""items"":[]}",/home/jan/development/ProsperOrPerishConstructor/mod/Prosper or Perish (Population Growth & Food Rework)/in_game/common/goods/pp_goods_adjustments.txt,134,constructor,Prosper or Perish Constructor,TRY_INJECT,"[{""file"":""/mnt/c/Games/steamapps/common/Europa Universalis V/game/in_game/common/goods/00_raw_materials.txt"",""layer_id"":""vanilla"",""layer_name"":""Vanilla"",""line"":184,""mod_name"":null,""mode"":""CREATE""},{""file"":""/home/jan/development/ProsperOrPerishConstructor/mod/Prosper or Perish (Population Growth & Food Rework)/in_game/common/goods/pp_goods_adjustments.txt"",""layer_id"":""constructor"",""layer_name"":""Prosper or Perish Constructor"",""line"":134,""mod_name"":""Prosper or Perish Constructor"",""mode"":""TRY_INJECT""}]"
incense,farming,raw_material,goods_incense,2.5,1.0,,true,,,,[],"{""clergy"":0.01}",{},"{""all"":0.5}","{""entries"":[{""key"":""method"",""op"":""="",""value"":""farming""},{""key"":""category"",""op"":""="",""value"":""raw_material""},{""key"":""color"",""op"":""="",""value"":""goods_incense""},{""key"":""default_market_price"",""op"":""="",""value"":2.5},{""key"":""transport_cost"",""op"":""="",""value"":0.5},{""key"":""demand_add"",""op"":""="",""value"":{""entries"":[{""key"":""clergy"",""op"":""="",""value"":0.01}],""items"":[]}},{""key"":""wealth_impact_threshold"",""op"":""="",""value"":{""entries"":[{""key"":""all"",""op"":""="",""value"":0.5}],""items"":[]}},{""key"":""block_rgo_upgrade"",""op"":""="",""value"":true},{""key"":""transport_cost"",""op"":""="",""value"":1}],""items"":[]}",/home/jan/development/ProsperOrPerishConstructor/mod/Prosper or Perish (Population Growth & Food Rework)/in_game/common/goods/pp_goods_adjustments.txt,67,constructor,Prosper or Perish Constructor,TRY_INJECT,"[{""file"":""/mnt/c/Games/steamapps/common/Europa Universalis V/game/in_game/common/goods/00_raw_materials.txt"",""layer_id"":""vanilla"",""layer_name"":""Vanilla"",""line"":194,""mod_name"":null,""mode"":""CREATE""},{""file"":""/home/jan/development/ProsperOrPerishConstructor/mod/Prosper or Perish (Population Growth & Food Rework)/in_game/common/goods/pp_goods_adjustments.txt"",""layer_id"":""constructor"",""layer_name"":""Prosper or Perish Constructor"",""line"":67,""mod_name"":""Prosper or Perish Constructor"",""mode"":""TRY_INJECT""}]"
tea,farming,raw_material,goods_tea,3.0,1.0,,true,,,,[],"{""burghers"":0.01,""clergy"":0.01,""nobles"":0.2}",{},"{""all"":0.75}","{""entries"":[{""key"":""method"",""op"":""="",""value"":""farming""},{""key"":""category"",""op"":""="",""value"":""raw_material""},{""key"":""color"",""op"":""="",""value"":""goods_tea""},{""key"":""default_market_price"",""op"":""="",""value"":3},{""key"":""demand_add"",""op"":""="",""value"":{""entries"":[{""key"":""nobles"",""op"":""="",""value"":0.2},{""key"":""burghers"",""op"":""="",""value"":0.01},{""key"":""clergy"",""op"":""="",""value"":0.01}],""items"":[]}},{""key"":""wealth_impact_threshold"",""op"":""="",""value"":{""entries"":[{""key"":""all"",""op"":""="",""value"":0.75}],""items"":[]}},{""key"":""block_rgo_upgrade"",""op"":""="",""value"":true}],""items"":[]}",/home/jan/development/ProsperOrPerishConstructor/mod/Prosper or Perish (Population Growth & Food Rework)/in_game/common/goods/pp_goods_adjustments.txt,246,constructor,Prosper or Perish Constructor,TRY_INJECT,"[{""file"":""/mnt/c/Games/steamapps/common/Europa Universalis V/game/in_game/common/goods/00_raw_materials.txt"",""layer_id"":""vanilla"",""layer_name"":""Vanilla"",""line"":210,""mod_name"":null,""mode"":""CREATE""},{""file"":""/home/jan/development/ProsperOrPerishConstructor/mod/Prosper or Perish (Population Growth & Food Rework)/in_game/common/goods/pp_goods_adjustments.txt"",""layer_id"":""constructor"",""layer_name"":""Prosper or Perish Constructor"",""line"":246,""mod_name"":""Prosper or Perish Constructor"",""mode"":""TRY_INJECT""}]"
cocoa,farming,raw_material,goods_cocoa,4.0,1.0,,true,,,true,"[""new_world_goods""]","{""burghers"":0.01,""clergy"":0.01,""nobles"":0.1}",{},"{""all"":0.75}","{""entries"":[{""key"":""method"",""op"":""="",""value"":""farming""},{""key"":""category"",""op"":""="",""value"":""raw_material""},{""key"":""color"",""op"":""="",""value"":""goods_cocoa""},{""key"":""default_market_price"",""op"":""="",""value"":4},{""key"":""ai_rgo_size_importance"",""op"":""="",""value"":5},{""key"":""demand_add"",""op"":""="",""value"":{""entries"":[{""key"":""nobles"",""op"":""="",""value"":0.1},{""key"":""burghers"",""op"":""="",""value"":0.01},{""key"":""clergy"",""op"":""="",""value"":0.01}],""items"":[]}},{""key"":""wealth_impact_threshold"",""op"":""="",""value"":{""entries"":[{""key"":""all"",""op"":""="",""value"":0.75}],""items"":[]}},{""key"":""origin_in_new_world"",""op"":""="",""value"":true},{""key"":""custom_tags"",""op"":""="",""value"":{""entries"":[],""items"":[""new_world_goods""]}},{""key"":""block_rgo_upgrade"",""op"":""="",""value"":true}],""items"":[]}",/home/jan/development/ProsperOrPerishConstructor/mod/Prosper or Perish (Population Growth & Food Rework)/in_game/common/goods/pp_goods_adjustments.txt,234,constructor,Prosper or Perish Constructor,TRY_INJECT,"[{""file"":""/mnt/c/Games/steamapps/common/Europa Universalis V/game/in_game/common/goods/00_raw_materials.txt"",""layer_id"":""vanilla"",""layer_name"":""Vanilla"",""line"":228,""mod_name"":null,""mode"":""CREATE""},{""file"":""/home/jan/development/ProsperOrPerishConstructor/mod/Prosper or Perish (Population Growth & Food Rework)/in_game/common/goods/pp_goods_adjustments.txt"",""layer_id"":""constructor"",""layer_name"":""Prosper or Perish Constructor"",""line"":234,""mod_name"":""Prosper or Perish Constructor"",""mode"":""TRY_INJECT""}]"
coffee,farming,raw_material,goods_coffee,3.0,1.0,,true,,true,,"[""old_world_goods""]","{""burghers"":0.001,""clergy"":0.0005,""nobles"":0.01,""soldiers"":0.001}",{},"{""all"":0.75}","{""entries"":[{""key"":""method"",""op"":""="",""value"":""farming""},{""key"":""category"",""op"":""="",""value"":""raw_material""},{""key"":""color"",""op"":""="",""value"":""goods_coffee""},{""key"":""default_market_price"",""op"":""="",""value"":3},{""key"":""ai_rgo_size_importance"",""op"":""="",""value"":3},{""key"":""demand_add"",""op"":""="",""value"":{""entries"":[{""key"":""nobles"",""op"":""="",""value"":0.01},{""key"":""burghers"",""op"":""="",""value"":0.001},{""key"":""clergy"",""op"":""="",""value"":0.0005},{""key"":""soldiers"",""op"":""="",""value"":0.001}],""items"":[]}},{""key"":""wealth_impact_threshold"",""op"":""="",""value"":{""entries"":[{""key"":""all"",""op"":""="",""value"":0.75}],""items"":[]}},{""key"":""origin_in_old_world"",""op"":""="",""value"":true},{""key"":""custom_tags"",""op"":""="",""value"":{""entries"":[],""items"":[""old_world_goods""]}},{""key"":""block_rgo_upgrade"",""op"":""="",""value"":true}],""items"":[]}",/home/jan/development/ProsperOrPerishConstructor/mod/Prosper or Perish (Population Growth & Food Rework)/in_game/common/goods/pp_goods_adjustments.txt,237,constructor,Prosper or Perish Constructor,TRY_INJECT,"[{""file"":""/mnt/c/Games/steamapps/common/Europa Universalis V/game/in_game/common/goods/00_raw_materials.txt"",""layer_id"":""vanilla"",""layer_name"":""Vanilla"",""line"":249,""mod_name"":null,""mode"":""CREATE""},{""file"":""/home/jan/development/ProsperOrPerishConstructor/mod/Prosper or Perish (Population Growth & Food Rework)/in_game/common/goods/pp_goods_adjustments.txt"",""layer_id"":""constructor"",""layer_name"":""Prosper or Perish Constructor"",""line"":237,""mod_name"":""Prosper or Perish Constructor"",""mode"":""TRY_INJECT""}]"
fiber_crops,farming,raw_material,goods_fiber_crops,2.0,1.0,,true,,,,[],{},{},{},"{""entries"":[{""key"":""method"",""op"":""="",""value"":""farming""},{""key"":""category"",""op"":""="",""value"":""raw_material""},{""key"":""color"",""op"":""="",""value"":""goods_fiber_crops""},{""key"":""default_market_price"",""op"":""="",""value"":2},{""key"":""block_rgo_upgrade"",""op"":""="",""value"":true}],""items"":[]}",/home/jan/development/ProsperOrPerishConstructor/mod/Prosper or Perish (Population Growth & Food Rework)/in_game/common/goods/pp_goods_adjustments.txt,167,constructor,Prosper or Perish Constructor,TRY_INJECT,"[{""file"":""/mnt/c/Games/steamapps/common/Europa Universalis V/game/in_game/common/goods/00_raw_materials.txt"",""layer_id"":""vanilla"",""layer_name"":""Vanilla"",""line"":272,""mod_name"":null,""mode"":""CREATE""},{""file"":""/home/jan/development/ProsperOrPerishConstructor/mod/Prosper or Perish (Population Growth & Food Rework)/in_game/common/goods/pp_goods_adjustments.txt"",""layer_id"":""constructor"",""layer_name"":""Prosper or Perish Constructor"",""line"":167,""mod_name"":""Prosper or Perish Constructor"",""mode"":""TRY_INJECT""}]"
ivory,hunting,raw_material,goods_ivory,4.0,1.0,,true,20.0,,,[],"{""nobles"":0.05}",{},"{""all"":1.1}","{""entries"":[{""key"":""method"",""op"":""="",""value"":""hunting""},{""key"":""category"",""op"":""="",""value"":""raw_material""},{""key"":""color"",""op"":""="",""value"":""goods_ivory""},{""key"":""default_market_price"",""op"":""="",""value"":4},{""key"":""ai_rgo_size_importance"",""op"":""="",""value"":4},{""key"":""demand_add"",""op"":""="",""value"":{""entries"":[{""key"":""nobles"",""op"":""="",""value"":0.05}],""items"":[]}},{""key"":""development_threshold"",""op"":""="",""value"":20},{""key"":""wealth_impact_threshold"",""op"":""="",""value"":{""entries"":[{""key"":""all"",""op"":""="",""value"":1.1}],""items"":[]}},{""key"":""sub_continent_demand_modifier"",""op"":""="",""value"":{""entries"":[{""key"":""south_asia"",""op"":""="",""value"":1.2}],""items"":[]}},{""key"":""block_rgo_upgrade"",""op"":""="",""value"":true}],""items"":[]}",/home/jan/development/ProsperOrPerishConstructor/mod/Prosper or Perish (Population Growth & Food Rework)/in_game/common/goods/pp_goods_adjustments.txt,200,constructor,Prosper or Perish Constructor,TRY_INJECT,"[{""file"":""/mnt/c/Games/steamapps/common/Europa Universalis V/game/in_game/common/goods/00_raw_materials.txt"",""layer_id"":""vanilla"",""layer_name"":""Vanilla"",""line"":281,""mod_name"":null,""mode"":""CREATE""},{""file"":""/home/jan/development/ProsperOrPerishConstructor/mod/Prosper or Perish (Population Growth & Food Rework)/in_game/common/goods/pp_goods_adjustments.txt"",""layer_id"":""constructor"",""layer_name"":""Prosper or Perish Constructor"",""line"":200,""mod_name"":""Prosper or Perish Constructor"",""mode"":""TRY_INJECT""}]"
lumber,forestry,raw_material,goods_lumber,1.75,1.0,,true,,,,[],"{""all"":0.00025,""burghers"":-0.00125,""clergy"":-0.00125,""laborers"":-0.00125,""nobles"":-0.00125,""peasants"":-0.00025,""slaves"":-0.00025,""soldiers"":-0.00125}","{""tribesmen"":0.0,""upper"":5.0}",{},"{""entries"":[{""key"":""method"",""op"":""="",""value"":""forestry""},{""key"":""category"",""op"":""="",""value"":""raw_material""},{""key"":""color"",""op"":""="",""value"":""goods_lumber""},{""key"":""default_market_price"",""op"":""="",""value"":1.5},{""key"":""base_production"",""op"":""="",""value"":0.01},{""key"":""transport_cost"",""op"":""="",""value"":1},{""key"":""ai_rgo_size_importance"",""op"":""="",""value"":3},{""key"":""ai_rgo_expansion_priority"",""op"":""="",""value"":0.025},{""key"":""demand_add"",""op"":""="",""value"":{""entries"":[{""key"":""all"",""op"":""="",""value"":0.00025},{""key"":""nobles"",""op"":""="",""value"":-0.00125},{""key"":""clergy"",""op"":""="",""value"":-0.00125},{""key"":""burghers"",""op"":""="",""value"":-0.00125},{""key"":""laborers"",""op"":""="",""value"":-0.00125},{""key"":""soldiers"",""op"":""="",""value"":-0.00125},{""key"":""peasants"",""op"":""="",""value"":-0.00025},{""key"":""slaves"",""op"":""="",""value"":-0.00025}],""items"":[]}},{""key"":""demand_multiply"",""op"":""="",""value"":{""entries"":[{""key"":""upper"",""op"":""="",""value"":5},{""key"":""tribesmen"",""op"":""="",""value"":0}],""items"":[]}},{""key"":""winter_demand_modifier"",""op"":""="",""value"":{""entries"":[{""key"":""none"",""op"":""="",""value"":0},{""key"":""mild"",""op"":""="",""value"":0.5},{""key"":""normal"",""op"":""="",""value"":1},{""key"":""severe"",""op"":""="",""value"":2}],""items"":[]}},{""key"":""topography_demand_modifier"",""op"":""="",""value"":{""entries"":[{""key"":""mountains"",""op"":""="",""value"":1.2}],""items"":[]}},{""key"":""location_potential"",""op"":""="",""value"":{""entries"":[{""key"":""location_wants_lumber_trigger"",""op"":""="",""value"":true}],""items"":[]}},{""key"":""default_market_price"",""op"":""="",""value"":1.75},{""key"":""transport_cost"",""op"":""="",""value"":1},{""key"":""block_rgo_upgrade"",""op"":""="",""value"":true}],""items"":[]}",/home/jan/development/ProsperOrPerishConstructor/mod/Prosper or Perish (Population Growth & Food Rework)/in_game/common/goods/pp_goods_adjustments.txt,138,constructor,Prosper or Perish Constructor,TRY_INJECT,"[{""file"":""/mnt/c/Games/steamapps/common/Europa Universalis V/game/in_game/common/goods/00_raw_materials.txt"",""layer_id"":""vanilla"",""layer_name"":""Vanilla"",""line"":303,""mod_name"":null,""mode"":""CREATE""},{""file"":""/home/jan/development/ProsperOrPerishConstructor/mod/Prosper or Perish (Population Growth & Food Rework)/in_game/common/goods/pp_goods_adjustments.txt"",""layer_id"":""constructor"",""layer_name"":""Prosper or Perish Constructor"",""line"":138,""mod_name"":""Prosper or Perish Constructor"",""mode"":""TRY_INJECT""}]"
salt,gathering,raw_material,goods_salt,5.0,1.0,,true,,,,[],"{""all"":0.0,""burghers"":0.02,""clergy"":0.02,""nobles"":0.05}",{},"{""all"":0.7}","{""entries"":[{""key"":""method"",""op"":""="",""value"":""gathering""},{""key"":""category"",""op"":""="",""value"":""raw_material""},{""key"":""color"",""op"":""="",""value"":""goods_salt""},{""key"":""default_market_price"",""op"":""="",""value"":4},{""key"":""demand_add"",""op"":""="",""value"":{""entries"":[{""key"":""nobles"",""op"":""="",""value"":0.05},{""key"":""burghers"",""op"":""="",""value"":0.02},{""key"":""clergy"",""op"":""="",""value"":0.02},{""key"":""all"",""op"":""="",""value"":0}],""items"":[]}},{""key"":""wealth_impact_threshold"",""op"":""="",""value"":{""entries"":[{""key"":""all"",""op"":""="",""value"":0.7}],""items"":[]}},{""key"":""winter_demand_modifier"",""op"":""="",""value"":{""entries"":[{""key"":""none"",""op"":""="",""value"":0.75},{""key"":""mild"",""op"":""="",""value"":1},{""key"":""normal"",""op"":""="",""value"":1.2},{""key"":""severe"",""op"":""="",""value"":2}],""items"":[]}},{""key"":""default_market_price"",""op"":""="",""value"":5},{""key"":""transport_cost"",""op"":""="",""value"":1},{""key"":""block_rgo_upgrade"",""op"":""="",""value"":true}],""items"":[]}",/home/jan/development/ProsperOrPerishConstructor/mod/Prosper or Perish (Population Growth & Food Rework)/in_game/common/goods/pp_goods_adjustments.txt,121,constructor,Prosper or Perish Constructor,TRY_INJECT,"[{""file"":""/mnt/c/Games/steamapps/common/Europa Universalis V/game/in_game/common/goods/00_raw_materials.txt"",""layer_id"":""vanilla"",""layer_name"":""Vanilla"",""line"":340,""mod_name"":null,""mode"":""CREATE""},{""file"":""/home/jan/development/ProsperOrPerishConstructor/mod/Prosper or Perish (Population Growth & Food Rework)/in_game/common/goods/pp_goods_adjustments.txt"",""layer_id"":""constructor"",""layer_name"":""Prosper or Perish Constructor"",""line"":121,""mod_name"":""Prosper or Perish Constructor"",""mode"":""TRY_INJECT""}]"
medicaments,gathering,raw_material,goods_medicaments,1.0,1.0,,true,,,,[],"{""all"":0.0004}","{""burghers"":1.5,""clergy"":2.5,""nobles"":5.0,""slaves"":0.1,""tribesmen"":0.0}","{""all"":1.1}","{""entries"":[{""key"":""method"",""op"":""="",""value"":""gathering""},{""key"":""category"",""op"":""="",""value"":""raw_material""},{""key"":""color"",""op"":""="",""value"":""goods_medicaments""},{""key"":""default_market_price"",""op"":""="",""value"":1},{""key"":""transport_cost"",""op"":""="",""value"":0.5},{""key"":""demand_add"",""op"":""="",""value"":{""entries"":[{""key"":""all"",""op"":""="",""value"":0.0004}],""items"":[]}},{""key"":""demand_multiply"",""op"":""="",""value"":{""entries"":[{""key"":""nobles"",""op"":""="",""value"":5},{""key"":""clergy"",""op"":""="",""value"":2.5},{""key"":""burghers"",""op"":""="",""value"":1.5},{""key"":""slaves"",""op"":""="",""value"":0.1},{""key"":""tribesmen"",""op"":""="",""value"":0}],""items"":[]}},{""key"":""wealth_impact_threshold"",""op"":""="",""value"":{""entries"":[{""key"":""all"",""op"":""="",""value"":1.1}],""items"":[]}},{""key"":""disease_demand_modifier"",""op"":""="",""value"":2},{""key"":""transport_cost"",""op"":""="",""value"":1},{""key"":""block_rgo_upgrade"",""op"":""="",""value"":true}],""items"":[]}",/home/jan/development/ProsperOrPerishConstructor/mod/Prosper or Perish (Population Growth & Food Rework)/in_game/common/goods/pp_goods_adjustments.txt,174,constructor,Prosper or Perish Constructor,TRY_INJECT,"[{""file"":""/mnt/c/Games/steamapps/common/Europa Universalis V/game/in_game/common/goods/00_raw_materials.txt"",""layer_id"":""vanilla"",""layer_name"":""Vanilla"",""line"":366,""mod_name"":null,""mode"":""CREATE""},{""file"":""/home/jan/development/ProsperOrPerishConstructor/mod/Prosper or Perish (Population Growth & Food Rework)/in_game/common/goods/pp_goods_adjustments.txt"",""layer_id"":""constructor"",""layer_name"":""Prosper or Perish Constructor"",""line"":174,""mod_name"":""Prosper or Perish Constructor"",""mode"":""TRY_INJECT""}]"
gems,mining,raw_material,goods_gems,4.0,1.0,,true,,,,[],"{""nobles"":0.05}",{},"{""all"":1.25}","{""entries"":[{""key"":""method"",""op"":""="",""value"":""mining""},{""key"":""category"",""op"":""="",""value"":""raw_material""},{""key"":""color"",""op"":""="",""value"":""goods_gems""},{""key"":""default_market_price"",""op"":""="",""value"":4},{""key"":""transport_cost"",""op"":""="",""value"":0.5},{""key"":""ai_rgo_size_importance"",""op"":""="",""value"":5},{""key"":""demand_add"",""op"":""="",""value"":{""entries"":[{""key"":""nobles"",""op"":""="",""value"":0.05}],""items"":[]}},{""key"":""wealth_impact_threshold"",""op"":""="",""value"":{""entries"":[{""key"":""all"",""op"":""="",""value"":1.25}],""items"":[]}},{""key"":""transport_cost"",""op"":""="",""value"":1},{""key"":""block_rgo_upgrade"",""op"":""="",""value"":true}],""items"":[]}",/home/jan/development/ProsperOrPerishConstructor/mod/Prosper or Perish (Population Growth & Food Rework)/in_game/common/goods/pp_goods_adjustments.txt,170,constructor,Prosper or Perish Constructor,TRY_INJECT,"[{""file"":""/mnt/c/Games/steamapps/common/Europa Universalis V/game/in_game/common/goods/00_raw_materials.txt"",""layer_id"":""vanilla"",""layer_name"":""Vanilla"",""line"":394,""mod_name"":null,""mode"":""CREATE""},{""file"":""/home/jan/development/ProsperOrPerishConstructor/mod/Prosper or Perish (Population Growth & Food Rework)/in_game/common/goods/pp_goods_adjustments.txt"",""layer_id"":""constructor"",""layer_name"":""Prosper or Perish Constructor"",""line"":170,""mod_name"":""Prosper or Perish Constructor"",""mode"":""TRY_INJECT""}]"
pearls,gathering,raw_material,goods_pearls,4.0,1.0,,true,20.0,,,[],"{""burghers"":0.0025,""nobles"":0.05}",{},"{""burghers"":1.5,""nobles"":1.0}","{""entries"":[{""key"":""method"",""op"":""="",""value"":""gathering""},{""key"":""category"",""op"":""="",""value"":""raw_material""},{""key"":""color"",""op"":""="",""value"":""goods_pearls""},{""key"":""default_market_price"",""op"":""="",""value"":4},{""key"":""demand_add"",""op"":""="",""value"":{""entries"":[{""key"":""nobles"",""op"":""="",""value"":0.05},{""key"":""burghers"",""op"":""="",""value"":0.0025}],""items"":[]}},{""key"":""development_threshold"",""op"":""="",""value"":20},{""key"":""wealth_impact_threshold"",""op"":""="",""value"":{""entries"":[{""key"":""nobles"",""op"":""="",""value"":1.0},{""key"":""burghers"",""op"":""="",""value"":1.5}],""items"":[]}},{""key"":""sub_continent_demand_modifier"",""op"":""="",""value"":{""entries"":[{""key"":""south_asia"",""op"":""="",""value"":2}],""items"":[]}},{""key"":""block_rgo_upgrade"",""op"":""="",""value"":true}],""items"":[]}",/home/jan/development/ProsperOrPerishConstructor/mod/Prosper or Perish (Population Growth & Food Rework)/in_game/common/goods/pp_goods_adjustments.txt,243,constructor,Prosper or Perish Constructor,TRY_INJECT,"[{""file"":""/mnt/c/Games/steamapps/common/Europa Universalis V/game/in_game/common/goods/00_raw_materials.txt"",""layer_id"":""vanilla"",""layer_name"":""Vanilla"",""line"":414,""mod_name"":null,""mode"":""CREATE""},{""file"":""/home/jan/development/ProsperOrPerishConstructor/mod/Prosper or Perish (Population Growth & Food Rework)/in_game/common/goods/pp_goods_adjustments.txt"",""layer_id"":""constructor"",""layer_name"":""Prosper or Perish Constructor"",""line"":243,""mod_name"":""Prosper or Perish Constructor"",""mode"":""TRY_INJECT""}]"
amber,gathering,raw_material,goods_amber,4.0,1.0,,true,,,,[],"{""burghers"":0.005,""nobles"":0.1}",{},"{""burghers"":1.5,""nobles"":1.0}","{""entries"":[{""key"":""method"",""op"":""="",""value"":""gathering""},{""key"":""category"",""op"":""="",""value"":""raw_material""},{""key"":""color"",""op"":""="",""value"":""goods_amber""},{""key"":""default_market_price"",""op"":""="",""value"":4},{""key"":""demand_add"",""op"":""="",""value"":{""entries"":[{""key"":""nobles"",""op"":""="",""value"":0.1},{""key"":""burghers"",""op"":""="",""value"":0.005}],""items"":[]}},{""key"":""wealth_impact_threshold"",""op"":""="",""value"":{""entries"":[{""key"":""nobles"",""op"":""="",""value"":1.0},{""key"":""burghers"",""op"":""="",""value"":1.5}],""items"":[]}},{""key"":""market_unavailability_demand_modifier"",""op"":""="",""value"":0.5},{""key"":""region_demand_modifier"",""op"":""="",""value"":{""entries"":[{""key"":""scandinavian_region"",""op"":""="",""value"":1.5},{""key"":""north_german_region"",""op"":""="",""value"":1.5},{""key"":""baltic_region"",""op"":""="",""value"":1.5}],""items"":[]}},{""key"":""block_rgo_upgrade"",""op"":""="",""value"":true}],""items"":[]}",/home/jan/development/ProsperOrPerishConstructor/mod/Prosper or Perish (Population Growth & Food Rework)/in_game/common/goods/pp_goods_adjustments.txt,227,constructor,Prosper or Perish Constructor,TRY_INJECT,"[{""file"":""/mnt/c/Games/steamapps/common/Europa Universalis V/game/in_game/common/goods/00_raw_materials.txt"",""layer_id"":""vanilla"",""layer_name"":""Vanilla"",""line"":437,""mod_name"":null,""mode"":""CREATE""},{""file"":""/home/jan/development/ProsperOrPerishConstructor/mod/Prosper or Perish (Population Growth & Food Rework)/in_game/common/goods/pp_goods_adjustments.txt"",""layer_id"":""constructor"",""layer_name"":""Prosper or Perish Constructor"",""line"":227,""mod_name"":""Prosper or Perish Constructor"",""mode"":""TRY_INJECT""}]"
saltpeter,mining,raw_material,goods_saltpeter,2.0,1.0,,true,,,,[],{},{},{},"{""entries"":[{""key"":""method"",""op"":""="",""value"":""mining""},{""key"":""category"",""op"":""="",""value"":""raw_material""},{""key"":""color"",""op"":""="",""value"":""goods_saltpeter""},{""key"":""default_market_price"",""op"":""="",""value"":2},{""key"":""block_rgo_upgrade"",""op"":""="",""value"":true}],""items"":[]}",/home/jan/development/ProsperOrPerishConstructor/mod/Prosper or Perish (Population Growth & Food Rework)/in_game/common/goods/pp_goods_adjustments.txt,153,constructor,Prosper or Perish Constructor,TRY_INJECT,"[{""file"":""/mnt/c/Games/steamapps/common/Europa Universalis V/game/in_game/common/goods/00_raw_materials.txt"",""layer_id"":""vanilla"",""layer_name"":""Vanilla"",""line"":462,""mod_name"":null,""mode"":""CREATE""},{""file"":""/home/jan/development/ProsperOrPerishConstructor/mod/Prosper or Perish (Population Growth & Food Rework)/in_game/common/goods/pp_goods_adjustments.txt"",""layer_id"":""constructor"",""layer_name"":""Prosper or Perish Constructor"",""line"":153,""mod_name"":""Prosper or Perish Constructor"",""mode"":""TRY_INJECT""}]"
alum,mining,raw_material,goods_alum,3.0,1.0,,true,,,,[],{},{},{},"{""entries"":[{""key"":""method"",""op"":""="",""value"":""mining""},{""key"":""category"",""op"":""="",""value"":""raw_material""},{""key"":""color"",""op"":""="",""value"":""goods_alum""},{""key"":""default_market_price"",""op"":""="",""value"":3},{""key"":""block_rgo_upgrade"",""op"":""="",""value"":true}],""items"":[]}",/home/jan/development/ProsperOrPerishConstructor/mod/Prosper or Perish (Population Growth & Food Rework)/in_game/common/goods/pp_goods_adjustments.txt,181,constructor,Prosper or Perish Constructor,TRY_INJECT,"[{""file"":""/mnt/c/Games/steamapps/common/Europa Universalis V/game/in_game/common/goods/00_raw_materials.txt"",""layer_id"":""vanilla"",""layer_name"":""Vanilla"",""line"":470,""mod_name"":null,""mode"":""CREATE""},{""file"":""/home/jan/development/ProsperOrPerishConstructor/mod/Prosper or Perish (Population Growth & Food Rework)/in_game/common/goods/pp_goods_adjustments.txt"",""layer_id"":""constructor"",""layer_name"":""Prosper or Perish Constructor"",""line"":181,""mod_name"":""Prosper or Perish Constructor"",""mode"":""TRY_INJECT""}]"
wine,farming,raw_material,goods_wine,2.0,1.0,,true,,true,,"[""old_world_goods""]","{""all"":0.0004}","{""nobles"":1.5,""slaves"":0.0,""tribesmen"":0.0,""upper"":10.0}",{},"{""entries"":[{""key"":""method"",""op"":""="",""value"":""farming""},{""key"":""category"",""op"":""="",""value"":""raw_material""},{""key"":""color"",""op"":""="",""value"":""goods_wine""},{""key"":""default_market_price"",""op"":""="",""value"":2},{""key"":""demand_add"",""op"":""="",""value"":{""entries"":[{""key"":""all"",""op"":""="",""value"":0.0004}],""items"":[]}},{""key"":""demand_multiply"",""op"":""="",""value"":{""entries"":[{""key"":""upper"",""op"":""="",""value"":10},{""key"":""nobles"",""op"":""="",""value"":1.5},{""key"":""slaves"",""op"":""="",""value"":0},{""key"":""tribesmen"",""op"":""="",""value"":0}],""items"":[]}},{""key"":""origin_in_old_world"",""op"":""="",""value"":true},{""key"":""custom_tags"",""op"":""="",""value"":{""entries"":[],""items"":[""old_world_goods""]}},{""key"":""region_demand_modifier"",""op"":""="",""value"":{""entries"":[{""key"":""iberia_region"",""op"":""="",""value"":2},{""key"":""italy_region"",""op"":""="",""value"":2},{""key"":""balkan_region"",""op"":""="",""value"":2}],""items"":[]}},{""key"":""sub_continent_demand_modifier"",""op"":""="",""value"":{""entries"":[{""key"":""south_asia"",""op"":""="",""value"":0.6}],""items"":[]}},{""key"":""block_rgo_upgrade"",""op"":""="",""value"":true}],""items"":[]}",/home/jan/development/ProsperOrPerishConstructor/mod/Prosper or Perish (Population Growth & Food Rework)/in_game/common/goods/pp_goods_adjustments.txt,131,constructor,Prosper or Perish Constructor,TRY_INJECT,"[{""file"":""/mnt/c/Games/steamapps/common/Europa Universalis V/game/in_game/common/goods/00_raw_materials.txt"",""layer_id"":""vanilla"",""layer_name"":""Vanilla"",""line"":477,""mod_name"":null,""mode"":""CREATE""},{""file"":""/home/jan/development/ProsperOrPerishConstructor/mod/Prosper or Perish (Population Growth & Food Rework)/in_game/common/goods/pp_goods_adjustments.txt"",""layer_id"":""constructor"",""layer_name"":""Prosper or Perish Constructor"",""line"":131,""mod_name"":""Prosper or Perish Constructor"",""mode"":""TRY_INJECT""}]"
elephants,farming,raw_material,goods_elephants,5.0,5.0,,true,,,,[],"{""nobles"":0.1}",{},"{""nobles"":2.0}","{""entries"":[{""key"":""method"",""op"":""="",""value"":""farming""},{""key"":""category"",""op"":""="",""value"":""raw_material""},{""key"":""color"",""op"":""="",""value"":""goods_elephants""},{""key"":""default_market_price"",""op"":""="",""value"":5},{""key"":""transport_cost"",""op"":""="",""value"":5},{""key"":""demand_add"",""op"":""="",""value"":{""entries"":[{""key"":""nobles"",""op"":""="",""value"":0.1}],""items"":[]}},{""key"":""wealth_impact_threshold"",""op"":""="",""value"":{""entries"":[{""key"":""nobles"",""op"":""="",""value"":2}],""items"":[]}},{""key"":""demand_only_in_sub_continent"",""op"":""="",""value"":""south_asia""},{""key"":""demand_only_in_region"",""op"":""="",""value"":""indochina_region""},{""key"":""block_rgo_upgrade"",""op"":""="",""value"":true}],""items"":[]}",/home/jan/development/ProsperOrPerishConstructor/mod/Prosper or Perish (Population Growth & Food Rework)/in_game/common/goods/pp_goods_adjustments.txt,240,constructor,Prosper or Perish Constructor,TRY_INJECT,"[{""file"":""/mnt/c/Games/steamapps/common/Europa Universalis V/game/in_game/common/goods/00_raw_materials.txt"",""layer_id"":""vanilla"",""layer_name"":""Vanilla"",""line"":506,""mod_name"":null,""mode"":""CREATE""},{""file"":""/home/jan/development/ProsperOrPerishConstructor/mod/Prosper or Perish (Population Growth & Food Rework)/in_game/common/goods/pp_goods_adjustments.txt"",""layer_id"":""constructor"",""layer_name"":""Prosper or Perish Constructor"",""line"":240,""mod_name"":""Prosper or Perish Constructor"",""mode"":""TRY_INJECT""}]"
marble,mining,raw_material,goods_marble,5.0,3.0,,true,40.0,,,[],"{""nobles"":0.05}",{},"{""nobles"":1.5}","{""entries"":[{""key"":""method"",""op"":""="",""value"":""mining""},{""key"":""category"",""op"":""="",""value"":""raw_material""},{""key"":""color"",""op"":""="",""value"":""goods_marble""},{""key"":""default_market_price"",""op"":""="",""value"":5},{""key"":""transport_cost"",""op"":""="",""value"":3},{""key"":""demand_add"",""op"":""="",""value"":{""entries"":[{""key"":""nobles"",""op"":""="",""value"":0.05}],""items"":[]}},{""key"":""development_threshold"",""op"":""="",""value"":40},{""key"":""wealth_impact_threshold"",""op"":""="",""value"":{""entries"":[{""key"":""nobles"",""op"":""="",""value"":1.5}],""items"":[]}},{""key"":""block_rgo_upgrade"",""op"":""="",""value"":true}],""items"":[]}",/home/jan/development/ProsperOrPerishConstructor/mod/Prosper or Perish (Population Growth & Food Rework)/in_game/common/goods/pp_goods_adjustments.txt,206,constructor,Prosper or Perish Constructor,TRY_INJECT,"[{""file"":""/mnt/c/Games/steamapps/common/Europa Universalis V/game/in_game/common/goods/00_raw_materials.txt"",""layer_id"":""vanilla"",""layer_name"":""Vanilla"",""line"":525,""mod_name"":null,""mode"":""CREATE""},{""file"":""/home/jan/development/ProsperOrPerishConstructor/mod/Prosper or Perish (Population Growth & Food Rework)/in_game/common/goods/pp_goods_adjustments.txt"",""layer_id"":""constructor"",""layer_name"":""Prosper or Perish Constructor"",""line"":206,""mod_name"":""Prosper or Perish Constructor"",""mode"":""TRY_INJECT""}]"
mercury,mining,raw_material,goods_mercury,3.0,1.0,,true,,,,[],"{""all"":5e-05}","{""tribesmen"":0.0}","{""all"":1.0}","{""entries"":[{""key"":""method"",""op"":""="",""value"":""mining""},{""key"":""category"",""op"":""="",""value"":""raw_material""},{""key"":""color"",""op"":""="",""value"":""goods_mercury""},{""key"":""default_market_price"",""op"":""="",""value"":3},{""key"":""demand_add"",""op"":""="",""value"":{""entries"":[{""key"":""all"",""op"":""="",""value"":5e-05}],""items"":[]}},{""key"":""wealth_impact_threshold"",""op"":""="",""value"":{""entries"":[{""key"":""all"",""op"":""="",""value"":1.0}],""items"":[]}},{""key"":""demand_multiply"",""op"":""="",""value"":{""entries"":[{""key"":""tribesmen"",""op"":""="",""value"":0}],""items"":[]}},{""key"":""block_rgo_upgrade"",""op"":""="",""value"":true}],""items"":[]}",/home/jan/development/ProsperOrPerishConstructor/mod/Prosper or Perish (Population Growth & Food Rework)/in_game/common/goods/pp_goods_adjustments.txt,209,constructor,Prosper or Perish Constructor,TRY_INJECT,"[{""file"":""/mnt/c/Games/steamapps/common/Europa Universalis V/game/in_game/common/goods/00_raw_materials.txt"",""layer_id"":""vanilla"",""layer_name"":""Vanilla"",""line"":544,""mod_name"":null,""mode"":""CREATE""},{""file"":""/home/jan/development/ProsperOrPerishConstructor/mod/Prosper or Perish (Population Growth & Food Rework)/in_game/common/goods/pp_goods_adjustments.txt"",""layer_id"":""constructor"",""layer_name"":""Prosper or Perish Constructor"",""line"":209,""mod_name"":""Prosper or Perish Constructor"",""mode"":""TRY_INJECT""}]"
saffron,farming,raw_material,goods_saffron,5.0,1.0,,true,,true,,"[""old_world_goods""]","{""burghers"":0.002,""clergy"":0.005,""nobles"":0.05}",{},"{""all"":1.1}","{""entries"":[{""key"":""method"",""op"":""="",""value"":""farming""},{""key"":""category"",""op"":""="",""value"":""raw_material""},{""key"":""color"",""op"":""="",""value"":""goods_saffron""},{""key"":""default_market_price"",""op"":""="",""value"":5},{""key"":""transport_cost"",""op"":""="",""value"":0.5},{""key"":""demand_add"",""op"":""="",""value"":{""entries"":[{""key"":""nobles"",""op"":""="",""value"":0.05},{""key"":""burghers"",""op"":""="",""value"":0.002},{""key"":""clergy"",""op"":""="",""value"":0.005}],""items"":[]}},{""key"":""wealth_impact_threshold"",""op"":""="",""value"":{""entries"":[{""key"":""all"",""op"":""="",""value"":1.1}],""items"":[]}},{""key"":""origin_in_old_world"",""op"":""="",""value"":true},{""key"":""custom_tags"",""op"":""="",""value"":{""entries"":[],""items"":[""old_world_goods""]}},{""key"":""block_rgo_upgrade"",""op"":""="",""value"":true},{""key"":""transport_cost"",""op"":""="",""value"":1}],""items"":[]}",/home/jan/development/ProsperOrPerishConstructor/mod/Prosper or Perish (Population Growth & Food Rework)/in_game/common/goods/pp_goods_adjustments.txt,71,constructor,Prosper or Perish Constructor,TRY_INJECT,"[{""file"":""/mnt/c/Games/steamapps/common/Europa Universalis V/game/in_game/common/goods/00_raw_materials.txt"",""layer_id"":""vanilla"",""layer_name"":""Vanilla"",""line"":564,""mod_name"":null,""mode"":""CREATE""},{""file"":""/home/jan/development/ProsperOrPerishConstructor/mod/Prosper or Perish (Population Growth & Food Rework)/in_game/common/goods/pp_goods_adjustments.txt"",""layer_id"":""constructor"",""layer_name"":""Prosper or Perish Constructor"",""line"":71,""mod_name"":""Prosper or Perish Constructor"",""mode"":""TRY_INJECT""}]"
pepper,farming,raw_material,goods_pepper,5.0,1.0,,true,,true,,"[""old_world_goods""]","{""burghers"":0.0025,""clergy"":0.005,""nobles"":0.05}",{},"{""all"":1.1}","{""entries"":[{""key"":""method"",""op"":""="",""value"":""farming""},{""key"":""category"",""op"":""="",""value"":""raw_material""},{""key"":""color"",""op"":""="",""value"":""goods_pepper""},{""key"":""default_market_price"",""op"":""="",""value"":5},{""key"":""transport_cost"",""op"":""="",""value"":0.5},{""key"":""demand_add"",""op"":""="",""value"":{""entries"":[{""key"":""nobles"",""op"":""="",""value"":0.05},{""key"":""burghers"",""op"":""="",""value"":0.0025},{""key"":""clergy"",""op"":""="",""value"":0.005}],""items"":[]}},{""key"":""wealth_impact_threshold"",""op"":""="",""value"":{""entries"":[{""key"":""all"",""op"":""="",""value"":1.1}],""items"":[]}},{""key"":""origin_in_old_world"",""op"":""="",""value"":true},{""key"":""custom_tags"",""op"":""="",""value"":{""entries"":[],""items"":[""old_world_goods""]}},{""key"":""sub_continent_demand_modifier"",""op"":""="",""value"":{""entries"":[{""key"":""south_asia"",""op"":""="",""value"":1.5}],""items"":[]}},{""key"":""block_rgo_upgrade"",""op"":""="",""value"":true},{""key"":""transport_cost"",""op"":""="",""value"":1}],""items"":[]}",/home/jan/development/ProsperOrPerishConstructor/mod/Prosper or Perish (Population Growth & Food Rework)/in_game/common/goods/pp_goods_adjustments.txt,63,constructor,Prosper or Perish Constructor,TRY_INJECT,"[{""file"":""/mnt/c/Games/steamapps/common/Europa Universalis V/game/in_game/common/goods/00_raw_materials.txt"",""layer_id"":""vanilla"",""layer_name"":""Vanilla"",""line"":585,""mod_name"":null,""mode"":""CREATE""},{""file"":""/home/jan/development/ProsperOrPerishConstructor/mod/Prosper or Perish (Population Growth & Food Rework)/in_game/common/goods/pp_goods_adjustments.txt"",""layer_id"":""constructor"",""layer_name"":""Prosper or Perish Constructor"",""line"":63,""mod_name"":""Prosper or Perish Constructor"",""mode"":""TRY_INJECT""}]"
cloves,farming,raw_material,goods_cloves,5.0,1.0,,true,,true,,"[""old_world_goods""]","{""burghers"":0.0025,""clergy"":0.005,""nobles"":0.05}",{},"{""all"":1.1}","{""entries"":[{""key"":""method"",""op"":""="",""value"":""farming""},{""key"":""category"",""op"":""="",""value"":""raw_material""},{""key"":""color"",""op"":""="",""value"":""goods_cloves""},{""key"":""default_market_price"",""op"":""="",""value"":5},{""key"":""transport_cost"",""op"":""="",""value"":0.5},{""key"":""demand_add"",""op"":""="",""value"":{""entries"":[{""key"":""nobles"",""op"":""="",""value"":0.05},{""key"":""burghers"",""op"":""="",""value"":0.0025},{""key"":""clergy"",""op"":""="",""value"":0.005}],""items"":[]}},{""key"":""wealth_impact_threshold"",""op"":""="",""value"":{""entries"":[{""key"":""all"",""op"":""="",""value"":1.1}],""items"":[]}},{""key"":""origin_in_old_world"",""op"":""="",""value"":true},{""key"":""custom_tags"",""op"":""="",""value"":{""entries"":[],""items"":[""old_world_goods""]}},{""key"":""transport_cost"",""op"":""="",""value"":1},{""key"":""block_rgo_upgrade"",""op"":""="",""value"":true}],""items"":[]}",/home/jan/development/ProsperOrPerishConstructor/mod/Prosper or Perish (Population Growth & Food Rework)/in_game/common/goods/pp_goods_adjustments.txt,230,constructor,Prosper or Perish Constructor,TRY_INJECT,"[{""file"":""/mnt/c/Games/steamapps/common/Europa Universalis V/game/in_game/common/goods/00_raw_materials.txt"",""layer_id"":""vanilla"",""layer_name"":""Vanilla"",""line"":608,""mod_name"":null,""mode"":""CREATE""},{""file"":""/home/jan/development/ProsperOrPerishConstructor/mod/Prosper or Perish (Population Growth & Food Rework)/in_game/common/goods/pp_goods_adjustments.txt"",""layer_id"":""constructor"",""layer_name"":""Prosper or Perish Constructor"",""line"":230,""mod_name"":""Prosper or Perish Constructor"",""mode"":""TRY_INJECT""}]"
chili,farming,raw_material,goods_chili,5.0,1.0,,true,,,true,"[""new_world_goods""]","{""burghers"":0.0025,""clergy"":0.005,""nobles"":0.05}",{},"{""all"":1.1}","{""entries"":[{""key"":""method"",""op"":""="",""value"":""farming""},{""key"":""category"",""op"":""="",""value"":""raw_material""},{""key"":""color"",""op"":""="",""value"":""goods_chili""},{""key"":""default_market_price"",""op"":""="",""value"":5},{""key"":""transport_cost"",""op"":""="",""value"":0.5},{""key"":""demand_add"",""op"":""="",""value"":{""entries"":[{""key"":""nobles"",""op"":""="",""value"":0.05},{""key"":""burghers"",""op"":""="",""value"":0.0025},{""key"":""clergy"",""op"":""="",""value"":0.005}],""items"":[]}},{""key"":""wealth_impact_threshold"",""op"":""="",""value"":{""entries"":[{""key"":""all"",""op"":""="",""value"":1.1}],""items"":[]}},{""key"":""origin_in_new_world"",""op"":""="",""value"":true},{""key"":""custom_tags"",""op"":""="",""value"":{""entries"":[],""items"":[""new_world_goods""]}},{""key"":""block_rgo_upgrade"",""op"":""="",""value"":true},{""key"":""transport_cost"",""op"":""="",""value"":1}],""items"":[]}",/home/jan/development/ProsperOrPerishConstructor/mod/Prosper or Perish (Population Growth & Food Rework)/in_game/common/goods/pp_goods_adjustments.txt,75,constructor,Prosper or Perish Constructor,TRY_INJECT,"[{""file"":""/mnt/c/Games/steamapps/common/Europa Universalis V/game/in_game/common/goods/00_raw_materials.txt"",""layer_id"":""vanilla"",""layer_name"":""Vanilla"",""line"":628,""mod_name"":null,""mode"":""CREATE""},{""file"":""/home/jan/development/ProsperOrPerishConstructor/mod/Prosper or Perish (Population Growth & Food Rework)/in_game/common/goods/pp_goods_adjustments.txt"",""layer_id"":""constructor"",""layer_name"":""Prosper or Perish Constructor"",""line"":75,""mod_name"":""Prosper or Perish Constructor"",""mode"":""TRY_INJECT""}]"
wool,farming,raw_material,goods_wool,2.5,1.0,0.0,true,,true,,"[""old_world_goods""]",{},{},{},"{""entries"":[{""key"":""method"",""op"":""="",""value"":""farming""},{""key"":""category"",""op"":""="",""value"":""raw_material""},{""key"":""color"",""op"":""="",""value"":""goods_wool""},{""key"":""default_market_price"",""op"":""="",""value"":2.5},{""key"":""base_production"",""op"":""="",""value"":0.0005},{""key"":""ai_rgo_size_importance"",""op"":""="",""value"":1.5},{""key"":""origin_in_old_world"",""op"":""="",""value"":true},{""key"":""custom_tags"",""op"":""="",""value"":{""entries"":[],""items"":[""old_world_goods""]}},{""key"":""food"",""op"":""="",""value"":0},{""key"":""block_rgo_upgrade"",""op"":""="",""value"":true}],""items"":[]}",/home/jan/development/ProsperOrPerishConstructor/mod/Prosper or Perish (Population Growth & Food Rework)/in_game/common/goods/pp_goods_adjustments.txt,3,constructor,Prosper or Perish Constructor,TRY_INJECT,"[{""file"":""/mnt/c/Games/steamapps/common/Europa Universalis V/game/in_game/common/goods/00_raw_materials.txt"",""layer_id"":""vanilla"",""layer_name"":""Vanilla"",""line"":651,""mod_name"":null,""mode"":""CREATE""},{""file"":""/home/jan/development/ProsperOrPerishConstructor/mod/Prosper or Perish (Population Growth & Food Rework)/in_game/common/goods/pp_goods_adjustments.txt"",""layer_id"":""constructor"",""layer_name"":""Prosper or Perish Constructor"",""line"":3,""mod_name"":""Prosper or Perish Constructor"",""mode"":""TRY_INJECT""}]"
cotton,farming,raw_material,goods_cotton,3.0,1.0,,true,,true,,"[""old_world_goods""]",{},{},{},"{""entries"":[{""key"":""method"",""op"":""="",""value"":""farming""},{""key"":""category"",""op"":""="",""value"":""raw_material""},{""key"":""color"",""op"":""="",""value"":""goods_cotton""},{""key"":""default_market_price"",""op"":""="",""value"":3},{""key"":""ai_rgo_size_importance"",""op"":""="",""value"":5},{""key"":""origin_in_old_world"",""op"":""="",""value"":true},{""key"":""custom_tags"",""op"":""="",""value"":{""entries"":[],""items"":[""old_world_goods""]}},{""key"":""block_rgo_upgrade"",""op"":""="",""value"":true}],""items"":[]}",/home/jan/development/ProsperOrPerishConstructor/mod/Prosper or Perish (Population Growth & Food Rework)/in_game/common/goods/pp_goods_adjustments.txt,190,constructor,Prosper or Perish Constructor,TRY_INJECT,"[{""file"":""/mnt/c/Games/steamapps/common/Europa Universalis V/game/in_game/common/goods/01_plantation_goods.txt"",""layer_id"":""vanilla"",""layer_name"":""Vanilla"",""line"":1,""mod_name"":null,""mode"":""CREATE""},{""file"":""/home/jan/development/ProsperOrPerishConstructor/mod/Prosper or Perish (Population Growth & Food Rework)/in_game/common/goods/pp_goods_adjustments.txt"",""layer_id"":""constructor"",""layer_name"":""Prosper or Perish Constructor"",""line"":190,""mod_name"":""Prosper or Perish Constructor"",""mode"":""TRY_INJECT""}]"
sugar,farming,raw_material,goods_sugar,3.0,1.0,,true,,true,,"[""old_world_goods""]","{""burghers"":0.005,""clergy"":0.005,""nobles"":0.05}",{},{},"{""entries"":[{""key"":""method"",""op"":""="",""value"":""farming""},{""key"":""category"",""op"":""="",""value"":""raw_material""},{""key"":""color"",""op"":""="",""value"":""goods_sugar""},{""key"":""default_market_price"",""op"":""="",""value"":3},{""key"":""ai_rgo_size_importance"",""op"":""="",""value"":5},{""key"":""demand_add"",""op"":""="",""value"":{""entries"":[{""key"":""nobles"",""op"":""="",""value"":0.05},{""key"":""burghers"",""op"":""="",""value"":0.005},{""key"":""clergy"",""op"":""="",""value"":0.005}],""items"":[]}},{""key"":""origin_in_old_world"",""op"":""="",""value"":true},{""key"":""custom_tags"",""op"":""="",""value"":{""entries"":[],""items"":[""old_world_goods""]}},{""key"":""block_rgo_upgrade"",""op"":""="",""value"":true}],""items"":[]}",/home/jan/development/ProsperOrPerishConstructor/mod/Prosper or Perish (Population Growth & Food Rework)/in_game/common/goods/pp_goods_adjustments.txt,218,constructor,Prosper or Perish Constructor,TRY_INJECT,"[{""file"":""/mnt/c/Games/steamapps/common/Europa Universalis V/game/in_game/common/goods/01_plantation_goods.txt"",""layer_id"":""vanilla"",""layer_name"":""Vanilla"",""line"":12,""mod_name"":null,""mode"":""CREATE""},{""file"":""/home/jan/development/ProsperOrPerishConstructor/mod/Prosper or Perish (Population Growth & Food Rework)/in_game/common/goods/pp_goods_adjustments.txt"",""layer_id"":""constructor"",""layer_name"":""Prosper or Perish Constructor"",""line"":218,""mod_name"":""Prosper or Perish Constructor"",""mode"":""TRY_INJECT""}]"
tobacco,farming,raw_material,goods_tobacco,3.0,1.0,,true,,,true,"[""new_world_goods""]","{""burghers"":0.005,""clergy"":0.005,""nobles"":0.05}",{},{},"{""entries"":[{""key"":""method"",""op"":""="",""value"":""farming""},{""key"":""category"",""op"":""="",""value"":""raw_material""},{""key"":""color"",""op"":""="",""value"":""goods_tobacco""},{""key"":""default_market_price"",""op"":""="",""value"":3},{""key"":""ai_rgo_size_importance"",""op"":""="",""value"":5},{""key"":""demand_add"",""op"":""="",""value"":{""entries"":[{""key"":""nobles"",""op"":""="",""value"":0.05},{""key"":""burghers"",""op"":""="",""value"":0.005},{""key"":""clergy"",""op"":""="",""value"":0.005}],""items"":[]}},{""key"":""origin_in_new_world"",""op"":""="",""value"":true},{""key"":""custom_tags"",""op"":""="",""value"":{""entries"":[],""items"":[""new_world_goods""]}},{""key"":""block_rgo_upgrade"",""op"":""="",""value"":true}],""items"":[]}",/home/jan/development/ProsperOrPerishConstructor/mod/Prosper or Perish (Population Growth & Food Rework)/in_game/common/goods/pp_goods_adjustments.txt,224,constructor,Prosper or Perish Constructor,TRY_INJECT,"[{""file"":""/mnt/c/Games/steamapps/common/Europa Universalis V/game/in_game/common/goods/01_plantation_goods.txt"",""layer_id"":""vanilla"",""layer_name"":""Vanilla"",""line"":30,""mod_name"":null,""mode"":""CREATE""},{""file"":""/home/jan/development/ProsperOrPerishConstructor/mod/Prosper or Perish (Population Growth & Food Rework)/in_game/common/goods/pp_goods_adjustments.txt"",""layer_id"":""constructor"",""layer_name"":""Prosper or Perish Constructor"",""line"":224,""mod_name"":""Prosper or Perish Constructor"",""mode"":""TRY_INJECT""}]"
tar,,produced,goods_tar,2.0,1.0,,,,,,[],{},{},{},"{""entries"":[{""key"":""category"",""op"":""="",""value"":""produced""},{""key"":""color"",""op"":""="",""value"":""goods_tar""},{""key"":""default_market_price"",""op"":""="",""value"":2}],""items"":[]}",/mnt/c/Games/steamapps/common/Europa Universalis V/game/in_game/common/goods/02_produced_goods.txt,1,vanilla,,CREATE,"[{""file"":""/mnt/c/Games/steamapps/common/Europa Universalis V/game/in_game/common/goods/02_produced_goods.txt"",""layer_id"":""vanilla"",""layer_name"":""Vanilla"",""line"":1,""mod_name"":null,""mode"":""CREATE""}]"
porcelain,,produced,goods_porcelain,3.0,1.0,,,20.0,,,[],"{""burghers"":0.003,""upper"":0.009}","{""nobles"":2.0}","{""all"":1.1}","{""entries"":[{""key"":""category"",""op"":""="",""value"":""produced""},{""key"":""color"",""op"":""="",""value"":""goods_porcelain""},{""key"":""default_market_price"",""op"":""="",""value"":3},{""key"":""transport_cost"",""op"":""="",""value"":0.5},{""key"":""demand_add"",""op"":""="",""value"":{""entries"":[{""key"":""upper"",""op"":""="",""value"":0.009},{""key"":""burghers"",""op"":""="",""value"":0.003}],""items"":[]}},{""key"":""demand_multiply"",""op"":""="",""value"":{""entries"":[{""key"":""nobles"",""op"":""="",""value"":2}],""items"":[]}},{""key"":""development_threshold"",""op"":""="",""value"":20},{""key"":""wealth_impact_threshold"",""op"":""="",""value"":{""entries"":[{""key"":""all"",""op"":""="",""value"":1.1}],""items"":[]}},{""key"":""transport_cost"",""op"":""="",""value"":1}],""items"":[]}",/home/jan/development/ProsperOrPerishConstructor/mod/Prosper or Perish (Population Growth & Food Rework)/in_game/common/goods/pp_goods_adjustments.txt,79,constructor,Prosper or Perish Constructor,TRY_INJECT,"[{""file"":""/mnt/c/Games/steamapps/common/Europa Universalis V/game/in_game/common/goods/02_produced_goods.txt"",""layer_id"":""vanilla"",""layer_name"":""Vanilla"",""line"":7,""mod_name"":null,""mode"":""CREATE""},{""file"":""/home/jan/development/ProsperOrPerishConstructor/mod/Prosper or Perish (Population Growth & Food Rework)/in_game/common/goods/pp_goods_adjustments.txt"",""layer_id"":""constructor"",""layer_name"":""Prosper or Perish Constructor"",""line"":79,""mod_name"":""Prosper or Perish Constructor"",""mode"":""TRY_INJECT""}]"
naval_supplies,,produced,goods_naval_supplies,3.0,1.0,,,,,,[],{},{},{},"{""entries"":[{""key"":""category"",""op"":""="",""value"":""produced""},{""key"":""color"",""op"":""="",""value"":""goods_naval_supplies""},{""key"":""default_market_price"",""op"":""="",""value"":3}],""items"":[]}",/mnt/c/Games/steamapps/common/Europa Universalis V/game/in_game/common/goods/02_produced_goods.txt,30,vanilla,,CREATE,"[{""file"":""/mnt/c/Games/steamapps/common/Europa Universalis V/game/in_game/common/goods/02_produced_goods.txt"",""layer_id"":""vanilla"",""layer_name"":""Vanilla"",""line"":30,""mod_name"":null,""mode"":""CREATE""}]"
firearms,,produced,goods_firearms,3.0,1.0,,,,,,[],"{""nobles"":0.2,""soldiers"":0.001}",{},"{""all"":1.2}","{""entries"":[{""key"":""category"",""op"":""="",""value"":""produced""},{""key"":""color"",""op"":""="",""value"":""goods_firearms""},{""key"":""default_market_price"",""op"":""="",""value"":3},{""key"":""transport_cost"",""op"":""="",""value"":1.0},{""key"":""demand_add"",""op"":""="",""value"":{""entries"":[{""key"":""nobles"",""op"":""="",""value"":0.2},{""key"":""soldiers"",""op"":""="",""value"":0.001}],""items"":[]}},{""key"":""wealth_impact_threshold"",""op"":""="",""value"":{""entries"":[{""key"":""all"",""op"":""="",""value"":1.2}],""items"":[]}}],""items"":[]}",/mnt/c/Games/steamapps/common/Europa Universalis V/game/in_game/common/goods/02_produced_goods.txt,38,vanilla,,CREATE,"[{""file"":""/mnt/c/Games/steamapps/common/Europa Universalis V/game/in_game/common/goods/02_produced_goods.txt"",""layer_id"":""vanilla"",""layer_name"":""Vanilla"",""line"":38,""mod_name"":null,""mode"":""CREATE""}]"
cannons,,produced,goods_cannons,4.0,1.0,,,,,,[],{},{},{},"{""entries"":[{""key"":""category"",""op"":""="",""value"":""produced""},{""key"":""color"",""op"":""="",""value"":""goods_cannons""},{""key"":""default_market_price"",""op"":""="",""value"":4},{""key"":""transport_cost"",""op"":""="",""value"":1.0}],""items"":[]}",/mnt/c/Games/steamapps/common/Europa Universalis V/game/in_game/common/goods/02_produced_goods.txt,54,vanilla,,CREATE,"[{""file"":""/mnt/c/Games/steamapps/common/Europa Universalis V/game/in_game/common/goods/02_produced_goods.txt"",""layer_id"":""vanilla"",""layer_name"":""Vanilla"",""line"":54,""mod_name"":null,""mode"":""CREATE""}]"
weaponry,,produced,goods_weaponry,3.0,1.0,,,,,,[],"{""laborers"":0.0005,""nobles"":0.1,""peasants"":0.0005,""soldiers"":0.0025}",{},"{""all"":1.1}","{""entries"":[{""key"":""category"",""op"":""="",""value"":""produced""},{""key"":""color"",""op"":""="",""value"":""goods_weaponry""},{""key"":""default_market_price"",""op"":""="",""value"":3},{""key"":""demand_add"",""op"":""="",""value"":{""entries"":[{""key"":""nobles"",""op"":""="",""value"":0.1},{""key"":""soldiers"",""op"":""="",""value"":0.0025},{""key"":""laborers"",""op"":""="",""value"":0.0005},{""key"":""peasants"",""op"":""="",""value"":0.0005}],""items"":[]}},{""key"":""wealth_impact_threshold"",""op"":""="",""value"":{""entries"":[{""key"":""all"",""op"":""="",""value"":1.1}],""items"":[]}}],""items"":[]}",/mnt/c/Games/steamapps/common/Europa Universalis V/game/in_game/common/goods/02_produced_goods.txt,62,vanilla,,CREATE,"[{""file"":""/mnt/c/Games/steamapps/common/Europa Universalis V/game/in_game/common/goods/02_produced_goods.txt"",""layer_id"":""vanilla"",""layer_name"":""Vanilla"",""line"":62,""mod_name"":null,""mode"":""CREATE""}]"
glass,,produced,goods_glass,3.0,1.0,,,20.0,,,[],"{""burghers"":0.025,""clergy"":0.01,""nobles"":0.1}",{},{},"{""entries"":[{""key"":""category"",""op"":""="",""value"":""produced""},{""key"":""color"",""op"":""="",""value"":""goods_glass""},{""key"":""default_market_price"",""op"":""="",""value"":3},{""key"":""transport_cost"",""op"":""="",""value"":0.5},{""key"":""demand_add"",""op"":""="",""value"":{""entries"":[{""key"":""nobles"",""op"":""="",""value"":0.1},{""key"":""burghers"",""op"":""="",""value"":0.025},{""key"":""clergy"",""op"":""="",""value"":0.01}],""items"":[]}},{""key"":""development_threshold"",""op"":""="",""value"":20},{""key"":""transport_cost"",""op"":""="",""value"":1}],""items"":[]}",/home/jan/development/ProsperOrPerishConstructor/mod/Prosper or Perish (Population Growth & Food Rework)/in_game/common/goods/pp_goods_adjustments.txt,82,constructor,Prosper or Perish Constructor,TRY_INJECT,"[{""file"":""/mnt/c/Games/steamapps/common/Europa Universalis V/game/in_game/common/goods/02_produced_goods.txt"",""layer_id"":""vanilla"",""layer_name"":""Vanilla"",""line"":79,""mod_name"":null,""mode"":""CREATE""},{""file"":""/home/jan/development/ProsperOrPerishConstructor/mod/Prosper or Perish (Population Growth & Food Rework)/in_game/common/goods/pp_goods_adjustments.txt"",""layer_id"":""constructor"",""layer_name"":""Prosper or Perish Constructor"",""line"":82,""mod_name"":""Prosper or Perish Constructor"",""mode"":""TRY_INJECT""}]"
steel,,produced,goods_steel,5.0,1.0,,,,,,[],{},{},{},"{""entries"":[{""key"":""category"",""op"":""="",""value"":""produced""},{""key"":""color"",""op"":""="",""value"":""goods_steel""},{""key"":""default_market_price"",""op"":""="",""value"":5},{""key"":""transport_cost"",""op"":""="",""value"":1}],""items"":[]}",/mnt/c/Games/steamapps/common/Europa Universalis V/game/in_game/common/goods/02_produced_goods.txt,95,vanilla,,CREATE,"[{""file"":""/mnt/c/Games/steamapps/common/Europa Universalis V/game/in_game/common/goods/02_produced_goods.txt"",""layer_id"":""vanilla"",""layer_name"":""Vanilla"",""line"":95,""mod_name"":null,""mode"":""CREATE""}]"
cloth,,produced,goods_cloth,3.0,1.0,,,,,,[],"{""burghers"":0.045,""clergy"":0.09,""laborers"":0.00338,""peasants"":0.00225,""slaves"":0.00113,""soldiers"":0.0045}",{},"{""all"":0.5}","{""entries"":[{""key"":""category"",""op"":""="",""value"":""produced""},{""key"":""color"",""op"":""="",""value"":""goods_cloth""},{""key"":""default_market_price"",""op"":""="",""value"":3},{""key"":""transport_cost"",""op"":""="",""value"":0.5},{""key"":""demand_add"",""op"":""="",""value"":{""entries"":[{""key"":""peasants"",""op"":""="",""value"":0.00225},{""key"":""soldiers"",""op"":""="",""value"":0.0045},{""key"":""laborers"",""op"":""="",""value"":0.00338},{""key"":""slaves"",""op"":""="",""value"":0.00113},{""key"":""burghers"",""op"":""="",""value"":0.045},{""key"":""clergy"",""op"":""="",""value"":0.09}],""items"":[]}},{""key"":""wealth_impact_threshold"",""op"":""="",""value"":{""entries"":[{""key"":""all"",""op"":""="",""value"":0.5}],""items"":[]}},{""key"":""winter_demand_modifier"",""op"":""="",""value"":{""entries"":[{""key"":""none"",""op"":""="",""value"":0.5},{""key"":""mild"",""op"":""="",""value"":1},{""key"":""normal"",""op"":""="",""value"":1.5},{""key"":""severe"",""op"":""="",""value"":2}],""items"":[]}},{""key"":""transport_cost"",""op"":""="",""value"":1}],""items"":[]}",/home/jan/development/ProsperOrPerishConstructor/mod/Prosper or Perish (Population Growth & Food Rework)/in_game/common/goods/pp_goods_adjustments.txt,85,constructor,Prosper or Perish Constructor,TRY_INJECT,"[{""file"":""/mnt/c/Games/steamapps/common/Europa Universalis V/game/in_game/common/goods/02_produced_goods.txt"",""layer_id"":""vanilla"",""layer_name"":""Vanilla"",""line"":103,""mod_name"":null,""mode"":""CREATE""},{""file"":""/home/jan/development/ProsperOrPerishConstructor/mod/Prosper or Perish (Population Growth & Food Rework)/in_game/common/goods/pp_goods_adjustments.txt"",""layer_id"":""constructor"",""layer_name"":""Prosper or Perish Constructor"",""line"":85,""mod_name"":""Prosper or Perish Constructor"",""mode"":""TRY_INJECT""}]"
fine_cloth,,produced,goods_fine_cloth,6.0,1.0,,,20.0,,,[],"{""burghers"":0.03,""clergy"":0.04,""nobles"":0.25}",{},"{""all"":1.25}","{""entries"":[{""key"":""category"",""op"":""="",""value"":""produced""},{""key"":""color"",""op"":""="",""value"":""goods_fine_cloth""},{""key"":""default_market_price"",""op"":""="",""value"":6},{""key"":""transport_cost"",""op"":""="",""value"":0.5},{""key"":""demand_add"",""op"":""="",""value"":{""entries"":[{""key"":""nobles"",""op"":""="",""value"":0.25},{""key"":""burghers"",""op"":""="",""value"":0.03},{""key"":""clergy"",""op"":""="",""value"":0.04}],""items"":[]}},{""key"":""development_threshold"",""op"":""="",""value"":20},{""key"":""wealth_impact_threshold"",""op"":""="",""value"":{""entries"":[{""key"":""all"",""op"":""="",""value"":1.25}],""items"":[]}},{""key"":""transport_cost"",""op"":""="",""value"":1}],""items"":[]}",/home/jan/development/ProsperOrPerishConstructor/mod/Prosper or Perish (Population Growth & Food Rework)/in_game/common/goods/pp_goods_adjustments.txt,88,constructor,Prosper or Perish Constructor,TRY_INJECT,"[{""file"":""/mnt/c/Games/steamapps/common/Europa Universalis V/game/in_game/common/goods/02_produced_goods.txt"",""layer_id"":""vanilla"",""layer_name"":""Vanilla"",""line"":130,""mod_name"":null,""mode"":""CREATE""},{""file"":""/home/jan/development/ProsperOrPerishConstructor/mod/Prosper or Perish (Population Growth & Food Rework)/in_game/common/goods/pp_goods_adjustments.txt"",""layer_id"":""constructor"",""layer_name"":""Prosper or Perish Constructor"",""line"":88,""mod_name"":""Prosper or Perish Constructor"",""mode"":""TRY_INJECT""}]"
liquor,,produced,goods_liquor,2.5,1.0,,,,,,[],"{""all"":0.00072}","{""nobles"":2.0,""slaves"":0.0,""tribesmen"":0.0,""upper"":5.0}","{""all"":0.5}","{""entries"":[{""key"":""category"",""op"":""="",""value"":""produced""},{""key"":""color"",""op"":""="",""value"":""goods_liquor""},{""key"":""default_market_price"",""op"":""="",""value"":2.5},{""key"":""transport_cost"",""op"":""="",""value"":0.5},{""key"":""demand_add"",""op"":""="",""value"":{""entries"":[{""key"":""all"",""op"":""="",""value"":0.00072}],""items"":[]}},{""key"":""demand_multiply"",""op"":""="",""value"":{""entries"":[{""key"":""upper"",""op"":""="",""value"":5},{""key"":""nobles"",""op"":""="",""value"":2},{""key"":""slaves"",""op"":""="",""value"":0},{""key"":""tribesmen"",""op"":""="",""value"":0}],""items"":[]}},{""key"":""wealth_impact_threshold"",""op"":""="",""value"":{""entries"":[{""key"":""all"",""op"":""="",""value"":0.5}],""items"":[]}},{""key"":""region_demand_modifier"",""op"":""="",""value"":{""entries"":[{""key"":""iberia_region"",""op"":""="",""value"":0.5},{""key"":""italy_region"",""op"":""="",""value"":0.5},{""key"":""balkan_region"",""op"":""="",""value"":0.5},{""key"":""scandinavian_region"",""op"":""="",""value"":2},{""key"":""ural_region"",""op"":""="",""value"":2},{""key"":""russian_region"",""op"":""="",""value"":2}],""items"":[]}},{""key"":""transport_cost"",""op"":""="",""value"":1}],""items"":[]}",/home/jan/development/ProsperOrPerishConstructor/mod/Prosper or Perish (Population Growth & Food Rework)/in_game/common/goods/pp_goods_adjustments.txt,91,constructor,Prosper or Perish Constructor,TRY_INJECT,"[{""file"":""/mnt/c/Games/steamapps/common/Europa Universalis V/game/in_game/common/goods/02_produced_goods.txt"",""layer_id"":""vanilla"",""layer_name"":""Vanilla"",""line"":151,""mod_name"":null,""mode"":""CREATE""},{""file"":""/home/jan/development/ProsperOrPerishConstructor/mod/Prosper or Perish (Population Growth & Food Rework)/in_game/common/goods/pp_goods_adjustments.txt"",""layer_id"":""constructor"",""layer_name"":""Prosper or Perish Constructor"",""line"":91,""mod_name"":""Prosper or Perish Constructor"",""mode"":""TRY_INJECT""}]"
beer,,produced,goods_beer,2.0,1.0,,,,,,[],"{""all"":0.0024}","{""burghers"":2.0,""clergy"":2.0,""laborers"":2.0,""nobles"":2.0,""slaves"":0.0,""soldiers"":3.0,""tribesmen"":0.0,""upper"":5.0}","{""all"":0.75}","{""entries"":[{""key"":""category"",""op"":""="",""value"":""produced""},{""key"":""color"",""op"":""="",""value"":""goods_beer""},{""key"":""default_market_price"",""op"":""="",""value"":2},{""key"":""transport_cost"",""op"":""="",""value"":0.5},{""key"":""demand_add"",""op"":""="",""value"":{""entries"":[{""key"":""all"",""op"":""="",""value"":0.0024}],""items"":[]}},{""key"":""demand_multiply"",""op"":""="",""value"":{""entries"":[{""key"":""upper"",""op"":""="",""value"":5},{""key"":""nobles"",""op"":""="",""value"":2},{""key"":""clergy"",""op"":""="",""value"":2},{""key"":""burghers"",""op"":""="",""value"":2},{""key"":""laborers"",""op"":""="",""value"":2},{""key"":""soldiers"",""op"":""="",""value"":3},{""key"":""slaves"",""op"":""="",""value"":0},{""key"":""tribesmen"",""op"":""="",""value"":0}],""items"":[]}},{""key"":""wealth_impact_threshold"",""op"":""="",""value"":{""entries"":[{""key"":""all"",""op"":""="",""value"":0.75}],""items"":[]}},{""key"":""region_demand_modifier"",""op"":""="",""value"":{""entries"":[{""key"":""iberia_region"",""op"":""="",""value"":0.5},{""key"":""italy_region"",""op"":""="",""value"":0.5},{""key"":""balkan_region"",""op"":""="",""value"":0.5}],""items"":[]}},{""key"":""transport_cost"",""op"":""="",""value"":1}],""items"":[]}",/home/jan/development/ProsperOrPerishConstructor/mod/Prosper or Perish (Population Growth & Food Rework)/in_game/common/goods/pp_goods_adjustments.txt,94,constructor,Prosper or Perish Constructor,TRY_INJECT,"[{""file"":""/mnt/c/Games/steamapps/common/Europa Universalis V/game/in_game/common/goods/02_produced_goods.txt"",""layer_id"":""vanilla"",""layer_name"":""Vanilla"",""line"":183,""mod_name"":null,""mode"":""CREATE""},{""file"":""/home/jan/development/ProsperOrPerishConstructor/mod/Prosper or Perish (Population Growth & Food Rework)/in_game/common/goods/pp_goods_adjustments.txt"",""layer_id"":""constructor"",""layer_name"":""Prosper or Perish Constructor"",""line"":94,""mod_name"":""Prosper or Perish Constructor"",""mode"":""TRY_INJECT""}]"
paper,,produced,goods_paper,2.0,1.0,,,20.0,,,[],"{""burghers"":0.034,""clergy"":0.067,""nobles"":0.017}",{},"{""all"":1.2}","{""entries"":[{""key"":""category"",""op"":""="",""value"":""produced""},{""key"":""color"",""op"":""="",""value"":""goods_paper""},{""key"":""default_market_price"",""op"":""="",""value"":2},{""key"":""transport_cost"",""op"":""="",""value"":0.5},{""key"":""demand_add"",""op"":""="",""value"":{""entries"":[{""key"":""nobles"",""op"":""="",""value"":0.017},{""key"":""burghers"",""op"":""="",""value"":0.034},{""key"":""clergy"",""op"":""="",""value"":0.067}],""items"":[]}},{""key"":""development_threshold"",""op"":""="",""value"":20},{""key"":""literacy_demand_factor"",""op"":""="",""value"":1},{""key"":""wealth_impact_threshold"",""op"":""="",""value"":{""entries"":[{""key"":""all"",""op"":""="",""value"":1.2}],""items"":[]}},{""key"":""transport_cost"",""op"":""="",""value"":1}],""items"":[]}",/home/jan/development/ProsperOrPerishConstructor/mod/Prosper or Perish (Population Growth & Food Rework)/in_game/common/goods/pp_goods_adjustments.txt,97,constructor,Prosper or Perish Constructor,TRY_INJECT,"[{""file"":""/mnt/c/Games/steamapps/common/Europa Universalis V/game/in_game/common/goods/02_produced_goods.txt"",""layer_id"":""vanilla"",""layer_name"":""Vanilla"",""line"":215,""mod_name"":null,""mode"":""CREATE""},{""file"":""/home/jan/development/ProsperOrPerishConstructor/mod/Prosper or Perish (Population Growth & Food Rework)/in_game/common/goods/pp_goods_adjustments.txt"",""layer_id"":""constructor"",""layer_name"":""Prosper or Perish Constructor"",""line"":97,""mod_name"":""Prosper or Perish Constructor"",""mode"":""TRY_INJECT""}]"
books,,produced,goods_books,3.0,1.0,,,30.0,,,[],"{""burghers"":0.03,""clergy"":0.06,""nobles"":0.015}",{},"{""all"":1.1}","{""entries"":[{""key"":""category"",""op"":""="",""value"":""produced""},{""key"":""color"",""op"":""="",""value"":""goods_books""},{""key"":""default_market_price"",""op"":""="",""value"":3},{""key"":""transport_cost"",""op"":""="",""value"":0.5},{""key"":""demand_add"",""op"":""="",""value"":{""entries"":[{""key"":""nobles"",""op"":""="",""value"":0.015},{""key"":""burghers"",""op"":""="",""value"":0.03},{""key"":""clergy"",""op"":""="",""value"":0.06}],""items"":[]}},{""key"":""development_threshold"",""op"":""="",""value"":30},{""key"":""literacy_demand_factor"",""op"":""="",""value"":1},{""key"":""wealth_impact_threshold"",""op"":""="",""value"":{""entries"":[{""key"":""all"",""op"":""="",""value"":1.1}],""items"":[]}},{""key"":""transport_cost"",""op"":""="",""value"":1}],""items"":[]}",/home/jan/development/ProsperOrPerishConstructor/mod/Prosper or Perish (Population Growth & Food Rework)/in_game/common/goods/pp_goods_adjustments.txt,100,constructor,Prosper or Perish Constructor,TRY_INJECT,"[{""file"":""/mnt/c/Games/steamapps/common/Europa Universalis V/game/in_game/common/goods/02_produced_goods.txt"",""layer_id"":""vanilla"",""layer_name"":""Vanilla"",""line"":238,""mod_name"":null,""mode"":""CREATE""},{""file"":""/home/jan/development/ProsperOrPerishConstructor/mod/Prosper or Perish (Population Growth & Food Rework)/in_game/common/goods/pp_goods_adjustments.txt"",""layer_id"":""constructor"",""layer_name"":""Prosper or Perish Constructor"",""line"":100,""mod_name"":""Prosper or Perish Constructor"",""mode"":""TRY_INJECT""}]"
jewelry,,produced,goods_jewelry,5.0,1.0,,,,,,[],"{""burghers"":0.005,""nobles"":0.1}",{},"{""all"":1.2}","{""entries"":[{""key"":""category"",""op"":""="",""value"":""produced""},{""key"":""color"",""op"":""="",""value"":""goods_jewelry""},{""key"":""default_market_price"",""op"":""="",""value"":5},{""key"":""transport_cost"",""op"":""="",""value"":0.5},{""key"":""demand_add"",""op"":""="",""value"":{""entries"":[{""key"":""nobles"",""op"":""="",""value"":0.1},{""key"":""burghers"",""op"":""="",""value"":0.005}],""items"":[]}},{""key"":""wealth_impact_threshold"",""op"":""="",""value"":{""entries"":[{""key"":""all"",""op"":""="",""value"":1.2}],""items"":[]}},{""key"":""transport_cost"",""op"":""="",""value"":1}],""items"":[]}",/home/jan/development/ProsperOrPerishConstructor/mod/Prosper or Perish (Population Growth & Food Rework)/in_game/common/goods/pp_goods_adjustments.txt,103,constructor,Prosper or Perish Constructor,TRY_INJECT,"[{""file"":""/mnt/c/Games/steamapps/common/Europa Universalis V/game/in_game/common/goods/02_produced_goods.txt"",""layer_id"":""vanilla"",""layer_name"":""Vanilla"",""line"":262,""mod_name"":null,""mode"":""CREATE""},{""file"":""/home/jan/development/ProsperOrPerishConstructor/mod/Prosper or Perish (Population Growth & Food Rework)/in_game/common/goods/pp_goods_adjustments.txt"",""layer_id"":""constructor"",""layer_name"":""Prosper or Perish Constructor"",""line"":103,""mod_name"":""Prosper or Perish Constructor"",""mode"":""TRY_INJECT""}]"
leather,,produced,goods_leather,3.0,1.0,,,,,,[],"{""laborers"":0.0025,""nobles"":0.025,""peasants"":0.00025,""soldiers"":0.005}",{},{},"{""entries"":[{""key"":""category"",""op"":""="",""value"":""produced""},{""key"":""color"",""op"":""="",""value"":""goods_leather""},{""key"":""default_market_price"",""op"":""="",""value"":3},{""key"":""demand_add"",""op"":""="",""value"":{""entries"":[{""key"":""nobles"",""op"":""="",""value"":0.025},{""key"":""soldiers"",""op"":""="",""value"":0.005},{""key"":""laborers"",""op"":""="",""value"":0.0025},{""key"":""peasants"",""op"":""="",""value"":0.00025}],""items"":[]}}],""items"":[]}",/mnt/c/Games/steamapps/common/Europa Universalis V/game/in_game/common/goods/02_produced_goods.txt,279,vanilla,,CREATE,"[{""file"":""/mnt/c/Games/steamapps/common/Europa Universalis V/game/in_game/common/goods/02_produced_goods.txt"",""layer_id"":""vanilla"",""layer_name"":""Vanilla"",""line"":279,""mod_name"":null,""mode"":""CREATE""}]"
tools,,produced,goods_tools,3.25,1.0,,,,,,[],"{""laborers"":0.001}",{},"{""all"":0.75}","{""entries"":[{""key"":""category"",""op"":""="",""value"":""produced""},{""key"":""color"",""op"":""="",""value"":""goods_tools""},{""key"":""default_market_price"",""op"":""="",""value"":3},{""key"":""transport_cost"",""op"":""="",""value"":0.5},{""key"":""demand_add"",""op"":""="",""value"":{""entries"":[{""key"":""laborers"",""op"":""="",""value"":0.001}],""items"":[]}},{""key"":""wealth_impact_threshold"",""op"":""="",""value"":{""entries"":[{""key"":""all"",""op"":""="",""value"":0.75}],""items"":[]}},{""key"":""transport_cost"",""op"":""="",""value"":1},{""key"":""default_market_price"",""op"":""="",""value"":3.25}],""items"":[]}",/home/jan/development/ProsperOrPerishConstructor/mod/Prosper or Perish (Population Growth & Food Rework)/in_game/common/goods/pp_goods_adjustments.txt,106,constructor,Prosper or Perish Constructor,TRY_INJECT,"[{""file"":""/mnt/c/Games/steamapps/common/Europa Universalis V/game/in_game/common/goods/02_produced_goods.txt"",""layer_id"":""vanilla"",""layer_name"":""Vanilla"",""line"":293,""mod_name"":null,""mode"":""CREATE""},{""file"":""/home/jan/development/ProsperOrPerishConstructor/mod/Prosper or Perish (Population Growth & Food Rework)/in_game/common/goods/pp_goods_adjustments.txt"",""layer_id"":""constructor"",""layer_name"":""Prosper or Perish Constructor"",""line"":106,""mod_name"":""Prosper or Perish Constructor"",""mode"":""TRY_INJECT""}]"
masonry,,produced,goods_masonry,1.0,1.0,,,,,,[],"{""all"":1e-05,""laborers"":0.0003,""peasants"":0.0002}","{""slaves"":0.0,""tribesmen"":0.0,""upper"":1.5}","{""all"":1.0}","{""entries"":[{""key"":""category"",""op"":""="",""value"":""produced""},{""key"":""color"",""op"":""="",""value"":""goods_masonry""},{""key"":""default_market_price"",""op"":""="",""value"":1},{""key"":""demand_add"",""op"":""="",""value"":{""entries"":[{""key"":""all"",""op"":""="",""value"":1e-05},{""key"":""laborers"",""op"":""="",""value"":0.0003},{""key"":""peasants"",""op"":""="",""value"":0.0002}],""items"":[]}},{""key"":""demand_multiply"",""op"":""="",""value"":{""entries"":[{""key"":""upper"",""op"":""="",""value"":1.5},{""key"":""slaves"",""op"":""="",""value"":0},{""key"":""tribesmen"",""op"":""="",""value"":0}],""items"":[]}},{""key"":""wealth_impact_threshold"",""op"":""="",""value"":{""entries"":[{""key"":""all"",""op"":""="",""value"":1.0}],""items"":[]}},{""key"":""ai_rgo_expansion_priority"",""op"":""="",""value"":0.25}],""items"":[]}",/mnt/c/Games/steamapps/common/Europa Universalis V/game/in_game/common/goods/02_produced_goods.txt,310,vanilla,,CREATE,"[{""file"":""/mnt/c/Games/steamapps/common/Europa Universalis V/game/in_game/common/goods/02_produced_goods.txt"",""layer_id"":""vanilla"",""layer_name"":""Vanilla"",""line"":310,""mod_name"":null,""mode"":""CREATE""}]"
lacquerware,,produced,goods_lacquerware,5.0,1.0,,,20.0,,,[],"{""burghers"":0.02,""nobles"":0.05}",{},"{""all"":1.2}","{""entries"":[{""key"":""category"",""op"":""="",""value"":""produced""},{""key"":""color"",""op"":""="",""value"":""goods_lacquerware""},{""key"":""default_market_price"",""op"":""="",""value"":5},{""key"":""transport_cost"",""op"":""="",""value"":0.5},{""key"":""demand_add"",""op"":""="",""value"":{""entries"":[{""key"":""nobles"",""op"":""="",""value"":0.05},{""key"":""burghers"",""op"":""="",""value"":0.02}],""items"":[]}},{""key"":""development_threshold"",""op"":""="",""value"":20},{""key"":""wealth_impact_threshold"",""op"":""="",""value"":{""entries"":[{""key"":""all"",""op"":""="",""value"":1.2}],""items"":[]}},{""key"":""transport_cost"",""op"":""="",""value"":1}],""items"":[]}",/home/jan/development/ProsperOrPerishConstructor/mod/Prosper or Perish (Population Growth & Food Rework)/in_game/common/goods/pp_goods_adjustments.txt,110,constructor,Prosper or Perish Constructor,TRY_INJECT,"[{""file"":""/mnt/c/Games/steamapps/common/Europa Universalis V/game/in_game/common/goods/02_produced_goods.txt"",""layer_id"":""vanilla"",""layer_name"":""Vanilla"",""line"":334,""mod_name"":null,""mode"":""CREATE""},{""file"":""/home/jan/development/ProsperOrPerishConstructor/mod/Prosper or Perish (Population Growth & Food Rework)/in_game/common/goods/pp_goods_adjustments.txt"",""layer_id"":""constructor"",""layer_name"":""Prosper or Perish Constructor"",""line"":110,""mod_name"":""Prosper or Perish Constructor"",""mode"":""TRY_INJECT""}]"
pottery,,produced,goods_pottery,1.0,1.0,,,,,,[],"{""all"":0.0015}","{""burghers"":2.0,""laborers"":1.5,""slaves"":0.0,""tribesmen"":0.0}",{},"{""entries"":[{""key"":""category"",""op"":""="",""value"":""produced""},{""key"":""color"",""op"":""="",""value"":""goods_pottery""},{""key"":""default_market_price"",""op"":""="",""value"":1},{""key"":""transport_cost"",""op"":""="",""value"":0.5},{""key"":""demand_add"",""op"":""="",""value"":{""entries"":[{""key"":""all"",""op"":""="",""value"":0.0015}],""items"":[]}},{""key"":""demand_multiply"",""op"":""="",""value"":{""entries"":[{""key"":""laborers"",""op"":""="",""value"":1.5},{""key"":""burghers"",""op"":""="",""value"":2.0},{""key"":""slaves"",""op"":""="",""value"":0},{""key"":""tribesmen"",""op"":""="",""value"":0}],""items"":[]}},{""key"":""transport_cost"",""op"":""="",""value"":1}],""items"":[]}",/home/jan/development/ProsperOrPerishConstructor/mod/Prosper or Perish (Population Growth & Food Rework)/in_game/common/goods/pp_goods_adjustments.txt,113,constructor,Prosper or Perish Constructor,TRY_INJECT,"[{""file"":""/mnt/c/Games/steamapps/common/Europa Universalis V/game/in_game/common/goods/02_produced_goods.txt"",""layer_id"":""vanilla"",""layer_name"":""Vanilla"",""line"":352,""mod_name"":null,""mode"":""CREATE""},{""file"":""/home/jan/development/ProsperOrPerishConstructor/mod/Prosper or Perish (Population Growth & Food Rework)/in_game/common/goods/pp_goods_adjustments.txt"",""layer_id"":""constructor"",""layer_name"":""Prosper or Perish Constructor"",""line"":113,""mod_name"":""Prosper or Perish Constructor"",""mode"":""TRY_INJECT""}]"
furniture,,produced,goods_furniture,3.0,1.0,,,,,,[],"{""all"":0.0009}","{""nobles"":2.0,""slaves"":0.0,""tribesmen"":0.0,""upper"":10.0}","{""all"":1.0}","{""entries"":[{""key"":""category"",""op"":""="",""value"":""produced""},{""key"":""color"",""op"":""="",""value"":""goods_furniture""},{""key"":""default_market_price"",""op"":""="",""value"":3},{""key"":""transport_cost"",""op"":""="",""value"":0.5},{""key"":""demand_add"",""op"":""="",""value"":{""entries"":[{""key"":""all"",""op"":""="",""value"":0.0009}],""items"":[]}},{""key"":""demand_multiply"",""op"":""="",""value"":{""entries"":[{""key"":""upper"",""op"":""="",""value"":10},{""key"":""nobles"",""op"":""="",""value"":2},{""key"":""slaves"",""op"":""="",""value"":0},{""key"":""tribesmen"",""op"":""="",""value"":0}],""items"":[]}},{""key"":""wealth_impact_threshold"",""op"":""="",""value"":{""entries"":[{""key"":""all"",""op"":""="",""value"":1.0}],""items"":[]}},{""key"":""transport_cost"",""op"":""="",""value"":1}],""items"":[]}",/home/jan/development/ProsperOrPerishConstructor/mod/Prosper or Perish (Population Growth & Food Rework)/in_game/common/goods/pp_goods_adjustments.txt,116,constructor,Prosper or Perish Constructor,TRY_INJECT,"[{""file"":""/mnt/c/Games/steamapps/common/Europa Universalis V/game/in_game/common/goods/02_produced_goods.txt"",""layer_id"":""vanilla"",""layer_name"":""Vanilla"",""line"":370,""mod_name"":null,""mode"":""CREATE""},{""file"":""/home/jan/development/ProsperOrPerishConstructor/mod/Prosper or Perish (Population Growth & Food Rework)/in_game/common/goods/pp_goods_adjustments.txt"",""layer_id"":""constructor"",""layer_name"":""Prosper or Perish Constructor"",""line"":116,""mod_name"":""Prosper or Perish Constructor"",""mode"":""TRY_INJECT""}]"
wild_game,hunting,raw_material,goods_wild_game,1.0,1.0,0.0,true,,,,[],"{""all"":0.0004}","{""burghers"":5.0,""clergy"":5.0,""nobles"":20.0,""tribesmen"":0.0}",{},"{""entries"":[{""key"":""method"",""op"":""="",""value"":""hunting""},{""key"":""category"",""op"":""="",""value"":""raw_material""},{""key"":""color"",""op"":""="",""value"":""goods_wild_game""},{""key"":""food"",""op"":""="",""value"":3.5},{""key"":""default_market_price"",""op"":""="",""value"":1},{""key"":""demand_add"",""op"":""="",""value"":{""entries"":[{""key"":""all"",""op"":""="",""value"":0.0004}],""items"":[]}},{""key"":""demand_multiply"",""op"":""="",""value"":{""entries"":[{""key"":""nobles"",""op"":""="",""value"":20},{""key"":""clergy"",""op"":""="",""value"":5},{""key"":""burghers"",""op"":""="",""value"":5},{""key"":""tribesmen"",""op"":""="",""value"":0}],""items"":[]}},{""key"":""no_demand_if_no_market_availability"",""op"":""="",""value"":true},{""key"":""food"",""op"":""="",""value"":-3.5},{""key"":""block_rgo_upgrade"",""op"":""="",""value"":true}],""items"":[]}",/home/jan/development/ProsperOrPerishConstructor/mod/Prosper or Perish (Population Growth & Food Rework)/in_game/common/goods/pp_goods_adjustments.txt,7,constructor,Prosper or Perish Constructor,TRY_INJECT,"[{""file"":""/mnt/c/Games/steamapps/common/Europa Universalis V/game/in_game/common/goods/03_food.txt"",""layer_id"":""vanilla"",""layer_name"":""Vanilla"",""line"":3,""mod_name"":null,""mode"":""CREATE""},{""file"":""/home/jan/development/ProsperOrPerishConstructor/mod/Prosper or Perish (Population Growth & Food Rework)/in_game/common/goods/pp_goods_adjustments.txt"",""layer_id"":""constructor"",""layer_name"":""Prosper or Perish Constructor"",""line"":7,""mod_name"":""Prosper or Perish Constructor"",""mode"":""TRY_INJECT""}]"
fur,hunting,raw_material,goods_fur,2.0,1.0,0.0,true,,,,[],"{""upper"":0.05}","{""nobles"":10.0}","{""all"":1.0}","{""entries"":[{""key"":""method"",""op"":""="",""value"":""hunting""},{""key"":""category"",""op"":""="",""value"":""raw_material""},{""key"":""color"",""op"":""="",""value"":""goods_fur""},{""key"":""default_market_price"",""op"":""="",""value"":2},{""key"":""food"",""op"":""="",""value"":2.0},{""key"":""demand_add"",""op"":""="",""value"":{""entries"":[{""key"":""upper"",""op"":""="",""value"":0.05}],""items"":[]}},{""key"":""demand_multiply"",""op"":""="",""value"":{""entries"":[{""key"":""nobles"",""op"":""="",""value"":10}],""items"":[]}},{""key"":""wealth_impact_threshold"",""op"":""="",""value"":{""entries"":[{""key"":""all"",""op"":""="",""value"":1.0}],""items"":[]}},{""key"":""winter_demand_modifier"",""op"":""="",""value"":{""entries"":[{""key"":""none"",""op"":""="",""value"":0},{""key"":""mild"",""op"":""="",""value"":0.5},{""key"":""normal"",""op"":""="",""value"":1},{""key"":""severe"",""op"":""="",""value"":2}],""items"":[]}},{""key"":""topography_demand_modifier"",""op"":""="",""value"":{""entries"":[{""key"":""mountains"",""op"":""="",""value"":1.1}],""items"":[]}},{""key"":""food"",""op"":""="",""value"":-2.0},{""key"":""block_rgo_upgrade"",""op"":""="",""value"":true}],""items"":[]}",/home/jan/development/ProsperOrPerishConstructor/mod/Prosper or Perish (Population Growth & Food Rework)/in_game/common/goods/pp_goods_adjustments.txt,11,constructor,Prosper or Perish Constructor,TRY_INJECT,"[{""file"":""/mnt/c/Games/steamapps/common/Europa Universalis V/game/in_game/common/goods/03_food.txt"",""layer_id"":""vanilla"",""layer_name"":""Vanilla"",""line"":24,""mod_name"":null,""mode"":""CREATE""},{""file"":""/home/jan/development/ProsperOrPerishConstructor/mod/Prosper or Perish (Population Growth & Food Rework)/in_game/common/goods/pp_goods_adjustments.txt"",""layer_id"":""constructor"",""layer_name"":""Prosper or Perish Constructor"",""line"":11,""mod_name"":""Prosper or Perish Constructor"",""mode"":""TRY_INJECT""}]"
fish,gathering,raw_material,goods_fish,1.0,1.0,0.0,true,,,,[],"{""all"":0.001,""laborers"":0.002,""peasants"":0.002,""soldiers"":0.002}","{""tribesmen"":0.0}",{},"{""entries"":[{""key"":""method"",""op"":""="",""value"":""gathering""},{""key"":""category"",""op"":""="",""value"":""raw_material""},{""key"":""color"",""op"":""="",""value"":""goods_fish""},{""key"":""food"",""op"":""="",""value"":5.0},{""key"":""default_market_price"",""op"":""="",""value"":1},{""key"":""demand_add"",""op"":""="",""value"":{""entries"":[{""key"":""all"",""op"":""="",""value"":0.001},{""key"":""peasants"",""op"":""="",""value"":0.002},{""key"":""laborers"",""op"":""="",""value"":0.002},{""key"":""soldiers"",""op"":""="",""value"":0.002}],""items"":[]}},{""key"":""demand_multiply"",""op"":""="",""value"":{""entries"":[{""key"":""tribesmen"",""op"":""="",""value"":0}],""items"":[]}},{""key"":""food"",""op"":""="",""value"":-5.0},{""key"":""block_rgo_upgrade"",""op"":""="",""value"":true}],""items"":[]}",/home/jan/development/ProsperOrPerishConstructor/mod/Prosper or Perish (Population Growth & Food Rework)/in_game/common/goods/pp_goods_adjustments.txt,15,constructor,Prosper or Perish Constructor,TRY_INJECT,"[{""file"":""/mnt/c/Games/steamapps/common/Europa Universalis V/game/in_game/common/goods/03_food.txt"",""layer_id"":""vanilla"",""layer_name"":""Vanilla"",""line"":56,""mod_name"":null,""mode"":""CREATE""},{""file"":""/home/jan/development/ProsperOrPerishConstructor/mod/Prosper or Perish (Population Growth & Food Rework)/in_game/common/goods/pp_goods_adjustments.txt"",""layer_id"":""constructor"",""layer_name"":""Prosper or Perish Constructor"",""line"":15,""mod_name"":""Prosper or Perish Constructor"",""mode"":""TRY_INJECT""}]"
wheat,farming,raw_material,goods_wheat,1.0,1.0,0.0,true,,true,,"[""old_world_goods""]","{""all"":0.001,""laborers"":0.0015,""peasants"":0.002,""soldiers"":0.0015}","{""slaves"":0.0,""tribesmen"":0.0,""upper"":2.5}",{},"{""entries"":[{""key"":""method"",""op"":""="",""value"":""farming""},{""key"":""category"",""op"":""="",""value"":""raw_material""},{""key"":""color"",""op"":""="",""value"":""goods_wheat""},{""key"":""food"",""op"":""="",""value"":8.0},{""key"":""default_market_price"",""op"":""="",""value"":1},{""key"":""demand_add"",""op"":""="",""value"":{""entries"":[{""key"":""all"",""op"":""="",""value"":0.001},{""key"":""peasants"",""op"":""="",""value"":0.002},{""key"":""laborers"",""op"":""="",""value"":0.0015},{""key"":""soldiers"",""op"":""="",""value"":0.0015}],""items"":[]}},{""key"":""demand_multiply"",""op"":""="",""value"":{""entries"":[{""key"":""upper"",""op"":""="",""value"":2.5},{""key"":""slaves"",""op"":""="",""value"":0},{""key"":""tribesmen"",""op"":""="",""value"":0}],""items"":[]}},{""key"":""origin_in_old_world"",""op"":""="",""value"":true},{""key"":""custom_tags"",""op"":""="",""value"":{""entries"":[],""items"":[""old_world_goods""]}},{""key"":""continent_demand_modifier"",""op"":""="",""value"":{""entries"":[{""key"":""europe"",""op"":""="",""value"":2}],""items"":[]}},{""key"":""climate_demand_modifier"",""op"":""="",""value"":{""entries"":[{""key"":""subtropical"",""op"":""="",""value"":0.5},{""key"":""tropical"",""op"":""="",""value"":0.5}],""items"":[]}},{""key"":""food"",""op"":""="",""value"":-8.0},{""key"":""block_rgo_upgrade"",""op"":""="",""value"":true}],""items"":[]}",/home/jan/development/ProsperOrPerishConstructor/mod/Prosper or Perish (Population Growth & Food Rework)/in_game/common/goods/pp_goods_adjustments.txt,19,constructor,Prosper or Perish Constructor,TRY_INJECT,"[{""file"":""/mnt/c/Games/steamapps/common/Europa Universalis V/game/in_game/common/goods/03_food.txt"",""layer_id"":""vanilla"",""layer_name"":""Vanilla"",""line"":76,""mod_name"":null,""mode"":""CREATE""},{""file"":""/home/jan/development/ProsperOrPerishConstructor/mod/Prosper or Perish (Population Growth & Food Rework)/in_game/common/goods/pp_goods_adjustments.txt"",""layer_id"":""constructor"",""layer_name"":""Prosper or Perish Constructor"",""line"":19,""mod_name"":""Prosper or Perish Constructor"",""mode"":""TRY_INJECT""}]"
maize,farming,raw_material,goods_maize,1.0,1.0,0.0,true,,,true,"[""new_world_goods""]","{""all"":0.008}","{""tribesmen"":0.0,""upper"":2.0}",{},"{""entries"":[{""key"":""method"",""op"":""="",""value"":""farming""},{""key"":""category"",""op"":""="",""value"":""raw_material""},{""key"":""color"",""op"":""="",""value"":""goods_maize""},{""key"":""food"",""op"":""="",""value"":8.0},{""key"":""default_market_price"",""op"":""="",""value"":1},{""key"":""demand_add"",""op"":""="",""value"":{""entries"":[{""key"":""all"",""op"":""="",""value"":0.008}],""items"":[]}},{""key"":""demand_multiply"",""op"":""="",""value"":{""entries"":[{""key"":""upper"",""op"":""="",""value"":2},{""key"":""tribesmen"",""op"":""="",""value"":0}],""items"":[]}},{""key"":""origin_in_new_world"",""op"":""="",""value"":true},{""key"":""custom_tags"",""op"":""="",""value"":{""entries"":[],""items"":[""new_world_goods""]}},{""key"":""demand_only_in_continent"",""op"":""="",""value"":""america""},{""key"":""food"",""op"":""="",""value"":-8.0},{""key"":""block_rgo_upgrade"",""op"":""="",""value"":true}],""items"":[]}",/home/jan/development/ProsperOrPerishConstructor/mod/Prosper or Perish (Population Growth & Food Rework)/in_game/common/goods/pp_goods_adjustments.txt,23,constructor,Prosper or Perish Constructor,TRY_INJECT,"[{""file"":""/mnt/c/Games/steamapps/common/Europa Universalis V/game/in_game/common/goods/03_food.txt"",""layer_id"":""vanilla"",""layer_name"":""Vanilla"",""line"":109,""mod_name"":null,""mode"":""CREATE""},{""file"":""/home/jan/development/ProsperOrPerishConstructor/mod/Prosper or Perish (Population Growth & Food Rework)/in_game/common/goods/pp_goods_adjustments.txt"",""layer_id"":""constructor"",""layer_name"":""Prosper or Perish Constructor"",""line"":23,""mod_name"":""Prosper or Perish Constructor"",""mode"":""TRY_INJECT""}]"
rice,farming,raw_material,goods_rice,1.0,1.0,0.0,true,,true,,"[""old_world_goods""]","{""all"":0.0005}","{""tribesmen"":0.0,""upper"":2.0}",{},"{""entries"":[{""key"":""method"",""op"":""="",""value"":""farming""},{""key"":""category"",""op"":""="",""value"":""raw_material""},{""key"":""color"",""op"":""="",""value"":""goods_rice""},{""key"":""food"",""op"":""="",""value"":10.0},{""key"":""default_market_price"",""op"":""="",""value"":1},{""key"":""demand_add"",""op"":""="",""value"":{""entries"":[{""key"":""all"",""op"":""="",""value"":0.0005}],""items"":[]}},{""key"":""demand_multiply"",""op"":""="",""value"":{""entries"":[{""key"":""upper"",""op"":""="",""value"":2},{""key"":""tribesmen"",""op"":""="",""value"":0}],""items"":[]}},{""key"":""origin_in_old_world"",""op"":""="",""value"":true},{""key"":""custom_tags"",""op"":""="",""value"":{""entries"":[],""items"":[""old_world_goods""]}},{""key"":""climate_demand_modifier"",""op"":""="",""value"":{""entries"":[{""key"":""subtropical"",""op"":""="",""value"":2},{""key"":""tropical"",""op"":""="",""value"":2}],""items"":[]}},{""key"":""no_demand_if_no_market_availability"",""op"":""="",""value"":true},{""key"":""food"",""op"":""="",""value"":-10.0},{""key"":""block_rgo_upgrade"",""op"":""="",""value"":true}],""items"":[]}",/home/jan/development/ProsperOrPerishConstructor/mod/Prosper or Perish (Population Growth & Food Rework)/in_game/common/goods/pp_goods_adjustments.txt,27,constructor,Prosper or Perish Constructor,TRY_INJECT,"[{""file"":""/mnt/c/Games/steamapps/common/Europa Universalis V/game/in_game/common/goods/03_food.txt"",""layer_id"":""vanilla"",""layer_name"":""Vanilla"",""line"":131,""mod_name"":null,""mode"":""CREATE""},{""file"":""/home/jan/development/ProsperOrPerishConstructor/mod/Prosper or Perish (Population Growth & Food Rework)/in_game/common/goods/pp_goods_adjustments.txt"",""layer_id"":""constructor"",""layer_name"":""Prosper or Perish Constructor"",""line"":27,""mod_name"":""Prosper or Perish Constructor"",""mode"":""TRY_INJECT""}]"
millet,farming,raw_material,goods_millet,1.0,1.0,0.0,true,,true,,"[""old_world_goods""]","{""all"":0.002}","{""tribesmen"":0.0,""upper"":2.0}",{},"{""entries"":[{""key"":""method"",""op"":""="",""value"":""farming""},{""key"":""category"",""op"":""="",""value"":""raw_material""},{""key"":""color"",""op"":""="",""value"":""goods_millet""},{""key"":""food"",""op"":""="",""value"":5},{""key"":""default_market_price"",""op"":""="",""value"":1},{""key"":""demand_add"",""op"":""="",""value"":{""entries"":[{""key"":""all"",""op"":""="",""value"":0.002}],""items"":[]}},{""key"":""demand_multiply"",""op"":""="",""value"":{""entries"":[{""key"":""upper"",""op"":""="",""value"":2},{""key"":""tribesmen"",""op"":""="",""value"":0}],""items"":[]}},{""key"":""origin_in_old_world"",""op"":""="",""value"":true},{""key"":""custom_tags"",""op"":""="",""value"":{""entries"":[],""items"":[""old_world_goods""]}},{""key"":""sub_continent_demand_modifier"",""op"":""="",""value"":{""entries"":[{""key"":""south_asia"",""op"":""="",""value"":1.2}],""items"":[]}},{""key"":""no_demand_if_no_market_availability"",""op"":""="",""value"":true},{""key"":""food"",""op"":""="",""value"":-5.0},{""key"":""block_rgo_upgrade"",""op"":""="",""value"":true}],""items"":[]}",/home/jan/development/ProsperOrPerishConstructor/mod/Prosper or Perish (Population Growth & Food Rework)/in_game/common/goods/pp_goods_adjustments.txt,31,constructor,Prosper or Perish Constructor,TRY_INJECT,"[{""file"":""/mnt/c/Games/steamapps/common/Europa Universalis V/game/in_game/common/goods/03_food.txt"",""layer_id"":""vanilla"",""layer_name"":""Vanilla"",""line"":158,""mod_name"":null,""mode"":""CREATE""},{""file"":""/home/jan/development/ProsperOrPerishConstructor/mod/Prosper or Perish (Population Growth & Food Rework)/in_game/common/goods/pp_goods_adjustments.txt"",""layer_id"":""constructor"",""layer_name"":""Prosper or Perish Constructor"",""line"":31,""mod_name"":""Prosper or Perish Constructor"",""mode"":""TRY_INJECT""}]"
legumes,farming,raw_material,goods_legumes,1.0,2.0,0.0,true,,,,[],"{""all"":0.001}","{""tribesmen"":0.0,""upper"":2.0}",{},"{""entries"":[{""key"":""method"",""op"":""="",""value"":""farming""},{""key"":""category"",""op"":""="",""value"":""raw_material""},{""key"":""color"",""op"":""="",""value"":""goods_legumes""},{""key"":""food"",""op"":""="",""value"":5},{""key"":""default_market_price"",""op"":""="",""value"":1},{""key"":""transport_cost"",""op"":""="",""value"":2},{""key"":""demand_add"",""op"":""="",""value"":{""entries"":[{""key"":""all"",""op"":""="",""value"":0.001}],""items"":[]}},{""key"":""demand_multiply"",""op"":""="",""value"":{""entries"":[{""key"":""upper"",""op"":""="",""value"":2},{""key"":""tribesmen"",""op"":""="",""value"":0}],""items"":[]}},{""key"":""no_demand_if_no_market_availability"",""op"":""="",""value"":true},{""key"":""food"",""op"":""="",""value"":-5.0},{""key"":""block_rgo_upgrade"",""op"":""="",""value"":true}],""items"":[]}",/home/jan/development/ProsperOrPerishConstructor/mod/Prosper or Perish (Population Growth & Food Rework)/in_game/common/goods/pp_goods_adjustments.txt,35,constructor,Prosper or Perish Constructor,TRY_INJECT,"[{""file"":""/mnt/c/Games/steamapps/common/Europa Universalis V/game/in_game/common/goods/03_food.txt"",""layer_id"":""vanilla"",""layer_name"":""Vanilla"",""line"":184,""mod_name"":null,""mode"":""CREATE""},{""file"":""/home/jan/development/ProsperOrPerishConstructor/mod/Prosper or Perish (Population Growth & Food Rework)/in_game/common/goods/pp_goods_adjustments.txt"",""layer_id"":""constructor"",""layer_name"":""Prosper or Perish Constructor"",""line"":35,""mod_name"":""Prosper or Perish Constructor"",""mode"":""TRY_INJECT""}]"
potato,farming,raw_material,goods_potato,1.0,1.0,0.0,true,,,true,"[""new_world_goods""]","{""all"":0.001}","{""upper"":2.0}",{},"{""entries"":[{""key"":""method"",""op"":""="",""value"":""farming""},{""key"":""category"",""op"":""="",""value"":""raw_material""},{""key"":""color"",""op"":""="",""value"":""goods_potato""},{""key"":""food"",""op"":""="",""value"":8},{""key"":""default_market_price"",""op"":""="",""value"":1},{""key"":""demand_add"",""op"":""="",""value"":{""entries"":[{""key"":""all"",""op"":""="",""value"":0.001}],""items"":[]}},{""key"":""demand_multiply"",""op"":""="",""value"":{""entries"":[{""key"":""upper"",""op"":""="",""value"":2}],""items"":[]}},{""key"":""origin_in_new_world"",""op"":""="",""value"":true},{""key"":""custom_tags"",""op"":""="",""value"":{""entries"":[],""items"":[""new_world_goods""]}},{""key"":""food"",""op"":""="",""value"":-8.0},{""key"":""block_rgo_upgrade"",""op"":""="",""value"":true}],""items"":[]}",/home/jan/development/ProsperOrPerishConstructor/mod/Prosper or Perish (Population Growth & Food Rework)/in_game/common/goods/pp_goods_adjustments.txt,40,constructor,Prosper or Perish Constructor,TRY_INJECT,"[{""file"":""/mnt/c/Games/steamapps/common/Europa Universalis V/game/in_game/common/goods/03_food.txt"",""layer_id"":""vanilla"",""layer_name"":""Vanilla"",""line"":204,""mod_name"":null,""mode"":""CREATE""},{""file"":""/home/jan/development/ProsperOrPerishConstructor/mod/Prosper or Perish (Population Growth & Food Rework)/in_game/common/goods/pp_goods_adjustments.txt"",""layer_id"":""constructor"",""layer_name"":""Prosper or Perish Constructor"",""line"":40,""mod_name"":""Prosper or Perish Constructor"",""mode"":""TRY_INJECT""}]"
livestock,farming,raw_material,goods_livestock,1.5,1.0,0.0,true,,true,,"[""old_world_goods""]","{""all"":0.001,""laborers"":0.001,""soldiers"":0.003}","{""burghers"":10.0,""clergy"":10.0,""nobles"":30.0,""slaves"":0.0,""tribesmen"":0.0}","{""laborers"":1.1,""peasants"":1.1,""soldiers"":1.1}","{""entries"":[{""key"":""method"",""op"":""="",""value"":""farming""},{""key"":""category"",""op"":""="",""value"":""raw_material""},{""key"":""color"",""op"":""="",""value"":""goods_livestock""},{""key"":""food"",""op"":""="",""value"":8},{""key"":""default_market_price"",""op"":""="",""value"":1.5},{""key"":""ai_rgo_size_importance"",""op"":""="",""value"":1.5},{""key"":""demand_add"",""op"":""="",""value"":{""entries"":[{""key"":""all"",""op"":""="",""value"":0.001},{""key"":""soldiers"",""op"":""="",""value"":0.003},{""key"":""laborers"",""op"":""="",""value"":0.001}],""items"":[]}},{""key"":""demand_multiply"",""op"":""="",""value"":{""entries"":[{""key"":""nobles"",""op"":""="",""value"":30},{""key"":""clergy"",""op"":""="",""value"":10},{""key"":""burghers"",""op"":""="",""value"":10},{""key"":""slaves"",""op"":""="",""value"":0},{""key"":""tribesmen"",""op"":""="",""value"":0}],""items"":[]}},{""key"":""wealth_impact_threshold"",""op"":""="",""value"":{""entries"":[{""key"":""peasants"",""op"":""="",""value"":1.1},{""key"":""laborers"",""op"":""="",""value"":1.1},{""key"":""soldiers"",""op"":""="",""value"":1.1}],""items"":[]}},{""key"":""origin_in_old_world"",""op"":""="",""value"":true},{""key"":""custom_tags"",""op"":""="",""value"":{""entries"":[],""items"":[""old_world_goods""]}},{""key"":""food"",""op"":""="",""value"":-8.0},{""key"":""block_rgo_upgrade"",""op"":""="",""value"":true}],""items"":[]}",/home/jan/development/ProsperOrPerishConstructor/mod/Prosper or Perish (Population Growth & Food Rework)/in_game/common/goods/pp_goods_adjustments.txt,44,constructor,Prosper or Perish Constructor,TRY_INJECT,"[{""file"":""/mnt/c/Games/steamapps/common/Europa Universalis V/game/in_game/common/goods/03_food.txt"",""layer_id"":""vanilla"",""layer_name"":""Vanilla"",""line"":224,""mod_name"":null,""mode"":""CREATE""},{""file"":""/home/jan/development/ProsperOrPerishConstructor/mod/Prosper or Perish (Population Growth & Food Rework)/in_game/common/goods/pp_goods_adjustments.txt"",""layer_id"":""constructor"",""layer_name"":""Prosper or Perish Constructor"",""line"":44,""mod_name"":""Prosper or Perish Constructor"",""mode"":""TRY_INJECT""}]"
olives,farming,raw_material,goods_olives,1.0,1.0,0.0,true,,true,,"[""old_world_goods""]","{""all"":0.001}","{""tribesmen"":0.0,""upper"":2.0}",{},"{""entries"":[{""key"":""method"",""op"":""="",""value"":""farming""},{""key"":""category"",""op"":""="",""value"":""raw_material""},{""key"":""color"",""op"":""="",""value"":""goods_olives""},{""key"":""food"",""op"":""="",""value"":4},{""key"":""default_market_price"",""op"":""="",""value"":1},{""key"":""demand_add"",""op"":""="",""value"":{""entries"":[{""key"":""all"",""op"":""="",""value"":0.001}],""items"":[]}},{""key"":""demand_multiply"",""op"":""="",""value"":{""entries"":[{""key"":""upper"",""op"":""="",""value"":2},{""key"":""tribesmen"",""op"":""="",""value"":0}],""items"":[]}},{""key"":""origin_in_old_world"",""op"":""="",""value"":true},{""key"":""custom_tags"",""op"":""="",""value"":{""entries"":[],""items"":[""old_world_goods""]}},{""key"":""no_demand_if_no_market_availability"",""op"":""="",""value"":true},{""key"":""food"",""op"":""="",""value"":-4.0},{""key"":""block_rgo_upgrade"",""op"":""="",""value"":true}],""items"":[]}",/home/jan/development/ProsperOrPerishConstructor/mod/Prosper or Perish (Population Growth & Food Rework)/in_game/common/goods/pp_goods_adjustments.txt,48,constructor,Prosper or Perish Constructor,TRY_INJECT,"[{""file"":""/mnt/c/Games/steamapps/common/Europa Universalis V/game/in_game/common/goods/03_food.txt"",""layer_id"":""vanilla"",""layer_name"":""Vanilla"",""line"":257,""mod_name"":null,""mode"":""CREATE""},{""file"":""/home/jan/development/ProsperOrPerishConstructor/mod/Prosper or Perish (Population Growth & Food Rework)/in_game/common/goods/pp_goods_adjustments.txt"",""layer_id"":""constructor"",""layer_name"":""Prosper or Perish Constructor"",""line"":48,""mod_name"":""Prosper or Perish Constructor"",""mode"":""TRY_INJECT""}]"
fruit,farming,raw_material,goods_fruit,1.0,2.0,0.0,true,,,,[],"{""all"":0.002}","{""tribesmen"":0.0,""upper"":2.0}",{},"{""entries"":[{""key"":""method"",""op"":""="",""value"":""farming""},{""key"":""category"",""op"":""="",""value"":""raw_material""},{""key"":""color"",""op"":""="",""value"":""goods_fruit""},{""key"":""food"",""op"":""="",""value"":4},{""key"":""default_market_price"",""op"":""="",""value"":1},{""key"":""transport_cost"",""op"":""="",""value"":2},{""key"":""demand_add"",""op"":""="",""value"":{""entries"":[{""key"":""all"",""op"":""="",""value"":0.002}],""items"":[]}},{""key"":""demand_multiply"",""op"":""="",""value"":{""entries"":[{""key"":""upper"",""op"":""="",""value"":2},{""key"":""tribesmen"",""op"":""="",""value"":0}],""items"":[]}},{""key"":""climate_demand_modifier"",""op"":""="",""value"":{""entries"":[{""key"":""arctic"",""op"":""="",""value"":0},{""key"":""cold_arid"",""op"":""="",""value"":0.5},{""key"":""tropical"",""op"":""="",""value"":1.2},{""key"":""mediterranean"",""op"":""="",""value"":1.4}],""items"":[]}},{""key"":""food"",""op"":""="",""value"":-4.0},{""key"":""block_rgo_upgrade"",""op"":""="",""value"":true}],""items"":[]}",/home/jan/development/ProsperOrPerishConstructor/mod/Prosper or Perish (Population Growth & Food Rework)/in_game/common/goods/pp_goods_adjustments.txt,52,constructor,Prosper or Perish Constructor,TRY_INJECT,"[{""file"":""/mnt/c/Games/steamapps/common/Europa Universalis V/game/in_game/common/goods/03_food.txt"",""layer_id"":""vanilla"",""layer_name"":""Vanilla"",""line"":280,""mod_name"":null,""mode"":""CREATE""},{""file"":""/home/jan/development/ProsperOrPerishConstructor/mod/Prosper or Perish (Population Growth & Food Rework)/in_game/common/goods/pp_goods_adjustments.txt"",""layer_id"":""constructor"",""layer_name"":""Prosper or Perish Constructor"",""line"":52,""mod_name"":""Prosper or Perish Constructor"",""mode"":""TRY_INJECT""}]"
beeswax,farming,raw_material,goods_beeswax,2.0,1.0,0.0,true,,true,,"[""old_world_goods""]","{""all"":0.0008}","{""slaves"":0.0,""tribesmen"":0.0,""upper"":2.0}",{},"{""entries"":[{""key"":""method"",""op"":""="",""value"":""farming""},{""key"":""category"",""op"":""="",""value"":""raw_material""},{""key"":""color"",""op"":""="",""value"":""goods_beeswax""},{""key"":""food"",""op"":""="",""value"":2.5},{""key"":""default_market_price"",""op"":""="",""value"":2},{""key"":""demand_add"",""op"":""="",""value"":{""entries"":[{""key"":""all"",""op"":""="",""value"":0.0008}],""items"":[]}},{""key"":""demand_multiply"",""op"":""="",""value"":{""entries"":[{""key"":""upper"",""op"":""="",""value"":2},{""key"":""slaves"",""op"":""="",""value"":0},{""key"":""tribesmen"",""op"":""="",""value"":0}],""items"":[]}},{""key"":""winter_demand_modifier"",""op"":""="",""value"":{""entries"":[{""key"":""none"",""op"":""="",""value"":0.5},{""key"":""mild"",""op"":""="",""value"":0.5},{""key"":""normal"",""op"":""="",""value"":1.2},{""key"":""severe"",""op"":""="",""value"":2}],""items"":[]}},{""key"":""origin_in_old_world"",""op"":""="",""value"":true},{""key"":""custom_tags"",""op"":""="",""value"":{""entries"":[],""items"":[""old_world_goods""]}},{""key"":""no_demand_if_no_market_availability"",""op"":""="",""value"":true},{""key"":""food"",""op"":""="",""value"":-2.5},{""key"":""block_rgo_upgrade"",""op"":""="",""value"":true}],""items"":[]}",/home/jan/development/ProsperOrPerishConstructor/mod/Prosper or Perish (Population Growth & Food Rework)/in_game/common/goods/pp_goods_adjustments.txt,56,constructor,Prosper or Perish Constructor,TRY_INJECT,"[{""file"":""/mnt/c/Games/steamapps/common/Europa Universalis V/game/in_game/common/goods/03_food.txt"",""layer_id"":""vanilla"",""layer_name"":""Vanilla"",""line"":307,""mod_name"":null,""mode"":""CREATE""},{""file"":""/home/jan/development/ProsperOrPerishConstructor/mod/Prosper or Perish (Population Growth & Food Rework)/in_game/common/goods/pp_goods_adjustments.txt"",""layer_id"":""constructor"",""layer_name"":""Prosper or Perish Constructor"",""line"":56,""mod_name"":""Prosper or Perish Constructor"",""mode"":""TRY_INJECT""}]"
slaves_goods,,produced,goods_slaves,3.0,1.0,,,,,,[],{},{},{},"{""entries"":[{""key"":""category"",""op"":""="",""value"":""produced""},{""key"":""color"",""op"":""="",""value"":""goods_slaves""},{""key"":""is_slaves"",""op"":""="",""value"":true},{""key"":""default_market_price"",""op"":""="",""value"":3}],""items"":[]}",/mnt/c/Games/steamapps/common/Europa Universalis V/game/in_game/common/goods/04_special.txt,1,vanilla,,CREATE,"[{""file"":""/mnt/c/Games/steamapps/common/Europa Universalis V/game/in_game/common/goods/04_special.txt"",""layer_id"":""vanilla"",""layer_name"":""Vanilla"",""line"":1,""mod_name"":null,""mode"":""CREATE""}]"
local_food,,produced,goods_local_food,0.0,100.0,1.0,,,,,[],{},{},{},"{""entries"":[{""key"":""category"",""op"":""="",""value"":""produced""},{""key"":""color"",""op"":""="",""value"":""goods_local_food""},{""key"":""default_market_price"",""op"":""="",""value"":0.0},{""key"":""transport_cost"",""op"":""="",""value"":100.0},{""key"":""food"",""op"":""="",""value"":1.0},{""key"":""base_production"",""op"":""="",""value"":0}],""items"":[]}",/home/jan/development/ProsperOrPerishConstructor/mod/Prosper or Perish (Population Growth & Food Rework)/in_game/common/goods/pp_goods_local_food.txt,1,constructor,Prosper or Perish Constructor,CREATE,"[{""file"":""/home/jan/development/ProsperOrPerishConstructor/mod/Prosper or Perish (Population Growth & Food Rework)/in_game/common/goods/pp_goods_local_food.txt"",""layer_id"":""constructor"",""layer_name"":""Prosper or Perish Constructor"",""line"":1,""mod_name"":""Prosper or Perish Constructor"",""mode"":""CREATE""}]"
manual_labor_cost,,produced,goods_manual_labor_cost,5.0,100.0,0.0,,,,,[],{},{},{},"{""entries"":[{""key"":""category"",""op"":""="",""value"":""produced""},{""key"":""color"",""op"":""="",""value"":""goods_manual_labor_cost""},{""key"":""default_market_price"",""op"":""="",""value"":5},{""key"":""transport_cost"",""op"":""="",""value"":100.0},{""key"":""food"",""op"":""="",""value"":0},{""key"":""base_production"",""op"":""="",""value"":1.0}],""items"":[]}",/home/jan/development/ProsperOrPerishConstructor/mod/Prosper or Perish (Population Growth & Food Rework)/in_game/common/goods/pp_goods_manual_labor_cost.txt,1,constructor,Prosper or Perish Constructor,CREATE,"[{""file"":""/home/jan/development/ProsperOrPerishConstructor/mod/Prosper or Perish (Population Growth & Food Rework)/in_game/common/goods/pp_goods_manual_labor_cost.txt"",""layer_id"":""constructor"",""layer_name"":""Prosper or Perish Constructor"",""line"":1,""mod_name"":""Prosper or Perish Constructor"",""mode"":""CREATE""}]"
offset,,produced,goods_offset,5.0,100.0,,,,,,[],{},{},{},"{""entries"":[{""key"":""category"",""op"":""="",""value"":""produced""},{""key"":""color"",""op"":""="",""value"":""goods_offset""},{""key"":""default_market_price"",""op"":""="",""value"":5},{""key"":""transport_cost"",""op"":""="",""value"":100.0},{""key"":""base_production"",""op"":""="",""value"":10.0}],""items"":[]}",/home/jan/development/ProsperOrPerishConstructor/mod/Prosper or Perish (Population Growth & Food Rework)/in_game/common/goods/pp_goods_offset.txt,1,constructor,Prosper or Perish Constructor,CREATE,"[{""file"":""/home/jan/development/ProsperOrPerishConstructor/mod/Prosper or Perish (Population Growth & Food Rework)/in_game/common/goods/pp_goods_offset.txt"",""layer_id"":""constructor"",""layer_name"":""Prosper or Perish Constructor"",""line"":1,""mod_name"":""Prosper or Perish Constructor"",""mode"":""CREATE""}]"
province_food_purchase,,produced,goods_province_food_purchase,5.0,100.0,,,,,,[],{},{},{},"{""entries"":[{""key"":""category"",""op"":""="",""value"":""produced""},{""key"":""color"",""op"":""="",""value"":""goods_province_food_purchase""},{""key"":""default_market_price"",""op"":""="",""value"":5},{""key"":""transport_cost"",""op"":""="",""value"":100.0},{""key"":""base_production"",""op"":""="",""value"":1.0}],""items"":[]}",/home/jan/development/ProsperOrPerishConstructor/mod/Prosper or Perish (Population Growth & Food Rework)/in_game/common/goods/pp_goods_province_food_purchase.txt,1,constructor,Prosper or Perish Constructor,CREATE,"[{""file"":""/home/jan/development/ProsperOrPerishConstructor/mod/Prosper or Perish (Population Growth & Food Rework)/in_game/common/goods/pp_goods_province_food_purchase.txt"",""layer_id"":""constructor"",""layer_name"":""Prosper or Perish Constructor"",""line"":1,""mod_name"":""Prosper or Perish Constructor"",""mode"":""CREATE""}]"
province_food_sales,,produced,goods_province_food_sales,5.0,100.0,,,,,,[],{},{},{},"{""entries"":[{""key"":""category"",""op"":""="",""value"":""produced""},{""key"":""color"",""op"":""="",""value"":""goods_province_food_sales""},{""key"":""default_market_price"",""op"":""="",""value"":5},{""key"":""transport_cost"",""op"":""="",""value"":100.0},{""key"":""base_production"",""op"":""="",""value"":1.0}],""items"":[]}",/home/jan/development/ProsperOrPerishConstructor/mod/Prosper or Perish (Population Growth & Food Rework)/in_game/common/goods/pp_goods_province_food_sales.txt,1,constructor,Prosper or Perish Constructor,CREATE,"[{""file"":""/home/jan/development/ProsperOrPerishConstructor/mod/Prosper or Perish (Population Growth & Food Rework)/in_game/common/goods/pp_goods_province_food_sales.txt"",""layer_id"":""constructor"",""layer_name"":""Prosper or Perish Constructor"",""line"":1,""mod_name"":""Prosper or Perish Constructor"",""mode"":""CREATE""}]"
victuals,,produced,goods_victuals,3.0,3.0,0.0,,20.0,,,[],"{""burghers"":0.01,""clergy"":0.01,""laborers"":0.01,""nobles"":0.01,""peasants"":0.01,""soldiers"":0.01}","{""burghers"":1.8,""clergy"":2.0,""laborers"":0.6,""nobles"":4.0,""peasants"":0.15,""soldiers"":0.6}","{""burghers"":0.75,""clergy"":0.7,""laborers"":0.85,""nobles"":0.7,""peasants"":1.05,""soldiers"":0.75}","{""entries"":[{""key"":""category"",""op"":""="",""value"":""produced""},{""key"":""color"",""op"":""="",""value"":""goods_victuals""},{""key"":""default_market_price"",""op"":""="",""value"":3.0},{""key"":""transport_cost"",""op"":""="",""value"":3.0},{""key"":""food"",""op"":""="",""value"":0},{""key"":""demand_add"",""op"":""="",""value"":{""entries"":[{""key"":""nobles"",""op"":""="",""value"":0.01},{""key"":""clergy"",""op"":""="",""value"":0.01},{""key"":""burghers"",""op"":""="",""value"":0.01},{""key"":""soldiers"",""op"":""="",""value"":0.01},{""key"":""laborers"",""op"":""="",""value"":0.01},{""key"":""peasants"",""op"":""="",""value"":0.01}],""items"":[]}},{""key"":""demand_multiply"",""op"":""="",""value"":{""entries"":[{""key"":""nobles"",""op"":""="",""value"":4},{""key"":""clergy"",""op"":""="",""value"":2},{""key"":""burghers"",""op"":""="",""value"":1.8},{""key"":""soldiers"",""op"":""="",""value"":0.6},{""key"":""laborers"",""op"":""="",""value"":0.6},{""key"":""peasants"",""op"":""="",""value"":0.15}],""items"":[]}},{""key"":""wealth_impact_threshold"",""op"":""="",""value"":{""entries"":[{""key"":""nobles"",""op"":""="",""value"":0.7},{""key"":""clergy"",""op"":""="",""value"":0.7},{""key"":""burghers"",""op"":""="",""value"":0.75},{""key"":""soldiers"",""op"":""="",""value"":0.75},{""key"":""laborers"",""op"":""="",""value"":0.85},{""key"":""peasants"",""op"":""="",""value"":1.05}],""items"":[]}},{""key"":""development_threshold"",""op"":""="",""value"":20},{""key"":""base_production"",""op"":""="",""value"":0.003}],""items"":[]}",/home/jan/development/ProsperOrPerishConstructor/mod/Prosper or Perish (Population Growth & Food Rework)/in_game/common/goods/pp_goods_victuals.txt,1,constructor,Prosper or Perish Constructor,CREATE,"[{""file"":""/home/jan/development/ProsperOrPerishConstructor/mod/Prosper or Perish (Population Growth & Food Rework)/in_game/common/goods/pp_goods_victuals.txt"",""layer_id"":""constructor"",""layer_name"":""Prosper or Perish Constructor"",""line"":1,""mod_name"":""Prosper or Perish Constructor"",""mode"":""CREATE""}]"
