name,category,produced,output,input_goods,input_amounts,no_upkeep,required_pop_type,required_pop_amount,source_kind,building,production_method_group,production_method_group_index,production_efficiency_modifier,adjusted_output,output_value,input_cost,profit,profit_margin_percent,missing_price_goods,population_basis,output_per_population,source_file,source_line,source_layer,source_mod,source_mode,source_history
estate_building_input,building_maintenance,,,[],[],false,,,global,,,,0.0,,0.0,0.0,0.0,,[],1.0,,/mnt/c/Games/steamapps/common/Europa Universalis V/game/in_game/common/production_methods/unsorted_building_inputs.txt,1,vanilla,,CREATE,"[{""file"":""/mnt/c/Games/steamapps/common/Europa Universalis V/game/in_game/common/production_methods/unsorted_building_inputs.txt"",""layer_id"":""vanilla"",""layer_name"":""Vanilla"",""line"":1,""mod_name"":null,""mode"":""CREATE""}]"
incamisana_maintennace,building_maintenance,,,"[""stone""]",[0.02],false,,,global,,,,0.0,,0.0,0.02,-0.02,-100.0,[],1.0,,/mnt/c/Games/steamapps/common/Europa Universalis V/game/in_game/common/production_methods/unsorted_building_inputs.txt,7,vanilla,,CREATE,"[{""file"":""/mnt/c/Games/steamapps/common/Europa Universalis V/game/in_game/common/production_methods/unsorted_building_inputs.txt"",""layer_id"":""vanilla"",""layer_name"":""Vanilla"",""line"":7,""mod_name"":null,""mode"":""CREATE""}]"
soldier_building_maintenance,building_maintenance,,,"[""firearms"",""leather"",""cloth"",""paper"",""weaponry""]","[0.5,0.5,0.1,0.2,0.5]",false,,,global,,,,0.0,,0.0,5.199999999999999,-5.199999999999999,-100.0,[],1.0,,/mnt/c/Games/steamapps/common/Europa Universalis V/game/in_game/common/production_methods/unsorted_building_inputs.txt,18,vanilla,,CREATE,"[{""file"":""/mnt/c/Games/steamapps/common/Europa Universalis V/game/in_game/common/production_methods/unsorted_building_inputs.txt"",""layer_id"":""vanilla"",""layer_name"":""Vanilla"",""line"":18,""mod_name"":null,""mode"":""CREATE""}]"
early_soldier_building_maintenance,building_maintenance,,,"[""leather"",""cloth"",""paper"",""weaponry""]","[0.5,0.1,0.2,0.5]",false,,,global,,,,0.0,,0.0,3.7,-3.7,-100.0,[],1.0,,/mnt/c/Games/steamapps/common/Europa Universalis V/game/in_game/common/production_methods/unsorted_building_inputs.txt,30,vanilla,,CREATE,"[{""file"":""/mnt/c/Games/steamapps/common/Europa Universalis V/game/in_game/common/production_methods/unsorted_building_inputs.txt"",""layer_id"":""vanilla"",""layer_name"":""Vanilla"",""line"":30,""mod_name"":null,""mode"":""CREATE""}]"
warrior_monks_training_grounds_maintenance,building_maintenance,,,"[""cloth"",""paper"",""weaponry""]","[0.01,0.05,0.05]",false,,,global,,,,0.0,,0.0,0.28,-0.28,-100.0,[],1.0,,/mnt/c/Games/steamapps/common/Europa Universalis V/game/in_game/common/production_methods/unsorted_building_inputs.txt,39,vanilla,,CREATE,"[{""file"":""/mnt/c/Games/steamapps/common/Europa Universalis V/game/in_game/common/production_methods/unsorted_building_inputs.txt"",""layer_id"":""vanilla"",""layer_name"":""Vanilla"",""line"":39,""mod_name"":null,""mode"":""CREATE""}]"
nahuatl_warrior_building_maintenance,building_maintenance,,,"[""weaponry""]",[1.0],false,,,global,,,,0.0,,0.0,3.0,-3.0,-100.0,[],1.0,,/mnt/c/Games/steamapps/common/Europa Universalis V/game/in_game/common/production_methods/unsorted_building_inputs.txt,47,vanilla,,CREATE,"[{""file"":""/mnt/c/Games/steamapps/common/Europa Universalis V/game/in_game/common/production_methods/unsorted_building_inputs.txt"",""layer_id"":""vanilla"",""layer_name"":""Vanilla"",""line"":47,""mod_name"":null,""mode"":""CREATE""}]"
cardinal_maintenance,building_maintenance,,,[],[],false,,,global,,,,0.0,,0.0,0.0,0.0,,[],1.0,,/mnt/c/Games/steamapps/common/Europa Universalis V/game/in_game/common/production_methods/unsorted_building_inputs.txt,53,vanilla,,CREATE,"[{""file"":""/mnt/c/Games/steamapps/common/Europa Universalis V/game/in_game/common/production_methods/unsorted_building_inputs.txt"",""layer_id"":""vanilla"",""layer_name"":""Vanilla"",""line"":53,""mod_name"":null,""mode"":""CREATE""}]"
monastery_maintenance,building_maintenance,,,"[""glass"",""paper"",""cloth"",""beer"",""beeswax"",""wine""]","[0.017,0.025,0.025,0.1,0.05,0.05]",false,,,global,,,,0.0,,0.0,0.576,-0.576,-100.0,[],1.0,,/mnt/c/Games/steamapps/common/Europa Universalis V/game/in_game/common/production_methods/unsorted_building_inputs.txt,58,vanilla,,CREATE,"[{""file"":""/mnt/c/Games/steamapps/common/Europa Universalis V/game/in_game/common/production_methods/unsorted_building_inputs.txt"",""layer_id"":""vanilla"",""layer_name"":""Vanilla"",""line"":58,""mod_name"":null,""mode"":""CREATE""}]"
aqueduct_system_maintenance,building_maintenance,,,"[""lumber"",""masonry"",""tools""]","[0.2,0.15,0.15]",false,,,global,,,,0.0,,0.0,0.9875,-0.9875,-100.0,[],1.0,,/mnt/c/Games/steamapps/common/Europa Universalis V/game/in_game/common/production_methods/unsorted_building_inputs.txt,69,vanilla,,CREATE,"[{""file"":""/mnt/c/Games/steamapps/common/Europa Universalis V/game/in_game/common/production_methods/unsorted_building_inputs.txt"",""layer_id"":""vanilla"",""layer_name"":""Vanilla"",""line"":69,""mod_name"":null,""mode"":""CREATE""}]"
hab_reformed_monastery_maintenance,building_maintenance,,,"[""glass"",""paper"",""cloth"",""beer"",""beeswax"",""wine""]","[0.017,0.025,0.025,0.15,0.05,0.05]",false,,,global,,,,0.0,,0.0,0.6759999999999999,-0.6759999999999999,-100.0,[],1.0,,/mnt/c/Games/steamapps/common/Europa Universalis V/game/in_game/common/production_methods/unsorted_building_inputs.txt,76,vanilla,,CREATE,"[{""file"":""/mnt/c/Games/steamapps/common/Europa Universalis V/game/in_game/common/production_methods/unsorted_building_inputs.txt"",""layer_id"":""vanilla"",""layer_name"":""Vanilla"",""line"":76,""mod_name"":null,""mode"":""CREATE""}]"
lutheran_preacher_maintenance,building_maintenance,,,"[""books""]",[0.02],true,,,global,,,,0.0,,0.0,0.06,-0.06,-100.0,[],1.0,,/mnt/c/Games/steamapps/common/Europa Universalis V/game/in_game/common/production_methods/unsorted_building_inputs.txt,90,vanilla,,CREATE,"[{""file"":""/mnt/c/Games/steamapps/common/Europa Universalis V/game/in_game/common/production_methods/unsorted_building_inputs.txt"",""layer_id"":""vanilla"",""layer_name"":""Vanilla"",""line"":90,""mod_name"":null,""mode"":""CREATE""}]"
confucian_school_maintenance,building_maintenance,,,"[""paper"",""cloth""]","[0.1,0.2]",false,,,global,,,,0.0,,0.0,0.8,-0.8,-100.0,[],1.0,,/mnt/c/Games/steamapps/common/Europa Universalis V/game/in_game/common/production_methods/unsorted_building_inputs.txt,97,vanilla,,CREATE,"[{""file"":""/mnt/c/Games/steamapps/common/Europa Universalis V/game/in_game/common/production_methods/unsorted_building_inputs.txt"",""layer_id"":""vanilla"",""layer_name"":""Vanilla"",""line"":97,""mod_name"":null,""mode"":""CREATE""}]"
sufi_lodge_maintenance,building_maintenance,,,"[""paper"",""cloth"",""incense""]","[0.1,0.15,0.05]",false,,,global,,,,0.0,,0.0,0.7749999999999999,-0.7749999999999999,-100.0,[],1.0,,/mnt/c/Games/steamapps/common/Europa Universalis V/game/in_game/common/production_methods/unsorted_building_inputs.txt,106,vanilla,,CREATE,"[{""file"":""/mnt/c/Games/steamapps/common/Europa Universalis V/game/in_game/common/production_methods/unsorted_building_inputs.txt"",""layer_id"":""vanilla"",""layer_name"":""Vanilla"",""line"":106,""mod_name"":null,""mode"":""CREATE""}]"
temple_maintenance,building_maintenance,,,"[""glass"",""cloth"",""paper"",""copper"",""tools"",""beeswax""]","[0.013,0.02,0.02,0.02,0.01,0.05]",false,,,global,,,,0.0,,0.0,0.3315,-0.3315,-100.0,[],1.0,,/mnt/c/Games/steamapps/common/Europa Universalis V/game/in_game/common/production_methods/unsorted_building_inputs.txt,114,vanilla,,CREATE,"[{""file"":""/mnt/c/Games/steamapps/common/Europa Universalis V/game/in_game/common/production_methods/unsorted_building_inputs.txt"",""layer_id"":""vanilla"",""layer_name"":""Vanilla"",""line"":114,""mod_name"":null,""mode"":""CREATE""}]"
library_maintenance,building_maintenance,,,"[""paper"",""books"",""glass""]","[0.1,0.25,0.05]",false,,,global,,,,0.0,,0.0,1.1,-1.1,-100.0,[],1.0,,/mnt/c/Games/steamapps/common/Europa Universalis V/game/in_game/common/production_methods/unsorted_building_inputs.txt,131,vanilla,,CREATE,"[{""file"":""/mnt/c/Games/steamapps/common/Europa Universalis V/game/in_game/common/production_methods/unsorted_building_inputs.txt"",""layer_id"":""vanilla"",""layer_name"":""Vanilla"",""line"":131,""mod_name"":null,""mode"":""CREATE""}]"
theater_maintenance,building_maintenance,,,"[""cloth"",""wine"",""paper"",""fine_cloth"",""glass""]","[0.2,0.2,0.2,0.05,0.1]",false,,,global,,,,0.0,,0.0,2.0,-2.0,-100.0,[],1.0,,/mnt/c/Games/steamapps/common/Europa Universalis V/game/in_game/common/production_methods/unsorted_building_inputs.txt,137,vanilla,,CREATE,"[{""file"":""/mnt/c/Games/steamapps/common/Europa Universalis V/game/in_game/common/production_methods/unsorted_building_inputs.txt"",""layer_id"":""vanilla"",""layer_name"":""Vanilla"",""line"":137,""mod_name"":null,""mode"":""CREATE""}]"
hippodrome_maintenance,building_maintenance,,,"[""leather"",""paper"",""tools"",""horses""]","[1.0,1.5,1.0,1.0]",false,,,global,,,,0.0,,0.0,12.25,-12.25,-100.0,[],1.0,,/mnt/c/Games/steamapps/common/Europa Universalis V/game/in_game/common/production_methods/unsorted_building_inputs.txt,147,vanilla,,CREATE,"[{""file"":""/mnt/c/Games/steamapps/common/Europa Universalis V/game/in_game/common/production_methods/unsorted_building_inputs.txt"",""layer_id"":""vanilla"",""layer_name"":""Vanilla"",""line"":147,""mod_name"":null,""mode"":""CREATE""}]"
merchant_guild_chapel_requirements,building_maintenance,,,"[""paper"",""books"",""cloth""]","[0.2,0.1,0.1]",false,,,global,,,,0.0,,0.0,1.0,-1.0,-100.0,[],1.0,,/mnt/c/Games/steamapps/common/Europa Universalis V/game/in_game/common/production_methods/unsorted_building_inputs.txt,156,vanilla,,CREATE,"[{""file"":""/mnt/c/Games/steamapps/common/Europa Universalis V/game/in_game/common/production_methods/unsorted_building_inputs.txt"",""layer_id"":""vanilla"",""layer_name"":""Vanilla"",""line"":156,""mod_name"":null,""mode"":""CREATE""}]"
qalat_al_mashwar_maintenance,building_maintenance,,,"[""cloth"",""jewelry"",""paper"",""fine_cloth""]","[1.0,0.05,1.0,0.1]",false,,,global,,,,0.0,,0.0,5.85,-5.85,-100.0,[],1.0,,/mnt/c/Games/steamapps/common/Europa Universalis V/game/in_game/common/production_methods/unsorted_building_inputs.txt,163,vanilla,,CREATE,"[{""file"":""/mnt/c/Games/steamapps/common/Europa Universalis V/game/in_game/common/production_methods/unsorted_building_inputs.txt"",""layer_id"":""vanilla"",""layer_name"":""Vanilla"",""line"":163,""mod_name"":null,""mode"":""CREATE""}]"
art_school_maintenance,building_maintenance,,,"[""paper"",""dyes"",""marble"",""books"",""glass""]","[0.3,0.1,0.1,0.2,0.1]",false,,,global,,,,0.0,,0.0,2.4000000000000004,-2.4000000000000004,-100.0,[],1.0,,/mnt/c/Games/steamapps/common/Europa Universalis V/game/in_game/common/production_methods/unsorted_building_inputs.txt,172,vanilla,,CREATE,"[{""file"":""/mnt/c/Games/steamapps/common/Europa Universalis V/game/in_game/common/production_methods/unsorted_building_inputs.txt"",""layer_id"":""vanilla"",""layer_name"":""Vanilla"",""line"":172,""mod_name"":null,""mode"":""CREATE""}]"
arts_academy_maintenance,building_maintenance,,,"[""paper"",""dyes"",""marble"",""books"",""glass""]","[0.6,0.2,0.2,0.4,0.2]",false,,,global,,,,0.0,,0.0,4.800000000000001,-4.800000000000001,-100.0,[],1.0,,/mnt/c/Games/steamapps/common/Europa Universalis V/game/in_game/common/production_methods/unsorted_building_inputs.txt,182,vanilla,,CREATE,"[{""file"":""/mnt/c/Games/steamapps/common/Europa Universalis V/game/in_game/common/production_methods/unsorted_building_inputs.txt"",""layer_id"":""vanilla"",""layer_name"":""Vanilla"",""line"":182,""mod_name"":null,""mode"":""CREATE""}]"
mint_maintenance,building_maintenance,,,"[""goods_gold"",""silver"",""copper"",""tin""]","[0.1,0.1,0.25,0.1]",false,,,global,,,,0.0,,0.0,2.45,-2.45,-100.0,[],1.0,,/mnt/c/Games/steamapps/common/Europa Universalis V/game/in_game/common/production_methods/unsorted_building_inputs.txt,192,vanilla,,CREATE,"[{""file"":""/mnt/c/Games/steamapps/common/Europa Universalis V/game/in_game/common/production_methods/unsorted_building_inputs.txt"",""layer_id"":""vanilla"",""layer_name"":""Vanilla"",""line"":192,""mod_name"":null,""mode"":""CREATE""}]"
dun_fort_maintenance,building_maintenance,,,"[""stone""]",[0.15],false,,,global,,,,0.0,,0.0,0.15,-0.15,-100.0,[],1.0,,/mnt/c/Games/steamapps/common/Europa Universalis V/game/in_game/common/production_methods/unsorted_building_inputs.txt,208,vanilla,,CREATE,"[{""file"":""/mnt/c/Games/steamapps/common/Europa Universalis V/game/in_game/common/production_methods/unsorted_building_inputs.txt"",""layer_id"":""vanilla"",""layer_name"":""Vanilla"",""line"":208,""mod_name"":null,""mode"":""CREATE""}]"
fortress_church_maintenance,building_maintenance,,,"[""stone"",""weaponry"",""cloth"",""books"",""copper"",""tin""]","[0.1,0.02,0.05,0.01,0.025,0.01]",false,,,global,,,,0.0,,0.0,0.4350000000000001,-0.4350000000000001,-100.0,[],1.0,,/mnt/c/Games/steamapps/common/Europa Universalis V/game/in_game/common/production_methods/unsorted_building_inputs.txt,214,vanilla,,CREATE,"[{""file"":""/mnt/c/Games/steamapps/common/Europa Universalis V/game/in_game/common/production_methods/unsorted_building_inputs.txt"",""layer_id"":""vanilla"",""layer_name"":""Vanilla"",""line"":214,""mod_name"":null,""mode"":""CREATE""}]"
basic_castle_maintenance,building_maintenance,,,"[""stone"",""tools"",""weaponry"",""tar""]","[0.05,0.05,0.05,0.02]",false,,,global,,,,0.0,,0.0,0.4025,-0.4025,-100.0,[],1.0,,/mnt/c/Games/steamapps/common/Europa Universalis V/game/in_game/common/production_methods/unsorted_building_inputs.txt,225,vanilla,,CREATE,"[{""file"":""/mnt/c/Games/steamapps/common/Europa Universalis V/game/in_game/common/production_methods/unsorted_building_inputs.txt"",""layer_id"":""vanilla"",""layer_name"":""Vanilla"",""line"":225,""mod_name"":null,""mode"":""CREATE""}]"
burgtor_maintenance,building_maintenance,,,"[""stone"",""tools"",""weaponry""]","[0.1,0.1,0.2]",false,,,global,,,,0.0,,0.0,1.0250000000000001,-1.0250000000000001,-100.0,[],1.0,,/mnt/c/Games/steamapps/common/Europa Universalis V/game/in_game/common/production_methods/unsorted_building_inputs.txt,233,vanilla,,CREATE,"[{""file"":""/mnt/c/Games/steamapps/common/Europa Universalis V/game/in_game/common/production_methods/unsorted_building_inputs.txt"",""layer_id"":""vanilla"",""layer_name"":""Vanilla"",""line"":233,""mod_name"":null,""mode"":""CREATE""}]"
city_walls_maintenance,building_maintenance,,,"[""stone"",""tools"",""weaponry"",""tar""]","[0.1,0.05,0.1,0.025]",false,,,global,,,,0.0,,0.0,0.6125,-0.6125,-100.0,[],1.0,,/mnt/c/Games/steamapps/common/Europa Universalis V/game/in_game/common/production_methods/unsorted_building_inputs.txt,240,vanilla,,CREATE,"[{""file"":""/mnt/c/Games/steamapps/common/Europa Universalis V/game/in_game/common/production_methods/unsorted_building_inputs.txt"",""layer_id"":""vanilla"",""layer_name"":""Vanilla"",""line"":240,""mod_name"":null,""mode"":""CREATE""}]"
ruined_great_wall_of_china_maintenance,building_maintenance,,,"[""lumber"",""weaponry"",""clay""]","[0.1,0.02,0.02]",false,,,global,,,,0.0,,0.0,0.24500000000000002,-0.24500000000000002,-100.0,[],1.0,,/mnt/c/Games/steamapps/common/Europa Universalis V/game/in_game/common/production_methods/unsorted_building_inputs.txt,248,vanilla,,CREATE,"[{""file"":""/mnt/c/Games/steamapps/common/Europa Universalis V/game/in_game/common/production_methods/unsorted_building_inputs.txt"",""layer_id"":""vanilla"",""layer_name"":""Vanilla"",""line"":248,""mod_name"":null,""mode"":""CREATE""}]"
repaired_great_wall_of_china_maintenance,building_maintenance,,,"[""lumber"",""weaponry"",""tools"",""stone"",""tar""]","[0.1,0.05,0.05,0.05,0.01]",false,,,global,,,,0.0,,0.0,0.5575000000000001,-0.5575000000000001,-100.0,[],1.0,,/mnt/c/Games/steamapps/common/Europa Universalis V/game/in_game/common/production_methods/unsorted_building_inputs.txt,255,vanilla,,CREATE,"[{""file"":""/mnt/c/Games/steamapps/common/Europa Universalis V/game/in_game/common/production_methods/unsorted_building_inputs.txt"",""layer_id"":""vanilla"",""layer_name"":""Vanilla"",""line"":255,""mod_name"":null,""mode"":""CREATE""}]"
korean_gunnery_maintenance,building_maintenance,,,"[""stone"",""firearms"",""cannons"",""tools""]","[0.05,0.1,0.1,0.05]",false,,,global,,,,0.0,,0.0,0.9125,-0.9125,-100.0,[],1.0,,/mnt/c/Games/steamapps/common/Europa Universalis V/game/in_game/common/production_methods/unsorted_building_inputs.txt,264,vanilla,,CREATE,"[{""file"":""/mnt/c/Games/steamapps/common/Europa Universalis V/game/in_game/common/production_methods/unsorted_building_inputs.txt"",""layer_id"":""vanilla"",""layer_name"":""Vanilla"",""line"":264,""mod_name"":null,""mode"":""CREATE""}]"
port_building_maintenance,building_maintenance,,,"[""tar"",""naval_supplies"",""tools"",""lumber"",""stone""]","[0.2,0.4,0.1,0.2,0.1]",false,,,global,,,,0.0,,0.0,2.375,-2.375,-100.0,[],1.0,,/mnt/c/Games/steamapps/common/Europa Universalis V/game/in_game/common/production_methods/unsorted_building_inputs.txt,273,vanilla,,CREATE,"[{""file"":""/mnt/c/Games/steamapps/common/Europa Universalis V/game/in_game/common/production_methods/unsorted_building_inputs.txt"",""layer_id"":""vanilla"",""layer_name"":""Vanilla"",""line"":273,""mod_name"":null,""mode"":""CREATE""}]"
galley_barracks_maintenance,building_maintenance,,,"[""tools"",""slaves_goods""]","[0.5,0.5]",false,,,global,,,,0.0,,0.0,3.125,-3.125,-100.0,[],1.0,,/mnt/c/Games/steamapps/common/Europa Universalis V/game/in_game/common/production_methods/unsorted_building_inputs.txt,283,vanilla,,CREATE,"[{""file"":""/mnt/c/Games/steamapps/common/Europa Universalis V/game/in_game/common/production_methods/unsorted_building_inputs.txt"",""layer_id"":""vanilla"",""layer_name"":""Vanilla"",""line"":283,""mod_name"":null,""mode"":""CREATE""}]"
janissary_barracks_maintenance,building_maintenance,,,"[""firearms"",""leather"",""cloth"",""paper"",""weaponry"",""slaves_goods""]","[0.5,0.5,0.1,0.2,0.5,0.5]",false,,,global,,,,0.0,,0.0,6.699999999999999,-6.699999999999999,-100.0,[],1.0,,/mnt/c/Games/steamapps/common/Europa Universalis V/game/in_game/common/production_methods/unsorted_building_inputs.txt,290,vanilla,,CREATE,"[{""file"":""/mnt/c/Games/steamapps/common/Europa Universalis V/game/in_game/common/production_methods/unsorted_building_inputs.txt"",""layer_id"":""vanilla"",""layer_name"":""Vanilla"",""line"":290,""mod_name"":null,""mode"":""CREATE""}]"
ghilman_barracks_maintenance,building_maintenance,,,"[""firearms"",""leather"",""cloth"",""paper"",""weaponry"",""slaves_goods""]","[0.5,0.5,0.1,0.2,0.5,0.5]",false,,,global,,,,0.0,,0.0,6.699999999999999,-6.699999999999999,-100.0,[],1.0,,/mnt/c/Games/steamapps/common/Europa Universalis V/game/in_game/common/production_methods/unsorted_building_inputs.txt,300,vanilla,,CREATE,"[{""file"":""/mnt/c/Games/steamapps/common/Europa Universalis V/game/in_game/common/production_methods/unsorted_building_inputs.txt"",""layer_id"":""vanilla"",""layer_name"":""Vanilla"",""line"":300,""mod_name"":null,""mode"":""CREATE""}]"
safaviyya_order_hall_maintenance,building_maintenance,,,"[""weaponry"",""leather"",""cloth"",""paper"",""glass""]","[0.5,0.5,0.1,0.2,0.07]",false,,,global,,,,0.0,,0.0,3.9099999999999997,-3.9099999999999997,-100.0,[],1.0,,/mnt/c/Games/steamapps/common/Europa Universalis V/game/in_game/common/production_methods/unsorted_building_inputs.txt,310,vanilla,,CREATE,"[{""file"":""/mnt/c/Games/steamapps/common/Europa Universalis V/game/in_game/common/production_methods/unsorted_building_inputs.txt"",""layer_id"":""vanilla"",""layer_name"":""Vanilla"",""line"":310,""mod_name"":null,""mode"":""CREATE""}]"
cawa_barracks_maintenance,building_maintenance,,,"[""leather"",""cloth"",""weaponry""]","[0.5,0.1,0.5]",false,,,global,,,,0.0,,0.0,3.3,-3.3,-100.0,[],1.0,,/mnt/c/Games/steamapps/common/Europa Universalis V/game/in_game/common/production_methods/unsorted_building_inputs.txt,319,vanilla,,CREATE,"[{""file"":""/mnt/c/Games/steamapps/common/Europa Universalis V/game/in_game/common/production_methods/unsorted_building_inputs.txt"",""layer_id"":""vanilla"",""layer_name"":""Vanilla"",""line"":319,""mod_name"":null,""mode"":""CREATE""}]"
port_authority_maintenance,building_maintenance,,,"[""naval_supplies"",""paper""]","[0.25,0.5]",false,,,global,,,,0.0,,0.0,1.75,-1.75,-100.0,[],1.0,,/mnt/c/Games/steamapps/common/Europa Universalis V/game/in_game/common/production_methods/unsorted_building_inputs.txt,326,vanilla,,CREATE,"[{""file"":""/mnt/c/Games/steamapps/common/Europa Universalis V/game/in_game/common/production_methods/unsorted_building_inputs.txt"",""layer_id"":""vanilla"",""layer_name"":""Vanilla"",""line"":326,""mod_name"":null,""mode"":""CREATE""}]"
satellite_trade_building_requirements,building_maintenance,,,"[""paper""]",[0.1],false,,,global,,,,0.0,,0.0,0.2,-0.2,-100.0,[],1.0,,/mnt/c/Games/steamapps/common/Europa Universalis V/game/in_game/common/production_methods/unsorted_building_inputs.txt,332,vanilla,,CREATE,"[{""file"":""/mnt/c/Games/steamapps/common/Europa Universalis V/game/in_game/common/production_methods/unsorted_building_inputs.txt"",""layer_id"":""vanilla"",""layer_name"":""Vanilla"",""line"":332,""mod_name"":null,""mode"":""CREATE""}]"
kontor_maintenance,building_maintenance,,,"[""lumber"",""tools"",""paper""]","[0.1,0.1,0.25]",false,,,global,,,,0.0,,0.0,1.0,-1.0,-100.0,[],1.0,,/mnt/c/Games/steamapps/common/Europa Universalis V/game/in_game/common/production_methods/unsorted_building_inputs.txt,343,vanilla,,CREATE,"[{""file"":""/mnt/c/Games/steamapps/common/Europa Universalis V/game/in_game/common/production_methods/unsorted_building_inputs.txt"",""layer_id"":""vanilla"",""layer_name"":""Vanilla"",""line"":343,""mod_name"":null,""mode"":""CREATE""}]"
fondaco_maintenance,building_maintenance,,,"[""lumber"",""paper""]","[0.1,0.2]",false,,,global,,,,0.0,,0.0,0.5750000000000001,-0.5750000000000001,-100.0,[],1.0,,/mnt/c/Games/steamapps/common/Europa Universalis V/game/in_game/common/production_methods/unsorted_building_inputs.txt,351,vanilla,,CREATE,"[{""file"":""/mnt/c/Games/steamapps/common/Europa Universalis V/game/in_game/common/production_methods/unsorted_building_inputs.txt"",""layer_id"":""vanilla"",""layer_name"":""Vanilla"",""line"":351,""mod_name"":null,""mode"":""CREATE""}]"
venetian_quarter_maintenance,building_maintenance,,,"[""paper""]",[0.1],false,,,global,,,,0.0,,0.0,0.2,-0.2,-100.0,[],1.0,,/mnt/c/Games/steamapps/common/Europa Universalis V/game/in_game/common/production_methods/unsorted_building_inputs.txt,359,vanilla,,CREATE,"[{""file"":""/mnt/c/Games/steamapps/common/Europa Universalis V/game/in_game/common/production_methods/unsorted_building_inputs.txt"",""layer_id"":""vanilla"",""layer_name"":""Vanilla"",""line"":359,""mod_name"":null,""mode"":""CREATE""}]"
galata_maintenance,building_maintenance,,,"[""paper""]",[0.1],false,,,global,,,,0.0,,0.0,0.2,-0.2,-100.0,[],1.0,,/mnt/c/Games/steamapps/common/Europa Universalis V/game/in_game/common/production_methods/unsorted_building_inputs.txt,364,vanilla,,CREATE,"[{""file"":""/mnt/c/Games/steamapps/common/Europa Universalis V/game/in_game/common/production_methods/unsorted_building_inputs.txt"",""layer_id"":""vanilla"",""layer_name"":""Vanilla"",""line"":364,""mod_name"":null,""mode"":""CREATE""}]"
market_center_building_maintenance,building_maintenance,,,"[""lumber"",""stone"",""tools"",""paper"",""salt"",""pottery""]","[0.2,0.2,0.2,2.0,0.2,0.2]",false,,,global,,,,0.0,,0.0,6.4,-6.4,-100.0,[],1.0,,/mnt/c/Games/steamapps/common/Europa Universalis V/game/in_game/common/production_methods/unsorted_building_inputs.txt,369,vanilla,,CREATE,"[{""file"":""/mnt/c/Games/steamapps/common/Europa Universalis V/game/in_game/common/production_methods/unsorted_building_inputs.txt"",""layer_id"":""vanilla"",""layer_name"":""Vanilla"",""line"":369,""mod_name"":null,""mode"":""CREATE""}]"
warehouse_maintenance,building_maintenance,,,"[""lumber"",""tools"",""salt""]","[0.1,0.1,0.1]",false,,,global,,,,0.0,,0.0,1.0,-1.0,-100.0,[],1.0,,/mnt/c/Games/steamapps/common/Europa Universalis V/game/in_game/common/production_methods/unsorted_building_inputs.txt,380,vanilla,,CREATE,"[{""file"":""/mnt/c/Games/steamapps/common/Europa Universalis V/game/in_game/common/production_methods/unsorted_building_inputs.txt"",""layer_id"":""vanilla"",""layer_name"":""Vanilla"",""line"":380,""mod_name"":null,""mode"":""CREATE""}]"
urban_parliament_seat_maintenance,building_maintenance,,,"[""books"",""fine_cloth""]","[0.2,0.1]",true,,,global,,,,0.0,,0.0,1.2000000000000002,-1.2000000000000002,-100.0,[],1.0,,/mnt/c/Games/steamapps/common/Europa Universalis V/game/in_game/common/production_methods/unsorted_building_inputs.txt,387,vanilla,,CREATE,"[{""file"":""/mnt/c/Games/steamapps/common/Europa Universalis V/game/in_game/common/production_methods/unsorted_building_inputs.txt"",""layer_id"":""vanilla"",""layer_name"":""Vanilla"",""line"":387,""mod_name"":null,""mode"":""CREATE""}]"
early_capital_building_maintenance,building_maintenance,,,"[""furniture"",""tools"",""glass"",""fine_cloth"",""books"",""goods_gold"",""marble""]","[0.1,0.1,0.33,0.5,0.1,0.1,0.1]",false,,,global,,,,0.0,,0.0,6.315,-6.315,-100.0,[],1.0,,/mnt/c/Games/steamapps/common/Europa Universalis V/game/in_game/common/production_methods/unsorted_building_inputs.txt,394,vanilla,,CREATE,"[{""file"":""/mnt/c/Games/steamapps/common/Europa Universalis V/game/in_game/common/production_methods/unsorted_building_inputs.txt"",""layer_id"":""vanilla"",""layer_name"":""Vanilla"",""line"":394,""mod_name"":null,""mode"":""CREATE""}]"
early_capital_building_silver_maintenance,building_maintenance,,,"[""furniture"",""tools"",""glass"",""fine_cloth"",""books"",""silver"",""marble""]","[0.1,0.1,0.33,0.5,0.1,0.1,0.1]",false,,,global,,,,0.0,,0.0,6.015000000000001,-6.015000000000001,-100.0,[],1.0,,/mnt/c/Games/steamapps/common/Europa Universalis V/game/in_game/common/production_methods/unsorted_building_inputs.txt,405,vanilla,,CREATE,"[{""file"":""/mnt/c/Games/steamapps/common/Europa Universalis V/game/in_game/common/production_methods/unsorted_building_inputs.txt"",""layer_id"":""vanilla"",""layer_name"":""Vanilla"",""line"":405,""mod_name"":null,""mode"":""CREATE""}]"
capital_administration_maintenance,building_maintenance,,,"[""tools"",""fine_cloth"",""paper"",""furniture"",""goods_gold""]","[0.1,0.25,0.5,0.1,0.1]",false,,,global,,,,0.0,,0.0,4.025,-4.025,-100.0,[],1.0,,/mnt/c/Games/steamapps/common/Europa Universalis V/game/in_game/common/production_methods/unsorted_building_inputs.txt,416,vanilla,,CREATE,"[{""file"":""/mnt/c/Games/steamapps/common/Europa Universalis V/game/in_game/common/production_methods/unsorted_building_inputs.txt"",""layer_id"":""vanilla"",""layer_name"":""Vanilla"",""line"":416,""mod_name"":null,""mode"":""CREATE""}]"
expensive_capital_administration_maintenance,building_maintenance,,,"[""tools"",""fine_cloth"",""paper"",""furniture"",""goods_gold""]","[0.1,0.5,2.0,0.25,0.1]",false,,,global,,,,0.0,,0.0,8.975,-8.975,-100.0,[],1.0,,/mnt/c/Games/steamapps/common/Europa Universalis V/game/in_game/common/production_methods/unsorted_building_inputs.txt,427,vanilla,,CREATE,"[{""file"":""/mnt/c/Games/steamapps/common/Europa Universalis V/game/in_game/common/production_methods/unsorted_building_inputs.txt"",""layer_id"":""vanilla"",""layer_name"":""Vanilla"",""line"":427,""mod_name"":null,""mode"":""CREATE""}]"
capital_building_maintenance,building_maintenance,,,"[""furniture"",""tools"",""porcelain"",""glass"",""fine_cloth"",""books"",""ivory"",""goods_gold"",""marble""]","[0.1,0.1,0.2,0.33,0.5,0.1,0.2,0.1,0.2]",false,,,global,,,,0.0,,0.0,8.215,-8.215,-100.0,[],1.0,,/mnt/c/Games/steamapps/common/Europa Universalis V/game/in_game/common/production_methods/unsorted_building_inputs.txt,438,vanilla,,CREATE,"[{""file"":""/mnt/c/Games/steamapps/common/Europa Universalis V/game/in_game/common/production_methods/unsorted_building_inputs.txt"",""layer_id"":""vanilla"",""layer_name"":""Vanilla"",""line"":438,""mod_name"":null,""mode"":""CREATE""}]"
prestige_building_maintenance,building_maintenance,,,"[""masonry"",""tools"",""glass"",""goods_gold"",""copper"",""tin"",""marble"",""furniture""]","[0.25,0.1,0.33,0.1,0.1,0.1,0.5,0.1]",false,,,global,,,,0.0,,0.0,5.765,-5.765,-100.0,[],1.0,,/mnt/c/Games/steamapps/common/Europa Universalis V/game/in_game/common/production_methods/unsorted_building_inputs.txt,453,vanilla,,CREATE,"[{""file"":""/mnt/c/Games/steamapps/common/Europa Universalis V/game/in_game/common/production_methods/unsorted_building_inputs.txt"",""layer_id"":""vanilla"",""layer_name"":""Vanilla"",""line"":453,""mod_name"":null,""mode"":""CREATE""}]"
kilwan_shipwrights_maintenance,building_maintenance,,,"[""cloth"",""lumber"",""naval_supplies"",""tar""]","[0.05,0.1,0.2,0.1]",false,,,global,,,,0.0,,0.0,1.1250000000000002,-1.1250000000000002,-100.0,[],1.0,,/mnt/c/Games/steamapps/common/Europa Universalis V/game/in_game/common/production_methods/unsorted_building_inputs.txt,467,vanilla,,CREATE,"[{""file"":""/mnt/c/Games/steamapps/common/Europa Universalis V/game/in_game/common/production_methods/unsorted_building_inputs.txt"",""layer_id"":""vanilla"",""layer_name"":""Vanilla"",""line"":467,""mod_name"":null,""mode"":""CREATE""}]"
colony_maintenance,building_maintenance,,,"[""stone"",""lumber"",""wild_game"",""wool""]","[0.1,0.1,0.1,0.1]",false,,,global,,,,0.0,,0.0,0.625,-0.625,-100.0,[],1.0,,/mnt/c/Games/steamapps/common/Europa Universalis V/game/in_game/common/production_methods/unsorted_building_inputs.txt,478,vanilla,,CREATE,"[{""file"":""/mnt/c/Games/steamapps/common/Europa Universalis V/game/in_game/common/production_methods/unsorted_building_inputs.txt"",""layer_id"":""vanilla"",""layer_name"":""Vanilla"",""line"":478,""mod_name"":null,""mode"":""CREATE""}]"
missionary_maintenance,building_maintenance,,,"[""glass"",""paper"",""cloth""]","[0.07,0.1,0.1]",false,,,global,,,,0.0,,0.0,0.7100000000000001,-0.7100000000000001,-100.0,[],1.0,,/mnt/c/Games/steamapps/common/Europa Universalis V/game/in_game/common/production_methods/unsorted_building_inputs.txt,487,vanilla,,CREATE,"[{""file"":""/mnt/c/Games/steamapps/common/Europa Universalis V/game/in_game/common/production_methods/unsorted_building_inputs.txt"",""layer_id"":""vanilla"",""layer_name"":""Vanilla"",""line"":487,""mod_name"":null,""mode"":""CREATE""}]"
fur_trading_post_maintenance,building_maintenance,,,"[""fur"",""weaponry"",""books""]","[0.1,0.1,0.05]",false,,,global,,,,0.0,,0.0,0.65,-0.65,-100.0,[],1.0,,/mnt/c/Games/steamapps/common/Europa Universalis V/game/in_game/common/production_methods/unsorted_building_inputs.txt,496,vanilla,,CREATE,"[{""file"":""/mnt/c/Games/steamapps/common/Europa Universalis V/game/in_game/common/production_methods/unsorted_building_inputs.txt"",""layer_id"":""vanilla"",""layer_name"":""Vanilla"",""line"":496,""mod_name"":null,""mode"":""CREATE""}]"
order_commandery_maintenance,building_maintenance,,,"[""stone"",""weaponry"",""paper""]","[0.01,0.05,0.02]",false,,,global,,,,0.0,,0.0,0.20000000000000004,-0.20000000000000004,-100.0,[],1.0,,/mnt/c/Games/steamapps/common/Europa Universalis V/game/in_game/common/production_methods/unsorted_building_inputs.txt,505,vanilla,,CREATE,"[{""file"":""/mnt/c/Games/steamapps/common/Europa Universalis V/game/in_game/common/production_methods/unsorted_building_inputs.txt"",""layer_id"":""vanilla"",""layer_name"":""Vanilla"",""line"":505,""mod_name"":null,""mode"":""CREATE""}]"
pirate_haven_maintenance,building_maintenance,,,"[""naval_supplies"",""weaponry"",""lumber""]","[0.1,0.1,0.1]",false,,,global,,,,0.0,,0.0,0.7750000000000001,-0.7750000000000001,-100.0,[],1.0,,/mnt/c/Games/steamapps/common/Europa Universalis V/game/in_game/common/production_methods/unsorted_building_inputs.txt,515,vanilla,,CREATE,"[{""file"":""/mnt/c/Games/steamapps/common/Europa Universalis V/game/in_game/common/production_methods/unsorted_building_inputs.txt"",""layer_id"":""vanilla"",""layer_name"":""Vanilla"",""line"":515,""mod_name"":null,""mode"":""CREATE""}]"
great_zimbabwe_maintenance,building_maintenance,,,"[""lumber"",""tools"",""goods_gold"",""ivory""]","[0.2,0.1,0.1,0.1]",false,,,global,,,,0.0,,0.0,1.975,-1.975,-100.0,[],1.0,,/mnt/c/Games/steamapps/common/Europa Universalis V/game/in_game/common/production_methods/unsorted_building_inputs.txt,522,vanilla,,CREATE,"[{""file"":""/mnt/c/Games/steamapps/common/Europa Universalis V/game/in_game/common/production_methods/unsorted_building_inputs.txt"",""layer_id"":""vanilla"",""layer_name"":""Vanilla"",""line"":522,""mod_name"":null,""mode"":""CREATE""}]"
khmer_baray_maintenance,building_maintenance,,,"[""lumber"",""tools"",""clay"",""stone""]","[0.2,0.5,0.2,0.2]",false,,,global,,,,0.0,,0.0,2.2750000000000004,-2.2750000000000004,-100.0,[],1.0,,/mnt/c/Games/steamapps/common/Europa Universalis V/game/in_game/common/production_methods/unsorted_building_inputs.txt,531,vanilla,,CREATE,"[{""file"":""/mnt/c/Games/steamapps/common/Europa Universalis V/game/in_game/common/production_methods/unsorted_building_inputs.txt"",""layer_id"":""vanilla"",""layer_name"":""Vanilla"",""line"":531,""mod_name"":null,""mode"":""CREATE""}]"
overseas_trading_post_maintenance,building_maintenance,,,"[""liquor"",""weaponry""]","[0.05,0.05]",false,,,global,,,,0.0,,0.0,0.275,-0.275,-100.0,[],1.0,,/mnt/c/Games/steamapps/common/Europa Universalis V/game/in_game/common/production_methods/unsorted_building_inputs.txt,540,vanilla,,CREATE,"[{""file"":""/mnt/c/Games/steamapps/common/Europa Universalis V/game/in_game/common/production_methods/unsorted_building_inputs.txt"",""layer_id"":""vanilla"",""layer_name"":""Vanilla"",""line"":540,""mod_name"":null,""mode"":""CREATE""}]"
hospital_maintenance,building_maintenance,,,"[""fiber_crops"",""tools"",""paper"",""books"",""medicaments"",""mercury"",""glass""]","[0.1,0.02,0.1,0.05,0.02,0.01,0.03]",false,,,global,,,,0.0,,0.0,0.755,-0.755,-100.0,[],1.0,,/mnt/c/Games/steamapps/common/Europa Universalis V/game/in_game/common/production_methods/unsorted_building_inputs.txt,548,vanilla,,CREATE,"[{""file"":""/mnt/c/Games/steamapps/common/Europa Universalis V/game/in_game/common/production_methods/unsorted_building_inputs.txt"",""layer_id"":""vanilla"",""layer_name"":""Vanilla"",""line"":548,""mod_name"":null,""mode"":""CREATE""}]"
bridge_maintenance,building_maintenance,,,"[""lumber"",""stone"",""tools""]","[0.05,0.1,0.02]",false,,,global,,,,0.0,,0.0,0.2525,-0.2525,-100.0,[],1.0,,/mnt/c/Games/steamapps/common/Europa Universalis V/game/in_game/common/production_methods/unsorted_building_inputs.txt,562,vanilla,,CREATE,"[{""file"":""/mnt/c/Games/steamapps/common/Europa Universalis V/game/in_game/common/production_methods/unsorted_building_inputs.txt"",""layer_id"":""vanilla"",""layer_name"":""Vanilla"",""line"":562,""mod_name"":null,""mode"":""CREATE""}]"
pound_lock_canal_infrastructure_maintenance,building_maintenance,,,"[""lumber"",""stone"",""tools""]","[0.1,0.05,0.1]",false,,,global,,,,0.0,,0.0,0.55,-0.55,-100.0,[],1.0,,/mnt/c/Games/steamapps/common/Europa Universalis V/game/in_game/common/production_methods/unsorted_building_inputs.txt,570,vanilla,,CREATE,"[{""file"":""/mnt/c/Games/steamapps/common/Europa Universalis V/game/in_game/common/production_methods/unsorted_building_inputs.txt"",""layer_id"":""vanilla"",""layer_name"":""Vanilla"",""line"":570,""mod_name"":null,""mode"":""CREATE""}]"
panaqa_building_input,building_maintenance,,,[],[],false,,,global,,,,0.0,,0.0,0.0,0.0,,[],1.0,,/mnt/c/Games/steamapps/common/Europa Universalis V/game/in_game/common/production_methods/unsorted_building_inputs.txt,581,vanilla,,CREATE,"[{""file"":""/mnt/c/Games/steamapps/common/Europa Universalis V/game/in_game/common/production_methods/unsorted_building_inputs.txt"",""layer_id"":""vanilla"",""layer_name"":""Vanilla"",""line"":581,""mod_name"":null,""mode"":""CREATE""}]"
hanseatic_town_hall_maintenance,building_maintenance,,,"[""lumber"",""tools"",""glass"",""fine_cloth"",""books"",""goods_gold"",""marble""]","[0.1,0.1,0.33,0.5,0.1,0.1,0.1]",false,,,global,,,,0.0,,0.0,6.19,-6.19,-100.0,[],1.0,,/mnt/c/Games/steamapps/common/Europa Universalis V/game/in_game/common/production_methods/unsorted_building_inputs.txt,585,vanilla,,CREATE,"[{""file"":""/mnt/c/Games/steamapps/common/Europa Universalis V/game/in_game/common/production_methods/unsorted_building_inputs.txt"",""layer_id"":""vanilla"",""layer_name"":""Vanilla"",""line"":585,""mod_name"":null,""mode"":""CREATE""}]"
ablaq_palace_maintenance,building_maintenance,silk,0.35,"[""lumber"",""marble""]","[0.135,0.193]",false,,,global,,,,0.0,0.35,1.4,1.2012500000000002,0.19874999999999976,16.54526534859519,[],1.0,0.35,/mnt/c/Games/steamapps/common/Europa Universalis V/game/in_game/common/production_methods/unsorted_building_inputs.txt,598,vanilla,,CREATE,"[{""file"":""/mnt/c/Games/steamapps/common/Europa Universalis V/game/in_game/common/production_methods/unsorted_building_inputs.txt"",""layer_id"":""vanilla"",""layer_name"":""Vanilla"",""line"":598,""mod_name"":null,""mode"":""CREATE""}]"
oma_falaj_maintenance,building_maintenance,,,"[""stone""]",[0.02],false,,,global,,,,0.0,,0.0,0.02,-0.02,-100.0,[],1.0,,/mnt/c/Games/steamapps/common/Europa Universalis V/game/in_game/common/production_methods/unsorted_building_inputs.txt,609,vanilla,,CREATE,"[{""file"":""/mnt/c/Games/steamapps/common/Europa Universalis V/game/in_game/common/production_methods/unsorted_building_inputs.txt"",""layer_id"":""vanilla"",""layer_name"":""Vanilla"",""line"":609,""mod_name"":null,""mode"":""CREATE""}]"
sevilla_bullfighting_school_maintenance,building_maintenance,,,"[""livestock"",""tools""]","[0.5,0.1]",false,,,global,,,,0.0,,0.0,1.075,-1.075,-100.0,[],1.0,,/mnt/c/Games/steamapps/common/Europa Universalis V/game/in_game/common/production_methods/unsorted_building_inputs.txt,614,vanilla,,CREATE,"[{""file"":""/mnt/c/Games/steamapps/common/Europa Universalis V/game/in_game/common/production_methods/unsorted_building_inputs.txt"",""layer_id"":""vanilla"",""layer_name"":""Vanilla"",""line"":614,""mod_name"":null,""mode"":""CREATE""}]"
composite_nature_maintenance,building_maintenance,,,"[""paper"",""cloth"",""glass"",""beeswax"",""wine""]","[0.1,0.1,0.03,0.05,0.05]",false,,,global,,,,0.0,,0.0,0.7899999999999999,-0.7899999999999999,-100.0,[],1.0,,/mnt/c/Games/steamapps/common/Europa Universalis V/game/in_game/common/production_methods/unsorted_building_inputs.txt,623,vanilla,,CREATE,"[{""file"":""/mnt/c/Games/steamapps/common/Europa Universalis V/game/in_game/common/production_methods/unsorted_building_inputs.txt"",""layer_id"":""vanilla"",""layer_name"":""Vanilla"",""line"":623,""mod_name"":null,""mode"":""CREATE""}]"
single_nature_maintenance,building_maintenance,,,"[""lumber"",""clay"",""glass"",""beeswax"",""wine""]","[0.2,0.2,0.03,0.05,0.05]",false,,,global,,,,0.0,,0.0,0.74,-0.74,-100.0,[],1.0,,/mnt/c/Games/steamapps/common/Europa Universalis V/game/in_game/common/production_methods/unsorted_building_inputs.txt,636,vanilla,,CREATE,"[{""file"":""/mnt/c/Games/steamapps/common/Europa Universalis V/game/in_game/common/production_methods/unsorted_building_inputs.txt"",""layer_id"":""vanilla"",""layer_name"":""Vanilla"",""line"":636,""mod_name"":null,""mode"":""CREATE""}]"
dual_nature_maintenance,building_maintenance,,,"[""lumber"",""stone"",""glass"",""beeswax"",""wine""]","[0.2,0.2,0.03,0.05,0.05]",false,,,global,,,,0.0,,0.0,0.84,-0.84,-100.0,[],1.0,,/mnt/c/Games/steamapps/common/Europa Universalis V/game/in_game/common/production_methods/unsorted_building_inputs.txt,649,vanilla,,CREATE,"[{""file"":""/mnt/c/Games/steamapps/common/Europa Universalis V/game/in_game/common/production_methods/unsorted_building_inputs.txt"",""layer_id"":""vanilla"",""layer_name"":""Vanilla"",""line"":649,""mod_name"":null,""mode"":""CREATE""}]"
separate_nature_maintenance,building_maintenance,,,"[""lumber"",""clay"",""glass"",""beeswax"",""wine""]","[0.15,0.15,0.03,0.05,0.05]",false,,,global,,,,0.0,,0.0,0.6275,-0.6275,-100.0,[],1.0,,/mnt/c/Games/steamapps/common/Europa Universalis V/game/in_game/common/production_methods/unsorted_building_inputs.txt,663,vanilla,,CREATE,"[{""file"":""/mnt/c/Games/steamapps/common/Europa Universalis V/game/in_game/common/production_methods/unsorted_building_inputs.txt"",""layer_id"":""vanilla"",""layer_name"":""Vanilla"",""line"":663,""mod_name"":null,""mode"":""CREATE""}]"
pirate_stronghold_maintenance,building_maintenance,,,"[""naval_supplies"",""weaponry"",""liquor"",""firearms"",""lumber""]","[0.1,0.05,0.1,0.1,0.1]",false,,,global,,,,0.0,,0.0,1.175,-1.175,-100.0,[],1.0,,/mnt/c/Games/steamapps/common/Europa Universalis V/game/in_game/common/production_methods/unsorted_building_inputs.txt,678,vanilla,,CREATE,"[{""file"":""/mnt/c/Games/steamapps/common/Europa Universalis V/game/in_game/common/production_methods/unsorted_building_inputs.txt"",""layer_id"":""vanilla"",""layer_name"":""Vanilla"",""line"":678,""mod_name"":null,""mode"":""CREATE""}]"
black_market_maintenance,building_maintenance,,,"[""stone"",""lumber"",""liquor"",""paper""]","[0.1,0.1,0.05,0.05]",false,,,global,,,,0.0,,0.0,0.5,-0.5,-100.0,[],1.0,,/mnt/c/Games/steamapps/common/Europa Universalis V/game/in_game/common/production_methods/unsorted_building_inputs.txt,687,vanilla,,CREATE,"[{""file"":""/mnt/c/Games/steamapps/common/Europa Universalis V/game/in_game/common/production_methods/unsorted_building_inputs.txt"",""layer_id"":""vanilla"",""layer_name"":""Vanilla"",""line"":687,""mod_name"":null,""mode"":""CREATE""}]"
smuggler_cove_maintenance,building_maintenance,,,"[""naval_supplies"",""lumber"",""liquor"",""paper""]","[0.05,0.1,0.05,0.05]",false,,,global,,,,0.0,,0.0,0.55,-0.55,-100.0,[],1.0,,/mnt/c/Games/steamapps/common/Europa Universalis V/game/in_game/common/production_methods/unsorted_building_inputs.txt,696,vanilla,,CREATE,"[{""file"":""/mnt/c/Games/steamapps/common/Europa Universalis V/game/in_game/common/production_methods/unsorted_building_inputs.txt"",""layer_id"":""vanilla"",""layer_name"":""Vanilla"",""line"":696,""mod_name"":null,""mode"":""CREATE""}]"
brothel_maintenance,building_maintenance,,,"[""medicaments"",""liquor"",""paper"",""cloth""]","[0.05,0.2,0.05,0.1]",false,,,global,,,,0.0,,0.0,0.9500000000000001,-0.9500000000000001,-100.0,[],1.0,,/mnt/c/Games/steamapps/common/Europa Universalis V/game/in_game/common/production_methods/unsorted_building_inputs.txt,705,vanilla,,CREATE,"[{""file"":""/mnt/c/Games/steamapps/common/Europa Universalis V/game/in_game/common/production_methods/unsorted_building_inputs.txt"",""layer_id"":""vanilla"",""layer_name"":""Vanilla"",""line"":705,""mod_name"":null,""mode"":""CREATE""}]"
pirate_tavern_maintenance,building_maintenance,,,"[""lumber"",""liquor""]","[0.15,0.1]",false,,,global,,,,0.0,,0.0,0.5125,-0.5125,-100.0,[],1.0,,/mnt/c/Games/steamapps/common/Europa Universalis V/game/in_game/common/production_methods/unsorted_building_inputs.txt,714,vanilla,,CREATE,"[{""file"":""/mnt/c/Games/steamapps/common/Europa Universalis V/game/in_game/common/production_methods/unsorted_building_inputs.txt"",""layer_id"":""vanilla"",""layer_name"":""Vanilla"",""line"":714,""mod_name"":null,""mode"":""CREATE""}]"
rahdar_maintenance,building_maintenance,,,"[""lumber"",""masonry"",""weaponry""]","[0.2,0.2,0.2]",false,,,global,,,,0.0,,0.0,1.1500000000000001,-1.1500000000000001,-100.0,[],1.0,,/mnt/c/Games/steamapps/common/Europa Universalis V/game/in_game/common/production_methods/unsorted_building_inputs.txt,724,vanilla,,CREATE,"[{""file"":""/mnt/c/Games/steamapps/common/Europa Universalis V/game/in_game/common/production_methods/unsorted_building_inputs.txt"",""layer_id"":""vanilla"",""layer_name"":""Vanilla"",""line"":724,""mod_name"":null,""mode"":""CREATE""}]"
ori_portuguese_quarters_maintenance,building_maintenance,,,"[""lumber"",""naval_supplies""]","[0.5,0.1]",false,,,global,,,,0.0,,0.0,1.175,-1.175,-100.0,[],1.0,,/mnt/c/Games/steamapps/common/Europa Universalis V/game/in_game/common/production_methods/unsorted_building_inputs.txt,732,vanilla,,CREATE,"[{""file"":""/mnt/c/Games/steamapps/common/Europa Universalis V/game/in_game/common/production_methods/unsorted_building_inputs.txt"",""layer_id"":""vanilla"",""layer_name"":""Vanilla"",""line"":732,""mod_name"":null,""mode"":""CREATE""}]"
jurchen_barracks_maintenance,building_maintenance,,,"[""leather"",""cloth"",""weaponry"",""horses""]","[0.1,0.01,0.1,0.1]",false,,,global,,,,0.0,,0.0,0.9300000000000002,-0.9300000000000002,-100.0,[],1.0,,/mnt/c/Games/steamapps/common/Europa Universalis V/game/in_game/common/production_methods/unsorted_building_inputs.txt,739,vanilla,,CREATE,"[{""file"":""/mnt/c/Games/steamapps/common/Europa Universalis V/game/in_game/common/production_methods/unsorted_building_inputs.txt"",""layer_id"":""vanilla"",""layer_name"":""Vanilla"",""line"":739,""mod_name"":null,""mode"":""CREATE""}]"
rural_blacksmith,building_maintenance,tools,0.5,"[""iron""]",[0.417],false,,,global,,,,0.0,0.5,1.625,1.4595,0.16549999999999998,11.33949982870846,[],1.0,0.5,/mnt/c/Games/steamapps/common/Europa Universalis V/game/in_game/common/production_methods/village_production_methods.txt,1,vanilla,,CREATE,"[{""file"":""/mnt/c/Games/steamapps/common/Europa Universalis V/game/in_game/common/production_methods/village_production_methods.txt"",""layer_id"":""vanilla"",""layer_name"":""Vanilla"",""line"":1,""mod_name"":null,""mode"":""CREATE""}]"
rural_millet_brewery,building_maintenance,beer,0.5,"[""millet"",""lumber"",""tools""]","[0.484,0.097,0.068]",false,,,global,,,,0.0,0.5,1.0,0.8747500000000001,0.12524999999999986,14.31837667905114,[],1.0,0.5,/mnt/c/Games/steamapps/common/Europa Universalis V/game/in_game/common/production_methods/village_production_methods.txt,11,vanilla,,CREATE,"[{""file"":""/mnt/c/Games/steamapps/common/Europa Universalis V/game/in_game/common/production_methods/village_production_methods.txt"",""layer_id"":""vanilla"",""layer_name"":""Vanilla"",""line"":11,""mod_name"":null,""mode"":""CREATE""}]"
rural_weaponmaker,building_maintenance,weaponry,0.2,"[""lumber""]",[0.333],false,,,global,,,,0.0,0.2,0.6000000000000001,0.58275,0.0172500000000001,2.960102960102977,[],1.0,0.2,/mnt/c/Games/steamapps/common/Europa Universalis V/game/in_game/common/production_methods/village_production_methods.txt,23,vanilla,,CREATE,"[{""file"":""/mnt/c/Games/steamapps/common/Europa Universalis V/game/in_game/common/production_methods/village_production_methods.txt"",""layer_id"":""vanilla"",""layer_name"":""Vanilla"",""line"":23,""mod_name"":null,""mode"":""CREATE""}]"
rural_jewelry_carver,building_maintenance,jewelry,0.1,"[""stone""]",[0.417],false,,,global,,,,0.0,0.1,0.5,0.417,0.08300000000000002,19.904076738609117,[],1.0,0.1,/mnt/c/Games/steamapps/common/Europa Universalis V/game/in_game/common/production_methods/village_production_methods.txt,33,vanilla,,CREATE,"[{""file"":""/mnt/c/Games/steamapps/common/Europa Universalis V/game/in_game/common/production_methods/village_production_methods.txt"",""layer_id"":""vanilla"",""layer_name"":""Vanilla"",""line"":33,""mod_name"":null,""mode"":""CREATE""}]"
rural_pottery_maker,building_maintenance,pottery,0.2,"[""clay""]",[0.333],false,,,global,,,,0.0,0.2,0.2,0.1665,0.0335,20.12012012012012,[],1.0,0.2,/mnt/c/Games/steamapps/common/Europa Universalis V/game/in_game/common/production_methods/village_production_methods.txt,43,vanilla,,CREATE,"[{""file"":""/mnt/c/Games/steamapps/common/Europa Universalis V/game/in_game/common/production_methods/village_production_methods.txt"",""layer_id"":""vanilla"",""layer_name"":""Vanilla"",""line"":43,""mod_name"":null,""mode"":""CREATE""}]"
fishing_village_maintenance,building_maintenance,fish,0.5,"[""salt"",""tools""]","[0.0929,0.015]",false,,,global,,,,0.0,0.5,0.5,0.51325,-0.013249999999999984,-2.581587920116899,[],1.0,0.5,/mnt/c/Games/steamapps/common/Europa Universalis V/game/in_game/common/production_methods/village_production_methods.txt,53,vanilla,,CREATE,"[{""file"":""/mnt/c/Games/steamapps/common/Europa Universalis V/game/in_game/common/production_methods/village_production_methods.txt"",""layer_id"":""vanilla"",""layer_name"":""Vanilla"",""line"":53,""mod_name"":null,""mode"":""CREATE""}]"
arctic_fishing_village_maintenance,building_maintenance,fish,0.5,"[""salt"",""ivory""]","[0.0722,0.032]",false,,,global,,,,0.0,0.5,0.5,0.489,0.01100000000000001,2.2494887525562395,[],1.0,0.5,/mnt/c/Games/steamapps/common/Europa Universalis V/game/in_game/common/production_methods/village_production_methods.txt,65,vanilla,,CREATE,"[{""file"":""/mnt/c/Games/steamapps/common/Europa Universalis V/game/in_game/common/production_methods/village_production_methods.txt"",""layer_id"":""vanilla"",""layer_name"":""Vanilla"",""line"":65,""mod_name"":null,""mode"":""CREATE""}]"
coastal_boatyard,building_maintenance,naval_supplies,0.5,"[""lumber"",""tar""]","[0.5,0.25]",false,,,global,,,,0.0,0.5,1.5,1.375,0.125,9.090909090909092,[],1.0,0.5,/mnt/c/Games/steamapps/common/Europa Universalis V/game/in_game/common/production_methods/village_production_methods.txt,77,vanilla,,CREATE,"[{""file"":""/mnt/c/Games/steamapps/common/Europa Universalis V/game/in_game/common/production_methods/village_production_methods.txt"",""layer_id"":""vanilla"",""layer_name"":""Vanilla"",""line"":77,""mod_name"":null,""mode"":""CREATE""}]"
forest_tannery,building_maintenance,leather,0.2,"[""sand"",""tar"",""wild_game""]","[0.048,0.029,0.419]",false,,,global,,,,0.0,0.2,0.6000000000000001,0.501,0.09900000000000009,19.760479041916184,[],1.0,0.2,/mnt/c/Games/steamapps/common/Europa Universalis V/game/in_game/common/production_methods/village_production_methods.txt,89,vanilla,,CREATE,"[{""file"":""/mnt/c/Games/steamapps/common/Europa Universalis V/game/in_game/common/production_methods/village_production_methods.txt"",""layer_id"":""vanilla"",""layer_name"":""Vanilla"",""line"":89,""mod_name"":null,""mode"":""CREATE""}]"
hunting_lodges,building_maintenance,wild_game,0.2,"[""weaponry""]",[0.0556],false,,,global,,,,0.0,0.2,0.2,0.1668,0.03320000000000001,19.904076738609117,[],1.0,0.2,/mnt/c/Games/steamapps/common/Europa Universalis V/game/in_game/common/production_methods/village_production_methods.txt,102,vanilla,,CREATE,"[{""file"":""/mnt/c/Games/steamapps/common/Europa Universalis V/game/in_game/common/production_methods/village_production_methods.txt"",""layer_id"":""vanilla"",""layer_name"":""Vanilla"",""line"":102,""mod_name"":null,""mode"":""CREATE""}]"
pp_carrier_inn_maintenance,building_maintenance,,,"[""victuals"",""horses"",""livestock"",""lumber"",""tools""]","[0.4,0.2,0.2,0.2,0.1]",false,,,global,,,,0.0,,0.0,2.775000000000001,-2.775000000000001,-100.0,[],1.0,,/home/jan/development/ProsperOrPerishConstructor/mod/Prosper or Perish (Population Growth & Food Rework)/in_game/common/production_methods/pp_carrier_inn.txt,2,constructor,Prosper or Perish Constructor,CREATE,"[{""file"":""/home/jan/development/ProsperOrPerishConstructor/mod/Prosper or Perish (Population Growth & Food Rework)/in_game/common/production_methods/pp_carrier_inn.txt"",""layer_id"":""constructor"",""layer_name"":""Prosper or Perish Constructor"",""line"":2,""mod_name"":""Prosper or Perish Constructor"",""mode"":""CREATE""}]"
pp_coastal_shipping_office_maintenance,building_maintenance,,,"[""naval_supplies"",""tar"",""lumber"",""tools"",""victuals"",""paper""]","[0.15,0.075,0.15,0.1,0.2,0.0625]",false,,,global,,,,0.0,,0.0,1.9125,-1.9125,-100.0,[],1.0,,/home/jan/development/ProsperOrPerishConstructor/mod/Prosper or Perish (Population Growth & Food Rework)/in_game/common/production_methods/pp_coastal_shipping_office.txt,2,constructor,Prosper or Perish Constructor,CREATE,"[{""file"":""/home/jan/development/ProsperOrPerishConstructor/mod/Prosper or Perish (Population Growth & Food Rework)/in_game/common/production_methods/pp_coastal_shipping_office.txt"",""layer_id"":""constructor"",""layer_name"":""Prosper or Perish Constructor"",""line"":2,""mod_name"":""Prosper or Perish Constructor"",""mode"":""CREATE""}]"
pp_library_maintenance,building_maintenance,,,"[""paper"",""books"",""glass""]","[0.2,0.5,0.1]",false,,,global,,,,0.0,,0.0,2.2,-2.2,-100.0,[],1.0,,/home/jan/development/ProsperOrPerishConstructor/mod/Prosper or Perish (Population Growth & Food Rework)/in_game/common/production_methods/pp_culture_maintenance_adjustments.txt,1,constructor,Prosper or Perish Constructor,CREATE,"[{""file"":""/home/jan/development/ProsperOrPerishConstructor/mod/Prosper or Perish (Population Growth & Food Rework)/in_game/common/production_methods/pp_culture_maintenance_adjustments.txt"",""layer_id"":""constructor"",""layer_name"":""Prosper or Perish Constructor"",""line"":1,""mod_name"":""Prosper or Perish Constructor"",""mode"":""CREATE""}]"
pp_river_boatmen_yard_maintenance,building_maintenance,,,"[""naval_supplies"",""lumber"",""tools"",""victuals"",""tar""]","[0.1,0.15,0.1,0.15,0.025]",false,,,global,,,,0.0,,0.0,1.3875,-1.3875,-100.0,[],1.0,,/home/jan/development/ProsperOrPerishConstructor/mod/Prosper or Perish (Population Growth & Food Rework)/in_game/common/production_methods/pp_river_boatmen_yard.txt,2,constructor,Prosper or Perish Constructor,CREATE,"[{""file"":""/home/jan/development/ProsperOrPerishConstructor/mod/Prosper or Perish (Population Growth & Food Rework)/in_game/common/production_methods/pp_river_boatmen_yard.txt"",""layer_id"":""constructor"",""layer_name"":""Prosper or Perish Constructor"",""line"":2,""mod_name"":""Prosper or Perish Constructor"",""mode"":""CREATE""}]"
pp_road_wardens_yard_maintenance,building_maintenance,,,"[""sand"",""tools"",""horses"",""victuals""]","[0.8,0.2,0.1,0.08]",false,,,global,,,,0.0,,0.0,1.59,-1.59,-100.0,[],1.0,,/home/jan/development/ProsperOrPerishConstructor/mod/Prosper or Perish (Population Growth & Food Rework)/in_game/common/production_methods/pp_road_0_wardens_yard.txt,2,constructor,Prosper or Perish Constructor,CREATE,"[{""file"":""/home/jan/development/ProsperOrPerishConstructor/mod/Prosper or Perish (Population Growth & Food Rework)/in_game/common/production_methods/pp_road_0_wardens_yard.txt"",""layer_id"":""constructor"",""layer_name"":""Prosper or Perish Constructor"",""line"":2,""mod_name"":""Prosper or Perish Constructor"",""mode"":""CREATE""}]"
pp_paviors_yard_maintenance,building_maintenance,,,"[""masonry"",""sand"",""tools"",""victuals""]","[1.2,0.6,0.3,0.24]",false,,,global,,,,0.0,,0.0,3.1950000000000003,-3.1950000000000003,-100.0,[],1.0,,/home/jan/development/ProsperOrPerishConstructor/mod/Prosper or Perish (Population Growth & Food Rework)/in_game/common/production_methods/pp_road_1_paviors_yard.txt,2,constructor,Prosper or Perish Constructor,CREATE,"[{""file"":""/home/jan/development/ProsperOrPerishConstructor/mod/Prosper or Perish (Population Growth & Food Rework)/in_game/common/production_methods/pp_road_1_paviors_yard.txt"",""layer_id"":""constructor"",""layer_name"":""Prosper or Perish Constructor"",""line"":2,""mod_name"":""Prosper or Perish Constructor"",""mode"":""CREATE""}]"
pp_macadam_works_maintenance,building_maintenance,,,"[""masonry"",""sand"",""tools"",""horses"",""paper""]","[2.5,2.0,0.9,0.4,0.3]",false,,,global,,,,0.0,,0.0,8.225000000000001,-8.225000000000001,-100.0,[],1.0,,/home/jan/development/ProsperOrPerishConstructor/mod/Prosper or Perish (Population Growth & Food Rework)/in_game/common/production_methods/pp_road_2_macadam_works.txt,2,constructor,Prosper or Perish Constructor,CREATE,"[{""file"":""/home/jan/development/ProsperOrPerishConstructor/mod/Prosper or Perish (Population Growth & Food Rework)/in_game/common/production_methods/pp_road_2_macadam_works.txt"",""layer_id"":""constructor"",""layer_name"":""Prosper or Perish Constructor"",""line"":2,""mod_name"":""Prosper or Perish Constructor"",""mode"":""CREATE""}]"
pp_permanent_way_depot_maintenance,building_maintenance,,,"[""steel"",""lumber"",""masonry"",""tools"",""coal"",""sand""]","[1.8,2.0,2.0,1.2,0.7,2.0]",false,,,global,,,,0.0,,0.0,20.799999999999997,-20.799999999999997,-100.0,[],1.0,,/home/jan/development/ProsperOrPerishConstructor/mod/Prosper or Perish (Population Growth & Food Rework)/in_game/common/production_methods/pp_road_3_permanent_way_depot.txt,2,constructor,Prosper or Perish Constructor,CREATE,"[{""file"":""/home/jan/development/ProsperOrPerishConstructor/mod/Prosper or Perish (Population Growth & Food Rework)/in_game/common/production_methods/pp_road_3_permanent_way_depot.txt"",""layer_id"":""constructor"",""layer_name"":""Prosper or Perish Constructor"",""line"":2,""mod_name"":""Prosper or Perish Constructor"",""mode"":""CREATE""}]"
pp_transport_office_maintenance,building_maintenance,,,"[""victuals"",""paper"",""tools"",""cloth""]","[0.6,0.3,0.2,0.1]",false,,,global,,,,0.0,,0.0,3.3499999999999996,-3.3499999999999996,-100.0,[],1.0,,/home/jan/development/ProsperOrPerishConstructor/mod/Prosper or Perish (Population Growth & Food Rework)/in_game/common/production_methods/pp_transport_office.txt,2,constructor,Prosper or Perish Constructor,CREATE,"[{""file"":""/home/jan/development/ProsperOrPerishConstructor/mod/Prosper or Perish (Population Growth & Food Rework)/in_game/common/production_methods/pp_transport_office.txt"",""layer_id"":""constructor"",""layer_name"":""Prosper or Perish Constructor"",""line"":2,""mod_name"":""Prosper or Perish Constructor"",""mode"":""CREATE""}]"
sofa_stockade_maintenance,building_maintenance,,,"[""clay"",""weaponry"",""tar""]","[0.2,0.05,0.05]",false,,,inline,sofa_stockade,sofa_stockade:unique_production_methods:0,0,0.0,,0.0,0.35,-0.35,-100.0,[],1.0,,/home/jan/development/ProsperOrPerishConstructor/mod/Prosper or Perish (Population Growth & Food Rework)/in_game/common/building_types/zz_pp_sofa_stockade.txt,2,constructor,Prosper or Perish Constructor,INJECT,"[{""file"":""/mnt/c/Games/steamapps/common/Europa Universalis V/game/in_game/common/building_types/00_unique_buildings_to_make_obsolete.txt"",""layer_id"":""vanilla"",""layer_name"":""Vanilla"",""line"":2,""mod_name"":null,""mode"":""CREATE""},{""file"":""/home/jan/development/ProsperOrPerishConstructor/mod/Prosper or Perish (Population Growth & Food Rework)/in_game/common/building_types/zz_pp_sofa_stockade.txt"",""layer_id"":""constructor"",""layer_name"":""Prosper or Perish Constructor"",""line"":2,""mod_name"":""Prosper or Perish Constructor"",""mode"":""INJECT""}]"
pp_royal_court_maintenance,building_maintenance,,,"[""furniture"",""tools"",""glass"",""fine_cloth"",""books"",""jewelry"",""marble""]","[0.15,0.05,0.1,0.2,0.1,0.04,0.1]",false,,,inline,royal_court,royal_court:unique_production_methods:0,0,0.0,,0.0,3.1125000000000007,-3.1125000000000007,-100.0,[],1.0,,/home/jan/development/ProsperOrPerishConstructor/mod/Prosper or Perish (Population Growth & Food Rework)/in_game/common/building_types/pp_gold_to_jewelry_buildings.txt,191,constructor,Prosper or Perish Constructor,REPLACE,"[{""file"":""/home/jan/development/ProsperOrPerishConstructor/mod/Prosper or Perish (Population Growth & Food Rework)/in_game/common/building_types/pp_gold_to_jewelry_buildings.txt"",""layer_id"":""constructor"",""layer_name"":""Prosper or Perish Constructor"",""line"":191,""mod_name"":""Prosper or Perish Constructor"",""mode"":""REPLACE""}]"
pp_house_of_parliament_requirements,building_maintenance,,,"[""fine_cloth"",""books"",""paper""]","[0.1,0.1,0.5]",false,,,inline,house_of_parliament,house_of_parliament:unique_production_methods:0,0,0.0,,0.0,1.9000000000000001,-1.9000000000000001,-100.0,[],1.0,,/home/jan/development/ProsperOrPerishConstructor/mod/Prosper or Perish (Population Growth & Food Rework)/in_game/common/building_types/pp_gold_to_jewelry_buildings.txt,141,constructor,Prosper or Perish Constructor,REPLACE,"[{""file"":""/home/jan/development/ProsperOrPerishConstructor/mod/Prosper or Perish (Population Growth & Food Rework)/in_game/common/building_types/pp_gold_to_jewelry_buildings.txt"",""layer_id"":""constructor"",""layer_name"":""Prosper or Perish Constructor"",""line"":141,""mod_name"":""Prosper or Perish Constructor"",""mode"":""REPLACE""}]"
order_headquarters_requirements,building_maintenance,,,"[""lumber"",""tools"",""glass"",""fine_cloth"",""beeswax"",""books"",""weaponry""]","[0.1,0.1,0.1,0.1,0.05,0.05,0.1]",false,,,inline,order_headquarters,order_headquarters:unique_production_methods:0,0,0.0,,0.0,1.9500000000000004,-1.9500000000000004,-100.0,[],1.0,,/home/jan/development/ProsperOrPerishConstructor/mod/Prosper or Perish (Population Growth & Food Rework)/in_game/common/building_types/zz_pp_order_headquarters.txt,2,constructor,Prosper or Perish Constructor,INJECT,"[{""file"":""/mnt/c/Games/steamapps/common/Europa Universalis V/game/in_game/common/building_types/capital_buildings.txt"",""layer_id"":""vanilla"",""layer_name"":""Vanilla"",""line"":119,""mod_name"":null,""mode"":""CREATE""},{""file"":""/home/jan/development/ProsperOrPerishConstructor/mod/Prosper or Perish (Population Growth & Food Rework)/in_game/common/building_types/zz_pp_order_headquarters.txt"",""layer_id"":""constructor"",""layer_name"":""Prosper or Perish Constructor"",""line"":2,""mod_name"":""Prosper or Perish Constructor"",""mode"":""INJECT""}]"
admiralty_requirements,building_maintenance,,,"[""tools"",""naval_supplies"",""fine_cloth"",""books"",""paper""]","[0.1,0.2,0.2,0.1,0.3]",false,,,inline,admiralty,admiralty:unique_production_methods:0,0,0.0,,0.0,3.025,-3.025,-100.0,[],1.0,,/home/jan/development/ProsperOrPerishConstructor/mod/Prosper or Perish (Population Growth & Food Rework)/in_game/common/building_types/zz_pp_admiralty.txt,2,constructor,Prosper or Perish Constructor,INJECT,"[{""file"":""/mnt/c/Games/steamapps/common/Europa Universalis V/game/in_game/common/building_types/capital_buildings.txt"",""layer_id"":""vanilla"",""layer_name"":""Vanilla"",""line"":183,""mod_name"":null,""mode"":""CREATE""},{""file"":""/home/jan/development/ProsperOrPerishConstructor/mod/Prosper or Perish (Population Growth & Food Rework)/in_game/common/building_types/zz_pp_admiralty.txt"",""layer_id"":""constructor"",""layer_name"":""Prosper or Perish Constructor"",""line"":2,""mod_name"":""Prosper or Perish Constructor"",""mode"":""INJECT""}]"
war_college_requirements,building_maintenance,,,"[""tools"",""weaponry"",""firearms"",""fine_cloth"",""books"",""paper"",""cannons""]","[0.2,0.5,0.5,1.0,1.0,2.0,0.25]",false,,,inline,war_college,war_college:unique_production_methods:0,0,0.0,,0.0,17.65,-17.65,-100.0,[],1.0,,/home/jan/development/ProsperOrPerishConstructor/mod/Prosper or Perish (Population Growth & Food Rework)/in_game/common/building_types/zz_pp_war_college.txt,2,constructor,Prosper or Perish Constructor,INJECT,"[{""file"":""/mnt/c/Games/steamapps/common/Europa Universalis V/game/in_game/common/building_types/capital_buildings.txt"",""layer_id"":""vanilla"",""layer_name"":""Vanilla"",""line"":232,""mod_name"":null,""mode"":""CREATE""},{""file"":""/home/jan/development/ProsperOrPerishConstructor/mod/Prosper or Perish (Population Growth & Food Rework)/in_game/common/building_types/zz_pp_war_college.txt"",""layer_id"":""constructor"",""layer_name"":""Prosper or Perish Constructor"",""line"":2,""mod_name"":""Prosper or Perish Constructor"",""mode"":""INJECT""}]"
tax_assessor_requirements,building_maintenance,,,"[""tools"",""paper""]","[0.2,1.0]",false,,,inline,tax_assessor,tax_assessor:unique_production_methods:0,0,0.0,,0.0,2.65,-2.65,-100.0,[],1.0,,/home/jan/development/ProsperOrPerishConstructor/mod/Prosper or Perish (Population Growth & Food Rework)/in_game/common/building_types/zz_pp_tax_assessor.txt,2,constructor,Prosper or Perish Constructor,INJECT,"[{""file"":""/mnt/c/Games/steamapps/common/Europa Universalis V/game/in_game/common/building_types/capital_buildings.txt"",""layer_id"":""vanilla"",""layer_name"":""Vanilla"",""line"":282,""mod_name"":null,""mode"":""CREATE""},{""file"":""/home/jan/development/ProsperOrPerishConstructor/mod/Prosper or Perish (Population Growth & Food Rework)/in_game/common/building_types/zz_pp_tax_assessor.txt"",""layer_id"":""constructor"",""layer_name"":""Prosper or Perish Constructor"",""line"":2,""mod_name"":""Prosper or Perish Constructor"",""mode"":""INJECT""}]"
supreme_court_requirements,building_maintenance,,,"[""lumber"",""tools"",""glass"",""fine_cloth"",""books"",""paper"",""goods_gold""]","[0.1,0.1,0.1,0.1,0.1,0.5,0.1]",false,,,inline,supreme_court,supreme_court:unique_production_methods:0,0,0.0,,0.0,3.6,-3.6,-100.0,[],1.0,,/home/jan/development/ProsperOrPerishConstructor/mod/Prosper or Perish (Population Growth & Food Rework)/in_game/common/building_types/zz_pp_supreme_court.txt,2,constructor,Prosper or Perish Constructor,INJECT,"[{""file"":""/mnt/c/Games/steamapps/common/Europa Universalis V/game/in_game/common/building_types/capital_buildings.txt"",""layer_id"":""vanilla"",""layer_name"":""Vanilla"",""line"":330,""mod_name"":null,""mode"":""CREATE""},{""file"":""/home/jan/development/ProsperOrPerishConstructor/mod/Prosper or Perish (Population Growth & Food Rework)/in_game/common/building_types/zz_pp_supreme_court.txt"",""layer_id"":""constructor"",""layer_name"":""Prosper or Perish Constructor"",""line"":2,""mod_name"":""Prosper or Perish Constructor"",""mode"":""INJECT""}]"
pp_chancery_maintenance,building_maintenance,,,"[""fine_cloth"",""books"",""paper"",""jewelry""]","[0.1,0.1,0.5,0.02]",false,,,inline,chancery,chancery:unique_production_methods:0,0,0.0,,0.0,2.0,-2.0,-100.0,[],1.0,,/home/jan/development/ProsperOrPerishConstructor/mod/Prosper or Perish (Population Growth & Food Rework)/in_game/common/building_types/pp_gold_to_jewelry_buildings.txt,53,constructor,Prosper or Perish Constructor,REPLACE,"[{""file"":""/home/jan/development/ProsperOrPerishConstructor/mod/Prosper or Perish (Population Growth & Food Rework)/in_game/common/building_types/pp_gold_to_jewelry_buildings.txt"",""layer_id"":""constructor"",""layer_name"":""Prosper or Perish Constructor"",""line"":53,""mod_name"":""Prosper or Perish Constructor"",""mode"":""REPLACE""}]"
pp_republican_assembly_maintenance,building_maintenance,,,"[""furniture"",""tools"",""glass"",""fine_cloth"",""books"",""jewelry"",""marble""]","[0.1,0.1,0.5,0.5,0.1,0.04,0.1]",false,,,inline,republican_assembly,republican_assembly:unique_production_methods:0,0,0.0,,0.0,6.125,-6.125,-100.0,[],1.0,,/home/jan/development/ProsperOrPerishConstructor/mod/Prosper or Perish (Population Growth & Food Rework)/in_game/common/building_types/pp_gold_to_jewelry_buildings.txt,484,constructor,Prosper or Perish Constructor,REPLACE,"[{""file"":""/home/jan/development/ProsperOrPerishConstructor/mod/Prosper or Perish (Population Growth & Food Rework)/in_game/common/building_types/pp_gold_to_jewelry_buildings.txt"",""layer_id"":""constructor"",""layer_name"":""Prosper or Perish Constructor"",""line"":484,""mod_name"":""Prosper or Perish Constructor"",""mode"":""REPLACE""}]"
pp_royal_garden_maintenance,building_maintenance,,,"[""furniture"",""tools"",""glass"",""fine_cloth"",""books"",""jewelry"",""marble""]","[0.1,0.1,0.1,0.05,0.1,0.02,0.05]",false,,,inline,royal_garden,royal_garden:unique_production_methods:0,0,0.0,,0.0,1.8750000000000002,-1.8750000000000002,-100.0,[],1.0,,/home/jan/development/ProsperOrPerishConstructor/mod/Prosper or Perish (Population Growth & Food Rework)/in_game/common/building_types/pp_gold_to_jewelry_buildings.txt,240,constructor,Prosper or Perish Constructor,REPLACE,"[{""file"":""/home/jan/development/ProsperOrPerishConstructor/mod/Prosper or Perish (Population Growth & Food Rework)/in_game/common/building_types/pp_gold_to_jewelry_buildings.txt"",""layer_id"":""constructor"",""layer_name"":""Prosper or Perish Constructor"",""line"":240,""mod_name"":""Prosper or Perish Constructor"",""mode"":""REPLACE""}]"
pp_local_governor_maintenance,building_maintenance,,,"[""tools"",""masonry"",""weaponry"",""paper"",""books"",""jewelry"",""furniture"",""fine_cloth""]","[1.0,1.0,0.5,3.0,1.0,0.4,2.0,1.0]",false,,,inline,local_governor,local_governor:unique_production_methods:0,0,0.0,,0.0,28.75,-28.75,-100.0,[],1.0,,/home/jan/development/ProsperOrPerishConstructor/mod/Prosper or Perish (Population Growth & Food Rework)/in_game/common/building_types/pp_governor_building_adjustments.txt,8,constructor,Prosper or Perish Constructor,TRY_INJECT,"[{""file"":""/home/jan/development/ProsperOrPerishConstructor/mod/Prosper or Perish (Population Growth & Food Rework)/in_game/common/building_types/pp_gold_to_jewelry_buildings.txt"",""layer_id"":""constructor"",""layer_name"":""Prosper or Perish Constructor"",""line"":282,""mod_name"":""Prosper or Perish Constructor"",""mode"":""REPLACE""},{""file"":""/home/jan/development/ProsperOrPerishConstructor/mod/Prosper or Perish (Population Growth & Food Rework)/in_game/common/building_types/pp_governor_building_adjustments.txt"",""layer_id"":""constructor"",""layer_name"":""Prosper or Perish Constructor"",""line"":8,""mod_name"":""Prosper or Perish Constructor"",""mode"":""TRY_INJECT""}]"
italian_administration_center_maintenance,building_maintenance,,,"[""tools"",""masonry"",""weaponry"",""paper"",""books"",""goods_gold"",""furniture"",""fine_cloth""]","[1.0,1.0,0.5,3.0,1.0,1.0,2.0,1.0]",false,,,inline,italian_administration_center,italian_administration_center:unique_production_methods:0,0,0.0,,0.0,35.75,-35.75,-100.0,[],1.0,,/home/jan/development/ProsperOrPerishConstructor/mod/Prosper or Perish (Population Growth & Food Rework)/in_game/common/building_types/zz_pp_italian_administration_center.txt,2,constructor,Prosper or Perish Constructor,INJECT,"[{""file"":""/mnt/c/Games/steamapps/common/Europa Universalis V/game/in_game/common/building_types/capital_buildings.txt"",""layer_id"":""vanilla"",""layer_name"":""Vanilla"",""line"":686,""mod_name"":null,""mode"":""CREATE""},{""file"":""/home/jan/development/ProsperOrPerishConstructor/mod/Prosper or Perish (Population Growth & Food Rework)/in_game/common/building_types/zz_pp_italian_administration_center.txt"",""layer_id"":""constructor"",""layer_name"":""Prosper or Perish Constructor"",""line"":2,""mod_name"":""Prosper or Perish Constructor"",""mode"":""INJECT""}]"
pp_naval_governor_maintenance,building_maintenance,,,"[""tools"",""masonry"",""weaponry"",""paper"",""books"",""jewelry"",""furniture"",""naval_supplies"",""fine_cloth""]","[1.0,1.0,0.5,3.0,1.0,0.4,2.0,0.5,0.5]",false,,,inline,naval_governor,naval_governor:unique_production_methods:0,0,0.0,,0.0,27.25,-27.25,-100.0,[],1.0,,/home/jan/development/ProsperOrPerishConstructor/mod/Prosper or Perish (Population Growth & Food Rework)/in_game/common/building_types/pp_governor_building_adjustments.txt,2,constructor,Prosper or Perish Constructor,TRY_INJECT,"[{""file"":""/home/jan/development/ProsperOrPerishConstructor/mod/Prosper or Perish (Population Growth & Food Rework)/in_game/common/building_types/pp_gold_to_jewelry_buildings.txt"",""layer_id"":""constructor"",""layer_name"":""Prosper or Perish Constructor"",""line"":362,""mod_name"":""Prosper or Perish Constructor"",""mode"":""REPLACE""},{""file"":""/home/jan/development/ProsperOrPerishConstructor/mod/Prosper or Perish (Population Growth & Food Rework)/in_game/common/building_types/pp_governor_building_adjustments.txt"",""layer_id"":""constructor"",""layer_name"":""Prosper or Perish Constructor"",""line"":2,""mod_name"":""Prosper or Perish Constructor"",""mode"":""TRY_INJECT""}]"
central_bank_maintenance,building_maintenance,,,"[""fine_cloth"",""paper"",""books"",""goods_gold""]","[0.1,1.0,0.5,0.5]",false,,,inline,central_bank,central_bank:unique_production_methods:0,0,0.0,,0.0,8.6,-8.6,-100.0,[],1.0,,/home/jan/development/ProsperOrPerishConstructor/mod/Prosper or Perish (Population Growth & Food Rework)/in_game/common/building_types/zz_pp_central_bank.txt,2,constructor,Prosper or Perish Constructor,INJECT,"[{""file"":""/mnt/c/Games/steamapps/common/Europa Universalis V/game/in_game/common/building_types/capital_buildings.txt"",""layer_id"":""vanilla"",""layer_name"":""Vanilla"",""line"":844,""mod_name"":null,""mode"":""CREATE""},{""file"":""/home/jan/development/ProsperOrPerishConstructor/mod/Prosper or Perish (Population Growth & Food Rework)/in_game/common/building_types/zz_pp_central_bank.txt"",""layer_id"":""constructor"",""layer_name"":""Prosper or Perish Constructor"",""line"":2,""mod_name"":""Prosper or Perish Constructor"",""mode"":""INJECT""}]"
coastal_fort_maintenance,building_maintenance,,,"[""stone"",""firearms"",""cannons"",""tools"",""tar""]","[0.2,0.2,0.5,0.2,0.2]",false,,,inline,coastal_fort,coastal_fort:unique_production_methods:0,0,0.0,,0.0,3.8499999999999996,-3.8499999999999996,-100.0,[],1.0,,/home/jan/development/ProsperOrPerishConstructor/mod/Prosper or Perish (Population Growth & Food Rework)/in_game/common/building_types/zz_pp_coastal_fort.txt,2,constructor,Prosper or Perish Constructor,INJECT,"[{""file"":""/mnt/c/Games/steamapps/common/Europa Universalis V/game/in_game/common/building_types/coastal_forts.txt"",""layer_id"":""vanilla"",""layer_name"":""Vanilla"",""line"":1,""mod_name"":null,""mode"":""CREATE""},{""file"":""/home/jan/development/ProsperOrPerishConstructor/mod/Prosper or Perish (Population Growth & Food Rework)/in_game/common/building_types/zz_pp_coastal_fort.txt"",""layer_id"":""constructor"",""layer_name"":""Prosper or Perish Constructor"",""line"":2,""mod_name"":""Prosper or Perish Constructor"",""mode"":""INJECT""}]"
naval_battery_maintenance,building_maintenance,,,"[""stone"",""firearms"",""cannons"",""tools"",""tar""]","[0.2,0.2,1.0,0.5,0.2]",false,,,inline,naval_battery,naval_battery:unique_production_methods:0,0,0.0,,0.0,6.825,-6.825,-100.0,[],1.0,,/home/jan/development/ProsperOrPerishConstructor/mod/Prosper or Perish (Population Growth & Food Rework)/in_game/common/building_types/zz_pp_naval_battery.txt,2,constructor,Prosper or Perish Constructor,INJECT,"[{""file"":""/mnt/c/Games/steamapps/common/Europa Universalis V/game/in_game/common/building_types/coastal_forts.txt"",""layer_id"":""vanilla"",""layer_name"":""Vanilla"",""line"":48,""mod_name"":null,""mode"":""CREATE""},{""file"":""/home/jan/development/ProsperOrPerishConstructor/mod/Prosper or Perish (Population Growth & Food Rework)/in_game/common/building_types/zz_pp_naval_battery.txt"",""layer_id"":""constructor"",""layer_name"":""Prosper or Perish Constructor"",""line"":2,""mod_name"":""Prosper or Perish Constructor"",""mode"":""INJECT""}]"
pp_mason_stone_bricks,guild_input,masonry,0.5,"[""stone""]",[0.428],false,,,inline,mason,mason:unique_production_methods:0,0,0.0,0.5,0.5,0.428,0.07200000000000001,16.82242990654206,[],1.0,0.5,/home/jan/development/ProsperOrPerishConstructor/mod/Prosper or Perish (Population Growth & Food Rework)/in_game/common/building_types/zz_pp_mason.txt,2,constructor,Prosper or Perish Constructor,REPLACE,"[{""file"":""/home/jan/development/ProsperOrPerishConstructor/mod/Prosper or Perish (Population Growth & Food Rework)/in_game/common/building_types/zz_pp_mason.txt"",""layer_id"":""constructor"",""layer_name"":""Prosper or Perish Constructor"",""line"":2,""mod_name"":""Prosper or Perish Constructor"",""mode"":""REPLACE""}]"
pp_mason_clay_bricks,guild_input,masonry,0.5,"[""clay""]",[0.856],false,,,inline,mason,mason:unique_production_methods:0,0,0.0,0.5,0.5,0.428,0.07200000000000001,16.82242990654206,[],1.0,0.5,/home/jan/development/ProsperOrPerishConstructor/mod/Prosper or Perish (Population Growth & Food Rework)/in_game/common/building_types/zz_pp_mason.txt,2,constructor,Prosper or Perish Constructor,REPLACE,"[{""file"":""/home/jan/development/ProsperOrPerishConstructor/mod/Prosper or Perish (Population Growth & Food Rework)/in_game/common/building_types/zz_pp_mason.txt"",""layer_id"":""constructor"",""layer_name"":""Prosper or Perish Constructor"",""line"":2,""mod_name"":""Prosper or Perish Constructor"",""mode"":""REPLACE""}]"
mercury_patio_maintenance,building_maintenance,,,"[""mercury""]",[1.0],false,,,inline,mercury_patio,mercury_patio:unique_production_methods:0,0,0.0,,0.0,3.0,-3.0,-100.0,[],1.0,,/home/jan/development/ProsperOrPerishConstructor/mod/Prosper or Perish (Population Growth & Food Rework)/in_game/common/building_types/zz_pp_mercury_patio.txt,2,constructor,Prosper or Perish Constructor,INJECT,"[{""file"":""/mnt/c/Games/steamapps/common/Europa Universalis V/game/in_game/common/building_types/common_buildings.txt"",""layer_id"":""vanilla"",""layer_name"":""Vanilla"",""line"":154,""mod_name"":null,""mode"":""CREATE""},{""file"":""/home/jan/development/ProsperOrPerishConstructor/mod/Prosper or Perish (Population Growth & Food Rework)/in_game/common/building_types/pp_mercury_patio_adjustments.txt"",""layer_id"":""constructor"",""layer_name"":""Prosper or Perish Constructor"",""line"":1,""mod_name"":""Prosper or Perish Constructor"",""mode"":""TRY_INJECT""},{""file"":""/home/jan/development/ProsperOrPerishConstructor/mod/Prosper or Perish (Population Growth & Food Rework)/in_game/common/building_types/zz_pp_mercury_patio.txt"",""layer_id"":""constructor"",""layer_name"":""Prosper or Perish Constructor"",""line"":2,""mod_name"":""Prosper or Perish Constructor"",""mode"":""INJECT""}]"
pp_tar_kiln_tar_kiln_maintenance,guild_input,tar,1.0,"[""lumber""]",[1.111],false,,,inline,tar_kiln,tar_kiln:unique_production_methods:0,0,0.0,1.0,2.0,1.94425,0.055749999999999966,2.8674296001028656,[],1.0,1.0,/home/jan/development/ProsperOrPerishConstructor/mod/Prosper or Perish (Population Growth & Food Rework)/in_game/common/building_types/zz_pp_tar_kiln.txt,2,constructor,Prosper or Perish Constructor,REPLACE,"[{""file"":""/home/jan/development/ProsperOrPerishConstructor/mod/Prosper or Perish (Population Growth & Food Rework)/in_game/common/building_types/zz_pp_tar_kiln.txt"",""layer_id"":""constructor"",""layer_name"":""Prosper or Perish Constructor"",""line"":2,""mod_name"":""Prosper or Perish Constructor"",""mode"":""REPLACE""}]"
pp_horse_breeders_base_horses,building_maintenance,horses,0.1,[],[],false,,,inline,horse_breeders,horse_breeders:unique_production_methods:0,0,0.0,0.1,0.30000000000000004,0.0,0.30000000000000004,,[],1.0,0.1,/home/jan/development/ProsperOrPerishConstructor/mod/Prosper or Perish (Population Growth & Food Rework)/in_game/common/building_types/zz_pp_horse_breeders.txt,2,constructor,Prosper or Perish Constructor,REPLACE,"[{""file"":""/home/jan/development/ProsperOrPerishConstructor/mod/Prosper or Perish (Population Growth & Food Rework)/in_game/common/building_types/zz_pp_horse_breeders.txt"",""layer_id"":""constructor"",""layer_name"":""Prosper or Perish Constructor"",""line"":2,""mod_name"":""Prosper or Perish Constructor"",""mode"":""REPLACE""}]"
pp_horse_breeders_pasture_herds,building_maintenance,,,[],[],false,,,inline,horse_breeders,horse_breeders:unique_production_methods:1,1,0.0,,0.0,0.0,0.0,,[],1.0,,/home/jan/development/ProsperOrPerishConstructor/mod/Prosper or Perish (Population Growth & Food Rework)/in_game/common/building_types/zz_pp_horse_breeders.txt,2,constructor,Prosper or Perish Constructor,REPLACE,"[{""file"":""/home/jan/development/ProsperOrPerishConstructor/mod/Prosper or Perish (Population Growth & Food Rework)/in_game/common/building_types/zz_pp_horse_breeders.txt"",""layer_id"":""constructor"",""layer_name"":""Prosper or Perish Constructor"",""line"":2,""mod_name"":""Prosper or Perish Constructor"",""mode"":""REPLACE""}]"
pp_horse_breeders_stud_yards,building_maintenance,horses,0.222,"[""wheat"",""leather""]","[0.433,0.047]",false,,,inline,horse_breeders,horse_breeders:unique_production_methods:1,1,0.0,0.222,0.666,0.5740000000000001,0.09199999999999997,16.027874564459925,[],1.0,0.222,/home/jan/development/ProsperOrPerishConstructor/mod/Prosper or Perish (Population Growth & Food Rework)/in_game/common/building_types/zz_pp_horse_breeders.txt,2,constructor,Prosper or Perish Constructor,REPLACE,"[{""file"":""/home/jan/development/ProsperOrPerishConstructor/mod/Prosper or Perish (Population Growth & Food Rework)/in_game/common/building_types/zz_pp_horse_breeders.txt"",""layer_id"":""constructor"",""layer_name"":""Prosper or Perish Constructor"",""line"":2,""mod_name"":""Prosper or Perish Constructor"",""mode"":""REPLACE""}]"
pp_horse_breeders_selected_stallions,building_maintenance,horses,0.34,"[""wheat"",""legumes"",""leather""]","[0.5,0.2,0.07]",false,,,inline,horse_breeders,horse_breeders:unique_production_methods:1,1,0.0,0.34,1.02,0.9099999999999999,0.1100000000000001,12.087912087912098,[],1.0,0.34,/home/jan/development/ProsperOrPerishConstructor/mod/Prosper or Perish (Population Growth & Food Rework)/in_game/common/building_types/zz_pp_horse_breeders.txt,2,constructor,Prosper or Perish Constructor,REPLACE,"[{""file"":""/home/jan/development/ProsperOrPerishConstructor/mod/Prosper or Perish (Population Growth & Food Rework)/in_game/common/building_types/zz_pp_horse_breeders.txt"",""layer_id"":""constructor"",""layer_name"":""Prosper or Perish Constructor"",""line"":2,""mod_name"":""Prosper or Perish Constructor"",""mode"":""REPLACE""}]"
pp_stone_quarry_base_stone,building_maintenance,stone,0.105,[],[],false,,,inline,stone_quarry,stone_quarry:unique_production_methods:0,0,0.0,0.105,0.105,0.0,0.105,,[],1.0,0.105,/home/jan/development/ProsperOrPerishConstructor/mod/Prosper or Perish (Population Growth & Food Rework)/in_game/common/building_types/zz_pp_stone_quarry.txt,2,constructor,Prosper or Perish Constructor,REPLACE,"[{""file"":""/home/jan/development/ProsperOrPerishConstructor/mod/Prosper or Perish (Population Growth & Food Rework)/in_game/common/building_types/zz_pp_stone_quarry.txt"",""layer_id"":""constructor"",""layer_name"":""Prosper or Perish Constructor"",""line"":2,""mod_name"":""Prosper or Perish Constructor"",""mode"":""REPLACE""}]"
pp_stone_quarry_outcrop_gathering,building_maintenance,,,[],[],false,,,inline,stone_quarry,stone_quarry:unique_production_methods:1,1,0.0,,0.0,0.0,0.0,,[],1.0,,/home/jan/development/ProsperOrPerishConstructor/mod/Prosper or Perish (Population Growth & Food Rework)/in_game/common/building_types/zz_pp_stone_quarry.txt,2,constructor,Prosper or Perish Constructor,REPLACE,"[{""file"":""/home/jan/development/ProsperOrPerishConstructor/mod/Prosper or Perish (Population Growth & Food Rework)/in_game/common/building_types/zz_pp_stone_quarry.txt"",""layer_id"":""constructor"",""layer_name"":""Prosper or Perish Constructor"",""line"":2,""mod_name"":""Prosper or Perish Constructor"",""mode"":""REPLACE""}]"
pp_stone_quarry_cut_stone,building_maintenance,stone,0.233,"[""lumber"",""leather"",""tools""]","[0.06,0.023,0.014]",false,,,inline,stone_quarry,stone_quarry:unique_production_methods:1,1,0.0,0.233,0.233,0.21949999999999997,0.01350000000000004,6.150341685649222,[],1.0,0.233,/home/jan/development/ProsperOrPerishConstructor/mod/Prosper or Perish (Population Growth & Food Rework)/in_game/common/building_types/zz_pp_stone_quarry.txt,2,constructor,Prosper or Perish Constructor,REPLACE,"[{""file"":""/home/jan/development/ProsperOrPerishConstructor/mod/Prosper or Perish (Population Growth & Food Rework)/in_game/common/building_types/zz_pp_stone_quarry.txt"",""layer_id"":""constructor"",""layer_name"":""Prosper or Perish Constructor"",""line"":2,""mod_name"":""Prosper or Perish Constructor"",""mode"":""REPLACE""}]"
pp_lumber_mill_base_lumber,building_maintenance,lumber,0.105,[],[],false,,,inline,lumber_mill,lumber_mill:unique_production_methods:0,0,0.0,0.105,0.18375,0.0,0.18375,,[],1.0,0.105,/home/jan/development/ProsperOrPerishConstructor/mod/Prosper or Perish (Population Growth & Food Rework)/in_game/common/building_types/zz_pp_lumber_mill.txt,2,constructor,Prosper or Perish Constructor,REPLACE,"[{""file"":""/home/jan/development/ProsperOrPerishConstructor/mod/Prosper or Perish (Population Growth & Food Rework)/in_game/common/building_types/zz_pp_lumber_mill.txt"",""layer_id"":""constructor"",""layer_name"":""Prosper or Perish Constructor"",""line"":2,""mod_name"":""Prosper or Perish Constructor"",""mode"":""REPLACE""}]"
pp_lumber_mill_no_primary,building_maintenance,,,[],[],false,,,inline,lumber_mill,lumber_mill:unique_production_methods:1,1,0.0,,0.0,0.0,0.0,,[],1.0,,/home/jan/development/ProsperOrPerishConstructor/mod/Prosper or Perish (Population Growth & Food Rework)/in_game/common/building_types/zz_pp_lumber_mill.txt,2,constructor,Prosper or Perish Constructor,REPLACE,"[{""file"":""/home/jan/development/ProsperOrPerishConstructor/mod/Prosper or Perish (Population Growth & Food Rework)/in_game/common/building_types/zz_pp_lumber_mill.txt"",""layer_id"":""constructor"",""layer_name"":""Prosper or Perish Constructor"",""line"":2,""mod_name"":""Prosper or Perish Constructor"",""mode"":""REPLACE""}]"
pp_lumber_mill_horse_tools,building_maintenance,lumber,0.983,"[""tools"",""horses""]","[0.267,0.17]",false,,,inline,lumber_mill,lumber_mill:unique_production_methods:1,1,0.0,0.983,1.72025,1.37775,0.3425,24.859372164761385,[],1.0,0.983,/home/jan/development/ProsperOrPerishConstructor/mod/Prosper or Perish (Population Growth & Food Rework)/in_game/common/building_types/zz_pp_lumber_mill.txt,2,constructor,Prosper or Perish Constructor,REPLACE,"[{""file"":""/home/jan/development/ProsperOrPerishConstructor/mod/Prosper or Perish (Population Growth & Food Rework)/in_game/common/building_types/zz_pp_lumber_mill.txt"",""layer_id"":""constructor"",""layer_name"":""Prosper or Perish Constructor"",""line"":2,""mod_name"":""Prosper or Perish Constructor"",""mode"":""REPLACE""}]"
pp_lumber_mill_horse_victuals,building_maintenance,lumber,0.96,"[""horses"",""victuals""]","[0.17,0.308]",false,,,inline,lumber_mill,lumber_mill:unique_production_methods:1,1,0.0,0.96,1.68,1.434,0.246,17.154811715481173,[],1.0,0.96,/home/jan/development/ProsperOrPerishConstructor/mod/Prosper or Perish (Population Growth & Food Rework)/in_game/common/building_types/zz_pp_lumber_mill.txt,2,constructor,Prosper or Perish Constructor,REPLACE,"[{""file"":""/home/jan/development/ProsperOrPerishConstructor/mod/Prosper or Perish (Population Growth & Food Rework)/in_game/common/building_types/zz_pp_lumber_mill.txt"",""layer_id"":""constructor"",""layer_name"":""Prosper or Perish Constructor"",""line"":2,""mod_name"":""Prosper or Perish Constructor"",""mode"":""REPLACE""}]"
pp_lumber_mill_livestock_tools,building_maintenance,lumber,0.926,"[""tools"",""livestock""]","[0.25,0.34]",false,,,inline,lumber_mill,lumber_mill:unique_production_methods:1,1,0.0,0.926,1.6205,1.3225,0.29800000000000004,22.533081285444236,[],1.0,0.926,/home/jan/development/ProsperOrPerishConstructor/mod/Prosper or Perish (Population Growth & Food Rework)/in_game/common/building_types/zz_pp_lumber_mill.txt,2,constructor,Prosper or Perish Constructor,REPLACE,"[{""file"":""/home/jan/development/ProsperOrPerishConstructor/mod/Prosper or Perish (Population Growth & Food Rework)/in_game/common/building_types/zz_pp_lumber_mill.txt"",""layer_id"":""constructor"",""layer_name"":""Prosper or Perish Constructor"",""line"":2,""mod_name"":""Prosper or Perish Constructor"",""mode"":""REPLACE""}]"
pp_lumber_mill_livestock_victuals,building_maintenance,lumber,0.897,"[""livestock"",""victuals""]","[0.34,0.288]",false,,,inline,lumber_mill,lumber_mill:unique_production_methods:1,1,0.0,0.897,1.56975,1.3739999999999999,0.1957500000000001,14.246724890829702,[],1.0,0.897,/home/jan/development/ProsperOrPerishConstructor/mod/Prosper or Perish (Population Growth & Food Rework)/in_game/common/building_types/zz_pp_lumber_mill.txt,2,constructor,Prosper or Perish Constructor,REPLACE,"[{""file"":""/home/jan/development/ProsperOrPerishConstructor/mod/Prosper or Perish (Population Growth & Food Rework)/in_game/common/building_types/zz_pp_lumber_mill.txt"",""layer_id"":""constructor"",""layer_name"":""Prosper or Perish Constructor"",""line"":2,""mod_name"":""Prosper or Perish Constructor"",""mode"":""REPLACE""}]"
pp_lumber_mill_no_extra_rations,building_maintenance,,,[],[],false,,,inline,lumber_mill,lumber_mill:unique_production_methods:2,2,0.0,,0.0,0.0,0.0,,[],1.0,,/home/jan/development/ProsperOrPerishConstructor/mod/Prosper or Perish (Population Growth & Food Rework)/in_game/common/building_types/zz_pp_lumber_mill.txt,2,constructor,Prosper or Perish Constructor,REPLACE,"[{""file"":""/home/jan/development/ProsperOrPerishConstructor/mod/Prosper or Perish (Population Growth & Food Rework)/in_game/common/building_types/zz_pp_lumber_mill.txt"",""layer_id"":""constructor"",""layer_name"":""Prosper or Perish Constructor"",""line"":2,""mod_name"":""Prosper or Perish Constructor"",""mode"":""REPLACE""}]"
pp_lumber_mill_extra_rations,building_maintenance,lumber,0.796,"[""victuals""]",[0.43],false,,,inline,lumber_mill,lumber_mill:unique_production_methods:2,2,0.0,0.796,1.393,1.29,0.10299999999999998,7.984496124031006,[],1.0,0.796,/home/jan/development/ProsperOrPerishConstructor/mod/Prosper or Perish (Population Growth & Food Rework)/in_game/common/building_types/zz_pp_lumber_mill.txt,2,constructor,Prosper or Perish Constructor,REPLACE,"[{""file"":""/home/jan/development/ProsperOrPerishConstructor/mod/Prosper or Perish (Population Growth & Food Rework)/in_game/common/building_types/zz_pp_lumber_mill.txt"",""layer_id"":""constructor"",""layer_name"":""Prosper or Perish Constructor"",""line"":2,""mod_name"":""Prosper or Perish Constructor"",""mode"":""REPLACE""}]"
pp_lumber_mill_wound_salves,building_maintenance,lumber,0.123,"[""medicaments""]",[0.17],false,,,inline,lumber_mill,lumber_mill:unique_production_methods:2,2,0.0,0.123,0.21525,0.17,0.045249999999999985,26.61764705882352,[],1.0,0.123,/home/jan/development/ProsperOrPerishConstructor/mod/Prosper or Perish (Population Growth & Food Rework)/in_game/common/building_types/zz_pp_lumber_mill.txt,2,constructor,Prosper or Perish Constructor,REPLACE,"[{""file"":""/home/jan/development/ProsperOrPerishConstructor/mod/Prosper or Perish (Population Growth & Food Rework)/in_game/common/building_types/zz_pp_lumber_mill.txt"",""layer_id"":""constructor"",""layer_name"":""Prosper or Perish Constructor"",""line"":2,""mod_name"":""Prosper or Perish Constructor"",""mode"":""REPLACE""}]"
pp_fiber_crops_farm_base_fiber_crops,building_maintenance,fiber_crops,0.088,[],[],false,,,inline,fiber_crops_farm,fiber_crops_farm:unique_production_methods:0,0,0.0,0.088,0.176,0.0,0.176,,[],1.0,0.088,/home/jan/development/ProsperOrPerishConstructor/mod/Prosper or Perish (Population Growth & Food Rework)/in_game/common/building_types/zz_pp_fiber_crops_farm.txt,2,constructor,Prosper or Perish Constructor,REPLACE,"[{""file"":""/home/jan/development/ProsperOrPerishConstructor/mod/Prosper or Perish (Population Growth & Food Rework)/in_game/common/building_types/zz_pp_fiber_crops_farm.txt"",""layer_id"":""constructor"",""layer_name"":""Prosper or Perish Constructor"",""line"":2,""mod_name"":""Prosper or Perish Constructor"",""mode"":""REPLACE""}]"
pp_fiber_crops_farm_field_harvest,building_maintenance,,,[],[],false,,,inline,fiber_crops_farm,fiber_crops_farm:unique_production_methods:1,1,0.0,,0.0,0.0,0.0,,[],1.0,,/home/jan/development/ProsperOrPerishConstructor/mod/Prosper or Perish (Population Growth & Food Rework)/in_game/common/building_types/zz_pp_fiber_crops_farm.txt,2,constructor,Prosper or Perish Constructor,REPLACE,"[{""file"":""/home/jan/development/ProsperOrPerishConstructor/mod/Prosper or Perish (Population Growth & Food Rework)/in_game/common/building_types/zz_pp_fiber_crops_farm.txt"",""layer_id"":""constructor"",""layer_name"":""Prosper or Perish Constructor"",""line"":2,""mod_name"":""Prosper or Perish Constructor"",""mode"":""REPLACE""}]"
pp_fiber_crops_farm_retting_yards,building_maintenance,fiber_crops,0.187,"[""livestock"",""clay"",""coal"",""leather""]","[0.09,0.18,0.03,0.017]",false,,,inline,fiber_crops_farm,fiber_crops_farm:unique_production_methods:1,1,0.0,0.187,0.374,0.336,0.03799999999999998,11.309523809523803,[],1.0,0.187,/home/jan/development/ProsperOrPerishConstructor/mod/Prosper or Perish (Population Growth & Food Rework)/in_game/common/building_types/zz_pp_fiber_crops_farm.txt,2,constructor,Prosper or Perish Constructor,REPLACE,"[{""file"":""/home/jan/development/ProsperOrPerishConstructor/mod/Prosper or Perish (Population Growth & Food Rework)/in_game/common/building_types/zz_pp_fiber_crops_farm.txt"",""layer_id"":""constructor"",""layer_name"":""Prosper or Perish Constructor"",""line"":2,""mod_name"":""Prosper or Perish Constructor"",""mode"":""REPLACE""}]"
pp_sand_pit_base_sand,building_maintenance,sand,0.105,[],[],false,,,inline,sand_pit,sand_pit:unique_production_methods:0,0,0.0,0.105,0.0525,0.0,0.0525,,[],1.0,0.105,/home/jan/development/ProsperOrPerishConstructor/mod/Prosper or Perish (Population Growth & Food Rework)/in_game/common/building_types/zz_pp_sand_pit.txt,2,constructor,Prosper or Perish Constructor,REPLACE,"[{""file"":""/home/jan/development/ProsperOrPerishConstructor/mod/Prosper or Perish (Population Growth & Food Rework)/in_game/common/building_types/zz_pp_sand_pit.txt"",""layer_id"":""constructor"",""layer_name"":""Prosper or Perish Constructor"",""line"":2,""mod_name"":""Prosper or Perish Constructor"",""mode"":""REPLACE""}]"
pp_sand_pit_surface_gathering,building_maintenance,,,[],[],false,,,inline,sand_pit,sand_pit:unique_production_methods:1,1,0.0,,0.0,0.0,0.0,,[],1.0,,/home/jan/development/ProsperOrPerishConstructor/mod/Prosper or Perish (Population Growth & Food Rework)/in_game/common/building_types/zz_pp_sand_pit.txt,2,constructor,Prosper or Perish Constructor,REPLACE,"[{""file"":""/home/jan/development/ProsperOrPerishConstructor/mod/Prosper or Perish (Population Growth & Food Rework)/in_game/common/building_types/zz_pp_sand_pit.txt"",""layer_id"":""constructor"",""layer_name"":""Prosper or Perish Constructor"",""line"":2,""mod_name"":""Prosper or Perish Constructor"",""mode"":""REPLACE""}]"
pp_sand_pit_screened_pits,building_maintenance,sand,0.233,"[""lumber"",""tools""]","[0.04,0.013]",false,,,inline,sand_pit,sand_pit:unique_production_methods:1,1,0.0,0.233,0.1165,0.11225,0.004250000000000004,3.786191536748333,[],1.0,0.233,/home/jan/development/ProsperOrPerishConstructor/mod/Prosper or Perish (Population Growth & Food Rework)/in_game/common/building_types/zz_pp_sand_pit.txt,2,constructor,Prosper or Perish Constructor,REPLACE,"[{""file"":""/home/jan/development/ProsperOrPerishConstructor/mod/Prosper or Perish (Population Growth & Food Rework)/in_game/common/building_types/zz_pp_sand_pit.txt"",""layer_id"":""constructor"",""layer_name"":""Prosper or Perish Constructor"",""line"":2,""mod_name"":""Prosper or Perish Constructor"",""mode"":""REPLACE""}]"
pp_bog_iron_maintenance,building_maintenance,iron,0.31,"[""coal""]",[0.45],false,,,inline,bog_iron_smelter,bog_iron_smelter:unique_production_methods:0,0,0.0,0.31,1.085,0.9,0.18499999999999994,20.55555555555555,[],1.0,0.31,/home/jan/development/ProsperOrPerishConstructor/mod/Prosper or Perish (Population Growth & Food Rework)/in_game/common/building_types/zz_pp_bog_iron_smelter.txt,2,constructor,Prosper or Perish Constructor,REPLACE,"[{""file"":""/home/jan/development/ProsperOrPerishConstructor/mod/Prosper or Perish (Population Growth & Food Rework)/in_game/common/building_types/zz_pp_bog_iron_smelter.txt"",""layer_id"":""constructor"",""layer_name"":""Prosper or Perish Constructor"",""line"":2,""mod_name"":""Prosper or Perish Constructor"",""mode"":""REPLACE""}]"
pp_clay_pit_base_clay,building_maintenance,clay,0.3,[],[],false,,,inline,clay_pit,clay_pit:unique_production_methods:0,0,0.0,0.3,0.15,0.0,0.15,,[],1.0,0.3,/home/jan/development/ProsperOrPerishConstructor/mod/Prosper or Perish (Population Growth & Food Rework)/in_game/common/building_types/zz_pp_clay_pit.txt,2,constructor,Prosper or Perish Constructor,REPLACE,"[{""file"":""/home/jan/development/ProsperOrPerishConstructor/mod/Prosper or Perish (Population Growth & Food Rework)/in_game/common/building_types/zz_pp_clay_pit.txt"",""layer_id"":""constructor"",""layer_name"":""Prosper or Perish Constructor"",""line"":2,""mod_name"":""Prosper or Perish Constructor"",""mode"":""REPLACE""}]"
pp_clay_pit_maintenance,building_maintenance,clay,1.44,"[""lumber"",""livestock""]","[0.28,0.12]",false,,,inline,clay_pit,clay_pit:unique_production_methods:0,0,0.0,1.44,0.72,0.67,0.04999999999999993,7.462686567164169,[],1.0,1.44,/home/jan/development/ProsperOrPerishConstructor/mod/Prosper or Perish (Population Growth & Food Rework)/in_game/common/building_types/zz_pp_clay_pit.txt,2,constructor,Prosper or Perish Constructor,REPLACE,"[{""file"":""/home/jan/development/ProsperOrPerishConstructor/mod/Prosper or Perish (Population Growth & Food Rework)/in_game/common/building_types/zz_pp_clay_pit.txt"",""layer_id"":""constructor"",""layer_name"":""Prosper or Perish Constructor"",""line"":2,""mod_name"":""Prosper or Perish Constructor"",""mode"":""REPLACE""}]"
pp_coastal_saltern_base_salt,building_maintenance,salt,0.08,[],[],false,,,inline,salt_collector,salt_collector:unique_production_methods:0,0,0.0,0.08,0.4,0.0,0.4,,[],1.0,0.08,/home/jan/development/ProsperOrPerishConstructor/mod/Prosper or Perish (Population Growth & Food Rework)/in_game/common/building_types/zz_pp_coastal_saltern.txt,2,constructor,Prosper or Perish Constructor,REPLACE,"[{""file"":""/home/jan/development/ProsperOrPerishConstructor/mod/Prosper or Perish (Population Growth & Food Rework)/in_game/common/building_types/zz_pp_coastal_saltern.txt"",""layer_id"":""constructor"",""layer_name"":""Prosper or Perish Constructor"",""line"":2,""mod_name"":""Prosper or Perish Constructor"",""mode"":""REPLACE""}]"
pp_coastal_saltern_open_salt_marshes,building_maintenance,,,[],[],false,,,inline,salt_collector,salt_collector:unique_production_methods:1,1,0.0,,0.0,0.0,0.0,,[],1.0,,/home/jan/development/ProsperOrPerishConstructor/mod/Prosper or Perish (Population Growth & Food Rework)/in_game/common/building_types/zz_pp_coastal_saltern.txt,2,constructor,Prosper or Perish Constructor,REPLACE,"[{""file"":""/home/jan/development/ProsperOrPerishConstructor/mod/Prosper or Perish (Population Growth & Food Rework)/in_game/common/building_types/zz_pp_coastal_saltern.txt"",""layer_id"":""constructor"",""layer_name"":""Prosper or Perish Constructor"",""line"":2,""mod_name"":""Prosper or Perish Constructor"",""mode"":""REPLACE""}]"
pp_coastal_saltern_lined_evaporation_pans,building_maintenance,salt,0.24,"[""clay"",""pottery""]","[1.333,0.383]",false,,,inline,salt_collector,salt_collector:unique_production_methods:1,1,0.0,0.24,1.2,1.0495,0.15049999999999986,14.340161981896127,[],1.0,0.24,/home/jan/development/ProsperOrPerishConstructor/mod/Prosper or Perish (Population Growth & Food Rework)/in_game/common/building_types/zz_pp_coastal_saltern.txt,2,constructor,Prosper or Perish Constructor,REPLACE,"[{""file"":""/home/jan/development/ProsperOrPerishConstructor/mod/Prosper or Perish (Population Growth & Food Rework)/in_game/common/building_types/zz_pp_coastal_saltern.txt"",""layer_id"":""constructor"",""layer_name"":""Prosper or Perish Constructor"",""line"":2,""mod_name"":""Prosper or Perish Constructor"",""mode"":""REPLACE""}]"
pp_fruit_orchard_base_fruit,building_maintenance,fruit,0.06,[],[],false,,,inline,fruit_orchard,fruit_orchard:unique_production_methods:0,0,0.0,0.06,0.06,0.0,0.06,,[],1.0,0.06,/home/jan/development/ProsperOrPerishConstructor/mod/Prosper or Perish (Population Growth & Food Rework)/in_game/common/building_types/zz_pp_fruit_orchard.txt,2,constructor,Prosper or Perish Constructor,REPLACE,"[{""file"":""/home/jan/development/ProsperOrPerishConstructor/mod/Prosper or Perish (Population Growth & Food Rework)/in_game/common/building_types/zz_pp_fruit_orchard.txt"",""layer_id"":""constructor"",""layer_name"":""Prosper or Perish Constructor"",""line"":2,""mod_name"":""Prosper or Perish Constructor"",""mode"":""REPLACE""}]"
pp_fruit_orchard_no_primary,building_maintenance,,,[],[],false,,,inline,fruit_orchard,fruit_orchard:unique_production_methods:1,1,0.0,,0.0,0.0,0.0,,[],1.0,,/home/jan/development/ProsperOrPerishConstructor/mod/Prosper or Perish (Population Growth & Food Rework)/in_game/common/building_types/zz_pp_fruit_orchard.txt,2,constructor,Prosper or Perish Constructor,REPLACE,"[{""file"":""/home/jan/development/ProsperOrPerishConstructor/mod/Prosper or Perish (Population Growth & Food Rework)/in_game/common/building_types/zz_pp_fruit_orchard.txt"",""layer_id"":""constructor"",""layer_name"":""Prosper or Perish Constructor"",""line"":2,""mod_name"":""Prosper or Perish Constructor"",""mode"":""REPLACE""}]"
pp_fruit_orchard_maintenance,building_maintenance,fruit,0.166,"[""lumber""]",[0.105],false,,,inline,fruit_orchard,fruit_orchard:unique_production_methods:1,1,0.0,0.166,0.166,0.18375,-0.017749999999999988,-9.659863945578225,[],1.0,0.166,/home/jan/development/ProsperOrPerishConstructor/mod/Prosper or Perish (Population Growth & Food Rework)/in_game/common/building_types/zz_pp_fruit_orchard.txt,2,constructor,Prosper or Perish Constructor,REPLACE,"[{""file"":""/home/jan/development/ProsperOrPerishConstructor/mod/Prosper or Perish (Population Growth & Food Rework)/in_game/common/building_types/zz_pp_fruit_orchard.txt"",""layer_id"":""constructor"",""layer_name"":""Prosper or Perish Constructor"",""line"":2,""mod_name"":""Prosper or Perish Constructor"",""mode"":""REPLACE""}]"
pp_fruit_orchard_no_worker_victuals,building_maintenance,,,[],[],false,,,inline,fruit_orchard,fruit_orchard:unique_production_methods:2,2,0.0,,0.0,0.0,0.0,,[],1.0,,/home/jan/development/ProsperOrPerishConstructor/mod/Prosper or Perish (Population Growth & Food Rework)/in_game/common/building_types/zz_pp_fruit_orchard.txt,2,constructor,Prosper or Perish Constructor,REPLACE,"[{""file"":""/home/jan/development/ProsperOrPerishConstructor/mod/Prosper or Perish (Population Growth & Food Rework)/in_game/common/building_types/zz_pp_fruit_orchard.txt"",""layer_id"":""constructor"",""layer_name"":""Prosper or Perish Constructor"",""line"":2,""mod_name"":""Prosper or Perish Constructor"",""mode"":""REPLACE""}]"
pp_fruit_orchard_worker_victuals,building_maintenance,victuals,0.033,[],[],false,,,inline,fruit_orchard,fruit_orchard:unique_production_methods:2,2,0.0,0.033,0.099,0.0,0.099,,[],1.0,0.033,/home/jan/development/ProsperOrPerishConstructor/mod/Prosper or Perish (Population Growth & Food Rework)/in_game/common/building_types/zz_pp_fruit_orchard.txt,2,constructor,Prosper or Perish Constructor,REPLACE,"[{""file"":""/home/jan/development/ProsperOrPerishConstructor/mod/Prosper or Perish (Population Growth & Food Rework)/in_game/common/building_types/zz_pp_fruit_orchard.txt"",""layer_id"":""constructor"",""layer_name"":""Prosper or Perish Constructor"",""line"":2,""mod_name"":""Prosper or Perish Constructor"",""mode"":""REPLACE""}]"
early_council_hall_maintenance,building_maintenance,,,"[""paper"",""fine_cloth"",""books""]","[0.25,0.05,0.05]",false,,,inline,early_council_hall,early_council_hall:unique_production_methods:0,0,0.0,,0.0,0.9500000000000001,-0.9500000000000001,-100.0,[],1.0,,/home/jan/development/ProsperOrPerishConstructor/mod/Prosper or Perish (Population Growth & Food Rework)/in_game/common/building_types/zz_pp_early_council_hall.txt,2,constructor,Prosper or Perish Constructor,INJECT,"[{""file"":""/mnt/c/Games/steamapps/common/Europa Universalis V/game/in_game/common/building_types/council_hall.txt"",""layer_id"":""vanilla"",""layer_name"":""Vanilla"",""line"":1,""mod_name"":null,""mode"":""CREATE""},{""file"":""/home/jan/development/ProsperOrPerishConstructor/mod/Prosper or Perish (Population Growth & Food Rework)/in_game/common/building_types/zz_pp_early_council_hall.txt"",""layer_id"":""constructor"",""layer_name"":""Prosper or Perish Constructor"",""line"":2,""mod_name"":""Prosper or Perish Constructor"",""mode"":""INJECT""}]"
council_hall_maintenance,building_maintenance,,,"[""paper"",""fine_cloth"",""books""]","[0.5,0.1,0.1]",false,,,inline,council_hall,council_hall:unique_production_methods:0,0,0.0,,0.0,1.9000000000000001,-1.9000000000000001,-100.0,[],1.0,,/home/jan/development/ProsperOrPerishConstructor/mod/Prosper or Perish (Population Growth & Food Rework)/in_game/common/building_types/zz_pp_council_hall.txt,2,constructor,Prosper or Perish Constructor,INJECT,"[{""file"":""/mnt/c/Games/steamapps/common/Europa Universalis V/game/in_game/common/building_types/council_hall.txt"",""layer_id"":""vanilla"",""layer_name"":""Vanilla"",""line"":41,""mod_name"":null,""mode"":""CREATE""},{""file"":""/home/jan/development/ProsperOrPerishConstructor/mod/Prosper or Perish (Population Growth & Food Rework)/in_game/common/building_types/zz_pp_council_hall.txt"",""layer_id"":""constructor"",""layer_name"":""Prosper or Perish Constructor"",""line"":2,""mod_name"":""Prosper or Perish Constructor"",""mode"":""INJECT""}]"
modern_council_hall_maintenance,building_maintenance,,,"[""paper"",""fine_cloth"",""books"",""marble""]","[1.0,0.25,0.1,0.1]",false,,,inline,modern_council_hall,modern_council_hall:unique_production_methods:0,0,0.0,,0.0,4.3,-4.3,-100.0,[],1.0,,/home/jan/development/ProsperOrPerishConstructor/mod/Prosper or Perish (Population Growth & Food Rework)/in_game/common/building_types/zz_pp_modern_council_hall.txt,2,constructor,Prosper or Perish Constructor,INJECT,"[{""file"":""/mnt/c/Games/steamapps/common/Europa Universalis V/game/in_game/common/building_types/council_hall.txt"",""layer_id"":""vanilla"",""layer_name"":""Vanilla"",""line"":79,""mod_name"":null,""mode"":""CREATE""},{""file"":""/home/jan/development/ProsperOrPerishConstructor/mod/Prosper or Perish (Population Growth & Food Rework)/in_game/common/building_types/zz_pp_modern_council_hall.txt"",""layer_id"":""constructor"",""layer_name"":""Prosper or Perish Constructor"",""line"":2,""mod_name"":""Prosper or Perish Constructor"",""mode"":""INJECT""}]"
pp_university_maintenance,building_maintenance,,,"[""paper"",""books"",""glass"",""beeswax""]","[1.0,0.5,0.5,0.1]",false,,,inline,university,university:unique_production_methods:0,0,0.0,,0.0,5.2,-5.2,-100.0,[],1.0,,/home/jan/development/ProsperOrPerishConstructor/mod/Prosper or Perish (Population Growth & Food Rework)/in_game/common/building_types/pp_culture_building_adjustments.txt,47,constructor,Prosper or Perish Constructor,REPLACE,"[{""file"":""/home/jan/development/ProsperOrPerishConstructor/mod/Prosper or Perish (Population Growth & Food Rework)/in_game/common/building_types/pp_culture_building_adjustments.txt"",""layer_id"":""constructor"",""layer_name"":""Prosper or Perish Constructor"",""line"":47,""mod_name"":""Prosper or Perish Constructor"",""mode"":""REPLACE""}]"
confucian_academy_maintenance,building_maintenance,,,"[""paper"",""beeswax"",""books"",""cloth"",""fine_cloth""]","[0.4,0.1,0.2,0.3,0.1]",false,,,inline,confucian_academy,confucian_academy:unique_production_methods:0,0,0.0,,0.0,3.1,-3.1,-100.0,[],1.0,,/home/jan/development/ProsperOrPerishConstructor/mod/Prosper or Perish (Population Growth & Food Rework)/in_game/common/building_types/zz_pp_confucian_academy.txt,2,constructor,Prosper or Perish Constructor,INJECT,"[{""file"":""/mnt/c/Games/steamapps/common/Europa Universalis V/game/in_game/common/building_types/culture_buildings.txt"",""layer_id"":""vanilla"",""layer_name"":""Vanilla"",""line"":149,""mod_name"":null,""mode"":""CREATE""},{""file"":""/home/jan/development/ProsperOrPerishConstructor/mod/Prosper or Perish (Population Growth & Food Rework)/in_game/common/building_types/zz_pp_confucian_academy.txt"",""layer_id"":""constructor"",""layer_name"":""Prosper or Perish Constructor"",""line"":2,""mod_name"":""Prosper or Perish Constructor"",""mode"":""INJECT""}]"
opera_house_maintenance,building_maintenance,,,"[""cloth"",""wine"",""paper"",""lacquerware"",""fine_cloth"",""beeswax""]","[0.6,0.6,0.6,0.2,0.1,0.2]",false,,,inline,opera_house,opera_house:unique_production_methods:0,0,0.0,,0.0,6.200000000000001,-6.200000000000001,-100.0,[],1.0,,/home/jan/development/ProsperOrPerishConstructor/mod/Prosper or Perish (Population Growth & Food Rework)/in_game/common/building_types/zz_pp_opera_house.txt,2,constructor,Prosper or Perish Constructor,INJECT,"[{""file"":""/mnt/c/Games/steamapps/common/Europa Universalis V/game/in_game/common/building_types/culture_buildings.txt"",""layer_id"":""vanilla"",""layer_name"":""Vanilla"",""line"":199,""mod_name"":null,""mode"":""CREATE""},{""file"":""/home/jan/development/ProsperOrPerishConstructor/mod/Prosper or Perish (Population Growth & Food Rework)/in_game/common/building_types/zz_pp_opera_house.txt"",""layer_id"":""constructor"",""layer_name"":""Prosper or Perish Constructor"",""line"":2,""mod_name"":""Prosper or Perish Constructor"",""mode"":""INJECT""}]"
jesuit_college_maintenance,building_maintenance,,,"[""paper"",""books"",""fine_cloth"",""beeswax""]","[0.5,1.0,0.2,0.1]",false,,,inline,jesuit_college,jesuit_college:unique_production_methods:0,0,0.0,,0.0,5.4,-5.4,-100.0,[],1.0,,/home/jan/development/ProsperOrPerishConstructor/mod/Prosper or Perish (Population Growth & Food Rework)/in_game/common/building_types/zz_pp_jesuit_college.txt,2,constructor,Prosper or Perish Constructor,INJECT,"[{""file"":""/mnt/c/Games/steamapps/common/Europa Universalis V/game/in_game/common/building_types/culture_buildings.txt"",""layer_id"":""vanilla"",""layer_name"":""Vanilla"",""line"":273,""mod_name"":null,""mode"":""CREATE""},{""file"":""/home/jan/development/ProsperOrPerishConstructor/mod/Prosper or Perish (Population Growth & Food Rework)/in_game/common/building_types/zz_pp_jesuit_college.txt"",""layer_id"":""constructor"",""layer_name"":""Prosper or Perish Constructor"",""line"":2,""mod_name"":""Prosper or Perish Constructor"",""mode"":""INJECT""}]"
trade_office_requirements,building_maintenance,,,"[""paper""]",[0.1],false,,,inline,trade_office,trade_office:unique_production_methods:0,0,0.0,,0.0,0.2,-0.2,-100.0,[],1.0,,/home/jan/development/ProsperOrPerishConstructor/mod/Prosper or Perish (Population Growth & Food Rework)/in_game/common/building_types/zz_pp_trade_office.txt,2,constructor,Prosper or Perish Constructor,INJECT,"[{""file"":""/mnt/c/Games/steamapps/common/Europa Universalis V/game/in_game/common/building_types/foreign_buildings.txt"",""layer_id"":""vanilla"",""layer_name"":""Vanilla"",""line"":1,""mod_name"":null,""mode"":""CREATE""},{""file"":""/home/jan/development/ProsperOrPerishConstructor/mod/Prosper or Perish (Population Growth & Food Rework)/in_game/common/building_types/zz_pp_trade_office.txt"",""layer_id"":""constructor"",""layer_name"":""Prosper or Perish Constructor"",""line"":2,""mod_name"":""Prosper or Perish Constructor"",""mode"":""INJECT""}]"
embassy_requirements,building_maintenance,,,"[""paper"",""jewelry""]","[1.0,0.5]",false,,,inline,embassy,embassy:unique_production_methods:0,0,0.0,,0.0,4.5,-4.5,-100.0,[],1.0,,/home/jan/development/ProsperOrPerishConstructor/mod/Prosper or Perish (Population Growth & Food Rework)/in_game/common/building_types/zz_pp_embassy.txt,2,constructor,Prosper or Perish Constructor,INJECT,"[{""file"":""/mnt/c/Games/steamapps/common/Europa Universalis V/game/in_game/common/building_types/foreign_buildings.txt"",""layer_id"":""vanilla"",""layer_name"":""Vanilla"",""line"":52,""mod_name"":null,""mode"":""CREATE""},{""file"":""/home/jan/development/ProsperOrPerishConstructor/mod/Prosper or Perish (Population Growth & Food Rework)/in_game/common/building_types/zz_pp_embassy.txt"",""layer_id"":""constructor"",""layer_name"":""Prosper or Perish Constructor"",""line"":2,""mod_name"":""Prosper or Perish Constructor"",""mode"":""INJECT""}]"
pp_slave_center_slave_center_maintenance,building_maintenance,slaves_goods,1.0,"[""stone"",""tools"",""firearms"",""paper""]","[0.45,0.45,0.225,0.225]",false,,,inline,slave_center,slave_center:unique_production_methods:0,0,0.0,1.0,3.0,3.0375000000000005,-0.03750000000000053,-1.2345679012345852,[],0.3,3.3333333333333335,/home/jan/development/ProsperOrPerishConstructor/mod/Prosper or Perish (Population Growth & Food Rework)/in_game/common/building_types/zz_pp_slave_center.txt,2,constructor,Prosper or Perish Constructor,REPLACE,"[{""file"":""/home/jan/development/ProsperOrPerishConstructor/mod/Prosper or Perish (Population Growth & Food Rework)/in_game/common/building_types/zz_pp_slave_center.txt"",""layer_id"":""constructor"",""layer_name"":""Prosper or Perish Constructor"",""line"":2,""mod_name"":""Prosper or Perish Constructor"",""mode"":""REPLACE""}]"
colonial_administration_requirements,building_maintenance,,,"[""paper""]",[0.1],false,,,inline,colonial_administration,colonial_administration:unique_production_methods:0,0,0.0,,0.0,0.2,-0.2,-100.0,[],1.0,,/home/jan/development/ProsperOrPerishConstructor/mod/Prosper or Perish (Population Growth & Food Rework)/in_game/common/building_types/zz_pp_colonial_administration.txt,2,constructor,Prosper or Perish Constructor,INJECT,"[{""file"":""/mnt/c/Games/steamapps/common/Europa Universalis V/game/in_game/common/building_types/foreign_buildings.txt"",""layer_id"":""vanilla"",""layer_name"":""Vanilla"",""line"":294,""mod_name"":null,""mode"":""CREATE""},{""file"":""/home/jan/development/ProsperOrPerishConstructor/mod/Prosper or Perish (Population Growth & Food Rework)/in_game/common/building_types/zz_pp_colonial_administration.txt"",""layer_id"":""constructor"",""layer_name"":""Prosper or Perish Constructor"",""line"":2,""mod_name"":""Prosper or Perish Constructor"",""mode"":""INJECT""}]"
viceroyalty_maintenance,building_maintenance,,,"[""fine_cloth"",""paper"",""furniture"",""goods_gold"",""jewelry""]","[1.0,3.0,0.5,0.5,0.5]",false,,,inline,viceroyalty,viceroyalty:unique_production_methods:0,0,0.0,,0.0,20.5,-20.5,-100.0,[],1.0,,/home/jan/development/ProsperOrPerishConstructor/mod/Prosper or Perish (Population Growth & Food Rework)/in_game/common/building_types/zz_pp_viceroyalty.txt,2,constructor,Prosper or Perish Constructor,INJECT,"[{""file"":""/mnt/c/Games/steamapps/common/Europa Universalis V/game/in_game/common/building_types/foreign_buildings.txt"",""layer_id"":""vanilla"",""layer_name"":""Vanilla"",""line"":401,""mod_name"":null,""mode"":""CREATE""},{""file"":""/home/jan/development/ProsperOrPerishConstructor/mod/Prosper or Perish (Population Growth & Food Rework)/in_game/common/building_types/zz_pp_viceroyalty.txt"",""layer_id"":""constructor"",""layer_name"":""Prosper or Perish Constructor"",""line"":2,""mod_name"":""Prosper or Perish Constructor"",""mode"":""INJECT""}]"
stockade_maintenance,building_maintenance,,,"[""lumber"",""weaponry"",""tar""]","[0.1,0.02,0.02]",false,,,inline,stockade,stockade:unique_production_methods:0,0,0.0,,0.0,0.275,-0.275,-100.0,[],1.0,,/home/jan/development/ProsperOrPerishConstructor/mod/Prosper or Perish (Population Growth & Food Rework)/in_game/common/building_types/zz_pp_stockade.txt,2,constructor,Prosper or Perish Constructor,INJECT,"[{""file"":""/mnt/c/Games/steamapps/common/Europa Universalis V/game/in_game/common/building_types/forts.txt"",""layer_id"":""vanilla"",""layer_name"":""Vanilla"",""line"":1,""mod_name"":null,""mode"":""CREATE""},{""file"":""/home/jan/development/ProsperOrPerishConstructor/mod/Prosper or Perish (Population Growth & Food Rework)/in_game/common/building_types/zz_pp_stockade.txt"",""layer_id"":""constructor"",""layer_name"":""Prosper or Perish Constructor"",""line"":2,""mod_name"":""Prosper or Perish Constructor"",""mode"":""INJECT""}]"
castle_maintenance,building_maintenance,,,"[""stone"",""tools"",""weaponry"",""tar""]","[0.1,0.05,0.1,0.025]",false,,,inline,castle,castle:unique_production_methods:0,0,0.0,,0.0,0.6125,-0.6125,-100.0,[],1.0,,/home/jan/development/ProsperOrPerishConstructor/mod/Prosper or Perish (Population Growth & Food Rework)/in_game/common/building_types/zz_pp_castle.txt,2,constructor,Prosper or Perish Constructor,INJECT,"[{""file"":""/mnt/c/Games/steamapps/common/Europa Universalis V/game/in_game/common/building_types/forts.txt"",""layer_id"":""vanilla"",""layer_name"":""Vanilla"",""line"":49,""mod_name"":null,""mode"":""CREATE""},{""file"":""/home/jan/development/ProsperOrPerishConstructor/mod/Prosper or Perish (Population Growth & Food Rework)/in_game/common/building_types/zz_pp_castle.txt"",""layer_id"":""constructor"",""layer_name"":""Prosper or Perish Constructor"",""line"":2,""mod_name"":""Prosper or Perish Constructor"",""mode"":""INJECT""}]"
bastion_maintenance,building_maintenance,,,"[""stone"",""firearms"",""cannons"",""tools"",""weaponry""]","[0.5,0.5,0.5,0.2,0.5]",false,,,inline,bastion,bastion:unique_production_methods:0,0,0.0,,0.0,6.15,-6.15,-100.0,[],1.0,,/home/jan/development/ProsperOrPerishConstructor/mod/Prosper or Perish (Population Growth & Food Rework)/in_game/common/building_types/zz_pp_bastion.txt,2,constructor,Prosper or Perish Constructor,INJECT,"[{""file"":""/mnt/c/Games/steamapps/common/Europa Universalis V/game/in_game/common/building_types/forts.txt"",""layer_id"":""vanilla"",""layer_name"":""Vanilla"",""line"":97,""mod_name"":null,""mode"":""CREATE""},{""file"":""/home/jan/development/ProsperOrPerishConstructor/mod/Prosper or Perish (Population Growth & Food Rework)/in_game/common/building_types/zz_pp_bastion.txt"",""layer_id"":""constructor"",""layer_name"":""Prosper or Perish Constructor"",""line"":2,""mod_name"":""Prosper or Perish Constructor"",""mode"":""INJECT""}]"
star_fort_maintenance,building_maintenance,,,"[""stone"",""firearms"",""cannons"",""tools"",""weaponry""]","[1.0,1.0,1.0,0.5,1.0]",false,,,inline,star_fort,star_fort:unique_production_methods:0,0,0.0,,0.0,12.625,-12.625,-100.0,[],1.0,,/home/jan/development/ProsperOrPerishConstructor/mod/Prosper or Perish (Population Growth & Food Rework)/in_game/common/building_types/zz_pp_star_fort.txt,2,constructor,Prosper or Perish Constructor,INJECT,"[{""file"":""/mnt/c/Games/steamapps/common/Europa Universalis V/game/in_game/common/building_types/forts.txt"",""layer_id"":""vanilla"",""layer_name"":""Vanilla"",""line"":145,""mod_name"":null,""mode"":""CREATE""},{""file"":""/home/jan/development/ProsperOrPerishConstructor/mod/Prosper or Perish (Population Growth & Food Rework)/in_game/common/building_types/zz_pp_star_fort.txt"",""layer_id"":""constructor"",""layer_name"":""Prosper or Perish Constructor"",""line"":2,""mod_name"":""Prosper or Perish Constructor"",""mode"":""INJECT""}]"
fortress_maintenance,building_maintenance,,,"[""stone"",""firearms"",""cannons"",""tools"",""weaponry""]","[2.0,4.0,4.0,2.0,2.0]",false,,,inline,fortress,fortress:unique_production_methods:0,0,0.0,,0.0,42.5,-42.5,-100.0,[],1.0,,/home/jan/development/ProsperOrPerishConstructor/mod/Prosper or Perish (Population Growth & Food Rework)/in_game/common/building_types/zz_pp_fortress.txt,2,constructor,Prosper or Perish Constructor,INJECT,"[{""file"":""/mnt/c/Games/steamapps/common/Europa Universalis V/game/in_game/common/building_types/forts.txt"",""layer_id"":""vanilla"",""layer_name"":""Vanilla"",""line"":190,""mod_name"":null,""mode"":""CREATE""},{""file"":""/home/jan/development/ProsperOrPerishConstructor/mod/Prosper or Perish (Population Growth & Food Rework)/in_game/common/building_types/zz_pp_fortress.txt"",""layer_id"":""constructor"",""layer_name"":""Prosper or Perish Constructor"",""line"":2,""mod_name"":""Prosper or Perish Constructor"",""mode"":""INJECT""}]"
pp_armory_maintenance,building_maintenance,,,"[""firearms"",""leather"",""cloth"",""paper"",""weaponry"",""victuals""]","[0.5,0.5,0.1,0.2,0.5,0.25]",false,,,inline,armory,armory:unique_production_methods:0,0,0.0,,0.0,5.949999999999999,-5.949999999999999,-100.0,[],1.0,,/home/jan/development/ProsperOrPerishConstructor/mod/Prosper or Perish (Population Growth & Food Rework)/in_game/common/building_types/zz_pp_armory.txt,2,constructor,Prosper or Perish Constructor,REPLACE,"[{""file"":""/home/jan/development/ProsperOrPerishConstructor/mod/Prosper or Perish (Population Growth & Food Rework)/in_game/common/building_types/zz_pp_armory.txt"",""layer_id"":""constructor"",""layer_name"":""Prosper or Perish Constructor"",""line"":2,""mod_name"":""Prosper or Perish Constructor"",""mode"":""REPLACE""}]"
pp_training_fields_maintenance,building_maintenance,,,"[""firearms"",""leather"",""cloth"",""paper"",""weaponry"",""victuals""]","[0.5,0.5,0.1,0.2,0.5,0.25]",false,,,inline,training_fields,training_fields:unique_production_methods:0,0,0.0,,0.0,5.949999999999999,-5.949999999999999,-100.0,[],1.0,,/home/jan/development/ProsperOrPerishConstructor/mod/Prosper or Perish (Population Growth & Food Rework)/in_game/common/building_types/zz_pp_training_fields.txt,2,constructor,Prosper or Perish Constructor,REPLACE,"[{""file"":""/home/jan/development/ProsperOrPerishConstructor/mod/Prosper or Perish (Population Growth & Food Rework)/in_game/common/building_types/zz_pp_training_fields.txt"",""layer_id"":""constructor"",""layer_name"":""Prosper or Perish Constructor"",""line"":2,""mod_name"":""Prosper or Perish Constructor"",""mode"":""REPLACE""}]"
pp_barracks_maintenance,building_maintenance,,,"[""firearms"",""leather"",""cloth"",""paper"",""weaponry"",""victuals""]","[1.0,1.0,0.2,0.4,1.0,0.375]",false,,,inline,barracks,barracks:unique_production_methods:0,0,0.0,,0.0,11.524999999999999,-11.524999999999999,-100.0,[],1.0,,/home/jan/development/ProsperOrPerishConstructor/mod/Prosper or Perish (Population Growth & Food Rework)/in_game/common/building_types/zz_pp_barracks.txt,2,constructor,Prosper or Perish Constructor,REPLACE,"[{""file"":""/home/jan/development/ProsperOrPerishConstructor/mod/Prosper or Perish (Population Growth & Food Rework)/in_game/common/building_types/zz_pp_barracks.txt"",""layer_id"":""constructor"",""layer_name"":""Prosper or Perish Constructor"",""line"":2,""mod_name"":""Prosper or Perish Constructor"",""mode"":""REPLACE""}]"
pp_regimental_camp_maintenance,building_maintenance,,,"[""firearms"",""leather"",""cloth"",""paper"",""weaponry"",""victuals""]","[1.0,1.0,0.2,0.4,1.0,0.5]",false,,,inline,regimental_camp,regimental_camp:unique_production_methods:0,0,0.0,,0.0,11.899999999999999,-11.899999999999999,-100.0,[],1.0,,/home/jan/development/ProsperOrPerishConstructor/mod/Prosper or Perish (Population Growth & Food Rework)/in_game/common/building_types/zz_pp_regimental_camp.txt,2,constructor,Prosper or Perish Constructor,REPLACE,"[{""file"":""/home/jan/development/ProsperOrPerishConstructor/mod/Prosper or Perish (Population Growth & Food Rework)/in_game/common/building_types/zz_pp_regimental_camp.txt"",""layer_id"":""constructor"",""layer_name"":""Prosper or Perish Constructor"",""line"":2,""mod_name"":""Prosper or Perish Constructor"",""mode"":""REPLACE""}]"
pp_conscription_center_maintenance,building_maintenance,,,"[""firearms"",""leather"",""cloth"",""paper"",""weaponry"",""victuals""]","[1.0,1.0,0.2,0.5,1.0,0.625]",false,,,inline,conscription_center,conscription_center:unique_production_methods:0,0,0.0,,0.0,12.475,-12.475,-100.0,[],1.0,,/home/jan/development/ProsperOrPerishConstructor/mod/Prosper or Perish (Population Growth & Food Rework)/in_game/common/building_types/zz_pp_conscription_center.txt,2,constructor,Prosper or Perish Constructor,REPLACE,"[{""file"":""/home/jan/development/ProsperOrPerishConstructor/mod/Prosper or Perish (Population Growth & Food Rework)/in_game/common/building_types/zz_pp_conscription_center.txt"",""layer_id"":""constructor"",""layer_name"":""Prosper or Perish Constructor"",""line"":2,""mod_name"":""Prosper or Perish Constructor"",""mode"":""REPLACE""}]"
pp_funduq_maintenance,building_maintenance,,,"[""books"",""paper"",""jewelry"",""fine_cloth""]","[0.05,0.2,0.01,0.01]",false,,,inline,funduq,funduq:unique_production_methods:0,0,0.0,,0.0,0.6600000000000001,-0.6600000000000001,-100.0,[],1.0,,/home/jan/development/ProsperOrPerishConstructor/mod/Prosper or Perish (Population Growth & Food Rework)/in_game/common/building_types/pp_gold_to_jewelry_buildings.txt,433,constructor,Prosper or Perish Constructor,REPLACE,"[{""file"":""/home/jan/development/ProsperOrPerishConstructor/mod/Prosper or Perish (Population Growth & Food Rework)/in_game/common/building_types/pp_gold_to_jewelry_buildings.txt"",""layer_id"":""constructor"",""layer_name"":""Prosper or Perish Constructor"",""line"":433,""mod_name"":""Prosper or Perish Constructor"",""mode"":""REPLACE""}]"
pp_sugar_plantation_base_sugar,building_maintenance,sugar,0.3,[],[],false,,,inline,sugar_plantation,sugar_plantation:unique_production_methods:0,0,0.0,0.3,0.8999999999999999,0.0,0.8999999999999999,,[],1.0,0.3,/home/jan/development/ProsperOrPerishConstructor/mod/Prosper or Perish (Population Growth & Food Rework)/in_game/common/building_types/zz_pp_sugar_plantation.txt,2,constructor,Prosper or Perish Constructor,REPLACE,"[{""file"":""/home/jan/development/ProsperOrPerishConstructor/mod/Prosper or Perish (Population Growth & Food Rework)/in_game/common/building_types/zz_pp_sugar_plantation.txt"",""layer_id"":""constructor"",""layer_name"":""Prosper or Perish Constructor"",""line"":2,""mod_name"":""Prosper or Perish Constructor"",""mode"":""REPLACE""}]"
pp_sugar_plantation_cane_fields,building_maintenance,,,[],[],false,,,inline,sugar_plantation,sugar_plantation:unique_production_methods:1,1,0.0,,0.0,0.0,0.0,,[],1.0,,/home/jan/development/ProsperOrPerishConstructor/mod/Prosper or Perish (Population Growth & Food Rework)/in_game/common/building_types/zz_pp_sugar_plantation.txt,2,constructor,Prosper or Perish Constructor,REPLACE,"[{""file"":""/home/jan/development/ProsperOrPerishConstructor/mod/Prosper or Perish (Population Growth & Food Rework)/in_game/common/building_types/zz_pp_sugar_plantation.txt"",""layer_id"":""constructor"",""layer_name"":""Prosper or Perish Constructor"",""line"":2,""mod_name"":""Prosper or Perish Constructor"",""mode"":""REPLACE""}]"
pp_sugar_plantation_boiling_house,building_maintenance,sugar,0.667,"[""slaves_goods"",""lumber"",""coal"",""tools""]","[0.32,0.25,0.15,0.029]",false,,,inline,sugar_plantation,sugar_plantation:unique_production_methods:1,1,0.0,0.667,2.0010000000000003,1.79175,0.20925000000000038,11.678526580159083,[],1.0,0.667,/home/jan/development/ProsperOrPerishConstructor/mod/Prosper or Perish (Population Growth & Food Rework)/in_game/common/building_types/zz_pp_sugar_plantation.txt,2,constructor,Prosper or Perish Constructor,REPLACE,"[{""file"":""/home/jan/development/ProsperOrPerishConstructor/mod/Prosper or Perish (Population Growth & Food Rework)/in_game/common/building_types/zz_pp_sugar_plantation.txt"",""layer_id"":""constructor"",""layer_name"":""Prosper or Perish Constructor"",""line"":2,""mod_name"":""Prosper or Perish Constructor"",""mode"":""REPLACE""}]"
pp_cotton_plantation_base_cotton,building_maintenance,cotton,0.3,[],[],false,,,inline,cotton_plantation,cotton_plantation:unique_production_methods:0,0,0.0,0.3,0.8999999999999999,0.0,0.8999999999999999,,[],1.0,0.3,/home/jan/development/ProsperOrPerishConstructor/mod/Prosper or Perish (Population Growth & Food Rework)/in_game/common/building_types/zz_pp_cotton_plantation.txt,2,constructor,Prosper or Perish Constructor,REPLACE,"[{""file"":""/home/jan/development/ProsperOrPerishConstructor/mod/Prosper or Perish (Population Growth & Food Rework)/in_game/common/building_types/zz_pp_cotton_plantation.txt"",""layer_id"":""constructor"",""layer_name"":""Prosper or Perish Constructor"",""line"":2,""mod_name"":""Prosper or Perish Constructor"",""mode"":""REPLACE""}]"
pp_cotton_plantation_field_picking,building_maintenance,,,[],[],false,,,inline,cotton_plantation,cotton_plantation:unique_production_methods:1,1,0.0,,0.0,0.0,0.0,,[],1.0,,/home/jan/development/ProsperOrPerishConstructor/mod/Prosper or Perish (Population Growth & Food Rework)/in_game/common/building_types/zz_pp_cotton_plantation.txt,2,constructor,Prosper or Perish Constructor,REPLACE,"[{""file"":""/home/jan/development/ProsperOrPerishConstructor/mod/Prosper or Perish (Population Growth & Food Rework)/in_game/common/building_types/zz_pp_cotton_plantation.txt"",""layer_id"":""constructor"",""layer_name"":""Prosper or Perish Constructor"",""line"":2,""mod_name"":""Prosper or Perish Constructor"",""mode"":""REPLACE""}]"
pp_cotton_plantation_gin_house,building_maintenance,cotton,0.667,"[""slaves_goods"",""lumber"",""leather"",""tools""]","[0.32,0.28,0.08,0.034]",false,,,inline,cotton_plantation,cotton_plantation:unique_production_methods:1,1,0.0,0.667,2.0010000000000003,1.8005,0.20050000000000034,11.135795612329929,[],1.0,0.667,/home/jan/development/ProsperOrPerishConstructor/mod/Prosper or Perish (Population Growth & Food Rework)/in_game/common/building_types/zz_pp_cotton_plantation.txt,2,constructor,Prosper or Perish Constructor,REPLACE,"[{""file"":""/home/jan/development/ProsperOrPerishConstructor/mod/Prosper or Perish (Population Growth & Food Rework)/in_game/common/building_types/zz_pp_cotton_plantation.txt"",""layer_id"":""constructor"",""layer_name"":""Prosper or Perish Constructor"",""line"":2,""mod_name"":""Prosper or Perish Constructor"",""mode"":""REPLACE""}]"
pp_tobacco_plantation_base_tobacco,building_maintenance,tobacco,0.3,[],[],false,,,inline,tobacco_plantation,tobacco_plantation:unique_production_methods:0,0,0.0,0.3,0.8999999999999999,0.0,0.8999999999999999,,[],1.0,0.3,/home/jan/development/ProsperOrPerishConstructor/mod/Prosper or Perish (Population Growth & Food Rework)/in_game/common/building_types/zz_pp_tobacco_plantation.txt,2,constructor,Prosper or Perish Constructor,REPLACE,"[{""file"":""/home/jan/development/ProsperOrPerishConstructor/mod/Prosper or Perish (Population Growth & Food Rework)/in_game/common/building_types/zz_pp_tobacco_plantation.txt"",""layer_id"":""constructor"",""layer_name"":""Prosper or Perish Constructor"",""line"":2,""mod_name"":""Prosper or Perish Constructor"",""mode"":""REPLACE""}]"
pp_tobacco_plantation_field_cutting,building_maintenance,,,[],[],false,,,inline,tobacco_plantation,tobacco_plantation:unique_production_methods:1,1,0.0,,0.0,0.0,0.0,,[],1.0,,/home/jan/development/ProsperOrPerishConstructor/mod/Prosper or Perish (Population Growth & Food Rework)/in_game/common/building_types/zz_pp_tobacco_plantation.txt,2,constructor,Prosper or Perish Constructor,REPLACE,"[{""file"":""/home/jan/development/ProsperOrPerishConstructor/mod/Prosper or Perish (Population Growth & Food Rework)/in_game/common/building_types/zz_pp_tobacco_plantation.txt"",""layer_id"":""constructor"",""layer_name"":""Prosper or Perish Constructor"",""line"":2,""mod_name"":""Prosper or Perish Constructor"",""mode"":""REPLACE""}]"
pp_tobacco_plantation_curing_barns,building_maintenance,tobacco,0.667,"[""slaves_goods"",""lumber"",""pottery"",""tools""]","[0.32,0.35,0.1,0.045]",false,,,inline,tobacco_plantation,tobacco_plantation:unique_production_methods:1,1,0.0,0.667,2.0010000000000003,1.8187499999999999,0.18225000000000047,10.020618556701057,[],1.0,0.667,/home/jan/development/ProsperOrPerishConstructor/mod/Prosper or Perish (Population Growth & Food Rework)/in_game/common/building_types/zz_pp_tobacco_plantation.txt,2,constructor,Prosper or Perish Constructor,REPLACE,"[{""file"":""/home/jan/development/ProsperOrPerishConstructor/mod/Prosper or Perish (Population Growth & Food Rework)/in_game/common/building_types/zz_pp_tobacco_plantation.txt"",""layer_id"":""constructor"",""layer_name"":""Prosper or Perish Constructor"",""line"":2,""mod_name"":""Prosper or Perish Constructor"",""mode"":""REPLACE""}]"
pp_dock_maintenance,building_maintenance,,,"[""tar"",""naval_supplies"",""tools"",""lumber"",""victuals""]","[0.2,0.1,0.2,0.2,0.4]",false,,,inline,dock,dock:unique_production_methods:0,0,0.0,,0.0,2.9000000000000004,-2.9000000000000004,-100.0,[],1.0,,/home/jan/development/ProsperOrPerishConstructor/mod/Prosper or Perish (Population Growth & Food Rework)/in_game/common/building_types/zz_pp_dock.txt,2,constructor,Prosper or Perish Constructor,REPLACE,"[{""file"":""/home/jan/development/ProsperOrPerishConstructor/mod/Prosper or Perish (Population Growth & Food Rework)/in_game/common/building_types/zz_pp_dock.txt"",""layer_id"":""constructor"",""layer_name"":""Prosper or Perish Constructor"",""line"":2,""mod_name"":""Prosper or Perish Constructor"",""mode"":""REPLACE""}]"
pp_dry_dock_maintenance,building_maintenance,,,"[""tar"",""naval_supplies"",""tools"",""lumber"",""victuals""]","[0.4,0.2,0.4,0.4,0.8]",false,,,inline,dry_dock,dry_dock:unique_production_methods:0,0,0.0,,0.0,5.800000000000001,-5.800000000000001,-100.0,[],1.0,,/home/jan/development/ProsperOrPerishConstructor/mod/Prosper or Perish (Population Growth & Food Rework)/in_game/common/building_types/zz_pp_dry_dock.txt,2,constructor,Prosper or Perish Constructor,REPLACE,"[{""file"":""/home/jan/development/ProsperOrPerishConstructor/mod/Prosper or Perish (Population Growth & Food Rework)/in_game/common/building_types/zz_pp_dry_dock.txt"",""layer_id"":""constructor"",""layer_name"":""Prosper or Perish Constructor"",""line"":2,""mod_name"":""Prosper or Perish Constructor"",""mode"":""REPLACE""}]"
pp_shipyard_maintenance,building_maintenance,,,"[""tar"",""naval_supplies"",""tools"",""lumber"",""victuals""]","[0.8,0.4,0.8,0.8,1.6]",false,,,inline,shipyard,shipyard:unique_production_methods:0,0,0.0,,0.0,11.600000000000001,-11.600000000000001,-100.0,[],1.0,,/home/jan/development/ProsperOrPerishConstructor/mod/Prosper or Perish (Population Growth & Food Rework)/in_game/common/building_types/zz_pp_shipyard.txt,2,constructor,Prosper or Perish Constructor,REPLACE,"[{""file"":""/home/jan/development/ProsperOrPerishConstructor/mod/Prosper or Perish (Population Growth & Food Rework)/in_game/common/building_types/zz_pp_shipyard.txt"",""layer_id"":""constructor"",""layer_name"":""Prosper or Perish Constructor"",""line"":2,""mod_name"":""Prosper or Perish Constructor"",""mode"":""REPLACE""}]"
pp_grand_shipyard_maintenance,building_maintenance,,,"[""tar"",""naval_supplies"",""tools"",""lumber"",""victuals""]","[1.6,0.8,1.6,1.6,3.2]",false,,,inline,grand_shipyard,grand_shipyard:unique_production_methods:0,0,0.0,,0.0,23.200000000000003,-23.200000000000003,-100.0,[],1.0,,/home/jan/development/ProsperOrPerishConstructor/mod/Prosper or Perish (Population Growth & Food Rework)/in_game/common/building_types/zz_pp_grand_shipyard.txt,2,constructor,Prosper or Perish Constructor,REPLACE,"[{""file"":""/home/jan/development/ProsperOrPerishConstructor/mod/Prosper or Perish (Population Growth & Food Rework)/in_game/common/building_types/zz_pp_grand_shipyard.txt"",""layer_id"":""constructor"",""layer_name"":""Prosper or Perish Constructor"",""line"":2,""mod_name"":""Prosper or Perish Constructor"",""mode"":""REPLACE""}]"
pp_naval_base_maintenance,building_maintenance,,,"[""tar"",""naval_supplies"",""tools"",""lumber"",""victuals""]","[3.0,1.5,3.0,3.0,5.0]",false,,,inline,naval_base,naval_base:unique_production_methods:0,0,0.0,,0.0,40.5,-40.5,-100.0,[],1.0,,/home/jan/development/ProsperOrPerishConstructor/mod/Prosper or Perish (Population Growth & Food Rework)/in_game/common/building_types/zz_pp_naval_base.txt,2,constructor,Prosper or Perish Constructor,REPLACE,"[{""file"":""/home/jan/development/ProsperOrPerishConstructor/mod/Prosper or Perish (Population Growth & Food Rework)/in_game/common/building_types/zz_pp_naval_base.txt"",""layer_id"":""constructor"",""layer_name"":""Prosper or Perish Constructor"",""line"":2,""mod_name"":""Prosper or Perish Constructor"",""mode"":""REPLACE""}]"
protected_harbor_maintenance,building_maintenance,,,"[""tar"",""tools"",""lumber"",""stone""]","[0.1,0.1,0.1,0.2]",false,,,inline,protected_harbor,protected_harbor:unique_production_methods:0,0,0.0,,0.0,0.9000000000000001,-0.9000000000000001,-100.0,[],1.0,,/home/jan/development/ProsperOrPerishConstructor/mod/Prosper or Perish (Population Growth & Food Rework)/in_game/common/building_types/zz_pp_protected_harbor.txt,2,constructor,Prosper or Perish Constructor,INJECT,"[{""file"":""/mnt/c/Games/steamapps/common/Europa Universalis V/game/in_game/common/building_types/port_buildings.txt"",""layer_id"":""vanilla"",""layer_name"":""Vanilla"",""line"":253,""mod_name"":null,""mode"":""CREATE""},{""file"":""/home/jan/development/ProsperOrPerishConstructor/mod/Prosper or Perish (Population Growth & Food Rework)/in_game/common/building_types/zz_pp_protected_harbor.txt"",""layer_id"":""constructor"",""layer_name"":""Prosper or Perish Constructor"",""line"":2,""mod_name"":""Prosper or Perish Constructor"",""mode"":""INJECT""}]"
pp_brewery_wheat_brewery_maintenance,guild_input,beer,1.0,"[""wheat"",""lumber"",""tools""]","[1.109,0.277,0.111]",false,,,inline,brewery,brewery:unique_production_methods:0,0,0.0,1.0,2.0,1.9545,0.045500000000000096,2.327961115374781,[],0.3,3.3333333333333335,/home/jan/development/ProsperOrPerishConstructor/mod/Prosper or Perish (Population Growth & Food Rework)/in_game/common/building_types/zz_pp_brewery.txt,2,constructor,Prosper or Perish Constructor,REPLACE,"[{""file"":""/home/jan/development/ProsperOrPerishConstructor/mod/Prosper or Perish (Population Growth & Food Rework)/in_game/common/building_types/zz_pp_brewery.txt"",""layer_id"":""constructor"",""layer_name"":""Prosper or Perish Constructor"",""line"":2,""mod_name"":""Prosper or Perish Constructor"",""mode"":""REPLACE""}]"
pp_brewery_millet_brewery_maintenance,guild_input,beer,1.0,"[""millet"",""lumber"",""tools""]","[1.109,0.277,0.111]",false,,,inline,brewery,brewery:unique_production_methods:0,0,0.0,1.0,2.0,1.9545,0.045500000000000096,2.327961115374781,[],0.3,3.3333333333333335,/home/jan/development/ProsperOrPerishConstructor/mod/Prosper or Perish (Population Growth & Food Rework)/in_game/common/building_types/zz_pp_brewery.txt,2,constructor,Prosper or Perish Constructor,REPLACE,"[{""file"":""/home/jan/development/ProsperOrPerishConstructor/mod/Prosper or Perish (Population Growth & Food Rework)/in_game/common/building_types/zz_pp_brewery.txt"",""layer_id"":""constructor"",""layer_name"":""Prosper or Perish Constructor"",""line"":2,""mod_name"":""Prosper or Perish Constructor"",""mode"":""REPLACE""}]"
pp_brewery_fruit_brewery_maintenance,guild_input,beer,1.0,"[""fruit"",""lumber"",""tools""]","[1.168,0.233,0.117]",false,,,inline,brewery,brewery:unique_production_methods:0,0,0.0,1.0,2.0,1.956,0.04400000000000004,2.2494887525562395,[],0.3,3.3333333333333335,/home/jan/development/ProsperOrPerishConstructor/mod/Prosper or Perish (Population Growth & Food Rework)/in_game/common/building_types/zz_pp_brewery.txt,2,constructor,Prosper or Perish Constructor,REPLACE,"[{""file"":""/home/jan/development/ProsperOrPerishConstructor/mod/Prosper or Perish (Population Growth & Food Rework)/in_game/common/building_types/zz_pp_brewery.txt"",""layer_id"":""constructor"",""layer_name"":""Prosper or Perish Constructor"",""line"":2,""mod_name"":""Prosper or Perish Constructor"",""mode"":""REPLACE""}]"
pp_brewery_maize_brewery_maintenance,guild_input,beer,1.0,"[""maize"",""pottery""]","[1.588,0.34]",false,,,inline,brewery,brewery:unique_production_methods:0,0,0.0,1.0,2.0,1.9280000000000002,0.07199999999999984,3.734439834024888,[],0.3,3.3333333333333335,/home/jan/development/ProsperOrPerishConstructor/mod/Prosper or Perish (Population Growth & Food Rework)/in_game/common/building_types/zz_pp_brewery.txt,2,constructor,Prosper or Perish Constructor,REPLACE,"[{""file"":""/home/jan/development/ProsperOrPerishConstructor/mod/Prosper or Perish (Population Growth & Food Rework)/in_game/common/building_types/zz_pp_brewery.txt"",""layer_id"":""constructor"",""layer_name"":""Prosper or Perish Constructor"",""line"":2,""mod_name"":""Prosper or Perish Constructor"",""mode"":""REPLACE""}]"
pp_brewery_bavarian_brewery_maintenance,guild_input,beer,1.2,"[""wheat"",""lumber"",""tools""]","[1.512,0.251,0.126]",false,,,inline,brewery,brewery:unique_production_methods:0,0,0.0,1.2,2.4,2.36075,0.03925000000000001,1.662607222281055,[],0.3,4.0,/home/jan/development/ProsperOrPerishConstructor/mod/Prosper or Perish (Population Growth & Food Rework)/in_game/common/building_types/zz_pp_brewery.txt,2,constructor,Prosper or Perish Constructor,REPLACE,"[{""file"":""/home/jan/development/ProsperOrPerishConstructor/mod/Prosper or Perish (Population Growth & Food Rework)/in_game/common/building_types/zz_pp_brewery.txt"",""layer_id"":""constructor"",""layer_name"":""Prosper or Perish Constructor"",""line"":2,""mod_name"":""Prosper or Perish Constructor"",""mode"":""REPLACE""}]"
pp_brewery_honey_brewery_maintenance,guild_input,beer,1.0,"[""beeswax"",""millet"",""lumber"",""tools""]","[0.292,0.584,0.233,0.117]",false,,,inline,brewery,brewery:unique_production_methods:0,0,0.0,1.0,2.0,1.956,0.04400000000000004,2.2494887525562395,[],0.3,3.3333333333333335,/home/jan/development/ProsperOrPerishConstructor/mod/Prosper or Perish (Population Growth & Food Rework)/in_game/common/building_types/zz_pp_brewery.txt,2,constructor,Prosper or Perish Constructor,REPLACE,"[{""file"":""/home/jan/development/ProsperOrPerishConstructor/mod/Prosper or Perish (Population Growth & Food Rework)/in_game/common/building_types/zz_pp_brewery.txt"",""layer_id"":""constructor"",""layer_name"":""Prosper or Perish Constructor"",""line"":2,""mod_name"":""Prosper or Perish Constructor"",""mode"":""REPLACE""}]"
pp_brewery_rice_brewery_maintenance,guild_input,beer,1.0,"[""rice"",""lumber"",""tools""]","[1.109,0.277,0.111]",false,,,inline,brewery,brewery:unique_production_methods:0,0,0.0,1.0,2.0,1.9545,0.045500000000000096,2.327961115374781,[],0.3,3.3333333333333335,/home/jan/development/ProsperOrPerishConstructor/mod/Prosper or Perish (Population Growth & Food Rework)/in_game/common/building_types/zz_pp_brewery.txt,2,constructor,Prosper or Perish Constructor,REPLACE,"[{""file"":""/home/jan/development/ProsperOrPerishConstructor/mod/Prosper or Perish (Population Growth & Food Rework)/in_game/common/building_types/zz_pp_brewery.txt"",""layer_id"":""constructor"",""layer_name"":""Prosper or Perish Constructor"",""line"":2,""mod_name"":""Prosper or Perish Constructor"",""mode"":""REPLACE""}]"
pp_beer_workshop_wheat_beer_workshop_maintenance,workshop_input,beer,1.1,"[""wheat"",""lumber"",""tools""]","[1.117,0.279,0.112]",false,,,inline,beer_workshop,beer_workshop:unique_production_methods:0,0,0.0,1.1,2.2,1.9692500000000002,0.23075,11.717659007236257,[],0.3,3.666666666666667,/home/jan/development/ProsperOrPerishConstructor/mod/Prosper or Perish (Population Growth & Food Rework)/in_game/common/building_types/zz_pp_beer_workshop.txt,2,constructor,Prosper or Perish Constructor,REPLACE,"[{""file"":""/home/jan/development/ProsperOrPerishConstructor/mod/Prosper or Perish (Population Growth & Food Rework)/in_game/common/building_types/zz_pp_beer_workshop.txt"",""layer_id"":""constructor"",""layer_name"":""Prosper or Perish Constructor"",""line"":2,""mod_name"":""Prosper or Perish Constructor"",""mode"":""REPLACE""}]"
pp_beer_workshop_millet_beer_workshop_maintenance,workshop_input,beer,1.1,"[""millet"",""lumber"",""tools""]","[1.117,0.279,0.112]",false,,,inline,beer_workshop,beer_workshop:unique_production_methods:0,0,0.0,1.1,2.2,1.9692500000000002,0.23075,11.717659007236257,[],0.3,3.666666666666667,/home/jan/development/ProsperOrPerishConstructor/mod/Prosper or Perish (Population Growth & Food Rework)/in_game/common/building_types/zz_pp_beer_workshop.txt,2,constructor,Prosper or Perish Constructor,REPLACE,"[{""file"":""/home/jan/development/ProsperOrPerishConstructor/mod/Prosper or Perish (Population Growth & Food Rework)/in_game/common/building_types/zz_pp_beer_workshop.txt"",""layer_id"":""constructor"",""layer_name"":""Prosper or Perish Constructor"",""line"":2,""mod_name"":""Prosper or Perish Constructor"",""mode"":""REPLACE""}]"
pp_beer_workshop_fruit_beer_workshop_maintenance,workshop_input,beer,1.1,"[""fruit"",""lumber"",""tools""]","[1.175,0.235,0.118]",false,,,inline,beer_workshop,beer_workshop:unique_production_methods:0,0,0.0,1.1,2.2,1.9697500000000001,0.23025000000000007,11.6893006726742,[],0.3,3.666666666666667,/home/jan/development/ProsperOrPerishConstructor/mod/Prosper or Perish (Population Growth & Food Rework)/in_game/common/building_types/zz_pp_beer_workshop.txt,2,constructor,Prosper or Perish Constructor,REPLACE,"[{""file"":""/home/jan/development/ProsperOrPerishConstructor/mod/Prosper or Perish (Population Growth & Food Rework)/in_game/common/building_types/zz_pp_beer_workshop.txt"",""layer_id"":""constructor"",""layer_name"":""Prosper or Perish Constructor"",""line"":2,""mod_name"":""Prosper or Perish Constructor"",""mode"":""REPLACE""}]"
pp_beer_workshop_maize_beer_workshop_maintenance,workshop_input,beer,1.1,"[""maize"",""pottery""]","[1.576,0.364]",false,,,inline,beer_workshop,beer_workshop:unique_production_methods:0,0,0.0,1.1,2.2,1.94,0.26000000000000023,13.402061855670116,[],0.3,3.666666666666667,/home/jan/development/ProsperOrPerishConstructor/mod/Prosper or Perish (Population Growth & Food Rework)/in_game/common/building_types/zz_pp_beer_workshop.txt,2,constructor,Prosper or Perish Constructor,REPLACE,"[{""file"":""/home/jan/development/ProsperOrPerishConstructor/mod/Prosper or Perish (Population Growth & Food Rework)/in_game/common/building_types/zz_pp_beer_workshop.txt"",""layer_id"":""constructor"",""layer_name"":""Prosper or Perish Constructor"",""line"":2,""mod_name"":""Prosper or Perish Constructor"",""mode"":""REPLACE""}]"
pp_beer_workshop_bavarian_beer_workshop_maintenance,workshop_input,beer,1.3,"[""wheat"",""lumber"",""tools""]","[1.47,0.267,0.134]",false,,,inline,beer_workshop,beer_workshop:unique_production_methods:0,0,0.0,1.3,2.6,2.37275,0.22725000000000017,9.577494468443797,[],0.3,4.333333333333334,/home/jan/development/ProsperOrPerishConstructor/mod/Prosper or Perish (Population Growth & Food Rework)/in_game/common/building_types/zz_pp_beer_workshop.txt,2,constructor,Prosper or Perish Constructor,REPLACE,"[{""file"":""/home/jan/development/ProsperOrPerishConstructor/mod/Prosper or Perish (Population Growth & Food Rework)/in_game/common/building_types/zz_pp_beer_workshop.txt"",""layer_id"":""constructor"",""layer_name"":""Prosper or Perish Constructor"",""line"":2,""mod_name"":""Prosper or Perish Constructor"",""mode"":""REPLACE""}]"
pp_beer_workshop_honey_beer_workshop_maintenance,workshop_input,beer,1.1,"[""beeswax"",""millet"",""lumber"",""tools""]","[0.294,0.588,0.235,0.118]",false,,,inline,beer_workshop,beer_workshop:unique_production_methods:0,0,0.0,1.1,2.2,1.97075,0.22925000000000018,11.632627172396305,[],0.3,3.666666666666667,/home/jan/development/ProsperOrPerishConstructor/mod/Prosper or Perish (Population Growth & Food Rework)/in_game/common/building_types/zz_pp_beer_workshop.txt,2,constructor,Prosper or Perish Constructor,REPLACE,"[{""file"":""/home/jan/development/ProsperOrPerishConstructor/mod/Prosper or Perish (Population Growth & Food Rework)/in_game/common/building_types/zz_pp_beer_workshop.txt"",""layer_id"":""constructor"",""layer_name"":""Prosper or Perish Constructor"",""line"":2,""mod_name"":""Prosper or Perish Constructor"",""mode"":""REPLACE""}]"
pp_beer_workshop_rice_beer_workshop_maintenance,workshop_input,beer,1.1,"[""rice"",""lumber"",""tools""]","[1.117,0.279,0.112]",false,,,inline,beer_workshop,beer_workshop:unique_production_methods:0,0,0.0,1.1,2.2,1.9692500000000002,0.23075,11.717659007236257,[],0.3,3.666666666666667,/home/jan/development/ProsperOrPerishConstructor/mod/Prosper or Perish (Population Growth & Food Rework)/in_game/common/building_types/zz_pp_beer_workshop.txt,2,constructor,Prosper or Perish Constructor,REPLACE,"[{""file"":""/home/jan/development/ProsperOrPerishConstructor/mod/Prosper or Perish (Population Growth & Food Rework)/in_game/common/building_types/zz_pp_beer_workshop.txt"",""layer_id"":""constructor"",""layer_name"":""Prosper or Perish Constructor"",""line"":2,""mod_name"":""Prosper or Perish Constructor"",""mode"":""REPLACE""}]"
pp_brewery_manufactory_brewery_manufactory_maintenance,manufactory_input,beer,2.0,"[""lumber"",""wheat"",""tools""]","[0.373,2.494,0.187]",false,,,inline,brewery_manufactory,brewery_manufactory:unique_production_methods:0,0,0.0,2.0,4.0,3.7545,0.24549999999999983,6.5388200825675815,[],0.3,6.666666666666667,/home/jan/development/ProsperOrPerishConstructor/mod/Prosper or Perish (Population Growth & Food Rework)/in_game/common/building_types/zz_pp_brewery_manufactory.txt,2,constructor,Prosper or Perish Constructor,REPLACE,"[{""file"":""/home/jan/development/ProsperOrPerishConstructor/mod/Prosper or Perish (Population Growth & Food Rework)/in_game/common/building_types/zz_pp_brewery_manufactory.txt"",""layer_id"":""constructor"",""layer_name"":""Prosper or Perish Constructor"",""line"":2,""mod_name"":""Prosper or Perish Constructor"",""mode"":""REPLACE""}]"
pp_brewery_mill_brewery_mill_maintenance,mills_input,beer,4.0,"[""lumber"",""wheat"",""tools""]","[0.642,5.622,0.321]",false,,,inline,brewery_mill,brewery_mill:unique_production_methods:0,0,0.0,4.0,8.0,7.78875,0.21124999999999972,2.7122452254854723,[],1.0,4.0,/home/jan/development/ProsperOrPerishConstructor/mod/Prosper or Perish (Population Growth & Food Rework)/in_game/common/building_types/zz_pp_brewery_mill.txt,2,constructor,Prosper or Perish Constructor,REPLACE,"[{""file"":""/home/jan/development/ProsperOrPerishConstructor/mod/Prosper or Perish (Population Growth & Food Rework)/in_game/common/building_types/zz_pp_brewery_mill.txt"",""layer_id"":""constructor"",""layer_name"":""Prosper or Perish Constructor"",""line"":2,""mod_name"":""Prosper or Perish Constructor"",""mode"":""REPLACE""}]"
pp_scriptorium_scriptorium_maintenance,guild_input,books,0.3,"[""dyes"",""paper"",""lumber""]","[0.054,0.213,0.107]",false,,,inline,scriptorium,scriptorium:unique_production_methods:0,0,0.0,0.3,0.8999999999999999,0.82925,0.07074999999999987,8.53180584865841,[],0.3,1.0,/home/jan/development/ProsperOrPerishConstructor/mod/Prosper or Perish (Population Growth & Food Rework)/in_game/common/building_types/zz_pp_scriptorium.txt,2,constructor,Prosper or Perish Constructor,REPLACE,"[{""file"":""/home/jan/development/ProsperOrPerishConstructor/mod/Prosper or Perish (Population Growth & Food Rework)/in_game/common/building_types/zz_pp_scriptorium.txt"",""layer_id"":""constructor"",""layer_name"":""Prosper or Perish Constructor"",""line"":2,""mod_name"":""Prosper or Perish Constructor"",""mode"":""REPLACE""}]"
pp_printing_press_shop_printing_press_maintenance,workshop_input,books,1.0,"[""lead"",""paper"",""tools"",""lumber""]","[0.239,0.835,0.03,0.298]",false,,,inline,printing_press_shop,printing_press_shop:unique_production_methods:0,0,0.0,1.0,3.0,2.767,0.2330000000000001,8.420672208167694,[],0.3,3.3333333333333335,/home/jan/development/ProsperOrPerishConstructor/mod/Prosper or Perish (Population Growth & Food Rework)/in_game/common/building_types/zz_pp_printing_press_shop.txt,2,constructor,Prosper or Perish Constructor,REPLACE,"[{""file"":""/home/jan/development/ProsperOrPerishConstructor/mod/Prosper or Perish (Population Growth & Food Rework)/in_game/common/building_types/zz_pp_printing_press_shop.txt"",""layer_id"":""constructor"",""layer_name"":""Prosper or Perish Constructor"",""line"":2,""mod_name"":""Prosper or Perish Constructor"",""mode"":""REPLACE""}]"
pp_printing_manufactory_printing_manufactory_maintenance,manufactory_input,books,2.0,"[""lead"",""paper"",""tools"",""lumber""]","[0.387,1.937,0.052,0.516]",false,,,inline,printing_manufactory,printing_manufactory:unique_production_methods:0,0,0.0,2.0,6.0,5.719999999999999,0.28000000000000114,4.895104895104916,[],0.3,6.666666666666667,/home/jan/development/ProsperOrPerishConstructor/mod/Prosper or Perish (Population Growth & Food Rework)/in_game/common/building_types/zz_pp_printing_manufactory.txt,2,constructor,Prosper or Perish Constructor,REPLACE,"[{""file"":""/home/jan/development/ProsperOrPerishConstructor/mod/Prosper or Perish (Population Growth & Food Rework)/in_game/common/building_types/zz_pp_printing_manufactory.txt"",""layer_id"":""constructor"",""layer_name"":""Prosper or Perish Constructor"",""line"":2,""mod_name"":""Prosper or Perish Constructor"",""mode"":""REPLACE""}]"
pp_printing_mill_printing_mill_maintenance,mills_input,books,4.0,"[""lead"",""paper"",""tools"",""lumber""]","[0.727,4.001,0.072,1.163]",false,,,inline,printing_mill,printing_mill:unique_production_methods:0,0,0.0,4.0,12.0,11.72525,0.27474999999999916,2.3432336197522368,[],1.0,4.0,/home/jan/development/ProsperOrPerishConstructor/mod/Prosper or Perish (Population Growth & Food Rework)/in_game/common/building_types/zz_pp_printing_mill.txt,2,constructor,Prosper or Perish Constructor,REPLACE,"[{""file"":""/home/jan/development/ProsperOrPerishConstructor/mod/Prosper or Perish (Population Growth & Food Rework)/in_game/common/building_types/zz_pp_printing_mill.txt"",""layer_id"":""constructor"",""layer_name"":""Prosper or Perish Constructor"",""line"":2,""mod_name"":""Prosper or Perish Constructor"",""mode"":""REPLACE""}]"
pp_cannon_maker_cannon_maker_lumber_maintenance,guild_input,cannons,0.1,"[""lumber"",""iron"",""tools""]","[0.107,0.04,0.017]",false,,,inline,cannon_maker,cannon_maker:unique_production_methods:0,0,0.0,0.1,0.4,0.38250000000000006,0.01749999999999996,4.575163398692799,[],0.3,0.33333333333333337,/home/jan/development/ProsperOrPerishConstructor/mod/Prosper or Perish (Population Growth & Food Rework)/in_game/common/building_types/zz_pp_cannon_maker.txt,2,constructor,Prosper or Perish Constructor,REPLACE,"[{""file"":""/home/jan/development/ProsperOrPerishConstructor/mod/Prosper or Perish (Population Growth & Food Rework)/in_game/common/building_types/zz_pp_cannon_maker.txt"",""layer_id"":""constructor"",""layer_name"":""Prosper or Perish Constructor"",""line"":2,""mod_name"":""Prosper or Perish Constructor"",""mode"":""REPLACE""}]"
pp_cannon_maker_cannon_maker_bronze_maintenance,guild_input,cannons,1.0,"[""copper"",""tin"",""tools""]","[0.619,0.124,0.619]",false,,,inline,cannon_maker,cannon_maker:unique_production_methods:0,0,0.0,1.0,4.0,4.11675,-0.11674999999999969,-2.83597498026355,[],0.3,3.3333333333333335,/home/jan/development/ProsperOrPerishConstructor/mod/Prosper or Perish (Population Growth & Food Rework)/in_game/common/building_types/zz_pp_cannon_maker.txt,2,constructor,Prosper or Perish Constructor,REPLACE,"[{""file"":""/home/jan/development/ProsperOrPerishConstructor/mod/Prosper or Perish (Population Growth & Food Rework)/in_game/common/building_types/zz_pp_cannon_maker.txt"",""layer_id"":""constructor"",""layer_name"":""Prosper or Perish Constructor"",""line"":2,""mod_name"":""Prosper or Perish Constructor"",""mode"":""REPLACE""}]"
pp_cannon_maker_cannon_maker_iron_maintenance,guild_input,cannons,1.0,"[""iron"",""tools""]","[0.66,0.55]",false,,,inline,cannon_maker,cannon_maker:unique_production_methods:0,0,0.0,1.0,4.0,4.0975,-0.09750000000000014,-2.37949969493594,[],0.3,3.3333333333333335,/home/jan/development/ProsperOrPerishConstructor/mod/Prosper or Perish (Population Growth & Food Rework)/in_game/common/building_types/zz_pp_cannon_maker.txt,2,constructor,Prosper or Perish Constructor,REPLACE,"[{""file"":""/home/jan/development/ProsperOrPerishConstructor/mod/Prosper or Perish (Population Growth & Food Rework)/in_game/common/building_types/zz_pp_cannon_maker.txt"",""layer_id"":""constructor"",""layer_name"":""Prosper or Perish Constructor"",""line"":2,""mod_name"":""Prosper or Perish Constructor"",""mode"":""REPLACE""}]"
pp_cannon_maker_cannon_maker_ammunition_stone_maintenance,guild_input,cannons,0.087,"[""stone"",""saltpeter""]","[0.104,0.104]",false,,,inline,cannon_maker,cannon_maker:unique_production_methods:1,1,0.0,0.087,0.348,0.312,0.035999999999999976,11.538461538461531,[],0.3,0.29,/home/jan/development/ProsperOrPerishConstructor/mod/Prosper or Perish (Population Growth & Food Rework)/in_game/common/building_types/zz_pp_cannon_maker.txt,2,constructor,Prosper or Perish Constructor,REPLACE,"[{""file"":""/home/jan/development/ProsperOrPerishConstructor/mod/Prosper or Perish (Population Growth & Food Rework)/in_game/common/building_types/zz_pp_cannon_maker.txt"",""layer_id"":""constructor"",""layer_name"":""Prosper or Perish Constructor"",""line"":2,""mod_name"":""Prosper or Perish Constructor"",""mode"":""REPLACE""}]"
pp_cannon_maker_cannon_maker_ammunition_lead_maintenance,guild_input,cannons,0.12,"[""lead"",""saltpeter""]","[0.111,0.111]",false,,,inline,cannon_maker,cannon_maker:unique_production_methods:1,1,0.0,0.12,0.48,0.444,0.035999999999999976,8.108108108108103,[],0.3,0.4,/home/jan/development/ProsperOrPerishConstructor/mod/Prosper or Perish (Population Growth & Food Rework)/in_game/common/building_types/zz_pp_cannon_maker.txt,2,constructor,Prosper or Perish Constructor,REPLACE,"[{""file"":""/home/jan/development/ProsperOrPerishConstructor/mod/Prosper or Perish (Population Growth & Food Rework)/in_game/common/building_types/zz_pp_cannon_maker.txt"",""layer_id"":""constructor"",""layer_name"":""Prosper or Perish Constructor"",""line"":2,""mod_name"":""Prosper or Perish Constructor"",""mode"":""REPLACE""}]"
pp_cannon_maker_cannon_maker_ammunition_iron_maintenance,guild_input,cannons,0.16,"[""iron"",""saltpeter""]","[0.11,0.11]",false,,,inline,cannon_maker,cannon_maker:unique_production_methods:1,1,0.0,0.16,0.64,0.605,0.03500000000000003,5.7851239669421535,[],0.3,0.5333333333333333,/home/jan/development/ProsperOrPerishConstructor/mod/Prosper or Perish (Population Growth & Food Rework)/in_game/common/building_types/zz_pp_cannon_maker.txt,2,constructor,Prosper or Perish Constructor,REPLACE,"[{""file"":""/home/jan/development/ProsperOrPerishConstructor/mod/Prosper or Perish (Population Growth & Food Rework)/in_game/common/building_types/zz_pp_cannon_maker.txt"",""layer_id"":""constructor"",""layer_name"":""Prosper or Perish Constructor"",""line"":2,""mod_name"":""Prosper or Perish Constructor"",""mode"":""REPLACE""}]"
pp_cannon_workshop_cannon_workshop_bronze_maintenance,workshop_input,cannons,1.1,"[""copper"",""tin"",""tools""]","[1.102,0.275,0.138]",false,,,inline,cannon_workshop,cannon_workshop:unique_production_methods:0,0,0.0,1.1,4.4,4.3045,0.09550000000000036,2.2186084330352043,[],0.3,3.666666666666667,/home/jan/development/ProsperOrPerishConstructor/mod/Prosper or Perish (Population Growth & Food Rework)/in_game/common/building_types/zz_pp_cannon_workshop.txt,2,constructor,Prosper or Perish Constructor,REPLACE,"[{""file"":""/home/jan/development/ProsperOrPerishConstructor/mod/Prosper or Perish (Population Growth & Food Rework)/in_game/common/building_types/zz_pp_cannon_workshop.txt"",""layer_id"":""constructor"",""layer_name"":""Prosper or Perish Constructor"",""line"":2,""mod_name"":""Prosper or Perish Constructor"",""mode"":""REPLACE""}]"
pp_cannon_workshop_cannon_workshop_iron_maintenance,workshop_input,cannons,1.1,"[""iron"",""tools""]","[1.114,0.124]",false,,,inline,cannon_workshop,cannon_workshop:unique_production_methods:0,0,0.0,1.1,4.4,4.3020000000000005,0.09799999999999986,2.2780102278010195,[],0.3,3.666666666666667,/home/jan/development/ProsperOrPerishConstructor/mod/Prosper or Perish (Population Growth & Food Rework)/in_game/common/building_types/zz_pp_cannon_workshop.txt,2,constructor,Prosper or Perish Constructor,REPLACE,"[{""file"":""/home/jan/development/ProsperOrPerishConstructor/mod/Prosper or Perish (Population Growth & Food Rework)/in_game/common/building_types/zz_pp_cannon_workshop.txt"",""layer_id"":""constructor"",""layer_name"":""Prosper or Perish Constructor"",""line"":2,""mod_name"":""Prosper or Perish Constructor"",""mode"":""REPLACE""}]"
pp_cannon_workshop_cannon_workshop_ammunition_stone_maintenance,workshop_input,cannons,0.1,"[""stone"",""saltpeter""]","[0.107,0.107]",false,,,inline,cannon_workshop,cannon_workshop:unique_production_methods:1,1,0.0,0.1,0.4,0.321,0.07900000000000001,24.61059190031153,[],0.3,0.33333333333333337,/home/jan/development/ProsperOrPerishConstructor/mod/Prosper or Perish (Population Growth & Food Rework)/in_game/common/building_types/zz_pp_cannon_workshop.txt,2,constructor,Prosper or Perish Constructor,REPLACE,"[{""file"":""/home/jan/development/ProsperOrPerishConstructor/mod/Prosper or Perish (Population Growth & Food Rework)/in_game/common/building_types/zz_pp_cannon_workshop.txt"",""layer_id"":""constructor"",""layer_name"":""Prosper or Perish Constructor"",""line"":2,""mod_name"":""Prosper or Perish Constructor"",""mode"":""REPLACE""}]"
pp_cannon_workshop_cannon_workshop_ammunition_lead_maintenance,workshop_input,cannons,0.15,"[""lead"",""saltpeter""]","[0.12,0.12]",false,,,inline,cannon_workshop,cannon_workshop:unique_production_methods:1,1,0.0,0.15,0.6,0.48,0.12,25.0,[],0.3,0.5,/home/jan/development/ProsperOrPerishConstructor/mod/Prosper or Perish (Population Growth & Food Rework)/in_game/common/building_types/zz_pp_cannon_workshop.txt,2,constructor,Prosper or Perish Constructor,REPLACE,"[{""file"":""/home/jan/development/ProsperOrPerishConstructor/mod/Prosper or Perish (Population Growth & Food Rework)/in_game/common/building_types/zz_pp_cannon_workshop.txt"",""layer_id"":""constructor"",""layer_name"":""Prosper or Perish Constructor"",""line"":2,""mod_name"":""Prosper or Perish Constructor"",""mode"":""REPLACE""}]"
pp_cannon_workshop_cannon_workshop_ammunition_iron_maintenance,workshop_input,cannons,0.2,"[""iron"",""saltpeter""]","[0.137,0.114]",false,,,inline,cannon_workshop,cannon_workshop:unique_production_methods:1,1,0.0,0.2,0.8,0.7075,0.09250000000000003,13.07420494699647,[],0.3,0.6666666666666667,/home/jan/development/ProsperOrPerishConstructor/mod/Prosper or Perish (Population Growth & Food Rework)/in_game/common/building_types/zz_pp_cannon_workshop.txt,2,constructor,Prosper or Perish Constructor,REPLACE,"[{""file"":""/home/jan/development/ProsperOrPerishConstructor/mod/Prosper or Perish (Population Growth & Food Rework)/in_game/common/building_types/zz_pp_cannon_workshop.txt"",""layer_id"":""constructor"",""layer_name"":""Prosper or Perish Constructor"",""line"":2,""mod_name"":""Prosper or Perish Constructor"",""mode"":""REPLACE""}]"
pp_cannon_foundry_cannon_foundry_maintenance,manufactory_input,cannons,2.0,"[""tools"",""lead"",""saltpeter"",""copper"",""tin""]","[0.642,0.482,0.803,0.803,0.401]",false,,,inline,cannon_foundry,cannon_foundry:unique_production_methods:0,0,0.0,2.0,8.0,7.8675,0.13250000000000028,1.6841436288528795,[],0.3,6.666666666666667,/home/jan/development/ProsperOrPerishConstructor/mod/Prosper or Perish (Population Growth & Food Rework)/in_game/common/building_types/zz_pp_cannon_foundry.txt,2,constructor,Prosper or Perish Constructor,REPLACE,"[{""file"":""/home/jan/development/ProsperOrPerishConstructor/mod/Prosper or Perish (Population Growth & Food Rework)/in_game/common/building_types/zz_pp_cannon_foundry.txt"",""layer_id"":""constructor"",""layer_name"":""Prosper or Perish Constructor"",""line"":2,""mod_name"":""Prosper or Perish Constructor"",""mode"":""REPLACE""}]"
pp_cannons_factory_gun_factory_maintenance,mills_input,cannons,4.0,"[""steel"",""lead"",""saltpeter""]","[2.589,0.518,0.864]",false,,,inline,cannons_factory,cannons_factory:unique_production_methods:0,0,0.0,4.0,16.0,15.709,0.29100000000000037,1.8524412757018291,[],1.0,4.0,/home/jan/development/ProsperOrPerishConstructor/mod/Prosper or Perish (Population Growth & Food Rework)/in_game/common/building_types/zz_pp_cannons_factory.txt,2,constructor,Prosper or Perish Constructor,REPLACE,"[{""file"":""/home/jan/development/ProsperOrPerishConstructor/mod/Prosper or Perish (Population Growth & Food Rework)/in_game/common/building_types/zz_pp_cannons_factory.txt"",""layer_id"":""constructor"",""layer_name"":""Prosper or Perish Constructor"",""line"":2,""mod_name"":""Prosper or Perish Constructor"",""mode"":""REPLACE""}]"
pp_cloth_guild_cotton_cloth_guild_maintenance,guild_input,cloth,1.0,"[""cotton""]",[0.976],false,,,inline,cloth_guild,cloth_guild:unique_production_methods:0,0,0.0,1.0,3.0,2.928,0.07200000000000006,2.4590163934426252,[],0.3,3.3333333333333335,/home/jan/development/ProsperOrPerishConstructor/mod/Prosper or Perish (Population Growth & Food Rework)/in_game/common/building_types/zz_pp_cloth_guild.txt,2,constructor,Prosper or Perish Constructor,REPLACE,"[{""file"":""/home/jan/development/ProsperOrPerishConstructor/mod/Prosper or Perish (Population Growth & Food Rework)/in_game/common/building_types/zz_pp_cloth_guild.txt"",""layer_id"":""constructor"",""layer_name"":""Prosper or Perish Constructor"",""line"":2,""mod_name"":""Prosper or Perish Constructor"",""mode"":""REPLACE""}]"
pp_cloth_guild_wool_cloth_guild_maintenance,guild_input,cloth,1.0,"[""wool""]",[1.171],false,,,inline,cloth_guild,cloth_guild:unique_production_methods:0,0,0.0,1.0,3.0,2.9275,0.07249999999999979,2.4765157984628448,[],0.3,3.3333333333333335,/home/jan/development/ProsperOrPerishConstructor/mod/Prosper or Perish (Population Growth & Food Rework)/in_game/common/building_types/zz_pp_cloth_guild.txt,2,constructor,Prosper or Perish Constructor,REPLACE,"[{""file"":""/home/jan/development/ProsperOrPerishConstructor/mod/Prosper or Perish (Population Growth & Food Rework)/in_game/common/building_types/zz_pp_cloth_guild.txt"",""layer_id"":""constructor"",""layer_name"":""Prosper or Perish Constructor"",""line"":2,""mod_name"":""Prosper or Perish Constructor"",""mode"":""REPLACE""}]"
pp_cloth_guild_fiber_crops_cloth_guild_maintenance,guild_input,cloth,0.8,"[""fiber_crops""]",[1.164],false,,,inline,cloth_guild,cloth_guild:unique_production_methods:0,0,0.0,0.8,2.4000000000000004,2.328,0.07200000000000051,3.092783505154661,[],0.3,2.666666666666667,/home/jan/development/ProsperOrPerishConstructor/mod/Prosper or Perish (Population Growth & Food Rework)/in_game/common/building_types/zz_pp_cloth_guild.txt,2,constructor,Prosper or Perish Constructor,REPLACE,"[{""file"":""/home/jan/development/ProsperOrPerishConstructor/mod/Prosper or Perish (Population Growth & Food Rework)/in_game/common/building_types/zz_pp_cloth_guild.txt"",""layer_id"":""constructor"",""layer_name"":""Prosper or Perish Constructor"",""line"":2,""mod_name"":""Prosper or Perish Constructor"",""mode"":""REPLACE""}]"
pp_cloth_workshop_cotton_cloth_workshop_maintenance,workshop_input,cloth,1.1,"[""cotton""]",[1.013],false,,,inline,cloth_workshop,cloth_workshop:unique_production_methods:0,0,0.0,1.1,3.3000000000000003,3.0389999999999997,0.26100000000000056,8.588351431391924,[],0.3,3.666666666666667,/home/jan/development/ProsperOrPerishConstructor/mod/Prosper or Perish (Population Growth & Food Rework)/in_game/common/building_types/zz_pp_cloth_workshop.txt,2,constructor,Prosper or Perish Constructor,REPLACE,"[{""file"":""/home/jan/development/ProsperOrPerishConstructor/mod/Prosper or Perish (Population Growth & Food Rework)/in_game/common/building_types/zz_pp_cloth_workshop.txt"",""layer_id"":""constructor"",""layer_name"":""Prosper or Perish Constructor"",""line"":2,""mod_name"":""Prosper or Perish Constructor"",""mode"":""REPLACE""}]"
pp_cloth_workshop_wool_cloth_workshop_maintenance,workshop_input,cloth,1.1,"[""wool""]",[1.216],false,,,inline,cloth_workshop,cloth_workshop:unique_production_methods:0,0,0.0,1.1,3.3000000000000003,3.04,0.26000000000000023,8.552631578947375,[],0.3,3.666666666666667,/home/jan/development/ProsperOrPerishConstructor/mod/Prosper or Perish (Population Growth & Food Rework)/in_game/common/building_types/zz_pp_cloth_workshop.txt,2,constructor,Prosper or Perish Constructor,REPLACE,"[{""file"":""/home/jan/development/ProsperOrPerishConstructor/mod/Prosper or Perish (Population Growth & Food Rework)/in_game/common/building_types/zz_pp_cloth_workshop.txt"",""layer_id"":""constructor"",""layer_name"":""Prosper or Perish Constructor"",""line"":2,""mod_name"":""Prosper or Perish Constructor"",""mode"":""REPLACE""}]"
pp_cloth_workshop_fiber_crops_cloth_workshop_maintenance,workshop_input,cloth,0.9,"[""fiber_crops""]",[1.22],false,,,inline,cloth_workshop,cloth_workshop:unique_production_methods:0,0,0.0,0.9,2.7,2.44,0.26000000000000023,10.655737704918042,[],0.3,3.0,/home/jan/development/ProsperOrPerishConstructor/mod/Prosper or Perish (Population Growth & Food Rework)/in_game/common/building_types/zz_pp_cloth_workshop.txt,2,constructor,Prosper or Perish Constructor,REPLACE,"[{""file"":""/home/jan/development/ProsperOrPerishConstructor/mod/Prosper or Perish (Population Growth & Food Rework)/in_game/common/building_types/zz_pp_cloth_workshop.txt"",""layer_id"":""constructor"",""layer_name"":""Prosper or Perish Constructor"",""line"":2,""mod_name"":""Prosper or Perish Constructor"",""mode"":""REPLACE""}]"
pp_cloth_manufactory_wool_cloth_manufactory_maintenance,guild_input,cloth,2.0,"[""wool"",""dyes""]","[1.99,0.183]",false,,,inline,cloth_manufactory,cloth_manufactory:unique_production_methods:0,0,0.0,2.0,6.0,5.707,0.29300000000000015,5.134045908533383,[],0.3,6.666666666666667,/home/jan/development/ProsperOrPerishConstructor/mod/Prosper or Perish (Population Growth & Food Rework)/in_game/common/building_types/zz_pp_cloth_manufactory.txt,2,constructor,Prosper or Perish Constructor,REPLACE,"[{""file"":""/home/jan/development/ProsperOrPerishConstructor/mod/Prosper or Perish (Population Growth & Food Rework)/in_game/common/building_types/zz_pp_cloth_manufactory.txt"",""layer_id"":""constructor"",""layer_name"":""Prosper or Perish Constructor"",""line"":2,""mod_name"":""Prosper or Perish Constructor"",""mode"":""REPLACE""}]"
pp_cloth_manufactory_cotton_cloth_manufactory_maintenance,guild_input,cloth,2.0,"[""cotton"",""dyes""]","[1.659,0.183]",false,,,inline,cloth_manufactory,cloth_manufactory:unique_production_methods:0,0,0.0,2.0,6.0,5.7090000000000005,0.2909999999999995,5.0972149238045095,[],0.3,6.666666666666667,/home/jan/development/ProsperOrPerishConstructor/mod/Prosper or Perish (Population Growth & Food Rework)/in_game/common/building_types/zz_pp_cloth_manufactory.txt,2,constructor,Prosper or Perish Constructor,REPLACE,"[{""file"":""/home/jan/development/ProsperOrPerishConstructor/mod/Prosper or Perish (Population Growth & Food Rework)/in_game/common/building_types/zz_pp_cloth_manufactory.txt"",""layer_id"":""constructor"",""layer_name"":""Prosper or Perish Constructor"",""line"":2,""mod_name"":""Prosper or Perish Constructor"",""mode"":""REPLACE""}]"
pp_cloth_manufactory_fiber_crops_cloth_manufactory_maintenance,guild_input,cloth,2.0,"[""fiber_crops"",""dyes""]","[2.704,0.075]",false,,,inline,cloth_manufactory,cloth_manufactory:unique_production_methods:0,0,0.0,2.0,6.0,5.708,0.2919999999999998,5.1156271899088965,[],0.3,6.666666666666667,/home/jan/development/ProsperOrPerishConstructor/mod/Prosper or Perish (Population Growth & Food Rework)/in_game/common/building_types/zz_pp_cloth_manufactory.txt,2,constructor,Prosper or Perish Constructor,REPLACE,"[{""file"":""/home/jan/development/ProsperOrPerishConstructor/mod/Prosper or Perish (Population Growth & Food Rework)/in_game/common/building_types/zz_pp_cloth_manufactory.txt"",""layer_id"":""constructor"",""layer_name"":""Prosper or Perish Constructor"",""line"":2,""mod_name"":""Prosper or Perish Constructor"",""mode"":""REPLACE""}]"
pp_textile_mill_cotton_mill_maintenance,mills_input,cloth,3.0,"[""cotton"",""dyes""]","[2.464,0.329]",false,,,inline,textile_mill,textile_mill:unique_production_methods:0,0,0.0,3.0,9.0,8.708,0.2919999999999998,3.353238401469911,[],1.0,3.0,/home/jan/development/ProsperOrPerishConstructor/mod/Prosper or Perish (Population Growth & Food Rework)/in_game/common/building_types/zz_pp_textile_mill.txt,2,constructor,Prosper or Perish Constructor,REPLACE,"[{""file"":""/home/jan/development/ProsperOrPerishConstructor/mod/Prosper or Perish (Population Growth & Food Rework)/in_game/common/building_types/zz_pp_textile_mill.txt"",""layer_id"":""constructor"",""layer_name"":""Prosper or Perish Constructor"",""line"":2,""mod_name"":""Prosper or Perish Constructor"",""mode"":""REPLACE""}]"
pp_textile_mill_wool_mill_maintenance,mills_input,cloth,2.5,"[""wool"",""dyes""]","[2.376,0.317]",false,,,inline,textile_mill,textile_mill:unique_production_methods:0,0,0.0,2.5,7.5,7.207999999999999,0.2920000000000007,4.051054384017768,[],1.0,2.5,/home/jan/development/ProsperOrPerishConstructor/mod/Prosper or Perish (Population Growth & Food Rework)/in_game/common/building_types/zz_pp_textile_mill.txt,2,constructor,Prosper or Perish Constructor,REPLACE,"[{""file"":""/home/jan/development/ProsperOrPerishConstructor/mod/Prosper or Perish (Population Growth & Food Rework)/in_game/common/building_types/zz_pp_textile_mill.txt"",""layer_id"":""constructor"",""layer_name"":""Prosper or Perish Constructor"",""line"":2,""mod_name"":""Prosper or Perish Constructor"",""mode"":""REPLACE""}]"
pp_textile_mill_fiber_crops_mill_maintenance,mills_input,cloth,2.5,"[""fiber_crops"",""dyes""]","[3.004,0.3]",false,,,inline,textile_mill,textile_mill:unique_production_methods:0,0,0.0,2.5,7.5,7.208,0.2919999999999998,4.051054384017756,[],1.0,2.5,/home/jan/development/ProsperOrPerishConstructor/mod/Prosper or Perish (Population Growth & Food Rework)/in_game/common/building_types/zz_pp_textile_mill.txt,2,constructor,Prosper or Perish Constructor,REPLACE,"[{""file"":""/home/jan/development/ProsperOrPerishConstructor/mod/Prosper or Perish (Population Growth & Food Rework)/in_game/common/building_types/zz_pp_textile_mill.txt"",""layer_id"":""constructor"",""layer_name"":""Prosper or Perish Constructor"",""line"":2,""mod_name"":""Prosper or Perish Constructor"",""mode"":""REPLACE""}]"
pp_dyes_guild_dyes_guild_maintenance,guild_input,dyes,0.2,"[""lumber""]",[0.444],false,,,inline,dyes_guild,dyes_guild:unique_production_methods:0,0,0.0,0.2,0.8,0.777,0.02300000000000002,2.9601029601029625,[],0.3,0.6666666666666667,/home/jan/development/ProsperOrPerishConstructor/mod/Prosper or Perish (Population Growth & Food Rework)/in_game/common/building_types/zz_pp_dyes_guild.txt,2,constructor,Prosper or Perish Constructor,REPLACE,"[{""file"":""/home/jan/development/ProsperOrPerishConstructor/mod/Prosper or Perish (Population Growth & Food Rework)/in_game/common/building_types/zz_pp_dyes_guild.txt"",""layer_id"":""constructor"",""layer_name"":""Prosper or Perish Constructor"",""line"":2,""mod_name"":""Prosper or Perish Constructor"",""mode"":""REPLACE""}]"
pp_dyes_guild_alum_dyes_guild_maintenance,guild_input,dyes,0.3,"[""alum"",""lumber""]","[0.021,0.625]",false,,,inline,dyes_guild,dyes_guild:unique_production_methods:0,0,0.0,0.3,1.2,1.15675,0.04325000000000001,3.7389237086665235,[],0.3,1.0,/home/jan/development/ProsperOrPerishConstructor/mod/Prosper or Perish (Population Growth & Food Rework)/in_game/common/building_types/zz_pp_dyes_guild.txt,2,constructor,Prosper or Perish Constructor,REPLACE,"[{""file"":""/home/jan/development/ProsperOrPerishConstructor/mod/Prosper or Perish (Population Growth & Food Rework)/in_game/common/building_types/zz_pp_dyes_guild.txt"",""layer_id"":""constructor"",""layer_name"":""Prosper or Perish Constructor"",""line"":2,""mod_name"":""Prosper or Perish Constructor"",""mode"":""REPLACE""}]"
pp_dyes_workshop_dyes_workshop_maintenance,workshop_input,dyes,0.4,"[""alum"",""lumber""]","[0.061,0.731]",false,,,inline,dyes_workshop,dyes_workshop:unique_production_methods:0,0,0.0,0.4,1.6,1.46225,0.13775000000000004,9.420413745939479,[],0.3,1.3333333333333335,/home/jan/development/ProsperOrPerishConstructor/mod/Prosper or Perish (Population Growth & Food Rework)/in_game/common/building_types/zz_pp_dyes_workshop.txt,2,constructor,Prosper or Perish Constructor,REPLACE,"[{""file"":""/home/jan/development/ProsperOrPerishConstructor/mod/Prosper or Perish (Population Growth & Food Rework)/in_game/common/building_types/zz_pp_dyes_workshop.txt"",""layer_id"":""constructor"",""layer_name"":""Prosper or Perish Constructor"",""line"":2,""mod_name"":""Prosper or Perish Constructor"",""mode"":""REPLACE""}]"
pp_dyesworks_dyesworks_maintenance,workshop_input,dyes,2.0,"[""alum"",""lumber""]","[0.364,3.781]",false,,,inline,dyesworks,dyesworks:unique_production_methods:0,0,0.0,2.0,8.0,7.70875,0.2912499999999998,3.7781741527484973,[],0.3,6.666666666666667,/home/jan/development/ProsperOrPerishConstructor/mod/Prosper or Perish (Population Growth & Food Rework)/in_game/common/building_types/zz_pp_dyesworks.txt,2,constructor,Prosper or Perish Constructor,REPLACE,"[{""file"":""/home/jan/development/ProsperOrPerishConstructor/mod/Prosper or Perish (Population Growth & Food Rework)/in_game/common/building_types/zz_pp_dyesworks.txt"",""layer_id"":""constructor"",""layer_name"":""Prosper or Perish Constructor"",""line"":2,""mod_name"":""Prosper or Perish Constructor"",""mode"":""REPLACE""}]"
pp_dyes_mill_dyesmill_maintenance,guild_input,dyes,4.0,"[""alum"",""lumber""]","[0.413,8.268]",false,,,inline,dyes_mill,dyes_mill:unique_production_methods:0,0,0.0,4.0,16.0,15.708000000000002,0.29199999999999804,1.8589253883371404,[],1.0,4.0,/home/jan/development/ProsperOrPerishConstructor/mod/Prosper or Perish (Population Growth & Food Rework)/in_game/common/building_types/zz_pp_dyes_mill.txt,2,constructor,Prosper or Perish Constructor,REPLACE,"[{""file"":""/home/jan/development/ProsperOrPerishConstructor/mod/Prosper or Perish (Population Growth & Food Rework)/in_game/common/building_types/zz_pp_dyes_mill.txt"",""layer_id"":""constructor"",""layer_name"":""Prosper or Perish Constructor"",""line"":2,""mod_name"":""Prosper or Perish Constructor"",""mode"":""REPLACE""}]"
pp_fine_cloth_guild_fine_cloth_guild_maintenance,guild_input,fine_cloth,0.5,"[""cloth""]",[0.988],false,,,inline,fine_cloth_guild,fine_cloth_guild:unique_production_methods:0,0,0.0,0.5,3.0,2.964,0.03600000000000003,1.2145748987854261,[],0.3,1.6666666666666667,/home/jan/development/ProsperOrPerishConstructor/mod/Prosper or Perish (Population Growth & Food Rework)/in_game/common/building_types/zz_pp_fine_cloth_guild.txt,2,constructor,Prosper or Perish Constructor,REPLACE,"[{""file"":""/home/jan/development/ProsperOrPerishConstructor/mod/Prosper or Perish (Population Growth & Food Rework)/in_game/common/building_types/zz_pp_fine_cloth_guild.txt"",""layer_id"":""constructor"",""layer_name"":""Prosper or Perish Constructor"",""line"":2,""mod_name"":""Prosper or Perish Constructor"",""mode"":""REPLACE""}]"
pp_fine_cloth_guild_wool_weavers_maintenance,guild_input,fine_cloth,0.5,"[""wool""]",[1.186],false,,,inline,fine_cloth_guild,fine_cloth_guild:unique_production_methods:0,0,0.0,0.5,3.0,2.965,0.03500000000000014,1.1804384485666153,[],0.3,1.6666666666666667,/home/jan/development/ProsperOrPerishConstructor/mod/Prosper or Perish (Population Growth & Food Rework)/in_game/common/building_types/zz_pp_fine_cloth_guild.txt,2,constructor,Prosper or Perish Constructor,REPLACE,"[{""file"":""/home/jan/development/ProsperOrPerishConstructor/mod/Prosper or Perish (Population Growth & Food Rework)/in_game/common/building_types/zz_pp_fine_cloth_guild.txt"",""layer_id"":""constructor"",""layer_name"":""Prosper or Perish Constructor"",""line"":2,""mod_name"":""Prosper or Perish Constructor"",""mode"":""REPLACE""}]"
pp_fine_cloth_guild_silk_weavers_maintenance,guild_input,fine_cloth,0.7,"[""silk""]",[1.041],false,,,inline,fine_cloth_guild,fine_cloth_guild:unique_production_methods:0,0,0.0,0.7,4.199999999999999,4.164,0.03599999999999959,0.8645533141210276,[],0.3,2.3333333333333335,/home/jan/development/ProsperOrPerishConstructor/mod/Prosper or Perish (Population Growth & Food Rework)/in_game/common/building_types/zz_pp_fine_cloth_guild.txt,2,constructor,Prosper or Perish Constructor,REPLACE,"[{""file"":""/home/jan/development/ProsperOrPerishConstructor/mod/Prosper or Perish (Population Growth & Food Rework)/in_game/common/building_types/zz_pp_fine_cloth_guild.txt"",""layer_id"":""constructor"",""layer_name"":""Prosper or Perish Constructor"",""line"":2,""mod_name"":""Prosper or Perish Constructor"",""mode"":""REPLACE""}]"
pp_fine_cloth_guild_spanish_cloth_maintenance,guild_input,fine_cloth,0.5,"[""wool""]",[1.186],false,,,inline,fine_cloth_guild,fine_cloth_guild:unique_production_methods:0,0,0.0,0.5,3.0,2.965,0.03500000000000014,1.1804384485666153,[],0.3,1.6666666666666667,/home/jan/development/ProsperOrPerishConstructor/mod/Prosper or Perish (Population Growth & Food Rework)/in_game/common/building_types/zz_pp_fine_cloth_guild.txt,2,constructor,Prosper or Perish Constructor,REPLACE,"[{""file"":""/home/jan/development/ProsperOrPerishConstructor/mod/Prosper or Perish (Population Growth & Food Rework)/in_game/common/building_types/zz_pp_fine_cloth_guild.txt"",""layer_id"":""constructor"",""layer_name"":""Prosper or Perish Constructor"",""line"":2,""mod_name"":""Prosper or Perish Constructor"",""mode"":""REPLACE""}]"
pp_fine_cloth_guild_standard_fine_cloth_guild_maintenance,guild_input,fine_cloth,0.1,"[""dyes""]",[0.141],false,,,inline,fine_cloth_guild,fine_cloth_guild:unique_production_methods:1,1,0.0,0.1,0.6000000000000001,0.564,0.03600000000000014,6.382978723404281,[],0.3,0.33333333333333337,/home/jan/development/ProsperOrPerishConstructor/mod/Prosper or Perish (Population Growth & Food Rework)/in_game/common/building_types/zz_pp_fine_cloth_guild.txt,2,constructor,Prosper or Perish Constructor,REPLACE,"[{""file"":""/home/jan/development/ProsperOrPerishConstructor/mod/Prosper or Perish (Population Growth & Food Rework)/in_game/common/building_types/zz_pp_fine_cloth_guild.txt"",""layer_id"":""constructor"",""layer_name"":""Prosper or Perish Constructor"",""line"":2,""mod_name"":""Prosper or Perish Constructor"",""mode"":""REPLACE""}]"
pp_fine_cloth_guild_alum_fine_cloth_guild_maintenance,guild_input,fine_cloth,0.2,"[""alum"",""dyes""]","[0.061,0.245]",false,,,inline,fine_cloth_guild,fine_cloth_guild:unique_production_methods:1,1,0.0,0.2,1.2000000000000002,1.163,0.037000000000000144,3.181427343078258,[],0.3,0.6666666666666667,/home/jan/development/ProsperOrPerishConstructor/mod/Prosper or Perish (Population Growth & Food Rework)/in_game/common/building_types/zz_pp_fine_cloth_guild.txt,2,constructor,Prosper or Perish Constructor,REPLACE,"[{""file"":""/home/jan/development/ProsperOrPerishConstructor/mod/Prosper or Perish (Population Growth & Food Rework)/in_game/common/building_types/zz_pp_fine_cloth_guild.txt"",""layer_id"":""constructor"",""layer_name"":""Prosper or Perish Constructor"",""line"":2,""mod_name"":""Prosper or Perish Constructor"",""mode"":""REPLACE""}]"
pp_fine_cloth_guild_fur_trim_guild_maintenance,guild_input,fine_cloth,0.2,"[""fur""]",[0.582],false,,,inline,fine_cloth_guild,fine_cloth_guild:unique_production_methods:1,1,0.0,0.2,1.2000000000000002,1.164,0.036000000000000254,3.092783505154661,[],0.3,0.6666666666666667,/home/jan/development/ProsperOrPerishConstructor/mod/Prosper or Perish (Population Growth & Food Rework)/in_game/common/building_types/zz_pp_fine_cloth_guild.txt,2,constructor,Prosper or Perish Constructor,REPLACE,"[{""file"":""/home/jan/development/ProsperOrPerishConstructor/mod/Prosper or Perish (Population Growth & Food Rework)/in_game/common/building_types/zz_pp_fine_cloth_guild.txt"",""layer_id"":""constructor"",""layer_name"":""Prosper or Perish Constructor"",""line"":2,""mod_name"":""Prosper or Perish Constructor"",""mode"":""REPLACE""}]"
pp_fine_cloth_workshop_fine_cloth_workshop_maintenance,workshop_input,fine_cloth,0.6,"[""cloth""]",[1.157],false,,,inline,fine_cloth_workshop,fine_cloth_workshop:unique_production_methods:0,0,0.0,0.6,3.5999999999999996,3.471,0.12899999999999956,3.716508210890221,[],0.3,2.0,/home/jan/development/ProsperOrPerishConstructor/mod/Prosper or Perish (Population Growth & Food Rework)/in_game/common/building_types/zz_pp_fine_cloth_workshop.txt,2,constructor,Prosper or Perish Constructor,REPLACE,"[{""file"":""/home/jan/development/ProsperOrPerishConstructor/mod/Prosper or Perish (Population Growth & Food Rework)/in_game/common/building_types/zz_pp_fine_cloth_workshop.txt"",""layer_id"":""constructor"",""layer_name"":""Prosper or Perish Constructor"",""line"":2,""mod_name"":""Prosper or Perish Constructor"",""mode"":""REPLACE""}]"
pp_fine_cloth_workshop_wool_weavers_workshop_maintenance,workshop_input,fine_cloth,0.6,"[""wool""]",[1.388],false,,,inline,fine_cloth_workshop,fine_cloth_workshop:unique_production_methods:0,0,0.0,0.6,3.5999999999999996,3.4699999999999998,0.1299999999999999,3.7463976945244926,[],0.3,2.0,/home/jan/development/ProsperOrPerishConstructor/mod/Prosper or Perish (Population Growth & Food Rework)/in_game/common/building_types/zz_pp_fine_cloth_workshop.txt,2,constructor,Prosper or Perish Constructor,REPLACE,"[{""file"":""/home/jan/development/ProsperOrPerishConstructor/mod/Prosper or Perish (Population Growth & Food Rework)/in_game/common/building_types/zz_pp_fine_cloth_workshop.txt"",""layer_id"":""constructor"",""layer_name"":""Prosper or Perish Constructor"",""line"":2,""mod_name"":""Prosper or Perish Constructor"",""mode"":""REPLACE""}]"
pp_fine_cloth_workshop_silk_weavers_workshop_maintenance,workshop_input,fine_cloth,0.8,"[""silk""]",[1.168],false,,,inline,fine_cloth_workshop,fine_cloth_workshop:unique_production_methods:0,0,0.0,0.8,4.800000000000001,4.672,0.128000000000001,2.739726027397282,[],0.3,2.666666666666667,/home/jan/development/ProsperOrPerishConstructor/mod/Prosper or Perish (Population Growth & Food Rework)/in_game/common/building_types/zz_pp_fine_cloth_workshop.txt,2,constructor,Prosper or Perish Constructor,REPLACE,"[{""file"":""/home/jan/development/ProsperOrPerishConstructor/mod/Prosper or Perish (Population Growth & Food Rework)/in_game/common/building_types/zz_pp_fine_cloth_workshop.txt"",""layer_id"":""constructor"",""layer_name"":""Prosper or Perish Constructor"",""line"":2,""mod_name"":""Prosper or Perish Constructor"",""mode"":""REPLACE""}]"
pp_fine_cloth_workshop_spanish_cloth_workshop_maintenance,workshop_input,fine_cloth,0.6,"[""wool""]",[1.388],false,,,inline,fine_cloth_workshop,fine_cloth_workshop:unique_production_methods:0,0,0.0,0.6,3.5999999999999996,3.4699999999999998,0.1299999999999999,3.7463976945244926,[],0.3,2.0,/home/jan/development/ProsperOrPerishConstructor/mod/Prosper or Perish (Population Growth & Food Rework)/in_game/common/building_types/zz_pp_fine_cloth_workshop.txt,2,constructor,Prosper or Perish Constructor,REPLACE,"[{""file"":""/home/jan/development/ProsperOrPerishConstructor/mod/Prosper or Perish (Population Growth & Food Rework)/in_game/common/building_types/zz_pp_fine_cloth_workshop.txt"",""layer_id"":""constructor"",""layer_name"":""Prosper or Perish Constructor"",""line"":2,""mod_name"":""Prosper or Perish Constructor"",""mode"":""REPLACE""}]"
pp_fine_cloth_workshop_standard_fine_cloth_workshop_maintenance,workshop_input,fine_cloth,0.12,"[""dyes""]",[0.148],false,,,inline,fine_cloth_workshop,fine_cloth_workshop:unique_production_methods:1,1,0.0,0.12,0.72,0.592,0.128,21.62162162162162,[],0.3,0.4,/home/jan/development/ProsperOrPerishConstructor/mod/Prosper or Perish (Population Growth & Food Rework)/in_game/common/building_types/zz_pp_fine_cloth_workshop.txt,2,constructor,Prosper or Perish Constructor,REPLACE,"[{""file"":""/home/jan/development/ProsperOrPerishConstructor/mod/Prosper or Perish (Population Growth & Food Rework)/in_game/common/building_types/zz_pp_fine_cloth_workshop.txt"",""layer_id"":""constructor"",""layer_name"":""Prosper or Perish Constructor"",""line"":2,""mod_name"":""Prosper or Perish Constructor"",""mode"":""REPLACE""}]"
pp_fine_cloth_workshop_alum_fine_cloth_workshop_maintenance,workshop_input,fine_cloth,0.25,"[""alum"",""dyes""]","[0.066,0.293]",false,,,inline,fine_cloth_workshop,fine_cloth_workshop:unique_production_methods:1,1,0.0,0.25,1.5,1.3699999999999999,0.13000000000000012,9.48905109489052,[],0.3,0.8333333333333334,/home/jan/development/ProsperOrPerishConstructor/mod/Prosper or Perish (Population Growth & Food Rework)/in_game/common/building_types/zz_pp_fine_cloth_workshop.txt,2,constructor,Prosper or Perish Constructor,REPLACE,"[{""file"":""/home/jan/development/ProsperOrPerishConstructor/mod/Prosper or Perish (Population Growth & Food Rework)/in_game/common/building_types/zz_pp_fine_cloth_workshop.txt"",""layer_id"":""constructor"",""layer_name"":""Prosper or Perish Constructor"",""line"":2,""mod_name"":""Prosper or Perish Constructor"",""mode"":""REPLACE""}]"
pp_fine_cloth_workshop_fur_trim_workshop_maintenance,workshop_input,fine_cloth,0.25,"[""fur""]",[0.685],false,,,inline,fine_cloth_workshop,fine_cloth_workshop:unique_production_methods:1,1,0.0,0.25,1.5,1.37,0.1299999999999999,9.489051094890502,[],0.3,0.8333333333333334,/home/jan/development/ProsperOrPerishConstructor/mod/Prosper or Perish (Population Growth & Food Rework)/in_game/common/building_types/zz_pp_fine_cloth_workshop.txt,2,constructor,Prosper or Perish Constructor,REPLACE,"[{""file"":""/home/jan/development/ProsperOrPerishConstructor/mod/Prosper or Perish (Population Growth & Food Rework)/in_game/common/building_types/zz_pp_fine_cloth_workshop.txt"",""layer_id"":""constructor"",""layer_name"":""Prosper or Perish Constructor"",""line"":2,""mod_name"":""Prosper or Perish Constructor"",""mode"":""REPLACE""}]"
pp_fine_cloth_manufactory_silk_cloth_manufactory_maintenance,manufactory_input,fine_cloth,2.0,"[""silk""]",[2.963],false,,,inline,fine_cloth_manufactory,fine_cloth_manufactory:unique_production_methods:0,0,0.0,2.0,12.0,11.852,0.1479999999999997,1.248734390820112,[],0.3,6.666666666666667,/home/jan/development/ProsperOrPerishConstructor/mod/Prosper or Perish (Population Growth & Food Rework)/in_game/common/building_types/zz_pp_fine_cloth_manufactory.txt,2,constructor,Prosper or Perish Constructor,REPLACE,"[{""file"":""/home/jan/development/ProsperOrPerishConstructor/mod/Prosper or Perish (Population Growth & Food Rework)/in_game/common/building_types/zz_pp_fine_cloth_manufactory.txt"",""layer_id"":""constructor"",""layer_name"":""Prosper or Perish Constructor"",""line"":2,""mod_name"":""Prosper or Perish Constructor"",""mode"":""REPLACE""}]"
pp_fine_cloth_manufactory_fine_cloth_manufactory_maintenance,manufactory_input,fine_cloth,2.0,"[""cloth""]",[3.951],false,,,inline,fine_cloth_manufactory,fine_cloth_manufactory:unique_production_methods:0,0,0.0,2.0,12.0,11.853,0.14700000000000024,1.240192356365479,[],0.3,6.666666666666667,/home/jan/development/ProsperOrPerishConstructor/mod/Prosper or Perish (Population Growth & Food Rework)/in_game/common/building_types/zz_pp_fine_cloth_manufactory.txt,2,constructor,Prosper or Perish Constructor,REPLACE,"[{""file"":""/home/jan/development/ProsperOrPerishConstructor/mod/Prosper or Perish (Population Growth & Food Rework)/in_game/common/building_types/zz_pp_fine_cloth_manufactory.txt"",""layer_id"":""constructor"",""layer_name"":""Prosper or Perish Constructor"",""line"":2,""mod_name"":""Prosper or Perish Constructor"",""mode"":""REPLACE""}]"
pp_fine_cloth_manufactory_standard_cloth_manufactory_maintenance,guild_input,fine_cloth,0.2,"[""dyes""]",[0.263],false,,,inline,fine_cloth_manufactory,fine_cloth_manufactory:unique_production_methods:1,1,0.0,0.2,1.2000000000000002,1.052,0.14800000000000013,14.068441064638796,[],0.3,0.6666666666666667,/home/jan/development/ProsperOrPerishConstructor/mod/Prosper or Perish (Population Growth & Food Rework)/in_game/common/building_types/zz_pp_fine_cloth_manufactory.txt,2,constructor,Prosper or Perish Constructor,REPLACE,"[{""file"":""/home/jan/development/ProsperOrPerishConstructor/mod/Prosper or Perish (Population Growth & Food Rework)/in_game/common/building_types/zz_pp_fine_cloth_manufactory.txt"",""layer_id"":""constructor"",""layer_name"":""Prosper or Perish Constructor"",""line"":2,""mod_name"":""Prosper or Perish Constructor"",""mode"":""REPLACE""}]"
pp_fine_cloth_manufactory_alum_fine_cloth_manufactory_maintenance,guild_input,fine_cloth,0.4,"[""dyes"",""alum""]","[0.475,0.118]",false,,,inline,fine_cloth_manufactory,fine_cloth_manufactory:unique_production_methods:1,1,0.0,0.4,2.4000000000000004,2.254,0.14600000000000035,6.477373558118915,[],0.3,1.3333333333333335,/home/jan/development/ProsperOrPerishConstructor/mod/Prosper or Perish (Population Growth & Food Rework)/in_game/common/building_types/zz_pp_fine_cloth_manufactory.txt,2,constructor,Prosper or Perish Constructor,REPLACE,"[{""file"":""/home/jan/development/ProsperOrPerishConstructor/mod/Prosper or Perish (Population Growth & Food Rework)/in_game/common/building_types/zz_pp_fine_cloth_manufactory.txt"",""layer_id"":""constructor"",""layer_name"":""Prosper or Perish Constructor"",""line"":2,""mod_name"":""Prosper or Perish Constructor"",""mode"":""REPLACE""}]"
pp_fine_cloth_mill_fine_cloth_mill_maintenance,mills_input,fine_cloth,4.0,"[""cloth"",""dyes""]","[7.249,0.49]",false,,,inline,fine_cloth_mill,fine_cloth_mill:unique_production_methods:0,0,0.0,4.0,24.0,23.707,0.29299999999999926,1.235921879613613,[],1.0,4.0,/home/jan/development/ProsperOrPerishConstructor/mod/Prosper or Perish (Population Growth & Food Rework)/in_game/common/building_types/zz_pp_fine_cloth_mill.txt,2,constructor,Prosper or Perish Constructor,REPLACE,"[{""file"":""/home/jan/development/ProsperOrPerishConstructor/mod/Prosper or Perish (Population Growth & Food Rework)/in_game/common/building_types/zz_pp_fine_cloth_mill.txt"",""layer_id"":""constructor"",""layer_name"":""Prosper or Perish Constructor"",""line"":2,""mod_name"":""Prosper or Perish Constructor"",""mode"":""REPLACE""}]"
pp_fine_cloth_mill_silk_cloth_mill_maintenance,mills_input,fine_cloth,4.0,"[""silk"",""dyes""]","[5.441,0.486]",false,,,inline,fine_cloth_mill,fine_cloth_mill:unique_production_methods:0,0,0.0,4.0,24.0,23.708,0.2920000000000016,1.2316517631179418,[],1.0,4.0,/home/jan/development/ProsperOrPerishConstructor/mod/Prosper or Perish (Population Growth & Food Rework)/in_game/common/building_types/zz_pp_fine_cloth_mill.txt,2,constructor,Prosper or Perish Constructor,REPLACE,"[{""file"":""/home/jan/development/ProsperOrPerishConstructor/mod/Prosper or Perish (Population Growth & Food Rework)/in_game/common/building_types/zz_pp_fine_cloth_mill.txt"",""layer_id"":""constructor"",""layer_name"":""Prosper or Perish Constructor"",""line"":2,""mod_name"":""Prosper or Perish Constructor"",""mode"":""REPLACE""}]"
pp_hand_cannon_guild_hand_cannon_guild_maintenance,guild_input,firearms,0.3,"[""tools"",""lead"",""saltpeter"",""alum"",""copper"",""tin""]","[0.057,0.011,0.114,0.006,0.114,0.023]",false,,,inline,hand_cannon_guild,hand_cannon_guild:unique_production_methods:0,0,0.0,0.3,0.8999999999999999,0.84125,0.05874999999999986,6.983655274888541,[],0.3,1.0,/home/jan/development/ProsperOrPerishConstructor/mod/Prosper or Perish (Population Growth & Food Rework)/in_game/common/building_types/zz_pp_hand_cannon_guild.txt,2,constructor,Prosper or Perish Constructor,REPLACE,"[{""file"":""/home/jan/development/ProsperOrPerishConstructor/mod/Prosper or Perish (Population Growth & Food Rework)/in_game/common/building_types/zz_pp_hand_cannon_guild.txt"",""layer_id"":""constructor"",""layer_name"":""Prosper or Perish Constructor"",""line"":2,""mod_name"":""Prosper or Perish Constructor"",""mode"":""REPLACE""}]"
pp_gun_smith_guns_guild_lumber_maintenance,guild_input,firearms,0.15,"[""lumber"",""iron"",""tools""]","[0.134,0.04,0.018]",false,,,inline,gun_smith,gun_smith:unique_production_methods:0,0,0.0,0.15,0.44999999999999996,0.43300000000000005,0.016999999999999904,3.9260969976905082,[],0.3,0.5,/home/jan/development/ProsperOrPerishConstructor/mod/Prosper or Perish (Population Growth & Food Rework)/in_game/common/building_types/zz_pp_gun_smith.txt,2,constructor,Prosper or Perish Constructor,REPLACE,"[{""file"":""/home/jan/development/ProsperOrPerishConstructor/mod/Prosper or Perish (Population Growth & Food Rework)/in_game/common/building_types/zz_pp_gun_smith.txt"",""layer_id"":""constructor"",""layer_name"":""Prosper or Perish Constructor"",""line"":2,""mod_name"":""Prosper or Perish Constructor"",""mode"":""REPLACE""}]"
pp_gun_smith_guns_guild_bronze_maintenance,guild_input,firearms,1.0,"[""copper"",""tin"",""tools""]","[0.569,0.114,0.342]",false,,,inline,gun_smith,gun_smith:unique_production_methods:0,0,0.0,1.0,3.0,3.0465,-0.046499999999999986,-1.5263417035942881,[],0.3,3.3333333333333335,/home/jan/development/ProsperOrPerishConstructor/mod/Prosper or Perish (Population Growth & Food Rework)/in_game/common/building_types/zz_pp_gun_smith.txt,2,constructor,Prosper or Perish Constructor,REPLACE,"[{""file"":""/home/jan/development/ProsperOrPerishConstructor/mod/Prosper or Perish (Population Growth & Food Rework)/in_game/common/building_types/zz_pp_gun_smith.txt"",""layer_id"":""constructor"",""layer_name"":""Prosper or Perish Constructor"",""line"":2,""mod_name"":""Prosper or Perish Constructor"",""mode"":""REPLACE""}]"
pp_gun_smith_guns_guild_iron_maintenance,guild_input,firearms,1.0,"[""iron"",""tools""]","[0.559,0.336]",false,,,inline,gun_smith,gun_smith:unique_production_methods:0,0,0.0,1.0,3.0,3.0485,-0.04850000000000021,-1.5909463670657769,[],0.3,3.3333333333333335,/home/jan/development/ProsperOrPerishConstructor/mod/Prosper or Perish (Population Growth & Food Rework)/in_game/common/building_types/zz_pp_gun_smith.txt,2,constructor,Prosper or Perish Constructor,REPLACE,"[{""file"":""/home/jan/development/ProsperOrPerishConstructor/mod/Prosper or Perish (Population Growth & Food Rework)/in_game/common/building_types/zz_pp_gun_smith.txt"",""layer_id"":""constructor"",""layer_name"":""Prosper or Perish Constructor"",""line"":2,""mod_name"":""Prosper or Perish Constructor"",""mode"":""REPLACE""}]"
pp_gun_smith_guns_guild_ammunition_lead_maintenance,guild_input,firearms,0.16,"[""lead"",""saltpeter""]","[0.111,0.111]",false,,,inline,gun_smith,gun_smith:unique_production_methods:1,1,0.0,0.16,0.48,0.444,0.035999999999999976,8.108108108108103,[],0.3,0.5333333333333333,/home/jan/development/ProsperOrPerishConstructor/mod/Prosper or Perish (Population Growth & Food Rework)/in_game/common/building_types/zz_pp_gun_smith.txt,2,constructor,Prosper or Perish Constructor,REPLACE,"[{""file"":""/home/jan/development/ProsperOrPerishConstructor/mod/Prosper or Perish (Population Growth & Food Rework)/in_game/common/building_types/zz_pp_gun_smith.txt"",""layer_id"":""constructor"",""layer_name"":""Prosper or Perish Constructor"",""line"":2,""mod_name"":""Prosper or Perish Constructor"",""mode"":""REPLACE""}]"
pp_gun_smith_guns_guild_ammunition_iron_maintenance,guild_input,firearms,0.2,"[""iron"",""saltpeter""]","[0.102,0.102]",false,,,inline,gun_smith,gun_smith:unique_production_methods:1,1,0.0,0.2,0.6000000000000001,0.5609999999999999,0.039000000000000146,6.951871657754037,[],0.3,0.6666666666666667,/home/jan/development/ProsperOrPerishConstructor/mod/Prosper or Perish (Population Growth & Food Rework)/in_game/common/building_types/zz_pp_gun_smith.txt,2,constructor,Prosper or Perish Constructor,REPLACE,"[{""file"":""/home/jan/development/ProsperOrPerishConstructor/mod/Prosper or Perish (Population Growth & Food Rework)/in_game/common/building_types/zz_pp_gun_smith.txt"",""layer_id"":""constructor"",""layer_name"":""Prosper or Perish Constructor"",""line"":2,""mod_name"":""Prosper or Perish Constructor"",""mode"":""REPLACE""}]"
pp_guns_workshop_guns_workshop_bronze_maintenance,workshop_input,firearms,1.1,"[""copper"",""tin"",""tools""]","[0.601,0.12,0.375]",false,,,inline,guns_workshop,guns_workshop:unique_production_methods:0,0,0.0,1.1,3.3000000000000003,3.26175,0.03825000000000012,1.1726833754886217,[],0.3,3.666666666666667,/home/jan/development/ProsperOrPerishConstructor/mod/Prosper or Perish (Population Growth & Food Rework)/in_game/common/building_types/zz_pp_guns_workshop.txt,2,constructor,Prosper or Perish Constructor,REPLACE,"[{""file"":""/home/jan/development/ProsperOrPerishConstructor/mod/Prosper or Perish (Population Growth & Food Rework)/in_game/common/building_types/zz_pp_guns_workshop.txt"",""layer_id"":""constructor"",""layer_name"":""Prosper or Perish Constructor"",""line"":2,""mod_name"":""Prosper or Perish Constructor"",""mode"":""REPLACE""}]"
pp_guns_workshop_guns_workshop_iron_maintenance,workshop_input,firearms,1.0,"[""iron"",""tools""]","[0.534,0.333]",false,,,inline,guns_workshop,guns_workshop:unique_production_methods:0,0,0.0,1.0,3.0,2.9512500000000004,0.04874999999999963,1.6518424396442057,[],0.3,3.3333333333333335,/home/jan/development/ProsperOrPerishConstructor/mod/Prosper or Perish (Population Growth & Food Rework)/in_game/common/building_types/zz_pp_guns_workshop.txt,2,constructor,Prosper or Perish Constructor,REPLACE,"[{""file"":""/home/jan/development/ProsperOrPerishConstructor/mod/Prosper or Perish (Population Growth & Food Rework)/in_game/common/building_types/zz_pp_guns_workshop.txt"",""layer_id"":""constructor"",""layer_name"":""Prosper or Perish Constructor"",""line"":2,""mod_name"":""Prosper or Perish Constructor"",""mode"":""REPLACE""}]"
pp_guns_workshop_guns_workshop_ammunition_lead_maintenance,workshop_input,firearms,0.2,"[""lead"",""saltpeter""]","[0.12,0.12]",false,,,inline,guns_workshop,guns_workshop:unique_production_methods:1,1,0.0,0.2,0.6000000000000001,0.48,0.1200000000000001,25.00000000000002,[],0.3,0.6666666666666667,/home/jan/development/ProsperOrPerishConstructor/mod/Prosper or Perish (Population Growth & Food Rework)/in_game/common/building_types/zz_pp_guns_workshop.txt,2,constructor,Prosper or Perish Constructor,REPLACE,"[{""file"":""/home/jan/development/ProsperOrPerishConstructor/mod/Prosper or Perish (Population Growth & Food Rework)/in_game/common/building_types/zz_pp_guns_workshop.txt"",""layer_id"":""constructor"",""layer_name"":""Prosper or Perish Constructor"",""line"":2,""mod_name"":""Prosper or Perish Constructor"",""mode"":""REPLACE""}]"
pp_guns_workshop_guns_workshop_ammunition_iron_maintenance,workshop_input,firearms,0.25,"[""iron"",""saltpeter""]","[0.12,0.12]",false,,,inline,guns_workshop,guns_workshop:unique_production_methods:1,1,0.0,0.25,0.75,0.6599999999999999,0.09000000000000008,13.63636363636365,[],0.3,0.8333333333333334,/home/jan/development/ProsperOrPerishConstructor/mod/Prosper or Perish (Population Growth & Food Rework)/in_game/common/building_types/zz_pp_guns_workshop.txt,2,constructor,Prosper or Perish Constructor,REPLACE,"[{""file"":""/home/jan/development/ProsperOrPerishConstructor/mod/Prosper or Perish (Population Growth & Food Rework)/in_game/common/building_types/zz_pp_guns_workshop.txt"",""layer_id"":""constructor"",""layer_name"":""Prosper or Perish Constructor"",""line"":2,""mod_name"":""Prosper or Perish Constructor"",""mode"":""REPLACE""}]"
pp_firearms_manufactory_firearms_manufactory_maintenance,manufactory_input,firearms,2.0,"[""lumber"",""coal"",""iron"",""lead"",""saltpeter""]","[0.379,0.379,1.009,0.127,0.252]",false,,,inline,firearms_manufactory,firearms_manufactory:unique_production_methods:0,0,0.0,2.0,6.0,5.710749999999999,0.2892500000000009,5.065008974302867,[],0.3,6.666666666666667,/home/jan/development/ProsperOrPerishConstructor/mod/Prosper or Perish (Population Growth & Food Rework)/in_game/common/building_types/zz_pp_firearms_manufactory.txt,2,constructor,Prosper or Perish Constructor,REPLACE,"[{""file"":""/home/jan/development/ProsperOrPerishConstructor/mod/Prosper or Perish (Population Growth & Food Rework)/in_game/common/building_types/zz_pp_firearms_manufactory.txt"",""layer_id"":""constructor"",""layer_name"":""Prosper or Perish Constructor"",""line"":2,""mod_name"":""Prosper or Perish Constructor"",""mode"":""REPLACE""}]"
pp_firearms_factory_firearms_factory_maintenance,mills_input,firearms,4.0,"[""steel"",""lead"",""saltpeter""]","[1.773,0.533,0.888]",false,,,inline,firearms_factory,firearms_factory:unique_production_methods:0,0,0.0,4.0,12.0,11.707,0.29299999999999926,2.502776116853158,[],1.0,4.0,/home/jan/development/ProsperOrPerishConstructor/mod/Prosper or Perish (Population Growth & Food Rework)/in_game/common/building_types/zz_pp_firearms_factory.txt,2,constructor,Prosper or Perish Constructor,REPLACE,"[{""file"":""/home/jan/development/ProsperOrPerishConstructor/mod/Prosper or Perish (Population Growth & Food Rework)/in_game/common/building_types/zz_pp_firearms_factory.txt"",""layer_id"":""constructor"",""layer_name"":""Prosper or Perish Constructor"",""line"":2,""mod_name"":""Prosper or Perish Constructor"",""mode"":""REPLACE""}]"
pp_furniture_guild_furniture_maintenance,guild_input,furniture,1.0,"[""lumber"",""dyes"",""tools""]","[1.047,0.157,0.157]",false,,,inline,furniture_guild,furniture_guild:unique_production_methods:0,0,0.0,1.0,3.0,2.9705,0.02950000000000008,0.9930988049150001,[],0.3,3.3333333333333335,/home/jan/development/ProsperOrPerishConstructor/mod/Prosper or Perish (Population Growth & Food Rework)/in_game/common/building_types/zz_pp_furniture_guild.txt,2,constructor,Prosper or Perish Constructor,REPLACE,"[{""file"":""/home/jan/development/ProsperOrPerishConstructor/mod/Prosper or Perish (Population Growth & Food Rework)/in_game/common/building_types/zz_pp_furniture_guild.txt"",""layer_id"":""constructor"",""layer_name"":""Prosper or Perish Constructor"",""line"":2,""mod_name"":""Prosper or Perish Constructor"",""mode"":""REPLACE""}]"
pp_furniture_workshop_furniture_workshop_maintenance,workshop_input,furniture,1.1,"[""lumber"",""dyes"",""tools""]","[1.173,0.141,0.141]",false,,,inline,furniture_workshop,furniture_workshop:unique_production_methods:0,0,0.0,1.1,3.3000000000000003,3.075,0.2250000000000001,7.317073170731709,[],0.3,3.666666666666667,/home/jan/development/ProsperOrPerishConstructor/mod/Prosper or Perish (Population Growth & Food Rework)/in_game/common/building_types/zz_pp_furniture_workshop.txt,2,constructor,Prosper or Perish Constructor,REPLACE,"[{""file"":""/home/jan/development/ProsperOrPerishConstructor/mod/Prosper or Perish (Population Growth & Food Rework)/in_game/common/building_types/zz_pp_furniture_workshop.txt"",""layer_id"":""constructor"",""layer_name"":""Prosper or Perish Constructor"",""line"":2,""mod_name"":""Prosper or Perish Constructor"",""mode"":""REPLACE""}]"
pp_furniture_manufactory_furniture_manufactory_maintenance,manufactory_input,furniture,2.0,"[""lumber"",""dyes"",""tools""]","[2.259,0.251,0.251]",false,,,inline,furniture_manufactory,furniture_manufactory:unique_production_methods:0,0,0.0,2.0,6.0,5.773,0.2270000000000003,3.93209769617184,[],0.3,6.666666666666667,/home/jan/development/ProsperOrPerishConstructor/mod/Prosper or Perish (Population Growth & Food Rework)/in_game/common/building_types/zz_pp_furniture_manufactory.txt,2,constructor,Prosper or Perish Constructor,REPLACE,"[{""file"":""/home/jan/development/ProsperOrPerishConstructor/mod/Prosper or Perish (Population Growth & Food Rework)/in_game/common/building_types/zz_pp_furniture_manufactory.txt"",""layer_id"":""constructor"",""layer_name"":""Prosper or Perish Constructor"",""line"":2,""mod_name"":""Prosper or Perish Constructor"",""mode"":""REPLACE""}]"
pp_furniture_mill_furniture_mill_maintenance,mills_input,furniture,4.0,"[""lumber"",""dyes"",""tools""]","[4.562,0.532,0.532]",false,,,inline,furniture_mill,furniture_mill:unique_production_methods:0,0,0.0,4.0,12.0,11.840499999999999,0.1595000000000013,1.3470714919133593,[],1.0,4.0,/home/jan/development/ProsperOrPerishConstructor/mod/Prosper or Perish (Population Growth & Food Rework)/in_game/common/building_types/zz_pp_furniture_mill.txt,2,constructor,Prosper or Perish Constructor,REPLACE,"[{""file"":""/home/jan/development/ProsperOrPerishConstructor/mod/Prosper or Perish (Population Growth & Food Rework)/in_game/common/building_types/zz_pp_furniture_mill.txt"",""layer_id"":""constructor"",""layer_name"":""Prosper or Perish Constructor"",""line"":2,""mod_name"":""Prosper or Perish Constructor"",""mode"":""REPLACE""}]"
pp_glass_guild_glass_guild_maintenance,guild_input,glass,0.75,"[""lumber"",""sand"",""tools""]","[0.219,1.094,0.416]",false,,,inline,glass_guild,glass_guild:unique_production_methods:0,0,0.0,0.75,2.25,2.28225,-0.03224999999999989,-1.4130791981597062,[],0.3,2.5,/home/jan/development/ProsperOrPerishConstructor/mod/Prosper or Perish (Population Growth & Food Rework)/in_game/common/building_types/zz_pp_glass_guild.txt,2,constructor,Prosper or Perish Constructor,REPLACE,"[{""file"":""/home/jan/development/ProsperOrPerishConstructor/mod/Prosper or Perish (Population Growth & Food Rework)/in_game/common/building_types/zz_pp_glass_guild.txt"",""layer_id"":""constructor"",""layer_name"":""Prosper or Perish Constructor"",""line"":2,""mod_name"":""Prosper or Perish Constructor"",""mode"":""REPLACE""}]"
pp_glass_guild_metal_glass_guild_maintenance,guild_input,glass,1.0,"[""lumber"",""sand"",""tools"",""alum"",""lead""]","[0.355,1.148,0.47,0.046,0.091]",false,,,inline,glass_guild,glass_guild:unique_production_methods:0,0,0.0,1.0,3.0,3.0427499999999994,-0.0427499999999994,-1.4049790485580285,[],0.3,3.3333333333333335,/home/jan/development/ProsperOrPerishConstructor/mod/Prosper or Perish (Population Growth & Food Rework)/in_game/common/building_types/zz_pp_glass_guild.txt,2,constructor,Prosper or Perish Constructor,REPLACE,"[{""file"":""/home/jan/development/ProsperOrPerishConstructor/mod/Prosper or Perish (Population Growth & Food Rework)/in_game/common/building_types/zz_pp_glass_guild.txt"",""layer_id"":""constructor"",""layer_name"":""Prosper or Perish Constructor"",""line"":2,""mod_name"":""Prosper or Perish Constructor"",""mode"":""REPLACE""}]"
pp_glass_workshop_metal_glass_workshop_maintenance,workshop_input,glass,1.1,"[""lumber"",""sand"",""tools"",""alum"",""lead""]","[0.376,1.174,0.481,0.047,0.106]",false,,,inline,glass_workshop,glass_workshop:unique_production_methods:0,0,0.0,1.1,3.3000000000000003,3.1612500000000003,0.13874999999999993,4.389086595492286,[],0.3,3.666666666666667,/home/jan/development/ProsperOrPerishConstructor/mod/Prosper or Perish (Population Growth & Food Rework)/in_game/common/building_types/zz_pp_glass_workshop.txt,2,constructor,Prosper or Perish Constructor,REPLACE,"[{""file"":""/home/jan/development/ProsperOrPerishConstructor/mod/Prosper or Perish (Population Growth & Food Rework)/in_game/common/building_types/zz_pp_glass_workshop.txt"",""layer_id"":""constructor"",""layer_name"":""Prosper or Perish Constructor"",""line"":2,""mod_name"":""Prosper or Perish Constructor"",""mode"":""REPLACE""}]"
pp_glassworks_glassworks_maintenance,workshop_input,glass,2.0,"[""lumber"",""sand"",""stone"",""tools"",""coal"",""alum""]","[0.489,2.574,0.231,0.733,0.489,0.052]",false,,,inline,glassworks,glassworks:unique_production_methods:0,0,0.0,2.0,6.0,5.89,0.11000000000000032,1.8675721561969494,[],0.3,6.666666666666667,/home/jan/development/ProsperOrPerishConstructor/mod/Prosper or Perish (Population Growth & Food Rework)/in_game/common/building_types/zz_pp_glassworks.txt,2,constructor,Prosper or Perish Constructor,REPLACE,"[{""file"":""/home/jan/development/ProsperOrPerishConstructor/mod/Prosper or Perish (Population Growth & Food Rework)/in_game/common/building_types/zz_pp_glassworks.txt"",""layer_id"":""constructor"",""layer_name"":""Prosper or Perish Constructor"",""line"":2,""mod_name"":""Prosper or Perish Constructor"",""mode"":""REPLACE""}]"
pp_glass_mill_glassmill_maintenance,guild_input,glass,4.0,"[""lumber"",""sand"",""stone"",""tools"",""coal"",""alum""]","[0.721,4.329,0.361,1.731,1.082,0.188]",false,,,inline,glass_mill,glass_mill:unique_production_methods:0,0,0.0,4.0,12.0,12.141,-0.14100000000000001,-1.1613540894489747,[],1.0,4.0,/home/jan/development/ProsperOrPerishConstructor/mod/Prosper or Perish (Population Growth & Food Rework)/in_game/common/building_types/zz_pp_glass_mill.txt,2,constructor,Prosper or Perish Constructor,REPLACE,"[{""file"":""/home/jan/development/ProsperOrPerishConstructor/mod/Prosper or Perish (Population Growth & Food Rework)/in_game/common/building_types/zz_pp_glass_mill.txt"",""layer_id"":""constructor"",""layer_name"":""Prosper or Perish Constructor"",""line"":2,""mod_name"":""Prosper or Perish Constructor"",""mode"":""REPLACE""}]"
pp_lacquerware_guild_lacquerware_shop_maintenance,guild_input,lacquerware,1.0,"[""lumber"",""dyes"",""tools""]","[1.326,0.552,0.133]",false,,,inline,lacquerware_guild,lacquerware_guild:unique_production_methods:0,0,0.0,1.0,5.0,4.96075,0.03925000000000001,0.791211006400242,[],0.3,3.3333333333333335,/home/jan/development/ProsperOrPerishConstructor/mod/Prosper or Perish (Population Growth & Food Rework)/in_game/common/building_types/zz_pp_lacquerware_guild.txt,2,constructor,Prosper or Perish Constructor,REPLACE,"[{""file"":""/home/jan/development/ProsperOrPerishConstructor/mod/Prosper or Perish (Population Growth & Food Rework)/in_game/common/building_types/zz_pp_lacquerware_guild.txt"",""layer_id"":""constructor"",""layer_name"":""Prosper or Perish Constructor"",""line"":2,""mod_name"":""Prosper or Perish Constructor"",""mode"":""REPLACE""}]"
pp_lacquerware_manufactory_lacquerware_manufactory_maintenance,manufactory_input,lacquerware,2.0,"[""lumber"",""dyes"",""tools""]","[2.66,1.064,0.266]",false,,,inline,lacquerware_manufactory,lacquerware_manufactory:unique_production_methods:0,0,0.0,2.0,10.0,9.775500000000001,0.22449999999999903,2.2965577208326837,[],0.3,6.666666666666667,/home/jan/development/ProsperOrPerishConstructor/mod/Prosper or Perish (Population Growth & Food Rework)/in_game/common/building_types/zz_pp_lacquerware_manufactory.txt,2,constructor,Prosper or Perish Constructor,REPLACE,"[{""file"":""/home/jan/development/ProsperOrPerishConstructor/mod/Prosper or Perish (Population Growth & Food Rework)/in_game/common/building_types/zz_pp_lacquerware_manufactory.txt"",""layer_id"":""constructor"",""layer_name"":""Prosper or Perish Constructor"",""line"":2,""mod_name"":""Prosper or Perish Constructor"",""mode"":""REPLACE""}]"
pp_tannery_leather_guild_maintenance,guild_input,leather,1.0,"[""livestock"",""sand"",""tar"",""tools""]","[1.273,0.509,0.096,0.191]",false,,,inline,tannery,tannery:unique_production_methods:0,0,0.0,1.0,3.0,2.9767500000000005,0.02324999999999955,0.7810531620055277,[],0.3,3.3333333333333335,/home/jan/development/ProsperOrPerishConstructor/mod/Prosper or Perish (Population Growth & Food Rework)/in_game/common/building_types/zz_pp_tannery.txt,2,constructor,Prosper or Perish Constructor,REPLACE,"[{""file"":""/home/jan/development/ProsperOrPerishConstructor/mod/Prosper or Perish (Population Growth & Food Rework)/in_game/common/building_types/zz_pp_tannery.txt"",""layer_id"":""constructor"",""layer_name"":""Prosper or Perish Constructor"",""line"":2,""mod_name"":""Prosper or Perish Constructor"",""mode"":""REPLACE""}]"
pp_tannery_tannery_maintenance,guild_input,leather,1.0,"[""wild_game"",""sand"",""tar"",""tools""]","[1.91,0.509,0.096,0.191]",false,,,inline,tannery,tannery:unique_production_methods:0,0,0.0,1.0,3.0,2.97725,0.022749999999999826,0.7641279704425166,[],0.3,3.3333333333333335,/home/jan/development/ProsperOrPerishConstructor/mod/Prosper or Perish (Population Growth & Food Rework)/in_game/common/building_types/zz_pp_tannery.txt,2,constructor,Prosper or Perish Constructor,REPLACE,"[{""file"":""/home/jan/development/ProsperOrPerishConstructor/mod/Prosper or Perish (Population Growth & Food Rework)/in_game/common/building_types/zz_pp_tannery.txt"",""layer_id"":""constructor"",""layer_name"":""Prosper or Perish Constructor"",""line"":2,""mod_name"":""Prosper or Perish Constructor"",""mode"":""REPLACE""}]"
pp_tanning_workshop_leather_livestock_workshop_maintenance,workshop_input,leather,1.1,"[""livestock"",""sand"",""tar"",""tools""]","[1.319,0.513,0.074,0.22]",false,,,inline,tanning_workshop,tanning_workshop:unique_production_methods:0,0,0.0,1.1,3.3000000000000003,3.098,0.2020000000000004,6.520335700451918,[],0.3,3.666666666666667,/home/jan/development/ProsperOrPerishConstructor/mod/Prosper or Perish (Population Growth & Food Rework)/in_game/common/building_types/zz_pp_tanning_workshop.txt,2,constructor,Prosper or Perish Constructor,REPLACE,"[{""file"":""/home/jan/development/ProsperOrPerishConstructor/mod/Prosper or Perish (Population Growth & Food Rework)/in_game/common/building_types/zz_pp_tanning_workshop.txt"",""layer_id"":""constructor"",""layer_name"":""Prosper or Perish Constructor"",""line"":2,""mod_name"":""Prosper or Perish Constructor"",""mode"":""REPLACE""}]"
pp_tanning_workshop_leather_wildgame_workshop_maintenance,workshop_input,leather,1.1,"[""wild_game"",""sand"",""tar"",""tools""]","[2.001,0.501,0.072,0.215]",false,,,inline,tanning_workshop,tanning_workshop:unique_production_methods:0,0,0.0,1.1,3.3000000000000003,3.09425,0.2057500000000001,6.649430395087666,[],0.3,3.666666666666667,/home/jan/development/ProsperOrPerishConstructor/mod/Prosper or Perish (Population Growth & Food Rework)/in_game/common/building_types/zz_pp_tanning_workshop.txt,2,constructor,Prosper or Perish Constructor,REPLACE,"[{""file"":""/home/jan/development/ProsperOrPerishConstructor/mod/Prosper or Perish (Population Growth & Food Rework)/in_game/common/building_types/zz_pp_tanning_workshop.txt"",""layer_id"":""constructor"",""layer_name"":""Prosper or Perish Constructor"",""line"":2,""mod_name"":""Prosper or Perish Constructor"",""mode"":""REPLACE""}]"
pp_tannery_manufactory_leather_manufactory_maintenance,manufactory_input,leather,2.0,"[""livestock"",""sand"",""tar"",""tools""]","[2.554,1.197,0.16,0.32]",false,,,inline,tannery_manufactory,tannery_manufactory:unique_production_methods:0,0,0.0,2.0,6.0,5.789499999999999,0.21050000000000058,3.6358925641247186,[],0.3,6.666666666666667,/home/jan/development/ProsperOrPerishConstructor/mod/Prosper or Perish (Population Growth & Food Rework)/in_game/common/building_types/zz_pp_tannery_manufactory.txt,2,constructor,Prosper or Perish Constructor,REPLACE,"[{""file"":""/home/jan/development/ProsperOrPerishConstructor/mod/Prosper or Perish (Population Growth & Food Rework)/in_game/common/building_types/zz_pp_tannery_manufactory.txt"",""layer_id"":""constructor"",""layer_name"":""Prosper or Perish Constructor"",""line"":2,""mod_name"":""Prosper or Perish Constructor"",""mode"":""REPLACE""}]"
pp_tannery_manufactory_tannery_manufactory_maintenance,manufactory_input,leather,2.0,"[""wild_game"",""sand"",""tar"",""tools""]","[3.778,1.232,0.165,0.328]",false,,,inline,tannery_manufactory,tannery_manufactory:unique_production_methods:0,0,0.0,2.0,6.0,5.79,0.20999999999999996,3.6269430051813467,[],0.3,6.666666666666667,/home/jan/development/ProsperOrPerishConstructor/mod/Prosper or Perish (Population Growth & Food Rework)/in_game/common/building_types/zz_pp_tannery_manufactory.txt,2,constructor,Prosper or Perish Constructor,REPLACE,"[{""file"":""/home/jan/development/ProsperOrPerishConstructor/mod/Prosper or Perish (Population Growth & Food Rework)/in_game/common/building_types/zz_pp_tannery_manufactory.txt"",""layer_id"":""constructor"",""layer_name"":""Prosper or Perish Constructor"",""line"":2,""mod_name"":""Prosper or Perish Constructor"",""mode"":""REPLACE""}]"
pp_tannery_mill_leather_mill_maintenance,mills_input,leather,4.0,"[""livestock"",""sand"",""tar"",""tools""]","[5.552,2.314,0.277,0.556]",false,,,inline,tannery_mill,tannery_mill:unique_production_methods:0,0,0.0,4.0,12.0,11.846,0.15399999999999991,1.3000168833361465,[],1.0,4.0,/home/jan/development/ProsperOrPerishConstructor/mod/Prosper or Perish (Population Growth & Food Rework)/in_game/common/building_types/zz_pp_tannery_mill.txt,2,constructor,Prosper or Perish Constructor,REPLACE,"[{""file"":""/home/jan/development/ProsperOrPerishConstructor/mod/Prosper or Perish (Population Growth & Food Rework)/in_game/common/building_types/zz_pp_tannery_mill.txt"",""layer_id"":""constructor"",""layer_name"":""Prosper or Perish Constructor"",""line"":2,""mod_name"":""Prosper or Perish Constructor"",""mode"":""REPLACE""}]"
pp_tannery_mill_tannery_mill_maintenance,mills_input,leather,4.0,"[""wild_game"",""sand"",""tar"",""tools""]","[8.576,2.144,0.257,0.515]",false,,,inline,tannery_mill,tannery_mill:unique_production_methods:0,0,0.0,4.0,12.0,11.835749999999999,0.1642500000000009,1.3877447563525835,[],1.0,4.0,/home/jan/development/ProsperOrPerishConstructor/mod/Prosper or Perish (Population Growth & Food Rework)/in_game/common/building_types/zz_pp_tannery_mill.txt,2,constructor,Prosper or Perish Constructor,REPLACE,"[{""file"":""/home/jan/development/ProsperOrPerishConstructor/mod/Prosper or Perish (Population Growth & Food Rework)/in_game/common/building_types/zz_pp_tannery_mill.txt"",""layer_id"":""constructor"",""layer_name"":""Prosper or Perish Constructor"",""line"":2,""mod_name"":""Prosper or Perish Constructor"",""mode"":""REPLACE""}]"
pp_distillers_guild_sugar_liquor_guild_maintenance,guild_input,liquor,1.0,"[""sugar"",""pottery"",""glass""]","[0.681,0.113,0.091]",false,,,inline,distillers_guild,distillers_guild:unique_production_methods:0,0,0.0,1.0,2.5,2.4290000000000003,0.07099999999999973,2.923013585837782,[],0.3,3.3333333333333335,/home/jan/development/ProsperOrPerishConstructor/mod/Prosper or Perish (Population Growth & Food Rework)/in_game/common/building_types/zz_pp_distillers_guild.txt,2,constructor,Prosper or Perish Constructor,REPLACE,"[{""file"":""/home/jan/development/ProsperOrPerishConstructor/mod/Prosper or Perish (Population Growth & Food Rework)/in_game/common/building_types/zz_pp_distillers_guild.txt"",""layer_id"":""constructor"",""layer_name"":""Prosper or Perish Constructor"",""line"":2,""mod_name"":""Prosper or Perish Constructor"",""mode"":""REPLACE""}]"
pp_distillers_guild_rice_liquor_guild_maintenance,guild_input,liquor,1.0,"[""rice"",""pottery"",""glass""]","[1.975,0.113,0.113]",false,,,inline,distillers_guild,distillers_guild:unique_production_methods:0,0,0.0,1.0,2.5,2.427,0.07299999999999995,3.007828594973216,[],0.3,3.3333333333333335,/home/jan/development/ProsperOrPerishConstructor/mod/Prosper or Perish (Population Growth & Food Rework)/in_game/common/building_types/zz_pp_distillers_guild.txt,2,constructor,Prosper or Perish Constructor,REPLACE,"[{""file"":""/home/jan/development/ProsperOrPerishConstructor/mod/Prosper or Perish (Population Growth & Food Rework)/in_game/common/building_types/zz_pp_distillers_guild.txt"",""layer_id"":""constructor"",""layer_name"":""Prosper or Perish Constructor"",""line"":2,""mod_name"":""Prosper or Perish Constructor"",""mode"":""REPLACE""}]"
pp_distillers_guild_potato_liquor_guild_maintenance,guild_input,liquor,1.0,"[""potato"",""pottery"",""glass""]","[1.975,0.113,0.113]",false,,,inline,distillers_guild,distillers_guild:unique_production_methods:0,0,0.0,1.0,2.5,2.427,0.07299999999999995,3.007828594973216,[],0.3,3.3333333333333335,/home/jan/development/ProsperOrPerishConstructor/mod/Prosper or Perish (Population Growth & Food Rework)/in_game/common/building_types/zz_pp_distillers_guild.txt,2,constructor,Prosper or Perish Constructor,REPLACE,"[{""file"":""/home/jan/development/ProsperOrPerishConstructor/mod/Prosper or Perish (Population Growth & Food Rework)/in_game/common/building_types/zz_pp_distillers_guild.txt"",""layer_id"":""constructor"",""layer_name"":""Prosper or Perish Constructor"",""line"":2,""mod_name"":""Prosper or Perish Constructor"",""mode"":""REPLACE""}]"
pp_distillers_guild_wheat_liquor_guild_maintenance,guild_input,liquor,1.0,"[""wheat"",""pottery"",""glass""]","[1.975,0.113,0.113]",false,,,inline,distillers_guild,distillers_guild:unique_production_methods:0,0,0.0,1.0,2.5,2.427,0.07299999999999995,3.007828594973216,[],0.3,3.3333333333333335,/home/jan/development/ProsperOrPerishConstructor/mod/Prosper or Perish (Population Growth & Food Rework)/in_game/common/building_types/zz_pp_distillers_guild.txt,2,constructor,Prosper or Perish Constructor,REPLACE,"[{""file"":""/home/jan/development/ProsperOrPerishConstructor/mod/Prosper or Perish (Population Growth & Food Rework)/in_game/common/building_types/zz_pp_distillers_guild.txt"",""layer_id"":""constructor"",""layer_name"":""Prosper or Perish Constructor"",""line"":2,""mod_name"":""Prosper or Perish Constructor"",""mode"":""REPLACE""}]"
pp_distillers_guild_beer_liquor_guild_maintenance,guild_input,liquor,1.0,"[""beer"",""pottery"",""glass""]","[0.983,0.115,0.115]",false,,,inline,distillers_guild,distillers_guild:unique_production_methods:0,0,0.0,1.0,2.5,2.426,0.07399999999999984,3.050288540807908,[],0.3,3.3333333333333335,/home/jan/development/ProsperOrPerishConstructor/mod/Prosper or Perish (Population Growth & Food Rework)/in_game/common/building_types/zz_pp_distillers_guild.txt,2,constructor,Prosper or Perish Constructor,REPLACE,"[{""file"":""/home/jan/development/ProsperOrPerishConstructor/mod/Prosper or Perish (Population Growth & Food Rework)/in_game/common/building_types/zz_pp_distillers_guild.txt"",""layer_id"":""constructor"",""layer_name"":""Prosper or Perish Constructor"",""line"":2,""mod_name"":""Prosper or Perish Constructor"",""mode"":""REPLACE""}]"
pp_distillers_guild_wine_liquor_guild_maintenance,guild_input,liquor,1.0,"[""wine"",""pottery"",""glass""]","[0.983,0.115,0.115]",false,,,inline,distillers_guild,distillers_guild:unique_production_methods:0,0,0.0,1.0,2.5,2.426,0.07399999999999984,3.050288540807908,[],0.3,3.3333333333333335,/home/jan/development/ProsperOrPerishConstructor/mod/Prosper or Perish (Population Growth & Food Rework)/in_game/common/building_types/zz_pp_distillers_guild.txt,2,constructor,Prosper or Perish Constructor,REPLACE,"[{""file"":""/home/jan/development/ProsperOrPerishConstructor/mod/Prosper or Perish (Population Growth & Food Rework)/in_game/common/building_types/zz_pp_distillers_guild.txt"",""layer_id"":""constructor"",""layer_name"":""Prosper or Perish Constructor"",""line"":2,""mod_name"":""Prosper or Perish Constructor"",""mode"":""REPLACE""}]"
pp_distillers_workshop_sugar_liquor_workshop_maintenance,workshop_input,liquor,1.1,"[""sugar"",""pottery"",""glass""]","[0.708,0.117,0.083]",false,,,inline,distillers_workshop,distillers_workshop:unique_production_methods:0,0,0.0,1.1,2.75,2.4899999999999998,0.26000000000000023,10.441767068273103,[],0.3,3.666666666666667,/home/jan/development/ProsperOrPerishConstructor/mod/Prosper or Perish (Population Growth & Food Rework)/in_game/common/building_types/zz_pp_distillers_workshop.txt,2,constructor,Prosper or Perish Constructor,REPLACE,"[{""file"":""/home/jan/development/ProsperOrPerishConstructor/mod/Prosper or Perish (Population Growth & Food Rework)/in_game/common/building_types/zz_pp_distillers_workshop.txt"",""layer_id"":""constructor"",""layer_name"":""Prosper or Perish Constructor"",""line"":2,""mod_name"":""Prosper or Perish Constructor"",""mode"":""REPLACE""}]"
pp_distillers_workshop_rice_liquor_workshop_maintenance,workshop_input,liquor,1.1,"[""rice"",""pottery"",""glass""]","[2.085,0.119,0.096]",false,,,inline,distillers_workshop,distillers_workshop:unique_production_methods:0,0,0.0,1.1,2.75,2.492,0.258,10.353130016051365,[],0.3,3.666666666666667,/home/jan/development/ProsperOrPerishConstructor/mod/Prosper or Perish (Population Growth & Food Rework)/in_game/common/building_types/zz_pp_distillers_workshop.txt,2,constructor,Prosper or Perish Constructor,REPLACE,"[{""file"":""/home/jan/development/ProsperOrPerishConstructor/mod/Prosper or Perish (Population Growth & Food Rework)/in_game/common/building_types/zz_pp_distillers_workshop.txt"",""layer_id"":""constructor"",""layer_name"":""Prosper or Perish Constructor"",""line"":2,""mod_name"":""Prosper or Perish Constructor"",""mode"":""REPLACE""}]"
pp_distillers_workshop_potato_liquor_workshop_maintenance,workshop_input,liquor,1.1,"[""potato"",""pottery"",""glass""]","[2.085,0.119,0.096]",false,,,inline,distillers_workshop,distillers_workshop:unique_production_methods:0,0,0.0,1.1,2.75,2.492,0.258,10.353130016051365,[],0.3,3.666666666666667,/home/jan/development/ProsperOrPerishConstructor/mod/Prosper or Perish (Population Growth & Food Rework)/in_game/common/building_types/zz_pp_distillers_workshop.txt,2,constructor,Prosper or Perish Constructor,REPLACE,"[{""file"":""/home/jan/development/ProsperOrPerishConstructor/mod/Prosper or Perish (Population Growth & Food Rework)/in_game/common/building_types/zz_pp_distillers_workshop.txt"",""layer_id"":""constructor"",""layer_name"":""Prosper or Perish Constructor"",""line"":2,""mod_name"":""Prosper or Perish Constructor"",""mode"":""REPLACE""}]"
pp_distillers_workshop_wheat_liquor_workshop_maintenance,workshop_input,liquor,1.1,"[""wheat"",""pottery"",""glass""]","[2.085,0.119,0.096]",false,,,inline,distillers_workshop,distillers_workshop:unique_production_methods:0,0,0.0,1.1,2.75,2.492,0.258,10.353130016051365,[],0.3,3.666666666666667,/home/jan/development/ProsperOrPerishConstructor/mod/Prosper or Perish (Population Growth & Food Rework)/in_game/common/building_types/zz_pp_distillers_workshop.txt,2,constructor,Prosper or Perish Constructor,REPLACE,"[{""file"":""/home/jan/development/ProsperOrPerishConstructor/mod/Prosper or Perish (Population Growth & Food Rework)/in_game/common/building_types/zz_pp_distillers_workshop.txt"",""layer_id"":""constructor"",""layer_name"":""Prosper or Perish Constructor"",""line"":2,""mod_name"":""Prosper or Perish Constructor"",""mode"":""REPLACE""}]"
pp_distillers_workshop_beer_liquor_workshop_maintenance,workshop_input,liquor,1.1,"[""beer"",""pottery"",""glass""]","[1.008,0.119,0.119]",false,,,inline,distillers_workshop,distillers_workshop:unique_production_methods:0,0,0.0,1.1,2.75,2.492,0.258,10.353130016051365,[],0.3,3.666666666666667,/home/jan/development/ProsperOrPerishConstructor/mod/Prosper or Perish (Population Growth & Food Rework)/in_game/common/building_types/zz_pp_distillers_workshop.txt,2,constructor,Prosper or Perish Constructor,REPLACE,"[{""file"":""/home/jan/development/ProsperOrPerishConstructor/mod/Prosper or Perish (Population Growth & Food Rework)/in_game/common/building_types/zz_pp_distillers_workshop.txt"",""layer_id"":""constructor"",""layer_name"":""Prosper or Perish Constructor"",""line"":2,""mod_name"":""Prosper or Perish Constructor"",""mode"":""REPLACE""}]"
pp_distillers_workshop_wine_liquor_workshop_maintenance,workshop_input,liquor,1.1,"[""wine"",""pottery"",""glass""]","[1.008,0.119,0.119]",false,,,inline,distillers_workshop,distillers_workshop:unique_production_methods:0,0,0.0,1.1,2.75,2.492,0.258,10.353130016051365,[],0.3,3.666666666666667,/home/jan/development/ProsperOrPerishConstructor/mod/Prosper or Perish (Population Growth & Food Rework)/in_game/common/building_types/zz_pp_distillers_workshop.txt,2,constructor,Prosper or Perish Constructor,REPLACE,"[{""file"":""/home/jan/development/ProsperOrPerishConstructor/mod/Prosper or Perish (Population Growth & Food Rework)/in_game/common/building_types/zz_pp_distillers_workshop.txt"",""layer_id"":""constructor"",""layer_name"":""Prosper or Perish Constructor"",""line"":2,""mod_name"":""Prosper or Perish Constructor"",""mode"":""REPLACE""}]"
pp_distiller_manufactory_sugar_distillery_maintenance,manufactory_input,liquor,2.0,"[""sugar"",""pottery"",""glass""]","[1.303,0.13,0.222]",false,,,inline,distiller_manufactory,distiller_manufactory:unique_production_methods:0,0,0.0,2.0,5.0,4.705,0.29499999999999993,6.269925611052071,[],0.3,6.666666666666667,/home/jan/development/ProsperOrPerishConstructor/mod/Prosper or Perish (Population Growth & Food Rework)/in_game/common/building_types/zz_pp_distiller_manufactory.txt,2,constructor,Prosper or Perish Constructor,REPLACE,"[{""file"":""/home/jan/development/ProsperOrPerishConstructor/mod/Prosper or Perish (Population Growth & Food Rework)/in_game/common/building_types/zz_pp_distiller_manufactory.txt"",""layer_id"":""constructor"",""layer_name"":""Prosper or Perish Constructor"",""line"":2,""mod_name"":""Prosper or Perish Constructor"",""mode"":""REPLACE""}]"
pp_distiller_manufactory_rice_distillery_maintenance,manufactory_input,liquor,2.0,"[""rice"",""pottery"",""glass""]","[3.91,0.13,0.222]",false,,,inline,distiller_manufactory,distiller_manufactory:unique_production_methods:0,0,0.0,2.0,5.0,4.706,0.2939999999999996,6.247343816404581,[],0.3,6.666666666666667,/home/jan/development/ProsperOrPerishConstructor/mod/Prosper or Perish (Population Growth & Food Rework)/in_game/common/building_types/zz_pp_distiller_manufactory.txt,2,constructor,Prosper or Perish Constructor,REPLACE,"[{""file"":""/home/jan/development/ProsperOrPerishConstructor/mod/Prosper or Perish (Population Growth & Food Rework)/in_game/common/building_types/zz_pp_distiller_manufactory.txt"",""layer_id"":""constructor"",""layer_name"":""Prosper or Perish Constructor"",""line"":2,""mod_name"":""Prosper or Perish Constructor"",""mode"":""REPLACE""}]"
pp_distiller_manufactory_potato_distillery_maintenance,manufactory_input,liquor,2.0,"[""potato"",""pottery"",""glass""]","[3.91,0.13,0.222]",false,,,inline,distiller_manufactory,distiller_manufactory:unique_production_methods:0,0,0.0,2.0,5.0,4.706,0.2939999999999996,6.247343816404581,[],0.3,6.666666666666667,/home/jan/development/ProsperOrPerishConstructor/mod/Prosper or Perish (Population Growth & Food Rework)/in_game/common/building_types/zz_pp_distiller_manufactory.txt,2,constructor,Prosper or Perish Constructor,REPLACE,"[{""file"":""/home/jan/development/ProsperOrPerishConstructor/mod/Prosper or Perish (Population Growth & Food Rework)/in_game/common/building_types/zz_pp_distiller_manufactory.txt"",""layer_id"":""constructor"",""layer_name"":""Prosper or Perish Constructor"",""line"":2,""mod_name"":""Prosper or Perish Constructor"",""mode"":""REPLACE""}]"
pp_distiller_manufactory_wheat_distillery_maintenance,manufactory_input,liquor,2.0,"[""pottery"",""wheat"",""glass""]","[0.13,3.91,0.222]",false,,,inline,distiller_manufactory,distiller_manufactory:unique_production_methods:0,0,0.0,2.0,5.0,4.706,0.2939999999999996,6.247343816404581,[],0.3,6.666666666666667,/home/jan/development/ProsperOrPerishConstructor/mod/Prosper or Perish (Population Growth & Food Rework)/in_game/common/building_types/zz_pp_distiller_manufactory.txt,2,constructor,Prosper or Perish Constructor,REPLACE,"[{""file"":""/home/jan/development/ProsperOrPerishConstructor/mod/Prosper or Perish (Population Growth & Food Rework)/in_game/common/building_types/zz_pp_distiller_manufactory.txt"",""layer_id"":""constructor"",""layer_name"":""Prosper or Perish Constructor"",""line"":2,""mod_name"":""Prosper or Perish Constructor"",""mode"":""REPLACE""}]"
pp_distiller_manufactory_scottish_whisky_distillery_maintenance,manufactory_input,liquor,2.0,"[""millet"",""pottery"",""glass""]","[3.91,0.13,0.222]",false,,,inline,distiller_manufactory,distiller_manufactory:unique_production_methods:0,0,0.0,2.0,5.0,4.706,0.2939999999999996,6.247343816404581,[],0.3,6.666666666666667,/home/jan/development/ProsperOrPerishConstructor/mod/Prosper or Perish (Population Growth & Food Rework)/in_game/common/building_types/zz_pp_distiller_manufactory.txt,2,constructor,Prosper or Perish Constructor,REPLACE,"[{""file"":""/home/jan/development/ProsperOrPerishConstructor/mod/Prosper or Perish (Population Growth & Food Rework)/in_game/common/building_types/zz_pp_distiller_manufactory.txt"",""layer_id"":""constructor"",""layer_name"":""Prosper or Perish Constructor"",""line"":2,""mod_name"":""Prosper or Perish Constructor"",""mode"":""REPLACE""}]"
pp_distiller_mill_sugar_distillery_mill_maintenance,mills_input,liquor,4.0,"[""sugar"",""pottery"",""glass""]","[2.632,0.146,0.556]",false,,,inline,distiller_mill,distiller_mill:unique_production_methods:0,0,0.0,4.0,10.0,9.71,0.28999999999999915,2.9866117404737293,[],1.0,4.0,/home/jan/development/ProsperOrPerishConstructor/mod/Prosper or Perish (Population Growth & Food Rework)/in_game/common/building_types/zz_pp_distiller_mill.txt,2,constructor,Prosper or Perish Constructor,REPLACE,"[{""file"":""/home/jan/development/ProsperOrPerishConstructor/mod/Prosper or Perish (Population Growth & Food Rework)/in_game/common/building_types/zz_pp_distiller_mill.txt"",""layer_id"":""constructor"",""layer_name"":""Prosper or Perish Constructor"",""line"":2,""mod_name"":""Prosper or Perish Constructor"",""mode"":""REPLACE""}]"
pp_distiller_mill_rice_distillery_mill_maintenance,mills_input,liquor,4.0,"[""rice"",""pottery"",""glass""]","[7.372,0.181,0.719]",false,,,inline,distiller_mill,distiller_mill:unique_production_methods:0,0,0.0,4.0,10.0,9.71,0.28999999999999915,2.9866117404737293,[],1.0,4.0,/home/jan/development/ProsperOrPerishConstructor/mod/Prosper or Perish (Population Growth & Food Rework)/in_game/common/building_types/zz_pp_distiller_mill.txt,2,constructor,Prosper or Perish Constructor,REPLACE,"[{""file"":""/home/jan/development/ProsperOrPerishConstructor/mod/Prosper or Perish (Population Growth & Food Rework)/in_game/common/building_types/zz_pp_distiller_mill.txt"",""layer_id"":""constructor"",""layer_name"":""Prosper or Perish Constructor"",""line"":2,""mod_name"":""Prosper or Perish Constructor"",""mode"":""REPLACE""}]"
pp_distiller_mill_potato_distillery_mill_maintenance,mills_input,liquor,4.0,"[""potato"",""pottery"",""glass""]","[7.436,0.175,0.699]",false,,,inline,distiller_mill,distiller_mill:unique_production_methods:0,0,0.0,4.0,10.0,9.708,0.2919999999999998,3.007828594973216,[],1.0,4.0,/home/jan/development/ProsperOrPerishConstructor/mod/Prosper or Perish (Population Growth & Food Rework)/in_game/common/building_types/zz_pp_distiller_mill.txt,2,constructor,Prosper or Perish Constructor,REPLACE,"[{""file"":""/home/jan/development/ProsperOrPerishConstructor/mod/Prosper or Perish (Population Growth & Food Rework)/in_game/common/building_types/zz_pp_distiller_mill.txt"",""layer_id"":""constructor"",""layer_name"":""Prosper or Perish Constructor"",""line"":2,""mod_name"":""Prosper or Perish Constructor"",""mode"":""REPLACE""}]"
pp_distiller_mill_wheat_distillery_mill_maintenance,mills_input,liquor,4.0,"[""pottery"",""wheat"",""glass""]","[0.175,7.436,0.699]",false,,,inline,distiller_mill,distiller_mill:unique_production_methods:0,0,0.0,4.0,10.0,9.708,0.2919999999999998,3.007828594973216,[],1.0,4.0,/home/jan/development/ProsperOrPerishConstructor/mod/Prosper or Perish (Population Growth & Food Rework)/in_game/common/building_types/zz_pp_distiller_mill.txt,2,constructor,Prosper or Perish Constructor,REPLACE,"[{""file"":""/home/jan/development/ProsperOrPerishConstructor/mod/Prosper or Perish (Population Growth & Food Rework)/in_game/common/building_types/zz_pp_distiller_mill.txt"",""layer_id"":""constructor"",""layer_name"":""Prosper or Perish Constructor"",""line"":2,""mod_name"":""Prosper or Perish Constructor"",""mode"":""REPLACE""}]"
pp_distiller_mill_scottish_whisky_distillery_mill_maintenance,mills_input,liquor,4.0,"[""millet"",""pottery"",""glass""]","[7.328,0.183,0.732]",false,,,inline,distiller_mill,distiller_mill:unique_production_methods:0,0,0.0,4.0,10.0,9.707,0.29299999999999926,3.018440300813838,[],1.0,4.0,/home/jan/development/ProsperOrPerishConstructor/mod/Prosper or Perish (Population Growth & Food Rework)/in_game/common/building_types/zz_pp_distiller_mill.txt,2,constructor,Prosper or Perish Constructor,REPLACE,"[{""file"":""/home/jan/development/ProsperOrPerishConstructor/mod/Prosper or Perish (Population Growth & Food Rework)/in_game/common/building_types/zz_pp_distiller_mill.txt"",""layer_id"":""constructor"",""layer_name"":""Prosper or Perish Constructor"",""line"":2,""mod_name"":""Prosper or Perish Constructor"",""mode"":""REPLACE""}]"
pp_naval_supplies_guild_naval_supplies_guild_maintenance,guild_input,naval_supplies,1.0,"[""lumber"",""fiber_crops"",""tar"",""cloth""]","[0.225,0.564,0.619,0.056]",false,,,inline,naval_supplies_guild,naval_supplies_guild:unique_production_methods:0,0,0.0,1.0,3.0,2.92775,0.07224999999999993,2.4677653488173483,[],0.3,3.3333333333333335,/home/jan/development/ProsperOrPerishConstructor/mod/Prosper or Perish (Population Growth & Food Rework)/in_game/common/building_types/zz_pp_naval_supplies_guild.txt,2,constructor,Prosper or Perish Constructor,REPLACE,"[{""file"":""/home/jan/development/ProsperOrPerishConstructor/mod/Prosper or Perish (Population Growth & Food Rework)/in_game/common/building_types/zz_pp_naval_supplies_guild.txt"",""layer_id"":""constructor"",""layer_name"":""Prosper or Perish Constructor"",""line"":2,""mod_name"":""Prosper or Perish Constructor"",""mode"":""REPLACE""}]"
pp_naval_supplies_workshop_naval_supplies_workshop_maintenance,workshop_input,naval_supplies,1.1,"[""lumber"",""fiber_crops"",""tar"",""cloth""]","[0.187,0.496,0.683,0.124]",false,,,inline,naval_supplies_workshop,naval_supplies_workshop:unique_production_methods:0,0,0.0,1.1,3.3000000000000003,3.05725,0.24275000000000047,7.940142284733027,[],0.3,3.666666666666667,/home/jan/development/ProsperOrPerishConstructor/mod/Prosper or Perish (Population Growth & Food Rework)/in_game/common/building_types/zz_pp_naval_supplies_workshop.txt,2,constructor,Prosper or Perish Constructor,REPLACE,"[{""file"":""/home/jan/development/ProsperOrPerishConstructor/mod/Prosper or Perish (Population Growth & Food Rework)/in_game/common/building_types/zz_pp_naval_supplies_workshop.txt"",""layer_id"":""constructor"",""layer_name"":""Prosper or Perish Constructor"",""line"":2,""mod_name"":""Prosper or Perish Constructor"",""mode"":""REPLACE""}]"
pp_naval_supplies_manufactory_naval_supplies_manufactory_maintenance,manufactory_input,naval_supplies,2.0,"[""lumber"",""fiber_crops"",""tar"",""cloth""]","[1.038,0.779,0.779,0.259]",false,,,inline,naval_supplies_manufactory,naval_supplies_manufactory:unique_production_methods:0,0,0.0,2.0,6.0,5.7095,0.29049999999999976,5.088011209387858,[],0.3,6.666666666666667,/home/jan/development/ProsperOrPerishConstructor/mod/Prosper or Perish (Population Growth & Food Rework)/in_game/common/building_types/zz_pp_naval_supplies_manufactory.txt,2,constructor,Prosper or Perish Constructor,REPLACE,"[{""file"":""/home/jan/development/ProsperOrPerishConstructor/mod/Prosper or Perish (Population Growth & Food Rework)/in_game/common/building_types/zz_pp_naval_supplies_manufactory.txt"",""layer_id"":""constructor"",""layer_name"":""Prosper or Perish Constructor"",""line"":2,""mod_name"":""Prosper or Perish Constructor"",""mode"":""REPLACE""}]"
pp_naval_supplies_mill_naval_supplies_mill_maintenance,mills_input,naval_supplies,4.0,"[""lumber"",""fiber_crops"",""tar"",""cloth""]","[2.285,1.713,1.713,0.286]",false,,,inline,naval_supplies_mill,naval_supplies_mill:unique_production_methods:0,0,0.0,4.0,12.0,11.708750000000002,0.291249999999998,2.4874559624212487,[],1.0,4.0,/home/jan/development/ProsperOrPerishConstructor/mod/Prosper or Perish (Population Growth & Food Rework)/in_game/common/building_types/zz_pp_naval_supplies_mill.txt,2,constructor,Prosper or Perish Constructor,REPLACE,"[{""file"":""/home/jan/development/ProsperOrPerishConstructor/mod/Prosper or Perish (Population Growth & Food Rework)/in_game/common/building_types/zz_pp_naval_supplies_mill.txt"",""layer_id"":""constructor"",""layer_name"":""Prosper or Perish Constructor"",""line"":2,""mod_name"":""Prosper or Perish Constructor"",""mode"":""REPLACE""}]"
pp_paper_guild_paper_guild_leather_maintenance,guild_input,paper,0.5,"[""leather"",""lumber""]","[0.195,0.195]",false,,,inline,paper_guild,paper_guild:unique_production_methods:0,0,0.0,0.5,1.0,0.92625,0.07374999999999998,7.9622132253711175,[],0.3,1.6666666666666667,/home/jan/development/ProsperOrPerishConstructor/mod/Prosper or Perish (Population Growth & Food Rework)/in_game/common/building_types/zz_pp_paper_guild.txt,2,constructor,Prosper or Perish Constructor,REPLACE,"[{""file"":""/home/jan/development/ProsperOrPerishConstructor/mod/Prosper or Perish (Population Growth & Food Rework)/in_game/common/building_types/zz_pp_paper_guild.txt"",""layer_id"":""constructor"",""layer_name"":""Prosper or Perish Constructor"",""line"":2,""mod_name"":""Prosper or Perish Constructor"",""mode"":""REPLACE""}]"
pp_paper_guild_paper_guild_fiber_pulp_maintenance,guild_input,paper,1.0,"[""fiber_crops"",""lumber""]","[0.746,0.249]",false,,,inline,paper_guild,paper_guild:unique_production_methods:0,0,0.0,1.0,2.0,1.92775,0.07224999999999993,3.7478926209311334,[],0.3,3.3333333333333335,/home/jan/development/ProsperOrPerishConstructor/mod/Prosper or Perish (Population Growth & Food Rework)/in_game/common/building_types/zz_pp_paper_guild.txt,2,constructor,Prosper or Perish Constructor,REPLACE,"[{""file"":""/home/jan/development/ProsperOrPerishConstructor/mod/Prosper or Perish (Population Growth & Food Rework)/in_game/common/building_types/zz_pp_paper_guild.txt"",""layer_id"":""constructor"",""layer_name"":""Prosper or Perish Constructor"",""line"":2,""mod_name"":""Prosper or Perish Constructor"",""mode"":""REPLACE""}]"
pp_paper_guild_paper_guild_cloth_maintenance,guild_input,paper,1.0,"[""cloth"",""lumber""]","[0.576,0.115]",false,,,inline,paper_guild,paper_guild:unique_production_methods:0,0,0.0,1.0,2.0,1.9292499999999997,0.07075000000000031,3.6672281974860867,[],0.3,3.3333333333333335,/home/jan/development/ProsperOrPerishConstructor/mod/Prosper or Perish (Population Growth & Food Rework)/in_game/common/building_types/zz_pp_paper_guild.txt,2,constructor,Prosper or Perish Constructor,REPLACE,"[{""file"":""/home/jan/development/ProsperOrPerishConstructor/mod/Prosper or Perish (Population Growth & Food Rework)/in_game/common/building_types/zz_pp_paper_guild.txt"",""layer_id"":""constructor"",""layer_name"":""Prosper or Perish Constructor"",""line"":2,""mod_name"":""Prosper or Perish Constructor"",""mode"":""REPLACE""}]"
pp_paper_workshop_paper_workshop_fiber_pulp_maintenance,workshop_input,paper,1.0,"[""fiber_crops""]",[0.879],false,,,inline,paper_workshop,paper_workshop:unique_production_methods:0,0,0.0,1.0,2.0,1.758,0.242,13.765642775881684,[],0.3,3.3333333333333335,/home/jan/development/ProsperOrPerishConstructor/mod/Prosper or Perish (Population Growth & Food Rework)/in_game/common/building_types/zz_pp_paper_workshop.txt,2,constructor,Prosper or Perish Constructor,REPLACE,"[{""file"":""/home/jan/development/ProsperOrPerishConstructor/mod/Prosper or Perish (Population Growth & Food Rework)/in_game/common/building_types/zz_pp_paper_workshop.txt"",""layer_id"":""constructor"",""layer_name"":""Prosper or Perish Constructor"",""line"":2,""mod_name"":""Prosper or Perish Constructor"",""mode"":""REPLACE""}]"
pp_paper_workshop_paper_workshop_cloth_maintenance,workshop_input,paper,1.1,"[""cloth"",""lumber""]","[0.578,0.129]",false,,,inline,paper_workshop,paper_workshop:unique_production_methods:0,0,0.0,1.1,2.2,1.95975,0.24025000000000007,12.25921673682868,[],0.3,3.666666666666667,/home/jan/development/ProsperOrPerishConstructor/mod/Prosper or Perish (Population Growth & Food Rework)/in_game/common/building_types/zz_pp_paper_workshop.txt,2,constructor,Prosper or Perish Constructor,REPLACE,"[{""file"":""/home/jan/development/ProsperOrPerishConstructor/mod/Prosper or Perish (Population Growth & Food Rework)/in_game/common/building_types/zz_pp_paper_workshop.txt"",""layer_id"":""constructor"",""layer_name"":""Prosper or Perish Constructor"",""line"":2,""mod_name"":""Prosper or Perish Constructor"",""mode"":""REPLACE""}]"
pp_paper_manufactory_paper_manufactory_maintenance,manufactory_input,paper,2.0,"[""cloth"",""fiber_crops"",""lumber""]","[0.291,1.163,0.291]",false,,,inline,paper_manufactory,paper_manufactory:unique_production_methods:0,0,0.0,2.0,4.0,3.7082499999999996,0.2917500000000004,7.867592530169229,[],0.3,6.666666666666667,/home/jan/development/ProsperOrPerishConstructor/mod/Prosper or Perish (Population Growth & Food Rework)/in_game/common/building_types/zz_pp_paper_manufactory.txt,2,constructor,Prosper or Perish Constructor,REPLACE,"[{""file"":""/home/jan/development/ProsperOrPerishConstructor/mod/Prosper or Perish (Population Growth & Food Rework)/in_game/common/building_types/zz_pp_paper_manufactory.txt"",""layer_id"":""constructor"",""layer_name"":""Prosper or Perish Constructor"",""line"":2,""mod_name"":""Prosper or Perish Constructor"",""mode"":""REPLACE""}]"
pp_paper_mill_paper_mill_maintenance,mills_input,paper,2.0,"[""cloth"",""fiber_crops""]","[0.161,1.612]",false,,,inline,paper_mill,paper_mill:unique_production_methods:0,0,0.0,2.0,4.0,3.7070000000000003,0.2929999999999997,7.90396547073104,[],1.0,2.0,/home/jan/development/ProsperOrPerishConstructor/mod/Prosper or Perish (Population Growth & Food Rework)/in_game/common/building_types/zz_pp_paper_mill.txt,2,constructor,Prosper or Perish Constructor,REPLACE,"[{""file"":""/home/jan/development/ProsperOrPerishConstructor/mod/Prosper or Perish (Population Growth & Food Rework)/in_game/common/building_types/zz_pp_paper_mill.txt"",""layer_id"":""constructor"",""layer_name"":""Prosper or Perish Constructor"",""line"":2,""mod_name"":""Prosper or Perish Constructor"",""mode"":""REPLACE""}]"
pp_paper_mill_paper_wood_pulp_maintenance,mills_input,paper,4.5,"[""lumber""]",[4.976],false,,,inline,paper_mill,paper_mill:unique_production_methods:0,0,0.0,4.5,9.0,8.708,0.2919999999999998,3.353238401469911,[],1.0,4.5,/home/jan/development/ProsperOrPerishConstructor/mod/Prosper or Perish (Population Growth & Food Rework)/in_game/common/building_types/zz_pp_paper_mill.txt,2,constructor,Prosper or Perish Constructor,REPLACE,"[{""file"":""/home/jan/development/ProsperOrPerishConstructor/mod/Prosper or Perish (Population Growth & Food Rework)/in_game/common/building_types/zz_pp_paper_mill.txt"",""layer_id"":""constructor"",""layer_name"":""Prosper or Perish Constructor"",""line"":2,""mod_name"":""Prosper or Perish Constructor"",""mode"":""REPLACE""}]"
pp_porcelain_guild_porcelain_guild_maintenance,guild_input,porcelain,1.0,"[""clay"",""coal"",""tools""]","[3.05,0.61,0.061]",false,,,inline,porcelain_guild,porcelain_guild:unique_production_methods:0,0,0.0,1.0,3.0,2.94325,0.05675000000000008,1.9281406608341145,[],0.3,3.3333333333333335,/home/jan/development/ProsperOrPerishConstructor/mod/Prosper or Perish (Population Growth & Food Rework)/in_game/common/building_types/zz_pp_porcelain_guild.txt,2,constructor,Prosper or Perish Constructor,REPLACE,"[{""file"":""/home/jan/development/ProsperOrPerishConstructor/mod/Prosper or Perish (Population Growth & Food Rework)/in_game/common/building_types/zz_pp_porcelain_guild.txt"",""layer_id"":""constructor"",""layer_name"":""Prosper or Perish Constructor"",""line"":2,""mod_name"":""Prosper or Perish Constructor"",""mode"":""REPLACE""}]"
pp_porcelain_manufactory_porcelain_manufactory_maintenance,manufactory_input,porcelain,2.0,"[""clay"",""coal"",""tools""]","[6.088,0.761,0.381]",false,,,inline,porcelain_manufactory,porcelain_manufactory:unique_production_methods:0,0,0.0,2.0,6.0,5.80425,0.1957500000000003,3.3725287504845642,[],0.3,6.666666666666667,/home/jan/development/ProsperOrPerishConstructor/mod/Prosper or Perish (Population Growth & Food Rework)/in_game/common/building_types/zz_pp_porcelain_manufactory.txt,2,constructor,Prosper or Perish Constructor,REPLACE,"[{""file"":""/home/jan/development/ProsperOrPerishConstructor/mod/Prosper or Perish (Population Growth & Food Rework)/in_game/common/building_types/zz_pp_porcelain_manufactory.txt"",""layer_id"":""constructor"",""layer_name"":""Prosper or Perish Constructor"",""line"":2,""mod_name"":""Prosper or Perish Constructor"",""mode"":""REPLACE""}]"
pp_pottery_guild_pottery_maintenance,guild_input,pottery,1.0,"[""clay"",""lumber"",""tools""]","[1.079,0.129,0.054]",false,,,inline,pottery_guild,pottery_guild:unique_production_methods:0,0,0.0,1.0,1.0,0.94075,0.059250000000000025,6.298166356630351,[],0.3,3.3333333333333335,/home/jan/development/ProsperOrPerishConstructor/mod/Prosper or Perish (Population Growth & Food Rework)/in_game/common/building_types/zz_pp_pottery_guild.txt,2,constructor,Prosper or Perish Constructor,REPLACE,"[{""file"":""/home/jan/development/ProsperOrPerishConstructor/mod/Prosper or Perish (Population Growth & Food Rework)/in_game/common/building_types/zz_pp_pottery_guild.txt"",""layer_id"":""constructor"",""layer_name"":""Prosper or Perish Constructor"",""line"":2,""mod_name"":""Prosper or Perish Constructor"",""mode"":""REPLACE""}]"
pp_pottery_workshop_pottery_w_maintenance,workshop_input,pottery,1.1,"[""clay"",""lumber"",""tools""]","[1.099,0.11,0.055]",false,,,inline,pottery_workshop,pottery_workshop:unique_production_methods:0,0,0.0,1.1,1.1,0.92075,0.17925000000000013,19.46782514254685,[],0.3,3.666666666666667,/home/jan/development/ProsperOrPerishConstructor/mod/Prosper or Perish (Population Growth & Food Rework)/in_game/common/building_types/zz_pp_pottery_workshop.txt,2,constructor,Prosper or Perish Constructor,REPLACE,"[{""file"":""/home/jan/development/ProsperOrPerishConstructor/mod/Prosper or Perish (Population Growth & Food Rework)/in_game/common/building_types/zz_pp_pottery_workshop.txt"",""layer_id"":""constructor"",""layer_name"":""Prosper or Perish Constructor"",""line"":2,""mod_name"":""Prosper or Perish Constructor"",""mode"":""REPLACE""}]"
pp_pottery_manufactory_pottery_manufactory_maintenance,manufactory_input,pottery,1.5,"[""clay"",""lumber"",""tools""]","[1.136,0.17,0.114]",false,,,inline,pottery_manufactory,pottery_manufactory:unique_production_methods:0,0,0.0,1.5,1.5,1.236,0.264,21.359223300970875,[],0.3,5.0,/home/jan/development/ProsperOrPerishConstructor/mod/Prosper or Perish (Population Growth & Food Rework)/in_game/common/building_types/zz_pp_pottery_manufactory.txt,2,constructor,Prosper or Perish Constructor,REPLACE,"[{""file"":""/home/jan/development/ProsperOrPerishConstructor/mod/Prosper or Perish (Population Growth & Food Rework)/in_game/common/building_types/zz_pp_pottery_manufactory.txt"",""layer_id"":""constructor"",""layer_name"":""Prosper or Perish Constructor"",""line"":2,""mod_name"":""Prosper or Perish Constructor"",""mode"":""REPLACE""}]"
pp_pottery_mill_pottery_mill_maintenance,mills_input,pottery,3.25,"[""clay"",""lumber"",""tools""]","[3.753,0.333,0.166]",false,,,inline,pottery_mill,pottery_mill:unique_production_methods:0,0,0.0,3.25,3.25,2.99875,0.2512500000000002,8.378491037932479,[],1.0,3.25,/home/jan/development/ProsperOrPerishConstructor/mod/Prosper or Perish (Population Growth & Food Rework)/in_game/common/building_types/zz_pp_pottery_mill.txt,2,constructor,Prosper or Perish Constructor,REPLACE,"[{""file"":""/home/jan/development/ProsperOrPerishConstructor/mod/Prosper or Perish (Population Growth & Food Rework)/in_game/common/building_types/zz_pp_pottery_mill.txt"",""layer_id"":""constructor"",""layer_name"":""Prosper or Perish Constructor"",""line"":2,""mod_name"":""Prosper or Perish Constructor"",""mode"":""REPLACE""}]"
pp_saltpeter_guild_demands,guild_input,saltpeter,1.0,"[""pottery"",""livestock""]","[0.2,1.0]",false,,,inline,saltpeter_guild,saltpeter_guild:unique_production_methods:0,0,0.0,1.0,2.0,1.7,0.30000000000000004,17.647058823529417,[],0.1,10.0,/home/jan/development/ProsperOrPerishConstructor/mod/Prosper or Perish (Population Growth & Food Rework)/in_game/common/building_types/zz_pp_saltpeter_guild.txt,2,constructor,Prosper or Perish Constructor,REPLACE,"[{""file"":""/home/jan/development/ProsperOrPerishConstructor/mod/Prosper or Perish (Population Growth & Food Rework)/in_game/common/building_types/zz_pp_saltpeter_guild.txt"",""layer_id"":""constructor"",""layer_name"":""Prosper or Perish Constructor"",""line"":2,""mod_name"":""Prosper or Perish Constructor"",""mode"":""REPLACE""}]"
pp_saltpeter_workshop_demands,workshop_input,saltpeter,1.1,"[""pottery"",""livestock""]","[0.15,0.9]",false,,,inline,saltpeter_workshop,saltpeter_workshop:unique_production_methods:0,0,0.0,1.1,2.2,1.5,0.7000000000000002,46.66666666666668,[],0.1,11.0,/home/jan/development/ProsperOrPerishConstructor/mod/Prosper or Perish (Population Growth & Food Rework)/in_game/common/building_types/zz_pp_saltpeter_workshop.txt,2,constructor,Prosper or Perish Constructor,REPLACE,"[{""file"":""/home/jan/development/ProsperOrPerishConstructor/mod/Prosper or Perish (Population Growth & Food Rework)/in_game/common/building_types/zz_pp_saltpeter_workshop.txt"",""layer_id"":""constructor"",""layer_name"":""Prosper or Perish Constructor"",""line"":2,""mod_name"":""Prosper or Perish Constructor"",""mode"":""REPLACE""}]"
pp_putrefaction_works_demands,manufactory_input,saltpeter,2.0,"[""pottery"",""livestock""]","[0.6,1.2]",false,,,inline,putrefaction_works,putrefaction_works:unique_production_methods:0,0,0.0,2.0,4.0,2.4,1.6,66.66666666666667,[],0.2,10.0,/home/jan/development/ProsperOrPerishConstructor/mod/Prosper or Perish (Population Growth & Food Rework)/in_game/common/building_types/zz_pp_putrefaction_works.txt,2,constructor,Prosper or Perish Constructor,REPLACE,"[{""file"":""/home/jan/development/ProsperOrPerishConstructor/mod/Prosper or Perish (Population Growth & Food Rework)/in_game/common/building_types/zz_pp_putrefaction_works.txt"",""layer_id"":""constructor"",""layer_name"":""Prosper or Perish Constructor"",""line"":2,""mod_name"":""Prosper or Perish Constructor"",""mode"":""REPLACE""}]"
pp_putrefaction_mill_demands,mills_input,saltpeter,4.0,"[""pottery"",""livestock""]","[1.1,2.0]",false,,,inline,putrefaction_mill,putrefaction_mill:unique_production_methods:0,0,0.0,4.0,8.0,4.1,3.9000000000000004,95.12195121951221,[],0.5,8.0,/home/jan/development/ProsperOrPerishConstructor/mod/Prosper or Perish (Population Growth & Food Rework)/in_game/common/building_types/zz_pp_putrefaction_mill.txt,2,constructor,Prosper or Perish Constructor,REPLACE,"[{""file"":""/home/jan/development/ProsperOrPerishConstructor/mod/Prosper or Perish (Population Growth & Food Rework)/in_game/common/building_types/zz_pp_putrefaction_mill.txt"",""layer_id"":""constructor"",""layer_name"":""Prosper or Perish Constructor"",""line"":2,""mod_name"":""Prosper or Perish Constructor"",""mode"":""REPLACE""}]"
pp_tools_guild_metalwork_guild_maintenance,guild_input,tools,1.0,"[""iron""]",[0.837],false,,,inline,tools_guild,tools_guild:unique_production_methods:0,0,0.0,1.0,3.25,2.9295,0.3205,10.940433521078683,[],0.3,3.3333333333333335,/home/jan/development/ProsperOrPerishConstructor/mod/Prosper or Perish (Population Growth & Food Rework)/in_game/common/building_types/zz_pp_tools_guild.txt,2,constructor,Prosper or Perish Constructor,REPLACE,"[{""file"":""/home/jan/development/ProsperOrPerishConstructor/mod/Prosper or Perish (Population Growth & Food Rework)/in_game/common/building_types/zz_pp_tools_guild.txt"",""layer_id"":""constructor"",""layer_name"":""Prosper or Perish Constructor"",""line"":2,""mod_name"":""Prosper or Perish Constructor"",""mode"":""REPLACE""}]"
pp_tools_guild_stone_tools_guild_maintenance,guild_input,tools,0.25,"[""stone""]",[0.678],false,,,inline,tools_guild,tools_guild:unique_production_methods:0,0,0.0,0.25,0.8125,0.678,0.13449999999999995,19.837758112094388,[],0.3,0.8333333333333334,/home/jan/development/ProsperOrPerishConstructor/mod/Prosper or Perish (Population Growth & Food Rework)/in_game/common/building_types/zz_pp_tools_guild.txt,2,constructor,Prosper or Perish Constructor,REPLACE,"[{""file"":""/home/jan/development/ProsperOrPerishConstructor/mod/Prosper or Perish (Population Growth & Food Rework)/in_game/common/building_types/zz_pp_tools_guild.txt"",""layer_id"":""constructor"",""layer_name"":""Prosper or Perish Constructor"",""line"":2,""mod_name"":""Prosper or Perish Constructor"",""mode"":""REPLACE""}]"
pp_tools_guild_bronze_tools_guild_maintenance,guild_input,tools,0.6,"[""copper"",""tin""]","[0.547,0.044]",false,,,inline,tools_guild,tools_guild:unique_production_methods:0,0,0.0,0.6,1.95,1.729,0.22099999999999986,12.781954887218037,[],0.3,2.0,/home/jan/development/ProsperOrPerishConstructor/mod/Prosper or Perish (Population Growth & Food Rework)/in_game/common/building_types/zz_pp_tools_guild.txt,2,constructor,Prosper or Perish Constructor,REPLACE,"[{""file"":""/home/jan/development/ProsperOrPerishConstructor/mod/Prosper or Perish (Population Growth & Food Rework)/in_game/common/building_types/zz_pp_tools_guild.txt"",""layer_id"":""constructor"",""layer_name"":""Prosper or Perish Constructor"",""line"":2,""mod_name"":""Prosper or Perish Constructor"",""mode"":""REPLACE""}]"
pp_tools_guild_copper_tools_guild_maintenance,guild_input,tools,0.55,"[""copper""]",[0.526],false,,,inline,tools_guild,tools_guild:unique_production_methods:0,0,0.0,0.55,1.7875,1.578,0.20950000000000002,13.276299112801016,[],0.3,1.8333333333333335,/home/jan/development/ProsperOrPerishConstructor/mod/Prosper or Perish (Population Growth & Food Rework)/in_game/common/building_types/zz_pp_tools_guild.txt,2,constructor,Prosper or Perish Constructor,REPLACE,"[{""file"":""/home/jan/development/ProsperOrPerishConstructor/mod/Prosper or Perish (Population Growth & Food Rework)/in_game/common/building_types/zz_pp_tools_guild.txt"",""layer_id"":""constructor"",""layer_name"":""Prosper or Perish Constructor"",""line"":2,""mod_name"":""Prosper or Perish Constructor"",""mode"":""REPLACE""}]"
pp_tools_workshop_metalwork_workshop_maintenance,workshop_input,tools,1.1,"[""iron""]",[0.88],false,,,inline,tools_workshop,tools_workshop:unique_production_methods:0,0,0.0,1.1,3.575,3.08,0.4950000000000001,16.071428571428577,[],0.3,3.666666666666667,/home/jan/development/ProsperOrPerishConstructor/mod/Prosper or Perish (Population Growth & Food Rework)/in_game/common/building_types/zz_pp_tools_workshop.txt,2,constructor,Prosper or Perish Constructor,REPLACE,"[{""file"":""/home/jan/development/ProsperOrPerishConstructor/mod/Prosper or Perish (Population Growth & Food Rework)/in_game/common/building_types/zz_pp_tools_workshop.txt"",""layer_id"":""constructor"",""layer_name"":""Prosper or Perish Constructor"",""line"":2,""mod_name"":""Prosper or Perish Constructor"",""mode"":""REPLACE""}]"
pp_iron_foundry_iron_foundry_maintenance,manufactory_input,tools,2.0,"[""iron"",""coal""]","[1.427,0.357]",false,,,inline,iron_foundry,iron_foundry:unique_production_methods:0,0,0.0,2.0,6.5,5.708500000000001,0.7914999999999992,13.865288604712255,[],1.0,2.0,/home/jan/development/ProsperOrPerishConstructor/mod/Prosper or Perish (Population Growth & Food Rework)/in_game/common/building_types/zz_pp_iron_foundry.txt,2,constructor,Prosper or Perish Constructor,REPLACE,"[{""file"":""/home/jan/development/ProsperOrPerishConstructor/mod/Prosper or Perish (Population Growth & Food Rework)/in_game/common/building_types/zz_pp_iron_foundry.txt"",""layer_id"":""constructor"",""layer_name"":""Prosper or Perish Constructor"",""line"":2,""mod_name"":""Prosper or Perish Constructor"",""mode"":""REPLACE""}]"
pp_iron_mill_iron_mill_maintenance,mills_input,tools,4.0,"[""iron"",""coal""]","[2.927,0.733]",false,,,inline,iron_mill,iron_mill:unique_production_methods:0,0,0.0,4.0,13.0,11.7105,1.2895000000000003,11.01148541906836,[],1.0,4.0,/home/jan/development/ProsperOrPerishConstructor/mod/Prosper or Perish (Population Growth & Food Rework)/in_game/common/building_types/zz_pp_iron_mill.txt,2,constructor,Prosper or Perish Constructor,REPLACE,"[{""file"":""/home/jan/development/ProsperOrPerishConstructor/mod/Prosper or Perish (Population Growth & Food Rework)/in_game/common/building_types/zz_pp_iron_mill.txt"",""layer_id"":""constructor"",""layer_name"":""Prosper or Perish Constructor"",""line"":2,""mod_name"":""Prosper or Perish Constructor"",""mode"":""REPLACE""}]"
pp_iron_mill_steel_tools,mills_input,tools,4.0,"[""steel""]",[2.342],false,,,inline,iron_mill,iron_mill:unique_production_methods:0,0,0.0,4.0,13.0,11.71,1.2899999999999991,11.01622544833475,[],1.0,4.0,/home/jan/development/ProsperOrPerishConstructor/mod/Prosper or Perish (Population Growth & Food Rework)/in_game/common/building_types/zz_pp_iron_mill.txt,2,constructor,Prosper or Perish Constructor,REPLACE,"[{""file"":""/home/jan/development/ProsperOrPerishConstructor/mod/Prosper or Perish (Population Growth & Food Rework)/in_game/common/building_types/zz_pp_iron_mill.txt"",""layer_id"":""constructor"",""layer_name"":""Prosper or Perish Constructor"",""line"":2,""mod_name"":""Prosper or Perish Constructor"",""mode"":""REPLACE""}]"
pp_weapon_guild_pre_columbian_weapon_smith_maintenance,guild_input,weaponry,0.4,"[""lumber"",""stone""]","[0.07,1.005]",false,,,inline,weapon_guild,weapon_guild:unique_production_methods:0,0,0.0,0.4,1.2000000000000002,1.1275,0.07250000000000023,6.430155210643036,[],0.3,1.3333333333333335,/home/jan/development/ProsperOrPerishConstructor/mod/Prosper or Perish (Population Growth & Food Rework)/in_game/common/building_types/zz_pp_weapon_guild.txt,2,constructor,Prosper or Perish Constructor,REPLACE,"[{""file"":""/home/jan/development/ProsperOrPerishConstructor/mod/Prosper or Perish (Population Growth & Food Rework)/in_game/common/building_types/zz_pp_weapon_guild.txt"",""layer_id"":""constructor"",""layer_name"":""Prosper or Perish Constructor"",""line"":2,""mod_name"":""Prosper or Perish Constructor"",""mode"":""REPLACE""}]"
pp_weapon_guild_weapon_smith_maintenance,guild_input,weaponry,1.0,"[""lumber"",""coal"",""tools""]","[0.288,0.347,0.577]",false,,,inline,weapon_guild,weapon_guild:unique_production_methods:0,0,0.0,1.0,3.0,3.07325,-0.07324999999999982,-2.3834702676319797,[],0.3,3.3333333333333335,/home/jan/development/ProsperOrPerishConstructor/mod/Prosper or Perish (Population Growth & Food Rework)/in_game/common/building_types/zz_pp_weapon_guild.txt,2,constructor,Prosper or Perish Constructor,REPLACE,"[{""file"":""/home/jan/development/ProsperOrPerishConstructor/mod/Prosper or Perish (Population Growth & Food Rework)/in_game/common/building_types/zz_pp_weapon_guild.txt"",""layer_id"":""constructor"",""layer_name"":""Prosper or Perish Constructor"",""line"":2,""mod_name"":""Prosper or Perish Constructor"",""mode"":""REPLACE""}]"
pp_weapon_guild_weapon_guild_obsidian_maintenance,guild_input,weaponry,0.4,"[""lumber"",""stone"",""gems""]","[0.122,0.507,0.102]",false,,,inline,weapon_guild,weapon_guild:unique_production_methods:0,0,0.0,0.4,1.2000000000000002,1.1285,0.07150000000000012,6.335844040762084,[],0.3,1.3333333333333335,/home/jan/development/ProsperOrPerishConstructor/mod/Prosper or Perish (Population Growth & Food Rework)/in_game/common/building_types/zz_pp_weapon_guild.txt,2,constructor,Prosper or Perish Constructor,REPLACE,"[{""file"":""/home/jan/development/ProsperOrPerishConstructor/mod/Prosper or Perish (Population Growth & Food Rework)/in_game/common/building_types/zz_pp_weapon_guild.txt"",""layer_id"":""constructor"",""layer_name"":""Prosper or Perish Constructor"",""line"":2,""mod_name"":""Prosper or Perish Constructor"",""mode"":""REPLACE""}]"
pp_weapon_workshop_weapon_workshop_maintenance,workshop_input,weaponry,1.1,"[""lumber"",""coal"",""iron"",""tools""]","[0.353,0.353,0.294,0.235]",false,,,inline,weapon_workshop,weapon_workshop:unique_production_methods:0,0,0.0,1.1,3.3000000000000003,3.1165,0.18350000000000044,5.888015401893163,[],0.3,3.666666666666667,/home/jan/development/ProsperOrPerishConstructor/mod/Prosper or Perish (Population Growth & Food Rework)/in_game/common/building_types/zz_pp_weapon_workshop.txt,2,constructor,Prosper or Perish Constructor,REPLACE,"[{""file"":""/home/jan/development/ProsperOrPerishConstructor/mod/Prosper or Perish (Population Growth & Food Rework)/in_game/common/building_types/zz_pp_weapon_workshop.txt"",""layer_id"":""constructor"",""layer_name"":""Prosper or Perish Constructor"",""line"":2,""mod_name"":""Prosper or Perish Constructor"",""mode"":""REPLACE""}]"
pp_weapon_manufactory_weapon_manufactory_maintenance,manufactory_input,weaponry,2.0,"[""lumber"",""coal"",""iron"",""tools""]","[0.638,0.638,0.51,0.51]",false,,,inline,weapon_manufactory,weapon_manufactory:unique_production_methods:0,0,0.0,2.0,6.0,5.835,0.16500000000000004,2.8277634961439593,[],0.3,6.666666666666667,/home/jan/development/ProsperOrPerishConstructor/mod/Prosper or Perish (Population Growth & Food Rework)/in_game/common/building_types/zz_pp_weapon_manufactory.txt,2,constructor,Prosper or Perish Constructor,REPLACE,"[{""file"":""/home/jan/development/ProsperOrPerishConstructor/mod/Prosper or Perish (Population Growth & Food Rework)/in_game/common/building_types/zz_pp_weapon_manufactory.txt"",""layer_id"":""constructor"",""layer_name"":""Prosper or Perish Constructor"",""line"":2,""mod_name"":""Prosper or Perish Constructor"",""mode"":""REPLACE""}]"
pp_weapon_factory_weapon_factory_maintenance,mills_input,weaponry,4.0,"[""steel"",""coal"",""lumber""]","[1.911,0.574,0.574]",false,,,inline,weapon_factory,weapon_factory:unique_production_methods:0,0,0.0,4.0,12.0,11.7075,0.2925000000000004,2.4983984625240265,[],1.0,4.0,/home/jan/development/ProsperOrPerishConstructor/mod/Prosper or Perish (Population Growth & Food Rework)/in_game/common/building_types/zz_pp_weapon_factory.txt,2,constructor,Prosper or Perish Constructor,REPLACE,"[{""file"":""/home/jan/development/ProsperOrPerishConstructor/mod/Prosper or Perish (Population Growth & Food Rework)/in_game/common/building_types/zz_pp_weapon_factory.txt"",""layer_id"":""constructor"",""layer_name"":""Prosper or Perish Constructor"",""line"":2,""mod_name"":""Prosper or Perish Constructor"",""mode"":""REPLACE""}]"
pp_winery_fruit_winery_maintenance,guild_input,wine,1.0,"[""fruit"",""lumber"",""tools""]","[1.305,0.178,0.104]",false,,,inline,winery,winery:unique_production_methods:0,0,0.0,1.0,2.0,1.9545,0.045500000000000096,2.327961115374781,[],0.3,3.3333333333333335,/home/jan/development/ProsperOrPerishConstructor/mod/Prosper or Perish (Population Growth & Food Rework)/in_game/common/building_types/zz_pp_winery.txt,2,constructor,Prosper or Perish Constructor,REPLACE,"[{""file"":""/home/jan/development/ProsperOrPerishConstructor/mod/Prosper or Perish (Population Growth & Food Rework)/in_game/common/building_types/zz_pp_winery.txt"",""layer_id"":""constructor"",""layer_name"":""Prosper or Perish Constructor"",""line"":2,""mod_name"":""Prosper or Perish Constructor"",""mode"":""REPLACE""}]"
pp_winery_rice_winery_maintenance,guild_input,wine,1.0,"[""rice"",""lumber"",""tools""]","[1.317,0.169,0.105]",false,,,inline,winery,winery:unique_production_methods:0,0,0.0,1.0,2.0,1.954,0.04600000000000004,2.354145342886389,[],0.3,3.3333333333333335,/home/jan/development/ProsperOrPerishConstructor/mod/Prosper or Perish (Population Growth & Food Rework)/in_game/common/building_types/zz_pp_winery.txt,2,constructor,Prosper or Perish Constructor,REPLACE,"[{""file"":""/home/jan/development/ProsperOrPerishConstructor/mod/Prosper or Perish (Population Growth & Food Rework)/in_game/common/building_types/zz_pp_winery.txt"",""layer_id"":""constructor"",""layer_name"":""Prosper or Perish Constructor"",""line"":2,""mod_name"":""Prosper or Perish Constructor"",""mode"":""REPLACE""}]"
pp_winery_honey_winery_maintenance,guild_input,wine,1.0,"[""beeswax"",""lumber"",""tools""]","[0.625,0.208,0.105]",false,,,inline,winery,winery:unique_production_methods:0,0,0.0,1.0,2.0,1.95525,0.04475000000000007,2.288709883646596,[],0.3,3.3333333333333335,/home/jan/development/ProsperOrPerishConstructor/mod/Prosper or Perish (Population Growth & Food Rework)/in_game/common/building_types/zz_pp_winery.txt,2,constructor,Prosper or Perish Constructor,REPLACE,"[{""file"":""/home/jan/development/ProsperOrPerishConstructor/mod/Prosper or Perish (Population Growth & Food Rework)/in_game/common/building_types/zz_pp_winery.txt"",""layer_id"":""constructor"",""layer_name"":""Prosper or Perish Constructor"",""line"":2,""mod_name"":""Prosper or Perish Constructor"",""mode"":""REPLACE""}]"
pp_winery_manufactory_fruit_winery_manufactory_maintenance,guild_input,wine,2.0,"[""fruit"",""lumber"",""tools""]","[2.202,0.464,0.231]",false,,,inline,winery_manufactory,winery_manufactory:unique_production_methods:0,0,0.0,2.0,4.0,3.7647500000000003,0.23524999999999974,6.248754897403538,[],0.3,6.666666666666667,/home/jan/development/ProsperOrPerishConstructor/mod/Prosper or Perish (Population Growth & Food Rework)/in_game/common/building_types/zz_pp_winery_manufactory.txt,2,constructor,Prosper or Perish Constructor,REPLACE,"[{""file"":""/home/jan/development/ProsperOrPerishConstructor/mod/Prosper or Perish (Population Growth & Food Rework)/in_game/common/building_types/zz_pp_winery_manufactory.txt"",""layer_id"":""constructor"",""layer_name"":""Prosper or Perish Constructor"",""line"":2,""mod_name"":""Prosper or Perish Constructor"",""mode"":""REPLACE""}]"
pp_winery_manufactory_rice_winery_manufactory_maintenance,manufactory_input,wine,2.0,"[""rice"",""lumber"",""tools""]","[2.202,0.464,0.231]",false,,,inline,winery_manufactory,winery_manufactory:unique_production_methods:0,0,0.0,2.0,4.0,3.7647500000000003,0.23524999999999974,6.248754897403538,[],0.3,6.666666666666667,/home/jan/development/ProsperOrPerishConstructor/mod/Prosper or Perish (Population Growth & Food Rework)/in_game/common/building_types/zz_pp_winery_manufactory.txt,2,constructor,Prosper or Perish Constructor,REPLACE,"[{""file"":""/home/jan/development/ProsperOrPerishConstructor/mod/Prosper or Perish (Population Growth & Food Rework)/in_game/common/building_types/zz_pp_winery_manufactory.txt"",""layer_id"":""constructor"",""layer_name"":""Prosper or Perish Constructor"",""line"":2,""mod_name"":""Prosper or Perish Constructor"",""mode"":""REPLACE""}]"
pp_winery_manufactory_honey_winery_manufactory_maintenance,manufactory_input,wine,2.0,"[""beeswax"",""lumber"",""tools""]","[1.123,0.449,0.225]",false,,,inline,winery_manufactory,winery_manufactory:unique_production_methods:0,0,0.0,2.0,4.0,3.7630000000000003,0.23699999999999966,6.298166356630339,[],0.3,6.666666666666667,/home/jan/development/ProsperOrPerishConstructor/mod/Prosper or Perish (Population Growth & Food Rework)/in_game/common/building_types/zz_pp_winery_manufactory.txt,2,constructor,Prosper or Perish Constructor,REPLACE,"[{""file"":""/home/jan/development/ProsperOrPerishConstructor/mod/Prosper or Perish (Population Growth & Food Rework)/in_game/common/building_types/zz_pp_winery_manufactory.txt"",""layer_id"":""constructor"",""layer_name"":""Prosper or Perish Constructor"",""line"":2,""mod_name"":""Prosper or Perish Constructor"",""mode"":""REPLACE""}]"
pp_apothecary_natural_medicine_apotechary,guild_input,medicaments,0.5,"[""wild_game"",""fiber_crops""]","[0.047,0.19]",false,,,inline,apothecary,apothecary:unique_production_methods:0,0,0.0,0.5,0.5,0.427,0.07300000000000001,17.096018735363,[],0.3,1.6666666666666667,/home/jan/development/ProsperOrPerishConstructor/mod/Prosper or Perish (Population Growth & Food Rework)/in_game/common/building_types/zz_pp_apothecary.txt,2,constructor,Prosper or Perish Constructor,REPLACE,"[{""file"":""/home/jan/development/ProsperOrPerishConstructor/mod/Prosper or Perish (Population Growth & Food Rework)/in_game/common/building_types/zz_pp_apothecary.txt"",""layer_id"":""constructor"",""layer_name"":""Prosper or Perish Constructor"",""line"":2,""mod_name"":""Prosper or Perish Constructor"",""mode"":""REPLACE""}]"
pp_apothecary_ancient_medicine_apotechary,guild_input,medicaments,0.5,"[""mercury"",""ivory""]","[0.019,0.093]",false,,,inline,apothecary,apothecary:unique_production_methods:0,0,0.0,0.5,0.5,0.429,0.07100000000000001,16.550116550116552,[],0.3,1.6666666666666667,/home/jan/development/ProsperOrPerishConstructor/mod/Prosper or Perish (Population Growth & Food Rework)/in_game/common/building_types/zz_pp_apothecary.txt,2,constructor,Prosper or Perish Constructor,REPLACE,"[{""file"":""/home/jan/development/ProsperOrPerishConstructor/mod/Prosper or Perish (Population Growth & Food Rework)/in_game/common/building_types/zz_pp_apothecary.txt"",""layer_id"":""constructor"",""layer_name"":""Prosper or Perish Constructor"",""line"":2,""mod_name"":""Prosper or Perish Constructor"",""mode"":""REPLACE""}]"
pp_jewelry_guild_gold_base,guild_input,jewelry,1.0,"[""goods_gold""]",[0.621],false,,,inline,jewelry_guild,jewelry_guild:unique_production_methods:0,0,0.0,1.0,5.0,5.589,-0.5890000000000004,-10.538557881553057,[],0.3,3.3333333333333335,/home/jan/development/ProsperOrPerishConstructor/mod/Prosper or Perish (Population Growth & Food Rework)/in_game/common/building_types/zz_pp_jewelry_guild.txt,2,constructor,Prosper or Perish Constructor,REPLACE,"[{""file"":""/home/jan/development/ProsperOrPerishConstructor/mod/Prosper or Perish (Population Growth & Food Rework)/in_game/common/building_types/zz_pp_jewelry_guild.txt"",""layer_id"":""constructor"",""layer_name"":""Prosper or Perish Constructor"",""line"":2,""mod_name"":""Prosper or Perish Constructor"",""mode"":""REPLACE""}]"
pp_jewelry_guild_silver_base,guild_input,jewelry,1.0,"[""silver""]",[0.827],false,,,inline,jewelry_guild,jewelry_guild:unique_production_methods:0,0,0.0,1.0,5.0,4.962,0.038000000000000256,0.7658202337767082,[],0.3,3.3333333333333335,/home/jan/development/ProsperOrPerishConstructor/mod/Prosper or Perish (Population Growth & Food Rework)/in_game/common/building_types/zz_pp_jewelry_guild.txt,2,constructor,Prosper or Perish Constructor,REPLACE,"[{""file"":""/home/jan/development/ProsperOrPerishConstructor/mod/Prosper or Perish (Population Growth & Food Rework)/in_game/common/building_types/zz_pp_jewelry_guild.txt"",""layer_id"":""constructor"",""layer_name"":""Prosper or Perish Constructor"",""line"":2,""mod_name"":""Prosper or Perish Constructor"",""mode"":""REPLACE""}]"
pp_jewelry_guild_copper_base,guild_input,jewelry,1.0,"[""copper""]",[1.655],false,,,inline,jewelry_guild,jewelry_guild:unique_production_methods:0,0,0.0,1.0,5.0,4.965,0.03500000000000014,0.7049345417925507,[],0.3,3.3333333333333335,/home/jan/development/ProsperOrPerishConstructor/mod/Prosper or Perish (Population Growth & Food Rework)/in_game/common/building_types/zz_pp_jewelry_guild.txt,2,constructor,Prosper or Perish Constructor,REPLACE,"[{""file"":""/home/jan/development/ProsperOrPerishConstructor/mod/Prosper or Perish (Population Growth & Food Rework)/in_game/common/building_types/zz_pp_jewelry_guild.txt"",""layer_id"":""constructor"",""layer_name"":""Prosper or Perish Constructor"",""line"":2,""mod_name"":""Prosper or Perish Constructor"",""mode"":""REPLACE""}]"
pp_jewelry_guild_ivory_enhancement,guild_input,jewelry,0.1,"[""ivory""]",[0.116],false,,,inline,jewelry_guild,jewelry_guild:unique_production_methods:1,1,0.0,0.1,0.5,0.464,0.035999999999999976,7.758620689655167,[],0.3,0.33333333333333337,/home/jan/development/ProsperOrPerishConstructor/mod/Prosper or Perish (Population Growth & Food Rework)/in_game/common/building_types/zz_pp_jewelry_guild.txt,2,constructor,Prosper or Perish Constructor,REPLACE,"[{""file"":""/home/jan/development/ProsperOrPerishConstructor/mod/Prosper or Perish (Population Growth & Food Rework)/in_game/common/building_types/zz_pp_jewelry_guild.txt"",""layer_id"":""constructor"",""layer_name"":""Prosper or Perish Constructor"",""line"":2,""mod_name"":""Prosper or Perish Constructor"",""mode"":""REPLACE""}]"
pp_jewelry_guild_amber_enhancement,guild_input,jewelry,0.1,"[""amber""]",[0.116],false,,,inline,jewelry_guild,jewelry_guild:unique_production_methods:1,1,0.0,0.1,0.5,0.464,0.035999999999999976,7.758620689655167,[],0.3,0.33333333333333337,/home/jan/development/ProsperOrPerishConstructor/mod/Prosper or Perish (Population Growth & Food Rework)/in_game/common/building_types/zz_pp_jewelry_guild.txt,2,constructor,Prosper or Perish Constructor,REPLACE,"[{""file"":""/home/jan/development/ProsperOrPerishConstructor/mod/Prosper or Perish (Population Growth & Food Rework)/in_game/common/building_types/zz_pp_jewelry_guild.txt"",""layer_id"":""constructor"",""layer_name"":""Prosper or Perish Constructor"",""line"":2,""mod_name"":""Prosper or Perish Constructor"",""mode"":""REPLACE""}]"
pp_jewelry_guild_gems_enhancement,guild_input,jewelry,0.1,"[""gems""]",[0.116],false,,,inline,jewelry_guild,jewelry_guild:unique_production_methods:1,1,0.0,0.1,0.5,0.464,0.035999999999999976,7.758620689655167,[],0.3,0.33333333333333337,/home/jan/development/ProsperOrPerishConstructor/mod/Prosper or Perish (Population Growth & Food Rework)/in_game/common/building_types/zz_pp_jewelry_guild.txt,2,constructor,Prosper or Perish Constructor,REPLACE,"[{""file"":""/home/jan/development/ProsperOrPerishConstructor/mod/Prosper or Perish (Population Growth & Food Rework)/in_game/common/building_types/zz_pp_jewelry_guild.txt"",""layer_id"":""constructor"",""layer_name"":""Prosper or Perish Constructor"",""line"":2,""mod_name"":""Prosper or Perish Constructor"",""mode"":""REPLACE""}]"
pp_jewelry_guild_pearls_enhancement,guild_input,jewelry,0.1,"[""pearls""]",[0.116],false,,,inline,jewelry_guild,jewelry_guild:unique_production_methods:1,1,0.0,0.1,0.5,0.464,0.035999999999999976,7.758620689655167,[],0.3,0.33333333333333337,/home/jan/development/ProsperOrPerishConstructor/mod/Prosper or Perish (Population Growth & Food Rework)/in_game/common/building_types/zz_pp_jewelry_guild.txt,2,constructor,Prosper or Perish Constructor,REPLACE,"[{""file"":""/home/jan/development/ProsperOrPerishConstructor/mod/Prosper or Perish (Population Growth & Food Rework)/in_game/common/building_types/zz_pp_jewelry_guild.txt"",""layer_id"":""constructor"",""layer_name"":""Prosper or Perish Constructor"",""line"":2,""mod_name"":""Prosper or Perish Constructor"",""mode"":""REPLACE""}]"
pp_steel_mill_steel_mill_maintenance,mills_input,steel,4.0,"[""iron"",""coal""]","[3.583,3.583]",false,,,inline,steel_mill,steel_mill:unique_production_methods:0,0,0.0,4.0,20.0,19.706500000000002,0.2934999999999981,1.4893563037576336,[],1.0,4.0,/home/jan/development/ProsperOrPerishConstructor/mod/Prosper or Perish (Population Growth & Food Rework)/in_game/common/building_types/zz_pp_steel_mill.txt,2,constructor,Prosper or Perish Constructor,REPLACE,"[{""file"":""/home/jan/development/ProsperOrPerishConstructor/mod/Prosper or Perish (Population Growth & Food Rework)/in_game/common/building_types/zz_pp_steel_mill.txt"",""layer_id"":""constructor"",""layer_name"":""Prosper or Perish Constructor"",""line"":2,""mod_name"":""Prosper or Perish Constructor"",""mode"":""REPLACE""}]"
pp_perfumery_blended_incense,guild_input,incense,1.0,"[""liquor"",""pepper""]","[0.2,0.25]",false,,,inline,perfumery,perfumery:unique_production_methods:0,0,0.0,1.0,2.5,1.75,0.75,42.857142857142854,[],0.2,5.0,/home/jan/development/ProsperOrPerishConstructor/mod/Prosper or Perish (Population Growth & Food Rework)/in_game/common/building_types/zz_pp_perfumery.txt,2,constructor,Prosper or Perish Constructor,REPLACE,"[{""file"":""/home/jan/development/ProsperOrPerishConstructor/mod/Prosper or Perish (Population Growth & Food Rework)/in_game/common/building_types/zz_pp_perfumery.txt"",""layer_id"":""constructor"",""layer_name"":""Prosper or Perish Constructor"",""line"":2,""mod_name"":""Prosper or Perish Constructor"",""mode"":""REPLACE""}]"
madrasa_maintenance,building_maintenance,,,"[""paper"",""cloth""]","[0.1,0.2]",false,,,inline,madrasa,madrasa:unique_production_methods:0,0,0.0,,0.0,0.8,-0.8,-100.0,[],1.0,,/home/jan/development/ProsperOrPerishConstructor/mod/Prosper or Perish (Population Growth & Food Rework)/in_game/common/building_types/zz_pp_madrasa.txt,2,constructor,Prosper or Perish Constructor,INJECT,"[{""file"":""/mnt/c/Games/steamapps/common/Europa Universalis V/game/in_game/common/building_types/religion_buildings.txt"",""layer_id"":""vanilla"",""layer_name"":""Vanilla"",""line"":134,""mod_name"":null,""mode"":""CREATE""},{""file"":""/home/jan/development/ProsperOrPerishConstructor/mod/Prosper or Perish (Population Growth & Food Rework)/in_game/common/building_types/zz_pp_madrasa.txt"",""layer_id"":""constructor"",""layer_name"":""Prosper or Perish Constructor"",""line"":2,""mod_name"":""Prosper or Perish Constructor"",""mode"":""INJECT""}]"
construction_center_maintenance,building_maintenance,,,"[""masonry"",""tools""]","[0.2,0.25]",false,,,inline,construction_center,construction_center:unique_production_methods:0,0,0.0,,0.0,1.0125,-1.0125,-100.0,[],1.0,,/home/jan/development/ProsperOrPerishConstructor/mod/Prosper or Perish (Population Growth & Food Rework)/in_game/common/building_types/zz_pp_construction_center.txt,2,constructor,Prosper or Perish Constructor,INJECT,"[{""file"":""/mnt/c/Games/steamapps/common/Europa Universalis V/game/in_game/common/building_types/town_buildings.txt"",""layer_id"":""vanilla"",""layer_name"":""Vanilla"",""line"":37,""mod_name"":null,""mode"":""CREATE""},{""file"":""/home/jan/development/ProsperOrPerishConstructor/mod/Prosper or Perish (Population Growth & Food Rework)/in_game/common/building_types/zz_pp_construction_center.txt"",""layer_id"":""constructor"",""layer_name"":""Prosper or Perish Constructor"",""line"":2,""mod_name"":""Prosper or Perish Constructor"",""mode"":""INJECT""}]"
counting_house_maintenance,building_maintenance,,,"[""paper"",""books"",""goods_gold"",""tools""]","[0.2,0.05,0.05,0.1]",false,,,inline,counting_house,counting_house:unique_production_methods:0,0,0.0,,0.0,1.325,-1.325,-100.0,[],1.0,,/home/jan/development/ProsperOrPerishConstructor/mod/Prosper or Perish (Population Growth & Food Rework)/in_game/common/building_types/zz_pp_counting_house.txt,2,constructor,Prosper or Perish Constructor,INJECT,"[{""file"":""/mnt/c/Games/steamapps/common/Europa Universalis V/game/in_game/common/building_types/town_buildings.txt"",""layer_id"":""vanilla"",""layer_name"":""Vanilla"",""line"":77,""mod_name"":null,""mode"":""CREATE""},{""file"":""/home/jan/development/ProsperOrPerishConstructor/mod/Prosper or Perish (Population Growth & Food Rework)/in_game/common/building_types/zz_pp_counting_house.txt"",""layer_id"":""constructor"",""layer_name"":""Prosper or Perish Constructor"",""line"":2,""mod_name"":""Prosper or Perish Constructor"",""mode"":""INJECT""}]"
pp_granary_maintenance,building_maintenance,,,"[""stone""]",[0.02],false,,,inline,granary,granary:unique_production_methods:0,0,0.0,,0.0,0.02,-0.02,-100.0,[],0.25,,/home/jan/development/ProsperOrPerishConstructor/mod/Prosper or Perish (Population Growth & Food Rework)/in_game/common/building_types/zz_pp_granary.txt,2,constructor,Prosper or Perish Constructor,REPLACE,"[{""file"":""/home/jan/development/ProsperOrPerishConstructor/mod/Prosper or Perish (Population Growth & Food Rework)/in_game/common/building_types/zz_pp_granary.txt"",""layer_id"":""constructor"",""layer_name"":""Prosper or Perish Constructor"",""line"":2,""mod_name"":""Prosper or Perish Constructor"",""mode"":""REPLACE""}]"
fortress_granary_maintenance,building_maintenance,,,"[""wheat"",""masonry"",""weaponry"",""cloth"",""copper"",""tin""]","[0.1,0.2,0.05,0.05,0.025,0.01]",false,,,inline,fortress_granary,fortress_granary:unique_production_methods:0,0,0.0,,0.0,0.6950000000000001,-0.6950000000000001,-100.0,[],1.0,,/home/jan/development/ProsperOrPerishConstructor/mod/Prosper or Perish (Population Growth & Food Rework)/in_game/common/building_types/zz_pp_fortress_granary.txt,2,constructor,Prosper or Perish Constructor,INJECT,"[{""file"":""/mnt/c/Games/steamapps/common/Europa Universalis V/game/in_game/common/building_types/town_buildings.txt"",""layer_id"":""vanilla"",""layer_name"":""Vanilla"",""line"":190,""mod_name"":null,""mode"":""CREATE""},{""file"":""/home/jan/development/ProsperOrPerishConstructor/mod/Prosper or Perish (Population Growth & Food Rework)/in_game/common/building_types/zz_pp_fortress_granary.txt"",""layer_id"":""constructor"",""layer_name"":""Prosper or Perish Constructor"",""line"":2,""mod_name"":""Prosper or Perish Constructor"",""mode"":""INJECT""}]"
fortress_millet_granary_maintenance,building_maintenance,,,"[""millet"",""masonry"",""weaponry"",""cloth"",""copper"",""tin""]","[0.1,0.2,0.05,0.05,0.025,0.01]",false,,,inline,fortress_granary,fortress_granary:unique_production_methods:0,0,0.0,,0.0,0.6950000000000001,-0.6950000000000001,-100.0,[],1.0,,/home/jan/development/ProsperOrPerishConstructor/mod/Prosper or Perish (Population Growth & Food Rework)/in_game/common/building_types/zz_pp_fortress_granary.txt,2,constructor,Prosper or Perish Constructor,INJECT,"[{""file"":""/mnt/c/Games/steamapps/common/Europa Universalis V/game/in_game/common/building_types/town_buildings.txt"",""layer_id"":""vanilla"",""layer_name"":""Vanilla"",""line"":190,""mod_name"":null,""mode"":""CREATE""},{""file"":""/home/jan/development/ProsperOrPerishConstructor/mod/Prosper or Perish (Population Growth & Food Rework)/in_game/common/building_types/zz_pp_fortress_granary.txt"",""layer_id"":""constructor"",""layer_name"":""Prosper or Perish Constructor"",""line"":2,""mod_name"":""Prosper or Perish Constructor"",""mode"":""INJECT""}]"
fortress_rice_granary_maintenance,building_maintenance,,,"[""rice"",""masonry"",""weaponry"",""cloth"",""copper"",""tin""]","[0.1,0.2,0.05,0.05,0.025,0.01]",false,,,inline,fortress_granary,fortress_granary:unique_production_methods:0,0,0.0,,0.0,0.6950000000000001,-0.6950000000000001,-100.0,[],1.0,,/home/jan/development/ProsperOrPerishConstructor/mod/Prosper or Perish (Population Growth & Food Rework)/in_game/common/building_types/zz_pp_fortress_granary.txt,2,constructor,Prosper or Perish Constructor,INJECT,"[{""file"":""/mnt/c/Games/steamapps/common/Europa Universalis V/game/in_game/common/building_types/town_buildings.txt"",""layer_id"":""vanilla"",""layer_name"":""Vanilla"",""line"":190,""mod_name"":null,""mode"":""CREATE""},{""file"":""/home/jan/development/ProsperOrPerishConstructor/mod/Prosper or Perish (Population Growth & Food Rework)/in_game/common/building_types/zz_pp_fortress_granary.txt"",""layer_id"":""constructor"",""layer_name"":""Prosper or Perish Constructor"",""line"":2,""mod_name"":""Prosper or Perish Constructor"",""mode"":""INJECT""}]"
fortress_maize_granary_maintenance,building_maintenance,,,"[""maize"",""masonry"",""weaponry"",""cloth"",""copper"",""tin""]","[0.1,0.2,0.05,0.05,0.025,0.01]",false,,,inline,fortress_granary,fortress_granary:unique_production_methods:0,0,0.0,,0.0,0.6950000000000001,-0.6950000000000001,-100.0,[],1.0,,/home/jan/development/ProsperOrPerishConstructor/mod/Prosper or Perish (Population Growth & Food Rework)/in_game/common/building_types/zz_pp_fortress_granary.txt,2,constructor,Prosper or Perish Constructor,INJECT,"[{""file"":""/mnt/c/Games/steamapps/common/Europa Universalis V/game/in_game/common/building_types/town_buildings.txt"",""layer_id"":""vanilla"",""layer_name"":""Vanilla"",""line"":190,""mod_name"":null,""mode"":""CREATE""},{""file"":""/home/jan/development/ProsperOrPerishConstructor/mod/Prosper or Perish (Population Growth & Food Rework)/in_game/common/building_types/zz_pp_fortress_granary.txt"",""layer_id"":""constructor"",""layer_name"":""Prosper or Perish Constructor"",""line"":2,""mod_name"":""Prosper or Perish Constructor"",""mode"":""INJECT""}]"
fortress_qullqa_maintenance,building_maintenance,,,"[""potato"",""maize"",""masonry"",""weaponry"",""cloth"",""copper"",""tin""]","[0.08,0.02,0.2,0.05,0.05,0.025,0.01]",false,,,inline,fortress_granary,fortress_granary:unique_production_methods:0,0,0.0,,0.0,0.6950000000000001,-0.6950000000000001,-100.0,[],1.0,,/home/jan/development/ProsperOrPerishConstructor/mod/Prosper or Perish (Population Growth & Food Rework)/in_game/common/building_types/zz_pp_fortress_granary.txt,2,constructor,Prosper or Perish Constructor,INJECT,"[{""file"":""/mnt/c/Games/steamapps/common/Europa Universalis V/game/in_game/common/building_types/town_buildings.txt"",""layer_id"":""vanilla"",""layer_name"":""Vanilla"",""line"":190,""mod_name"":null,""mode"":""CREATE""},{""file"":""/home/jan/development/ProsperOrPerishConstructor/mod/Prosper or Perish (Population Growth & Food Rework)/in_game/common/building_types/zz_pp_fortress_granary.txt"",""layer_id"":""constructor"",""layer_name"":""Prosper or Perish Constructor"",""line"":2,""mod_name"":""Prosper or Perish Constructor"",""mode"":""INJECT""}]"
pp_grain_house_maintenance,building_maintenance,,,"[""stone""]",[0.02],false,,,inline,grain_house,grain_house:unique_production_methods:0,0,0.0,,0.0,0.02,-0.02,-100.0,[],1.0,,/home/jan/development/ProsperOrPerishConstructor/mod/Prosper or Perish (Population Growth & Food Rework)/in_game/common/building_types/zz_pp_grain_house.txt,2,constructor,Prosper or Perish Constructor,REPLACE,"[{""file"":""/home/jan/development/ProsperOrPerishConstructor/mod/Prosper or Perish (Population Growth & Food Rework)/in_game/common/building_types/zz_pp_grain_house.txt"",""layer_id"":""constructor"",""layer_name"":""Prosper or Perish Constructor"",""line"":2,""mod_name"":""Prosper or Perish Constructor"",""mode"":""REPLACE""}]"
wharf_maintenance,building_maintenance,,,"[""tar"",""naval_supplies"",""tools"",""lumber""]","[0.1,0.05,0.1,0.1]",false,,,inline,wharf,wharf:unique_production_methods:0,0,0.0,,0.0,0.8500000000000001,-0.8500000000000001,-100.0,[],1.0,,/home/jan/development/ProsperOrPerishConstructor/mod/Prosper or Perish (Population Growth & Food Rework)/in_game/common/building_types/zz_pp_wharf.txt,2,constructor,Prosper or Perish Constructor,INJECT,"[{""file"":""/mnt/c/Games/steamapps/common/Europa Universalis V/game/in_game/common/building_types/town_buildings.txt"",""layer_id"":""vanilla"",""layer_name"":""Vanilla"",""line"":357,""mod_name"":null,""mode"":""CREATE""},{""file"":""/home/jan/development/ProsperOrPerishConstructor/mod/Prosper or Perish (Population Growth & Food Rework)/in_game/common/building_types/zz_pp_wharf.txt"",""layer_id"":""constructor"",""layer_name"":""Prosper or Perish Constructor"",""line"":2,""mod_name"":""Prosper or Perish Constructor"",""mode"":""INJECT""}]"
lazaretto_maintenance,building_maintenance,,,"[""fiber_crops"",""books"",""medicaments""]","[0.15,0.05,0.03]",false,,,inline,lazaretto,lazaretto:unique_production_methods:0,0,0.0,,0.0,0.48,-0.48,-100.0,[],1.0,,/home/jan/development/ProsperOrPerishConstructor/mod/Prosper or Perish (Population Growth & Food Rework)/in_game/common/building_types/zz_pp_lazaretto.txt,2,constructor,Prosper or Perish Constructor,INJECT,"[{""file"":""/mnt/c/Games/steamapps/common/Europa Universalis V/game/in_game/common/building_types/town_buildings.txt"",""layer_id"":""vanilla"",""layer_name"":""Vanilla"",""line"":438,""mod_name"":null,""mode"":""CREATE""},{""file"":""/home/jan/development/ProsperOrPerishConstructor/mod/Prosper or Perish (Population Growth & Food Rework)/in_game/common/building_types/zz_pp_lazaretto.txt"",""layer_id"":""constructor"",""layer_name"":""Prosper or Perish Constructor"",""line"":2,""mod_name"":""Prosper or Perish Constructor"",""mode"":""INJECT""}]"
pest_house_maintenance,building_maintenance,,,"[""fiber_crops"",""incense""]","[0.1,0.1]",false,,,inline,pest_house,pest_house:unique_production_methods:0,0,0.0,,0.0,0.45,-0.45,-100.0,[],1.0,,/home/jan/development/ProsperOrPerishConstructor/mod/Prosper or Perish (Population Growth & Food Rework)/in_game/common/building_types/zz_pp_pest_house.txt,2,constructor,Prosper or Perish Constructor,INJECT,"[{""file"":""/mnt/c/Games/steamapps/common/Europa Universalis V/game/in_game/common/building_types/town_buildings.txt"",""layer_id"":""vanilla"",""layer_name"":""Vanilla"",""line"":468,""mod_name"":null,""mode"":""CREATE""},{""file"":""/home/jan/development/ProsperOrPerishConstructor/mod/Prosper or Perish (Population Growth & Food Rework)/in_game/common/building_types/zz_pp_pest_house.txt"",""layer_id"":""constructor"",""layer_name"":""Prosper or Perish Constructor"",""line"":2,""mod_name"":""Prosper or Perish Constructor"",""mode"":""INJECT""}]"
pp_slave_market_slave_market_maintenance,building_maintenance,slaves_goods,2.0,"[""leather"",""tools"",""weaponry"",""paper""]","[0.624,0.567,0.499,0.43]",false,,,inline,slave_market,slave_market:unique_production_methods:0,0,0.0,2.0,6.0,6.07175,-0.07174999999999976,-1.1817021451805454,[],0.3,6.666666666666667,/home/jan/development/ProsperOrPerishConstructor/mod/Prosper or Perish (Population Growth & Food Rework)/in_game/common/building_types/zz_pp_slave_market.txt,2,constructor,Prosper or Perish Constructor,REPLACE,"[{""file"":""/home/jan/development/ProsperOrPerishConstructor/mod/Prosper or Perish (Population Growth & Food Rework)/in_game/common/building_types/zz_pp_slave_market.txt"",""layer_id"":""constructor"",""layer_name"":""Prosper or Perish Constructor"",""line"":2,""mod_name"":""Prosper or Perish Constructor"",""mode"":""REPLACE""}]"
marketplace_maintenance,building_maintenance,,,"[""cloth"",""jewelry"",""paper"",""salt""]","[0.06,0.05,0.05,0.06]",false,,,inline,marketplace,marketplace:unique_production_methods:0,0,0.0,,0.0,0.8300000000000001,-0.8300000000000001,-100.0,[],1.0,,/home/jan/development/ProsperOrPerishConstructor/mod/Prosper or Perish (Population Growth & Food Rework)/in_game/common/building_types/zz_pp_marketplace.txt,2,constructor,Prosper or Perish Constructor,INJECT,"[{""file"":""/mnt/c/Games/steamapps/common/Europa Universalis V/game/in_game/common/building_types/trade_buildings.txt"",""layer_id"":""vanilla"",""layer_name"":""Vanilla"",""line"":1,""mod_name"":null,""mode"":""CREATE""},{""file"":""/home/jan/development/ProsperOrPerishConstructor/mod/Prosper or Perish (Population Growth & Food Rework)/in_game/common/building_types/zz_pp_marketplace.txt"",""layer_id"":""constructor"",""layer_name"":""Prosper or Perish Constructor"",""line"":2,""mod_name"":""Prosper or Perish Constructor"",""mode"":""INJECT""}]"
merchants_quarters_maintenance,building_maintenance,,,"[""cloth"",""jewelry"",""paper"",""salt"",""beeswax""]","[0.075,0.075,0.075,0.075,0.03]",false,,,inline,merchants_quarters,merchants_quarters:unique_production_methods:0,0,0.0,,0.0,1.185,-1.185,-100.0,[],1.0,,/home/jan/development/ProsperOrPerishConstructor/mod/Prosper or Perish (Population Growth & Food Rework)/in_game/common/building_types/zz_pp_merchants_quarters.txt,2,constructor,Prosper or Perish Constructor,INJECT,"[{""file"":""/mnt/c/Games/steamapps/common/Europa Universalis V/game/in_game/common/building_types/trade_buildings.txt"",""layer_id"":""vanilla"",""layer_name"":""Vanilla"",""line"":43,""mod_name"":null,""mode"":""CREATE""},{""file"":""/home/jan/development/ProsperOrPerishConstructor/mod/Prosper or Perish (Population Growth & Food Rework)/in_game/common/building_types/zz_pp_merchants_quarters.txt"",""layer_id"":""constructor"",""layer_name"":""Prosper or Perish Constructor"",""line"":2,""mod_name"":""Prosper or Perish Constructor"",""mode"":""INJECT""}]"
grand_marketplace_maintenance,building_maintenance,,,"[""cloth"",""jewelry"",""paper"",""salt"",""beeswax""]","[0.1,0.1,0.1,0.1,0.04]",false,,,inline,grand_marketplace,grand_marketplace:unique_production_methods:0,0,0.0,,0.0,1.58,-1.58,-100.0,[],1.0,,/home/jan/development/ProsperOrPerishConstructor/mod/Prosper or Perish (Population Growth & Food Rework)/in_game/common/building_types/zz_pp_grand_marketplace.txt,2,constructor,Prosper or Perish Constructor,INJECT,"[{""file"":""/mnt/c/Games/steamapps/common/Europa Universalis V/game/in_game/common/building_types/trade_buildings.txt"",""layer_id"":""vanilla"",""layer_name"":""Vanilla"",""line"":88,""mod_name"":null,""mode"":""CREATE""},{""file"":""/home/jan/development/ProsperOrPerishConstructor/mod/Prosper or Perish (Population Growth & Food Rework)/in_game/common/building_types/zz_pp_grand_marketplace.txt"",""layer_id"":""constructor"",""layer_name"":""Prosper or Perish Constructor"",""line"":2,""mod_name"":""Prosper or Perish Constructor"",""mode"":""INJECT""}]"
commerce_center_maintenance,building_maintenance,,,"[""cloth"",""jewelry"",""paper"",""salt"",""beeswax""]","[0.1,0.1,0.1,0.1,0.02]",false,,,inline,commerce_center,commerce_center:unique_production_methods:0,0,0.0,,0.0,1.54,-1.54,-100.0,[],1.0,,/home/jan/development/ProsperOrPerishConstructor/mod/Prosper or Perish (Population Growth & Food Rework)/in_game/common/building_types/zz_pp_commerce_center.txt,2,constructor,Prosper or Perish Constructor,INJECT,"[{""file"":""/mnt/c/Games/steamapps/common/Europa Universalis V/game/in_game/common/building_types/trade_buildings.txt"",""layer_id"":""vanilla"",""layer_name"":""Vanilla"",""line"":132,""mod_name"":null,""mode"":""CREATE""},{""file"":""/home/jan/development/ProsperOrPerishConstructor/mod/Prosper or Perish (Population Growth & Food Rework)/in_game/common/building_types/zz_pp_commerce_center.txt"",""layer_id"":""constructor"",""layer_name"":""Prosper or Perish Constructor"",""line"":2,""mod_name"":""Prosper or Perish Constructor"",""mode"":""INJECT""}]"
trade_company_headquarters_requirements,building_maintenance,,,"[""paper""]",[0.1],false,,,inline,trade_company_headquarters,trade_company_headquarters:unique_production_methods:0,0,0.0,,0.0,0.2,-0.2,-100.0,[],1.0,,/home/jan/development/ProsperOrPerishConstructor/mod/Prosper or Perish (Population Growth & Food Rework)/in_game/common/building_types/zz_pp_trade_company_headquarters.txt,2,constructor,Prosper or Perish Constructor,INJECT,"[{""file"":""/mnt/c/Games/steamapps/common/Europa Universalis V/game/in_game/common/building_types/trade_company_buildings.txt"",""layer_id"":""vanilla"",""layer_name"":""Vanilla"",""line"":1,""mod_name"":null,""mode"":""CREATE""},{""file"":""/home/jan/development/ProsperOrPerishConstructor/mod/Prosper or Perish (Population Growth & Food Rework)/in_game/common/building_types/zz_pp_trade_company_headquarters.txt"",""layer_id"":""constructor"",""layer_name"":""Prosper or Perish Constructor"",""line"":2,""mod_name"":""Prosper or Perish Constructor"",""mode"":""INJECT""}]"
pp_pounamou_carver_pounamou_carver_maintenance,guild_input,jewelry,0.2,"[""gems""]",[0.232],false,,,inline,pounamou_carver,pounamou_carver:unique_production_methods:0,0,0.0,0.2,1.0,0.928,0.07199999999999995,7.758620689655167,[],0.3,0.6666666666666667,/home/jan/development/ProsperOrPerishConstructor/mod/Prosper or Perish (Population Growth & Food Rework)/in_game/common/building_types/zz_pp_pounamou_carver.txt,2,constructor,Prosper or Perish Constructor,REPLACE,"[{""file"":""/home/jan/development/ProsperOrPerishConstructor/mod/Prosper or Perish (Population Growth & Food Rework)/in_game/common/building_types/zz_pp_pounamou_carver.txt"",""layer_id"":""constructor"",""layer_name"":""Prosper or Perish Constructor"",""line"":2,""mod_name"":""Prosper or Perish Constructor"",""mode"":""REPLACE""}]"
venetian_arsenal_maintenance,building_maintenance,,,"[""tar"",""naval_supplies"",""tools"",""lumber""]","[0.5,1.0,0.2,1.0]",false,,,inline,venetian_arsenal,venetian_arsenal:unique_production_methods:0,0,0.0,,0.0,6.4,-6.4,-100.0,[],1.0,,/home/jan/development/ProsperOrPerishConstructor/mod/Prosper or Perish (Population Growth & Food Rework)/in_game/common/building_types/zz_pp_venetian_arsenal.txt,2,constructor,Prosper or Perish Constructor,INJECT,"[{""file"":""/mnt/c/Games/steamapps/common/Europa Universalis V/game/in_game/common/building_types/unique_buildings.txt"",""layer_id"":""vanilla"",""layer_name"":""Vanilla"",""line"":263,""mod_name"":null,""mode"":""CREATE""},{""file"":""/home/jan/development/ProsperOrPerishConstructor/mod/Prosper or Perish (Population Growth & Food Rework)/in_game/common/building_types/zz_pp_venetian_arsenal.txt"",""layer_id"":""constructor"",""layer_name"":""Prosper or Perish Constructor"",""line"":2,""mod_name"":""Prosper or Perish Constructor"",""mode"":""INJECT""}]"
kurultai_maintenance,building_maintenance,,,"[""horses"",""leather"",""weaponry""]","[0.2,0.05,0.02]",false,,,inline,kurultai,kurultai:unique_production_methods:0,0,0.0,,0.0,0.81,-0.81,-100.0,[],1.0,,/home/jan/development/ProsperOrPerishConstructor/mod/Prosper or Perish (Population Growth & Food Rework)/in_game/common/building_types/zz_pp_kurultai.txt,2,constructor,Prosper or Perish Constructor,INJECT,"[{""file"":""/mnt/c/Games/steamapps/common/Europa Universalis V/game/in_game/common/building_types/unique_buildings.txt"",""layer_id"":""vanilla"",""layer_name"":""Vanilla"",""line"":311,""mod_name"":null,""mode"":""CREATE""},{""file"":""/home/jan/development/ProsperOrPerishConstructor/mod/Prosper or Perish (Population Growth & Food Rework)/in_game/common/building_types/zz_pp_kurultai.txt"",""layer_id"":""constructor"",""layer_name"":""Prosper or Perish Constructor"",""line"":2,""mod_name"":""Prosper or Perish Constructor"",""mode"":""INJECT""}]"
bank_maintenance,building_maintenance,,,"[""paper"",""goods_gold"",""silver""]","[0.1,0.01,0.01]",false,,,inline,banking_office,banking_office:unique_production_methods:0,0,0.0,,0.0,0.35000000000000003,-0.35000000000000003,-100.0,[],1.0,,/home/jan/development/ProsperOrPerishConstructor/mod/Prosper or Perish (Population Growth & Food Rework)/in_game/common/building_types/zz_pp_banking_office.txt,2,constructor,Prosper or Perish Constructor,INJECT,"[{""file"":""/mnt/c/Games/steamapps/common/Europa Universalis V/game/in_game/common/building_types/unique_buildings.txt"",""layer_id"":""vanilla"",""layer_name"":""Vanilla"",""line"":550,""mod_name"":null,""mode"":""CREATE""},{""file"":""/home/jan/development/ProsperOrPerishConstructor/mod/Prosper or Perish (Population Growth & Food Rework)/in_game/common/building_types/zz_pp_banking_office.txt"",""layer_id"":""constructor"",""layer_name"":""Prosper or Perish Constructor"",""line"":2,""mod_name"":""Prosper or Perish Constructor"",""mode"":""INJECT""}]"
tribes_of_galway_maintenance,building_maintenance,,,"[""leather"",""cloth""]","[0.01,0.01]",false,,,inline,tribes_of_galway,tribes_of_galway:unique_production_methods:0,0,0.0,,0.0,0.06,-0.06,-100.0,[],1.0,,/home/jan/development/ProsperOrPerishConstructor/mod/Prosper or Perish (Population Growth & Food Rework)/in_game/common/building_types/zz_pp_tribes_of_galway.txt,2,constructor,Prosper or Perish Constructor,INJECT,"[{""file"":""/mnt/c/Games/steamapps/common/Europa Universalis V/game/in_game/common/building_types/unique_buildings.txt"",""layer_id"":""vanilla"",""layer_name"":""Vanilla"",""line"":594,""mod_name"":null,""mode"":""CREATE""},{""file"":""/home/jan/development/ProsperOrPerishConstructor/mod/Prosper or Perish (Population Growth & Food Rework)/in_game/common/building_types/zz_pp_tribes_of_galway.txt"",""layer_id"":""constructor"",""layer_name"":""Prosper or Perish Constructor"",""line"":2,""mod_name"":""Prosper or Perish Constructor"",""mode"":""INJECT""}]"
copenhagen_dockyard_maintenance,building_maintenance,,,"[""tar"",""naval_supplies"",""tools"",""lumber""]","[0.4,0.8,0.2,1.0]",false,,,inline,copenhagen_dockyard,copenhagen_dockyard:unique_production_methods:0,0,0.0,,0.0,5.6,-5.6,-100.0,[],1.0,,/home/jan/development/ProsperOrPerishConstructor/mod/Prosper or Perish (Population Growth & Food Rework)/in_game/common/building_types/zz_pp_copenhagen_dockyard.txt,2,constructor,Prosper or Perish Constructor,INJECT,"[{""file"":""/mnt/c/Games/steamapps/common/Europa Universalis V/game/in_game/common/building_types/unique_buildings.txt"",""layer_id"":""vanilla"",""layer_name"":""Vanilla"",""line"":637,""mod_name"":null,""mode"":""CREATE""},{""file"":""/home/jan/development/ProsperOrPerishConstructor/mod/Prosper or Perish (Population Growth & Food Rework)/in_game/common/building_types/zz_pp_copenhagen_dockyard.txt"",""layer_id"":""constructor"",""layer_name"":""Prosper or Perish Constructor"",""line"":2,""mod_name"":""Prosper or Perish Constructor"",""mode"":""INJECT""}]"
caravanserai_maintenance,building_maintenance,,,"[""jewelry"",""cloth""]","[0.01,0.01]",false,,,inline,caravanserai,caravanserai:unique_production_methods:0,0,0.0,,0.0,0.08,-0.08,-100.0,[],1.0,,/home/jan/development/ProsperOrPerishConstructor/mod/Prosper or Perish (Population Growth & Food Rework)/in_game/common/building_types/zz_pp_caravanserai.txt,2,constructor,Prosper or Perish Constructor,INJECT,"[{""file"":""/mnt/c/Games/steamapps/common/Europa Universalis V/game/in_game/common/building_types/unique_buildings.txt"",""layer_id"":""vanilla"",""layer_name"":""Vanilla"",""line"":685,""mod_name"":null,""mode"":""CREATE""},{""file"":""/home/jan/development/ProsperOrPerishConstructor/mod/Prosper or Perish (Population Growth & Food Rework)/in_game/common/building_types/zz_pp_caravanserai.txt"",""layer_id"":""constructor"",""layer_name"":""Prosper or Perish Constructor"",""line"":2,""mod_name"":""Prosper or Perish Constructor"",""mode"":""INJECT""}]"
pp_caravan_stop_maintenance,building_maintenance,,,"[""jewelry"",""salt""]","[0.004,0.01]",false,,,inline,caravan_stop,caravan_stop:unique_production_methods:0,0,0.0,,0.0,0.07,-0.07,-100.0,[],1.0,,/home/jan/development/ProsperOrPerishConstructor/mod/Prosper or Perish (Population Growth & Food Rework)/in_game/common/building_types/pp_gold_to_jewelry_buildings.txt,534,constructor,Prosper or Perish Constructor,REPLACE,"[{""file"":""/home/jan/development/ProsperOrPerishConstructor/mod/Prosper or Perish (Population Growth & Food Rework)/in_game/common/building_types/pp_gold_to_jewelry_buildings.txt"",""layer_id"":""constructor"",""layer_name"":""Prosper or Perish Constructor"",""line"":534,""mod_name"":""Prosper or Perish Constructor"",""mode"":""REPLACE""}]"
pp_eng_royal_forest_eng_royal_forest_maintenance,building_maintenance,wild_game,1.0,"[""weaponry"",""wine"",""horses""]","[0.116,0.116,0.116]",false,,,inline,eng_royal_forest,eng_royal_forest:unique_production_methods:0,0,0.0,1.0,1.0,0.9280000000000002,0.07199999999999984,7.758620689655155,[],1.0,1.0,/home/jan/development/ProsperOrPerishConstructor/mod/Prosper or Perish (Population Growth & Food Rework)/in_game/common/building_types/zz_pp_eng_royal_forest.txt,2,constructor,Prosper or Perish Constructor,REPLACE,"[{""file"":""/home/jan/development/ProsperOrPerishConstructor/mod/Prosper or Perish (Population Growth & Food Rework)/in_game/common/building_types/zz_pp_eng_royal_forest.txt"",""layer_id"":""constructor"",""layer_name"":""Prosper or Perish Constructor"",""line"":2,""mod_name"":""Prosper or Perish Constructor"",""mode"":""REPLACE""}]"
north_sea_shipyards_maintenance,building_maintenance,,,"[""tar"",""naval_supplies"",""tools"",""lumber""]","[0.4,0.8,0.2,1.0]",false,,,inline,north_sea_shipyards,north_sea_shipyards:unique_production_methods:0,0,0.0,,0.0,5.6,-5.6,-100.0,[],1.0,,/home/jan/development/ProsperOrPerishConstructor/mod/Prosper or Perish (Population Growth & Food Rework)/in_game/common/building_types/zz_pp_north_sea_shipyards.txt,2,constructor,Prosper or Perish Constructor,INJECT,"[{""file"":""/mnt/c/Games/steamapps/common/Europa Universalis V/game/in_game/common/building_types/unique_buildings.txt"",""layer_id"":""vanilla"",""layer_name"":""Vanilla"",""line"":954,""mod_name"":null,""mode"":""CREATE""},{""file"":""/home/jan/development/ProsperOrPerishConstructor/mod/Prosper or Perish (Population Growth & Food Rework)/in_game/common/building_types/zz_pp_north_sea_shipyards.txt"",""layer_id"":""constructor"",""layer_name"":""Prosper or Perish Constructor"",""line"":2,""mod_name"":""Prosper or Perish Constructor"",""mode"":""INJECT""}]"
lieutenancy_maintenance,building_maintenance,,,"[""tools"",""masonry"",""weaponry"",""paper"",""books"",""goods_gold"",""furniture"",""fine_cloth""]","[1.0,1.0,0.5,2.0,0.5,1.0,1.0,0.5]",false,,,inline,lieutenancy,lieutenancy:unique_production_methods:0,0,0.0,,0.0,26.25,-26.25,-100.0,[],1.0,,/home/jan/development/ProsperOrPerishConstructor/mod/Prosper or Perish (Population Growth & Food Rework)/in_game/common/building_types/zz_pp_lieutenancy.txt,2,constructor,Prosper or Perish Constructor,INJECT,"[{""file"":""/mnt/c/Games/steamapps/common/Europa Universalis V/game/in_game/common/building_types/unique_buildings.txt"",""layer_id"":""vanilla"",""layer_name"":""Vanilla"",""line"":1224,""mod_name"":null,""mode"":""CREATE""},{""file"":""/home/jan/development/ProsperOrPerishConstructor/mod/Prosper or Perish (Population Growth & Food Rework)/in_game/common/building_types/zz_pp_lieutenancy.txt"",""layer_id"":""constructor"",""layer_name"":""Prosper or Perish Constructor"",""line"":2,""mod_name"":""Prosper or Perish Constructor"",""mode"":""INJECT""}]"
barcelona_royal_shipyard,building_maintenance,,,"[""tar"",""naval_supplies"",""tools"",""lumber"",""stone""]","[0.4,1.0,0.25,0.4,0.2]",false,,,inline,barcelona_royal_shipyard,barcelona_royal_shipyard:unique_production_methods:0,0,0.0,,0.0,5.5125,-5.5125,-100.0,[],1.0,,/home/jan/development/ProsperOrPerishConstructor/mod/Prosper or Perish (Population Growth & Food Rework)/in_game/common/building_types/zz_pp_barcelona_royal_shipyard.txt,2,constructor,Prosper or Perish Constructor,INJECT,"[{""file"":""/mnt/c/Games/steamapps/common/Europa Universalis V/game/in_game/common/building_types/unique_buildings.txt"",""layer_id"":""vanilla"",""layer_name"":""Vanilla"",""line"":1304,""mod_name"":null,""mode"":""CREATE""},{""file"":""/home/jan/development/ProsperOrPerishConstructor/mod/Prosper or Perish (Population Growth & Food Rework)/in_game/common/building_types/zz_pp_barcelona_royal_shipyard.txt"",""layer_id"":""constructor"",""layer_name"":""Prosper or Perish Constructor"",""line"":2,""mod_name"":""Prosper or Perish Constructor"",""mode"":""INJECT""}]"
ostrog_maintenance,building_maintenance,,,"[""lumber"",""tools"",""firearms"",""weaponry"",""tar""]","[0.2,0.1,0.2,0.2,0.1]",false,,,inline,ostrog,ostrog:unique_production_methods:0,0,0.0,,0.0,2.075,-2.075,-100.0,[],1.0,,/home/jan/development/ProsperOrPerishConstructor/mod/Prosper or Perish (Population Growth & Food Rework)/in_game/common/building_types/zz_pp_ostrog.txt,2,constructor,Prosper or Perish Constructor,INJECT,"[{""file"":""/mnt/c/Games/steamapps/common/Europa Universalis V/game/in_game/common/building_types/unique_buildings.txt"",""layer_id"":""vanilla"",""layer_name"":""Vanilla"",""line"":1390,""mod_name"":null,""mode"":""CREATE""},{""file"":""/home/jan/development/ProsperOrPerishConstructor/mod/Prosper or Perish (Population Growth & Food Rework)/in_game/common/building_types/zz_pp_ostrog.txt"",""layer_id"":""constructor"",""layer_name"":""Prosper or Perish Constructor"",""line"":2,""mod_name"":""Prosper or Perish Constructor"",""mode"":""INJECT""}]"
pomor_outpost_maintenance,building_maintenance,,,"[""lumber"",""tools""]","[0.1,0.025]",false,,,inline,pomor_outpost,pomor_outpost:unique_production_methods:0,0,0.0,,0.0,0.25625000000000003,-0.25625000000000003,-100.0,[],1.0,,/home/jan/development/ProsperOrPerishConstructor/mod/Prosper or Perish (Population Growth & Food Rework)/in_game/common/building_types/zz_pp_pomor_outpost.txt,2,constructor,Prosper or Perish Constructor,INJECT,"[{""file"":""/mnt/c/Games/steamapps/common/Europa Universalis V/game/in_game/common/building_types/unique_buildings.txt"",""layer_id"":""vanilla"",""layer_name"":""Vanilla"",""line"":1441,""mod_name"":null,""mode"":""CREATE""},{""file"":""/home/jan/development/ProsperOrPerishConstructor/mod/Prosper or Perish (Population Growth & Food Rework)/in_game/common/building_types/zz_pp_pomor_outpost.txt"",""layer_id"":""constructor"",""layer_name"":""Prosper or Perish Constructor"",""line"":2,""mod_name"":""Prosper or Perish Constructor"",""mode"":""INJECT""}]"
brethren_marsh_maintenance,building_maintenance,,,"[""tar"",""naval_supplies"",""tools"",""lumber""]","[0.1,0.25,0.1,0.1]",false,,,inline,brethren_marsh,brethren_marsh:unique_production_methods:0,0,0.0,,0.0,1.45,-1.45,-100.0,[],1.0,,/home/jan/development/ProsperOrPerishConstructor/mod/Prosper or Perish (Population Growth & Food Rework)/in_game/common/building_types/zz_pp_brethren_marsh.txt,2,constructor,Prosper or Perish Constructor,INJECT,"[{""file"":""/mnt/c/Games/steamapps/common/Europa Universalis V/game/in_game/common/building_types/unique_buildings.txt"",""layer_id"":""vanilla"",""layer_name"":""Vanilla"",""line"":1492,""mod_name"":null,""mode"":""CREATE""},{""file"":""/home/jan/development/ProsperOrPerishConstructor/mod/Prosper or Perish (Population Growth & Food Rework)/in_game/common/building_types/zz_pp_brethren_marsh.txt"",""layer_id"":""constructor"",""layer_name"":""Prosper or Perish Constructor"",""line"":2,""mod_name"":""Prosper or Perish Constructor"",""mode"":""INJECT""}]"
kings_manor_maintenance,building_maintenance,,,"[""tools"",""masonry"",""weaponry"",""paper"",""furniture"",""fine_cloth""]","[0.1,0.2,0.1,0.5,0.25,0.25]",false,,,inline,kings_manor,kings_manor:unique_production_methods:0,0,0.0,,0.0,4.075,-4.075,-100.0,[],1.0,,/home/jan/development/ProsperOrPerishConstructor/mod/Prosper or Perish (Population Growth & Food Rework)/in_game/common/building_types/zz_pp_kings_manor.txt,2,constructor,Prosper or Perish Constructor,INJECT,"[{""file"":""/mnt/c/Games/steamapps/common/Europa Universalis V/game/in_game/common/building_types/unique_buildings.txt"",""layer_id"":""vanilla"",""layer_name"":""Vanilla"",""line"":1620,""mod_name"":null,""mode"":""CREATE""},{""file"":""/home/jan/development/ProsperOrPerishConstructor/mod/Prosper or Perish (Population Growth & Food Rework)/in_game/common/building_types/zz_pp_kings_manor.txt"",""layer_id"":""constructor"",""layer_name"":""Prosper or Perish Constructor"",""line"":2,""mod_name"":""Prosper or Perish Constructor"",""mode"":""INJECT""}]"
pukara_maintenance,building_maintenance,,,"[""weaponry"",""stone""]","[0.05,0.2]",false,,,inline,pukara_building,pukara_building:unique_production_methods:0,0,0.0,,0.0,0.35000000000000003,-0.35000000000000003,-100.0,[],1.0,,/home/jan/development/ProsperOrPerishConstructor/mod/Prosper or Perish (Population Growth & Food Rework)/in_game/common/building_types/zz_pp_pukara_building.txt,2,constructor,Prosper or Perish Constructor,INJECT,"[{""file"":""/mnt/c/Games/steamapps/common/Europa Universalis V/game/in_game/common/building_types/unique_buildings.txt"",""layer_id"":""vanilla"",""layer_name"":""Vanilla"",""line"":1850,""mod_name"":null,""mode"":""CREATE""},{""file"":""/home/jan/development/ProsperOrPerishConstructor/mod/Prosper or Perish (Population Growth & Food Rework)/in_game/common/building_types/zz_pp_pukara_building.txt"",""layer_id"":""constructor"",""layer_name"":""Prosper or Perish Constructor"",""line"":2,""mod_name"":""Prosper or Perish Constructor"",""mode"":""INJECT""}]"
terraces_maintenance,building_maintenance,,,"[""salt""]",[0.1],false,,,inline,terraces,terraces:unique_production_methods:0,0,0.0,,0.0,0.5,-0.5,-100.0,[],1.0,,/home/jan/development/ProsperOrPerishConstructor/mod/Prosper or Perish (Population Growth & Food Rework)/in_game/common/building_types/zz_pp_terraces.txt,2,constructor,Prosper or Perish Constructor,TRY_INJECT,"[{""file"":""/mnt/c/Games/steamapps/common/Europa Universalis V/game/in_game/common/building_types/unique_buildings.txt"",""layer_id"":""vanilla"",""layer_name"":""Vanilla"",""line"":1895,""mod_name"":null,""mode"":""CREATE""},{""file"":""/home/jan/development/ProsperOrPerishConstructor/mod/Prosper or Perish (Population Growth & Food Rework)/in_game/common/building_types/zz_pp_terraces.txt"",""layer_id"":""constructor"",""layer_name"":""Prosper or Perish Constructor"",""line"":2,""mod_name"":""Prosper or Perish Constructor"",""mode"":""TRY_INJECT""}]"
tambo_maintenance,building_maintenance,,,"[""wool"",""maize""]","[0.1,0.05]",false,,,inline,tambo,tambo:unique_production_methods:0,0,0.0,,0.0,0.3,-0.3,-100.0,[],1.0,,/home/jan/development/ProsperOrPerishConstructor/mod/Prosper or Perish (Population Growth & Food Rework)/in_game/common/building_types/zz_pp_tambo.txt,2,constructor,Prosper or Perish Constructor,INJECT,"[{""file"":""/mnt/c/Games/steamapps/common/Europa Universalis V/game/in_game/common/building_types/unique_buildings.txt"",""layer_id"":""vanilla"",""layer_name"":""Vanilla"",""line"":1935,""mod_name"":null,""mode"":""CREATE""},{""file"":""/home/jan/development/ProsperOrPerishConstructor/mod/Prosper or Perish (Population Growth & Food Rework)/in_game/common/building_types/zz_pp_tambo.txt"",""layer_id"":""constructor"",""layer_name"":""Prosper or Perish Constructor"",""line"":2,""mod_name"":""Prosper or Perish Constructor"",""mode"":""INJECT""}]"
royal_society_maintenance,building_maintenance,,,"[""paper"",""books"",""marble"",""goods_gold"",""fine_cloth"",""furniture""]","[1.0,0.5,0.2,0.1,0.2,0.2]",false,,,inline,royal_society,royal_society:unique_production_methods:0,0,0.0,,0.0,7.200000000000001,-7.200000000000001,-100.0,[],1.0,,/home/jan/development/ProsperOrPerishConstructor/mod/Prosper or Perish (Population Growth & Food Rework)/in_game/common/building_types/zz_pp_royal_society.txt,2,constructor,Prosper or Perish Constructor,INJECT,"[{""file"":""/mnt/c/Games/steamapps/common/Europa Universalis V/game/in_game/common/building_types/unique_buildings.txt"",""layer_id"":""vanilla"",""layer_name"":""Vanilla"",""line"":2007,""mod_name"":null,""mode"":""CREATE""},{""file"":""/home/jan/development/ProsperOrPerishConstructor/mod/Prosper or Perish (Population Growth & Food Rework)/in_game/common/building_types/zz_pp_royal_society.txt"",""layer_id"":""constructor"",""layer_name"":""Prosper or Perish Constructor"",""line"":2,""mod_name"":""Prosper or Perish Constructor"",""mode"":""INJECT""}]"
peel_towers_maintenance,building_maintenance,,,"[""stone"",""weaponry"",""tar""]","[0.2,0.2,0.1]",false,,,inline,peel_towers,peel_towers:unique_production_methods:0,0,0.0,,0.0,1.0,-1.0,-100.0,[],1.0,,/home/jan/development/ProsperOrPerishConstructor/mod/Prosper or Perish (Population Growth & Food Rework)/in_game/common/building_types/zz_pp_peel_towers.txt,2,constructor,Prosper or Perish Constructor,INJECT,"[{""file"":""/mnt/c/Games/steamapps/common/Europa Universalis V/game/in_game/common/building_types/unique_buildings.txt"",""layer_id"":""vanilla"",""layer_name"":""Vanilla"",""line"":2129,""mod_name"":null,""mode"":""CREATE""},{""file"":""/home/jan/development/ProsperOrPerishConstructor/mod/Prosper or Perish (Population Growth & Food Rework)/in_game/common/building_types/zz_pp_peel_towers.txt"",""layer_id"":""constructor"",""layer_name"":""Prosper or Perish Constructor"",""line"":2,""mod_name"":""Prosper or Perish Constructor"",""mode"":""INJECT""}]"
pp_shoen_shoen_quarries_maintenance,building_maintenance,stone,0.5,"[""tools""]",[0.143],false,,,inline,shoen,shoen:unique_production_methods:0,0,0.0,0.5,0.5,0.46474999999999994,0.03525000000000006,7.584722969338367,[],1.0,0.5,/home/jan/development/ProsperOrPerishConstructor/mod/Prosper or Perish (Population Growth & Food Rework)/in_game/common/building_types/zz_pp_shoen.txt,2,constructor,Prosper or Perish Constructor,REPLACE,"[{""file"":""/home/jan/development/ProsperOrPerishConstructor/mod/Prosper or Perish (Population Growth & Food Rework)/in_game/common/building_types/zz_pp_shoen.txt"",""layer_id"":""constructor"",""layer_name"":""Prosper or Perish Constructor"",""line"":2,""mod_name"":""Prosper or Perish Constructor"",""mode"":""REPLACE""}]"
pp_shoen_shoen_lumbermills_maintenance,building_maintenance,lumber,0.6,"[""tools"",""fiber_crops""]","[0.19,0.203]",false,,,inline,shoen,shoen:unique_production_methods:0,0,0.0,0.6,1.05,1.0235,0.026499999999999968,2.589154860771858,[],1.0,0.6,/home/jan/development/ProsperOrPerishConstructor/mod/Prosper or Perish (Population Growth & Food Rework)/in_game/common/building_types/zz_pp_shoen.txt,2,constructor,Prosper or Perish Constructor,REPLACE,"[{""file"":""/home/jan/development/ProsperOrPerishConstructor/mod/Prosper or Perish (Population Growth & Food Rework)/in_game/common/building_types/zz_pp_shoen.txt"",""layer_id"":""constructor"",""layer_name"":""Prosper or Perish Constructor"",""line"":2,""mod_name"":""Prosper or Perish Constructor"",""mode"":""REPLACE""}]"
pp_shoen_shoen_fiber_crops_farm_maintenance,building_maintenance,fiber_crops,0.5,"[""lumber"",""tools""]","[0.27,0.152]",false,,,inline,shoen,shoen:unique_production_methods:0,0,0.0,0.5,1.0,0.9665,0.033499999999999974,3.4661148473874777,[],1.0,0.5,/home/jan/development/ProsperOrPerishConstructor/mod/Prosper or Perish (Population Growth & Food Rework)/in_game/common/building_types/zz_pp_shoen.txt,2,constructor,Prosper or Perish Constructor,REPLACE,"[{""file"":""/home/jan/development/ProsperOrPerishConstructor/mod/Prosper or Perish (Population Growth & Food Rework)/in_game/common/building_types/zz_pp_shoen.txt"",""layer_id"":""constructor"",""layer_name"":""Prosper or Perish Constructor"",""line"":2,""mod_name"":""Prosper or Perish Constructor"",""mode"":""REPLACE""}]"
pp_shoen_shoen_ironsand_maintenance,building_maintenance,iron,0.3,"[""sand"",""tools""]","[0.697,0.21]",false,,,inline,shoen,shoen:unique_production_methods:0,0,0.0,0.3,1.05,1.031,0.019000000000000128,1.8428709990300804,[],1.0,0.3,/home/jan/development/ProsperOrPerishConstructor/mod/Prosper or Perish (Population Growth & Food Rework)/in_game/common/building_types/zz_pp_shoen.txt,2,constructor,Prosper or Perish Constructor,REPLACE,"[{""file"":""/home/jan/development/ProsperOrPerishConstructor/mod/Prosper or Perish (Population Growth & Food Rework)/in_game/common/building_types/zz_pp_shoen.txt"",""layer_id"":""constructor"",""layer_name"":""Prosper or Perish Constructor"",""line"":2,""mod_name"":""Prosper or Perish Constructor"",""mode"":""REPLACE""}]"
pp_shoen_shoen_masonry_maintenance,building_maintenance,masonry,0.8,"[""lumber"",""tools""]","[0.304,0.07]",false,,,inline,shoen,shoen:unique_production_methods:0,0,0.0,0.8,0.8,0.7595000000000001,0.04049999999999998,5.332455562870306,[],1.0,0.8,/home/jan/development/ProsperOrPerishConstructor/mod/Prosper or Perish (Population Growth & Food Rework)/in_game/common/building_types/zz_pp_shoen.txt,2,constructor,Prosper or Perish Constructor,REPLACE,"[{""file"":""/home/jan/development/ProsperOrPerishConstructor/mod/Prosper or Perish (Population Growth & Food Rework)/in_game/common/building_types/zz_pp_shoen.txt"",""layer_id"":""constructor"",""layer_name"":""Prosper or Perish Constructor"",""line"":2,""mod_name"":""Prosper or Perish Constructor"",""mode"":""REPLACE""}]"
pp_tatara_tamagahane_blacksmith,guild_input,tools,0.5,"[""iron""]",[0.417],false,,,inline,tatara,tatara:unique_production_methods:0,0,0.0,0.5,1.625,1.4595,0.16549999999999998,11.33949982870846,[],1.0,0.5,/home/jan/development/ProsperOrPerishConstructor/mod/Prosper or Perish (Population Growth & Food Rework)/in_game/common/building_types/zz_pp_tatara.txt,2,constructor,Prosper or Perish Constructor,REPLACE,"[{""file"":""/home/jan/development/ProsperOrPerishConstructor/mod/Prosper or Perish (Population Growth & Food Rework)/in_game/common/building_types/zz_pp_tatara.txt"",""layer_id"":""constructor"",""layer_name"":""Prosper or Perish Constructor"",""line"":2,""mod_name"":""Prosper or Perish Constructor"",""mode"":""REPLACE""}]"
pp_tatara_tamagahane_bladesmith,guild_input,weaponry,0.2,"[""iron""]",[0.167],false,,,inline,tatara,tatara:unique_production_methods:0,0,0.0,0.2,0.6000000000000001,0.5845,0.01550000000000007,2.6518391787852984,[],1.0,0.2,/home/jan/development/ProsperOrPerishConstructor/mod/Prosper or Perish (Population Growth & Food Rework)/in_game/common/building_types/zz_pp_tatara.txt,2,constructor,Prosper or Perish Constructor,REPLACE,"[{""file"":""/home/jan/development/ProsperOrPerishConstructor/mod/Prosper or Perish (Population Growth & Food Rework)/in_game/common/building_types/zz_pp_tatara.txt"",""layer_id"":""constructor"",""layer_name"":""Prosper or Perish Constructor"",""line"":2,""mod_name"":""Prosper or Perish Constructor"",""mode"":""REPLACE""}]"
venetian_palaces_maintenance,building_maintenance,,,"[""cloth"",""jewelry"",""paper"",""marble"",""fine_cloth""]","[0.2,0.05,0.25,0.1,0.1]",false,,,inline,venetian_palaces,venetian_palaces:unique_production_methods:0,0,0.0,,0.0,2.45,-2.45,-100.0,[],1.0,,/home/jan/development/ProsperOrPerishConstructor/mod/Prosper or Perish (Population Growth & Food Rework)/in_game/common/building_types/zz_pp_venetian_palaces.txt,2,constructor,Prosper or Perish Constructor,INJECT,"[{""file"":""/mnt/c/Games/steamapps/common/Europa Universalis V/game/in_game/common/building_types/unique_buildings.txt"",""layer_id"":""vanilla"",""layer_name"":""Vanilla"",""line"":2944,""mod_name"":null,""mode"":""CREATE""},{""file"":""/home/jan/development/ProsperOrPerishConstructor/mod/Prosper or Perish (Population Growth & Food Rework)/in_game/common/building_types/zz_pp_venetian_palaces.txt"",""layer_id"":""constructor"",""layer_name"":""Prosper or Perish Constructor"",""line"":2,""mod_name"":""Prosper or Perish Constructor"",""mode"":""INJECT""}]"
moscow_artillery_yard_maintenance,building_maintenance,,,"[""leather"",""paper"",""tools"",""cannons"",""horses""]","[2.0,1.0,0.5,2.0,1.0]",false,,,inline,moscow_artillery_yard,moscow_artillery_yard:unique_production_methods:0,0,0.0,,0.0,20.625,-20.625,-100.0,[],1.0,,/home/jan/development/ProsperOrPerishConstructor/mod/Prosper or Perish (Population Growth & Food Rework)/in_game/common/building_types/zz_pp_moscow_artillery_yard.txt,2,constructor,Prosper or Perish Constructor,INJECT,"[{""file"":""/mnt/c/Games/steamapps/common/Europa Universalis V/game/in_game/common/building_types/unique_buildings.txt"",""layer_id"":""vanilla"",""layer_name"":""Vanilla"",""line"":3117,""mod_name"":null,""mode"":""CREATE""},{""file"":""/home/jan/development/ProsperOrPerishConstructor/mod/Prosper or Perish (Population Growth & Food Rework)/in_game/common/building_types/zz_pp_moscow_artillery_yard.txt"",""layer_id"":""constructor"",""layer_name"":""Prosper or Perish Constructor"",""line"":2,""mod_name"":""Prosper or Perish Constructor"",""mode"":""INJECT""}]"
ibadat_khana_maintenance,building_maintenance,,,"[""paper"",""books"",""furniture""]","[0.5,1.0,0.2]",false,,,inline,ibadat_khana,ibadat_khana:unique_production_methods:0,0,0.0,,0.0,4.6,-4.6,-100.0,[],1.0,,/home/jan/development/ProsperOrPerishConstructor/mod/Prosper or Perish (Population Growth & Food Rework)/in_game/common/building_types/zz_pp_ibadat_khana.txt,2,constructor,Prosper or Perish Constructor,INJECT,"[{""file"":""/mnt/c/Games/steamapps/common/Europa Universalis V/game/in_game/common/building_types/unique_buildings.txt"",""layer_id"":""vanilla"",""layer_name"":""Vanilla"",""line"":3240,""mod_name"":null,""mode"":""CREATE""},{""file"":""/home/jan/development/ProsperOrPerishConstructor/mod/Prosper or Perish (Population Growth & Food Rework)/in_game/common/building_types/zz_pp_ibadat_khana.txt"",""layer_id"":""constructor"",""layer_name"":""Prosper or Perish Constructor"",""line"":2,""mod_name"":""Prosper or Perish Constructor"",""mode"":""INJECT""}]"
royal_atarazanas_seville_maintenance,building_maintenance,,,"[""tar"",""naval_supplies"",""tools"",""lumber"",""stone""]","[0.5,1.0,0.2,0.4,0.24]",false,,,inline,royal_atarazanas_seville,royal_atarazanas_seville:unique_production_methods:0,0,0.0,,0.0,5.590000000000001,-5.590000000000001,-100.0,[],1.0,,/home/jan/development/ProsperOrPerishConstructor/mod/Prosper or Perish (Population Growth & Food Rework)/in_game/common/building_types/zz_pp_royal_atarazanas_seville.txt,2,constructor,Prosper or Perish Constructor,INJECT,"[{""file"":""/mnt/c/Games/steamapps/common/Europa Universalis V/game/in_game/common/building_types/unique_buildings.txt"",""layer_id"":""vanilla"",""layer_name"":""Vanilla"",""line"":3835,""mod_name"":null,""mode"":""CREATE""},{""file"":""/home/jan/development/ProsperOrPerishConstructor/mod/Prosper or Perish (Population Growth & Food Rework)/in_game/common/building_types/zz_pp_royal_atarazanas_seville.txt"",""layer_id"":""constructor"",""layer_name"":""Prosper or Perish Constructor"",""line"":2,""mod_name"":""Prosper or Perish Constructor"",""mode"":""INJECT""}]"
bey_fortress_maintenance,building_maintenance,,,"[""stone"",""tools"",""weaponry"",""tar""]","[0.1,0.1,0.2,0.1]",false,,,inline,bey_fortress,bey_fortress:unique_production_methods:0,0,0.0,,0.0,1.225,-1.225,-100.0,[],1.0,,/home/jan/development/ProsperOrPerishConstructor/mod/Prosper or Perish (Population Growth & Food Rework)/in_game/common/building_types/zz_pp_bey_fortress.txt,2,constructor,Prosper or Perish Constructor,INJECT,"[{""file"":""/mnt/c/Games/steamapps/common/Europa Universalis V/game/in_game/common/building_types/unique_buildings.txt"",""layer_id"":""vanilla"",""layer_name"":""Vanilla"",""line"":4000,""mod_name"":null,""mode"":""CREATE""},{""file"":""/home/jan/development/ProsperOrPerishConstructor/mod/Prosper or Perish (Population Growth & Food Rework)/in_game/common/building_types/zz_pp_bey_fortress.txt"",""layer_id"":""constructor"",""layer_name"":""Prosper or Perish Constructor"",""line"":2,""mod_name"":""Prosper or Perish Constructor"",""mode"":""INJECT""}]"
mamluk_barracks_maintenance,building_maintenance,,,"[""leather"",""cloth"",""weaponry"",""slaves_goods""]","[0.15,0.1,0.1,0.05]",false,,,inline,mamluk_barracks,mamluk_barracks:unique_production_methods:0,0,0.0,,0.0,1.2000000000000002,-1.2000000000000002,-100.0,[],1.0,,/home/jan/development/ProsperOrPerishConstructor/mod/Prosper or Perish (Population Growth & Food Rework)/in_game/common/building_types/zz_pp_mamluk_barracks.txt,2,constructor,Prosper or Perish Constructor,INJECT,"[{""file"":""/mnt/c/Games/steamapps/common/Europa Universalis V/game/in_game/common/building_types/unique_buildings.txt"",""layer_id"":""vanilla"",""layer_name"":""Vanilla"",""line"":4099,""mod_name"":null,""mode"":""CREATE""},{""file"":""/home/jan/development/ProsperOrPerishConstructor/mod/Prosper or Perish (Population Growth & Food Rework)/in_game/common/building_types/zz_pp_mamluk_barracks.txt"",""layer_id"":""constructor"",""layer_name"":""Prosper or Perish Constructor"",""line"":2,""mod_name"":""Prosper or Perish Constructor"",""mode"":""INJECT""}]"
trans_saharan_trade_outposts_maintenance,building_maintenance,,,"[""lumber""]",[0.5],false,,,inline,trans_saharan_trade_outposts,trans_saharan_trade_outposts:unique_production_methods:0,0,0.0,,0.0,0.875,-0.875,-100.0,[],1.0,,/home/jan/development/ProsperOrPerishConstructor/mod/Prosper or Perish (Population Growth & Food Rework)/in_game/common/building_types/zz_pp_trans_saharan_trade_outposts.txt,2,constructor,Prosper or Perish Constructor,INJECT,"[{""file"":""/mnt/c/Games/steamapps/common/Europa Universalis V/game/in_game/common/building_types/unique_buildings.txt"",""layer_id"":""vanilla"",""layer_name"":""Vanilla"",""line"":4321,""mod_name"":null,""mode"":""CREATE""},{""file"":""/home/jan/development/ProsperOrPerishConstructor/mod/Prosper or Perish (Population Growth & Food Rework)/in_game/common/building_types/zz_pp_trans_saharan_trade_outposts.txt"",""layer_id"":""constructor"",""layer_name"":""Prosper or Perish Constructor"",""line"":2,""mod_name"":""Prosper or Perish Constructor"",""mode"":""INJECT""}]"
bajang_ratu_maintenance,building_maintenance,,,"[""stone"",""goods_gold"",""gems"",""tools"",""weaponry""]","[0.1,0.05,0.1,0.1,0.2]",false,,,inline,bajang_ratu,bajang_ratu:unique_production_methods:0,0,0.0,,0.0,1.8750000000000002,-1.8750000000000002,-100.0,[],1.0,,/home/jan/development/ProsperOrPerishConstructor/mod/Prosper or Perish (Population Growth & Food Rework)/in_game/common/building_types/zz_pp_bajang_ratu.txt,2,constructor,Prosper or Perish Constructor,INJECT,"[{""file"":""/mnt/c/Games/steamapps/common/Europa Universalis V/game/in_game/common/building_types/unique_buildings.txt"",""layer_id"":""vanilla"",""layer_name"":""Vanilla"",""line"":4400,""mod_name"":null,""mode"":""CREATE""},{""file"":""/home/jan/development/ProsperOrPerishConstructor/mod/Prosper or Perish (Population Growth & Food Rework)/in_game/common/building_types/zz_pp_bajang_ratu.txt"",""layer_id"":""constructor"",""layer_name"":""Prosper or Perish Constructor"",""line"":2,""mod_name"":""Prosper or Perish Constructor"",""mode"":""INJECT""}]"
bubu_building_maintenance,building_maintenance,,,"[""tools""]",[0.03],false,,,inline,bubu_building,bubu_building:unique_production_methods:0,0,0.0,,0.0,0.0975,-0.0975,-100.0,[],1.0,,/home/jan/development/ProsperOrPerishConstructor/mod/Prosper or Perish (Population Growth & Food Rework)/in_game/common/building_types/zz_pp_bubu_building.txt,2,constructor,Prosper or Perish Constructor,INJECT,"[{""file"":""/mnt/c/Games/steamapps/common/Europa Universalis V/game/in_game/common/building_types/unique_buildings.txt"",""layer_id"":""vanilla"",""layer_name"":""Vanilla"",""line"":4445,""mod_name"":null,""mode"":""CREATE""},{""file"":""/home/jan/development/ProsperOrPerishConstructor/mod/Prosper or Perish (Population Growth & Food Rework)/in_game/common/building_types/zz_pp_bubu_building.txt"",""layer_id"":""constructor"",""layer_name"":""Prosper or Perish Constructor"",""line"":2,""mod_name"":""Prosper or Perish Constructor"",""mode"":""INJECT""}]"
eghabho_nore_mansion_maintenance,building_maintenance,,,"[""lumber"",""masonry"",""paper""]","[0.2,0.5,0.05]",false,,,inline,eghabho_nore_mansion,eghabho_nore_mansion:unique_production_methods:0,0,0.0,,0.0,0.9500000000000001,-0.9500000000000001,-100.0,[],1.0,,/home/jan/development/ProsperOrPerishConstructor/mod/Prosper or Perish (Population Growth & Food Rework)/in_game/common/building_types/zz_pp_eghabho_nore_mansion.txt,2,constructor,Prosper or Perish Constructor,INJECT,"[{""file"":""/mnt/c/Games/steamapps/common/Europa Universalis V/game/in_game/common/building_types/unique_buildings.txt"",""layer_id"":""vanilla"",""layer_name"":""Vanilla"",""line"":4605,""mod_name"":null,""mode"":""CREATE""},{""file"":""/home/jan/development/ProsperOrPerishConstructor/mod/Prosper or Perish (Population Growth & Food Rework)/in_game/common/building_types/zz_pp_eghabho_nore_mansion.txt"",""layer_id"":""constructor"",""layer_name"":""Prosper or Perish Constructor"",""line"":2,""mod_name"":""Prosper or Perish Constructor"",""mode"":""INJECT""}]"
ribat_maintenance,building_maintenance,,,"[""masonry"",""weaponry"",""tar""]","[0.1,0.02,0.02]",false,,,inline,ribat,ribat:unique_production_methods:0,0,0.0,,0.0,0.2,-0.2,-100.0,[],1.0,,/home/jan/development/ProsperOrPerishConstructor/mod/Prosper or Perish (Population Growth & Food Rework)/in_game/common/building_types/zz_pp_ribat.txt,2,constructor,Prosper or Perish Constructor,INJECT,"[{""file"":""/mnt/c/Games/steamapps/common/Europa Universalis V/game/in_game/common/building_types/unique_buildings.txt"",""layer_id"":""vanilla"",""layer_name"":""Vanilla"",""line"":4646,""mod_name"":null,""mode"":""CREATE""},{""file"":""/home/jan/development/ProsperOrPerishConstructor/mod/Prosper or Perish (Population Growth & Food Rework)/in_game/common/building_types/zz_pp_ribat.txt"",""layer_id"":""constructor"",""layer_name"":""Prosper or Perish Constructor"",""line"":2,""mod_name"":""Prosper or Perish Constructor"",""mode"":""INJECT""}]"
feitoria_maintenance,building_maintenance,,,"[""masonry"",""naval_supplies""]","[0.5,0.5]",false,,,inline,por_feitoria,por_feitoria:unique_production_methods:0,0,0.0,,0.0,2.0,-2.0,-100.0,[],1.0,,/home/jan/development/ProsperOrPerishConstructor/mod/Prosper or Perish (Population Growth & Food Rework)/in_game/common/building_types/zz_pp_por_feitoria.txt,2,constructor,Prosper or Perish Constructor,INJECT,"[{""file"":""/mnt/c/Games/steamapps/common/Europa Universalis V/game/in_game/common/building_types/unique_buildings.txt"",""layer_id"":""vanilla"",""layer_name"":""Vanilla"",""line"":4685,""mod_name"":null,""mode"":""CREATE""},{""file"":""/home/jan/development/ProsperOrPerishConstructor/mod/Prosper or Perish (Population Growth & Food Rework)/in_game/common/building_types/zz_pp_por_feitoria.txt"",""layer_id"":""constructor"",""layer_name"":""Prosper or Perish Constructor"",""line"":2,""mod_name"":""Prosper or Perish Constructor"",""mode"":""INJECT""}]"
zhixian_maintenance,building_maintenance,,,"[""paper"",""weaponry"",""tools"",""fine_cloth""]","[0.25,0.1,0.05,0.05]",false,,,inline,zhixian,zhixian:unique_production_methods:0,0,0.0,,0.0,1.2625000000000002,-1.2625000000000002,-100.0,[],1.0,,/home/jan/development/ProsperOrPerishConstructor/mod/Prosper or Perish (Population Growth & Food Rework)/in_game/common/building_types/zz_pp_zhixian.txt,2,constructor,Prosper or Perish Constructor,INJECT,"[{""file"":""/mnt/c/Games/steamapps/common/Europa Universalis V/game/in_game/common/building_types/unique_buildings.txt"",""layer_id"":""vanilla"",""layer_name"":""Vanilla"",""line"":4859,""mod_name"":null,""mode"":""CREATE""},{""file"":""/home/jan/development/ProsperOrPerishConstructor/mod/Prosper or Perish (Population Growth & Food Rework)/in_game/common/building_types/zz_pp_zhixian.txt"",""layer_id"":""constructor"",""layer_name"":""Prosper or Perish Constructor"",""line"":2,""mod_name"":""Prosper or Perish Constructor"",""mode"":""INJECT""}]"
seljuk_mint_maintenance,building_maintenance,,,"[""paper"",""books"",""silver"",""copper""]","[0.1,0.25,0.1,0.1]",false,,,inline,seljuk_mint,seljuk_mint:unique_production_methods:0,0,0.0,,0.0,1.85,-1.85,-100.0,[],1.0,,/home/jan/development/ProsperOrPerishConstructor/mod/Prosper or Perish (Population Growth & Food Rework)/in_game/common/building_types/zz_pp_seljuk_mint.txt,2,constructor,Prosper or Perish Constructor,INJECT,"[{""file"":""/mnt/c/Games/steamapps/common/Europa Universalis V/game/in_game/common/building_types/unique_buildings.txt"",""layer_id"":""vanilla"",""layer_name"":""Vanilla"",""line"":4911,""mod_name"":null,""mode"":""CREATE""},{""file"":""/home/jan/development/ProsperOrPerishConstructor/mod/Prosper or Perish (Population Growth & Food Rework)/in_game/common/building_types/zz_pp_seljuk_mint.txt"",""layer_id"":""constructor"",""layer_name"":""Prosper or Perish Constructor"",""line"":2,""mod_name"":""Prosper or Perish Constructor"",""mode"":""INJECT""}]"
tur_kodjabashi_office_maintenance,building_maintenance,,,"[""paper"",""weaponry"",""masonry""]","[1.0,0.2,0.2]",false,,,inline,tur_kodjabashi_office,tur_kodjabashi_office:unique_production_methods:0,0,0.0,,0.0,2.8000000000000003,-2.8000000000000003,-100.0,[],1.0,,/home/jan/development/ProsperOrPerishConstructor/mod/Prosper or Perish (Population Growth & Food Rework)/in_game/common/building_types/zz_pp_tur_kodjabashi_office.txt,2,constructor,Prosper or Perish Constructor,INJECT,"[{""file"":""/mnt/c/Games/steamapps/common/Europa Universalis V/game/in_game/common/building_types/unique_buildings.txt"",""layer_id"":""vanilla"",""layer_name"":""Vanilla"",""line"":4995,""mod_name"":null,""mode"":""CREATE""},{""file"":""/home/jan/development/ProsperOrPerishConstructor/mod/Prosper or Perish (Population Growth & Food Rework)/in_game/common/building_types/zz_pp_tur_kodjabashi_office.txt"",""layer_id"":""constructor"",""layer_name"":""Prosper or Perish Constructor"",""line"":2,""mod_name"":""Prosper or Perish Constructor"",""mode"":""INJECT""}]"
porto_pisano_maintenance,building_maintenance,,,"[""paper"",""naval_supplies"",""tools"",""lumber"",""furniture""]","[0.5,1.0,0.2,1.0,0.2]",false,,,inline,porto_pisano,porto_pisano:unique_production_methods:0,0,0.0,,0.0,7.0,-7.0,-100.0,[],1.0,,/home/jan/development/ProsperOrPerishConstructor/mod/Prosper or Perish (Population Growth & Food Rework)/in_game/common/building_types/zz_pp_porto_pisano.txt,2,constructor,Prosper or Perish Constructor,INJECT,"[{""file"":""/mnt/c/Games/steamapps/common/Europa Universalis V/game/in_game/common/building_types/unique_buildings.txt"",""layer_id"":""vanilla"",""layer_name"":""Vanilla"",""line"":5214,""mod_name"":null,""mode"":""CREATE""},{""file"":""/home/jan/development/ProsperOrPerishConstructor/mod/Prosper or Perish (Population Growth & Food Rework)/in_game/common/building_types/zz_pp_porto_pisano.txt"",""layer_id"":""constructor"",""layer_name"":""Prosper or Perish Constructor"",""line"":2,""mod_name"":""Prosper or Perish Constructor"",""mode"":""INJECT""}]"
great_madrasa_maintenance,building_maintenance,,,"[""paper"",""cloth""]","[0.5,0.4]",false,,,inline,great_madrasa,great_madrasa:unique_production_methods:0,0,0.0,,0.0,2.2,-2.2,-100.0,[],1.0,,/home/jan/development/ProsperOrPerishConstructor/mod/Prosper or Perish (Population Growth & Food Rework)/in_game/common/building_types/zz_pp_great_madrasa.txt,2,constructor,Prosper or Perish Constructor,INJECT,"[{""file"":""/home/jan/development/ProsperOrPerishConstructor/mod/Prosper or Perish (Population Growth & Food Rework)/in_game/common/building_types/event_only_buildings.txt"",""layer_id"":""constructor"",""layer_name"":""Prosper or Perish Constructor"",""line"":88,""mod_name"":""Prosper or Perish Constructor"",""mode"":""CREATE""},{""file"":""/home/jan/development/ProsperOrPerishConstructor/mod/Prosper or Perish (Population Growth & Food Rework)/in_game/common/building_types/zz_pp_great_madrasa.txt"",""layer_id"":""constructor"",""layer_name"":""Prosper or Perish Constructor"",""line"":2,""mod_name"":""Prosper or Perish Constructor"",""mode"":""INJECT""}]"
grand_apartment_maintenance,building_maintenance,,,"[""furniture"",""books"",""marble""]","[0.1,0.1,0.05]",false,,,inline,grand_apartment,grand_apartment:unique_production_methods:0,0,0.0,,0.0,0.8500000000000001,-0.8500000000000001,-100.0,[],1.0,,/home/jan/development/ProsperOrPerishConstructor/mod/Prosper or Perish (Population Growth & Food Rework)/in_game/common/building_types/zz_pp_grand_apartment.txt,2,constructor,Prosper or Perish Constructor,INJECT,"[{""file"":""/home/jan/development/ProsperOrPerishConstructor/mod/Prosper or Perish (Population Growth & Food Rework)/in_game/common/building_types/event_only_buildings.txt"",""layer_id"":""constructor"",""layer_name"":""Prosper or Perish Constructor"",""line"":361,""mod_name"":""Prosper or Perish Constructor"",""mode"":""CREATE""},{""file"":""/home/jan/development/ProsperOrPerishConstructor/mod/Prosper or Perish (Population Growth & Food Rework)/in_game/common/building_types/zz_pp_grand_apartment.txt"",""layer_id"":""constructor"",""layer_name"":""Prosper or Perish Constructor"",""line"":2,""mod_name"":""Prosper or Perish Constructor"",""mode"":""INJECT""}]"
endrun_academy_maintenance,building_maintenance,,,"[""firearms"",""leather"",""cloth"",""paper"",""weaponry"",""fine_cloth""]","[0.5,0.5,0.25,0.5,0.5,0.5]",false,,,inline,enderun_academy,enderun_academy:unique_production_methods:0,0,0.0,,0.0,9.25,-9.25,-100.0,[],1.0,,/home/jan/development/ProsperOrPerishConstructor/mod/Prosper or Perish (Population Growth & Food Rework)/in_game/common/building_types/zz_pp_enderun_academy.txt,2,constructor,Prosper or Perish Constructor,INJECT,"[{""file"":""/home/jan/development/ProsperOrPerishConstructor/mod/Prosper or Perish (Population Growth & Food Rework)/in_game/common/building_types/event_only_buildings.txt"",""layer_id"":""constructor"",""layer_name"":""Prosper or Perish Constructor"",""line"":527,""mod_name"":""Prosper or Perish Constructor"",""mode"":""CREATE""},{""file"":""/home/jan/development/ProsperOrPerishConstructor/mod/Prosper or Perish (Population Growth & Food Rework)/in_game/common/building_types/zz_pp_enderun_academy.txt"",""layer_id"":""constructor"",""layer_name"":""Prosper or Perish Constructor"",""line"":2,""mod_name"":""Prosper or Perish Constructor"",""mode"":""INJECT""}]"
imperial_halic_shipyards_maintenance,building_maintenance,,,"[""tar"",""naval_supplies"",""tools"",""lumber"",""stone""]","[0.5,1.0,0.2,0.4,0.24]",false,,,inline,imperial_halic_shipyards,imperial_halic_shipyards:unique_production_methods:0,0,0.0,,0.0,5.590000000000001,-5.590000000000001,-100.0,[],1.0,,/home/jan/development/ProsperOrPerishConstructor/mod/Prosper or Perish (Population Growth & Food Rework)/in_game/common/building_types/zz_pp_imperial_halic_shipyards.txt,2,constructor,Prosper or Perish Constructor,INJECT,"[{""file"":""/home/jan/development/ProsperOrPerishConstructor/mod/Prosper or Perish (Population Growth & Food Rework)/in_game/common/building_types/event_only_buildings.txt"",""layer_id"":""constructor"",""layer_name"":""Prosper or Perish Constructor"",""line"":577,""mod_name"":""Prosper or Perish Constructor"",""mode"":""CREATE""},{""file"":""/home/jan/development/ProsperOrPerishConstructor/mod/Prosper or Perish (Population Growth & Food Rework)/in_game/common/building_types/zz_pp_imperial_halic_shipyards.txt"",""layer_id"":""constructor"",""layer_name"":""Prosper or Perish Constructor"",""line"":2,""mod_name"":""Prosper or Perish Constructor"",""mode"":""INJECT""}]"
llotja_seda_maintenance,guild_input,,,"[""silk"",""dyes""]","[0.4,0.15]",false,,,inline,llotja_seda,llotja_seda:unique_production_methods:0,0,0.0,,0.0,2.2,-2.2,-100.0,[],1.0,,/home/jan/development/ProsperOrPerishConstructor/mod/Prosper or Perish (Population Growth & Food Rework)/in_game/common/building_types/zz_pp_llotja_seda.txt,2,constructor,Prosper or Perish Constructor,INJECT,"[{""file"":""/home/jan/development/ProsperOrPerishConstructor/mod/Prosper or Perish (Population Growth & Food Rework)/in_game/common/building_types/event_only_buildings.txt"",""layer_id"":""constructor"",""layer_name"":""Prosper or Perish Constructor"",""line"":665,""mod_name"":""Prosper or Perish Constructor"",""mode"":""CREATE""},{""file"":""/home/jan/development/ProsperOrPerishConstructor/mod/Prosper or Perish (Population Growth & Food Rework)/in_game/common/building_types/zz_pp_llotja_seda.txt"",""layer_id"":""constructor"",""layer_name"":""Prosper or Perish Constructor"",""line"":2,""mod_name"":""Prosper or Perish Constructor"",""mode"":""INJECT""}]"
globe_theater_maintenance,building_maintenance,,,"[""cloth"",""furniture"",""wine"",""paper"",""fine_cloth""]","[0.2,0.1,0.3,0.5,0.4]",false,,,inline,globe_theatre,globe_theatre:unique_production_methods:0,0,0.0,,0.0,4.9,-4.9,-100.0,[],1.0,,/home/jan/development/ProsperOrPerishConstructor/mod/Prosper or Perish (Population Growth & Food Rework)/in_game/common/building_types/zz_pp_globe_theatre.txt,2,constructor,Prosper or Perish Constructor,INJECT,"[{""file"":""/home/jan/development/ProsperOrPerishConstructor/mod/Prosper or Perish (Population Growth & Food Rework)/in_game/common/building_types/event_only_buildings.txt"",""layer_id"":""constructor"",""layer_name"":""Prosper or Perish Constructor"",""line"":809,""mod_name"":""Prosper or Perish Constructor"",""mode"":""CREATE""},{""file"":""/home/jan/development/ProsperOrPerishConstructor/mod/Prosper or Perish (Population Growth & Food Rework)/in_game/common/building_types/zz_pp_globe_theatre.txt"",""layer_id"":""constructor"",""layer_name"":""Prosper or Perish Constructor"",""line"":2,""mod_name"":""Prosper or Perish Constructor"",""mode"":""INJECT""}]"
pp_schwaz_mine_schwaz_mine_maintenance,building_maintenance,silver,1.0,"[""tools"",""leather"",""lumber"",""stone"",""liquor""]","[0.452,0.544,0.905,0.905,0.181]",false,,,inline,schwaz_mine,schwaz_mine:unique_production_methods:0,0,0.0,1.0,6.0,6.04225,-0.04225000000000012,-0.699242831726594,[],1.0,1.0,/home/jan/development/ProsperOrPerishConstructor/mod/Prosper or Perish (Population Growth & Food Rework)/in_game/common/building_types/zz_pp_schwaz_mine.txt,2,constructor,Prosper or Perish Constructor,REPLACE,"[{""file"":""/home/jan/development/ProsperOrPerishConstructor/mod/Prosper or Perish (Population Growth & Food Rework)/in_game/common/building_types/zz_pp_schwaz_mine.txt"",""layer_id"":""constructor"",""layer_name"":""Prosper or Perish Constructor"",""line"":2,""mod_name"":""Prosper or Perish Constructor"",""mode"":""REPLACE""}]"
ribeira_das_naus_maintenance,building_maintenance,,,"[""tar"",""naval_supplies"",""tools"",""lumber"",""stone""]","[0.25,0.8,0.15,0.2,0.1]",false,,,inline,ribeira_das_naus,ribeira_das_naus:unique_production_methods:0,0,0.0,,0.0,3.8375000000000004,-3.8375000000000004,-100.0,[],1.0,,/home/jan/development/ProsperOrPerishConstructor/mod/Prosper or Perish (Population Growth & Food Rework)/in_game/common/building_types/zz_pp_ribeira_das_naus.txt,2,constructor,Prosper or Perish Constructor,INJECT,"[{""file"":""/home/jan/development/ProsperOrPerishConstructor/mod/Prosper or Perish (Population Growth & Food Rework)/in_game/common/building_types/event_only_buildings.txt"",""layer_id"":""constructor"",""layer_name"":""Prosper or Perish Constructor"",""line"":983,""mod_name"":""Prosper or Perish Constructor"",""mode"":""CREATE""},{""file"":""/home/jan/development/ProsperOrPerishConstructor/mod/Prosper or Perish (Population Growth & Food Rework)/in_game/common/building_types/zz_pp_ribeira_das_naus.txt"",""layer_id"":""constructor"",""layer_name"":""Prosper or Perish Constructor"",""line"":2,""mod_name"":""Prosper or Perish Constructor"",""mode"":""INJECT""}]"
wissel_bank_maintenance,building_maintenance,,,"[""paper"",""goods_gold"",""silver""]","[0.5,0.5,0.5]",false,,,inline,wisselbank,wisselbank:unique_production_methods:0,0,0.0,,0.0,8.5,-8.5,-100.0,[],1.0,,/home/jan/development/ProsperOrPerishConstructor/mod/Prosper or Perish (Population Growth & Food Rework)/in_game/common/building_types/zz_pp_wisselbank.txt,2,constructor,Prosper or Perish Constructor,INJECT,"[{""file"":""/home/jan/development/ProsperOrPerishConstructor/mod/Prosper or Perish (Population Growth & Food Rework)/in_game/common/building_types/event_only_buildings.txt"",""layer_id"":""constructor"",""layer_name"":""Prosper or Perish Constructor"",""line"":1155,""mod_name"":""Prosper or Perish Constructor"",""mode"":""CREATE""},{""file"":""/home/jan/development/ProsperOrPerishConstructor/mod/Prosper or Perish (Population Growth & Food Rework)/in_game/common/building_types/zz_pp_wisselbank.txt"",""layer_id"":""constructor"",""layer_name"":""Prosper or Perish Constructor"",""line"":2,""mod_name"":""Prosper or Perish Constructor"",""mode"":""INJECT""}]"
riksbank_maintenance,building_maintenance,,,"[""paper"",""goods_gold"",""silver""]","[0.5,0.5,0.5]",false,,,inline,riksbank,riksbank:unique_production_methods:0,0,0.0,,0.0,8.5,-8.5,-100.0,[],1.0,,/home/jan/development/ProsperOrPerishConstructor/mod/Prosper or Perish (Population Growth & Food Rework)/in_game/common/building_types/zz_pp_riksbank.txt,2,constructor,Prosper or Perish Constructor,INJECT,"[{""file"":""/home/jan/development/ProsperOrPerishConstructor/mod/Prosper or Perish (Population Growth & Food Rework)/in_game/common/building_types/event_only_buildings.txt"",""layer_id"":""constructor"",""layer_name"":""Prosper or Perish Constructor"",""line"":1203,""mod_name"":""Prosper or Perish Constructor"",""mode"":""CREATE""},{""file"":""/home/jan/development/ProsperOrPerishConstructor/mod/Prosper or Perish (Population Growth & Food Rework)/in_game/common/building_types/zz_pp_riksbank.txt"",""layer_id"":""constructor"",""layer_name"":""Prosper or Perish Constructor"",""line"":2,""mod_name"":""Prosper or Perish Constructor"",""mode"":""INJECT""}]"
bolshoi_theater_maintenance,building_maintenance,,,"[""cloth"",""furniture"",""liquor"",""paper"",""fine_cloth"",""fur""]","[0.1,0.1,0.5,0.5,0.4,0.1]",false,,,inline,bolshoi_theater,bolshoi_theater:unique_production_methods:0,0,0.0,,0.0,5.45,-5.45,-100.0,[],1.0,,/home/jan/development/ProsperOrPerishConstructor/mod/Prosper or Perish (Population Growth & Food Rework)/in_game/common/building_types/zz_pp_bolshoi_theater.txt,2,constructor,Prosper or Perish Constructor,INJECT,"[{""file"":""/home/jan/development/ProsperOrPerishConstructor/mod/Prosper or Perish (Population Growth & Food Rework)/in_game/common/building_types/event_only_buildings.txt"",""layer_id"":""constructor"",""layer_name"":""Prosper or Perish Constructor"",""line"":1251,""mod_name"":""Prosper or Perish Constructor"",""mode"":""CREATE""},{""file"":""/home/jan/development/ProsperOrPerishConstructor/mod/Prosper or Perish (Population Growth & Food Rework)/in_game/common/building_types/zz_pp_bolshoi_theater.txt"",""layer_id"":""constructor"",""layer_name"":""Prosper or Perish Constructor"",""line"":2,""mod_name"":""Prosper or Perish Constructor"",""mode"":""INJECT""}]"
college_of_poets_maintenance,building_maintenance,,,"[""paper"",""books"",""glass""]","[1.0,0.5,0.5]",false,,,inline,college_of_poets,college_of_poets:unique_production_methods:0,0,0.0,,0.0,5.0,-5.0,-100.0,[],1.0,,/home/jan/development/ProsperOrPerishConstructor/mod/Prosper or Perish (Population Growth & Food Rework)/in_game/common/building_types/zz_pp_college_of_poets.txt,2,constructor,Prosper or Perish Constructor,INJECT,"[{""file"":""/home/jan/development/ProsperOrPerishConstructor/mod/Prosper or Perish (Population Growth & Food Rework)/in_game/common/building_types/event_only_buildings.txt"",""layer_id"":""constructor"",""layer_name"":""Prosper or Perish Constructor"",""line"":1541,""mod_name"":""Prosper or Perish Constructor"",""mode"":""CREATE""},{""file"":""/home/jan/development/ProsperOrPerishConstructor/mod/Prosper or Perish (Population Growth & Food Rework)/in_game/common/building_types/zz_pp_college_of_poets.txt"",""layer_id"":""constructor"",""layer_name"":""Prosper or Perish Constructor"",""line"":2,""mod_name"":""Prosper or Perish Constructor"",""mode"":""INJECT""}]"
bibliotheca_corviniana_maintenance,building_maintenance,,,"[""paper"",""books"",""furniture""]","[0.2,1.0,0.1]",false,,,inline,bibliotheca_corviniana,bibliotheca_corviniana:unique_production_methods:0,0,0.0,,0.0,3.7,-3.7,-100.0,[],1.0,,/home/jan/development/ProsperOrPerishConstructor/mod/Prosper or Perish (Population Growth & Food Rework)/in_game/common/building_types/zz_pp_bibliotheca_corviniana.txt,2,constructor,Prosper or Perish Constructor,INJECT,"[{""file"":""/home/jan/development/ProsperOrPerishConstructor/mod/Prosper or Perish (Population Growth & Food Rework)/in_game/common/building_types/event_only_buildings.txt"",""layer_id"":""constructor"",""layer_name"":""Prosper or Perish Constructor"",""line"":1597,""mod_name"":""Prosper or Perish Constructor"",""mode"":""CREATE""},{""file"":""/home/jan/development/ProsperOrPerishConstructor/mod/Prosper or Perish (Population Growth & Food Rework)/in_game/common/building_types/zz_pp_bibliotheca_corviniana.txt"",""layer_id"":""constructor"",""layer_name"":""Prosper or Perish Constructor"",""line"":2,""mod_name"":""Prosper or Perish Constructor"",""mode"":""INJECT""}]"
pp_ablaq_palace_ablaq_palace_maintenance,building_maintenance,silk,0.35,"[""lumber"",""marble""]","[0.149,0.213]",false,,,inline,ablaq_palace,ablaq_palace:unique_production_methods:0,0,0.0,0.35,1.4,1.32575,0.07424999999999993,5.600603432019606,[],0.3,1.1666666666666667,/home/jan/development/ProsperOrPerishConstructor/mod/Prosper or Perish (Population Growth & Food Rework)/in_game/common/building_types/zz_pp_ablaq_palace.txt,2,constructor,Prosper or Perish Constructor,REPLACE,"[{""file"":""/home/jan/development/ProsperOrPerishConstructor/mod/Prosper or Perish (Population Growth & Food Rework)/in_game/common/building_types/zz_pp_ablaq_palace.txt"",""layer_id"":""constructor"",""layer_name"":""Prosper or Perish Constructor"",""line"":2,""mod_name"":""Prosper or Perish Constructor"",""mode"":""REPLACE""}]"
dutch_trade_outpost_maintenance,building_maintenance,,,"[""lumber"",""tools""]","[0.25,0.05]",false,,,inline,dutch_trade_outpost,dutch_trade_outpost:unique_production_methods:0,0,0.0,,0.0,0.6,-0.6,-100.0,[],1.0,,/home/jan/development/ProsperOrPerishConstructor/mod/Prosper or Perish (Population Growth & Food Rework)/in_game/common/building_types/zz_pp_dutch_trade_outpost.txt,2,constructor,Prosper or Perish Constructor,INJECT,"[{""file"":""/home/jan/development/ProsperOrPerishConstructor/mod/Prosper or Perish (Population Growth & Food Rework)/in_game/common/building_types/event_only_buildings.txt"",""layer_id"":""constructor"",""layer_name"":""Prosper or Perish Constructor"",""line"":1790,""mod_name"":""Prosper or Perish Constructor"",""mode"":""CREATE""},{""file"":""/home/jan/development/ProsperOrPerishConstructor/mod/Prosper or Perish (Population Growth & Food Rework)/in_game/common/building_types/zz_pp_dutch_trade_outpost.txt"",""layer_id"":""constructor"",""layer_name"":""Prosper or Perish Constructor"",""line"":2,""mod_name"":""Prosper or Perish Constructor"",""mode"":""INJECT""}]"
swi_collegium_helveticum_maintenance,building_maintenance,,,"[""paper"",""books"",""glass""]","[0.5,0.25,0.25]",false,,,inline,swi_collegium_helveticum,swi_collegium_helveticum:unique_production_methods:0,0,0.0,,0.0,2.5,-2.5,-100.0,[],1.0,,/home/jan/development/ProsperOrPerishConstructor/mod/Prosper or Perish (Population Growth & Food Rework)/in_game/common/building_types/zz_pp_swi_collegium_helveticum.txt,2,constructor,Prosper or Perish Constructor,INJECT,"[{""file"":""/home/jan/development/ProsperOrPerishConstructor/mod/Prosper or Perish (Population Growth & Food Rework)/in_game/common/building_types/event_only_buildings.txt"",""layer_id"":""constructor"",""layer_name"":""Prosper or Perish Constructor"",""line"":2384,""mod_name"":""Prosper or Perish Constructor"",""mode"":""CREATE""},{""file"":""/home/jan/development/ProsperOrPerishConstructor/mod/Prosper or Perish (Population Growth & Food Rework)/in_game/common/building_types/zz_pp_swi_collegium_helveticum.txt"",""layer_id"":""constructor"",""layer_name"":""Prosper or Perish Constructor"",""line"":2,""mod_name"":""Prosper or Perish Constructor"",""mode"":""INJECT""}]"
lighthouse_of_alexandria_maintenance,building_maintenance,,,"[""masonry"",""weaponry"",""naval_supplies"",""tar""]","[0.5,0.2,0.5,0.1]",false,,,inline,lighthouse_of_alexandria,lighthouse_of_alexandria:unique_production_methods:0,0,0.0,,0.0,2.8000000000000003,-2.8000000000000003,-100.0,[],1.0,,/home/jan/development/ProsperOrPerishConstructor/mod/Prosper or Perish (Population Growth & Food Rework)/in_game/common/building_types/zz_pp_lighthouse_of_alexandria.txt,2,constructor,Prosper or Perish Constructor,INJECT,"[{""file"":""/home/jan/development/ProsperOrPerishConstructor/mod/Prosper or Perish (Population Growth & Food Rework)/in_game/common/building_types/event_only_buildings.txt"",""layer_id"":""constructor"",""layer_name"":""Prosper or Perish Constructor"",""line"":2850,""mod_name"":""Prosper or Perish Constructor"",""mode"":""CREATE""},{""file"":""/home/jan/development/ProsperOrPerishConstructor/mod/Prosper or Perish (Population Growth & Food Rework)/in_game/common/building_types/zz_pp_lighthouse_of_alexandria.txt"",""layer_id"":""constructor"",""layer_name"":""Prosper or Perish Constructor"",""line"":2,""mod_name"":""Prosper or Perish Constructor"",""mode"":""INJECT""}]"
guich_garrison_maintenance,building_maintenance,,,"[""masonry"",""weaponry"",""tar""]","[0.1,0.02,0.02]",false,,,inline,guich_garrison,guich_garrison:unique_production_methods:0,0,0.0,,0.0,0.2,-0.2,-100.0,[],1.0,,/home/jan/development/ProsperOrPerishConstructor/mod/Prosper or Perish (Population Growth & Food Rework)/in_game/common/building_types/zz_pp_guich_garrison.txt,2,constructor,Prosper or Perish Constructor,INJECT,"[{""file"":""/home/jan/development/ProsperOrPerishConstructor/mod/Prosper or Perish (Population Growth & Food Rework)/in_game/common/building_types/event_only_buildings.txt"",""layer_id"":""constructor"",""layer_name"":""Prosper or Perish Constructor"",""line"":3247,""mod_name"":""Prosper or Perish Constructor"",""mode"":""CREATE""},{""file"":""/home/jan/development/ProsperOrPerishConstructor/mod/Prosper or Perish (Population Growth & Food Rework)/in_game/common/building_types/zz_pp_guich_garrison.txt"",""layer_id"":""constructor"",""layer_name"":""Prosper or Perish Constructor"",""line"":2,""mod_name"":""Prosper or Perish Constructor"",""mode"":""INJECT""}]"
herrenchiemsee_abbey_maintenance,building_maintenance,,,"[""glass"",""paper"",""cloth"",""beer"",""beeswax""]","[0.4,0.4,0.4,0.4,0.2]",false,,,inline,herrenchiemsee_abbey,herrenchiemsee_abbey:unique_production_methods:0,0,0.0,,0.0,4.4,-4.4,-100.0,[],1.0,,/home/jan/development/ProsperOrPerishConstructor/mod/Prosper or Perish (Population Growth & Food Rework)/in_game/common/building_types/zz_pp_herrenchiemsee_abbey.txt,2,constructor,Prosper or Perish Constructor,INJECT,"[{""file"":""/home/jan/development/ProsperOrPerishConstructor/mod/Prosper or Perish (Population Growth & Food Rework)/in_game/common/building_types/event_only_buildings.txt"",""layer_id"":""constructor"",""layer_name"":""Prosper or Perish Constructor"",""line"":3346,""mod_name"":""Prosper or Perish Constructor"",""mode"":""CREATE""},{""file"":""/home/jan/development/ProsperOrPerishConstructor/mod/Prosper or Perish (Population Growth & Food Rework)/in_game/common/building_types/zz_pp_herrenchiemsee_abbey.txt"",""layer_id"":""constructor"",""layer_name"":""Prosper or Perish Constructor"",""line"":2,""mod_name"":""Prosper or Perish Constructor"",""mode"":""INJECT""}]"
usa_academy_of_arts_and_sciences_maintenance,building_maintenance,,,"[""paper"",""books"",""glass"",""beeswax""]","[1.0,0.25,0.25,0.05]",false,,,inline,usa_academy_of_arts_and_sciences,usa_academy_of_arts_and_sciences:unique_production_methods:0,0,0.0,,0.0,3.6,-3.6,-100.0,[],1.0,,/home/jan/development/ProsperOrPerishConstructor/mod/Prosper or Perish (Population Growth & Food Rework)/in_game/common/building_types/zz_pp_usa_academy_of_arts_and_sciences.txt,2,constructor,Prosper or Perish Constructor,INJECT,"[{""file"":""/home/jan/development/ProsperOrPerishConstructor/mod/Prosper or Perish (Population Growth & Food Rework)/in_game/common/building_types/event_only_buildings.txt"",""layer_id"":""constructor"",""layer_name"":""Prosper or Perish Constructor"",""line"":3726,""mod_name"":""Prosper or Perish Constructor"",""mode"":""CREATE""},{""file"":""/home/jan/development/ProsperOrPerishConstructor/mod/Prosper or Perish (Population Growth & Food Rework)/in_game/common/building_types/zz_pp_usa_academy_of_arts_and_sciences.txt"",""layer_id"":""constructor"",""layer_name"":""Prosper or Perish Constructor"",""line"":2,""mod_name"":""Prosper or Perish Constructor"",""mode"":""INJECT""}]"
usa_philosophical_society_maintenance,building_maintenance,,,"[""paper"",""books"",""glass"",""beeswax""]","[1.5,0.5,0.5,0.1]",false,,,inline,usa_philosophical_society,usa_philosophical_society:unique_production_methods:0,0,0.0,,0.0,6.2,-6.2,-100.0,[],1.0,,/home/jan/development/ProsperOrPerishConstructor/mod/Prosper or Perish (Population Growth & Food Rework)/in_game/common/building_types/zz_pp_usa_philosophical_society.txt,2,constructor,Prosper or Perish Constructor,INJECT,"[{""file"":""/home/jan/development/ProsperOrPerishConstructor/mod/Prosper or Perish (Population Growth & Food Rework)/in_game/common/building_types/event_only_buildings.txt"",""layer_id"":""constructor"",""layer_name"":""Prosper or Perish Constructor"",""line"":3778,""mod_name"":""Prosper or Perish Constructor"",""mode"":""CREATE""},{""file"":""/home/jan/development/ProsperOrPerishConstructor/mod/Prosper or Perish (Population Growth & Food Rework)/in_game/common/building_types/zz_pp_usa_philosophical_society.txt"",""layer_id"":""constructor"",""layer_name"":""Prosper or Perish Constructor"",""line"":2,""mod_name"":""Prosper or Perish Constructor"",""mode"":""INJECT""}]"
usa_national_bank_maintenance,building_maintenance,,,"[""paper"",""goods_gold""]","[1.0,1.0]",false,,,inline,usa_national_bank,usa_national_bank:unique_production_methods:0,0,0.0,,0.0,11.0,-11.0,-100.0,[],1.0,,/home/jan/development/ProsperOrPerishConstructor/mod/Prosper or Perish (Population Growth & Food Rework)/in_game/common/building_types/zz_pp_usa_national_bank.txt,2,constructor,Prosper or Perish Constructor,INJECT,"[{""file"":""/home/jan/development/ProsperOrPerishConstructor/mod/Prosper or Perish (Population Growth & Food Rework)/in_game/common/building_types/event_only_buildings.txt"",""layer_id"":""constructor"",""layer_name"":""Prosper or Perish Constructor"",""line"":3832,""mod_name"":""Prosper or Perish Constructor"",""mode"":""CREATE""},{""file"":""/home/jan/development/ProsperOrPerishConstructor/mod/Prosper or Perish (Population Growth & Food Rework)/in_game/common/building_types/zz_pp_usa_national_bank.txt"",""layer_id"":""constructor"",""layer_name"":""Prosper or Perish Constructor"",""line"":2,""mod_name"":""Prosper or Perish Constructor"",""mode"":""INJECT""}]"
usa_national_mint_maintenance,building_maintenance,,,"[""paper"",""goods_gold"",""silver""]","[1.0,1.0,1.0]",false,,,inline,usa_national_mint,usa_national_mint:unique_production_methods:0,0,0.0,,0.0,17.0,-17.0,-100.0,[],1.0,,/home/jan/development/ProsperOrPerishConstructor/mod/Prosper or Perish (Population Growth & Food Rework)/in_game/common/building_types/zz_pp_usa_national_mint.txt,2,constructor,Prosper or Perish Constructor,INJECT,"[{""file"":""/home/jan/development/ProsperOrPerishConstructor/mod/Prosper or Perish (Population Growth & Food Rework)/in_game/common/building_types/event_only_buildings.txt"",""layer_id"":""constructor"",""layer_name"":""Prosper or Perish Constructor"",""line"":3877,""mod_name"":""Prosper or Perish Constructor"",""mode"":""CREATE""},{""file"":""/home/jan/development/ProsperOrPerishConstructor/mod/Prosper or Perish (Population Growth & Food Rework)/in_game/common/building_types/zz_pp_usa_national_mint.txt"",""layer_id"":""constructor"",""layer_name"":""Prosper or Perish Constructor"",""line"":2,""mod_name"":""Prosper or Perish Constructor"",""mode"":""INJECT""}]"
phanariot_district_maintenance,building_maintenance,,,"[""masonry"",""lumber"",""sand""]","[0.2,0.2,0.2]",false,,,inline,phanariot_district,phanariot_district:unique_production_methods:0,0,0.0,,0.0,0.65,-0.65,-100.0,[],1.0,,/home/jan/development/ProsperOrPerishConstructor/mod/Prosper or Perish (Population Growth & Food Rework)/in_game/common/building_types/zz_pp_phanariot_district.txt,2,constructor,Prosper or Perish Constructor,INJECT,"[{""file"":""/home/jan/development/ProsperOrPerishConstructor/mod/Prosper or Perish (Population Growth & Food Rework)/in_game/common/building_types/event_only_buildings.txt"",""layer_id"":""constructor"",""layer_name"":""Prosper or Perish Constructor"",""line"":3956,""mod_name"":""Prosper or Perish Constructor"",""mode"":""CREATE""},{""file"":""/home/jan/development/ProsperOrPerishConstructor/mod/Prosper or Perish (Population Growth & Food Rework)/in_game/common/building_types/zz_pp_phanariot_district.txt"",""layer_id"":""constructor"",""layer_name"":""Prosper or Perish Constructor"",""line"":2,""mod_name"":""Prosper or Perish Constructor"",""mode"":""INJECT""}]"
jewish_district_maintenance,building_maintenance,,,"[""masonry"",""tools"",""glass"",""furniture"",""lumber""]","[0.5,0.1,0.2,0.1,0.25]",false,,,inline,jewish_district,jewish_district:unique_production_methods:0,0,0.0,,0.0,2.1625,-2.1625,-100.0,[],1.0,,/home/jan/development/ProsperOrPerishConstructor/mod/Prosper or Perish (Population Growth & Food Rework)/in_game/common/building_types/zz_pp_jewish_district.txt,2,constructor,Prosper or Perish Constructor,INJECT,"[{""file"":""/home/jan/development/ProsperOrPerishConstructor/mod/Prosper or Perish (Population Growth & Food Rework)/in_game/common/building_types/event_only_buildings.txt"",""layer_id"":""constructor"",""layer_name"":""Prosper or Perish Constructor"",""line"":4084,""mod_name"":""Prosper or Perish Constructor"",""mode"":""CREATE""},{""file"":""/home/jan/development/ProsperOrPerishConstructor/mod/Prosper or Perish (Population Growth & Food Rework)/in_game/common/building_types/zz_pp_jewish_district.txt"",""layer_id"":""constructor"",""layer_name"":""Prosper or Perish Constructor"",""line"":2,""mod_name"":""Prosper or Perish Constructor"",""mode"":""INJECT""}]"
cahokia_woodhenge_production_method,building_maintenance,,,"[""clay"",""lumber""]","[1.0,1.0]",false,,,inline,woodhenge_of_cahokia,woodhenge_of_cahokia:unique_production_methods:0,0,0.0,,0.0,2.25,-2.25,-100.0,[],1.0,,/home/jan/development/ProsperOrPerishConstructor/mod/Prosper or Perish (Population Growth & Food Rework)/in_game/common/building_types/zz_pp_woodhenge_of_cahokia.txt,2,constructor,Prosper or Perish Constructor,INJECT,"[{""file"":""/home/jan/development/ProsperOrPerishConstructor/mod/Prosper or Perish (Population Growth & Food Rework)/in_game/common/building_types/event_only_buildings.txt"",""layer_id"":""constructor"",""layer_name"":""Prosper or Perish Constructor"",""line"":4160,""mod_name"":""Prosper or Perish Constructor"",""mode"":""CREATE""},{""file"":""/home/jan/development/ProsperOrPerishConstructor/mod/Prosper or Perish (Population Growth & Food Rework)/in_game/common/building_types/zz_pp_woodhenge_of_cahokia.txt"",""layer_id"":""constructor"",""layer_name"":""Prosper or Perish Constructor"",""line"":2,""mod_name"":""Prosper or Perish Constructor"",""mode"":""INJECT""}]"
pp_lucca_silk_production_guild_fiber_crops_silk_guild_maintenance,guild_input,silk,0.6,"[""fiber_crops""]",[1.164],false,,,inline,lucca_silk_production_guild,lucca_silk_production_guild:unique_production_methods:0,0,0.0,0.6,2.4,2.328,0.07200000000000006,3.092783505154642,[],0.3,2.0,/home/jan/development/ProsperOrPerishConstructor/mod/Prosper or Perish (Population Growth & Food Rework)/in_game/common/building_types/zz_pp_lucca_silk_production_guild.txt,2,constructor,Prosper or Perish Constructor,REPLACE,"[{""file"":""/home/jan/development/ProsperOrPerishConstructor/mod/Prosper or Perish (Population Growth & Food Rework)/in_game/common/building_types/zz_pp_lucca_silk_production_guild.txt"",""layer_id"":""constructor"",""layer_name"":""Prosper or Perish Constructor"",""line"":2,""mod_name"":""Prosper or Perish Constructor"",""mode"":""REPLACE""}]"
bailiff_input,building_maintenance,,,"[""paper"",""tools"",""weaponry"",""stone""]","[0.1,0.15,0.25,0.1]",false,,,inline,bailiff,bailiff:unique_production_methods:0,0,0.0,,0.0,1.5375,-1.5375,-100.0,[],1.0,,/home/jan/development/ProsperOrPerishConstructor/mod/Prosper or Perish (Population Growth & Food Rework)/in_game/common/building_types/zz_pp_bailiff.txt,2,constructor,Prosper or Perish Constructor,INJECT,"[{""file"":""/home/jan/development/ProsperOrPerishConstructor/mod/Prosper or Perish (Population Growth & Food Rework)/in_game/common/building_types/rural_buildings.txt"",""layer_id"":""constructor"",""layer_name"":""Prosper or Perish Constructor"",""line"":2,""mod_name"":""Prosper or Perish Constructor"",""mode"":""CREATE""},{""file"":""/home/jan/development/ProsperOrPerishConstructor/mod/Prosper or Perish (Population Growth & Food Rework)/in_game/common/building_types/zz_pp_bailiff.txt"",""layer_id"":""constructor"",""layer_name"":""Prosper or Perish Constructor"",""line"":2,""mod_name"":""Prosper or Perish Constructor"",""mode"":""INJECT""}]"
pp_fishing_village_base_fish,building_maintenance,fish,0.05,[],[],false,,,inline,fishing_village,fishing_village:unique_production_methods:0,0,0.0,0.05,0.05,0.0,0.05,,[],1.0,0.05,/home/jan/development/ProsperOrPerishConstructor/mod/Prosper or Perish (Population Growth & Food Rework)/in_game/common/building_types/zz_pp_fishing_village.txt,2,constructor,Prosper or Perish Constructor,REPLACE,"[{""file"":""/home/jan/development/ProsperOrPerishConstructor/mod/Prosper or Perish (Population Growth & Food Rework)/in_game/common/building_types/zz_pp_fishing_village.txt"",""layer_id"":""constructor"",""layer_name"":""Prosper or Perish Constructor"",""line"":2,""mod_name"":""Prosper or Perish Constructor"",""mode"":""REPLACE""}]"
pp_fishing_village_no_primary,building_maintenance,,,[],[],false,,,inline,fishing_village,fishing_village:unique_production_methods:1,1,0.0,,0.0,0.0,0.0,,[],1.0,,/home/jan/development/ProsperOrPerishConstructor/mod/Prosper or Perish (Population Growth & Food Rework)/in_game/common/building_types/zz_pp_fishing_village.txt,2,constructor,Prosper or Perish Constructor,REPLACE,"[{""file"":""/home/jan/development/ProsperOrPerishConstructor/mod/Prosper or Perish (Population Growth & Food Rework)/in_game/common/building_types/zz_pp_fishing_village.txt"",""layer_id"":""constructor"",""layer_name"":""Prosper or Perish Constructor"",""line"":2,""mod_name"":""Prosper or Perish Constructor"",""mode"":""REPLACE""}]"
pp_fishing_village_maintenance,building_maintenance,fish,0.279,"[""salt"",""tools""]","[0.015,0.063]",false,,,inline,fishing_village,fishing_village:unique_production_methods:1,1,0.0,0.279,0.279,0.27975,-0.0007499999999999729,-0.26809651474529866,[],1.0,0.279,/home/jan/development/ProsperOrPerishConstructor/mod/Prosper or Perish (Population Growth & Food Rework)/in_game/common/building_types/zz_pp_fishing_village.txt,2,constructor,Prosper or Perish Constructor,REPLACE,"[{""file"":""/home/jan/development/ProsperOrPerishConstructor/mod/Prosper or Perish (Population Growth & Food Rework)/in_game/common/building_types/zz_pp_fishing_village.txt"",""layer_id"":""constructor"",""layer_name"":""Prosper or Perish Constructor"",""line"":2,""mod_name"":""Prosper or Perish Constructor"",""mode"":""REPLACE""}]"
pp_arctic_fishing_village_maintenance,building_maintenance,fish,0.085,"[""salt"",""ivory""]","[0.005,0.014]",false,,,inline,fishing_village,fishing_village:unique_production_methods:1,1,0.0,0.085,0.085,0.081,0.0040000000000000036,4.938271604938276,[],1.0,0.085,/home/jan/development/ProsperOrPerishConstructor/mod/Prosper or Perish (Population Growth & Food Rework)/in_game/common/building_types/zz_pp_fishing_village.txt,2,constructor,Prosper or Perish Constructor,REPLACE,"[{""file"":""/home/jan/development/ProsperOrPerishConstructor/mod/Prosper or Perish (Population Growth & Food Rework)/in_game/common/building_types/zz_pp_fishing_village.txt"",""layer_id"":""constructor"",""layer_name"":""Prosper or Perish Constructor"",""line"":2,""mod_name"":""Prosper or Perish Constructor"",""mode"":""REPLACE""}]"
pp_fishing_village_strand_line,building_maintenance,,,[],[],false,,,inline,fishing_village,fishing_village:unique_production_methods:2,2,0.0,,0.0,0.0,0.0,,[],1.0,,/home/jan/development/ProsperOrPerishConstructor/mod/Prosper or Perish (Population Growth & Food Rework)/in_game/common/building_types/zz_pp_fishing_village.txt,2,constructor,Prosper or Perish Constructor,REPLACE,"[{""file"":""/home/jan/development/ProsperOrPerishConstructor/mod/Prosper or Perish (Population Growth & Food Rework)/in_game/common/building_types/zz_pp_fishing_village.txt"",""layer_id"":""constructor"",""layer_name"":""Prosper or Perish Constructor"",""line"":2,""mod_name"":""Prosper or Perish Constructor"",""mode"":""REPLACE""}]"
pp_fishing_village_clinker_craft,building_maintenance,fish,0.042,"[""lumber""]",[0.027],false,,,inline,fishing_village,fishing_village:unique_production_methods:2,2,0.0,0.042,0.042,0.04725,-0.005249999999999998,-11.111111111111107,[],1.0,0.042,/home/jan/development/ProsperOrPerishConstructor/mod/Prosper or Perish (Population Growth & Food Rework)/in_game/common/building_types/zz_pp_fishing_village.txt,2,constructor,Prosper or Perish Constructor,REPLACE,"[{""file"":""/home/jan/development/ProsperOrPerishConstructor/mod/Prosper or Perish (Population Growth & Food Rework)/in_game/common/building_types/zz_pp_fishing_village.txt"",""layer_id"":""constructor"",""layer_name"":""Prosper or Perish Constructor"",""line"":2,""mod_name"":""Prosper or Perish Constructor"",""mode"":""REPLACE""}]"
pp_fishing_village_no_freshwater_works,building_maintenance,,,[],[],false,,,inline,fishing_village,fishing_village:unique_production_methods:3,3,0.0,,0.0,0.0,0.0,,[],1.0,,/home/jan/development/ProsperOrPerishConstructor/mod/Prosper or Perish (Population Growth & Food Rework)/in_game/common/building_types/zz_pp_fishing_village.txt,2,constructor,Prosper or Perish Constructor,REPLACE,"[{""file"":""/home/jan/development/ProsperOrPerishConstructor/mod/Prosper or Perish (Population Growth & Food Rework)/in_game/common/building_types/zz_pp_fishing_village.txt"",""layer_id"":""constructor"",""layer_name"":""Prosper or Perish Constructor"",""line"":2,""mod_name"":""Prosper or Perish Constructor"",""mode"":""REPLACE""}]"
pp_fishing_village_wattle_weirs,building_maintenance,fish,0.059,"[""lumber"",""fiber_crops""]","[0.018,0.014]",false,,,inline,fishing_village,fishing_village:unique_production_methods:3,3,0.0,0.059,0.059,0.0595,-0.0005000000000000004,-0.8403361344537823,[],1.0,0.059,/home/jan/development/ProsperOrPerishConstructor/mod/Prosper or Perish (Population Growth & Food Rework)/in_game/common/building_types/zz_pp_fishing_village.txt,2,constructor,Prosper or Perish Constructor,REPLACE,"[{""file"":""/home/jan/development/ProsperOrPerishConstructor/mod/Prosper or Perish (Population Growth & Food Rework)/in_game/common/building_types/zz_pp_fishing_village.txt"",""layer_id"":""constructor"",""layer_name"":""Prosper or Perish Constructor"",""line"":2,""mod_name"":""Prosper or Perish Constructor"",""mode"":""REPLACE""}]"
pp_fishing_village_stew_ponds,building_maintenance,fish,0.04,"[""clay"",""lumber""]","[0.022,0.014]",false,,,inline,fishing_village,fishing_village:unique_production_methods:3,3,0.0,0.04,0.04,0.035500000000000004,0.004499999999999997,12.676056338028161,[],1.0,0.04,/home/jan/development/ProsperOrPerishConstructor/mod/Prosper or Perish (Population Growth & Food Rework)/in_game/common/building_types/zz_pp_fishing_village.txt,2,constructor,Prosper or Perish Constructor,REPLACE,"[{""file"":""/home/jan/development/ProsperOrPerishConstructor/mod/Prosper or Perish (Population Growth & Food Rework)/in_game/common/building_types/zz_pp_fishing_village.txt"",""layer_id"":""constructor"",""layer_name"":""Prosper or Perish Constructor"",""line"":2,""mod_name"":""Prosper or Perish Constructor"",""mode"":""REPLACE""}]"
pp_fishing_village_no_worker_victuals,building_maintenance,,,[],[],false,,,inline,fishing_village,fishing_village:unique_production_methods:4,4,0.0,,0.0,0.0,0.0,,[],1.0,,/home/jan/development/ProsperOrPerishConstructor/mod/Prosper or Perish (Population Growth & Food Rework)/in_game/common/building_types/zz_pp_fishing_village.txt,2,constructor,Prosper or Perish Constructor,REPLACE,"[{""file"":""/home/jan/development/ProsperOrPerishConstructor/mod/Prosper or Perish (Population Growth & Food Rework)/in_game/common/building_types/zz_pp_fishing_village.txt"",""layer_id"":""constructor"",""layer_name"":""Prosper or Perish Constructor"",""line"":2,""mod_name"":""Prosper or Perish Constructor"",""mode"":""REPLACE""}]"
pp_fishing_village_worker_victuals,building_maintenance,victuals,0.033,[],[],false,,,inline,fishing_village,fishing_village:unique_production_methods:4,4,0.0,0.033,0.099,0.0,0.099,,[],1.0,0.033,/home/jan/development/ProsperOrPerishConstructor/mod/Prosper or Perish (Population Growth & Food Rework)/in_game/common/building_types/zz_pp_fishing_village.txt,2,constructor,Prosper or Perish Constructor,REPLACE,"[{""file"":""/home/jan/development/ProsperOrPerishConstructor/mod/Prosper or Perish (Population Growth & Food Rework)/in_game/common/building_types/zz_pp_fishing_village.txt"",""layer_id"":""constructor"",""layer_name"":""Prosper or Perish Constructor"",""line"":2,""mod_name"":""Prosper or Perish Constructor"",""mode"":""REPLACE""}]"
pp_farming_village_base_livestock,building_maintenance,livestock,0.06,[],[],false,,,inline,farming_village,farming_village:unique_production_methods:0,0,0.0,0.06,0.09,0.0,0.09,,[],1.0,0.06,/home/jan/development/ProsperOrPerishConstructor/mod/Prosper or Perish (Population Growth & Food Rework)/in_game/common/building_types/zz_pp_farming_village.txt,2,constructor,Prosper or Perish Constructor,REPLACE,"[{""file"":""/home/jan/development/ProsperOrPerishConstructor/mod/Prosper or Perish (Population Growth & Food Rework)/in_game/common/building_types/zz_pp_farming_village.txt"",""layer_id"":""constructor"",""layer_name"":""Prosper or Perish Constructor"",""line"":2,""mod_name"":""Prosper or Perish Constructor"",""mode"":""REPLACE""}]"
pp_millet_farm_base_millet,building_maintenance,millet,0.06,[],[],false,,,inline,farming_village,farming_village:unique_production_methods:0,0,0.0,0.06,0.06,0.0,0.06,,[],1.0,0.06,/home/jan/development/ProsperOrPerishConstructor/mod/Prosper or Perish (Population Growth & Food Rework)/in_game/common/building_types/zz_pp_farming_village.txt,2,constructor,Prosper or Perish Constructor,REPLACE,"[{""file"":""/home/jan/development/ProsperOrPerishConstructor/mod/Prosper or Perish (Population Growth & Food Rework)/in_game/common/building_types/zz_pp_farming_village.txt"",""layer_id"":""constructor"",""layer_name"":""Prosper or Perish Constructor"",""line"":2,""mod_name"":""Prosper or Perish Constructor"",""mode"":""REPLACE""}]"
pp_wheat_farm_base_wheat,building_maintenance,wheat,0.06,[],[],false,,,inline,farming_village,farming_village:unique_production_methods:0,0,0.0,0.06,0.06,0.0,0.06,,[],1.0,0.06,/home/jan/development/ProsperOrPerishConstructor/mod/Prosper or Perish (Population Growth & Food Rework)/in_game/common/building_types/zz_pp_farming_village.txt,2,constructor,Prosper or Perish Constructor,REPLACE,"[{""file"":""/home/jan/development/ProsperOrPerishConstructor/mod/Prosper or Perish (Population Growth & Food Rework)/in_game/common/building_types/zz_pp_farming_village.txt"",""layer_id"":""constructor"",""layer_name"":""Prosper or Perish Constructor"",""line"":2,""mod_name"":""Prosper or Perish Constructor"",""mode"":""REPLACE""}]"
pp_maize_farm_base_maize,building_maintenance,maize,0.06,[],[],false,,,inline,farming_village,farming_village:unique_production_methods:0,0,0.0,0.06,0.06,0.0,0.06,,[],1.0,0.06,/home/jan/development/ProsperOrPerishConstructor/mod/Prosper or Perish (Population Growth & Food Rework)/in_game/common/building_types/zz_pp_farming_village.txt,2,constructor,Prosper or Perish Constructor,REPLACE,"[{""file"":""/home/jan/development/ProsperOrPerishConstructor/mod/Prosper or Perish (Population Growth & Food Rework)/in_game/common/building_types/zz_pp_farming_village.txt"",""layer_id"":""constructor"",""layer_name"":""Prosper or Perish Constructor"",""line"":2,""mod_name"":""Prosper or Perish Constructor"",""mode"":""REPLACE""}]"
pp_rice_farm_base_rice,building_maintenance,rice,0.06,[],[],false,,,inline,farming_village,farming_village:unique_production_methods:0,0,0.0,0.06,0.06,0.0,0.06,,[],1.0,0.06,/home/jan/development/ProsperOrPerishConstructor/mod/Prosper or Perish (Population Growth & Food Rework)/in_game/common/building_types/zz_pp_farming_village.txt,2,constructor,Prosper or Perish Constructor,REPLACE,"[{""file"":""/home/jan/development/ProsperOrPerishConstructor/mod/Prosper or Perish (Population Growth & Food Rework)/in_game/common/building_types/zz_pp_farming_village.txt"",""layer_id"":""constructor"",""layer_name"":""Prosper or Perish Constructor"",""line"":2,""mod_name"":""Prosper or Perish Constructor"",""mode"":""REPLACE""}]"
pp_legumes_farm_base_legumes,building_maintenance,legumes,0.06,[],[],false,,,inline,farming_village,farming_village:unique_production_methods:0,0,0.0,0.06,0.06,0.0,0.06,,[],1.0,0.06,/home/jan/development/ProsperOrPerishConstructor/mod/Prosper or Perish (Population Growth & Food Rework)/in_game/common/building_types/zz_pp_farming_village.txt,2,constructor,Prosper or Perish Constructor,REPLACE,"[{""file"":""/home/jan/development/ProsperOrPerishConstructor/mod/Prosper or Perish (Population Growth & Food Rework)/in_game/common/building_types/zz_pp_farming_village.txt"",""layer_id"":""constructor"",""layer_name"":""Prosper or Perish Constructor"",""line"":2,""mod_name"":""Prosper or Perish Constructor"",""mode"":""REPLACE""}]"
pp_potato_farm_base_potato,building_maintenance,potato,0.06,[],[],false,,,inline,farming_village,farming_village:unique_production_methods:0,0,0.0,0.06,0.06,0.0,0.06,,[],1.0,0.06,/home/jan/development/ProsperOrPerishConstructor/mod/Prosper or Perish (Population Growth & Food Rework)/in_game/common/building_types/zz_pp_farming_village.txt,2,constructor,Prosper or Perish Constructor,REPLACE,"[{""file"":""/home/jan/development/ProsperOrPerishConstructor/mod/Prosper or Perish (Population Growth & Food Rework)/in_game/common/building_types/zz_pp_farming_village.txt"",""layer_id"":""constructor"",""layer_name"":""Prosper or Perish Constructor"",""line"":2,""mod_name"":""Prosper or Perish Constructor"",""mode"":""REPLACE""}]"
pp_olives_farm_base_olives,building_maintenance,olives,0.06,[],[],false,,,inline,farming_village,farming_village:unique_production_methods:0,0,0.0,0.06,0.06,0.0,0.06,,[],1.0,0.06,/home/jan/development/ProsperOrPerishConstructor/mod/Prosper or Perish (Population Growth & Food Rework)/in_game/common/building_types/zz_pp_farming_village.txt,2,constructor,Prosper or Perish Constructor,REPLACE,"[{""file"":""/home/jan/development/ProsperOrPerishConstructor/mod/Prosper or Perish (Population Growth & Food Rework)/in_game/common/building_types/zz_pp_farming_village.txt"",""layer_id"":""constructor"",""layer_name"":""Prosper or Perish Constructor"",""line"":2,""mod_name"":""Prosper or Perish Constructor"",""mode"":""REPLACE""}]"
pp_farming_village_no_primary,building_maintenance,,,[],[],false,,,inline,farming_village,farming_village:unique_production_methods:1,1,0.0,,0.0,0.0,0.0,,[],1.0,,/home/jan/development/ProsperOrPerishConstructor/mod/Prosper or Perish (Population Growth & Food Rework)/in_game/common/building_types/zz_pp_farming_village.txt,2,constructor,Prosper or Perish Constructor,REPLACE,"[{""file"":""/home/jan/development/ProsperOrPerishConstructor/mod/Prosper or Perish (Population Growth & Food Rework)/in_game/common/building_types/zz_pp_farming_village.txt"",""layer_id"":""constructor"",""layer_name"":""Prosper or Perish Constructor"",""line"":2,""mod_name"":""Prosper or Perish Constructor"",""mode"":""REPLACE""}]"
pp_farming_village_maintenance,building_maintenance,livestock,0.091,"[""tools"",""clay""]","[0.01,0.2]",false,,,inline,farming_village,farming_village:unique_production_methods:1,1,0.0,0.091,0.1365,0.1325,0.0040000000000000036,3.0188679245283043,[],1.0,0.091,/home/jan/development/ProsperOrPerishConstructor/mod/Prosper or Perish (Population Growth & Food Rework)/in_game/common/building_types/zz_pp_farming_village.txt,2,constructor,Prosper or Perish Constructor,REPLACE,"[{""file"":""/home/jan/development/ProsperOrPerishConstructor/mod/Prosper or Perish (Population Growth & Food Rework)/in_game/common/building_types/zz_pp_farming_village.txt"",""layer_id"":""constructor"",""layer_name"":""Prosper or Perish Constructor"",""line"":2,""mod_name"":""Prosper or Perish Constructor"",""mode"":""REPLACE""}]"
pp_millet_farm_maintenance,building_maintenance,millet,0.166,"[""tools"",""horses""]","[0.03,0.023]",false,,,inline,farming_village,farming_village:unique_production_methods:1,1,0.0,0.166,0.166,0.1665,-0.0005000000000000004,-0.3003003003003006,[],1.0,0.166,/home/jan/development/ProsperOrPerishConstructor/mod/Prosper or Perish (Population Growth & Food Rework)/in_game/common/building_types/zz_pp_farming_village.txt,2,constructor,Prosper or Perish Constructor,REPLACE,"[{""file"":""/home/jan/development/ProsperOrPerishConstructor/mod/Prosper or Perish (Population Growth & Food Rework)/in_game/common/building_types/zz_pp_farming_village.txt"",""layer_id"":""constructor"",""layer_name"":""Prosper or Perish Constructor"",""line"":2,""mod_name"":""Prosper or Perish Constructor"",""mode"":""REPLACE""}]"
pp_millet_farm_livestock,building_maintenance,millet,0.166,"[""tools"",""livestock""]","[0.03,0.045]",false,,,inline,farming_village,farming_village:unique_production_methods:1,1,0.0,0.166,0.166,0.165,0.0010000000000000009,0.6060606060606066,[],1.0,0.166,/home/jan/development/ProsperOrPerishConstructor/mod/Prosper or Perish (Population Growth & Food Rework)/in_game/common/building_types/zz_pp_farming_village.txt,2,constructor,Prosper or Perish Constructor,REPLACE,"[{""file"":""/home/jan/development/ProsperOrPerishConstructor/mod/Prosper or Perish (Population Growth & Food Rework)/in_game/common/building_types/zz_pp_farming_village.txt"",""layer_id"":""constructor"",""layer_name"":""Prosper or Perish Constructor"",""line"":2,""mod_name"":""Prosper or Perish Constructor"",""mode"":""REPLACE""}]"
pp_wheat_farm_maintenance,building_maintenance,wheat,0.166,"[""tools"",""horses""]","[0.03,0.023]",false,,,inline,farming_village,farming_village:unique_production_methods:1,1,0.0,0.166,0.166,0.1665,-0.0005000000000000004,-0.3003003003003006,[],1.0,0.166,/home/jan/development/ProsperOrPerishConstructor/mod/Prosper or Perish (Population Growth & Food Rework)/in_game/common/building_types/zz_pp_farming_village.txt,2,constructor,Prosper or Perish Constructor,REPLACE,"[{""file"":""/home/jan/development/ProsperOrPerishConstructor/mod/Prosper or Perish (Population Growth & Food Rework)/in_game/common/building_types/zz_pp_farming_village.txt"",""layer_id"":""constructor"",""layer_name"":""Prosper or Perish Constructor"",""line"":2,""mod_name"":""Prosper or Perish Constructor"",""mode"":""REPLACE""}]"
pp_wheat_farm_livestock,building_maintenance,wheat,0.166,"[""tools"",""livestock""]","[0.03,0.045]",false,,,inline,farming_village,farming_village:unique_production_methods:1,1,0.0,0.166,0.166,0.165,0.0010000000000000009,0.6060606060606066,[],1.0,0.166,/home/jan/development/ProsperOrPerishConstructor/mod/Prosper or Perish (Population Growth & Food Rework)/in_game/common/building_types/zz_pp_farming_village.txt,2,constructor,Prosper or Perish Constructor,REPLACE,"[{""file"":""/home/jan/development/ProsperOrPerishConstructor/mod/Prosper or Perish (Population Growth & Food Rework)/in_game/common/building_types/zz_pp_farming_village.txt"",""layer_id"":""constructor"",""layer_name"":""Prosper or Perish Constructor"",""line"":2,""mod_name"":""Prosper or Perish Constructor"",""mode"":""REPLACE""}]"
pp_maize_farm_maintenance,building_maintenance,maize,0.11,"[""tools"",""livestock""]","[0.0,0.03]",false,,,inline,farming_village,farming_village:unique_production_methods:1,1,0.0,0.11,0.11,0.045,0.065,144.44444444444446,[],1.0,0.11,/home/jan/development/ProsperOrPerishConstructor/mod/Prosper or Perish (Population Growth & Food Rework)/in_game/common/building_types/zz_pp_farming_village.txt,2,constructor,Prosper or Perish Constructor,REPLACE,"[{""file"":""/home/jan/development/ProsperOrPerishConstructor/mod/Prosper or Perish (Population Growth & Food Rework)/in_game/common/building_types/zz_pp_farming_village.txt"",""layer_id"":""constructor"",""layer_name"":""Prosper or Perish Constructor"",""line"":2,""mod_name"":""Prosper or Perish Constructor"",""mode"":""REPLACE""}]"
pp_rice_farm_maintenance,building_maintenance,rice,0.11,"[""tools"",""livestock""]","[0.0,0.03]",false,,,inline,farming_village,farming_village:unique_production_methods:1,1,0.0,0.11,0.11,0.045,0.065,144.44444444444446,[],1.0,0.11,/home/jan/development/ProsperOrPerishConstructor/mod/Prosper or Perish (Population Growth & Food Rework)/in_game/common/building_types/zz_pp_farming_village.txt,2,constructor,Prosper or Perish Constructor,REPLACE,"[{""file"":""/home/jan/development/ProsperOrPerishConstructor/mod/Prosper or Perish (Population Growth & Food Rework)/in_game/common/building_types/zz_pp_farming_village.txt"",""layer_id"":""constructor"",""layer_name"":""Prosper or Perish Constructor"",""line"":2,""mod_name"":""Prosper or Perish Constructor"",""mode"":""REPLACE""}]"
pp_legumes_farm_maintenance,building_maintenance,legumes,0.166,"[""tools"",""horses""]","[0.03,0.023]",false,,,inline,farming_village,farming_village:unique_production_methods:1,1,0.0,0.166,0.166,0.1665,-0.0005000000000000004,-0.3003003003003006,[],1.0,0.166,/home/jan/development/ProsperOrPerishConstructor/mod/Prosper or Perish (Population Growth & Food Rework)/in_game/common/building_types/zz_pp_farming_village.txt,2,constructor,Prosper or Perish Constructor,REPLACE,"[{""file"":""/home/jan/development/ProsperOrPerishConstructor/mod/Prosper or Perish (Population Growth & Food Rework)/in_game/common/building_types/zz_pp_farming_village.txt"",""layer_id"":""constructor"",""layer_name"":""Prosper or Perish Constructor"",""line"":2,""mod_name"":""Prosper or Perish Constructor"",""mode"":""REPLACE""}]"
pp_legumes_farm_livestock,building_maintenance,legumes,0.166,"[""tools"",""livestock""]","[0.03,0.045]",false,,,inline,farming_village,farming_village:unique_production_methods:1,1,0.0,0.166,0.166,0.165,0.0010000000000000009,0.6060606060606066,[],1.0,0.166,/home/jan/development/ProsperOrPerishConstructor/mod/Prosper or Perish (Population Growth & Food Rework)/in_game/common/building_types/zz_pp_farming_village.txt,2,constructor,Prosper or Perish Constructor,REPLACE,"[{""file"":""/home/jan/development/ProsperOrPerishConstructor/mod/Prosper or Perish (Population Growth & Food Rework)/in_game/common/building_types/zz_pp_farming_village.txt"",""layer_id"":""constructor"",""layer_name"":""Prosper or Perish Constructor"",""line"":2,""mod_name"":""Prosper or Perish Constructor"",""mode"":""REPLACE""}]"
pp_potato_farm_maintenance,building_maintenance,potato,0.11,"[""tools"",""livestock""]","[0.0,0.03]",false,,,inline,farming_village,farming_village:unique_production_methods:1,1,0.0,0.11,0.11,0.045,0.065,144.44444444444446,[],1.0,0.11,/home/jan/development/ProsperOrPerishConstructor/mod/Prosper or Perish (Population Growth & Food Rework)/in_game/common/building_types/zz_pp_farming_village.txt,2,constructor,Prosper or Perish Constructor,REPLACE,"[{""file"":""/home/jan/development/ProsperOrPerishConstructor/mod/Prosper or Perish (Population Growth & Food Rework)/in_game/common/building_types/zz_pp_farming_village.txt"",""layer_id"":""constructor"",""layer_name"":""Prosper or Perish Constructor"",""line"":2,""mod_name"":""Prosper or Perish Constructor"",""mode"":""REPLACE""}]"
pp_olives_farm_maintenance,building_maintenance,olives,0.11,"[""tools"",""livestock""]","[0.0,0.03]",false,,,inline,farming_village,farming_village:unique_production_methods:1,1,0.0,0.11,0.11,0.045,0.065,144.44444444444446,[],1.0,0.11,/home/jan/development/ProsperOrPerishConstructor/mod/Prosper or Perish (Population Growth & Food Rework)/in_game/common/building_types/zz_pp_farming_village.txt,2,constructor,Prosper or Perish Constructor,REPLACE,"[{""file"":""/home/jan/development/ProsperOrPerishConstructor/mod/Prosper or Perish (Population Growth & Food Rework)/in_game/common/building_types/zz_pp_farming_village.txt"",""layer_id"":""constructor"",""layer_name"":""Prosper or Perish Constructor"",""line"":2,""mod_name"":""Prosper or Perish Constructor"",""mode"":""REPLACE""}]"
pp_farming_village_no_beeswax,building_maintenance,,,[],[],false,,,inline,farming_village,farming_village:unique_production_methods:2,2,0.0,,0.0,0.0,0.0,,[],1.0,,/home/jan/development/ProsperOrPerishConstructor/mod/Prosper or Perish (Population Growth & Food Rework)/in_game/common/building_types/zz_pp_farming_village.txt,2,constructor,Prosper or Perish Constructor,REPLACE,"[{""file"":""/home/jan/development/ProsperOrPerishConstructor/mod/Prosper or Perish (Population Growth & Food Rework)/in_game/common/building_types/zz_pp_farming_village.txt"",""layer_id"":""constructor"",""layer_name"":""Prosper or Perish Constructor"",""line"":2,""mod_name"":""Prosper or Perish Constructor"",""mode"":""REPLACE""}]"
pp_farming_village_minor_beeswax,building_maintenance,beeswax,0.063,"[""furniture"",""cloth""]","[0.0,0.0]",false,,,inline,farming_village,farming_village:unique_production_methods:2,2,0.0,0.063,0.126,0.0,0.126,,[],1.0,0.063,/home/jan/development/ProsperOrPerishConstructor/mod/Prosper or Perish (Population Growth & Food Rework)/in_game/common/building_types/zz_pp_farming_village.txt,2,constructor,Prosper or Perish Constructor,REPLACE,"[{""file"":""/home/jan/development/ProsperOrPerishConstructor/mod/Prosper or Perish (Population Growth & Food Rework)/in_game/common/building_types/zz_pp_farming_village.txt"",""layer_id"":""constructor"",""layer_name"":""Prosper or Perish Constructor"",""line"":2,""mod_name"":""Prosper or Perish Constructor"",""mode"":""REPLACE""}]"
pp_farming_village_no_worker_victuals,building_maintenance,,,[],[],false,,,inline,farming_village,farming_village:unique_production_methods:3,3,0.0,,0.0,0.0,0.0,,[],1.0,,/home/jan/development/ProsperOrPerishConstructor/mod/Prosper or Perish (Population Growth & Food Rework)/in_game/common/building_types/zz_pp_farming_village.txt,2,constructor,Prosper or Perish Constructor,REPLACE,"[{""file"":""/home/jan/development/ProsperOrPerishConstructor/mod/Prosper or Perish (Population Growth & Food Rework)/in_game/common/building_types/zz_pp_farming_village.txt"",""layer_id"":""constructor"",""layer_name"":""Prosper or Perish Constructor"",""line"":2,""mod_name"":""Prosper or Perish Constructor"",""mode"":""REPLACE""}]"
pp_farming_village_worker_victuals,building_maintenance,victuals,0.033,[],[],false,,,inline,farming_village,farming_village:unique_production_methods:3,3,0.0,0.033,0.099,0.0,0.099,,[],1.0,0.033,/home/jan/development/ProsperOrPerishConstructor/mod/Prosper or Perish (Population Growth & Food Rework)/in_game/common/building_types/zz_pp_farming_village.txt,2,constructor,Prosper or Perish Constructor,REPLACE,"[{""file"":""/home/jan/development/ProsperOrPerishConstructor/mod/Prosper or Perish (Population Growth & Food Rework)/in_game/common/building_types/zz_pp_farming_village.txt"",""layer_id"":""constructor"",""layer_name"":""Prosper or Perish Constructor"",""line"":2,""mod_name"":""Prosper or Perish Constructor"",""mode"":""REPLACE""}]"
pp_forest_village_base_leather,building_maintenance,leather,0.04,[],[],false,,,inline,forest_village,forest_village:unique_production_methods:0,0,0.0,0.04,0.12,0.0,0.12,,[],1.0,0.04,/home/jan/development/ProsperOrPerishConstructor/mod/Prosper or Perish (Population Growth & Food Rework)/in_game/common/building_types/zz_pp_forest_village.txt,2,constructor,Prosper or Perish Constructor,REPLACE,"[{""file"":""/home/jan/development/ProsperOrPerishConstructor/mod/Prosper or Perish (Population Growth & Food Rework)/in_game/common/building_types/zz_pp_forest_village.txt"",""layer_id"":""constructor"",""layer_name"":""Prosper or Perish Constructor"",""line"":2,""mod_name"":""Prosper or Perish Constructor"",""mode"":""REPLACE""}]"
pp_forest_village_base_wild_game,building_maintenance,wild_game,0.06,[],[],false,,,inline,forest_village,forest_village:unique_production_methods:0,0,0.0,0.06,0.06,0.0,0.06,,[],1.0,0.06,/home/jan/development/ProsperOrPerishConstructor/mod/Prosper or Perish (Population Growth & Food Rework)/in_game/common/building_types/zz_pp_forest_village.txt,2,constructor,Prosper or Perish Constructor,REPLACE,"[{""file"":""/home/jan/development/ProsperOrPerishConstructor/mod/Prosper or Perish (Population Growth & Food Rework)/in_game/common/building_types/zz_pp_forest_village.txt"",""layer_id"":""constructor"",""layer_name"":""Prosper or Perish Constructor"",""line"":2,""mod_name"":""Prosper or Perish Constructor"",""mode"":""REPLACE""}]"
pp_forest_village_base_fur,building_maintenance,fur,0.027,[],[],false,,,inline,forest_village,forest_village:unique_production_methods:0,0,0.0,0.027,0.054,0.0,0.054,,[],1.0,0.027,/home/jan/development/ProsperOrPerishConstructor/mod/Prosper or Perish (Population Growth & Food Rework)/in_game/common/building_types/zz_pp_forest_village.txt,2,constructor,Prosper or Perish Constructor,REPLACE,"[{""file"":""/home/jan/development/ProsperOrPerishConstructor/mod/Prosper or Perish (Population Growth & Food Rework)/in_game/common/building_types/zz_pp_forest_village.txt"",""layer_id"":""constructor"",""layer_name"":""Prosper or Perish Constructor"",""line"":2,""mod_name"":""Prosper or Perish Constructor"",""mode"":""REPLACE""}]"
pp_forest_village_base_beeswax,building_maintenance,beeswax,0.05,[],[],false,,,inline,forest_village,forest_village:unique_production_methods:0,0,0.0,0.05,0.1,0.0,0.1,,[],1.0,0.05,/home/jan/development/ProsperOrPerishConstructor/mod/Prosper or Perish (Population Growth & Food Rework)/in_game/common/building_types/zz_pp_forest_village.txt,2,constructor,Prosper or Perish Constructor,REPLACE,"[{""file"":""/home/jan/development/ProsperOrPerishConstructor/mod/Prosper or Perish (Population Growth & Food Rework)/in_game/common/building_types/zz_pp_forest_village.txt"",""layer_id"":""constructor"",""layer_name"":""Prosper or Perish Constructor"",""line"":2,""mod_name"":""Prosper or Perish Constructor"",""mode"":""REPLACE""}]"
pp_forest_village_no_primary,building_maintenance,,,[],[],false,,,inline,forest_village,forest_village:unique_production_methods:1,1,0.0,,0.0,0.0,0.0,,[],1.0,,/home/jan/development/ProsperOrPerishConstructor/mod/Prosper or Perish (Population Growth & Food Rework)/in_game/common/building_types/zz_pp_forest_village.txt,2,constructor,Prosper or Perish Constructor,REPLACE,"[{""file"":""/home/jan/development/ProsperOrPerishConstructor/mod/Prosper or Perish (Population Growth & Food Rework)/in_game/common/building_types/zz_pp_forest_village.txt"",""layer_id"":""constructor"",""layer_name"":""Prosper or Perish Constructor"",""line"":2,""mod_name"":""Prosper or Perish Constructor"",""mode"":""REPLACE""}]"
pp_forest_tannery,building_maintenance,leather,0.039,"[""sand"",""tar"",""wild_game""]","[0.0,0.0,0.1]",false,,,inline,forest_village,forest_village:unique_production_methods:1,1,0.0,0.039,0.11699999999999999,0.1,0.016999999999999987,16.999999999999986,[],1.0,0.039,/home/jan/development/ProsperOrPerishConstructor/mod/Prosper or Perish (Population Growth & Food Rework)/in_game/common/building_types/zz_pp_forest_village.txt,2,constructor,Prosper or Perish Constructor,REPLACE,"[{""file"":""/home/jan/development/ProsperOrPerishConstructor/mod/Prosper or Perish (Population Growth & Food Rework)/in_game/common/building_types/zz_pp_forest_village.txt"",""layer_id"":""constructor"",""layer_name"":""Prosper or Perish Constructor"",""line"":2,""mod_name"":""Prosper or Perish Constructor"",""mode"":""REPLACE""}]"
pp_hunting_lodges,building_maintenance,wild_game,0.063,"[""weaponry""]",[0.0],false,,,inline,forest_village,forest_village:unique_production_methods:1,1,0.0,0.063,0.063,0.0,0.063,,[],1.0,0.063,/home/jan/development/ProsperOrPerishConstructor/mod/Prosper or Perish (Population Growth & Food Rework)/in_game/common/building_types/zz_pp_forest_village.txt,2,constructor,Prosper or Perish Constructor,REPLACE,"[{""file"":""/home/jan/development/ProsperOrPerishConstructor/mod/Prosper or Perish (Population Growth & Food Rework)/in_game/common/building_types/zz_pp_forest_village.txt"",""layer_id"":""constructor"",""layer_name"":""Prosper or Perish Constructor"",""line"":2,""mod_name"":""Prosper or Perish Constructor"",""mode"":""REPLACE""}]"
pp_fur_trapping,building_maintenance,fur,0.064,"[""tools"",""weaponry""]","[0.013,0.021]",false,,,inline,forest_village,forest_village:unique_production_methods:1,1,0.0,0.064,0.128,0.10525,0.022750000000000006,21.615201900237537,[],1.0,0.064,/home/jan/development/ProsperOrPerishConstructor/mod/Prosper or Perish (Population Growth & Food Rework)/in_game/common/building_types/zz_pp_forest_village.txt,2,constructor,Prosper or Perish Constructor,REPLACE,"[{""file"":""/home/jan/development/ProsperOrPerishConstructor/mod/Prosper or Perish (Population Growth & Food Rework)/in_game/common/building_types/zz_pp_forest_village.txt"",""layer_id"":""constructor"",""layer_name"":""Prosper or Perish Constructor"",""line"":2,""mod_name"":""Prosper or Perish Constructor"",""mode"":""REPLACE""}]"
pp_forest_village_forest_apiary,building_maintenance,beeswax,0.13,"[""cloth""]",[0.08],false,,,inline,forest_village,forest_village:unique_production_methods:1,1,0.0,0.13,0.26,0.24,0.020000000000000018,8.333333333333341,[],1.0,0.13,/home/jan/development/ProsperOrPerishConstructor/mod/Prosper or Perish (Population Growth & Food Rework)/in_game/common/building_types/zz_pp_forest_village.txt,2,constructor,Prosper or Perish Constructor,REPLACE,"[{""file"":""/home/jan/development/ProsperOrPerishConstructor/mod/Prosper or Perish (Population Growth & Food Rework)/in_game/common/building_types/zz_pp_forest_village.txt"",""layer_id"":""constructor"",""layer_name"":""Prosper or Perish Constructor"",""line"":2,""mod_name"":""Prosper or Perish Constructor"",""mode"":""REPLACE""}]"
pp_forest_village_no_worker_victuals,building_maintenance,,,[],[],false,,,inline,forest_village,forest_village:unique_production_methods:2,2,0.0,,0.0,0.0,0.0,,[],1.0,,/home/jan/development/ProsperOrPerishConstructor/mod/Prosper or Perish (Population Growth & Food Rework)/in_game/common/building_types/zz_pp_forest_village.txt,2,constructor,Prosper or Perish Constructor,REPLACE,"[{""file"":""/home/jan/development/ProsperOrPerishConstructor/mod/Prosper or Perish (Population Growth & Food Rework)/in_game/common/building_types/zz_pp_forest_village.txt"",""layer_id"":""constructor"",""layer_name"":""Prosper or Perish Constructor"",""line"":2,""mod_name"":""Prosper or Perish Constructor"",""mode"":""REPLACE""}]"
pp_forest_village_worker_victuals,building_maintenance,victuals,0.033,[],[],false,,,inline,forest_village,forest_village:unique_production_methods:2,2,0.0,0.033,0.099,0.0,0.099,,[],1.0,0.033,/home/jan/development/ProsperOrPerishConstructor/mod/Prosper or Perish (Population Growth & Food Rework)/in_game/common/building_types/zz_pp_forest_village.txt,2,constructor,Prosper or Perish Constructor,REPLACE,"[{""file"":""/home/jan/development/ProsperOrPerishConstructor/mod/Prosper or Perish (Population Growth & Food Rework)/in_game/common/building_types/zz_pp_forest_village.txt"",""layer_id"":""constructor"",""layer_name"":""Prosper or Perish Constructor"",""line"":2,""mod_name"":""Prosper or Perish Constructor"",""mode"":""REPLACE""}]"
pp_market_village_rural_blacksmith,building_maintenance,tools,0.5,"[""iron""]",[0.417],false,,,inline,market_village,market_village:unique_production_methods:0,0,0.0,0.5,1.625,1.4595,0.16549999999999998,11.33949982870846,[],1.0,0.5,/home/jan/development/ProsperOrPerishConstructor/mod/Prosper or Perish (Population Growth & Food Rework)/in_game/common/building_types/zz_pp_market_village_market_access.txt,2,constructor,Prosper or Perish Constructor,REPLACE,"[{""file"":""/home/jan/development/ProsperOrPerishConstructor/mod/Prosper or Perish (Population Growth & Food Rework)/in_game/common/building_types/zz_pp_market_village_market_access.txt"",""layer_id"":""constructor"",""layer_name"":""Prosper or Perish Constructor"",""line"":2,""mod_name"":""Prosper or Perish Constructor"",""mode"":""REPLACE""}]"
pp_market_village_rural_millet_brewery,building_maintenance,beer,0.5,"[""millet"",""lumber"",""tools""]","[0.524,0.105,0.074]",false,,,inline,market_village,market_village:unique_production_methods:0,0,0.0,0.5,1.0,0.94825,0.05174999999999996,5.457421566042706,[],1.0,0.5,/home/jan/development/ProsperOrPerishConstructor/mod/Prosper or Perish (Population Growth & Food Rework)/in_game/common/building_types/zz_pp_market_village_market_access.txt,2,constructor,Prosper or Perish Constructor,REPLACE,"[{""file"":""/home/jan/development/ProsperOrPerishConstructor/mod/Prosper or Perish (Population Growth & Food Rework)/in_game/common/building_types/zz_pp_market_village_market_access.txt"",""layer_id"":""constructor"",""layer_name"":""Prosper or Perish Constructor"",""line"":2,""mod_name"":""Prosper or Perish Constructor"",""mode"":""REPLACE""}]"
pp_market_village_rural_weaponmaker,building_maintenance,weaponry,0.2,"[""lumber""]",[0.333],false,,,inline,market_village,market_village:unique_production_methods:0,0,0.0,0.2,0.6000000000000001,0.58275,0.0172500000000001,2.960102960102977,[],1.0,0.2,/home/jan/development/ProsperOrPerishConstructor/mod/Prosper or Perish (Population Growth & Food Rework)/in_game/common/building_types/zz_pp_market_village_market_access.txt,2,constructor,Prosper or Perish Constructor,REPLACE,"[{""file"":""/home/jan/development/ProsperOrPerishConstructor/mod/Prosper or Perish (Population Growth & Food Rework)/in_game/common/building_types/zz_pp_market_village_market_access.txt"",""layer_id"":""constructor"",""layer_name"":""Prosper or Perish Constructor"",""line"":2,""mod_name"":""Prosper or Perish Constructor"",""mode"":""REPLACE""}]"
pp_market_village_rural_jewelry_carver,building_maintenance,jewelry,0.1,"[""stone""]",[0.428],false,,,inline,market_village,market_village:unique_production_methods:0,0,0.0,0.1,0.5,0.428,0.07200000000000001,16.82242990654206,[],1.0,0.1,/home/jan/development/ProsperOrPerishConstructor/mod/Prosper or Perish (Population Growth & Food Rework)/in_game/common/building_types/zz_pp_market_village_market_access.txt,2,constructor,Prosper or Perish Constructor,REPLACE,"[{""file"":""/home/jan/development/ProsperOrPerishConstructor/mod/Prosper or Perish (Population Growth & Food Rework)/in_game/common/building_types/zz_pp_market_village_market_access.txt"",""layer_id"":""constructor"",""layer_name"":""Prosper or Perish Constructor"",""line"":2,""mod_name"":""Prosper or Perish Constructor"",""mode"":""REPLACE""}]"
pp_market_village_rural_pottery_maker,building_maintenance,pottery,0.2,"[""clay""]",[0.333],false,,,inline,market_village,market_village:unique_production_methods:0,0,0.0,0.2,0.2,0.1665,0.0335,20.12012012012012,[],1.0,0.2,/home/jan/development/ProsperOrPerishConstructor/mod/Prosper or Perish (Population Growth & Food Rework)/in_game/common/building_types/zz_pp_market_village_market_access.txt,2,constructor,Prosper or Perish Constructor,REPLACE,"[{""file"":""/home/jan/development/ProsperOrPerishConstructor/mod/Prosper or Perish (Population Growth & Food Rework)/in_game/common/building_types/zz_pp_market_village_market_access.txt"",""layer_id"":""constructor"",""layer_name"":""Prosper or Perish Constructor"",""line"":2,""mod_name"":""Prosper or Perish Constructor"",""mode"":""REPLACE""}]"
pp_rural_glassmaker_rural_glassmaker_maintenance,guild_input,glass,0.2,"[""sand""]",[1.056],false,,,inline,rural_glassmaker,rural_glassmaker:unique_production_methods:0,0,0.0,0.2,0.6000000000000001,0.528,0.07200000000000006,13.636363636363647,[],1.0,0.2,/home/jan/development/ProsperOrPerishConstructor/mod/Prosper or Perish (Population Growth & Food Rework)/in_game/common/building_types/zz_pp_rural_glassmaker.txt,2,constructor,Prosper or Perish Constructor,REPLACE,"[{""file"":""/home/jan/development/ProsperOrPerishConstructor/mod/Prosper or Perish (Population Growth & Food Rework)/in_game/common/building_types/zz_pp_rural_glassmaker.txt"",""layer_id"":""constructor"",""layer_name"":""Prosper or Perish Constructor"",""line"":2,""mod_name"":""Prosper or Perish Constructor"",""mode"":""REPLACE""}]"
pp_rural_clothmaker_rural_wool_clothmaker,guild_input,cloth,0.5,"[""wool""]",[0.571],false,,,inline,rural_clothmaker,rural_clothmaker:unique_production_methods:0,0,0.0,0.5,1.5,1.4274999999999998,0.07250000000000023,5.078809106830139,[],1.0,0.5,/home/jan/development/ProsperOrPerishConstructor/mod/Prosper or Perish (Population Growth & Food Rework)/in_game/common/building_types/zz_pp_rural_clothmaker.txt,2,constructor,Prosper or Perish Constructor,REPLACE,"[{""file"":""/home/jan/development/ProsperOrPerishConstructor/mod/Prosper or Perish (Population Growth & Food Rework)/in_game/common/building_types/zz_pp_rural_clothmaker.txt"",""layer_id"":""constructor"",""layer_name"":""Prosper or Perish Constructor"",""line"":2,""mod_name"":""Prosper or Perish Constructor"",""mode"":""REPLACE""}]"
pp_rural_clothmaker_rural_cotton_clothmaker,guild_input,cloth,0.5,"[""cotton""]",[0.476],false,,,inline,rural_clothmaker,rural_clothmaker:unique_production_methods:0,0,0.0,0.5,1.5,1.428,0.07200000000000006,5.042016806722694,[],1.0,0.5,/home/jan/development/ProsperOrPerishConstructor/mod/Prosper or Perish (Population Growth & Food Rework)/in_game/common/building_types/zz_pp_rural_clothmaker.txt,2,constructor,Prosper or Perish Constructor,REPLACE,"[{""file"":""/home/jan/development/ProsperOrPerishConstructor/mod/Prosper or Perish (Population Growth & Food Rework)/in_game/common/building_types/zz_pp_rural_clothmaker.txt"",""layer_id"":""constructor"",""layer_name"":""Prosper or Perish Constructor"",""line"":2,""mod_name"":""Prosper or Perish Constructor"",""mode"":""REPLACE""}]"
pp_rural_clothmaker_rural_fiber_clothmaker,guild_input,cloth,0.4,"[""fiber_crops""]",[0.564],false,,,inline,rural_clothmaker,rural_clothmaker:unique_production_methods:0,0,0.0,0.4,1.2000000000000002,1.128,0.07200000000000029,6.382978723404281,[],1.0,0.4,/home/jan/development/ProsperOrPerishConstructor/mod/Prosper or Perish (Population Growth & Food Rework)/in_game/common/building_types/zz_pp_rural_clothmaker.txt,2,constructor,Prosper or Perish Constructor,REPLACE,"[{""file"":""/home/jan/development/ProsperOrPerishConstructor/mod/Prosper or Perish (Population Growth & Food Rework)/in_game/common/building_types/zz_pp_rural_clothmaker.txt"",""layer_id"":""constructor"",""layer_name"":""Prosper or Perish Constructor"",""line"":2,""mod_name"":""Prosper or Perish Constructor"",""mode"":""REPLACE""}]"
pp_char_coal_maintenance,guild_input,coal,0.62,"[""lumber"",""clay""]","[0.51,1.2]",false,,,inline,charcoal_maker,charcoal_maker:unique_production_methods:0,0,0.0,0.62,1.24,1.4925000000000002,-0.25250000000000017,-16.91792294807371,[],1.0,0.62,/home/jan/development/ProsperOrPerishConstructor/mod/Prosper or Perish (Population Growth & Food Rework)/in_game/common/building_types/zz_pp_charcoal_maker.txt,2,constructor,Prosper or Perish Constructor,REPLACE,"[{""file"":""/home/jan/development/ProsperOrPerishConstructor/mod/Prosper or Perish (Population Growth & Food Rework)/in_game/common/building_types/zz_pp_charcoal_maker.txt"",""layer_id"":""constructor"",""layer_name"":""Prosper or Perish Constructor"",""line"":2,""mod_name"":""Prosper or Perish Constructor"",""mode"":""REPLACE""}]"
pp_improved_char_coal_maintenance,guild_input,coal,0.9,"[""lumber"",""clay""]","[0.63,1.48]",false,,,inline,improved_charcoal_maker,improved_charcoal_maker:unique_production_methods:0,0,0.0,0.9,1.8,1.8425,-0.04249999999999998,-2.3066485753052905,[],1.0,0.9,/home/jan/development/ProsperOrPerishConstructor/mod/Prosper or Perish (Population Growth & Food Rework)/in_game/common/building_types/zz_pp_improved_charcoal_maker.txt,2,constructor,Prosper or Perish Constructor,REPLACE,"[{""file"":""/home/jan/development/ProsperOrPerishConstructor/mod/Prosper or Perish (Population Growth & Food Rework)/in_game/common/building_types/zz_pp_improved_charcoal_maker.txt"",""layer_id"":""constructor"",""layer_name"":""Prosper or Perish Constructor"",""line"":2,""mod_name"":""Prosper or Perish Constructor"",""mode"":""REPLACE""}]"
pp_elephant_hunting_grounds_elephant_hunting_grounds_maintenance,guild_input,ivory,1.0,"[""tools"",""weaponry"",""elephants""]","[0.245,0.245,0.491]",false,,,inline,elephant_hunting_grounds,elephant_hunting_grounds:unique_production_methods:0,0,0.0,1.0,4.0,3.98625,0.013749999999999929,0.3449357165255548,[],1.0,1.0,/home/jan/development/ProsperOrPerishConstructor/mod/Prosper or Perish (Population Growth & Food Rework)/in_game/common/building_types/zz_pp_elephant_hunting_grounds.txt,2,constructor,Prosper or Perish Constructor,REPLACE,"[{""file"":""/home/jan/development/ProsperOrPerishConstructor/mod/Prosper or Perish (Population Growth & Food Rework)/in_game/common/building_types/zz_pp_elephant_hunting_grounds.txt"",""layer_id"":""constructor"",""layer_name"":""Prosper or Perish Constructor"",""line"":2,""mod_name"":""Prosper or Perish Constructor"",""mode"":""REPLACE""}]"
windmill_maintenance,building_maintenance,,,"[""tools"",""lumber"",""cloth""]","[0.025,0.05,0.05]",false,,,inline,windmill,windmill:unique_production_methods:0,0,0.0,,0.0,0.31875000000000003,-0.31875000000000003,-100.0,[],1.0,,/home/jan/development/ProsperOrPerishConstructor/mod/Prosper or Perish (Population Growth & Food Rework)/in_game/common/building_types/zz_pp_windmill.txt,2,constructor,Prosper or Perish Constructor,INJECT,"[{""file"":""/home/jan/development/ProsperOrPerishConstructor/mod/Prosper or Perish (Population Growth & Food Rework)/in_game/common/building_types/rural_buildings.txt"",""layer_id"":""constructor"",""layer_name"":""Prosper or Perish Constructor"",""line"":521,""mod_name"":""Prosper or Perish Constructor"",""mode"":""CREATE""},{""file"":""/home/jan/development/ProsperOrPerishConstructor/mod/Prosper or Perish (Population Growth & Food Rework)/in_game/common/building_types/zz_pp_windmill.txt"",""layer_id"":""constructor"",""layer_name"":""Prosper or Perish Constructor"",""line"":2,""mod_name"":""Prosper or Perish Constructor"",""mode"":""INJECT""}]"
local_smelters_maintenance,building_maintenance,,,"[""tools"",""lumber"",""coal""]","[0.025,0.05,0.05]",false,,,inline,local_smelters,local_smelters:unique_production_methods:0,0,0.0,,0.0,0.26875000000000004,-0.26875000000000004,-100.0,[],1.0,,/home/jan/development/ProsperOrPerishConstructor/mod/Prosper or Perish (Population Growth & Food Rework)/in_game/common/building_types/zz_pp_local_smelters.txt,2,constructor,Prosper or Perish Constructor,INJECT,"[{""file"":""/home/jan/development/ProsperOrPerishConstructor/mod/Prosper or Perish (Population Growth & Food Rework)/in_game/common/building_types/rural_buildings.txt"",""layer_id"":""constructor"",""layer_name"":""Prosper or Perish Constructor"",""line"":567,""mod_name"":""Prosper or Perish Constructor"",""mode"":""CREATE""},{""file"":""/home/jan/development/ProsperOrPerishConstructor/mod/Prosper or Perish (Population Growth & Food Rework)/in_game/common/building_types/zz_pp_local_smelters.txt"",""layer_id"":""constructor"",""layer_name"":""Prosper or Perish Constructor"",""line"":2,""mod_name"":""Prosper or Perish Constructor"",""mode"":""INJECT""}]"
sawmill_maintenance,building_maintenance,,,"[""tools""]",[0.05],false,,,inline,sawmill,sawmill:unique_production_methods:0,0,0.0,,0.0,0.1625,-0.1625,-100.0,[],1.0,,/home/jan/development/ProsperOrPerishConstructor/mod/Prosper or Perish (Population Growth & Food Rework)/in_game/common/building_types/zz_pp_sawmill.txt,2,constructor,Prosper or Perish Constructor,INJECT,"[{""file"":""/home/jan/development/ProsperOrPerishConstructor/mod/Prosper or Perish (Population Growth & Food Rework)/in_game/common/building_types/rural_buildings.txt"",""layer_id"":""constructor"",""layer_name"":""Prosper or Perish Constructor"",""line"":615,""mod_name"":""Prosper or Perish Constructor"",""mode"":""CREATE""},{""file"":""/home/jan/development/ProsperOrPerishConstructor/mod/Prosper or Perish (Population Growth & Food Rework)/in_game/common/building_types/zz_pp_sawmill.txt"",""layer_id"":""constructor"",""layer_name"":""Prosper or Perish Constructor"",""line"":2,""mod_name"":""Prosper or Perish Constructor"",""mode"":""INJECT""}]"
pp_sheep_farm_base_wool,building_maintenance,wool,0.06,[],[],false,,,inline,sheep_farms,sheep_farms:unique_production_methods:0,0,0.0,0.06,0.15,0.0,0.15,,[],1.0,0.06,/home/jan/development/ProsperOrPerishConstructor/mod/Prosper or Perish (Population Growth & Food Rework)/in_game/common/building_types/zz_pp_sheep_farms.txt,2,constructor,Prosper or Perish Constructor,REPLACE,"[{""file"":""/home/jan/development/ProsperOrPerishConstructor/mod/Prosper or Perish (Population Growth & Food Rework)/in_game/common/building_types/zz_pp_sheep_farms.txt"",""layer_id"":""constructor"",""layer_name"":""Prosper or Perish Constructor"",""line"":2,""mod_name"":""Prosper or Perish Constructor"",""mode"":""REPLACE""}]"
pp_sheep_farm_no_primary,building_maintenance,,,[],[],false,,,inline,sheep_farms,sheep_farms:unique_production_methods:1,1,0.0,,0.0,0.0,0.0,,[],1.0,,/home/jan/development/ProsperOrPerishConstructor/mod/Prosper or Perish (Population Growth & Food Rework)/in_game/common/building_types/zz_pp_sheep_farms.txt,2,constructor,Prosper or Perish Constructor,REPLACE,"[{""file"":""/home/jan/development/ProsperOrPerishConstructor/mod/Prosper or Perish (Population Growth & Food Rework)/in_game/common/building_types/zz_pp_sheep_farms.txt"",""layer_id"":""constructor"",""layer_name"":""Prosper or Perish Constructor"",""line"":2,""mod_name"":""Prosper or Perish Constructor"",""mode"":""REPLACE""}]"
pp_sheep_farm_maintenance,building_maintenance,wool,0.06,"[""lumber"",""tools""]","[0.05,0.01]",false,,,inline,sheep_farms,sheep_farms:unique_production_methods:1,1,0.0,0.06,0.15,0.12000000000000001,0.029999999999999985,24.999999999999986,[],1.0,0.06,/home/jan/development/ProsperOrPerishConstructor/mod/Prosper or Perish (Population Growth & Food Rework)/in_game/common/building_types/zz_pp_sheep_farms.txt,2,constructor,Prosper or Perish Constructor,REPLACE,"[{""file"":""/home/jan/development/ProsperOrPerishConstructor/mod/Prosper or Perish (Population Growth & Food Rework)/in_game/common/building_types/zz_pp_sheep_farms.txt"",""layer_id"":""constructor"",""layer_name"":""Prosper or Perish Constructor"",""line"":2,""mod_name"":""Prosper or Perish Constructor"",""mode"":""REPLACE""}]"
pp_alum_quarry_base_alum,building_maintenance,alum,0.08,[],[],false,,,inline,alum_quarry,alum_quarry:unique_production_methods:0,0,0.0,0.08,0.24,0.0,0.24,,[],1.0,0.08,/home/jan/development/ProsperOrPerishConstructor/mod/Prosper or Perish (Population Growth & Food Rework)/in_game/common/building_types/zz_pp_alum_quarry.txt,2,constructor,Prosper or Perish Constructor,CREATE,"[{""file"":""/home/jan/development/ProsperOrPerishConstructor/mod/Prosper or Perish (Population Growth & Food Rework)/in_game/common/building_types/zz_pp_alum_quarry.txt"",""layer_id"":""constructor"",""layer_name"":""Prosper or Perish Constructor"",""line"":2,""mod_name"":""Prosper or Perish Constructor"",""mode"":""CREATE""}]"
pp_alum_quarry_no_primary,building_maintenance,,,[],[],false,,,inline,alum_quarry,alum_quarry:unique_production_methods:1,1,0.0,,0.0,0.0,0.0,,[],1.0,,/home/jan/development/ProsperOrPerishConstructor/mod/Prosper or Perish (Population Growth & Food Rework)/in_game/common/building_types/zz_pp_alum_quarry.txt,2,constructor,Prosper or Perish Constructor,CREATE,"[{""file"":""/home/jan/development/ProsperOrPerishConstructor/mod/Prosper or Perish (Population Growth & Food Rework)/in_game/common/building_types/zz_pp_alum_quarry.txt"",""layer_id"":""constructor"",""layer_name"":""Prosper or Perish Constructor"",""line"":2,""mod_name"":""Prosper or Perish Constructor"",""mode"":""CREATE""}]"
pp_alum_quarry_alum,building_maintenance,alum,0.424,"[""lumber"",""tools""]","[0.197,0.255]",false,,,inline,alum_quarry,alum_quarry:unique_production_methods:1,1,0.0,0.424,1.272,1.1735,0.09850000000000003,8.393694077545806,[],1.0,0.424,/home/jan/development/ProsperOrPerishConstructor/mod/Prosper or Perish (Population Growth & Food Rework)/in_game/common/building_types/zz_pp_alum_quarry.txt,2,constructor,Prosper or Perish Constructor,CREATE,"[{""file"":""/home/jan/development/ProsperOrPerishConstructor/mod/Prosper or Perish (Population Growth & Food Rework)/in_game/common/building_types/zz_pp_alum_quarry.txt"",""layer_id"":""constructor"",""layer_name"":""Prosper or Perish Constructor"",""line"":2,""mod_name"":""Prosper or Perish Constructor"",""mode"":""CREATE""}]"
pp_alum_quarry_no_secondary,building_maintenance,,,[],[],false,,,inline,alum_quarry,alum_quarry:unique_production_methods:2,2,0.0,,0.0,0.0,0.0,,[],1.0,,/home/jan/development/ProsperOrPerishConstructor/mod/Prosper or Perish (Population Growth & Food Rework)/in_game/common/building_types/zz_pp_alum_quarry.txt,2,constructor,Prosper or Perish Constructor,CREATE,"[{""file"":""/home/jan/development/ProsperOrPerishConstructor/mod/Prosper or Perish (Population Growth & Food Rework)/in_game/common/building_types/zz_pp_alum_quarry.txt"",""layer_id"":""constructor"",""layer_name"":""Prosper or Perish Constructor"",""line"":2,""mod_name"":""Prosper or Perish Constructor"",""mode"":""CREATE""}]"
pp_alum_quarry_stone,building_maintenance,stone,0.168,"[""lumber"",""tools""]","[0.04,0.03]",false,,,inline,alum_quarry,alum_quarry:unique_production_methods:2,2,0.0,0.168,0.168,0.1675,0.0005000000000000004,0.2985074626865674,[],1.0,0.168,/home/jan/development/ProsperOrPerishConstructor/mod/Prosper or Perish (Population Growth & Food Rework)/in_game/common/building_types/zz_pp_alum_quarry.txt,2,constructor,Prosper or Perish Constructor,CREATE,"[{""file"":""/home/jan/development/ProsperOrPerishConstructor/mod/Prosper or Perish (Population Growth & Food Rework)/in_game/common/building_types/zz_pp_alum_quarry.txt"",""layer_id"":""constructor"",""layer_name"":""Prosper or Perish Constructor"",""line"":2,""mod_name"":""Prosper or Perish Constructor"",""mode"":""CREATE""}]"
pp_alum_quarry_clay,building_maintenance,clay,0.264,"[""lumber"",""tools""]","[0.03,0.02]",false,,,inline,alum_quarry,alum_quarry:unique_production_methods:2,2,0.0,0.264,0.132,0.1175,0.014500000000000013,12.340425531914907,[],1.0,0.264,/home/jan/development/ProsperOrPerishConstructor/mod/Prosper or Perish (Population Growth & Food Rework)/in_game/common/building_types/zz_pp_alum_quarry.txt,2,constructor,Prosper or Perish Constructor,CREATE,"[{""file"":""/home/jan/development/ProsperOrPerishConstructor/mod/Prosper or Perish (Population Growth & Food Rework)/in_game/common/building_types/zz_pp_alum_quarry.txt"",""layer_id"":""constructor"",""layer_name"":""Prosper or Perish Constructor"",""line"":2,""mod_name"":""Prosper or Perish Constructor"",""mode"":""CREATE""}]"
pp_alum_works_base_alum,building_maintenance,alum,0.08,[],[],false,,,inline,alum_works,alum_works:unique_production_methods:0,0,0.0,0.08,0.24,0.0,0.24,,[],1.0,0.08,/home/jan/development/ProsperOrPerishConstructor/mod/Prosper or Perish (Population Growth & Food Rework)/in_game/common/building_types/zz_pp_alum_works.txt,2,constructor,Prosper or Perish Constructor,CREATE,"[{""file"":""/home/jan/development/ProsperOrPerishConstructor/mod/Prosper or Perish (Population Growth & Food Rework)/in_game/common/building_types/zz_pp_alum_works.txt"",""layer_id"":""constructor"",""layer_name"":""Prosper or Perish Constructor"",""line"":2,""mod_name"":""Prosper or Perish Constructor"",""mode"":""CREATE""}]"
pp_alum_works_no_primary,building_maintenance,,,[],[],false,,,inline,alum_works,alum_works:unique_production_methods:1,1,0.0,,0.0,0.0,0.0,,[],1.0,,/home/jan/development/ProsperOrPerishConstructor/mod/Prosper or Perish (Population Growth & Food Rework)/in_game/common/building_types/zz_pp_alum_works.txt,2,constructor,Prosper or Perish Constructor,CREATE,"[{""file"":""/home/jan/development/ProsperOrPerishConstructor/mod/Prosper or Perish (Population Growth & Food Rework)/in_game/common/building_types/zz_pp_alum_works.txt"",""layer_id"":""constructor"",""layer_name"":""Prosper or Perish Constructor"",""line"":2,""mod_name"":""Prosper or Perish Constructor"",""mode"":""CREATE""}]"
pp_alum_works_alum,building_maintenance,alum,0.672,"[""lumber"",""tools"",""coal""]","[0.327,0.346,0.077]",false,,,inline,alum_works,alum_works:unique_production_methods:1,1,0.0,0.672,2.016,1.8507499999999997,0.16525000000000034,8.928812643522917,[],1.0,0.672,/home/jan/development/ProsperOrPerishConstructor/mod/Prosper or Perish (Population Growth & Food Rework)/in_game/common/building_types/zz_pp_alum_works.txt,2,constructor,Prosper or Perish Constructor,CREATE,"[{""file"":""/home/jan/development/ProsperOrPerishConstructor/mod/Prosper or Perish (Population Growth & Food Rework)/in_game/common/building_types/zz_pp_alum_works.txt"",""layer_id"":""constructor"",""layer_name"":""Prosper or Perish Constructor"",""line"":2,""mod_name"":""Prosper or Perish Constructor"",""mode"":""CREATE""}]"
pp_alum_works_no_secondary,building_maintenance,,,[],[],false,,,inline,alum_works,alum_works:unique_production_methods:2,2,0.0,,0.0,0.0,0.0,,[],1.0,,/home/jan/development/ProsperOrPerishConstructor/mod/Prosper or Perish (Population Growth & Food Rework)/in_game/common/building_types/zz_pp_alum_works.txt,2,constructor,Prosper or Perish Constructor,CREATE,"[{""file"":""/home/jan/development/ProsperOrPerishConstructor/mod/Prosper or Perish (Population Growth & Food Rework)/in_game/common/building_types/zz_pp_alum_works.txt"",""layer_id"":""constructor"",""layer_name"":""Prosper or Perish Constructor"",""line"":2,""mod_name"":""Prosper or Perish Constructor"",""mode"":""CREATE""}]"
pp_alum_works_stone,building_maintenance,stone,0.16,"[""lumber"",""tools""]","[0.04,0.03]",false,,,inline,alum_works,alum_works:unique_production_methods:2,2,0.0,0.16,0.16,0.1675,-0.007500000000000007,-4.4776119402985115,[],1.0,0.16,/home/jan/development/ProsperOrPerishConstructor/mod/Prosper or Perish (Population Growth & Food Rework)/in_game/common/building_types/zz_pp_alum_works.txt,2,constructor,Prosper or Perish Constructor,CREATE,"[{""file"":""/home/jan/development/ProsperOrPerishConstructor/mod/Prosper or Perish (Population Growth & Food Rework)/in_game/common/building_types/zz_pp_alum_works.txt"",""layer_id"":""constructor"",""layer_name"":""Prosper or Perish Constructor"",""line"":2,""mod_name"":""Prosper or Perish Constructor"",""mode"":""CREATE""}]"
pp_alum_works_clay,building_maintenance,clay,0.252,"[""lumber"",""tools""]","[0.03,0.02]",false,,,inline,alum_works,alum_works:unique_production_methods:2,2,0.0,0.252,0.126,0.1175,0.008500000000000008,7.234042553191496,[],1.0,0.252,/home/jan/development/ProsperOrPerishConstructor/mod/Prosper or Perish (Population Growth & Food Rework)/in_game/common/building_types/zz_pp_alum_works.txt,2,constructor,Prosper or Perish Constructor,CREATE,"[{""file"":""/home/jan/development/ProsperOrPerishConstructor/mod/Prosper or Perish (Population Growth & Food Rework)/in_game/common/building_types/zz_pp_alum_works.txt"",""layer_id"":""constructor"",""layer_name"":""Prosper or Perish Constructor"",""line"":2,""mod_name"":""Prosper or Perish Constructor"",""mode"":""CREATE""}]"
pp_amber_collector_base_amber,building_maintenance,amber,0.039,[],[],false,,,inline,amber_collector,amber_collector:unique_production_methods:0,0,0.0,0.039,0.156,0.0,0.156,,[],1.0,0.039,/home/jan/development/ProsperOrPerishConstructor/mod/Prosper or Perish (Population Growth & Food Rework)/in_game/common/building_types/zz_pp_amber_collector.txt,2,constructor,Prosper or Perish Constructor,CREATE,"[{""file"":""/home/jan/development/ProsperOrPerishConstructor/mod/Prosper or Perish (Population Growth & Food Rework)/in_game/common/building_types/zz_pp_amber_collector.txt"",""layer_id"":""constructor"",""layer_name"":""Prosper or Perish Constructor"",""line"":2,""mod_name"":""Prosper or Perish Constructor"",""mode"":""CREATE""}]"
pp_amber_collector_no_beach_gathering,building_maintenance,,,[],[],false,,,inline,amber_collector,amber_collector:unique_production_methods:1,1,0.0,,0.0,0.0,0.0,,[],1.0,,/home/jan/development/ProsperOrPerishConstructor/mod/Prosper or Perish (Population Growth & Food Rework)/in_game/common/building_types/zz_pp_amber_collector.txt,2,constructor,Prosper or Perish Constructor,CREATE,"[{""file"":""/home/jan/development/ProsperOrPerishConstructor/mod/Prosper or Perish (Population Growth & Food Rework)/in_game/common/building_types/zz_pp_amber_collector.txt"",""layer_id"":""constructor"",""layer_name"":""Prosper or Perish Constructor"",""line"":2,""mod_name"":""Prosper or Perish Constructor"",""mode"":""CREATE""}]"
pp_amber_collector_basket_gathering,building_maintenance,amber,0.087,"[""fiber_crops"",""tools""]","[0.084,0.042]",false,,,inline,amber_collector,amber_collector:unique_production_methods:1,1,0.0,0.087,0.348,0.3045,0.04349999999999998,14.28571428571428,[],1.0,0.087,/home/jan/development/ProsperOrPerishConstructor/mod/Prosper or Perish (Population Growth & Food Rework)/in_game/common/building_types/zz_pp_amber_collector.txt,2,constructor,Prosper or Perish Constructor,CREATE,"[{""file"":""/home/jan/development/ProsperOrPerishConstructor/mod/Prosper or Perish (Population Growth & Food Rework)/in_game/common/building_types/zz_pp_amber_collector.txt"",""layer_id"":""constructor"",""layer_name"":""Prosper or Perish Constructor"",""line"":2,""mod_name"":""Prosper or Perish Constructor"",""mode"":""CREATE""}]"
pp_amber_collector_no_sand,building_maintenance,,,[],[],false,,,inline,amber_collector,amber_collector:unique_production_methods:2,2,0.0,,0.0,0.0,0.0,,[],1.0,,/home/jan/development/ProsperOrPerishConstructor/mod/Prosper or Perish (Population Growth & Food Rework)/in_game/common/building_types/zz_pp_amber_collector.txt,2,constructor,Prosper or Perish Constructor,CREATE,"[{""file"":""/home/jan/development/ProsperOrPerishConstructor/mod/Prosper or Perish (Population Growth & Food Rework)/in_game/common/building_types/zz_pp_amber_collector.txt"",""layer_id"":""constructor"",""layer_name"":""Prosper or Perish Constructor"",""line"":2,""mod_name"":""Prosper or Perish Constructor"",""mode"":""CREATE""}]"
pp_amber_collector_sand_horses,building_maintenance,sand,0.288,"[""horses""]",[0.04],false,,,inline,amber_collector,amber_collector:unique_production_methods:2,2,0.0,0.288,0.144,0.12,0.023999999999999994,19.999999999999996,[],1.0,0.288,/home/jan/development/ProsperOrPerishConstructor/mod/Prosper or Perish (Population Growth & Food Rework)/in_game/common/building_types/zz_pp_amber_collector.txt,2,constructor,Prosper or Perish Constructor,CREATE,"[{""file"":""/home/jan/development/ProsperOrPerishConstructor/mod/Prosper or Perish (Population Growth & Food Rework)/in_game/common/building_types/zz_pp_amber_collector.txt"",""layer_id"":""constructor"",""layer_name"":""Prosper or Perish Constructor"",""line"":2,""mod_name"":""Prosper or Perish Constructor"",""mode"":""CREATE""}]"
pp_amber_collector_sand_livestock,building_maintenance,sand,0.288,"[""livestock""]",[0.08],false,,,inline,amber_collector,amber_collector:unique_production_methods:2,2,0.0,0.288,0.144,0.12,0.023999999999999994,19.999999999999996,[],1.0,0.288,/home/jan/development/ProsperOrPerishConstructor/mod/Prosper or Perish (Population Growth & Food Rework)/in_game/common/building_types/zz_pp_amber_collector.txt,2,constructor,Prosper or Perish Constructor,CREATE,"[{""file"":""/home/jan/development/ProsperOrPerishConstructor/mod/Prosper or Perish (Population Growth & Food Rework)/in_game/common/building_types/zz_pp_amber_collector.txt"",""layer_id"":""constructor"",""layer_name"":""Prosper or Perish Constructor"",""line"":2,""mod_name"":""Prosper or Perish Constructor"",""mode"":""CREATE""}]"
pp_bog_iron_smelter_blast_furnace_maintenance,building_maintenance,iron,0.32,"[""coal"",""tools""]","[0.39,0.05]",false,,,inline,bog_iron_smelter_blast_furnace,bog_iron_smelter_blast_furnace:unique_production_methods:0,0,0.0,0.32,1.12,0.9425,0.1775000000000001,18.832891246684362,[],1.0,0.32,/home/jan/development/ProsperOrPerishConstructor/mod/Prosper or Perish (Population Growth & Food Rework)/in_game/common/building_types/zz_pp_bog_iron_smelter_blast_furnace.txt,2,constructor,Prosper or Perish Constructor,CREATE,"[{""file"":""/home/jan/development/ProsperOrPerishConstructor/mod/Prosper or Perish (Population Growth & Food Rework)/in_game/common/building_types/zz_pp_bog_iron_smelter_blast_furnace.txt"",""layer_id"":""constructor"",""layer_name"":""Prosper or Perish Constructor"",""line"":2,""mod_name"":""Prosper or Perish Constructor"",""mode"":""CREATE""}]"
pp_bog_iron_smelter_blast_furnace_finery,building_maintenance,iron,0.39,"[""coal"",""tools"",""lumber""]","[0.43,0.06,0.06]",false,,,inline,bog_iron_smelter_blast_furnace,bog_iron_smelter_blast_furnace:unique_production_methods:0,0,0.0,0.39,1.365,1.16,0.20500000000000007,17.672413793103456,[],1.0,0.39,/home/jan/development/ProsperOrPerishConstructor/mod/Prosper or Perish (Population Growth & Food Rework)/in_game/common/building_types/zz_pp_bog_iron_smelter_blast_furnace.txt,2,constructor,Prosper or Perish Constructor,CREATE,"[{""file"":""/home/jan/development/ProsperOrPerishConstructor/mod/Prosper or Perish (Population Growth & Food Rework)/in_game/common/building_types/zz_pp_bog_iron_smelter_blast_furnace.txt"",""layer_id"":""constructor"",""layer_name"":""Prosper or Perish Constructor"",""line"":2,""mod_name"":""Prosper or Perish Constructor"",""mode"":""CREATE""}]"
pp_bog_iron_smelter_coke_blast_furnace_maintenance,building_maintenance,iron,0.41,"[""coal"",""tools"",""lumber""]","[0.4,0.08,0.08]",false,,,inline,bog_iron_smelter_coke_blast_furnace,bog_iron_smelter_coke_blast_furnace:unique_production_methods:0,0,0.0,0.41,1.4349999999999998,1.2000000000000002,0.23499999999999965,19.583333333333304,[],1.0,0.41,/home/jan/development/ProsperOrPerishConstructor/mod/Prosper or Perish (Population Growth & Food Rework)/in_game/common/building_types/zz_pp_bog_iron_smelter_coke_blast_furnace.txt,2,constructor,Prosper or Perish Constructor,CREATE,"[{""file"":""/home/jan/development/ProsperOrPerishConstructor/mod/Prosper or Perish (Population Growth & Food Rework)/in_game/common/building_types/zz_pp_bog_iron_smelter_coke_blast_furnace.txt"",""layer_id"":""constructor"",""layer_name"":""Prosper or Perish Constructor"",""line"":2,""mod_name"":""Prosper or Perish Constructor"",""mode"":""CREATE""}]"
pp_bog_iron_smelter_hot_blast_refining_maintenance,building_maintenance,iron,0.46,"[""coal"",""tools"",""lumber""]","[0.45,0.1,0.09]",false,,,inline,bog_iron_smelter_coke_blast_furnace,bog_iron_smelter_coke_blast_furnace:unique_production_methods:0,0,0.0,0.46,1.61,1.3825,0.22750000000000004,16.455696202531648,[],1.0,0.46,/home/jan/development/ProsperOrPerishConstructor/mod/Prosper or Perish (Population Growth & Food Rework)/in_game/common/building_types/zz_pp_bog_iron_smelter_coke_blast_furnace.txt,2,constructor,Prosper or Perish Constructor,CREATE,"[{""file"":""/home/jan/development/ProsperOrPerishConstructor/mod/Prosper or Perish (Population Growth & Food Rework)/in_game/common/building_types/zz_pp_bog_iron_smelter_coke_blast_furnace.txt"",""layer_id"":""constructor"",""layer_name"":""Prosper or Perish Constructor"",""line"":2,""mod_name"":""Prosper or Perish Constructor"",""mode"":""CREATE""}]"
pp_chili_plantation_base_chili,building_maintenance,chili,0.037,[],[],false,,,inline,chili_plantation,chili_plantation:unique_production_methods:0,0,0.0,0.037,0.185,0.0,0.185,,[],1.0,0.037,/home/jan/development/ProsperOrPerishConstructor/mod/Prosper or Perish (Population Growth & Food Rework)/in_game/common/building_types/zz_pp_chili_plantation.txt,2,constructor,Prosper or Perish Constructor,CREATE,"[{""file"":""/home/jan/development/ProsperOrPerishConstructor/mod/Prosper or Perish (Population Growth & Food Rework)/in_game/common/building_types/zz_pp_chili_plantation.txt"",""layer_id"":""constructor"",""layer_name"":""Prosper or Perish Constructor"",""line"":2,""mod_name"":""Prosper or Perish Constructor"",""mode"":""CREATE""}]"
pp_chili_plantation_no_drying,building_maintenance,,,[],[],false,,,inline,chili_plantation,chili_plantation:unique_production_methods:1,1,0.0,,0.0,0.0,0.0,,[],1.0,,/home/jan/development/ProsperOrPerishConstructor/mod/Prosper or Perish (Population Growth & Food Rework)/in_game/common/building_types/zz_pp_chili_plantation.txt,2,constructor,Prosper or Perish Constructor,CREATE,"[{""file"":""/home/jan/development/ProsperOrPerishConstructor/mod/Prosper or Perish (Population Growth & Food Rework)/in_game/common/building_types/zz_pp_chili_plantation.txt"",""layer_id"":""constructor"",""layer_name"":""Prosper or Perish Constructor"",""line"":2,""mod_name"":""Prosper or Perish Constructor"",""mode"":""CREATE""}]"
pp_chili_plantation_sun_drying_mats,building_maintenance,chili,0.083,"[""fiber_crops"",""tools""]","[0.097,0.049]",false,,,inline,chili_plantation,chili_plantation:unique_production_methods:1,1,0.0,0.083,0.41500000000000004,0.35325,0.06175000000000003,17.480537862703475,[],1.0,0.083,/home/jan/development/ProsperOrPerishConstructor/mod/Prosper or Perish (Population Growth & Food Rework)/in_game/common/building_types/zz_pp_chili_plantation.txt,2,constructor,Prosper or Perish Constructor,CREATE,"[{""file"":""/home/jan/development/ProsperOrPerishConstructor/mod/Prosper or Perish (Population Growth & Food Rework)/in_game/common/building_types/zz_pp_chili_plantation.txt"",""layer_id"":""constructor"",""layer_name"":""Prosper or Perish Constructor"",""line"":2,""mod_name"":""Prosper or Perish Constructor"",""mode"":""CREATE""}]"
pp_cinnabar_pit_base_mercury,building_maintenance,mercury,0.09,[],[],false,,,inline,cinnabar_pit,cinnabar_pit:unique_production_methods:0,0,0.0,0.09,0.27,0.0,0.27,,[],1.0,0.09,/home/jan/development/ProsperOrPerishConstructor/mod/Prosper or Perish (Population Growth & Food Rework)/in_game/common/building_types/zz_pp_cinnabar_pit.txt,2,constructor,Prosper or Perish Constructor,CREATE,"[{""file"":""/home/jan/development/ProsperOrPerishConstructor/mod/Prosper or Perish (Population Growth & Food Rework)/in_game/common/building_types/zz_pp_cinnabar_pit.txt"",""layer_id"":""constructor"",""layer_name"":""Prosper or Perish Constructor"",""line"":2,""mod_name"":""Prosper or Perish Constructor"",""mode"":""CREATE""}]"
pp_cinnabar_pit_no_primary,building_maintenance,,,[],[],false,,,inline,cinnabar_pit,cinnabar_pit:unique_production_methods:1,1,0.0,,0.0,0.0,0.0,,[],1.0,,/home/jan/development/ProsperOrPerishConstructor/mod/Prosper or Perish (Population Growth & Food Rework)/in_game/common/building_types/zz_pp_cinnabar_pit.txt,2,constructor,Prosper or Perish Constructor,CREATE,"[{""file"":""/home/jan/development/ProsperOrPerishConstructor/mod/Prosper or Perish (Population Growth & Food Rework)/in_game/common/building_types/zz_pp_cinnabar_pit.txt"",""layer_id"":""constructor"",""layer_name"":""Prosper or Perish Constructor"",""line"":2,""mod_name"":""Prosper or Perish Constructor"",""mode"":""CREATE""}]"
pp_cinnabar_pit_mercury,building_maintenance,mercury,0.423,"[""lumber"",""tools"",""beeswax""]","[0.22,0.18,0.09]",false,,,inline,cinnabar_pit,cinnabar_pit:unique_production_methods:1,1,0.0,0.423,1.269,1.15,0.119,10.347826086956522,[],1.0,0.423,/home/jan/development/ProsperOrPerishConstructor/mod/Prosper or Perish (Population Growth & Food Rework)/in_game/common/building_types/zz_pp_cinnabar_pit.txt,2,constructor,Prosper or Perish Constructor,CREATE,"[{""file"":""/home/jan/development/ProsperOrPerishConstructor/mod/Prosper or Perish (Population Growth & Food Rework)/in_game/common/building_types/zz_pp_cinnabar_pit.txt"",""layer_id"":""constructor"",""layer_name"":""Prosper or Perish Constructor"",""line"":2,""mod_name"":""Prosper or Perish Constructor"",""mode"":""CREATE""}]"
pp_cinnabar_pit_no_secondary,building_maintenance,,,[],[],false,,,inline,cinnabar_pit,cinnabar_pit:unique_production_methods:2,2,0.0,,0.0,0.0,0.0,,[],1.0,,/home/jan/development/ProsperOrPerishConstructor/mod/Prosper or Perish (Population Growth & Food Rework)/in_game/common/building_types/zz_pp_cinnabar_pit.txt,2,constructor,Prosper or Perish Constructor,CREATE,"[{""file"":""/home/jan/development/ProsperOrPerishConstructor/mod/Prosper or Perish (Population Growth & Food Rework)/in_game/common/building_types/zz_pp_cinnabar_pit.txt"",""layer_id"":""constructor"",""layer_name"":""Prosper or Perish Constructor"",""line"":2,""mod_name"":""Prosper or Perish Constructor"",""mode"":""CREATE""}]"
pp_cinnabar_pit_stone,building_maintenance,stone,0.144,"[""lumber"",""tools""]","[0.03,0.02]",false,,,inline,cinnabar_pit,cinnabar_pit:unique_production_methods:2,2,0.0,0.144,0.144,0.1175,0.026499999999999996,22.553191489361698,[],1.0,0.144,/home/jan/development/ProsperOrPerishConstructor/mod/Prosper or Perish (Population Growth & Food Rework)/in_game/common/building_types/zz_pp_cinnabar_pit.txt,2,constructor,Prosper or Perish Constructor,CREATE,"[{""file"":""/home/jan/development/ProsperOrPerishConstructor/mod/Prosper or Perish (Population Growth & Food Rework)/in_game/common/building_types/zz_pp_cinnabar_pit.txt"",""layer_id"":""constructor"",""layer_name"":""Prosper or Perish Constructor"",""line"":2,""mod_name"":""Prosper or Perish Constructor"",""mode"":""CREATE""}]"
pp_cinnabar_pit_dyes,building_maintenance,dyes,0.03,"[""lumber"",""tools""]","[0.03,0.02]",false,,,inline,cinnabar_pit,cinnabar_pit:unique_production_methods:2,2,0.0,0.03,0.12,0.1175,0.0025000000000000022,2.1276595744680873,[],1.0,0.03,/home/jan/development/ProsperOrPerishConstructor/mod/Prosper or Perish (Population Growth & Food Rework)/in_game/common/building_types/zz_pp_cinnabar_pit.txt,2,constructor,Prosper or Perish Constructor,CREATE,"[{""file"":""/home/jan/development/ProsperOrPerishConstructor/mod/Prosper or Perish (Population Growth & Food Rework)/in_game/common/building_types/zz_pp_cinnabar_pit.txt"",""layer_id"":""constructor"",""layer_name"":""Prosper or Perish Constructor"",""line"":2,""mod_name"":""Prosper or Perish Constructor"",""mode"":""CREATE""}]"
pp_clay_washmill_base_clay,building_maintenance,clay,0.11,[],[],false,,,inline,clay_washmill,clay_washmill:unique_production_methods:0,0,0.0,0.11,0.055,0.0,0.055,,[],1.0,0.11,/home/jan/development/ProsperOrPerishConstructor/mod/Prosper or Perish (Population Growth & Food Rework)/in_game/common/building_types/zz_pp_clay_washmill.txt,2,constructor,Prosper or Perish Constructor,CREATE,"[{""file"":""/home/jan/development/ProsperOrPerishConstructor/mod/Prosper or Perish (Population Growth & Food Rework)/in_game/common/building_types/zz_pp_clay_washmill.txt"",""layer_id"":""constructor"",""layer_name"":""Prosper or Perish Constructor"",""line"":2,""mod_name"":""Prosper or Perish Constructor"",""mode"":""CREATE""}]"
pp_clay_washmill_no_preparation,building_maintenance,,,[],[],false,,,inline,clay_washmill,clay_washmill:unique_production_methods:1,1,0.0,,0.0,0.0,0.0,,[],1.0,,/home/jan/development/ProsperOrPerishConstructor/mod/Prosper or Perish (Population Growth & Food Rework)/in_game/common/building_types/zz_pp_clay_washmill.txt,2,constructor,Prosper or Perish Constructor,CREATE,"[{""file"":""/home/jan/development/ProsperOrPerishConstructor/mod/Prosper or Perish (Population Growth & Food Rework)/in_game/common/building_types/zz_pp_clay_washmill.txt"",""layer_id"":""constructor"",""layer_name"":""Prosper or Perish Constructor"",""line"":2,""mod_name"":""Prosper or Perish Constructor"",""mode"":""CREATE""}]"
pp_clay_washmill_horse_pugging,building_maintenance,clay,0.69,"[""lumber"",""tools"",""horses""]","[0.11,0.04,0.02]",false,,,inline,clay_washmill,clay_washmill:unique_production_methods:1,1,0.0,0.69,0.345,0.3825,-0.03750000000000003,-9.803921568627459,[],1.0,0.69,/home/jan/development/ProsperOrPerishConstructor/mod/Prosper or Perish (Population Growth & Food Rework)/in_game/common/building_types/zz_pp_clay_washmill.txt,2,constructor,Prosper or Perish Constructor,CREATE,"[{""file"":""/home/jan/development/ProsperOrPerishConstructor/mod/Prosper or Perish (Population Growth & Food Rework)/in_game/common/building_types/zz_pp_clay_washmill.txt"",""layer_id"":""constructor"",""layer_name"":""Prosper or Perish Constructor"",""line"":2,""mod_name"":""Prosper or Perish Constructor"",""mode"":""CREATE""}]"
pp_clay_washmill_ox_pugging,building_maintenance,clay,0.69,"[""lumber"",""tools"",""livestock""]","[0.11,0.04,0.05]",false,,,inline,clay_washmill,clay_washmill:unique_production_methods:1,1,0.0,0.69,0.345,0.3975,-0.05250000000000005,-13.207547169811331,[],1.0,0.69,/home/jan/development/ProsperOrPerishConstructor/mod/Prosper or Perish (Population Growth & Food Rework)/in_game/common/building_types/zz_pp_clay_washmill.txt,2,constructor,Prosper or Perish Constructor,CREATE,"[{""file"":""/home/jan/development/ProsperOrPerishConstructor/mod/Prosper or Perish (Population Growth & Food Rework)/in_game/common/building_types/zz_pp_clay_washmill.txt"",""layer_id"":""constructor"",""layer_name"":""Prosper or Perish Constructor"",""line"":2,""mod_name"":""Prosper or Perish Constructor"",""mode"":""CREATE""}]"
pp_clay_washmill_no_refining,building_maintenance,,,[],[],false,,,inline,clay_washmill,clay_washmill:unique_production_methods:2,2,0.0,,0.0,0.0,0.0,,[],1.0,,/home/jan/development/ProsperOrPerishConstructor/mod/Prosper or Perish (Population Growth & Food Rework)/in_game/common/building_types/zz_pp_clay_washmill.txt,2,constructor,Prosper or Perish Constructor,CREATE,"[{""file"":""/home/jan/development/ProsperOrPerishConstructor/mod/Prosper or Perish (Population Growth & Food Rework)/in_game/common/building_types/zz_pp_clay_washmill.txt"",""layer_id"":""constructor"",""layer_name"":""Prosper or Perish Constructor"",""line"":2,""mod_name"":""Prosper or Perish Constructor"",""mode"":""CREATE""}]"
pp_clay_washmill_levigation_ponds,building_maintenance,clay,0.23,"[""lumber"",""tools""]","[0.03,0.02]",false,,,inline,clay_washmill,clay_washmill:unique_production_methods:2,2,0.0,0.23,0.115,0.1175,-0.0024999999999999883,-2.1276595744680753,[],1.0,0.23,/home/jan/development/ProsperOrPerishConstructor/mod/Prosper or Perish (Population Growth & Food Rework)/in_game/common/building_types/zz_pp_clay_washmill.txt,2,constructor,Prosper or Perish Constructor,CREATE,"[{""file"":""/home/jan/development/ProsperOrPerishConstructor/mod/Prosper or Perish (Population Growth & Food Rework)/in_game/common/building_types/zz_pp_clay_washmill.txt"",""layer_id"":""constructor"",""layer_name"":""Prosper or Perish Constructor"",""line"":2,""mod_name"":""Prosper or Perish Constructor"",""mode"":""CREATE""}]"
pp_clove_grove_base_cloves,building_maintenance,cloves,0.037,[],[],false,,,inline,clove_grove,clove_grove:unique_production_methods:0,0,0.0,0.037,0.185,0.0,0.185,,[],1.0,0.037,/home/jan/development/ProsperOrPerishConstructor/mod/Prosper or Perish (Population Growth & Food Rework)/in_game/common/building_types/zz_pp_clove_grove.txt,2,constructor,Prosper or Perish Constructor,CREATE,"[{""file"":""/home/jan/development/ProsperOrPerishConstructor/mod/Prosper or Perish (Population Growth & Food Rework)/in_game/common/building_types/zz_pp_clove_grove.txt"",""layer_id"":""constructor"",""layer_name"":""Prosper or Perish Constructor"",""line"":2,""mod_name"":""Prosper or Perish Constructor"",""mode"":""CREATE""}]"
pp_clove_grove_no_curing,building_maintenance,,,[],[],false,,,inline,clove_grove,clove_grove:unique_production_methods:1,1,0.0,,0.0,0.0,0.0,,[],1.0,,/home/jan/development/ProsperOrPerishConstructor/mod/Prosper or Perish (Population Growth & Food Rework)/in_game/common/building_types/zz_pp_clove_grove.txt,2,constructor,Prosper or Perish Constructor,CREATE,"[{""file"":""/home/jan/development/ProsperOrPerishConstructor/mod/Prosper or Perish (Population Growth & Food Rework)/in_game/common/building_types/zz_pp_clove_grove.txt"",""layer_id"":""constructor"",""layer_name"":""Prosper or Perish Constructor"",""line"":2,""mod_name"":""Prosper or Perish Constructor"",""mode"":""CREATE""}]"
pp_clove_grove_curing_houses,building_maintenance,cloves,0.079,"[""lumber"",""coal""]","[0.156,0.052]",false,,,inline,clove_grove,clove_grove:unique_production_methods:1,1,0.0,0.079,0.395,0.377,0.018000000000000016,4.774535809018572,[],1.0,0.079,/home/jan/development/ProsperOrPerishConstructor/mod/Prosper or Perish (Population Growth & Food Rework)/in_game/common/building_types/zz_pp_clove_grove.txt,2,constructor,Prosper or Perish Constructor,CREATE,"[{""file"":""/home/jan/development/ProsperOrPerishConstructor/mod/Prosper or Perish (Population Growth & Food Rework)/in_game/common/building_types/zz_pp_clove_grove.txt"",""layer_id"":""constructor"",""layer_name"":""Prosper or Perish Constructor"",""line"":2,""mod_name"":""Prosper or Perish Constructor"",""mode"":""CREATE""}]"
pp_coal_mine_base_coal,building_maintenance,coal,0.12,[],[],false,,,inline,coal_mine,coal_mine:unique_production_methods:0,0,0.0,0.12,0.24,0.0,0.24,,[],1.0,0.12,/home/jan/development/ProsperOrPerishConstructor/mod/Prosper or Perish (Population Growth & Food Rework)/in_game/common/building_types/zz_pp_coal_mine.txt,2,constructor,Prosper or Perish Constructor,CREATE,"[{""file"":""/home/jan/development/ProsperOrPerishConstructor/mod/Prosper or Perish (Population Growth & Food Rework)/in_game/common/building_types/zz_pp_coal_mine.txt"",""layer_id"":""constructor"",""layer_name"":""Prosper or Perish Constructor"",""line"":2,""mod_name"":""Prosper or Perish Constructor"",""mode"":""CREATE""}]"
pp_coal_mine_no_primary,building_maintenance,,,[],[],false,,,inline,coal_mine,coal_mine:unique_production_methods:1,1,0.0,,0.0,0.0,0.0,,[],1.0,,/home/jan/development/ProsperOrPerishConstructor/mod/Prosper or Perish (Population Growth & Food Rework)/in_game/common/building_types/zz_pp_coal_mine.txt,2,constructor,Prosper or Perish Constructor,CREATE,"[{""file"":""/home/jan/development/ProsperOrPerishConstructor/mod/Prosper or Perish (Population Growth & Food Rework)/in_game/common/building_types/zz_pp_coal_mine.txt"",""layer_id"":""constructor"",""layer_name"":""Prosper or Perish Constructor"",""line"":2,""mod_name"":""Prosper or Perish Constructor"",""mode"":""CREATE""}]"
pp_coal_mine_coal,building_maintenance,coal,1.0,"[""lumber"",""tools"",""beeswax""]","[0.24,0.28,0.06]",false,,,inline,coal_mine,coal_mine:unique_production_methods:1,1,0.0,1.0,2.0,1.4500000000000002,0.5499999999999998,37.931034482758605,[],1.0,1.0,/home/jan/development/ProsperOrPerishConstructor/mod/Prosper or Perish (Population Growth & Food Rework)/in_game/common/building_types/zz_pp_coal_mine.txt,2,constructor,Prosper or Perish Constructor,CREATE,"[{""file"":""/home/jan/development/ProsperOrPerishConstructor/mod/Prosper or Perish (Population Growth & Food Rework)/in_game/common/building_types/zz_pp_coal_mine.txt"",""layer_id"":""constructor"",""layer_name"":""Prosper or Perish Constructor"",""line"":2,""mod_name"":""Prosper or Perish Constructor"",""mode"":""CREATE""}]"
pp_coal_mine_no_secondary,building_maintenance,,,[],[],false,,,inline,coal_mine,coal_mine:unique_production_methods:2,2,0.0,,0.0,0.0,0.0,,[],1.0,,/home/jan/development/ProsperOrPerishConstructor/mod/Prosper or Perish (Population Growth & Food Rework)/in_game/common/building_types/zz_pp_coal_mine.txt,2,constructor,Prosper or Perish Constructor,CREATE,"[{""file"":""/home/jan/development/ProsperOrPerishConstructor/mod/Prosper or Perish (Population Growth & Food Rework)/in_game/common/building_types/zz_pp_coal_mine.txt"",""layer_id"":""constructor"",""layer_name"":""Prosper or Perish Constructor"",""line"":2,""mod_name"":""Prosper or Perish Constructor"",""mode"":""CREATE""}]"
pp_coal_mine_fireclay,building_maintenance,clay,0.336,"[""lumber"",""tools""]","[0.04,0.03]",false,,,inline,coal_mine,coal_mine:unique_production_methods:2,2,0.0,0.336,0.168,0.1675,0.0005000000000000004,0.2985074626865674,[],1.0,0.336,/home/jan/development/ProsperOrPerishConstructor/mod/Prosper or Perish (Population Growth & Food Rework)/in_game/common/building_types/zz_pp_coal_mine.txt,2,constructor,Prosper or Perish Constructor,CREATE,"[{""file"":""/home/jan/development/ProsperOrPerishConstructor/mod/Prosper or Perish (Population Growth & Food Rework)/in_game/common/building_types/zz_pp_coal_mine.txt"",""layer_id"":""constructor"",""layer_name"":""Prosper or Perish Constructor"",""line"":2,""mod_name"":""Prosper or Perish Constructor"",""mode"":""CREATE""}]"
pp_coal_mine_improved_base_coal,building_maintenance,coal,0.14,[],[],false,,,inline,coal_mine_improved,coal_mine_improved:unique_production_methods:0,0,0.0,0.14,0.28,0.0,0.28,,[],1.0,0.14,/home/jan/development/ProsperOrPerishConstructor/mod/Prosper or Perish (Population Growth & Food Rework)/in_game/common/building_types/zz_pp_coal_mine_improved.txt,2,constructor,Prosper or Perish Constructor,CREATE,"[{""file"":""/home/jan/development/ProsperOrPerishConstructor/mod/Prosper or Perish (Population Growth & Food Rework)/in_game/common/building_types/zz_pp_coal_mine_improved.txt"",""layer_id"":""constructor"",""layer_name"":""Prosper or Perish Constructor"",""line"":2,""mod_name"":""Prosper or Perish Constructor"",""mode"":""CREATE""}]"
pp_coal_mine_improved_no_primary,building_maintenance,,,[],[],false,,,inline,coal_mine_improved,coal_mine_improved:unique_production_methods:1,1,0.0,,0.0,0.0,0.0,,[],1.0,,/home/jan/development/ProsperOrPerishConstructor/mod/Prosper or Perish (Population Growth & Food Rework)/in_game/common/building_types/zz_pp_coal_mine_improved.txt,2,constructor,Prosper or Perish Constructor,CREATE,"[{""file"":""/home/jan/development/ProsperOrPerishConstructor/mod/Prosper or Perish (Population Growth & Food Rework)/in_game/common/building_types/zz_pp_coal_mine_improved.txt"",""layer_id"":""constructor"",""layer_name"":""Prosper or Perish Constructor"",""line"":2,""mod_name"":""Prosper or Perish Constructor"",""mode"":""CREATE""}]"
pp_coal_mine_improved_coal,building_maintenance,coal,1.75,"[""lumber"",""tools"",""beeswax""]","[0.42,0.48,0.105]",false,,,inline,coal_mine_improved,coal_mine_improved:unique_production_methods:1,1,0.0,1.75,3.5,2.505,0.9950000000000001,39.72055888223554,[],1.0,1.75,/home/jan/development/ProsperOrPerishConstructor/mod/Prosper or Perish (Population Growth & Food Rework)/in_game/common/building_types/zz_pp_coal_mine_improved.txt,2,constructor,Prosper or Perish Constructor,CREATE,"[{""file"":""/home/jan/development/ProsperOrPerishConstructor/mod/Prosper or Perish (Population Growth & Food Rework)/in_game/common/building_types/zz_pp_coal_mine_improved.txt"",""layer_id"":""constructor"",""layer_name"":""Prosper or Perish Constructor"",""line"":2,""mod_name"":""Prosper or Perish Constructor"",""mode"":""CREATE""}]"
pp_coal_mine_improved_no_secondary,building_maintenance,,,[],[],false,,,inline,coal_mine_improved,coal_mine_improved:unique_production_methods:2,2,0.0,,0.0,0.0,0.0,,[],1.0,,/home/jan/development/ProsperOrPerishConstructor/mod/Prosper or Perish (Population Growth & Food Rework)/in_game/common/building_types/zz_pp_coal_mine_improved.txt,2,constructor,Prosper or Perish Constructor,CREATE,"[{""file"":""/home/jan/development/ProsperOrPerishConstructor/mod/Prosper or Perish (Population Growth & Food Rework)/in_game/common/building_types/zz_pp_coal_mine_improved.txt"",""layer_id"":""constructor"",""layer_name"":""Prosper or Perish Constructor"",""line"":2,""mod_name"":""Prosper or Perish Constructor"",""mode"":""CREATE""}]"
pp_coal_mine_improved_fireclay,building_maintenance,clay,0.32,"[""lumber"",""tools""]","[0.04,0.0]",false,,,inline,coal_mine_improved,coal_mine_improved:unique_production_methods:2,2,0.0,0.32,0.16,0.07,0.09,128.57142857142856,[],1.0,0.32,/home/jan/development/ProsperOrPerishConstructor/mod/Prosper or Perish (Population Growth & Food Rework)/in_game/common/building_types/zz_pp_coal_mine_improved.txt,2,constructor,Prosper or Perish Constructor,CREATE,"[{""file"":""/home/jan/development/ProsperOrPerishConstructor/mod/Prosper or Perish (Population Growth & Food Rework)/in_game/common/building_types/zz_pp_coal_mine_improved.txt"",""layer_id"":""constructor"",""layer_name"":""Prosper or Perish Constructor"",""line"":2,""mod_name"":""Prosper or Perish Constructor"",""mode"":""CREATE""}]"
pp_coal_mine_revolutions_base_coal,building_maintenance,coal,0.15,[],[],false,,,inline,coal_mine_revolutions,coal_mine_revolutions:unique_production_methods:0,0,0.0,0.15,0.3,0.0,0.3,,[],1.0,0.15,/home/jan/development/ProsperOrPerishConstructor/mod/Prosper or Perish (Population Growth & Food Rework)/in_game/common/building_types/zz_pp_coal_mine_revolutions.txt,2,constructor,Prosper or Perish Constructor,CREATE,"[{""file"":""/home/jan/development/ProsperOrPerishConstructor/mod/Prosper or Perish (Population Growth & Food Rework)/in_game/common/building_types/zz_pp_coal_mine_revolutions.txt"",""layer_id"":""constructor"",""layer_name"":""Prosper or Perish Constructor"",""line"":2,""mod_name"":""Prosper or Perish Constructor"",""mode"":""CREATE""}]"
pp_coal_mine_revolutions_no_primary,building_maintenance,,,[],[],false,,,inline,coal_mine_revolutions,coal_mine_revolutions:unique_production_methods:1,1,0.0,,0.0,0.0,0.0,,[],1.0,,/home/jan/development/ProsperOrPerishConstructor/mod/Prosper or Perish (Population Growth & Food Rework)/in_game/common/building_types/zz_pp_coal_mine_revolutions.txt,2,constructor,Prosper or Perish Constructor,CREATE,"[{""file"":""/home/jan/development/ProsperOrPerishConstructor/mod/Prosper or Perish (Population Growth & Food Rework)/in_game/common/building_types/zz_pp_coal_mine_revolutions.txt"",""layer_id"":""constructor"",""layer_name"":""Prosper or Perish Constructor"",""line"":2,""mod_name"":""Prosper or Perish Constructor"",""mode"":""CREATE""}]"
pp_coal_mine_revolutions_coal,building_maintenance,coal,2.25,"[""lumber"",""tools"",""beeswax""]","[0.5,0.62,0.13]",false,,,inline,coal_mine_revolutions,coal_mine_revolutions:unique_production_methods:1,1,0.0,2.25,4.5,3.1500000000000004,1.3499999999999996,42.85714285714285,[],1.0,2.25,/home/jan/development/ProsperOrPerishConstructor/mod/Prosper or Perish (Population Growth & Food Rework)/in_game/common/building_types/zz_pp_coal_mine_revolutions.txt,2,constructor,Prosper or Perish Constructor,CREATE,"[{""file"":""/home/jan/development/ProsperOrPerishConstructor/mod/Prosper or Perish (Population Growth & Food Rework)/in_game/common/building_types/zz_pp_coal_mine_revolutions.txt"",""layer_id"":""constructor"",""layer_name"":""Prosper or Perish Constructor"",""line"":2,""mod_name"":""Prosper or Perish Constructor"",""mode"":""CREATE""}]"
pp_coal_mine_revolutions_no_secondary,building_maintenance,,,[],[],false,,,inline,coal_mine_revolutions,coal_mine_revolutions:unique_production_methods:2,2,0.0,,0.0,0.0,0.0,,[],1.0,,/home/jan/development/ProsperOrPerishConstructor/mod/Prosper or Perish (Population Growth & Food Rework)/in_game/common/building_types/zz_pp_coal_mine_revolutions.txt,2,constructor,Prosper or Perish Constructor,CREATE,"[{""file"":""/home/jan/development/ProsperOrPerishConstructor/mod/Prosper or Perish (Population Growth & Food Rework)/in_game/common/building_types/zz_pp_coal_mine_revolutions.txt"",""layer_id"":""constructor"",""layer_name"":""Prosper or Perish Constructor"",""line"":2,""mod_name"":""Prosper or Perish Constructor"",""mode"":""CREATE""}]"
pp_coal_mine_revolutions_fireclay,building_maintenance,clay,0.302,"[""lumber"",""tools""]","[0.04,0.02]",false,,,inline,coal_mine_revolutions,coal_mine_revolutions:unique_production_methods:2,2,0.0,0.302,0.151,0.135,0.015999999999999986,11.85185185185184,[],1.0,0.302,/home/jan/development/ProsperOrPerishConstructor/mod/Prosper or Perish (Population Growth & Food Rework)/in_game/common/building_types/zz_pp_coal_mine_revolutions.txt,2,constructor,Prosper or Perish Constructor,CREATE,"[{""file"":""/home/jan/development/ProsperOrPerishConstructor/mod/Prosper or Perish (Population Growth & Food Rework)/in_game/common/building_types/zz_pp_coal_mine_revolutions.txt"",""layer_id"":""constructor"",""layer_name"":""Prosper or Perish Constructor"",""line"":2,""mod_name"":""Prosper or Perish Constructor"",""mode"":""CREATE""}]"
pp_cocoa_grove_base_cocoa,building_maintenance,cocoa,0.04,[],[],false,,,inline,cocoa_grove,cocoa_grove:unique_production_methods:0,0,0.0,0.04,0.16,0.0,0.16,,[],1.0,0.04,/home/jan/development/ProsperOrPerishConstructor/mod/Prosper or Perish (Population Growth & Food Rework)/in_game/common/building_types/zz_pp_cocoa_grove.txt,2,constructor,Prosper or Perish Constructor,CREATE,"[{""file"":""/home/jan/development/ProsperOrPerishConstructor/mod/Prosper or Perish (Population Growth & Food Rework)/in_game/common/building_types/zz_pp_cocoa_grove.txt"",""layer_id"":""constructor"",""layer_name"":""Prosper or Perish Constructor"",""line"":2,""mod_name"":""Prosper or Perish Constructor"",""mode"":""CREATE""}]"
pp_cocoa_grove_no_fermentation,building_maintenance,,,[],[],false,,,inline,cocoa_grove,cocoa_grove:unique_production_methods:1,1,0.0,,0.0,0.0,0.0,,[],1.0,,/home/jan/development/ProsperOrPerishConstructor/mod/Prosper or Perish (Population Growth & Food Rework)/in_game/common/building_types/zz_pp_cocoa_grove.txt,2,constructor,Prosper or Perish Constructor,CREATE,"[{""file"":""/home/jan/development/ProsperOrPerishConstructor/mod/Prosper or Perish (Population Growth & Food Rework)/in_game/common/building_types/zz_pp_cocoa_grove.txt"",""layer_id"":""constructor"",""layer_name"":""Prosper or Perish Constructor"",""line"":2,""mod_name"":""Prosper or Perish Constructor"",""mode"":""CREATE""}]"
pp_cocoa_grove_fermentation_houses,building_maintenance,cocoa,0.089,"[""furniture"",""fiber_crops""]","[0.09,0.035]",false,,,inline,cocoa_grove,cocoa_grove:unique_production_methods:1,1,0.0,0.089,0.356,0.34,0.01599999999999996,4.705882352941164,[],1.0,0.089,/home/jan/development/ProsperOrPerishConstructor/mod/Prosper or Perish (Population Growth & Food Rework)/in_game/common/building_types/zz_pp_cocoa_grove.txt,2,constructor,Prosper or Perish Constructor,CREATE,"[{""file"":""/home/jan/development/ProsperOrPerishConstructor/mod/Prosper or Perish (Population Growth & Food Rework)/in_game/common/building_types/zz_pp_cocoa_grove.txt"",""layer_id"":""constructor"",""layer_name"":""Prosper or Perish Constructor"",""line"":2,""mod_name"":""Prosper or Perish Constructor"",""mode"":""CREATE""}]"
pp_coffee_grove_base_coffee,building_maintenance,coffee,0.04,[],[],false,,,inline,coffee_grove,coffee_grove:unique_production_methods:0,0,0.0,0.04,0.12,0.0,0.12,,[],1.0,0.04,/home/jan/development/ProsperOrPerishConstructor/mod/Prosper or Perish (Population Growth & Food Rework)/in_game/common/building_types/zz_pp_coffee_grove.txt,2,constructor,Prosper or Perish Constructor,CREATE,"[{""file"":""/home/jan/development/ProsperOrPerishConstructor/mod/Prosper or Perish (Population Growth & Food Rework)/in_game/common/building_types/zz_pp_coffee_grove.txt"",""layer_id"":""constructor"",""layer_name"":""Prosper or Perish Constructor"",""line"":2,""mod_name"":""Prosper or Perish Constructor"",""mode"":""CREATE""}]"
pp_coffee_grove_no_washing,building_maintenance,,,[],[],false,,,inline,coffee_grove,coffee_grove:unique_production_methods:1,1,0.0,,0.0,0.0,0.0,,[],1.0,,/home/jan/development/ProsperOrPerishConstructor/mod/Prosper or Perish (Population Growth & Food Rework)/in_game/common/building_types/zz_pp_coffee_grove.txt,2,constructor,Prosper or Perish Constructor,CREATE,"[{""file"":""/home/jan/development/ProsperOrPerishConstructor/mod/Prosper or Perish (Population Growth & Food Rework)/in_game/common/building_types/zz_pp_coffee_grove.txt"",""layer_id"":""constructor"",""layer_name"":""Prosper or Perish Constructor"",""line"":2,""mod_name"":""Prosper or Perish Constructor"",""mode"":""CREATE""}]"
pp_coffee_grove_washing_stations,building_maintenance,coffee,0.09,"[""lumber"",""pottery""]","[0.116,0.058]",false,,,inline,coffee_grove,coffee_grove:unique_production_methods:1,1,0.0,0.09,0.27,0.261,0.009000000000000008,3.4482758620689684,[],1.0,0.09,/home/jan/development/ProsperOrPerishConstructor/mod/Prosper or Perish (Population Growth & Food Rework)/in_game/common/building_types/zz_pp_coffee_grove.txt,2,constructor,Prosper or Perish Constructor,CREATE,"[{""file"":""/home/jan/development/ProsperOrPerishConstructor/mod/Prosper or Perish (Population Growth & Food Rework)/in_game/common/building_types/zz_pp_coffee_grove.txt"",""layer_id"":""constructor"",""layer_name"":""Prosper or Perish Constructor"",""line"":2,""mod_name"":""Prosper or Perish Constructor"",""mode"":""CREATE""}]"
pp_cookery_khichdi,building_maintenance,victuals,0.721,"[""rice"",""legumes"",""pepper""]","[1.172,0.997,0.036]",false,,,inline,cookery,cookery:unique_production_methods:0,0,0.0,0.721,2.163,2.349,-0.1860000000000004,-7.918263090676899,[],1.0,0.721,/home/jan/development/ProsperOrPerishConstructor/mod/Prosper or Perish (Population Growth & Food Rework)/in_game/common/building_types/zz_pp_cookery.txt,2,constructor,Prosper or Perish Constructor,CREATE,"[{""file"":""/home/jan/development/ProsperOrPerishConstructor/mod/Prosper or Perish (Population Growth & Food Rework)/in_game/common/building_types/zz_pp_cookery.txt"",""layer_id"":""constructor"",""layer_name"":""Prosper or Perish Constructor"",""line"":2,""mod_name"":""Prosper or Perish Constructor"",""mode"":""CREATE""}]"
pp_cookery_fish_congee,building_maintenance,victuals,0.721,"[""rice"",""fish"",""pepper""]","[1.172,0.997,0.036]",false,,,inline,cookery,cookery:unique_production_methods:0,0,0.0,0.721,2.163,2.349,-0.1860000000000004,-7.918263090676899,[],1.0,0.721,/home/jan/development/ProsperOrPerishConstructor/mod/Prosper or Perish (Population Growth & Food Rework)/in_game/common/building_types/zz_pp_cookery.txt,2,constructor,Prosper or Perish Constructor,CREATE,"[{""file"":""/home/jan/development/ProsperOrPerishConstructor/mod/Prosper or Perish (Population Growth & Food Rework)/in_game/common/building_types/zz_pp_cookery.txt"",""layer_id"":""constructor"",""layer_name"":""Prosper or Perish Constructor"",""line"":2,""mod_name"":""Prosper or Perish Constructor"",""mode"":""CREATE""}]"
pp_cookery_livestock_pottage,building_maintenance,victuals,0.796,"[""wheat"",""livestock"",""legumes""]","[1.135,0.817,0.231]",false,,,inline,cookery,cookery:unique_production_methods:0,0,0.0,0.796,2.388,2.5915,-0.20350000000000001,-7.8525950221879235,[],1.0,0.796,/home/jan/development/ProsperOrPerishConstructor/mod/Prosper or Perish (Population Growth & Food Rework)/in_game/common/building_types/zz_pp_cookery.txt,2,constructor,Prosper or Perish Constructor,CREATE,"[{""file"":""/home/jan/development/ProsperOrPerishConstructor/mod/Prosper or Perish (Population Growth & Food Rework)/in_game/common/building_types/zz_pp_cookery.txt"",""layer_id"":""constructor"",""layer_name"":""Prosper or Perish Constructor"",""line"":2,""mod_name"":""Prosper or Perish Constructor"",""mode"":""CREATE""}]"
pp_cookery_mediterranean_fish,building_maintenance,victuals,0.752,"[""fish"",""olives"",""wine""]","[1.774,0.532,0.072]",false,,,inline,cookery,cookery:unique_production_methods:0,0,0.0,0.752,2.2560000000000002,2.45,-0.19399999999999995,-7.918367346938774,[],1.0,0.752,/home/jan/development/ProsperOrPerishConstructor/mod/Prosper or Perish (Population Growth & Food Rework)/in_game/common/building_types/zz_pp_cookery.txt,2,constructor,Prosper or Perish Constructor,CREATE,"[{""file"":""/home/jan/development/ProsperOrPerishConstructor/mod/Prosper or Perish (Population Growth & Food Rework)/in_game/common/building_types/zz_pp_cookery.txt"",""layer_id"":""constructor"",""layer_name"":""Prosper or Perish Constructor"",""line"":2,""mod_name"":""Prosper or Perish Constructor"",""mode"":""CREATE""}]"
pp_cookery_mutton_and_pease,building_maintenance,victuals,0.796,"[""wool"",""legumes"",""salt""]","[0.877,0.414,0.048]",false,,,inline,cookery,cookery:unique_production_methods:0,0,0.0,0.796,2.388,2.8465,-0.4584999999999999,-16.107500439135777,[],1.0,0.796,/home/jan/development/ProsperOrPerishConstructor/mod/Prosper or Perish (Population Growth & Food Rework)/in_game/common/building_types/zz_pp_cookery.txt,2,constructor,Prosper or Perish Constructor,CREATE,"[{""file"":""/home/jan/development/ProsperOrPerishConstructor/mod/Prosper or Perish (Population Growth & Food Rework)/in_game/common/building_types/zz_pp_cookery.txt"",""layer_id"":""constructor"",""layer_name"":""Prosper or Perish Constructor"",""line"":2,""mod_name"":""Prosper or Perish Constructor"",""mode"":""CREATE""}]"
pp_cookery_surstromming,building_maintenance,victuals,0.817,"[""fish"",""millet"",""salt""]","[1.827,0.184,0.184]",false,,,inline,cookery,cookery:unique_production_methods:0,0,0.0,0.817,2.4509999999999996,2.931,-0.4800000000000004,-16.376663254861835,[],1.0,0.817,/home/jan/development/ProsperOrPerishConstructor/mod/Prosper or Perish (Population Growth & Food Rework)/in_game/common/building_types/zz_pp_cookery.txt,2,constructor,Prosper or Perish Constructor,CREATE,"[{""file"":""/home/jan/development/ProsperOrPerishConstructor/mod/Prosper or Perish (Population Growth & Food Rework)/in_game/common/building_types/zz_pp_cookery.txt"",""layer_id"":""constructor"",""layer_name"":""Prosper or Perish Constructor"",""line"":2,""mod_name"":""Prosper or Perish Constructor"",""mode"":""CREATE""}]"
pp_cookery_pozole,building_maintenance,victuals,0.727,"[""maize"",""wild_game"",""chili""]","[0.732,0.923,0.143]",false,,,inline,cookery,cookery:unique_production_methods:0,0,0.0,0.727,2.181,2.37,-0.18900000000000006,-7.9746835443038,[],1.0,0.727,/home/jan/development/ProsperOrPerishConstructor/mod/Prosper or Perish (Population Growth & Food Rework)/in_game/common/building_types/zz_pp_cookery.txt,2,constructor,Prosper or Perish Constructor,CREATE,"[{""file"":""/home/jan/development/ProsperOrPerishConstructor/mod/Prosper or Perish (Population Growth & Food Rework)/in_game/common/building_types/zz_pp_cookery.txt"",""layer_id"":""constructor"",""layer_name"":""Prosper or Perish Constructor"",""line"":2,""mod_name"":""Prosper or Perish Constructor"",""mode"":""CREATE""}]"
pp_cookery_pemmican,building_maintenance,victuals,0.755,"[""wild_game"",""livestock"",""fruit""]","[1.597,0.334,0.355]",false,,,inline,cookery,cookery:unique_production_methods:0,0,0.0,0.755,2.265,2.453,-0.18799999999999972,-7.664084794129626,[],1.0,0.755,/home/jan/development/ProsperOrPerishConstructor/mod/Prosper or Perish (Population Growth & Food Rework)/in_game/common/building_types/zz_pp_cookery.txt,2,constructor,Prosper or Perish Constructor,CREATE,"[{""file"":""/home/jan/development/ProsperOrPerishConstructor/mod/Prosper or Perish (Population Growth & Food Rework)/in_game/common/building_types/zz_pp_cookery.txt"",""layer_id"":""constructor"",""layer_name"":""Prosper or Perish Constructor"",""line"":2,""mod_name"":""Prosper or Perish Constructor"",""mode"":""CREATE""}]"
pp_cookery_labskaus,building_maintenance,victuals,0.756,"[""potato"",""fish"",""livestock""]","[0.334,0.532,1.062]",false,,,inline,cookery,cookery:unique_production_methods:0,0,0.0,0.756,2.268,2.459,-0.19100000000000028,-7.767385115900784,[],1.0,0.756,/home/jan/development/ProsperOrPerishConstructor/mod/Prosper or Perish (Population Growth & Food Rework)/in_game/common/building_types/zz_pp_cookery.txt,2,constructor,Prosper or Perish Constructor,CREATE,"[{""file"":""/home/jan/development/ProsperOrPerishConstructor/mod/Prosper or Perish (Population Growth & Food Rework)/in_game/common/building_types/zz_pp_cookery.txt"",""layer_id"":""constructor"",""layer_name"":""Prosper or Perish Constructor"",""line"":2,""mod_name"":""Prosper or Perish Constructor"",""mode"":""CREATE""}]"
pp_cookery_meat_tajine,building_maintenance,victuals,0.828,"[""livestock"",""fruit"",""saffron""]","[1.243,0.569,0.054]",false,,,inline,cookery,cookery:unique_production_methods:0,0,0.0,0.828,2.484,2.7035,-0.21950000000000003,-8.119104864065102,[],1.0,0.828,/home/jan/development/ProsperOrPerishConstructor/mod/Prosper or Perish (Population Growth & Food Rework)/in_game/common/building_types/zz_pp_cookery.txt,2,constructor,Prosper or Perish Constructor,CREATE,"[{""file"":""/home/jan/development/ProsperOrPerishConstructor/mod/Prosper or Perish (Population Growth & Food Rework)/in_game/common/building_types/zz_pp_cookery.txt"",""layer_id"":""constructor"",""layer_name"":""Prosper or Perish Constructor"",""line"":2,""mod_name"":""Prosper or Perish Constructor"",""mode"":""CREATE""}]"
pp_cookery_saltfish_porridge,building_maintenance,victuals,0.8,"[""millet"",""fish"",""salt""]","[0.923,1.328,0.072]",false,,,inline,cookery,cookery:unique_production_methods:0,0,0.0,0.8,2.4000000000000004,2.611,-0.21099999999999985,-8.081194944465715,[],1.0,0.8,/home/jan/development/ProsperOrPerishConstructor/mod/Prosper or Perish (Population Growth & Food Rework)/in_game/common/building_types/zz_pp_cookery.txt,2,constructor,Prosper or Perish Constructor,CREATE,"[{""file"":""/home/jan/development/ProsperOrPerishConstructor/mod/Prosper or Perish (Population Growth & Food Rework)/in_game/common/building_types/zz_pp_cookery.txt"",""layer_id"":""constructor"",""layer_name"":""Prosper or Perish Constructor"",""line"":2,""mod_name"":""Prosper or Perish Constructor"",""mode"":""CREATE""}]"
pp_cookery_ika_mata,building_maintenance,victuals,0.765,"[""fish"",""fruit"",""salt""]","[1.703,0.888,0.036]",false,,,inline,cookery,cookery:unique_production_methods:0,0,0.0,0.765,2.295,2.7710000000000004,-0.4760000000000004,-17.17791411042946,[],1.0,0.765,/home/jan/development/ProsperOrPerishConstructor/mod/Prosper or Perish (Population Growth & Food Rework)/in_game/common/building_types/zz_pp_cookery.txt,2,constructor,Prosper or Perish Constructor,CREATE,"[{""file"":""/home/jan/development/ProsperOrPerishConstructor/mod/Prosper or Perish (Population Growth & Food Rework)/in_game/common/building_types/zz_pp_cookery.txt"",""layer_id"":""constructor"",""layer_name"":""Prosper or Perish Constructor"",""line"":2,""mod_name"":""Prosper or Perish Constructor"",""mode"":""CREATE""}]"
pp_cookery_kheer,building_maintenance,victuals,0.752,"[""rice"",""sugar"",""livestock""]","[1.172,0.107,0.639]",false,,,inline,cookery,cookery:unique_production_methods:0,0,0.0,0.752,2.2560000000000002,2.4515,-0.19549999999999956,-7.974709361615321,[],1.0,0.752,/home/jan/development/ProsperOrPerishConstructor/mod/Prosper or Perish (Population Growth & Food Rework)/in_game/common/building_types/zz_pp_cookery.txt,2,constructor,Prosper or Perish Constructor,CREATE,"[{""file"":""/home/jan/development/ProsperOrPerishConstructor/mod/Prosper or Perish (Population Growth & Food Rework)/in_game/common/building_types/zz_pp_cookery.txt"",""layer_id"":""constructor"",""layer_name"":""Prosper or Perish Constructor"",""line"":2,""mod_name"":""Prosper or Perish Constructor"",""mode"":""CREATE""}]"
pp_cookery_honey_gruel,building_maintenance,victuals,0.827,"[""wheat"",""fruit"",""beeswax""]","[0.851,0.564,0.639]",false,,,inline,cookery,cookery:unique_production_methods:0,0,0.0,0.827,2.481,2.693,-0.2120000000000002,-7.8722614184923945,[],1.0,0.827,/home/jan/development/ProsperOrPerishConstructor/mod/Prosper or Perish (Population Growth & Food Rework)/in_game/common/building_types/zz_pp_cookery.txt,2,constructor,Prosper or Perish Constructor,CREATE,"[{""file"":""/home/jan/development/ProsperOrPerishConstructor/mod/Prosper or Perish (Population Growth & Food Rework)/in_game/common/building_types/zz_pp_cookery.txt"",""layer_id"":""constructor"",""layer_name"":""Prosper or Perish Constructor"",""line"":2,""mod_name"":""Prosper or Perish Constructor"",""mode"":""CREATE""}]"
pp_cookery_boreal_hunter_stew,building_maintenance,victuals,0.828,"[""fur"",""millet"",""salt""]","[0.817,0.71,0.072]",false,,,inline,cookery,cookery:unique_production_methods:0,0,0.0,0.828,2.484,2.7039999999999997,-0.21999999999999975,-8.136094674556205,[],1.0,0.828,/home/jan/development/ProsperOrPerishConstructor/mod/Prosper or Perish (Population Growth & Food Rework)/in_game/common/building_types/zz_pp_cookery.txt,2,constructor,Prosper or Perish Constructor,CREATE,"[{""file"":""/home/jan/development/ProsperOrPerishConstructor/mod/Prosper or Perish (Population Growth & Food Rework)/in_game/common/building_types/zz_pp_cookery.txt"",""layer_id"":""constructor"",""layer_name"":""Prosper or Perish Constructor"",""line"":2,""mod_name"":""Prosper or Perish Constructor"",""mode"":""CREATE""}]"
pp_cookery_well_water,building_maintenance,,,[],[],false,,,inline,cookery,cookery:unique_production_methods:1,1,0.0,,0.0,0.0,0.0,,[],1.0,,/home/jan/development/ProsperOrPerishConstructor/mod/Prosper or Perish (Population Growth & Food Rework)/in_game/common/building_types/zz_pp_cookery.txt,2,constructor,Prosper or Perish Constructor,CREATE,"[{""file"":""/home/jan/development/ProsperOrPerishConstructor/mod/Prosper or Perish (Population Growth & Food Rework)/in_game/common/building_types/zz_pp_cookery.txt"",""layer_id"":""constructor"",""layer_name"":""Prosper or Perish Constructor"",""line"":2,""mod_name"":""Prosper or Perish Constructor"",""mode"":""CREATE""}]"
pp_cookery_beer,building_maintenance,victuals,0.401,"[""beer""]",[0.678],false,,,inline,cookery,cookery:unique_production_methods:1,1,0.0,0.401,1.203,1.356,-0.15300000000000002,-11.283185840707965,[],1.0,0.401,/home/jan/development/ProsperOrPerishConstructor/mod/Prosper or Perish (Population Growth & Food Rework)/in_game/common/building_types/zz_pp_cookery.txt,2,constructor,Prosper or Perish Constructor,CREATE,"[{""file"":""/home/jan/development/ProsperOrPerishConstructor/mod/Prosper or Perish (Population Growth & Food Rework)/in_game/common/building_types/zz_pp_cookery.txt"",""layer_id"":""constructor"",""layer_name"":""Prosper or Perish Constructor"",""line"":2,""mod_name"":""Prosper or Perish Constructor"",""mode"":""CREATE""}]"
pp_cookery_wine,building_maintenance,victuals,0.41,"[""wine""]",[0.678],false,,,inline,cookery,cookery:unique_production_methods:1,1,0.0,0.41,1.23,1.356,-0.1260000000000001,-9.292035398230096,[],1.0,0.41,/home/jan/development/ProsperOrPerishConstructor/mod/Prosper or Perish (Population Growth & Food Rework)/in_game/common/building_types/zz_pp_cookery.txt,2,constructor,Prosper or Perish Constructor,CREATE,"[{""file"":""/home/jan/development/ProsperOrPerishConstructor/mod/Prosper or Perish (Population Growth & Food Rework)/in_game/common/building_types/zz_pp_cookery.txt"",""layer_id"":""constructor"",""layer_name"":""Prosper or Perish Constructor"",""line"":2,""mod_name"":""Prosper or Perish Constructor"",""mode"":""CREATE""}]"
pp_cookery_liquor,building_maintenance,victuals,0.424,"[""liquor""]",[0.59],false,,,inline,cookery,cookery:unique_production_methods:1,1,0.0,0.424,1.272,1.4749999999999999,-0.20299999999999985,-13.762711864406771,[],1.0,0.424,/home/jan/development/ProsperOrPerishConstructor/mod/Prosper or Perish (Population Growth & Food Rework)/in_game/common/building_types/zz_pp_cookery.txt,2,constructor,Prosper or Perish Constructor,CREATE,"[{""file"":""/home/jan/development/ProsperOrPerishConstructor/mod/Prosper or Perish (Population Growth & Food Rework)/in_game/common/building_types/zz_pp_cookery.txt"",""layer_id"":""constructor"",""layer_name"":""Prosper or Perish Constructor"",""line"":2,""mod_name"":""Prosper or Perish Constructor"",""mode"":""CREATE""}]"
pp_cookery_chocolate,building_maintenance,victuals,0.312,"[""cocoa""]",[0.258],false,,,inline,cookery,cookery:unique_production_methods:1,1,0.0,0.312,0.9359999999999999,1.032,-0.09600000000000009,-9.302325581395356,[],1.0,0.312,/home/jan/development/ProsperOrPerishConstructor/mod/Prosper or Perish (Population Growth & Food Rework)/in_game/common/building_types/zz_pp_cookery.txt,2,constructor,Prosper or Perish Constructor,CREATE,"[{""file"":""/home/jan/development/ProsperOrPerishConstructor/mod/Prosper or Perish (Population Growth & Food Rework)/in_game/common/building_types/zz_pp_cookery.txt"",""layer_id"":""constructor"",""layer_name"":""Prosper or Perish Constructor"",""line"":2,""mod_name"":""Prosper or Perish Constructor"",""mode"":""CREATE""}]"
pp_cookery_coffee,building_maintenance,victuals,0.308,"[""coffee""]",[0.387],false,,,inline,cookery,cookery:unique_production_methods:1,1,0.0,0.308,0.9239999999999999,1.161,-0.2370000000000001,-20.41343669250647,[],1.0,0.308,/home/jan/development/ProsperOrPerishConstructor/mod/Prosper or Perish (Population Growth & Food Rework)/in_game/common/building_types/zz_pp_cookery.txt,2,constructor,Prosper or Perish Constructor,CREATE,"[{""file"":""/home/jan/development/ProsperOrPerishConstructor/mod/Prosper or Perish (Population Growth & Food Rework)/in_game/common/building_types/zz_pp_cookery.txt"",""layer_id"":""constructor"",""layer_name"":""Prosper or Perish Constructor"",""line"":2,""mod_name"":""Prosper or Perish Constructor"",""mode"":""CREATE""}]"
pp_cookery_tea,building_maintenance,victuals,0.396,"[""tea""]",[0.484],false,,,inline,cookery,cookery:unique_production_methods:1,1,0.0,0.396,1.1880000000000002,1.452,-0.2639999999999998,-18.18181818181817,[],1.0,0.396,/home/jan/development/ProsperOrPerishConstructor/mod/Prosper or Perish (Population Growth & Food Rework)/in_game/common/building_types/zz_pp_cookery.txt,2,constructor,Prosper or Perish Constructor,CREATE,"[{""file"":""/home/jan/development/ProsperOrPerishConstructor/mod/Prosper or Perish (Population Growth & Food Rework)/in_game/common/building_types/zz_pp_cookery.txt"",""layer_id"":""constructor"",""layer_name"":""Prosper or Perish Constructor"",""line"":2,""mod_name"":""Prosper or Perish Constructor"",""mode"":""CREATE""}]"
pp_cookery_no_packaging,building_maintenance,,,[],[],false,,,inline,cookery,cookery:unique_production_methods:2,2,0.0,,0.0,0.0,0.0,,[],1.0,,/home/jan/development/ProsperOrPerishConstructor/mod/Prosper or Perish (Population Growth & Food Rework)/in_game/common/building_types/zz_pp_cookery.txt,2,constructor,Prosper or Perish Constructor,CREATE,"[{""file"":""/home/jan/development/ProsperOrPerishConstructor/mod/Prosper or Perish (Population Growth & Food Rework)/in_game/common/building_types/zz_pp_cookery.txt"",""layer_id"":""constructor"",""layer_name"":""Prosper or Perish Constructor"",""line"":2,""mod_name"":""Prosper or Perish Constructor"",""mode"":""CREATE""}]"
pp_cookery_pottery_jars,building_maintenance,victuals,0.256,"[""pottery""]",[0.904],false,,,inline,cookery,cookery:unique_production_methods:2,2,0.0,0.256,0.768,0.904,-0.136,-15.04424778761062,[],1.0,0.256,/home/jan/development/ProsperOrPerishConstructor/mod/Prosper or Perish (Population Growth & Food Rework)/in_game/common/building_types/zz_pp_cookery.txt,2,constructor,Prosper or Perish Constructor,CREATE,"[{""file"":""/home/jan/development/ProsperOrPerishConstructor/mod/Prosper or Perish (Population Growth & Food Rework)/in_game/common/building_types/zz_pp_cookery.txt"",""layer_id"":""constructor"",""layer_name"":""Prosper or Perish Constructor"",""line"":2,""mod_name"":""Prosper or Perish Constructor"",""mode"":""CREATE""}]"
pp_cookery_coopered_barrels,building_maintenance,victuals,0.247,"[""furniture""]",[0.291],false,,,inline,cookery,cookery:unique_production_methods:2,2,0.0,0.247,0.741,0.873,-0.132,-15.120274914089348,[],1.0,0.247,/home/jan/development/ProsperOrPerishConstructor/mod/Prosper or Perish (Population Growth & Food Rework)/in_game/common/building_types/zz_pp_cookery.txt,2,constructor,Prosper or Perish Constructor,CREATE,"[{""file"":""/home/jan/development/ProsperOrPerishConstructor/mod/Prosper or Perish (Population Growth & Food Rework)/in_game/common/building_types/zz_pp_cookery.txt"",""layer_id"":""constructor"",""layer_name"":""Prosper or Perish Constructor"",""line"":2,""mod_name"":""Prosper or Perish Constructor"",""mode"":""CREATE""}]"
pp_cookery_tin_cans,building_maintenance,victuals,0.456,"[""steel""]",[0.323],false,,,inline,cookery,cookery:unique_production_methods:2,2,0.0,0.456,1.368,1.615,-0.2469999999999999,-15.294117647058817,[],1.0,0.456,/home/jan/development/ProsperOrPerishConstructor/mod/Prosper or Perish (Population Growth & Food Rework)/in_game/common/building_types/zz_pp_cookery.txt,2,constructor,Prosper or Perish Constructor,CREATE,"[{""file"":""/home/jan/development/ProsperOrPerishConstructor/mod/Prosper or Perish (Population Growth & Food Rework)/in_game/common/building_types/zz_pp_cookery.txt"",""layer_id"":""constructor"",""layer_name"":""Prosper or Perish Constructor"",""line"":2,""mod_name"":""Prosper or Perish Constructor"",""mode"":""CREATE""}]"
pp_copper_mine_base_copper,building_maintenance,copper,0.09,[],[],false,,,inline,copper_mine,copper_mine:unique_production_methods:0,0,0.0,0.09,0.27,0.0,0.27,,[],1.0,0.09,/home/jan/development/ProsperOrPerishConstructor/mod/Prosper or Perish (Population Growth & Food Rework)/in_game/common/building_types/zz_pp_copper_mine.txt,2,constructor,Prosper or Perish Constructor,CREATE,"[{""file"":""/home/jan/development/ProsperOrPerishConstructor/mod/Prosper or Perish (Population Growth & Food Rework)/in_game/common/building_types/zz_pp_copper_mine.txt"",""layer_id"":""constructor"",""layer_name"":""Prosper or Perish Constructor"",""line"":2,""mod_name"":""Prosper or Perish Constructor"",""mode"":""CREATE""}]"
pp_copper_mine_no_primary,building_maintenance,,,[],[],false,,,inline,copper_mine,copper_mine:unique_production_methods:1,1,0.0,,0.0,0.0,0.0,,[],1.0,,/home/jan/development/ProsperOrPerishConstructor/mod/Prosper or Perish (Population Growth & Food Rework)/in_game/common/building_types/zz_pp_copper_mine.txt,2,constructor,Prosper or Perish Constructor,CREATE,"[{""file"":""/home/jan/development/ProsperOrPerishConstructor/mod/Prosper or Perish (Population Growth & Food Rework)/in_game/common/building_types/zz_pp_copper_mine.txt"",""layer_id"":""constructor"",""layer_name"":""Prosper or Perish Constructor"",""line"":2,""mod_name"":""Prosper or Perish Constructor"",""mode"":""CREATE""}]"
pp_copper_mine_copper,building_maintenance,copper,0.6,"[""lumber"",""tools"",""beeswax""]","[0.27,0.32,0.075]",false,,,inline,copper_mine,copper_mine:unique_production_methods:1,1,0.0,0.6,1.7999999999999998,1.6625,0.13749999999999973,8.270676691729307,[],1.0,0.6,/home/jan/development/ProsperOrPerishConstructor/mod/Prosper or Perish (Population Growth & Food Rework)/in_game/common/building_types/zz_pp_copper_mine.txt,2,constructor,Prosper or Perish Constructor,CREATE,"[{""file"":""/home/jan/development/ProsperOrPerishConstructor/mod/Prosper or Perish (Population Growth & Food Rework)/in_game/common/building_types/zz_pp_copper_mine.txt"",""layer_id"":""constructor"",""layer_name"":""Prosper or Perish Constructor"",""line"":2,""mod_name"":""Prosper or Perish Constructor"",""mode"":""CREATE""}]"
pp_copper_mine_no_secondary,building_maintenance,,,[],[],false,,,inline,copper_mine,copper_mine:unique_production_methods:2,2,0.0,,0.0,0.0,0.0,,[],1.0,,/home/jan/development/ProsperOrPerishConstructor/mod/Prosper or Perish (Population Growth & Food Rework)/in_game/common/building_types/zz_pp_copper_mine.txt,2,constructor,Prosper or Perish Constructor,CREATE,"[{""file"":""/home/jan/development/ProsperOrPerishConstructor/mod/Prosper or Perish (Population Growth & Food Rework)/in_game/common/building_types/zz_pp_copper_mine.txt"",""layer_id"":""constructor"",""layer_name"":""Prosper or Perish Constructor"",""line"":2,""mod_name"":""Prosper or Perish Constructor"",""mode"":""CREATE""}]"
pp_copper_mine_silver,building_maintenance,silver,0.033,"[""lumber"",""tools"",""lead""]","[0.03,0.03,0.02]",false,,,inline,copper_mine,copper_mine:unique_production_methods:2,2,0.0,0.033,0.198,0.19,0.008000000000000007,4.210526315789477,[],1.0,0.033,/home/jan/development/ProsperOrPerishConstructor/mod/Prosper or Perish (Population Growth & Food Rework)/in_game/common/building_types/zz_pp_copper_mine.txt,2,constructor,Prosper or Perish Constructor,CREATE,"[{""file"":""/home/jan/development/ProsperOrPerishConstructor/mod/Prosper or Perish (Population Growth & Food Rework)/in_game/common/building_types/zz_pp_copper_mine.txt"",""layer_id"":""constructor"",""layer_name"":""Prosper or Perish Constructor"",""line"":2,""mod_name"":""Prosper or Perish Constructor"",""mode"":""CREATE""}]"
pp_copper_mine_gold,building_maintenance,goods_gold,0.026,"[""lumber"",""tools"",""lead""]","[0.03,0.03,0.02]",false,,,inline,copper_mine,copper_mine:unique_production_methods:2,2,0.0,0.026,0.23399999999999999,0.19,0.043999999999999984,23.157894736842096,[],1.0,0.026,/home/jan/development/ProsperOrPerishConstructor/mod/Prosper or Perish (Population Growth & Food Rework)/in_game/common/building_types/zz_pp_copper_mine.txt,2,constructor,Prosper or Perish Constructor,CREATE,"[{""file"":""/home/jan/development/ProsperOrPerishConstructor/mod/Prosper or Perish (Population Growth & Food Rework)/in_game/common/building_types/zz_pp_copper_mine.txt"",""layer_id"":""constructor"",""layer_name"":""Prosper or Perish Constructor"",""line"":2,""mod_name"":""Prosper or Perish Constructor"",""mode"":""CREATE""}]"
pp_copper_mine_tin,building_maintenance,tin,0.06,"[""lumber"",""tools""]","[0.03,0.02]",false,,,inline,copper_mine,copper_mine:unique_production_methods:2,2,0.0,0.06,0.12,0.1175,0.0025000000000000022,2.1276595744680873,[],1.0,0.06,/home/jan/development/ProsperOrPerishConstructor/mod/Prosper or Perish (Population Growth & Food Rework)/in_game/common/building_types/zz_pp_copper_mine.txt,2,constructor,Prosper or Perish Constructor,CREATE,"[{""file"":""/home/jan/development/ProsperOrPerishConstructor/mod/Prosper or Perish (Population Growth & Food Rework)/in_game/common/building_types/zz_pp_copper_mine.txt"",""layer_id"":""constructor"",""layer_name"":""Prosper or Perish Constructor"",""line"":2,""mod_name"":""Prosper or Perish Constructor"",""mode"":""CREATE""}]"
pp_copper_mine_adit_base_copper,building_maintenance,copper,0.1,[],[],false,,,inline,copper_mine_adit,copper_mine_adit:unique_production_methods:0,0,0.0,0.1,0.30000000000000004,0.0,0.30000000000000004,,[],1.0,0.1,/home/jan/development/ProsperOrPerishConstructor/mod/Prosper or Perish (Population Growth & Food Rework)/in_game/common/building_types/zz_pp_copper_mine_adit.txt,2,constructor,Prosper or Perish Constructor,CREATE,"[{""file"":""/home/jan/development/ProsperOrPerishConstructor/mod/Prosper or Perish (Population Growth & Food Rework)/in_game/common/building_types/zz_pp_copper_mine_adit.txt"",""layer_id"":""constructor"",""layer_name"":""Prosper or Perish Constructor"",""line"":2,""mod_name"":""Prosper or Perish Constructor"",""mode"":""CREATE""}]"
pp_copper_mine_adit_no_primary,building_maintenance,,,[],[],false,,,inline,copper_mine_adit,copper_mine_adit:unique_production_methods:1,1,0.0,,0.0,0.0,0.0,,[],1.0,,/home/jan/development/ProsperOrPerishConstructor/mod/Prosper or Perish (Population Growth & Food Rework)/in_game/common/building_types/zz_pp_copper_mine_adit.txt,2,constructor,Prosper or Perish Constructor,CREATE,"[{""file"":""/home/jan/development/ProsperOrPerishConstructor/mod/Prosper or Perish (Population Growth & Food Rework)/in_game/common/building_types/zz_pp_copper_mine_adit.txt"",""layer_id"":""constructor"",""layer_name"":""Prosper or Perish Constructor"",""line"":2,""mod_name"":""Prosper or Perish Constructor"",""mode"":""CREATE""}]"
pp_copper_mine_adit_copper,building_maintenance,copper,0.78,"[""lumber"",""tools"",""beeswax""]","[0.31,0.44,0.09]",false,,,inline,copper_mine_adit,copper_mine_adit:unique_production_methods:1,1,0.0,0.78,2.34,2.1525,0.1875,8.710801393728223,[],1.0,0.78,/home/jan/development/ProsperOrPerishConstructor/mod/Prosper or Perish (Population Growth & Food Rework)/in_game/common/building_types/zz_pp_copper_mine_adit.txt,2,constructor,Prosper or Perish Constructor,CREATE,"[{""file"":""/home/jan/development/ProsperOrPerishConstructor/mod/Prosper or Perish (Population Growth & Food Rework)/in_game/common/building_types/zz_pp_copper_mine_adit.txt"",""layer_id"":""constructor"",""layer_name"":""Prosper or Perish Constructor"",""line"":2,""mod_name"":""Prosper or Perish Constructor"",""mode"":""CREATE""}]"
pp_copper_mine_adit_no_secondary,building_maintenance,,,[],[],false,,,inline,copper_mine_adit,copper_mine_adit:unique_production_methods:2,2,0.0,,0.0,0.0,0.0,,[],1.0,,/home/jan/development/ProsperOrPerishConstructor/mod/Prosper or Perish (Population Growth & Food Rework)/in_game/common/building_types/zz_pp_copper_mine_adit.txt,2,constructor,Prosper or Perish Constructor,CREATE,"[{""file"":""/home/jan/development/ProsperOrPerishConstructor/mod/Prosper or Perish (Population Growth & Food Rework)/in_game/common/building_types/zz_pp_copper_mine_adit.txt"",""layer_id"":""constructor"",""layer_name"":""Prosper or Perish Constructor"",""line"":2,""mod_name"":""Prosper or Perish Constructor"",""mode"":""CREATE""}]"
pp_copper_mine_adit_silver,building_maintenance,silver,0.034,"[""lumber"",""tools"",""lead""]","[0.04,0.03,0.02]",false,,,inline,copper_mine_adit,copper_mine_adit:unique_production_methods:2,2,0.0,0.034,0.20400000000000001,0.20750000000000002,-0.003500000000000003,-1.6867469879518087,[],1.0,0.034,/home/jan/development/ProsperOrPerishConstructor/mod/Prosper or Perish (Population Growth & Food Rework)/in_game/common/building_types/zz_pp_copper_mine_adit.txt,2,constructor,Prosper or Perish Constructor,CREATE,"[{""file"":""/home/jan/development/ProsperOrPerishConstructor/mod/Prosper or Perish (Population Growth & Food Rework)/in_game/common/building_types/zz_pp_copper_mine_adit.txt"",""layer_id"":""constructor"",""layer_name"":""Prosper or Perish Constructor"",""line"":2,""mod_name"":""Prosper or Perish Constructor"",""mode"":""CREATE""}]"
pp_copper_mine_adit_gold,building_maintenance,goods_gold,0.027,"[""lumber"",""tools"",""lead""]","[0.04,0.03,0.02]",false,,,inline,copper_mine_adit,copper_mine_adit:unique_production_methods:2,2,0.0,0.027,0.243,0.20750000000000002,0.035499999999999976,17.108433734939744,[],1.0,0.027,/home/jan/development/ProsperOrPerishConstructor/mod/Prosper or Perish (Population Growth & Food Rework)/in_game/common/building_types/zz_pp_copper_mine_adit.txt,2,constructor,Prosper or Perish Constructor,CREATE,"[{""file"":""/home/jan/development/ProsperOrPerishConstructor/mod/Prosper or Perish (Population Growth & Food Rework)/in_game/common/building_types/zz_pp_copper_mine_adit.txt"",""layer_id"":""constructor"",""layer_name"":""Prosper or Perish Constructor"",""line"":2,""mod_name"":""Prosper or Perish Constructor"",""mode"":""CREATE""}]"
pp_copper_mine_adit_tin,building_maintenance,tin,0.059,"[""lumber"",""tools""]","[0.03,0.02]",false,,,inline,copper_mine_adit,copper_mine_adit:unique_production_methods:2,2,0.0,0.059,0.118,0.1175,0.0005000000000000004,0.42553191489361747,[],1.0,0.059,/home/jan/development/ProsperOrPerishConstructor/mod/Prosper or Perish (Population Growth & Food Rework)/in_game/common/building_types/zz_pp_copper_mine_adit.txt,2,constructor,Prosper or Perish Constructor,CREATE,"[{""file"":""/home/jan/development/ProsperOrPerishConstructor/mod/Prosper or Perish (Population Growth & Food Rework)/in_game/common/building_types/zz_pp_copper_mine_adit.txt"",""layer_id"":""constructor"",""layer_name"":""Prosper or Perish Constructor"",""line"":2,""mod_name"":""Prosper or Perish Constructor"",""mode"":""CREATE""}]"
pp_cotton_farm_base_cotton,building_maintenance,cotton,0.04,[],[],false,,,inline,cotton_farm,cotton_farm:unique_production_methods:0,0,0.0,0.04,0.12,0.0,0.12,,[],1.0,0.04,/home/jan/development/ProsperOrPerishConstructor/mod/Prosper or Perish (Population Growth & Food Rework)/in_game/common/building_types/zz_pp_cotton_farm.txt,2,constructor,Prosper or Perish Constructor,CREATE,"[{""file"":""/home/jan/development/ProsperOrPerishConstructor/mod/Prosper or Perish (Population Growth & Food Rework)/in_game/common/building_types/zz_pp_cotton_farm.txt"",""layer_id"":""constructor"",""layer_name"":""Prosper or Perish Constructor"",""line"":2,""mod_name"":""Prosper or Perish Constructor"",""mode"":""CREATE""}]"
pp_cotton_farm_field_picking,building_maintenance,,,[],[],false,,,inline,cotton_farm,cotton_farm:unique_production_methods:1,1,0.0,,0.0,0.0,0.0,,[],1.0,,/home/jan/development/ProsperOrPerishConstructor/mod/Prosper or Perish (Population Growth & Food Rework)/in_game/common/building_types/zz_pp_cotton_farm.txt,2,constructor,Prosper or Perish Constructor,CREATE,"[{""file"":""/home/jan/development/ProsperOrPerishConstructor/mod/Prosper or Perish (Population Growth & Food Rework)/in_game/common/building_types/zz_pp_cotton_farm.txt"",""layer_id"":""constructor"",""layer_name"":""Prosper or Perish Constructor"",""line"":2,""mod_name"":""Prosper or Perish Constructor"",""mode"":""CREATE""}]"
pp_cotton_farm_gin_house,building_maintenance,cotton,0.089,"[""lumber"",""fiber_crops"",""tools""]","[0.093,0.04,0.011]",false,,,inline,cotton_farm,cotton_farm:unique_production_methods:1,1,0.0,0.089,0.267,0.2785,-0.01150000000000001,-4.129263913824061,[],1.0,0.089,/home/jan/development/ProsperOrPerishConstructor/mod/Prosper or Perish (Population Growth & Food Rework)/in_game/common/building_types/zz_pp_cotton_farm.txt,2,constructor,Prosper or Perish Constructor,CREATE,"[{""file"":""/home/jan/development/ProsperOrPerishConstructor/mod/Prosper or Perish (Population Growth & Food Rework)/in_game/common/building_types/zz_pp_cotton_farm.txt"",""layer_id"":""constructor"",""layer_name"":""Prosper or Perish Constructor"",""line"":2,""mod_name"":""Prosper or Perish Constructor"",""mode"":""CREATE""}]"
pp_dye_plantation_base_dyes,building_maintenance,dyes,0.04,[],[],false,,,inline,dye_plantation,dye_plantation:unique_production_methods:0,0,0.0,0.04,0.16,0.0,0.16,,[],1.0,0.04,/home/jan/development/ProsperOrPerishConstructor/mod/Prosper or Perish (Population Growth & Food Rework)/in_game/common/building_types/zz_pp_dye_plantation.txt,2,constructor,Prosper or Perish Constructor,CREATE,"[{""file"":""/home/jan/development/ProsperOrPerishConstructor/mod/Prosper or Perish (Population Growth & Food Rework)/in_game/common/building_types/zz_pp_dye_plantation.txt"",""layer_id"":""constructor"",""layer_name"":""Prosper or Perish Constructor"",""line"":2,""mod_name"":""Prosper or Perish Constructor"",""mode"":""CREATE""}]"
pp_dye_plantation_no_curing,building_maintenance,,,[],[],false,,,inline,dye_plantation,dye_plantation:unique_production_methods:1,1,0.0,,0.0,0.0,0.0,,[],1.0,,/home/jan/development/ProsperOrPerishConstructor/mod/Prosper or Perish (Population Growth & Food Rework)/in_game/common/building_types/zz_pp_dye_plantation.txt,2,constructor,Prosper or Perish Constructor,CREATE,"[{""file"":""/home/jan/development/ProsperOrPerishConstructor/mod/Prosper or Perish (Population Growth & Food Rework)/in_game/common/building_types/zz_pp_dye_plantation.txt"",""layer_id"":""constructor"",""layer_name"":""Prosper or Perish Constructor"",""line"":2,""mod_name"":""Prosper or Perish Constructor"",""mode"":""CREATE""}]"
pp_dye_plantation_vat_curing,building_maintenance,dyes,0.089,"[""lumber"",""tools""]","[0.119,0.04]",false,,,inline,dye_plantation,dye_plantation:unique_production_methods:1,1,0.0,0.089,0.356,0.33825,0.017749999999999988,5.247597930524757,[],1.0,0.089,/home/jan/development/ProsperOrPerishConstructor/mod/Prosper or Perish (Population Growth & Food Rework)/in_game/common/building_types/zz_pp_dye_plantation.txt,2,constructor,Prosper or Perish Constructor,CREATE,"[{""file"":""/home/jan/development/ProsperOrPerishConstructor/mod/Prosper or Perish (Population Growth & Food Rework)/in_game/common/building_types/zz_pp_dye_plantation.txt"",""layer_id"":""constructor"",""layer_name"":""Prosper or Perish Constructor"",""line"":2,""mod_name"":""Prosper or Perish Constructor"",""mode"":""CREATE""}]"
pp_elephant_kraal_base_elephants,building_maintenance,elephants,0.036,[],[],false,,,inline,elephant_kraal,elephant_kraal:unique_production_methods:0,0,0.0,0.036,0.18,0.0,0.18,,[],1.0,0.036,/home/jan/development/ProsperOrPerishConstructor/mod/Prosper or Perish (Population Growth & Food Rework)/in_game/common/building_types/zz_pp_elephant_kraal.txt,2,constructor,Prosper or Perish Constructor,CREATE,"[{""file"":""/home/jan/development/ProsperOrPerishConstructor/mod/Prosper or Perish (Population Growth & Food Rework)/in_game/common/building_types/zz_pp_elephant_kraal.txt"",""layer_id"":""constructor"",""layer_name"":""Prosper or Perish Constructor"",""line"":2,""mod_name"":""Prosper or Perish Constructor"",""mode"":""CREATE""}]"
pp_elephant_kraal_no_capture,building_maintenance,,,[],[],false,,,inline,elephant_kraal,elephant_kraal:unique_production_methods:1,1,0.0,,0.0,0.0,0.0,,[],1.0,,/home/jan/development/ProsperOrPerishConstructor/mod/Prosper or Perish (Population Growth & Food Rework)/in_game/common/building_types/zz_pp_elephant_kraal.txt,2,constructor,Prosper or Perish Constructor,CREATE,"[{""file"":""/home/jan/development/ProsperOrPerishConstructor/mod/Prosper or Perish (Population Growth & Food Rework)/in_game/common/building_types/zz_pp_elephant_kraal.txt"",""layer_id"":""constructor"",""layer_name"":""Prosper or Perish Constructor"",""line"":2,""mod_name"":""Prosper or Perish Constructor"",""mode"":""CREATE""}]"
pp_elephant_kraal_kheddah_stockades,building_maintenance,elephants,0.076,"[""lumber"",""fruit""]","[0.103,0.171]",false,,,inline,elephant_kraal,elephant_kraal:unique_production_methods:1,1,0.0,0.076,0.38,0.35125,0.028749999999999998,8.185053380782916,[],1.0,0.076,/home/jan/development/ProsperOrPerishConstructor/mod/Prosper or Perish (Population Growth & Food Rework)/in_game/common/building_types/zz_pp_elephant_kraal.txt,2,constructor,Prosper or Perish Constructor,CREATE,"[{""file"":""/home/jan/development/ProsperOrPerishConstructor/mod/Prosper or Perish (Population Growth & Food Rework)/in_game/common/building_types/zz_pp_elephant_kraal.txt"",""layer_id"":""constructor"",""layer_name"":""Prosper or Perish Constructor"",""line"":2,""mod_name"":""Prosper or Perish Constructor"",""mode"":""CREATE""}]"
pp_husbandry_farmstead_base_livestock,building_maintenance,livestock,0.08,[],[],false,,,inline,husbandry_farmstead,husbandry_farmstead:unique_production_methods:0,0,0.0,0.08,0.12,0.0,0.12,,[],1.0,0.08,/home/jan/development/ProsperOrPerishConstructor/mod/Prosper or Perish (Population Growth & Food Rework)/in_game/common/building_types/zz_pp_farming_village_husbandry_farmstead.txt,2,constructor,Prosper or Perish Constructor,CREATE,"[{""file"":""/home/jan/development/ProsperOrPerishConstructor/mod/Prosper or Perish (Population Growth & Food Rework)/in_game/common/building_types/zz_pp_farming_village_husbandry_farmstead.txt"",""layer_id"":""constructor"",""layer_name"":""Prosper or Perish Constructor"",""line"":2,""mod_name"":""Prosper or Perish Constructor"",""mode"":""CREATE""}]"
pp_husbandry_farmstead_base_millet,building_maintenance,millet,0.08,[],[],false,,,inline,husbandry_farmstead,husbandry_farmstead:unique_production_methods:0,0,0.0,0.08,0.08,0.0,0.08,,[],1.0,0.08,/home/jan/development/ProsperOrPerishConstructor/mod/Prosper or Perish (Population Growth & Food Rework)/in_game/common/building_types/zz_pp_farming_village_husbandry_farmstead.txt,2,constructor,Prosper or Perish Constructor,CREATE,"[{""file"":""/home/jan/development/ProsperOrPerishConstructor/mod/Prosper or Perish (Population Growth & Food Rework)/in_game/common/building_types/zz_pp_farming_village_husbandry_farmstead.txt"",""layer_id"":""constructor"",""layer_name"":""Prosper or Perish Constructor"",""line"":2,""mod_name"":""Prosper or Perish Constructor"",""mode"":""CREATE""}]"
pp_husbandry_farmstead_base_wheat,building_maintenance,wheat,0.08,[],[],false,,,inline,husbandry_farmstead,husbandry_farmstead:unique_production_methods:0,0,0.0,0.08,0.08,0.0,0.08,,[],1.0,0.08,/home/jan/development/ProsperOrPerishConstructor/mod/Prosper or Perish (Population Growth & Food Rework)/in_game/common/building_types/zz_pp_farming_village_husbandry_farmstead.txt,2,constructor,Prosper or Perish Constructor,CREATE,"[{""file"":""/home/jan/development/ProsperOrPerishConstructor/mod/Prosper or Perish (Population Growth & Food Rework)/in_game/common/building_types/zz_pp_farming_village_husbandry_farmstead.txt"",""layer_id"":""constructor"",""layer_name"":""Prosper or Perish Constructor"",""line"":2,""mod_name"":""Prosper or Perish Constructor"",""mode"":""CREATE""}]"
pp_husbandry_farmstead_base_maize,building_maintenance,maize,0.08,[],[],false,,,inline,husbandry_farmstead,husbandry_farmstead:unique_production_methods:0,0,0.0,0.08,0.08,0.0,0.08,,[],1.0,0.08,/home/jan/development/ProsperOrPerishConstructor/mod/Prosper or Perish (Population Growth & Food Rework)/in_game/common/building_types/zz_pp_farming_village_husbandry_farmstead.txt,2,constructor,Prosper or Perish Constructor,CREATE,"[{""file"":""/home/jan/development/ProsperOrPerishConstructor/mod/Prosper or Perish (Population Growth & Food Rework)/in_game/common/building_types/zz_pp_farming_village_husbandry_farmstead.txt"",""layer_id"":""constructor"",""layer_name"":""Prosper or Perish Constructor"",""line"":2,""mod_name"":""Prosper or Perish Constructor"",""mode"":""CREATE""}]"
pp_husbandry_farmstead_base_rice,building_maintenance,rice,0.08,[],[],false,,,inline,husbandry_farmstead,husbandry_farmstead:unique_production_methods:0,0,0.0,0.08,0.08,0.0,0.08,,[],1.0,0.08,/home/jan/development/ProsperOrPerishConstructor/mod/Prosper or Perish (Population Growth & Food Rework)/in_game/common/building_types/zz_pp_farming_village_husbandry_farmstead.txt,2,constructor,Prosper or Perish Constructor,CREATE,"[{""file"":""/home/jan/development/ProsperOrPerishConstructor/mod/Prosper or Perish (Population Growth & Food Rework)/in_game/common/building_types/zz_pp_farming_village_husbandry_farmstead.txt"",""layer_id"":""constructor"",""layer_name"":""Prosper or Perish Constructor"",""line"":2,""mod_name"":""Prosper or Perish Constructor"",""mode"":""CREATE""}]"
pp_husbandry_farmstead_base_legumes,building_maintenance,legumes,0.08,[],[],false,,,inline,husbandry_farmstead,husbandry_farmstead:unique_production_methods:0,0,0.0,0.08,0.08,0.0,0.08,,[],1.0,0.08,/home/jan/development/ProsperOrPerishConstructor/mod/Prosper or Perish (Population Growth & Food Rework)/in_game/common/building_types/zz_pp_farming_village_husbandry_farmstead.txt,2,constructor,Prosper or Perish Constructor,CREATE,"[{""file"":""/home/jan/development/ProsperOrPerishConstructor/mod/Prosper or Perish (Population Growth & Food Rework)/in_game/common/building_types/zz_pp_farming_village_husbandry_farmstead.txt"",""layer_id"":""constructor"",""layer_name"":""Prosper or Perish Constructor"",""line"":2,""mod_name"":""Prosper or Perish Constructor"",""mode"":""CREATE""}]"
pp_husbandry_farmstead_base_potato,building_maintenance,potato,0.08,[],[],false,,,inline,husbandry_farmstead,husbandry_farmstead:unique_production_methods:0,0,0.0,0.08,0.08,0.0,0.08,,[],1.0,0.08,/home/jan/development/ProsperOrPerishConstructor/mod/Prosper or Perish (Population Growth & Food Rework)/in_game/common/building_types/zz_pp_farming_village_husbandry_farmstead.txt,2,constructor,Prosper or Perish Constructor,CREATE,"[{""file"":""/home/jan/development/ProsperOrPerishConstructor/mod/Prosper or Perish (Population Growth & Food Rework)/in_game/common/building_types/zz_pp_farming_village_husbandry_farmstead.txt"",""layer_id"":""constructor"",""layer_name"":""Prosper or Perish Constructor"",""line"":2,""mod_name"":""Prosper or Perish Constructor"",""mode"":""CREATE""}]"
pp_husbandry_farmstead_base_olives,building_maintenance,olives,0.08,[],[],false,,,inline,husbandry_farmstead,husbandry_farmstead:unique_production_methods:0,0,0.0,0.08,0.08,0.0,0.08,,[],1.0,0.08,/home/jan/development/ProsperOrPerishConstructor/mod/Prosper or Perish (Population Growth & Food Rework)/in_game/common/building_types/zz_pp_farming_village_husbandry_farmstead.txt,2,constructor,Prosper or Perish Constructor,CREATE,"[{""file"":""/home/jan/development/ProsperOrPerishConstructor/mod/Prosper or Perish (Population Growth & Food Rework)/in_game/common/building_types/zz_pp_farming_village_husbandry_farmstead.txt"",""layer_id"":""constructor"",""layer_name"":""Prosper or Perish Constructor"",""line"":2,""mod_name"":""Prosper or Perish Constructor"",""mode"":""CREATE""}]"
pp_husbandry_farmstead_no_primary,building_maintenance,,,[],[],false,,,inline,husbandry_farmstead,husbandry_farmstead:unique_production_methods:1,1,0.0,,0.0,0.0,0.0,,[],1.0,,/home/jan/development/ProsperOrPerishConstructor/mod/Prosper or Perish (Population Growth & Food Rework)/in_game/common/building_types/zz_pp_farming_village_husbandry_farmstead.txt,2,constructor,Prosper or Perish Constructor,CREATE,"[{""file"":""/home/jan/development/ProsperOrPerishConstructor/mod/Prosper or Perish (Population Growth & Food Rework)/in_game/common/building_types/zz_pp_farming_village_husbandry_farmstead.txt"",""layer_id"":""constructor"",""layer_name"":""Prosper or Perish Constructor"",""line"":2,""mod_name"":""Prosper or Perish Constructor"",""mode"":""CREATE""}]"
pp_husbandry_farmstead_livestock,building_maintenance,livestock,0.44,"[""livestock"",""fiber_crops"",""clay"",""lumber""]","[0.145,0.06,0.135,0.05]",false,,,inline,husbandry_farmstead,husbandry_farmstead:unique_production_methods:1,1,0.0,0.44,0.66,0.4925,0.16750000000000004,34.01015228426397,[],1.0,0.44,/home/jan/development/ProsperOrPerishConstructor/mod/Prosper or Perish (Population Growth & Food Rework)/in_game/common/building_types/zz_pp_farming_village_husbandry_farmstead.txt,2,constructor,Prosper or Perish Constructor,CREATE,"[{""file"":""/home/jan/development/ProsperOrPerishConstructor/mod/Prosper or Perish (Population Growth & Food Rework)/in_game/common/building_types/zz_pp_farming_village_husbandry_farmstead.txt"",""layer_id"":""constructor"",""layer_name"":""Prosper or Perish Constructor"",""line"":2,""mod_name"":""Prosper or Perish Constructor"",""mode"":""CREATE""}]"
pp_husbandry_farmstead_millet,building_maintenance,millet,0.6,"[""horses"",""livestock"",""fiber_crops"",""pottery""]","[0.04,0.07,0.078,0.05]",false,,,inline,husbandry_farmstead,husbandry_farmstead:unique_production_methods:1,1,0.0,0.6,0.6,0.431,0.16899999999999998,39.21113689095127,[],1.0,0.6,/home/jan/development/ProsperOrPerishConstructor/mod/Prosper or Perish (Population Growth & Food Rework)/in_game/common/building_types/zz_pp_farming_village_husbandry_farmstead.txt,2,constructor,Prosper or Perish Constructor,CREATE,"[{""file"":""/home/jan/development/ProsperOrPerishConstructor/mod/Prosper or Perish (Population Growth & Food Rework)/in_game/common/building_types/zz_pp_farming_village_husbandry_farmstead.txt"",""layer_id"":""constructor"",""layer_name"":""Prosper or Perish Constructor"",""line"":2,""mod_name"":""Prosper or Perish Constructor"",""mode"":""CREATE""}]"
pp_husbandry_farmstead_wheat,building_maintenance,wheat,0.64,"[""horses"",""livestock"",""tools"",""lumber""]","[0.065,0.07,0.03,0.045]",false,,,inline,husbandry_farmstead,husbandry_farmstead:unique_production_methods:1,1,0.0,0.64,0.64,0.47625000000000006,0.16374999999999995,34.38320209973752,[],1.0,0.64,/home/jan/development/ProsperOrPerishConstructor/mod/Prosper or Perish (Population Growth & Food Rework)/in_game/common/building_types/zz_pp_farming_village_husbandry_farmstead.txt,2,constructor,Prosper or Perish Constructor,CREATE,"[{""file"":""/home/jan/development/ProsperOrPerishConstructor/mod/Prosper or Perish (Population Growth & Food Rework)/in_game/common/building_types/zz_pp_farming_village_husbandry_farmstead.txt"",""layer_id"":""constructor"",""layer_name"":""Prosper or Perish Constructor"",""line"":2,""mod_name"":""Prosper or Perish Constructor"",""mode"":""CREATE""}]"
pp_husbandry_farmstead_maize,building_maintenance,maize,0.59,"[""livestock"",""fiber_crops"",""lumber"",""tools""]","[0.09,0.085,0.05,0.014]",false,,,inline,husbandry_farmstead,husbandry_farmstead:unique_production_methods:1,1,0.0,0.59,0.59,0.43800000000000006,0.1519999999999999,34.70319634703194,[],1.0,0.59,/home/jan/development/ProsperOrPerishConstructor/mod/Prosper or Perish (Population Growth & Food Rework)/in_game/common/building_types/zz_pp_farming_village_husbandry_farmstead.txt,2,constructor,Prosper or Perish Constructor,CREATE,"[{""file"":""/home/jan/development/ProsperOrPerishConstructor/mod/Prosper or Perish (Population Growth & Food Rework)/in_game/common/building_types/zz_pp_farming_village_husbandry_farmstead.txt"",""layer_id"":""constructor"",""layer_name"":""Prosper or Perish Constructor"",""line"":2,""mod_name"":""Prosper or Perish Constructor"",""mode"":""CREATE""}]"
pp_husbandry_farmstead_rice,building_maintenance,rice,0.64,"[""livestock"",""clay"",""lumber"",""tools""]","[0.12,0.24,0.055,0.025]",false,,,inline,husbandry_farmstead,husbandry_farmstead:unique_production_methods:1,1,0.0,0.64,0.64,0.4775,0.16250000000000003,34.03141361256545,[],1.0,0.64,/home/jan/development/ProsperOrPerishConstructor/mod/Prosper or Perish (Population Growth & Food Rework)/in_game/common/building_types/zz_pp_farming_village_husbandry_farmstead.txt,2,constructor,Prosper or Perish Constructor,CREATE,"[{""file"":""/home/jan/development/ProsperOrPerishConstructor/mod/Prosper or Perish (Population Growth & Food Rework)/in_game/common/building_types/zz_pp_farming_village_husbandry_farmstead.txt"",""layer_id"":""constructor"",""layer_name"":""Prosper or Perish Constructor"",""line"":2,""mod_name"":""Prosper or Perish Constructor"",""mode"":""CREATE""}]"
pp_husbandry_farmstead_legumes,building_maintenance,legumes,0.59,"[""horses"",""livestock"",""fiber_crops"",""pottery""]","[0.04,0.055,0.075,0.065]",false,,,inline,husbandry_farmstead,husbandry_farmstead:unique_production_methods:1,1,0.0,0.59,0.59,0.41750000000000004,0.17249999999999993,41.31736526946106,[],1.0,0.59,/home/jan/development/ProsperOrPerishConstructor/mod/Prosper or Perish (Population Growth & Food Rework)/in_game/common/building_types/zz_pp_farming_village_husbandry_farmstead.txt,2,constructor,Prosper or Perish Constructor,CREATE,"[{""file"":""/home/jan/development/ProsperOrPerishConstructor/mod/Prosper or Perish (Population Growth & Food Rework)/in_game/common/building_types/zz_pp_farming_village_husbandry_farmstead.txt"",""layer_id"":""constructor"",""layer_name"":""Prosper or Perish Constructor"",""line"":2,""mod_name"":""Prosper or Perish Constructor"",""mode"":""CREATE""}]"
pp_husbandry_farmstead_potato,building_maintenance,potato,0.65,"[""livestock"",""clay"",""fiber_crops"",""tools""]","[0.105,0.22,0.07,0.023]",false,,,inline,husbandry_farmstead,husbandry_farmstead:unique_production_methods:1,1,0.0,0.65,0.65,0.48225,0.16775,34.78486262312079,[],1.0,0.65,/home/jan/development/ProsperOrPerishConstructor/mod/Prosper or Perish (Population Growth & Food Rework)/in_game/common/building_types/zz_pp_farming_village_husbandry_farmstead.txt,2,constructor,Prosper or Perish Constructor,CREATE,"[{""file"":""/home/jan/development/ProsperOrPerishConstructor/mod/Prosper or Perish (Population Growth & Food Rework)/in_game/common/building_types/zz_pp_farming_village_husbandry_farmstead.txt"",""layer_id"":""constructor"",""layer_name"":""Prosper or Perish Constructor"",""line"":2,""mod_name"":""Prosper or Perish Constructor"",""mode"":""CREATE""}]"
pp_husbandry_farmstead_olives,building_maintenance,olives,0.59,"[""livestock"",""tools"",""lumber"",""pottery""]","[0.085,0.035,0.055,0.1]",false,,,inline,husbandry_farmstead,husbandry_farmstead:unique_production_methods:1,1,0.0,0.59,0.59,0.4375,0.15249999999999997,34.85714285714285,[],1.0,0.59,/home/jan/development/ProsperOrPerishConstructor/mod/Prosper or Perish (Population Growth & Food Rework)/in_game/common/building_types/zz_pp_farming_village_husbandry_farmstead.txt,2,constructor,Prosper or Perish Constructor,CREATE,"[{""file"":""/home/jan/development/ProsperOrPerishConstructor/mod/Prosper or Perish (Population Growth & Food Rework)/in_game/common/building_types/zz_pp_farming_village_husbandry_farmstead.txt"",""layer_id"":""constructor"",""layer_name"":""Prosper or Perish Constructor"",""line"":2,""mod_name"":""Prosper or Perish Constructor"",""mode"":""CREATE""}]"
pp_husbandry_farmstead_no_beeswax,building_maintenance,,,[],[],false,,,inline,husbandry_farmstead,husbandry_farmstead:unique_production_methods:2,2,0.0,,0.0,0.0,0.0,,[],1.0,,/home/jan/development/ProsperOrPerishConstructor/mod/Prosper or Perish (Population Growth & Food Rework)/in_game/common/building_types/zz_pp_farming_village_husbandry_farmstead.txt,2,constructor,Prosper or Perish Constructor,CREATE,"[{""file"":""/home/jan/development/ProsperOrPerishConstructor/mod/Prosper or Perish (Population Growth & Food Rework)/in_game/common/building_types/zz_pp_farming_village_husbandry_farmstead.txt"",""layer_id"":""constructor"",""layer_name"":""Prosper or Perish Constructor"",""line"":2,""mod_name"":""Prosper or Perish Constructor"",""mode"":""CREATE""}]"
pp_husbandry_farmstead_yard_hives,building_maintenance,beeswax,0.12,"[""fiber_crops"",""pottery""]","[0.025,0.012]",false,,,inline,husbandry_farmstead,husbandry_farmstead:unique_production_methods:2,2,0.0,0.12,0.24,0.062,0.178,287.09677419354836,[],1.0,0.12,/home/jan/development/ProsperOrPerishConstructor/mod/Prosper or Perish (Population Growth & Food Rework)/in_game/common/building_types/zz_pp_farming_village_husbandry_farmstead.txt,2,constructor,Prosper or Perish Constructor,CREATE,"[{""file"":""/home/jan/development/ProsperOrPerishConstructor/mod/Prosper or Perish (Population Growth & Food Rework)/in_game/common/building_types/zz_pp_farming_village_husbandry_farmstead.txt"",""layer_id"":""constructor"",""layer_name"":""Prosper or Perish Constructor"",""line"":2,""mod_name"":""Prosper or Perish Constructor"",""mode"":""CREATE""}]"
pp_husbandry_farmstead_no_worker_victuals,building_maintenance,,,[],[],false,,,inline,husbandry_farmstead,husbandry_farmstead:unique_production_methods:3,3,0.0,,0.0,0.0,0.0,,[],1.0,,/home/jan/development/ProsperOrPerishConstructor/mod/Prosper or Perish (Population Growth & Food Rework)/in_game/common/building_types/zz_pp_farming_village_husbandry_farmstead.txt,2,constructor,Prosper or Perish Constructor,CREATE,"[{""file"":""/home/jan/development/ProsperOrPerishConstructor/mod/Prosper or Perish (Population Growth & Food Rework)/in_game/common/building_types/zz_pp_farming_village_husbandry_farmstead.txt"",""layer_id"":""constructor"",""layer_name"":""Prosper or Perish Constructor"",""line"":2,""mod_name"":""Prosper or Perish Constructor"",""mode"":""CREATE""}]"
pp_husbandry_farmstead_worker_victuals,building_maintenance,victuals,0.033,[],[],false,,,inline,husbandry_farmstead,husbandry_farmstead:unique_production_methods:3,3,0.0,0.033,0.099,0.0,0.099,,[],1.0,0.033,/home/jan/development/ProsperOrPerishConstructor/mod/Prosper or Perish (Population Growth & Food Rework)/in_game/common/building_types/zz_pp_farming_village_husbandry_farmstead.txt,2,constructor,Prosper or Perish Constructor,CREATE,"[{""file"":""/home/jan/development/ProsperOrPerishConstructor/mod/Prosper or Perish (Population Growth & Food Rework)/in_game/common/building_types/zz_pp_farming_village_husbandry_farmstead.txt"",""layer_id"":""constructor"",""layer_name"":""Prosper or Perish Constructor"",""line"":2,""mod_name"":""Prosper or Perish Constructor"",""mode"":""CREATE""}]"
pp_farming_village_rotations_base_livestock,building_maintenance,livestock,0.07,[],[],false,,,inline,farming_village_rotations,farming_village_rotations:unique_production_methods:0,0,0.0,0.07,0.10500000000000001,0.0,0.10500000000000001,,[],1.0,0.07,/home/jan/development/ProsperOrPerishConstructor/mod/Prosper or Perish (Population Growth & Food Rework)/in_game/common/building_types/zz_pp_farming_village_rotations.txt,2,constructor,Prosper or Perish Constructor,CREATE,"[{""file"":""/home/jan/development/ProsperOrPerishConstructor/mod/Prosper or Perish (Population Growth & Food Rework)/in_game/common/building_types/zz_pp_farming_village_rotations.txt"",""layer_id"":""constructor"",""layer_name"":""Prosper or Perish Constructor"",""line"":2,""mod_name"":""Prosper or Perish Constructor"",""mode"":""CREATE""}]"
pp_farming_village_rotations_base_millet,building_maintenance,millet,0.07,[],[],false,,,inline,farming_village_rotations,farming_village_rotations:unique_production_methods:0,0,0.0,0.07,0.07,0.0,0.07,,[],1.0,0.07,/home/jan/development/ProsperOrPerishConstructor/mod/Prosper or Perish (Population Growth & Food Rework)/in_game/common/building_types/zz_pp_farming_village_rotations.txt,2,constructor,Prosper or Perish Constructor,CREATE,"[{""file"":""/home/jan/development/ProsperOrPerishConstructor/mod/Prosper or Perish (Population Growth & Food Rework)/in_game/common/building_types/zz_pp_farming_village_rotations.txt"",""layer_id"":""constructor"",""layer_name"":""Prosper or Perish Constructor"",""line"":2,""mod_name"":""Prosper or Perish Constructor"",""mode"":""CREATE""}]"
pp_farming_village_rotations_base_wheat,building_maintenance,wheat,0.07,[],[],false,,,inline,farming_village_rotations,farming_village_rotations:unique_production_methods:0,0,0.0,0.07,0.07,0.0,0.07,,[],1.0,0.07,/home/jan/development/ProsperOrPerishConstructor/mod/Prosper or Perish (Population Growth & Food Rework)/in_game/common/building_types/zz_pp_farming_village_rotations.txt,2,constructor,Prosper or Perish Constructor,CREATE,"[{""file"":""/home/jan/development/ProsperOrPerishConstructor/mod/Prosper or Perish (Population Growth & Food Rework)/in_game/common/building_types/zz_pp_farming_village_rotations.txt"",""layer_id"":""constructor"",""layer_name"":""Prosper or Perish Constructor"",""line"":2,""mod_name"":""Prosper or Perish Constructor"",""mode"":""CREATE""}]"
pp_farming_village_rotations_base_maize,building_maintenance,maize,0.07,[],[],false,,,inline,farming_village_rotations,farming_village_rotations:unique_production_methods:0,0,0.0,0.07,0.07,0.0,0.07,,[],1.0,0.07,/home/jan/development/ProsperOrPerishConstructor/mod/Prosper or Perish (Population Growth & Food Rework)/in_game/common/building_types/zz_pp_farming_village_rotations.txt,2,constructor,Prosper or Perish Constructor,CREATE,"[{""file"":""/home/jan/development/ProsperOrPerishConstructor/mod/Prosper or Perish (Population Growth & Food Rework)/in_game/common/building_types/zz_pp_farming_village_rotations.txt"",""layer_id"":""constructor"",""layer_name"":""Prosper or Perish Constructor"",""line"":2,""mod_name"":""Prosper or Perish Constructor"",""mode"":""CREATE""}]"
pp_farming_village_rotations_base_rice,building_maintenance,rice,0.07,[],[],false,,,inline,farming_village_rotations,farming_village_rotations:unique_production_methods:0,0,0.0,0.07,0.07,0.0,0.07,,[],1.0,0.07,/home/jan/development/ProsperOrPerishConstructor/mod/Prosper or Perish (Population Growth & Food Rework)/in_game/common/building_types/zz_pp_farming_village_rotations.txt,2,constructor,Prosper or Perish Constructor,CREATE,"[{""file"":""/home/jan/development/ProsperOrPerishConstructor/mod/Prosper or Perish (Population Growth & Food Rework)/in_game/common/building_types/zz_pp_farming_village_rotations.txt"",""layer_id"":""constructor"",""layer_name"":""Prosper or Perish Constructor"",""line"":2,""mod_name"":""Prosper or Perish Constructor"",""mode"":""CREATE""}]"
pp_farming_village_rotations_base_legumes,building_maintenance,legumes,0.07,[],[],false,,,inline,farming_village_rotations,farming_village_rotations:unique_production_methods:0,0,0.0,0.07,0.07,0.0,0.07,,[],1.0,0.07,/home/jan/development/ProsperOrPerishConstructor/mod/Prosper or Perish (Population Growth & Food Rework)/in_game/common/building_types/zz_pp_farming_village_rotations.txt,2,constructor,Prosper or Perish Constructor,CREATE,"[{""file"":""/home/jan/development/ProsperOrPerishConstructor/mod/Prosper or Perish (Population Growth & Food Rework)/in_game/common/building_types/zz_pp_farming_village_rotations.txt"",""layer_id"":""constructor"",""layer_name"":""Prosper or Perish Constructor"",""line"":2,""mod_name"":""Prosper or Perish Constructor"",""mode"":""CREATE""}]"
pp_farming_village_rotations_base_potato,building_maintenance,potato,0.07,[],[],false,,,inline,farming_village_rotations,farming_village_rotations:unique_production_methods:0,0,0.0,0.07,0.07,0.0,0.07,,[],1.0,0.07,/home/jan/development/ProsperOrPerishConstructor/mod/Prosper or Perish (Population Growth & Food Rework)/in_game/common/building_types/zz_pp_farming_village_rotations.txt,2,constructor,Prosper or Perish Constructor,CREATE,"[{""file"":""/home/jan/development/ProsperOrPerishConstructor/mod/Prosper or Perish (Population Growth & Food Rework)/in_game/common/building_types/zz_pp_farming_village_rotations.txt"",""layer_id"":""constructor"",""layer_name"":""Prosper or Perish Constructor"",""line"":2,""mod_name"":""Prosper or Perish Constructor"",""mode"":""CREATE""}]"
pp_farming_village_rotations_base_olives,building_maintenance,olives,0.07,[],[],false,,,inline,farming_village_rotations,farming_village_rotations:unique_production_methods:0,0,0.0,0.07,0.07,0.0,0.07,,[],1.0,0.07,/home/jan/development/ProsperOrPerishConstructor/mod/Prosper or Perish (Population Growth & Food Rework)/in_game/common/building_types/zz_pp_farming_village_rotations.txt,2,constructor,Prosper or Perish Constructor,CREATE,"[{""file"":""/home/jan/development/ProsperOrPerishConstructor/mod/Prosper or Perish (Population Growth & Food Rework)/in_game/common/building_types/zz_pp_farming_village_rotations.txt"",""layer_id"":""constructor"",""layer_name"":""Prosper or Perish Constructor"",""line"":2,""mod_name"":""Prosper or Perish Constructor"",""mode"":""CREATE""}]"
pp_farming_village_rotations_no_primary,building_maintenance,,,[],[],false,,,inline,farming_village_rotations,farming_village_rotations:unique_production_methods:1,1,0.0,,0.0,0.0,0.0,,[],1.0,,/home/jan/development/ProsperOrPerishConstructor/mod/Prosper or Perish (Population Growth & Food Rework)/in_game/common/building_types/zz_pp_farming_village_rotations.txt,2,constructor,Prosper or Perish Constructor,CREATE,"[{""file"":""/home/jan/development/ProsperOrPerishConstructor/mod/Prosper or Perish (Population Growth & Food Rework)/in_game/common/building_types/zz_pp_farming_village_rotations.txt"",""layer_id"":""constructor"",""layer_name"":""Prosper or Perish Constructor"",""line"":2,""mod_name"":""Prosper or Perish Constructor"",""mode"":""CREATE""}]"
pp_farming_village_rotations_livestock,building_maintenance,livestock,0.97,"[""tools"",""horses"",""legumes"",""lumber""]","[0.17,0.14,0.29,0.1]",false,,,inline,farming_village_rotations,farming_village_rotations:unique_production_methods:1,1,0.0,0.97,1.455,1.4375,0.01750000000000007,1.217391304347831,[],1.0,0.97,/home/jan/development/ProsperOrPerishConstructor/mod/Prosper or Perish (Population Growth & Food Rework)/in_game/common/building_types/zz_pp_farming_village_rotations.txt,2,constructor,Prosper or Perish Constructor,CREATE,"[{""file"":""/home/jan/development/ProsperOrPerishConstructor/mod/Prosper or Perish (Population Growth & Food Rework)/in_game/common/building_types/zz_pp_farming_village_rotations.txt"",""layer_id"":""constructor"",""layer_name"":""Prosper or Perish Constructor"",""line"":2,""mod_name"":""Prosper or Perish Constructor"",""mode"":""CREATE""}]"
pp_farming_village_rotations_millet,building_maintenance,millet,1.54,"[""tools"",""horses"",""livestock"",""fiber_crops""]","[0.21,0.17,0.11,0.07]",false,,,inline,farming_village_rotations,farming_village_rotations:unique_production_methods:1,1,0.0,1.54,1.54,1.4975,0.04249999999999998,2.8380634390651074,[],1.0,1.54,/home/jan/development/ProsperOrPerishConstructor/mod/Prosper or Perish (Population Growth & Food Rework)/in_game/common/building_types/zz_pp_farming_village_rotations.txt,2,constructor,Prosper or Perish Constructor,CREATE,"[{""file"":""/home/jan/development/ProsperOrPerishConstructor/mod/Prosper or Perish (Population Growth & Food Rework)/in_game/common/building_types/zz_pp_farming_village_rotations.txt"",""layer_id"":""constructor"",""layer_name"":""Prosper or Perish Constructor"",""line"":2,""mod_name"":""Prosper or Perish Constructor"",""mode"":""CREATE""}]"
pp_farming_village_rotations_wheat,building_maintenance,wheat,1.54,"[""tools"",""horses"",""legumes"",""lumber""]","[0.21,0.17,0.24,0.04]",false,,,inline,farming_village_rotations,farming_village_rotations:unique_production_methods:1,1,0.0,1.54,1.54,1.5025,0.03750000000000009,2.495840266222968,[],1.0,1.54,/home/jan/development/ProsperOrPerishConstructor/mod/Prosper or Perish (Population Growth & Food Rework)/in_game/common/building_types/zz_pp_farming_village_rotations.txt,2,constructor,Prosper or Perish Constructor,CREATE,"[{""file"":""/home/jan/development/ProsperOrPerishConstructor/mod/Prosper or Perish (Population Growth & Food Rework)/in_game/common/building_types/zz_pp_farming_village_rotations.txt"",""layer_id"":""constructor"",""layer_name"":""Prosper or Perish Constructor"",""line"":2,""mod_name"":""Prosper or Perish Constructor"",""mode"":""CREATE""}]"
pp_farming_village_rotations_maize,building_maintenance,maize,1.54,"[""tools"",""livestock"",""lumber"",""fiber_crops""]","[0.21,0.24,0.12,0.14]",false,,,inline,farming_village_rotations,farming_village_rotations:unique_production_methods:1,1,0.0,1.54,1.54,1.5325,0.007500000000000062,0.48939641109298937,[],1.0,1.54,/home/jan/development/ProsperOrPerishConstructor/mod/Prosper or Perish (Population Growth & Food Rework)/in_game/common/building_types/zz_pp_farming_village_rotations.txt,2,constructor,Prosper or Perish Constructor,CREATE,"[{""file"":""/home/jan/development/ProsperOrPerishConstructor/mod/Prosper or Perish (Population Growth & Food Rework)/in_game/common/building_types/zz_pp_farming_village_rotations.txt"",""layer_id"":""constructor"",""layer_name"":""Prosper or Perish Constructor"",""line"":2,""mod_name"":""Prosper or Perish Constructor"",""mode"":""CREATE""}]"
pp_farming_village_rotations_rice,building_maintenance,rice,1.54,"[""tools"",""livestock"",""lumber"",""clay""]","[0.21,0.26,0.12,0.43]",false,,,inline,farming_village_rotations,farming_village_rotations:unique_production_methods:1,1,0.0,1.54,1.54,1.4975,0.04249999999999998,2.8380634390651074,[],1.0,1.54,/home/jan/development/ProsperOrPerishConstructor/mod/Prosper or Perish (Population Growth & Food Rework)/in_game/common/building_types/zz_pp_farming_village_rotations.txt,2,constructor,Prosper or Perish Constructor,CREATE,"[{""file"":""/home/jan/development/ProsperOrPerishConstructor/mod/Prosper or Perish (Population Growth & Food Rework)/in_game/common/building_types/zz_pp_farming_village_rotations.txt"",""layer_id"":""constructor"",""layer_name"":""Prosper or Perish Constructor"",""line"":2,""mod_name"":""Prosper or Perish Constructor"",""mode"":""CREATE""}]"
pp_farming_village_rotations_legumes,building_maintenance,legumes,1.56,"[""tools"",""horses"",""livestock"",""cloth""]","[0.21,0.17,0.11,0.05]",false,,,inline,farming_village_rotations,farming_village_rotations:unique_production_methods:1,1,0.0,1.56,1.56,1.5074999999999998,0.05250000000000021,3.4825870646766317,[],1.0,1.56,/home/jan/development/ProsperOrPerishConstructor/mod/Prosper or Perish (Population Growth & Food Rework)/in_game/common/building_types/zz_pp_farming_village_rotations.txt,2,constructor,Prosper or Perish Constructor,CREATE,"[{""file"":""/home/jan/development/ProsperOrPerishConstructor/mod/Prosper or Perish (Population Growth & Food Rework)/in_game/common/building_types/zz_pp_farming_village_rotations.txt"",""layer_id"":""constructor"",""layer_name"":""Prosper or Perish Constructor"",""line"":2,""mod_name"":""Prosper or Perish Constructor"",""mode"":""CREATE""}]"
pp_farming_village_rotations_potato,building_maintenance,potato,1.56,"[""tools"",""livestock"",""clay"",""cloth""]","[0.21,0.26,0.29,0.1]",false,,,inline,farming_village_rotations,farming_village_rotations:unique_production_methods:1,1,0.0,1.56,1.56,1.5175,0.04249999999999998,2.800658978583195,[],1.0,1.56,/home/jan/development/ProsperOrPerishConstructor/mod/Prosper or Perish (Population Growth & Food Rework)/in_game/common/building_types/zz_pp_farming_village_rotations.txt,2,constructor,Prosper or Perish Constructor,CREATE,"[{""file"":""/home/jan/development/ProsperOrPerishConstructor/mod/Prosper or Perish (Population Growth & Food Rework)/in_game/common/building_types/zz_pp_farming_village_rotations.txt"",""layer_id"":""constructor"",""layer_name"":""Prosper or Perish Constructor"",""line"":2,""mod_name"":""Prosper or Perish Constructor"",""mode"":""CREATE""}]"
pp_farming_village_rotations_olives,building_maintenance,olives,1.54,"[""tools"",""livestock"",""lumber"",""pottery""]","[0.21,0.26,0.12,0.14]",false,,,inline,farming_village_rotations,farming_village_rotations:unique_production_methods:1,1,0.0,1.54,1.54,1.4224999999999999,0.11750000000000016,8.26010544815467,[],1.0,1.54,/home/jan/development/ProsperOrPerishConstructor/mod/Prosper or Perish (Population Growth & Food Rework)/in_game/common/building_types/zz_pp_farming_village_rotations.txt,2,constructor,Prosper or Perish Constructor,CREATE,"[{""file"":""/home/jan/development/ProsperOrPerishConstructor/mod/Prosper or Perish (Population Growth & Food Rework)/in_game/common/building_types/zz_pp_farming_village_rotations.txt"",""layer_id"":""constructor"",""layer_name"":""Prosper or Perish Constructor"",""line"":2,""mod_name"":""Prosper or Perish Constructor"",""mode"":""CREATE""}]"
pp_farming_village_rotations_no_beeswax,building_maintenance,,,[],[],false,,,inline,farming_village_rotations,farming_village_rotations:unique_production_methods:2,2,0.0,,0.0,0.0,0.0,,[],1.0,,/home/jan/development/ProsperOrPerishConstructor/mod/Prosper or Perish (Population Growth & Food Rework)/in_game/common/building_types/zz_pp_farming_village_rotations.txt,2,constructor,Prosper or Perish Constructor,CREATE,"[{""file"":""/home/jan/development/ProsperOrPerishConstructor/mod/Prosper or Perish (Population Growth & Food Rework)/in_game/common/building_types/zz_pp_farming_village_rotations.txt"",""layer_id"":""constructor"",""layer_name"":""Prosper or Perish Constructor"",""line"":2,""mod_name"":""Prosper or Perish Constructor"",""mode"":""CREATE""}]"
pp_farming_village_rotations_hedgerow_hives,building_maintenance,beeswax,0.31,"[""tools"",""lumber"",""fiber_crops"",""pottery""]","[0.04,0.1,0.08,0.05]",false,,,inline,farming_village_rotations,farming_village_rotations:unique_production_methods:2,2,0.0,0.31,0.62,0.5150000000000001,0.10499999999999987,20.388349514563075,[],1.0,0.31,/home/jan/development/ProsperOrPerishConstructor/mod/Prosper or Perish (Population Growth & Food Rework)/in_game/common/building_types/zz_pp_farming_village_rotations.txt,2,constructor,Prosper or Perish Constructor,CREATE,"[{""file"":""/home/jan/development/ProsperOrPerishConstructor/mod/Prosper or Perish (Population Growth & Food Rework)/in_game/common/building_types/zz_pp_farming_village_rotations.txt"",""layer_id"":""constructor"",""layer_name"":""Prosper or Perish Constructor"",""line"":2,""mod_name"":""Prosper or Perish Constructor"",""mode"":""CREATE""}]"
pp_farming_village_rotations_no_worker_victuals,building_maintenance,,,[],[],false,,,inline,farming_village_rotations,farming_village_rotations:unique_production_methods:3,3,0.0,,0.0,0.0,0.0,,[],1.0,,/home/jan/development/ProsperOrPerishConstructor/mod/Prosper or Perish (Population Growth & Food Rework)/in_game/common/building_types/zz_pp_farming_village_rotations.txt,2,constructor,Prosper or Perish Constructor,CREATE,"[{""file"":""/home/jan/development/ProsperOrPerishConstructor/mod/Prosper or Perish (Population Growth & Food Rework)/in_game/common/building_types/zz_pp_farming_village_rotations.txt"",""layer_id"":""constructor"",""layer_name"":""Prosper or Perish Constructor"",""line"":2,""mod_name"":""Prosper or Perish Constructor"",""mode"":""CREATE""}]"
pp_farming_village_rotations_worker_victuals,building_maintenance,victuals,0.033,[],[],false,,,inline,farming_village_rotations,farming_village_rotations:unique_production_methods:3,3,0.0,0.033,0.099,0.0,0.099,,[],1.0,0.033,/home/jan/development/ProsperOrPerishConstructor/mod/Prosper or Perish (Population Growth & Food Rework)/in_game/common/building_types/zz_pp_farming_village_rotations.txt,2,constructor,Prosper or Perish Constructor,CREATE,"[{""file"":""/home/jan/development/ProsperOrPerishConstructor/mod/Prosper or Perish (Population Growth & Food Rework)/in_game/common/building_types/zz_pp_farming_village_rotations.txt"",""layer_id"":""constructor"",""layer_name"":""Prosper or Perish Constructor"",""line"":2,""mod_name"":""Prosper or Perish Constructor"",""mode"":""CREATE""}]"
pp_fiber_dressing_yard_base_fiber_crops,building_maintenance,fiber_crops,0.105,[],[],false,,,inline,fiber_dressing_yard,fiber_dressing_yard:unique_production_methods:0,0,0.0,0.105,0.21,0.0,0.21,,[],1.0,0.105,/home/jan/development/ProsperOrPerishConstructor/mod/Prosper or Perish (Population Growth & Food Rework)/in_game/common/building_types/zz_pp_fiber_dressing_yard.txt,2,constructor,Prosper or Perish Constructor,CREATE,"[{""file"":""/home/jan/development/ProsperOrPerishConstructor/mod/Prosper or Perish (Population Growth & Food Rework)/in_game/common/building_types/zz_pp_fiber_dressing_yard.txt"",""layer_id"":""constructor"",""layer_name"":""Prosper or Perish Constructor"",""line"":2,""mod_name"":""Prosper or Perish Constructor"",""mode"":""CREATE""}]"
pp_fiber_dressing_yard_no_dressing,building_maintenance,,,[],[],false,,,inline,fiber_dressing_yard,fiber_dressing_yard:unique_production_methods:1,1,0.0,,0.0,0.0,0.0,,[],1.0,,/home/jan/development/ProsperOrPerishConstructor/mod/Prosper or Perish (Population Growth & Food Rework)/in_game/common/building_types/zz_pp_fiber_dressing_yard.txt,2,constructor,Prosper or Perish Constructor,CREATE,"[{""file"":""/home/jan/development/ProsperOrPerishConstructor/mod/Prosper or Perish (Population Growth & Food Rework)/in_game/common/building_types/zz_pp_fiber_dressing_yard.txt"",""layer_id"":""constructor"",""layer_name"":""Prosper or Perish Constructor"",""line"":2,""mod_name"":""Prosper or Perish Constructor"",""mode"":""CREATE""}]"
pp_fiber_dressing_yard_retting_pits,building_maintenance,fiber_crops,0.57,"[""livestock"",""legumes"",""clay"",""coal""]","[0.24,0.24,0.4,0.2]",false,,,inline,fiber_dressing_yard,fiber_dressing_yard:unique_production_methods:1,1,0.0,0.57,1.14,1.2000000000000002,-0.060000000000000275,-5.000000000000022,[],1.0,0.57,/home/jan/development/ProsperOrPerishConstructor/mod/Prosper or Perish (Population Growth & Food Rework)/in_game/common/building_types/zz_pp_fiber_dressing_yard.txt,2,constructor,Prosper or Perish Constructor,CREATE,"[{""file"":""/home/jan/development/ProsperOrPerishConstructor/mod/Prosper or Perish (Population Growth & Food Rework)/in_game/common/building_types/zz_pp_fiber_dressing_yard.txt"",""layer_id"":""constructor"",""layer_name"":""Prosper or Perish Constructor"",""line"":2,""mod_name"":""Prosper or Perish Constructor"",""mode"":""CREATE""}]"
pp_field_management_maintenance,building_maintenance,,,"[""manual_labor_cost"",""livestock""]","[0.018,0.005]",false,,,inline,field_management,field_management:unique_production_methods:0,0,0.0,,0.0,0.0975,-0.0975,-100.0,[],0.05,,/home/jan/development/ProsperOrPerishConstructor/mod/Prosper or Perish (Population Growth & Food Rework)/in_game/common/building_types/zz_pp_field_management.txt,2,constructor,Prosper or Perish Constructor,CREATE,"[{""file"":""/home/jan/development/ProsperOrPerishConstructor/mod/Prosper or Perish (Population Growth & Food Rework)/in_game/common/building_types/zz_pp_field_management.txt"",""layer_id"":""constructor"",""layer_name"":""Prosper or Perish Constructor"",""line"":2,""mod_name"":""Prosper or Perish Constructor"",""mode"":""CREATE""}]"
pp_field_management_folding,building_maintenance,,,"[""livestock"",""manual_labor_cost""]","[0.03,0.01]",false,,,inline,field_management,field_management:unique_production_methods:0,0,0.0,,0.0,0.095,-0.095,-100.0,[],0.05,,/home/jan/development/ProsperOrPerishConstructor/mod/Prosper or Perish (Population Growth & Food Rework)/in_game/common/building_types/zz_pp_field_management.txt,2,constructor,Prosper or Perish Constructor,CREATE,"[{""file"":""/home/jan/development/ProsperOrPerishConstructor/mod/Prosper or Perish (Population Growth & Food Rework)/in_game/common/building_types/zz_pp_field_management.txt"",""layer_id"":""constructor"",""layer_name"":""Prosper or Perish Constructor"",""line"":2,""mod_name"":""Prosper or Perish Constructor"",""mode"":""CREATE""}]"
pp_field_management_marling,building_maintenance,,,"[""stone"",""manual_labor_cost""]","[0.025,0.014]",false,,,inline,field_management,field_management:unique_production_methods:0,0,0.0,,0.0,0.095,-0.095,-100.0,[],0.05,,/home/jan/development/ProsperOrPerishConstructor/mod/Prosper or Perish (Population Growth & Food Rework)/in_game/common/building_types/zz_pp_field_management.txt,2,constructor,Prosper or Perish Constructor,CREATE,"[{""file"":""/home/jan/development/ProsperOrPerishConstructor/mod/Prosper or Perish (Population Growth & Food Rework)/in_game/common/building_types/zz_pp_field_management.txt"",""layer_id"":""constructor"",""layer_name"":""Prosper or Perish Constructor"",""line"":2,""mod_name"":""Prosper or Perish Constructor"",""mode"":""CREATE""}]"
pp_field_management_convertible_leys,building_maintenance,,,"[""legumes"",""livestock"",""manual_labor_cost""]","[0.04,0.02,0.012]",false,,,inline,field_management_convertible,field_management_convertible:unique_production_methods:0,0,0.0,,0.0,0.13,-0.13,-100.0,[],0.075,,/home/jan/development/ProsperOrPerishConstructor/mod/Prosper or Perish (Population Growth & Food Rework)/in_game/common/building_types/zz_pp_field_management_convertible.txt,2,constructor,Prosper or Perish Constructor,CREATE,"[{""file"":""/home/jan/development/ProsperOrPerishConstructor/mod/Prosper or Perish (Population Growth & Food Rework)/in_game/common/building_types/zz_pp_field_management_convertible.txt"",""layer_id"":""constructor"",""layer_name"":""Prosper or Perish Constructor"",""line"":2,""mod_name"":""Prosper or Perish Constructor"",""mode"":""CREATE""}]"
pp_field_management_convertible_stall_manure,building_maintenance,,,"[""livestock"",""manual_labor_cost""]","[0.05,0.01]",false,,,inline,field_management_convertible,field_management_convertible:unique_production_methods:0,0,0.0,,0.0,0.125,-0.125,-100.0,[],0.075,,/home/jan/development/ProsperOrPerishConstructor/mod/Prosper or Perish (Population Growth & Food Rework)/in_game/common/building_types/zz_pp_field_management_convertible.txt,2,constructor,Prosper or Perish Constructor,CREATE,"[{""file"":""/home/jan/development/ProsperOrPerishConstructor/mod/Prosper or Perish (Population Growth & Food Rework)/in_game/common/building_types/zz_pp_field_management_convertible.txt"",""layer_id"":""constructor"",""layer_name"":""Prosper or Perish Constructor"",""line"":2,""mod_name"":""Prosper or Perish Constructor"",""mode"":""CREATE""}]"
pp_field_management_convertible_marling,building_maintenance,,,"[""stone"",""tools"",""manual_labor_cost""]","[0.05,0.01,0.01]",false,,,inline,field_management_convertible,field_management_convertible:unique_production_methods:0,0,0.0,,0.0,0.1325,-0.1325,-100.0,[],0.075,,/home/jan/development/ProsperOrPerishConstructor/mod/Prosper or Perish (Population Growth & Food Rework)/in_game/common/building_types/zz_pp_field_management_convertible.txt,2,constructor,Prosper or Perish Constructor,CREATE,"[{""file"":""/home/jan/development/ProsperOrPerishConstructor/mod/Prosper or Perish (Population Growth & Food Rework)/in_game/common/building_types/zz_pp_field_management_convertible.txt"",""layer_id"":""constructor"",""layer_name"":""Prosper or Perish Constructor"",""line"":2,""mod_name"":""Prosper or Perish Constructor"",""mode"":""CREATE""}]"
pp_field_management_improved_four_course,building_maintenance,,,"[""legumes"",""livestock"",""tools"",""manual_labor_cost""]","[0.04,0.02,0.015,0.006]",false,,,inline,field_management_improved,field_management_improved:unique_production_methods:0,0,0.0,,0.0,0.14875,-0.14875,-100.0,[],0.1,,/home/jan/development/ProsperOrPerishConstructor/mod/Prosper or Perish (Population Growth & Food Rework)/in_game/common/building_types/zz_pp_field_management_improved.txt,2,constructor,Prosper or Perish Constructor,CREATE,"[{""file"":""/home/jan/development/ProsperOrPerishConstructor/mod/Prosper or Perish (Population Growth & Food Rework)/in_game/common/building_types/zz_pp_field_management_improved.txt"",""layer_id"":""constructor"",""layer_name"":""Prosper or Perish Constructor"",""line"":2,""mod_name"":""Prosper or Perish Constructor"",""mode"":""CREATE""}]"
pp_field_management_improved_drill,building_maintenance,,,"[""tools"",""horses"",""manual_labor_cost""]","[0.022,0.015,0.006]",false,,,inline,field_management_improved,field_management_improved:unique_production_methods:0,0,0.0,,0.0,0.1465,-0.1465,-100.0,[],0.1,,/home/jan/development/ProsperOrPerishConstructor/mod/Prosper or Perish (Population Growth & Food Rework)/in_game/common/building_types/zz_pp_field_management_improved.txt,2,constructor,Prosper or Perish Constructor,CREATE,"[{""file"":""/home/jan/development/ProsperOrPerishConstructor/mod/Prosper or Perish (Population Growth & Food Rework)/in_game/common/building_types/zz_pp_field_management_improved.txt"",""layer_id"":""constructor"",""layer_name"":""Prosper or Perish Constructor"",""line"":2,""mod_name"":""Prosper or Perish Constructor"",""mode"":""CREATE""}]"
pp_field_management_improved_liming,building_maintenance,,,"[""stone"",""tools"",""manual_labor_cost""]","[0.06,0.015,0.008]",false,,,inline,field_management_improved,field_management_improved:unique_production_methods:0,0,0.0,,0.0,0.14875,-0.14875,-100.0,[],0.1,,/home/jan/development/ProsperOrPerishConstructor/mod/Prosper or Perish (Population Growth & Food Rework)/in_game/common/building_types/zz_pp_field_management_improved.txt,2,constructor,Prosper or Perish Constructor,CREATE,"[{""file"":""/home/jan/development/ProsperOrPerishConstructor/mod/Prosper or Perish (Population Growth & Food Rework)/in_game/common/building_types/zz_pp_field_management_improved.txt"",""layer_id"":""constructor"",""layer_name"":""Prosper or Perish Constructor"",""line"":2,""mod_name"":""Prosper or Perish Constructor"",""mode"":""CREATE""}]"
pp_gem_gravel_pit_base_gems,building_maintenance,gems,0.07,[],[],false,,,inline,gem_gravel_pit,gem_gravel_pit:unique_production_methods:0,0,0.0,0.07,0.28,0.0,0.28,,[],1.0,0.07,/home/jan/development/ProsperOrPerishConstructor/mod/Prosper or Perish (Population Growth & Food Rework)/in_game/common/building_types/zz_pp_gem_gravel_pit.txt,2,constructor,Prosper or Perish Constructor,CREATE,"[{""file"":""/home/jan/development/ProsperOrPerishConstructor/mod/Prosper or Perish (Population Growth & Food Rework)/in_game/common/building_types/zz_pp_gem_gravel_pit.txt"",""layer_id"":""constructor"",""layer_name"":""Prosper or Perish Constructor"",""line"":2,""mod_name"":""Prosper or Perish Constructor"",""mode"":""CREATE""}]"
pp_gem_gravel_pit_no_primary,building_maintenance,,,[],[],false,,,inline,gem_gravel_pit,gem_gravel_pit:unique_production_methods:1,1,0.0,,0.0,0.0,0.0,,[],1.0,,/home/jan/development/ProsperOrPerishConstructor/mod/Prosper or Perish (Population Growth & Food Rework)/in_game/common/building_types/zz_pp_gem_gravel_pit.txt,2,constructor,Prosper or Perish Constructor,CREATE,"[{""file"":""/home/jan/development/ProsperOrPerishConstructor/mod/Prosper or Perish (Population Growth & Food Rework)/in_game/common/building_types/zz_pp_gem_gravel_pit.txt"",""layer_id"":""constructor"",""layer_name"":""Prosper or Perish Constructor"",""line"":2,""mod_name"":""Prosper or Perish Constructor"",""mode"":""CREATE""}]"
pp_gem_gravel_pit_gems,building_maintenance,gems,0.385,"[""lumber"",""tools""]","[0.322,0.27]",false,,,inline,gem_gravel_pit,gem_gravel_pit:unique_production_methods:1,1,0.0,0.385,1.54,1.441,0.09899999999999998,6.8702290076335855,[],1.0,0.385,/home/jan/development/ProsperOrPerishConstructor/mod/Prosper or Perish (Population Growth & Food Rework)/in_game/common/building_types/zz_pp_gem_gravel_pit.txt,2,constructor,Prosper or Perish Constructor,CREATE,"[{""file"":""/home/jan/development/ProsperOrPerishConstructor/mod/Prosper or Perish (Population Growth & Food Rework)/in_game/common/building_types/zz_pp_gem_gravel_pit.txt"",""layer_id"":""constructor"",""layer_name"":""Prosper or Perish Constructor"",""line"":2,""mod_name"":""Prosper or Perish Constructor"",""mode"":""CREATE""}]"
pp_gem_gravel_pit_no_secondary,building_maintenance,,,[],[],false,,,inline,gem_gravel_pit,gem_gravel_pit:unique_production_methods:2,2,0.0,,0.0,0.0,0.0,,[],1.0,,/home/jan/development/ProsperOrPerishConstructor/mod/Prosper or Perish (Population Growth & Food Rework)/in_game/common/building_types/zz_pp_gem_gravel_pit.txt,2,constructor,Prosper or Perish Constructor,CREATE,"[{""file"":""/home/jan/development/ProsperOrPerishConstructor/mod/Prosper or Perish (Population Growth & Food Rework)/in_game/common/building_types/zz_pp_gem_gravel_pit.txt"",""layer_id"":""constructor"",""layer_name"":""Prosper or Perish Constructor"",""line"":2,""mod_name"":""Prosper or Perish Constructor"",""mode"":""CREATE""}]"
pp_gem_gravel_pit_gold,building_maintenance,goods_gold,0.026,"[""lumber"",""tools""]","[0.05,0.03]",false,,,inline,gem_gravel_pit,gem_gravel_pit:unique_production_methods:2,2,0.0,0.026,0.23399999999999999,0.185,0.04899999999999999,26.486486486486484,[],1.0,0.026,/home/jan/development/ProsperOrPerishConstructor/mod/Prosper or Perish (Population Growth & Food Rework)/in_game/common/building_types/zz_pp_gem_gravel_pit.txt,2,constructor,Prosper or Perish Constructor,CREATE,"[{""file"":""/home/jan/development/ProsperOrPerishConstructor/mod/Prosper or Perish (Population Growth & Food Rework)/in_game/common/building_types/zz_pp_gem_gravel_pit.txt"",""layer_id"":""constructor"",""layer_name"":""Prosper or Perish Constructor"",""line"":2,""mod_name"":""Prosper or Perish Constructor"",""mode"":""CREATE""}]"
pp_gem_gravel_pit_sand,building_maintenance,sand,0.192,"[""lumber"",""tools""]","[0.03,0.01]",false,,,inline,gem_gravel_pit,gem_gravel_pit:unique_production_methods:2,2,0.0,0.192,0.096,0.08499999999999999,0.01100000000000001,12.941176470588248,[],1.0,0.192,/home/jan/development/ProsperOrPerishConstructor/mod/Prosper or Perish (Population Growth & Food Rework)/in_game/common/building_types/zz_pp_gem_gravel_pit.txt,2,constructor,Prosper or Perish Constructor,CREATE,"[{""file"":""/home/jan/development/ProsperOrPerishConstructor/mod/Prosper or Perish (Population Growth & Food Rework)/in_game/common/building_types/zz_pp_gem_gravel_pit.txt"",""layer_id"":""constructor"",""layer_name"":""Prosper or Perish Constructor"",""line"":2,""mod_name"":""Prosper or Perish Constructor"",""mode"":""CREATE""}]"
pp_gem_sluice_base_gems,building_maintenance,gems,0.07,[],[],false,,,inline,gem_sluice,gem_sluice:unique_production_methods:0,0,0.0,0.07,0.28,0.0,0.28,,[],1.0,0.07,/home/jan/development/ProsperOrPerishConstructor/mod/Prosper or Perish (Population Growth & Food Rework)/in_game/common/building_types/zz_pp_gem_sluice.txt,2,constructor,Prosper or Perish Constructor,CREATE,"[{""file"":""/home/jan/development/ProsperOrPerishConstructor/mod/Prosper or Perish (Population Growth & Food Rework)/in_game/common/building_types/zz_pp_gem_sluice.txt"",""layer_id"":""constructor"",""layer_name"":""Prosper or Perish Constructor"",""line"":2,""mod_name"":""Prosper or Perish Constructor"",""mode"":""CREATE""}]"
pp_gem_sluice_no_primary,building_maintenance,,,[],[],false,,,inline,gem_sluice,gem_sluice:unique_production_methods:1,1,0.0,,0.0,0.0,0.0,,[],1.0,,/home/jan/development/ProsperOrPerishConstructor/mod/Prosper or Perish (Population Growth & Food Rework)/in_game/common/building_types/zz_pp_gem_sluice.txt,2,constructor,Prosper or Perish Constructor,CREATE,"[{""file"":""/home/jan/development/ProsperOrPerishConstructor/mod/Prosper or Perish (Population Growth & Food Rework)/in_game/common/building_types/zz_pp_gem_sluice.txt"",""layer_id"":""constructor"",""layer_name"":""Prosper or Perish Constructor"",""line"":2,""mod_name"":""Prosper or Perish Constructor"",""mode"":""CREATE""}]"
pp_gem_sluice_gems,building_maintenance,gems,0.476,"[""lumber"",""tools""]","[0.382,0.34]",false,,,inline,gem_sluice,gem_sluice:unique_production_methods:1,1,0.0,0.476,1.904,1.7734999999999999,0.13050000000000006,7.358330983930086,[],1.0,0.476,/home/jan/development/ProsperOrPerishConstructor/mod/Prosper or Perish (Population Growth & Food Rework)/in_game/common/building_types/zz_pp_gem_sluice.txt,2,constructor,Prosper or Perish Constructor,CREATE,"[{""file"":""/home/jan/development/ProsperOrPerishConstructor/mod/Prosper or Perish (Population Growth & Food Rework)/in_game/common/building_types/zz_pp_gem_sluice.txt"",""layer_id"":""constructor"",""layer_name"":""Prosper or Perish Constructor"",""line"":2,""mod_name"":""Prosper or Perish Constructor"",""mode"":""CREATE""}]"
pp_gem_sluice_no_secondary,building_maintenance,,,[],[],false,,,inline,gem_sluice,gem_sluice:unique_production_methods:2,2,0.0,,0.0,0.0,0.0,,[],1.0,,/home/jan/development/ProsperOrPerishConstructor/mod/Prosper or Perish (Population Growth & Food Rework)/in_game/common/building_types/zz_pp_gem_sluice.txt,2,constructor,Prosper or Perish Constructor,CREATE,"[{""file"":""/home/jan/development/ProsperOrPerishConstructor/mod/Prosper or Perish (Population Growth & Food Rework)/in_game/common/building_types/zz_pp_gem_sluice.txt"",""layer_id"":""constructor"",""layer_name"":""Prosper or Perish Constructor"",""line"":2,""mod_name"":""Prosper or Perish Constructor"",""mode"":""CREATE""}]"
pp_gem_sluice_gold,building_maintenance,goods_gold,0.026,"[""lumber"",""tools""]","[0.05,0.04]",false,,,inline,gem_sluice,gem_sluice:unique_production_methods:2,2,0.0,0.026,0.23399999999999999,0.21750000000000003,0.01649999999999996,7.586206896551705,[],1.0,0.026,/home/jan/development/ProsperOrPerishConstructor/mod/Prosper or Perish (Population Growth & Food Rework)/in_game/common/building_types/zz_pp_gem_sluice.txt,2,constructor,Prosper or Perish Constructor,CREATE,"[{""file"":""/home/jan/development/ProsperOrPerishConstructor/mod/Prosper or Perish (Population Growth & Food Rework)/in_game/common/building_types/zz_pp_gem_sluice.txt"",""layer_id"":""constructor"",""layer_name"":""Prosper or Perish Constructor"",""line"":2,""mod_name"":""Prosper or Perish Constructor"",""mode"":""CREATE""}]"
pp_gem_sluice_sand,building_maintenance,sand,0.198,"[""lumber"",""tools""]","[0.03,0.02]",false,,,inline,gem_sluice,gem_sluice:unique_production_methods:2,2,0.0,0.198,0.099,0.1175,-0.01849999999999999,-15.744680851063823,[],1.0,0.198,/home/jan/development/ProsperOrPerishConstructor/mod/Prosper or Perish (Population Growth & Food Rework)/in_game/common/building_types/zz_pp_gem_sluice.txt,2,constructor,Prosper or Perish Constructor,CREATE,"[{""file"":""/home/jan/development/ProsperOrPerishConstructor/mod/Prosper or Perish (Population Growth & Food Rework)/in_game/common/building_types/zz_pp_gem_sluice.txt"",""layer_id"":""constructor"",""layer_name"":""Prosper or Perish Constructor"",""line"":2,""mod_name"":""Prosper or Perish Constructor"",""mode"":""CREATE""}]"
pp_gold_diggings_base_gold,building_maintenance,goods_gold,0.1,[],[],false,,,inline,gold_diggings,gold_diggings:unique_production_methods:0,0,0.0,0.1,0.9,0.0,0.9,,[],1.0,0.1,/home/jan/development/ProsperOrPerishConstructor/mod/Prosper or Perish (Population Growth & Food Rework)/in_game/common/building_types/zz_pp_gold_diggings.txt,2,constructor,Prosper or Perish Constructor,CREATE,"[{""file"":""/home/jan/development/ProsperOrPerishConstructor/mod/Prosper or Perish (Population Growth & Food Rework)/in_game/common/building_types/zz_pp_gold_diggings.txt"",""layer_id"":""constructor"",""layer_name"":""Prosper or Perish Constructor"",""line"":2,""mod_name"":""Prosper or Perish Constructor"",""mode"":""CREATE""}]"
pp_gold_diggings_no_primary,building_maintenance,,,[],[],false,,,inline,gold_diggings,gold_diggings:unique_production_methods:1,1,0.0,,0.0,0.0,0.0,,[],1.0,,/home/jan/development/ProsperOrPerishConstructor/mod/Prosper or Perish (Population Growth & Food Rework)/in_game/common/building_types/zz_pp_gold_diggings.txt,2,constructor,Prosper or Perish Constructor,CREATE,"[{""file"":""/home/jan/development/ProsperOrPerishConstructor/mod/Prosper or Perish (Population Growth & Food Rework)/in_game/common/building_types/zz_pp_gold_diggings.txt"",""layer_id"":""constructor"",""layer_name"":""Prosper or Perish Constructor"",""line"":2,""mod_name"":""Prosper or Perish Constructor"",""mode"":""CREATE""}]"
pp_gold_diggings_gold,building_maintenance,goods_gold,0.2,"[""lumber"",""tools""]","[0.43,0.23]",false,,,inline,gold_diggings,gold_diggings:unique_production_methods:1,1,0.0,0.2,1.8,1.5,0.30000000000000004,20.000000000000004,[],1.0,0.2,/home/jan/development/ProsperOrPerishConstructor/mod/Prosper or Perish (Population Growth & Food Rework)/in_game/common/building_types/zz_pp_gold_diggings.txt,2,constructor,Prosper or Perish Constructor,CREATE,"[{""file"":""/home/jan/development/ProsperOrPerishConstructor/mod/Prosper or Perish (Population Growth & Food Rework)/in_game/common/building_types/zz_pp_gold_diggings.txt"",""layer_id"":""constructor"",""layer_name"":""Prosper or Perish Constructor"",""line"":2,""mod_name"":""Prosper or Perish Constructor"",""mode"":""CREATE""}]"
pp_gold_diggings_no_secondary,building_maintenance,,,[],[],false,,,inline,gold_diggings,gold_diggings:unique_production_methods:2,2,0.0,,0.0,0.0,0.0,,[],1.0,,/home/jan/development/ProsperOrPerishConstructor/mod/Prosper or Perish (Population Growth & Food Rework)/in_game/common/building_types/zz_pp_gold_diggings.txt,2,constructor,Prosper or Perish Constructor,CREATE,"[{""file"":""/home/jan/development/ProsperOrPerishConstructor/mod/Prosper or Perish (Population Growth & Food Rework)/in_game/common/building_types/zz_pp_gold_diggings.txt"",""layer_id"":""constructor"",""layer_name"":""Prosper or Perish Constructor"",""line"":2,""mod_name"":""Prosper or Perish Constructor"",""mode"":""CREATE""}]"
pp_gold_diggings_silver,building_maintenance,silver,0.04,"[""lumber"",""tools""]","[0.05,0.04]",false,,,inline,gold_diggings,gold_diggings:unique_production_methods:2,2,0.0,0.04,0.24,0.21750000000000003,0.022499999999999964,10.344827586206879,[],1.0,0.04,/home/jan/development/ProsperOrPerishConstructor/mod/Prosper or Perish (Population Growth & Food Rework)/in_game/common/building_types/zz_pp_gold_diggings.txt,2,constructor,Prosper or Perish Constructor,CREATE,"[{""file"":""/home/jan/development/ProsperOrPerishConstructor/mod/Prosper or Perish (Population Growth & Food Rework)/in_game/common/building_types/zz_pp_gold_diggings.txt"",""layer_id"":""constructor"",""layer_name"":""Prosper or Perish Constructor"",""line"":2,""mod_name"":""Prosper or Perish Constructor"",""mode"":""CREATE""}]"
pp_gold_diggings_copper,building_maintenance,copper,0.056,"[""lumber"",""tools""]","[0.04,0.03]",false,,,inline,gold_diggings,gold_diggings:unique_production_methods:2,2,0.0,0.056,0.168,0.1675,0.0005000000000000004,0.2985074626865674,[],1.0,0.056,/home/jan/development/ProsperOrPerishConstructor/mod/Prosper or Perish (Population Growth & Food Rework)/in_game/common/building_types/zz_pp_gold_diggings.txt,2,constructor,Prosper or Perish Constructor,CREATE,"[{""file"":""/home/jan/development/ProsperOrPerishConstructor/mod/Prosper or Perish (Population Growth & Food Rework)/in_game/common/building_types/zz_pp_gold_diggings.txt"",""layer_id"":""constructor"",""layer_name"":""Prosper or Perish Constructor"",""line"":2,""mod_name"":""Prosper or Perish Constructor"",""mode"":""CREATE""}]"
pp_gold_stamp_mill_base_gold,building_maintenance,goods_gold,0.1,[],[],false,,,inline,gold_stamp_mill,gold_stamp_mill:unique_production_methods:0,0,0.0,0.1,0.9,0.0,0.9,,[],1.0,0.1,/home/jan/development/ProsperOrPerishConstructor/mod/Prosper or Perish (Population Growth & Food Rework)/in_game/common/building_types/zz_pp_gold_stamp_mill.txt,2,constructor,Prosper or Perish Constructor,CREATE,"[{""file"":""/home/jan/development/ProsperOrPerishConstructor/mod/Prosper or Perish (Population Growth & Food Rework)/in_game/common/building_types/zz_pp_gold_stamp_mill.txt"",""layer_id"":""constructor"",""layer_name"":""Prosper or Perish Constructor"",""line"":2,""mod_name"":""Prosper or Perish Constructor"",""mode"":""CREATE""}]"
pp_gold_stamp_mill_no_primary,building_maintenance,,,[],[],false,,,inline,gold_stamp_mill,gold_stamp_mill:unique_production_methods:1,1,0.0,,0.0,0.0,0.0,,[],1.0,,/home/jan/development/ProsperOrPerishConstructor/mod/Prosper or Perish (Population Growth & Food Rework)/in_game/common/building_types/zz_pp_gold_stamp_mill.txt,2,constructor,Prosper or Perish Constructor,CREATE,"[{""file"":""/home/jan/development/ProsperOrPerishConstructor/mod/Prosper or Perish (Population Growth & Food Rework)/in_game/common/building_types/zz_pp_gold_stamp_mill.txt"",""layer_id"":""constructor"",""layer_name"":""Prosper or Perish Constructor"",""line"":2,""mod_name"":""Prosper or Perish Constructor"",""mode"":""CREATE""}]"
pp_gold_stamp_mill_gold,building_maintenance,goods_gold,0.26,"[""lumber"",""tools"",""mercury""]","[0.367,0.31,0.09]",false,,,inline,gold_stamp_mill,gold_stamp_mill:unique_production_methods:1,1,0.0,0.26,2.34,1.91975,0.4202499999999998,21.890871207188425,[],1.0,0.26,/home/jan/development/ProsperOrPerishConstructor/mod/Prosper or Perish (Population Growth & Food Rework)/in_game/common/building_types/zz_pp_gold_stamp_mill.txt,2,constructor,Prosper or Perish Constructor,CREATE,"[{""file"":""/home/jan/development/ProsperOrPerishConstructor/mod/Prosper or Perish (Population Growth & Food Rework)/in_game/common/building_types/zz_pp_gold_stamp_mill.txt"",""layer_id"":""constructor"",""layer_name"":""Prosper or Perish Constructor"",""line"":2,""mod_name"":""Prosper or Perish Constructor"",""mode"":""CREATE""}]"
pp_gold_stamp_mill_no_secondary,building_maintenance,,,[],[],false,,,inline,gold_stamp_mill,gold_stamp_mill:unique_production_methods:2,2,0.0,,0.0,0.0,0.0,,[],1.0,,/home/jan/development/ProsperOrPerishConstructor/mod/Prosper or Perish (Population Growth & Food Rework)/in_game/common/building_types/zz_pp_gold_stamp_mill.txt,2,constructor,Prosper or Perish Constructor,CREATE,"[{""file"":""/home/jan/development/ProsperOrPerishConstructor/mod/Prosper or Perish (Population Growth & Food Rework)/in_game/common/building_types/zz_pp_gold_stamp_mill.txt"",""layer_id"":""constructor"",""layer_name"":""Prosper or Perish Constructor"",""line"":2,""mod_name"":""Prosper or Perish Constructor"",""mode"":""CREATE""}]"
pp_gold_stamp_mill_silver,building_maintenance,silver,0.047,"[""lumber"",""tools"",""mercury""]","[0.05,0.04,0.01]",false,,,inline,gold_stamp_mill,gold_stamp_mill:unique_production_methods:2,2,0.0,0.047,0.28200000000000003,0.24750000000000003,0.0345,13.939393939393941,[],1.0,0.047,/home/jan/development/ProsperOrPerishConstructor/mod/Prosper or Perish (Population Growth & Food Rework)/in_game/common/building_types/zz_pp_gold_stamp_mill.txt,2,constructor,Prosper or Perish Constructor,CREATE,"[{""file"":""/home/jan/development/ProsperOrPerishConstructor/mod/Prosper or Perish (Population Growth & Food Rework)/in_game/common/building_types/zz_pp_gold_stamp_mill.txt"",""layer_id"":""constructor"",""layer_name"":""Prosper or Perish Constructor"",""line"":2,""mod_name"":""Prosper or Perish Constructor"",""mode"":""CREATE""}]"
pp_gold_stamp_mill_copper,building_maintenance,copper,0.1,"[""lumber"",""tools"",""mercury""]","[0.05,0.03,0.01]",false,,,inline,gold_stamp_mill,gold_stamp_mill:unique_production_methods:2,2,0.0,0.1,0.30000000000000004,0.215,0.08500000000000005,39.53488372093025,[],1.0,0.1,/home/jan/development/ProsperOrPerishConstructor/mod/Prosper or Perish (Population Growth & Food Rework)/in_game/common/building_types/zz_pp_gold_stamp_mill.txt,2,constructor,Prosper or Perish Constructor,CREATE,"[{""file"":""/home/jan/development/ProsperOrPerishConstructor/mod/Prosper or Perish (Population Growth & Food Rework)/in_game/common/building_types/zz_pp_gold_stamp_mill.txt"",""layer_id"":""constructor"",""layer_name"":""Prosper or Perish Constructor"",""line"":2,""mod_name"":""Prosper or Perish Constructor"",""mode"":""CREATE""}]"
pp_incense_grove_base_incense,building_maintenance,incense,0.1,[],[],false,,,inline,incense_grove,incense_grove:unique_production_methods:0,0,0.0,0.1,0.25,0.0,0.25,,[],1.0,0.1,/home/jan/development/ProsperOrPerishConstructor/mod/Prosper or Perish (Population Growth & Food Rework)/in_game/common/building_types/zz_pp_incense_grove.txt,2,constructor,Prosper or Perish Constructor,CREATE,"[{""file"":""/home/jan/development/ProsperOrPerishConstructor/mod/Prosper or Perish (Population Growth & Food Rework)/in_game/common/building_types/zz_pp_incense_grove.txt"",""layer_id"":""constructor"",""layer_name"":""Prosper or Perish Constructor"",""line"":2,""mod_name"":""Prosper or Perish Constructor"",""mode"":""CREATE""}]"
pp_incense_grove_wild_resins,building_maintenance,,,[],[],false,,,inline,incense_grove,incense_grove:unique_production_methods:1,1,0.0,,0.0,0.0,0.0,,[],1.0,,/home/jan/development/ProsperOrPerishConstructor/mod/Prosper or Perish (Population Growth & Food Rework)/in_game/common/building_types/zz_pp_incense_grove.txt,2,constructor,Prosper or Perish Constructor,CREATE,"[{""file"":""/home/jan/development/ProsperOrPerishConstructor/mod/Prosper or Perish (Population Growth & Food Rework)/in_game/common/building_types/zz_pp_incense_grove.txt"",""layer_id"":""constructor"",""layer_name"":""Prosper or Perish Constructor"",""line"":2,""mod_name"":""Prosper or Perish Constructor"",""mode"":""CREATE""}]"
pp_incense_grove_tapping_camps,building_maintenance,incense,0.222,"[""fiber_crops"",""lumber"",""tools""]","[0.117,0.117,0.023]",false,,,inline,incense_grove,incense_grove:unique_production_methods:1,1,0.0,0.222,0.555,0.5135000000000001,0.04149999999999998,8.08179162609542,[],1.0,0.222,/home/jan/development/ProsperOrPerishConstructor/mod/Prosper or Perish (Population Growth & Food Rework)/in_game/common/building_types/zz_pp_incense_grove.txt,2,constructor,Prosper or Perish Constructor,CREATE,"[{""file"":""/home/jan/development/ProsperOrPerishConstructor/mod/Prosper or Perish (Population Growth & Food Rework)/in_game/common/building_types/zz_pp_incense_grove.txt"",""layer_id"":""constructor"",""layer_name"":""Prosper or Perish Constructor"",""line"":2,""mod_name"":""Prosper or Perish Constructor"",""mode"":""CREATE""}]"
pp_inland_saltworks_base_salt,building_maintenance,salt,0.08,[],[],false,,,inline,inland_saltworks,inland_saltworks:unique_production_methods:0,0,0.0,0.08,0.4,0.0,0.4,,[],1.0,0.08,/home/jan/development/ProsperOrPerishConstructor/mod/Prosper or Perish (Population Growth & Food Rework)/in_game/common/building_types/zz_pp_inland_saltworks.txt,2,constructor,Prosper or Perish Constructor,CREATE,"[{""file"":""/home/jan/development/ProsperOrPerishConstructor/mod/Prosper or Perish (Population Growth & Food Rework)/in_game/common/building_types/zz_pp_inland_saltworks.txt"",""layer_id"":""constructor"",""layer_name"":""Prosper or Perish Constructor"",""line"":2,""mod_name"":""Prosper or Perish Constructor"",""mode"":""CREATE""}]"
pp_inland_saltworks_salt_flat_scraping,building_maintenance,,,[],[],false,,,inline,inland_saltworks,inland_saltworks:unique_production_methods:1,1,0.0,,0.0,0.0,0.0,,[],1.0,,/home/jan/development/ProsperOrPerishConstructor/mod/Prosper or Perish (Population Growth & Food Rework)/in_game/common/building_types/zz_pp_inland_saltworks.txt,2,constructor,Prosper or Perish Constructor,CREATE,"[{""file"":""/home/jan/development/ProsperOrPerishConstructor/mod/Prosper or Perish (Population Growth & Food Rework)/in_game/common/building_types/zz_pp_inland_saltworks.txt"",""layer_id"":""constructor"",""layer_name"":""Prosper or Perish Constructor"",""line"":2,""mod_name"":""Prosper or Perish Constructor"",""mode"":""CREATE""}]"
pp_inland_saltworks_open_pan_boiling,building_maintenance,salt,0.233,"[""lumber"",""clay"",""pottery""]","[0.467,0.2,0.267]",false,,,inline,inland_saltworks,inland_saltworks:unique_production_methods:1,1,0.0,0.233,1.165,1.18425,-0.01924999999999999,-1.625501372176482,[],1.0,0.233,/home/jan/development/ProsperOrPerishConstructor/mod/Prosper or Perish (Population Growth & Food Rework)/in_game/common/building_types/zz_pp_inland_saltworks.txt,2,constructor,Prosper or Perish Constructor,CREATE,"[{""file"":""/home/jan/development/ProsperOrPerishConstructor/mod/Prosper or Perish (Population Growth & Food Rework)/in_game/common/building_types/zz_pp_inland_saltworks.txt"",""layer_id"":""constructor"",""layer_name"":""Prosper or Perish Constructor"",""line"":2,""mod_name"":""Prosper or Perish Constructor"",""mode"":""CREATE""}]"
pp_engineered_brine_saltworks_base_salt,building_maintenance,salt,0.07,[],[],false,,,inline,engineered_brine_saltworks,engineered_brine_saltworks:unique_production_methods:0,0,0.0,0.07,0.35000000000000003,0.0,0.35000000000000003,,[],1.0,0.07,/home/jan/development/ProsperOrPerishConstructor/mod/Prosper or Perish (Population Growth & Food Rework)/in_game/common/building_types/zz_pp_inland_saltworks_engineered_brine.txt,2,constructor,Prosper or Perish Constructor,CREATE,"[{""file"":""/home/jan/development/ProsperOrPerishConstructor/mod/Prosper or Perish (Population Growth & Food Rework)/in_game/common/building_types/zz_pp_inland_saltworks_engineered_brine.txt"",""layer_id"":""constructor"",""layer_name"":""Prosper or Perish Constructor"",""line"":2,""mod_name"":""Prosper or Perish Constructor"",""mode"":""CREATE""}]"
pp_engineered_brine_saltworks_no_concentration,building_maintenance,,,[],[],false,,,inline,engineered_brine_saltworks,engineered_brine_saltworks:unique_production_methods:1,1,0.0,,0.0,0.0,0.0,,[],1.0,,/home/jan/development/ProsperOrPerishConstructor/mod/Prosper or Perish (Population Growth & Food Rework)/in_game/common/building_types/zz_pp_inland_saltworks_engineered_brine.txt,2,constructor,Prosper or Perish Constructor,CREATE,"[{""file"":""/home/jan/development/ProsperOrPerishConstructor/mod/Prosper or Perish (Population Growth & Food Rework)/in_game/common/building_types/zz_pp_inland_saltworks_engineered_brine.txt"",""layer_id"":""constructor"",""layer_name"":""Prosper or Perish Constructor"",""line"":2,""mod_name"":""Prosper or Perish Constructor"",""mode"":""CREATE""}]"
pp_engineered_brine_saltworks_pumped_brine_channels,building_maintenance,salt,0.33,"[""lumber"",""tools"",""pottery""]","[0.4,0.25,0.15]",false,,,inline,engineered_brine_saltworks,engineered_brine_saltworks:unique_production_methods:1,1,0.0,0.33,1.6500000000000001,1.6625,-0.012499999999999956,-0.7518796992481176,[],1.0,0.33,/home/jan/development/ProsperOrPerishConstructor/mod/Prosper or Perish (Population Growth & Food Rework)/in_game/common/building_types/zz_pp_inland_saltworks_engineered_brine.txt,2,constructor,Prosper or Perish Constructor,CREATE,"[{""file"":""/home/jan/development/ProsperOrPerishConstructor/mod/Prosper or Perish (Population Growth & Food Rework)/in_game/common/building_types/zz_pp_inland_saltworks_engineered_brine.txt"",""layer_id"":""constructor"",""layer_name"":""Prosper or Perish Constructor"",""line"":2,""mod_name"":""Prosper or Perish Constructor"",""mode"":""CREATE""}]"
pp_engineered_brine_saltworks_wood_fired_pans,building_maintenance,,,[],[],false,,,inline,engineered_brine_saltworks,engineered_brine_saltworks:unique_production_methods:2,2,0.0,,0.0,0.0,0.0,,[],1.0,,/home/jan/development/ProsperOrPerishConstructor/mod/Prosper or Perish (Population Growth & Food Rework)/in_game/common/building_types/zz_pp_inland_saltworks_engineered_brine.txt,2,constructor,Prosper or Perish Constructor,CREATE,"[{""file"":""/home/jan/development/ProsperOrPerishConstructor/mod/Prosper or Perish (Population Growth & Food Rework)/in_game/common/building_types/zz_pp_inland_saltworks_engineered_brine.txt"",""layer_id"":""constructor"",""layer_name"":""Prosper or Perish Constructor"",""line"":2,""mod_name"":""Prosper or Perish Constructor"",""mode"":""CREATE""}]"
pp_engineered_brine_saltworks_mineral_fired_pans,building_maintenance,salt,0.363,"[""coal"",""clay"",""pottery"",""tools""]","[0.375,0.25,0.25,0.15]",false,,,inline,engineered_brine_saltworks,engineered_brine_saltworks:unique_production_methods:2,2,0.0,0.363,1.815,1.6125,0.2024999999999999,12.558139534883713,[],1.0,0.363,/home/jan/development/ProsperOrPerishConstructor/mod/Prosper or Perish (Population Growth & Food Rework)/in_game/common/building_types/zz_pp_inland_saltworks_engineered_brine.txt,2,constructor,Prosper or Perish Constructor,CREATE,"[{""file"":""/home/jan/development/ProsperOrPerishConstructor/mod/Prosper or Perish (Population Growth & Food Rework)/in_game/common/building_types/zz_pp_inland_saltworks_engineered_brine.txt"",""layer_id"":""constructor"",""layer_name"":""Prosper or Perish Constructor"",""line"":2,""mod_name"":""Prosper or Perish Constructor"",""mode"":""CREATE""}]"
pp_iron_mine_base_iron,building_maintenance,iron,0.08,[],[],false,,,inline,iron_mine,iron_mine:unique_production_methods:0,0,0.0,0.08,0.28,0.0,0.28,,[],1.0,0.08,/home/jan/development/ProsperOrPerishConstructor/mod/Prosper or Perish (Population Growth & Food Rework)/in_game/common/building_types/zz_pp_iron_mine.txt,2,constructor,Prosper or Perish Constructor,CREATE,"[{""file"":""/home/jan/development/ProsperOrPerishConstructor/mod/Prosper or Perish (Population Growth & Food Rework)/in_game/common/building_types/zz_pp_iron_mine.txt"",""layer_id"":""constructor"",""layer_name"":""Prosper or Perish Constructor"",""line"":2,""mod_name"":""Prosper or Perish Constructor"",""mode"":""CREATE""}]"
pp_iron_mine_no_primary,building_maintenance,,,[],[],false,,,inline,iron_mine,iron_mine:unique_production_methods:1,1,0.0,,0.0,0.0,0.0,,[],1.0,,/home/jan/development/ProsperOrPerishConstructor/mod/Prosper or Perish (Population Growth & Food Rework)/in_game/common/building_types/zz_pp_iron_mine.txt,2,constructor,Prosper or Perish Constructor,CREATE,"[{""file"":""/home/jan/development/ProsperOrPerishConstructor/mod/Prosper or Perish (Population Growth & Food Rework)/in_game/common/building_types/zz_pp_iron_mine.txt"",""layer_id"":""constructor"",""layer_name"":""Prosper or Perish Constructor"",""line"":2,""mod_name"":""Prosper or Perish Constructor"",""mode"":""CREATE""}]"
pp_iron_mine_iron,building_maintenance,iron,0.424,"[""lumber"",""tools"",""beeswax""]","[0.197,0.222,0.049]",false,,,inline,iron_mine,iron_mine:unique_production_methods:1,1,0.0,0.424,1.484,1.1642500000000002,0.31974999999999976,27.46403263903798,[],1.0,0.424,/home/jan/development/ProsperOrPerishConstructor/mod/Prosper or Perish (Population Growth & Food Rework)/in_game/common/building_types/zz_pp_iron_mine.txt,2,constructor,Prosper or Perish Constructor,CREATE,"[{""file"":""/home/jan/development/ProsperOrPerishConstructor/mod/Prosper or Perish (Population Growth & Food Rework)/in_game/common/building_types/zz_pp_iron_mine.txt"",""layer_id"":""constructor"",""layer_name"":""Prosper or Perish Constructor"",""line"":2,""mod_name"":""Prosper or Perish Constructor"",""mode"":""CREATE""}]"
pp_iron_mine_horse_whim_haulage,building_maintenance,iron,0.251,"[""horses"",""leather"",""beeswax""]","[0.13,0.06,0.03]",false,,,inline,iron_mine,iron_mine:unique_production_methods:1,1,0.0,0.251,0.8785000000000001,0.6300000000000001,0.24849999999999994,39.44444444444443,[],1.0,0.251,/home/jan/development/ProsperOrPerishConstructor/mod/Prosper or Perish (Population Growth & Food Rework)/in_game/common/building_types/zz_pp_iron_mine.txt,2,constructor,Prosper or Perish Constructor,CREATE,"[{""file"":""/home/jan/development/ProsperOrPerishConstructor/mod/Prosper or Perish (Population Growth & Food Rework)/in_game/common/building_types/zz_pp_iron_mine.txt"",""layer_id"":""constructor"",""layer_name"":""Prosper or Perish Constructor"",""line"":2,""mod_name"":""Prosper or Perish Constructor"",""mode"":""CREATE""}]"
pp_iron_mine_ore_dressing_floors,building_maintenance,iron,0.21,"[""fiber_crops"",""cloth"",""beeswax""]","[0.13,0.07,0.03]",false,,,inline,iron_mine,iron_mine:unique_production_methods:1,1,0.0,0.21,0.735,0.53,0.20499999999999996,38.67924528301886,[],1.0,0.21,/home/jan/development/ProsperOrPerishConstructor/mod/Prosper or Perish (Population Growth & Food Rework)/in_game/common/building_types/zz_pp_iron_mine.txt,2,constructor,Prosper or Perish Constructor,CREATE,"[{""file"":""/home/jan/development/ProsperOrPerishConstructor/mod/Prosper or Perish (Population Growth & Food Rework)/in_game/common/building_types/zz_pp_iron_mine.txt"",""layer_id"":""constructor"",""layer_name"":""Prosper or Perish Constructor"",""line"":2,""mod_name"":""Prosper or Perish Constructor"",""mode"":""CREATE""}]"
pp_iron_mine_no_secondary,building_maintenance,,,[],[],false,,,inline,iron_mine,iron_mine:unique_production_methods:2,2,0.0,,0.0,0.0,0.0,,[],1.0,,/home/jan/development/ProsperOrPerishConstructor/mod/Prosper or Perish (Population Growth & Food Rework)/in_game/common/building_types/zz_pp_iron_mine.txt,2,constructor,Prosper or Perish Constructor,CREATE,"[{""file"":""/home/jan/development/ProsperOrPerishConstructor/mod/Prosper or Perish (Population Growth & Food Rework)/in_game/common/building_types/zz_pp_iron_mine.txt"",""layer_id"":""constructor"",""layer_name"":""Prosper or Perish Constructor"",""line"":2,""mod_name"":""Prosper or Perish Constructor"",""mode"":""CREATE""}]"
pp_iron_mine_ochre,building_maintenance,dyes,0.042,"[""lumber"",""tools""]","[0.04,0.03]",false,,,inline,iron_mine,iron_mine:unique_production_methods:2,2,0.0,0.042,0.168,0.1675,0.0005000000000000004,0.2985074626865674,[],1.0,0.042,/home/jan/development/ProsperOrPerishConstructor/mod/Prosper or Perish (Population Growth & Food Rework)/in_game/common/building_types/zz_pp_iron_mine.txt,2,constructor,Prosper or Perish Constructor,CREATE,"[{""file"":""/home/jan/development/ProsperOrPerishConstructor/mod/Prosper or Perish (Population Growth & Food Rework)/in_game/common/building_types/zz_pp_iron_mine.txt"",""layer_id"":""constructor"",""layer_name"":""Prosper or Perish Constructor"",""line"":2,""mod_name"":""Prosper or Perish Constructor"",""mode"":""CREATE""}]"
pp_iron_mine_improved_base_iron,building_maintenance,iron,0.08,[],[],false,,,inline,iron_mine_improved,iron_mine_improved:unique_production_methods:0,0,0.0,0.08,0.28,0.0,0.28,,[],1.0,0.08,/home/jan/development/ProsperOrPerishConstructor/mod/Prosper or Perish (Population Growth & Food Rework)/in_game/common/building_types/zz_pp_iron_mine_improved.txt,2,constructor,Prosper or Perish Constructor,CREATE,"[{""file"":""/home/jan/development/ProsperOrPerishConstructor/mod/Prosper or Perish (Population Growth & Food Rework)/in_game/common/building_types/zz_pp_iron_mine_improved.txt"",""layer_id"":""constructor"",""layer_name"":""Prosper or Perish Constructor"",""line"":2,""mod_name"":""Prosper or Perish Constructor"",""mode"":""CREATE""}]"
pp_iron_mine_improved_no_primary,building_maintenance,,,[],[],false,,,inline,iron_mine_improved,iron_mine_improved:unique_production_methods:1,1,0.0,,0.0,0.0,0.0,,[],1.0,,/home/jan/development/ProsperOrPerishConstructor/mod/Prosper or Perish (Population Growth & Food Rework)/in_game/common/building_types/zz_pp_iron_mine_improved.txt,2,constructor,Prosper or Perish Constructor,CREATE,"[{""file"":""/home/jan/development/ProsperOrPerishConstructor/mod/Prosper or Perish (Population Growth & Food Rework)/in_game/common/building_types/zz_pp_iron_mine_improved.txt"",""layer_id"":""constructor"",""layer_name"":""Prosper or Perish Constructor"",""line"":2,""mod_name"":""Prosper or Perish Constructor"",""mode"":""CREATE""}]"
pp_iron_mine_improved_iron,building_maintenance,iron,0.672,"[""lumber"",""tools"",""beeswax""]","[0.327,0.346,0.077]",false,,,inline,iron_mine_improved,iron_mine_improved:unique_production_methods:1,1,0.0,0.672,2.3520000000000003,1.8507499999999997,0.5012500000000006,27.083614750776754,[],1.0,0.672,/home/jan/development/ProsperOrPerishConstructor/mod/Prosper or Perish (Population Growth & Food Rework)/in_game/common/building_types/zz_pp_iron_mine_improved.txt,2,constructor,Prosper or Perish Constructor,CREATE,"[{""file"":""/home/jan/development/ProsperOrPerishConstructor/mod/Prosper or Perish (Population Growth & Food Rework)/in_game/common/building_types/zz_pp_iron_mine_improved.txt"",""layer_id"":""constructor"",""layer_name"":""Prosper or Perish Constructor"",""line"":2,""mod_name"":""Prosper or Perish Constructor"",""mode"":""CREATE""}]"
pp_iron_mine_improved_slitting_dressed_ore,building_maintenance,iron,0.734,"[""lumber"",""tools"",""beeswax""]","[0.35,0.38,0.09]",false,,,inline,iron_mine_improved,iron_mine_improved:unique_production_methods:1,1,0.0,0.734,2.569,2.0275000000000003,0.5414999999999996,26.707768187422914,[],1.0,0.734,/home/jan/development/ProsperOrPerishConstructor/mod/Prosper or Perish (Population Growth & Food Rework)/in_game/common/building_types/zz_pp_iron_mine_improved.txt,2,constructor,Prosper or Perish Constructor,CREATE,"[{""file"":""/home/jan/development/ProsperOrPerishConstructor/mod/Prosper or Perish (Population Growth & Food Rework)/in_game/common/building_types/zz_pp_iron_mine_improved.txt"",""layer_id"":""constructor"",""layer_name"":""Prosper or Perish Constructor"",""line"":2,""mod_name"":""Prosper or Perish Constructor"",""mode"":""CREATE""}]"
pp_iron_mine_improved_horse_whim_haulage,building_maintenance,iron,0.358,"[""horses"",""leather"",""beeswax""]","[0.18,0.09,0.05]",false,,,inline,iron_mine_improved,iron_mine_improved:unique_production_methods:1,1,0.0,0.358,1.253,0.91,0.34299999999999986,37.69230769230767,[],1.0,0.358,/home/jan/development/ProsperOrPerishConstructor/mod/Prosper or Perish (Population Growth & Food Rework)/in_game/common/building_types/zz_pp_iron_mine_improved.txt,2,constructor,Prosper or Perish Constructor,CREATE,"[{""file"":""/home/jan/development/ProsperOrPerishConstructor/mod/Prosper or Perish (Population Growth & Food Rework)/in_game/common/building_types/zz_pp_iron_mine_improved.txt"",""layer_id"":""constructor"",""layer_name"":""Prosper or Perish Constructor"",""line"":2,""mod_name"":""Prosper or Perish Constructor"",""mode"":""CREATE""}]"
pp_iron_mine_improved_ore_dressing_floors,building_maintenance,iron,0.314,"[""fiber_crops"",""cloth"",""beeswax""]","[0.2,0.1,0.05]",false,,,inline,iron_mine_improved,iron_mine_improved:unique_production_methods:1,1,0.0,0.314,1.099,0.8,0.29899999999999993,37.37499999999999,[],1.0,0.314,/home/jan/development/ProsperOrPerishConstructor/mod/Prosper or Perish (Population Growth & Food Rework)/in_game/common/building_types/zz_pp_iron_mine_improved.txt,2,constructor,Prosper or Perish Constructor,CREATE,"[{""file"":""/home/jan/development/ProsperOrPerishConstructor/mod/Prosper or Perish (Population Growth & Food Rework)/in_game/common/building_types/zz_pp_iron_mine_improved.txt"",""layer_id"":""constructor"",""layer_name"":""Prosper or Perish Constructor"",""line"":2,""mod_name"":""Prosper or Perish Constructor"",""mode"":""CREATE""}]"
pp_iron_mine_improved_no_secondary,building_maintenance,,,[],[],false,,,inline,iron_mine_improved,iron_mine_improved:unique_production_methods:2,2,0.0,,0.0,0.0,0.0,,[],1.0,,/home/jan/development/ProsperOrPerishConstructor/mod/Prosper or Perish (Population Growth & Food Rework)/in_game/common/building_types/zz_pp_iron_mine_improved.txt,2,constructor,Prosper or Perish Constructor,CREATE,"[{""file"":""/home/jan/development/ProsperOrPerishConstructor/mod/Prosper or Perish (Population Growth & Food Rework)/in_game/common/building_types/zz_pp_iron_mine_improved.txt"",""layer_id"":""constructor"",""layer_name"":""Prosper or Perish Constructor"",""line"":2,""mod_name"":""Prosper or Perish Constructor"",""mode"":""CREATE""}]"
pp_iron_mine_improved_ochre,building_maintenance,dyes,0.04,"[""lumber"",""tools""]","[0.04,0.03]",false,,,inline,iron_mine_improved,iron_mine_improved:unique_production_methods:2,2,0.0,0.04,0.16,0.1675,-0.007500000000000007,-4.4776119402985115,[],1.0,0.04,/home/jan/development/ProsperOrPerishConstructor/mod/Prosper or Perish (Population Growth & Food Rework)/in_game/common/building_types/zz_pp_iron_mine_improved.txt,2,constructor,Prosper or Perish Constructor,CREATE,"[{""file"":""/home/jan/development/ProsperOrPerishConstructor/mod/Prosper or Perish (Population Growth & Food Rework)/in_game/common/building_types/zz_pp_iron_mine_improved.txt"",""layer_id"":""constructor"",""layer_name"":""Prosper or Perish Constructor"",""line"":2,""mod_name"":""Prosper or Perish Constructor"",""mode"":""CREATE""}]"
pp_iron_mine_deep_base_iron,building_maintenance,iron,0.08,[],[],false,,,inline,iron_mine_deep,iron_mine_deep:unique_production_methods:0,0,0.0,0.08,0.28,0.0,0.28,,[],1.0,0.08,/home/jan/development/ProsperOrPerishConstructor/mod/Prosper or Perish (Population Growth & Food Rework)/in_game/common/building_types/zz_pp_iron_mine_improved_deep.txt,2,constructor,Prosper or Perish Constructor,CREATE,"[{""file"":""/home/jan/development/ProsperOrPerishConstructor/mod/Prosper or Perish (Population Growth & Food Rework)/in_game/common/building_types/zz_pp_iron_mine_improved_deep.txt"",""layer_id"":""constructor"",""layer_name"":""Prosper or Perish Constructor"",""line"":2,""mod_name"":""Prosper or Perish Constructor"",""mode"":""CREATE""}]"
pp_iron_mine_deep_no_primary,building_maintenance,,,[],[],false,,,inline,iron_mine_deep,iron_mine_deep:unique_production_methods:1,1,0.0,,0.0,0.0,0.0,,[],1.0,,/home/jan/development/ProsperOrPerishConstructor/mod/Prosper or Perish (Population Growth & Food Rework)/in_game/common/building_types/zz_pp_iron_mine_improved_deep.txt,2,constructor,Prosper or Perish Constructor,CREATE,"[{""file"":""/home/jan/development/ProsperOrPerishConstructor/mod/Prosper or Perish (Population Growth & Food Rework)/in_game/common/building_types/zz_pp_iron_mine_improved_deep.txt"",""layer_id"":""constructor"",""layer_name"":""Prosper or Perish Constructor"",""line"":2,""mod_name"":""Prosper or Perish Constructor"",""mode"":""CREATE""}]"
pp_iron_mine_deep_drainage_workings,building_maintenance,iron,0.763,"[""lumber"",""tools"",""beeswax""]","[0.36,0.4,0.08]",false,,,inline,iron_mine_deep,iron_mine_deep:unique_production_methods:1,1,0.0,0.763,2.6705,2.0900000000000003,0.5804999999999998,27.775119617224863,[],1.0,0.763,/home/jan/development/ProsperOrPerishConstructor/mod/Prosper or Perish (Population Growth & Food Rework)/in_game/common/building_types/zz_pp_iron_mine_improved_deep.txt,2,constructor,Prosper or Perish Constructor,CREATE,"[{""file"":""/home/jan/development/ProsperOrPerishConstructor/mod/Prosper or Perish (Population Growth & Food Rework)/in_game/common/building_types/zz_pp_iron_mine_improved_deep.txt"",""layer_id"":""constructor"",""layer_name"":""Prosper or Perish Constructor"",""line"":2,""mod_name"":""Prosper or Perish Constructor"",""mode"":""CREATE""}]"
pp_iron_mine_deep_slitting_ore,building_maintenance,iron,0.84,"[""lumber"",""tools"",""beeswax"",""coal""]","[0.38,0.42,0.09,0.06]",false,,,inline,iron_mine_deep,iron_mine_deep:unique_production_methods:1,1,0.0,0.84,2.94,2.3300000000000005,0.6099999999999994,26.180257510729582,[],1.0,0.84,/home/jan/development/ProsperOrPerishConstructor/mod/Prosper or Perish (Population Growth & Food Rework)/in_game/common/building_types/zz_pp_iron_mine_improved_deep.txt,2,constructor,Prosper or Perish Constructor,CREATE,"[{""file"":""/home/jan/development/ProsperOrPerishConstructor/mod/Prosper or Perish (Population Growth & Food Rework)/in_game/common/building_types/zz_pp_iron_mine_improved_deep.txt"",""layer_id"":""constructor"",""layer_name"":""Prosper or Perish Constructor"",""line"":2,""mod_name"":""Prosper or Perish Constructor"",""mode"":""CREATE""}]"
pp_iron_mine_deep_horse_whim_haulage,building_maintenance,iron,0.442,"[""horses"",""leather"",""beeswax""]","[0.22,0.1,0.06]",false,,,inline,iron_mine_deep,iron_mine_deep:unique_production_methods:1,1,0.0,0.442,1.547,1.08,0.46699999999999986,43.240740740740726,[],1.0,0.442,/home/jan/development/ProsperOrPerishConstructor/mod/Prosper or Perish (Population Growth & Food Rework)/in_game/common/building_types/zz_pp_iron_mine_improved_deep.txt,2,constructor,Prosper or Perish Constructor,CREATE,"[{""file"":""/home/jan/development/ProsperOrPerishConstructor/mod/Prosper or Perish (Population Growth & Food Rework)/in_game/common/building_types/zz_pp_iron_mine_improved_deep.txt"",""layer_id"":""constructor"",""layer_name"":""Prosper or Perish Constructor"",""line"":2,""mod_name"":""Prosper or Perish Constructor"",""mode"":""CREATE""}]"
pp_iron_mine_deep_ore_dressing_floors,building_maintenance,iron,0.36,"[""fiber_crops"",""cloth"",""beeswax""]","[0.23,0.11,0.06]",false,,,inline,iron_mine_deep,iron_mine_deep:unique_production_methods:1,1,0.0,0.36,1.26,0.91,0.35,38.46153846153846,[],1.0,0.36,/home/jan/development/ProsperOrPerishConstructor/mod/Prosper or Perish (Population Growth & Food Rework)/in_game/common/building_types/zz_pp_iron_mine_improved_deep.txt,2,constructor,Prosper or Perish Constructor,CREATE,"[{""file"":""/home/jan/development/ProsperOrPerishConstructor/mod/Prosper or Perish (Population Growth & Food Rework)/in_game/common/building_types/zz_pp_iron_mine_improved_deep.txt"",""layer_id"":""constructor"",""layer_name"":""Prosper or Perish Constructor"",""line"":2,""mod_name"":""Prosper or Perish Constructor"",""mode"":""CREATE""}]"
pp_iron_mine_deep_no_secondary,building_maintenance,,,[],[],false,,,inline,iron_mine_deep,iron_mine_deep:unique_production_methods:2,2,0.0,,0.0,0.0,0.0,,[],1.0,,/home/jan/development/ProsperOrPerishConstructor/mod/Prosper or Perish (Population Growth & Food Rework)/in_game/common/building_types/zz_pp_iron_mine_improved_deep.txt,2,constructor,Prosper or Perish Constructor,CREATE,"[{""file"":""/home/jan/development/ProsperOrPerishConstructor/mod/Prosper or Perish (Population Growth & Food Rework)/in_game/common/building_types/zz_pp_iron_mine_improved_deep.txt"",""layer_id"":""constructor"",""layer_name"":""Prosper or Perish Constructor"",""line"":2,""mod_name"":""Prosper or Perish Constructor"",""mode"":""CREATE""}]"
pp_iron_mine_deep_ochre,building_maintenance,dyes,0.04,"[""lumber"",""tools""]","[0.04,0.02]",false,,,inline,iron_mine_deep,iron_mine_deep:unique_production_methods:2,2,0.0,0.04,0.16,0.135,0.024999999999999994,18.518518518518512,[],1.0,0.04,/home/jan/development/ProsperOrPerishConstructor/mod/Prosper or Perish (Population Growth & Food Rework)/in_game/common/building_types/zz_pp_iron_mine_improved_deep.txt,2,constructor,Prosper or Perish Constructor,CREATE,"[{""file"":""/home/jan/development/ProsperOrPerishConstructor/mod/Prosper or Perish (Population Growth & Food Rework)/in_game/common/building_types/zz_pp_iron_mine_improved_deep.txt"",""layer_id"":""constructor"",""layer_name"":""Prosper or Perish Constructor"",""line"":2,""mod_name"":""Prosper or Perish Constructor"",""mode"":""CREATE""}]"
pp_irrigation_reservoirs_maintenance,building_maintenance,,,"[""stone"",""clay"",""tools""]","[0.15,0.15,0.05]",false,,,inline,irrigation_reservoirs,irrigation_reservoirs:unique_production_methods:0,0,0.0,,0.0,0.38749999999999996,-0.38749999999999996,-100.0,[],0.5,,/home/jan/development/ProsperOrPerishConstructor/mod/Prosper or Perish (Population Growth & Food Rework)/in_game/common/building_types/zz_pp_irrigation_reservoirs.txt,2,constructor,Prosper or Perish Constructor,CREATE,"[{""file"":""/home/jan/development/ProsperOrPerishConstructor/mod/Prosper or Perish (Population Growth & Food Rework)/in_game/common/building_types/zz_pp_irrigation_reservoirs.txt"",""layer_id"":""constructor"",""layer_name"":""Prosper or Perish Constructor"",""line"":2,""mod_name"":""Prosper or Perish Constructor"",""mode"":""CREATE""}]"
pp_ivory_hunting_camp_base_ivory,building_maintenance,ivory,0.1,[],[],false,,,inline,ivory_hunting_camp,ivory_hunting_camp:unique_production_methods:0,0,0.0,0.1,0.4,0.0,0.4,,[],1.0,0.1,/home/jan/development/ProsperOrPerishConstructor/mod/Prosper or Perish (Population Growth & Food Rework)/in_game/common/building_types/zz_pp_ivory_hunting_camp.txt,2,constructor,Prosper or Perish Constructor,CREATE,"[{""file"":""/home/jan/development/ProsperOrPerishConstructor/mod/Prosper or Perish (Population Growth & Food Rework)/in_game/common/building_types/zz_pp_ivory_hunting_camp.txt"",""layer_id"":""constructor"",""layer_name"":""Prosper or Perish Constructor"",""line"":2,""mod_name"":""Prosper or Perish Constructor"",""mode"":""CREATE""}]"
pp_ivory_hunting_camp_scavenged_tusks,building_maintenance,,,[],[],false,,,inline,ivory_hunting_camp,ivory_hunting_camp:unique_production_methods:1,1,0.0,,0.0,0.0,0.0,,[],1.0,,/home/jan/development/ProsperOrPerishConstructor/mod/Prosper or Perish (Population Growth & Food Rework)/in_game/common/building_types/zz_pp_ivory_hunting_camp.txt,2,constructor,Prosper or Perish Constructor,CREATE,"[{""file"":""/home/jan/development/ProsperOrPerishConstructor/mod/Prosper or Perish (Population Growth & Food Rework)/in_game/common/building_types/zz_pp_ivory_hunting_camp.txt"",""layer_id"":""constructor"",""layer_name"":""Prosper or Perish Constructor"",""line"":2,""mod_name"":""Prosper or Perish Constructor"",""mode"":""CREATE""}]"
pp_ivory_hunting_camp_caravan_hunts,building_maintenance,ivory,0.222,"[""weaponry"",""livestock"",""tools""]","[0.15,0.133,0.032]",false,,,inline,ivory_hunting_camp,ivory_hunting_camp:unique_production_methods:1,1,0.0,0.222,0.888,0.7535,0.13450000000000006,17.85003317850034,[],1.0,0.222,/home/jan/development/ProsperOrPerishConstructor/mod/Prosper or Perish (Population Growth & Food Rework)/in_game/common/building_types/zz_pp_ivory_hunting_camp.txt,2,constructor,Prosper or Perish Constructor,CREATE,"[{""file"":""/home/jan/development/ProsperOrPerishConstructor/mod/Prosper or Perish (Population Growth & Food Rework)/in_game/common/building_types/zz_pp_ivory_hunting_camp.txt"",""layer_id"":""constructor"",""layer_name"":""Prosper or Perish Constructor"",""line"":2,""mod_name"":""Prosper or Perish Constructor"",""mode"":""CREATE""}]"
pp_jiangnan_canal_network_maintenance,building_maintenance,,,"[""manual_labor_cost"",""lumber""]","[0.1,0.025]",false,,,inline,jiangnan_canal_network,jiangnan_canal_network:unique_production_methods:0,0,0.0,,0.0,0.54375,-0.54375,-100.0,[],0.075,,/home/jan/development/ProsperOrPerishConstructor/mod/Prosper or Perish (Population Growth & Food Rework)/in_game/common/building_types/zz_pp_jiangnan_canal_network.txt,2,constructor,Prosper or Perish Constructor,CREATE,"[{""file"":""/home/jan/development/ProsperOrPerishConstructor/mod/Prosper or Perish (Population Growth & Food Rework)/in_game/common/building_types/zz_pp_jiangnan_canal_network.txt"",""layer_id"":""constructor"",""layer_name"":""Prosper or Perish Constructor"",""line"":2,""mod_name"":""Prosper or Perish Constructor"",""mode"":""CREATE""}]"
pp_jiangnan_hill_terraces_maintenance,building_maintenance,,,"[""manual_labor_cost"",""lumber""]","[0.1,0.025]",false,,,inline,jiangnan_hill_terraces,jiangnan_hill_terraces:unique_production_methods:0,0,0.0,,0.0,0.54375,-0.54375,-100.0,[],0.075,,/home/jan/development/ProsperOrPerishConstructor/mod/Prosper or Perish (Population Growth & Food Rework)/in_game/common/building_types/zz_pp_jiangnan_hill_terraces.txt,2,constructor,Prosper or Perish Constructor,CREATE,"[{""file"":""/home/jan/development/ProsperOrPerishConstructor/mod/Prosper or Perish (Population Growth & Food Rework)/in_game/common/building_types/zz_pp_jiangnan_hill_terraces.txt"",""layer_id"":""constructor"",""layer_name"":""Prosper or Perish Constructor"",""line"":2,""mod_name"":""Prosper or Perish Constructor"",""mode"":""CREATE""}]"
pp_lead_mine_base_lead,building_maintenance,lead,0.09,[],[],false,,,inline,lead_mine,lead_mine:unique_production_methods:0,0,0.0,0.09,0.18,0.0,0.18,,[],1.0,0.09,/home/jan/development/ProsperOrPerishConstructor/mod/Prosper or Perish (Population Growth & Food Rework)/in_game/common/building_types/zz_pp_lead_mine.txt,2,constructor,Prosper or Perish Constructor,CREATE,"[{""file"":""/home/jan/development/ProsperOrPerishConstructor/mod/Prosper or Perish (Population Growth & Food Rework)/in_game/common/building_types/zz_pp_lead_mine.txt"",""layer_id"":""constructor"",""layer_name"":""Prosper or Perish Constructor"",""line"":2,""mod_name"":""Prosper or Perish Constructor"",""mode"":""CREATE""}]"
pp_lead_mine_no_primary,building_maintenance,,,[],[],false,,,inline,lead_mine,lead_mine:unique_production_methods:1,1,0.0,,0.0,0.0,0.0,,[],1.0,,/home/jan/development/ProsperOrPerishConstructor/mod/Prosper or Perish (Population Growth & Food Rework)/in_game/common/building_types/zz_pp_lead_mine.txt,2,constructor,Prosper or Perish Constructor,CREATE,"[{""file"":""/home/jan/development/ProsperOrPerishConstructor/mod/Prosper or Perish (Population Growth & Food Rework)/in_game/common/building_types/zz_pp_lead_mine.txt"",""layer_id"":""constructor"",""layer_name"":""Prosper or Perish Constructor"",""line"":2,""mod_name"":""Prosper or Perish Constructor"",""mode"":""CREATE""}]"
pp_lead_mine_lead,building_maintenance,lead,0.63,"[""lumber"",""tools"",""beeswax""]","[0.14,0.25,0.04]",false,,,inline,lead_mine,lead_mine:unique_production_methods:1,1,0.0,0.63,1.26,1.1375000000000002,0.12249999999999983,10.769230769230752,[],1.0,0.63,/home/jan/development/ProsperOrPerishConstructor/mod/Prosper or Perish (Population Growth & Food Rework)/in_game/common/building_types/zz_pp_lead_mine.txt,2,constructor,Prosper or Perish Constructor,CREATE,"[{""file"":""/home/jan/development/ProsperOrPerishConstructor/mod/Prosper or Perish (Population Growth & Food Rework)/in_game/common/building_types/zz_pp_lead_mine.txt"",""layer_id"":""constructor"",""layer_name"":""Prosper or Perish Constructor"",""line"":2,""mod_name"":""Prosper or Perish Constructor"",""mode"":""CREATE""}]"
pp_lead_mine_no_secondary,building_maintenance,,,[],[],false,,,inline,lead_mine,lead_mine:unique_production_methods:2,2,0.0,,0.0,0.0,0.0,,[],1.0,,/home/jan/development/ProsperOrPerishConstructor/mod/Prosper or Perish (Population Growth & Food Rework)/in_game/common/building_types/zz_pp_lead_mine.txt,2,constructor,Prosper or Perish Constructor,CREATE,"[{""file"":""/home/jan/development/ProsperOrPerishConstructor/mod/Prosper or Perish (Population Growth & Food Rework)/in_game/common/building_types/zz_pp_lead_mine.txt"",""layer_id"":""constructor"",""layer_name"":""Prosper or Perish Constructor"",""line"":2,""mod_name"":""Prosper or Perish Constructor"",""mode"":""CREATE""}]"
pp_lead_mine_silver,building_maintenance,silver,0.033,"[""lumber"",""tools"",""lead""]","[0.03,0.03,0.02]",false,,,inline,lead_mine,lead_mine:unique_production_methods:2,2,0.0,0.033,0.198,0.19,0.008000000000000007,4.210526315789477,[],1.0,0.033,/home/jan/development/ProsperOrPerishConstructor/mod/Prosper or Perish (Population Growth & Food Rework)/in_game/common/building_types/zz_pp_lead_mine.txt,2,constructor,Prosper or Perish Constructor,CREATE,"[{""file"":""/home/jan/development/ProsperOrPerishConstructor/mod/Prosper or Perish (Population Growth & Food Rework)/in_game/common/building_types/zz_pp_lead_mine.txt"",""layer_id"":""constructor"",""layer_name"":""Prosper or Perish Constructor"",""line"":2,""mod_name"":""Prosper or Perish Constructor"",""mode"":""CREATE""}]"
pp_lead_mine_gold,building_maintenance,goods_gold,0.026,"[""lumber"",""tools"",""lead""]","[0.03,0.03,0.02]",false,,,inline,lead_mine,lead_mine:unique_production_methods:2,2,0.0,0.026,0.23399999999999999,0.19,0.043999999999999984,23.157894736842096,[],1.0,0.026,/home/jan/development/ProsperOrPerishConstructor/mod/Prosper or Perish (Population Growth & Food Rework)/in_game/common/building_types/zz_pp_lead_mine.txt,2,constructor,Prosper or Perish Constructor,CREATE,"[{""file"":""/home/jan/development/ProsperOrPerishConstructor/mod/Prosper or Perish (Population Growth & Food Rework)/in_game/common/building_types/zz_pp_lead_mine.txt"",""layer_id"":""constructor"",""layer_name"":""Prosper or Perish Constructor"",""line"":2,""mod_name"":""Prosper or Perish Constructor"",""mode"":""CREATE""}]"
pp_lead_mine_bole_base_lead,building_maintenance,lead,0.09,[],[],false,,,inline,lead_mine_bole_smelting,lead_mine_bole_smelting:unique_production_methods:0,0,0.0,0.09,0.18,0.0,0.18,,[],1.0,0.09,/home/jan/development/ProsperOrPerishConstructor/mod/Prosper or Perish (Population Growth & Food Rework)/in_game/common/building_types/zz_pp_lead_mine_bole_smelting.txt,2,constructor,Prosper or Perish Constructor,CREATE,"[{""file"":""/home/jan/development/ProsperOrPerishConstructor/mod/Prosper or Perish (Population Growth & Food Rework)/in_game/common/building_types/zz_pp_lead_mine_bole_smelting.txt"",""layer_id"":""constructor"",""layer_name"":""Prosper or Perish Constructor"",""line"":2,""mod_name"":""Prosper or Perish Constructor"",""mode"":""CREATE""}]"
pp_lead_mine_bole_no_primary,building_maintenance,,,[],[],false,,,inline,lead_mine_bole_smelting,lead_mine_bole_smelting:unique_production_methods:1,1,0.0,,0.0,0.0,0.0,,[],1.0,,/home/jan/development/ProsperOrPerishConstructor/mod/Prosper or Perish (Population Growth & Food Rework)/in_game/common/building_types/zz_pp_lead_mine_bole_smelting.txt,2,constructor,Prosper or Perish Constructor,CREATE,"[{""file"":""/home/jan/development/ProsperOrPerishConstructor/mod/Prosper or Perish (Population Growth & Food Rework)/in_game/common/building_types/zz_pp_lead_mine_bole_smelting.txt"",""layer_id"":""constructor"",""layer_name"":""Prosper or Perish Constructor"",""line"":2,""mod_name"":""Prosper or Perish Constructor"",""mode"":""CREATE""}]"
pp_lead_mine_bole_lead,building_maintenance,lead,0.952,"[""lumber"",""tools"",""beeswax""]","[0.16,0.41,0.05]",false,,,inline,lead_mine_bole_smelting,lead_mine_bole_smelting:unique_production_methods:1,1,0.0,0.952,1.904,1.7125000000000001,0.19149999999999978,11.182481751824804,[],1.0,0.952,/home/jan/development/ProsperOrPerishConstructor/mod/Prosper or Perish (Population Growth & Food Rework)/in_game/common/building_types/zz_pp_lead_mine_bole_smelting.txt,2,constructor,Prosper or Perish Constructor,CREATE,"[{""file"":""/home/jan/development/ProsperOrPerishConstructor/mod/Prosper or Perish (Population Growth & Food Rework)/in_game/common/building_types/zz_pp_lead_mine_bole_smelting.txt"",""layer_id"":""constructor"",""layer_name"":""Prosper or Perish Constructor"",""line"":2,""mod_name"":""Prosper or Perish Constructor"",""mode"":""CREATE""}]"
pp_lead_mine_bole_no_secondary,building_maintenance,,,[],[],false,,,inline,lead_mine_bole_smelting,lead_mine_bole_smelting:unique_production_methods:2,2,0.0,,0.0,0.0,0.0,,[],1.0,,/home/jan/development/ProsperOrPerishConstructor/mod/Prosper or Perish (Population Growth & Food Rework)/in_game/common/building_types/zz_pp_lead_mine_bole_smelting.txt,2,constructor,Prosper or Perish Constructor,CREATE,"[{""file"":""/home/jan/development/ProsperOrPerishConstructor/mod/Prosper or Perish (Population Growth & Food Rework)/in_game/common/building_types/zz_pp_lead_mine_bole_smelting.txt"",""layer_id"":""constructor"",""layer_name"":""Prosper or Perish Constructor"",""line"":2,""mod_name"":""Prosper or Perish Constructor"",""mode"":""CREATE""}]"
pp_lead_mine_bole_silver,building_maintenance,silver,0.029,"[""lumber"",""tools"",""lead""]","[0.03,0.02,0.02]",false,,,inline,lead_mine_bole_smelting,lead_mine_bole_smelting:unique_production_methods:2,2,0.0,0.029,0.17400000000000002,0.1575,0.016500000000000015,10.476190476190485,[],1.0,0.029,/home/jan/development/ProsperOrPerishConstructor/mod/Prosper or Perish (Population Growth & Food Rework)/in_game/common/building_types/zz_pp_lead_mine_bole_smelting.txt,2,constructor,Prosper or Perish Constructor,CREATE,"[{""file"":""/home/jan/development/ProsperOrPerishConstructor/mod/Prosper or Perish (Population Growth & Food Rework)/in_game/common/building_types/zz_pp_lead_mine_bole_smelting.txt"",""layer_id"":""constructor"",""layer_name"":""Prosper or Perish Constructor"",""line"":2,""mod_name"":""Prosper or Perish Constructor"",""mode"":""CREATE""}]"
pp_lead_mine_bole_gold,building_maintenance,goods_gold,0.026,"[""lumber"",""tools"",""lead""]","[0.03,0.02,0.02]",false,,,inline,lead_mine_bole_smelting,lead_mine_bole_smelting:unique_production_methods:2,2,0.0,0.026,0.23399999999999999,0.1575,0.07649999999999998,48.57142857142856,[],1.0,0.026,/home/jan/development/ProsperOrPerishConstructor/mod/Prosper or Perish (Population Growth & Food Rework)/in_game/common/building_types/zz_pp_lead_mine_bole_smelting.txt,2,constructor,Prosper or Perish Constructor,CREATE,"[{""file"":""/home/jan/development/ProsperOrPerishConstructor/mod/Prosper or Perish (Population Growth & Food Rework)/in_game/common/building_types/zz_pp_lead_mine_bole_smelting.txt"",""layer_id"":""constructor"",""layer_name"":""Prosper or Perish Constructor"",""line"":2,""mod_name"":""Prosper or Perish Constructor"",""mode"":""CREATE""}]"
pp_lead_mine_cupola_base_lead,building_maintenance,lead,0.08,[],[],false,,,inline,lead_mine_cupola_smelting,lead_mine_cupola_smelting:unique_production_methods:0,0,0.0,0.08,0.16,0.0,0.16,,[],1.0,0.08,/home/jan/development/ProsperOrPerishConstructor/mod/Prosper or Perish (Population Growth & Food Rework)/in_game/common/building_types/zz_pp_lead_mine_cupola_smelting.txt,2,constructor,Prosper or Perish Constructor,CREATE,"[{""file"":""/home/jan/development/ProsperOrPerishConstructor/mod/Prosper or Perish (Population Growth & Food Rework)/in_game/common/building_types/zz_pp_lead_mine_cupola_smelting.txt"",""layer_id"":""constructor"",""layer_name"":""Prosper or Perish Constructor"",""line"":2,""mod_name"":""Prosper or Perish Constructor"",""mode"":""CREATE""}]"
pp_lead_mine_cupola_no_primary,building_maintenance,,,[],[],false,,,inline,lead_mine_cupola_smelting,lead_mine_cupola_smelting:unique_production_methods:1,1,0.0,,0.0,0.0,0.0,,[],1.0,,/home/jan/development/ProsperOrPerishConstructor/mod/Prosper or Perish (Population Growth & Food Rework)/in_game/common/building_types/zz_pp_lead_mine_cupola_smelting.txt,2,constructor,Prosper or Perish Constructor,CREATE,"[{""file"":""/home/jan/development/ProsperOrPerishConstructor/mod/Prosper or Perish (Population Growth & Food Rework)/in_game/common/building_types/zz_pp_lead_mine_cupola_smelting.txt"",""layer_id"":""constructor"",""layer_name"":""Prosper or Perish Constructor"",""line"":2,""mod_name"":""Prosper or Perish Constructor"",""mode"":""CREATE""}]"
pp_lead_mine_cupola_lead,building_maintenance,lead,1.22,"[""lumber"",""tools"",""beeswax""]","[0.22,0.53,0.06]",false,,,inline,lead_mine_cupola_smelting,lead_mine_cupola_smelting:unique_production_methods:1,1,0.0,1.22,2.44,2.2275,0.2124999999999999,9.539842873176202,[],1.0,1.22,/home/jan/development/ProsperOrPerishConstructor/mod/Prosper or Perish (Population Growth & Food Rework)/in_game/common/building_types/zz_pp_lead_mine_cupola_smelting.txt,2,constructor,Prosper or Perish Constructor,CREATE,"[{""file"":""/home/jan/development/ProsperOrPerishConstructor/mod/Prosper or Perish (Population Growth & Food Rework)/in_game/common/building_types/zz_pp_lead_mine_cupola_smelting.txt"",""layer_id"":""constructor"",""layer_name"":""Prosper or Perish Constructor"",""line"":2,""mod_name"":""Prosper or Perish Constructor"",""mode"":""CREATE""}]"
pp_lead_mine_cupola_no_secondary,building_maintenance,,,[],[],false,,,inline,lead_mine_cupola_smelting,lead_mine_cupola_smelting:unique_production_methods:2,2,0.0,,0.0,0.0,0.0,,[],1.0,,/home/jan/development/ProsperOrPerishConstructor/mod/Prosper or Perish (Population Growth & Food Rework)/in_game/common/building_types/zz_pp_lead_mine_cupola_smelting.txt,2,constructor,Prosper or Perish Constructor,CREATE,"[{""file"":""/home/jan/development/ProsperOrPerishConstructor/mod/Prosper or Perish (Population Growth & Food Rework)/in_game/common/building_types/zz_pp_lead_mine_cupola_smelting.txt"",""layer_id"":""constructor"",""layer_name"":""Prosper or Perish Constructor"",""line"":2,""mod_name"":""Prosper or Perish Constructor"",""mode"":""CREATE""}]"
pp_lead_mine_cupola_silver,building_maintenance,silver,0.03,"[""lumber"",""tools"",""lead""]","[0.03,0.02,0.02]",false,,,inline,lead_mine_cupola_smelting,lead_mine_cupola_smelting:unique_production_methods:2,2,0.0,0.03,0.18,0.1575,0.022499999999999992,14.28571428571428,[],1.0,0.03,/home/jan/development/ProsperOrPerishConstructor/mod/Prosper or Perish (Population Growth & Food Rework)/in_game/common/building_types/zz_pp_lead_mine_cupola_smelting.txt,2,constructor,Prosper or Perish Constructor,CREATE,"[{""file"":""/home/jan/development/ProsperOrPerishConstructor/mod/Prosper or Perish (Population Growth & Food Rework)/in_game/common/building_types/zz_pp_lead_mine_cupola_smelting.txt"",""layer_id"":""constructor"",""layer_name"":""Prosper or Perish Constructor"",""line"":2,""mod_name"":""Prosper or Perish Constructor"",""mode"":""CREATE""}]"
pp_lead_mine_cupola_gold,building_maintenance,goods_gold,0.027,"[""lumber"",""tools"",""lead""]","[0.03,0.02,0.02]",false,,,inline,lead_mine_cupola_smelting,lead_mine_cupola_smelting:unique_production_methods:2,2,0.0,0.027,0.243,0.1575,0.08549999999999999,54.285714285714285,[],1.0,0.027,/home/jan/development/ProsperOrPerishConstructor/mod/Prosper or Perish (Population Growth & Food Rework)/in_game/common/building_types/zz_pp_lead_mine_cupola_smelting.txt,2,constructor,Prosper or Perish Constructor,CREATE,"[{""file"":""/home/jan/development/ProsperOrPerishConstructor/mod/Prosper or Perish (Population Growth & Food Rework)/in_game/common/building_types/zz_pp_lead_mine_cupola_smelting.txt"",""layer_id"":""constructor"",""layer_name"":""Prosper or Perish Constructor"",""line"":2,""mod_name"":""Prosper or Perish Constructor"",""mode"":""CREATE""}]"
pp_water_sawmill_base_lumber,building_maintenance,lumber,0.079,[],[],false,,,inline,water_sawmill,water_sawmill:unique_production_methods:0,0,0.0,0.079,0.13825,0.0,0.13825,,[],1.0,0.079,/home/jan/development/ProsperOrPerishConstructor/mod/Prosper or Perish (Population Growth & Food Rework)/in_game/common/building_types/zz_pp_lumber_mill_hydraulic_sawmill.txt,2,constructor,Prosper or Perish Constructor,CREATE,"[{""file"":""/home/jan/development/ProsperOrPerishConstructor/mod/Prosper or Perish (Population Growth & Food Rework)/in_game/common/building_types/zz_pp_lumber_mill_hydraulic_sawmill.txt"",""layer_id"":""constructor"",""layer_name"":""Prosper or Perish Constructor"",""line"":2,""mod_name"":""Prosper or Perish Constructor"",""mode"":""CREATE""}]"
pp_water_sawmill_no_primary,building_maintenance,,,[],[],false,,,inline,water_sawmill,water_sawmill:unique_production_methods:1,1,0.0,,0.0,0.0,0.0,,[],1.0,,/home/jan/development/ProsperOrPerishConstructor/mod/Prosper or Perish (Population Growth & Food Rework)/in_game/common/building_types/zz_pp_lumber_mill_hydraulic_sawmill.txt,2,constructor,Prosper or Perish Constructor,CREATE,"[{""file"":""/home/jan/development/ProsperOrPerishConstructor/mod/Prosper or Perish (Population Growth & Food Rework)/in_game/common/building_types/zz_pp_lumber_mill_hydraulic_sawmill.txt"",""layer_id"":""constructor"",""layer_name"":""Prosper or Perish Constructor"",""line"":2,""mod_name"":""Prosper or Perish Constructor"",""mode"":""CREATE""}]"
pp_water_sawmill_horse_tools,building_maintenance,lumber,1.4,"[""tools"",""horses""]","[0.477,0.13]",false,,,inline,water_sawmill,water_sawmill:unique_production_methods:1,1,0.0,1.4,2.4499999999999997,1.9402499999999998,0.5097499999999999,26.27238757892024,[],1.0,1.4,/home/jan/development/ProsperOrPerishConstructor/mod/Prosper or Perish (Population Growth & Food Rework)/in_game/common/building_types/zz_pp_lumber_mill_hydraulic_sawmill.txt,2,constructor,Prosper or Perish Constructor,CREATE,"[{""file"":""/home/jan/development/ProsperOrPerishConstructor/mod/Prosper or Perish (Population Growth & Food Rework)/in_game/common/building_types/zz_pp_lumber_mill_hydraulic_sawmill.txt"",""layer_id"":""constructor"",""layer_name"":""Prosper or Perish Constructor"",""line"":2,""mod_name"":""Prosper or Perish Constructor"",""mode"":""CREATE""}]"
pp_water_sawmill_horse_victuals,building_maintenance,lumber,1.36,"[""horses"",""victuals""]","[0.13,0.56]",false,,,inline,water_sawmill,water_sawmill:unique_production_methods:1,1,0.0,1.36,2.3800000000000003,2.0700000000000003,0.31000000000000005,14.975845410628018,[],1.0,1.36,/home/jan/development/ProsperOrPerishConstructor/mod/Prosper or Perish (Population Growth & Food Rework)/in_game/common/building_types/zz_pp_lumber_mill_hydraulic_sawmill.txt,2,constructor,Prosper or Perish Constructor,CREATE,"[{""file"":""/home/jan/development/ProsperOrPerishConstructor/mod/Prosper or Perish (Population Growth & Food Rework)/in_game/common/building_types/zz_pp_lumber_mill_hydraulic_sawmill.txt"",""layer_id"":""constructor"",""layer_name"":""Prosper or Perish Constructor"",""line"":2,""mod_name"":""Prosper or Perish Constructor"",""mode"":""CREATE""}]"
pp_water_sawmill_livestock_tools,building_maintenance,lumber,1.314,"[""tools"",""livestock""]","[0.46,0.26]",false,,,inline,water_sawmill,water_sawmill:unique_production_methods:1,1,0.0,1.314,2.2995,1.8850000000000002,0.41449999999999987,21.989389920424394,[],1.0,1.314,/home/jan/development/ProsperOrPerishConstructor/mod/Prosper or Perish (Population Growth & Food Rework)/in_game/common/building_types/zz_pp_lumber_mill_hydraulic_sawmill.txt,2,constructor,Prosper or Perish Constructor,CREATE,"[{""file"":""/home/jan/development/ProsperOrPerishConstructor/mod/Prosper or Perish (Population Growth & Food Rework)/in_game/common/building_types/zz_pp_lumber_mill_hydraulic_sawmill.txt"",""layer_id"":""constructor"",""layer_name"":""Prosper or Perish Constructor"",""line"":2,""mod_name"":""Prosper or Perish Constructor"",""mode"":""CREATE""}]"
pp_water_sawmill_livestock_victuals,building_maintenance,lumber,1.269,"[""livestock"",""victuals""]","[0.26,0.54]",false,,,inline,water_sawmill,water_sawmill:unique_production_methods:1,1,0.0,1.269,2.22075,2.0100000000000002,0.21074999999999955,10.485074626865648,[],1.0,1.269,/home/jan/development/ProsperOrPerishConstructor/mod/Prosper or Perish (Population Growth & Food Rework)/in_game/common/building_types/zz_pp_lumber_mill_hydraulic_sawmill.txt,2,constructor,Prosper or Perish Constructor,CREATE,"[{""file"":""/home/jan/development/ProsperOrPerishConstructor/mod/Prosper or Perish (Population Growth & Food Rework)/in_game/common/building_types/zz_pp_lumber_mill_hydraulic_sawmill.txt"",""layer_id"":""constructor"",""layer_name"":""Prosper or Perish Constructor"",""line"":2,""mod_name"":""Prosper or Perish Constructor"",""mode"":""CREATE""}]"
pp_water_sawmill_no_crew_support,building_maintenance,,,[],[],false,,,inline,water_sawmill,water_sawmill:unique_production_methods:2,2,0.0,,0.0,0.0,0.0,,[],1.0,,/home/jan/development/ProsperOrPerishConstructor/mod/Prosper or Perish (Population Growth & Food Rework)/in_game/common/building_types/zz_pp_lumber_mill_hydraulic_sawmill.txt,2,constructor,Prosper or Perish Constructor,CREATE,"[{""file"":""/home/jan/development/ProsperOrPerishConstructor/mod/Prosper or Perish (Population Growth & Food Rework)/in_game/common/building_types/zz_pp_lumber_mill_hydraulic_sawmill.txt"",""layer_id"":""constructor"",""layer_name"":""Prosper or Perish Constructor"",""line"":2,""mod_name"":""Prosper or Perish Constructor"",""mode"":""CREATE""}]"
pp_water_sawmill_extra_rations,building_maintenance,lumber,1.208,"[""victuals""]",[0.705],false,,,inline,water_sawmill,water_sawmill:unique_production_methods:2,2,0.0,1.208,2.114,2.1149999999999998,-0.0009999999999998899,-0.04728132387706336,[],1.0,1.208,/home/jan/development/ProsperOrPerishConstructor/mod/Prosper or Perish (Population Growth & Food Rework)/in_game/common/building_types/zz_pp_lumber_mill_hydraulic_sawmill.txt,2,constructor,Prosper or Perish Constructor,CREATE,"[{""file"":""/home/jan/development/ProsperOrPerishConstructor/mod/Prosper or Perish (Population Growth & Food Rework)/in_game/common/building_types/zz_pp_lumber_mill_hydraulic_sawmill.txt"",""layer_id"":""constructor"",""layer_name"":""Prosper or Perish Constructor"",""line"":2,""mod_name"":""Prosper or Perish Constructor"",""mode"":""CREATE""}]"
pp_water_sawmill_wound_salves,building_maintenance,lumber,0.138,"[""medicaments""]",[0.19],false,,,inline,water_sawmill,water_sawmill:unique_production_methods:2,2,0.0,0.138,0.24150000000000002,0.19,0.05150000000000002,27.105263157894743,[],1.0,0.138,/home/jan/development/ProsperOrPerishConstructor/mod/Prosper or Perish (Population Growth & Food Rework)/in_game/common/building_types/zz_pp_lumber_mill_hydraulic_sawmill.txt,2,constructor,Prosper or Perish Constructor,CREATE,"[{""file"":""/home/jan/development/ProsperOrPerishConstructor/mod/Prosper or Perish (Population Growth & Food Rework)/in_game/common/building_types/zz_pp_lumber_mill_hydraulic_sawmill.txt"",""layer_id"":""constructor"",""layer_name"":""Prosper or Perish Constructor"",""line"":2,""mod_name"":""Prosper or Perish Constructor"",""mode"":""CREATE""}]"
pp_lumber_mill_improved_base_lumber,building_maintenance,lumber,0.053,[],[],false,,,inline,lumber_mill_improved,lumber_mill_improved:unique_production_methods:0,0,0.0,0.053,0.09275,0.0,0.09275,,[],1.0,0.053,/home/jan/development/ProsperOrPerishConstructor/mod/Prosper or Perish (Population Growth & Food Rework)/in_game/common/building_types/zz_pp_lumber_mill_improved.txt,2,constructor,Prosper or Perish Constructor,CREATE,"[{""file"":""/home/jan/development/ProsperOrPerishConstructor/mod/Prosper or Perish (Population Growth & Food Rework)/in_game/common/building_types/zz_pp_lumber_mill_improved.txt"",""layer_id"":""constructor"",""layer_name"":""Prosper or Perish Constructor"",""line"":2,""mod_name"":""Prosper or Perish Constructor"",""mode"":""CREATE""}]"
pp_lumber_mill_improved_no_primary,building_maintenance,,,[],[],false,,,inline,lumber_mill_improved,lumber_mill_improved:unique_production_methods:1,1,0.0,,0.0,0.0,0.0,,[],1.0,,/home/jan/development/ProsperOrPerishConstructor/mod/Prosper or Perish (Population Growth & Food Rework)/in_game/common/building_types/zz_pp_lumber_mill_improved.txt,2,constructor,Prosper or Perish Constructor,CREATE,"[{""file"":""/home/jan/development/ProsperOrPerishConstructor/mod/Prosper or Perish (Population Growth & Food Rework)/in_game/common/building_types/zz_pp_lumber_mill_improved.txt"",""layer_id"":""constructor"",""layer_name"":""Prosper or Perish Constructor"",""line"":2,""mod_name"":""Prosper or Perish Constructor"",""mode"":""CREATE""}]"
pp_lumber_mill_improved_horse_tools,building_maintenance,lumber,1.714,"[""tools"",""horses"",""paper""]","[0.567,0.2,0.02]",false,,,inline,lumber_mill_improved,lumber_mill_improved:unique_production_methods:1,1,0.0,1.714,2.9995,2.4827500000000002,0.5167499999999996,20.813613936159484,[],1.0,1.714,/home/jan/development/ProsperOrPerishConstructor/mod/Prosper or Perish (Population Growth & Food Rework)/in_game/common/building_types/zz_pp_lumber_mill_improved.txt,2,constructor,Prosper or Perish Constructor,CREATE,"[{""file"":""/home/jan/development/ProsperOrPerishConstructor/mod/Prosper or Perish (Population Growth & Food Rework)/in_game/common/building_types/zz_pp_lumber_mill_improved.txt"",""layer_id"":""constructor"",""layer_name"":""Prosper or Perish Constructor"",""line"":2,""mod_name"":""Prosper or Perish Constructor"",""mode"":""CREATE""}]"
pp_lumber_mill_improved_horse_victuals,building_maintenance,lumber,1.669,"[""horses"",""victuals"",""paper""]","[0.2,0.66,0.02]",false,,,inline,lumber_mill_improved,lumber_mill_improved:unique_production_methods:1,1,0.0,1.669,2.92075,2.62,0.30074999999999985,11.47900763358778,[],1.0,1.669,/home/jan/development/ProsperOrPerishConstructor/mod/Prosper or Perish (Population Growth & Food Rework)/in_game/common/building_types/zz_pp_lumber_mill_improved.txt,2,constructor,Prosper or Perish Constructor,CREATE,"[{""file"":""/home/jan/development/ProsperOrPerishConstructor/mod/Prosper or Perish (Population Growth & Food Rework)/in_game/common/building_types/zz_pp_lumber_mill_improved.txt"",""layer_id"":""constructor"",""layer_name"":""Prosper or Perish Constructor"",""line"":2,""mod_name"":""Prosper or Perish Constructor"",""mode"":""CREATE""}]"
pp_lumber_mill_improved_livestock_tools,building_maintenance,lumber,1.589,"[""tools"",""livestock"",""paper""]","[0.533,0.4,0.02]",false,,,inline,lumber_mill_improved,lumber_mill_improved:unique_production_methods:1,1,0.0,1.589,2.78075,2.37225,0.40849999999999964,17.219938876593936,[],1.0,1.589,/home/jan/development/ProsperOrPerishConstructor/mod/Prosper or Perish (Population Growth & Food Rework)/in_game/common/building_types/zz_pp_lumber_mill_improved.txt,2,constructor,Prosper or Perish Constructor,CREATE,"[{""file"":""/home/jan/development/ProsperOrPerishConstructor/mod/Prosper or Perish (Population Growth & Food Rework)/in_game/common/building_types/zz_pp_lumber_mill_improved.txt"",""layer_id"":""constructor"",""layer_name"":""Prosper or Perish Constructor"",""line"":2,""mod_name"":""Prosper or Perish Constructor"",""mode"":""CREATE""}]"
pp_lumber_mill_improved_livestock_victuals,building_maintenance,lumber,1.543,"[""livestock"",""victuals"",""paper""]","[0.4,0.62,0.02]",false,,,inline,lumber_mill_improved,lumber_mill_improved:unique_production_methods:1,1,0.0,1.543,2.70025,2.5,0.20025000000000004,8.010000000000002,[],1.0,1.543,/home/jan/development/ProsperOrPerishConstructor/mod/Prosper or Perish (Population Growth & Food Rework)/in_game/common/building_types/zz_pp_lumber_mill_improved.txt,2,constructor,Prosper or Perish Constructor,CREATE,"[{""file"":""/home/jan/development/ProsperOrPerishConstructor/mod/Prosper or Perish (Population Growth & Food Rework)/in_game/common/building_types/zz_pp_lumber_mill_improved.txt"",""layer_id"":""constructor"",""layer_name"":""Prosper or Perish Constructor"",""line"":2,""mod_name"":""Prosper or Perish Constructor"",""mode"":""CREATE""}]"
pp_lumber_mill_improved_no_crew_support,building_maintenance,,,[],[],false,,,inline,lumber_mill_improved,lumber_mill_improved:unique_production_methods:2,2,0.0,,0.0,0.0,0.0,,[],1.0,,/home/jan/development/ProsperOrPerishConstructor/mod/Prosper or Perish (Population Growth & Food Rework)/in_game/common/building_types/zz_pp_lumber_mill_improved.txt,2,constructor,Prosper or Perish Constructor,CREATE,"[{""file"":""/home/jan/development/ProsperOrPerishConstructor/mod/Prosper or Perish (Population Growth & Food Rework)/in_game/common/building_types/zz_pp_lumber_mill_improved.txt"",""layer_id"":""constructor"",""layer_name"":""Prosper or Perish Constructor"",""line"":2,""mod_name"":""Prosper or Perish Constructor"",""mode"":""CREATE""}]"
pp_lumber_mill_improved_wound_salves,building_maintenance,lumber,0.123,"[""medicaments""]",[0.17],false,,,inline,lumber_mill_improved,lumber_mill_improved:unique_production_methods:2,2,0.0,0.123,0.21525,0.17,0.045249999999999985,26.61764705882352,[],1.0,0.123,/home/jan/development/ProsperOrPerishConstructor/mod/Prosper or Perish (Population Growth & Food Rework)/in_game/common/building_types/zz_pp_lumber_mill_improved.txt,2,constructor,Prosper or Perish Constructor,CREATE,"[{""file"":""/home/jan/development/ProsperOrPerishConstructor/mod/Prosper or Perish (Population Growth & Food Rework)/in_game/common/building_types/zz_pp_lumber_mill_improved.txt"",""layer_id"":""constructor"",""layer_name"":""Prosper or Perish Constructor"",""line"":2,""mod_name"":""Prosper or Perish Constructor"",""mode"":""CREATE""}]"
pp_managed_cocoa_grove_base_cocoa,building_maintenance,cocoa,0.05,[],[],false,,,inline,managed_cocoa_grove,managed_cocoa_grove:unique_production_methods:0,0,0.0,0.05,0.2,0.0,0.2,,[],1.0,0.05,/home/jan/development/ProsperOrPerishConstructor/mod/Prosper or Perish (Population Growth & Food Rework)/in_game/common/building_types/zz_pp_managed_cocoa_grove.txt,2,constructor,Prosper or Perish Constructor,CREATE,"[{""file"":""/home/jan/development/ProsperOrPerishConstructor/mod/Prosper or Perish (Population Growth & Food Rework)/in_game/common/building_types/zz_pp_managed_cocoa_grove.txt"",""layer_id"":""constructor"",""layer_name"":""Prosper or Perish Constructor"",""line"":2,""mod_name"":""Prosper or Perish Constructor"",""mode"":""CREATE""}]"
pp_managed_cocoa_grove_no_fermentation,building_maintenance,,,[],[],false,,,inline,managed_cocoa_grove,managed_cocoa_grove:unique_production_methods:1,1,0.0,,0.0,0.0,0.0,,[],1.0,,/home/jan/development/ProsperOrPerishConstructor/mod/Prosper or Perish (Population Growth & Food Rework)/in_game/common/building_types/zz_pp_managed_cocoa_grove.txt,2,constructor,Prosper or Perish Constructor,CREATE,"[{""file"":""/home/jan/development/ProsperOrPerishConstructor/mod/Prosper or Perish (Population Growth & Food Rework)/in_game/common/building_types/zz_pp_managed_cocoa_grove.txt"",""layer_id"":""constructor"",""layer_name"":""Prosper or Perish Constructor"",""line"":2,""mod_name"":""Prosper or Perish Constructor"",""mode"":""CREATE""}]"
pp_managed_cocoa_grove_fermentation_boxes,building_maintenance,cocoa,0.114,"[""furniture"",""fiber_crops""]","[0.1,0.04]",false,,,inline,managed_cocoa_grove,managed_cocoa_grove:unique_production_methods:1,1,0.0,0.114,0.456,0.38000000000000006,0.07599999999999996,19.999999999999986,[],1.0,0.114,/home/jan/development/ProsperOrPerishConstructor/mod/Prosper or Perish (Population Growth & Food Rework)/in_game/common/building_types/zz_pp_managed_cocoa_grove.txt,2,constructor,Prosper or Perish Constructor,CREATE,"[{""file"":""/home/jan/development/ProsperOrPerishConstructor/mod/Prosper or Perish (Population Growth & Food Rework)/in_game/common/building_types/zz_pp_managed_cocoa_grove.txt"",""layer_id"":""constructor"",""layer_name"":""Prosper or Perish Constructor"",""line"":2,""mod_name"":""Prosper or Perish Constructor"",""mode"":""CREATE""}]"
pp_managed_cocoa_grove_unmanaged_shade,building_maintenance,,,[],[],false,,,inline,managed_cocoa_grove,managed_cocoa_grove:unique_production_methods:2,2,0.0,,0.0,0.0,0.0,,[],1.0,,/home/jan/development/ProsperOrPerishConstructor/mod/Prosper or Perish (Population Growth & Food Rework)/in_game/common/building_types/zz_pp_managed_cocoa_grove.txt,2,constructor,Prosper or Perish Constructor,CREATE,"[{""file"":""/home/jan/development/ProsperOrPerishConstructor/mod/Prosper or Perish (Population Growth & Food Rework)/in_game/common/building_types/zz_pp_managed_cocoa_grove.txt"",""layer_id"":""constructor"",""layer_name"":""Prosper or Perish Constructor"",""line"":2,""mod_name"":""Prosper or Perish Constructor"",""mode"":""CREATE""}]"
pp_managed_cocoa_grove_managed_shade,building_maintenance,cocoa,0.156,"[""furniture"",""fiber_crops""]","[0.08,0.074]",false,,,inline,managed_cocoa_grove,managed_cocoa_grove:unique_production_methods:2,2,0.0,0.156,0.624,0.388,0.236,60.824742268041234,[],1.0,0.156,/home/jan/development/ProsperOrPerishConstructor/mod/Prosper or Perish (Population Growth & Food Rework)/in_game/common/building_types/zz_pp_managed_cocoa_grove.txt,2,constructor,Prosper or Perish Constructor,CREATE,"[{""file"":""/home/jan/development/ProsperOrPerishConstructor/mod/Prosper or Perish (Population Growth & Food Rework)/in_game/common/building_types/zz_pp_managed_cocoa_grove.txt"",""layer_id"":""constructor"",""layer_name"":""Prosper or Perish Constructor"",""line"":2,""mod_name"":""Prosper or Perish Constructor"",""mode"":""CREATE""}]"
pp_managed_forest_village_base_leather,building_maintenance,leather,0.1,[],[],false,,,inline,managed_forest_village,managed_forest_village:unique_production_methods:0,0,0.0,0.1,0.30000000000000004,0.0,0.30000000000000004,,[],1.0,0.1,/home/jan/development/ProsperOrPerishConstructor/mod/Prosper or Perish (Population Growth & Food Rework)/in_game/common/building_types/zz_pp_managed_forest_village.txt,2,constructor,Prosper or Perish Constructor,CREATE,"[{""file"":""/home/jan/development/ProsperOrPerishConstructor/mod/Prosper or Perish (Population Growth & Food Rework)/in_game/common/building_types/zz_pp_managed_forest_village.txt"",""layer_id"":""constructor"",""layer_name"":""Prosper or Perish Constructor"",""line"":2,""mod_name"":""Prosper or Perish Constructor"",""mode"":""CREATE""}]"
pp_managed_forest_village_base_wild_game,building_maintenance,wild_game,0.1,[],[],false,,,inline,managed_forest_village,managed_forest_village:unique_production_methods:0,0,0.0,0.1,0.1,0.0,0.1,,[],1.0,0.1,/home/jan/development/ProsperOrPerishConstructor/mod/Prosper or Perish (Population Growth & Food Rework)/in_game/common/building_types/zz_pp_managed_forest_village.txt,2,constructor,Prosper or Perish Constructor,CREATE,"[{""file"":""/home/jan/development/ProsperOrPerishConstructor/mod/Prosper or Perish (Population Growth & Food Rework)/in_game/common/building_types/zz_pp_managed_forest_village.txt"",""layer_id"":""constructor"",""layer_name"":""Prosper or Perish Constructor"",""line"":2,""mod_name"":""Prosper or Perish Constructor"",""mode"":""CREATE""}]"
pp_managed_forest_village_base_fur,building_maintenance,fur,0.1,[],[],false,,,inline,managed_forest_village,managed_forest_village:unique_production_methods:0,0,0.0,0.1,0.2,0.0,0.2,,[],1.0,0.1,/home/jan/development/ProsperOrPerishConstructor/mod/Prosper or Perish (Population Growth & Food Rework)/in_game/common/building_types/zz_pp_managed_forest_village.txt,2,constructor,Prosper or Perish Constructor,CREATE,"[{""file"":""/home/jan/development/ProsperOrPerishConstructor/mod/Prosper or Perish (Population Growth & Food Rework)/in_game/common/building_types/zz_pp_managed_forest_village.txt"",""layer_id"":""constructor"",""layer_name"":""Prosper or Perish Constructor"",""line"":2,""mod_name"":""Prosper or Perish Constructor"",""mode"":""CREATE""}]"
pp_managed_forest_village_base_beeswax,building_maintenance,beeswax,0.1,[],[],false,,,inline,managed_forest_village,managed_forest_village:unique_production_methods:0,0,0.0,0.1,0.2,0.0,0.2,,[],1.0,0.1,/home/jan/development/ProsperOrPerishConstructor/mod/Prosper or Perish (Population Growth & Food Rework)/in_game/common/building_types/zz_pp_managed_forest_village.txt,2,constructor,Prosper or Perish Constructor,CREATE,"[{""file"":""/home/jan/development/ProsperOrPerishConstructor/mod/Prosper or Perish (Population Growth & Food Rework)/in_game/common/building_types/zz_pp_managed_forest_village.txt"",""layer_id"":""constructor"",""layer_name"":""Prosper or Perish Constructor"",""line"":2,""mod_name"":""Prosper or Perish Constructor"",""mode"":""CREATE""}]"
pp_managed_forest_village_no_primary,building_maintenance,,,[],[],false,,,inline,managed_forest_village,managed_forest_village:unique_production_methods:1,1,0.0,,0.0,0.0,0.0,,[],1.0,,/home/jan/development/ProsperOrPerishConstructor/mod/Prosper or Perish (Population Growth & Food Rework)/in_game/common/building_types/zz_pp_managed_forest_village.txt,2,constructor,Prosper or Perish Constructor,CREATE,"[{""file"":""/home/jan/development/ProsperOrPerishConstructor/mod/Prosper or Perish (Population Growth & Food Rework)/in_game/common/building_types/zz_pp_managed_forest_village.txt"",""layer_id"":""constructor"",""layer_name"":""Prosper or Perish Constructor"",""line"":2,""mod_name"":""Prosper or Perish Constructor"",""mode"":""CREATE""}]"
pp_managed_forest_village_tannery,building_maintenance,leather,0.474,"[""wild_game"",""tools"",""horses"",""victuals"",""paper""]","[0.54,0.14,0.06,0.06,0.01]",false,,,inline,managed_forest_village,managed_forest_village:unique_production_methods:1,1,0.0,0.474,1.422,1.375,0.04699999999999993,3.418181818181813,[],1.0,0.474,/home/jan/development/ProsperOrPerishConstructor/mod/Prosper or Perish (Population Growth & Food Rework)/in_game/common/building_types/zz_pp_managed_forest_village.txt,2,constructor,Prosper or Perish Constructor,CREATE,"[{""file"":""/home/jan/development/ProsperOrPerishConstructor/mod/Prosper or Perish (Population Growth & Food Rework)/in_game/common/building_types/zz_pp_managed_forest_village.txt"",""layer_id"":""constructor"",""layer_name"":""Prosper or Perish Constructor"",""line"":2,""mod_name"":""Prosper or Perish Constructor"",""mode"":""CREATE""}]"
pp_managed_forest_village_gamekeepers,building_maintenance,wild_game,1.367,"[""tools"",""horses"",""victuals"",""paper"",""lumber""]","[0.174,0.122,0.109,0.01,0.08]",false,,,inline,managed_forest_village,managed_forest_village:unique_production_methods:1,1,0.0,1.367,1.367,1.4184999999999999,-0.05149999999999988,-3.6305956996827553,[],1.0,1.367,/home/jan/development/ProsperOrPerishConstructor/mod/Prosper or Perish (Population Growth & Food Rework)/in_game/common/building_types/zz_pp_managed_forest_village.txt,2,constructor,Prosper or Perish Constructor,CREATE,"[{""file"":""/home/jan/development/ProsperOrPerishConstructor/mod/Prosper or Perish (Population Growth & Food Rework)/in_game/common/building_types/zz_pp_managed_forest_village.txt"",""layer_id"":""constructor"",""layer_name"":""Prosper or Perish Constructor"",""line"":2,""mod_name"":""Prosper or Perish Constructor"",""mode"":""CREATE""}]"
pp_managed_forest_village_fur_trappers,building_maintenance,fur,0.685,"[""tools"",""horses"",""victuals"",""paper"",""lumber""]","[0.174,0.109,0.109,0.019,0.096]",false,,,inline,managed_forest_village,managed_forest_village:unique_production_methods:1,1,0.0,0.685,1.37,1.4255,-0.05549999999999988,-3.89337074710627,[],1.0,0.685,/home/jan/development/ProsperOrPerishConstructor/mod/Prosper or Perish (Population Growth & Food Rework)/in_game/common/building_types/zz_pp_managed_forest_village.txt,2,constructor,Prosper or Perish Constructor,CREATE,"[{""file"":""/home/jan/development/ProsperOrPerishConstructor/mod/Prosper or Perish (Population Growth & Food Rework)/in_game/common/building_types/zz_pp_managed_forest_village.txt"",""layer_id"":""constructor"",""layer_name"":""Prosper or Perish Constructor"",""line"":2,""mod_name"":""Prosper or Perish Constructor"",""mode"":""CREATE""}]"
pp_managed_forest_village_apiaries,building_maintenance,beeswax,0.675,"[""tools"",""cloth"",""lumber"",""paper"",""victuals""]","[0.161,0.096,0.13,0.032,0.1]",false,,,inline,managed_forest_village,managed_forest_village:unique_production_methods:1,1,0.0,0.675,1.35,1.4027500000000002,-0.052750000000000075,-3.7604705043664284,[],1.0,0.675,/home/jan/development/ProsperOrPerishConstructor/mod/Prosper or Perish (Population Growth & Food Rework)/in_game/common/building_types/zz_pp_managed_forest_village.txt,2,constructor,Prosper or Perish Constructor,CREATE,"[{""file"":""/home/jan/development/ProsperOrPerishConstructor/mod/Prosper or Perish (Population Growth & Food Rework)/in_game/common/building_types/zz_pp_managed_forest_village.txt"",""layer_id"":""constructor"",""layer_name"":""Prosper or Perish Constructor"",""line"":2,""mod_name"":""Prosper or Perish Constructor"",""mode"":""CREATE""}]"
pp_managed_forest_village_no_worker_victuals,building_maintenance,,,[],[],false,,,inline,managed_forest_village,managed_forest_village:unique_production_methods:2,2,0.0,,0.0,0.0,0.0,,[],1.0,,/home/jan/development/ProsperOrPerishConstructor/mod/Prosper or Perish (Population Growth & Food Rework)/in_game/common/building_types/zz_pp_managed_forest_village.txt,2,constructor,Prosper or Perish Constructor,CREATE,"[{""file"":""/home/jan/development/ProsperOrPerishConstructor/mod/Prosper or Perish (Population Growth & Food Rework)/in_game/common/building_types/zz_pp_managed_forest_village.txt"",""layer_id"":""constructor"",""layer_name"":""Prosper or Perish Constructor"",""line"":2,""mod_name"":""Prosper or Perish Constructor"",""mode"":""CREATE""}]"
pp_managed_forest_village_worker_victuals,building_maintenance,victuals,0.067,[],[],false,,,inline,managed_forest_village,managed_forest_village:unique_production_methods:2,2,0.0,0.067,0.201,0.0,0.201,,[],1.0,0.067,/home/jan/development/ProsperOrPerishConstructor/mod/Prosper or Perish (Population Growth & Food Rework)/in_game/common/building_types/zz_pp_managed_forest_village.txt,2,constructor,Prosper or Perish Constructor,CREATE,"[{""file"":""/home/jan/development/ProsperOrPerishConstructor/mod/Prosper or Perish (Population Growth & Food Rework)/in_game/common/building_types/zz_pp_managed_forest_village.txt"",""layer_id"":""constructor"",""layer_name"":""Prosper or Perish Constructor"",""line"":2,""mod_name"":""Prosper or Perish Constructor"",""mode"":""CREATE""}]"
pp_marble_quarry_base_marble,building_maintenance,marble,0.07,[],[],false,,,inline,marble_quarry,marble_quarry:unique_production_methods:0,0,0.0,0.07,0.35000000000000003,0.0,0.35000000000000003,,[],1.0,0.07,/home/jan/development/ProsperOrPerishConstructor/mod/Prosper or Perish (Population Growth & Food Rework)/in_game/common/building_types/zz_pp_marble_quarry.txt,2,constructor,Prosper or Perish Constructor,CREATE,"[{""file"":""/home/jan/development/ProsperOrPerishConstructor/mod/Prosper or Perish (Population Growth & Food Rework)/in_game/common/building_types/zz_pp_marble_quarry.txt"",""layer_id"":""constructor"",""layer_name"":""Prosper or Perish Constructor"",""line"":2,""mod_name"":""Prosper or Perish Constructor"",""mode"":""CREATE""}]"
pp_marble_quarry_no_primary,building_maintenance,,,[],[],false,,,inline,marble_quarry,marble_quarry:unique_production_methods:1,1,0.0,,0.0,0.0,0.0,,[],1.0,,/home/jan/development/ProsperOrPerishConstructor/mod/Prosper or Perish (Population Growth & Food Rework)/in_game/common/building_types/zz_pp_marble_quarry.txt,2,constructor,Prosper or Perish Constructor,CREATE,"[{""file"":""/home/jan/development/ProsperOrPerishConstructor/mod/Prosper or Perish (Population Growth & Food Rework)/in_game/common/building_types/zz_pp_marble_quarry.txt"",""layer_id"":""constructor"",""layer_name"":""Prosper or Perish Constructor"",""line"":2,""mod_name"":""Prosper or Perish Constructor"",""mode"":""CREATE""}]"
pp_marble_quarry_marble,building_maintenance,marble,0.301,"[""lumber"",""tools"",""leather""]","[0.22,0.25,0.06]",false,,,inline,marble_quarry,marble_quarry:unique_production_methods:1,1,0.0,0.301,1.505,1.3775,0.12749999999999995,9.255898366606168,[],1.0,0.301,/home/jan/development/ProsperOrPerishConstructor/mod/Prosper or Perish (Population Growth & Food Rework)/in_game/common/building_types/zz_pp_marble_quarry.txt,2,constructor,Prosper or Perish Constructor,CREATE,"[{""file"":""/home/jan/development/ProsperOrPerishConstructor/mod/Prosper or Perish (Population Growth & Food Rework)/in_game/common/building_types/zz_pp_marble_quarry.txt"",""layer_id"":""constructor"",""layer_name"":""Prosper or Perish Constructor"",""line"":2,""mod_name"":""Prosper or Perish Constructor"",""mode"":""CREATE""}]"
pp_marble_quarry_no_secondary,building_maintenance,,,[],[],false,,,inline,marble_quarry,marble_quarry:unique_production_methods:2,2,0.0,,0.0,0.0,0.0,,[],1.0,,/home/jan/development/ProsperOrPerishConstructor/mod/Prosper or Perish (Population Growth & Food Rework)/in_game/common/building_types/zz_pp_marble_quarry.txt,2,constructor,Prosper or Perish Constructor,CREATE,"[{""file"":""/home/jan/development/ProsperOrPerishConstructor/mod/Prosper or Perish (Population Growth & Food Rework)/in_game/common/building_types/zz_pp_marble_quarry.txt"",""layer_id"":""constructor"",""layer_name"":""Prosper or Perish Constructor"",""line"":2,""mod_name"":""Prosper or Perish Constructor"",""mode"":""CREATE""}]"
pp_marble_quarry_stone,building_maintenance,stone,0.144,"[""lumber"",""tools""]","[0.04,0.02]",false,,,inline,marble_quarry,marble_quarry:unique_production_methods:2,2,0.0,0.144,0.144,0.135,0.00899999999999998,6.666666666666651,[],1.0,0.144,/home/jan/development/ProsperOrPerishConstructor/mod/Prosper or Perish (Population Growth & Food Rework)/in_game/common/building_types/zz_pp_marble_quarry.txt,2,constructor,Prosper or Perish Constructor,CREATE,"[{""file"":""/home/jan/development/ProsperOrPerishConstructor/mod/Prosper or Perish (Population Growth & Food Rework)/in_game/common/building_types/zz_pp_marble_quarry.txt"",""layer_id"":""constructor"",""layer_name"":""Prosper or Perish Constructor"",""line"":2,""mod_name"":""Prosper or Perish Constructor"",""mode"":""CREATE""}]"
pp_marble_quarry_sand,building_maintenance,sand,0.192,"[""lumber"",""tools""]","[0.03,0.01]",false,,,inline,marble_quarry,marble_quarry:unique_production_methods:2,2,0.0,0.192,0.096,0.08499999999999999,0.01100000000000001,12.941176470588248,[],1.0,0.192,/home/jan/development/ProsperOrPerishConstructor/mod/Prosper or Perish (Population Growth & Food Rework)/in_game/common/building_types/zz_pp_marble_quarry.txt,2,constructor,Prosper or Perish Constructor,CREATE,"[{""file"":""/home/jan/development/ProsperOrPerishConstructor/mod/Prosper or Perish (Population Growth & Food Rework)/in_game/common/building_types/zz_pp_marble_quarry.txt"",""layer_id"":""constructor"",""layer_name"":""Prosper or Perish Constructor"",""line"":2,""mod_name"":""Prosper or Perish Constructor"",""mode"":""CREATE""}]"
pp_marble_saw_yard_base_marble,building_maintenance,marble,0.08,[],[],false,,,inline,marble_saw_yard,marble_saw_yard:unique_production_methods:0,0,0.0,0.08,0.4,0.0,0.4,,[],1.0,0.08,/home/jan/development/ProsperOrPerishConstructor/mod/Prosper or Perish (Population Growth & Food Rework)/in_game/common/building_types/zz_pp_marble_saw_yard.txt,2,constructor,Prosper or Perish Constructor,CREATE,"[{""file"":""/home/jan/development/ProsperOrPerishConstructor/mod/Prosper or Perish (Population Growth & Food Rework)/in_game/common/building_types/zz_pp_marble_saw_yard.txt"",""layer_id"":""constructor"",""layer_name"":""Prosper or Perish Constructor"",""line"":2,""mod_name"":""Prosper or Perish Constructor"",""mode"":""CREATE""}]"
pp_marble_saw_yard_no_primary,building_maintenance,,,[],[],false,,,inline,marble_saw_yard,marble_saw_yard:unique_production_methods:1,1,0.0,,0.0,0.0,0.0,,[],1.0,,/home/jan/development/ProsperOrPerishConstructor/mod/Prosper or Perish (Population Growth & Food Rework)/in_game/common/building_types/zz_pp_marble_saw_yard.txt,2,constructor,Prosper or Perish Constructor,CREATE,"[{""file"":""/home/jan/development/ProsperOrPerishConstructor/mod/Prosper or Perish (Population Growth & Food Rework)/in_game/common/building_types/zz_pp_marble_saw_yard.txt"",""layer_id"":""constructor"",""layer_name"":""Prosper or Perish Constructor"",""line"":2,""mod_name"":""Prosper or Perish Constructor"",""mode"":""CREATE""}]"
pp_marble_saw_yard_marble,building_maintenance,marble,0.35,"[""lumber"",""tools"",""leather""]","[0.25,0.29,0.07]",false,,,inline,marble_saw_yard,marble_saw_yard:unique_production_methods:1,1,0.0,0.35,1.75,1.5899999999999999,0.16000000000000014,10.062893081761016,[],1.0,0.35,/home/jan/development/ProsperOrPerishConstructor/mod/Prosper or Perish (Population Growth & Food Rework)/in_game/common/building_types/zz_pp_marble_saw_yard.txt,2,constructor,Prosper or Perish Constructor,CREATE,"[{""file"":""/home/jan/development/ProsperOrPerishConstructor/mod/Prosper or Perish (Population Growth & Food Rework)/in_game/common/building_types/zz_pp_marble_saw_yard.txt"",""layer_id"":""constructor"",""layer_name"":""Prosper or Perish Constructor"",""line"":2,""mod_name"":""Prosper or Perish Constructor"",""mode"":""CREATE""}]"
pp_marble_saw_yard_no_secondary,building_maintenance,,,[],[],false,,,inline,marble_saw_yard,marble_saw_yard:unique_production_methods:2,2,0.0,,0.0,0.0,0.0,,[],1.0,,/home/jan/development/ProsperOrPerishConstructor/mod/Prosper or Perish (Population Growth & Food Rework)/in_game/common/building_types/zz_pp_marble_saw_yard.txt,2,constructor,Prosper or Perish Constructor,CREATE,"[{""file"":""/home/jan/development/ProsperOrPerishConstructor/mod/Prosper or Perish (Population Growth & Food Rework)/in_game/common/building_types/zz_pp_marble_saw_yard.txt"",""layer_id"":""constructor"",""layer_name"":""Prosper or Perish Constructor"",""line"":2,""mod_name"":""Prosper or Perish Constructor"",""mode"":""CREATE""}]"
pp_marble_saw_yard_stone,building_maintenance,stone,0.144,"[""lumber"",""tools""]","[0.04,0.02]",false,,,inline,marble_saw_yard,marble_saw_yard:unique_production_methods:2,2,0.0,0.144,0.144,0.135,0.00899999999999998,6.666666666666651,[],1.0,0.144,/home/jan/development/ProsperOrPerishConstructor/mod/Prosper or Perish (Population Growth & Food Rework)/in_game/common/building_types/zz_pp_marble_saw_yard.txt,2,constructor,Prosper or Perish Constructor,CREATE,"[{""file"":""/home/jan/development/ProsperOrPerishConstructor/mod/Prosper or Perish (Population Growth & Food Rework)/in_game/common/building_types/zz_pp_marble_saw_yard.txt"",""layer_id"":""constructor"",""layer_name"":""Prosper or Perish Constructor"",""line"":2,""mod_name"":""Prosper or Perish Constructor"",""mode"":""CREATE""}]"
pp_marble_saw_yard_sand,building_maintenance,sand,0.198,"[""lumber"",""tools""]","[0.03,0.02]",false,,,inline,marble_saw_yard,marble_saw_yard:unique_production_methods:2,2,0.0,0.198,0.099,0.1175,-0.01849999999999999,-15.744680851063823,[],1.0,0.198,/home/jan/development/ProsperOrPerishConstructor/mod/Prosper or Perish (Population Growth & Food Rework)/in_game/common/building_types/zz_pp_marble_saw_yard.txt,2,constructor,Prosper or Perish Constructor,CREATE,"[{""file"":""/home/jan/development/ProsperOrPerishConstructor/mod/Prosper or Perish (Population Growth & Food Rework)/in_game/common/building_types/zz_pp_marble_saw_yard.txt"",""layer_id"":""constructor"",""layer_name"":""Prosper or Perish Constructor"",""line"":2,""mod_name"":""Prosper or Perish Constructor"",""mode"":""CREATE""}]"
pp_market_cotton_farm_base_cotton,building_maintenance,cotton,0.052,[],[],false,,,inline,market_cotton_farm,market_cotton_farm:unique_production_methods:0,0,0.0,0.052,0.156,0.0,0.156,,[],1.0,0.052,/home/jan/development/ProsperOrPerishConstructor/mod/Prosper or Perish (Population Growth & Food Rework)/in_game/common/building_types/zz_pp_market_cotton_farm.txt,2,constructor,Prosper or Perish Constructor,CREATE,"[{""file"":""/home/jan/development/ProsperOrPerishConstructor/mod/Prosper or Perish (Population Growth & Food Rework)/in_game/common/building_types/zz_pp_market_cotton_farm.txt"",""layer_id"":""constructor"",""layer_name"":""Prosper or Perish Constructor"",""line"":2,""mod_name"":""Prosper or Perish Constructor"",""mode"":""CREATE""}]"
pp_market_cotton_farm_hand_ginning,building_maintenance,,,[],[],false,,,inline,market_cotton_farm,market_cotton_farm:unique_production_methods:1,1,0.0,,0.0,0.0,0.0,,[],1.0,,/home/jan/development/ProsperOrPerishConstructor/mod/Prosper or Perish (Population Growth & Food Rework)/in_game/common/building_types/zz_pp_market_cotton_farm.txt,2,constructor,Prosper or Perish Constructor,CREATE,"[{""file"":""/home/jan/development/ProsperOrPerishConstructor/mod/Prosper or Perish (Population Growth & Food Rework)/in_game/common/building_types/zz_pp_market_cotton_farm.txt"",""layer_id"":""constructor"",""layer_name"":""Prosper or Perish Constructor"",""line"":2,""mod_name"":""Prosper or Perish Constructor"",""mode"":""CREATE""}]"
pp_market_cotton_farm_roller_gin_house,building_maintenance,cotton,0.065,"[""furniture"",""tools""]","[0.06,0.006]",false,,,inline,market_cotton_farm,market_cotton_farm:unique_production_methods:1,1,0.0,0.065,0.195,0.19949999999999998,-0.004499999999999976,-2.2556390977443495,[],1.0,0.065,/home/jan/development/ProsperOrPerishConstructor/mod/Prosper or Perish (Population Growth & Food Rework)/in_game/common/building_types/zz_pp_market_cotton_farm.txt,2,constructor,Prosper or Perish Constructor,CREATE,"[{""file"":""/home/jan/development/ProsperOrPerishConstructor/mod/Prosper or Perish (Population Growth & Food Rework)/in_game/common/building_types/zz_pp_market_cotton_farm.txt"",""layer_id"":""constructor"",""layer_name"":""Prosper or Perish Constructor"",""line"":2,""mod_name"":""Prosper or Perish Constructor"",""mode"":""CREATE""}]"
pp_market_cotton_farm_loose_packing,building_maintenance,,,[],[],false,,,inline,market_cotton_farm,market_cotton_farm:unique_production_methods:2,2,0.0,,0.0,0.0,0.0,,[],1.0,,/home/jan/development/ProsperOrPerishConstructor/mod/Prosper or Perish (Population Growth & Food Rework)/in_game/common/building_types/zz_pp_market_cotton_farm.txt,2,constructor,Prosper or Perish Constructor,CREATE,"[{""file"":""/home/jan/development/ProsperOrPerishConstructor/mod/Prosper or Perish (Population Growth & Food Rework)/in_game/common/building_types/zz_pp_market_cotton_farm.txt"",""layer_id"":""constructor"",""layer_name"":""Prosper or Perish Constructor"",""line"":2,""mod_name"":""Prosper or Perish Constructor"",""mode"":""CREATE""}]"
pp_market_cotton_farm_bale_yard,building_maintenance,cotton,0.041,"[""fiber_crops"",""furniture"",""tools""]","[0.045,0.025,0.004]",false,,,inline,market_cotton_farm,market_cotton_farm:unique_production_methods:2,2,0.0,0.041,0.123,0.17800000000000002,-0.05500000000000002,-30.89887640449439,[],1.0,0.041,/home/jan/development/ProsperOrPerishConstructor/mod/Prosper or Perish (Population Growth & Food Rework)/in_game/common/building_types/zz_pp_market_cotton_farm.txt,2,constructor,Prosper or Perish Constructor,CREATE,"[{""file"":""/home/jan/development/ProsperOrPerishConstructor/mod/Prosper or Perish (Population Growth & Food Rework)/in_game/common/building_types/zz_pp_market_cotton_farm.txt"",""layer_id"":""constructor"",""layer_name"":""Prosper or Perish Constructor"",""line"":2,""mod_name"":""Prosper or Perish Constructor"",""mode"":""CREATE""}]"
pp_model_farm_base_livestock,building_maintenance,livestock,0.1,[],[],false,,,inline,model_farm,model_farm:unique_production_methods:0,0,0.0,0.1,0.15000000000000002,0.0,0.15000000000000002,,[],1.0,0.1,/home/jan/development/ProsperOrPerishConstructor/mod/Prosper or Perish (Population Growth & Food Rework)/in_game/common/building_types/zz_pp_model_farm.txt,2,constructor,Prosper or Perish Constructor,CREATE,"[{""file"":""/home/jan/development/ProsperOrPerishConstructor/mod/Prosper or Perish (Population Growth & Food Rework)/in_game/common/building_types/zz_pp_model_farm.txt"",""layer_id"":""constructor"",""layer_name"":""Prosper or Perish Constructor"",""line"":2,""mod_name"":""Prosper or Perish Constructor"",""mode"":""CREATE""}]"
pp_model_farm_base_millet,building_maintenance,millet,0.1,[],[],false,,,inline,model_farm,model_farm:unique_production_methods:0,0,0.0,0.1,0.1,0.0,0.1,,[],1.0,0.1,/home/jan/development/ProsperOrPerishConstructor/mod/Prosper or Perish (Population Growth & Food Rework)/in_game/common/building_types/zz_pp_model_farm.txt,2,constructor,Prosper or Perish Constructor,CREATE,"[{""file"":""/home/jan/development/ProsperOrPerishConstructor/mod/Prosper or Perish (Population Growth & Food Rework)/in_game/common/building_types/zz_pp_model_farm.txt"",""layer_id"":""constructor"",""layer_name"":""Prosper or Perish Constructor"",""line"":2,""mod_name"":""Prosper or Perish Constructor"",""mode"":""CREATE""}]"
pp_model_farm_base_wheat,building_maintenance,wheat,0.1,[],[],false,,,inline,model_farm,model_farm:unique_production_methods:0,0,0.0,0.1,0.1,0.0,0.1,,[],1.0,0.1,/home/jan/development/ProsperOrPerishConstructor/mod/Prosper or Perish (Population Growth & Food Rework)/in_game/common/building_types/zz_pp_model_farm.txt,2,constructor,Prosper or Perish Constructor,CREATE,"[{""file"":""/home/jan/development/ProsperOrPerishConstructor/mod/Prosper or Perish (Population Growth & Food Rework)/in_game/common/building_types/zz_pp_model_farm.txt"",""layer_id"":""constructor"",""layer_name"":""Prosper or Perish Constructor"",""line"":2,""mod_name"":""Prosper or Perish Constructor"",""mode"":""CREATE""}]"
pp_model_farm_base_maize,building_maintenance,maize,0.1,[],[],false,,,inline,model_farm,model_farm:unique_production_methods:0,0,0.0,0.1,0.1,0.0,0.1,,[],1.0,0.1,/home/jan/development/ProsperOrPerishConstructor/mod/Prosper or Perish (Population Growth & Food Rework)/in_game/common/building_types/zz_pp_model_farm.txt,2,constructor,Prosper or Perish Constructor,CREATE,"[{""file"":""/home/jan/development/ProsperOrPerishConstructor/mod/Prosper or Perish (Population Growth & Food Rework)/in_game/common/building_types/zz_pp_model_farm.txt"",""layer_id"":""constructor"",""layer_name"":""Prosper or Perish Constructor"",""line"":2,""mod_name"":""Prosper or Perish Constructor"",""mode"":""CREATE""}]"
pp_model_farm_base_rice,building_maintenance,rice,0.1,[],[],false,,,inline,model_farm,model_farm:unique_production_methods:0,0,0.0,0.1,0.1,0.0,0.1,,[],1.0,0.1,/home/jan/development/ProsperOrPerishConstructor/mod/Prosper or Perish (Population Growth & Food Rework)/in_game/common/building_types/zz_pp_model_farm.txt,2,constructor,Prosper or Perish Constructor,CREATE,"[{""file"":""/home/jan/development/ProsperOrPerishConstructor/mod/Prosper or Perish (Population Growth & Food Rework)/in_game/common/building_types/zz_pp_model_farm.txt"",""layer_id"":""constructor"",""layer_name"":""Prosper or Perish Constructor"",""line"":2,""mod_name"":""Prosper or Perish Constructor"",""mode"":""CREATE""}]"
pp_model_farm_base_legumes,building_maintenance,legumes,0.1,[],[],false,,,inline,model_farm,model_farm:unique_production_methods:0,0,0.0,0.1,0.1,0.0,0.1,,[],1.0,0.1,/home/jan/development/ProsperOrPerishConstructor/mod/Prosper or Perish (Population Growth & Food Rework)/in_game/common/building_types/zz_pp_model_farm.txt,2,constructor,Prosper or Perish Constructor,CREATE,"[{""file"":""/home/jan/development/ProsperOrPerishConstructor/mod/Prosper or Perish (Population Growth & Food Rework)/in_game/common/building_types/zz_pp_model_farm.txt"",""layer_id"":""constructor"",""layer_name"":""Prosper or Perish Constructor"",""line"":2,""mod_name"":""Prosper or Perish Constructor"",""mode"":""CREATE""}]"
pp_model_farm_base_potato,building_maintenance,potato,0.1,[],[],false,,,inline,model_farm,model_farm:unique_production_methods:0,0,0.0,0.1,0.1,0.0,0.1,,[],1.0,0.1,/home/jan/development/ProsperOrPerishConstructor/mod/Prosper or Perish (Population Growth & Food Rework)/in_game/common/building_types/zz_pp_model_farm.txt,2,constructor,Prosper or Perish Constructor,CREATE,"[{""file"":""/home/jan/development/ProsperOrPerishConstructor/mod/Prosper or Perish (Population Growth & Food Rework)/in_game/common/building_types/zz_pp_model_farm.txt"",""layer_id"":""constructor"",""layer_name"":""Prosper or Perish Constructor"",""line"":2,""mod_name"":""Prosper or Perish Constructor"",""mode"":""CREATE""}]"
pp_model_farm_base_olives,building_maintenance,olives,0.1,[],[],false,,,inline,model_farm,model_farm:unique_production_methods:0,0,0.0,0.1,0.1,0.0,0.1,,[],1.0,0.1,/home/jan/development/ProsperOrPerishConstructor/mod/Prosper or Perish (Population Growth & Food Rework)/in_game/common/building_types/zz_pp_model_farm.txt,2,constructor,Prosper or Perish Constructor,CREATE,"[{""file"":""/home/jan/development/ProsperOrPerishConstructor/mod/Prosper or Perish (Population Growth & Food Rework)/in_game/common/building_types/zz_pp_model_farm.txt"",""layer_id"":""constructor"",""layer_name"":""Prosper or Perish Constructor"",""line"":2,""mod_name"":""Prosper or Perish Constructor"",""mode"":""CREATE""}]"
pp_model_farm_no_primary,building_maintenance,,,[],[],false,,,inline,model_farm,model_farm:unique_production_methods:1,1,0.0,,0.0,0.0,0.0,,[],1.0,,/home/jan/development/ProsperOrPerishConstructor/mod/Prosper or Perish (Population Growth & Food Rework)/in_game/common/building_types/zz_pp_model_farm.txt,2,constructor,Prosper or Perish Constructor,CREATE,"[{""file"":""/home/jan/development/ProsperOrPerishConstructor/mod/Prosper or Perish (Population Growth & Food Rework)/in_game/common/building_types/zz_pp_model_farm.txt"",""layer_id"":""constructor"",""layer_name"":""Prosper or Perish Constructor"",""line"":2,""mod_name"":""Prosper or Perish Constructor"",""mode"":""CREATE""}]"
pp_model_farm_livestock,building_maintenance,livestock,1.4,"[""tools"",""horses"",""legumes"",""paper""]","[0.24,0.22,0.38,0.06]",false,,,inline,model_farm,model_farm:unique_production_methods:1,1,0.0,1.4,2.0999999999999996,1.94,0.1599999999999997,8.247422680412356,[],1.0,1.4,/home/jan/development/ProsperOrPerishConstructor/mod/Prosper or Perish (Population Growth & Food Rework)/in_game/common/building_types/zz_pp_model_farm.txt,2,constructor,Prosper or Perish Constructor,CREATE,"[{""file"":""/home/jan/development/ProsperOrPerishConstructor/mod/Prosper or Perish (Population Growth & Food Rework)/in_game/common/building_types/zz_pp_model_farm.txt"",""layer_id"":""constructor"",""layer_name"":""Prosper or Perish Constructor"",""line"":2,""mod_name"":""Prosper or Perish Constructor"",""mode"":""CREATE""}]"
pp_model_farm_millet,building_maintenance,millet,2.1,"[""tools"",""horses"",""livestock"",""paper""]","[0.25,0.22,0.16,0.15]",false,,,inline,model_farm,model_farm:unique_production_methods:1,1,0.0,2.1,2.1,2.0125,0.08749999999999991,4.347826086956517,[],1.0,2.1,/home/jan/development/ProsperOrPerishConstructor/mod/Prosper or Perish (Population Growth & Food Rework)/in_game/common/building_types/zz_pp_model_farm.txt,2,constructor,Prosper or Perish Constructor,CREATE,"[{""file"":""/home/jan/development/ProsperOrPerishConstructor/mod/Prosper or Perish (Population Growth & Food Rework)/in_game/common/building_types/zz_pp_model_farm.txt"",""layer_id"":""constructor"",""layer_name"":""Prosper or Perish Constructor"",""line"":2,""mod_name"":""Prosper or Perish Constructor"",""mode"":""CREATE""}]"
pp_model_farm_wheat,building_maintenance,wheat,2.12,"[""tools"",""horses"",""legumes"",""paper""]","[0.25,0.22,0.3,0.15]",false,,,inline,model_farm,model_farm:unique_production_methods:1,1,0.0,2.12,2.12,2.0725000000000002,0.047499999999999876,2.291917973461996,[],1.0,2.12,/home/jan/development/ProsperOrPerishConstructor/mod/Prosper or Perish (Population Growth & Food Rework)/in_game/common/building_types/zz_pp_model_farm.txt,2,constructor,Prosper or Perish Constructor,CREATE,"[{""file"":""/home/jan/development/ProsperOrPerishConstructor/mod/Prosper or Perish (Population Growth & Food Rework)/in_game/common/building_types/zz_pp_model_farm.txt"",""layer_id"":""constructor"",""layer_name"":""Prosper or Perish Constructor"",""line"":2,""mod_name"":""Prosper or Perish Constructor"",""mode"":""CREATE""}]"
pp_model_farm_maize,building_maintenance,maize,2.1,"[""tools"",""livestock"",""lumber"",""paper""]","[0.24,0.32,0.2,0.15]",false,,,inline,model_farm,model_farm:unique_production_methods:1,1,0.0,2.1,2.1,1.9100000000000001,0.18999999999999995,9.947643979057588,[],1.0,2.1,/home/jan/development/ProsperOrPerishConstructor/mod/Prosper or Perish (Population Growth & Food Rework)/in_game/common/building_types/zz_pp_model_farm.txt,2,constructor,Prosper or Perish Constructor,CREATE,"[{""file"":""/home/jan/development/ProsperOrPerishConstructor/mod/Prosper or Perish (Population Growth & Food Rework)/in_game/common/building_types/zz_pp_model_farm.txt"",""layer_id"":""constructor"",""layer_name"":""Prosper or Perish Constructor"",""line"":2,""mod_name"":""Prosper or Perish Constructor"",""mode"":""CREATE""}]"
pp_model_farm_rice,building_maintenance,rice,2.13,"[""tools"",""livestock"",""lumber"",""clay""]","[0.24,0.3,0.18,0.7]",false,,,inline,model_farm,model_farm:unique_production_methods:1,1,0.0,2.13,2.13,1.895,0.23499999999999988,12.401055408970969,[],1.0,2.13,/home/jan/development/ProsperOrPerishConstructor/mod/Prosper or Perish (Population Growth & Food Rework)/in_game/common/building_types/zz_pp_model_farm.txt,2,constructor,Prosper or Perish Constructor,CREATE,"[{""file"":""/home/jan/development/ProsperOrPerishConstructor/mod/Prosper or Perish (Population Growth & Food Rework)/in_game/common/building_types/zz_pp_model_farm.txt"",""layer_id"":""constructor"",""layer_name"":""Prosper or Perish Constructor"",""line"":2,""mod_name"":""Prosper or Perish Constructor"",""mode"":""CREATE""}]"
pp_model_farm_legumes,building_maintenance,legumes,2.08,"[""tools"",""horses"",""livestock"",""paper""]","[0.23,0.21,0.12,0.25]",false,,,inline,model_farm,model_farm:unique_production_methods:1,1,0.0,2.08,2.08,2.0575,0.022499999999999964,1.0935601458080175,[],1.0,2.08,/home/jan/development/ProsperOrPerishConstructor/mod/Prosper or Perish (Population Growth & Food Rework)/in_game/common/building_types/zz_pp_model_farm.txt,2,constructor,Prosper or Perish Constructor,CREATE,"[{""file"":""/home/jan/development/ProsperOrPerishConstructor/mod/Prosper or Perish (Population Growth & Food Rework)/in_game/common/building_types/zz_pp_model_farm.txt"",""layer_id"":""constructor"",""layer_name"":""Prosper or Perish Constructor"",""line"":2,""mod_name"":""Prosper or Perish Constructor"",""mode"":""CREATE""}]"
pp_model_farm_potato,building_maintenance,potato,2.14,"[""tools"",""livestock"",""clay"",""paper""]","[0.24,0.31,0.4,0.3]",false,,,inline,model_farm,model_farm:unique_production_methods:1,1,0.0,2.14,2.14,2.045,0.0950000000000002,4.6454767726161466,[],1.0,2.14,/home/jan/development/ProsperOrPerishConstructor/mod/Prosper or Perish (Population Growth & Food Rework)/in_game/common/building_types/zz_pp_model_farm.txt,2,constructor,Prosper or Perish Constructor,CREATE,"[{""file"":""/home/jan/development/ProsperOrPerishConstructor/mod/Prosper or Perish (Population Growth & Food Rework)/in_game/common/building_types/zz_pp_model_farm.txt"",""layer_id"":""constructor"",""layer_name"":""Prosper or Perish Constructor"",""line"":2,""mod_name"":""Prosper or Perish Constructor"",""mode"":""CREATE""}]"
pp_model_farm_olives,building_maintenance,olives,2.09,"[""tools"",""livestock"",""lumber"",""pottery""]","[0.23,0.28,0.2,0.3]",false,,,inline,model_farm,model_farm:unique_production_methods:1,1,0.0,2.09,2.09,1.8175000000000001,0.27249999999999974,14.993122420907826,[],1.0,2.09,/home/jan/development/ProsperOrPerishConstructor/mod/Prosper or Perish (Population Growth & Food Rework)/in_game/common/building_types/zz_pp_model_farm.txt,2,constructor,Prosper or Perish Constructor,CREATE,"[{""file"":""/home/jan/development/ProsperOrPerishConstructor/mod/Prosper or Perish (Population Growth & Food Rework)/in_game/common/building_types/zz_pp_model_farm.txt"",""layer_id"":""constructor"",""layer_name"":""Prosper or Perish Constructor"",""line"":2,""mod_name"":""Prosper or Perish Constructor"",""mode"":""CREATE""}]"
pp_model_farm_no_worker_victuals,building_maintenance,,,[],[],false,,,inline,model_farm,model_farm:unique_production_methods:2,2,0.0,,0.0,0.0,0.0,,[],1.0,,/home/jan/development/ProsperOrPerishConstructor/mod/Prosper or Perish (Population Growth & Food Rework)/in_game/common/building_types/zz_pp_model_farm.txt,2,constructor,Prosper or Perish Constructor,CREATE,"[{""file"":""/home/jan/development/ProsperOrPerishConstructor/mod/Prosper or Perish (Population Growth & Food Rework)/in_game/common/building_types/zz_pp_model_farm.txt"",""layer_id"":""constructor"",""layer_name"":""Prosper or Perish Constructor"",""line"":2,""mod_name"":""Prosper or Perish Constructor"",""mode"":""CREATE""}]"
pp_model_farm_worker_victuals,building_maintenance,victuals,0.067,[],[],false,,,inline,model_farm,model_farm:unique_production_methods:2,2,0.0,0.067,0.201,0.0,0.201,,[],1.0,0.067,/home/jan/development/ProsperOrPerishConstructor/mod/Prosper or Perish (Population Growth & Food Rework)/in_game/common/building_types/zz_pp_model_farm.txt,2,constructor,Prosper or Perish Constructor,CREATE,"[{""file"":""/home/jan/development/ProsperOrPerishConstructor/mod/Prosper or Perish (Population Growth & Food Rework)/in_game/common/building_types/zz_pp_model_farm.txt"",""layer_id"":""constructor"",""layer_name"":""Prosper or Perish Constructor"",""line"":2,""mod_name"":""Prosper or Perish Constructor"",""mode"":""CREATE""}]"
pp_net_curing_yard_base_fish,building_maintenance,fish,0.07,[],[],false,,,inline,net_curing_yard,net_curing_yard:unique_production_methods:0,0,0.0,0.07,0.07,0.0,0.07,,[],1.0,0.07,/home/jan/development/ProsperOrPerishConstructor/mod/Prosper or Perish (Population Growth & Food Rework)/in_game/common/building_types/zz_pp_net_curing_yard.txt,2,constructor,Prosper or Perish Constructor,CREATE,"[{""file"":""/home/jan/development/ProsperOrPerishConstructor/mod/Prosper or Perish (Population Growth & Food Rework)/in_game/common/building_types/zz_pp_net_curing_yard.txt"",""layer_id"":""constructor"",""layer_name"":""Prosper or Perish Constructor"",""line"":2,""mod_name"":""Prosper or Perish Constructor"",""mode"":""CREATE""}]"
pp_net_curing_yard_no_primary,building_maintenance,,,[],[],false,,,inline,net_curing_yard,net_curing_yard:unique_production_methods:1,1,0.0,,0.0,0.0,0.0,,[],1.0,,/home/jan/development/ProsperOrPerishConstructor/mod/Prosper or Perish (Population Growth & Food Rework)/in_game/common/building_types/zz_pp_net_curing_yard.txt,2,constructor,Prosper or Perish Constructor,CREATE,"[{""file"":""/home/jan/development/ProsperOrPerishConstructor/mod/Prosper or Perish (Population Growth & Food Rework)/in_game/common/building_types/zz_pp_net_curing_yard.txt"",""layer_id"":""constructor"",""layer_name"":""Prosper or Perish Constructor"",""line"":2,""mod_name"":""Prosper or Perish Constructor"",""mode"":""CREATE""}]"
pp_net_curing_yard_preserved_catch,building_maintenance,fish,0.43,"[""salt"",""fiber_crops"",""pottery"",""lumber"",""tools""]","[0.045,0.055,0.028,0.032,0.01]",false,,,inline,net_curing_yard,net_curing_yard:unique_production_methods:1,1,0.0,0.43,0.43,0.4515,-0.02150000000000002,-4.761904761904765,[],1.0,0.43,/home/jan/development/ProsperOrPerishConstructor/mod/Prosper or Perish (Population Growth & Food Rework)/in_game/common/building_types/zz_pp_net_curing_yard.txt,2,constructor,Prosper or Perish Constructor,CREATE,"[{""file"":""/home/jan/development/ProsperOrPerishConstructor/mod/Prosper or Perish (Population Growth & Food Rework)/in_game/common/building_types/zz_pp_net_curing_yard.txt"",""layer_id"":""constructor"",""layer_name"":""Prosper or Perish Constructor"",""line"":2,""mod_name"":""Prosper or Perish Constructor"",""mode"":""CREATE""}]"
pp_arctic_net_curing_yard_preserved_catch,building_maintenance,fish,0.17,"[""salt"",""fiber_crops"",""ivory"",""pottery""]","[0.008,0.018,0.011,0.006]",false,,,inline,net_curing_yard,net_curing_yard:unique_production_methods:1,1,0.0,0.17,0.17,0.126,0.04400000000000001,34.92063492063493,[],1.0,0.17,/home/jan/development/ProsperOrPerishConstructor/mod/Prosper or Perish (Population Growth & Food Rework)/in_game/common/building_types/zz_pp_net_curing_yard.txt,2,constructor,Prosper or Perish Constructor,CREATE,"[{""file"":""/home/jan/development/ProsperOrPerishConstructor/mod/Prosper or Perish (Population Growth & Food Rework)/in_game/common/building_types/zz_pp_net_curing_yard.txt"",""layer_id"":""constructor"",""layer_name"":""Prosper or Perish Constructor"",""line"":2,""mod_name"":""Prosper or Perish Constructor"",""mode"":""CREATE""}]"
pp_net_curing_yard_strand_line,building_maintenance,,,[],[],false,,,inline,net_curing_yard,net_curing_yard:unique_production_methods:2,2,0.0,,0.0,0.0,0.0,,[],1.0,,/home/jan/development/ProsperOrPerishConstructor/mod/Prosper or Perish (Population Growth & Food Rework)/in_game/common/building_types/zz_pp_net_curing_yard.txt,2,constructor,Prosper or Perish Constructor,CREATE,"[{""file"":""/home/jan/development/ProsperOrPerishConstructor/mod/Prosper or Perish (Population Growth & Food Rework)/in_game/common/building_types/zz_pp_net_curing_yard.txt"",""layer_id"":""constructor"",""layer_name"":""Prosper or Perish Constructor"",""line"":2,""mod_name"":""Prosper or Perish Constructor"",""mode"":""CREATE""}]"
pp_net_curing_yard_clinker_craft,building_maintenance,fish,0.065,"[""lumber"",""fiber_crops""]","[0.028,0.01]",false,,,inline,net_curing_yard,net_curing_yard:unique_production_methods:2,2,0.0,0.065,0.065,0.069,-0.0040000000000000036,-5.797101449275368,[],1.0,0.065,/home/jan/development/ProsperOrPerishConstructor/mod/Prosper or Perish (Population Growth & Food Rework)/in_game/common/building_types/zz_pp_net_curing_yard.txt,2,constructor,Prosper or Perish Constructor,CREATE,"[{""file"":""/home/jan/development/ProsperOrPerishConstructor/mod/Prosper or Perish (Population Growth & Food Rework)/in_game/common/building_types/zz_pp_net_curing_yard.txt"",""layer_id"":""constructor"",""layer_name"":""Prosper or Perish Constructor"",""line"":2,""mod_name"":""Prosper or Perish Constructor"",""mode"":""CREATE""}]"
pp_net_curing_yard_no_freshwater_works,building_maintenance,,,[],[],false,,,inline,net_curing_yard,net_curing_yard:unique_production_methods:3,3,0.0,,0.0,0.0,0.0,,[],1.0,,/home/jan/development/ProsperOrPerishConstructor/mod/Prosper or Perish (Population Growth & Food Rework)/in_game/common/building_types/zz_pp_net_curing_yard.txt,2,constructor,Prosper or Perish Constructor,CREATE,"[{""file"":""/home/jan/development/ProsperOrPerishConstructor/mod/Prosper or Perish (Population Growth & Food Rework)/in_game/common/building_types/zz_pp_net_curing_yard.txt"",""layer_id"":""constructor"",""layer_name"":""Prosper or Perish Constructor"",""line"":2,""mod_name"":""Prosper or Perish Constructor"",""mode"":""CREATE""}]"
pp_net_curing_yard_wattle_weirs,building_maintenance,fish,0.075,"[""lumber"",""fiber_crops""]","[0.02,0.018]",false,,,inline,net_curing_yard,net_curing_yard:unique_production_methods:3,3,0.0,0.075,0.075,0.07100000000000001,0.00399999999999999,5.633802816901393,[],1.0,0.075,/home/jan/development/ProsperOrPerishConstructor/mod/Prosper or Perish (Population Growth & Food Rework)/in_game/common/building_types/zz_pp_net_curing_yard.txt,2,constructor,Prosper or Perish Constructor,CREATE,"[{""file"":""/home/jan/development/ProsperOrPerishConstructor/mod/Prosper or Perish (Population Growth & Food Rework)/in_game/common/building_types/zz_pp_net_curing_yard.txt"",""layer_id"":""constructor"",""layer_name"":""Prosper or Perish Constructor"",""line"":2,""mod_name"":""Prosper or Perish Constructor"",""mode"":""CREATE""}]"
pp_net_curing_yard_stew_ponds,building_maintenance,fish,0.055,"[""clay"",""lumber"",""pottery""]","[0.026,0.016,0.01]",false,,,inline,net_curing_yard,net_curing_yard:unique_production_methods:3,3,0.0,0.055,0.055,0.051000000000000004,0.003999999999999997,7.843137254901953,[],1.0,0.055,/home/jan/development/ProsperOrPerishConstructor/mod/Prosper or Perish (Population Growth & Food Rework)/in_game/common/building_types/zz_pp_net_curing_yard.txt,2,constructor,Prosper or Perish Constructor,CREATE,"[{""file"":""/home/jan/development/ProsperOrPerishConstructor/mod/Prosper or Perish (Population Growth & Food Rework)/in_game/common/building_types/zz_pp_net_curing_yard.txt"",""layer_id"":""constructor"",""layer_name"":""Prosper or Perish Constructor"",""line"":2,""mod_name"":""Prosper or Perish Constructor"",""mode"":""CREATE""}]"
pp_net_curing_yard_no_worker_victuals,building_maintenance,,,[],[],false,,,inline,net_curing_yard,net_curing_yard:unique_production_methods:4,4,0.0,,0.0,0.0,0.0,,[],1.0,,/home/jan/development/ProsperOrPerishConstructor/mod/Prosper or Perish (Population Growth & Food Rework)/in_game/common/building_types/zz_pp_net_curing_yard.txt,2,constructor,Prosper or Perish Constructor,CREATE,"[{""file"":""/home/jan/development/ProsperOrPerishConstructor/mod/Prosper or Perish (Population Growth & Food Rework)/in_game/common/building_types/zz_pp_net_curing_yard.txt"",""layer_id"":""constructor"",""layer_name"":""Prosper or Perish Constructor"",""line"":2,""mod_name"":""Prosper or Perish Constructor"",""mode"":""CREATE""}]"
pp_net_curing_yard_worker_victuals,building_maintenance,victuals,0.033,[],[],false,,,inline,net_curing_yard,net_curing_yard:unique_production_methods:4,4,0.0,0.033,0.099,0.0,0.099,,[],1.0,0.033,/home/jan/development/ProsperOrPerishConstructor/mod/Prosper or Perish (Population Growth & Food Rework)/in_game/common/building_types/zz_pp_net_curing_yard.txt,2,constructor,Prosper or Perish Constructor,CREATE,"[{""file"":""/home/jan/development/ProsperOrPerishConstructor/mod/Prosper or Perish (Population Growth & Food Rework)/in_game/common/building_types/zz_pp_net_curing_yard.txt"",""layer_id"":""constructor"",""layer_name"":""Prosper or Perish Constructor"",""line"":2,""mod_name"":""Prosper or Perish Constructor"",""mode"":""CREATE""}]"
pp_nursery_orchard_base_fruit,building_maintenance,fruit,0.085,[],[],false,,,inline,nursery_orchard,nursery_orchard:unique_production_methods:0,0,0.0,0.085,0.085,0.0,0.085,,[],1.0,0.085,/home/jan/development/ProsperOrPerishConstructor/mod/Prosper or Perish (Population Growth & Food Rework)/in_game/common/building_types/zz_pp_nursery_orchard.txt,2,constructor,Prosper or Perish Constructor,CREATE,"[{""file"":""/home/jan/development/ProsperOrPerishConstructor/mod/Prosper or Perish (Population Growth & Food Rework)/in_game/common/building_types/zz_pp_nursery_orchard.txt"",""layer_id"":""constructor"",""layer_name"":""Prosper or Perish Constructor"",""line"":2,""mod_name"":""Prosper or Perish Constructor"",""mode"":""CREATE""}]"
pp_nursery_orchard_no_primary,building_maintenance,,,[],[],false,,,inline,nursery_orchard,nursery_orchard:unique_production_methods:1,1,0.0,,0.0,0.0,0.0,,[],1.0,,/home/jan/development/ProsperOrPerishConstructor/mod/Prosper or Perish (Population Growth & Food Rework)/in_game/common/building_types/zz_pp_nursery_orchard.txt,2,constructor,Prosper or Perish Constructor,CREATE,"[{""file"":""/home/jan/development/ProsperOrPerishConstructor/mod/Prosper or Perish (Population Growth & Food Rework)/in_game/common/building_types/zz_pp_nursery_orchard.txt"",""layer_id"":""constructor"",""layer_name"":""Prosper or Perish Constructor"",""line"":2,""mod_name"":""Prosper or Perish Constructor"",""mode"":""CREATE""}]"
pp_nursery_orchard_nursery_rows,building_maintenance,fruit,0.55,"[""fiber_crops"",""pottery"",""beeswax"",""tools"",""furniture""]","[0.095,0.05,0.018,0.03,0.022]",false,,,inline,nursery_orchard,nursery_orchard:unique_production_methods:1,1,0.0,0.55,0.55,0.43949999999999995,0.1105000000000001,25.14220705346988,[],1.0,0.55,/home/jan/development/ProsperOrPerishConstructor/mod/Prosper or Perish (Population Growth & Food Rework)/in_game/common/building_types/zz_pp_nursery_orchard.txt,2,constructor,Prosper or Perish Constructor,CREATE,"[{""file"":""/home/jan/development/ProsperOrPerishConstructor/mod/Prosper or Perish (Population Growth & Food Rework)/in_game/common/building_types/zz_pp_nursery_orchard.txt"",""layer_id"":""constructor"",""layer_name"":""Prosper or Perish Constructor"",""line"":2,""mod_name"":""Prosper or Perish Constructor"",""mode"":""CREATE""}]"
pp_nursery_orchard_no_worker_victuals,building_maintenance,,,[],[],false,,,inline,nursery_orchard,nursery_orchard:unique_production_methods:2,2,0.0,,0.0,0.0,0.0,,[],1.0,,/home/jan/development/ProsperOrPerishConstructor/mod/Prosper or Perish (Population Growth & Food Rework)/in_game/common/building_types/zz_pp_nursery_orchard.txt,2,constructor,Prosper or Perish Constructor,CREATE,"[{""file"":""/home/jan/development/ProsperOrPerishConstructor/mod/Prosper or Perish (Population Growth & Food Rework)/in_game/common/building_types/zz_pp_nursery_orchard.txt"",""layer_id"":""constructor"",""layer_name"":""Prosper or Perish Constructor"",""line"":2,""mod_name"":""Prosper or Perish Constructor"",""mode"":""CREATE""}]"
pp_nursery_orchard_worker_victuals,building_maintenance,victuals,0.033,[],[],false,,,inline,nursery_orchard,nursery_orchard:unique_production_methods:2,2,0.0,0.033,0.099,0.0,0.099,,[],1.0,0.033,/home/jan/development/ProsperOrPerishConstructor/mod/Prosper or Perish (Population Growth & Food Rework)/in_game/common/building_types/zz_pp_nursery_orchard.txt,2,constructor,Prosper or Perish Constructor,CREATE,"[{""file"":""/home/jan/development/ProsperOrPerishConstructor/mod/Prosper or Perish (Population Growth & Food Rework)/in_game/common/building_types/zz_pp_nursery_orchard.txt"",""layer_id"":""constructor"",""layer_name"":""Prosper or Perish Constructor"",""line"":2,""mod_name"":""Prosper or Perish Constructor"",""mode"":""CREATE""}]"
pp_ocean_fishery_base_catch,building_maintenance,fish,0.09,[],[],false,,,inline,ocean_fishery,ocean_fishery:unique_production_methods:0,0,0.0,0.09,0.09,0.0,0.09,,[],1.0,0.09,/home/jan/development/ProsperOrPerishConstructor/mod/Prosper or Perish (Population Growth & Food Rework)/in_game/common/building_types/zz_pp_ocean_fishery.txt,2,constructor,Prosper or Perish Constructor,CREATE,"[{""file"":""/home/jan/development/ProsperOrPerishConstructor/mod/Prosper or Perish (Population Growth & Food Rework)/in_game/common/building_types/zz_pp_ocean_fishery.txt"",""layer_id"":""constructor"",""layer_name"":""Prosper or Perish Constructor"",""line"":2,""mod_name"":""Prosper or Perish Constructor"",""mode"":""CREATE""}]"
pp_ocean_fishery_no_coastal_gear,building_maintenance,,,[],[],false,,,inline,ocean_fishery,ocean_fishery:unique_production_methods:1,1,0.0,,0.0,0.0,0.0,,[],1.0,,/home/jan/development/ProsperOrPerishConstructor/mod/Prosper or Perish (Population Growth & Food Rework)/in_game/common/building_types/zz_pp_ocean_fishery.txt,2,constructor,Prosper or Perish Constructor,CREATE,"[{""file"":""/home/jan/development/ProsperOrPerishConstructor/mod/Prosper or Perish (Population Growth & Food Rework)/in_game/common/building_types/zz_pp_ocean_fishery.txt"",""layer_id"":""constructor"",""layer_name"":""Prosper or Perish Constructor"",""line"":2,""mod_name"":""Prosper or Perish Constructor"",""mode"":""CREATE""}]"
pp_ocean_fishery_coastal_boats,building_maintenance,fish,0.834,"[""lumber"",""salt""]","[0.445,0.03]",false,,,inline,ocean_fishery,ocean_fishery:unique_production_methods:1,1,0.0,0.834,0.834,0.9287500000000001,-0.09475000000000011,-10.201884253028275,[],1.0,0.834,/home/jan/development/ProsperOrPerishConstructor/mod/Prosper or Perish (Population Growth & Food Rework)/in_game/common/building_types/zz_pp_ocean_fishery.txt,2,constructor,Prosper or Perish Constructor,CREATE,"[{""file"":""/home/jan/development/ProsperOrPerishConstructor/mod/Prosper or Perish (Population Growth & Food Rework)/in_game/common/building_types/zz_pp_ocean_fishery.txt"",""layer_id"":""constructor"",""layer_name"":""Prosper or Perish Constructor"",""line"":2,""mod_name"":""Prosper or Perish Constructor"",""mode"":""CREATE""}]"
pp_ocean_fishery_no_worker_victuals,building_maintenance,,,[],[],false,,,inline,ocean_fishery,ocean_fishery:unique_production_methods:2,2,0.0,,0.0,0.0,0.0,,[],1.0,,/home/jan/development/ProsperOrPerishConstructor/mod/Prosper or Perish (Population Growth & Food Rework)/in_game/common/building_types/zz_pp_ocean_fishery.txt,2,constructor,Prosper or Perish Constructor,CREATE,"[{""file"":""/home/jan/development/ProsperOrPerishConstructor/mod/Prosper or Perish (Population Growth & Food Rework)/in_game/common/building_types/zz_pp_ocean_fishery.txt"",""layer_id"":""constructor"",""layer_name"":""Prosper or Perish Constructor"",""line"":2,""mod_name"":""Prosper or Perish Constructor"",""mode"":""CREATE""}]"
pp_ocean_fishery_worker_victuals,building_maintenance,victuals,0.067,[],[],false,,,inline,ocean_fishery,ocean_fishery:unique_production_methods:2,2,0.0,0.067,0.201,0.0,0.201,,[],1.0,0.067,/home/jan/development/ProsperOrPerishConstructor/mod/Prosper or Perish (Population Growth & Food Rework)/in_game/common/building_types/zz_pp_ocean_fishery.txt,2,constructor,Prosper or Perish Constructor,CREATE,"[{""file"":""/home/jan/development/ProsperOrPerishConstructor/mod/Prosper or Perish (Population Growth & Food Rework)/in_game/common/building_types/zz_pp_ocean_fishery.txt"",""layer_id"":""constructor"",""layer_name"":""Prosper or Perish Constructor"",""line"":2,""mod_name"":""Prosper or Perish Constructor"",""mode"":""CREATE""}]"
pp_drift_net_fishery_base_catch,building_maintenance,fish,0.09,[],[],false,,,inline,drift_net_fishery,drift_net_fishery:unique_production_methods:0,0,0.0,0.09,0.09,0.0,0.09,,[],1.0,0.09,/home/jan/development/ProsperOrPerishConstructor/mod/Prosper or Perish (Population Growth & Food Rework)/in_game/common/building_types/zz_pp_ocean_fishery_drift_net_fishery.txt,2,constructor,Prosper or Perish Constructor,CREATE,"[{""file"":""/home/jan/development/ProsperOrPerishConstructor/mod/Prosper or Perish (Population Growth & Food Rework)/in_game/common/building_types/zz_pp_ocean_fishery_drift_net_fishery.txt"",""layer_id"":""constructor"",""layer_name"":""Prosper or Perish Constructor"",""line"":2,""mod_name"":""Prosper or Perish Constructor"",""mode"":""CREATE""}]"
pp_drift_net_fishery_no_coastal_gear,building_maintenance,,,[],[],false,,,inline,drift_net_fishery,drift_net_fishery:unique_production_methods:1,1,0.0,,0.0,0.0,0.0,,[],1.0,,/home/jan/development/ProsperOrPerishConstructor/mod/Prosper or Perish (Population Growth & Food Rework)/in_game/common/building_types/zz_pp_ocean_fishery_drift_net_fishery.txt,2,constructor,Prosper or Perish Constructor,CREATE,"[{""file"":""/home/jan/development/ProsperOrPerishConstructor/mod/Prosper or Perish (Population Growth & Food Rework)/in_game/common/building_types/zz_pp_ocean_fishery_drift_net_fishery.txt"",""layer_id"":""constructor"",""layer_name"":""Prosper or Perish Constructor"",""line"":2,""mod_name"":""Prosper or Perish Constructor"",""mode"":""CREATE""}]"
pp_drift_net_fishery_coastal_drift_nets,building_maintenance,fish,1.08,"[""fiber_crops"",""cloth"",""salt"",""lumber""]","[0.17,0.035,0.05,0.055]",false,,,inline,drift_net_fishery,drift_net_fishery:unique_production_methods:1,1,0.0,1.08,1.08,0.79125,0.28875000000000006,36.492890995260666,[],1.0,1.08,/home/jan/development/ProsperOrPerishConstructor/mod/Prosper or Perish (Population Growth & Food Rework)/in_game/common/building_types/zz_pp_ocean_fishery_drift_net_fishery.txt,2,constructor,Prosper or Perish Constructor,CREATE,"[{""file"":""/home/jan/development/ProsperOrPerishConstructor/mod/Prosper or Perish (Population Growth & Food Rework)/in_game/common/building_types/zz_pp_ocean_fishery_drift_net_fishery.txt"",""layer_id"":""constructor"",""layer_name"":""Prosper or Perish Constructor"",""line"":2,""mod_name"":""Prosper or Perish Constructor"",""mode"":""CREATE""}]"
pp_drift_net_fishery_no_worker_victuals,building_maintenance,,,[],[],false,,,inline,drift_net_fishery,drift_net_fishery:unique_production_methods:2,2,0.0,,0.0,0.0,0.0,,[],1.0,,/home/jan/development/ProsperOrPerishConstructor/mod/Prosper or Perish (Population Growth & Food Rework)/in_game/common/building_types/zz_pp_ocean_fishery_drift_net_fishery.txt,2,constructor,Prosper or Perish Constructor,CREATE,"[{""file"":""/home/jan/development/ProsperOrPerishConstructor/mod/Prosper or Perish (Population Growth & Food Rework)/in_game/common/building_types/zz_pp_ocean_fishery_drift_net_fishery.txt"",""layer_id"":""constructor"",""layer_name"":""Prosper or Perish Constructor"",""line"":2,""mod_name"":""Prosper or Perish Constructor"",""mode"":""CREATE""}]"
pp_drift_net_fishery_worker_victuals,building_maintenance,victuals,0.067,[],[],false,,,inline,drift_net_fishery,drift_net_fishery:unique_production_methods:2,2,0.0,0.067,0.201,0.0,0.201,,[],1.0,0.067,/home/jan/development/ProsperOrPerishConstructor/mod/Prosper or Perish (Population Growth & Food Rework)/in_game/common/building_types/zz_pp_ocean_fishery_drift_net_fishery.txt,2,constructor,Prosper or Perish Constructor,CREATE,"[{""file"":""/home/jan/development/ProsperOrPerishConstructor/mod/Prosper or Perish (Population Growth & Food Rework)/in_game/common/building_types/zz_pp_ocean_fishery_drift_net_fishery.txt"",""layer_id"":""constructor"",""layer_name"":""Prosper or Perish Constructor"",""line"":2,""mod_name"":""Prosper or Perish Constructor"",""mode"":""CREATE""}]"
pp_offshore_fishery_base_catch,building_maintenance,fish,0.09,[],[],false,,,inline,offshore_fishery,offshore_fishery:unique_production_methods:0,0,0.0,0.09,0.09,0.0,0.09,,[],1.0,0.09,/home/jan/development/ProsperOrPerishConstructor/mod/Prosper or Perish (Population Growth & Food Rework)/in_game/common/building_types/zz_pp_ocean_fishery_offshore.txt,2,constructor,Prosper or Perish Constructor,CREATE,"[{""file"":""/home/jan/development/ProsperOrPerishConstructor/mod/Prosper or Perish (Population Growth & Food Rework)/in_game/common/building_types/zz_pp_ocean_fishery_offshore.txt"",""layer_id"":""constructor"",""layer_name"":""Prosper or Perish Constructor"",""line"":2,""mod_name"":""Prosper or Perish Constructor"",""mode"":""CREATE""}]"
pp_offshore_fishery_no_offshore_fleet,building_maintenance,,,[],[],false,,,inline,offshore_fishery,offshore_fishery:unique_production_methods:1,1,0.0,,0.0,0.0,0.0,,[],1.0,,/home/jan/development/ProsperOrPerishConstructor/mod/Prosper or Perish (Population Growth & Food Rework)/in_game/common/building_types/zz_pp_ocean_fishery_offshore.txt,2,constructor,Prosper or Perish Constructor,CREATE,"[{""file"":""/home/jan/development/ProsperOrPerishConstructor/mod/Prosper or Perish (Population Growth & Food Rework)/in_game/common/building_types/zz_pp_ocean_fishery_offshore.txt"",""layer_id"":""constructor"",""layer_name"":""Prosper or Perish Constructor"",""line"":2,""mod_name"":""Prosper or Perish Constructor"",""mode"":""CREATE""}]"
pp_offshore_fishery_herring_busses,building_maintenance,fish,1.185,"[""lumber"",""fiber_crops"",""cloth"",""salt""]","[0.315,0.194,0.015,0.042]",false,,,inline,offshore_fishery,offshore_fishery:unique_production_methods:1,1,0.0,1.185,1.185,1.19425,-0.00924999999999998,-0.774544693322167,[],1.0,1.185,/home/jan/development/ProsperOrPerishConstructor/mod/Prosper or Perish (Population Growth & Food Rework)/in_game/common/building_types/zz_pp_ocean_fishery_offshore.txt,2,constructor,Prosper or Perish Constructor,CREATE,"[{""file"":""/home/jan/development/ProsperOrPerishConstructor/mod/Prosper or Perish (Population Growth & Food Rework)/in_game/common/building_types/zz_pp_ocean_fishery_offshore.txt"",""layer_id"":""constructor"",""layer_name"":""Prosper or Perish Constructor"",""line"":2,""mod_name"":""Prosper or Perish Constructor"",""mode"":""CREATE""}]"
pp_offshore_fishery_distant_water_schooners,building_maintenance,fish,1.55,"[""naval_supplies"",""victuals"",""salt"",""tools""]","[0.27,0.15,0.05,0.02]",false,,,inline,offshore_fishery,offshore_fishery:unique_production_methods:1,1,0.0,1.55,1.55,1.575,-0.02499999999999991,-1.5873015873015817,[],1.0,1.55,/home/jan/development/ProsperOrPerishConstructor/mod/Prosper or Perish (Population Growth & Food Rework)/in_game/common/building_types/zz_pp_ocean_fishery_offshore.txt,2,constructor,Prosper or Perish Constructor,CREATE,"[{""file"":""/home/jan/development/ProsperOrPerishConstructor/mod/Prosper or Perish (Population Growth & Food Rework)/in_game/common/building_types/zz_pp_ocean_fishery_offshore.txt"",""layer_id"":""constructor"",""layer_name"":""Prosper or Perish Constructor"",""line"":2,""mod_name"":""Prosper or Perish Constructor"",""mode"":""CREATE""}]"
pp_offshore_fishery_steam_trawlers,building_maintenance,fish,1.8,"[""naval_supplies"",""coal"",""tools""]","[0.225,0.21,0.155]",false,,,inline,offshore_fishery,offshore_fishery:unique_production_methods:1,1,0.0,1.8,1.8,1.59875,0.20125000000000015,12.587959343236916,[],1.0,1.8,/home/jan/development/ProsperOrPerishConstructor/mod/Prosper or Perish (Population Growth & Food Rework)/in_game/common/building_types/zz_pp_ocean_fishery_offshore.txt,2,constructor,Prosper or Perish Constructor,CREATE,"[{""file"":""/home/jan/development/ProsperOrPerishConstructor/mod/Prosper or Perish (Population Growth & Food Rework)/in_game/common/building_types/zz_pp_ocean_fishery_offshore.txt"",""layer_id"":""constructor"",""layer_name"":""Prosper or Perish Constructor"",""line"":2,""mod_name"":""Prosper or Perish Constructor"",""mode"":""CREATE""}]"
pp_offshore_fishery_no_worker_victuals,building_maintenance,,,[],[],false,,,inline,offshore_fishery,offshore_fishery:unique_production_methods:2,2,0.0,,0.0,0.0,0.0,,[],1.0,,/home/jan/development/ProsperOrPerishConstructor/mod/Prosper or Perish (Population Growth & Food Rework)/in_game/common/building_types/zz_pp_ocean_fishery_offshore.txt,2,constructor,Prosper or Perish Constructor,CREATE,"[{""file"":""/home/jan/development/ProsperOrPerishConstructor/mod/Prosper or Perish (Population Growth & Food Rework)/in_game/common/building_types/zz_pp_ocean_fishery_offshore.txt"",""layer_id"":""constructor"",""layer_name"":""Prosper or Perish Constructor"",""line"":2,""mod_name"":""Prosper or Perish Constructor"",""mode"":""CREATE""}]"
pp_offshore_fishery_worker_victuals,building_maintenance,victuals,0.067,[],[],false,,,inline,offshore_fishery,offshore_fishery:unique_production_methods:2,2,0.0,0.067,0.201,0.0,0.201,,[],1.0,0.067,/home/jan/development/ProsperOrPerishConstructor/mod/Prosper or Perish (Population Growth & Food Rework)/in_game/common/building_types/zz_pp_ocean_fishery_offshore.txt,2,constructor,Prosper or Perish Constructor,CREATE,"[{""file"":""/home/jan/development/ProsperOrPerishConstructor/mod/Prosper or Perish (Population Growth & Food Rework)/in_game/common/building_types/zz_pp_ocean_fishery_offshore.txt"",""layer_id"":""constructor"",""layer_name"":""Prosper or Perish Constructor"",""line"":2,""mod_name"":""Prosper or Perish Constructor"",""mode"":""CREATE""}]"
pp_pearl_fishery_base_pearls,building_maintenance,pearls,0.1,[],[],false,,,inline,pearl_fishery,pearl_fishery:unique_production_methods:0,0,0.0,0.1,0.4,0.0,0.4,,[],1.0,0.1,/home/jan/development/ProsperOrPerishConstructor/mod/Prosper or Perish (Population Growth & Food Rework)/in_game/common/building_types/zz_pp_pearl_fishery.txt,2,constructor,Prosper or Perish Constructor,CREATE,"[{""file"":""/home/jan/development/ProsperOrPerishConstructor/mod/Prosper or Perish (Population Growth & Food Rework)/in_game/common/building_types/zz_pp_pearl_fishery.txt"",""layer_id"":""constructor"",""layer_name"":""Prosper or Perish Constructor"",""line"":2,""mod_name"":""Prosper or Perish Constructor"",""mode"":""CREATE""}]"
pp_pearl_fishery_no_diving,building_maintenance,,,[],[],false,,,inline,pearl_fishery,pearl_fishery:unique_production_methods:1,1,0.0,,0.0,0.0,0.0,,[],1.0,,/home/jan/development/ProsperOrPerishConstructor/mod/Prosper or Perish (Population Growth & Food Rework)/in_game/common/building_types/zz_pp_pearl_fishery.txt,2,constructor,Prosper or Perish Constructor,CREATE,"[{""file"":""/home/jan/development/ProsperOrPerishConstructor/mod/Prosper or Perish (Population Growth & Food Rework)/in_game/common/building_types/zz_pp_pearl_fishery.txt"",""layer_id"":""constructor"",""layer_name"":""Prosper or Perish Constructor"",""line"":2,""mod_name"":""Prosper or Perish Constructor"",""mode"":""CREATE""}]"
pp_pearl_fishery_dhow_diving_crews,building_maintenance,pearls,0.078,"[""naval_supplies"",""victuals""]","[0.03,0.06]",false,,,inline,pearl_fishery,pearl_fishery:unique_production_methods:1,1,0.0,0.078,0.312,0.27,0.04199999999999998,15.555555555555548,[],1.0,0.078,/home/jan/development/ProsperOrPerishConstructor/mod/Prosper or Perish (Population Growth & Food Rework)/in_game/common/building_types/zz_pp_pearl_fishery.txt,2,constructor,Prosper or Perish Constructor,CREATE,"[{""file"":""/home/jan/development/ProsperOrPerishConstructor/mod/Prosper or Perish (Population Growth & Food Rework)/in_game/common/building_types/zz_pp_pearl_fishery.txt"",""layer_id"":""constructor"",""layer_name"":""Prosper or Perish Constructor"",""line"":2,""mod_name"":""Prosper or Perish Constructor"",""mode"":""CREATE""}]"
pp_pepper_garden_base_pepper,building_maintenance,pepper,0.034,[],[],false,,,inline,pepper_garden,pepper_garden:unique_production_methods:0,0,0.0,0.034,0.17,0.0,0.17,,[],1.0,0.034,/home/jan/development/ProsperOrPerishConstructor/mod/Prosper or Perish (Population Growth & Food Rework)/in_game/common/building_types/zz_pp_pepper_garden.txt,2,constructor,Prosper or Perish Constructor,CREATE,"[{""file"":""/home/jan/development/ProsperOrPerishConstructor/mod/Prosper or Perish (Population Growth & Food Rework)/in_game/common/building_types/zz_pp_pepper_garden.txt"",""layer_id"":""constructor"",""layer_name"":""Prosper or Perish Constructor"",""line"":2,""mod_name"":""Prosper or Perish Constructor"",""mode"":""CREATE""}]"
pp_pepper_garden_no_garbling,building_maintenance,,,[],[],false,,,inline,pepper_garden,pepper_garden:unique_production_methods:1,1,0.0,,0.0,0.0,0.0,,[],1.0,,/home/jan/development/ProsperOrPerishConstructor/mod/Prosper or Perish (Population Growth & Food Rework)/in_game/common/building_types/zz_pp_pepper_garden.txt,2,constructor,Prosper or Perish Constructor,CREATE,"[{""file"":""/home/jan/development/ProsperOrPerishConstructor/mod/Prosper or Perish (Population Growth & Food Rework)/in_game/common/building_types/zz_pp_pepper_garden.txt"",""layer_id"":""constructor"",""layer_name"":""Prosper or Perish Constructor"",""line"":2,""mod_name"":""Prosper or Perish Constructor"",""mode"":""CREATE""}]"
pp_pepper_garden_blanched_garbling_yards,building_maintenance,pepper,0.076,"[""pottery"",""coal""]","[0.156,0.078]",false,,,inline,pepper_garden,pepper_garden:unique_production_methods:1,1,0.0,0.076,0.38,0.312,0.068,21.794871794871796,[],1.0,0.076,/home/jan/development/ProsperOrPerishConstructor/mod/Prosper or Perish (Population Growth & Food Rework)/in_game/common/building_types/zz_pp_pepper_garden.txt,2,constructor,Prosper or Perish Constructor,CREATE,"[{""file"":""/home/jan/development/ProsperOrPerishConstructor/mod/Prosper or Perish (Population Growth & Food Rework)/in_game/common/building_types/zz_pp_pepper_garden.txt"",""layer_id"":""constructor"",""layer_name"":""Prosper or Perish Constructor"",""line"":2,""mod_name"":""Prosper or Perish Constructor"",""mode"":""CREATE""}]"
pp_managed_pepper_garden_base_pepper,building_maintenance,pepper,0.046,[],[],false,,,inline,managed_pepper_garden,managed_pepper_garden:unique_production_methods:0,0,0.0,0.046,0.22999999999999998,0.0,0.22999999999999998,,[],1.0,0.046,/home/jan/development/ProsperOrPerishConstructor/mod/Prosper or Perish (Population Growth & Food Rework)/in_game/common/building_types/zz_pp_pepper_garden_managed.txt,2,constructor,Prosper or Perish Constructor,CREATE,"[{""file"":""/home/jan/development/ProsperOrPerishConstructor/mod/Prosper or Perish (Population Growth & Food Rework)/in_game/common/building_types/zz_pp_pepper_garden_managed.txt"",""layer_id"":""constructor"",""layer_name"":""Prosper or Perish Constructor"",""line"":2,""mod_name"":""Prosper or Perish Constructor"",""mode"":""CREATE""}]"
pp_managed_pepper_garden_no_drying_yard,building_maintenance,,,[],[],false,,,inline,managed_pepper_garden,managed_pepper_garden:unique_production_methods:1,1,0.0,,0.0,0.0,0.0,,[],1.0,,/home/jan/development/ProsperOrPerishConstructor/mod/Prosper or Perish (Population Growth & Food Rework)/in_game/common/building_types/zz_pp_pepper_garden_managed.txt,2,constructor,Prosper or Perish Constructor,CREATE,"[{""file"":""/home/jan/development/ProsperOrPerishConstructor/mod/Prosper or Perish (Population Growth & Food Rework)/in_game/common/building_types/zz_pp_pepper_garden_managed.txt"",""layer_id"":""constructor"",""layer_name"":""Prosper or Perish Constructor"",""line"":2,""mod_name"":""Prosper or Perish Constructor"",""mode"":""CREATE""}]"
pp_managed_pepper_garden_bamboo_drying_mats,building_maintenance,pepper,0.105,"[""fiber_crops"",""pottery""]","[0.08,0.05]",false,,,inline,managed_pepper_garden,managed_pepper_garden:unique_production_methods:1,1,0.0,0.105,0.525,0.21000000000000002,0.315,149.99999999999997,[],1.0,0.105,/home/jan/development/ProsperOrPerishConstructor/mod/Prosper or Perish (Population Growth & Food Rework)/in_game/common/building_types/zz_pp_pepper_garden_managed.txt,2,constructor,Prosper or Perish Constructor,CREATE,"[{""file"":""/home/jan/development/ProsperOrPerishConstructor/mod/Prosper or Perish (Population Growth & Food Rework)/in_game/common/building_types/zz_pp_pepper_garden_managed.txt"",""layer_id"":""constructor"",""layer_name"":""Prosper or Perish Constructor"",""line"":2,""mod_name"":""Prosper or Perish Constructor"",""mode"":""CREATE""}]"
pp_managed_pepper_garden_unsorted_harvest,building_maintenance,,,[],[],false,,,inline,managed_pepper_garden,managed_pepper_garden:unique_production_methods:2,2,0.0,,0.0,0.0,0.0,,[],1.0,,/home/jan/development/ProsperOrPerishConstructor/mod/Prosper or Perish (Population Growth & Food Rework)/in_game/common/building_types/zz_pp_pepper_garden_managed.txt,2,constructor,Prosper or Perish Constructor,CREATE,"[{""file"":""/home/jan/development/ProsperOrPerishConstructor/mod/Prosper or Perish (Population Growth & Food Rework)/in_game/common/building_types/zz_pp_pepper_garden_managed.txt"",""layer_id"":""constructor"",""layer_name"":""Prosper or Perish Constructor"",""line"":2,""mod_name"":""Prosper or Perish Constructor"",""mode"":""CREATE""}]"
pp_managed_pepper_garden_garbling_tables,building_maintenance,pepper,0.058,"[""furniture"",""fiber_crops""]","[0.04,0.03]",false,,,inline,managed_pepper_garden,managed_pepper_garden:unique_production_methods:2,2,0.0,0.058,0.29000000000000004,0.18,0.11000000000000004,61.111111111111136,[],1.0,0.058,/home/jan/development/ProsperOrPerishConstructor/mod/Prosper or Perish (Population Growth & Food Rework)/in_game/common/building_types/zz_pp_pepper_garden_managed.txt,2,constructor,Prosper or Perish Constructor,CREATE,"[{""file"":""/home/jan/development/ProsperOrPerishConstructor/mod/Prosper or Perish (Population Growth & Food Rework)/in_game/common/building_types/zz_pp_pepper_garden_managed.txt"",""layer_id"":""constructor"",""layer_name"":""Prosper or Perish Constructor"",""line"":2,""mod_name"":""Prosper or Perish Constructor"",""mode"":""CREATE""}]"
pp_pomological_orchard_base_fruit,building_maintenance,fruit,0.1,[],[],false,,,inline,pomological_orchard,pomological_orchard:unique_production_methods:0,0,0.0,0.1,0.1,0.0,0.1,,[],1.0,0.1,/home/jan/development/ProsperOrPerishConstructor/mod/Prosper or Perish (Population Growth & Food Rework)/in_game/common/building_types/zz_pp_pomological_orchard.txt,2,constructor,Prosper or Perish Constructor,CREATE,"[{""file"":""/home/jan/development/ProsperOrPerishConstructor/mod/Prosper or Perish (Population Growth & Food Rework)/in_game/common/building_types/zz_pp_pomological_orchard.txt"",""layer_id"":""constructor"",""layer_name"":""Prosper or Perish Constructor"",""line"":2,""mod_name"":""Prosper or Perish Constructor"",""mode"":""CREATE""}]"
pp_pomological_orchard_no_primary,building_maintenance,,,[],[],false,,,inline,pomological_orchard,pomological_orchard:unique_production_methods:1,1,0.0,,0.0,0.0,0.0,,[],1.0,,/home/jan/development/ProsperOrPerishConstructor/mod/Prosper or Perish (Population Growth & Food Rework)/in_game/common/building_types/zz_pp_pomological_orchard.txt,2,constructor,Prosper or Perish Constructor,CREATE,"[{""file"":""/home/jan/development/ProsperOrPerishConstructor/mod/Prosper or Perish (Population Growth & Food Rework)/in_game/common/building_types/zz_pp_pomological_orchard.txt"",""layer_id"":""constructor"",""layer_name"":""Prosper or Perish Constructor"",""line"":2,""mod_name"":""Prosper or Perish Constructor"",""mode"":""CREATE""}]"
pp_pomological_orchard_grafted_rows,building_maintenance,fruit,2.1,"[""tools"",""lumber"",""paper""]","[0.38,0.35,0.16]",false,,,inline,pomological_orchard,pomological_orchard:unique_production_methods:1,1,0.0,2.1,2.1,2.1675,-0.0674999999999999,-3.1141868512110675,[],1.0,2.1,/home/jan/development/ProsperOrPerishConstructor/mod/Prosper or Perish (Population Growth & Food Rework)/in_game/common/building_types/zz_pp_pomological_orchard.txt,2,constructor,Prosper or Perish Constructor,CREATE,"[{""file"":""/home/jan/development/ProsperOrPerishConstructor/mod/Prosper or Perish (Population Growth & Food Rework)/in_game/common/building_types/zz_pp_pomological_orchard.txt"",""layer_id"":""constructor"",""layer_name"":""Prosper or Perish Constructor"",""line"":2,""mod_name"":""Prosper or Perish Constructor"",""mode"":""CREATE""}]"
pp_pomological_orchard_no_worker_victuals,building_maintenance,,,[],[],false,,,inline,pomological_orchard,pomological_orchard:unique_production_methods:2,2,0.0,,0.0,0.0,0.0,,[],1.0,,/home/jan/development/ProsperOrPerishConstructor/mod/Prosper or Perish (Population Growth & Food Rework)/in_game/common/building_types/zz_pp_pomological_orchard.txt,2,constructor,Prosper or Perish Constructor,CREATE,"[{""file"":""/home/jan/development/ProsperOrPerishConstructor/mod/Prosper or Perish (Population Growth & Food Rework)/in_game/common/building_types/zz_pp_pomological_orchard.txt"",""layer_id"":""constructor"",""layer_name"":""Prosper or Perish Constructor"",""line"":2,""mod_name"":""Prosper or Perish Constructor"",""mode"":""CREATE""}]"
pp_pomological_orchard_worker_victuals,building_maintenance,victuals,0.067,[],[],false,,,inline,pomological_orchard,pomological_orchard:unique_production_methods:2,2,0.0,0.067,0.201,0.0,0.201,,[],1.0,0.067,/home/jan/development/ProsperOrPerishConstructor/mod/Prosper or Perish (Population Growth & Food Rework)/in_game/common/building_types/zz_pp_pomological_orchard.txt,2,constructor,Prosper or Perish Constructor,CREATE,"[{""file"":""/home/jan/development/ProsperOrPerishConstructor/mod/Prosper or Perish (Population Growth & Food Rework)/in_game/common/building_types/zz_pp_pomological_orchard.txt"",""layer_id"":""constructor"",""layer_name"":""Prosper or Perish Constructor"",""line"":2,""mod_name"":""Prosper or Perish Constructor"",""mode"":""CREATE""}]"
pp_quicksilver_retort_base_mercury,building_maintenance,mercury,0.09,[],[],false,,,inline,quicksilver_retort,quicksilver_retort:unique_production_methods:0,0,0.0,0.09,0.27,0.0,0.27,,[],1.0,0.09,/home/jan/development/ProsperOrPerishConstructor/mod/Prosper or Perish (Population Growth & Food Rework)/in_game/common/building_types/zz_pp_quicksilver_retort.txt,2,constructor,Prosper or Perish Constructor,CREATE,"[{""file"":""/home/jan/development/ProsperOrPerishConstructor/mod/Prosper or Perish (Population Growth & Food Rework)/in_game/common/building_types/zz_pp_quicksilver_retort.txt"",""layer_id"":""constructor"",""layer_name"":""Prosper or Perish Constructor"",""line"":2,""mod_name"":""Prosper or Perish Constructor"",""mode"":""CREATE""}]"
pp_quicksilver_retort_no_primary,building_maintenance,,,[],[],false,,,inline,quicksilver_retort,quicksilver_retort:unique_production_methods:1,1,0.0,,0.0,0.0,0.0,,[],1.0,,/home/jan/development/ProsperOrPerishConstructor/mod/Prosper or Perish (Population Growth & Food Rework)/in_game/common/building_types/zz_pp_quicksilver_retort.txt,2,constructor,Prosper or Perish Constructor,CREATE,"[{""file"":""/home/jan/development/ProsperOrPerishConstructor/mod/Prosper or Perish (Population Growth & Food Rework)/in_game/common/building_types/zz_pp_quicksilver_retort.txt"",""layer_id"":""constructor"",""layer_name"":""Prosper or Perish Constructor"",""line"":2,""mod_name"":""Prosper or Perish Constructor"",""mode"":""CREATE""}]"
pp_quicksilver_retort_mercury,building_maintenance,mercury,0.61,"[""lumber"",""tools"",""beeswax""]","[0.29,0.29,0.104]",false,,,inline,quicksilver_retort,quicksilver_retort:unique_production_methods:1,1,0.0,0.61,1.83,1.6579999999999997,0.17200000000000037,10.373944511459614,[],1.0,0.61,/home/jan/development/ProsperOrPerishConstructor/mod/Prosper or Perish (Population Growth & Food Rework)/in_game/common/building_types/zz_pp_quicksilver_retort.txt,2,constructor,Prosper or Perish Constructor,CREATE,"[{""file"":""/home/jan/development/ProsperOrPerishConstructor/mod/Prosper or Perish (Population Growth & Food Rework)/in_game/common/building_types/zz_pp_quicksilver_retort.txt"",""layer_id"":""constructor"",""layer_name"":""Prosper or Perish Constructor"",""line"":2,""mod_name"":""Prosper or Perish Constructor"",""mode"":""CREATE""}]"
pp_quicksilver_retort_no_secondary,building_maintenance,,,[],[],false,,,inline,quicksilver_retort,quicksilver_retort:unique_production_methods:2,2,0.0,,0.0,0.0,0.0,,[],1.0,,/home/jan/development/ProsperOrPerishConstructor/mod/Prosper or Perish (Population Growth & Food Rework)/in_game/common/building_types/zz_pp_quicksilver_retort.txt,2,constructor,Prosper or Perish Constructor,CREATE,"[{""file"":""/home/jan/development/ProsperOrPerishConstructor/mod/Prosper or Perish (Population Growth & Food Rework)/in_game/common/building_types/zz_pp_quicksilver_retort.txt"",""layer_id"":""constructor"",""layer_name"":""Prosper or Perish Constructor"",""line"":2,""mod_name"":""Prosper or Perish Constructor"",""mode"":""CREATE""}]"
pp_quicksilver_retort_stone,building_maintenance,stone,0.14,"[""lumber"",""tools""]","[0.03,0.02]",false,,,inline,quicksilver_retort,quicksilver_retort:unique_production_methods:2,2,0.0,0.14,0.14,0.1175,0.02250000000000002,19.148936170212785,[],1.0,0.14,/home/jan/development/ProsperOrPerishConstructor/mod/Prosper or Perish (Population Growth & Food Rework)/in_game/common/building_types/zz_pp_quicksilver_retort.txt,2,constructor,Prosper or Perish Constructor,CREATE,"[{""file"":""/home/jan/development/ProsperOrPerishConstructor/mod/Prosper or Perish (Population Growth & Food Rework)/in_game/common/building_types/zz_pp_quicksilver_retort.txt"",""layer_id"":""constructor"",""layer_name"":""Prosper or Perish Constructor"",""line"":2,""mod_name"":""Prosper or Perish Constructor"",""mode"":""CREATE""}]"
pp_quicksilver_retort_dyes,building_maintenance,dyes,0.027,"[""lumber"",""tools""]","[0.03,0.02]",false,,,inline,quicksilver_retort,quicksilver_retort:unique_production_methods:2,2,0.0,0.027,0.108,0.1175,-0.009499999999999995,-8.08510638297872,[],1.0,0.027,/home/jan/development/ProsperOrPerishConstructor/mod/Prosper or Perish (Population Growth & Food Rework)/in_game/common/building_types/zz_pp_quicksilver_retort.txt,2,constructor,Prosper or Perish Constructor,CREATE,"[{""file"":""/home/jan/development/ProsperOrPerishConstructor/mod/Prosper or Perish (Population Growth & Food Rework)/in_game/common/building_types/zz_pp_quicksilver_retort.txt"",""layer_id"":""constructor"",""layer_name"":""Prosper or Perish Constructor"",""line"":2,""mod_name"":""Prosper or Perish Constructor"",""mode"":""CREATE""}]"
pp_saffron_croft_base_saffron,building_maintenance,saffron,0.023,[],[],false,,,inline,saffron_croft,saffron_croft:unique_production_methods:0,0,0.0,0.023,0.11499999999999999,0.0,0.11499999999999999,,[],1.0,0.023,/home/jan/development/ProsperOrPerishConstructor/mod/Prosper or Perish (Population Growth & Food Rework)/in_game/common/building_types/zz_pp_saffron_croft.txt,2,constructor,Prosper or Perish Constructor,CREATE,"[{""file"":""/home/jan/development/ProsperOrPerishConstructor/mod/Prosper or Perish (Population Growth & Food Rework)/in_game/common/building_types/zz_pp_saffron_croft.txt"",""layer_id"":""constructor"",""layer_name"":""Prosper or Perish Constructor"",""line"":2,""mod_name"":""Prosper or Perish Constructor"",""mode"":""CREATE""}]"
pp_saffron_croft_no_drying,building_maintenance,,,[],[],false,,,inline,saffron_croft,saffron_croft:unique_production_methods:1,1,0.0,,0.0,0.0,0.0,,[],1.0,,/home/jan/development/ProsperOrPerishConstructor/mod/Prosper or Perish (Population Growth & Food Rework)/in_game/common/building_types/zz_pp_saffron_croft.txt,2,constructor,Prosper or Perish Constructor,CREATE,"[{""file"":""/home/jan/development/ProsperOrPerishConstructor/mod/Prosper or Perish (Population Growth & Food Rework)/in_game/common/building_types/zz_pp_saffron_croft.txt"",""layer_id"":""constructor"",""layer_name"":""Prosper or Perish Constructor"",""line"":2,""mod_name"":""Prosper or Perish Constructor"",""mode"":""CREATE""}]"
pp_saffron_croft_toasting_braziers,building_maintenance,saffron,0.051,"[""pottery"",""coal""]","[0.105,0.053]",false,,,inline,saffron_croft,saffron_croft:unique_production_methods:1,1,0.0,0.051,0.255,0.211,0.04400000000000001,20.853080568720387,[],1.0,0.051,/home/jan/development/ProsperOrPerishConstructor/mod/Prosper or Perish (Population Growth & Food Rework)/in_game/common/building_types/zz_pp_saffron_croft.txt,2,constructor,Prosper or Perish Constructor,CREATE,"[{""file"":""/home/jan/development/ProsperOrPerishConstructor/mod/Prosper or Perish (Population Growth & Food Rework)/in_game/common/building_types/zz_pp_saffron_croft.txt"",""layer_id"":""constructor"",""layer_name"":""Prosper or Perish Constructor"",""line"":2,""mod_name"":""Prosper or Perish Constructor"",""mode"":""CREATE""}]"
pp_saffron_kiln_croft_base_saffron,building_maintenance,saffron,0.055,[],[],false,,,inline,saffron_kiln_croft,saffron_kiln_croft:unique_production_methods:0,0,0.0,0.055,0.275,0.0,0.275,,[],1.0,0.055,/home/jan/development/ProsperOrPerishConstructor/mod/Prosper or Perish (Population Growth & Food Rework)/in_game/common/building_types/zz_pp_saffron_kiln_croft.txt,2,constructor,Prosper or Perish Constructor,CREATE,"[{""file"":""/home/jan/development/ProsperOrPerishConstructor/mod/Prosper or Perish (Population Growth & Food Rework)/in_game/common/building_types/zz_pp_saffron_kiln_croft.txt"",""layer_id"":""constructor"",""layer_name"":""Prosper or Perish Constructor"",""line"":2,""mod_name"":""Prosper or Perish Constructor"",""mode"":""CREATE""}]"
pp_saffron_kiln_croft_unmanured_beds,building_maintenance,,,[],[],false,,,inline,saffron_kiln_croft,saffron_kiln_croft:unique_production_methods:1,1,0.0,,0.0,0.0,0.0,,[],1.0,,/home/jan/development/ProsperOrPerishConstructor/mod/Prosper or Perish (Population Growth & Food Rework)/in_game/common/building_types/zz_pp_saffron_kiln_croft.txt,2,constructor,Prosper or Perish Constructor,CREATE,"[{""file"":""/home/jan/development/ProsperOrPerishConstructor/mod/Prosper or Perish (Population Growth & Food Rework)/in_game/common/building_types/zz_pp_saffron_kiln_croft.txt"",""layer_id"":""constructor"",""layer_name"":""Prosper or Perish Constructor"",""line"":2,""mod_name"":""Prosper or Perish Constructor"",""mode"":""CREATE""}]"
pp_saffron_kiln_croft_livestock_manure,building_maintenance,saffron,0.05,"[""livestock""]",[0.045],false,,,inline,saffron_kiln_croft,saffron_kiln_croft:unique_production_methods:1,1,0.0,0.05,0.25,0.0675,0.1825,270.3703703703703,[],1.0,0.05,/home/jan/development/ProsperOrPerishConstructor/mod/Prosper or Perish (Population Growth & Food Rework)/in_game/common/building_types/zz_pp_saffron_kiln_croft.txt,2,constructor,Prosper or Perish Constructor,CREATE,"[{""file"":""/home/jan/development/ProsperOrPerishConstructor/mod/Prosper or Perish (Population Growth & Food Rework)/in_game/common/building_types/zz_pp_saffron_kiln_croft.txt"",""layer_id"":""constructor"",""layer_name"":""Prosper or Perish Constructor"",""line"":2,""mod_name"":""Prosper or Perish Constructor"",""mode"":""CREATE""}]"
pp_saffron_kiln_croft_sun_drying,building_maintenance,,,[],[],false,,,inline,saffron_kiln_croft,saffron_kiln_croft:unique_production_methods:2,2,0.0,,0.0,0.0,0.0,,[],1.0,,/home/jan/development/ProsperOrPerishConstructor/mod/Prosper or Perish (Population Growth & Food Rework)/in_game/common/building_types/zz_pp_saffron_kiln_croft.txt,2,constructor,Prosper or Perish Constructor,CREATE,"[{""file"":""/home/jan/development/ProsperOrPerishConstructor/mod/Prosper or Perish (Population Growth & Food Rework)/in_game/common/building_types/zz_pp_saffron_kiln_croft.txt"",""layer_id"":""constructor"",""layer_name"":""Prosper or Perish Constructor"",""line"":2,""mod_name"":""Prosper or Perish Constructor"",""mode"":""CREATE""}]"
pp_saffron_kiln_croft_pottery_kilns,building_maintenance,saffron,0.095,"[""pottery"",""coal""]","[0.08,0.035]",false,,,inline,saffron_kiln_croft,saffron_kiln_croft:unique_production_methods:2,2,0.0,0.095,0.475,0.15000000000000002,0.32499999999999996,216.6666666666666,[],1.0,0.095,/home/jan/development/ProsperOrPerishConstructor/mod/Prosper or Perish (Population Growth & Food Rework)/in_game/common/building_types/zz_pp_saffron_kiln_croft.txt,2,constructor,Prosper or Perish Constructor,CREATE,"[{""file"":""/home/jan/development/ProsperOrPerishConstructor/mod/Prosper or Perish (Population Growth & Food Rework)/in_game/common/building_types/zz_pp_saffron_kiln_croft.txt"",""layer_id"":""constructor"",""layer_name"":""Prosper or Perish Constructor"",""line"":2,""mod_name"":""Prosper or Perish Constructor"",""mode"":""CREATE""}]"
pp_salt_mine_base_salt,building_maintenance,salt,0.09,[],[],false,,,inline,salt_mine,salt_mine:unique_production_methods:0,0,0.0,0.09,0.44999999999999996,0.0,0.44999999999999996,,[],1.0,0.09,/home/jan/development/ProsperOrPerishConstructor/mod/Prosper or Perish (Population Growth & Food Rework)/in_game/common/building_types/zz_pp_salt_mine.txt,2,constructor,Prosper or Perish Constructor,CREATE,"[{""file"":""/home/jan/development/ProsperOrPerishConstructor/mod/Prosper or Perish (Population Growth & Food Rework)/in_game/common/building_types/zz_pp_salt_mine.txt"",""layer_id"":""constructor"",""layer_name"":""Prosper or Perish Constructor"",""line"":2,""mod_name"":""Prosper or Perish Constructor"",""mode"":""CREATE""}]"
pp_salt_mine_no_primary,building_maintenance,,,[],[],false,,,inline,salt_mine,salt_mine:unique_production_methods:1,1,0.0,,0.0,0.0,0.0,,[],1.0,,/home/jan/development/ProsperOrPerishConstructor/mod/Prosper or Perish (Population Growth & Food Rework)/in_game/common/building_types/zz_pp_salt_mine.txt,2,constructor,Prosper or Perish Constructor,CREATE,"[{""file"":""/home/jan/development/ProsperOrPerishConstructor/mod/Prosper or Perish (Population Growth & Food Rework)/in_game/common/building_types/zz_pp_salt_mine.txt"",""layer_id"":""constructor"",""layer_name"":""Prosper or Perish Constructor"",""line"":2,""mod_name"":""Prosper or Perish Constructor"",""mode"":""CREATE""}]"
pp_salt_mine_hand_cut_galleries,building_maintenance,salt,0.28,"[""lumber"",""tools"",""beeswax""]","[0.325,0.203,0.102]",false,,,inline,salt_mine,salt_mine:unique_production_methods:1,1,0.0,0.28,1.4000000000000001,1.4324999999999999,-0.03249999999999975,-2.268760907504346,[],1.0,0.28,/home/jan/development/ProsperOrPerishConstructor/mod/Prosper or Perish (Population Growth & Food Rework)/in_game/common/building_types/zz_pp_salt_mine.txt,2,constructor,Prosper or Perish Constructor,CREATE,"[{""file"":""/home/jan/development/ProsperOrPerishConstructor/mod/Prosper or Perish (Population Growth & Food Rework)/in_game/common/building_types/zz_pp_salt_mine.txt"",""layer_id"":""constructor"",""layer_name"":""Prosper or Perish Constructor"",""line"":2,""mod_name"":""Prosper or Perish Constructor"",""mode"":""CREATE""}]"
pp_salt_mine_improved_base_salt,building_maintenance,salt,0.07,[],[],false,,,inline,salt_mine_improved,salt_mine_improved:unique_production_methods:0,0,0.0,0.07,0.35000000000000003,0.0,0.35000000000000003,,[],1.0,0.07,/home/jan/development/ProsperOrPerishConstructor/mod/Prosper or Perish (Population Growth & Food Rework)/in_game/common/building_types/zz_pp_salt_mine_improved.txt,2,constructor,Prosper or Perish Constructor,CREATE,"[{""file"":""/home/jan/development/ProsperOrPerishConstructor/mod/Prosper or Perish (Population Growth & Food Rework)/in_game/common/building_types/zz_pp_salt_mine_improved.txt"",""layer_id"":""constructor"",""layer_name"":""Prosper or Perish Constructor"",""line"":2,""mod_name"":""Prosper or Perish Constructor"",""mode"":""CREATE""}]"
pp_salt_mine_improved_no_primary,building_maintenance,,,[],[],false,,,inline,salt_mine_improved,salt_mine_improved:unique_production_methods:1,1,0.0,,0.0,0.0,0.0,,[],1.0,,/home/jan/development/ProsperOrPerishConstructor/mod/Prosper or Perish (Population Growth & Food Rework)/in_game/common/building_types/zz_pp_salt_mine_improved.txt,2,constructor,Prosper or Perish Constructor,CREATE,"[{""file"":""/home/jan/development/ProsperOrPerishConstructor/mod/Prosper or Perish (Population Growth & Food Rework)/in_game/common/building_types/zz_pp_salt_mine_improved.txt"",""layer_id"":""constructor"",""layer_name"":""Prosper or Perish Constructor"",""line"":2,""mod_name"":""Prosper or Perish Constructor"",""mode"":""CREATE""}]"
pp_salt_mine_improved_timbered_haulage,building_maintenance,salt,0.366,"[""lumber"",""tools"",""horses"",""leather"",""beeswax""]","[0.424,0.212,0.106,0.076,0.061]",false,,,inline,salt_mine_improved,salt_mine_improved:unique_production_methods:1,1,0.0,0.366,1.83,2.099,-0.26900000000000013,-12.815626488804197,[],1.0,0.366,/home/jan/development/ProsperOrPerishConstructor/mod/Prosper or Perish (Population Growth & Food Rework)/in_game/common/building_types/zz_pp_salt_mine_improved.txt,2,constructor,Prosper or Perish Constructor,CREATE,"[{""file"":""/home/jan/development/ProsperOrPerishConstructor/mod/Prosper or Perish (Population Growth & Food Rework)/in_game/common/building_types/zz_pp_salt_mine_improved.txt"",""layer_id"":""constructor"",""layer_name"":""Prosper or Perish Constructor"",""line"":2,""mod_name"":""Prosper or Perish Constructor"",""mode"":""CREATE""}]"
pp_saltpeter_beds_base_saltpeter,building_maintenance,saltpeter,0.1,[],[],false,,,inline,saltpeter_beds,saltpeter_beds:unique_production_methods:0,0,0.0,0.1,0.2,0.0,0.2,,[],1.0,0.1,/home/jan/development/ProsperOrPerishConstructor/mod/Prosper or Perish (Population Growth & Food Rework)/in_game/common/building_types/zz_pp_saltpeter_beds.txt,2,constructor,Prosper or Perish Constructor,CREATE,"[{""file"":""/home/jan/development/ProsperOrPerishConstructor/mod/Prosper or Perish (Population Growth & Food Rework)/in_game/common/building_types/zz_pp_saltpeter_beds.txt"",""layer_id"":""constructor"",""layer_name"":""Prosper or Perish Constructor"",""line"":2,""mod_name"":""Prosper or Perish Constructor"",""mode"":""CREATE""}]"
pp_saltpeter_beds_natural_crusts,building_maintenance,,,[],[],false,,,inline,saltpeter_beds,saltpeter_beds:unique_production_methods:1,1,0.0,,0.0,0.0,0.0,,[],1.0,,/home/jan/development/ProsperOrPerishConstructor/mod/Prosper or Perish (Population Growth & Food Rework)/in_game/common/building_types/zz_pp_saltpeter_beds.txt,2,constructor,Prosper or Perish Constructor,CREATE,"[{""file"":""/home/jan/development/ProsperOrPerishConstructor/mod/Prosper or Perish (Population Growth & Food Rework)/in_game/common/building_types/zz_pp_saltpeter_beds.txt"",""layer_id"":""constructor"",""layer_name"":""Prosper or Perish Constructor"",""line"":2,""mod_name"":""Prosper or Perish Constructor"",""mode"":""CREATE""}]"
pp_saltpeter_beds_leaching_vats,building_maintenance,saltpeter,0.222,"[""livestock"",""pottery"",""fiber_crops""]","[0.167,0.083,0.025]",false,,,inline,saltpeter_beds,saltpeter_beds:unique_production_methods:1,1,0.0,0.222,0.444,0.3835,0.0605,15.77574967405476,[],1.0,0.222,/home/jan/development/ProsperOrPerishConstructor/mod/Prosper or Perish (Population Growth & Food Rework)/in_game/common/building_types/zz_pp_saltpeter_beds.txt,2,constructor,Prosper or Perish Constructor,CREATE,"[{""file"":""/home/jan/development/ProsperOrPerishConstructor/mod/Prosper or Perish (Population Growth & Food Rework)/in_game/common/building_types/zz_pp_saltpeter_beds.txt"",""layer_id"":""constructor"",""layer_name"":""Prosper or Perish Constructor"",""line"":2,""mod_name"":""Prosper or Perish Constructor"",""mode"":""CREATE""}]"
pp_sand_washery_base_sand,building_maintenance,sand,0.11,[],[],false,,,inline,sand_washery,sand_washery:unique_production_methods:0,0,0.0,0.11,0.055,0.0,0.055,,[],1.0,0.11,/home/jan/development/ProsperOrPerishConstructor/mod/Prosper or Perish (Population Growth & Food Rework)/in_game/common/building_types/zz_pp_sand_washery.txt,2,constructor,Prosper or Perish Constructor,CREATE,"[{""file"":""/home/jan/development/ProsperOrPerishConstructor/mod/Prosper or Perish (Population Growth & Food Rework)/in_game/common/building_types/zz_pp_sand_washery.txt"",""layer_id"":""constructor"",""layer_name"":""Prosper or Perish Constructor"",""line"":2,""mod_name"":""Prosper or Perish Constructor"",""mode"":""CREATE""}]"
pp_sand_washery_no_screening,building_maintenance,,,[],[],false,,,inline,sand_washery,sand_washery:unique_production_methods:1,1,0.0,,0.0,0.0,0.0,,[],1.0,,/home/jan/development/ProsperOrPerishConstructor/mod/Prosper or Perish (Population Growth & Food Rework)/in_game/common/building_types/zz_pp_sand_washery.txt,2,constructor,Prosper or Perish Constructor,CREATE,"[{""file"":""/home/jan/development/ProsperOrPerishConstructor/mod/Prosper or Perish (Population Growth & Food Rework)/in_game/common/building_types/zz_pp_sand_washery.txt"",""layer_id"":""constructor"",""layer_name"":""Prosper or Perish Constructor"",""line"":2,""mod_name"":""Prosper or Perish Constructor"",""mode"":""CREATE""}]"
pp_sand_washery_riddle_screens,building_maintenance,sand,0.29,"[""lumber"",""tools""]","[0.05,0.02]",false,,,inline,sand_washery,sand_washery:unique_production_methods:1,1,0.0,0.29,0.145,0.15250000000000002,-0.007500000000000034,-4.918032786885268,[],1.0,0.29,/home/jan/development/ProsperOrPerishConstructor/mod/Prosper or Perish (Population Growth & Food Rework)/in_game/common/building_types/zz_pp_sand_washery.txt,2,constructor,Prosper or Perish Constructor,CREATE,"[{""file"":""/home/jan/development/ProsperOrPerishConstructor/mod/Prosper or Perish (Population Growth & Food Rework)/in_game/common/building_types/zz_pp_sand_washery.txt"",""layer_id"":""constructor"",""layer_name"":""Prosper or Perish Constructor"",""line"":2,""mod_name"":""Prosper or Perish Constructor"",""mode"":""CREATE""}]"
pp_sand_washery_no_washing,building_maintenance,,,[],[],false,,,inline,sand_washery,sand_washery:unique_production_methods:2,2,0.0,,0.0,0.0,0.0,,[],1.0,,/home/jan/development/ProsperOrPerishConstructor/mod/Prosper or Perish (Population Growth & Food Rework)/in_game/common/building_types/zz_pp_sand_washery.txt,2,constructor,Prosper or Perish Constructor,CREATE,"[{""file"":""/home/jan/development/ProsperOrPerishConstructor/mod/Prosper or Perish (Population Growth & Food Rework)/in_game/common/building_types/zz_pp_sand_washery.txt"",""layer_id"":""constructor"",""layer_name"":""Prosper or Perish Constructor"",""line"":2,""mod_name"":""Prosper or Perish Constructor"",""mode"":""CREATE""}]"
pp_sand_washery_glass_sand_washing,building_maintenance,sand,0.31,"[""lumber"",""tools""]","[0.04,0.03]",false,,,inline,sand_washery,sand_washery:unique_production_methods:2,2,0.0,0.31,0.155,0.1675,-0.012500000000000011,-7.4626865671641855,[],1.0,0.31,/home/jan/development/ProsperOrPerishConstructor/mod/Prosper or Perish (Population Growth & Food Rework)/in_game/common/building_types/zz_pp_sand_washery.txt,2,constructor,Prosper or Perish Constructor,CREATE,"[{""file"":""/home/jan/development/ProsperOrPerishConstructor/mod/Prosper or Perish (Population Growth & Food Rework)/in_game/common/building_types/zz_pp_sand_washery.txt"",""layer_id"":""constructor"",""layer_name"":""Prosper or Perish Constructor"",""line"":2,""mod_name"":""Prosper or Perish Constructor"",""mode"":""CREATE""}]"
pp_sericulture_farm_base_silk,building_maintenance,silk,0.04,[],[],false,,,inline,sericulture_farm,sericulture_farm:unique_production_methods:0,0,0.0,0.04,0.16,0.0,0.16,,[],1.0,0.04,/home/jan/development/ProsperOrPerishConstructor/mod/Prosper or Perish (Population Growth & Food Rework)/in_game/common/building_types/zz_pp_sericulture_farm.txt,2,constructor,Prosper or Perish Constructor,CREATE,"[{""file"":""/home/jan/development/ProsperOrPerishConstructor/mod/Prosper or Perish (Population Growth & Food Rework)/in_game/common/building_types/zz_pp_sericulture_farm.txt"",""layer_id"":""constructor"",""layer_name"":""Prosper or Perish Constructor"",""line"":2,""mod_name"":""Prosper or Perish Constructor"",""mode"":""CREATE""}]"
pp_sericulture_farm_no_reeling,building_maintenance,,,[],[],false,,,inline,sericulture_farm,sericulture_farm:unique_production_methods:1,1,0.0,,0.0,0.0,0.0,,[],1.0,,/home/jan/development/ProsperOrPerishConstructor/mod/Prosper or Perish (Population Growth & Food Rework)/in_game/common/building_types/zz_pp_sericulture_farm.txt,2,constructor,Prosper or Perish Constructor,CREATE,"[{""file"":""/home/jan/development/ProsperOrPerishConstructor/mod/Prosper or Perish (Population Growth & Food Rework)/in_game/common/building_types/zz_pp_sericulture_farm.txt"",""layer_id"":""constructor"",""layer_name"":""Prosper or Perish Constructor"",""line"":2,""mod_name"":""Prosper or Perish Constructor"",""mode"":""CREATE""}]"
pp_sericulture_farm_cocoon_reeling,building_maintenance,silk,0.089,"[""lumber"",""tools""]","[0.119,0.04]",false,,,inline,sericulture_farm,sericulture_farm:unique_production_methods:1,1,0.0,0.089,0.356,0.33825,0.017749999999999988,5.247597930524757,[],1.0,0.089,/home/jan/development/ProsperOrPerishConstructor/mod/Prosper or Perish (Population Growth & Food Rework)/in_game/common/building_types/zz_pp_sericulture_farm.txt,2,constructor,Prosper or Perish Constructor,CREATE,"[{""file"":""/home/jan/development/ProsperOrPerishConstructor/mod/Prosper or Perish (Population Growth & Food Rework)/in_game/common/building_types/zz_pp_sericulture_farm.txt"",""layer_id"":""constructor"",""layer_name"":""Prosper or Perish Constructor"",""line"":2,""mod_name"":""Prosper or Perish Constructor"",""mode"":""CREATE""}]"
pp_regulated_sericulture_farm_base_silk,building_maintenance,silk,0.052,[],[],false,,,inline,regulated_sericulture_farm,regulated_sericulture_farm:unique_production_methods:0,0,0.0,0.052,0.208,0.0,0.208,,[],1.0,0.052,/home/jan/development/ProsperOrPerishConstructor/mod/Prosper or Perish (Population Growth & Food Rework)/in_game/common/building_types/zz_pp_sericulture_farm_regulated.txt,2,constructor,Prosper or Perish Constructor,CREATE,"[{""file"":""/home/jan/development/ProsperOrPerishConstructor/mod/Prosper or Perish (Population Growth & Food Rework)/in_game/common/building_types/zz_pp_sericulture_farm_regulated.txt"",""layer_id"":""constructor"",""layer_name"":""Prosper or Perish Constructor"",""line"":2,""mod_name"":""Prosper or Perish Constructor"",""mode"":""CREATE""}]"
pp_regulated_sericulture_farm_household_reeling,building_maintenance,,,[],[],false,,,inline,regulated_sericulture_farm,regulated_sericulture_farm:unique_production_methods:1,1,0.0,,0.0,0.0,0.0,,[],1.0,,/home/jan/development/ProsperOrPerishConstructor/mod/Prosper or Perish (Population Growth & Food Rework)/in_game/common/building_types/zz_pp_sericulture_farm_regulated.txt,2,constructor,Prosper or Perish Constructor,CREATE,"[{""file"":""/home/jan/development/ProsperOrPerishConstructor/mod/Prosper or Perish (Population Growth & Food Rework)/in_game/common/building_types/zz_pp_sericulture_farm_regulated.txt"",""layer_id"":""constructor"",""layer_name"":""Prosper or Perish Constructor"",""line"":2,""mod_name"":""Prosper or Perish Constructor"",""mode"":""CREATE""}]"
pp_regulated_sericulture_farm_reeling_house,building_maintenance,silk,0.087,"[""furniture"",""fiber_crops"",""pottery""]","[0.07,0.045,0.035]",false,,,inline,regulated_sericulture_farm,regulated_sericulture_farm:unique_production_methods:1,1,0.0,0.087,0.348,0.3350000000000001,0.0129999999999999,3.8805970149253426,[],1.0,0.087,/home/jan/development/ProsperOrPerishConstructor/mod/Prosper or Perish (Population Growth & Food Rework)/in_game/common/building_types/zz_pp_sericulture_farm_regulated.txt,2,constructor,Prosper or Perish Constructor,CREATE,"[{""file"":""/home/jan/development/ProsperOrPerishConstructor/mod/Prosper or Perish (Population Growth & Food Rework)/in_game/common/building_types/zz_pp_sericulture_farm_regulated.txt"",""layer_id"":""constructor"",""layer_name"":""Prosper or Perish Constructor"",""line"":2,""mod_name"":""Prosper or Perish Constructor"",""mode"":""CREATE""}]"
pp_regulated_sericulture_farm_loose_skeins,building_maintenance,,,[],[],false,,,inline,regulated_sericulture_farm,regulated_sericulture_farm:unique_production_methods:2,2,0.0,,0.0,0.0,0.0,,[],1.0,,/home/jan/development/ProsperOrPerishConstructor/mod/Prosper or Perish (Population Growth & Food Rework)/in_game/common/building_types/zz_pp_sericulture_farm_regulated.txt,2,constructor,Prosper or Perish Constructor,CREATE,"[{""file"":""/home/jan/development/ProsperOrPerishConstructor/mod/Prosper or Perish (Population Growth & Food Rework)/in_game/common/building_types/zz_pp_sericulture_farm_regulated.txt"",""layer_id"":""constructor"",""layer_name"":""Prosper or Perish Constructor"",""line"":2,""mod_name"":""Prosper or Perish Constructor"",""mode"":""CREATE""}]"
pp_regulated_sericulture_farm_heated_filature,building_maintenance,silk,0.06,"[""furniture"",""pottery"",""coal""]","[0.035,0.04,0.02]",false,,,inline,regulated_sericulture_farm,regulated_sericulture_farm:unique_production_methods:2,2,0.0,0.06,0.24,0.18500000000000003,0.054999999999999966,29.72972972972971,[],1.0,0.06,/home/jan/development/ProsperOrPerishConstructor/mod/Prosper or Perish (Population Growth & Food Rework)/in_game/common/building_types/zz_pp_sericulture_farm_regulated.txt,2,constructor,Prosper or Perish Constructor,CREATE,"[{""file"":""/home/jan/development/ProsperOrPerishConstructor/mod/Prosper or Perish (Population Growth & Food Rework)/in_game/common/building_types/zz_pp_sericulture_farm_regulated.txt"",""layer_id"":""constructor"",""layer_name"":""Prosper or Perish Constructor"",""line"":2,""mod_name"":""Prosper or Perish Constructor"",""mode"":""CREATE""}]"
pp_hurdled_sheepcotes_base_wool,building_maintenance,wool,0.09,[],[],false,,,inline,hurdled_sheepcotes,hurdled_sheepcotes:unique_production_methods:0,0,0.0,0.09,0.22499999999999998,0.0,0.22499999999999998,,[],1.0,0.09,/home/jan/development/ProsperOrPerishConstructor/mod/Prosper or Perish (Population Growth & Food Rework)/in_game/common/building_types/zz_pp_sheep_farms_hurdled_sheepcotes.txt,2,constructor,Prosper or Perish Constructor,CREATE,"[{""file"":""/home/jan/development/ProsperOrPerishConstructor/mod/Prosper or Perish (Population Growth & Food Rework)/in_game/common/building_types/zz_pp_sheep_farms_hurdled_sheepcotes.txt"",""layer_id"":""constructor"",""layer_name"":""Prosper or Perish Constructor"",""line"":2,""mod_name"":""Prosper or Perish Constructor"",""mode"":""CREATE""}]"
pp_hurdled_sheepcotes_no_primary,building_maintenance,,,[],[],false,,,inline,hurdled_sheepcotes,hurdled_sheepcotes:unique_production_methods:1,1,0.0,,0.0,0.0,0.0,,[],1.0,,/home/jan/development/ProsperOrPerishConstructor/mod/Prosper or Perish (Population Growth & Food Rework)/in_game/common/building_types/zz_pp_sheep_farms_hurdled_sheepcotes.txt,2,constructor,Prosper or Perish Constructor,CREATE,"[{""file"":""/home/jan/development/ProsperOrPerishConstructor/mod/Prosper or Perish (Population Growth & Food Rework)/in_game/common/building_types/zz_pp_sheep_farms_hurdled_sheepcotes.txt"",""layer_id"":""constructor"",""layer_name"":""Prosper or Perish Constructor"",""line"":2,""mod_name"":""Prosper or Perish Constructor"",""mode"":""CREATE""}]"
pp_hurdled_sheepcotes_foldcourse_husbandry,building_maintenance,wool,0.22,"[""furniture"",""livestock"",""victuals""]","[0.065,0.06,0.055]",false,,,inline,hurdled_sheepcotes,hurdled_sheepcotes:unique_production_methods:1,1,0.0,0.22,0.55,0.45000000000000007,0.09999999999999998,22.222222222222214,[],1.0,0.22,/home/jan/development/ProsperOrPerishConstructor/mod/Prosper or Perish (Population Growth & Food Rework)/in_game/common/building_types/zz_pp_sheep_farms_hurdled_sheepcotes.txt,2,constructor,Prosper or Perish Constructor,CREATE,"[{""file"":""/home/jan/development/ProsperOrPerishConstructor/mod/Prosper or Perish (Population Growth & Food Rework)/in_game/common/building_types/zz_pp_sheep_farms_hurdled_sheepcotes.txt"",""layer_id"":""constructor"",""layer_name"":""Prosper or Perish Constructor"",""line"":2,""mod_name"":""Prosper or Perish Constructor"",""mode"":""CREATE""}]"
pp_enclosed_sheep_walks_base_wool,building_maintenance,wool,0.1,[],[],false,,,inline,enclosed_sheep_walks,enclosed_sheep_walks:unique_production_methods:0,0,0.0,0.1,0.25,0.0,0.25,,[],1.0,0.1,/home/jan/development/ProsperOrPerishConstructor/mod/Prosper or Perish (Population Growth & Food Rework)/in_game/common/building_types/zz_pp_sheep_farms_hurdled_walks.txt,2,constructor,Prosper or Perish Constructor,CREATE,"[{""file"":""/home/jan/development/ProsperOrPerishConstructor/mod/Prosper or Perish (Population Growth & Food Rework)/in_game/common/building_types/zz_pp_sheep_farms_hurdled_walks.txt"",""layer_id"":""constructor"",""layer_name"":""Prosper or Perish Constructor"",""line"":2,""mod_name"":""Prosper or Perish Constructor"",""mode"":""CREATE""}]"
pp_enclosed_sheep_walks_no_primary,building_maintenance,,,[],[],false,,,inline,enclosed_sheep_walks,enclosed_sheep_walks:unique_production_methods:1,1,0.0,,0.0,0.0,0.0,,[],1.0,,/home/jan/development/ProsperOrPerishConstructor/mod/Prosper or Perish (Population Growth & Food Rework)/in_game/common/building_types/zz_pp_sheep_farms_hurdled_walks.txt,2,constructor,Prosper or Perish Constructor,CREATE,"[{""file"":""/home/jan/development/ProsperOrPerishConstructor/mod/Prosper or Perish (Population Growth & Food Rework)/in_game/common/building_types/zz_pp_sheep_farms_hurdled_walks.txt"",""layer_id"":""constructor"",""layer_name"":""Prosper or Perish Constructor"",""line"":2,""mod_name"":""Prosper or Perish Constructor"",""mode"":""CREATE""}]"
pp_enclosed_sheep_walks_improved_flocks,building_maintenance,wool,1.44,"[""tools"",""cloth"",""leather"",""lumber""]","[0.26,0.14,0.13,0.14]",false,,,inline,enclosed_sheep_walks,enclosed_sheep_walks:unique_production_methods:1,1,0.0,1.44,3.5999999999999996,1.9000000000000004,1.6999999999999993,89.47368421052626,[],1.0,1.44,/home/jan/development/ProsperOrPerishConstructor/mod/Prosper or Perish (Population Growth & Food Rework)/in_game/common/building_types/zz_pp_sheep_farms_hurdled_walks.txt,2,constructor,Prosper or Perish Constructor,CREATE,"[{""file"":""/home/jan/development/ProsperOrPerishConstructor/mod/Prosper or Perish (Population Growth & Food Rework)/in_game/common/building_types/zz_pp_sheep_farms_hurdled_walks.txt"",""layer_id"":""constructor"",""layer_name"":""Prosper or Perish Constructor"",""line"":2,""mod_name"":""Prosper or Perish Constructor"",""mode"":""CREATE""}]"
pp_silver_mine_base_silver,building_maintenance,silver,0.07,[],[],false,,,inline,silver_mine,silver_mine:unique_production_methods:0,0,0.0,0.07,0.42000000000000004,0.0,0.42000000000000004,,[],1.0,0.07,/home/jan/development/ProsperOrPerishConstructor/mod/Prosper or Perish (Population Growth & Food Rework)/in_game/common/building_types/zz_pp_silver_mine.txt,2,constructor,Prosper or Perish Constructor,CREATE,"[{""file"":""/home/jan/development/ProsperOrPerishConstructor/mod/Prosper or Perish (Population Growth & Food Rework)/in_game/common/building_types/zz_pp_silver_mine.txt"",""layer_id"":""constructor"",""layer_name"":""Prosper or Perish Constructor"",""line"":2,""mod_name"":""Prosper or Perish Constructor"",""mode"":""CREATE""}]"
pp_silver_mine_no_primary,building_maintenance,,,[],[],false,,,inline,silver_mine,silver_mine:unique_production_methods:1,1,0.0,,0.0,0.0,0.0,,[],1.0,,/home/jan/development/ProsperOrPerishConstructor/mod/Prosper or Perish (Population Growth & Food Rework)/in_game/common/building_types/zz_pp_silver_mine.txt,2,constructor,Prosper or Perish Constructor,CREATE,"[{""file"":""/home/jan/development/ProsperOrPerishConstructor/mod/Prosper or Perish (Population Growth & Food Rework)/in_game/common/building_types/zz_pp_silver_mine.txt"",""layer_id"":""constructor"",""layer_name"":""Prosper or Perish Constructor"",""line"":2,""mod_name"":""Prosper or Perish Constructor"",""mode"":""CREATE""}]"
pp_silver_mine_silver,building_maintenance,silver,0.21,"[""lumber"",""tools"",""beeswax""]","[0.22,0.18,0.09]",false,,,inline,silver_mine,silver_mine:unique_production_methods:1,1,0.0,0.21,1.26,1.15,0.1100000000000001,9.565217391304357,[],1.0,0.21,/home/jan/development/ProsperOrPerishConstructor/mod/Prosper or Perish (Population Growth & Food Rework)/in_game/common/building_types/zz_pp_silver_mine.txt,2,constructor,Prosper or Perish Constructor,CREATE,"[{""file"":""/home/jan/development/ProsperOrPerishConstructor/mod/Prosper or Perish (Population Growth & Food Rework)/in_game/common/building_types/zz_pp_silver_mine.txt"",""layer_id"":""constructor"",""layer_name"":""Prosper or Perish Constructor"",""line"":2,""mod_name"":""Prosper or Perish Constructor"",""mode"":""CREATE""}]"
pp_silver_mine_no_secondary,building_maintenance,,,[],[],false,,,inline,silver_mine,silver_mine:unique_production_methods:2,2,0.0,,0.0,0.0,0.0,,[],1.0,,/home/jan/development/ProsperOrPerishConstructor/mod/Prosper or Perish (Population Growth & Food Rework)/in_game/common/building_types/zz_pp_silver_mine.txt,2,constructor,Prosper or Perish Constructor,CREATE,"[{""file"":""/home/jan/development/ProsperOrPerishConstructor/mod/Prosper or Perish (Population Growth & Food Rework)/in_game/common/building_types/zz_pp_silver_mine.txt"",""layer_id"":""constructor"",""layer_name"":""Prosper or Perish Constructor"",""line"":2,""mod_name"":""Prosper or Perish Constructor"",""mode"":""CREATE""}]"
pp_silver_mine_lead,building_maintenance,lead,0.1,"[""lumber"",""tools""]","[0.04,0.036]",false,,,inline,silver_mine,silver_mine:unique_production_methods:2,2,0.0,0.1,0.2,0.187,0.013000000000000012,6.951871657754016,[],1.0,0.1,/home/jan/development/ProsperOrPerishConstructor/mod/Prosper or Perish (Population Growth & Food Rework)/in_game/common/building_types/zz_pp_silver_mine.txt,2,constructor,Prosper or Perish Constructor,CREATE,"[{""file"":""/home/jan/development/ProsperOrPerishConstructor/mod/Prosper or Perish (Population Growth & Food Rework)/in_game/common/building_types/zz_pp_silver_mine.txt"",""layer_id"":""constructor"",""layer_name"":""Prosper or Perish Constructor"",""line"":2,""mod_name"":""Prosper or Perish Constructor"",""mode"":""CREATE""}]"
pp_silver_mine_gold,building_maintenance,goods_gold,0.026,"[""lumber"",""tools""]","[0.04,0.03]",false,,,inline,silver_mine,silver_mine:unique_production_methods:2,2,0.0,0.026,0.23399999999999999,0.1675,0.06649999999999998,39.70149253731341,[],1.0,0.026,/home/jan/development/ProsperOrPerishConstructor/mod/Prosper or Perish (Population Growth & Food Rework)/in_game/common/building_types/zz_pp_silver_mine.txt,2,constructor,Prosper or Perish Constructor,CREATE,"[{""file"":""/home/jan/development/ProsperOrPerishConstructor/mod/Prosper or Perish (Population Growth & Food Rework)/in_game/common/building_types/zz_pp_silver_mine.txt"",""layer_id"":""constructor"",""layer_name"":""Prosper or Perish Constructor"",""line"":2,""mod_name"":""Prosper or Perish Constructor"",""mode"":""CREATE""}]"
pp_silver_mine_improved_base_silver,building_maintenance,silver,0.07,[],[],false,,,inline,silver_mine_improved,silver_mine_improved:unique_production_methods:0,0,0.0,0.07,0.42000000000000004,0.0,0.42000000000000004,,[],1.0,0.07,/home/jan/development/ProsperOrPerishConstructor/mod/Prosper or Perish (Population Growth & Food Rework)/in_game/common/building_types/zz_pp_silver_mine_improved.txt,2,constructor,Prosper or Perish Constructor,CREATE,"[{""file"":""/home/jan/development/ProsperOrPerishConstructor/mod/Prosper or Perish (Population Growth & Food Rework)/in_game/common/building_types/zz_pp_silver_mine_improved.txt"",""layer_id"":""constructor"",""layer_name"":""Prosper or Perish Constructor"",""line"":2,""mod_name"":""Prosper or Perish Constructor"",""mode"":""CREATE""}]"
pp_silver_mine_improved_no_primary,building_maintenance,,,[],[],false,,,inline,silver_mine_improved,silver_mine_improved:unique_production_methods:1,1,0.0,,0.0,0.0,0.0,,[],1.0,,/home/jan/development/ProsperOrPerishConstructor/mod/Prosper or Perish (Population Growth & Food Rework)/in_game/common/building_types/zz_pp_silver_mine_improved.txt,2,constructor,Prosper or Perish Constructor,CREATE,"[{""file"":""/home/jan/development/ProsperOrPerishConstructor/mod/Prosper or Perish (Population Growth & Food Rework)/in_game/common/building_types/zz_pp_silver_mine_improved.txt"",""layer_id"":""constructor"",""layer_name"":""Prosper or Perish Constructor"",""line"":2,""mod_name"":""Prosper or Perish Constructor"",""mode"":""CREATE""}]"
pp_silver_mine_improved_silver,building_maintenance,silver,0.274,"[""lumber"",""tools"",""beeswax""]","[0.24,0.26,0.11]",false,,,inline,silver_mine_improved,silver_mine_improved:unique_production_methods:1,1,0.0,0.274,1.6440000000000001,1.4849999999999999,0.15900000000000025,10.707070707070725,[],1.0,0.274,/home/jan/development/ProsperOrPerishConstructor/mod/Prosper or Perish (Population Growth & Food Rework)/in_game/common/building_types/zz_pp_silver_mine_improved.txt,2,constructor,Prosper or Perish Constructor,CREATE,"[{""file"":""/home/jan/development/ProsperOrPerishConstructor/mod/Prosper or Perish (Population Growth & Food Rework)/in_game/common/building_types/zz_pp_silver_mine_improved.txt"",""layer_id"":""constructor"",""layer_name"":""Prosper or Perish Constructor"",""line"":2,""mod_name"":""Prosper or Perish Constructor"",""mode"":""CREATE""}]"
pp_silver_mine_improved_no_secondary,building_maintenance,,,[],[],false,,,inline,silver_mine_improved,silver_mine_improved:unique_production_methods:2,2,0.0,,0.0,0.0,0.0,,[],1.0,,/home/jan/development/ProsperOrPerishConstructor/mod/Prosper or Perish (Population Growth & Food Rework)/in_game/common/building_types/zz_pp_silver_mine_improved.txt,2,constructor,Prosper or Perish Constructor,CREATE,"[{""file"":""/home/jan/development/ProsperOrPerishConstructor/mod/Prosper or Perish (Population Growth & Food Rework)/in_game/common/building_types/zz_pp_silver_mine_improved.txt"",""layer_id"":""constructor"",""layer_name"":""Prosper or Perish Constructor"",""line"":2,""mod_name"":""Prosper or Perish Constructor"",""mode"":""CREATE""}]"
pp_silver_mine_improved_lead,building_maintenance,lead,0.102,"[""lumber"",""tools""]","[0.04,0.037]",false,,,inline,silver_mine_improved,silver_mine_improved:unique_production_methods:2,2,0.0,0.102,0.204,0.19025,0.013749999999999984,7.227332457293027,[],1.0,0.102,/home/jan/development/ProsperOrPerishConstructor/mod/Prosper or Perish (Population Growth & Food Rework)/in_game/common/building_types/zz_pp_silver_mine_improved.txt,2,constructor,Prosper or Perish Constructor,CREATE,"[{""file"":""/home/jan/development/ProsperOrPerishConstructor/mod/Prosper or Perish (Population Growth & Food Rework)/in_game/common/building_types/zz_pp_silver_mine_improved.txt"",""layer_id"":""constructor"",""layer_name"":""Prosper or Perish Constructor"",""line"":2,""mod_name"":""Prosper or Perish Constructor"",""mode"":""CREATE""}]"
pp_silver_mine_improved_gold,building_maintenance,goods_gold,0.027,"[""lumber"",""tools""]","[0.04,0.04]",false,,,inline,silver_mine_improved,silver_mine_improved:unique_production_methods:2,2,0.0,0.027,0.243,0.2,0.04299999999999998,21.499999999999993,[],1.0,0.027,/home/jan/development/ProsperOrPerishConstructor/mod/Prosper or Perish (Population Growth & Food Rework)/in_game/common/building_types/zz_pp_silver_mine_improved.txt,2,constructor,Prosper or Perish Constructor,CREATE,"[{""file"":""/home/jan/development/ProsperOrPerishConstructor/mod/Prosper or Perish (Population Growth & Food Rework)/in_game/common/building_types/zz_pp_silver_mine_improved.txt"",""layer_id"":""constructor"",""layer_name"":""Prosper or Perish Constructor"",""line"":2,""mod_name"":""Prosper or Perish Constructor"",""mode"":""CREATE""}]"
pp_simplers_grove_base_medicaments,building_maintenance,medicaments,0.1,[],[],false,,,inline,simplers_grove,simplers_grove:unique_production_methods:0,0,0.0,0.1,0.1,0.0,0.1,,[],1.0,0.1,/home/jan/development/ProsperOrPerishConstructor/mod/Prosper or Perish (Population Growth & Food Rework)/in_game/common/building_types/zz_pp_simplers_grove.txt,2,constructor,Prosper or Perish Constructor,CREATE,"[{""file"":""/home/jan/development/ProsperOrPerishConstructor/mod/Prosper or Perish (Population Growth & Food Rework)/in_game/common/building_types/zz_pp_simplers_grove.txt"",""layer_id"":""constructor"",""layer_name"":""Prosper or Perish Constructor"",""line"":2,""mod_name"":""Prosper or Perish Constructor"",""mode"":""CREATE""}]"
pp_simplers_grove_no_drying,building_maintenance,,,[],[],false,,,inline,simplers_grove,simplers_grove:unique_production_methods:1,1,0.0,,0.0,0.0,0.0,,[],1.0,,/home/jan/development/ProsperOrPerishConstructor/mod/Prosper or Perish (Population Growth & Food Rework)/in_game/common/building_types/zz_pp_simplers_grove.txt,2,constructor,Prosper or Perish Constructor,CREATE,"[{""file"":""/home/jan/development/ProsperOrPerishConstructor/mod/Prosper or Perish (Population Growth & Food Rework)/in_game/common/building_types/zz_pp_simplers_grove.txt"",""layer_id"":""constructor"",""layer_name"":""Prosper or Perish Constructor"",""line"":2,""mod_name"":""Prosper or Perish Constructor"",""mode"":""CREATE""}]"
pp_simplers_grove_wicker_drying_racks,building_maintenance,medicaments,0.116,"[""fiber_crops"",""pottery""]","[0.035,0.02]",false,,,inline,simplers_grove,simplers_grove:unique_production_methods:1,1,0.0,0.116,0.116,0.09000000000000001,0.025999999999999995,28.888888888888882,[],1.0,0.116,/home/jan/development/ProsperOrPerishConstructor/mod/Prosper or Perish (Population Growth & Food Rework)/in_game/common/building_types/zz_pp_simplers_grove.txt,2,constructor,Prosper or Perish Constructor,CREATE,"[{""file"":""/home/jan/development/ProsperOrPerishConstructor/mod/Prosper or Perish (Population Growth & Food Rework)/in_game/common/building_types/zz_pp_simplers_grove.txt"",""layer_id"":""constructor"",""layer_name"":""Prosper or Perish Constructor"",""line"":2,""mod_name"":""Prosper or Perish Constructor"",""mode"":""CREATE""}]"
pp_stone_quarry_improved_base_stone,building_maintenance,stone,0.15,[],[],false,,,inline,stone_quarry_improved,stone_quarry_improved:unique_production_methods:0,0,0.0,0.15,0.15,0.0,0.15,,[],1.0,0.15,/home/jan/development/ProsperOrPerishConstructor/mod/Prosper or Perish (Population Growth & Food Rework)/in_game/common/building_types/zz_pp_stone_quarry_improved.txt,2,constructor,Prosper or Perish Constructor,CREATE,"[{""file"":""/home/jan/development/ProsperOrPerishConstructor/mod/Prosper or Perish (Population Growth & Food Rework)/in_game/common/building_types/zz_pp_stone_quarry_improved.txt"",""layer_id"":""constructor"",""layer_name"":""Prosper or Perish Constructor"",""line"":2,""mod_name"":""Prosper or Perish Constructor"",""mode"":""CREATE""}]"
pp_stone_quarry_improved_no_primary,building_maintenance,,,[],[],false,,,inline,stone_quarry_improved,stone_quarry_improved:unique_production_methods:1,1,0.0,,0.0,0.0,0.0,,[],1.0,,/home/jan/development/ProsperOrPerishConstructor/mod/Prosper or Perish (Population Growth & Food Rework)/in_game/common/building_types/zz_pp_stone_quarry_improved.txt,2,constructor,Prosper or Perish Constructor,CREATE,"[{""file"":""/home/jan/development/ProsperOrPerishConstructor/mod/Prosper or Perish (Population Growth & Food Rework)/in_game/common/building_types/zz_pp_stone_quarry_improved.txt"",""layer_id"":""constructor"",""layer_name"":""Prosper or Perish Constructor"",""line"":2,""mod_name"":""Prosper or Perish Constructor"",""mode"":""CREATE""}]"
pp_stone_quarry_improved_crane_winch_quarrying,building_maintenance,stone,1.66,"[""lumber"",""tools"",""leather"",""horses""]","[0.4,0.19,0.05,0.05]",false,,,inline,stone_quarry_improved,stone_quarry_improved:unique_production_methods:1,1,0.0,1.66,1.66,1.6175000000000002,0.04249999999999976,2.6275115919628904,[],1.0,1.66,/home/jan/development/ProsperOrPerishConstructor/mod/Prosper or Perish (Population Growth & Food Rework)/in_game/common/building_types/zz_pp_stone_quarry_improved.txt,2,constructor,Prosper or Perish Constructor,CREATE,"[{""file"":""/home/jan/development/ProsperOrPerishConstructor/mod/Prosper or Perish (Population Growth & Food Rework)/in_game/common/building_types/zz_pp_stone_quarry_improved.txt"",""layer_id"":""constructor"",""layer_name"":""Prosper or Perish Constructor"",""line"":2,""mod_name"":""Prosper or Perish Constructor"",""mode"":""CREATE""}]"
pp_stone_quarry_improved_ox_haulage,building_maintenance,stone,1.47,"[""lumber"",""tools"",""leather"",""livestock""]","[0.38,0.17,0.04,0.06]",false,,,inline,stone_quarry_improved,stone_quarry_improved:unique_production_methods:1,1,0.0,1.47,1.47,1.4275,0.04249999999999998,2.977232924693519,[],1.0,1.47,/home/jan/development/ProsperOrPerishConstructor/mod/Prosper or Perish (Population Growth & Food Rework)/in_game/common/building_types/zz_pp_stone_quarry_improved.txt,2,constructor,Prosper or Perish Constructor,CREATE,"[{""file"":""/home/jan/development/ProsperOrPerishConstructor/mod/Prosper or Perish (Population Growth & Food Rework)/in_game/common/building_types/zz_pp_stone_quarry_improved.txt"",""layer_id"":""constructor"",""layer_name"":""Prosper or Perish Constructor"",""line"":2,""mod_name"":""Prosper or Perish Constructor"",""mode"":""CREATE""}]"
pp_stone_quarry_improved_no_secondary,building_maintenance,,,[],[],false,,,inline,stone_quarry_improved,stone_quarry_improved:unique_production_methods:2,2,0.0,,0.0,0.0,0.0,,[],1.0,,/home/jan/development/ProsperOrPerishConstructor/mod/Prosper or Perish (Population Growth & Food Rework)/in_game/common/building_types/zz_pp_stone_quarry_improved.txt,2,constructor,Prosper or Perish Constructor,CREATE,"[{""file"":""/home/jan/development/ProsperOrPerishConstructor/mod/Prosper or Perish (Population Growth & Food Rework)/in_game/common/building_types/zz_pp_stone_quarry_improved.txt"",""layer_id"":""constructor"",""layer_name"":""Prosper or Perish Constructor"",""line"":2,""mod_name"":""Prosper or Perish Constructor"",""mode"":""CREATE""}]"
pp_stone_quarry_improved_rubble_breaking,building_maintenance,sand,0.3,"[""lumber"",""tools""]","[0.04,0.03]",false,,,inline,stone_quarry_improved,stone_quarry_improved:unique_production_methods:2,2,0.0,0.3,0.15,0.1675,-0.017500000000000016,-10.44776119402986,[],1.0,0.3,/home/jan/development/ProsperOrPerishConstructor/mod/Prosper or Perish (Population Growth & Food Rework)/in_game/common/building_types/zz_pp_stone_quarry_improved.txt,2,constructor,Prosper or Perish Constructor,CREATE,"[{""file"":""/home/jan/development/ProsperOrPerishConstructor/mod/Prosper or Perish (Population Growth & Food Rework)/in_game/common/building_types/zz_pp_stone_quarry_improved.txt"",""layer_id"":""constructor"",""layer_name"":""Prosper or Perish Constructor"",""line"":2,""mod_name"":""Prosper or Perish Constructor"",""mode"":""CREATE""}]"
pp_stud_farm_base_horses,building_maintenance,horses,0.1,[],[],false,,,inline,stud_farm,stud_farm:unique_production_methods:0,0,0.0,0.1,0.30000000000000004,0.0,0.30000000000000004,,[],1.0,0.1,/home/jan/development/ProsperOrPerishConstructor/mod/Prosper or Perish (Population Growth & Food Rework)/in_game/common/building_types/zz_pp_stud_farm.txt,2,constructor,Prosper or Perish Constructor,CREATE,"[{""file"":""/home/jan/development/ProsperOrPerishConstructor/mod/Prosper or Perish (Population Growth & Food Rework)/in_game/common/building_types/zz_pp_stud_farm.txt"",""layer_id"":""constructor"",""layer_name"":""Prosper or Perish Constructor"",""line"":2,""mod_name"":""Prosper or Perish Constructor"",""mode"":""CREATE""}]"
pp_stud_farm_no_primary,building_maintenance,,,[],[],false,,,inline,stud_farm,stud_farm:unique_production_methods:1,1,0.0,,0.0,0.0,0.0,,[],1.0,,/home/jan/development/ProsperOrPerishConstructor/mod/Prosper or Perish (Population Growth & Food Rework)/in_game/common/building_types/zz_pp_stud_farm.txt,2,constructor,Prosper or Perish Constructor,CREATE,"[{""file"":""/home/jan/development/ProsperOrPerishConstructor/mod/Prosper or Perish (Population Growth & Food Rework)/in_game/common/building_types/zz_pp_stud_farm.txt"",""layer_id"":""constructor"",""layer_name"":""Prosper or Perish Constructor"",""line"":2,""mod_name"":""Prosper or Perish Constructor"",""mode"":""CREATE""}]"
pp_stud_farm_approved_stallions,building_maintenance,horses,0.62,"[""wheat"",""legumes"",""leather"",""tools""]","[0.65,0.35,0.12,0.12]",false,,,inline,stud_farm,stud_farm:unique_production_methods:1,1,0.0,0.62,1.8599999999999999,1.75,0.10999999999999988,6.285714285714279,[],1.0,0.62,/home/jan/development/ProsperOrPerishConstructor/mod/Prosper or Perish (Population Growth & Food Rework)/in_game/common/building_types/zz_pp_stud_farm.txt,2,constructor,Prosper or Perish Constructor,CREATE,"[{""file"":""/home/jan/development/ProsperOrPerishConstructor/mod/Prosper or Perish (Population Growth & Food Rework)/in_game/common/building_types/zz_pp_stud_farm.txt"",""layer_id"":""constructor"",""layer_name"":""Prosper or Perish Constructor"",""line"":2,""mod_name"":""Prosper or Perish Constructor"",""mode"":""CREATE""}]"
pp_stud_farm_stud_books,building_maintenance,horses,0.72,"[""wheat"",""legumes"",""leather"",""paper""]","[0.8,0.45,0.15,0.12]",false,,,inline,stud_farm,stud_farm:unique_production_methods:1,1,0.0,0.72,2.16,1.94,0.2200000000000002,11.340206185567022,[],1.0,0.72,/home/jan/development/ProsperOrPerishConstructor/mod/Prosper or Perish (Population Growth & Food Rework)/in_game/common/building_types/zz_pp_stud_farm.txt,2,constructor,Prosper or Perish Constructor,CREATE,"[{""file"":""/home/jan/development/ProsperOrPerishConstructor/mod/Prosper or Perish (Population Growth & Food Rework)/in_game/common/building_types/zz_pp_stud_farm.txt"",""layer_id"":""constructor"",""layer_name"":""Prosper or Perish Constructor"",""line"":2,""mod_name"":""Prosper or Perish Constructor"",""mode"":""CREATE""}]"
pp_sugarcane_farm_base_sugar,building_maintenance,sugar,0.04,[],[],false,,,inline,sugarcane_farm,sugarcane_farm:unique_production_methods:0,0,0.0,0.04,0.12,0.0,0.12,,[],1.0,0.04,/home/jan/development/ProsperOrPerishConstructor/mod/Prosper or Perish (Population Growth & Food Rework)/in_game/common/building_types/zz_pp_sugarcane_farm.txt,2,constructor,Prosper or Perish Constructor,CREATE,"[{""file"":""/home/jan/development/ProsperOrPerishConstructor/mod/Prosper or Perish (Population Growth & Food Rework)/in_game/common/building_types/zz_pp_sugarcane_farm.txt"",""layer_id"":""constructor"",""layer_name"":""Prosper or Perish Constructor"",""line"":2,""mod_name"":""Prosper or Perish Constructor"",""mode"":""CREATE""}]"
pp_sugarcane_farm_cane_fields,building_maintenance,,,[],[],false,,,inline,sugarcane_farm,sugarcane_farm:unique_production_methods:1,1,0.0,,0.0,0.0,0.0,,[],1.0,,/home/jan/development/ProsperOrPerishConstructor/mod/Prosper or Perish (Population Growth & Food Rework)/in_game/common/building_types/zz_pp_sugarcane_farm.txt,2,constructor,Prosper or Perish Constructor,CREATE,"[{""file"":""/home/jan/development/ProsperOrPerishConstructor/mod/Prosper or Perish (Population Growth & Food Rework)/in_game/common/building_types/zz_pp_sugarcane_farm.txt"",""layer_id"":""constructor"",""layer_name"":""Prosper or Perish Constructor"",""line"":2,""mod_name"":""Prosper or Perish Constructor"",""mode"":""CREATE""}]"
pp_sugarcane_farm_boiling_house,building_maintenance,sugar,0.089,"[""lumber"",""pottery"",""tools""]","[0.083,0.1,0.01]",false,,,inline,sugarcane_farm,sugarcane_farm:unique_production_methods:1,1,0.0,0.089,0.267,0.27775000000000005,-0.010750000000000037,-3.8703870387038832,[],1.0,0.089,/home/jan/development/ProsperOrPerishConstructor/mod/Prosper or Perish (Population Growth & Food Rework)/in_game/common/building_types/zz_pp_sugarcane_farm.txt,2,constructor,Prosper or Perish Constructor,CREATE,"[{""file"":""/home/jan/development/ProsperOrPerishConstructor/mod/Prosper or Perish (Population Growth & Food Rework)/in_game/common/building_types/zz_pp_sugarcane_farm.txt"",""layer_id"":""constructor"",""layer_name"":""Prosper or Perish Constructor"",""line"":2,""mod_name"":""Prosper or Perish Constructor"",""mode"":""CREATE""}]"
pp_tea_garden_base_tea,building_maintenance,tea,0.041,[],[],false,,,inline,tea_garden,tea_garden:unique_production_methods:0,0,0.0,0.041,0.123,0.0,0.123,,[],1.0,0.041,/home/jan/development/ProsperOrPerishConstructor/mod/Prosper or Perish (Population Growth & Food Rework)/in_game/common/building_types/zz_pp_tea_garden.txt,2,constructor,Prosper or Perish Constructor,CREATE,"[{""file"":""/home/jan/development/ProsperOrPerishConstructor/mod/Prosper or Perish (Population Growth & Food Rework)/in_game/common/building_types/zz_pp_tea_garden.txt"",""layer_id"":""constructor"",""layer_name"":""Prosper or Perish Constructor"",""line"":2,""mod_name"":""Prosper or Perish Constructor"",""mode"":""CREATE""}]"
pp_tea_garden_no_withering,building_maintenance,,,[],[],false,,,inline,tea_garden,tea_garden:unique_production_methods:1,1,0.0,,0.0,0.0,0.0,,[],1.0,,/home/jan/development/ProsperOrPerishConstructor/mod/Prosper or Perish (Population Growth & Food Rework)/in_game/common/building_types/zz_pp_tea_garden.txt,2,constructor,Prosper or Perish Constructor,CREATE,"[{""file"":""/home/jan/development/ProsperOrPerishConstructor/mod/Prosper or Perish (Population Growth & Food Rework)/in_game/common/building_types/zz_pp_tea_garden.txt"",""layer_id"":""constructor"",""layer_name"":""Prosper or Perish Constructor"",""line"":2,""mod_name"":""Prosper or Perish Constructor"",""mode"":""CREATE""}]"
pp_tea_garden_bamboo_withering_trays,building_maintenance,tea,0.087,"[""fiber_crops"",""clay""]","[0.098,0.078]",false,,,inline,tea_garden,tea_garden:unique_production_methods:1,1,0.0,0.087,0.261,0.23500000000000001,0.025999999999999995,11.06382978723404,[],1.0,0.087,/home/jan/development/ProsperOrPerishConstructor/mod/Prosper or Perish (Population Growth & Food Rework)/in_game/common/building_types/zz_pp_tea_garden.txt,2,constructor,Prosper or Perish Constructor,CREATE,"[{""file"":""/home/jan/development/ProsperOrPerishConstructor/mod/Prosper or Perish (Population Growth & Food Rework)/in_game/common/building_types/zz_pp_tea_garden.txt"",""layer_id"":""constructor"",""layer_name"":""Prosper or Perish Constructor"",""line"":2,""mod_name"":""Prosper or Perish Constructor"",""mode"":""CREATE""}]"
pp_tea_sorting_garden_base_tea,building_maintenance,tea,0.055,[],[],false,,,inline,tea_sorting_garden,tea_sorting_garden:unique_production_methods:0,0,0.0,0.055,0.165,0.0,0.165,,[],1.0,0.055,/home/jan/development/ProsperOrPerishConstructor/mod/Prosper or Perish (Population Growth & Food Rework)/in_game/common/building_types/zz_pp_tea_sorting_garden.txt,2,constructor,Prosper or Perish Constructor,CREATE,"[{""file"":""/home/jan/development/ProsperOrPerishConstructor/mod/Prosper or Perish (Population Growth & Food Rework)/in_game/common/building_types/zz_pp_tea_sorting_garden.txt"",""layer_id"":""constructor"",""layer_name"":""Prosper or Perish Constructor"",""line"":2,""mod_name"":""Prosper or Perish Constructor"",""mode"":""CREATE""}]"
pp_tea_sorting_garden_no_withering,building_maintenance,,,[],[],false,,,inline,tea_sorting_garden,tea_sorting_garden:unique_production_methods:1,1,0.0,,0.0,0.0,0.0,,[],1.0,,/home/jan/development/ProsperOrPerishConstructor/mod/Prosper or Perish (Population Growth & Food Rework)/in_game/common/building_types/zz_pp_tea_sorting_garden.txt,2,constructor,Prosper or Perish Constructor,CREATE,"[{""file"":""/home/jan/development/ProsperOrPerishConstructor/mod/Prosper or Perish (Population Growth & Food Rework)/in_game/common/building_types/zz_pp_tea_sorting_garden.txt"",""layer_id"":""constructor"",""layer_name"":""Prosper or Perish Constructor"",""line"":2,""mod_name"":""Prosper or Perish Constructor"",""mode"":""CREATE""}]"
pp_tea_sorting_garden_rolling_hearths,building_maintenance,tea,0.125,"[""furniture"",""fiber_crops"",""pottery""]","[0.105,0.08,0.06]",false,,,inline,tea_sorting_garden,tea_sorting_garden:unique_production_methods:1,1,0.0,0.125,0.375,0.5349999999999999,-0.15999999999999992,-29.90654205607476,[],1.0,0.125,/home/jan/development/ProsperOrPerishConstructor/mod/Prosper or Perish (Population Growth & Food Rework)/in_game/common/building_types/zz_pp_tea_sorting_garden.txt,2,constructor,Prosper or Perish Constructor,CREATE,"[{""file"":""/home/jan/development/ProsperOrPerishConstructor/mod/Prosper or Perish (Population Growth & Food Rework)/in_game/common/building_types/zz_pp_tea_sorting_garden.txt"",""layer_id"":""constructor"",""layer_name"":""Prosper or Perish Constructor"",""line"":2,""mod_name"":""Prosper or Perish Constructor"",""mode"":""CREATE""}]"
pp_tea_sorting_garden_no_sorting,building_maintenance,,,[],[],false,,,inline,tea_sorting_garden,tea_sorting_garden:unique_production_methods:2,2,0.0,,0.0,0.0,0.0,,[],1.0,,/home/jan/development/ProsperOrPerishConstructor/mod/Prosper or Perish (Population Growth & Food Rework)/in_game/common/building_types/zz_pp_tea_sorting_garden.txt,2,constructor,Prosper or Perish Constructor,CREATE,"[{""file"":""/home/jan/development/ProsperOrPerishConstructor/mod/Prosper or Perish (Population Growth & Food Rework)/in_game/common/building_types/zz_pp_tea_sorting_garden.txt"",""layer_id"":""constructor"",""layer_name"":""Prosper or Perish Constructor"",""line"":2,""mod_name"":""Prosper or Perish Constructor"",""mode"":""CREATE""}]"
pp_tea_sorting_garden_paper_packing,building_maintenance,tea,0.07,"[""furniture"",""fiber_crops"",""paper""]","[0.045,0.035,0.055]",false,,,inline,tea_sorting_garden,tea_sorting_garden:unique_production_methods:2,2,0.0,0.07,0.21000000000000002,0.315,-0.10499999999999998,-33.33333333333333,[],1.0,0.07,/home/jan/development/ProsperOrPerishConstructor/mod/Prosper or Perish (Population Growth & Food Rework)/in_game/common/building_types/zz_pp_tea_sorting_garden.txt,2,constructor,Prosper or Perish Constructor,CREATE,"[{""file"":""/home/jan/development/ProsperOrPerishConstructor/mod/Prosper or Perish (Population Growth & Food Rework)/in_game/common/building_types/zz_pp_tea_sorting_garden.txt"",""layer_id"":""constructor"",""layer_name"":""Prosper or Perish Constructor"",""line"":2,""mod_name"":""Prosper or Perish Constructor"",""mode"":""CREATE""}]"
pp_terraced_coffee_grove_base_coffee,building_maintenance,coffee,0.075,[],[],false,,,inline,terraced_coffee_grove,terraced_coffee_grove:unique_production_methods:0,0,0.0,0.075,0.22499999999999998,0.0,0.22499999999999998,,[],1.0,0.075,/home/jan/development/ProsperOrPerishConstructor/mod/Prosper or Perish (Population Growth & Food Rework)/in_game/common/building_types/zz_pp_terraced_coffee_grove.txt,2,constructor,Prosper or Perish Constructor,CREATE,"[{""file"":""/home/jan/development/ProsperOrPerishConstructor/mod/Prosper or Perish (Population Growth & Food Rework)/in_game/common/building_types/zz_pp_terraced_coffee_grove.txt"",""layer_id"":""constructor"",""layer_name"":""Prosper or Perish Constructor"",""line"":2,""mod_name"":""Prosper or Perish Constructor"",""mode"":""CREATE""}]"
pp_terraced_coffee_grove_no_washing,building_maintenance,,,[],[],false,,,inline,terraced_coffee_grove,terraced_coffee_grove:unique_production_methods:1,1,0.0,,0.0,0.0,0.0,,[],1.0,,/home/jan/development/ProsperOrPerishConstructor/mod/Prosper or Perish (Population Growth & Food Rework)/in_game/common/building_types/zz_pp_terraced_coffee_grove.txt,2,constructor,Prosper or Perish Constructor,CREATE,"[{""file"":""/home/jan/development/ProsperOrPerishConstructor/mod/Prosper or Perish (Population Growth & Food Rework)/in_game/common/building_types/zz_pp_terraced_coffee_grove.txt"",""layer_id"":""constructor"",""layer_name"":""Prosper or Perish Constructor"",""line"":2,""mod_name"":""Prosper or Perish Constructor"",""mode"":""CREATE""}]"
pp_terraced_coffee_grove_washing_frames,building_maintenance,coffee,0.12,"[""fiber_crops"",""pottery"",""furniture""]","[0.09,0.075,0.05]",false,,,inline,terraced_coffee_grove,terraced_coffee_grove:unique_production_methods:1,1,0.0,0.12,0.36,0.405,-0.04500000000000004,-11.11111111111112,[],1.0,0.12,/home/jan/development/ProsperOrPerishConstructor/mod/Prosper or Perish (Population Growth & Food Rework)/in_game/common/building_types/zz_pp_terraced_coffee_grove.txt,2,constructor,Prosper or Perish Constructor,CREATE,"[{""file"":""/home/jan/development/ProsperOrPerishConstructor/mod/Prosper or Perish (Population Growth & Food Rework)/in_game/common/building_types/zz_pp_terraced_coffee_grove.txt"",""layer_id"":""constructor"",""layer_name"":""Prosper or Perish Constructor"",""line"":2,""mod_name"":""Prosper or Perish Constructor"",""mode"":""CREATE""}]"
pp_terraced_coffee_grove_open_grove,building_maintenance,,,[],[],false,,,inline,terraced_coffee_grove,terraced_coffee_grove:unique_production_methods:2,2,0.0,,0.0,0.0,0.0,,[],1.0,,/home/jan/development/ProsperOrPerishConstructor/mod/Prosper or Perish (Population Growth & Food Rework)/in_game/common/building_types/zz_pp_terraced_coffee_grove.txt,2,constructor,Prosper or Perish Constructor,CREATE,"[{""file"":""/home/jan/development/ProsperOrPerishConstructor/mod/Prosper or Perish (Population Growth & Food Rework)/in_game/common/building_types/zz_pp_terraced_coffee_grove.txt"",""layer_id"":""constructor"",""layer_name"":""Prosper or Perish Constructor"",""line"":2,""mod_name"":""Prosper or Perish Constructor"",""mode"":""CREATE""}]"
pp_terraced_coffee_grove_terraced_shade_gardens,building_maintenance,coffee,0.055,"[""fiber_crops"",""furniture""]","[0.035,0.03]",false,,,inline,terraced_coffee_grove,terraced_coffee_grove:unique_production_methods:2,2,0.0,0.055,0.165,0.16,0.0050000000000000044,3.1250000000000027,[],1.0,0.055,/home/jan/development/ProsperOrPerishConstructor/mod/Prosper or Perish (Population Growth & Food Rework)/in_game/common/building_types/zz_pp_terraced_coffee_grove.txt,2,constructor,Prosper or Perish Constructor,CREATE,"[{""file"":""/home/jan/development/ProsperOrPerishConstructor/mod/Prosper or Perish (Population Growth & Food Rework)/in_game/common/building_types/zz_pp_terraced_coffee_grove.txt"",""layer_id"":""constructor"",""layer_name"":""Prosper or Perish Constructor"",""line"":2,""mod_name"":""Prosper or Perish Constructor"",""mode"":""CREATE""}]"
pp_tin_streamworks_base_tin,building_maintenance,tin,0.1,[],[],false,,,inline,tin_streamworks,tin_streamworks:unique_production_methods:0,0,0.0,0.1,0.2,0.0,0.2,,[],1.0,0.1,/home/jan/development/ProsperOrPerishConstructor/mod/Prosper or Perish (Population Growth & Food Rework)/in_game/common/building_types/zz_pp_tin_streamworks.txt,2,constructor,Prosper or Perish Constructor,CREATE,"[{""file"":""/home/jan/development/ProsperOrPerishConstructor/mod/Prosper or Perish (Population Growth & Food Rework)/in_game/common/building_types/zz_pp_tin_streamworks.txt"",""layer_id"":""constructor"",""layer_name"":""Prosper or Perish Constructor"",""line"":2,""mod_name"":""Prosper or Perish Constructor"",""mode"":""CREATE""}]"
pp_tin_streamworks_no_primary,building_maintenance,,,[],[],false,,,inline,tin_streamworks,tin_streamworks:unique_production_methods:1,1,0.0,,0.0,0.0,0.0,,[],1.0,,/home/jan/development/ProsperOrPerishConstructor/mod/Prosper or Perish (Population Growth & Food Rework)/in_game/common/building_types/zz_pp_tin_streamworks.txt,2,constructor,Prosper or Perish Constructor,CREATE,"[{""file"":""/home/jan/development/ProsperOrPerishConstructor/mod/Prosper or Perish (Population Growth & Food Rework)/in_game/common/building_types/zz_pp_tin_streamworks.txt"",""layer_id"":""constructor"",""layer_name"":""Prosper or Perish Constructor"",""line"":2,""mod_name"":""Prosper or Perish Constructor"",""mode"":""CREATE""}]"
pp_tin_streamworks_tin,building_maintenance,tin,0.631,"[""lumber"",""tools""]","[0.328,0.19]",false,,,inline,tin_streamworks,tin_streamworks:unique_production_methods:1,1,0.0,0.631,1.262,1.1915,0.07050000000000001,5.916911456147714,[],1.0,0.631,/home/jan/development/ProsperOrPerishConstructor/mod/Prosper or Perish (Population Growth & Food Rework)/in_game/common/building_types/zz_pp_tin_streamworks.txt,2,constructor,Prosper or Perish Constructor,CREATE,"[{""file"":""/home/jan/development/ProsperOrPerishConstructor/mod/Prosper or Perish (Population Growth & Food Rework)/in_game/common/building_types/zz_pp_tin_streamworks.txt"",""layer_id"":""constructor"",""layer_name"":""Prosper or Perish Constructor"",""line"":2,""mod_name"":""Prosper or Perish Constructor"",""mode"":""CREATE""}]"
pp_tin_streamworks_no_secondary,building_maintenance,,,[],[],false,,,inline,tin_streamworks,tin_streamworks:unique_production_methods:2,2,0.0,,0.0,0.0,0.0,,[],1.0,,/home/jan/development/ProsperOrPerishConstructor/mod/Prosper or Perish (Population Growth & Food Rework)/in_game/common/building_types/zz_pp_tin_streamworks.txt,2,constructor,Prosper or Perish Constructor,CREATE,"[{""file"":""/home/jan/development/ProsperOrPerishConstructor/mod/Prosper or Perish (Population Growth & Food Rework)/in_game/common/building_types/zz_pp_tin_streamworks.txt"",""layer_id"":""constructor"",""layer_name"":""Prosper or Perish Constructor"",""line"":2,""mod_name"":""Prosper or Perish Constructor"",""mode"":""CREATE""}]"
pp_tin_streamworks_copper,building_maintenance,copper,0.075,"[""lumber"",""tools""]","[0.058,0.03]",false,,,inline,tin_streamworks,tin_streamworks:unique_production_methods:2,2,0.0,0.075,0.22499999999999998,0.199,0.025999999999999968,13.065326633165814,[],1.0,0.075,/home/jan/development/ProsperOrPerishConstructor/mod/Prosper or Perish (Population Growth & Food Rework)/in_game/common/building_types/zz_pp_tin_streamworks.txt,2,constructor,Prosper or Perish Constructor,CREATE,"[{""file"":""/home/jan/development/ProsperOrPerishConstructor/mod/Prosper or Perish (Population Growth & Food Rework)/in_game/common/building_types/zz_pp_tin_streamworks.txt"",""layer_id"":""constructor"",""layer_name"":""Prosper or Perish Constructor"",""line"":2,""mod_name"":""Prosper or Perish Constructor"",""mode"":""CREATE""}]"
pp_tin_streamworks_lead,building_maintenance,lead,0.1,"[""lumber"",""tools""]","[0.058,0.03]",false,,,inline,tin_streamworks,tin_streamworks:unique_production_methods:2,2,0.0,0.1,0.2,0.199,0.0010000000000000009,0.5025125628140708,[],1.0,0.1,/home/jan/development/ProsperOrPerishConstructor/mod/Prosper or Perish (Population Growth & Food Rework)/in_game/common/building_types/zz_pp_tin_streamworks.txt,2,constructor,Prosper or Perish Constructor,CREATE,"[{""file"":""/home/jan/development/ProsperOrPerishConstructor/mod/Prosper or Perish (Population Growth & Food Rework)/in_game/common/building_types/zz_pp_tin_streamworks.txt"",""layer_id"":""constructor"",""layer_name"":""Prosper or Perish Constructor"",""line"":2,""mod_name"":""Prosper or Perish Constructor"",""mode"":""CREATE""}]"
pp_tin_stamping_mill_base_tin,building_maintenance,tin,0.1,[],[],false,,,inline,tin_stamping_mill,tin_stamping_mill:unique_production_methods:0,0,0.0,0.1,0.2,0.0,0.2,,[],1.0,0.1,/home/jan/development/ProsperOrPerishConstructor/mod/Prosper or Perish (Population Growth & Food Rework)/in_game/common/building_types/zz_pp_tin_streamworks_stamping_mill.txt,2,constructor,Prosper or Perish Constructor,CREATE,"[{""file"":""/home/jan/development/ProsperOrPerishConstructor/mod/Prosper or Perish (Population Growth & Food Rework)/in_game/common/building_types/zz_pp_tin_streamworks_stamping_mill.txt"",""layer_id"":""constructor"",""layer_name"":""Prosper or Perish Constructor"",""line"":2,""mod_name"":""Prosper or Perish Constructor"",""mode"":""CREATE""}]"
pp_tin_stamping_mill_no_primary,building_maintenance,,,[],[],false,,,inline,tin_stamping_mill,tin_stamping_mill:unique_production_methods:1,1,0.0,,0.0,0.0,0.0,,[],1.0,,/home/jan/development/ProsperOrPerishConstructor/mod/Prosper or Perish (Population Growth & Food Rework)/in_game/common/building_types/zz_pp_tin_streamworks_stamping_mill.txt,2,constructor,Prosper or Perish Constructor,CREATE,"[{""file"":""/home/jan/development/ProsperOrPerishConstructor/mod/Prosper or Perish (Population Growth & Food Rework)/in_game/common/building_types/zz_pp_tin_streamworks_stamping_mill.txt"",""layer_id"":""constructor"",""layer_name"":""Prosper or Perish Constructor"",""line"":2,""mod_name"":""Prosper or Perish Constructor"",""mode"":""CREATE""}]"
pp_tin_stamping_mill_tin,building_maintenance,tin,0.95,"[""lumber"",""tools""]","[0.425,0.31]",false,,,inline,tin_stamping_mill,tin_stamping_mill:unique_production_methods:1,1,0.0,0.95,1.9,1.7512500000000002,0.14874999999999972,8.49393290506779,[],1.0,0.95,/home/jan/development/ProsperOrPerishConstructor/mod/Prosper or Perish (Population Growth & Food Rework)/in_game/common/building_types/zz_pp_tin_streamworks_stamping_mill.txt,2,constructor,Prosper or Perish Constructor,CREATE,"[{""file"":""/home/jan/development/ProsperOrPerishConstructor/mod/Prosper or Perish (Population Growth & Food Rework)/in_game/common/building_types/zz_pp_tin_streamworks_stamping_mill.txt"",""layer_id"":""constructor"",""layer_name"":""Prosper or Perish Constructor"",""line"":2,""mod_name"":""Prosper or Perish Constructor"",""mode"":""CREATE""}]"
pp_tin_stamping_mill_no_secondary,building_maintenance,,,[],[],false,,,inline,tin_stamping_mill,tin_stamping_mill:unique_production_methods:2,2,0.0,,0.0,0.0,0.0,,[],1.0,,/home/jan/development/ProsperOrPerishConstructor/mod/Prosper or Perish (Population Growth & Food Rework)/in_game/common/building_types/zz_pp_tin_streamworks_stamping_mill.txt,2,constructor,Prosper or Perish Constructor,CREATE,"[{""file"":""/home/jan/development/ProsperOrPerishConstructor/mod/Prosper or Perish (Population Growth & Food Rework)/in_game/common/building_types/zz_pp_tin_streamworks_stamping_mill.txt"",""layer_id"":""constructor"",""layer_name"":""Prosper or Perish Constructor"",""line"":2,""mod_name"":""Prosper or Perish Constructor"",""mode"":""CREATE""}]"
pp_tin_stamping_mill_copper,building_maintenance,copper,0.068,"[""lumber"",""tools""]","[0.053,0.03]",false,,,inline,tin_stamping_mill,tin_stamping_mill:unique_production_methods:2,2,0.0,0.068,0.20400000000000001,0.19025,0.013750000000000012,7.227332457293041,[],1.0,0.068,/home/jan/development/ProsperOrPerishConstructor/mod/Prosper or Perish (Population Growth & Food Rework)/in_game/common/building_types/zz_pp_tin_streamworks_stamping_mill.txt,2,constructor,Prosper or Perish Constructor,CREATE,"[{""file"":""/home/jan/development/ProsperOrPerishConstructor/mod/Prosper or Perish (Population Growth & Food Rework)/in_game/common/building_types/zz_pp_tin_streamworks_stamping_mill.txt"",""layer_id"":""constructor"",""layer_name"":""Prosper or Perish Constructor"",""line"":2,""mod_name"":""Prosper or Perish Constructor"",""mode"":""CREATE""}]"
pp_tin_stamping_mill_lead,building_maintenance,lead,0.102,"[""lumber"",""tools""]","[0.053,0.03]",false,,,inline,tin_stamping_mill,tin_stamping_mill:unique_production_methods:2,2,0.0,0.102,0.204,0.19025,0.013749999999999984,7.227332457293027,[],1.0,0.102,/home/jan/development/ProsperOrPerishConstructor/mod/Prosper or Perish (Population Growth & Food Rework)/in_game/common/building_types/zz_pp_tin_streamworks_stamping_mill.txt,2,constructor,Prosper or Perish Constructor,CREATE,"[{""file"":""/home/jan/development/ProsperOrPerishConstructor/mod/Prosper or Perish (Population Growth & Food Rework)/in_game/common/building_types/zz_pp_tin_streamworks_stamping_mill.txt"",""layer_id"":""constructor"",""layer_name"":""Prosper or Perish Constructor"",""line"":2,""mod_name"":""Prosper or Perish Constructor"",""mode"":""CREATE""}]"
pp_tobacco_farm_base_tobacco,building_maintenance,tobacco,0.04,[],[],false,,,inline,tobacco_farm,tobacco_farm:unique_production_methods:0,0,0.0,0.04,0.12,0.0,0.12,,[],1.0,0.04,/home/jan/development/ProsperOrPerishConstructor/mod/Prosper or Perish (Population Growth & Food Rework)/in_game/common/building_types/zz_pp_tobacco_farm.txt,2,constructor,Prosper or Perish Constructor,CREATE,"[{""file"":""/home/jan/development/ProsperOrPerishConstructor/mod/Prosper or Perish (Population Growth & Food Rework)/in_game/common/building_types/zz_pp_tobacco_farm.txt"",""layer_id"":""constructor"",""layer_name"":""Prosper or Perish Constructor"",""line"":2,""mod_name"":""Prosper or Perish Constructor"",""mode"":""CREATE""}]"
pp_tobacco_farm_field_cutting,building_maintenance,,,[],[],false,,,inline,tobacco_farm,tobacco_farm:unique_production_methods:1,1,0.0,,0.0,0.0,0.0,,[],1.0,,/home/jan/development/ProsperOrPerishConstructor/mod/Prosper or Perish (Population Growth & Food Rework)/in_game/common/building_types/zz_pp_tobacco_farm.txt,2,constructor,Prosper or Perish Constructor,CREATE,"[{""file"":""/home/jan/development/ProsperOrPerishConstructor/mod/Prosper or Perish (Population Growth & Food Rework)/in_game/common/building_types/zz_pp_tobacco_farm.txt"",""layer_id"":""constructor"",""layer_name"":""Prosper or Perish Constructor"",""line"":2,""mod_name"":""Prosper or Perish Constructor"",""mode"":""CREATE""}]"
pp_tobacco_farm_curing_barns,building_maintenance,tobacco,0.089,"[""lumber"",""fiber_crops"",""tools""]","[0.117,0.017,0.015]",false,,,inline,tobacco_farm,tobacco_farm:unique_production_methods:1,1,0.0,0.089,0.267,0.28750000000000003,-0.020500000000000018,-7.130434782608701,[],1.0,0.089,/home/jan/development/ProsperOrPerishConstructor/mod/Prosper or Perish (Population Growth & Food Rework)/in_game/common/building_types/zz_pp_tobacco_farm.txt,2,constructor,Prosper or Perish Constructor,CREATE,"[{""file"":""/home/jan/development/ProsperOrPerishConstructor/mod/Prosper or Perish (Population Growth & Food Rework)/in_game/common/building_types/zz_pp_tobacco_farm.txt"",""layer_id"":""constructor"",""layer_name"":""Prosper or Perish Constructor"",""line"":2,""mod_name"":""Prosper or Perish Constructor"",""mode"":""CREATE""}]"
pp_market_tobacco_farm_base_tobacco,building_maintenance,tobacco,0.06,[],[],false,,,inline,market_tobacco_farm,market_tobacco_farm:unique_production_methods:0,0,0.0,0.06,0.18,0.0,0.18,,[],1.0,0.06,/home/jan/development/ProsperOrPerishConstructor/mod/Prosper or Perish (Population Growth & Food Rework)/in_game/common/building_types/zz_pp_tobacco_farm_market.txt,2,constructor,Prosper or Perish Constructor,CREATE,"[{""file"":""/home/jan/development/ProsperOrPerishConstructor/mod/Prosper or Perish (Population Growth & Food Rework)/in_game/common/building_types/zz_pp_tobacco_farm_market.txt"",""layer_id"":""constructor"",""layer_name"":""Prosper or Perish Constructor"",""line"":2,""mod_name"":""Prosper or Perish Constructor"",""mode"":""CREATE""}]"
pp_market_tobacco_farm_uncured_leaves,building_maintenance,,,[],[],false,,,inline,market_tobacco_farm,market_tobacco_farm:unique_production_methods:1,1,0.0,,0.0,0.0,0.0,,[],1.0,,/home/jan/development/ProsperOrPerishConstructor/mod/Prosper or Perish (Population Growth & Food Rework)/in_game/common/building_types/zz_pp_tobacco_farm_market.txt,2,constructor,Prosper or Perish Constructor,CREATE,"[{""file"":""/home/jan/development/ProsperOrPerishConstructor/mod/Prosper or Perish (Population Growth & Food Rework)/in_game/common/building_types/zz_pp_tobacco_farm_market.txt"",""layer_id"":""constructor"",""layer_name"":""Prosper or Perish Constructor"",""line"":2,""mod_name"":""Prosper or Perish Constructor"",""mode"":""CREATE""}]"
pp_market_tobacco_farm_curing_racks,building_maintenance,tobacco,0.08,"[""furniture"",""fiber_crops""]","[0.05,0.025]",false,,,inline,market_tobacco_farm,market_tobacco_farm:unique_production_methods:1,1,0.0,0.08,0.24,0.2,0.03999999999999998,19.99999999999999,[],1.0,0.08,/home/jan/development/ProsperOrPerishConstructor/mod/Prosper or Perish (Population Growth & Food Rework)/in_game/common/building_types/zz_pp_tobacco_farm_market.txt,2,constructor,Prosper or Perish Constructor,CREATE,"[{""file"":""/home/jan/development/ProsperOrPerishConstructor/mod/Prosper or Perish (Population Growth & Food Rework)/in_game/common/building_types/zz_pp_tobacco_farm_market.txt"",""layer_id"":""constructor"",""layer_name"":""Prosper or Perish Constructor"",""line"":2,""mod_name"":""Prosper or Perish Constructor"",""mode"":""CREATE""}]"
pp_market_tobacco_farm_loose_packing,building_maintenance,,,[],[],false,,,inline,market_tobacco_farm,market_tobacco_farm:unique_production_methods:2,2,0.0,,0.0,0.0,0.0,,[],1.0,,/home/jan/development/ProsperOrPerishConstructor/mod/Prosper or Perish (Population Growth & Food Rework)/in_game/common/building_types/zz_pp_tobacco_farm_market.txt,2,constructor,Prosper or Perish Constructor,CREATE,"[{""file"":""/home/jan/development/ProsperOrPerishConstructor/mod/Prosper or Perish (Population Growth & Food Rework)/in_game/common/building_types/zz_pp_tobacco_farm_market.txt"",""layer_id"":""constructor"",""layer_name"":""Prosper or Perish Constructor"",""line"":2,""mod_name"":""Prosper or Perish Constructor"",""mode"":""CREATE""}]"
pp_market_tobacco_farm_sorting_tables,building_maintenance,tobacco,0.065,"[""furniture"",""fiber_crops"",""paper""]","[0.035,0.015,0.012]",false,,,inline,market_tobacco_farm,market_tobacco_farm:unique_production_methods:2,2,0.0,0.065,0.195,0.159,0.036000000000000004,22.641509433962266,[],1.0,0.065,/home/jan/development/ProsperOrPerishConstructor/mod/Prosper or Perish (Population Growth & Food Rework)/in_game/common/building_types/zz_pp_tobacco_farm_market.txt,2,constructor,Prosper or Perish Constructor,CREATE,"[{""file"":""/home/jan/development/ProsperOrPerishConstructor/mod/Prosper or Perish (Population Growth & Food Rework)/in_game/common/building_types/zz_pp_tobacco_farm_market.txt"",""layer_id"":""constructor"",""layer_name"":""Prosper or Perish Constructor"",""line"":2,""mod_name"":""Prosper or Perish Constructor"",""mode"":""CREATE""}]"
pp_trapiche_sugarcane_farm_base_sugar,building_maintenance,sugar,0.04,[],[],false,,,inline,trapiche_sugarcane_farm,trapiche_sugarcane_farm:unique_production_methods:0,0,0.0,0.04,0.12,0.0,0.12,,[],1.0,0.04,/home/jan/development/ProsperOrPerishConstructor/mod/Prosper or Perish (Population Growth & Food Rework)/in_game/common/building_types/zz_pp_trapiche_sugarcane_farm.txt,2,constructor,Prosper or Perish Constructor,CREATE,"[{""file"":""/home/jan/development/ProsperOrPerishConstructor/mod/Prosper or Perish (Population Growth & Food Rework)/in_game/common/building_types/zz_pp_trapiche_sugarcane_farm.txt"",""layer_id"":""constructor"",""layer_name"":""Prosper or Perish Constructor"",""line"":2,""mod_name"":""Prosper or Perish Constructor"",""mode"":""CREATE""}]"
pp_trapiche_sugarcane_farm_no_boiling,building_maintenance,,,[],[],false,,,inline,trapiche_sugarcane_farm,trapiche_sugarcane_farm:unique_production_methods:1,1,0.0,,0.0,0.0,0.0,,[],1.0,,/home/jan/development/ProsperOrPerishConstructor/mod/Prosper or Perish (Population Growth & Food Rework)/in_game/common/building_types/zz_pp_trapiche_sugarcane_farm.txt,2,constructor,Prosper or Perish Constructor,CREATE,"[{""file"":""/home/jan/development/ProsperOrPerishConstructor/mod/Prosper or Perish (Population Growth & Food Rework)/in_game/common/building_types/zz_pp_trapiche_sugarcane_farm.txt"",""layer_id"":""constructor"",""layer_name"":""Prosper or Perish Constructor"",""line"":2,""mod_name"":""Prosper or Perish Constructor"",""mode"":""CREATE""}]"
pp_trapiche_sugarcane_farm_open_kettles,building_maintenance,sugar,0.083,"[""pottery"",""tools""]","[0.12,0.004]",false,,,inline,trapiche_sugarcane_farm,trapiche_sugarcane_farm:unique_production_methods:1,1,0.0,0.083,0.249,0.133,0.11599999999999999,87.21804511278194,[],1.0,0.083,/home/jan/development/ProsperOrPerishConstructor/mod/Prosper or Perish (Population Growth & Food Rework)/in_game/common/building_types/zz_pp_trapiche_sugarcane_farm.txt,2,constructor,Prosper or Perish Constructor,CREATE,"[{""file"":""/home/jan/development/ProsperOrPerishConstructor/mod/Prosper or Perish (Population Growth & Food Rework)/in_game/common/building_types/zz_pp_trapiche_sugarcane_farm.txt"",""layer_id"":""constructor"",""layer_name"":""Prosper or Perish Constructor"",""line"":2,""mod_name"":""Prosper or Perish Constructor"",""mode"":""CREATE""}]"
pp_trapiche_sugarcane_farm_hand_crushing,building_maintenance,,,[],[],false,,,inline,trapiche_sugarcane_farm,trapiche_sugarcane_farm:unique_production_methods:2,2,0.0,,0.0,0.0,0.0,,[],1.0,,/home/jan/development/ProsperOrPerishConstructor/mod/Prosper or Perish (Population Growth & Food Rework)/in_game/common/building_types/zz_pp_trapiche_sugarcane_farm.txt,2,constructor,Prosper or Perish Constructor,CREATE,"[{""file"":""/home/jan/development/ProsperOrPerishConstructor/mod/Prosper or Perish (Population Growth & Food Rework)/in_game/common/building_types/zz_pp_trapiche_sugarcane_farm.txt"",""layer_id"":""constructor"",""layer_name"":""Prosper or Perish Constructor"",""line"":2,""mod_name"":""Prosper or Perish Constructor"",""mode"":""CREATE""}]"
pp_trapiche_sugarcane_farm_trapiche_pressing,building_maintenance,sugar,0.064,"[""furniture"",""tools""]","[0.045,0.006]",false,,,inline,trapiche_sugarcane_farm,trapiche_sugarcane_farm:unique_production_methods:2,2,0.0,0.064,0.192,0.1545,0.037500000000000006,24.271844660194176,[],1.0,0.064,/home/jan/development/ProsperOrPerishConstructor/mod/Prosper or Perish (Population Growth & Food Rework)/in_game/common/building_types/zz_pp_trapiche_sugarcane_farm.txt,2,constructor,Prosper or Perish Constructor,CREATE,"[{""file"":""/home/jan/development/ProsperOrPerishConstructor/mod/Prosper or Perish (Population Growth & Food Rework)/in_game/common/building_types/zz_pp_trapiche_sugarcane_farm.txt"",""layer_id"":""constructor"",""layer_name"":""Prosper or Perish Constructor"",""line"":2,""mod_name"":""Prosper or Perish Constructor"",""mode"":""CREATE""}]"
pp_victualling_yard_khichdi,building_maintenance,victuals,0.782,"[""rice"",""legumes"",""pepper""]","[1.208,1.027,0.037]",false,,,inline,victualling_yard,victualling_yard:unique_production_methods:0,0,0.0,0.782,2.346,2.42,-0.07399999999999984,-3.0578512396694153,[],1.0,0.782,/home/jan/development/ProsperOrPerishConstructor/mod/Prosper or Perish (Population Growth & Food Rework)/in_game/common/building_types/zz_pp_victualling_yard.txt,2,constructor,Prosper or Perish Constructor,CREATE,"[{""file"":""/home/jan/development/ProsperOrPerishConstructor/mod/Prosper or Perish (Population Growth & Food Rework)/in_game/common/building_types/zz_pp_victualling_yard.txt"",""layer_id"":""constructor"",""layer_name"":""Prosper or Perish Constructor"",""line"":2,""mod_name"":""Prosper or Perish Constructor"",""mode"":""CREATE""}]"
pp_victualling_yard_fish_congee,building_maintenance,victuals,0.782,"[""rice"",""fish"",""pepper""]","[1.208,1.027,0.037]",false,,,inline,victualling_yard,victualling_yard:unique_production_methods:0,0,0.0,0.782,2.346,2.42,-0.07399999999999984,-3.0578512396694153,[],1.0,0.782,/home/jan/development/ProsperOrPerishConstructor/mod/Prosper or Perish (Population Growth & Food Rework)/in_game/common/building_types/zz_pp_victualling_yard.txt,2,constructor,Prosper or Perish Constructor,CREATE,"[{""file"":""/home/jan/development/ProsperOrPerishConstructor/mod/Prosper or Perish (Population Growth & Food Rework)/in_game/common/building_types/zz_pp_victualling_yard.txt"",""layer_id"":""constructor"",""layer_name"":""Prosper or Perish Constructor"",""line"":2,""mod_name"":""Prosper or Perish Constructor"",""mode"":""CREATE""}]"
pp_victualling_yard_livestock_pottage,building_maintenance,victuals,0.865,"[""wheat"",""livestock"",""legumes""]","[1.172,0.842,0.239]",false,,,inline,victualling_yard,victualling_yard:unique_production_methods:0,0,0.0,0.865,2.5949999999999998,2.6739999999999995,-0.07899999999999974,-2.9543754674644633,[],1.0,0.865,/home/jan/development/ProsperOrPerishConstructor/mod/Prosper or Perish (Population Growth & Food Rework)/in_game/common/building_types/zz_pp_victualling_yard.txt,2,constructor,Prosper or Perish Constructor,CREATE,"[{""file"":""/home/jan/development/ProsperOrPerishConstructor/mod/Prosper or Perish (Population Growth & Food Rework)/in_game/common/building_types/zz_pp_victualling_yard.txt"",""layer_id"":""constructor"",""layer_name"":""Prosper or Perish Constructor"",""line"":2,""mod_name"":""Prosper or Perish Constructor"",""mode"":""CREATE""}]"
pp_victualling_yard_mediterranean_fish,building_maintenance,victuals,0.817,"[""fish"",""olives"",""wine""]","[1.829,0.55,0.074]",false,,,inline,victualling_yard,victualling_yard:unique_production_methods:0,0,0.0,0.817,2.4509999999999996,2.527,-0.07600000000000051,-3.007518796992501,[],1.0,0.817,/home/jan/development/ProsperOrPerishConstructor/mod/Prosper or Perish (Population Growth & Food Rework)/in_game/common/building_types/zz_pp_victualling_yard.txt,2,constructor,Prosper or Perish Constructor,CREATE,"[{""file"":""/home/jan/development/ProsperOrPerishConstructor/mod/Prosper or Perish (Population Growth & Food Rework)/in_game/common/building_types/zz_pp_victualling_yard.txt"",""layer_id"":""constructor"",""layer_name"":""Prosper or Perish Constructor"",""line"":2,""mod_name"":""Prosper or Perish Constructor"",""mode"":""CREATE""}]"
pp_victualling_yard_mutton_and_pease,building_maintenance,victuals,0.868,"[""wool"",""legumes"",""salt""]","[0.903,0.427,0.052]",false,,,inline,victualling_yard,victualling_yard:unique_production_methods:0,0,0.0,0.868,2.604,2.9445000000000006,-0.34050000000000047,-11.56393275598575,[],1.0,0.868,/home/jan/development/ProsperOrPerishConstructor/mod/Prosper or Perish (Population Growth & Food Rework)/in_game/common/building_types/zz_pp_victualling_yard.txt,2,constructor,Prosper or Perish Constructor,CREATE,"[{""file"":""/home/jan/development/ProsperOrPerishConstructor/mod/Prosper or Perish (Population Growth & Food Rework)/in_game/common/building_types/zz_pp_victualling_yard.txt"",""layer_id"":""constructor"",""layer_name"":""Prosper or Perish Constructor"",""line"":2,""mod_name"":""Prosper or Perish Constructor"",""mode"":""CREATE""}]"
pp_victualling_yard_surstromming,building_maintenance,victuals,0.892,"[""fish"",""millet"",""salt""]","[1.884,0.189,0.189]",false,,,inline,victualling_yard,victualling_yard:unique_production_methods:0,0,0.0,0.892,2.676,3.018,-0.34199999999999964,-11.332007952286272,[],1.0,0.892,/home/jan/development/ProsperOrPerishConstructor/mod/Prosper or Perish (Population Growth & Food Rework)/in_game/common/building_types/zz_pp_victualling_yard.txt,2,constructor,Prosper or Perish Constructor,CREATE,"[{""file"":""/home/jan/development/ProsperOrPerishConstructor/mod/Prosper or Perish (Population Growth & Food Rework)/in_game/common/building_types/zz_pp_victualling_yard.txt"",""layer_id"":""constructor"",""layer_name"":""Prosper or Perish Constructor"",""line"":2,""mod_name"":""Prosper or Perish Constructor"",""mode"":""CREATE""}]"
pp_victualling_yard_pozole,building_maintenance,victuals,0.788,"[""maize"",""wild_game"",""chili""]","[0.754,0.952,0.146]",false,,,inline,victualling_yard,victualling_yard:unique_production_methods:0,0,0.0,0.788,2.364,2.436,-0.07200000000000006,-2.9556650246305445,[],1.0,0.788,/home/jan/development/ProsperOrPerishConstructor/mod/Prosper or Perish (Population Growth & Food Rework)/in_game/common/building_types/zz_pp_victualling_yard.txt,2,constructor,Prosper or Perish Constructor,CREATE,"[{""file"":""/home/jan/development/ProsperOrPerishConstructor/mod/Prosper or Perish (Population Growth & Food Rework)/in_game/common/building_types/zz_pp_victualling_yard.txt"",""layer_id"":""constructor"",""layer_name"":""Prosper or Perish Constructor"",""line"":2,""mod_name"":""Prosper or Perish Constructor"",""mode"":""CREATE""}]"
pp_victualling_yard_pemmican,building_maintenance,victuals,0.817,"[""wild_game"",""livestock"",""fruit""]","[1.647,0.343,0.366]",false,,,inline,victualling_yard,victualling_yard:unique_production_methods:0,0,0.0,0.817,2.4509999999999996,2.5275000000000003,-0.07650000000000068,-3.0267062314540327,[],1.0,0.817,/home/jan/development/ProsperOrPerishConstructor/mod/Prosper or Perish (Population Growth & Food Rework)/in_game/common/building_types/zz_pp_victualling_yard.txt,2,constructor,Prosper or Perish Constructor,CREATE,"[{""file"":""/home/jan/development/ProsperOrPerishConstructor/mod/Prosper or Perish (Population Growth & Food Rework)/in_game/common/building_types/zz_pp_victualling_yard.txt"",""layer_id"":""constructor"",""layer_name"":""Prosper or Perish Constructor"",""line"":2,""mod_name"":""Prosper or Perish Constructor"",""mode"":""CREATE""}]"
pp_victualling_yard_labskaus,building_maintenance,victuals,0.82,"[""potato"",""fish"",""livestock""]","[0.343,0.55,1.095]",false,,,inline,victualling_yard,victualling_yard:unique_production_methods:0,0,0.0,0.82,2.46,2.5355,-0.0754999999999999,-2.977716426740284,[],1.0,0.82,/home/jan/development/ProsperOrPerishConstructor/mod/Prosper or Perish (Population Growth & Food Rework)/in_game/common/building_types/zz_pp_victualling_yard.txt,2,constructor,Prosper or Perish Constructor,CREATE,"[{""file"":""/home/jan/development/ProsperOrPerishConstructor/mod/Prosper or Perish (Population Growth & Food Rework)/in_game/common/building_types/zz_pp_victualling_yard.txt"",""layer_id"":""constructor"",""layer_name"":""Prosper or Perish Constructor"",""line"":2,""mod_name"":""Prosper or Perish Constructor"",""mode"":""CREATE""}]"
pp_victualling_yard_meat_tajine,building_maintenance,victuals,0.9,"[""livestock"",""fruit"",""saffron""]","[1.28,0.585,0.055]",false,,,inline,victualling_yard,victualling_yard:unique_production_methods:0,0,0.0,0.9,2.7,2.78,-0.07999999999999963,-2.8776978417266053,[],1.0,0.9,/home/jan/development/ProsperOrPerishConstructor/mod/Prosper or Perish (Population Growth & Food Rework)/in_game/common/building_types/zz_pp_victualling_yard.txt,2,constructor,Prosper or Perish Constructor,CREATE,"[{""file"":""/home/jan/development/ProsperOrPerishConstructor/mod/Prosper or Perish (Population Growth & Food Rework)/in_game/common/building_types/zz_pp_victualling_yard.txt"",""layer_id"":""constructor"",""layer_name"":""Prosper or Perish Constructor"",""line"":2,""mod_name"":""Prosper or Perish Constructor"",""mode"":""CREATE""}]"
pp_victualling_yard_saltfish_porridge,building_maintenance,victuals,0.869,"[""millet"",""fish"",""salt""]","[0.952,1.368,0.074]",false,,,inline,victualling_yard,victualling_yard:unique_production_methods:0,0,0.0,0.869,2.607,2.6900000000000004,-0.08300000000000018,-3.0855018587360656,[],1.0,0.869,/home/jan/development/ProsperOrPerishConstructor/mod/Prosper or Perish (Population Growth & Food Rework)/in_game/common/building_types/zz_pp_victualling_yard.txt,2,constructor,Prosper or Perish Constructor,CREATE,"[{""file"":""/home/jan/development/ProsperOrPerishConstructor/mod/Prosper or Perish (Population Growth & Food Rework)/in_game/common/building_types/zz_pp_victualling_yard.txt"",""layer_id"":""constructor"",""layer_name"":""Prosper or Perish Constructor"",""line"":2,""mod_name"":""Prosper or Perish Constructor"",""mode"":""CREATE""}]"
pp_victualling_yard_ika_mata,building_maintenance,victuals,0.834,"[""fish"",""fruit"",""salt""]","[1.757,0.916,0.037]",false,,,inline,victualling_yard,victualling_yard:unique_production_methods:0,0,0.0,0.834,2.502,2.858,-0.3560000000000003,-12.456263121063692,[],1.0,0.834,/home/jan/development/ProsperOrPerishConstructor/mod/Prosper or Perish (Population Growth & Food Rework)/in_game/common/building_types/zz_pp_victualling_yard.txt,2,constructor,Prosper or Perish Constructor,CREATE,"[{""file"":""/home/jan/development/ProsperOrPerishConstructor/mod/Prosper or Perish (Population Growth & Food Rework)/in_game/common/building_types/zz_pp_victualling_yard.txt"",""layer_id"":""constructor"",""layer_name"":""Prosper or Perish Constructor"",""line"":2,""mod_name"":""Prosper or Perish Constructor"",""mode"":""CREATE""}]"
pp_victualling_yard_kheer,building_maintenance,victuals,0.817,"[""rice"",""sugar"",""livestock""]","[1.208,0.11,0.659]",false,,,inline,victualling_yard,victualling_yard:unique_production_methods:0,0,0.0,0.817,2.4509999999999996,2.5265,-0.07550000000000034,-2.988323768058593,[],1.0,0.817,/home/jan/development/ProsperOrPerishConstructor/mod/Prosper or Perish (Population Growth & Food Rework)/in_game/common/building_types/zz_pp_victualling_yard.txt,2,constructor,Prosper or Perish Constructor,CREATE,"[{""file"":""/home/jan/development/ProsperOrPerishConstructor/mod/Prosper or Perish (Population Growth & Food Rework)/in_game/common/building_types/zz_pp_victualling_yard.txt"",""layer_id"":""constructor"",""layer_name"":""Prosper or Perish Constructor"",""line"":2,""mod_name"":""Prosper or Perish Constructor"",""mode"":""CREATE""}]"
pp_victualling_yard_honey_gruel,building_maintenance,victuals,0.898,"[""wheat"",""fruit"",""beeswax""]","[0.878,0.582,0.659]",false,,,inline,victualling_yard,victualling_yard:unique_production_methods:0,0,0.0,0.898,2.694,2.778,-0.08400000000000007,-3.0237580993520545,[],1.0,0.898,/home/jan/development/ProsperOrPerishConstructor/mod/Prosper or Perish (Population Growth & Food Rework)/in_game/common/building_types/zz_pp_victualling_yard.txt,2,constructor,Prosper or Perish Constructor,CREATE,"[{""file"":""/home/jan/development/ProsperOrPerishConstructor/mod/Prosper or Perish (Population Growth & Food Rework)/in_game/common/building_types/zz_pp_victualling_yard.txt"",""layer_id"":""constructor"",""layer_name"":""Prosper or Perish Constructor"",""line"":2,""mod_name"":""Prosper or Perish Constructor"",""mode"":""CREATE""}]"
pp_victualling_yard_boreal_hunter_stew,building_maintenance,victuals,0.9,"[""fur"",""millet"",""salt""]","[0.842,0.733,0.074]",false,,,inline,victualling_yard,victualling_yard:unique_production_methods:0,0,0.0,0.9,2.7,2.787,-0.08699999999999974,-3.1216361679224884,[],1.0,0.9,/home/jan/development/ProsperOrPerishConstructor/mod/Prosper or Perish (Population Growth & Food Rework)/in_game/common/building_types/zz_pp_victualling_yard.txt,2,constructor,Prosper or Perish Constructor,CREATE,"[{""file"":""/home/jan/development/ProsperOrPerishConstructor/mod/Prosper or Perish (Population Growth & Food Rework)/in_game/common/building_types/zz_pp_victualling_yard.txt"",""layer_id"":""constructor"",""layer_name"":""Prosper or Perish Constructor"",""line"":2,""mod_name"":""Prosper or Perish Constructor"",""mode"":""CREATE""}]"
pp_victualling_yard_well_water,building_maintenance,,,[],[],false,,,inline,victualling_yard,victualling_yard:unique_production_methods:1,1,0.0,,0.0,0.0,0.0,,[],1.0,,/home/jan/development/ProsperOrPerishConstructor/mod/Prosper or Perish (Population Growth & Food Rework)/in_game/common/building_types/zz_pp_victualling_yard.txt,2,constructor,Prosper or Perish Constructor,CREATE,"[{""file"":""/home/jan/development/ProsperOrPerishConstructor/mod/Prosper or Perish (Population Growth & Food Rework)/in_game/common/building_types/zz_pp_victualling_yard.txt"",""layer_id"":""constructor"",""layer_name"":""Prosper or Perish Constructor"",""line"":2,""mod_name"":""Prosper or Perish Constructor"",""mode"":""CREATE""}]"
pp_victualling_yard_beer,building_maintenance,victuals,0.437,"[""beer""]",[0.648],false,,,inline,victualling_yard,victualling_yard:unique_production_methods:1,1,0.0,0.437,1.311,1.296,0.014999999999999902,1.1574074074074,[],1.0,0.437,/home/jan/development/ProsperOrPerishConstructor/mod/Prosper or Perish (Population Growth & Food Rework)/in_game/common/building_types/zz_pp_victualling_yard.txt,2,constructor,Prosper or Perish Constructor,CREATE,"[{""file"":""/home/jan/development/ProsperOrPerishConstructor/mod/Prosper or Perish (Population Growth & Food Rework)/in_game/common/building_types/zz_pp_victualling_yard.txt"",""layer_id"":""constructor"",""layer_name"":""Prosper or Perish Constructor"",""line"":2,""mod_name"":""Prosper or Perish Constructor"",""mode"":""CREATE""}]"
pp_victualling_yard_wine,building_maintenance,victuals,0.448,"[""wine""]",[0.698],false,,,inline,victualling_yard,victualling_yard:unique_production_methods:1,1,0.0,0.448,1.344,1.396,-0.051999999999999824,-3.7249283667621653,[],1.0,0.448,/home/jan/development/ProsperOrPerishConstructor/mod/Prosper or Perish (Population Growth & Food Rework)/in_game/common/building_types/zz_pp_victualling_yard.txt,2,constructor,Prosper or Perish Constructor,CREATE,"[{""file"":""/home/jan/development/ProsperOrPerishConstructor/mod/Prosper or Perish (Population Growth & Food Rework)/in_game/common/building_types/zz_pp_victualling_yard.txt"",""layer_id"":""constructor"",""layer_name"":""Prosper or Perish Constructor"",""line"":2,""mod_name"":""Prosper or Perish Constructor"",""mode"":""CREATE""}]"
pp_victualling_yard_liquor,building_maintenance,victuals,0.465,"[""liquor""]",[0.604],false,,,inline,victualling_yard,victualling_yard:unique_production_methods:1,1,0.0,0.465,1.395,1.51,-0.11499999999999999,-7.6158940397351,[],1.0,0.465,/home/jan/development/ProsperOrPerishConstructor/mod/Prosper or Perish (Population Growth & Food Rework)/in_game/common/building_types/zz_pp_victualling_yard.txt,2,constructor,Prosper or Perish Constructor,CREATE,"[{""file"":""/home/jan/development/ProsperOrPerishConstructor/mod/Prosper or Perish (Population Growth & Food Rework)/in_game/common/building_types/zz_pp_victualling_yard.txt"",""layer_id"":""constructor"",""layer_name"":""Prosper or Perish Constructor"",""line"":2,""mod_name"":""Prosper or Perish Constructor"",""mode"":""CREATE""}]"
pp_victualling_yard_chocolate,building_maintenance,victuals,0.341,"[""cocoa""]",[0.291],false,,,inline,victualling_yard,victualling_yard:unique_production_methods:1,1,0.0,0.341,1.0230000000000001,1.164,-0.1409999999999998,-12.113402061855654,[],1.0,0.341,/home/jan/development/ProsperOrPerishConstructor/mod/Prosper or Perish (Population Growth & Food Rework)/in_game/common/building_types/zz_pp_victualling_yard.txt,2,constructor,Prosper or Perish Constructor,CREATE,"[{""file"":""/home/jan/development/ProsperOrPerishConstructor/mod/Prosper or Perish (Population Growth & Food Rework)/in_game/common/building_types/zz_pp_victualling_yard.txt"",""layer_id"":""constructor"",""layer_name"":""Prosper or Perish Constructor"",""line"":2,""mod_name"":""Prosper or Perish Constructor"",""mode"":""CREATE""}]"
pp_victualling_yard_coffee,building_maintenance,victuals,0.337,"[""coffee""]",[0.349],false,,,inline,victualling_yard,victualling_yard:unique_production_methods:1,1,0.0,0.337,1.0110000000000001,1.047,-0.03599999999999981,-3.4383954154727614,[],1.0,0.337,/home/jan/development/ProsperOrPerishConstructor/mod/Prosper or Perish (Population Growth & Food Rework)/in_game/common/building_types/zz_pp_victualling_yard.txt,2,constructor,Prosper or Perish Constructor,CREATE,"[{""file"":""/home/jan/development/ProsperOrPerishConstructor/mod/Prosper or Perish (Population Growth & Food Rework)/in_game/common/building_types/zz_pp_victualling_yard.txt"",""layer_id"":""constructor"",""layer_name"":""Prosper or Perish Constructor"",""line"":2,""mod_name"":""Prosper or Perish Constructor"",""mode"":""CREATE""}]"
pp_victualling_yard_tea,building_maintenance,victuals,0.432,"[""tea""]",[0.449],false,,,inline,victualling_yard,victualling_yard:unique_production_methods:1,1,0.0,0.432,1.296,1.347,-0.050999999999999934,-3.786191536748325,[],1.0,0.432,/home/jan/development/ProsperOrPerishConstructor/mod/Prosper or Perish (Population Growth & Food Rework)/in_game/common/building_types/zz_pp_victualling_yard.txt,2,constructor,Prosper or Perish Constructor,CREATE,"[{""file"":""/home/jan/development/ProsperOrPerishConstructor/mod/Prosper or Perish (Population Growth & Food Rework)/in_game/common/building_types/zz_pp_victualling_yard.txt"",""layer_id"":""constructor"",""layer_name"":""Prosper or Perish Constructor"",""line"":2,""mod_name"":""Prosper or Perish Constructor"",""mode"":""CREATE""}]"
pp_victualling_yard_no_packaging,building_maintenance,,,[],[],false,,,inline,victualling_yard,victualling_yard:unique_production_methods:2,2,0.0,,0.0,0.0,0.0,,[],1.0,,/home/jan/development/ProsperOrPerishConstructor/mod/Prosper or Perish (Population Growth & Food Rework)/in_game/common/building_types/zz_pp_victualling_yard.txt,2,constructor,Prosper or Perish Constructor,CREATE,"[{""file"":""/home/jan/development/ProsperOrPerishConstructor/mod/Prosper or Perish (Population Growth & Food Rework)/in_game/common/building_types/zz_pp_victualling_yard.txt"",""layer_id"":""constructor"",""layer_name"":""Prosper or Perish Constructor"",""line"":2,""mod_name"":""Prosper or Perish Constructor"",""mode"":""CREATE""}]"
pp_victualling_yard_pottery_jars,building_maintenance,victuals,0.281,"[""pottery""]",[0.929],false,,,inline,victualling_yard,victualling_yard:unique_production_methods:2,2,0.0,0.281,0.8430000000000001,0.929,-0.08599999999999997,-9.257265877287402,[],1.0,0.281,/home/jan/development/ProsperOrPerishConstructor/mod/Prosper or Perish (Population Growth & Food Rework)/in_game/common/building_types/zz_pp_victualling_yard.txt,2,constructor,Prosper or Perish Constructor,CREATE,"[{""file"":""/home/jan/development/ProsperOrPerishConstructor/mod/Prosper or Perish (Population Growth & Food Rework)/in_game/common/building_types/zz_pp_victualling_yard.txt"",""layer_id"":""constructor"",""layer_name"":""Prosper or Perish Constructor"",""line"":2,""mod_name"":""Prosper or Perish Constructor"",""mode"":""CREATE""}]"
pp_victualling_yard_coopered_barrels,building_maintenance,victuals,0.271,"[""furniture""]",[0.3],false,,,inline,victualling_yard,victualling_yard:unique_production_methods:2,2,0.0,0.271,0.8130000000000001,0.8999999999999999,-0.08699999999999986,-9.666666666666652,[],1.0,0.271,/home/jan/development/ProsperOrPerishConstructor/mod/Prosper or Perish (Population Growth & Food Rework)/in_game/common/building_types/zz_pp_victualling_yard.txt,2,constructor,Prosper or Perish Constructor,CREATE,"[{""file"":""/home/jan/development/ProsperOrPerishConstructor/mod/Prosper or Perish (Population Growth & Food Rework)/in_game/common/building_types/zz_pp_victualling_yard.txt"",""layer_id"":""constructor"",""layer_name"":""Prosper or Perish Constructor"",""line"":2,""mod_name"":""Prosper or Perish Constructor"",""mode"":""CREATE""}]"
pp_victualling_yard_tin_cans,building_maintenance,victuals,0.501,"[""steel""]",[0.333],false,,,inline,victualling_yard,victualling_yard:unique_production_methods:2,2,0.0,0.501,1.5030000000000001,1.665,-0.16199999999999992,-9.729729729729724,[],1.0,0.501,/home/jan/development/ProsperOrPerishConstructor/mod/Prosper or Perish (Population Growth & Food Rework)/in_game/common/building_types/zz_pp_victualling_yard.txt,2,constructor,Prosper or Perish Constructor,CREATE,"[{""file"":""/home/jan/development/ProsperOrPerishConstructor/mod/Prosper or Perish (Population Growth & Food Rework)/in_game/common/building_types/zz_pp_victualling_yard.txt"",""layer_id"":""constructor"",""layer_name"":""Prosper or Perish Constructor"",""line"":2,""mod_name"":""Prosper or Perish Constructor"",""mode"":""CREATE""}]"
pp_province_food_to_market,building_maintenance,province_food_sales,0.375,"[""victuals"",""offset"",""manual_labor_cost""]","[-3.0,11.1,0.3]",false,,,inline,victuals_market,victuals_market:unique_production_methods:0,0,0.0,0.375,1.875,48.0,-46.125,-96.09375,[],0.001,375.0,/home/jan/development/ProsperOrPerishConstructor/mod/Prosper or Perish (Population Growth & Food Rework)/in_game/common/building_types/zz_pp_victuals_market.txt,2,constructor,Prosper or Perish Constructor,CREATE,"[{""file"":""/home/jan/development/ProsperOrPerishConstructor/mod/Prosper or Perish (Population Growth & Food Rework)/in_game/common/building_types/zz_pp_victuals_market.txt"",""layer_id"":""constructor"",""layer_name"":""Prosper or Perish Constructor"",""line"":2,""mod_name"":""Prosper or Perish Constructor"",""mode"":""CREATE""}]"
pp_province_food_from_market,building_maintenance,offset,0.45,"[""victuals"",""manual_labor_cost""]","[3.0,0.3]",false,,,inline,victuals_market_import,victuals_market_import:unique_production_methods:0,0,0.0,0.45,2.25,10.5,-8.25,-78.57142857142857,[],0.001,450.0,/home/jan/development/ProsperOrPerishConstructor/mod/Prosper or Perish (Population Growth & Food Rework)/in_game/common/building_types/zz_pp_victuals_market_import.txt,2,constructor,Prosper or Perish Constructor,CREATE,"[{""file"":""/home/jan/development/ProsperOrPerishConstructor/mod/Prosper or Perish (Population Growth & Food Rework)/in_game/common/building_types/zz_pp_victuals_market_import.txt"",""layer_id"":""constructor"",""layer_name"":""Prosper or Perish Constructor"",""line"":2,""mod_name"":""Prosper or Perish Constructor"",""mode"":""CREATE""}]"
pp_province_storage_price,building_maintenance,province_food_purchase,0.375,"[""offset""]",[3.0],false,,,inline,victuals_market_import,victuals_market_import:unique_production_methods:1,1,0.0,0.375,1.875,15.0,-13.125,-87.5,[],0.001,375.0,/home/jan/development/ProsperOrPerishConstructor/mod/Prosper or Perish (Population Growth & Food Rework)/in_game/common/building_types/zz_pp_victuals_market_import.txt,2,constructor,Prosper or Perish Constructor,CREATE,"[{""file"":""/home/jan/development/ProsperOrPerishConstructor/mod/Prosper or Perish (Population Growth & Food Rework)/in_game/common/building_types/zz_pp_victuals_market_import.txt"",""layer_id"":""constructor"",""layer_name"":""Prosper or Perish Constructor"",""line"":2,""mod_name"":""Prosper or Perish Constructor"",""mode"":""CREATE""}]"
pp_vineyard_estate_base_wine,building_maintenance,wine,0.1,[],[],false,,,inline,vineyard_estate,vineyard_estate:unique_production_methods:0,0,0.0,0.1,0.2,0.0,0.2,,[],1.0,0.1,/home/jan/development/ProsperOrPerishConstructor/mod/Prosper or Perish (Population Growth & Food Rework)/in_game/common/building_types/zz_pp_vineyard_estate.txt,2,constructor,Prosper or Perish Constructor,CREATE,"[{""file"":""/home/jan/development/ProsperOrPerishConstructor/mod/Prosper or Perish (Population Growth & Food Rework)/in_game/common/building_types/zz_pp_vineyard_estate.txt"",""layer_id"":""constructor"",""layer_name"":""Prosper or Perish Constructor"",""line"":2,""mod_name"":""Prosper or Perish Constructor"",""mode"":""CREATE""}]"
pp_vineyard_estate_press_houses,building_maintenance,wine,0.222,"[""lumber"",""pottery"",""tools""]","[0.167,0.083,0.017]",false,,,inline,vineyard_estate,vineyard_estate:unique_production_methods:1,1,0.0,0.222,0.444,0.43050000000000005,0.013499999999999956,3.1358885017421496,[],1.0,0.222,/home/jan/development/ProsperOrPerishConstructor/mod/Prosper or Perish (Population Growth & Food Rework)/in_game/common/building_types/zz_pp_vineyard_estate.txt,2,constructor,Prosper or Perish Constructor,CREATE,"[{""file"":""/home/jan/development/ProsperOrPerishConstructor/mod/Prosper or Perish (Population Growth & Food Rework)/in_game/common/building_types/zz_pp_vineyard_estate.txt"",""layer_id"":""constructor"",""layer_name"":""Prosper or Perish Constructor"",""line"":2,""mod_name"":""Prosper or Perish Constructor"",""mode"":""CREATE""}]"
rgo_horses,,horses,1.0,[],[],false,laborers,1.0,generated_rgo,,,,0.0,1.0,3.0,0.0,3.0,,[],1.0,1.0,/home/jan/development/ProsperOrPerishConstructor/mod/Prosper or Perish (Population Growth & Food Rework)/in_game/common/goods/pp_goods_adjustments.txt,197,constructor,Prosper or Perish Constructor,TRY_INJECT,"[{""file"":""/mnt/c/Games/steamapps/common/Europa Universalis V/game/in_game/common/goods/00_raw_materials.txt"",""layer_id"":""vanilla"",""layer_name"":""Vanilla"",""line"":2,""mod_name"":null,""mode"":""CREATE""},{""file"":""/home/jan/development/ProsperOrPerishConstructor/mod/Prosper or Perish (Population Growth & Food Rework)/in_game/common/goods/pp_goods_adjustments.txt"",""layer_id"":""constructor"",""layer_name"":""Prosper or Perish Constructor"",""line"":197,""mod_name"":""Prosper or Perish Constructor"",""mode"":""TRY_INJECT""}]"
rgo_clay,,clay,1.0,[],[],false,laborers,1.0,generated_rgo,,,,0.0,1.0,0.5,0.0,0.5,,[],1.0,1.0,/home/jan/development/ProsperOrPerishConstructor/mod/Prosper or Perish (Population Growth & Food Rework)/in_game/common/goods/pp_goods_adjustments.txt,184,constructor,Prosper or Perish Constructor,TRY_INJECT,"[{""file"":""/mnt/c/Games/steamapps/common/Europa Universalis V/game/in_game/common/goods/00_raw_materials.txt"",""layer_id"":""vanilla"",""layer_name"":""Vanilla"",""line"":19,""mod_name"":null,""mode"":""CREATE""},{""file"":""/home/jan/development/ProsperOrPerishConstructor/mod/Prosper or Perish (Population Growth & Food Rework)/in_game/common/goods/pp_goods_adjustments.txt"",""layer_id"":""constructor"",""layer_name"":""Prosper or Perish Constructor"",""line"":184,""mod_name"":""Prosper or Perish Constructor"",""mode"":""TRY_INJECT""}]"
rgo_sand,,sand,1.0,[],[],false,laborers,1.0,generated_rgo,,,,0.0,1.0,0.5,0.0,0.5,,[],1.0,1.0,/home/jan/development/ProsperOrPerishConstructor/mod/Prosper or Perish (Population Growth & Food Rework)/in_game/common/goods/pp_goods_adjustments.txt,212,constructor,Prosper or Perish Constructor,TRY_INJECT,"[{""file"":""/mnt/c/Games/steamapps/common/Europa Universalis V/game/in_game/common/goods/00_raw_materials.txt"",""layer_id"":""vanilla"",""layer_name"":""Vanilla"",""line"":34,""mod_name"":null,""mode"":""CREATE""},{""file"":""/home/jan/development/ProsperOrPerishConstructor/mod/Prosper or Perish (Population Growth & Food Rework)/in_game/common/goods/pp_goods_adjustments.txt"",""layer_id"":""constructor"",""layer_name"":""Prosper or Perish Constructor"",""line"":212,""mod_name"":""Prosper or Perish Constructor"",""mode"":""TRY_INJECT""}]"
rgo_coal,,coal,1.0,[],[],false,laborers,1.0,generated_rgo,,,,0.0,1.0,2.0,0.0,2.0,,[],1.0,1.0,/home/jan/development/ProsperOrPerishConstructor/mod/Prosper or Perish (Population Growth & Food Rework)/in_game/common/goods/pp_goods_adjustments.txt,156,constructor,Prosper or Perish Constructor,TRY_INJECT,"[{""file"":""/mnt/c/Games/steamapps/common/Europa Universalis V/game/in_game/common/goods/00_raw_materials.txt"",""layer_id"":""vanilla"",""layer_name"":""Vanilla"",""line"":45,""mod_name"":null,""mode"":""CREATE""},{""file"":""/home/jan/development/ProsperOrPerishConstructor/mod/Prosper or Perish (Population Growth & Food Rework)/in_game/common/goods/pp_goods_adjustments.txt"",""layer_id"":""constructor"",""layer_name"":""Prosper or Perish Constructor"",""line"":156,""mod_name"":""Prosper or Perish Constructor"",""mode"":""TRY_INJECT""}]"
rgo_iron,,iron,1.0,[],[],false,laborers,1.0,generated_rgo,,,,0.0,1.0,3.5,0.0,3.5,,[],1.0,1.0,/home/jan/development/ProsperOrPerishConstructor/mod/Prosper or Perish (Population Growth & Food Rework)/in_game/common/goods/pp_goods_adjustments.txt,159,constructor,Prosper or Perish Constructor,TRY_INJECT,"[{""file"":""/mnt/c/Games/steamapps/common/Europa Universalis V/game/in_game/common/goods/00_raw_materials.txt"",""layer_id"":""vanilla"",""layer_name"":""Vanilla"",""line"":73,""mod_name"":null,""mode"":""CREATE""},{""file"":""/home/jan/development/ProsperOrPerishConstructor/mod/Prosper or Perish (Population Growth & Food Rework)/in_game/common/goods/pp_goods_adjustments.txt"",""layer_id"":""constructor"",""layer_name"":""Prosper or Perish Constructor"",""line"":159,""mod_name"":""Prosper or Perish Constructor"",""mode"":""TRY_INJECT""}]"
rgo_copper,,copper,1.0,[],[],false,laborers,1.0,generated_rgo,,,,0.0,1.0,3.0,0.0,3.0,,[],1.0,1.0,/home/jan/development/ProsperOrPerishConstructor/mod/Prosper or Perish (Population Growth & Food Rework)/in_game/common/goods/pp_goods_adjustments.txt,187,constructor,Prosper or Perish Constructor,TRY_INJECT,"[{""file"":""/mnt/c/Games/steamapps/common/Europa Universalis V/game/in_game/common/goods/00_raw_materials.txt"",""layer_id"":""vanilla"",""layer_name"":""Vanilla"",""line"":86,""mod_name"":null,""mode"":""CREATE""},{""file"":""/home/jan/development/ProsperOrPerishConstructor/mod/Prosper or Perish (Population Growth & Food Rework)/in_game/common/goods/pp_goods_adjustments.txt"",""layer_id"":""constructor"",""layer_name"":""Prosper or Perish Constructor"",""line"":187,""mod_name"":""Prosper or Perish Constructor"",""mode"":""TRY_INJECT""}]"
rgo_goods_gold,,goods_gold,1.0,[],[],false,laborers,1.0,generated_rgo,,,,0.0,1.0,9.0,0.0,9.0,,[],1.0,1.0,/home/jan/development/ProsperOrPerishConstructor/mod/Prosper or Perish (Population Growth & Food Rework)/in_game/common/goods/pp_goods_adjustments.txt,193,constructor,Prosper or Perish Constructor,TRY_INJECT,"[{""file"":""/mnt/c/Games/steamapps/common/Europa Universalis V/game/in_game/common/goods/00_raw_materials.txt"",""layer_id"":""vanilla"",""layer_name"":""Vanilla"",""line"":96,""mod_name"":null,""mode"":""CREATE""},{""file"":""/home/jan/development/ProsperOrPerishConstructor/mod/Prosper or Perish (Population Growth & Food Rework)/in_game/common/goods/pp_goods_adjustments.txt"",""layer_id"":""constructor"",""layer_name"":""Prosper or Perish Constructor"",""line"":193,""mod_name"":""Prosper or Perish Constructor"",""mode"":""TRY_INJECT""}]"
rgo_silver,,silver,1.0,[],[],false,laborers,1.0,generated_rgo,,,,0.0,1.0,6.0,0.0,6.0,,[],1.0,1.0,/home/jan/development/ProsperOrPerishConstructor/mod/Prosper or Perish (Population Growth & Food Rework)/in_game/common/goods/pp_goods_adjustments.txt,178,constructor,Prosper or Perish Constructor,TRY_INJECT,"[{""file"":""/mnt/c/Games/steamapps/common/Europa Universalis V/game/in_game/common/goods/00_raw_materials.txt"",""layer_id"":""vanilla"",""layer_name"":""Vanilla"",""line"":120,""mod_name"":null,""mode"":""CREATE""},{""file"":""/home/jan/development/ProsperOrPerishConstructor/mod/Prosper or Perish (Population Growth & Food Rework)/in_game/common/goods/pp_goods_adjustments.txt"",""layer_id"":""constructor"",""layer_name"":""Prosper or Perish Constructor"",""line"":178,""mod_name"":""Prosper or Perish Constructor"",""mode"":""TRY_INJECT""}]"
rgo_stone,,stone,1.0,[],[],false,laborers,1.0,generated_rgo,,,,0.0,1.0,1.0,0.0,1.0,,[],1.0,1.0,/home/jan/development/ProsperOrPerishConstructor/mod/Prosper or Perish (Population Growth & Food Rework)/in_game/common/goods/pp_goods_adjustments.txt,164,constructor,Prosper or Perish Constructor,TRY_INJECT,"[{""file"":""/mnt/c/Games/steamapps/common/Europa Universalis V/game/in_game/common/goods/00_raw_materials.txt"",""layer_id"":""vanilla"",""layer_name"":""Vanilla"",""line"":143,""mod_name"":null,""mode"":""CREATE""},{""file"":""/home/jan/development/ProsperOrPerishConstructor/mod/Prosper or Perish (Population Growth & Food Rework)/in_game/common/goods/pp_goods_adjustments.txt"",""layer_id"":""constructor"",""layer_name"":""Prosper or Perish Constructor"",""line"":164,""mod_name"":""Prosper or Perish Constructor"",""mode"":""TRY_INJECT""}]"
rgo_tin,,tin,1.0,[],[],false,laborers,1.0,generated_rgo,,,,0.0,1.0,2.0,0.0,2.0,,[],1.0,1.0,/home/jan/development/ProsperOrPerishConstructor/mod/Prosper or Perish (Population Growth & Food Rework)/in_game/common/goods/pp_goods_adjustments.txt,221,constructor,Prosper or Perish Constructor,TRY_INJECT,"[{""file"":""/mnt/c/Games/steamapps/common/Europa Universalis V/game/in_game/common/goods/00_raw_materials.txt"",""layer_id"":""vanilla"",""layer_name"":""Vanilla"",""line"":156,""mod_name"":null,""mode"":""CREATE""},{""file"":""/home/jan/development/ProsperOrPerishConstructor/mod/Prosper or Perish (Population Growth & Food Rework)/in_game/common/goods/pp_goods_adjustments.txt"",""layer_id"":""constructor"",""layer_name"":""Prosper or Perish Constructor"",""line"":221,""mod_name"":""Prosper or Perish Constructor"",""mode"":""TRY_INJECT""}]"
rgo_lead,,lead,1.0,[],[],false,laborers,1.0,generated_rgo,,,,0.0,1.0,2.0,0.0,2.0,,[],1.0,1.0,/home/jan/development/ProsperOrPerishConstructor/mod/Prosper or Perish (Population Growth & Food Rework)/in_game/common/goods/pp_goods_adjustments.txt,203,constructor,Prosper or Perish Constructor,TRY_INJECT,"[{""file"":""/mnt/c/Games/steamapps/common/Europa Universalis V/game/in_game/common/goods/00_raw_materials.txt"",""layer_id"":""vanilla"",""layer_name"":""Vanilla"",""line"":166,""mod_name"":null,""mode"":""CREATE""},{""file"":""/home/jan/development/ProsperOrPerishConstructor/mod/Prosper or Perish (Population Growth & Food Rework)/in_game/common/goods/pp_goods_adjustments.txt"",""layer_id"":""constructor"",""layer_name"":""Prosper or Perish Constructor"",""line"":203,""mod_name"":""Prosper or Perish Constructor"",""mode"":""TRY_INJECT""}]"
rgo_silk,,silk,1.0,[],[],false,laborers,1.0,generated_rgo,,,,0.0,1.0,4.0,0.0,4.0,,[],1.0,1.0,/home/jan/development/ProsperOrPerishConstructor/mod/Prosper or Perish (Population Growth & Food Rework)/in_game/common/goods/pp_goods_adjustments.txt,215,constructor,Prosper or Perish Constructor,TRY_INJECT,"[{""file"":""/mnt/c/Games/steamapps/common/Europa Universalis V/game/in_game/common/goods/00_raw_materials.txt"",""layer_id"":""vanilla"",""layer_name"":""Vanilla"",""line"":176,""mod_name"":null,""mode"":""CREATE""},{""file"":""/home/jan/development/ProsperOrPerishConstructor/mod/Prosper or Perish (Population Growth & Food Rework)/in_game/common/goods/pp_goods_adjustments.txt"",""layer_id"":""constructor"",""layer_name"":""Prosper or Perish Constructor"",""line"":215,""mod_name"":""Prosper or Perish Constructor"",""mode"":""TRY_INJECT""}]"
rgo_dyes,,dyes,1.0,[],[],false,laborers,1.0,generated_rgo,,,,0.0,1.0,4.0,0.0,4.0,,[],1.0,1.0,/home/jan/development/ProsperOrPerishConstructor/mod/Prosper or Perish (Population Growth & Food Rework)/in_game/common/goods/pp_goods_adjustments.txt,134,constructor,Prosper or Perish Constructor,TRY_INJECT,"[{""file"":""/mnt/c/Games/steamapps/common/Europa Universalis V/game/in_game/common/goods/00_raw_materials.txt"",""layer_id"":""vanilla"",""layer_name"":""Vanilla"",""line"":184,""mod_name"":null,""mode"":""CREATE""},{""file"":""/home/jan/development/ProsperOrPerishConstructor/mod/Prosper or Perish (Population Growth & Food Rework)/in_game/common/goods/pp_goods_adjustments.txt"",""layer_id"":""constructor"",""layer_name"":""Prosper or Perish Constructor"",""line"":134,""mod_name"":""Prosper or Perish Constructor"",""mode"":""TRY_INJECT""}]"
rgo_incense,,incense,1.0,[],[],false,laborers,1.0,generated_rgo,,,,0.0,1.0,2.5,0.0,2.5,,[],1.0,1.0,/home/jan/development/ProsperOrPerishConstructor/mod/Prosper or Perish (Population Growth & Food Rework)/in_game/common/goods/pp_goods_adjustments.txt,67,constructor,Prosper or Perish Constructor,TRY_INJECT,"[{""file"":""/mnt/c/Games/steamapps/common/Europa Universalis V/game/in_game/common/goods/00_raw_materials.txt"",""layer_id"":""vanilla"",""layer_name"":""Vanilla"",""line"":194,""mod_name"":null,""mode"":""CREATE""},{""file"":""/home/jan/development/ProsperOrPerishConstructor/mod/Prosper or Perish (Population Growth & Food Rework)/in_game/common/goods/pp_goods_adjustments.txt"",""layer_id"":""constructor"",""layer_name"":""Prosper or Perish Constructor"",""line"":67,""mod_name"":""Prosper or Perish Constructor"",""mode"":""TRY_INJECT""}]"
rgo_tea,,tea,1.0,[],[],false,laborers,1.0,generated_rgo,,,,0.0,1.0,3.0,0.0,3.0,,[],1.0,1.0,/home/jan/development/ProsperOrPerishConstructor/mod/Prosper or Perish (Population Growth & Food Rework)/in_game/common/goods/pp_goods_adjustments.txt,246,constructor,Prosper or Perish Constructor,TRY_INJECT,"[{""file"":""/mnt/c/Games/steamapps/common/Europa Universalis V/game/in_game/common/goods/00_raw_materials.txt"",""layer_id"":""vanilla"",""layer_name"":""Vanilla"",""line"":210,""mod_name"":null,""mode"":""CREATE""},{""file"":""/home/jan/development/ProsperOrPerishConstructor/mod/Prosper or Perish (Population Growth & Food Rework)/in_game/common/goods/pp_goods_adjustments.txt"",""layer_id"":""constructor"",""layer_name"":""Prosper or Perish Constructor"",""line"":246,""mod_name"":""Prosper or Perish Constructor"",""mode"":""TRY_INJECT""}]"
rgo_cocoa,,cocoa,1.0,[],[],false,laborers,1.0,generated_rgo,,,,0.0,1.0,4.0,0.0,4.0,,[],1.0,1.0,/home/jan/development/ProsperOrPerishConstructor/mod/Prosper or Perish (Population Growth & Food Rework)/in_game/common/goods/pp_goods_adjustments.txt,234,constructor,Prosper or Perish Constructor,TRY_INJECT,"[{""file"":""/mnt/c/Games/steamapps/common/Europa Universalis V/game/in_game/common/goods/00_raw_materials.txt"",""layer_id"":""vanilla"",""layer_name"":""Vanilla"",""line"":228,""mod_name"":null,""mode"":""CREATE""},{""file"":""/home/jan/development/ProsperOrPerishConstructor/mod/Prosper or Perish (Population Growth & Food Rework)/in_game/common/goods/pp_goods_adjustments.txt"",""layer_id"":""constructor"",""layer_name"":""Prosper or Perish Constructor"",""line"":234,""mod_name"":""Prosper or Perish Constructor"",""mode"":""TRY_INJECT""}]"
rgo_coffee,,coffee,1.0,[],[],false,laborers,1.0,generated_rgo,,,,0.0,1.0,3.0,0.0,3.0,,[],1.0,1.0,/home/jan/development/ProsperOrPerishConstructor/mod/Prosper or Perish (Population Growth & Food Rework)/in_game/common/goods/pp_goods_adjustments.txt,237,constructor,Prosper or Perish Constructor,TRY_INJECT,"[{""file"":""/mnt/c/Games/steamapps/common/Europa Universalis V/game/in_game/common/goods/00_raw_materials.txt"",""layer_id"":""vanilla"",""layer_name"":""Vanilla"",""line"":249,""mod_name"":null,""mode"":""CREATE""},{""file"":""/home/jan/development/ProsperOrPerishConstructor/mod/Prosper or Perish (Population Growth & Food Rework)/in_game/common/goods/pp_goods_adjustments.txt"",""layer_id"":""constructor"",""layer_name"":""Prosper or Perish Constructor"",""line"":237,""mod_name"":""Prosper or Perish Constructor"",""mode"":""TRY_INJECT""}]"
rgo_fiber_crops,,fiber_crops,1.0,[],[],false,laborers,1.0,generated_rgo,,,,0.0,1.0,2.0,0.0,2.0,,[],1.0,1.0,/home/jan/development/ProsperOrPerishConstructor/mod/Prosper or Perish (Population Growth & Food Rework)/in_game/common/goods/pp_goods_adjustments.txt,167,constructor,Prosper or Perish Constructor,TRY_INJECT,"[{""file"":""/mnt/c/Games/steamapps/common/Europa Universalis V/game/in_game/common/goods/00_raw_materials.txt"",""layer_id"":""vanilla"",""layer_name"":""Vanilla"",""line"":272,""mod_name"":null,""mode"":""CREATE""},{""file"":""/home/jan/development/ProsperOrPerishConstructor/mod/Prosper or Perish (Population Growth & Food Rework)/in_game/common/goods/pp_goods_adjustments.txt"",""layer_id"":""constructor"",""layer_name"":""Prosper or Perish Constructor"",""line"":167,""mod_name"":""Prosper or Perish Constructor"",""mode"":""TRY_INJECT""}]"
rgo_ivory,,ivory,1.0,[],[],false,laborers,1.0,generated_rgo,,,,0.0,1.0,4.0,0.0,4.0,,[],1.0,1.0,/home/jan/development/ProsperOrPerishConstructor/mod/Prosper or Perish (Population Growth & Food Rework)/in_game/common/goods/pp_goods_adjustments.txt,200,constructor,Prosper or Perish Constructor,TRY_INJECT,"[{""file"":""/mnt/c/Games/steamapps/common/Europa Universalis V/game/in_game/common/goods/00_raw_materials.txt"",""layer_id"":""vanilla"",""layer_name"":""Vanilla"",""line"":281,""mod_name"":null,""mode"":""CREATE""},{""file"":""/home/jan/development/ProsperOrPerishConstructor/mod/Prosper or Perish (Population Growth & Food Rework)/in_game/common/goods/pp_goods_adjustments.txt"",""layer_id"":""constructor"",""layer_name"":""Prosper or Perish Constructor"",""line"":200,""mod_name"":""Prosper or Perish Constructor"",""mode"":""TRY_INJECT""}]"
rgo_lumber,,lumber,1.0,[],[],false,laborers,1.0,generated_rgo,,,,0.0,1.0,1.75,0.0,1.75,,[],1.0,1.0,/home/jan/development/ProsperOrPerishConstructor/mod/Prosper or Perish (Population Growth & Food Rework)/in_game/common/goods/pp_goods_adjustments.txt,138,constructor,Prosper or Perish Constructor,TRY_INJECT,"[{""file"":""/mnt/c/Games/steamapps/common/Europa Universalis V/game/in_game/common/goods/00_raw_materials.txt"",""layer_id"":""vanilla"",""layer_name"":""Vanilla"",""line"":303,""mod_name"":null,""mode"":""CREATE""},{""file"":""/home/jan/development/ProsperOrPerishConstructor/mod/Prosper or Perish (Population Growth & Food Rework)/in_game/common/goods/pp_goods_adjustments.txt"",""layer_id"":""constructor"",""layer_name"":""Prosper or Perish Constructor"",""line"":138,""mod_name"":""Prosper or Perish Constructor"",""mode"":""TRY_INJECT""}]"
rgo_salt,,salt,1.0,[],[],false,laborers,1.0,generated_rgo,,,,0.0,1.0,5.0,0.0,5.0,,[],1.0,1.0,/home/jan/development/ProsperOrPerishConstructor/mod/Prosper or Perish (Population Growth & Food Rework)/in_game/common/goods/pp_goods_adjustments.txt,121,constructor,Prosper or Perish Constructor,TRY_INJECT,"[{""file"":""/mnt/c/Games/steamapps/common/Europa Universalis V/game/in_game/common/goods/00_raw_materials.txt"",""layer_id"":""vanilla"",""layer_name"":""Vanilla"",""line"":340,""mod_name"":null,""mode"":""CREATE""},{""file"":""/home/jan/development/ProsperOrPerishConstructor/mod/Prosper or Perish (Population Growth & Food Rework)/in_game/common/goods/pp_goods_adjustments.txt"",""layer_id"":""constructor"",""layer_name"":""Prosper or Perish Constructor"",""line"":121,""mod_name"":""Prosper or Perish Constructor"",""mode"":""TRY_INJECT""}]"
rgo_medicaments,,medicaments,1.0,[],[],false,laborers,1.0,generated_rgo,,,,0.0,1.0,1.0,0.0,1.0,,[],1.0,1.0,/home/jan/development/ProsperOrPerishConstructor/mod/Prosper or Perish (Population Growth & Food Rework)/in_game/common/goods/pp_goods_adjustments.txt,174,constructor,Prosper or Perish Constructor,TRY_INJECT,"[{""file"":""/mnt/c/Games/steamapps/common/Europa Universalis V/game/in_game/common/goods/00_raw_materials.txt"",""layer_id"":""vanilla"",""layer_name"":""Vanilla"",""line"":366,""mod_name"":null,""mode"":""CREATE""},{""file"":""/home/jan/development/ProsperOrPerishConstructor/mod/Prosper or Perish (Population Growth & Food Rework)/in_game/common/goods/pp_goods_adjustments.txt"",""layer_id"":""constructor"",""layer_name"":""Prosper or Perish Constructor"",""line"":174,""mod_name"":""Prosper or Perish Constructor"",""mode"":""TRY_INJECT""}]"
rgo_gems,,gems,1.0,[],[],false,laborers,1.0,generated_rgo,,,,0.0,1.0,4.0,0.0,4.0,,[],1.0,1.0,/home/jan/development/ProsperOrPerishConstructor/mod/Prosper or Perish (Population Growth & Food Rework)/in_game/common/goods/pp_goods_adjustments.txt,170,constructor,Prosper or Perish Constructor,TRY_INJECT,"[{""file"":""/mnt/c/Games/steamapps/common/Europa Universalis V/game/in_game/common/goods/00_raw_materials.txt"",""layer_id"":""vanilla"",""layer_name"":""Vanilla"",""line"":394,""mod_name"":null,""mode"":""CREATE""},{""file"":""/home/jan/development/ProsperOrPerishConstructor/mod/Prosper or Perish (Population Growth & Food Rework)/in_game/common/goods/pp_goods_adjustments.txt"",""layer_id"":""constructor"",""layer_name"":""Prosper or Perish Constructor"",""line"":170,""mod_name"":""Prosper or Perish Constructor"",""mode"":""TRY_INJECT""}]"
rgo_pearls,,pearls,1.0,[],[],false,laborers,1.0,generated_rgo,,,,0.0,1.0,4.0,0.0,4.0,,[],1.0,1.0,/home/jan/development/ProsperOrPerishConstructor/mod/Prosper or Perish (Population Growth & Food Rework)/in_game/common/goods/pp_goods_adjustments.txt,243,constructor,Prosper or Perish Constructor,TRY_INJECT,"[{""file"":""/mnt/c/Games/steamapps/common/Europa Universalis V/game/in_game/common/goods/00_raw_materials.txt"",""layer_id"":""vanilla"",""layer_name"":""Vanilla"",""line"":414,""mod_name"":null,""mode"":""CREATE""},{""file"":""/home/jan/development/ProsperOrPerishConstructor/mod/Prosper or Perish (Population Growth & Food Rework)/in_game/common/goods/pp_goods_adjustments.txt"",""layer_id"":""constructor"",""layer_name"":""Prosper or Perish Constructor"",""line"":243,""mod_name"":""Prosper or Perish Constructor"",""mode"":""TRY_INJECT""}]"
rgo_amber,,amber,1.0,[],[],false,laborers,1.0,generated_rgo,,,,0.0,1.0,4.0,0.0,4.0,,[],1.0,1.0,/home/jan/development/ProsperOrPerishConstructor/mod/Prosper or Perish (Population Growth & Food Rework)/in_game/common/goods/pp_goods_adjustments.txt,227,constructor,Prosper or Perish Constructor,TRY_INJECT,"[{""file"":""/mnt/c/Games/steamapps/common/Europa Universalis V/game/in_game/common/goods/00_raw_materials.txt"",""layer_id"":""vanilla"",""layer_name"":""Vanilla"",""line"":437,""mod_name"":null,""mode"":""CREATE""},{""file"":""/home/jan/development/ProsperOrPerishConstructor/mod/Prosper or Perish (Population Growth & Food Rework)/in_game/common/goods/pp_goods_adjustments.txt"",""layer_id"":""constructor"",""layer_name"":""Prosper or Perish Constructor"",""line"":227,""mod_name"":""Prosper or Perish Constructor"",""mode"":""TRY_INJECT""}]"
rgo_saltpeter,,saltpeter,1.0,[],[],false,laborers,1.0,generated_rgo,,,,0.0,1.0,2.0,0.0,2.0,,[],1.0,1.0,/home/jan/development/ProsperOrPerishConstructor/mod/Prosper or Perish (Population Growth & Food Rework)/in_game/common/goods/pp_goods_adjustments.txt,153,constructor,Prosper or Perish Constructor,TRY_INJECT,"[{""file"":""/mnt/c/Games/steamapps/common/Europa Universalis V/game/in_game/common/goods/00_raw_materials.txt"",""layer_id"":""vanilla"",""layer_name"":""Vanilla"",""line"":462,""mod_name"":null,""mode"":""CREATE""},{""file"":""/home/jan/development/ProsperOrPerishConstructor/mod/Prosper or Perish (Population Growth & Food Rework)/in_game/common/goods/pp_goods_adjustments.txt"",""layer_id"":""constructor"",""layer_name"":""Prosper or Perish Constructor"",""line"":153,""mod_name"":""Prosper or Perish Constructor"",""mode"":""TRY_INJECT""}]"
rgo_alum,,alum,1.0,[],[],false,laborers,1.0,generated_rgo,,,,0.0,1.0,3.0,0.0,3.0,,[],1.0,1.0,/home/jan/development/ProsperOrPerishConstructor/mod/Prosper or Perish (Population Growth & Food Rework)/in_game/common/goods/pp_goods_adjustments.txt,181,constructor,Prosper or Perish Constructor,TRY_INJECT,"[{""file"":""/mnt/c/Games/steamapps/common/Europa Universalis V/game/in_game/common/goods/00_raw_materials.txt"",""layer_id"":""vanilla"",""layer_name"":""Vanilla"",""line"":470,""mod_name"":null,""mode"":""CREATE""},{""file"":""/home/jan/development/ProsperOrPerishConstructor/mod/Prosper or Perish (Population Growth & Food Rework)/in_game/common/goods/pp_goods_adjustments.txt"",""layer_id"":""constructor"",""layer_name"":""Prosper or Perish Constructor"",""line"":181,""mod_name"":""Prosper or Perish Constructor"",""mode"":""TRY_INJECT""}]"
rgo_wine,,wine,1.0,[],[],false,laborers,1.0,generated_rgo,,,,0.0,1.0,2.0,0.0,2.0,,[],1.0,1.0,/home/jan/development/ProsperOrPerishConstructor/mod/Prosper or Perish (Population Growth & Food Rework)/in_game/common/goods/pp_goods_adjustments.txt,131,constructor,Prosper or Perish Constructor,TRY_INJECT,"[{""file"":""/mnt/c/Games/steamapps/common/Europa Universalis V/game/in_game/common/goods/00_raw_materials.txt"",""layer_id"":""vanilla"",""layer_name"":""Vanilla"",""line"":477,""mod_name"":null,""mode"":""CREATE""},{""file"":""/home/jan/development/ProsperOrPerishConstructor/mod/Prosper or Perish (Population Growth & Food Rework)/in_game/common/goods/pp_goods_adjustments.txt"",""layer_id"":""constructor"",""layer_name"":""Prosper or Perish Constructor"",""line"":131,""mod_name"":""Prosper or Perish Constructor"",""mode"":""TRY_INJECT""}]"
rgo_elephants,,elephants,1.0,[],[],false,laborers,1.0,generated_rgo,,,,0.0,1.0,5.0,0.0,5.0,,[],1.0,1.0,/home/jan/development/ProsperOrPerishConstructor/mod/Prosper or Perish (Population Growth & Food Rework)/in_game/common/goods/pp_goods_adjustments.txt,240,constructor,Prosper or Perish Constructor,TRY_INJECT,"[{""file"":""/mnt/c/Games/steamapps/common/Europa Universalis V/game/in_game/common/goods/00_raw_materials.txt"",""layer_id"":""vanilla"",""layer_name"":""Vanilla"",""line"":506,""mod_name"":null,""mode"":""CREATE""},{""file"":""/home/jan/development/ProsperOrPerishConstructor/mod/Prosper or Perish (Population Growth & Food Rework)/in_game/common/goods/pp_goods_adjustments.txt"",""layer_id"":""constructor"",""layer_name"":""Prosper or Perish Constructor"",""line"":240,""mod_name"":""Prosper or Perish Constructor"",""mode"":""TRY_INJECT""}]"
rgo_marble,,marble,1.0,[],[],false,laborers,1.0,generated_rgo,,,,0.0,1.0,5.0,0.0,5.0,,[],1.0,1.0,/home/jan/development/ProsperOrPerishConstructor/mod/Prosper or Perish (Population Growth & Food Rework)/in_game/common/goods/pp_goods_adjustments.txt,206,constructor,Prosper or Perish Constructor,TRY_INJECT,"[{""file"":""/mnt/c/Games/steamapps/common/Europa Universalis V/game/in_game/common/goods/00_raw_materials.txt"",""layer_id"":""vanilla"",""layer_name"":""Vanilla"",""line"":525,""mod_name"":null,""mode"":""CREATE""},{""file"":""/home/jan/development/ProsperOrPerishConstructor/mod/Prosper or Perish (Population Growth & Food Rework)/in_game/common/goods/pp_goods_adjustments.txt"",""layer_id"":""constructor"",""layer_name"":""Prosper or Perish Constructor"",""line"":206,""mod_name"":""Prosper or Perish Constructor"",""mode"":""TRY_INJECT""}]"
rgo_mercury,,mercury,1.0,[],[],false,laborers,1.0,generated_rgo,,,,0.0,1.0,3.0,0.0,3.0,,[],1.0,1.0,/home/jan/development/ProsperOrPerishConstructor/mod/Prosper or Perish (Population Growth & Food Rework)/in_game/common/goods/pp_goods_adjustments.txt,209,constructor,Prosper or Perish Constructor,TRY_INJECT,"[{""file"":""/mnt/c/Games/steamapps/common/Europa Universalis V/game/in_game/common/goods/00_raw_materials.txt"",""layer_id"":""vanilla"",""layer_name"":""Vanilla"",""line"":544,""mod_name"":null,""mode"":""CREATE""},{""file"":""/home/jan/development/ProsperOrPerishConstructor/mod/Prosper or Perish (Population Growth & Food Rework)/in_game/common/goods/pp_goods_adjustments.txt"",""layer_id"":""constructor"",""layer_name"":""Prosper or Perish Constructor"",""line"":209,""mod_name"":""Prosper or Perish Constructor"",""mode"":""TRY_INJECT""}]"
rgo_saffron,,saffron,1.0,[],[],false,laborers,1.0,generated_rgo,,,,0.0,1.0,5.0,0.0,5.0,,[],1.0,1.0,/home/jan/development/ProsperOrPerishConstructor/mod/Prosper or Perish (Population Growth & Food Rework)/in_game/common/goods/pp_goods_adjustments.txt,71,constructor,Prosper or Perish Constructor,TRY_INJECT,"[{""file"":""/mnt/c/Games/steamapps/common/Europa Universalis V/game/in_game/common/goods/00_raw_materials.txt"",""layer_id"":""vanilla"",""layer_name"":""Vanilla"",""line"":564,""mod_name"":null,""mode"":""CREATE""},{""file"":""/home/jan/development/ProsperOrPerishConstructor/mod/Prosper or Perish (Population Growth & Food Rework)/in_game/common/goods/pp_goods_adjustments.txt"",""layer_id"":""constructor"",""layer_name"":""Prosper or Perish Constructor"",""line"":71,""mod_name"":""Prosper or Perish Constructor"",""mode"":""TRY_INJECT""}]"
rgo_pepper,,pepper,1.0,[],[],false,laborers,1.0,generated_rgo,,,,0.0,1.0,5.0,0.0,5.0,,[],1.0,1.0,/home/jan/development/ProsperOrPerishConstructor/mod/Prosper or Perish (Population Growth & Food Rework)/in_game/common/goods/pp_goods_adjustments.txt,63,constructor,Prosper or Perish Constructor,TRY_INJECT,"[{""file"":""/mnt/c/Games/steamapps/common/Europa Universalis V/game/in_game/common/goods/00_raw_materials.txt"",""layer_id"":""vanilla"",""layer_name"":""Vanilla"",""line"":585,""mod_name"":null,""mode"":""CREATE""},{""file"":""/home/jan/development/ProsperOrPerishConstructor/mod/Prosper or Perish (Population Growth & Food Rework)/in_game/common/goods/pp_goods_adjustments.txt"",""layer_id"":""constructor"",""layer_name"":""Prosper or Perish Constructor"",""line"":63,""mod_name"":""Prosper or Perish Constructor"",""mode"":""TRY_INJECT""}]"
rgo_cloves,,cloves,1.0,[],[],false,laborers,1.0,generated_rgo,,,,0.0,1.0,5.0,0.0,5.0,,[],1.0,1.0,/home/jan/development/ProsperOrPerishConstructor/mod/Prosper or Perish (Population Growth & Food Rework)/in_game/common/goods/pp_goods_adjustments.txt,230,constructor,Prosper or Perish Constructor,TRY_INJECT,"[{""file"":""/mnt/c/Games/steamapps/common/Europa Universalis V/game/in_game/common/goods/00_raw_materials.txt"",""layer_id"":""vanilla"",""layer_name"":""Vanilla"",""line"":608,""mod_name"":null,""mode"":""CREATE""},{""file"":""/home/jan/development/ProsperOrPerishConstructor/mod/Prosper or Perish (Population Growth & Food Rework)/in_game/common/goods/pp_goods_adjustments.txt"",""layer_id"":""constructor"",""layer_name"":""Prosper or Perish Constructor"",""line"":230,""mod_name"":""Prosper or Perish Constructor"",""mode"":""TRY_INJECT""}]"
rgo_chili,,chili,1.0,[],[],false,laborers,1.0,generated_rgo,,,,0.0,1.0,5.0,0.0,5.0,,[],1.0,1.0,/home/jan/development/ProsperOrPerishConstructor/mod/Prosper or Perish (Population Growth & Food Rework)/in_game/common/goods/pp_goods_adjustments.txt,75,constructor,Prosper or Perish Constructor,TRY_INJECT,"[{""file"":""/mnt/c/Games/steamapps/common/Europa Universalis V/game/in_game/common/goods/00_raw_materials.txt"",""layer_id"":""vanilla"",""layer_name"":""Vanilla"",""line"":628,""mod_name"":null,""mode"":""CREATE""},{""file"":""/home/jan/development/ProsperOrPerishConstructor/mod/Prosper or Perish (Population Growth & Food Rework)/in_game/common/goods/pp_goods_adjustments.txt"",""layer_id"":""constructor"",""layer_name"":""Prosper or Perish Constructor"",""line"":75,""mod_name"":""Prosper or Perish Constructor"",""mode"":""TRY_INJECT""}]"
rgo_wool,,wool,1.0,[],[],false,laborers,1.0,generated_rgo,,,,0.0,1.0,2.5,0.0,2.5,,[],1.0,1.0,/home/jan/development/ProsperOrPerishConstructor/mod/Prosper or Perish (Population Growth & Food Rework)/in_game/common/goods/pp_goods_adjustments.txt,3,constructor,Prosper or Perish Constructor,TRY_INJECT,"[{""file"":""/mnt/c/Games/steamapps/common/Europa Universalis V/game/in_game/common/goods/00_raw_materials.txt"",""layer_id"":""vanilla"",""layer_name"":""Vanilla"",""line"":651,""mod_name"":null,""mode"":""CREATE""},{""file"":""/home/jan/development/ProsperOrPerishConstructor/mod/Prosper or Perish (Population Growth & Food Rework)/in_game/common/goods/pp_goods_adjustments.txt"",""layer_id"":""constructor"",""layer_name"":""Prosper or Perish Constructor"",""line"":3,""mod_name"":""Prosper or Perish Constructor"",""mode"":""TRY_INJECT""}]"
rgo_cotton,,cotton,1.0,[],[],false,laborers,1.0,generated_rgo,,,,0.0,1.0,3.0,0.0,3.0,,[],1.0,1.0,/home/jan/development/ProsperOrPerishConstructor/mod/Prosper or Perish (Population Growth & Food Rework)/in_game/common/goods/pp_goods_adjustments.txt,190,constructor,Prosper or Perish Constructor,TRY_INJECT,"[{""file"":""/mnt/c/Games/steamapps/common/Europa Universalis V/game/in_game/common/goods/01_plantation_goods.txt"",""layer_id"":""vanilla"",""layer_name"":""Vanilla"",""line"":1,""mod_name"":null,""mode"":""CREATE""},{""file"":""/home/jan/development/ProsperOrPerishConstructor/mod/Prosper or Perish (Population Growth & Food Rework)/in_game/common/goods/pp_goods_adjustments.txt"",""layer_id"":""constructor"",""layer_name"":""Prosper or Perish Constructor"",""line"":190,""mod_name"":""Prosper or Perish Constructor"",""mode"":""TRY_INJECT""}]"
rgo_sugar,,sugar,1.0,[],[],false,laborers,1.0,generated_rgo,,,,0.0,1.0,3.0,0.0,3.0,,[],1.0,1.0,/home/jan/development/ProsperOrPerishConstructor/mod/Prosper or Perish (Population Growth & Food Rework)/in_game/common/goods/pp_goods_adjustments.txt,218,constructor,Prosper or Perish Constructor,TRY_INJECT,"[{""file"":""/mnt/c/Games/steamapps/common/Europa Universalis V/game/in_game/common/goods/01_plantation_goods.txt"",""layer_id"":""vanilla"",""layer_name"":""Vanilla"",""line"":12,""mod_name"":null,""mode"":""CREATE""},{""file"":""/home/jan/development/ProsperOrPerishConstructor/mod/Prosper or Perish (Population Growth & Food Rework)/in_game/common/goods/pp_goods_adjustments.txt"",""layer_id"":""constructor"",""layer_name"":""Prosper or Perish Constructor"",""line"":218,""mod_name"":""Prosper or Perish Constructor"",""mode"":""TRY_INJECT""}]"
rgo_tobacco,,tobacco,1.0,[],[],false,laborers,1.0,generated_rgo,,,,0.0,1.0,3.0,0.0,3.0,,[],1.0,1.0,/home/jan/development/ProsperOrPerishConstructor/mod/Prosper or Perish (Population Growth & Food Rework)/in_game/common/goods/pp_goods_adjustments.txt,224,constructor,Prosper or Perish Constructor,TRY_INJECT,"[{""file"":""/mnt/c/Games/steamapps/common/Europa Universalis V/game/in_game/common/goods/01_plantation_goods.txt"",""layer_id"":""vanilla"",""layer_name"":""Vanilla"",""line"":30,""mod_name"":null,""mode"":""CREATE""},{""file"":""/home/jan/development/ProsperOrPerishConstructor/mod/Prosper or Perish (Population Growth & Food Rework)/in_game/common/goods/pp_goods_adjustments.txt"",""layer_id"":""constructor"",""layer_name"":""Prosper or Perish Constructor"",""line"":224,""mod_name"":""Prosper or Perish Constructor"",""mode"":""TRY_INJECT""}]"
rgo_wild_game,,wild_game,1.0,[],[],false,laborers,1.0,generated_rgo,,,,0.0,1.0,1.0,0.0,1.0,,[],1.0,1.0,/home/jan/development/ProsperOrPerishConstructor/mod/Prosper or Perish (Population Growth & Food Rework)/in_game/common/goods/pp_goods_adjustments.txt,7,constructor,Prosper or Perish Constructor,TRY_INJECT,"[{""file"":""/mnt/c/Games/steamapps/common/Europa Universalis V/game/in_game/common/goods/03_food.txt"",""layer_id"":""vanilla"",""layer_name"":""Vanilla"",""line"":3,""mod_name"":null,""mode"":""CREATE""},{""file"":""/home/jan/development/ProsperOrPerishConstructor/mod/Prosper or Perish (Population Growth & Food Rework)/in_game/common/goods/pp_goods_adjustments.txt"",""layer_id"":""constructor"",""layer_name"":""Prosper or Perish Constructor"",""line"":7,""mod_name"":""Prosper or Perish Constructor"",""mode"":""TRY_INJECT""}]"
rgo_fur,,fur,1.0,[],[],false,laborers,1.0,generated_rgo,,,,0.0,1.0,2.0,0.0,2.0,,[],1.0,1.0,/home/jan/development/ProsperOrPerishConstructor/mod/Prosper or Perish (Population Growth & Food Rework)/in_game/common/goods/pp_goods_adjustments.txt,11,constructor,Prosper or Perish Constructor,TRY_INJECT,"[{""file"":""/mnt/c/Games/steamapps/common/Europa Universalis V/game/in_game/common/goods/03_food.txt"",""layer_id"":""vanilla"",""layer_name"":""Vanilla"",""line"":24,""mod_name"":null,""mode"":""CREATE""},{""file"":""/home/jan/development/ProsperOrPerishConstructor/mod/Prosper or Perish (Population Growth & Food Rework)/in_game/common/goods/pp_goods_adjustments.txt"",""layer_id"":""constructor"",""layer_name"":""Prosper or Perish Constructor"",""line"":11,""mod_name"":""Prosper or Perish Constructor"",""mode"":""TRY_INJECT""}]"
rgo_fish,,fish,1.0,[],[],false,laborers,1.0,generated_rgo,,,,0.0,1.0,1.0,0.0,1.0,,[],1.0,1.0,/home/jan/development/ProsperOrPerishConstructor/mod/Prosper or Perish (Population Growth & Food Rework)/in_game/common/goods/pp_goods_adjustments.txt,15,constructor,Prosper or Perish Constructor,TRY_INJECT,"[{""file"":""/mnt/c/Games/steamapps/common/Europa Universalis V/game/in_game/common/goods/03_food.txt"",""layer_id"":""vanilla"",""layer_name"":""Vanilla"",""line"":56,""mod_name"":null,""mode"":""CREATE""},{""file"":""/home/jan/development/ProsperOrPerishConstructor/mod/Prosper or Perish (Population Growth & Food Rework)/in_game/common/goods/pp_goods_adjustments.txt"",""layer_id"":""constructor"",""layer_name"":""Prosper or Perish Constructor"",""line"":15,""mod_name"":""Prosper or Perish Constructor"",""mode"":""TRY_INJECT""}]"
rgo_wheat,,wheat,1.0,[],[],false,laborers,1.0,generated_rgo,,,,0.0,1.0,1.0,0.0,1.0,,[],1.0,1.0,/home/jan/development/ProsperOrPerishConstructor/mod/Prosper or Perish (Population Growth & Food Rework)/in_game/common/goods/pp_goods_adjustments.txt,19,constructor,Prosper or Perish Constructor,TRY_INJECT,"[{""file"":""/mnt/c/Games/steamapps/common/Europa Universalis V/game/in_game/common/goods/03_food.txt"",""layer_id"":""vanilla"",""layer_name"":""Vanilla"",""line"":76,""mod_name"":null,""mode"":""CREATE""},{""file"":""/home/jan/development/ProsperOrPerishConstructor/mod/Prosper or Perish (Population Growth & Food Rework)/in_game/common/goods/pp_goods_adjustments.txt"",""layer_id"":""constructor"",""layer_name"":""Prosper or Perish Constructor"",""line"":19,""mod_name"":""Prosper or Perish Constructor"",""mode"":""TRY_INJECT""}]"
rgo_maize,,maize,1.0,[],[],false,laborers,1.0,generated_rgo,,,,0.0,1.0,1.0,0.0,1.0,,[],1.0,1.0,/home/jan/development/ProsperOrPerishConstructor/mod/Prosper or Perish (Population Growth & Food Rework)/in_game/common/goods/pp_goods_adjustments.txt,23,constructor,Prosper or Perish Constructor,TRY_INJECT,"[{""file"":""/mnt/c/Games/steamapps/common/Europa Universalis V/game/in_game/common/goods/03_food.txt"",""layer_id"":""vanilla"",""layer_name"":""Vanilla"",""line"":109,""mod_name"":null,""mode"":""CREATE""},{""file"":""/home/jan/development/ProsperOrPerishConstructor/mod/Prosper or Perish (Population Growth & Food Rework)/in_game/common/goods/pp_goods_adjustments.txt"",""layer_id"":""constructor"",""layer_name"":""Prosper or Perish Constructor"",""line"":23,""mod_name"":""Prosper or Perish Constructor"",""mode"":""TRY_INJECT""}]"
rgo_rice,,rice,1.0,[],[],false,laborers,1.0,generated_rgo,,,,0.0,1.0,1.0,0.0,1.0,,[],1.0,1.0,/home/jan/development/ProsperOrPerishConstructor/mod/Prosper or Perish (Population Growth & Food Rework)/in_game/common/goods/pp_goods_adjustments.txt,27,constructor,Prosper or Perish Constructor,TRY_INJECT,"[{""file"":""/mnt/c/Games/steamapps/common/Europa Universalis V/game/in_game/common/goods/03_food.txt"",""layer_id"":""vanilla"",""layer_name"":""Vanilla"",""line"":131,""mod_name"":null,""mode"":""CREATE""},{""file"":""/home/jan/development/ProsperOrPerishConstructor/mod/Prosper or Perish (Population Growth & Food Rework)/in_game/common/goods/pp_goods_adjustments.txt"",""layer_id"":""constructor"",""layer_name"":""Prosper or Perish Constructor"",""line"":27,""mod_name"":""Prosper or Perish Constructor"",""mode"":""TRY_INJECT""}]"
rgo_millet,,millet,1.0,[],[],false,laborers,1.0,generated_rgo,,,,0.0,1.0,1.0,0.0,1.0,,[],1.0,1.0,/home/jan/development/ProsperOrPerishConstructor/mod/Prosper or Perish (Population Growth & Food Rework)/in_game/common/goods/pp_goods_adjustments.txt,31,constructor,Prosper or Perish Constructor,TRY_INJECT,"[{""file"":""/mnt/c/Games/steamapps/common/Europa Universalis V/game/in_game/common/goods/03_food.txt"",""layer_id"":""vanilla"",""layer_name"":""Vanilla"",""line"":158,""mod_name"":null,""mode"":""CREATE""},{""file"":""/home/jan/development/ProsperOrPerishConstructor/mod/Prosper or Perish (Population Growth & Food Rework)/in_game/common/goods/pp_goods_adjustments.txt"",""layer_id"":""constructor"",""layer_name"":""Prosper or Perish Constructor"",""line"":31,""mod_name"":""Prosper or Perish Constructor"",""mode"":""TRY_INJECT""}]"
rgo_legumes,,legumes,1.0,[],[],false,laborers,1.0,generated_rgo,,,,0.0,1.0,1.0,0.0,1.0,,[],1.0,1.0,/home/jan/development/ProsperOrPerishConstructor/mod/Prosper or Perish (Population Growth & Food Rework)/in_game/common/goods/pp_goods_adjustments.txt,35,constructor,Prosper or Perish Constructor,TRY_INJECT,"[{""file"":""/mnt/c/Games/steamapps/common/Europa Universalis V/game/in_game/common/goods/03_food.txt"",""layer_id"":""vanilla"",""layer_name"":""Vanilla"",""line"":184,""mod_name"":null,""mode"":""CREATE""},{""file"":""/home/jan/development/ProsperOrPerishConstructor/mod/Prosper or Perish (Population Growth & Food Rework)/in_game/common/goods/pp_goods_adjustments.txt"",""layer_id"":""constructor"",""layer_name"":""Prosper or Perish Constructor"",""line"":35,""mod_name"":""Prosper or Perish Constructor"",""mode"":""TRY_INJECT""}]"
rgo_potato,,potato,1.0,[],[],false,laborers,1.0,generated_rgo,,,,0.0,1.0,1.0,0.0,1.0,,[],1.0,1.0,/home/jan/development/ProsperOrPerishConstructor/mod/Prosper or Perish (Population Growth & Food Rework)/in_game/common/goods/pp_goods_adjustments.txt,40,constructor,Prosper or Perish Constructor,TRY_INJECT,"[{""file"":""/mnt/c/Games/steamapps/common/Europa Universalis V/game/in_game/common/goods/03_food.txt"",""layer_id"":""vanilla"",""layer_name"":""Vanilla"",""line"":204,""mod_name"":null,""mode"":""CREATE""},{""file"":""/home/jan/development/ProsperOrPerishConstructor/mod/Prosper or Perish (Population Growth & Food Rework)/in_game/common/goods/pp_goods_adjustments.txt"",""layer_id"":""constructor"",""layer_name"":""Prosper or Perish Constructor"",""line"":40,""mod_name"":""Prosper or Perish Constructor"",""mode"":""TRY_INJECT""}]"
rgo_livestock,,livestock,1.0,[],[],false,laborers,1.0,generated_rgo,,,,0.0,1.0,1.5,0.0,1.5,,[],1.0,1.0,/home/jan/development/ProsperOrPerishConstructor/mod/Prosper or Perish (Population Growth & Food Rework)/in_game/common/goods/pp_goods_adjustments.txt,44,constructor,Prosper or Perish Constructor,TRY_INJECT,"[{""file"":""/mnt/c/Games/steamapps/common/Europa Universalis V/game/in_game/common/goods/03_food.txt"",""layer_id"":""vanilla"",""layer_name"":""Vanilla"",""line"":224,""mod_name"":null,""mode"":""CREATE""},{""file"":""/home/jan/development/ProsperOrPerishConstructor/mod/Prosper or Perish (Population Growth & Food Rework)/in_game/common/goods/pp_goods_adjustments.txt"",""layer_id"":""constructor"",""layer_name"":""Prosper or Perish Constructor"",""line"":44,""mod_name"":""Prosper or Perish Constructor"",""mode"":""TRY_INJECT""}]"
rgo_olives,,olives,1.0,[],[],false,laborers,1.0,generated_rgo,,,,0.0,1.0,1.0,0.0,1.0,,[],1.0,1.0,/home/jan/development/ProsperOrPerishConstructor/mod/Prosper or Perish (Population Growth & Food Rework)/in_game/common/goods/pp_goods_adjustments.txt,48,constructor,Prosper or Perish Constructor,TRY_INJECT,"[{""file"":""/mnt/c/Games/steamapps/common/Europa Universalis V/game/in_game/common/goods/03_food.txt"",""layer_id"":""vanilla"",""layer_name"":""Vanilla"",""line"":257,""mod_name"":null,""mode"":""CREATE""},{""file"":""/home/jan/development/ProsperOrPerishConstructor/mod/Prosper or Perish (Population Growth & Food Rework)/in_game/common/goods/pp_goods_adjustments.txt"",""layer_id"":""constructor"",""layer_name"":""Prosper or Perish Constructor"",""line"":48,""mod_name"":""Prosper or Perish Constructor"",""mode"":""TRY_INJECT""}]"
rgo_fruit,,fruit,1.0,[],[],false,laborers,1.0,generated_rgo,,,,0.0,1.0,1.0,0.0,1.0,,[],1.0,1.0,/home/jan/development/ProsperOrPerishConstructor/mod/Prosper or Perish (Population Growth & Food Rework)/in_game/common/goods/pp_goods_adjustments.txt,52,constructor,Prosper or Perish Constructor,TRY_INJECT,"[{""file"":""/mnt/c/Games/steamapps/common/Europa Universalis V/game/in_game/common/goods/03_food.txt"",""layer_id"":""vanilla"",""layer_name"":""Vanilla"",""line"":280,""mod_name"":null,""mode"":""CREATE""},{""file"":""/home/jan/development/ProsperOrPerishConstructor/mod/Prosper or Perish (Population Growth & Food Rework)/in_game/common/goods/pp_goods_adjustments.txt"",""layer_id"":""constructor"",""layer_name"":""Prosper or Perish Constructor"",""line"":52,""mod_name"":""Prosper or Perish Constructor"",""mode"":""TRY_INJECT""}]"
rgo_beeswax,,beeswax,1.0,[],[],false,laborers,1.0,generated_rgo,,,,0.0,1.0,2.0,0.0,2.0,,[],1.0,1.0,/home/jan/development/ProsperOrPerishConstructor/mod/Prosper or Perish (Population Growth & Food Rework)/in_game/common/goods/pp_goods_adjustments.txt,56,constructor,Prosper or Perish Constructor,TRY_INJECT,"[{""file"":""/mnt/c/Games/steamapps/common/Europa Universalis V/game/in_game/common/goods/03_food.txt"",""layer_id"":""vanilla"",""layer_name"":""Vanilla"",""line"":307,""mod_name"":null,""mode"":""CREATE""},{""file"":""/home/jan/development/ProsperOrPerishConstructor/mod/Prosper or Perish (Population Growth & Food Rework)/in_game/common/goods/pp_goods_adjustments.txt"",""layer_id"":""constructor"",""layer_name"":""Prosper or Perish Constructor"",""line"":56,""mod_name"":""Prosper or Perish Constructor"",""mode"":""TRY_INJECT""}]"
