global_rank,province,macro_region,location_count,maximum_irrigation_capacity_people,maximum_land_improvement_capacity_people,maximum_infrastructure_capacity_people,maximum_population_capacity_development_100_people
1,guenoa_province,south_america,9,174595.3247583008,21769317.52988728,21943912.85464558,25025526.961476278
2,upper_tocantins_province,south_america,11,362577.98585767555,14855901.787969552,15218479.773827227,17349164.74555563
3,ibera_province,south_america,11,279149.4810561609,12735123.767395027,13014273.248451188,14852557.404507587
4,upper_araguaia_province,south_america,10,173981.25193164457,11806781.198651122,11980762.450582767,13654982.756905612
5,bomokandi_province,central_africa,4,85842.70227385819,10593513.441226956,10679356.143500816,12226900.661438417
6,bena_province,central_africa,11,126276.90866134103,10202154.642779034,10328431.551440375,12148235.495370422
7,araguaia_province,south_america,11,347680.2861888135,9986635.504687335,10334315.790876148,11797105.264735667
8,kwango_province,central_africa,10,155038.27206242527,9338694.623221412,9493732.895283839,11175449.507194318
9,iowa_province,north_america,4,9573.677952926153,9455088.790216334,9464662.46816926,10773745.276690418
10,boali_province,central_africa,4,124110.71008029467,8237986.341077121,8362097.051157416,9604234.182552092
11,hia_ced_oodham_province,north_america,8,8127059.713030048,0.0,8127059.713030048,9360067.177158803
12,juruena_province,south_america,7,29139.877108102137,7991155.447005557,8020295.324113659,9129707.239627866
13,tacuru_province,south_america,10,273.5174276789169,7919584.571637458,7919858.089065136,9093215.35019828
14,bois_province,south_america,9,40329.29131946675,7639781.51398853,7680110.805307997,8797624.655971497
15,ji_parana_province,south_america,12,13540.120533185927,7509822.228311474,7523362.34884466,8612282.642450243
16,akimel_oodham_province,north_america,10,7079330.126290047,0.0,7079330.126290047,8608871.392076302
17,paraguay_province,south_america,15,62284.404317121705,7225151.102693652,7287435.507010773,8523489.94538712
18,kassai_province,central_africa,8,197126.92343087326,7031208.309821833,7228335.233252706,8416502.137409294
19,nodaway_province,north_america,3,4321.583303464855,7233825.802005296,7238147.38530876,8255415.808472355
20,peoria_province,north_america,5,9204.355672080852,7238649.475059096,7247853.830731177,8214585.559572574
21,meramec_province,north_america,7,41085.48091410231,7103238.737496004,7144324.218410106,8204989.74571137
22,apure_province,south_america,8,416762.8594645324,6696607.534036062,7113370.3935005935,8197166.692688167
23,upper_tapajos_province,south_america,6,67055.09464558914,7071927.705603393,7138982.800248981,8134855.650280105
24,luxico_province,central_africa,7,249642.53041185465,6619892.444625082,6869534.975036937,8026351.8469165545
25,cuiaba_province,south_america,7,28631.88215756108,6673499.109825946,6702130.991983508,7779522.365981447
26,mamore_province,south_america,11,118628.91113743054,6511200.349930994,6629829.261068424,7725182.9187019775
27,tocantins_province,south_america,9,207842.84050566834,6317024.836502094,6524867.677007762,7490101.136633732
28,ibicui_province,south_america,6,151697.20618183655,6264128.322979983,6415825.52916182,7333678.7203070475
29,matagalpa_province,north_america,7,25028.68022407014,6133267.6344177965,6158296.314641867,7232958.353972101
30,kadey_province,central_africa,4,41224.62952506807,6206524.059827669,6247748.689352736,7165967.275521828
31,suma_province,north_america,8,5935376.664800457,0.0,5935376.664800457,7164423.747900514
32,la_plata_province,south_america,12,744237.0405434463,5147861.269906227,5892098.310449673,6943610.599255882
33,tamaroa_province,north_america,5,39140.23225095779,5811527.683034304,5850667.915285261,6838501.404695919
34,djemah_province,central_africa,3,202296.4534242399,5690988.139557442,5893284.592981681,6761570.167104391
35,cahokia_province,north_america,5,38020.04753452229,5768904.249601057,5806924.297135579,6657664.8342775265
36,lukenie_province,central_africa,8,28975.256580474976,5618959.208792064,5647934.46537254,6600301.273544107
37,mayangna_province,north_america,9,175805.97525190463,5435341.867455947,5611147.842707851,6593791.323046332
38,cameroon_plateau_province,central_africa,6,110656.22507314332,5592259.3314315025,5702915.556504645,6589030.001067726
39,kordofan_province,east_africa,10,5565869.938588465,0.0,5565869.938588465,6528228.6809120225
40,yazoo_province,north_america,5,111958.97717016948,5612299.085010013,5724258.062180182,6487040.319952705
41,barinas_province,south_america,6,309171.1845158508,5233325.798638749,5542496.9831546,6449059.106048925
42,scioto_province,north_america,6,1615.6120051918306,5587819.8005055655,5589435.412510756,6398364.839074601
43,moingwena_province,north_america,3,7559.491675917396,5592531.2137211645,5600090.705397082,6358602.043571717
44,ulindi_province,east_africa,8,214303.26635691366,4552658.562406163,4766961.828763077,6305582.057358461
45,papamane_province,south_america,8,14605.503744070338,5449879.351082889,5464484.85482696,6272420.46168033
46,yopo_province,south_america,8,68687.07879186762,5153112.601040233,5221799.679832101,6182774.6398111135
47,bandundu_province,central_africa,7,165227.30714121886,4997173.423225021,5162400.730366239,6164325.821662019
48,tanabi_province,south_america,4,4784.81521138476,5422874.179000723,5427658.994212108,6160116.368488621
49,lomami_province,central_africa,9,152240.8753417706,4964340.449043412,5116581.324385183,6056528.989933331
50,mineami_province,north_america,4,10809.231794332598,5133004.443725259,5143813.675519592,5883540.384959541
51,kuskatan_province,north_america,8,40285.083598752535,5066818.635784871,5107103.719383623,5860241.684306576
52,natchitoches_province,north_america,5,54955.22322525416,4978380.793154471,5033336.016379725,5712003.018427191
53,north_lunda_province,central_africa,6,123323.05098435016,4707026.7413350465,4830349.7923193965,5571393.516359321
54,minnetonka_province,north_america,6,2112.5823420405004,4839714.458235191,4841827.040577232,5543805.420649386
55,icabaqua_province,south_america,5,88259.41068754824,4780593.505596729,4868852.916284277,5532584.530819812
56,natahende_province,north_america,9,4601219.1196225,0.0,4601219.1196225,5530746.509575312
57,hokah_province,north_america,5,36310.39283535963,4821794.566329573,4858104.959164932,5528368.079060549
58,pokemaga_province,north_america,6,18470.47672755801,4745493.701509955,4763964.178237514,5522584.700517203
59,imabite_province,north_america,7,233397.93977474046,4061360.307439487,4294758.247214228,5414353.028116006
60,kishwaukee_province,north_america,4,6754.258854063576,4675774.971587062,4682529.230441125,5355595.384246266
61,mearim_province,south_america,9,166400.37270759552,4398911.622042882,4565311.994750477,5351975.994094287
62,upper_guapore_province,south_america,8,9224.040356782984,4525125.366991811,4534349.407348594,5343018.083267168
63,cholistan_province,south_asia,11,4059479.9578381516,0.0,4059479.9578381516,5259914.952567921
64,curuai_province,south_america,9,100482.35884376,4199238.861931546,4299721.220775306,5242186.373372219
65,chucalissa_province,north_america,4,76744.03373615765,4500025.287747842,4576769.321484,5215240.4866695
66,sanaga_province,central_africa,4,14125.221140055855,4495349.837069223,4509475.058209279,5199159.440485438
67,cochimi_province,north_america,5,4482431.687329884,0.0,4482431.687329884,5187860.64824612
68,towosaghy_province,north_america,4,105473.31112515458,4420693.667522183,4526166.978647336,5172937.850978253
69,hwalbay_province,north_america,6,4169800.089299294,0.0,4169800.089299294,5169150.1004617065
70,taquari_province,south_america,6,10038.29890343507,4374179.300270499,4384217.599173933,5166244.799070675
71,kalamazoo_province,north_america,5,22222.2248854494,4335637.507436493,4357859.732321943,5013967.198862186
72,yupangathi_province,australasia,9,16603.413474622463,4122539.3472177275,4139142.7606923496,4932160.605778893
73,wea_province,north_america,3,65.25722591636999,4292791.577629746,4292856.834855663,4866588.93921262
74,ocheyedan_province,north_america,3,9007.46588134529,4211066.066355713,4220073.532237058,4829707.72376669
75,atchakangouen_province,north_america,4,7302.863859082765,4170728.8704247065,4178031.734283789,4737410.701069263
76,yinggarda_province,australasia,7,4081731.575123189,0.0,4081731.575123189,4719073.022013588
77,chuapa_province,central_africa,5,8379.07215337921,4042846.954912037,4051226.0270654163,4647629.280448593
78,neosho_province,north_america,4,91178.65897285887,3881700.016750074,3972878.6757229324,4606738.510188299
79,uberaba_province,south_america,5,3667.485642789324,4005307.9114054716,4008975.397048261,4597847.321679293
80,northern_sindh_province,south_asia,10,3804465.150235602,0.0,3804465.150235602,4597273.294015053
81,mengakonkia_province,north_america,3,36258.0479931689,3969011.2898343,4005269.337827469,4543053.0050559025
82,east_lekumu_province,central_africa,5,50241.50020935327,3870760.575279955,3921002.075489308,4527002.334925472
83,kaskinampo_province,north_america,9,16705.466647336503,3912354.115190039,3929059.5818373756,4520317.029567048
84,pantanal_province,south_america,5,14099.483940189584,3891004.094927342,3905103.578867532,4482116.526225973
85,kinhasa_province,central_africa,9,140657.46137723353,3110028.873899016,3250686.3352762493,4474897.127185781
86,xingu_province,south_america,3,32022.886016857883,3868499.766904303,3900522.652921161,4429712.984536306
87,guwevkabaya_province,north_america,8,3499391.1817811322,0.0,3499391.1817811322,4405940.079503774
88,macuxi_province,south_america,5,9208.356383176633,3717833.91526742,3727042.2716505965,4335797.555606921
89,mamullmapu_province,south_america,10,3645849.9941419335,0.0,3645849.9941419335,4333331.243409676
90,pindare_province,south_america,7,82617.85292223973,3621405.4396198727,3704023.292542112,4324526.204109876
91,sanjiang_province,east_asia,5,34601.6565474622,3725946.8401200175,3760548.49666748,4319492.058750915
92,wapinippi_province,north_america,3,1705.3327173283633,3784726.5867088214,3786431.9194261497,4299110.9093544185
93,mudan_province,east_asia,6,1019.8439292994539,3658160.4077778235,3659180.251707123,4198702.783170514
94,sandusky_province,north_america,4,18601.281117202085,3639254.2072573327,3657855.488374535,4180337.424421352
95,nandeva_province,south_america,6,21557.378697164615,3582925.4881422045,3604482.8668393693,4167543.2251942903
96,kentucky_province,north_america,4,5688.651207030004,3599952.794339743,3605641.4455467733,4144096.62624012
97,kanawha_province,north_america,9,815.1840481733204,3574384.7413776238,3575199.925425797,4122224.9161040215
98,cameroon_ridge_province,central_africa,6,126392.55129490187,3304841.7014251314,3431234.2527200337,4064888.534310038
99,north_moxico_province,central_africa,16,344544.4881745885,2142503.1306925253,2487047.6188671137,4043303.5712255035
100,natchez_province,north_america,3,26310.1792714314,3511657.2564709918,3537967.435742423,4019588.365210226
101,upper_songhua_province,east_asia,6,2978.718181963367,3470452.6193692368,3473431.3375512003,3999860.2547451
102,pacaha_province,north_america,3,267281.51424308855,3226028.8147896184,3493310.329032707,3971599.1201617955
103,derajat_province,south_asia,12,2942737.532472558,0.0,2942737.532472558,3922579.7240316276
104,mendota_province,north_america,3,2504.3745696122514,3400333.878012959,3402838.2525825715,3875443.0341553926
105,checagou_province,north_america,3,15869.454036421037,3293946.955172228,3309816.4092086493,3850668.4603597303
106,coyaima_province,south_america,7,27132.671805428483,3033532.5307170283,3060665.202522457,3847123.352837764
107,umbindhamu_province,australasia,9,0.0,2930098.900634302,2930098.900634302,3839736.26321359
108,south_darfur_province,east_africa,7,3112876.9545400464,0.0,3112876.9545400464,3809111.5738575524
109,dadi_dadi_province,australasia,9,3045951.199795926,0.0,3045951.199795926,3796820.099770417
110,mitchigamea_province,north_america,3,66135.22391519521,3276172.684122077,3342307.9080372723,3796096.3965419317
111,tahejoc_province,north_america,8,3019197.184016723,0.0,3019197.184016723,3792596.8320188136
112,meskousing_province,north_america,4,12269.153840644387,3318586.809821528,3330855.9636621727,3784337.959119944
113,lewekomi_province,north_america,3,14076.441902269997,3268066.381016676,3282142.822918946,3773410.675783814
114,suchiimma_province,south_america,10,485387.15454655414,2588999.1758682774,3074386.3304148316,3771434.6217166856
115,hulan_province,east_asia,5,10681.615812999815,3153556.156695596,3164237.772508596,3735267.49407217
116,lower_bureya_province,east_asia,7,3446.8686446353217,3179665.1112039844,3183111.9798486196,3713750.9773296975
117,paranaiba_province,south_america,12,511269.1236726745,2344556.80789355,2855825.931566225,3706679.173012003
118,cadegomo_province,north_america,5,3175457.8477622485,0.0,3175457.8477622485,3665765.0787325297
119,madeira_brazil_province,south_america,7,33698.139010269144,3103887.6416819147,3137585.780692184,3650159.0032787067
120,millioke_province,north_america,4,15617.088914793874,3157442.767965763,3173059.856880557,3603442.3389906264
121,piankeshaw_province,north_america,3,8472.384004559677,3156042.9458547523,3164515.3298593117,3590454.746091726
122,dingliao_province,east_asia,6,2786.473701027478,2977129.5594485225,2979916.03314955,3571780.537293244
123,suzhou_province,east_asia,6,52362.45291714945,1155345.557749609,1207708.0106667583,3558046.5120001035
124,katagalugan_province,south_east_asia,11,65580.04702507397,2169321.1277022786,2234901.174727353,3554888.821568272
125,zinacantan_province,north_america,7,27952.370245227743,3010151.221655052,3038103.5919002797,3550616.540887815
126,charquis_province,north_america,3,43009.28137810938,3056050.8598865406,3099060.14126465,3549442.658922731
127,kankakee_province,north_america,3,8859.519653701867,3123611.403856863,3132470.9235105645,3547654.7889493853
128,higuey_province,north_america,6,73974.86218766504,2586931.824332448,2660906.686520113,3545895.0223351275
129,chickasaw_province,north_america,6,76091.2099095885,3029046.405727576,3105137.6156371646,3545029.8175918106
130,chadimapu_province,south_america,15,2700542.4211231074,0.0,2700542.4211231074,3525235.2237634957
131,nekokiaw_province,north_america,5,34444.327301231075,2698419.2427628716,2732863.5700641028,3521096.5163221154
132,marwar,south_asia,9,2359885.960710479,0.0,2359885.960710479,3509871.7057992886
133,guapore_province,south_america,6,17238.639717818645,3009448.764454319,3026687.404172138,3491648.329693655
134,nishnabotna_province,north_america,3,22186.20903906958,3014196.0584262027,3036382.2674652725,3489055.0508984313
135,zaklohpakab_province,north_america,4,145115.9650921416,2785463.3174553756,2930579.282547517,3458901.6928659566
136,imbau_province,south_america,5,0.0,3010369.1438824474,3010369.1438824474,3450790.2868677536
137,mojave_province,north_america,5,2902246.417196112,0.0,2902246.417196112,3440527.2193456264
138,tchokana_province,north_america,6,2882243.895800467,0.0,2882243.895800467,3436024.382775525
139,lower_moshiko_province,central_africa,8,337448.0293831137,2225189.2926640855,2562637.322047199,3413966.987303099
140,moyen_ogoowe_province,central_africa,7,2073.194737626563,2724897.6328302,2726970.827567826,3413217.1810138044
141,cuyahoga_province,north_america,4,4033.0251728974945,2947172.0824596277,2951205.1076325253,3392105.746086591
142,paramaribo_province,south_america,8,0.0,2763919.757739916,2763919.757739916,3388409.7274574055
143,itapecuru_province,south_america,5,166108.9141086424,2713818.270687341,2879927.184795984,3383918.082895482
144,ciwat_province,north_america,3,13309.90405456733,2905501.7058414673,2918811.6098960345,3377038.061133039
145,ogoowe_benje_province,central_africa,9,1492.6956693473078,2806740.0170483217,2808232.712717669,3374136.8018073775
146,cayas_province,north_america,4,62350.34837484985,2871559.774032149,2933910.1224069986,3372648.8877078737
147,chequamegon_province,north_america,5,8125.440762010958,2864192.961078785,2872318.4018407958,3369733.202070895
148,minitig_province,north_america,11,3355.7759606836917,2533460.118206463,2536815.8941671466,3366917.8809380396
149,jacui_province,south_america,6,28895.368225946808,2854706.2211308507,2883601.5893567977,3348676.788026397
150,mindanao_province,south_east_asia,9,44886.143399967455,2727429.0627233656,2772315.206123333,3330354.6068887496
151,colombayma_province,south_america,8,9495.887635912388,2718356.404361955,2727852.2919978676,3326458.8284976007
152,yadhaigana_province,australasia,7,14678.260259277784,2706243.6453792057,2720921.9056384834,3317537.143843294
153,east_igbo_province,west_africa,6,55413.28363870374,2666331.178675386,2721744.4623140898,3295962.520103351
154,nyanga_province,central_africa,7,17241.387339848545,2186586.3130568466,2203827.700396695,3287056.162946282
155,chiquitania_province,south_america,11,5396.588087272703,2574744.280652497,2580140.86873977,3280658.477332241
156,tangwang_province,east_asia,4,1841.4106144677496,2885622.4725066433,2887463.883121111,3279896.86851125
157,lukassi_province,central_africa,9,198013.66003265456,2191161.0322171603,2389174.692249815,3278446.5287810415
158,djabuganjdji_province,australasia,9,0.0,2667750.1510121906,2667750.1510121906,3276843.9198887143
159,atacames_province,south_america,6,15462.56765356653,2725875.526439564,2741338.0940931304,3262880.355854772
160,chemewevi_province,north_america,6,2648795.289897435,0.0,2648795.289897435,3248769.701134614
161,jangladesh,south_asia,11,2552339.6168448883,0.0,2552339.6168448883,3242632.0689505
162,catahoula_province,north_america,3,49220.26423024792,2753407.0987987826,2802627.36302903,3232830.783407659
163,kpelle_province,west_africa,4,68405.89798359323,2693384.7958286763,2761790.6938122697,3228514.530538804
164,headdhetanwan_province,north_america,3,88315.24592594946,2669230.4162720176,2757545.662197967,3218113.8699727133
165,havana_province,north_america,11,453287.09849800915,1968074.9871848447,2421362.085682854,3212282.346393211
166,maniani_province,north_america,4,22616.84666887038,2671529.965069143,2694146.8117380138,3206415.163205265
167,ouachita_province,north_america,6,42870.086528855136,2721876.643965986,2764746.7304948415,3198090.0718066967
168,upper_non_province,east_asia,6,1381.6607564066326,2798422.409756335,2799804.070512742,3197029.579326834
169,paraiba_province,south_america,7,2396173.280541637,0.0,2396173.280541637,3176069.9406093415
170,purnia_province,south_asia,6,595091.9985091568,1292539.2333514465,1887631.2318606032,3174335.1358431787
171,bindal_province,australasia,10,371903.6883841717,1987956.9927900394,2359860.681174211,3173468.2663209876
172,essequibo_province,south_america,5,0.0,2681812.1450828956,2681812.1450828956,3165538.6632182575
173,siyathemba_province,southern_africa,6,2655769.040206853,0.0,2655769.040206853,3154240.1702327095
174,cumaribo_province,south_america,5,13631.895628710321,2731267.2322804765,2744899.1279091868,3151011.518897835
175,cuauhtemallan_province,north_america,5,41165.10812102519,2504088.4068368976,2545253.514957923,3150285.2043276634
176,nechi_province,south_america,9,15264.617900250518,2528971.0220113774,2544235.639911628,3145765.0949005815
177,north_sangha_province,central_africa,5,18566.44655646425,2630349.7245052652,2648916.171061729,3145405.692444445
178,dan_province,west_africa,3,119951.60966782941,2447324.548575346,2567276.1582431756,3137935.6780235725
179,baro_bhuyan_province,south_asia,11,246335.62828380134,1767427.9048938227,2013763.5331776242,3135108.974824827
180,tah_itza_province,north_america,5,255220.66307459478,2372230.9876338034,2627451.6507083983,3128008.107046948
181,cacaxtles_province,north_america,8,2232965.8487643613,0.0,2232965.8487643613,3121836.5798599063
182,arua_province,south_america,7,135335.70251104937,2297905.2742935633,2433240.9768046127,3118771.0989051894
183,ivai_province,south_america,5,411.3499456380913,2693742.856672444,2694154.206618082,3118673.4824453425
184,aniyutsi_province,north_america,4,6941.147234093045,2708282.6560404487,2715223.8032745416,3113126.7786838594
185,guinean_coast_province,west_africa,6,528926.5076312214,2000065.6599162084,2528992.16754743,3101616.1884908583
186,huangzhou_province,east_asia,9,2946.5564263927945,2006883.329996326,2009829.8864227189,3089058.6222255584
187,kakol_kiej_province,north_america,4,95428.3048830296,2126397.004069551,2221825.30895258,3089053.472571653
188,south_benin_province,west_africa,7,56142.012429135415,2025245.8425966064,2081387.8550257417,3080686.3369039595
189,sirhan_province,middle_east,7,2602616.174524789,0.0,2602616.174524789,3067443.1963403877
190,iboina_province,east_africa,10,182945.745443101,2028872.1892106244,2211817.9346537255,3055295.176485441
191,anilco_province,north_america,4,80114.55880438705,2602094.053169405,2682208.611973792,3048984.6884705164
192,mbanza_kongo_province,central_africa,8,126311.74598337176,2415517.0103971986,2541828.7563805706,3021557.3509281417
193,tagloc_province,south_east_asia,8,18504.23601582956,2083503.5084164264,2102007.7444322556,3018383.7124862876
194,taif_province,middle_east,8,2539613.5125352805,0.0,2539613.5125352805,3015690.2016021903
195,mathoskabde_province,north_america,4,1526.474854859534,2607396.2134778025,2608922.688332662,3010413.0243742447
196,orayvi_province,north_america,9,2191814.8430348,0.0,2191814.8430348,3004666.69841415
197,talisi_province,north_america,6,9342.52183128169,2600333.9584064824,2609676.4802377643,3002261.0402674843
198,tsoto_province,north_america,5,70302.87869827138,2449175.638896338,2519478.5175946094,2988538.3322939356
199,south_sangha_province,central_africa,5,105171.67002062996,2032387.9982956862,2137559.6683163163,2971754.626855856
200,bettiah_province,south_asia,6,296521.43655237573,1798791.274575395,2095312.7111277706,2971476.800018742
201,capachequi_province,north_america,6,68698.09919666234,2510527.838234801,2579225.9374314635,2969129.1796103963
202,yoli_province,north_america,13,1763431.5396834663,0.0,1763431.5396834663,2967110.4821438994
203,shamokin_province,north_america,8,1468.978983374186,2489345.505919227,2490814.484902601,2939416.2955154264
204,cirebon_province,south_east_asia,7,66688.43760963978,1065762.2600272265,1132450.6976368662,2939007.0348414746
205,gorakhpur_province,south_asia,6,370085.35973500425,1804251.0448364504,2174336.4045714545,2932128.4551428864
206,pikunmapu_province,south_america,15,637988.736195367,1178833.8866584941,1816822.6228538612,2916925.4507105937
207,bulbancha_province,north_america,4,21934.515600013507,2522751.490430109,2544686.0060301227,2911146.756783888
208,upper_sindh_province,south_asia,6,2515040.141024221,0.0,2515040.141024221,2892420.1586522493
209,lower_sindh_province,south_asia,10,2391073.197166868,0.0,2391073.197166868,2884582.3468127265
210,ciid_province,east_africa,6,2452878.7333087707,0.0,2452878.7333087707,2878738.574972367
211,bari_doab_province,south_asia,8,2342757.808157758,0.0,2342757.808157758,2871852.534177477
212,haud_province,east_africa,10,2159328.317680425,0.0,2159328.317680425,2858994.357390478
213,lualaba_province,central_africa,9,336146.2215550218,1904581.6937502255,2240727.915305247,2856068.9047184032
214,wassulu_province,west_africa,4,433991.461488676,1971882.2962076778,2405873.757696354,2849482.977408398
215,cootcla_province,north_america,6,9974.35286486528,2468739.694491634,2478714.0473564994,2849303.303276062
216,merina_province,east_africa,7,100993.96916020359,1850892.9526721004,1951886.921832304,2793247.787061342
217,niagara_province,north_america,5,11178.06571767338,2343355.3376059746,2354533.403323648,2792850.078739104
218,atbai_province,east_africa,5,2370674.0136493165,0.0,2370674.0136493165,2777258.265355481
219,central_visayas_province,south_east_asia,4,16621.73200400763,1228689.1356582483,1245310.8676622561,2762224.726120038
220,ogoowe_ivindo_province,central_africa,5,3432.2505747280534,2303044.230141519,2306476.480716247,2754536.0408057785
221,aksu_province,east_asia,7,2127554.530751768,120388.85594992965,2247943.386701698,2738186.3100394104
222,bahraich_province,south_asia,5,355142.4156851907,1670433.4888473442,2025575.9045325348,2737772.8925991016
223,darbhanga_province,south_asia,6,328800.7912352495,1727913.9580974267,2056714.7493326762,2733429.092999261
224,sangmelima_province,central_africa,5,11.955201206693657,2358523.2736631758,2358535.2288643825,2729852.1324724304
225,ganatchio_province,north_america,4,3694.206277628754,2265903.133159846,2269597.3394374745,2728797.006867159
226,panama_province,north_america,8,19736.236155672646,1918395.150126921,1938131.3862825937,2719272.809567918
227,mbalundu_province,central_africa,8,220602.2362079073,1821922.6188003204,2042524.8550082278,2718590.461884256
228,nuomin_province,east_asia,5,21026.92720547502,2281519.313646676,2302546.240852151,2710739.5209586704
229,lower_non_province,east_asia,6,84275.79255212324,2135056.9710989133,2219332.763651036,2699249.359107416
230,mahkato_province,north_america,6,55106.997987256764,2102353.660200166,2157460.658187423,2698268.2404608508
231,prey_nokor_province,south_east_asia,6,136902.22171864592,1813806.1413472001,1950708.3630658458,2680546.9084490766
232,bahr_al_jabal_province,east_africa,8,832598.8410180203,1217959.9783528182,2050558.8193708386,2672503.6717921933
233,chubut_province,south_america,10,1057531.9002988848,694408.7787962058,1751940.6790950906,2649308.263981977
234,azamgarh_province,south_asia,6,620314.5550470199,1013045.0425289695,1633359.5975759893,2643029.547272988
235,magua_province,north_america,8,76444.64531016657,1585374.4127544628,1661819.058064629,2609796.440322708
236,oceko_sipiy_province,north_america,5,10585.195193816398,2219143.83987136,2229729.0350651764,2604070.1644483237
237,erie_province,north_america,6,2301.6802818710958,2252619.7342653875,2254921.414547259,2597536.591365666
238,eseka_province,west_africa,5,5266.271972625405,2181259.150690117,2186525.4226627424,2588091.1004955852
239,nemadji_province,north_america,4,16100.042649866147,1827128.1610836096,1843228.2037334756,2569756.72920016
240,otolum_province,north_america,4,157642.03839920726,1958930.472789712,2116572.511188919,2565644.0750875343
241,burugardi_province,australasia,8,91189.99766732479,1995448.4988713018,2086638.4965386265,2562343.308605955
242,butalmapu_province,south_america,5,316081.85872703756,1828066.959102294,2144148.8178293314,2561792.420057998
243,sibi_province,south_asia,9,2104696.450814939,0.0,2104696.450814939,2550033.5071668066
244,shebelle_province,east_africa,7,1895076.9839599556,0.0,1895076.9839599556,2549336.60695495
245,wangkamana_province,australasia,7,2038778.876236763,0.0,2038778.876236763,2549001.2357663587
246,xoo_province,southern_africa,4,1965270.5094390125,0.0,1965270.5094390125,2545054.3231188892
247,cocamas_province,south_america,7,1507.2906707815687,2016518.9783188452,2018026.2689896268,2539154.55261333
248,jaragua_province,north_america,9,130204.90685699886,1778588.6265746802,1908793.5334316792,2529892.725110639
249,piquiri_province,south_america,7,0.0,1954567.3530808373,1954567.3530808373,2524013.272215942
250,ader_province,west_africa,6,2133027.6799312043,0.0,2133027.6799312043,2515531.1399226044
251,chinook_province,north_america,5,112715.48092913452,2001555.671904546,2114271.1528336806,2512430.0469378904
252,futa_jalon_province,west_africa,6,78142.33024013639,2055793.8781662534,2133936.2084063897,2512053.2344571883
253,timucua_province,north_america,4,135885.34941954515,1727154.8009797437,1863040.150399289,2497545.1691992
254,sacramento_province,north_america,5,1537017.1616660417,485369.11656857445,2022386.2782346164,2493434.5630139434
255,southern_highland_province,south_east_asia,5,75129.3827402489,2092635.308640008,2167764.691380257,2492735.277802789
256,hawaastatkiicu_province,north_america,6,2028346.829319334,0.0,2028346.829319334,2491140.1829842506
257,tkaronto_province,north_america,6,7186.344708356251,2101479.752172999,2108666.096881355,2480249.3589915247
258,west_lekumu_province,central_africa,4,62210.87077764826,2021207.7194335843,2083418.5902112327,2472095.9139876366
259,tehuantepec_province,north_america,5,145031.43069595372,1909824.8052618545,2054856.235957808,2462463.265452534
260,upper_kagera_province,east_africa,5,94627.80982664744,840736.7134340886,935364.523260736,2456285.0886683282
261,xun_province,southern_africa,7,1971903.8225845885,0.0,1971903.8225845885,2453516.800407662
262,raipur_garjats,south_asia,11,1388152.3896417862,10615.118386637323,1398767.5080284234,2439863.4465319766
263,boriken_province,north_america,6,52594.38667277025,1629901.504794838,1682495.891467608,2438432.877901059
264,jinhua_province,east_asia,7,5352.110463284744,649626.4342334423,654978.5446967271,2435600.862783818
265,karegnondi_province,north_america,4,26210.794894052637,1956549.6741100228,1982760.4690040753,2435355.5276295845
266,ouaka_province,central_africa,5,251890.45760342138,1811017.2497988031,2062907.7074022247,2431021.1708275024
267,akokisa_province,north_america,5,87817.82464526816,1489067.5293179024,1576885.3539631707,2430996.023208567
268,gana_province,southern_africa,5,2060635.9229153418,0.0,2060635.9229153418,2429590.4132797597
269,miranda_province,south_america,6,0.0,1838346.8911840883,1838346.8911840883,2425890.2525820993
270,waawiiyaataanong_province,north_america,4,18686.32219340247,1957527.250542252,1976213.5727356547,2417865.269327611
271,pahang_province,south_east_asia,5,9720.410282071174,2098369.189446597,2108089.599728668,2412100.7996947514
272,chawasha_province,north_america,3,8603.255523040443,2025406.7486022878,2034010.0041253283,2408636.2546409946
273,khairabad_province,south_asia,5,387441.3846932962,1033695.9584187501,1421137.3431120464,2407654.5110010523
274,northern_yokut_province,north_america,5,1473625.6446268042,328131.17458897876,1801756.819215783,2404976.4216177557
275,muling_province,east_asia,5,19980.282761555303,1598804.0131932255,1618784.2959547807,2394882.3329491285
276,boojwiikwedong_province,north_america,5,23372.65323017281,2037545.325522797,2060917.9787529698,2389407.726097091
277,sumbawa_province,south_east_asia,8,58630.896306578186,1678375.4130154229,1737006.3093220012,2382757.0979872514
278,badimala_province,australasia,8,1733128.6180523168,0.0,1733128.6180523168,2377269.6953088567
279,bure_province,west_africa,4,358778.28537507297,1617311.0643086089,1976089.349683682,2374975.5183941424
280,inner_iboina_province,east_africa,6,86968.53636374522,1852328.9681682875,1939297.5045320329,2356084.692598537
281,itapeva_province,south_america,6,418.9577129395505,1916527.5966467788,1916946.5543597182,2346689.873654683
282,pajang_province,south_east_asia,6,67789.32714241491,1572073.2364548517,1639862.5635972666,2346595.384046925
283,ceibal_province,north_america,6,29888.220433017726,1716009.2596985493,1745897.480131567,2344384.6651480133
284,coatzacoalco_province,north_america,5,90098.87712356333,1478203.8378123958,1568302.714935959,2327965.554302954
285,chittagong_province,south_east_asia,7,79289.07853183374,1170010.437820193,1249299.5163520267,2324586.95589603
286,lower_tapajos_province,south_america,6,46920.25229165194,1625521.6696461346,1672441.9219377865,2322497.16218001
287,nadia_province,south_asia,7,287380.85453653615,774704.3308247721,1062085.1853613083,2310845.833531472
288,hogohega_province,north_america,5,809.7574776097872,2000546.7604972855,2001356.5179748954,2307776.0827217572
289,wenro_province,north_america,5,4712.558040639509,1979859.4411977911,1984571.9992384305,2304643.4991432345
290,parita_province,north_america,6,10261.60623627256,1739756.4269608706,1750018.033197143,2301770.287346786
291,west_qassim_province,middle_east,6,1849829.2941386076,0.0,1849829.2941386076,2300432.9559059334
292,lower_butana_province,east_africa,4,1900601.7493615898,0.0,1900601.7493615898,2290051.9680317887
293,shaoxing_province,east_asia,7,998.2474557001323,719153.9487661213,720152.1962218215,2289546.220749549
294,khalifatabad_province,south_asia,7,192893.64543042236,1007835.9191755016,1200729.5646059238,2287945.7601816645
295,shiewhibak_province,north_america,12,1157360.0111961358,108941.10993391807,1266301.121130054,2287463.7612713105
296,kanaky_province,pacific_islands,10,0.0,1466208.3085596205,1466208.3085596205,2287359.347129573
297,pegu_province,south_east_asia,6,342565.69369998976,985137.3356137752,1327703.029313765,2285665.9079779857
298,yao_province,central_africa,5,1768657.553961338,0.0,1768657.553961338,2279989.7482065056
299,mymensingh_province,south_asia,6,178208.43057648133,1444322.0967659296,1622530.5273424108,2279846.8432602123
300,pampanga_province,south_east_asia,7,90055.54397699841,1710780.19422645,1800835.7382034485,2275690.2054788796
301,udakh_province,middle_east,6,1841473.7590352066,0.0,1841473.7590352066,2274157.9789146073
302,west_igbo_province,west_africa,7,81118.97916973985,1410532.1597823445,1491651.1389520846,2273232.531321095
303,chattarawa_province,north_america,4,398.2907264271634,1952041.975480117,1952440.266206544,2245995.299482362
304,kath_province,central_asia,6,1901688.9423546086,0.0,1901688.9423546086,2244025.060148935
305,tonkawa_province,north_america,9,1749118.5136597485,0.0,1749118.5136597485,2242258.327867217
306,kitaish_province,north_america,6,324363.2961548264,1485756.7503332102,1810120.0464880369,2241135.0522990413
307,sakwatamau_province,north_america,5,19877.700762033586,1766109.821607314,1785987.5223693475,2240985.962665516
308,mysore_plateau,south_asia,14,768269.4231700744,362162.73508060235,1130432.1582506767,2238111.1780320113
309,eastern_adamawa_province,central_africa,6,243010.93936493804,1532757.2663854924,1775768.2057504305,2235114.2314692345
310,southern_yokut_province,north_america,6,1498524.6105428038,32230.883960541367,1530755.494503345,2230599.931316263
311,takrur_province,west_africa,7,1845300.8602190828,0.0,1845300.8602190828,2228963.4677464683
312,quines_province,south_america,15,1565835.723958551,0.0,1565835.723958551,2226190.18945337
313,kivu_province,east_africa,5,53486.45055956303,1424001.4353337018,1477487.8858932648,2222423.871629923
314,devkot_province,south_asia,5,312708.3171862737,1221571.9272848538,1534280.2444711276,2221065.2750300188
315,bogra_province,south_asia,5,171349.37288422816,1443125.0322793834,1614474.4051636118,2210033.7058090633
316,kitchissippi_province,north_america,8,2659.3708088802937,1681886.7976599622,1684546.1684688425,2204489.439527448
317,coligua_province,north_america,3,94350.87317421415,1836555.1986373432,1930906.0718115575,2195894.3307880023
318,jaburrara_province,australasia,7,1716734.419990357,0.0,1716734.419990357,2194576.2224891516
319,viye_province,central_africa,9,129279.38069805659,1300721.9651283557,1430001.3458264123,2183626.514054714
320,djafara_province,north_africa,7,1823961.584490128,0.0,1823961.584490128,2183581.7825513943
321,gao_province,west_africa,5,1609260.7324014467,0.0,1609260.7324014467,2174918.323951627
322,ibalong_province,south_east_asia,6,13403.803939459924,1685666.190633805,1699069.9945732648,2172453.743894923
323,utiangue_province,north_america,3,19156.71259371561,1864816.6640318884,1883973.376625604,2170095.048703804
324,paracatu_province,south_america,9,177453.42170524198,1286942.2529159144,1464395.6746211564,2168320.133948801
325,winnipeg_province,north_america,5,5921.773902840187,1648102.6602241448,1654024.4341269848,2163402.488392858
326,tumen_province,east_asia,6,885.5980620388855,1815287.7422642773,1816173.3403263162,2156820.007867106
327,kofan_province,south_america,9,2394.6547113443285,1805058.6617278361,1807453.3164391804,2154884.980994078
328,martaban_province,south_east_asia,6,258536.9554873422,800381.0505565313,1058918.0060438735,2154282.7567993575
329,moron_province,north_america,8,505145.85208438506,1037072.81225149,1542218.6643358748,2151245.9973778594
330,rupa_rupa_province,south_america,7,317.77790848886764,1755982.7950342544,1756300.5729427433,2149088.144560586
331,apalachee_province,north_america,4,28739.52496039713,1802748.6871953271,1831488.2121557242,2147049.2386751897
332,gowtano_province,north_america,5,34146.81843791391,1823880.0521486702,1858026.8705865843,2143155.229409907
333,kalmyk_province,eastern_europe,7,1466495.9243773771,0.0,1466495.9243773771,2141432.9149245494
334,sulimana_province,west_africa,5,171754.12400166492,1616907.472807958,1788661.5968096228,2138244.296410826
335,jequitinhonha_province,south_america,8,58547.4666470717,1647106.3151232873,1705653.7817703588,2138235.5044916538
336,magdalena_province,south_america,7,43520.712643671206,1627703.0389227946,1671223.751566466,2137751.720512274
337,butung_province,south_east_asia,6,93545.8860527242,1313399.5131243675,1406945.3991770917,2136313.5740742283
338,sonargaon_province,south_asia,6,140616.46189488107,976578.6004051785,1117195.0623000595,2133219.445087567
339,jororo_province,north_america,4,125513.36399830898,1562196.814720777,1687710.178719086,2132673.9510589717
340,muang_nakhon_province,south_east_asia,6,159288.6620098066,1612135.395354726,1771424.0573645325,2131227.064535099
341,mah_hom_province,north_america,4,1784468.7559153421,0.0,1784468.7559153421,2130152.35040476
342,koochiching_province,north_america,5,33395.65964122702,1752750.9934874398,1786146.6531286668,2127539.9847697504
343,dhundhar,south_asia,8,1305014.9070185346,0.0,1305014.9070185346,2120641.770395851
344,marimba_province,central_africa,7,85454.787858583,1499592.3769844722,1585047.1648430552,2116178.060448437
345,yingtian_province,east_asia,6,127980.91574395107,132348.91474575028,260329.8304897014,2113121.059300914
346,jalpaiguri_province,south_asia,5,246878.58037712582,1361368.2573340393,1608246.8377111652,2108527.6924250606
347,sampit_province,south_east_asia,7,429.9309322600185,1756738.621175142,1757168.552107402,2108439.6211208273
348,south_moxico_province,central_africa,17,345446.032889035,704751.6177446664,1050197.6506337014,2107347.356962914
349,enugu_province,west_africa,6,155787.71098398554,1327975.8160236846,1483763.5270076701,2104608.967883629
350,chicora_province,north_america,6,28809.679614290922,1742488.8801060223,1771298.5597203134,2097335.8796853526
351,potano_province,north_america,3,53665.669296908956,1765458.0619934094,1819123.7312903185,2093764.1977016083
352,waxhaw_province,north_america,5,4174.1985240831,1817559.7643459744,1821733.9628700577,2088825.7082288149
353,lalin_province,east_asia,6,38876.064298800266,1718329.1354372166,1757205.199736017,2087105.849703019
354,yuezhou_province,east_asia,5,8172.379548706473,1106866.1962660116,1115038.575814718,2086918.3977915577
355,lizhou_province,east_asia,8,18374.528681557953,1607068.5154510336,1625443.0441325917,2086248.4246491655
356,abihka_province,north_america,6,888.555463707223,1689628.3418589383,1690516.8973226454,2082956.509487976
357,marajoara_province,south_america,6,57369.03334584657,1681933.966416976,1739302.9997628224,2081590.8747331752
358,north_betsimisaraka_province,east_africa,8,45452.40239713535,1551851.6602661838,1597304.062663319,2077092.070496234
359,saponi_province,north_america,5,9566.617014788193,1801103.321384049,1810669.9383988373,2076378.6806986919
360,khiva_province,central_asia,7,1680317.1406490838,0.0,1680317.1406490838,2075981.783230219
361,meghalaya_province,south_asia,8,32557.602434386474,1243374.537136242,1275932.1395706285,2073298.6570169572
362,bangweulu_province,central_africa,9,382335.554370783,598937.2599801135,981272.8143508965,2071431.9161447587
363,jingzhou_province,east_asia,7,86929.94188926839,838183.5185552526,925113.4604445209,2071252.643000086
364,peam_province,south_east_asia,4,87993.71360524432,1247073.3733788333,1335067.0869840775,2070075.472857087
365,pehuenmapu_province,south_america,10,1027791.0597929449,240201.941910828,1267993.001703773,2065492.1269167447
366,manga_province,west_africa,5,1651710.1987658679,0.0,1651710.1987658679,2061798.9736116012
367,pikwedina_province,north_america,6,25427.87898419765,1601744.9549234712,1627172.8339076687,2058944.4381461274
368,upper_ruvuma_province,east_africa,5,288054.7971920429,1367394.502351778,1655449.2995438213,2058130.4619867988
369,chesapeake_province,north_america,5,110317.58535658762,652924.0921398478,763241.6774964355,2057896.8871834897
370,antemoro_province,east_africa,5,3888.849497739346,1623269.846363506,1627158.6958612453,2056678.532843901
371,humar_province,east_asia,6,498.54007973693274,1781854.874370886,1782353.414450623,2055772.591256951
372,minganie_province,north_america,10,149.19274408842546,528030.7955825875,528179.988326676,2053327.4868675105
373,kashgar_province,east_asia,8,1683899.1356157188,8155.22462376666,1692054.3602394855,2050936.1552694212
374,yaransk_province,eastern_europe,8,449.55183296509574,1506617.807718225,1507067.3595511902,2047575.7794950888
375,ogan_province,south_east_asia,7,5850.988396504234,1619462.8336997128,1625313.822096217,2043353.049858244
376,tsimihety_province,east_africa,5,43331.68715558262,1617454.625403251,1660786.3125588337,2042759.601628688
377,bampur_province,middle_east,7,1728485.1742402406,0.0,1728485.1742402406,2039045.8210202707
378,oklatannap_province,north_america,3,22305.287908296137,1727587.8654709563,1749893.1533792526,2038379.797551659
379,arguin_province,west_africa,6,1698665.9858297105,0.0,1698665.9858297105,2035874.2340584244
380,jiaxing_province,east_asia,3,4396.002303831963,314343.870585781,318739.8728896129,2032582.3570008145
381,ksour_province,north_africa,8,1428625.1450729207,0.0,1428625.1450729207,2032453.2882070357
382,mabila_province,north_america,4,6585.8262529104795,1730971.1495638166,1737556.9758167272,2031251.5977938182
383,gharbiyya_province,north_africa,6,479437.25444380223,0.0,479437.25444380223,2031116.9112492774
384,upper_bundelkhand_province,south_asia,10,1193241.6870750452,0.0,1193241.6870750452,2028646.8979594258
385,kansk_province,north_asia,6,6093.472910049633,1474985.301400019,1481078.7743100687,2028463.621098827
386,sylhet_province,south_asia,6,79574.0804481674,1310123.2230681572,1389697.3035163248,2022409.4664558652
387,ucungo_province,east_africa,5,378071.6506158752,1342111.25957484,1720182.9101907155,2021830.7739645548
388,tochtepec_province,north_america,6,126914.2534542194,1073747.5224137749,1200661.7758679944,2021244.4978514938
389,sabarabucu_province,south_america,6,12808.719115996131,1616703.8378345075,1629512.5569505035,2021076.6265693163
390,champasak_province,south_east_asia,6,109538.97625350195,1508546.1235794735,1618085.0998329755,2020595.7373120976
391,quitu_province,south_america,11,2268.456333414636,1080371.3998439452,1082639.8561773596,2016719.8381995298
392,damara_province,southern_africa,5,1600697.628635062,0.0,1600697.628635062,2014534.8322144446
393,lamanai_province,north_america,5,110648.85837648352,1494469.481217628,1605118.3395941115,2013883.1320433756
394,tanico_province,north_america,3,10290.68607742131,1745211.7119711956,1755502.398048617,2005315.197804694
395,haeju_province,east_asia,7,73219.16481085453,675648.473265892,748867.6380767466,2003476.09283634
396,bayuda_province,east_africa,6,1677087.0500115454,0.0,1677087.0500115454,2001472.9312629886
397,manaos_province,south_america,10,3133.3410817821077,1422151.9162108207,1425285.2572926027,1991570.914454178
398,upper_musi_province,south_east_asia,6,563.9224384805531,1600602.0372389485,1601165.959677429,1991436.7046371077
399,lycoming_province,north_america,5,843.974994271254,1732914.2120603905,1733758.1870546616,1989852.9604364946
400,monacan_province,north_america,6,2607.7884258643735,1686821.0169416647,1689428.805367529,1989482.40603847
401,kinabatangan_province,south_east_asia,6,915.3375041615021,1647525.7887947257,1648441.1262988872,1988371.2670862481
402,amazon_province,south_america,9,39411.967593027024,1363894.7491903065,1403306.7167833336,1987095.0563812503
403,ruhunu,south_asia,6,119776.78840759426,1394458.2161080793,1514235.0045156737,1983639.3800801327
404,demak_province,south_east_asia,6,58493.39527999684,1239829.2993007698,1298322.6945807666,1980363.0314033623
405,songjiang_province,east_asia,3,10481.081959343172,776496.6253455767,786977.7073049198,1974349.9207180347
406,patna_province,south_asia,7,612774.910948772,0.0,612774.910948772,1970746.7748173685
407,onondowaga_province,north_america,4,635.9195392742589,1709747.4958378007,1710383.4153770749,1970306.3422992092
408,panduranga_province,south_east_asia,5,122602.46029295248,1467773.1549246968,1590375.6152176491,1970297.5671198554
409,thammarat_province,south_east_asia,5,24032.727406918908,1627412.8882569203,1651445.6156638393,1958001.317621819
410,ningguo_province,east_asia,6,2351.8188270836245,809552.2172824849,811904.0361095686,1956267.0406232646
411,tripura_province,south_asia,7,80758.75901208588,1196230.422635241,1276989.1816473268,1955237.8293532426
412,tapuy_province,south_america,6,9688.640057143271,1587344.4413698798,1597033.081427023,1954162.216605401
413,pakana_province,north_america,4,14973.869893869849,1684228.4629799845,1699202.3328738543,1953227.6244830862
414,niari_province,central_africa,6,28193.889488902158,1121676.4728708172,1149870.3623597194,1951729.1576546843
415,surabaya_province,south_east_asia,7,374799.2054203094,572684.8096229116,947484.015043221,1949044.5169236236
416,hail_province,middle_east,6,1603087.1738730785,0.0,1603087.1738730785,1947473.0706072133
417,raozhou_province,east_asia,8,6652.240043365122,822139.4527839437,828791.6928273089,1946015.6544307224
418,rikuou_province,east_asia,7,1846.156401927079,848715.743668623,850561.9000705502,1944632.137579369
419,gaur_province,south_asia,5,137468.26758281674,1028526.1411097087,1165994.4086925255,1943993.7097790912
420,saginaw_province,north_america,4,110699.44292771077,1473771.80726015,1584471.250187861,1943405.1564613436
421,tocantins_delta_province,south_america,5,7438.206226948717,1637455.6874946225,1644893.8937215712,1940505.6304367676
422,mara_province,east_africa,4,183235.73837594732,1222446.20877912,1405681.9471550672,1940267.1905494505
423,tulangbawang_province,south_east_asia,6,4568.495467810027,1569393.66020562,1573962.1556734303,1939457.425132609
424,kale_province,south_east_asia,6,66305.9967508988,1550580.1895034073,1616886.1862543062,1939371.9595360945
425,muskingum_province,north_america,3,2.2500705300246393,1678070.3722264357,1678072.6222969657,1938456.7000840865
426,pensacola_province,north_america,4,918.603269189676,1456460.6176476253,1457379.220916815,1935426.623531417
427,shenandoah_province,north_america,4,2794.4509686730444,1671021.4380070153,1673815.8889756883,1934792.8750976492
428,caroni_province,south_america,6,90932.87759944677,1504591.4572109263,1595524.3348103734,1928839.87666167
429,cuttaway_province,north_america,3,5581.582264871518,1654665.9825951955,1660247.5648600669,1928528.5104675754
430,zamboanga_province,south_east_asia,6,2856.4412263012437,1352134.5434924918,1354990.984718793,1928239.857808642
431,kufa_province,middle_east,6,1462948.398069356,0.0,1462948.398069356,1924816.9478280256
432,ar_rayn_province,middle_east,6,1536849.543674163,0.0,1536849.543674163,1922455.7366334335
433,jubaland_province,east_africa,7,1223984.9820011193,0.0,1223984.9820011193,1921483.104751259
434,agus_province,south_east_asia,6,4648.845404037518,1417944.5566442362,1422593.4020482737,1921042.5773043078
435,willimapu_province,south_america,6,16400.31087122824,1299961.2474787226,1316361.5583499507,1919656.7531436945
436,yadkin_province,north_america,4,2906.5192628967943,1674671.9111714887,1677578.4304343855,1918775.7342386837
437,iwur_province,pacific_islands,8,0.0,1468353.2343368507,1468353.2343368507,1918522.388628957
438,pyay_province,south_east_asia,6,342682.9112962681,1080206.8075743243,1422889.7188705925,1918000.9337294165
439,anqing_province,east_asia,7,4847.634067535817,1358864.328727845,1363711.962795381,1917800.9581448035
440,khotan_province,east_asia,5,1628220.6816633611,0.0,1628220.6816633611,1917248.2668712812
441,johor_province,south_east_asia,6,1353.27056740565,1583661.7586360131,1585015.0292034186,1917016.9078538462
442,albania_province,eastern_europe,9,108057.28528485716,666784.7201054743,774842.0053903315,1915697.256064123
443,bay_of_plenty_province,australasia,6,0.0,1184115.1574205414,1184115.1574205414,1912629.5520981092
444,north_konkan,south_asia,5,329353.22574798815,673624.9340663777,1002978.1598143658,1911350.4297911618
445,cuyo_province,south_america,11,1257747.4962798336,0.0,1257747.4962798336,1903215.9333148126
446,braiakalung_province,australasia,9,2809.7770357636355,1401813.616577186,1404623.3936129496,1903076.3178145683
447,trowulan_province,south_east_asia,7,67924.80896790951,1324591.080184594,1392515.8891525036,1902955.3752965666
448,coatlicamac_province,north_america,5,40659.40882797506,1305688.2169395746,1346347.6257675495,1900516.0789884934
449,allegheny_province,north_america,5,633.6209849449203,1642502.1106819964,1643135.7316669414,1899152.698125309
450,punjabi_malwa_province,south_asia,7,1028444.9993817529,0.0,1028444.9993817529,1896125.6243044722
451,wuchang_province,east_asia,8,10013.56997460468,993721.9193780392,1003735.4893526438,1894202.4255217244
452,buglas_province,south_east_asia,4,3905.461395878529,1370589.974263406,1374495.4356592845,1892807.365116695
453,bishnupur_province,south_asia,8,460796.77539701597,72355.94479644197,533152.7201934579,1892421.81021764
454,altay_province,east_asia,8,1128729.8970910164,430627.49172732193,1559357.3888183385,1891527.0624206308
455,upper_rufiji_province,east_africa,4,248585.4260802604,1344866.4502620636,1593451.876342324,1890508.3608851146
456,changzhou_province,east_asia,4,76267.42717928464,1122545.4489559303,1198812.876135215,1887539.4856521168
457,tharparkar_province,south_asia,7,1488761.49316886,0.0,1488761.49316886,1887481.6798149676
458,hitchiti_province,north_america,7,55511.22860919463,1468553.6139358012,1524064.8425449957,1886697.9478631204
459,bannajbur_province,middle_east,7,1496717.2861814909,0.0,1496717.2861814909,1886306.9469541772
460,agg_piktuk_province,north_america,5,13.944196368829665,667190.252272357,667204.1964687258,1885729.7210273165
461,iningai_province,australasia,9,1327711.244887177,0.0,1327711.244887177,1885175.150498074
462,hombori_province,west_africa,6,1343615.8546745705,0.0,1343615.8546745705,1883942.8365088918
463,tumaco_province,south_america,7,1300.799324882558,1350659.4964456079,1351960.2957704905,1882080.3327418016
464,rayong_province,south_east_asia,5,127224.42986054403,1194932.147168294,1322156.577028838,1881176.1491574426
465,samar_province,south_east_asia,5,10609.21977942641,1461029.3564284828,1471638.5762079093,1880593.398233898
466,sapukaia_province,south_america,4,0.0,1597506.9523750283,1597506.9523750283,1879320.3214219068
467,alexandria_province,north_africa,4,1557382.0348998902,0.0,1557382.0348998902,1878054.7892623767
468,xumani_province,north_america,7,1496985.720582187,0.0,1496985.720582187,1873108.9356549603
469,buhayra_province,north_africa,6,736377.3563308712,0.0,736377.3563308712,1872424.52587223
470,coosa_province,north_america,7,1115.1219949127012,1434250.3336877648,1435365.4556826777,1870161.1376430122
471,upper_argun_province,east_asia,5,10832.36522212949,1570841.414515562,1581673.7797376914,1869383.002204903
472,sagaing_province,south_east_asia,5,258031.07919880762,1232187.1151729235,1490218.1943717313,1868870.4686681975
473,masa_province,central_africa,5,1452948.0013708682,0.0,1452948.0013708682,1861816.5015422266
474,santee_province,north_america,7,84544.95921664164,1133235.0199355949,1217779.9791522364,1856002.476546266
475,oregon_province,north_america,5,94798.23742100799,1393750.536031344,1488548.7734523518,1853492.3701338957
476,changsha_province,east_asia,7,1991.286223323939,1225756.94811918,1227748.234342504,1851466.763635317
477,agusan_province,south_east_asia,8,5684.349967226531,1267853.5251970608,1273537.8751642874,1850105.1095598233
478,lower_malawi_province,east_africa,6,1034967.672746499,172028.1760369753,1206995.8487834742,1844995.3298814085
479,smaller_ussuri_province,east_asia,5,91387.78838352581,1420456.3824012647,1511844.1707847905,1843699.6921328895
480,roi_et_province,south_east_asia,6,170699.8117013406,714165.8603041094,884865.67200545,1842598.8810061314
481,upper_zambezi_province,central_africa,12,917373.8001052738,0.0,917373.8001052738,1840920.5251184332
482,miwok_province,north_america,5,960736.7368228296,533260.5238325541,1493997.2606553838,1837121.9182373066
483,meru_province,australasia,8,1351595.8301336765,0.0,1351595.8301336765,1835545.308900386
484,mompoj_province,south_america,8,127119.55299938834,719368.894427399,846488.4474267873,1835424.5033551357
485,savannakhet_province,south_east_asia,6,103944.25122398337,1418633.34428282,1522577.5955068031,1834399.7949451534
486,liaoyang_province,east_asia,6,8088.603868928593,1407010.709599915,1415099.3134688435,1833861.727652449
487,qaen_province,middle_east,8,1378584.3874756324,0.0,1378584.3874756324,1829907.4359100861
488,chutia_province,south_asia,5,18865.94610652709,612521.2414024591,631387.1875089861,1829685.5859476095
489,qumisha_province,middle_east,7,1566210.774717436,0.0,1566210.774717436,1824987.1215571153
490,monongahela_province,north_america,4,667.3613220140362,1591409.488092433,1592076.849414447,1822586.455591253
491,hwaju_province,east_asia,5,898.2692983724813,718503.8935483871,719402.1628467595,1820702.4332026045
492,naco_province,north_america,4,31125.403334883616,1095584.1432199418,1126709.5465548253,1818798.2398741785
493,upper_sao_francisco_province,south_america,3,15869.75367844198,1556459.908948402,1572329.662626844,1817245.8704551996
494,pembina_province,north_america,4,503.04362645464397,1536971.5345120477,1537474.5781385023,1815158.900405815
495,pech_province,north_america,5,42072.40675931109,1438398.6264461956,1480471.0332055066,1814029.9123561948
496,samtoy_province,south_east_asia,8,40951.27277560044,1303956.0829890245,1344907.355764625,1813395.7752352029
497,ocute_province,north_america,4,28019.744878207846,1537761.5015317122,1565781.2464099203,1809878.9022111604
498,congaree_province,north_america,4,16044.192137164473,1526420.8292259835,1542465.021363148,1808398.1490335413
499,ryn_province,eastern_europe,7,1387420.741695565,0.0,1387420.741695565,1808348.3344075107
500,upper_mahakam_province,south_east_asia,7,5782.174434815066,1440695.3608199805,1446477.5352547956,1806162.2271616452
501,fadak_province,middle_east,6,1433178.1546216377,0.0,1433178.1546216377,1805825.4239493422
502,baghelkhand,south_asia,11,790501.5021431297,0.0,790501.5021431297,1803939.189911021
503,chopim_province,south_america,5,1821.0222174803043,1547304.1782717654,1549125.2004892456,1802390.8505504013
504,siknikt_province,north_america,9,2087.8573602019346,1404445.7776732133,1406533.6350334152,1801725.3394125921
505,kuna_province,south_america,9,18294.31602110936,1213621.1518412973,1231915.4678624067,1799904.9013452076
506,maguana_province,north_america,6,41733.771369792,1365436.9192734163,1407170.6906432083,1797942.0269736096
507,yabrin_province,middle_east,6,1436515.6252105364,0.0,1436515.6252105364,1793830.0783618533
508,boiaca_province,south_america,7,12924.517458293147,1299506.5560309994,1312431.0734892925,1790359.9576754542
509,stung_treng_province,south_east_asia,5,80087.0156737727,1476115.3274096204,1556202.3430833928,1790102.635968817
510,mobile_province,north_america,5,3526.68756107395,1509271.7144480397,1512798.4020091137,1786273.2022602528
511,hadiya_province,east_africa,4,43360.69030452037,579230.9885617837,622591.678866304,1782665.638724592
512,wayas_province,north_america,3,33436.101321444396,1433877.6321719598,1467313.7334934042,1778977.9501800798
513,antandroy_province,east_africa,6,89287.40342509116,1121461.1721144721,1210748.5755395633,1778342.1474820087
514,berau_province,south_east_asia,6,578.3809569536047,1507002.7882717545,1507581.1692287081,1778153.8153822967
515,or_keo_province,south_east_asia,6,139353.37562647802,1269978.3039568071,1409331.679583285,1774498.1395311956
516,xllang_province,south_america,9,1142413.0321902877,0.0,1142413.0321902877,1773464.6612140737
517,kalahandi_garjat,south_asia,18,402350.24642139283,0.0,402350.24642139283,1772269.027224067
518,air_province,west_africa,5,1474198.0796604422,0.0,1474198.0796604422,1766472.8396179974
519,changde_province,east_asia,5,7250.198228219599,1115602.2872983865,1122852.485526606,1766084.0462174318
520,hwangju_province,east_asia,7,7763.876306609909,1376178.5504479967,1383942.4267546067,1765060.2300989325
521,battambang_province,south_east_asia,5,230282.41688211993,1026343.1702387319,1256625.587120852,1764703.7855109584
522,east_kra_province,south_east_asia,5,70425.82317572288,1440155.1803873922,1510581.003563115,1763528.6290085043
523,choluteca_province,north_america,4,5441.232329139457,1424915.7629681795,1430356.995297319,1763276.6197094838
524,wappacoma_province,north_america,5,250.6130673688213,1531681.9776435534,1531932.5907109221,1762799.1645497875
525,dakshina_kosala,south_asia,10,1033128.2773469964,0.0,1033128.2773469964,1761894.312015371
526,al_ahsa_province,middle_east,7,1323851.62713692,0.0,1323851.62713692,1761583.080529035
527,kuznetsk_province,north_asia,5,0.0,1406946.835123159,1406946.835123159,1760565.1895135539
528,pomo_province,north_america,6,358052.6072306445,916326.2186686095,1274378.8258992538,1755426.1791366606
529,makgadikgadi_province,southern_africa,6,1460657.0270793964,0.0,1460657.0270793964,1754614.155464321
530,pihiti,south_asia,7,515644.72286058,716656.0336933917,1232300.756553972,1754213.3511232184
531,chorti_province,north_america,5,7147.713039695265,1229614.4800952857,1236762.193134981,1752482.4672768535
532,patagonia_province,south_america,12,1000556.2507732788,77185.14816874423,1077741.398942023,1752459.073809776
533,ehwae_province,north_america,4,6013.890826207776,1415384.3989538169,1421398.2897800244,1750948.0760025275
534,makassar_province,south_east_asia,6,38643.8475139891,1095330.6882604246,1133974.535774414,1750471.3527462156
535,atikaki_province,north_america,4,21498.892426625232,923568.2510477422,945067.1434743674,1749450.5364086633
536,quinte_province,north_america,4,5682.954356198233,1498679.1487003313,1504362.1030565295,1748657.365938596
537,zubala_province,middle_east,6,1404585.8353417546,0.0,1404585.8353417546,1744409.0647594738
538,temne_province,west_africa,6,102629.73890268606,1336052.6240216775,1438682.3629243635,1741142.658289909
539,shaki_province,eastern_europe,7,183618.66406909592,415134.93597603723,598753.6000451331,1737847.8000507748
540,zamyany_province,eastern_europe,5,1318479.9424992658,0.0,1318479.9424992658,1731914.935311674
541,pagan_province,south_east_asia,5,218542.22656509466,1024445.4733600339,1242987.6999251286,1731361.1624157696
542,wizi_province,central_africa,6,54227.403777967564,1167739.042973921,1221966.4467518884,1730212.2525958745
543,upper_vidarbha,south_asia,7,763567.0258826441,125751.56484118589,889318.59072383,1729483.4145643087
544,sinu_province,south_america,6,15896.03456558109,932871.6574552925,948767.6920208737,1728863.6535234828
545,tamaulipeco_province,north_america,8,1058518.9484829523,0.0,1058518.9484829523,1728583.8170433214
546,suki_province,pacific_islands,7,21883.861431803216,1379514.526049938,1401398.3874817411,1728448.1859169588
547,safare_province,west_africa,6,1394604.1546207026,0.0,1394604.1546207026,1725304.6739482905
548,south_shuswap_province,north_america,7,712.7708913471021,1279574.5765262675,1280287.3474176147,1724948.2658448166
549,perak_province,south_east_asia,5,2159.57842574526,1268584.6888572755,1270744.2672830208,1724337.3006933983
550,south_lunda_province,central_africa,6,189939.976361382,1182950.097695895,1372890.074057277,1723376.3333144367
551,nama_province,southern_africa,5,1408180.0058932966,0.0,1408180.0058932966,1720327.5066299585
552,thalanyji_province,australasia,7,1404098.4280508754,0.0,1404098.4280508754,1720235.731557235
553,indrapura_khmer_province,south_east_asia,5,81039.08151495666,1255658.329030186,1336697.4105451424,1716409.5868632854
554,cheboygan_province,north_america,4,6361.4195155709,958972.0428251564,965333.4623407273,1713750.1451333184
555,kartli_province,eastern_europe,8,2253.565085451787,659611.5201084355,661865.0851938872,1709848.2208431233
556,tampa_province,north_america,4,179342.87847099395,1136988.7520649172,1316331.630535911,1706998.0843528998
557,kharan_province,middle_east,5,1397876.3283545426,0.0,1397876.3283545426,1706485.8693988605
558,thakhek_proivnce,south_east_asia,6,101013.3540129326,1359536.570948715,1460549.9249616477,1706118.6655818536
559,rikuchuu_province,east_asia,11,425.9966513362506,1019976.3167904142,1020402.3134417505,1704827.6026219693
560,lower_vidarbha,south_asia,9,754229.5226820648,0.0,754229.5226820648,1703508.2130173228
561,wendake_province,north_america,5,10079.695400097033,1108595.469262009,1118675.164662106,1697259.5602448692
562,barca_province,north_africa,5,1354467.215321062,0.0,1354467.215321062,1694775.6172361947
563,jian_province,east_asia,5,2101.1102082378056,578256.2634821252,580357.373690363,1691277.0454016584
564,rajabandi,south_asia,9,780847.2135009934,296421.0852446613,1077268.2987456548,1690051.8360888616
565,xaymaca_province,north_america,6,18514.83534435217,906609.1590020547,925123.9943464069,1689889.4936397078
566,bukhara_province,central_asia,8,1341071.3431888446,0.0,1341071.3431888446,1688705.2610874502
567,upper_butana_province,east_africa,5,1405150.8618876836,0.0,1405150.8618876836,1686544.7196236441
568,pandya_nadu,south_asia,13,354784.03401745064,305630.2218513474,660414.255868798,1684591.037852398
569,cairo_province,north_africa,5,531161.3764646562,0.0,531161.3764646562,1684306.5485227383
570,huzhou_province,east_asia,4,837.5260881125598,680381.440217041,681218.9663051534,1683246.3370932976
571,uiju_province,east_asia,5,2676.9594555756453,996530.8035772769,999207.7630328524,1680983.733411959
572,nomlaki_province,north_america,5,887161.3360363657,118106.1233364335,1005267.4593727993,1677675.8917943991
573,yoreme_province,north_america,5,1292205.331411377,0.0,1292205.331411377,1677605.9978377991
574,madhyamagrama_province,south_east_asia,5,32738.551768244703,1412264.5537017393,1445003.105469984,1675128.4936537321
575,bouar_province,central_africa,5,493013.2184357632,831214.0694959165,1324227.2879316797,1673130.6989231396
576,sidamo_province,east_africa,6,148354.3637055594,932439.5837013391,1080793.9474068985,1671518.1908327609
577,karangan_province,south_east_asia,5,3939.0400052446153,1317930.0309636113,1321869.0709688559,1670477.704839963
578,nacogdoches_province,north_america,4,32268.5918232825,1337304.1194466343,1369572.711269917,1670144.3001786566
579,kasevo_province,eastern_europe,6,1494.226284382211,1126068.7542720502,1127562.9805564324,1665633.3531259862
580,joara_province,north_america,4,2042.1172482898417,1400285.9757224293,1402328.092970719,1665369.1045920593
581,kabompo_province,central_africa,8,200216.03247608594,895869.525388762,1096085.557864848,1665096.2525979537
582,gyongseong_province,east_asia,6,234.53374727346423,1357009.4867849462,1357244.0205322197,1661899.5230987472
583,mewar,south_asia,8,960837.4340601811,0.0,960837.4340601811,1661442.1133177038
584,upper_jambi_province,south_east_asia,7,38.02032998564087,1375411.7164337076,1375449.7367636934,1661005.953859155
585,yongchang_gansu_province,east_asia,7,1201111.544271602,0.0,1201111.544271602,1660625.4873055522
586,cataraqui_province,north_america,5,1641.534606676965,1435819.7982129888,1437461.3328196658,1657643.9994221241
587,lampung_province,south_east_asia,6,0.0,833277.1089480865,833277.1089480865,1654061.7475665973
588,julfar_province,middle_east,8,1370690.201796933,0.0,1370690.201796933,1650026.4770215496
589,chaozhou_province,east_asia,10,4128.271653876958,753376.9473190707,757505.2189729477,1645318.371344566
590,adirondacks_province,north_america,9,240.54147970752842,995606.3554435269,995846.8969232345,1642327.7590386388
591,titteri_province,north_africa,7,1148670.160382723,0.0,1148670.160382723,1641003.9304305634
592,qatar_province,middle_east,7,1316563.7025549011,0.0,1316563.7025549011,1638634.1653742637
593,timor_province,south_east_asia,8,43652.7560479161,742326.6119363301,785979.3679842462,1635726.788982277
594,niger_delta_province,west_africa,7,1007.8113116671882,1016581.1905119633,1017589.0018236304,1634162.6270515842
595,turaythith_province,middle_east,6,1239431.8858909188,0.0,1239431.8858909188,1632860.8716272837
596,chunsa_province,south_america,8,4906.232330719273,860103.2731131953,865009.5054439146,1629010.693624404
597,sihabi_province,north_america,4,23504.69074052807,1313951.0699853979,1337455.760725926,1627262.7308166667
598,tlatlauquitepec_province,north_america,6,18797.74923844021,433318.1522703311,452115.90150877135,1625755.3891973677
599,pandua_province,south_asia,6,553683.1887149785,0.0,553683.1887149785,1623018.587304351
600,conecuh_province,north_america,3,4796.725196956333,1379804.7925964477,1384601.5177934042,1618426.7075175797
601,batin_province,middle_east,6,1308957.0274781105,0.0,1308957.0274781105,1617701.6559128743
602,hamtai_province,pacific_islands,7,0.0,767159.7261437004,767159.7261437004,1616804.691911663
603,varanasi_province,south_asia,6,818484.8058275236,0.0,818484.8058275236,1613795.4065559641
604,kaabu_province,west_africa,7,741064.3399294061,143103.41632600184,884167.7562554079,1613438.725787334
605,bhagalpur_province,south_asia,6,486489.7601945901,133283.0041411986,619772.7643357887,1607369.3598777624
606,lake_dakelh_province,north_america,7,2675.3068424253665,943727.9577830763,946403.2646255017,1606953.6727036894
607,wellega_province,east_africa,3,84172.85851726007,1257457.239488114,1341630.098005374,1606083.8602560458
608,tututepec_province,north_america,7,22968.10315309728,1217565.190225447,1240533.2933785443,1603724.9550508624
609,hawaii_province,pacific_islands,4,0.0,1184909.7665166082,1184909.7665166082,1603023.4873311846
610,panay_province,south_east_asia,5,11767.116037058167,1134074.5090783264,1145841.6251153848,1602946.8282548077
611,amisk_sipi_province,north_america,3,4105.501575527811,1373531.2480540108,1377636.7496295387,1601591.3433332313
612,dehcho_province,north_america,5,0.0,1319927.33956124,1319927.33956124,1600793.2570063951
613,laghouat_province,north_africa,4,1275236.6352247363,0.0,1275236.6352247363,1597766.2146278282
614,kawartha_province,north_america,7,8353.372381547239,1295701.8399974022,1304055.2123789494,1597562.113926318
615,muskiki_province,north_america,4,39987.206059980526,1280379.3550816476,1320366.5611416283,1596787.3812843314
616,pamlico_province,north_america,4,70038.66831195969,610123.0394641835,680161.7077761432,1595431.9212481612
617,hangzhou_province,east_asia,5,2751.122140005743,503275.9901677441,506027.11230774986,1595280.5013462186
618,otrar_province,central_asia,7,1336579.3096638678,0.0,1336579.3096638678,1590276.7233718513
619,kru_province,west_africa,4,16348.91883310371,1276107.7416733787,1292456.6605064825,1586763.7430697926
620,nita_province,middle_east,6,1303289.4029552862,0.0,1303289.4029552862,1586575.578324697
621,tarakan_province,south_east_asia,6,2773.376382539372,1207291.181165129,1210064.5575476682,1585197.6272411267
622,ishanapura_province,south_east_asia,5,77571.90181103822,1151602.4479049046,1229174.3497159427,1581946.1434304356
623,turgay_province,central_asia,5,1190649.5419859735,0.0,1190649.5419859735,1577980.7347342202
624,guachichil_province,north_america,6,1076457.006808593,0.0,1076457.006808593,1575514.1326596672
625,suphanburi_province,south_east_asia,5,259023.73413669225,907392.2171171956,1166415.9512538877,1574342.9451606239
626,abitibi_province,north_america,6,575.3066471440034,1013802.6801110352,1014377.9867581793,1574300.2351029518
627,fezzan_province,north_africa,7,1160648.8487834274,0.0,1160648.8487834274,1573479.9548813559
628,zabol_province,middle_east,5,1281113.896976456,0.0,1281113.896976456,1570628.1340985128
629,kanienkehaka_province,north_america,5,702.7910583505378,1346115.8158957474,1346818.606954098,1570295.9328233604
630,sakitawahk_province,north_america,4,2770.032350735075,880389.9701610645,883160.0025117996,1567305.0028257745
631,sao_francisco_province,south_america,8,1042993.7750221654,0.0,1042993.7750221654,1567117.9968999359
632,harat_province,middle_east,5,1266066.0194767162,0.0,1266066.0194767162,1564949.2719113056
633,hochelaga_province,north_america,6,774.4838594093703,1310036.6432356336,1310811.127095043,1562412.5179819232
634,kelantan_province,south_east_asia,5,6171.585554515133,1180470.6365921549,1186642.22214667,1562222.4999150038
635,macina_province,west_africa,7,1170294.4878671959,0.0,1170294.4878671959,1560706.2988505955
636,bosnia_province,eastern_europe,6,0.5595056391166539,534578.8390998031,534579.3986054423,1558776.8234311226
637,maia_province,pacific_islands,6,0.0,1226857.2287165434,1226857.2287165434,1556839.3823061115
638,keweenaw_province,north_america,5,32084.225294623528,1106220.8984266326,1138305.1237212562,1556218.264186413
639,north_darfur_province,east_africa,7,1180484.0305134805,0.0,1180484.0305134805,1555294.5343276656
640,east_qassim_province,middle_east,6,1193734.6456353888,0.0,1193734.6456353888,1554451.4763398124
641,kanem_province,west_africa,4,1305942.083822223,0.0,1305942.083822223,1550184.844300001
642,muhheakantuck_province,north_america,4,3676.4122261400003,1332753.199927092,1336429.612153232,1548483.313672386
643,arrah_province,south_asia,6,578529.8578855696,10323.958075810206,588853.8159613798,1547835.5429565522
644,bone_province,south_east_asia,5,21400.34083542219,1234551.8875404072,1255952.2283758295,1546821.2569228082
645,lower_mahakam_province,south_east_asia,6,6266.851472688786,1299062.4905129916,1305329.3419856804,1546120.5097338904
646,taizhou_province,east_asia,7,974.140445793355,550725.1929362704,551699.3333820638,1545411.7500548216
647,ardestan_province,middle_east,6,1276628.1728468242,0.0,1276628.1728468242,1545331.6944526774
648,yarkand_province,east_asia,4,1312283.0186396362,0.0,1312283.0186396362,1543818.3959695909
649,fuzhou_jiangxi_province,east_asia,6,2492.0756935632435,504683.2748643101,507175.3505578734,1543697.2693776074
650,kab_koj_province,north_america,5,32912.18549470962,995734.4536264917,1028646.6391212014,1540852.4690113515
651,mende_province,west_africa,5,48492.030292516305,1214395.991783061,1262888.0220755772,1538874.0248350245
652,guzzula_province,north_africa,10,1065487.548214667,0.0,1065487.548214667,1538423.4917415003
653,banten_province,south_east_asia,6,1855.0733754903133,828754.7780336327,830609.8514091229,1537436.0828352633
654,lower_kapuas_province,south_east_asia,6,7296.914601672925,1227141.5446648677,1234438.4592665408,1536118.2666748585
655,upper_barito_province,south_east_asia,6,4317.376314705963,1304137.9871300196,1308455.3634447255,1535012.2838753161
656,mayaca_province,north_america,3,157725.12375114972,1081014.8752775816,1238739.9990287316,1533082.498907323
657,banjar_province,south_east_asia,7,11263.719075660092,1259145.796301477,1270409.5153771369,1530460.704799279
658,odonga_province,southern_africa,5,1087238.4963006654,0.0,1087238.4963006654,1530268.3083382486
659,pathein_province,south_east_asia,5,216843.18872605986,758275.0794189433,975118.2681450031,1530133.0516631287
660,altayskoye_province,north_asia,6,18831.860780104686,1052704.5770274117,1071536.4378075164,1529478.492533456
661,oswegatchie_province,north_america,5,8491.715065427445,1309721.8995837283,1318213.6146491556,1526865.3164803002
662,zaranj_province,middle_east,7,1237778.8172474601,0.0,1237778.8172474601,1525251.1694033928
663,sharqiyya_province,north_africa,4,521951.41583666456,0.0,521951.41583666456,1524320.3428162476
664,misratah_province,north_africa,6,1262903.289919308,0.0,1262903.289919308,1524266.2011592214
665,olympic_province,north_america,6,19828.674792431902,1207682.3124735102,1227510.9872659422,1523824.8606741847
666,uren_province,eastern_europe,8,607.9793742688374,1286642.625804429,1287250.6051786977,1522406.9308260349
667,lehigh_province,north_america,4,2837.070853629204,1321981.8719784012,1324818.9428320306,1521921.3106860344
668,kutulo_province,east_africa,4,1148036.7520099601,0.0,1148036.7520099601,1521041.346011205
669,yunga_province,south_america,9,271.4913111633417,1178623.8533673307,1178895.3446784941,1520882.2627633058
670,mahja_province,south_asia,11,805488.2975887259,0.0,805488.2975887259,1520424.3347873166
671,coweta_province,north_america,4,34389.11804650332,1247788.3298580286,1282177.4479045318,1520074.6288925982
672,tenasserim_province,south_east_asia,7,180701.49115393002,807866.6392385677,988568.1303924978,1518264.14669156
673,guangde_province,east_asia,3,7665.49148902953,691070.6481608887,698736.1396499182,1517328.1571061579
674,pannai_province,south_east_asia,7,1747.551990437461,1119629.4481324,1121377.0001228375,1511299.1251381922
675,novosyolovo_province,north_asia,5,3432.95850203961,1224183.5063730304,1227616.46487507,1510443.522984454
676,tlalnahuac_province,north_america,6,41325.89903984577,996857.0381223983,1038182.9371622441,1509955.8043075248
677,djerid_province,north_africa,6,1169443.206581159,0.0,1169443.206581159,1507998.607403804
678,sarasvata,south_asia,5,773599.9077895242,0.0,773599.9077895242,1503674.8962632148
679,oasis_province,north_africa,6,1197910.060440709,0.0,1197910.060440709,1501773.8179957978
680,sukadana_province,south_east_asia,6,7490.843346266481,830314.224759476,837805.0681057426,1501655.7016189604
681,sarh_province,central_africa,6,1212559.389035589,0.0,1212559.389035589,1498004.3126650376
682,mountain_dakelh_province,north_america,6,41.13867192949876,958777.5508728564,958818.6895447859,1497171.0257378842
683,cuchumatan_province,north_america,6,15020.147428184075,1209140.2602092524,1224160.4076374364,1496430.458592116
684,kachari_province,south_asia,8,20381.724571159793,1212540.396496705,1232922.1210678648,1496162.386201348
685,qujing_province,east_asia,7,1523.8708646679484,916132.5830298031,917656.453894471,1494738.51063128
686,teshio_province,east_asia,5,486.3024632125258,659867.3629656846,660353.6654288971,1491022.8736075093
687,orsha_province,eastern_europe,6,2.659837243205844,496173.9189885532,496176.57882579643,1489698.651179021
688,almaty_province,central_asia,8,891007.8902986165,0.0,891007.8902986165,1489508.8765859436
689,tanasi_province,north_america,6,2640.2626618269906,1188323.8680520132,1190964.13071384,1486084.64705307
690,chiang_rai_province,south_east_asia,5,68688.80256177888,1064435.7578706555,1133124.5604324345,1481765.1304864888
691,vyadhapura_province,south_east_asia,5,88579.04701300705,1010389.7075836298,1098968.7545966369,1480464.8489212163
692,south_ktunaxa_province,north_america,6,4816.344260834257,1245673.8803874513,1250490.2246482857,1479926.5027293211
693,bozhou_province,east_asia,5,1074.5187740147726,482995.6119467416,484070.13072075637,1478328.8970608509
694,manitoulin_province,north_america,4,41660.77751295529,511493.096981456,553153.8744944113,1477298.1088062127
695,vladimir_province,eastern_europe,8,2536.4890248169645,1032462.3013597743,1034998.7903845912,1475998.6391826652
696,shimotsuke_province,east_asia,6,2541.6305374521976,623941.0067143331,626482.6372517853,1475417.9669082586
697,flores_province,south_east_asia,6,10973.069635941545,1045981.9337775691,1056955.0034135107,1474824.3788401994
698,chinali_province,north_america,3,1245974.2905168806,0.0,1245974.2905168806,1471471.0768314907
699,ganzhou_province,east_asia,4,2411.0841068249774,597399.8904254877,599810.9745323127,1471287.346348852
700,dardeling_province,eastern_europe,5,1031927.8421849164,0.0,1031927.8421849164,1470293.822458031
701,turrbal_province,australasia,9,204901.88908403064,780667.208952303,985569.0980363337,1467640.2352908752
702,roanoke_province,north_america,6,120494.72660262775,856868.709285889,977363.4358885168,1464033.8653745814
703,temiscamingue_province,north_america,10,1738.6816742293845,866445.2797535269,868183.9614277564,1461581.9566062258
704,badimaya_province,australasia,10,1027789.7083408413,0.0,1027789.7083408413,1461138.4218834464
705,wakgun_province,australasia,8,1156318.737209075,0.0,1156318.737209075,1460608.5793602092
706,wapocomo_province,north_america,4,924.8547966760738,1184745.6192011554,1185670.4739978313,1459879.2832475603
707,ennarea_province,east_africa,5,12216.545831197405,688197.7188547556,700414.264685953,1457341.0477716972
708,nanningjun_province,east_asia,4,55416.001832104914,932142.8636520184,987558.8654841232,1456378.7236696389
709,gurbantunggut_province,east_asia,5,1212724.2052930302,0.0,1212724.2052930302,1455439.7309546592
710,capibaribe_province,south_america,8,328496.99982143124,592683.2319860506,921180.2318074817,1453702.760783417
711,bam_province,middle_east,6,1190408.6663096205,0.0,1190408.6663096205,1451709.7495983231
712,chumash_province,north_america,6,1021805.4523035521,0.0,1021805.4523035521,1451031.133841496
713,warangal_province,south_asia,14,433336.5701513851,0.0,433336.5701513851,1449378.6414203083
714,huizhou_guangdong_province,east_asia,8,5742.266270352591,519960.3336697989,525702.5999401516,1448665.4249326703
715,braj_province,south_asia,6,716871.7430878801,0.0,716871.7430878801,1446605.7109738651
716,kabikabi_province,australasia,9,571396.6509866499,0.0,571396.6509866499,1446071.2323599812
717,yaqui_province,north_america,9,832411.7234865016,0.0,832411.7234865016,1444963.1889223142
718,uzen_province,east_asia,6,1518.1643889125032,877493.821199711,879011.9855886234,1444513.4837872013
719,gwadar_province,middle_east,8,1011084.4619809766,0.0,1011084.4619809766,1441220.0197285987
720,bombala_province,australasia,6,1507.4460203159651,1010265.4544051697,1011772.9004254857,1439744.5129786714
721,kutch,south_asia,4,994601.8022280309,0.0,994601.8022280309,1439552.0275065347
722,lower_gezira_province,east_africa,5,1153651.1373620462,0.0,1153651.1373620462,1438482.5295323017
723,lower_emba_province,central_asia,5,1119135.88091833,0.0,1119135.88091833,1435652.8660331212
724,minusinsk_province,north_asia,5,6245.033844570694,1188596.296877782,1194841.3307223527,1435321.4970626468
725,luan_nanzhili_province,east_asia,7,237758.5033219208,700462.8441842867,938221.3475062074,1433499.0159444835
726,mahicannituck_province,north_america,4,1564.458554456944,1215144.0577147128,1216708.5162691695,1429547.0808028157
727,anbuk_province,east_asia,5,10757.856292631808,711165.6318326149,721923.4881252467,1425288.9241409027
728,pagaruyung_province,south_east_asia,7,759.697377732998,808480.4118666123,809240.1092443452,1424520.1228998883
729,southern_rayalaseema,south_asia,17,465116.7882622963,0.0,465116.7882622963,1424381.3867950833
730,iwaki_province,east_asia,10,923.0398049574873,905716.3573544003,906639.3971593578,1423844.3218042776
731,baawitigong_province,north_america,7,1946.7607216205204,635460.3367906325,637407.097512253,1423582.9847012847
732,zinder_province,west_africa,4,1119778.0529899972,0.0,1119778.0529899972,1422875.3096137468
733,manubara_province,pacific_islands,5,6516.9910591852195,1038707.9341590893,1045224.9252182746,1421128.040870559
734,isfahan_province,middle_east,6,1199024.2017379478,0.0,1199024.2017379478,1420902.2269551912
735,camanducaia_province,south_america,7,0.0,1128545.4053864426,1128545.4053864426,1418113.5810597478
736,etzanoa_province,north_america,6,964925.3041979447,0.0,964925.3041979447,1417415.9672226878
737,sharat_province,middle_east,8,1041249.0501405995,0.0,1041249.0501405995,1415530.1814081743
738,hailar_province,east_asia,5,20000.67131542971,1128831.13592477,1148831.8072401998,1413935.7831452247
739,cofitachequi_province,north_america,4,5897.07029855859,1208574.5873468344,1214471.657645393,1413530.614851067
740,nafusa_province,north_africa,6,1145325.7788888249,0.0,1145325.7788888249,1413366.501249928
741,trengganu_province,south_east_asia,4,308.934549029398,422248.315561836,422557.25011086545,1412501.9063747237
742,deli_province,south_east_asia,7,2208.954003902505,1118744.4107471714,1120953.364751074,1409572.5353449583
743,ghana_province,west_africa,6,1141709.0944919572,0.0,1141709.0944919572,1409297.7313034518
744,tarusa_province,eastern_europe,4,777.6044196564812,468048.12319562153,468825.727615278,1406053.9435671878
745,haouz_province,north_africa,10,616679.0776141513,0.0,616679.0776141513,1405888.9623159203
746,catawba_province,north_america,4,1909.411250571653,1205383.1464106021,1207292.5576611739,1403204.1273688208
747,kurchum_province,north_asia,5,489552.51516085886,508500.459536088,998052.9746969468,1402934.596534065
748,lower_zeya_province,east_asia,6,19525.201599452266,1103452.2641729177,1122977.4657723699,1402849.6489939163
749,wuntho_province,south_east_asia,4,83061.10410379812,1099744.1051002287,1182805.2092040267,1398155.8603545302
750,terek_province,eastern_europe,5,938152.5900736079,0.0,938152.5900736079,1397421.6638328088
751,baram_province,south_east_asia,6,4775.280966245435,1073288.2720445956,1078063.553010841,1397321.497137196
752,tutelo_province,north_america,5,2733.3123480155386,1175163.5803608354,1177896.8927088508,1397134.0042974572
753,manmaw_province,south_east_asia,6,75093.84851248829,1061395.5036950049,1136489.3522074933,1395550.52123343
754,mondo_province,west_africa,4,1076325.173893133,0.0,1076325.173893133,1395365.8206297746
755,barus_province,south_east_asia,6,0.0,478402.3155177182,478402.3155177182,1393202.604957433
756,wyoming_province,north_america,5,1649.2361676896307,1175459.9782615867,1177109.2144292765,1390622.866232936
757,bratsk_province,north_asia,5,6168.283796753587,1148862.6840110326,1155030.9678077863,1389409.8387837596
758,krasnaya_gorka_province,eastern_europe,6,3235.942453817276,1058458.3372491738,1061694.2797029908,1387906.0646658647
759,tewelmapu_province,south_america,6,1165668.4232782002,0.0,1165668.4232782002,1386751.9761879751
760,paranagua_province,south_america,7,2344.334129129155,1026968.5992104819,1029312.933339611,1386352.0500070625
761,qusdar_province,middle_east,6,1127188.1130319308,0.0,1127188.1130319308,1379461.6271609222
762,lower_musi_province,south_east_asia,7,681.9470973488819,1101671.6393590309,1102353.5864563799,1378522.7847634275
763,upper_cagayan_province,south_east_asia,5,4121.9643967831835,1028437.4630325465,1032559.4274293296,1376504.3558579958
764,mataram_province,south_east_asia,6,3030.017873015816,948524.7773497242,951554.7952227399,1375374.1446255823
765,windward_islands_province,north_america,12,25097.83694635891,810168.2329595975,835266.0699059564,1372799.328644201
766,yazhelbitskaya_province,eastern_europe,8,301.12708353899126,979370.5218430528,979671.6489265918,1372130.605042416
767,wirrai_durhai_province,australasia,9,877100.2819167376,0.0,877100.2819167376,1370362.8171563298
768,northern_arakhan_province,south_east_asia,6,79275.66925016753,520449.3607943106,599725.0300444781,1368815.658800038
769,ghazni_province,middle_east,6,1134090.9026786115,0.0,1134090.9026786115,1366977.2655134378
770,kalispel_province,north_america,6,4531.308579477501,1070454.8956696359,1074986.2042491133,1364609.4797802526
771,pelisipi_province,north_america,4,876.0021450366711,1175455.7271387514,1176331.7292837882,1358248.1954442617
772,phankeska_wakpa_province,north_america,5,1082330.4348314316,0.0,1082330.4348314316,1357121.7391853605
773,sao_province,central_africa,5,757649.9888097534,0.0,757649.9888097534,1356356.2374109726
774,mosega_province,southern_africa,6,832299.2430388131,0.0,832299.2430388131,1353711.6484186647
775,beshbalik_province,east_asia,5,990026.2822817585,0.0,990026.2822817585,1350029.5675669783
776,cameroon_province,west_africa,6,776.7358228914018,938928.2811131687,939705.01693606,1349668.1440530675
777,whanganui_province,australasia,6,0.0,769002.1831238723,769002.1831238723,1347752.456014356
778,rafsanjan_province,middle_east,8,1112739.7450967464,0.0,1112739.7450967464,1344082.2132338395
779,upper_doab_province,south_asia,6,645972.3074414183,3560.848776075461,649533.1562174937,1343849.8007446805
780,mendawai_province,south_east_asia,6,183.79062672435867,1039854.7490397057,1040038.5396664301,1342168.3571247337
781,nagaur_province,south_asia,4,880958.9439748257,0.0,880958.9439748257,1335328.8119716789
782,mongpai_province,south_east_asia,5,45875.74926748696,914499.4095484961,960375.158815983,1334672.0536679807
783,ternate_province,south_east_asia,6,642.2940968263498,662537.6806466574,663179.9747434837,1332202.4715864193
784,paser_province,south_east_asia,6,2464.3054398482077,1057106.3146956023,1059570.6201354505,1330391.9476523818
785,dhalam_province,middle_east,6,1032128.4490707075,0.0,1032128.4490707075,1329894.505204546
786,guangxin_province,east_asia,6,3847.4179377229734,629752.2234822594,633599.6414199824,1327049.5965974801
787,charchan_province,east_asia,6,1045031.4542116106,0.0,1045031.4542116106,1325285.385988062
788,mayurbhanj,south_asia,5,221572.6082017026,417161.4377007777,638734.0459024804,1324950.8016402903
789,baglana,south_asia,8,416539.53810554044,276997.2575592665,693536.795664807,1324728.8951229078
790,brigida_province,south_america,8,862267.4492945169,0.0,862267.4492945169,1323300.8804563317
791,sirjan_province,middle_east,7,1036684.3953557191,0.0,1036684.3953557191,1321519.9447751842
792,thaton_province,south_east_asia,5,149832.32009009816,504525.036390795,654357.3564808932,1318902.0260410048
793,melpa_province,pacific_islands,6,0.0,685373.1356152142,685373.1356152142,1316669.7775671158
794,echigo_province,east_asia,10,962.6139975374695,675233.6987470717,676196.3127446091,1315345.8518376853
795,youzhou_province,east_asia,5,1905.488025455059,631884.258034241,633789.7460596961,1313763.464317158
796,kooapudna_province,australasia,8,730859.2944927575,0.0,730859.2944927575,1312716.7063043523
797,gorodets_province,eastern_europe,6,716.3022670276979,759046.9371516686,759763.2394186964,1311483.6443460335
798,sighnaq_province,central_asia,5,1081131.679175863,0.0,1081131.679175863,1310773.139072846
799,arrow_lakes_province,north_america,8,24100.614663207605,886946.3368362583,911046.9514994659,1310677.820436899
800,orlov_province,eastern_europe,7,492.9387056162383,1095712.4014786584,1096205.3401842748,1309731.007707309
801,afif_province,middle_east,5,1066895.4667354322,0.0,1066895.4667354322,1303757.4000773611
802,kituwa_province,north_america,7,529.0473718053349,1064048.4507468562,1064577.4981186613,1303399.685383494
803,yangikent_province,central_asia,4,1007335.0965420164,0.0,1007335.0965420164,1302001.9836097686
804,tripolitania_province,north_africa,5,1050749.680185907,0.0,1050749.680185907,1301343.3902091454
805,lower_argun_province,east_asia,6,0.0,971134.4598012959,971134.4598012959,1300651.267276458
806,wenzhou_province,east_asia,6,392.2802673160015,476320.26980495814,476712.55007227417,1300176.6188313086
807,akhsikath_province,central_asia,6,18635.197299224477,610509.4831279499,629144.6804271743,1299537.7654805712
808,powhatan_province,north_america,5,14437.552371608164,1089567.4096124237,1104004.9619840318,1299380.582232036
809,yakama_province,north_america,5,528674.7755814483,411940.2334899005,940615.0090713489,1297816.8852052675
810,north_tutchone_province,north_america,4,0.0,417003.615611424,417003.615611424,1297129.0675628518
811,yaroslavl_province,eastern_europe,7,420.56113622030614,683226.760288279,683647.3214244994,1296728.236602562
812,yuat_province,australasia,6,804395.2390260152,0.0,804395.2390260152,1295319.643904267
813,mikkwa_province,north_america,4,12192.565094902675,1043923.945564887,1056116.5106597897,1291631.0744922634
814,washm_province,middle_east,5,1077635.9754556543,0.0,1077635.9754556543,1291090.4723876112
815,shizhou_province,east_asia,8,181.9983673851803,984944.8362914562,985126.8346588414,1290517.6889911967
816,kedah_province,south_east_asia,3,23182.18430212864,657174.1683724124,680356.3526745411,1289650.8967588586
817,lower_kosi_province,south_asia,7,141888.74836743996,629210.4501232264,771099.1984906663,1288236.5983019997
818,grebo_province,west_africa,4,0.0,933073.2512624632,933073.2512624632,1288207.4076702711
819,saskatchewan_province,north_america,3,3721.287483769842,1072320.134794824,1076041.422278594,1287046.6000634183
820,kafue_province,central_africa,6,583420.9037650452,116151.57314126103,699572.4769063062,1286519.0365195945
821,koh_e_sulayman_province,south_asia,8,716921.0538075748,0.0,716921.0538075748,1285786.1855335217
822,bolkhuny_province,eastern_europe,6,985766.1282305362,0.0,985766.1282305362,1285611.8942593534
823,qom_province,middle_east,7,945230.2495771365,0.0,945230.2495771365,1285009.0307742786
824,upper_tana_province,east_africa,5,848114.0363659601,127479.62231180473,975593.6586777649,1284292.8660124857
825,nunatonowago_province,north_america,5,0.0,1002187.5441635218,1002187.5441635218,1283835.987183962
826,ugo_province,east_asia,8,1527.6109520470197,961039.5698029319,962567.1807549789,1282013.0783493512
827,northern_aceh_province,south_east_asia,7,3368.0101527518254,850469.69409388,853837.7042466318,1280067.417277461
828,wichi_province,south_america,11,189784.03141107518,722987.2824522351,912771.3138633103,1279992.7280962241
829,khulays_province,middle_east,7,915656.5026689146,0.0,915656.5026689146,1278738.565502529
830,kunene_province,central_africa,9,796390.4582924941,0.0,796390.4582924941,1278439.2655790558
831,atepec_province,north_america,5,28845.744395199745,875678.7432070966,904524.4876022964,1277465.0485525834
832,dunnneza_province,north_america,5,616.416892437811,1009442.7879708064,1010059.2048632442,1276941.6054711498
833,jaminjung_province,australasia,9,8579.80577825406,883308.4118348062,891888.2176130603,1276749.2448146928
834,irgiz_province,central_asia,5,860400.7673026342,0.0,860400.7673026342,1273950.8632154635
835,sarapul_province,eastern_europe,6,749.8504632474754,1000547.8694736214,1001297.7199368689,1273834.9349289774
836,gayogohono_province,north_america,3,1137.9110510574542,1091093.5481412227,1092231.4591922802,1273760.3915913152
837,sambas_province,south_east_asia,6,7313.226298657316,864462.4287058562,871775.6550045134,1272122.6118800777
838,boruca_province,north_america,7,2115.2754549588963,996942.1870426912,999057.4624976501,1271314.6453098562
839,bastar_province,south_asia,9,541700.8545394259,0.0,541700.8545394259,1269788.4613568543
840,huaian_province,east_asia,6,1000514.6409786611,0.0,1000514.6409786611,1269578.9711009937
841,lamogai_province,pacific_islands,4,0.0,943912.8794028058,943912.8794028058,1268901.9893281565
842,orissa_garjats,south_asia,12,558675.9418456734,0.0,558675.9418456734,1266385.4345763824
843,gojjam_province,east_africa,5,63588.721713800405,877068.6022141572,940657.3239279577,1266364.4894189525
844,menahkwesk_province,north_america,6,2841.431003643608,929909.6948738483,932751.1258774919,1265345.0166121786
845,piumhi_province,south_america,4,0.0,983633.4090679612,983633.4090679612,1262962.5852014562
846,oromia_province,east_africa,6,298300.3942825083,463167.11804117414,761467.5123236824,1262775.9513641428
847,hum_province,eastern_europe,5,1678.8462188551714,598213.8342044307,599892.6804232858,1262129.2654761965
848,cuetlaxtlan_province,north_america,6,67514.36573169654,452313.20849324146,519827.57422493806,1262056.0210030554
849,lower_jambi_province,south_east_asia,6,521.8628144275972,746847.523473847,747369.3862882745,1261540.5595743088
850,ewaso_ngiro_province,east_africa,4,985343.7716060154,0.0,985343.7716060154,1261511.7430567674
851,onyotaaka_province,north_america,4,767.9055220343391,1074053.846552875,1074821.7520749092,1260924.4710842727
852,kumaon_province,south_asia,8,52052.10134097791,807155.5287606909,859207.6301016689,1259108.5838643776
853,abarkuh_province,middle_east,6,1029060.6488343895,0.0,1029060.6488343895,1258943.2299386882
854,bolshoy_uluy_province,north_asia,5,5708.469824249185,1054826.8805859676,1060535.3504102167,1258352.2692114937
855,cherepoves_province,eastern_europe,7,1627.068374349145,940439.5555117413,942066.6238860905,1256699.9518718517
856,htamanthi_province,south_east_asia,6,36584.88767887872,976481.4191425607,1013066.3068214394,1256699.5951741193
857,hissar_province,central_asia,8,470515.80999382236,278309.24200269615,748825.0519965185,1254178.1834960834
858,kaska_province,north_america,6,0.0,1038025.4347024971,1038025.4347024971,1253278.614040309
859,dorogobuzh_province,eastern_europe,6,1637.7465179440558,609685.2934097406,611323.0399276846,1251363.4199186452
860,ochyor_province,eastern_europe,5,95.09822680279578,543575.6042402773,543670.7024670802,1250629.5402754652
861,taihe_province,east_asia,5,423.56368478635204,497831.6794038784,498255.2430886647,1250162.1484747478
862,godwar,south_asia,5,951642.6606327388,0.0,951642.6606327388,1249472.9932118312
863,kurla_province,east_asia,3,1089175.37142007,0.0,1089175.37142007,1248947.2928475789
864,cuauhtochco_province,north_america,4,36716.34840056538,809086.925838219,845803.2742387843,1246278.6835186323
865,itapicuru_province,south_america,10,593927.812717569,47743.213454266486,641671.0261718355,1243879.9044433148
866,nizwa_province,middle_east,7,998358.1316773922,0.0,998358.1316773922,1243527.8981370663
867,metztitlan_province,north_america,4,25844.343966043,854060.6594718728,879905.0034379158,1241893.1288676553
868,shunyuan_province,east_asia,8,1743.0209414419091,877636.0076048117,879379.0285462536,1241301.4071145353
869,waccamaw_province,north_america,5,45937.484173740515,1007760.6780012082,1053698.1621749487,1240535.4324468174
870,north_dalmatia_province,eastern_europe,5,20383.510160495964,438613.44098169915,458996.9511421951,1236371.5700349694
871,myaungmya_province,south_east_asia,6,228697.716429695,688986.3753738655,917684.0918035605,1236019.6032790055
872,okanagan_province,north_america,6,32862.22752622053,788629.9183428505,821492.145869071,1235803.664102705
873,verkh_chebula_province,north_asia,4,2897.1748567638974,1023775.1107753473,1026672.2856321112,1234881.3213361253
874,hitachi_province,east_asia,7,2153.9134734430095,707791.4041781723,709945.3176516154,1234063.4823580673
875,northwest_numu_province,north_america,7,750419.5219436273,75022.52416331522,825442.0461069425,1233497.3018703104
876,winnipegosis_province,north_america,3,6556.586180390066,1002952.651636438,1009509.2378168281,1231322.8925439315
877,jianning_province,east_asia,7,257.70525155767933,513197.7978822904,513455.5031338481,1231262.441025579
878,ningzhou_province,east_asia,5,133.7931774954562,519264.8922611308,519398.6854386263,1231198.5211184546
879,turinsk_province,eastern_europe,7,5596.194040376374,920770.9474318434,926367.1414722197,1231163.0341562473
880,chalbi_province,east_africa,3,1035062.428899265,0.0,1035062.428899265,1229695.2325116731
881,kuripan_province,south_east_asia,6,2675.542421275163,1041025.6361147352,1043701.1785360103,1228163.8258530116
882,kudat_province,south_east_asia,6,1416.1004009733488,953674.1401299168,955090.2405308902,1225226.5205972514
883,cheorwon_province,east_asia,5,729.0228503634387,1016675.2027386648,1017404.2255890283,1224454.7537876568
884,balkh_province,central_asia,8,823304.1748648407,0.0,823304.1748648407,1219842.1967229457
885,doeg_province,north_america,3,1275.5477538371408,1060252.198725547,1061527.7464793841,1217843.714789307
886,alasha_province,east_asia,5,892471.5675013056,0.0,892471.5675013056,1216655.5134389687
887,amol_province,central_asia,5,1007410.9784036193,0.0,1007410.9784036193,1214337.3507040716
888,al_hisu_province,middle_east,6,951325.6067166469,0.0,951325.6067166469,1214241.3075562278
889,mweru_province,central_africa,10,672051.9341149706,0.0,672051.9341149706,1213933.425879342
890,doboka_province,eastern_europe,5,170.36339921332478,425323.52815796266,425493.89155717596,1213305.628001823
891,wewoka_province,north_america,4,131092.7313629175,894842.1170088787,1025934.8483717962,1212676.7044182708
892,outaouais_province,north_america,5,100.66878854413922,921123.4188906206,921224.0876791647,1211877.0986390603
893,pologoye_zaymishche_province,eastern_europe,6,832354.452334916,0.0,832354.452334916,1210898.7588767805
894,al_bayda_province,north_africa,4,966353.1279029669,0.0,966353.1279029669,1209772.2688908377
895,jaisalmer_province,south_asia,4,901081.1741038936,0.0,901081.1741038936,1208341.3208668805
896,mudugh_province,east_africa,6,687955.9476869694,0.0,687955.9476869694,1208200.4411478406
897,mongnai_province,south_east_asia,6,28052.15638207307,632936.3552506643,660988.5116327374,1207112.0755868296
898,kracheh_province,south_east_asia,3,59603.17253050916,991820.8620565536,1051424.034587063,1206477.0389104458
899,central_doab_province,south_asia,4,519247.82497831667,0.0,519247.82497831667,1205153.8031006062
900,faraveh_province,central_asia,7,913888.7542470363,0.0,913888.7542470363,1204749.8485279158
901,rey_province,middle_east,8,831761.3371434832,0.0,831761.3371434832,1203481.5042864187
902,suzun_province,north_asia,5,54526.07260566503,854568.3955846322,909094.4681902971,1202731.2767140842
903,rechna_doab_province,south_asia,8,865808.7820583419,0.0,865808.7820583419,1202409.8798156348
904,paxtang_province,north_america,3,1818.4008817468782,1037434.4852541444,1039252.8861358913,1200659.4969028777
905,kharakhoen_province,southern_africa,4,1004057.0445747783,0.0,1004057.0445747783,1200439.1751466256
906,nguru_province,west_africa,4,907859.2530141231,0.0,907859.2530141231,1200216.6596408885
907,caly_province,south_america,7,2206.9426156966406,562412.4264357168,564619.3690514135,1199946.79018284
908,tulsa_province,north_america,3,111649.37126877086,850328.4164471953,961977.7877159661,1199225.0111804619
909,tugaloo_province,north_america,4,3334.64673868102,853257.8321700001,856592.4789086811,1198791.5387722664
910,hamadan_province,middle_east,7,892401.5186358475,0.0,892401.5186358475,1197451.7084653284
911,jawf_province,middle_east,5,888012.533591208,0.0,888012.533591208,1197014.1002901092
912,makuria_province,east_africa,5,894680.0995387078,0.0,894680.0995387078,1196640.1119810462
913,kolomna_province,eastern_europe,6,1654.8169536451994,611643.0054367606,613297.8223904059,1196210.0501892066
914,ogoki_province,north_america,8,0.0,828069.919649913,828069.919649913,1195953.6596061522
915,grande_province,south_america,8,666156.7559851136,231157.41764787748,897314.173632991,1195103.4453371149
916,suifun_province,east_asia,5,414.6956483393342,873842.2494743263,874256.9451226655,1192789.0632629988
917,north_turkana_province,east_africa,4,847774.0222986427,0.0,847774.0222986427,1192245.775085973
918,waropen_province,pacific_islands,6,0.0,745798.4232176627,745798.4232176627,1190023.2261198706
919,shuntaneshnanga_province,north_america,5,132885.21943143944,698767.9555696776,831653.1750011172,1189859.8218762567
920,upper_yenisei_province,east_asia,4,2692.579800026544,862288.3240203098,864980.9038203364,1187978.5167978785
921,mayaimi_province,north_america,5,191426.3420042668,505549.56834100955,696975.9103452764,1184597.899138436
922,arid_province,middle_east,5,960947.0468353448,0.0,960947.0468353448,1184565.427689763
923,bornu_province,west_africa,5,871262.7508987996,0.0,871262.7508987996,1183795.5947611495
924,ufa_province,eastern_europe,4,4211.415366338608,871113.8470090162,875325.2623753548,1182740.920172274
925,baoqing_province,east_asia,6,1763.4026402900536,960905.5113429837,962668.9139832738,1178627.528231183
926,gaspe_province,north_america,8,3569.253452602994,518455.3835161239,522024.63696872693,1177902.7165898178
927,tuckabutche_province,north_america,3,21861.045113547938,977683.6975421002,999544.7426556482,1177362.8354876041
928,sozak_province,central_asia,6,889508.8563643963,0.0,889508.8563643963,1177322.4634099458
929,bassa_province,west_africa,4,5632.947011841025,862395.2604534482,868028.2074652892,1176781.7333984503
930,bayamo_province,north_america,8,566879.55563163,0.0,566879.55563163,1176614.500085584
931,lika_province,eastern_europe,7,16882.66674851305,730796.4817421084,747679.1484906215,1176389.042051949
932,weeminuche_province,north_america,5,371740.156615736,222375.2442826746,594115.4008984107,1175754.826010712
933,puadh_province,south_asia,6,535621.5129633241,0.0,535621.5129633241,1175199.2020837397
934,mbekuru_province,east_africa,3,51871.65030015677,924971.9060541182,976843.556354275,1173199.0008985596
935,tepecoacuilco_province,north_america,6,19583.954010616668,766181.6277176485,785765.5817282652,1173111.2794442982
936,khukhan_province,south_east_asia,5,170555.3623468682,702688.4647132158,873243.8270600841,1171399.3054425947
937,kiokee_province,north_america,4,39092.34032842169,793996.0679179896,833088.4082464112,1171224.4592772126
938,qiongzhou_province,east_asia,7,20306.171715279634,662031.6365834005,682337.8082986801,1170380.0343360151
939,nafud_province,middle_east,6,850319.4880754098,0.0,850319.4880754098,1168109.424084836
940,ganggye_province,east_asia,5,1068.8427540250539,948056.561773041,949125.404527066,1167891.0800929493
941,guancavilca_province,south_america,9,15715.365840555101,339102.7107527117,354818.07659326674,1167545.336167425
942,lower_onon_province,east_asia,4,1201.0700157195408,942745.3623300025,943946.432345722,1166564.736388937
943,wadai_province,central_africa,5,921906.097804292,0.0,921906.097804292,1166519.3600298285
944,bali_province,south_east_asia,5,28210.81334854787,742107.0557643832,770317.8691129311,1165857.6027520476
945,shinano_province,east_asia,11,253.707321202331,656517.2797525352,656770.9870737375,1165242.3604579547
946,tafilalt_province,north_africa,6,767183.6556431054,0.0,767183.6556431054,1164581.6125984935
947,chizhou_province,east_asia,5,2952.7850407754095,628242.9568462478,631195.7418870232,1163470.2096229012
948,melamela_province,pacific_islands,4,0.0,450442.66480523115,450442.66480523115,1159247.9979058849
949,dumka_province,south_asia,6,190076.86248319596,393374.43047547387,583451.2929586698,1158132.7045785035
950,kespukwitkw_province,north_america,7,7432.325634292013,582757.7932700652,590190.1189043572,1156713.8837674018
951,ningbo_province,east_asia,6,8375.836359513083,283675.60367474414,292051.44003425725,1155432.8700385394
952,zagreb_province,eastern_europe,6,64851.10409282888,572034.5363693282,636885.6404621571,1154121.3455199269
953,choco_province,south_america,8,14185.160846037628,943734.9529223319,957920.1137683695,1153035.1279894158
954,potomac_province,north_america,4,3274.6760121014013,937474.3567048456,940749.0327169469,1150592.6618065652
955,manado_province,south_east_asia,6,610.008320506568,434301.60354813596,434911.6118686425,1149650.5633522228
956,xinzhou_sichuan_province,east_asia,4,294.2726346608438,516894.32539236115,517188.598027022,1148837.1727803997
957,aztatlan_province,north_america,4,154900.83904791586,399424.55004888057,554325.3890967964,1147866.0627338958
958,upper_gafana_province,east_africa,5,581327.0033923406,22612.82672649115,603939.8301188317,1147432.3088836856
959,hadejia_province,west_africa,6,707577.176061741,0.0,707577.176061741,1147024.3230694586
960,birjand_province,middle_east,7,949497.793251581,0.0,949497.793251581,1146935.0174080287
961,north_benin_province,west_africa,6,164306.12041779002,586666.6774773918,750972.7978951817,1146344.3976320794
962,taoer_province,east_asia,6,121448.0673338518,505403.6607279993,626851.7280618511,1142833.1940695825
963,mattagami_province,north_america,7,1810.574941437707,729473.7832071878,731284.3581486255,1139944.9029172037
964,riau_indragiri_province,south_east_asia,5,238.66285629622303,670039.7081724099,670278.3710287062,1139938.1674072945
965,upper_marathwada,south_asia,9,206026.77686649832,0.0,206026.77686649832,1139655.1239748106
966,lamandau_province,south_east_asia,6,404.81162486780073,903414.8855862285,903819.6972110963,1139422.1593624833
967,chol_province,east_asia,4,15169.132768164427,940287.5363937984,955456.6691619628,1139013.752807208
968,ve_nadu,south_asia,5,84747.55514916466,684676.8491641965,769424.4043133612,1138977.4548525312
969,furat_province,middle_east,4,983234.3279480063,0.0,983234.3279480063,1138763.618941507
970,ashca_province,south_america,14,772835.3789599608,0.0,772835.3789599608,1138314.801329956
971,galich_province,eastern_europe,6,84.35843163203472,925491.8260576414,925576.1844892735,1138023.2075504328
972,samarra_province,middle_east,6,804391.238077804,0.0,804391.238077804,1137815.1428375295
973,hali_province,middle_east,9,865603.1370238793,0.0,865603.1370238793,1136928.5291518643
974,sana_province,middle_east,10,731057.1886915823,0.0,731057.1886915823,1136314.3372780299
975,riau_rokan_province,south_east_asia,6,861.937878368715,799961.5385574927,800823.4764358614,1136051.4109903441
976,aures_province,north_africa,6,800641.1205915492,0.0,800641.1205915492,1135846.2606654929
977,vitebsk_province,eastern_europe,8,1391.1657598882146,930047.4793679429,931438.6451278311,1135618.47576881
978,heeyoteeyo_province,north_america,3,762201.6717806435,0.0,762201.6717806435,1134226.8807532238
979,gaizhou_province,east_asia,5,12265.021646171841,709921.0255784753,722186.0472246471,1134209.303127728
980,hayre_province,west_africa,5,758162.558461939,0.0,758162.558461939,1134182.8782696812
981,guayana_province,south_america,2,0.0,954159.8810852456,954159.8810852456,1134179.8662209013
982,bagirmi_province,central_africa,4,774930.9375216848,0.0,774930.9375216848,1133922.3047118953
983,hawran_province,middle_east,7,881498.9007722661,0.0,881498.9007722661,1130061.2633687994
984,jebel_akhdar_province,north_africa,4,683493.0510256358,0.0,683493.0510256358,1130054.6824038401
985,karagau_province,central_asia,5,816986.4297509835,0.0,816986.4297509835,1128359.7334698564
986,jech_doab,south_asia,6,439417.7528876647,0.0,439417.7528876647,1127719.9719986229
987,vanni,south_asia,4,341508.5433127774,76756.22645871797,418264.76977149537,1127547.8659929323
988,ishikari_province,east_asia,7,1510.5272933465794,756927.1399423713,758437.6672357179,1124367.3756401828
989,kissi_province,west_africa,6,889048.0346018036,0.0,889048.0346018036,1123929.0389270291
990,western_adamawa_province,central_africa,7,422170.3746130099,287793.9351793915,709964.3097924015,1123834.8485164517
991,oklahannali_province,north_america,3,3882.9017505232177,971519.5988383313,975402.5005888545,1123202.8131624614
992,bisert_province,eastern_europe,5,199.95114315954652,781938.6319712038,782138.5831143634,1121780.9060036587
993,shire_province,southern_africa,5,103309.43008377144,456143.94861189235,559453.3786956639,1121010.0510326216
994,kuda_nadu,south_asia,7,124758.04134229325,579190.1419349789,703948.1832772722,1120441.706186931
995,santubong_province,south_east_asia,5,738.7850593162711,866802.5042227434,867541.2892820598,1116608.9504423172
996,karta_pintingga_province,australasia,11,320074.46959275915,0.0,320074.46959275915,1116083.778291854
997,sosso_province,west_africa,6,460974.55587450607,0.0,460974.55587450607,1115971.3753588193
998,wemba_wemba_province,australasia,13,479945.0851618943,35283.08844968469,515228.17361157906,1115131.6953130264
999,yongzhou_province,east_asia,5,2456.45046740826,868104.2708807467,870560.7213481548,1114380.8115166742
1000,bortala_province,east_asia,5,621553.7076153385,80243.36461868706,701797.0722340256,1113521.7062632788
1001,hamheung_province,east_asia,4,310.3487912633984,870425.9517778751,870736.3005691385,1113453.3381402807
1002,banggai_province,south_east_asia,6,748.7326905062745,686708.5584857375,687457.2911762438,1113139.4525732743
1003,chenzhou_province,east_asia,6,258.84315551935583,697366.2663040061,697625.1094595254,1112203.248141966
1004,north_shuswap_province,north_america,6,420.94089557216955,659913.3668641814,660334.3077597535,1111876.0962297227
1005,waalo_province,west_africa,3,935137.6477811167,0.0,935137.6477811167,1111654.8537537563
1006,gird,south_asia,8,535015.919129048,0.0,535015.919129048,1110392.909020179
1007,kelif_province,central_asia,7,871151.3396987156,0.0,871151.3396987156,1107170.257161055
1008,upper_kapuas_province,south_east_asia,5,24.564129253000136,862763.5420813827,862788.1062106357,1106761.6194869652
1009,farghana_province,central_asia,5,492767.14182657027,4525.312149987474,497292.45397655776,1106204.0107236274
1010,tlapan_province,north_america,5,40627.04077357754,764347.6031825778,804974.6439561553,1103596.4744506746
1011,guizhou_province,east_asia,7,2046.9222019222825,752635.2975464831,754682.2197484053,1102142.497216956
1012,jiujiang_province,east_asia,5,5547.103992976724,434352.8890298002,439899.9930227769,1101262.492150624
1013,riau_kampar_province,south_east_asia,6,2642.227009728085,823149.2758409627,825791.5028506907,1101140.440707027
1014,tidni_province,australasia,10,539185.6727711998,0.0,539185.6727711998,1100458.8818675997
1015,khash_province,middle_east,4,925197.2340000742,0.0,925197.2340000742,1099346.8882500834
1016,nagornaya_province,eastern_europe,8,1383.4651313133268,802454.2064115765,803837.6715428898,1097817.380485751
1017,zhangzhou_province,east_asia,9,4197.117950928628,545590.6118780222,549787.7298289508,1096636.1960575697
1018,luzhkaya_province,eastern_europe,8,4177.389286740097,902477.3218330584,906654.7111197985,1096486.550009773
1019,river_dakelh_province,north_america,7,7016.138542207931,609626.8262558252,616642.9647980331,1096473.3353977872
1020,fuzhou_province,east_asia,8,1599.4200394340062,460023.94902921276,461623.36906864675,1096451.2902022277
1021,bheri_province,south_asia,7,7669.973494885994,763625.2818604829,771295.2553553688,1092707.16227479
1022,melawai_province,south_east_asia,5,1113.1960825237081,932946.2239234415,934059.4200059652,1092441.8475067108
1023,ilibalyk_province,central_asia,7,501186.1156221103,157623.71689030546,658809.8325124158,1092161.0615764677
1024,lucknow_province,south_asia,5,419229.18335873727,0.0,419229.18335873727,1091507.8312785793
1025,delhi_province,south_asia,5,524028.71922217857,0.0,524028.71922217857,1091282.3091249508
1026,elki_province,south_america,7,459047.34623581596,0.0,459047.34623581596,1090178.2645152928
1027,golconda_province,south_asia,14,179168.02838024966,0.0,179168.02838024966,1089189.031927781
1028,samegrelo_province,eastern_europe,6,1375.8966301380106,495393.5670841611,496769.46371429914,1088740.6466785865
1029,mbwila_province,central_africa,7,82068.07295483226,416469.3280711236,498537.40102595586,1087354.5761542004
1030,gorgan_province,middle_east,9,662397.8089288553,0.0,662397.8089288553,1087197.5350449623
1031,tara_province,north_asia,5,7079.807236005782,785795.1518321553,792874.9590681612,1086609.3289516813
1032,bidai_province,north_america,4,116533.652313189,725508.0241828569,842041.6764960459,1084546.8860580516
1033,south_betsimisaraka_province,east_africa,4,4170.618160008624,770779.6384337366,774950.2565937452,1084444.0386679634
1034,tsenacommacah_province,north_america,5,18553.907574838064,787670.9807319345,806224.8883067726,1083627.9993451193
1035,basra_province,middle_east,7,823177.1527282093,0.0,823177.1527282093,1082449.2968192354
1036,tongzhou_province,east_asia,3,112613.44994998162,207180.67906827488,319794.1290182565,1082018.3951455385
1037,gyeongju_province,east_asia,6,363.7117216838121,780037.4564328906,780401.1681545745,1081576.3141738963
1038,sambalpur_garjats,south_asia,9,485204.04035805224,89939.19630908607,575143.2366671383,1081286.1412505305
1039,chuzhou_zhejiang_province,east_asia,10,118.43744085220177,426771.64174596366,426890.0791868159,1081001.3390851677
1040,chambeshi_province,east_africa,6,420869.63091975485,358556.68569283135,779426.3166125863,1080479.6061891594
1041,muskegon_province,north_america,3,13418.587133975909,918958.0823596364,932376.6694936124,1080423.7531803139
1042,casamance_province,west_africa,7,644151.0773089888,0.0,644151.0773089888,1079044.9619726124
1043,bungku_province,south_east_asia,5,1143.4240390941272,723711.4496655732,724854.8737046673,1078711.7329177507
1044,chach_province,central_asia,7,550828.5360312447,134519.5467137659,685348.0827450105,1078141.593088137
1045,shekhawati,south_asia,4,599145.1245892122,0.0,599145.1245892122,1077913.2651628638
1046,khandesh,south_asia,10,457552.337635789,0.0,457552.337635789,1074996.3798402627
1047,tesinigh_province,north_america,3,1214.079130271453,930455.9176851264,931669.9968153979,1074003.7464173227
1048,tasmania_province,australasia,9,0.0,562922.8820514323,562922.8820514323,1070913.2423078613
1049,yanping_province,east_asia,7,128.478497181286,558671.1705850472,558799.6490822285,1070774.605217507
1050,bonny_province,west_africa,6,4180.883146646629,662369.8770962398,666550.7602428865,1068244.6052732472
1051,dosso_province,west_africa,5,851215.7651616081,0.0,851215.7651616081,1067867.7358068093
1052,boussouma_province,west_africa,6,465581.5333775308,0.0,465581.5333775308,1067154.2250497222
1053,tes_province,east_asia,5,62570.80761329709,620615.6458084944,683186.4534217914,1066709.7600995153
1054,palawan_province,south_east_asia,5,4897.171233457018,683460.3689236445,688357.5401571016,1064652.2326767393
1055,bangka_province,south_east_asia,4,815.6935171512296,543774.2159392091,544589.9094563603,1063788.6481384053
1056,halab_province,middle_east,8,679308.295803968,0.0,679308.295803968,1063471.8327794638
1057,red_sea_coast_province,north_africa,5,851223.8819388445,0.0,851223.8819388445,1063376.8671812
1058,bhattiana_province,south_asia,4,703963.4359086277,0.0,703963.4359086277,1061958.865397206
1059,astrakhan_province,eastern_europe,4,787802.8689263107,0.0,787802.8689263107,1061778.2275420995
1060,timbuktu_province,west_africa,5,775082.8280464562,0.0,775082.8280464562,1058718.1815522632
1061,north_muntenia_province,eastern_europe,8,9517.007074959582,450556.901014264,460073.90808922355,1057583.1466003763
1062,hims_province,middle_east,8,702795.6620856466,0.0,702795.6620856466,1057270.1198463524
1063,barysaw_province,eastern_europe,5,2.6449304617964966,434404.36068351683,434407.00561397866,1055707.8813157259
1064,west_kra_province,south_east_asia,5,31473.482259431494,608724.813298803,640198.2955582344,1055473.0825030138
1065,hengzhou_province,east_asia,5,3885.903413469203,709242.3557902372,713128.2592037064,1055394.2916041696
1066,raqqa_province,middle_east,6,788778.3571167126,0.0,788778.3571167126,1055000.6517563018
1067,moscow_province,eastern_europe,6,2016.2432185834418,627561.9923842249,629578.2356028083,1053650.5150531593
1068,bolon_province,east_asia,6,55188.2591787235,727077.1104050521,782265.3695837756,1053298.5407817475
1069,huizhou_province,east_asia,7,87.5058273859041,383455.45341750653,383542.95924489247,1051360.829150504
1070,nistassinan_province,north_america,10,829.7092451127307,534556.9865872187,535386.6958323314,1051185.0328113728
1071,nanen_province,east_asia,6,18157.04284301902,445141.57842831244,463298.62127133145,1051085.948930248
1072,east_fezzan_province,north_africa,5,768244.9052069538,0.0,768244.9052069538,1049900.5183578231
1073,smolensk_province,eastern_europe,6,878.9929410408486,630732.8000444346,631611.7929854754,1049188.2671086597
1074,damot_province,east_africa,3,13640.297343775524,854657.5345551034,868297.8318988788,1048835.0608862387
1075,tu_nedhe_province,north_america,5,0.0,782354.6345584706,782354.6345584706,1047773.9638782793
1076,oklafalaya_province,north_america,3,2986.418321695575,844275.0714227689,847261.4897444644,1045419.1759625226
1077,wetsuweten_province,north_america,7,72.00049416657973,756097.6108146571,756169.6113088236,1044190.8127224266
1078,taungoo_province,south_east_asia,5,57154.10394975973,735100.0588163941,792254.1627661537,1043160.9331119229
1079,nura_province,central_asia,5,599459.5879385176,0.0,599459.5879385176,1042267.0364308322
1080,kongu_nadu,south_asia,11,254377.19056989957,14791.626758632685,269168.8173285322,1041939.9194945988
1081,mocama_province,north_america,4,61375.47451149979,559826.8414628733,621202.315974373,1040852.6054711697
1082,coyolapan_province,north_america,6,0.0,707625.6220237302,707625.6220237302,1039078.8247766965
1083,bezanozano_province,east_africa,4,54832.63133355623,684703.3247989645,739535.9561325207,1038977.9506490858
1084,shaozhou_province,east_asia,5,32.041026607270936,389265.1363588337,389297.17738544097,1038709.324558621
1085,amur_province,east_asia,6,0.0,856944.864012944,856944.864012944,1038312.9720145621
1086,kilemba_province,central_africa,7,119647.41389196143,166349.27442219015,285996.6883141516,1036121.2743534206
1087,shashe_province,southern_africa,6,595151.8247038303,0.0,595151.8247038303,1035170.8027918092
1088,wiskapella_province,north_america,3,874905.3774791358,0.0,874905.3774791358,1031518.5496640278
1089,chyorny_yar_province,eastern_europe,6,696304.8621270852,0.0,696304.8621270852,1029717.9698929709
1090,szekelyfold_province,eastern_europe,9,1222.974865213098,454771.8698219069,455994.84468712,1029369.2002730101
1091,shackamaxon_province,north_america,3,449.24489194537006,851911.3116550473,852360.5565469927,1028655.6261153668
1092,gobir_province,west_africa,4,780120.0776551651,0.0,780120.0776551651,1027260.0873620608
1093,kanpeska_province,north_america,6,649665.3611419263,0.0,649665.3611419263,1026748.5312846671
1094,ural_province,central_asia,8,433566.7661009266,246611.2264542161,680177.9925551428,1026200.2416245356
1095,seogyeong_province,east_asia,6,4279.533970885053,808021.9124208371,812301.4463917221,1024089.1271906872
1096,batina_province,middle_east,7,840923.8065876564,0.0,840923.8065876564,1021414.2824111135
1097,kuizhou_province,east_asia,8,598.6930126421328,728233.996305282,728832.6893179241,1021311.7754826646
1098,tengiz_province,central_asia,4,620258.4735155974,0.0,620258.4735155974,1020665.7827050469
1099,wotapio_province,north_america,7,629153.7806403704,0.0,629153.7806403704,1020548.0032204167
1100,kitami_province,east_asia,7,2157.538830797431,613961.6428927224,616119.1817235198,1020509.0794389597
1101,west_rukwa_province,east_africa,4,802677.2149361639,0.0,802677.2149361639,1020011.8668031844
1102,vyazma_province,eastern_europe,5,1613.7411593208053,516624.8660858219,518238.6072451427,1018393.4331507855
1103,salin_province,south_east_asia,4,57158.25564479153,653202.0935206407,710360.3491654323,1015155.3928111113
1104,oued_edhahab_province,north_africa,4,808251.4272312734,0.0,808251.4272312734,1015032.8556351826
1105,cola_nadu,south_asia,12,315484.3545622938,0.0,315484.3545622938,1014169.8988825806
1106,yunnan_province,east_asia,5,3214.0074511788307,540779.4965398073,543993.503990986,1013617.6919898593
1107,unzha_province,eastern_europe,5,102.07955431211235,841224.2950272964,841326.3745816086,1011742.1714043096
1108,higo_province,east_asia,9,588.7184435008594,518166.43023872597,518755.1486822268,1009974.5422675051
1109,mbunda_province,central_africa,12,214381.64741308356,107780.41652782192,322162.06394090544,1009307.3219335186
1110,imereti_province,eastern_europe,8,615.083455562231,296393.7056996608,297008.78915522306,1009134.887799626
1111,caracas_province,south_america,6,284892.9654932135,488999.74348649074,773892.7089797042,1009004.2976021674
1112,beryozovka_province,eastern_europe,7,31.51578009579431,812665.8642758331,812697.3800559288,1008784.55256292
1113,acarau_province,south_america,11,277214.4470195817,0.0,277214.4470195817,1008241.2528970294
1114,dongnae_province,east_asia,4,712.1643876569065,601575.6227975732,602287.7871852301,1007198.7605833838
1115,tomatlan_province,north_america,4,45487.13004289086,584144.885967946,629632.0160108368,1006461.0180121915
1116,mzab_province,north_africa,4,615347.3355590204,0.0,615347.3355590204,1006140.752503898
1117,maidu_province,north_america,5,389374.87662302546,270768.45001503406,660143.3266380596,1005911.2424678169
1118,orinucu_province,south_america,7,161827.7149175587,499277.902890646,661105.6178082047,1005868.8200342304
1119,kayalyk_province,central_asia,7,563738.6083782772,0.0,563738.6083782772,1005455.9344255617
1120,saguia_el_hamra_province,north_africa,4,837043.2389097151,0.0,837043.2389097151,1004673.6437734294
1121,trakamma_province,southern_africa,6,663889.3904132157,0.0,663889.3904132157,1004500.5642148678
1122,karankawa_province,north_america,5,632837.1473084502,0.0,632837.1473084502,1003316.7907220065
1123,selemdzha_province,east_asia,7,290.4425273082208,391316.1912696657,391606.63379697397,1003057.4630215957
1124,piracicaba_province,south_america,3,0.0,857961.3412309777,857961.3412309777,1002331.50888485
1125,ai_ais_province,southern_africa,5,484782.7128071387,0.0,484782.7128071387,997630.5519080311
1126,nanticoke_province,north_america,3,110856.29408410573,579508.814331471,690365.1084155766,997160.7469675238
1127,cascadia_province,north_america,6,6865.438919149515,765059.4878587713,771924.9267779208,996665.5426251609
1128,vidin_province,eastern_europe,8,17456.327830301154,88386.75532761123,105843.08315791238,996573.4685526515
1129,utembo_province,central_africa,8,553723.011588394,0.0,553723.011588394,996438.3880369432
1130,sirpur_province,south_asia,8,349555.22286895383,0.0,349555.22286895383,996249.6257275731
1131,thanh_hoa_province,south_east_asia,5,6422.579848728729,576717.34958102,583139.9294297487,995782.4206084673
1132,north_selish_province,north_america,5,6511.306716536223,813065.28078229,819576.5874988262,995148.6609361796
1133,mzingwane_province,southern_africa,7,548535.1428143012,0.0,548535.1428143012,995102.0356660889
1134,eastern_gobi_province,east_asia,6,781382.5146570714,0.0,781382.5146570714,994930.3289892053
1135,ahom_province,south_asia,4,3854.5566959042476,454127.02344112843,457981.58013703267,994479.2776541617
1136,malheur_province,north_america,6,643806.9037484998,0.0,643806.9037484998,994282.7667170623
1137,iwase_province,east_asia,10,1533.658563147033,618727.6764573056,620261.3350204526,993669.0018980092
1138,hue_province,south_east_asia,4,15082.058727222246,774868.0447364822,789950.1034637045,993318.8663966677
1139,gatineau_province,north_america,7,72.11681032978345,703830.1750595125,703902.2918698422,993265.0783535725
1140,lukuga_province,east_africa,10,344459.6369548208,61198.23641806796,405657.8733728887,992990.1075444998
1141,greater_ussuri_province,east_asia,6,597.4829354226274,780570.5232981523,781168.0062335749,992439.0070127718
1142,xokleng_province,south_america,5,55.23950783913433,792820.4924340206,792875.7319418597,992110.1984345922
1143,northern_vancouver_province,north_america,5,156.79935483461838,224436.64748228353,224593.44683711813,991792.6276917579
1144,awadh_province,south_asia,4,431097.74632989406,0.0,431097.74632989406,991234.9646211308
1145,chan_chan_province,south_america,11,508430.124656858,1618.5919860795718,510048.71664293756,991179.8062233048
1146,north_oltenia_province,eastern_europe,7,5813.7062438427065,554027.419134082,559841.1253779246,990946.2660501653
1147,ingatambo_province,south_america,7,0.0,572816.693417547,572816.693417547,989793.7800947404
1148,qalancak_province,eastern_europe,6,399510.9442748248,0.0,399510.9442748248,989449.8123091778
1149,tokachi_province,east_asia,7,1117.2577127946165,723200.5525714067,724317.8102842013,989232.5365697264
1150,lower_ghaghara_province,south_asia,6,13129.807612742014,709327.0778261957,722456.8854389378,987138.996118805
1151,banaro_province,pacific_islands,5,694.7663822010943,669344.1578172824,670038.9241994835,986668.7897244189
1152,gorontalo_province,south_east_asia,7,35.745605133401085,632263.2504712101,632298.9960763435,985836.3705858864
1153,guiyang_province,east_asia,5,1379.428585200757,796696.0331308453,798075.4617160461,985584.8944305518
1154,malvana,south_asia,4,236449.4657493729,466314.7980890934,702764.2638384664,985234.7968182747
1155,loei_province,south_east_asia,5,43385.65365600069,658276.131472737,701661.7851287377,983994.5082698299
1156,zhamshy_province,central_asia,5,827315.4459153694,0.0,827315.4459153694,983604.8766547906
1157,derevskaya_province,eastern_europe,7,396.7404973003041,673454.2982007691,673851.0386980695,983082.4185353282
1158,mosopeleacipi_province,north_america,4,1162.0623838551705,844629.1466859018,845791.209069757,983015.1102034767
1159,taiping_province,east_asia,3,8593.754769991434,264006.158546804,272599.9133167954,982799.9024813948
1160,lower_zambezi_province,southern_africa,4,601303.8192323227,93255.58541532606,694559.4046476488,981629.3302286048
1161,mecca_province,middle_east,7,667513.0269607811,0.0,667513.0269607811,980452.1553308787
1162,kostroma_province,eastern_europe,5,27.030110994804396,687403.2098533198,687430.2399643145,979234.019959854
1163,xiangxiang_province,east_asia,5,3639.5747101731617,750519.4335675808,754159.0082777541,978928.8843124732
1164,east_nuwuvi_province,north_america,5,514826.98299353407,0.0,514826.98299353407,978555.3558677258
1165,muriae_province,south_america,6,0.0,636359.7843619545,636359.7843619545,978029.7574071989
1166,marandet_province,west_africa,3,714172.149491651,0.0,714172.149491651,977818.6681781075
1167,yanbu_province,middle_east,6,593314.78672604,0.0,593314.78672604,976854.1350667949
1168,donji_kraji_province,eastern_europe,4,671.683384603681,742673.8331762482,743345.5165608518,974638.7061309584
1169,polotsk_province,eastern_europe,6,889.4571607883764,573443.4507232097,574332.9078839981,974624.5213694979
1170,esfarayen_province,central_asia,7,676226.2786248381,0.0,676226.2786248381,974504.5634529429
1171,west_muntenia_province,eastern_europe,8,47362.225008652305,222729.35444756196,270091.57945621427,973228.0268882411
1172,tariaca_province,north_america,6,5326.682898517438,557466.3777704855,562793.0606690029,972892.1932526283
1173,barat_daya_province,south_east_asia,7,31178.966288763408,464867.9141890586,496046.880477822,970927.7405375497
1174,sicheng_province,east_asia,6,13.588495816201561,325605.19633602956,325618.7848318458,970446.1329358266
1175,gourara_province,north_africa,4,795434.6465932251,0.0,795434.6465932251,970238.9774173783
1176,onondagega_province,north_america,3,370.7729480525307,840646.6684321074,841017.44138016,969769.62155268
1177,touggourt_province,north_africa,4,622561.4130485301,0.0,622561.4130485301,969256.5896795962
1178,buandig_province,australasia,11,0.0,0.0,0.0,968625.0
1179,rikuzen_province,east_asia,9,27271.355061353024,564114.3324696663,591385.6875310192,967933.8984723967
1180,lages_province,south_america,4,2572.1625181528902,821474.9721788852,824047.1346970381,967553.0265341678
1181,tiz_province,middle_east,7,749392.7521787985,0.0,749392.7521787985,966816.8462011483
1182,jianchang_province,east_asia,4,85.15105725699502,367302.1043364218,367387.2553936788,966810.6623178886
1183,paraguana_province,south_america,8,508060.03415908315,0.0,508060.03415908315,966442.5384289685
1184,kabul_province,middle_east,7,243718.28195453176,88250.96564693675,331969.2476014685,966340.403551652
1185,tobolsk_province,north_asia,5,17954.55799275058,549914.9614804859,567869.5194732364,965103.209407391
1186,khulna_province,south_asia,6,130205.4611926993,365162.8958050654,495368.3569977647,963414.4016224853
1187,columbia_plateau_province,north_america,6,508512.0252216656,134585.8813158457,643097.9065375114,963110.1448547002
1188,asmat_province,pacific_islands,7,635.8148747714316,528270.6545476776,528906.4694224491,962894.7781002552
1189,monghsu_province,south_east_asia,5,30477.44449046385,663898.0852745058,694375.5297649697,962297.4709855908
1190,xunzhou_province,east_asia,5,2908.9458690142706,418142.4425481162,421051.38841713045,960807.8119692717
1191,verzhavsk_province,eastern_europe,6,1083.7109877921505,572913.3718131222,573997.0828009143,960746.7181510286
1192,toropets_province,eastern_europe,7,2191.1485422863425,729200.7526931567,731391.9012354431,960065.8888898735
1193,galam_province,west_africa,7,751818.9934057452,0.0,751818.9934057452,959421.3675814634
1194,totma_province,eastern_europe,8,872.3385330667602,708505.0372681608,709377.3758012276,955549.547776381
1195,patzcuaro_province,north_america,7,10471.667937263424,167179.68012720667,177651.3480644701,954732.766572529
1196,tejend_province,central_asia,4,760557.827958484,0.0,760557.827958484,954627.5564532946
1197,kafiristan,south_asia,3,0.0,126391.9609778897,126391.9609778897,953315.9561001259
1198,kespek_province,north_america,7,799.9334157957517,662576.0445349921,663375.9779507878,953297.9751946363
1199,xingguo_province,east_asia,3,3846.762462756438,451085.28082026384,454932.04328302026,952798.5486933978
1200,chen_province,east_asia,6,877.5866322470813,649001.1838774265,649878.7705096736,952738.6168233829
1201,sisimbles_province,north_america,4,653812.8026371351,0.0,653812.8026371351,951539.402966777
1202,mozhaysk_province,eastern_europe,6,2553.477374218088,681823.6020901726,684377.0794643908,951049.2143974395
1203,aru_province,south_east_asia,5,23119.16463045911,621097.1865660041,644216.3511964631,950868.395096021
1204,perm_province,eastern_europe,5,495.9790242311111,668675.2510865115,669171.2301107426,948567.6338745855
1205,kuki_province,south_asia,5,616.7440463147775,390953.6458788799,391570.3899251947,947891.6886658439
1206,manikpur_province,south_asia,5,336267.71302988054,0.0,336267.71302988054,947551.1771586157
1207,middle_rufiji_province,east_africa,3,255244.31530041137,382515.2742846293,637759.5895850407,946979.5382831708
1208,kusiutta_province,north_america,6,626187.8150439607,2084.9750745648885,628272.7901185256,946431.8888833413
1209,kamma_nadu,south_asia,9,228242.2933259651,0.0,228242.2933259651,946397.5799917107
1210,lower_kagera_province,east_africa,5,224242.23779577072,312971.01261144213,537213.2504072129,946364.9067081143
1211,bezhetsk_province,eastern_europe,5,10.121664182596307,654127.927438795,654138.0491029776,944030.3052408497
1212,tetela_province,north_america,5,1998.6670595626445,373733.32540455426,375731.9924641169,943573.4915221315
1213,tondai_nadu,south_asia,10,366729.07418272056,0.0,366729.07418272056,943570.2084555606
1214,taskala_province,eastern_europe,5,614376.2004580507,0.0,614376.2004580507,943173.2255153069
1215,piterka_province,eastern_europe,7,280730.014883497,0.0,280730.014883497,942446.2667439341
1216,sus_province,north_africa,10,667717.8954938849,0.0,667717.8954938849,942432.6324306205
1217,lavras_province,south_america,4,0.0,802341.9284195668,802341.9284195668,942009.6694720127
1218,lower_bundelkhand_province,south_asia,7,383893.9167072687,0.0,383893.9167072687,940380.6562956773
1219,bareilly_province,south_asia,4,210963.2732206867,349563.193817537,560526.4670382238,939967.2754180017
1220,mongkawng_province,south_east_asia,4,38376.03768772562,763823.56834911,802199.6060368356,939599.55679144
1221,yuanzhou_province,east_asia,4,1278.5151942786847,312656.8892703887,313935.40446466743,938177.3300227509
1222,karasor_province,north_asia,4,594809.9476440793,0.0,594809.9476440793,938036.1910995892
1223,lufubu_province,east_africa,6,421204.8422314526,127599.80547563902,548804.6477070916,935780.2286704781
1224,sarybulak_province,north_asia,5,459142.7021047538,0.0,459142.7021047538,935035.5398678479
1225,lower_rajang_province,south_east_asia,5,75.9502927469339,728105.9430096473,728181.8933023942,930579.6299651936
1226,chanda_province,south_asia,5,348014.02576188016,0.0,348014.02576188016,929265.7789821152
1227,gonabad_province,middle_east,6,738492.394198479,0.0,738492.394198479,928678.9434732889
1228,emin_province,central_asia,6,659219.3966355239,0.0,659219.3966355239,928371.8212149644
1229,sabzevar_province,central_asia,6,743070.4299144067,0.0,743070.4299144067,928204.2336537075
1230,nankang_province,east_asia,4,987.9264543973038,371967.53500722296,372955.46146162023,928074.8941443227
1231,missinaibi_province,north_america,7,2640.522632103389,613444.6999132844,616085.2225453878,927095.8753635612
1232,mait_province,south_east_asia,4,21764.286024266927,749172.525779993,770936.8118042599,926928.9132797924
1233,naryn_province,central_asia,6,0.0,459180.0636665221,459180.0636665221,926077.5716248374
1234,tingzhou_province,east_asia,8,574.0560352029808,681441.9232520895,682015.9792872925,925892.9766982041
1235,liping_province,east_asia,7,45.59933211928399,534216.1654779194,534261.7648100386,925044.4854112935
1236,bahamas_province,north_america,10,407815.14571313193,0.0,407815.14571313193,924542.0389272735
1237,nizhny_novgorod_province,eastern_europe,6,768.4159028040225,525940.9062748384,526709.3221776424,924422.9874498476
1238,dakahliyya_province,north_africa,5,413156.6645813422,0.0,413156.6645813422,923801.2476540101
1239,pothwar_province,south_asia,7,255929.07575688508,33125.56286423502,289054.6386211201,923686.4684487601
1240,mechetnaya_province,eastern_europe,7,253004.54937758978,0.0,253004.54937758978,923630.1180497885
1241,shilka_province,east_asia,4,240.00099284732605,557856.0981180703,558096.0991109175,922608.1114997822
1242,bangalore_province,south_asia,7,283736.77564020193,0.0,283736.77564020193,922203.8725952272
1243,kahnuj_province,middle_east,4,788681.5060224802,0.0,788681.5060224802,919891.6942752904
1244,ski_iyo_he_province,north_america,5,408557.74021864275,0.0,408557.74021864275,919752.4577459731
1245,kanara,south_asia,5,112838.8740223771,323544.2931943332,436383.1672167103,919556.0631187991
1246,aacistak_province,north_america,4,657836.7775053545,0.0,657836.7775053545,918941.3746935239
1247,navarre_province,western_europe,8,40162.45474069484,438216.92535697046,478379.3800976653,918426.8026098735
1248,upper_onon_province,east_asia,4,6322.822864758358,359733.99642681645,366056.8192915749,918063.9217030216
1249,hetao_province,east_asia,3,563051.078307863,0.0,563051.078307863,918057.4630963458
1250,pinya_province,south_east_asia,5,146139.20948231372,409953.4716834168,556092.6811657305,916979.2663114469
1251,taklamakan_province,east_asia,2,797498.6383254275,0.0,797498.6383254275,916310.968116106
1252,sadiya_province,south_asia,8,8565.670281963152,608545.2710904345,617110.9413723976,915874.8090439474
1253,dikwa_province,west_africa,4,596920.9080394887,0.0,596920.9080394887,915661.0215444248
1254,zvenigorod_province,eastern_europe,6,1984.3606353794357,687444.715376588,689429.0760119675,915107.7105134635
1255,ndom_province,pacific_islands,5,35804.21501010694,673266.482905712,709070.697915819,914704.5351552963
1256,quetta_province,middle_east,6,671664.3769843641,0.0,671664.3769843641,914247.4241074098
1257,mackinac_province,north_america,3,8299.528310775842,619476.649705223,627776.1780159989,910998.2002679987
1258,mandurah_province,australasia,6,454245.5008859288,0.0,454245.5008859288,910401.18849667
1259,marib_province,middle_east,5,452865.17839471874,0.0,452865.17839471874,909973.3256940587
1260,kamensk_province,north_asia,4,2010.6456976164648,503386.39530200383,505397.0409996203,908321.6711245729
1261,doberai_province,pacific_islands,5,0.0,728401.0572695811,728401.0572695811,907201.1894282787
1262,malaya,south_asia,3,5119.392391133036,730973.8173846753,736093.2097758084,906854.8609977844
1263,farah_province,middle_east,6,716963.8150027569,0.0,716963.8150027569,906709.2918781014
1264,masqat_province,middle_east,7,645658.9359913426,0.0,645658.9359913426,906366.3029902604
1265,kasimov_province,eastern_europe,5,258.11633981529434,117521.61764079868,117779.73398061398,904252.2007281907
1266,sipeknekatik_province,north_america,4,606.0067120623119,655973.0543588974,656579.0610709597,904026.4437048297
1267,mosul_province,middle_east,7,475208.2169527759,0.0,475208.2169527759,903609.2440718729
1268,cordillera_province,south_east_asia,4,1724.2287322043485,768644.6773280015,770368.9060602058,901540.0193177315
1269,alamamas_province,north_america,5,682567.2760642689,0.0,682567.2760642689,900638.1855723026
1270,bataih_province,middle_east,5,745618.240279081,0.0,745618.240279081,899570.5203139661
1271,nema_province,eastern_europe,5,390.93537546180056,747018.9073190833,747409.8426945452,899336.0730313633
1272,lower_cagayan_province,south_east_asia,7,4463.580639494483,731640.2881895194,736103.8688290139,898991.8524326406
1273,albert_nile_province,east_africa,4,283562.5741401913,107795.37919433336,391357.95333452465,898152.6975013403
1274,em_dinaneni_province,southern_africa,5,524342.8723259179,0.0,524342.8723259179,895885.7313666578
1275,seram_province,south_east_asia,8,79.50161646904863,444225.5628477999,444305.064464269,895843.1975223026
1276,tverskaya_province,eastern_europe,5,582.1218635698996,682299.8250868716,682881.9469504416,894242.1903192467
1277,nashwaak_province,north_america,5,1035.6560536951436,699417.0767934888,700452.732847184,893759.3244530819
1278,sarov_province,eastern_europe,9,5979.95770904049,493310.7561627702,499290.7138718107,893577.0531057869
1279,shagiz_province,central_asia,4,649410.2237281562,0.0,649410.2237281562,891461.5016941758
1280,baruga_province,pacific_islands,4,0.0,439528.0983301623,439528.0983301623,890469.1106214325
1281,mengzi_province,east_asia,9,13292.767687953023,477898.6083977619,491191.3760857149,888965.2980964292
1282,prieska_province,southern_africa,5,628965.3316762608,0.0,628965.3316762608,886460.9981357934
1283,south_taiwan_province,east_asia,7,2566.615703583244,638692.172481763,641258.7881853462,885666.1367085144
1284,lule_province,south_america,8,623070.2576051783,0.0,623070.2576051783,883204.0398058256
1285,wishkahuunu_province,north_america,4,695971.2172910867,0.0,695971.2172910867,883092.6194524724
1286,victoria_nile_province,east_africa,5,134266.5340609905,329394.0637570424,463660.5978180329,882743.1725452871
1287,ust_kut_province,north_asia,5,2441.223434969448,628625.2219065061,631066.4453414755,882074.75100916
1288,bela_province,middle_east,6,609032.5105467673,0.0,609032.5105467673,882036.5743651132
1289,lower_doab_province,south_asia,5,443223.2574067666,0.0,443223.2574067666,880001.1645826125
1290,kebbi_province,west_africa,7,553052.3747648639,0.0,553052.3747648639,879808.9216104718
1291,khyargas_province,east_asia,5,65025.19785774788,168636.2535959896,233661.4514537375,878244.1328854547
1292,merv_province,central_asia,3,632334.2087097012,0.0,632334.2087097012,877875.9847984138
1293,masoliantekw_province,north_america,4,7128.441391494652,732853.5380102748,739981.9794017696,877479.7268269907
1294,quanzhou_province,east_asia,7,8027.397655062,463906.15853947983,471933.55619454186,877425.2507188595
1295,yatenga_province,west_africa,5,545456.2561452517,0.0,545456.2561452517,874638.2881634082
1296,kalaako_province,australasia,7,300242.5676087014,0.0,300242.5676087014,874397.8885597892
1297,wusa_province,east_asia,3,91.96001980420668,736019.7753407006,736111.7353605048,873125.702280568
1298,sanyati_province,southern_africa,4,570020.1439771311,0.0,570020.1439771311,873022.6619742725
1299,karman_province,south_asia,8,305870.7620144108,0.0,305870.7620144108,872854.6072662122
1300,mikhaylovka_province,eastern_europe,8,106690.61943852005,0.0,106690.61943852005,872651.9468683351
1301,kawali_province,south_east_asia,4,740.081956583003,577755.6041154428,578495.6860720258,872432.6468310291
1302,sharangad_province,east_asia,6,490028.4619082939,0.0,490028.4619082939,871907.0196468306
1303,huesca_province,western_europe,6,52140.601014858796,337631.3361562906,389771.9371711494,870493.429317543
1304,kalingandhra,south_asia,7,356714.19500927813,0.0,356714.19500927813,870428.4693854379
1305,nipissing_province,north_america,5,10398.729113001169,490287.14756730583,500685.876680307,869271.6112653454
1306,ifat_province,east_africa,5,624547.8336846826,0.0,624547.8336846826,869116.3128952677
1307,taubate_province,south_america,6,0.0,523527.4500685659,523527.4500685659,869093.3813271367
1308,phimai_province,south_east_asia,5,270985.9070637302,0.0,270985.9070637302,868484.1454466964
1309,konjikala_province,central_asia,4,666710.0170821706,0.0,666710.0170821706,868173.7692174419
1310,kalyana_karnakassala,south_asia,15,216374.2277443981,0.0,216374.2277443981,867796.0062124479
1311,una_sana_province,eastern_europe,5,16120.168481389988,620152.1019568787,636272.2704382687,867681.3042430524
1312,kouzuke_province,east_asia,7,702.9735866398344,441448.7338316842,442151.707418324,867545.6708456145
1313,raichur_doab,south_asia,11,327066.44246398006,0.0,327066.44246398006,867449.7477719776
1314,hsipaw_province,south_east_asia,5,39480.53998432193,672668.090240689,712148.6302250109,865292.2090031373
1315,bryansk_province,eastern_europe,6,826.4957467958864,385556.02167250495,386382.5174193008,864430.3320967134
1316,casco_province,north_america,6,10579.980250636683,346269.5046458092,356849.4848964459,863830.6705085016
1317,saloum_province,west_africa,7,506112.6790258331,0.0,506112.6790258331,863001.7639040622
1318,nobatia_province,east_africa,5,626827.7250908288,0.0,626827.7250908288,862681.1907271824
1319,vientiane_province,south_east_asia,5,30920.680700537632,618580.9228020406,649501.6035025783,860064.3039404006
1320,inotoniicaah_province,north_america,4,665950.6396437291,0.0,665950.6396437291,859444.4695991953
1321,maymana_province,central_asia,8,389806.40665423044,0.0,389806.40665423044,859282.2074860092
1322,arykbalyk_province,north_asia,5,510618.22024001996,0.0,510618.22024001996,857945.4977700225
1323,ingoda_province,east_asia,6,2045.9720158609603,646176.64924129,648222.621257151,857500.448914295
1324,onabeesh_province,north_america,3,18080.98542315259,614009.842814449,632090.8282376016,857352.1817673018
1325,turkestan_province,central_asia,7,669869.3469255314,0.0,669869.3469255314,857103.0152912228
1326,tabacoh_province,north_america,5,228620.80114596704,250811.48908739936,479432.29023336637,856611.3265125372
1327,djenne_province,west_africa,5,658020.6825870252,0.0,658020.6825870252,856148.2679104033
1328,jing_province,east_asia,5,105.19269046708773,631285.2625388111,631390.4552292781,855439.2621329379
1329,sinan_province,east_asia,7,378.1499216368908,676801.184286108,677179.3342077449,855201.750983713
1330,uil_province,central_asia,4,542059.879303659,0.0,542059.879303659,855067.3642166164
1331,west_nuchiu_province,north_america,5,282600.2488847582,113408.035941473,396008.2848262312,855009.3204295101
1332,sinaloa_province,north_america,6,498970.64994836133,0.0,498970.64994836133,853841.9811919064
1333,boubon_province,west_africa,5,638960.4942503752,0.0,638960.4942503752,853830.556031672
1334,uyuni_province,south_america,10,313439.8499008287,0.0,313439.8499008287,853244.8311384321
1335,jingili_province,australasia,8,380433.06443304673,0.0,380433.06443304673,853237.1974871776
1336,wej_province,east_africa,5,8930.912852514855,374384.5356346287,383315.44848714356,853104.8795480365
1337,yingde_province,east_asia,3,0.0,287742.28099483997,287742.28099483997,852460.066119195
1338,kushiro_province,east_asia,7,549.5281534542747,589859.7251436884,590409.2532971426,852085.4099592854
1339,cheli_province,east_asia,7,2512.3194488663485,331687.639247724,334199.9586965903,851849.9535336641
1340,bono_province,west_africa,8,383184.1521695361,0.0,383184.1521695361,851832.1711907281
1341,luzhou_province,east_asia,4,226667.63046042528,284465.0085260946,511132.63898651995,851774.218859835
1342,minab_province,middle_east,8,586933.0199727396,0.0,586933.0199727396,851549.647469332
1343,hoyu_ao_he_province,north_america,3,705708.136530181,0.0,705708.136530181,851296.6535964536
1344,balaw_province,east_africa,3,714149.9073357668,0.0,714149.9073357668,850668.6457527376
1345,tinputz_province,pacific_islands,6,0.0,320841.62832995754,320841.62832995754,850321.8318712023
1346,north_tlingit_province,north_america,5,0.0,191484.94172349488,191484.94172349488,849920.5594389316
1347,eastern_malwa,south_asia,9,417483.6152410938,0.0,417483.6152410938,848794.0671462306
1348,krivoshchekovo_province,north_asia,5,89804.19355461947,503293.1007590702,593097.2943136897,846109.4561029009
1349,timiskaming_province,north_america,5,6003.438124446868,553429.014683235,559432.4528076818,845361.5094086421
1350,ningdu_province,east_asia,5,1098.4341776221113,548297.6731222983,549396.1072999204,845320.6207124104
1351,bomberai_province,pacific_islands,5,0.0,466986.64068283583,466986.64068283583,844859.9707681902
1352,lianzhou_province,east_asia,6,4515.508776802981,551105.8942365999,555621.4030134028,844449.0783900782
1353,ordos_province,east_asia,4,576387.766849807,0.0,576387.766849807,844186.2377060328
1354,bayanday_province,north_asia,4,1548.738386059577,549818.758636782,551367.4970228415,844163.4341506967
1355,kauthara_province,south_east_asia,3,11580.035830766838,576919.226856641,588499.2626874078,843186.6705233336
1356,raigadh_garjats,south_asia,8,329707.8521299222,0.0,329707.8521299222,842296.3336461624
1357,qingzhou_province,east_asia,6,67683.37082832507,0.0,67683.37082832507,842268.7921818658
1358,berda_province,eastern_europe,6,195093.83811521722,0.0,195093.83811521722,841605.5678796193
1359,lower_prussia_province,eastern_europe,7,2177.0191484493985,432339.2649600005,434516.28410844994,840955.8196220063
1360,istakhr_province,middle_east,6,646730.9296707048,0.0,646730.9296707048,838947.2958795428
1361,coixtlahuacan_province,north_america,8,12636.34471700083,433788.135337738,446424.4800547388,837477.5400615812
1362,ouargla_province,north_africa,3,646354.6247620786,0.0,646354.6247620786,837398.9528573385
1363,tlapacoya_province,north_america,5,10800.207666091463,599531.384228662,610331.5918947534,837373.0408815976
1364,kickatari_province,north_america,3,657157.9747976847,0.0,657157.9747976847,837177.7216473952
1365,dzhida_province,east_asia,5,5937.996940923769,526817.9106369483,532755.907577872,833350.3960251061
1366,karu_pana_province,south_america,7,150556.44309793063,370507.93302024255,521064.37611817324,832572.4231329449
1367,akara,south_asia,7,401053.76416212367,0.0,401053.76416212367,832560.4846823892
1368,muang_sing_province,south_east_asia,6,2485.838541330606,462365.6706981198,464851.5092394504,832332.9478943817
1369,shasta_province,north_america,5,57514.64267484351,160059.31659527187,217573.9592701154,832020.7041788797
1370,hodna_province,north_africa,5,602481.8318131809,0.0,602481.8318131809,831917.0607898285
1371,patapsco_province,north_america,4,403.4307350482649,683331.9181834473,683735.3489184956,831077.2675333074
1372,montauk_province,north_america,3,0.0,253043.58685599023,253043.58685599023,830299.0352129891
1373,iaguarauna_province,south_america,5,0.0,576513.4537818449,576513.4537818449,828577.6355045756
1374,roslavl_province,eastern_europe,5,1100.7503822280948,500383.558410537,501484.30879276514,828544.8473918608
1375,obonezhskaya_province,eastern_europe,6,12163.466325850704,323290.9693626187,335454.4356884694,828511.240149528
1376,tunguska_province,east_asia,6,24607.57131627927,608072.5893415497,632680.1606578289,826515.1807400575
1377,surguja,south_asia,6,232186.85658195138,0.0,232186.85658195138,824835.2136546953
1378,marind_province,pacific_islands,4,22212.53926528268,621933.2362921648,644145.7755574475,824788.9975021285
1379,chuwi_province,south_america,11,3575.6375126568896,223324.17262639408,226899.81013905097,824512.2864064324
1380,assupink_province,north_america,3,553.9005463353715,646213.3023307732,646767.2028771085,824363.1032367471
1381,cuoim_province,central_africa,7,117501.00500197726,259053.35935710592,376554.3643590832,824123.6599039687
1382,marrakesh_province,north_africa,6,384123.52899566916,0.0,384123.52899566916,823638.9701201278
1383,malanji_province,central_africa,8,77338.21055207361,303508.6947209305,380846.9052730041,823327.7684321296
1384,zhenjiang_province,east_asia,3,74793.78190136976,198450.44265026966,273244.2245516394,822649.7526205943
1385,mashhad_province,central_asia,5,431132.636652432,0.0,431132.636652432,820274.216233986
1386,zacatecas_province,north_america,5,600345.6940497358,0.0,600345.6940497358,819388.9058059527
1387,athabasca_province,north_america,3,0.0,696255.7373165325,696255.7373165325,819287.7044810992
1388,hotoanaohe_province,north_america,4,501488.2656912417,0.0,501488.2656912417,818424.2989026469
1389,ekab_province,north_america,6,141295.04583918955,0.0,141295.04583918955,818206.9265690881
1390,khekassala,south_asia,5,488723.5217971562,0.0,488723.5217971562,817563.9620218007
1391,tomsk_province,north_asia,5,18746.448711496752,586878.966733198,605625.4154446948,817453.5923752816
1392,tahami_province,south_america,8,3570.7860422839417,593846.9768229278,597417.7628652118,817219.9832233633
1393,kezhma_province,north_asia,5,261.4725975239943,527024.6691411752,527286.1417386992,817071.9094560365
1394,yelan_province,eastern_europe,9,151578.85020434012,0.0,151578.85020434012,816276.2064798826
1395,kikonteku_province,north_america,7,187.4552480784861,424377.4300188752,424564.8852669537,816260.495925323
1396,death_valley_province,north_america,5,622422.1413230333,83.52305931310654,622505.6643823464,816193.8724301397
1397,majar_province,eastern_europe,9,254933.01288657682,0.0,254933.01288657682,815549.639497399
1398,humboldt_province,north_america,5,527534.2533776651,0.0,527534.2533776651,813976.0350498732
1399,southern_arakhan_province,south_east_asia,6,47285.278154802334,360139.040882077,407424.31903687934,813852.3589164893
1400,kosovo_province,eastern_europe,6,5426.583889008065,314022.2793209291,319448.8632099371,812754.9711111793
1401,yongshun_province,east_asia,5,616.854079696538,587576.8098003136,588193.6638800101,812467.8718650114
1402,quzhou_province,east_asia,5,5333.565372019688,368273.2361330649,373606.80150508456,810682.6516932203
1403,shiribeshi_province,east_asia,9,112.24083933064978,357973.88149695896,358086.1223362896,810096.8876283258
1404,garmsir_province,middle_east,5,637915.4248130711,0.0,637915.4248130711,809904.852914705
1405,viti_levu_province,pacific_islands,6,0.0,305465.07825294905,305465.07825294905,809398.2130345677
1406,western_malwa,south_asia,9,468872.1891760599,0.0,468872.1891760599,808731.2128230674
1407,tadmur_province,middle_east,4,673797.8486177195,0.0,673797.8486177195,808647.5796949344
1408,suncheon_province,east_asia,4,6835.326890894944,249706.7003310101,256542.02722190504,808359.7806246432
1409,yiling_province,east_asia,5,2869.821880684158,405886.4680000021,408756.2898806862,807475.826115772
1410,mughan_province,eastern_europe,6,596487.061411354,0.0,596487.061411354,807172.9440877732
1411,thang_long_province,south_east_asia,4,6228.770378400703,532541.4986913695,538770.2690697704,806366.5527034915
1412,shiraz_province,middle_east,6,621363.9995789847,0.0,621363.9995789847,805909.4995263579
1413,apahtoksipisskan_province,north_america,5,6610.213283616735,501532.16687249765,508142.38015611435,804535.1776756287
1414,lithuania_minor_province,eastern_europe,6,667.9338287644472,287888.29874500644,288556.23257377086,803875.7616454922
1415,south_sekani_province,north_america,5,1226.307381351074,661807.7065558243,663034.0139371754,803288.2656793223
1416,daozhou_province,east_asia,4,277.7479945294355,644489.7709859625,644767.5189804919,802988.4588530533
1417,pechichitane_province,north_america,7,345514.97552759,0.0,345514.97552759,802704.3474685388
1418,riau_siak_province,south_east_asia,6,155.46994050009056,535211.2657951113,535366.7357356114,802537.5777025628
1419,kozlov_province,eastern_europe,5,1709.8801504778253,533377.89986575,535087.7800162277,801098.7525182562
1420,puzhi_nadu,south_asia,3,48574.93851637862,468395.2726903159,516970.2112066945,800966.4876075312
1421,simbirsk_province,eastern_europe,9,30947.758694083193,0.0,30947.758694083193,799816.2285308435
1422,cempohuallan_province,north_america,4,6183.970707721249,499520.9549585683,505704.92566628964,799543.0413745758
1423,irkutsk_province,north_asia,4,599.2409405119524,603977.4343021732,604576.6752426851,799398.7596480208
1424,piranga_province,south_america,6,315.8349523299521,519398.1762876411,519714.01123997103,798428.2626449674
1425,masalsk_province,eastern_europe,5,1510.083669520071,557986.1224297504,559496.2060992705,798183.2318616792
1426,kenogami_province,north_america,6,158.3504116093487,476011.8772894167,476170.227701026,797816.5061636543
1427,dagbon_province,west_africa,6,356312.7858561919,0.0,356312.7858561919,796851.8840882159
1428,shuya_province,eastern_europe,4,34.49556986337718,482206.13250637054,482240.62807623396,796770.7065857631
1429,zubtsov_province,eastern_europe,5,554.8111346174796,439647.7547191399,440202.56585375743,796727.886585477
1430,northeast_numu_province,north_america,6,415310.124743389,0.0,415310.124743389,795723.8903363127
1431,kodaky_province,eastern_europe,6,74272.18962370876,0.0,74272.18962370876,795681.2133266723
1432,ganjam_garjats,south_asia,7,338914.6425387666,0.0,338914.6425387666,795278.9728561125
1433,rift_valley_province,east_africa,3,193104.58472387592,222267.39370141015,415371.97842528607,794668.4757284469
1434,tzaneen_province,southern_africa,5,599151.9971186946,0.0,599151.9971186946,794420.9967585313
1435,jizzakh_province,central_asia,4,492097.3174181181,0.0,492097.3174181181,794359.4820953829
1436,khilok_province,east_asia,4,4278.600344553112,495460.43356659694,499739.03391115007,793956.4131500439
1437,omutninsk_province,eastern_europe,6,534.659527403219,624089.6592452709,624624.3187726742,793827.3586192585
1438,golpayegan_province,middle_east,6,658305.9475709955,0.0,658305.9475709955,793469.19101737
1439,mandara_province,central_africa,4,467002.75480862823,0.0,467002.75480862823,793128.0991597068
1440,tuxpan_province,north_america,3,42153.04121678107,531506.6038375405,573659.6450543215,792742.1006861117
1441,northern_desh,south_asia,5,113037.78027150234,234432.05754652017,347469.8378180225,791403.5675452753
1442,idaho_province,north_america,6,501689.21846840915,0.0,501689.21846840915,790525.3707769603
1443,daga_province,pacific_islands,6,1.4696472022035034,445437.03252136224,445438.5021685644,790243.3149396351
1444,tarapaca_province,south_america,6,561148.3106512331,0.0,561148.3106512331,789916.8494826371
1445,uktus_province,eastern_europe,6,1397.00529904333,543783.191388659,545180.1966877023,788827.7212736651
1446,manzaya_province,north_asia,4,169.80187391671757,588947.5066954647,589117.3085693815,788756.9721405541
1447,kozelsk_province,eastern_europe,5,1833.642196989521,606880.161963304,608713.8041602937,788303.0296803303
1448,baku_province,eastern_europe,6,537493.5092172382,0.0,537493.5092172382,788055.1978693929
1449,kutta_nadu,south_asia,5,43119.081236648795,408745.1944536673,451864.2756903161,787347.3101516056
1450,mbegela_province,central_africa,6,176623.9656559705,0.0,176623.9656559705,787076.9613629668
1451,ticutta_province,north_america,5,616614.288751872,0.0,616614.288751872,787066.074845856
1452,notinito_sipiy_province,north_america,7,54846.81862438061,179702.9864255223,234549.80504990293,785868.5306811407
1453,upper_moshiko_province,central_africa,10,217136.16397732112,0.0,217136.16397732112,785403.1844744863
1454,tulu_nadu,south_asia,5,87295.2607379367,476769.3407102075,564064.6014481442,785322.6766291623
1455,bingo_province,east_asia,6,448.58778969802654,480879.8229602858,481328.41074998386,784494.4620937319
1456,leizhou_province,east_asia,5,33880.56685549622,391865.7233432231,425746.2901987193,783839.5764735593
1457,vologda_province,eastern_europe,5,2429.2199235871394,619220.2893095635,621649.5092331506,783730.6978872945
1458,thilane_hot_ine_province,north_america,3,3717.230204437268,669971.102999702,673688.3332041393,782649.3748546566
1459,amhara_province,east_africa,4,8462.425512409647,484041.3176742284,492503.74318663805,782441.7110849678
1460,guban_province,east_africa,6,587391.955811097,0.0,587391.955811097,782315.9502874841
1461,rimouski_province,north_america,8,570.1959901654265,444189.30773892364,444759.50372908905,781604.4416952252
1462,bayanaul_province,north_asia,6,497717.0558568157,0.0,497717.0558568157,781556.6878389176
1463,suzhou_gansu_province,east_asia,4,610570.8654023086,0.0,610570.8654023086,781392.2235775973
1464,middle_songhua_province,east_asia,5,37543.788766861035,428760.23888321454,466304.02765007556,781092.031106335
1465,tver_province,eastern_europe,5,249.10358841824106,435800.01650057,436049.1200889882,780805.2601001117
1466,betsileo_province,east_africa,4,43600.773223643126,348173.23799729947,391774.0112209426,780495.7626235604
1467,raritan_province,north_america,4,7865.422174970456,642479.3367017502,650344.7588767207,778887.8537363107
1468,hkamti_province,south_east_asia,6,973.6654009494099,544306.4986788052,545280.1640797546,778815.1845897239
1469,upper_emba_province,central_asia,4,539945.7847913986,0.0,539945.7847913986,778439.0078903233
1470,sarykopa_province,central_asia,4,510259.47803026217,0.0,510259.47803026217,777666.9127840451
1471,qabisa_province,north_africa,6,622006.5565154728,0.0,622006.5565154728,777382.376079907
1472,zarand_province,middle_east,5,606926.0804404275,0.0,606926.0804404275,777291.8404954809
1473,upper_rajang_province,south_east_asia,6,167.5790554009793,552559.4778401077,552727.0568955088,777067.9390074473
1474,equatoria_province,east_africa,8,229275.76680110313,192375.47285296518,421651.2396540683,776982.6446108269
1475,macaclita_province,south_america,12,344099.8151993315,0.0,344099.8151993315,775237.2920992479
1476,sarysu_province,central_asia,4,642376.0571777944,0.0,642376.0571777944,773298.0643250187
1477,mianyang_province,east_asia,3,12633.239045139451,535001.3206901228,547634.5597352622,772463.8797021699
1478,ogulmiut_province,north_america,6,0.0,315624.3558696254,315624.3558696254,772452.4003533286
1479,kazan_province,eastern_europe,7,4102.543303378249,411029.234619193,415131.77792257123,771898.2501628926
1480,lunsemfwa_province,east_africa,7,376993.90623981116,189797.94347204897,566791.8497118602,771515.8309258427
1481,mewat_province,south_asia,3,408241.6556247728,0.0,408241.6556247728,770896.8625778693
1482,erenkhot_province,east_asia,6,431272.96975698706,0.0,431272.96975698706,769807.0909766105
1483,hadoti,south_asia,6,440367.1526106739,0.0,440367.1526106739,768788.0466870081
1484,nupe_province,west_africa,7,420852.5635877432,0.0,420852.5635877432,767084.1340362111
1485,ibara_province,east_africa,5,154790.6626236319,376057.05332362925,530847.7159472611,765953.6804406687
1486,qusiyya_province,north_africa,7,538783.090372011,0.0,538783.090372011,765880.9766685123
1487,ica_province,south_america,9,372807.65488760546,3429.238946411203,376236.89383401664,765266.5055632687
1488,torzhok_province,eastern_europe,4,264.3756313837293,448055.959108101,448320.3347394847,764235.3765819203
1489,rzhevskaya_province,eastern_europe,7,1636.4075046102553,294431.3050717993,296067.7125764096,763951.1766484608
1490,numaykoos_province,north_america,4,0.0,261724.34897671372,261724.34897671372,763564.8925988029
1491,aden_province,middle_east,5,574307.0446998465,0.0,574307.0446998465,763095.4252873273
1492,upper_pangani_province,east_africa,5,295999.43044673686,110870.98723233075,406870.4176790676,762604.219888951
1493,torey_province,east_asia,6,46034.95853826665,314590.1088438582,360625.0673821248,761203.2008048904
1494,southern_aceh_province,south_east_asia,7,1358.420952696026,425559.8102987302,426918.2312514263,760408.0101578545
1495,chisos_province,north_america,7,428685.9978729256,0.0,428685.9978729256,760146.7476070413
1496,baoule_province,west_africa,5,311580.5944909385,220745.05469695525,532325.6491878938,759741.3553363805
1497,nimar,south_asia,8,346436.22679157223,0.0,346436.22679157223,756490.7551405188
1498,zmeinogorsk_province,north_asia,4,79495.99794537615,375865.2529338286,455361.2508792047,756406.4072391053
1499,privolnoye_province,eastern_europe,6,91130.42565565025,0.0,91130.42565565025,756146.7288626065
1500,kjipuktuk_province,north_america,5,2169.7821720729044,425804.1385490246,427973.9207210975,755970.6608112347
1501,snake_river_province,north_america,6,458798.23952575854,0.0,458798.23952575854,755773.0194664784
1502,karagay_province,eastern_europe,5,162.24774753334057,591235.7870703212,591398.0348178545,755322.7891700864
1503,garhwal_province,south_asia,9,0.0,249108.82322877998,249108.82322877998,754997.4261323775
1504,szatmar_province,eastern_europe,5,84866.0074374091,298724.1101209107,383590.1175583198,754413.8822531097
1505,jaguaribe_province,south_america,7,534177.3419231507,0.0,534177.3419231507,753949.5096635446
1506,nushagagmiut_province,north_america,6,0.0,431101.5834057471,431101.5834057471,752739.2813314655
1507,bely_province,eastern_europe,6,477.7706221796584,604603.2460848849,605081.0167070646,752716.1437954475
1508,bungo_province,east_asia,8,950.5956653094963,469049.1464830495,469999.742148359,752624.7099169039
1509,northern_rayalaseema,south_asia,9,299482.86847364495,0.0,299482.86847364495,750918.2270328506
1510,ystyug_province,eastern_europe,6,56.94219888194865,572298.7281598998,572355.6703587818,750775.1291536295
1511,alazapa_province,north_america,7,262192.5586908914,0.0,262192.5586908914,750591.6285272529
1512,turbah_province,middle_east,4,557454.9783074941,0.0,557454.9783074941,749761.8505959309
1513,budaun_province,south_asia,4,350389.7430142707,0.0,350389.7430142707,748563.4608910546
1514,juzhou_province,east_asia,7,9107.978057695107,0.0,9107.978057695107,748246.475314907
1515,central_nuchiu_province,north_america,6,39764.28387259417,386301.40796588553,426065.6918384797,748198.9033182897
1516,laurentides_province,north_america,3,57.576041798005164,584181.693221288,584239.269263086,747269.1779209718
1517,angkor_province,south_east_asia,5,261552.07833697525,174475.1862682629,436027.2646052382,747030.672680893
1518,tandaya_province,south_east_asia,4,13728.5423898015,560602.034801669,574330.5771914704,746246.8993404042
1519,whakatu_province,australasia,5,0.0,319916.6576390426,319916.6576390426,744656.2398439229
1520,kate_province,pacific_islands,6,44.78886504737805,476607.2007071298,476651.9895721772,744358.4882686994
1521,huazhou_province,east_asia,3,733.861885443282,172511.16007289026,173245.02195833356,740525.6497031252
1522,dukkala_province,north_africa,8,417187.844921077,0.0,417187.844921077,740461.3255362116
1523,hascora_province,north_africa,6,565067.2260384618,0.0,565067.2260384618,739200.6292932695
1524,pereyaslavl_province,eastern_europe,6,79.33540474353246,583711.2691852894,583790.604590033,738889.4301637871
1525,phrae_province,south_east_asia,5,46329.411237386,188569.63590699396,234899.04714437996,737886.4280374275
1526,mser_province,west_africa,4,496801.7542937915,0.0,496801.7542937915,737776.9735805155
1527,katonga_province,east_africa,4,189879.97375674208,110829.41975248116,300709.39350922324,737673.0676978761
1528,kuragharty_province,central_asia,7,514609.28290256305,0.0,514609.28290256305,737560.4432653834
1529,saoura_province,north_africa,5,370043.82959605067,0.0,370043.82959605067,736924.308295557
1530,hereti_province,eastern_europe,5,57080.4098761839,401926.70323584194,459007.1131120258,736883.002251029
1531,marien_province,north_america,5,46571.24044568164,409175.0998449465,455746.34029062814,736589.6328269567
1532,priyutnoye_province,eastern_europe,5,354517.5983118335,0.0,354517.5983118335,736332.2981008127
1533,kulykol_province,north_asia,5,569846.1406590726,0.0,569846.1406590726,735576.9082414567
1534,uza_province,north_america,7,210307.58747588005,7524.781029247791,217832.36850512784,735561.4145682688
1535,zemplen_province,eastern_europe,7,40939.596120138165,362788.49858191784,403728.09470205597,735444.106539813
1536,kengtung_province,south_east_asia,6,4573.007343265581,451663.36523141555,456236.3725746811,734890.9191465162
1537,parnaiba_province,south_america,7,0.0,354409.1145127911,354409.1145127911,733960.2538268899
1538,guamontey_province,south_america,4,130353.15753856149,378668.3278339292,509021.4853724907,733524.171044052
1539,anbamba_province,central_africa,7,42828.52625343249,0.0,42828.52625343249,733307.0920351116
1540,birali_province,middle_east,7,444248.5036176376,0.0,444248.5036176376,732654.5665698424
1541,vukovar_syrmia_province,eastern_europe,6,73686.49252518875,0.0,73686.49252518875,732022.3040908372
1542,nheteroia_province,south_america,7,0.0,398566.10176382726,398566.10176382726,731886.8644843057
1543,owambo_province,southern_africa,4,431174.29197381967,0.0,431174.29197381967,731446.0784705471
1544,manhattan_province,north_america,3,1507.815105332848,554514.3427782059,556022.1578835387,731274.9276189811
1545,fika_province,west_africa,4,478342.66836699564,0.0,478342.66836699564,730510.5019128701
1546,chitradurga_province,south_asia,7,300868.1650979499,0.0,300868.1650979499,729976.6857351937
1547,itabira_province,south_america,5,1986.4488244646548,557851.3381412387,559837.7869657032,729942.5103364162
1548,lingzhou_province,east_asia,4,433329.9165786383,0.0,433329.9165786383,729371.156150968
1549,teotitlan_province,north_america,5,13836.581118978396,441724.0461563032,455560.6272752816,727380.7056846917
1550,maisouna_province,north_america,5,227.83884835621728,311272.19150649663,311500.03035485285,727312.5341492095
1551,tetzapotitlan_province,north_america,3,13465.918717755208,553321.6510114332,566787.5697291885,726511.015945337
1552,palamau_province,south_asia,4,365706.2117656985,0.0,365706.2117656985,726419.4882364108
1553,kechemeche_province,north_america,4,31485.394930678405,528779.1561748392,560264.5511055177,725922.6199937074
1554,keowee_province,north_america,3,812.5228822220292,608055.8243281252,608868.3472103473,723226.8906116406
1555,shangani_province,southern_africa,5,579248.86979783,0.0,579248.86979783,722529.9785225587
1556,guarisamey_province,north_america,9,272506.5622702161,0.0,272506.5622702161,720569.8825539931
1557,ranyah_province,middle_east,6,441180.67941682425,0.0,441180.67941682425,719078.2643439273
1558,chengdu_province,east_asia,5,320074.6773417805,0.0,320074.6773417805,718959.0120095031
1559,klamath_province,north_america,5,426768.141604198,20450.16890466545,447218.3105088634,717995.5993224714
1560,omsk_province,north_asia,7,284150.0737728207,52953.25251528864,337103.32628810935,717866.242074123
1561,beisheng_province,east_asia,5,3381.671266578957,243566.23403317123,246947.9052997502,717691.3934622189
1562,lipetsk_province,eastern_europe,7,3768.2380500347385,0.0,3768.2380500347385,717489.2678062891
1563,xiangyang_province,east_asia,9,466797.3158234025,4704.165347112719,471501.4811705152,716064.1663168296
1564,kaesong_province,east_asia,7,65021.12622335383,436319.07686338364,501340.2030867374,715882.7284725796
1565,khara_khoto_province,east_asia,5,561171.1658923426,0.0,561171.1658923426,715692.5616288853
1566,shewa_province,east_africa,3,68408.65628440195,502670.5513541184,571079.2076385203,715589.1085933354
1567,samara_province,eastern_europe,8,213695.5220741996,0.0,213695.5220741996,715157.4623334745
1568,buzi_province,southern_africa,5,322055.4255369199,141504.89111949605,463560.31665641593,713880.3562384679
1569,delaware_province,north_america,3,42561.239796669965,421842.801170652,464404.04096732195,713704.5460882372
1570,yanan_province,east_asia,8,971.7902194770778,0.0,971.7902194770778,713218.2639969117
1571,mardin_province,middle_east,6,450493.02742396516,0.0,450493.02742396516,711554.6558519609
1572,namibe_province,central_africa,6,458448.174738167,0.0,458448.174738167,711504.196580438
1573,tiwi_province,australasia,8,0.0,379403.578516468,379403.578516468,711454.0258310265
1574,moosonee_province,north_america,8,0.0,375668.23000501434,375668.23000501434,710626.758755641
1575,middle_limpopo_province,southern_africa,4,403417.30128207954,0.0,403417.30128207954,710344.4639423395
1576,musashi_province,east_asia,8,1563.3631814979897,438593.172804009,440156.53598550695,710051.1029836953
1577,torbat_e_jam_province,central_asia,5,509119.97833854007,0.0,509119.97833854007,710009.9756308575
1578,guilin_province,east_asia,5,1286.4719407498678,468588.5485783088,469875.0205190586,709734.398083941
1579,tsaidam_province,east_asia,8,508872.28628668765,0.0,508872.28628668765,709731.3220725236
1580,barna_province,australasia,8,295816.9200803686,0.0,295816.9200803686,708544.0350904146
1581,argobba_province,east_africa,4,334451.4179272785,52054.22036909546,386505.6382963739,708193.8430834207
1582,uda_province,east_asia,5,917.1588457528799,486604.7332022574,487521.8920480103,707087.1285540117
1583,rzhev_province,eastern_europe,5,3.085482255048627,583287.0250904465,583290.1105727016,705701.3743942892
1584,nachawi_province,north_america,4,34114.52644031534,485619.32265880273,519733.8490991181,705075.5802365078
1585,andong_province,east_asia,5,8069.159778009455,275433.5768956087,283502.73667361814,704815.5787578204
1586,belozerskaya_province,eastern_europe,6,1429.063593575522,559975.1081050776,561404.1716986531,704704.6931609848
1587,senufo_province,west_africa,4,494010.1338051692,0.0,494010.1338051692,703136.4005308154
1588,dawasir_province,middle_east,4,528987.5758325383,0.0,528987.5758325383,703111.0228116056
1589,sudair_province,middle_east,4,568475.7474933497,0.0,568475.7474933497,702535.2159300186
1590,bengkulu_province,south_east_asia,4,1478.03798353513,579743.3425589222,581221.3805424573,702249.0531102645
1591,itanagar_province,south_asia,6,11087.169281467415,378707.70735893445,389794.8766404019,699519.2362204521
1592,chakadee_wakpa_province,north_america,5,392394.8878326744,0.0,392394.8878326744,699069.2488117587
1593,piray_province,south_america,5,15.200413421008044,437227.47445552255,437242.6748689436,698898.0092275615
1594,iburi_province,east_asia,4,1150.1668717965201,539079.4978608015,540229.6647325981,698883.3728241727
1595,troitskoye_kuroedovo_province,eastern_europe,8,15651.024513209568,0.0,15651.024513209568,697107.4025773609
1596,hazaribagh_province,south_asia,6,182269.86165206885,0.0,182269.86165206885,696678.5943585775
1597,larende_province,middle_east,7,468008.10040991625,0.0,468008.10040991625,696384.1129611558
1598,thien_truong_province,south_east_asia,3,9777.315791445464,352019.4297661917,361796.7455576371,696146.3387523418
1599,begemder_province,east_africa,3,5664.303167165246,164030.9776480248,169695.28081519005,696032.1909170888
1600,binzhou_guangxi_province,east_asia,3,224.39168160047848,309439.2611612769,309663.6528428774,695996.609448237
1601,qazvin_province,middle_east,7,548623.9205598051,0.0,548623.9205598051,695951.9106297807
1602,metekel_province,east_africa,3,109346.2213316262,319177.27183354157,428523.49316516775,695838.9298108137
1603,youyang_province,east_asia,4,234.50952761810458,497171.8461076697,497406.3556352878,695707.1500896988
1604,boh_province,eastern_europe,6,55771.33965817405,0.0,55771.33965817405,694992.7571154458
1605,central_sahara,north_africa,5,543570.1885719565,0.0,543570.1885719565,694766.4621434511
1606,adjukru_province,west_africa,4,15579.973081811262,230806.01845461508,246385.99153642633,694559.2404784797
1607,north_visayas_province,south_east_asia,4,12142.478945642322,322653.255746678,334795.7346923203,693895.2015288604
1608,chuxiong_province,east_asia,4,0.0,198883.8202166665,198883.8202166665,692869.2977437498
1609,buy_province,eastern_europe,4,312.3264935597768,570422.2872926822,570734.6137862421,692701.4405095223
1610,itu_province,south_america,3,0.0,524450.7361629322,524450.7361629322,692382.0781832987
1611,igra_province,eastern_europe,4,50.67624701606718,573390.5215553575,573441.1978023737,692371.3475276703
1612,nanchang_province,east_asia,4,11291.484665648608,413958.72466897103,425250.2093346197,692156.4855014472
1613,bezhetskaya_province,eastern_europe,4,0.455391468242505,463237.5565375474,463238.0119290156,692142.7634201426
1614,nye_province,north_america,4,549952.2634605133,0.0,549952.2634605133,691821.2963930775
1615,knyazhaya_province,eastern_europe,8,2911.7612446278645,333610.8333067002,336522.5945513281,691337.9188702441
1616,aki_province,east_asia,5,8.110483085278279,376971.15956143447,376979.27004451974,689601.6788000846
1617,doaba_province,south_asia,5,263211.2835506304,0.0,263211.2835506304,688737.6939944592
1618,mashi_province,central_africa,10,375723.9576014279,0.0,375723.9576014279,688189.4523016064
1619,bakanas_province,central_asia,5,567489.1173964103,0.0,567489.1173964103,687925.2570709616
1620,kosta,south_asia,7,284455.00151788694,0.0,284455.00151788694,687886.8767076228
1621,middle_zambezi_province,southern_africa,5,443552.340215804,0.0,443552.340215804,686871.3827427794
1622,nottaway_province,north_america,7,0.0,359057.71796101506,359057.71796101506,686314.932706142
1623,muang_phuan_province,south_east_asia,4,11105.600364978325,466731.2378228788,477836.8381878572,684941.4429613394
1624,beljamen_province,eastern_europe,7,205694.504086749,0.0,205694.504086749,683656.3170975926
1625,yazd_province,middle_east,6,527812.7286704521,0.0,527812.7286704521,682664.3197542587
1626,kawar_province,west_africa,6,365161.4516923626,0.0,365161.4516923626,681931.633153908
1627,gangneung_province,east_asia,6,540.5768784317279,431573.11633697216,432113.69321540394,681877.9048673294
1628,fante_province,west_africa,6,48106.5668105513,0.0,48106.5668105513,681869.8876618702
1629,deir_province,middle_east,5,570701.0250295749,0.0,570701.0250295749,681413.6531582717
1630,malnad,south_asia,7,148070.99913370804,30213.179883910656,178284.1790176187,680944.701394821
1631,al_jifar_province,north_africa,4,550918.7454732127,0.0,550918.7454732127,680533.5886573642
1632,sayhad_province,middle_east,5,447825.70677197527,0.0,447825.70677197527,679303.9201184722
1633,urua_province,east_africa,7,292248.8565947792,0.0,292248.8565947792,678654.9636691266
1634,bambara_province,west_africa,6,249418.25715043838,0.0,249418.25715043838,677720.5392942432
1635,suzdal_province,eastern_europe,4,107.701680277418,501704.9986144874,501812.7002947648,677039.2878316104
1636,akkol_province,central_asia,7,434414.8456648263,0.0,434414.8456648263,676591.7013729295
1637,ningxia_province,east_asia,4,347250.1309016142,0.0,347250.1309016142,676406.397264316
1638,nam_sach_province,south_east_asia,4,4703.960090071205,473188.4319090639,477892.3919991351,676003.940999027
1639,penza_province,eastern_europe,10,26627.135437135566,0.0,26627.135437135566,675705.5273667775
1640,chipion_province,south_america,9,482476.98045115545,0.0,482476.98045115545,675536.6030075499
1641,lower_brunei_province,south_east_asia,3,210.20916972365552,447862.1862132539,448072.39538297756,675081.4448058498
1642,temascaltepec_province,north_america,4,6236.619228084898,270779.5339981067,277016.15322619164,675018.1723794655
1643,changane_province,southern_africa,4,449667.64072981954,0.0,449667.64072981954,674626.095821047
1644,yetkul_province,north_asia,5,25755.5499809263,397739.4233890579,423494.9733699842,672181.8450412322
1645,filastin_province,middle_east,9,366858.53546220367,0.0,366858.53546220367,671465.8523949791
1646,ngalakan_province,australasia,8,0.0,94776.05762881978,94776.05762881978,671373.0648324222
1647,baramahal,south_asia,7,130594.07928376982,0.0,130594.07928376982,671168.339194241
1648,putao_province,south_east_asia,5,2728.342772287695,473488.7435147293,476217.086287017,670744.2220728942
1649,yamama_province,middle_east,4,473571.9395297357,0.0,473571.9395297357,670018.4319709527
1650,camaguey_province,north_america,4,504395.70966682205,0.0,504395.70966682205,669820.1733751748
1651,guangzhou_henan_province,east_asia,8,367322.4651944555,11327.468183312567,378649.9333777681,668981.1750499891
1652,andijan_province,central_asia,5,153339.65209265894,0.0,153339.65209265894,668632.1086042413
1653,namew_province,north_america,5,0.0,495237.21175133,495237.21175133,667391.8632202463
1654,yizhou_liaodong_province,east_asia,6,26889.258866507167,141848.54166115605,168737.80052766323,666830.0255936211
1655,bicchuu_province,east_asia,4,400.23740268941776,380372.7037501148,380772.9411528042,665744.5587969046
1656,kakheti_province,eastern_europe,6,11036.763646078754,350306.0715518919,361342.8351979707,665260.6895977169
1657,qamuda_province,north_africa,5,425235.09438868816,0.0,425235.09438868816,665139.4811872741
1658,wamesa_province,pacific_islands,5,6.7720486666282484,379798.71950938675,379805.4915580534,664656.1780028101
1659,talas_province,central_asia,6,338743.71307885763,0.0,338743.71307885763,664586.6772137148
1660,unamakik_province,north_america,7,1348.4661328519633,366163.9385402235,367512.4046730754,664326.45525721
1661,passamaquoddy_province,north_america,4,746.3124205495302,333705.73700150545,334452.049422055,664258.5555998118
1662,menglian_province,east_asia,6,1423.5705501464731,251890.7781475394,253314.34869768587,664103.6422848966
1663,simsir_province,eastern_europe,6,11180.280059183007,0.0,11180.280059183007,663952.8150665809
1664,raska_province,eastern_europe,5,0.0,332696.2015873196,332696.2015873196,662283.2267857345
1665,south_turkana_province,east_africa,4,322162.7167224883,0.0,322162.7167224883,661683.0563127993
1666,kisama_province,central_africa,8,297739.80342422007,0.0,297739.80342422007,661207.2788522475
1667,tathlith_province,middle_east,6,485278.4132589238,0.0,485278.4132589238,660688.2149162893
1668,gobi_altai_province,east_asia,6,443878.1804876491,0.0,443878.1804876491,660237.9530486052
1669,zhongzhou_province,east_asia,4,113.58284857823412,358252.3534460372,358365.93629461544,659661.6783314424
1670,xilong_province,east_asia,5,0.0,266027.930789466,266027.930789466,659281.4221381494
1671,malingo_province,central_africa,9,271437.65563733905,0.0,271437.65563733905,657492.3625920063
1672,mimasaka_province,east_asia,4,60.8230273336186,384765.8586757363,384826.6817030699,656805.0169159536
1673,namwon_province,east_asia,4,30457.660691473568,186784.27817395277,217241.93886542635,656147.1812236046
1674,garha_mandla,south_asia,6,370307.68437960587,0.0,370307.68437960587,655096.1449270566
1675,west_shoshone_province,north_america,5,496959.8777221346,0.0,496959.8777221346,654704.8624374014
1676,waikato_province,australasia,3,0.0,274071.22617341497,274071.22617341497,653705.1294450918
1677,kano_province,west_africa,4,376759.1653530404,0.0,376759.1653530404,653354.0610221704
1678,ust_yurt_province,central_asia,6,512577.1057204989,0.0,512577.1057204989,653149.2439355613
1679,selenga_province,east_asia,5,4827.136723063887,281582.9876913477,286410.1244144116,652961.389966213
1680,mino_province,east_asia,8,367.3400615318818,287796.0647873027,288163.40484883456,652683.8304549388
1681,tengchong_province,east_asia,5,57.290067709434254,269947.58487534145,270004.8749430509,652505.4843109322
1682,tabuk_province,middle_east,7,433965.4121439337,0.0,433965.4121439337,652461.0886619254
1683,antankarana_province,east_africa,3,44594.34448193323,317085.34303932625,361679.6875212595,652139.648461417
1684,itajuba_province,south_america,4,0.0,504877.5829813701,504877.5829813701,651237.2808540413
1685,dukundeka_province,north_america,5,22247.55109478692,311785.0477842512,334032.5988790382,650286.6737389178
1686,vijaya_province,south_east_asia,4,3778.6172359911907,474994.1978061401,478772.81504213135,649994.4169223977
1687,lata,south_asia,6,339065.2913106658,13160.145108266157,352225.43641893193,649378.6159712984
1688,valley_of_the_lakes_province,east_asia,8,377623.0896169675,61229.6104048454,438852.70002181287,648959.2875245395
1689,sorath,south_asia,5,332424.57948366506,0.0,332424.57948366506,648477.6519191231
1690,kangra_province,south_asia,13,31990.680468478593,133314.21772061885,165304.89818909747,647218.0104627346
1691,vyatka_province,eastern_europe,5,112.82358357562163,534821.1408381358,534933.9644217115,646800.7099744255
1692,usolye_province,eastern_europe,5,327.81708957516094,459363.98854714044,459691.8056367156,646528.281341305
1693,north_dobruja_province,eastern_europe,7,121527.61059734593,0.0,121527.61059734593,646343.5619220141
1694,hongju_province,east_asia,5,91102.62924852224,208320.1453302049,299422.77457872714,646225.621401068
1695,yongchang_province,east_asia,7,0.0,300408.5622358016,300408.5622358016,646209.6325152769
1696,ulaan_province,east_asia,4,429085.2443672894,0.0,429085.2443672894,645845.8999132005
1697,lopskaya_province,eastern_europe,8,1803.2646852896833,292157.7360778214,293961.0007631111,645706.1258585
1698,lang_son_province,south_east_asia,6,808.4367400269932,479346.0192873464,480154.4560273734,644798.763030795
1699,puan_province,east_asia,4,1268.0237556750772,319724.2174067577,320992.24116243277,644616.2713077369
1700,iyo_province,east_asia,6,421.23416572297947,353211.5154542481,353632.7496199711,644211.8433224674
1701,kermanshah_province,middle_east,6,107483.90313563863,0.0,107483.90313563863,641794.3910275934
1702,kazusa_province,east_asia,5,2150.7999648524165,434170.7876020031,436321.5875668555,641611.7860127124
1703,nishapur_province,central_asia,4,429221.3493812305,0.0,429221.3493812305,641499.0180538843
1704,yauri_province,west_africa,5,166987.9768055391,0.0,166987.9768055391,641236.4739062316
1705,peribonka_province,north_america,8,1.3588545691683391,328188.6524699911,328190.01132456027,640338.7627401303
1706,tamasna_province,north_africa,8,347985.53175822296,0.0,347985.53175822296,638983.7232280008
1707,ajan_province,east_africa,5,409529.6947621787,0.0,409529.6947621787,638470.9066074509
1708,odoyev_province,eastern_europe,4,314.8918203430121,360836.74558592594,361151.637406269,638045.5920820525
1709,south_muntenia_province,eastern_europe,7,60775.822962626145,46163.44663511132,106939.26959773747,636681.6782974546
1710,oujda_province,north_africa,5,297891.6396004528,0.0,297891.6396004528,635503.0945505095
1711,lower_carniola_province,eastern_europe,5,1007.4559612449098,511207.23581690615,512214.6917781511,634741.52825042
1712,bursol_province,north_asia,4,345287.91578545247,0.0,345287.91578545247,633698.905258634
1713,borisoglebsk_province,eastern_europe,8,48101.45302015975,0.0,48101.45302015975,633489.1346476797
1714,tadla_province,north_africa,6,233079.08340684813,0.0,233079.08340684813,633463.9688327041
1715,adzera_province,pacific_islands,5,19.536809991337496,427821.73886182037,427841.2756718117,633196.4351307881
1716,anshun_province,east_asia,6,774.6077356141924,397887.219870674,398661.82760628825,632994.5560570742
1717,baytak_province,central_asia,4,343621.4861413576,0.0,343621.4861413576,632949.1719090274
1718,jolof_province,west_africa,3,373570.6879685534,0.0,373570.6879685534,632892.0239646225
1719,upper_gezira_province,east_africa,5,317541.1999730347,0.0,317541.1999730347,632858.849969664
1720,wardandi_province,australasia,9,0.0,0.0,0.0,632250.0
1721,yuru_kyara_province,north_america,5,50835.88213468257,411146.5619790544,461982.444113737,632230.2496279541
1722,gosaoie_province,north_america,5,0.0,288094.73691866937,288094.73691866937,631231.579033503
1723,xinhui_province,east_asia,3,6977.968030494352,278809.21733397804,285787.18536447233,630885.5835350314
1724,north_pskov_province,eastern_europe,6,2268.1732089015595,363434.8149053919,365702.9881142935,630790.8616285801
1725,ranchi_province,south_asia,5,152472.86025615947,0.0,152472.86025615947,630531.9677881794
1726,khaaso_province,west_africa,5,368965.2778719761,0.0,368965.2778719761,629960.9376059731
1727,wonju_province,east_asia,5,0.0,372634.0776416725,372634.0776416725,629588.3373468816
1728,barlad_province,eastern_europe,8,10425.686270295226,0.0,10425.686270295226,628228.8970540821
1729,qasr_qand_province,middle_east,5,405381.1676781332,0.0,405381.1676781332,627053.8136378997
1730,nzere_province,central_africa,7,175405.8470812548,0.0,175405.8470812548,624831.5779664116
1731,palopo_province,south_east_asia,5,696.0200985046686,339627.8558556703,340323.87595417496,624739.3604484468
1732,hirda_province,middle_east,5,337149.318049514,0.0,337149.318049514,624542.9828057032
1733,beloe_province,eastern_europe,5,1105.5322011644837,437051.3583578378,438156.8905590023,623426.5018788775
1734,kwanza_province,central_africa,6,77881.6233051465,220913.98365430243,298795.60695944895,623020.05782938
1735,rampur_rokhilkhand_province,south_asia,4,250659.70070073562,52766.180590994234,303425.88129172986,622604.116453196
1736,voronezh_province,eastern_europe,6,13126.536922233821,0.0,13126.536922233821,622267.354037513
1737,yirandali_province,australasia,8,309044.2535865947,0.0,309044.2535865947,622174.785284919
1738,khovd_province,east_asia,7,306963.99945532496,58004.22769238535,364968.2271477103,622089.2555411741
1739,soria_province,western_europe,9,14153.662841455825,129796.47667806264,143950.13951951845,622068.9069594583
1740,sizhou_province,east_asia,5,353593.1938614044,0.0,353593.1938614044,621667.34309408
1741,naju_province,east_asia,8,88580.73694809576,276930.3673494174,365511.10429751314,621574.9923347023
1742,wari_province,south_america,6,0.0,252742.09427469774,252742.09427469774,620709.8560590349
1743,yanzhou_province,east_asia,4,674.2727313197056,251482.62649797124,252156.89922929095,620051.5116329524
1744,south_oltenia_province,eastern_europe,7,67998.71288696627,280887.5915313526,348886.30441831885,619747.0924706087
1745,ewe_province,west_africa,7,282146.59023573395,0.0,282146.59023573395,618914.9140152007
1746,central_adamawa_province,central_africa,6,369806.4024847312,0.0,369806.4024847312,618532.2027953226
1747,buru_province,south_east_asia,6,36.2974839943549,298140.36028394644,298176.6577679408,617823.7399889334
1748,illyria_province,eastern_europe,5,33801.63858883223,214189.40917041188,247991.0477592441,617614.9287291496
1749,penobscot_province,north_america,7,1322.2492982112142,463778.8072541305,465101.0565523417,616613.6886213844
1750,tibesti_province,west_africa,6,399099.9437277358,0.0,399099.9437277358,616612.4366937027
1751,rewa_kantha,south_asia,3,374911.84254513466,0.0,374911.84254513466,616400.8228632765
1752,dingnan_province,east_asia,4,259.3993024109583,389180.21242230723,389439.61172471824,615869.5631903079
1753,beloozero_province,eastern_europe,5,10102.961371354551,441854.43360966153,451957.39498101606,615327.069353643
1754,jundiai_province,south_america,3,0.0,499068.0713167697,499068.0713167697,614326.5802313659
1755,fez_province,north_africa,8,216240.5459876787,0.0,216240.5459876787,613395.6142361385
1756,central_kongo_province,central_africa,5,55788.29618116427,240825.42655009092,296613.72273125517,612690.4380726621
1757,mayi_kutuna_province,australasia,10,0.0,0.0,0.0,612000.0
1758,sartlan_province,north_asia,5,115833.31737441939,197770.6595033629,313603.97687778226,611554.4739875051
1759,zeta_province,eastern_europe,5,5722.503375367114,355270.6034433427,360993.1068187099,610867.2451710486
1760,gongju_province,east_asia,6,58297.91447718317,248497.21044553365,306795.1249227168,610644.5155380564
1761,tambov_province,eastern_europe,10,29346.683451886347,0.0,29346.683451886347,610140.0188833722
1762,dzisna_province,eastern_europe,6,989.3687592371101,455996.0163154518,456985.385074689,609733.5582090251
1763,takelma_province,north_america,6,16674.60836195985,426173.2714589437,442847.8798209036,609578.8647985165
1764,northland_province,australasia,5,340.18618638839484,474905.9287446937,475246.1149310821,608901.8792974673
1765,yoberrore_province,australasia,7,287158.6454583675,0.0,287158.6454583675,608803.4761406634
1766,yongning_province,east_asia,5,0.0,436130.591904263,436130.591904263,608771.915892296
1767,minya_province,north_africa,4,406808.50213398563,0.0,406808.50213398563,608409.5649007339
1768,jinning_province,east_asia,4,1191.6261049344157,357468.7281229434,358660.3542278778,608242.8985063625
1769,north_epirus_province,eastern_europe,5,8684.210798080137,261720.07466557313,270404.2854636533,607954.82114661
1770,kurmysh_province,eastern_europe,5,605.6024315755751,183710.4035409557,184316.00597253127,607855.5067190977
1771,jiading_province,east_asia,6,56829.30554539485,342292.695984455,399122.00152984983,607637.2517210811
1772,southern_desh,south_asia,8,148103.5136342033,23273.27638564341,171376.7900198467,606798.8887723276
1773,south_pskov_province,eastern_europe,6,2168.3008409068743,230694.90871516423,232863.20955607112,606221.11075058
1774,okeechobee_province,north_america,4,169102.9780213794,65554.12228586413,234657.1003072435,605989.2378456489
1775,herat_province,central_asia,7,392387.27977979305,0.0,392387.27977979305,605685.6897522672
1776,upper_malawi_province,east_africa,3,190212.8245654135,219672.71956806985,409885.5441334834,603996.2371501687
1777,shimousa_province,east_asia,4,1842.61542006254,379485.9928823526,381328.6083024151,603369.684340217
1778,bahnasa_province,north_africa,4,460875.97440711525,0.0,460875.97440711525,602860.4712080047
1779,bambouk_province,west_africa,3,219868.62979667605,0.0,219868.62979667605,601727.2085212605
1780,arran_province,eastern_europe,6,375051.8154965207,1502.41614926376,376554.23164578446,601373.5106015075
1781,wugang_province,east_asia,4,2808.2367278129996,477238.69564109866,480046.9323689117,600802.7989150257
1782,upper_brunei_province,south_east_asia,4,520.1561672017642,488524.26052726316,489044.41669446486,600799.968781273
1783,khammamet_province,south_asia,6,87025.77043792322,0.0,87025.77043792322,600778.9917426637
1784,hyuuga_province,east_asia,8,4109.761490177301,363817.7275503386,367927.4890405159,600668.4251705804
1785,annaba_province,north_africa,9,115361.90249117985,0.0,115361.90249117985,600032.1403025773
1786,lavoro_province,western_europe,7,54295.27877265529,36925.927730168456,91221.20650282374,599873.8573156768
1787,gamrun_province,middle_east,5,417363.2426391614,0.0,417363.2426391614,598908.6479690566
1788,shaam_province,middle_east,5,460282.69806033024,0.0,460282.69806033024,598818.0353178715
1789,umsobomvu_province,southern_africa,6,125799.47760020487,111372.71507410752,237172.1926743124,598693.7167586014
1790,tidore_province,south_east_asia,7,287.4921641040628,419747.4939579593,420034.98612206336,598539.3593873213
1791,sweetwater_province,north_america,7,253451.23695686492,0.0,253451.23695686492,597882.641576473
1792,pingle_province,east_asia,4,0.0,272147.3015501324,272147.3015501324,597540.7142438989
1793,jahrom_province,middle_east,6,326522.8056864641,0.0,326522.8056864641,596838.1563972721
1794,dali_province,east_asia,8,7092.984119251178,309288.5814897508,316381.565609002,596679.2613101272
1795,e_omita_i_province,north_america,5,143671.52201803826,0.0,143671.52201803826,595880.4622702932
1796,ise_province,east_asia,6,1214.0638756862647,283739.0029296259,284953.06680531224,595072.2001559762
1797,waskaganish_province,north_america,9,0.0,323817.3482212313,323817.3482212313,594919.5167488852
1798,heyuan_province,east_asia,4,1168.7668790036244,294588.2528993498,295757.0197783534,593726.6472506475
1799,konya_province,middle_east,7,372546.8583309809,0.0,372546.8583309809,593490.2156223535
1800,cherdyn_province,eastern_europe,5,0.0,402903.08719932847,402903.08719932847,592765.9730992445
1801,say_province,west_africa,5,277840.31058254174,0.0,277840.31058254174,592695.3494053595
1802,winooski_province,north_america,4,1260.8822816659556,496904.36304922897,498165.24533089495,591935.9009972569
1803,old_manding_province,west_africa,7,216030.7744601724,0.0,216030.7744601724,591784.6212676939
1804,bost_province,middle_east,7,356575.2155931473,0.0,356575.2155931473,591272.1175422907
1805,harima_province,east_asia,5,684.5906820376997,351844.8708380544,352529.4615200921,591220.6442101037
1806,guangzhou_province,east_asia,6,423.7613089296183,319987.94388448144,320411.7051934111,591088.1683425874
1807,oleshia_province,eastern_europe,5,107122.41388837462,0.0,107122.41388837462,590762.7156244215
1808,kashmir_province,south_asia,13,24448.434479901596,122072.07462583875,146520.50910574035,590085.5727439579
1809,quanzhou_guangxi_province,east_asia,4,842.7608690243796,378433.5141728745,379276.2750418989,589810.8094221363
1810,milano_province,western_europe,4,25284.309724954175,185341.70686250518,210626.01658745937,589079.2686608918
1811,linjiang_province,east_asia,3,2161.0818126005315,158039.05990674425,160200.14171934477,588600.1594342629
1812,tula_russia_province,eastern_europe,4,1385.397106155192,137764.7963377386,139150.19344389378,588543.9676243805
1813,banavasi,south_asia,5,159444.83377829305,65429.08773255206,224873.9215108451,588233.1616997008
1814,mouhoun_province,west_africa,5,229218.73489820972,0.0,229218.73489820972,587496.0767604859
1815,hatun_kanar_province,south_america,7,4709.141874715453,297473.9021818291,302183.04405654455,587455.9245636126
1816,rongzhou_province,east_asia,5,294.4474911442774,262857.77468367177,263152.22217481607,587421.249946668
1817,megantic_province,north_america,7,0.20354372473237428,326012.47761547536,326012.6811592001,587264.2663041
1818,north_sekani_province,north_america,4,0.0,429659.4180281899,429659.4180281899,586866.8452817136
1819,tarki_province,eastern_europe,5,311197.0678248031,0.0,311197.0678248031,586346.7013029036
1820,baghdad_province,middle_east,6,403835.4720922457,0.0,403835.4720922457,585939.9061037764
1821,gapsan_province,east_asia,3,226.79185505450437,499531.6516380075,499758.44349306193,585853.2489296946
1822,lianzhou_guangdong_province,east_asia,4,35.16334924018256,276691.3915120838,276726.55486132397,584692.3742189895
1823,tuapse_province,eastern_europe,6,3111.588242239592,64342.08620645576,67453.67444869535,584385.3837547823
1824,guaratuba_province,south_america,7,0.0,333250.9246065186,333250.9246065186,584157.2901823334
1825,lamu_archipelago_province,east_africa,4,273167.36676663475,0.0,273167.36676663475,584063.287612464
1826,sumatran_islands_province,south_east_asia,7,1048.2107696202108,201641.49825339182,202689.70902301202,583525.9226508886
1827,nimiipuu_province,north_america,7,6835.817790716426,165041.7368461997,171877.55463691612,582612.2489665307
1828,ayutthaya_province,south_east_asia,5,253330.1092660549,66293.51182795851,319623.62109401345,582326.5737307651
1829,venice_province,western_europe,7,18683.10755304628,107857.30772808884,126540.41528113512,582232.9671912771
1830,winisk_province,north_america,9,0.0,210316.12115132,210316.12115132,581980.636295235
1831,upper_save_province,southern_africa,5,81084.71390190822,335865.4689862412,416950.1828881494,581568.9557491681
1832,east_gandak_province,south_asia,6,7100.023319017048,290748.44573226356,297848.46905128064,581454.5276826906
1833,tyenga_province,west_africa,4,392684.32347752654,0.0,392684.32347752654,581269.8639122174
1834,damghan_province,middle_east,5,416570.09021811653,0.0,416570.09021811653,581141.3514953811
1835,dalai_nuur_province,east_asia,5,199446.9061075193,0.0,199446.9061075193,581002.7693709591
1836,chilcotin_province,north_america,5,3942.52227166003,314275.0524025314,318217.5746741914,580744.7715084654
1837,siauliai_province,eastern_europe,5,433.58503596212034,183094.73521923507,183528.32025519718,579969.3602870968
1838,western_crow_province,north_america,7,241031.96222307105,0.0,241031.96222307105,579410.957500955
1839,qingyuan_province,east_asia,6,165.1474624729568,376775.48845960223,376940.63592207513,579308.2154123345
1840,yazhou_province,east_asia,5,1061.1316916657931,203820.03155775674,204881.16324942253,579241.3086556003
1841,meskheti_province,eastern_europe,8,179.87602935424937,294617.4148036105,294797.29083296476,579146.9521870853
1842,han_hwechin_province,north_america,5,0.0,441886.2114186464,441886.2114186464,578121.9878459772
1843,jinan_province,east_asia,7,74009.8544334347,0.0,74009.8544334347,577136.086237614
1844,kaarta_province,west_africa,6,269908.05723586096,0.0,269908.05723586096,577021.5643903435
1845,wa_province,west_africa,5,186820.21804766796,0.0,186820.21804766796,576922.7453036264
1846,erzurum_province,eastern_europe,9,9926.6279992698,69407.26254066419,79333.89053993399,576375.6268574258
1847,lower_wami_province,east_africa,4,232295.4931494891,0.0,232295.4931494891,576332.4297931753
1848,dongchuan_province,east_asia,4,106.1707281323058,482113.3559667533,482219.52669488563,576246.9675317463
1849,swazi_province,southern_africa,4,41227.20769045604,257337.55543374165,298564.7631241977,575510.3585147224
1850,vodskaya_province,eastern_europe,8,3708.762012465333,380638.268790873,384347.03080333833,574140.4096537556
1851,ossabaw_province,north_america,4,47437.83745951799,405524.4993604438,452962.3368199618,573707.628922457
1852,maroserana_province,east_africa,5,323632.3351657879,0.0,323632.3351657879,572211.3770615114
1853,denkelia_province,east_africa,4,451512.8934976818,0.0,451512.8934976818,572077.0051848921
1854,tarankol_province,north_asia,5,367486.61083419673,0.0,367486.61083419673,572047.4371884713
1855,seongju_province,east_asia,5,0.0,410130.16411197867,410130.16411197867,571646.434625976
1856,almaliq_province,central_asia,5,204560.10493993666,76193.95665610392,280754.0615960406,571223.3192955457
1857,saratov_province,eastern_europe,6,52690.955536008434,0.0,52690.955536008434,571152.3249780096
1858,chengjiang_province,east_asia,4,4139.744560241552,310435.3158762032,314575.06043644476,571021.9429910004
1859,wembere_province,east_africa,4,356332.04849469144,0.0,356332.04849469144,570748.5545565279
1860,katsina_province,west_africa,4,292254.6493623466,0.0,292254.6493623466,570661.4805326399
1861,mugla_province,middle_east,8,62733.186599455374,0.0,62733.186599455374,570074.8349243873
1862,almenevo_province,north_asia,5,44603.7287490408,0.0,44603.7287490408,569929.1948426708
1863,ganzhou_gansu_province,east_asia,6,311511.5369129384,0.0,311511.5369129384,569825.4790270557
1864,motloutse_province,southern_africa,3,294279.19762868993,0.0,294279.19762868993,568439.0973322762
1865,kii_province,east_asia,6,112.30517417495369,256375.35116468178,256487.65633885673,567548.6133812137
1866,puuk_province,north_america,5,219120.55631796748,0.0,219120.55631796748,566010.6258577134
1867,hudaida_province,middle_east,5,371848.0676387366,0.0,371848.0676387366,565704.0760935787
1868,yangman_province,australasia,8,13463.443535671942,0.0,13463.443535671942,565271.373977631
1869,sichuan_province,east_asia,4,0.0,441783.498794988,441783.498794988,564506.4361443615
1870,oran_province,north_africa,6,297595.2506836422,0.0,297595.2506836422,564294.6570190975
1871,wanapitei_province,north_america,4,829.7667005591736,448117.954771087,448947.72147164616,563566.186655602
1872,kinaksisahtai_province,north_america,5,425675.16806151986,0.0,425675.16806151986,563259.5640692099
1873,ouagadougou_province,west_africa,6,200350.2382256431,0.0,200350.2382256431,561769.0180038485
1874,murom_province,eastern_europe,6,2564.6443935903126,248517.61158684074,251082.25598043104,561467.5379779849
1875,syun_province,eastern_europe,6,14197.26671471645,189730.46341402578,203927.73012874223,561293.696394835
1876,tosa_province,east_asia,7,57.13741058265261,146786.6811832264,146843.81859380903,561199.2959180352
1877,betsiamites_province,north_america,9,360.73551145541137,252735.68150074026,253096.41701219566,560358.4691387201
1878,diyarbekir_province,middle_east,6,41747.656691074124,103747.7225791056,145495.37927017972,559682.3016789521
1879,eimasstukwek_province,north_america,6,0.0,323208.0892496253,323208.0892496253,559359.1004058284
1880,suruga_province,east_asia,5,8.139534556314386,208917.58326342722,208925.72279798353,559041.4381477315
1881,dathina_province,middle_east,5,378732.14255157183,0.0,378732.14255157183,558823.6603705183
1882,kashin_province,eastern_europe,4,56.056471082955355,356487.8858207377,356543.94229182065,558611.9350782982
1883,ihkowom_iyo_he_province,north_america,8,109398.69339298486,0.0,109398.69339298486,558448.530067108
1884,vengi_nadu,south_asia,5,291564.8831307598,0.0,291564.8831307598,556385.4935221048
1885,luorong_province,east_asia,4,870.4866224366873,318458.1585364291,319328.6451588658,556119.725803724
1886,semikarakorsk_province,eastern_europe,6,243142.38190578125,0.0,243142.38190578125,555910.179644004
1887,wuding_province,east_asia,4,1041.5559313809156,296919.33343023836,297960.8893616193,555706.0005318217
1888,qingyang_province,east_asia,7,4425.324825935345,0.0,4425.324825935345,555103.4904291773
1889,shilingol_province,east_asia,7,211488.2140363481,40597.018467701346,252085.23250404943,554720.8865670556
1890,hezhou_guangxi_province,east_asia,4,76.81814185516127,399219.47466006316,399296.2928019183,553833.329402158
1891,azov_province,eastern_europe,7,173645.038813737,0.0,173645.038813737,553100.668665454
1892,phraek_province,south_east_asia,5,208623.28251326023,1000.8523008709693,209624.1348141312,553077.1516658976
1893,dengzhou_province,east_asia,7,26047.908302135067,0.0,26047.908302135067,552428.8968399019
1894,lower_ruvuma_province,east_africa,5,219281.7134361162,6641.999776415926,225923.7132125321,552289.1773640986
1895,south_dalmatia_province,eastern_europe,6,19257.982861460536,224986.40871044065,244244.39157190116,551524.9405183888
1896,aahkawiraahkata,north_america,5,325935.93975164904,0.0,325935.93975164904,551177.9322206052
1897,ruizhou_province,east_asia,3,3371.9944941400436,232225.38398642215,235597.3784805622,549672.0507906325
1898,keonjhar_province,south_asia,5,186837.0273424076,0.0,186837.0273424076,548816.6557602085
1899,kandahar_province,middle_east,6,373802.4978854499,0.0,373802.4978854499,547652.8101211311
1900,bolghar_province,eastern_europe,5,14927.877725916209,0.0,14927.877725916209,546668.8624416557
1901,balti_moldova_province,eastern_europe,5,4535.224154781797,0.0,4535.224154781797,546227.1271741295
1902,wumeng_province,east_asia,4,99.23944746835798,411395.79630845616,411495.03575592453,546181.9152254151
1903,gaoyou_province,east_asia,3,340964.8326785612,0.0,340964.8326785612,545585.4367633814
1904,chongqing_province,east_asia,6,1479.015808867316,117397.35321550266,118876.36902436998,545485.9151524162
1905,lower_igombe_province,east_africa,4,144638.81295828824,21200.89580243107,165839.70876071928,545444.6723558092
1906,bielska_sloboda_province,eastern_europe,6,19624.832054643517,0.0,19624.832054643517,545202.936061474
1907,tongren_province,east_asia,3,50.135545705068786,401850.4667340183,401900.6022797234,544388.1775646887
1908,lower_gafana_province,east_africa,4,186670.96738579325,0.0,186670.96738579325,544129.8383090174
1909,duyun_province,east_asia,5,154.42998296767067,395812.38792235166,395966.81790531933,543337.6701434843
1910,kunduz_province,central_asia,6,258534.9903758272,0.0,258534.9903758272,542851.8641728056
1911,mayapan_province,north_america,6,216295.66902813557,0.0,216295.66902813557,542582.6276566526
1912,podrinje_province,eastern_europe,3,44.03388510481406,381309.60357325885,381353.63745836366,540397.8421406592
1913,jaffna_province,south_asia,2,305346.12069123995,0.0,305346.12069123995,540389.385777645
1914,chimgi_tura_province,north_asia,5,42659.20730044101,0.0,42659.20730044101,539616.608212996
1915,liuzhou_province,east_asia,5,1899.8605009302,415367.1119190414,417266.97241997154,539175.343972468
1916,harput_province,eastern_europe,10,66688.34855624713,85536.10289221347,152224.4514484606,539127.5078795182
1917,kuruman_province,southern_africa,4,234488.711150795,0.0,234488.711150795,538299.8000446444
1918,bahr_el_ghazal_province,east_africa,7,349288.1286428909,0.0,349288.1286428909,538074.1447232523
1919,tsetsaut_province,north_america,5,0.0,361876.7664272695,361876.7664272695,536486.3622306781
1920,zhenan_province,east_asia,4,174.83814045777945,388615.1792926161,388790.01743307384,536388.7696122081
1921,wambu_province,central_africa,7,74564.33575807654,34065.23905199945,108629.574810076,535083.2716613355
1922,ambongo_province,east_africa,4,46388.52311192026,251976.58304952754,298365.1061614478,534785.7444316288
1923,sequoyah_province,north_america,5,32942.17590570726,394043.94251515006,426986.1184208573,534359.3832234645
1924,manyame_province,southern_africa,5,286863.5118893591,0.0,286863.5118893591,534221.450875529
1925,kai_karoo_province,southern_africa,7,92657.66690334989,0.0,92657.66690334989,533989.8752662686
1926,jizhou_province,east_asia,8,55092.32595832875,0.0,55092.32595832875,533353.8667031198
1927,nipigon_province,north_america,5,2525.326283359368,399221.9095320499,401747.23581540934,532965.6402923355
1928,west_gandak_province,south_asia,5,7485.000117744048,226803.38915654464,234288.38927428873,532449.4379335748
1929,southern_vancouver_province,north_america,5,4345.649237189059,327638.7690261006,331984.4182632896,532107.4705462009
1930,funen_province,western_europe,5,879.5544588097624,0.0,879.5544588097624,531989.498766161
1931,agaidika_province,north_america,9,78345.10968073156,10311.520384178495,88656.63006491006,530613.7088230238
1932,yelets_province,eastern_europe,6,2930.818675369991,58622.249436537204,61553.068111907196,530497.2016258956
1933,xingzhou_province,east_asia,9,3856.300503904778,0.0,3856.300503904778,529713.3380668929
1934,samtskhe_province,eastern_europe,4,392.2742831515969,199429.75708831512,199822.03137146673,529674.7852929002
1935,liptako_province,west_africa,5,388567.37494620925,0.0,388567.37494620925,529388.2968144855
1936,tabas_al_tamr_province,middle_east,6,405851.62871156546,0.0,405851.62871156546,528583.0823005112
1937,hont_province,eastern_europe,6,8918.264247081814,238396.1682170936,247314.43246417542,527978.7365221973
1938,hsenwi_province,south_east_asia,6,737.0914914691913,332832.34900611266,333569.44049758185,527140.6205597796
1939,piekouagami_province,north_america,5,203.78469985613094,338041.81884276215,338245.6035426183,526776.3039854455
1940,moqoit_province,south_america,10,174218.99385262092,0.0,174218.99385262092,526746.3680841986
1941,tunis_province,north_africa,6,343688.2652223189,0.0,343688.2652223189,526149.2983751087
1942,sizhou_guizhou_province,east_asia,4,270.26089170776555,399842.3863712697,400112.6472629775,525501.7281708497
1943,kamyshlov_province,eastern_europe,5,2.9373493519969704,372989.49314039527,372992.43048974726,525366.4843009657
1944,nurota_province,central_asia,5,363502.4610740168,0.0,363502.4610740168,524815.2687082689
1945,eskikewakik_province,north_america,4,0.7406075913302236,334460.57413371693,334461.3147413082,524768.9790839718
1946,mistassini_province,north_america,6,0.0,244109.91511703457,244109.91511703457,523248.6545066639
1947,taiyuan_province,east_asia,7,7101.114994188379,0.0,7101.114994188379,523238.7543684619
1948,shazhou_province,east_asia,7,366446.9896677742,0.0,366446.9896677742,522502.86337624595
1949,dean_province,east_asia,4,23093.43684048288,141627.53165015782,164720.96849064072,521686.08955197077
1950,ani_province,eastern_europe,4,9832.605697499728,158981.02698015523,168813.63267765497,520665.33676236187
1951,safhat_jibal_province,middle_east,6,146548.1149795591,0.0,146548.1149795591,520366.6293520039
1952,tih_province,north_africa,5,370087.25728218915,0.0,370087.25728218915,519848.1644424628
1953,szepes_province,eastern_europe,7,944.0171728740087,251783.71493721363,252727.73211008764,519443.69862384856
1954,terebovlia_province,eastern_europe,3,693.2425787211503,0.0,693.2425787211503,519404.89790106134
1955,vashki_province,eastern_europe,6,6514.884094210635,394715.6476681136,401230.5317623242,518884.34823261475
1956,akan_province,west_africa,3,349603.1009997745,0.0,349603.1009997745,518178.48862474633
1957,taizz_province,middle_east,5,277288.93509869295,0.0,277288.93509869295,517825.05198602955
1958,varmland_province,western_europe,8,1445.3189532833105,206120.5938108561,207565.91276413942,515886.65185965685
1959,waashiw_province,north_america,5,355487.4059776701,0.0,355487.4059776701,515798.3317248789
1960,dorohei_province,eastern_europe,6,4420.665883273797,0.0,4420.665883273797,515723.249118683
1961,tuul_province,east_asia,6,70470.24500504363,100898.75907238704,171369.00407743067,515665.12958710943
1962,dien_chau_province,south_east_asia,4,3912.646893440527,358501.3725761679,362414.01946960844,514590.7719033095
1963,nanan_province,east_asia,4,1152.0098038456802,343182.2712613514,344334.2810651971,514501.06619834667
1964,murihiku_province,australasia,6,0.0,183596.74323945685,183596.74323945685,513671.33614438894
1965,wusawei_province,east_asia,4,0.0,428346.76175708184,428346.76175708184,513390.10697671707
1966,south_zazzau_province,west_africa,4,306988.6352213934,0.0,306988.6352213934,512987.21462406754
1967,ndongo_province,central_africa,5,222561.3759255799,0.0,222561.3759255799,512506.54791627737
1968,istria_province,eastern_europe,4,4450.863589293057,287636.08260400133,292086.9461932944,511972.8144674562
1969,wuzhou_province,east_asia,5,2.1325274503106897,269981.9893235983,269984.1218510486,511857.13708242966
1970,panyu_province,east_asia,4,136.11693343143602,257758.2827550034,257894.39968843485,511756.1996494892
1971,cheboksary_province,eastern_europe,7,4935.72631157057,193897.09633034377,198832.82264191436,511686.92547215364
1972,nghe_an_province,south_east_asia,4,9266.537959941117,394356.44260473247,403622.9805646736,511450.8531352578
1973,karlivka_province,eastern_europe,6,47410.55661945875,0.0,47410.55661945875,511211.87619689107
1974,massachusetts_province,north_america,5,13042.641628954862,276622.3080663014,289664.94969525625,510373.06840716326
1975,zaporizhzhia_province,eastern_europe,4,52629.79299306782,0.0,52629.79299306782,509208.51711720135
1976,wasit_province,middle_east,7,321503.8417274665,0.0,321503.8417274665,509066.82194339985
1977,komati_province,southern_africa,3,240681.4207965159,0.0,240681.4207965159,507016.5983960803
1978,daning_province,east_asia,7,54626.7873063429,0.0,54626.7873063429,506955.13571963576
1979,rangkullmapu_province,south_america,10,321539.67583992064,0.0,321539.67583992064,506857.1353199107
1980,or_qapi_province,eastern_europe,5,147291.62678037668,0.0,147291.62678037668,506578.0801279238
1981,jinju_province,east_asia,7,573.5499748249981,286580.45114556485,287154.0011203898,506423.2512604385
1982,guanxi_province,east_asia,5,3248.752275205517,388782.74917099887,392031.5014462044,506285.43912697997
1983,atkarsk_province,eastern_europe,8,105896.00832713066,0.0,105896.00832713066,506133.009368022
1984,tokrau_province,central_asia,4,363017.1370826536,0.0,363017.1370826536,505144.2792179853
1985,wananjun_province,east_asia,4,14820.912356573222,381035.6706176962,395856.5829742694,504963.6558460531
1986,yuzhou_shanxi_province,east_asia,5,11440.894677666063,0.0,11440.894677666063,504496.0065123743
1987,adal_province,east_africa,6,197424.5850691933,0.0,197424.5850691933,504477.65820284246
1988,cafa_province,eastern_europe,5,195157.9050135924,0.0,195157.9050135924,504177.64314029145
1989,velsk_province,eastern_europe,5,5.874122357034351,395549.88565842214,395555.75978077913,503500.2297533765
1990,xunzhou_guangdong_province,east_asia,3,72.14338394676216,291066.30719648616,291138.4505804329,501905.756902987
1991,baghai_province,north_africa,5,283806.79456572444,0.0,283806.79456572444,501532.64388643997
1992,kremenskaya_province,eastern_europe,5,87575.19186849425,0.0,87575.19186849425,501272.09085205605
1993,kaslinsky_province,eastern_europe,4,8105.636864585002,212231.44466612526,220337.08153071025,501004.21672204905
1994,akhtar_province,eastern_europe,8,115039.20528889856,0.0,115039.20528889856,500669.1059500109
1995,lower_marathwada,south_asia,5,30394.594894417234,0.0,30394.594894417234,499943.9192562194
1996,guangning_province,east_asia,5,9087.664518009755,0.0,9087.664518009755,499598.62258276093
1997,hadramawt_province,middle_east,9,292935.5567669965,0.0,292935.5567669965,499427.5013628711
1998,novosil_province,eastern_europe,8,1782.5452205612867,56827.647193202974,58610.19241376426,499061.4664654848
1999,tuyen_hoa_province,south_east_asia,6,60.22628488319767,308171.6963660385,308231.92265092174,498635.91298228694
2000,laizhou_province,east_asia,6,65783.18971273272,0.0,65783.18971273272,498131.0884268243
2001,manicouagan_province,north_america,7,160.7122893758564,235590.25716413386,235750.96945350972,498094.8406351984
2002,uzboy_province,central_asia,3,411527.5192320306,0.0,411527.5192320306,497843.45913603436
2003,buriram_province,south_east_asia,5,142855.39920383634,0.0,142855.39920383634,497087.3241043159
2004,chuncheon_province,east_asia,5,416.50656724479984,384195.35735810065,384611.8639253455,496813.34691601363
2005,borgu_province,west_africa,4,114419.79782219234,0.0,114419.79782219234,495472.2725499664
2006,feher_province,eastern_europe,7,259.0638664441161,257130.74835115488,257389.812217599,495438.53874479886
2007,east_banat_province,eastern_europe,5,16627.780934303526,72290.63391072344,88918.41484502696,494908.21670065535
2008,zabid_province,middle_east,5,249010.9997370448,0.0,249010.9997370448,493887.3747041754
2009,dazhou_province,east_asia,5,69.20836214406901,198647.69015399067,198716.89851613474,493556.5108306516
2010,rostov_province,eastern_europe,3,227.26737063711107,390830.31833490107,391057.58570553816,492814.78391873045
2011,kaleap_province,australasia,8,0.0,0.0,0.0,492750.0
2012,kushva_province,eastern_europe,5,3092.5992362938714,385839.14556206285,388931.7447983568,492673.21289815137
2013,hidaka_province,east_asia,5,96.01990658565884,205764.72933025542,205860.74923684107,492593.3428914462
2014,west_taiwan_province,east_asia,6,1132.9786768303825,284531.53232107137,285664.5109979018,492372.5748726395
2015,runing_province,east_asia,8,262433.69352308114,0.0,262433.69352308114,489862.90521346626
2016,kaministiquia_province,north_america,4,8434.847384204952,390661.53130133776,399096.3786855427,489483.42602123553
2017,chkoy_province,east_asia,4,5579.034062624948,240402.02436382743,245981.05842645236,489353.69072975894
2018,adraskan_province,middle_east,5,240695.82638473966,0.0,240695.82638473966,489032.80468283215
2019,laila_province,middle_east,4,338949.5708948214,0.0,338949.5708948214,488193.267256674
2020,madawaska_province,north_america,4,261.6959906731446,405586.2003255232,405847.89631619636,488078.8833557209
2021,tlemcen_province,north_africa,5,91595.93838865985,0.0,91595.93838865985,487795.4306872423
2022,mokaie_province,south_america,6,2043.9703894645725,216463.2430167858,218507.21340625038,487695.6150820317
2023,lower_pangani_province,east_africa,6,203477.86346625368,0.0,203477.86346625368,487662.59639953537
2024,jazan_province,middle_east,6,355138.81642285077,0.0,355138.81642285077,487281.1684757071
2025,halar,south_asia,5,284667.67237375514,0.0,284667.67237375514,486751.1314204745
2026,stadacona_province,north_america,8,5.515029727586253,296779.8319770286,296785.3470067562,484633.5153826007
2027,trubchevsk_province,eastern_europe,5,3354.1430460943157,135135.77931460418,138489.92236069852,484301.16265578585
2028,tenkodogo_province,west_africa,5,249229.17652963742,0.0,249229.17652963742,484007.8235958421
2029,cadiz_province,western_europe,8,129130.67795889635,0.0,129130.67795889635,483897.0127037584
2030,bijar_province,middle_east,7,254626.56523156923,0.0,254626.56523156923,483329.88588551537
2031,qingcheng_province,east_asia,8,110452.05129076248,0.0,110452.05129076248,482008.5577021078
2032,stavropol_province,eastern_europe,5,46366.58911984903,0.0,46366.58911984903,481912.4127598302
2033,torino_province,western_europe,5,3489.382739365433,216775.63970315596,220265.0224425214,481798.15024783654
2034,lower_styria_province,western_europe,5,1761.3055169767608,179412.92337852783,181174.2288955046,481696.0075074427
2035,phetchaburi_province,south_east_asia,3,53488.07699269146,316592.6003891892,370080.6773818807,481590.76205461577
2036,savoy_province,western_europe,8,1006.99612003953,204009.67326150258,205016.6693815421,481518.7530542349
2037,mstsislaw_province,eastern_europe,6,762.2387509412895,260108.39822583852,260870.63697677982,481354.4665988772
2038,ouarsenis_province,north_africa,6,224131.83410448127,0.0,224131.83410448127,480523.3133675414
2039,cayor_province,west_africa,3,388039.10800166684,0.0,388039.10800166684,480418.9965018752
2040,he_province,east_asia,3,11300.586916786213,231684.77274515043,242985.3596619366,480358.5296196787
2041,xinyang_province,east_asia,4,181180.58173854754,89770.77138091135,270951.3531194589,480320.27225939126
2042,kargopol_province,eastern_europe,5,0.0,276672.7419413364,276672.7419413364,480006.8346840035
2043,anlu_province,east_asia,5,73296.4677237724,0.0,73296.4677237724,479583.5261892439
2044,yangjibaliq_province,east_asia,5,258279.83469813078,0.0,258279.83469813078,478439.81403539714
2045,mamprusi_province,west_africa,4,166259.92745807674,0.0,166259.92745807674,478417.41839033633
2046,sukhothai_province,south_east_asia,6,124081.77201636578,0.0,124081.77201636578,478216.99351841153
2047,dena_ina_province,north_america,7,0.0,349885.6304106611,349885.6304106611,477996.3342119938
2048,nanyang_province,east_asia,7,268302.2393433393,0.0,268302.2393433393,477340.0192612567
2049,northern_tanana_province,north_america,5,0.0,208174.20925371588,208174.20925371588,477195.98541043035
2050,porossia_province,eastern_europe,6,161.2204383304706,0.0,161.2204383304706,477181.37299312174
2051,namaro_province,west_africa,6,359422.8111892564,0.0,359422.8111892564,476350.66258791345
2052,iasi_province,eastern_europe,6,11358.466803230149,0.0,11358.466803230149,476278.2751536339
2053,khoy_province,middle_east,8,148156.7617600868,0.0,148156.7617600868,476051.35698009765
2054,siyancuma_province,southern_africa,4,281950.3658635834,0.0,281950.3658635834,475819.1615965313
2055,pitchibourenik_province,north_america,6,0.0,217541.2267574207,217541.2267574207,475358.8801020983
2056,suakin_province,east_africa,4,361345.08301414124,0.0,361345.08301414124,475138.2183909089
2057,culiacan_province,north_america,8,123343.06857436328,0.0,123343.06857436328,475135.95214615867
2058,mangistau_province,central_asia,6,363019.18478971475,0.0,363019.18478971475,474771.58288842905
2059,kars_province,eastern_europe,3,9139.736851787686,152879.31419328108,162019.05104506877,474771.43242570234
2060,guangping_province,east_asia,7,218876.89168063804,0.0,218876.89168063804,474611.5031407178
2061,ijebu_province,west_africa,5,14583.35254317591,48095.0217625887,62678.37430576461,474388.1710939852
2062,alatyr_province,eastern_europe,6,1932.3262814630625,0.0,1932.3262814630625,473548.86706664594
2063,deqing_province,east_asia,4,137.38616863067176,292591.83947125456,292729.22563988523,472195.3788448709
2064,masuria_province,eastern_europe,7,2531.5252436405317,204487.15163341482,207018.67687705535,471396.0114866873
2065,pingyue_province,east_asia,3,284.48885314706206,305613.1508487492,305897.63970189623,471259.8446646332
2066,meath_province,western_europe,8,977.7590141885099,274480.1827365543,275457.9417507428,470765.1844695856
2067,uashat_province,north_america,6,0.0,210323.88178316117,210323.88178316117,469489.3670060563
2068,dobea_province,east_africa,5,283209.9778860016,0.0,283209.9778860016,469361.2251217518
2069,payeye_province,north_america,6,182111.5585581843,0.0,182111.5585581843,469250.50337795727
2070,kayseri_province,middle_east,5,56769.43953696155,0.0,56769.43953696155,468865.61947908177
2071,lower_lurio_province,east_africa,5,114388.63233625282,0.0,114388.63233625282,468437.21137828444
2072,lijiang_province,east_asia,6,114.60426930086436,281106.6599396245,281221.26420892536,468248.92223504104
2073,east_muntenia_province,eastern_europe,7,29990.628680144353,143093.39430186964,173084.022982014,468094.5258547657
2074,kai_province,east_asia,4,118.09398265098119,275386.0616784526,275504.15566110355,467442.1751187415
2075,deh_kord_province,middle_east,6,312200.84139859944,0.0,312200.84139859944,465975.9465734244
2076,khaqmar_province,central_asia,6,197175.7591688678,27424.954550148614,224600.7137190164,465300.80293389346
2077,lar_province,middle_east,5,268278.508496486,0.0,268278.508496486,464938.32205854676
2078,deg_xitan_province,north_america,6,0.0,228213.06515577907,228213.06515577907,464864.69830025145
2079,hizen_province,east_asia,8,1492.5871353962752,260550.73814421942,262043.3252796157,464673.7409395677
2080,adrar_province,west_africa,5,240106.7928196967,0.0,240106.7928196967,462495.1419221588
2081,south_dobruja_province,eastern_europe,6,38699.85478952812,0.0,38699.85478952812,462037.33663821913
2082,pikwitonei_province,north_america,3,0.0,350313.46410645865,350313.46410645865,460477.647119766
2083,kargasok_province,north_asia,3,3590.5498588557784,289362.1192007591,292952.6690596149,460071.7526920667
2084,kerulen_province,east_asia,5,71605.2711800135,128904.55320126837,200509.82438128188,459573.5524289421
2085,guangnan_province,east_asia,5,0.0,173436.30061769194,173436.30061769194,459490.83819490345
2086,ust_sysola_province,eastern_europe,7,0.0,327350.57869593083,327350.57869593083,459394.4010329222
2087,mamudju_province,south_east_asia,6,116.46848311903385,287866.3046756448,287982.7731587638,457855.6198036093
2088,tepeyacac_province,north_america,5,55739.13514035486,160122.06998916203,215861.2051295169,457718.8557707065
2089,medjerda_province,north_africa,7,161798.1071673755,0.0,161798.1071673755,457647.8705632975
2090,shunning_province,east_asia,5,0.0,134221.09215230795,134221.09215230795,456998.72867134644
2091,epexiwitk_province,north_america,6,5746.444457430139,175133.4661152616,180879.91057269173,455489.8993942782
2092,oshima_province,east_asia,6,15.359250197013926,280739.5577892397,280754.9170394367,455349.2816693663
2093,aydin_province,middle_east,8,271201.31645961455,0.0,271201.31645961455,454726.4810170664
2094,upper_wami_province,east_africa,4,198027.54695527628,0.0,198027.54695527628,454530.9903246858
2095,kampili,south_asia,5,81798.96639900851,0.0,81798.96639900851,454273.8371988846
2096,mahadeo,south_asia,5,251491.44746237344,0.0,251491.44746237344,453927.8783951701
2097,fengyang_province,east_asia,3,233200.1115892315,0.0,233200.1115892315,453600.1255378854
2098,chactemal_province,north_america,6,87074.51666989845,27892.120737841215,114966.63740773966,453337.4670837071
2099,pennacook_province,north_america,4,830.4914324230343,219495.10996290934,220325.60139533237,452616.3015697489
2100,vastergotland_province,western_europe,12,3236.4838491448972,83920.75973209401,87157.24358123892,452426.8990288938
2101,narangga_province,australasia,8,0.0,0.0,0.0,452250.0
2102,darab_province,middle_east,5,229660.53849381505,0.0,229660.53849381505,451868.1058055419
2103,niineniiniicie_province,north_america,4,198349.7399537557,0.0,198349.7399537557,450393.4574479752
2104,bizen_province,east_asia,3,92.7233215401843,234150.18702977028,234242.91035131045,450273.27414522425
2105,gwiriko_province,west_africa,6,119789.28874712007,0.0,119789.28874712007,449762.94984051015
2106,barga_province,north_asia,7,596.1477224896435,246934.2472031131,247530.39492560274,449471.69429130305
2107,lower_rufiji_province,east_africa,3,128376.8882654781,106926.74359201582,235303.63185749392,449216.58583968075
2108,ahvaz_province,middle_east,6,311715.3831461867,0.0,311715.3831461867,448554.80603946
2109,tengrela_province,west_africa,6,157631.11765784986,0.0,157631.11765784986,448460.0073650811
2110,peshawar_province,south_asia,5,103593.99936143475,64651.42721004497,168245.4265714797,448026.10489291465
2111,nauset_province,north_america,4,33385.826481459335,109456.5243271381,142842.35080859743,447572.6446596721
2112,asante_province,west_africa,5,188807.2153028861,0.0,188807.2153028861,446408.1172157469
2113,simivu_province,east_africa,3,123878.41587683099,27865.416487194838,151743.83236402582,446336.81140952907
2114,kulab_province,central_asia,6,88965.65622498894,62185.54651133501,151151.20273632393,445670.10307836445
2115,matlatzinco_province,north_america,6,49882.446081242815,142151.99170240774,192034.43778365056,445538.74250660685
2116,kaya_paha_province,north_america,3,269967.996224488,0.0,269967.996224488,445463.99575254903
2117,xinzhou_province,east_asia,4,1360.1419965199136,0.0,1360.1419965199136,444780.15974608494
2118,baishan_province,east_asia,4,329.0669298436584,166882.7148361473,167211.78176599095,444613.25448673987
2119,annan_guizhou_province,east_asia,3,0.0,197168.51580799103,197168.51580799103,444564.5802839899
2120,oumi_province,east_asia,6,687.324719459766,282079.02117540466,282766.3458948644,444112.1391317225
2121,liganha_province,east_africa,4,166728.28550767692,0.0,166728.28550767692,444069.32119613653
2122,tavastland_province,western_europe,12,4597.078390014117,134028.09281423953,138625.17120425365,443953.3176047854
2123,lower_mazowe_province,southern_africa,4,220426.8009128386,0.0,220426.8009128386,443730.15102694347
2124,jujuy_province,south_america,7,56925.479680400924,0.0,56925.479680400924,443166.164640451
2125,iwami_province,east_asia,5,8.99921649673831,260724.43595210515,260733.4351686019,442950.1145646771
2126,orhei_province,eastern_europe,6,7648.184565992789,0.0,7648.184565992789,442854.20763674186
2127,cismonte_province,western_europe,4,18056.14651116188,84047.76763325946,102103.91414442133,442241.90341247397
2128,imakia_province,north_asia,3,314763.48162570136,0.0,314763.48162570136,441858.9168289141
2129,sorochinskaya_province,eastern_europe,8,100503.17146333084,0.0,100503.17146333084,441566.0678962472
2130,dharug_province,australasia,7,17688.221732033628,66794.9508224289,84483.17255446254,441543.56912377034
2131,lower_carinthia_province,western_europe,6,271.77212638642254,230165.56884687947,230437.34097326588,441492.00859492406
2132,ashuanipi_province,north_america,8,0.0,200403.5049607381,200403.5049607381,441453.94308083033
2133,nusaybin_province,middle_east,7,276692.79070543987,25776.441898907673,302469.2326043475,440402.886679891
2134,norridgewock_province,north_america,5,165.1263913549537,340245.8978676517,340411.0242590067,440337.40229138255
2135,yeniseysk_province,north_asia,4,0.0,240195.1626512872,240195.1626512872,440094.5579826981
2136,chaiyaphum_province,south_east_asia,6,109081.3724244181,0.0,109081.3724244181,438841.54397747037
2137,khujand_province,central_asia,5,250536.4775001455,16211.991147061733,266748.46864720725,438467.02722810814
2138,ongiin_province,east_asia,5,131620.59715975376,13904.361483899922,145524.9586436537,438215.5784741104
2139,north_ktunaxa_province,north_america,6,206.13910701048258,259444.45562048623,259650.5947274967,437231.9190684338
2140,awa_province,east_asia,7,266.0024030755681,189926.47451176573,190192.4769148413,436716.5365291964
2141,heves_province,eastern_europe,4,27319.34302192796,198687.4357626749,226006.77878460288,436507.62613267824
2142,biga_province,middle_east,8,159621.29082422442,0.0,159621.29082422442,436073.95217725245
2143,thubun_province,north_america,7,0.0,300544.5446524804,300544.5446524804,435987.6127340404
2144,shangzhou_province,east_asia,9,0.0,0.0,0.0,435375.0
2145,maui_province,pacific_islands,5,0.0,267407.77580047393,267407.77580047393,434708.7477755331
2146,kiralyfold_province,eastern_europe,7,1353.3168208407437,130710.85290713506,132064.1697279758,434322.19094397285
2147,starodub_province,eastern_europe,3,129.35873339538364,363579.58891259506,363708.9476459904,432797.5661017392
2148,fon_province,west_africa,4,182561.70493734797,0.0,182561.70493734797,432631.9180545165
2149,dechang_province,east_asia,4,402.7942945217486,234452.82856085783,234855.6228553796,431837.575712302
2150,pungwe_province,southern_africa,5,183276.38745495366,18050.102757521778,201326.49021247544,431242.3014890349
2151,funing_province,east_asia,3,18.434916458403215,195419.35543750224,195437.79035396065,430242.51414820575
2152,atacama_province,south_america,6,286386.059952769,0.0,286386.059952769,430184.31744686514
2153,biu_province,west_africa,5,167702.74669716635,0.0,167702.74669716635,429415.59003431216
2154,gaozhou_province,east_asia,4,343.4882992551256,249307.9493404358,249651.4376396909,429357.86734465224
2155,yaren_province,eastern_europe,7,59.333402779680064,231407.0586274438,231466.39203022348,429149.6910340014
2156,sevilla_province,western_europe,9,152435.52899065753,0.0,152435.52899065753,429114.9701144897
2157,konchuko_province,south_america,8,317.7015014680003,136989.15033295096,137306.85183441895,428970.20831372135
2158,sopron_province,eastern_europe,4,39828.84324587015,0.0,39828.84324587015,428432.44865160395
2159,bale_province,east_africa,4,123231.56364259603,145407.09606581094,268638.65970840695,428218.49217195786
2160,karachev_province,eastern_europe,5,1484.7578374930022,124994.519702649,126479.27754014201,428039.1872326598
2161,ruaha_province,east_africa,4,270759.44758956385,0.0,270759.44758956385,427229.3785382593
2162,tzintzuntzan_province,north_america,7,30586.355679747405,0.0,30586.355679747405,425909.6501397159
2163,huila_province,central_africa,9,143957.20843260232,0.0,143957.20843260232,425201.8594866776
2164,sagami_province,east_asia,3,374.37020954866585,171451.21147837298,171825.58168792163,425053.7793989118
2165,atakpame_province,west_africa,4,187698.9439453131,0.0,187698.9439453131,424911.3119384773
2166,mahu_province,east_asia,5,0.0,202485.69601618656,202485.69601618656,424671.4080182099
2167,ayaviri_province,south_america,9,47.00624945667301,18303.17739184665,18350.183641303323,424518.95659646625
2168,bacs_province,eastern_europe,4,114107.38535707394,0.0,114107.38535707394,424245.80852670816
2169,starodub_siverskyi_province,eastern_europe,7,545.0491977150044,91509.8505936804,92054.8997913954,424186.7622653198
2170,taizhou_nanzhili_province,east_asia,3,194738.1013602648,42254.709937881344,236992.81129814612,424116.9127104144
2171,yulin_guangxi_province,east_asia,3,959.7902058129082,248891.71576183388,249851.5059676468,423957.94421360263
2172,kachen_province,eastern_europe,5,49470.514591515064,33718.24306538594,83188.75765690101,423212.35236401367
2173,avalon_province,north_america,4,0.0,177549.86829337451,177549.86829337451,422493.60183004633
2174,szabolcs_province,eastern_europe,5,56502.09292432398,79619.50201118253,136121.59493550652,422011.79430244485
2175,dracenois_province,western_europe,5,5923.239236719173,153843.99329308575,159767.2325298049,421613.1365960305
2176,charka_province,south_america,9,31550.26367299016,0.0,31550.26367299016,421369.0466321139
2177,malmohus_province,western_europe,3,8226.139658075006,258071.48408712493,266297.62374519993,421084.8267133499
2178,shouzhou_province,east_asia,3,255104.45655573625,0.0,255104.45655573625,420867.5136252033
2179,ugalla_province,east_africa,5,113792.82640834626,0.0,113792.82640834626,419391.9297093896
2180,enlhet_province,south_america,8,129888.26764087545,17424.504445144332,147312.77208601977,418851.86859677226
2181,sergiyevsk_province,eastern_europe,5,11508.854936921016,0.0,11508.854936921016,417947.46180403617
2182,chin_province,south_asia,6,1298.6914655607434,198047.3279861647,199346.0194517254,417764.2718831911
2183,vastmanland_province,western_europe,7,748.2243885054165,160556.9285790497,161305.15296755513,417718.29708849953
2184,buir_nuur_province,east_asia,4,120787.196677278,87159.04094256737,207946.23761984537,417314.5173223261
2185,autlan_province,north_america,6,39424.92132804842,0.0,39424.92132804842,416728.0364940545
2186,dalarna_province,western_europe,12,1275.995046292527,155102.94965208415,156378.9446983767,416676.31278567377
2187,cuitzeo_province,north_america,5,31351.19064518528,85593.59928352069,116944.78992870596,416187.8886697942
2188,poltava_province,eastern_europe,6,34169.34889974215,0.0,34169.34889974215,415315.5175122099
2189,vasterbotten_province,western_europe,18,1088.8522734457415,69777.67458588466,70866.5268593304,414974.84271674673
2190,northern_sakhalin_province,east_asia,4,0.0,200812.91045805046,200812.91045805046,414914.52426530677
2191,ishma_province,south_america,11,124565.13848872067,19755.430329470844,144320.5688181915,414360.6399204655
2192,menabe_province,east_africa,7,180691.99323622035,0.0,180691.99323622035,413653.4923907479
2193,south_epirus_province,eastern_europe,5,2953.746852989123,185676.47817435692,188630.22502734605,413584.0031557643
2194,zhending_province,east_asia,10,89137.93005195096,0.0,89137.93005195096,413030.1713084448
2195,bear_river_province,north_america,6,139722.53063630007,29369.9717713645,169092.50240766458,412979.06520862266
2196,darumbal_province,australasia,8,139602.48206330586,0.0,139602.48206330586,412427.79232121905
2197,sahel_TUN_province,north_africa,5,261379.076758232,0.0,261379.076758232,411051.461353011
2198,zamfara_province,west_africa,5,184065.46492221716,0.0,184065.46492221716,410698.6480374943
2199,yulin_province,east_asia,5,106852.4308746526,0.0,106852.4308746526,410458.98473398417
2200,seles_province,central_africa,8,75662.04313270951,0.0,75662.04313270951,410244.79852429824
2201,dariganga_province,east_asia,5,93323.15139102176,0.0,93323.15139102176,409863.5453148995
2202,uglich_province,eastern_europe,3,0.0,294821.7823586436,294821.7823586436,409299.50515347405
2203,luangwa_province,central_africa,6,156959.93044814523,75671.94859081977,232631.87903896498,409085.8639188356
2204,central_macedonia_province,eastern_europe,6,51362.6001247269,0.0,51362.6001247269,408782.92514031776
2205,majerteen_province,east_africa,6,273146.5953136591,0.0,273146.5953136591,408539.91972786654
2206,xiliao_province,east_asia,6,200464.14355775714,0.0,200464.14355775714,407772.16150247684
2207,ife_province,west_africa,4,60227.1073251597,0.0,60227.1073251597,407505.4957408047
2208,ngarinyin_province,australasia,8,0.0,0.0,0.0,407250.0
2209,coliman_province,north_america,6,71179.31399855301,58781.19998721512,129960.51398576814,407205.5782339892
2210,ecchuu_province,east_asia,4,463.2394652276291,238273.21115232364,238736.45061755128,406953.5069447452
2211,jiazhou_province,east_asia,4,16594.02767770564,0.0,16594.02767770564,406793.2811374188
2212,mozambique_province,east_africa,5,39505.50573055912,0.0,39505.50573055912,405568.693946879
2213,fuzhou_sichuan_province,east_asia,3,1467.3300967091548,180964.00079053105,182431.3308872402,405485.2472481452
2214,placentia_province,north_america,5,0.0,209207.94207588775,209207.94207588775,405233.9348353738
2215,itkanaahtuusu_province,north_america,5,163139.86214459117,0.0,163139.86214459117,405157.3449126651
2216,muchinga_province,east_africa,6,184851.17471401836,0.0,184851.17471401836,403707.5715532706
2217,suizhou_province,east_asia,5,165328.61427008672,7087.383704285805,172415.99797437253,403217.99772116914
2218,orkhon_province,east_asia,4,4991.199645717776,219370.59489735408,224361.79454307185,403157.01886095584
2219,manan_province,north_america,4,422.39008537767336,254415.0730924938,254837.46317787148,402567.1460751054
2220,markahuamachuco_province,south_america,8,436.1326652516986,0.0,436.1326652516986,402115.64924840815
2221,tabriz_province,middle_east,6,228326.59581670392,0.0,228326.59581670392,401992.4202937919
2222,nguu_hoong_province,south_east_asia,4,358.08331233879954,268983.2655140971,269341.3488264359,400884.0174297404
2223,pozsony_province,eastern_europe,7,48436.31941773316,179149.18929067734,227585.50870841052,400033.6972969618
2224,canary_islands_province,north_africa,6,243265.6548378219,0.0,243265.6548378219,399673.86169254966
2225,kandi_province,west_africa,6,132170.64615211566,0.0,132170.64615211566,399566.97692113015
2226,dardanelles_province,eastern_europe,6,172036.61670907232,0.0,172036.61670907232,399416.1937977064
2227,thessaly_province,eastern_europe,8,105029.82739416127,0.0,105029.82739416127,399408.5558184314
2228,tak_province,south_east_asia,4,79770.81325891883,143206.47755402324,222977.29081294208,399349.45216455986
2229,novara_province,western_europe,6,7383.459046747495,166380.5143171753,173763.9733639228,399109.47003441316
2230,amgun_province,east_asia,6,0.0,209536.01125459897,209536.01125459897,398853.0126614239
2231,lanzhou_province,east_asia,6,0.0,119826.40588684863,119826.40588684863,398054.7066227047
2232,sena_province,southern_africa,4,110590.68843832325,0.0,110590.68843832325,397789.5244931136
2233,mangala_province,australasia,8,43547.58663371985,0.0,43547.58663371985,397741.03496293485
2234,kerman_province,middle_east,4,304324.75448514434,0.0,304324.75448514434,397490.34879578743
2235,jeonju_province,east_asia,4,69013.05071437615,177242.57237841559,246255.62309279173,397412.5759793907
2236,sauzas_province,north_america,4,173127.81253775035,0.0,173127.81253775035,397268.7891049692
2237,cyprus_province,middle_east,7,136459.14884312704,0.0,136459.14884312704,396516.5424485179
2238,trujillo_province,western_europe,4,98158.20715271204,0.0,98158.20715271204,396177.98304680106
2239,lalsk_province,eastern_europe,5,0.0,311136.93693977495,311136.93693977495,396154.0540572468
2240,north_taiwan_province,east_asia,6,1866.003490808656,150245.34113473655,152111.34462554523,396125.26270373835
2241,ar_ruha_province,middle_east,6,165066.9180309624,0.0,165066.9180309624,396075.28278483276
2242,tana_province,eastern_europe,6,89098.54103716598,0.0,89098.54103716598,394985.8586668117
2243,volkhovskaya_province,eastern_europe,5,2030.0126391805716,237042.40084243912,239072.4134816197,394956.4651668222
2244,lizhou_sichuan_province,east_asia,6,189.29309306113572,273332.2301413462,273521.52323440736,394336.7136387083
2245,turpan_province,east_asia,5,248922.71475050357,0.0,248922.71475050357,393663.05409431655
2246,qashliq_province,north_asia,4,602.837179315438,205258.50266124847,205861.3398405639,393594.00732063444
2247,alto_alentejo_province,western_europe,9,171655.31209052633,0.0,171655.31209052633,393362.2261018421
2248,tsimshian_province,north_america,5,0.0,257585.68334971383,257585.68334971383,393283.89376842807
2249,western_jutland_province,western_europe,4,1235.1384958907345,115152.63529373711,116387.77378962784,393061.2455133313
2250,korela_province,western_europe,14,5968.894892102349,156356.5977335823,162325.49262568465,392991.1792038952
2251,aimore_province,south_america,4,3250.3821323763204,0.0,3250.3821323763204,392906.6798989234
2252,savolax_province,western_europe,10,413.5745280112304,76509.74322760347,76923.3177556147,392538.73247506656
2253,uaymil_province,north_america,5,68852.77897679122,0.0,68852.77897679122,392459.37634889013
2254,taian_province,east_asia,6,44563.35673685803,0.0,44563.35673685803,392133.77632896526
2255,kildare_province,western_europe,5,316.41533785103655,172698.140938642,173014.55627649304,391516.37581105466
2256,vardar_province,eastern_europe,8,5952.449378224754,0.0,5952.449378224754,391446.50555050286
2257,yuanzhou_huguang_province,east_asia,3,206.35998734810016,286723.98291465803,286930.3429020061,391421.63576475694
2258,vyborg_province,western_europe,11,669.5713939553277,162750.8754440712,163420.44683802652,390848.0026927798
2259,eastern_podolia_province,eastern_europe,6,5307.56677098683,0.0,5307.56677098683,390721.0126173602
2260,zhaoqing_province,east_asia,5,177.76597886074654,251096.36312410724,251274.129102968,390683.395240839
2261,baracoa_province,north_america,7,152251.51077789676,0.0,152251.51077789676,390657.9496251339
2262,mbamba_province,central_africa,7,66937.05725808733,0.0,66937.05725808733,390304.1894153482
2263,nanning_province,east_asia,3,2292.843502432608,144285.4393270574,146578.28282948997,389900.5681831762
2264,eastern_jutland_province,western_europe,5,1526.9569200885414,63797.76295304836,65324.719873136906,389615.309857279
2265,tengzhou_province,east_asia,5,95256.12114826152,0.0,95256.12114826152,389538.13629179425
2266,kennebec_province,north_america,4,4707.164055274685,256530.07192654716,261237.23598182184,389516.89047954953
2267,coos_province,north_america,4,452.8273627658716,210618.8491464003,211071.67650916617,389330.63607281196
2268,alsigontekw_province,north_america,5,484.8741183503011,225218.8852280575,225703.7593464078,388916.7292647088
2269,xalapa_province,north_america,4,5330.372924169934,160869.53397623677,166199.90690040673,388349.89526295755
2270,roscommon_province,western_europe,5,2099.0550585564133,145886.7527518564,147985.8078104128,388109.0337867144
2271,edirne_province,eastern_europe,5,104970.35620593352,0.0,104970.35620593352,388091.6507316752
2272,baixo_alentejo_province,western_europe,9,196232.3314270907,0.0,196232.3314270907,387261.37285547704
2273,mizhou_province,east_asia,4,4642.243575587219,0.0,4642.243575587219,386597.52402253565
2274,saguenay_province,north_america,6,7.490341945975695,265478.54094227427,265486.0312842202,386421.78519474773
2275,punjab_hills_province,south_asia,12,31574.48694738964,50840.19934450355,82414.68629189319,386341.5220783799
2276,umngazi_province,southern_africa,4,1964.5544988080453,217613.55368878494,219578.108187593,385400.3717110421
2277,acamama_province,south_america,9,19.104291056069346,110501.109037969,110520.21332902508,385335.2399951532
2278,taman_province,eastern_europe,6,85296.06052365615,0.0,85296.06052365615,385083.06808911316
2279,mahra_province,middle_east,7,237474.02354874572,0.0,237474.02354874572,384158.2764923389
2280,changping_province,east_asia,4,67115.45430309395,0.0,67115.45430309395,383754.8860909807
2281,urmia_province,middle_east,5,231837.03427499643,0.0,231837.03427499643,383441.663559371
2282,connecticut_province,north_america,4,12890.025393964059,219562.34625449218,232452.37164845626,383008.91810451326
2283,oosumi_province,east_asia,7,43.55486403423677,232802.60344753024,232846.15831156448,382326.92810051003
2284,chishmy_province,eastern_europe,7,36293.25467875298,3163.5379319353437,39456.792610688324,381888.8916870244
2285,preslav_province,eastern_europe,7,19153.492686726877,0.0,19153.492686726877,381547.67927256774
2286,yangzhou_province,east_asia,3,167883.80617524617,0.0,167883.80617524617,381244.28194715193
2287,aunus_karelia_province,western_europe,8,12687.028322807606,232965.44317925198,245652.4715020596,380984.03043981706
2288,naga_province,south_asia,4,271.8102265989468,202965.50709273474,203237.3173193337,380516.9819842504
2289,gogodala_province,pacific_islands,3,719.2177497487454,279407.9615621414,280127.1793118902,380393.0767258765
2290,aksaray_province,middle_east,4,196016.37008783684,0.0,196016.37008783684,380268.4163488165
2291,puquina_province,south_america,7,173824.89290694977,0.0,173824.89290694977,380053.00452031847
2292,thai_nguyen_province,south_east_asia,5,298.76906180189485,277932.637623068,278231.4066848699,379385.33252047864
2293,aivitok_province,north_america,7,0.0,119792.36177521643,119792.36177521643,378891.4069971185
2294,tete_province,southern_africa,3,210778.03504630664,0.0,210778.03504630664,378875.289427095
2295,nzima_province,west_africa,4,15757.746009970571,195673.04689086025,211430.79290083083,378484.64201343467
2296,tipperary_province,western_europe,6,462.95599657271566,149070.26883074496,149533.22482731767,377474.8779307324
2297,eiland_province,southern_africa,5,191162.1277171602,0.0,191162.1277171602,377057.39368180523
2298,maramaros_province,eastern_europe,5,312.7905594653083,266502.68309151335,266815.47365097865,375542.407857351
2299,basarabia_province,eastern_europe,7,29757.11391718904,0.0,29757.11391718904,374351.75315683766
2300,manipur_province,south_asia,2,10850.492302033319,289770.9553653234,300621.44766735676,374199.1286257763
2301,kuskokwagmiut_province,north_america,6,0.0,101378.80488008674,101378.80488008674,373926.1554900976
2302,indrapura_province,south_east_asia,3,702.0892527956199,270521.66035973735,271223.74961253296,373751.7183140996
2303,mangyshlak_province,central_asia,4,263159.4048637035,0.0,263159.4048637035,373679.3304716664
2304,medininkai_province,eastern_europe,6,928.2781981517179,240016.5286199049,240944.80681805662,373437.90767031367
2305,shaowu_province,east_asia,4,0.0,213546.17400325334,213546.17400325334,372989.44575366005
2306,pocumtuc_province,north_america,3,630.1491356025808,306821.9855383237,307452.1346739263,372883.6515081671
2307,gurgueia_province,south_america,6,107091.56792536285,0.0,107091.56792536285,372478.0139160332
2308,upper_styria_province,western_europe,8,274.42979380941654,118545.2563052442,118819.68609905362,372172.1468614353
2309,kantor_province,west_africa,4,87551.62973577504,0.0,87551.62973577504,371870.58345274697
2310,xam_neua_province,south_east_asia,5,1253.7309209099008,277013.31258747296,278267.04350838286,371550.42394693074
2311,huelva_province,western_europe,7,127092.88023826963,0.0,127092.88023826963,371354.4902680533
2312,haizhou_province,east_asia,5,196950.963617373,0.0,196950.963617373,371194.83406954457
2313,izumo_province,east_asia,5,49.55530077182561,245839.36115005324,245888.91645082508,371125.0310071782
2314,syunik_province,eastern_europe,6,46823.838460546714,112808.74399584722,159632.58245639392,370836.6552634432
2315,kyiv_province,eastern_europe,5,410.58048240659014,0.0,410.58048240659014,370586.9030427074
2316,kwakwala_province,north_america,7,0.0,198176.632869257,198176.632869257,370323.71197791415
2317,zazzau_province,west_africa,6,144921.08792528944,0.0,144921.08792528944,370036.2239159506
2318,abruzzo_citra_province,western_europe,3,4108.98252284415,0.0,4108.98252284415,369122.60533819965
2319,waitaha_province,australasia,5,0.0,258784.56696632237,258784.56696632237,368757.63783711265
2320,ayntab_province,middle_east,4,10779.226890369955,0.0,10779.226890369955,368751.63025166624
2321,yamato_province,east_asia,3,558.2536872623016,207748.10473194497,208306.35841920727,368219.6532216082
2322,xingan_province,east_asia,8,474.9884306180652,0.0,474.9884306180652,367284.36198444536
2323,zealand_province,western_europe,8,4342.620629470653,757.3343083901902,5099.954937860843,366862.44930509344
2324,gorin_province,east_asia,5,0.2315214556085359,128965.64258691783,128965.87410837345,366711.6083719201
2325,gani_koe_province,north_america,4,0.0,233437.1994871487,233437.1994871487,366116.84942304227
2326,kashary_province,eastern_europe,5,14262.262079299013,0.0,14262.262079299013,365920.0448392114
2327,hulwan_province,middle_east,5,166052.62537698227,0.0,166052.62537698227,365684.2035491051
2328,northern_nuchiu_province,north_america,6,9044.662815071286,0.0,9044.662815071286,365675.2456669552
2329,grand_teton_province,north_america,5,97585.73542570916,133287.36265468757,230873.09808039674,365482.23534044635
2330,khadjibey_province,eastern_europe,5,28499.005719295914,0.0,28499.005719295914,365061.3814342079
2331,hengzhou_guangxi_province,east_asia,3,1004.954252051948,210211.49472143885,211216.44897349077,364743.5050951771
2332,muang_sua_province,south_east_asia,5,2205.904105769806,266760.4307470056,268966.33485277544,364462.1267093724
2333,ezorongondo_province,southern_africa,4,221905.00009380645,0.0,221905.00009380645,364393.1251055323
2334,akilasiewakik_province,north_america,3,0.0,122078.36078886973,122078.36078886973,363463.15588747844
2335,chungju_province,east_asia,5,18546.176193631163,174708.61849636887,193254.79469000004,362536.64402625
2336,lower_runde_province,southern_africa,4,195690.7621658324,0.0,195690.7621658324,361902.1074365615
2337,north_caucasus_province,eastern_europe,4,0.0,155286.25148922086,155286.25148922086,361447.03292537347
2338,ustye_province,eastern_europe,8,22.354895137589004,188260.99898421692,188283.3538793545,361443.7731142738
2339,upper_igombe_province,east_africa,4,197256.3347398353,0.0,197256.3347398353,361413.3765823147
2340,tickanwatic_province,north_america,4,106972.74170768127,0.0,106972.74170768127,361094.3344211414
2341,semien_province,east_africa,3,7812.091570259042,0.0,7812.091570259042,360913.60301654146
2342,minsk_province,eastern_europe,7,407.13303779766403,142288.17624143563,142695.3092792333,360782.2229391375
2343,mikawa_province,east_asia,4,309.889542127357,247134.59944934046,247444.4889914678,360500.0501154013
2344,mangshi_province,east_asia,3,2381.7460524239705,276924.8846833381,279306.63073576207,360344.95957773237
2345,lippe_province,western_europe,8,680.5459532623966,0.0,680.5459532623966,359640.6141974202
2346,malatya_province,middle_east,6,106265.4015608509,0.0,106265.4015608509,359173.57675595727
2347,agawam_province,north_america,4,1490.9885810736853,252411.39621391904,253902.38479499271,358765.1828943668
2348,beira_litoral_province,western_europe,6,56504.30963022074,119941.61679360709,176445.92642382783,358251.6672268063
2349,zezhou_province,east_asia,6,374.15075306629114,0.0,374.15075306629114,358170.91959719954
2350,upper_kosi_province,south_asia,7,6881.067160677448,192431.59801960213,199312.66518027958,358101.7483278145
2351,monza_province,western_europe,4,1601.739754307763,180419.59936619276,182021.3391205005,357774.0065105631
2352,zekog_province,east_asia,4,0.0,0.0,0.0,357750.0
2353,umluj_province,middle_east,5,203498.06871436234,0.0,203498.06871436234,357185.3273036576
2354,echizen_province,east_asia,5,15.532027984602536,173369.11505901424,173384.64708699883,357057.7279728737
2355,pelly_river_province,north_america,4,0.0,278154.4381784867,278154.4381784867,356798.7429507976
2356,yawuru_province,australasia,7,0.0,0.0,0.0,356625.0
2357,yelanets_province,eastern_europe,6,36856.502874557256,0.0,36856.502874557256,355338.5657338769
2358,kaga_province,east_asia,2,0.0,138824.53202327352,138824.53202327352,355302.5985261827
2359,puma_province,south_america,8,70346.20279978821,0.0,70346.20279978821,354764.47814976174
2360,dorbod_province,east_asia,6,103884.88917402695,0.0,103884.88917402695,354245.5003207803
2361,jhalavad,south_asia,3,189899.62668650644,0.0,189899.62668650644,353137.08002231974
2362,iisaxpuatahcheeaashe_province,north_america,3,122743.71242579006,0.0,122743.71242579006,352961.6764790138
2363,nagato_province,east_asia,4,0.02972554346717925,213696.69758837062,213696.72731391407,352908.8182281533
2364,chu_province,central_asia,7,201708.75354783138,0.0,201708.75354783138,351797.34774131037
2365,ust_tsimla_province,eastern_europe,4,104552.64674074927,0.0,104552.64674074927,351621.72758334293
2366,nandan_province,east_asia,6,0.0,165396.09964197953,165396.09964197953,351445.61209722696
2367,ankara_province,middle_east,6,50529.21605518359,0.0,50529.21605518359,350470.3680620815
2368,wazihe_province,north_america,6,160456.24155653734,0.0,160456.24155653734,350388.2717511045
2369,kursk_province,eastern_europe,8,9243.31781159222,51049.91689789482,60293.23470948704,350204.8890481729
2370,ninghai_province,east_asia,6,13797.448896604761,0.0,13797.448896604761,349647.1300086804
2371,nograd_province,eastern_europe,7,2669.285661397313,228421.57325235632,231090.85891375362,348852.21627797285
2372,hanseong_province,east_asia,4,95812.67560259998,146156.25784763455,241968.9334502345,348715.0501315138
2373,sodra_osterbotten_province,western_europe,8,1922.4576162051028,0.0,1922.4576162051028,348662.76481823076
2374,inner_aunus_karelia_province,western_europe,9,6444.368090744797,86426.84020981977,92871.20830056457,348605.10933813517
2375,lumnanas_province,south_america,6,103680.76443930413,0.0,103680.76443930413,348390.8599942171
2376,brescia_province,western_europe,6,6279.47813881977,145703.35837659432,151982.8365154141,347605.6910798408
2377,tonala_province,north_america,6,158749.13729915256,0.0,158749.13729915256,347342.7794615466
2378,estremadura_province,western_europe,5,84231.90292499053,87501.2885045669,171733.19142955742,347324.8403582521
2379,umgungundlovu_province,southern_africa,6,27690.894865202303,0.0,27690.894865202303,347277.2567233526
2380,tlaxcala_province,north_america,6,24385.777636014405,79269.43880254317,103655.21643855759,347237.1184933773
2381,khamag_province,north_asia,7,24.10188229478988,191410.69832818283,191434.8002104776,346989.15023678733
2382,karahisar_province,middle_east,6,87434.64260209774,0.0,87434.64260209774,346988.97292736
2383,suou_province,east_asia,5,33.55804621735214,230922.59495318332,230956.15299940066,346450.67212432576
2384,oyo_province,west_africa,8,58530.87524037556,0.0,58530.87524037556,345972.2346454225
2385,sanuki_province,east_asia,3,1230.6918381065598,224108.4897867412,225339.18162484778,345756.57932795375
2386,western_bhutan_province,south_asia,6,773.3797152058262,97546.00223289349,98319.38194809933,345734.30469161173
2387,lasta_province,east_africa,3,0.0,0.0,0.0,345375.0
2388,rongzhou_wuzhou_province,east_asia,3,856.4476141552708,186747.55765417076,187604.00526832603,344929.5059268668
2389,jinzhou_province,east_asia,5,25574.605698480373,0.0,25574.605698480373,344896.4314107904
2390,alania_province,eastern_europe,6,7875.7203181144,13320.199366225337,21195.919684339737,344470.4096448822
2391,prilep_province,eastern_europe,6,17899.205797733954,112243.07510009882,130142.28089783277,344410.0660100619
2392,chaoyang_province,east_asia,6,16074.902595449517,0.0,16074.902595449517,344334.26541988074
2393,pingding_province,east_asia,6,9001.133556340432,0.0,9001.133556340432,344251.27525088296
2394,friuli_province,western_europe,7,10324.579974448672,141621.82383704738,151946.40381149604,343064.70428793307
2395,kalmius_province,eastern_europe,6,25845.067205633914,0.0,25845.067205633914,342950.70060633816
2396,tumnin_province,east_asia,6,0.0,161441.86757954047,161441.86757954047,342497.101026983
2397,ichnia_province,eastern_europe,6,2726.5288203381406,0.0,2726.5288203381406,341692.3449228804
2398,samarkand_province,central_asia,4,224493.79569459456,0.0,224493.79569459456,341430.52015641885
2399,asyut_province,north_africa,4,202349.87636110224,0.0,202349.87636110224,341268.61090624
2400,lintao_province,east_asia,5,51131.6118855019,0.0,51131.6118855019,341023.06337118964
2401,banaadir_province,east_africa,5,137506.07990496227,0.0,137506.07990496227,340319.33989308256
2402,kuelap_province,south_america,8,0.0,28377.539167025392,28377.539167025392,339049.73156290356
2403,yongping_province,east_asia,6,23416.7953662734,0.0,23416.7953662734,337968.8947870576
2404,halkomelem_province,north_america,6,570.8721966017298,165807.60450200512,166378.47669860686,337925.7862859327
2405,shunde_province,east_asia,5,23251.627251800473,0.0,23251.627251800473,337783.0806582755
2406,xuzhou_province,east_asia,5,101199.09440216687,0.0,101199.09440216687,337723.9812024378
2407,zarand_hun_province,eastern_europe,5,25325.694041420247,49750.53386619504,75076.22790761529,337585.7563960672
2408,west_dennaakke_province,north_america,5,0.0,169461.6079596263,169461.6079596263,336894.3089545796
2409,latgalia_province,eastern_europe,6,4050.0089182197316,53009.932504966964,57059.9414231867,336442.43410108506
2410,histayaho_province,north_america,5,99470.39611082344,0.0,99470.39611082344,335779.19562467636
2411,fejer_province,eastern_europe,6,20428.31879005661,0.0,20428.31879005661,335731.85863881366
2412,suktogeja_o_ipa_province,north_america,4,74587.68981221622,0.0,74587.68981221622,334786.1510387432
2413,pleven_province,eastern_europe,7,24461.412280139833,0.0,24461.412280139833,334644.0888151573
2414,estonia_province,eastern_europe,8,2820.9955744547105,90619.64903791598,93440.64461237068,334620.725188917
2415,aroostook_province,north_america,3,226.45894757471083,272079.29386641283,272305.75281398755,334468.971915736
2416,yerevan_province,eastern_europe,5,43996.571095318686,106076.51492749015,150073.08602280883,334207.22177565994
2417,donggala_province,south_east_asia,7,521.654521201586,214546.75716362108,215068.4116848227,334201.96314542554
2418,bjelovar_province,eastern_europe,6,111360.38169213879,16849.76900993718,128210.15070207597,333236.4195398355
2419,linan_province,east_asia,5,3108.917094740768,165591.82389293658,168700.74098767736,332663.333611137
2420,alava_province,western_europe,4,22.82891706983819,170578.9405668186,170601.76948388846,332551.99066937447
2421,hanyang_province,east_asia,2,5131.813153449697,75172.29205801139,80304.1052114611,332217.1183628937
2422,zumbo_province,southern_africa,6,168255.34809232043,0.0,168255.34809232043,332162.2666038605
2423,kariyan_province,middle_east,6,159353.04604218318,0.0,159353.04604218318,330022.1767974561
2424,south_tlingit_province,north_america,6,0.0,150196.86403084514,150196.86403084514,329846.4720347008
2425,chuzhou_province,east_asia,4,134705.46906964926,0.0,134705.46906964926,329293.6527033554
2426,hamid_province,middle_east,6,96340.05254822288,0.0,96340.05254822288,328882.5591167507
2427,molalla_province,north_america,3,0.0,219067.77314970578,219067.77314970578,328576.244793419
2428,settsu_province,east_asia,4,693.6424573716571,171739.94044615145,172433.5829035231,327862.7807664635
2429,aonikenk_province,south_america,8,0.0,0.0,0.0,326250.0
2430,cherkasy_province,eastern_europe,7,14898.942795367419,0.0,14898.942795367419,326136.3106447883
2431,firuzabad_province,middle_east,6,96312.20118550281,0.0,96312.20118550281,325476.22633369063
2432,trencsen_province,eastern_europe,6,525.4110488009294,189783.82779825333,190309.23884705425,325472.893702936
2433,levante_province,western_europe,3,423.32793784408216,116769.30493251231,117192.6328703564,325341.71197915095
2434,gilan_province,middle_east,4,162054.32188120956,0.0,162054.32188120956,325186.1121163608
2435,dakhina_desa,south_asia,3,376.4400557227964,123426.78586721545,123803.22592293826,324903.62916330557
2436,ardabil_province,middle_east,8,56460.067040260714,0.0,56460.067040260714,324517.5754202933
2437,duba_province,middle_east,6,181985.44544809376,0.0,181985.44544809376,323983.62612910545
2438,jianzhou_west_province,east_asia,6,165902.0705003405,15882.130246966872,181784.20074730736,323757.22584072076
2439,zaonezhye_province,eastern_europe,6,2007.8077975125866,184558.62454028454,186566.43233779713,323512.2363800217
2440,riau_islands_province,south_east_asia,5,15661.198526781785,116714.40589402852,132375.6044208103,323297.5549734116
2441,constantine_province,north_africa,6,122181.15089205772,0.0,122181.15089205772,323078.79475356493
2442,lubny_province,eastern_europe,6,36093.62918667134,0.0,36093.62918667134,322980.33283500525
2443,teulinchan_province,north_america,5,62066.512356151026,0.0,62066.512356151026,322949.8264006699
2444,wanquan_province,east_asia,7,19885.400079764535,0.0,19885.400079764535,322746.0750897351
2445,mologa_province,eastern_europe,3,0.0,261878.83654345438,261878.83654345438,322738.6911113862
2446,meizhou_province,east_asia,4,123793.567391576,103790.8302568139,227584.39764838992,322407.44735443866
2447,east_shuswap_province,north_america,6,28.659800759844643,164505.20492840014,164533.86472915998,322350.597820305
2448,kabylia_province,north_africa,10,41246.62911593636,0.0,41246.62911593636,322027.4577554284
2449,guaitaca_province,south_america,6,885.2456706382486,61315.04110628933,62200.28677692758,321975.3226240435
2450,gresivaudan_province,western_europe,5,109.74056302878857,118529.68248825382,118639.4230512826,321344.35093269293
2451,baixing_province,east_asia,4,1.9565022875125246,165246.3005559375,165248.257058225,320904.28919050307
2452,wilingura_province,australasia,9,0.0,0.0,0.0,319500.0
2453,vanua_levu_province,pacific_islands,7,0.0,158038.6640541962,158038.6640541962,317293.49706097075
2454,chichen_itza_province,north_america,4,56914.00099891509,0.0,56914.00099891509,317153.25112377945
2455,sahaptin_province,north_america,5,65916.19189306517,23288.88205924521,89205.07395231037,316355.70819634915
2456,sura_province,south_america,7,173815.68003695103,0.0,173815.68003695103,315917.6400415699
2457,upper_zeya_province,east_asia,6,6.570762288766353,154674.85113104392,154681.42189333268,315766.59962999925
2458,nahavand_province,middle_east,5,192568.0276624907,0.0,192568.0276624907,315639.03112030204
2459,kirsehir_province,middle_east,5,132306.109294891,0.0,132306.109294891,315344.3729567524
2460,haha_province,north_africa,5,149331.0409106753,0.0,149331.0409106753,314247.4210245097
2461,jingmen_province,east_asia,3,85172.08142704968,0.0,85172.08142704968,314068.5916054309
2462,amdo_province,east_asia,8,103984.59378384781,0.0,103984.59378384781,313857.66800682875
2463,yizhou_province,east_asia,4,19441.968734874914,0.0,19441.968734874914,313247.2148267343
2464,tootoumi_province,east_asia,4,0.0,160232.2870732773,160232.2870732773,313011.32295743696
2465,cuauhchinanco_province,north_america,4,0.0,2164.9152253805755,2164.9152253805755,312935.52962855314
2466,ulytau_province,central_asia,4,208735.10558713292,0.0,208735.10558713292,312451.9937855245
2467,nimois_province,western_europe,6,15876.607063495498,72782.04234254865,88658.64940604415,312365.9805817997
2468,hellin_province,western_europe,4,37560.421524021716,0.0,37560.421524021716,312255.47421452444
2469,sahrazur_province,middle_east,8,44328.571376364474,0.0,44328.571376364474,311994.64279841003
2470,yizhou_shandong_province,east_asia,5,53249.96852859129,0.0,53249.96852859129,311906.21459466516
2471,tongzhou_shaanxi_province,east_asia,6,11247.657128981007,0.0,11247.657128981007,311903.61427010363
2472,xining_province,east_asia,6,8158.1755351496095,0.0,8158.1755351496095,311802.9474770433
2473,chikuzen_province,east_asia,4,10.83137866821982,184775.8906307551,184786.72200942333,311385.0622606012
2474,barza_province,middle_east,7,183545.92561909868,0.0,183545.92561909868,311114.166321486
2475,mecatina_province,north_america,4,0.0,128380.47562721201,128380.47562721201,310928.0350806135
2476,eastern_bhutan_province,south_asia,7,1474.3962850345206,125818.24754571536,127292.64383074988,310829.2243095936
2477,western_podolia_province,eastern_europe,4,3782.0483614717177,0.0,3782.0483614717177,310254.80440665566
2478,xilotepec_province,north_america,6,34078.42129504598,0.0,34078.42129504598,309463.2239569267
2479,otranto_province,western_europe,6,146862.89455526008,0.0,146862.89455526008,309220.75637466763
2480,badhghis_province,central_asia,8,68629.84409114768,0.0,68629.84409114768,308958.5746025411
2481,merrimac_province,north_america,3,2122.1579524117756,173425.90251716235,175548.06046957415,308866.56802827085
2482,dzilam_province,north_america,4,61438.8793130402,0.0,61438.8793130402,307618.73922717024
2483,tanba_province,east_asia,4,47.44248176942925,202343.08208692822,202390.52456869764,307564.34013978485
2484,south_tirol_province,western_europe,8,0.0,89278.60115601956,89278.60115601956,307438.426300522
2485,sivas_province,middle_east,9,48082.79446402703,0.0,48082.79446402703,307218.1437720304
2486,simao_province,east_asia,3,149.8745238031572,137754.16440547834,137904.0389292815,307017.0437954417
2487,kouilou_province,central_africa,3,23731.46219201589,29096.501316103237,52827.96350811912,306931.458946634
2488,bari_province,western_europe,5,193592.37416069215,0.0,193592.37416069215,306666.4209307786
2489,marapa_province,north_america,3,172491.42090269423,0.0,172491.42090269423,306552.848515531
2490,chiang_mai_province,south_east_asia,6,79268.01040037378,50170.411319229024,129438.4217196028,306493.2244345532
2491,chala_province,south_america,8,117392.01816476061,0.0,117392.01816476061,306441.02043535566
2492,dengzhou_henan_province,east_asia,7,100334.79877714417,0.0,100334.79877714417,306376.6486242872
2493,isbijab_province,central_asia,6,136076.45851390142,0.0,136076.45851390142,306086.0158281391
2494,kilkenny,western_europe,2,0.09947397267652057,122807.94294599531,122808.04241996797,305784.04772246396
2495,ayoreo_province,south_america,9,76754.54400507263,0.0,76754.54400507263,305723.8620057067
2496,surgut_province,north_asia,6,168.3108651644349,172545.2949502169,172713.6058153813,305677.806542304
2497,hedmark_province,western_europe,7,914.9718590448937,54600.43608693815,55515.40794598304,305454.83393923094
2498,quy_hoa_province,south_east_asia,4,50.979710310498845,162029.14499121066,162080.12470152116,304965.1402892113
2499,zanzibar_province,east_africa,3,63915.40125429284,0.0,63915.40125429284,304779.8264110794
2500,guizhou_huguang_province,east_asia,4,0.0,203545.71006857985,203545.71006857985,304363.92382715235
2501,henan_province,east_asia,7,6216.491975141898,0.0,6216.491975141898,303993.55347203463
2502,konda_province,north_asia,4,1350.6292282756024,150339.24761996727,151689.8768482429,303401.1114542732
2503,torgovytsia_province,eastern_europe,5,2498.0239356006387,0.0,2498.0239356006387,302060.2769275507
2504,tarnovo_province,eastern_europe,6,30463.776796740796,0.0,30463.776796740796,302021.7488963334
2505,sumadija_province,eastern_europe,3,15399.86261804603,0.0,15399.86261804603,301949.8454453018
2506,pomorye_province,eastern_europe,5,0.0,54155.97049407913,54155.97049407913,301675.46680583904
2507,south_livonia_province,eastern_europe,6,1779.4890034135178,179950.45818297454,181729.94718638805,301196.1905846865
2508,kabinda_province,central_africa,6,27105.85515409892,0.0,27105.85515409892,300494.0870483613
2509,satsuma_province,east_asia,4,535.4540134421446,140340.20320065893,140875.65721410105,300235.11436586373
2510,nanxiong_province,east_asia,2,0.0,247593.1805941991,247593.1805941991,299917.32816847396
2511,tras_os_montes,western_europe,9,5679.253210333879,74856.99996945716,80536.25317979105,299853.28482726496
2512,mora_province,east_africa,3,226085.6034618255,0.0,226085.6034618255,299346.3038945537
2513,fengxiang_province,east_asia,9,3080.8239869469453,0.0,3080.8239869469453,299340.9269853153
2514,tengzhou_guangxi_province,east_asia,3,368.0087372588763,203494.2590730631,203862.26781032194,299095.0512866122
2515,meleuz_province,eastern_europe,5,7874.9733202110465,162857.07826987747,170732.05159008852,298948.55803884956
2516,kairouan_province,north_africa,3,192689.35407950298,0.0,192689.35407950298,298900.5233394409
2517,suzhou_north_province,east_asia,4,185375.12287703645,0.0,185375.12287703645,298547.013236666
2518,gongchang_province,east_asia,7,259.05805297427304,0.0,259.05805297427304,298416.4403095961
2519,upper_mazowe_province,southern_africa,5,123926.3660127047,0.0,123926.3660127047,296917.1617642928
2520,lublin_province,eastern_europe,6,919.9348178383398,0.0,919.9348178383398,296909.9266700681
2521,bojnurd_province,central_asia,6,92828.5339834487,0.0,92828.5339834487,296807.1007313798
2522,afar_province,east_africa,5,176716.0207425344,0.0,176716.0207425344,296680.5233353512
2523,donetsk_province,eastern_europe,6,5302.7323149297545,0.0,5302.7323149297545,296215.57385429594
2524,hoan_chau_province,south_east_asia,3,0.0,212083.06099259458,212083.06099259458,295968.4436166689
2525,hanzhou_province,east_asia,4,118964.9793083255,0.0,118964.9793083255,295835.6017218662
2526,nizhyn_province,eastern_europe,5,1385.719028121145,0.0,1385.719028121145,295183.9339066363
2527,alamosa_province,north_america,4,68578.75309676377,19715.568961828594,88294.32205859237,295081.1123159164
2528,kashechewan_province,north_america,7,0.0,121611.65764807562,121611.65764807562,294313.1148540851
2529,tursan_province,western_europe,7,94255.92633740001,96143.07877782163,190399.00511522163,294073.8807546244
2530,jiaozhou_province,east_asia,4,6338.275141510802,0.0,6338.275141510802,294005.55953419965
2531,saintonge_province,western_europe,8,69197.93252495122,0.0,69197.93252495122,293847.67409057013
2532,heqing_province,east_asia,2,0.0,247029.59374356165,247029.59374356165,293658.2929615069
2533,zlatibor_province,eastern_europe,5,71.59146869765597,214855.03580866213,214926.62727735977,293542.45568702975
2534,constantinople_province,eastern_europe,5,77179.65304056306,0.0,77179.65304056306,292702.10967063345
2535,quanning_province,east_asia,5,36448.36967257778,0.0,36448.36967257778,291879.41588165
2536,toledo_province,western_europe,8,30048.490577113942,0.0,30048.490577113942,291429.55189925316
2537,bogdanovo_province,eastern_europe,6,4549.48511854762,0.0,4549.48511854762,290868.17075836606
2538,bavly_province,eastern_europe,5,7349.766853994976,0.0,7349.766853994976,290643.4877107444
2539,yunca_province,south_america,5,0.0,63261.29881442564,63261.29881442564,290543.96116622887
2540,baykit_province,north_asia,7,192.99598590275272,136889.18390946047,137082.17989536322,290342.45238228363
2541,csongrad_province,eastern_europe,4,93052.85869086809,0.0,93052.85869086809,290309.4660272266
2542,sri_thep_province,south_east_asia,3,161267.8865568266,0.0,161267.8865568266,289426.3723764299
2543,xuzhou_sichuan_province,east_asia,5,92675.97444334546,10530.973461798352,103206.94790514382,289357.8163932868
2544,florence_province,western_europe,6,16801.620771381797,24310.6949599005,41112.315731282295,289251.3551976926
2545,siine_province,west_africa,3,168962.86482360703,0.0,168962.86482360703,289083.2229265579
2546,malazgirt_province,eastern_europe,7,76072.36808599626,42750.88165603275,118823.249742029,288926.15595978266
2547,smaller_yenisei_province,east_asia,4,328.8700163572478,189377.8370627859,189706.70707914315,288795.04546403605
2548,vendsyssel_thy_province,western_europe,3,2221.990777729714,125461.26149132293,127683.25226905264,288768.6588026842
2549,usak_province,middle_east,6,128577.25414518156,0.0,128577.25414518156,288649.4109133292
2550,dublin_province,western_europe,4,679.3028503602745,69694.09578710572,70373.39863746599,288420.0734671492
2551,piacenza_province,western_europe,4,9068.64328648069,110214.3086677698,119282.95195425049,288318.3209485318
2552,habat_province,north_africa,7,26014.101666894287,0.0,26014.101666894287,288015.86437525606
2553,gouriqua_province,southern_africa,5,0.0,0.0,0.0,288000.0
2554,ponil_province,eastern_europe,4,0.0,218502.19138975925,218502.19138975925,287439.96531347913
2555,shawanaga_province,north_america,4,4838.298842937968,190829.87883302142,195668.1776759594,286501.6998854543
2556,kert_province,north_africa,5,173465.257233448,0.0,173465.257233448,286273.414387629
2557,saruhan_province,middle_east,6,128393.17293225658,0.0,128393.17293225658,286192.31954878866
2558,songzhou_province,east_asia,6,427.6388587070635,0.0,427.6388587070635,285106.09371604543
2559,tsang_province,east_asia,5,9675.356053316722,68698.00265154395,78373.35870486067,285045.02854296827
2560,houki_province,east_asia,3,1.052947231602314,193764.97120260866,193766.0241498403,284361.7771685703
2561,aquisextain_province,western_europe,4,134101.646371547,40514.98655233468,174616.63292388167,284193.7120393669
2562,chios_province,eastern_europe,3,6467.116144854052,0.0,6467.116144854052,284025.5056629608
2563,bamyan_province,central_asia,8,25895.399650778236,3463.2185655899307,29358.61821636817,283903.4454934142
2564,capitanata_province,western_europe,6,154254.08454723936,0.0,154254.08454723936,283785.8451156443
2565,baol_province,west_africa,3,213155.30337993157,0.0,213155.30337993157,283674.716302423
2566,kaifeng_province,east_asia,9,9978.334747354169,0.0,9978.334747354169,283475.62659077346
2567,luhan_province,eastern_europe,5,39532.16119185262,0.0,39532.16119185262,282973.6813408342
2568,gilyuy_province,east_asia,6,4.314489809993027,176255.82052774692,176260.13501755692,282667.6518947515
2569,xinghua_province,east_asia,3,2091.374498572316,190516.77174066062,192608.14623923294,281934.16451913706
2570,chernihiv_province,eastern_europe,6,3187.9578403553533,0.0,3187.9578403553533,281461.4525703998
2571,beira_alta_province,western_europe,8,8084.752365020477,31079.550649872584,39164.30301489306,281434.8408917547
2572,upper_carniola_province,eastern_europe,4,692.0795850493672,156527.42598487466,157219.50556992402,280371.94376616454
2573,niederlausitz_province,western_europe,8,5030.966720259729,0.0,5030.966720259729,280159.83756029216
2574,rivne_province,eastern_europe,4,4783.778238000001,0.0,4783.778238000001,279881.75051775004
2575,shanzhou_province,east_asia,5,681.1788953199184,0.0,681.1788953199184,279766.3262572349
2576,upper_bureya_province,east_asia,6,0.0,131680.11779696,131680.11779696,279765.13252158
2577,ihuatzio_province,north_america,5,66560.76417925698,0.0,66560.76417925698,279630.85970166407
2578,isatabu_province,pacific_islands,2,0.0,66452.98609422689,66452.98609422689,279509.60935600527
2579,dezful_province,middle_east,6,138321.60220301466,0.0,138321.60220301466,279361.8024783915
2580,aashise_province,north_america,3,17245.120676747312,0.0,17245.120676747312,279275.76076134073
2581,nungu_province,west_africa,4,154203.05104008777,0.0,154203.05104008777,279228.43242009875
2582,girona_province,western_europe,5,10591.233249402994,530.0412909984835,11121.274540401479,279136.43385795166
2583,hai_dong_province,south_east_asia,3,1564.8595899488355,143293.92419811923,144858.78378806805,278841.1317615766
2584,kraszna_province,eastern_europe,3,15.823248076359974,63507.03125368754,63522.854501763904,278463.2113144844
2585,hazara,south_asia,8,12610.854093898148,79673.57362711604,92284.42772101419,278194.98118614097
2586,sivrihisar_province,middle_east,7,27906.679118233424,2556.760705210301,30463.439823443725,277271.3698013742
2587,blois_province,western_europe,5,1186.4200058378808,0.0,1186.4200058378808,276959.7225065676
2588,nice_province,western_europe,3,0.0,139080.66105474846,139080.66105474846,276840.74368659203
2589,munchner_schotterebene_province,western_europe,8,2451.662420417645,1585.2952037051289,4036.9576241227746,276791.5773271381
2590,yaoan_province,east_asia,3,0.0,148931.46067670058,148931.46067670058,276672.8932612882
2591,tashir_province,eastern_europe,5,15134.07158627922,0.0,15134.07158627922,275775.8305345641
2592,galway_province,western_europe,5,202.38190177483312,134919.98865569156,135122.3705574664,275762.6668771497
2593,inhambane_province,southern_africa,5,106069.57384462374,0.0,106069.57384462374,275703.2705752017
2594,doolboong_province,australasia,7,0.0,0.0,0.0,275625.0
2595,attica_province,eastern_europe,5,68783.32866130408,0.0,68783.32866130408,275381.2447439671
2596,shuntian_province,east_asia,8,31372.61959454803,0.0,31372.61959454803,273794.19704386656
2597,smyrna_province,middle_east,5,161927.80604840344,0.0,161927.80604840344,273293.7818044539
2598,barbastro_province,western_europe,6,40222.83174535862,117181.08304050907,157403.91478586767,272704.4041341011
2599,khorramabad_province,middle_east,5,34376.61899328568,0.0,34376.61899328568,272673.6963674464
2600,southern_sakhalin_province,east_asia,4,2619.0966871058167,153309.3161051333,155928.4127922391,272169.464391269
2601,bakhmut_province,eastern_europe,5,31401.30310082274,0.0,31401.30310082274,271576.4659884256
2602,chastoozerye_province,north_asia,5,87374.13788936661,0.0,87374.13788936661,271545.9051255374
2603,vinnytsia_province,eastern_europe,4,364.50838334282633,0.0,364.50838334282633,271535.0719312607
2604,kelan_province,east_asia,5,1817.1041694943215,0.0,1817.1041694943215,270919.2421906811
2605,ober_dem_wienerwald_province,western_europe,7,1760.7222501769445,17883.569240334728,19644.29149051167,270724.8279268256
2606,schwarzwald_province,western_europe,8,159.7299090526367,41025.89962463598,41185.62953368861,270208.83322539966
2607,awatixa_province,north_america,4,34184.39769215697,0.0,34184.39769215697,270207.4474036766
2608,orihuela_province,western_europe,3,57104.35916363786,0.0,57104.35916363786,270117.4040590926
2609,bacau_province,eastern_europe,6,2867.7983157626886,38058.258927824296,40926.05724358699,269916.81439903536
2610,hunsruck_province,western_europe,8,71.27619240378135,28762.464428638166,28833.740621041947,269812.95819867216
2611,greater_yenisei_province,east_asia,3,0.0,172833.6619596501,172833.6619596501,269812.86970460636
2612,salzburger_land_province,western_europe,3,146.69780524056176,77234.6292836568,77381.32708889738,269303.99297500955
2613,yarlung_province,east_asia,6,6900.449940610237,106311.64295753941,113212.09289814964,269113.6045104184
2614,nirgua_province,south_america,5,64522.82245705871,22307.746006889836,86830.56846394856,268684.3895219421
2615,tlachquiauhco_province,north_america,7,3407.4626370057767,44941.70229565154,48349.16493265732,268142.8105492395
2616,rennais_province,western_europe,5,7260.907265391623,3.0999279482956256e-9,7260.907265394722,268043.52067356906
2617,urucu_province,south_america,7,18213.428125567978,0.0,18213.428125567978,267990.106641264
2618,amont_province,western_europe,6,1782.0193316069099,93175.65345056659,94957.6727821735,267702.38187994517
2619,yohualtepec_province,north_america,6,8639.363331099885,0.0,8639.363331099885,267344.28374748735
2620,gonaqua_province,southern_africa,6,0.0,0.0,0.0,266625.0
2621,jiroft_province,middle_east,6,123975.58732323268,0.0,123975.58732323268,266597.5357386368
2622,columbia_basin_province,north_america,6,1382.792618662715,55450.79055640606,56833.58317506877,266437.78107195237
2623,demena_province,western_europe,6,25667.81653573006,0.0,25667.81653573006,266251.2936026963
2624,granada_province,western_europe,8,2455.708172677321,0.0,2455.708172677321,266012.671694262
2625,maozhou_province,east_asia,4,0.0,4277.578718237408,4277.578718237408,265812.27605801704
2626,logudoro_province,western_europe,8,117196.26862494116,0.0,117196.26862494116,265720.8022030588
2627,pays_france_province,western_europe,5,1160.2202565689433,0.0,1160.2202565689433,265680.2477886401
2628,vagad,south_asia,3,166736.8675154631,0.0,166736.8675154631,265203.97595489596
2629,thurgau_province,western_europe,6,1153.5517154040028,42518.98443834996,43672.53615375396,265131.6031729732
2630,yangzhou_shaanxi_province,east_asia,4,1867.4526034744658,138349.1702942776,140216.62289775207,264618.70075997105
2631,malaga_province,western_europe,5,8208.388855329325,0.0,8208.388855329325,264609.43746224546
2632,kamilaroi_province,australasia,7,95124.81924153965,0.0,95124.81924153965,264515.4216467321
2633,karasahr_province,east_asia,4,146101.46792378774,0.0,146101.46792378774,264489.1514142612
2634,pest_province,eastern_europe,4,29670.198889948042,0.0,29670.198889948042,264003.9737511916
2635,west_banat_province,eastern_europe,6,49348.38740140152,0.0,49348.38740140152,263641.9358265767
2636,east_dennaakke_province,north_america,5,0.0,155145.04072102456,155145.04072102456,263413.17081115267
2637,konkudera_province,north_asia,7,0.0,98887.01316842144,98887.01316842144,263122.88981447415
2638,dongguan_province,east_asia,3,1305.434466206055,89215.8447600269,90521.27922623295,262711.43912951206
2639,sugpiap_province,north_america,5,0.0,85424.40254982938,85424.40254982938,262602.45286855806
2640,cowasuk_province,north_america,4,85.3093048754764,171289.6288044199,171374.93810929536,262546.80537295726
2641,north_kola_province,western_europe,8,0.0,0.0,0.0,262125.0
2642,abha_province,middle_east,5,148993.16977547156,0.0,148993.16977547156,262117.3159974055
2643,barcelona_province,western_europe,4,818.2939378293446,118124.9496843442,118943.24362217356,262061.14907494525
2644,kita_province,west_africa,6,100885.41834046814,0.0,100885.41834046814,261996.09563302665
2645,anjou_province,western_europe,8,7800.6454040175495,0.0,7800.6454040175495,261900.72607951975
2646,nabesna_province,north_america,4,0.0,134769.2824166654,134769.2824166654,261865.44271874859
2647,tioharad_province,western_europe,9,572.202018601796,85161.69586289118,85733.89788149299,261825.63511667962
2648,yamashiro_province,east_asia,2,261.63998357469774,72169.95214477547,72431.59212835017,261485.54114439394
2649,ocana_province,western_europe,6,171331.36668021814,0.0,171331.36668021814,261372.7875152454
2650,datong_province,east_asia,7,12817.2904130201,0.0,12817.2904130201,260794.4517146476
2651,upper_alsace_province,western_europe,6,3198.982429982722,104857.13123449957,108056.11366448228,259938.12787254254
2652,setha_province,east_asia,4,0.0,0.0,0.0,259875.0
2653,arnskrone_province,eastern_europe,3,1813.6398356848144,0.0,1813.6398356848144,259665.34481514542
2654,labinsk_province,eastern_europe,5,62763.947697057054,0.0,62763.947697057054,259609.44115918918
2655,patpatar_province,pacific_islands,6,0.0,124610.76292182681,124610.76292182681,259437.10828705516
2656,nemuro_province,east_asia,4,0.0,193497.36931346956,193497.36931346956,259309.54047765324
2657,girgenti_province,western_europe,6,33379.227363964324,0.0,33379.227363964324,259176.63078445988
2658,hatun_xauxa_province,south_america,6,0.0,2237.541140608836,2237.541140608836,259017.23378318496
2659,mailaka_province,east_africa,4,37130.27032276779,0.0,37130.27032276779,258896.55411311376
2660,traungau_province,western_europe,5,1359.106226650478,58287.28174490813,59646.38797155861,258352.18646800343
2661,jining_shanxi_province,east_asia,4,8438.453063282896,0.0,8438.453063282896,258118.25969619327
2662,yingzhou_shanxi_province,east_asia,5,16204.753688273064,0.0,16204.753688273064,257855.3478993072
2663,zavkhan_province,east_asia,4,52198.703965146844,18854.320603055312,71053.02456820215,257684.6526392274
2664,zhengzhou_province,east_asia,7,27042.35787280921,0.0,27042.35787280921,257672.65260691036
2665,osona_province,western_europe,5,150.66081899299294,111541.20024942134,111691.86106841434,257278.34370196617
2666,pizhou_province,east_asia,4,153670.7941116399,0.0,153670.7941116399,257254.64337559493
2667,bundu_province,west_africa,2,204584.61071730594,0.0,204584.61071730594,257157.68705696918
2668,barkul_province,east_asia,5,163865.6241761437,0.0,163865.6241761437,256348.82719816166
2669,breslauja_province,eastern_europe,4,690.5012409895003,33119.43593767638,33809.93717866588,256286.17932599914
2670,talish_province,middle_east,4,22763.42710977334,0.0,22763.42710977334,256233.85549849502
2671,corum_province,middle_east,5,42300.63037428831,0.0,42300.63037428831,255713.20917107436
2672,maakhir_province,east_africa,4,182853.28272523812,0.0,182853.28272523812,255209.9430658929
2673,tetzcoco_province,north_america,5,25645.405078948963,78172.67181151011,103818.07689045908,254045.33650176646
2674,cihuatlan_province,north_america,4,4053.2369735353445,0.0,4053.2369735353445,253184.89159522727
2675,yingzhou_province,east_asia,5,125010.30891292944,0.0,125010.30891292944,253136.59752704564
2676,mascarene_islands_province,east_africa,3,0.0,67848.42105876135,67848.42105876135,252954.47369110654
2677,ntsoana_tsatsi_province,southern_africa,6,6717.5097287386925,0.0,6717.5097287386925,252807.198444831
2678,torda_province,eastern_europe,5,348.11729805291463,103328.28855730628,103676.4058553592,252760.9565872791
2679,taozhou_province,east_asia,8,0.0,0.0,0.0,252000.0
2680,huaman_karpa_province,south_america,10,0.0,0.0,0.0,252000.0
2681,urgell_province,western_europe,6,0.0,72226.48553442034,72226.48553442034,251129.79622622288
2682,tartu_province,eastern_europe,4,934.2119589579363,72226.44587805922,73160.65783701716,251055.74006664427
2683,shirvan_province,eastern_europe,5,41160.22161825177,0.0,41160.22161825177,251055.24932053324
2684,garmian_province,middle_east,6,44555.631865259165,0.0,44555.631865259165,250375.08584841655
2685,quinnipiac_province,north_america,3,9141.421655886286,180049.10877082832,189190.53042671457,249964.3467300539
2686,leeward_islands_province,north_america,5,60013.85570734191,0.0,60013.85570734191,249765.58767075965
2687,enderta_province,east_africa,4,939.2690906222401,0.0,939.2690906222401,248556.67772695003
2688,lugenda_province,east_africa,3,39893.48761853139,115854.88404845264,155748.37166698402,248341.918125357
2689,bozok_province,middle_east,5,19687.21691324289,0.0,19687.21691324289,248273.11902739824
2690,lviv_province,eastern_europe,6,2624.6212766261797,0.0,2624.6212766261797,248202.69893620446
2691,viennois_province,western_europe,4,3923.464185316074,91498.7139255243,95422.17811084037,247974.9503746954
2692,puzhou_shanxi_province,east_asia,6,27420.23843695715,0.0,27420.23843695715,247972.7682415768
2693,szolnok_province,eastern_europe,4,123148.48918377527,0.0,123148.48918377527,247667.0503317472
2694,hami_province,east_asia,3,199089.52320985432,0.0,199089.52320985432,247600.7136110861
2695,daming_province,east_asia,6,82551.46311186797,0.0,82551.46311186797,246995.39600085147
2696,minho_province,western_europe,6,25343.40038305246,45652.78364405905,70996.18402711149,246370.70703050046
2697,cordoba_province,western_europe,9,41860.31880385156,0.0,41860.31880385156,246217.858654333
2698,chadobets_province,north_asia,6,120.77262550897214,127574.04388610774,127694.81651161671,246031.6685755688
2699,adana_province,middle_east,4,99639.20427629999,0.0,99639.20427629999,245969.10481083748
2700,belgorod_province,eastern_europe,6,3899.047674547914,0.0,3899.047674547914,245136.4286338664
2701,miksiw_sipisis_province,north_america,4,111833.55074464076,0.0,111833.55074464076,245062.74458772084
2702,hainaut_province,western_europe,6,2174.0955892365096,35364.36308305568,37538.458672292196,244730.76600632872
2703,igbomina_province,west_africa,4,49285.41649718711,0.0,49285.41649718711,244446.09355933548
2704,mitidja_province,north_africa,4,36082.72713561394,0.0,36082.72713561394,244218.0680275657
2705,siraf_province,middle_east,5,154001.2689603683,0.0,154001.2689603683,244126.42758041434
2706,michichi_province,north_america,3,132984.87777395066,0.0,132984.87777395066,244107.98749569448
2707,hasankeyf_province,middle_east,6,8285.451172007663,48672.01301377374,56957.4641857814,244077.1472090041
2708,qiongzhou_sichuan_province,east_asia,3,54977.99320748965,80787.52378132456,135765.51698881423,242736.20661241596
2709,nawu_province,australasia,7,75506.23632063052,0.0,75506.23632063052,242444.51586070933
2710,alexeyevka_province,eastern_europe,5,5433.386666979455,0.0,5433.386666979455,242362.5600003519
2711,waskasoo_province,north_america,3,43834.77052681265,99069.22547105793,142903.99599787057,241766.99549760442
2712,shenkursk_province,eastern_europe,5,0.0,149732.91802212852,149732.91802212852,241574.53277489456
2713,amur_estuary_province,east_asia,6,0.0,107447.38535450441,107447.38535450441,241253.30852381745
2714,south_selish_province,north_america,5,4141.345315485053,0.0,4141.345315485053,240909.0134799207
2715,zharkol_province,north_asia,4,120011.11710793704,0.0,120011.11710793704,240762.50674642916
2716,pronsk_province,eastern_europe,7,1842.2863561696522,0.0,1842.2863561696522,240572.57215069086
2717,sultanonu_province,middle_east,7,38229.04188052011,0.0,38229.04188052011,239882.67211558513
2718,burgos_province,western_europe,6,835.5012299939981,135283.40386503743,136118.9050950314,239758.76823191033
2719,selonia_province,eastern_europe,3,1201.3398515388863,82811.12617866244,84012.46603020132,239639.0242839765
2720,cochoqua_province,southern_africa,4,102551.89001449873,0.0,102551.89001449873,237995.87626631107
2721,campagna_province,western_europe,4,9789.390198657877,42539.87648267271,52329.26668133059,237745.4250164969
2722,van_province,eastern_europe,6,58599.431920095,0.0,58599.431920095,236924.36091010686
2723,pingyang_province,east_asia,5,2435.3216606826118,0.0,2435.3216606826118,236739.73686826794
2724,east_mancha_province,western_europe,6,55384.2549150076,0.0,55384.2549150076,236682.28677938358
2725,miyaneh_province,middle_east,5,16383.906123684717,0.0,16383.906123684717,236681.8943891453
2726,tepactitlan_province,north_america,6,35243.28059953015,0.0,35243.28059953015,236523.69067447144
2727,tiwanaku_province,south_america,7,45.58269716551563,0.0,45.58269716551563,236301.2805343112
2728,waco_province,north_america,3,144976.93606980355,0.0,144976.93606980355,236224.05307852902
2729,kutahya_province,middle_east,6,36398.26248612396,0.0,36398.26248612396,235573.04529688947
2730,mayo_province,western_europe,4,1775.226948890333,120600.78214142603,122376.00909031637,235548.0102266059
2731,iskwao_province,north_america,6,82281.06986568158,0.0,82281.06986568158,235441.2035988918
2732,huasteca_province,north_america,3,139007.58233421677,0.0,139007.58233421677,235133.53012599386
2733,baranya_province,eastern_europe,5,7871.727163044312,0.0,7871.727163044312,234980.69305842486
2734,huaylas_province,south_america,8,0.0,3309.8292098985003,3309.8292098985003,234348.5578611358
2735,zanjan_province,middle_east,5,161244.50961106413,0.0,161244.50961106413,234275.07331244714
2736,ongkakaringa_province,australasia,8,0.0,0.0,0.0,234000.0
2737,choyr_province,east_asia,5,44574.873499314286,3407.785841297966,47982.65934061225,233980.4917581888
2738,vas_province,eastern_europe,4,9359.252739217956,50144.74447552123,59503.99721473918,233441.99686658158
2739,abruzzo_ultra_province,western_europe,7,1904.51394389737,39586.96651278515,41491.48045668252,233427.91551376783
2740,cendrawasih_province,pacific_islands,3,0.0,155403.93226032078,155403.93226032078,233329.42379286088
2741,kafu_province,east_africa,4,16815.301024618588,4084.364574589845,20899.66559920843,232762.12379910948
2742,tochpan_province,north_america,4,35789.53605021157,0.0,35789.53605021157,232638.22805648803
2743,bizerte_province,north_africa,5,129156.89061071779,0.0,129156.89061071779,231926.50193705753
2744,tepehuan_province,north_america,4,9052.069503499193,0.0,9052.069503499193,231808.5781914366
2745,xinghe_province,east_asia,5,18967.734727776104,0.0,18967.734727776104,231713.7015687481
2746,cremona_province,western_europe,4,13992.606478552545,90936.3389350374,104928.94541358994,231670.0635902887
2747,jiangzhou_province,east_asia,7,4474.716643028712,0.0,4474.716643028712,231159.0562234073
2748,chagu_province,north_america,3,73457.53967388638,0.0,73457.53967388638,231139.73213312216
2749,safranbolu_province,middle_east,7,1165.761319623741,98212.26014034402,99378.02145996777,231050.27414246375
2750,siming_province,east_asia,4,1822.0786087080728,114971.6081663505,116793.6867750586,230392.8976219409
2751,taunus_province,western_europe,6,59.579488528075736,19568.217725650444,19627.79721417852,230206.27186595084
2752,shanha_province,north_america,4,136352.4284439429,0.0,136352.4284439429,229896.48199943575
2753,buzen_province,east_asia,3,234.0033560091353,124824.13718451034,125058.14054051947,229565.4081080844
2754,khari_karoo_province,southern_africa,6,0.0,0.0,0.0,229500.0
2755,dignois_province,western_europe,4,0.0,68681.2727714511,68681.2727714511,229141.4318678825
2756,zavolochye_province,eastern_europe,8,0.0,54043.85270425359,54043.85270425359,228424.3342922853
2757,gonge_province,western_europe,3,588.6120141936316,81438.42578079518,82027.0377949888,228405.4175193624
2758,central_tlingit_province,north_america,6,0.0,96715.956922527,96715.956922527,228055.4515378429
2759,podlasie_province,eastern_europe,7,127.89987776402953,0.0,127.89987776402953,227393.88736248453
2760,fangzhou_province,east_asia,8,431.4173674603147,25618.600448433266,26050.01781589358,227306.2700428803
2761,oriel_province,western_europe,6,130.98162229907516,57893.099463296945,58024.081085596015,227277.0912212955
2762,rostislavl_province,eastern_europe,6,727.0864412597784,31209.670148165696,31936.756589425477,227178.85116310365
2763,kukatj_province,australasia,7,22860.066181057573,0.0,22860.066181057573,227092.57445368977
2764,lahoysk_province,eastern_europe,6,359.25221278880724,92394.03067137243,92753.28288416124,226972.4432446814
2765,izeh_province,middle_east,5,108709.8867024718,0.0,108709.8867024718,226923.6225402808
2766,pavia_province,western_europe,3,58845.27340921713,40365.96865747723,99211.24206669434,226362.6473250311
2767,bratslav_province,eastern_europe,6,2691.002109183889,0.0,2691.002109183889,225777.37737283186
2768,inner_white_karelia_province,western_europe,8,0.0,45398.6179286574,45398.6179286574,225448.44516973957
2769,lebanon_province,middle_east,5,104392.60470597126,0.0,104392.60470597126,225441.68029421766
2770,borujerd_province,middle_east,6,75505.92707767861,0.0,75505.92707767861,224444.16796238846
2771,saipuru_province,south_america,5,64389.46706936993,0.0,64389.46706936993,224313.15045304116
2772,kaniagmiut_province,north_america,6,0.0,104236.91958132308,104236.91958132308,224141.53452898844
2773,vaud_province,western_europe,7,1146.8014284950837,84060.23986033145,85207.04128882653,224107.92144992983
2774,inner_livonia_province,eastern_europe,5,2489.4076034893733,111468.14320104691,113957.55080453628,223827.2446551033
2775,anahuac_province,north_america,5,30953.036903586744,0.0,30953.036903586744,223822.16651653507
2776,changzhou_sichuan_province,east_asia,3,35818.714766996345,0.0,35818.714766996345,223671.0541128709
2777,amadiya_province,eastern_europe,5,8772.038175658508,0.0,8772.038175658508,223618.54294761582
2778,tabaristan_province,middle_east,5,26838.060759488508,0.0,26838.060759488508,222567.81835442455
2779,beysehir_province,middle_east,7,132768.1903063301,0.0,132768.1903063301,222489.21409462136
2780,owari_province,east_asia,3,472.32718710698896,108933.79255428987,109406.11974139686,222081.88470907148
2781,tokonohono_province,north_america,5,120180.44722541994,0.0,120180.44722541994,221828.00312859745
2782,west_itelmen_province,north_asia,5,0.0,166.43984099669757,166.43984099669757,221812.24482112128
2783,kwaskwuti_province,north_america,3,42762.35148198631,0.0,42762.35148198631,221357.6454172346
2784,trentino_province,western_europe,4,155.26717827706287,116161.8677468418,116317.13492511887,220856.7767907587
2785,izium_province,eastern_europe,6,10057.602131765787,0.0,10057.602131765787,220564.8023982365
2786,egiin_province,east_asia,3,26.274072318109774,109017.7901658891,109044.06423820721,220549.5722679831
2787,karasi_province,middle_east,9,59979.6992768091,0.0,59979.6992768091,220477.16168641023
2788,roviana_province,pacific_islands,4,0.0,103745.72475521767,103745.72475521767,220213.94034961986
2789,mazyr_province,eastern_europe,7,3587.701385382661,0.0,3587.701385382661,220036.1640585555
2790,taghaza_province,west_africa,3,126528.72596022833,0.0,126528.72596022833,219969.81670525688
2791,sikkim_province,south_asia,5,2867.343515975182,65736.37648450394,68603.72000047914,218929.18500053903
2792,nordland_province,western_europe,11,0.0,2495.9408944236484,2495.9408944236484,218807.9335062266
2793,behbahan_province,middle_east,6,45415.580993314885,0.0,45415.580993314885,218717.52861747926
2794,limerick_province,western_europe,6,191.09303449419627,91223.45070168123,91414.54373617542,218716.36170319736
2795,noto_province,western_europe,6,105050.67321513282,0.0,105050.67321513282,218307.0073670244
2796,qala_safid_province,middle_east,6,93796.48919133382,0.0,93796.48919133382,218021.05034025054
2797,weiyuan_province,east_asia,3,0.0,125699.12734393563,125699.12734393563,217911.51826192756
2798,kazerun_province,middle_east,5,66688.10374828671,0.0,66688.10374828671,217899.11671682255
2799,romagna_province,western_europe,6,70416.91864722752,0.0,70416.91864722752,217594.03347813096
2800,axocopan_province,north_america,5,9230.10082421033,62796.988667647725,72027.08949185806,217155.4756783403
2801,ibb_province,middle_east,5,33922.64509418709,0.0,33922.64509418709,217037.9757309605
2802,pereiaslav_province,eastern_europe,5,878.2165859204641,0.0,878.2165859204641,216987.9936591605
2803,dongping_province,east_asia,6,57061.28422274504,0.0,57061.28422274504,216068.94475058815
2804,norra_osterbotten_province,western_europe,10,82.89185819012998,23812.301038765007,23895.192896955137,215882.09200907452
2805,bannock_province,north_america,6,92803.1690762694,0.0,92803.1690762694,215778.5652108031
2806,ferrara_province,western_europe,5,52946.71875348449,13650.221241898158,66596.93999538265,215546.5574948055
2807,karas_province,southern_africa,4,150435.18469422022,0.0,150435.18469422022,215364.58278099773
2808,kholmogory_province,eastern_europe,7,0.0,63206.70084691709,63206.70084691709,215107.53845278174
2809,bresta_province,eastern_europe,5,2076.7351450767915,0.0,2076.7351450767915,214961.3270382114
2810,tewaukon_province,north_america,6,45657.796210508706,0.0,45657.796210508706,214490.02073682228
2811,alarcon_province,western_europe,7,82371.24835552067,0.0,82371.24835552067,214167.65439996077
2812,antakya_province,middle_east,5,113889.12469365554,0.0,113889.12469365554,213625.26528036248
2813,gohilwad,south_asia,3,95866.86582279789,0.0,95866.86582279789,213600.22405064764
2814,avila_province,western_europe,6,70836.41257300992,0.0,70836.41257300992,213565.96414463618
2815,daizhou_province,east_asia,4,4386.653047785257,0.0,4386.653047785257,213059.98467875842
2816,long_range_province,north_america,4,0.0,92008.0451808026,92008.0451808026,212634.05082840292
2817,hehvaitaneo_province,north_america,3,94727.66841695245,0.0,94727.66841695245,212318.6269690715
2818,punente_province,western_europe,5,0.0,76703.43920086871,76703.43920086871,212291.3691009773
2819,modena_province,western_europe,4,14581.84880395468,40.37401426385864,14622.222818218539,212200.00067049585
2820,mengding_province,east_asia,4,0.0,141958.62076606604,141958.62076606604,211453.44836182432
2821,magdeburger_borde_province,western_europe,7,6797.3375852363515,0.0,6797.3375852363515,211272.0047833909
2822,almeria_province,western_europe,7,65234.341238649424,0.0,65234.341238649424,210638.63389348058
2823,kongpo_province,east_asia,4,19.625371014114716,129995.50341673987,130015.12878775399,210392.01988622322
2824,gorizia_province,eastern_europe,3,1953.0821103276055,103796.237585662,105749.3196959896,210092.9846579883
2825,east_itelmen_province,north_asia,7,14.881359318544492,43542.071854884765,43556.95321420331,209876.57236597873
2826,errif_province,north_africa,4,26450.957228763356,0.0,26450.957228763356,208632.32688235876
2827,hezhou_province,east_asia,4,8248.376564284026,0.0,8248.376564284026,208404.4236348195
2828,east_taiwan_province,east_asia,4,13.799646562035118,89735.22630376446,89749.0259503265,207842.65419411732
2829,lower_poitou_province,western_europe,8,26683.83012217782,0.0,26683.83012217782,207769.30888745005
2830,xian_province,east_asia,6,8653.412220236307,0.0,8653.412220236307,207735.08874776584
2831,north_holland_province,western_europe,5,340.86740185063695,55738.539660012495,56079.40706186313,207089.332944596
2832,medina_province,middle_east,5,25701.176342362793,0.0,25701.176342362793,206663.82338515815
2833,west_mancha_province,western_europe,7,85211.46299318114,0.0,85211.46299318114,206112.8958673288
2834,bihar_province,eastern_europe,5,46059.07810692629,2084.023905240913,48143.102012167205,206035.98976368812
2835,wetterau_province,western_europe,7,167.30676345521178,70879.43857561116,71046.74533906637,205927.58850644965
2836,szczyrzyc_province,eastern_europe,4,313.05917661654837,81535.04735813073,81848.10653474729,205704.1198515907
2837,bolu_province,middle_east,6,4757.891863643634,0.0,4757.891863643634,205602.6283465991
2838,vivarais_province,western_europe,6,488.24038963915234,32022.272923230958,32510.513312870113,205324.32747697888
2839,ryazan_province,eastern_europe,6,1192.2019848409277,0.0,1192.2019848409277,204966.22723294605
2840,tamna_province,east_asia,2,5584.517953352553,101499.2446932712,107083.76264662376,204844.23297745173
2841,qura_province,middle_east,6,0.0,0.0,0.0,204750.0
2842,kyenarong_province,east_asia,3,10.145954436675096,64470.19888945333,64480.34484389,204165.38794937625
2843,luneburger_heide_province,western_europe,9,2067.4802497224605,0.0,2067.4802497224605,203700.91528093777
2844,branicevo_province,eastern_europe,3,10359.236912006581,8622.93625898353,18982.17317099011,203604.94481736387
2845,sumy_province,eastern_europe,4,1601.3330857829533,0.0,1601.3330857829533,203176.49972150582
2846,zula_province,north_america,4,41523.66421050444,0.0,41523.66421050444,203089.1222368175
2847,caceres_province,western_europe,5,92302.37854159075,0.0,92302.37854159075,202840.1758592896
2848,kotosh_province,south_america,8,3.780404078872828,35061.525601396424,35065.30600547529,202573.4692561597
2849,khaybar_province,middle_east,5,0.0,0.0,0.0,202500.0
2850,vicenza_province,western_europe,3,790.6956826244069,80126.07404461467,80916.76972723908,202406.36594314396
2851,ruenya_province,southern_africa,4,14650.307291267789,0.0,14650.307291267789,202106.59570267628
2852,zviahel_province,eastern_europe,5,6532.484698178695,0.0,6532.484698178695,201974.04528545105
2853,merida_province,western_europe,6,82320.78118842424,0.0,82320.78118842424,201735.87883697727
2854,latakia_province,middle_east,4,95306.54368574415,0.0,95306.54368574415,201719.86164646217
2855,nyland_province,western_europe,5,196.62720240811728,83880.46589252667,84077.09309493478,201461.72973180164
2856,tula_province,north_america,4,68704.2906084654,0.0,68704.2906084654,201042.3269345236
2857,halsingland_province,western_europe,6,408.1920432665685,74221.9234403107,74630.11548357728,200958.87991902442
2858,verona_province,western_europe,3,3107.7524332394305,73425.22949961803,76532.98193285745,200849.60467446462
2859,bitlis_province,eastern_europe,5,2850.522642837458,56476.33764554496,59326.86028838242,200617.71782443023
2860,labrador_province,north_america,6,0.0,61083.939320606216,61083.939320606216,200344.431735682
2861,western_kola_province,western_europe,8,0.0,0.0,0.0,200250.0
2862,songpan_province,east_asia,10,0.0,14922.947627561094,14922.947627561094,200163.31608100623
2863,umhlanga_province,southern_africa,4,8769.30174039397,0.0,8769.30174039397,199990.46445794322
2864,zhytomyr_province,eastern_europe,6,3361.9972559309836,0.0,3361.9972559309836,199532.24691292236
2865,bozhou_nanzhili_province,east_asia,3,113317.59310905058,0.0,113317.59310905058,199482.2922476819
2866,astorga_province,western_europe,5,1580.6934402860331,39484.33988794772,41065.03332823375,199198.16249426297
2867,saluzzo_province,western_europe,4,4948.912478419197,78059.56046850266,83008.47294692186,199134.53206528706
2868,somogy_province,eastern_europe,4,13422.47896715949,0.0,13422.47896715949,198475.28883805443
2869,devon_province,western_europe,6,263.0699175906659,21101.959090991444,21365.02900858211,198410.65763465487
2870,suide_province,east_asia,4,6915.325203152322,0.0,6915.325203152322,197904.74085354636
2871,plasencia_province,western_europe,5,27787.54716794606,0.0,27787.54716794606,197760.99056393933
2872,euboea_province,eastern_europe,6,64680.36902787852,0.0,64680.36902787852,197640.41515636333
2873,upper_carinthia_province,western_europe,6,255.65060457267862,78362.45723127107,78618.10783584375,197570.3713153242
2874,huazhou_shaanxi_province,east_asia,4,5581.933025939721,0.0,5581.933025939721,197529.6746541822
2875,yaozhou_province,east_asia,4,5533.8426450991155,0.0,5533.8426450991155,197475.57297573652
2876,hida_province,east_asia,3,18.483098394644145,78424.2532876078,78442.73638600245,197373.07843425276
2877,chartrain_province,western_europe,4,1259.010330490397,0.0,1259.010330490397,197166.3866218017
2878,neumark_province,western_europe,5,4169.806607753644,0.0,4169.806607753644,197066.03243372287
2879,basilicata_province,western_europe,7,11928.935952539585,0.0,11928.935952539585,196795.05294660703
2880,ostfold_province,western_europe,4,87.93211408137898,71395.78226881995,71483.71438290134,196294.178680764
2881,nor_trondelag_province,western_europe,6,9.337862210151654,43035.83069206672,43045.16855427687,195800.81462356148
2882,chainouqua_province,southern_africa,5,0.0,0.0,0.0,195750.0
2883,hatunqulla_province,south_america,5,0.0,0.0,0.0,195750.0
2884,palencia_province,western_europe,7,7425.212556876239,32423.677204804142,39848.88976168039,195580.00098189042
2885,ramhormoz_province,middle_east,5,82452.6851077116,0.0,82452.6851077116,195134.27074617555
2886,lhokha_province,east_asia,7,0.0,1432.6475586549525,1432.6475586549525,195111.72850348684
2887,muang_yuam_province,south_east_asia,6,0.0,1419.834580812587,1419.834580812587,195097.31390341418
2888,baoding_province,east_asia,3,74266.53566290457,0.0,74266.53566290457,194924.85262076763
2889,poyiitahtai_province,north_america,3,53251.01316169275,0.0,53251.01316169275,194907.38980690434
2890,crete_province,eastern_europe,8,37163.79978612723,0.0,37163.79978612723,194809.27475939313
2891,santiago_province,western_europe,7,4522.124573985041,13486.720879517587,18008.845453502625,194634.95113519044
2892,tianzhou_province,east_asia,5,329.9602980587117,67192.30751052375,67522.26780858246,194087.55128465526
2893,unter_dem_manhartsberg_province,western_europe,4,14413.388922564289,0.0,14413.388922564289,193965.0625378848
2894,rustamdar_province,middle_east,5,45310.28470204735,0.0,45310.28470204735,193849.07028980326
2895,north_alyutor_province,north_asia,5,0.0,0.0,0.0,193500.0
2896,yopitzinco_province,north_america,4,9871.086805304256,0.0,9871.086805304256,193354.97265596729
2897,biak_province,pacific_islands,2,0.0,134352.05852716358,134352.05852716358,192771.06584305904
2898,cankiri_province,middle_east,6,3723.3044725577965,0.0,3723.3044725577965,192063.7175316275
2899,madian_province,middle_east,5,100454.33014718935,0.0,100454.33014718935,191761.12141558802
2900,andaman_province,south_east_asia,4,15510.920496409048,65792.47716600473,81303.39766241377,191591.3223702155
2901,tai_poutini_province,australasia,5,0.0,35073.161433333,35073.161433333,191332.30661249964
2902,leipziger_bucht_province,western_europe,6,807.2140626169202,0.0,807.2140626169202,191033.11582044404
2903,nerike_province,western_europe,3,365.2578899547684,92187.97708953035,92553.23497948512,190747.38935192075
2904,zhaozhou_province,east_asia,5,64310.752371926385,0.0,64310.752371926385,190474.59641841718
2905,cuzalapa_province,north_america,4,44269.99949451187,0.0,44269.99949451187,190428.74943132585
2906,marche_province,western_europe,6,31091.027734590894,2177.1978529766666,33268.22558756756,190426.75378601352
2907,amasya_province,middle_east,5,9990.681278016355,0.0,9990.681278016355,190114.5164377684
2908,north_livonia_province,eastern_europe,6,1956.562148461871,67750.12452862265,69706.68667708452,189795.02251172008
2909,yemetsk_province,eastern_europe,4,0.0,117660.19284654112,117660.19284654112,189742.71695235875
2910,pisa_province,western_europe,4,43815.81261060655,56891.682308562245,100707.49491916879,188670.93178406492
2911,omaha_province,north_america,4,51309.54605877121,28318.735510944432,79628.28156971565,188581.8167659301
2912,tokat_province,middle_east,7,21284.556622399614,0.0,21284.556622399614,188195.12620019956
2913,guangan_province,east_asia,6,2861.5056953151925,0.0,2861.5056953151925,187719.19390722958
2914,thaba_bosiu_province,southern_africa,4,19843.64129474568,0.0,19843.64129474568,187699.0964565889
2915,bordelais_province,western_europe,6,40497.90129513883,0.0,40497.90129513883,187310.1389570312
2916,usora_and_soli_province,eastern_europe,5,17754.202235280583,17619.63279989395,35373.83503517453,187170.56441457133
2917,upper_lurio_province,east_africa,4,77178.49037411768,0.0,77178.49037411768,186950.80167088239
2918,vosges_province,western_europe,6,1114.7519273975693,5023.504918478288,6138.256845875858,186905.53895161033
2919,ruzhou_province,east_asia,5,5811.054536067997,0.0,5811.054536067997,186537.4363530765
2920,chikugo_province,east_asia,2,46.022981145383945,94559.6742377147,94605.69721886009,186306.4093712176
2921,bergamo_province,western_europe,4,341.1995628182119,62079.144500765164,62420.344063583376,186097.8870715313
2922,kanamarca_province,south_america,6,45.789037192503535,11196.678130944036,11242.46716813654,185897.7755641536
2923,raseiniai_province,eastern_europe,5,1224.679330118221,43877.05698420829,45101.73631432652,185739.4533536173
2924,nigde_province,middle_east,3,91092.39085668593,0.0,91092.39085668593,185728.9397137717
2925,luan_province,east_asia,8,2081.811049493813,0.0,2081.811049493813,185717.03743068053
2926,west_riding_province,western_europe,6,941.2950727151351,16830.524748239877,17771.819820955014,185368.29729857438
2927,koscian_province,eastern_europe,6,4454.253941898033,0.0,4454.253941898033,185011.03568463528
2928,chornobyl_province,eastern_europe,5,1304.859051487438,0.0,1304.859051487438,184842.96643292336
2929,zhangde_province,east_asia,4,44923.53564351583,0.0,44923.53564351583,184413.97759895533
2930,somerset_province,western_europe,5,630.3359584400414,33219.13250260578,33849.46846104582,184330.65201867654
2931,kaizhou_province,east_asia,4,44789.83242662964,0.0,44789.83242662964,184263.56147995836
2932,kempenland_province,western_europe,4,1215.5358935529196,0.0,1215.5358935529196,183617.47788024705
2933,anzhou_province,east_asia,5,77177.06893875652,0.0,77177.06893875652,183574.20255610108
2934,aval_province,western_europe,5,729.6944220721114,62051.55763933952,62781.25206141164,183128.9085690881
2935,niobrara_province,north_america,4,89461.68933422376,0.0,89461.68933422376,182769.40050100174
2936,jingzhou_shaanxi_province,east_asia,4,2300.46396784218,0.0,2300.46396784218,182588.02196382245
2937,sonderjylland_province,western_europe,4,118.8658151784438,98911.63261162688,99030.49842680531,182284.31073015596
2938,valladolid_province,western_europe,5,52480.119382157136,0.0,52480.119382157136,181665.1343049268
2939,chumikan_province,north_asia,6,6.2610283780478495,31460.441817519575,31466.702845897624,181650.04070163483
2940,buda_province,eastern_europe,4,9341.411705193997,5851.97939470901,15193.391099903009,181342.56498739088
2941,guyuan_province,east_asia,3,0.0,0.0,0.0,181125.0
2942,xahaaciya_province,north_asia,7,0.0,0.0,0.0,181125.0
2943,ourense_province,western_europe,6,1851.9415879237215,24879.586100148183,26731.527688071903,180822.9686490809
2944,villanueva_de_la_serena_province,western_europe,4,107556.2522161294,0.0,107556.2522161294,180625.78374314558
2945,oppland_province,western_europe,6,0.02474871177398899,68342.70589073964,68342.73063945142,180385.57196938284
2946,sliven_province,eastern_europe,6,19251.24936640234,0.0,19251.24936640234,180282.65553720263
2947,shunqing_province,east_asia,5,191.02151717945122,0.0,191.02151717945122,180214.89920682687
2948,donau_moos_province,western_europe,7,740.2239022399683,0.0,740.2239022399683,179707.75189001995
2949,mallorca_province,western_europe,5,73396.96515341551,0.0,73396.96515341551,179321.58579759247
2950,belz_province,eastern_europe,5,1253.708415432264,0.0,1253.708415432264,179160.4219673613
2951,svir_province,eastern_europe,6,177.8336338803068,53045.526403515,53223.36003739531,179126.28004206973
2952,alessandria_province,western_europe,4,11939.194476301014,73083.2963011855,85022.49077748653,178900.30212467234
2953,kastamonu_province,middle_east,6,0.0,0.0,0.0,178875.0
2954,biscay_province,western_europe,3,31.205446667168456,80692.13115940057,80723.33660606775,178563.7536818262
2955,suceava_province,eastern_europe,6,2883.314451868118,28744.205393610653,31627.51984547877,178455.9598261636
2956,chitral_province,south_asia,5,915.4780990609496,67207.67556448138,68123.15366354234,177888.54787148512
2957,eifel_province,western_europe,10,62.858271780881395,26047.917506000274,26110.775777781153,177874.62275000382
2958,ostra_smaland_province,western_europe,7,5450.309092725191,0.0,5450.309092725191,176006.59772931584
2959,warwa_province,australasia,8,0.0,0.0,0.0,175500.0
2960,balor,south_asia,8,0.0,0.0,0.0,175500.0
2961,hamasien_province,east_africa,3,94953.56451448983,0.0,94953.56451448983,175447.76007880105
2962,lucca_province,western_europe,4,718.8571277317349,50206.8495592526,50925.70668698434,175416.42002285738
2963,yuzhou_province,east_asia,3,58870.57960695797,0.0,58870.57960695797,175354.4020578277
2964,warmia_province,eastern_europe,3,1192.2143483691223,113349.54961780683,114541.76396617596,174984.48446194793
2965,koslin_province,western_europe,8,3359.4445784943164,0.0,3359.4445784943164,174779.3751508061
2966,yanzhou_shandong_province,east_asia,4,78259.86363975928,0.0,78259.86363975928,174667.34659472917
2967,antalya_province,middle_east,5,80041.89096817751,0.0,80041.89096817751,174422.1273391997
2968,magadan_province,north_asia,7,0.0,0.0,0.0,174375.0
2969,tru_vien_province,south_east_asia,2,0.0,52992.136634533876,52992.136634533876,174366.1537138506
2970,chisasibi_province,north_america,4,0.0,53644.409979455595,53644.409979455595,173974.96122688754
2971,rouergue_province,western_europe,6,309.8802728487927,17247.784426083323,17557.664698932113,173877.37278629863
2972,igmu_province,north_america,3,94545.4551391508,0.0,94545.4551391508,173863.63703154464
2973,xiezhou_province,east_asia,5,3239.714098030906,0.0,3239.714098030906,173519.67836028477
2974,romsdalen_province,western_europe,8,1.552262251070154,2148.8297498652446,2150.3820121163153,173419.17976363085
2975,emsland_province,western_europe,8,845.5843392569067,91.63738534217646,937.2217245990831,173179.37444017397
2976,rhine_valley_province,western_europe,5,318.6212246079555,3957.6918175797905,4276.313042187746,172435.85217246122
2977,upyte_province,eastern_europe,5,3247.4037278584346,0.0,3247.4037278584346,172403.32919384073
2978,dahra_province,north_africa,4,40036.88918093514,0.0,40036.88918093514,172166.50032855204
2979,serae_province,east_africa,4,52599.58312285924,0.0,52599.58312285924,171674.53101321665
2980,brnensko_province,western_europe,4,4200.980750621443,72374.69146941131,76575.67222003275,171647.63124753683
2981,vitim_province,north_asia,6,125.9976979230149,42391.852812924626,42517.85051084764,171582.5818247036
2982,buskerud_province,western_europe,7,23.38878172638624,58322.354162036114,58345.742943762496,171388.9608117328
2983,zagore_province,eastern_europe,6,15274.447192521142,0.0,15274.447192521142,171308.7530915863
2984,padua_province,western_europe,3,5892.254264939024,45152.44605262072,51044.70031755975,171050.2878572547
2985,derge_province,east_asia,7,0.0,7013.117846244131,7013.117846244131,171014.75757702463
2986,issyk_kul_province,central_asia,4,18973.85630028184,0.0,18973.85630028184,170970.58833781705
2987,verdunois_province,western_europe,4,613.5080771583582,21131.55239703867,21745.06047419703,170713.19303347167
2988,dijonnais_province,western_europe,5,10601.943505066485,16802.169748838067,27404.11325390455,170329.62741064263
2989,toulousain_province,western_europe,5,16280.633233859846,0.0,16280.633233859846,170190.7123880923
2990,ribatejo_province,western_europe,6,27144.907185386415,0.0,27144.907185386415,170038.0205835597
2991,armagnac_province,western_europe,5,25648.25798025782,0.0,25648.25798025782,169479.29022779004
2992,amienois_province,western_europe,3,536.3134958095474,0.0,536.3134958095474,169353.35268278574
2993,gothia_province,eastern_europe,4,21162.381625366565,0.0,21162.381625366565,168932.6793285374
2994,narraganset_province,north_america,3,5824.585255019183,100113.97813704866,105938.56339206785,168680.88381607633
2995,baode_province,east_asia,4,3578.5875542507624,0.0,3578.5875542507624,168275.9109985321
2996,naxos_province,eastern_europe,6,48402.08402564557,0.0,48402.08402564557,168077.34452885127
2997,kremenets_province,eastern_europe,4,6248.551585486644,0.0,6248.551585486644,167904.62053367248
2998,abkhazia_province,eastern_europe,4,0.0,74230.48133378038,74230.48133378038,167884.2915005029
2999,rouennais_province,western_europe,5,223.21620274360873,0.0,223.21620274360873,167876.11822808656
3000,ionian_islands_province,eastern_europe,4,16001.888621410846,0.0,16001.888621410846,167627.1246990872
3001,yupighyt_province,north_america,4,0.0,0.0,0.0,167625.0
3002,dorset_province,western_europe,4,762.4890188178713,26001.405582226587,26763.894601044456,167359.38142617504
3003,ahuacatlan_province,north_america,4,25576.633556332603,0.0,25576.633556332603,167148.71275087417
3004,agder_province,western_europe,8,731.5967076364486,43836.229217421656,44567.8259250581,167138.80416569035
3005,dalsland_province,western_europe,3,96.74262308136106,89413.8338771709,89510.57650025225,167074.39856278378
3006,kajanaland_province,western_europe,6,117.8235210703947,14069.834063013692,14187.657584084085,166711.1147820946
3007,binzhou_shaanxi_province,east_asia,4,34.82098215734264,0.0,34.82098215734264,166539.17360492703
3008,novhorod_siverskyi_province,eastern_europe,5,2002.4535932928811,0.0,2002.4535932928811,166502.76029245448
3009,upper_selenga_province,east_asia,5,251.11578627736424,41615.47369796427,41866.58948424163,166349.91316977184
3010,patrimonio_province,western_europe,6,44434.927004761135,2296.0693760216104,46730.996380782744,166197.37092838058
3011,sieradz_province,eastern_europe,8,4668.191536704244,0.0,4668.191536704244,166126.71547879226
3012,kocaeli_province,middle_east,4,11661.324215305689,0.0,11661.324215305689,166118.9897422189
3013,albacete_province,western_europe,4,71518.0273105386,0.0,71518.0273105386,165957.78072435592
3014,kharaa_province,east_asia,3,7489.610191701846,66535.67825581608,74025.28844751793,165403.44950345764
3015,wesermarch_province,western_europe,7,724.9240854739755,7060.657504474863,7785.581589948838,165133.77928869243
3016,elbmarch_province,western_europe,6,411.17266258812134,327.34860234503446,738.5212649331559,165080.8364230498
3017,east_luxembourg_province,western_europe,4,303.42852729413903,54419.44791934376,54722.87644663791,165063.23600246763
3018,hanzhong_province,east_asia,5,5548.557754508137,0.0,5548.557754508137,164867.12747382166
3019,onega_province,eastern_europe,5,0.0,62545.78892862992,62545.78892862992,164864.01254470865
3020,qizhou_province,east_asia,3,77496.1010641891,0.0,77496.1010641891,164808.11369721277
3021,badajoz_province,western_europe,5,69284.50864933207,0.0,69284.50864933207,164570.0722304986
3022,yeruda_province,north_asia,6,0.02937352084119274,74920.44252152155,74920.4718950424,164160.5308819227
3023,galapagos_province,south_america,3,99577.48420872625,0.0,99577.48420872625,163774.66973481703
3024,torne_lappmark_province,western_europe,9,3.2710264801338433,559.739011076949,563.0100375570829,163758.38629225173
3025,kemi_lappmark_province,western_europe,8,0.6818615692281932,163.0035567368317,163.68541830605992,163309.14609559433
3026,spoleto_province,western_europe,5,3222.540137128112,4845.691824233128,8068.23196136124,163201.7609565314
3027,sinop_province,middle_east,5,3564.9326975468525,0.0,3564.9326975468525,162635.5492847402
3028,westerwald,western_europe,3,28.700365311790666,15311.2180340782,15339.91839938999,162382.40819931374
3029,palatinate_province,western_europe,9,156.2692014466075,0.0,156.2692014466075,162175.80285162744
3030,gipuzkoa_province,western_europe,3,0.0,60975.271543189876,60975.271543189876,161972.18048608862
3031,kilivila_province,pacific_islands,5,1868.5592934021427,0.0,1868.5592934021427,161852.12920507742
3032,itanhomi_province,south_america,6,3750.0442220998766,1725.6614272277786,5475.705649327655,161410.1688554936
3033,kundal_province,australasia,4,63159.23362270872,0.0,63159.23362270872,161054.1378255473
3034,dingzhou_province,east_asia,4,45690.46576603799,0.0,45690.46576603799,160526.77398679274
3035,courland_province,eastern_europe,8,3297.550595729186,43339.63543832529,46637.186034054466,160466.83428831128
3036,upper_macedonia_province,eastern_europe,5,13456.08713754852,0.0,13456.08713754852,160263.09802974208
3037,mogilev_province,eastern_europe,6,65.35855453598495,68363.60064637015,68428.95920090615,160232.57910101942
3038,csanad_province,eastern_europe,3,42865.56611291568,0.0,42865.56611291568,159598.76187703013
3039,hradecko_province,western_europe,5,808.358412240555,29024.248756936606,29832.60716917716,159561.68306532432
3040,bresse_province,western_europe,5,1912.6014597143253,81887.16367575465,83799.76513546897,159524.7357774026
3041,upper_runde_province,southern_africa,4,19418.672404629455,0.0,19418.672404629455,159096.00645520812
3042,trebizond_province,middle_east,6,0.0,14286.402025518173,14286.402025518173,158947.20227870793
3043,swabian_alb_province,western_europe,8,612.3743744762244,14446.984261093114,15059.358635569339,158691.77846501552
3044,tagant_province,west_africa,3,95615.30176354531,0.0,95615.30176354531,158192.21448398847
3045,halland_province,western_europe,4,757.7455312947254,74855.68615308838,75613.4316843831,158190.11064493097
3046,bazhou_sichuan_province,east_asia,4,0.0,60585.3232051862,60585.3232051862,158158.4886058345
3047,qarategin_province,central_asia,5,84.89450507986747,79169.7614735709,79254.65597865077,157786.4879759821
3048,jingzhou_beizhili_province,east_asia,6,33222.6092441512,0.0,33222.6092441512,157750.43539967012
3049,urbino_province,western_europe,4,4672.3880373927,1259.7182773840973,5932.106314776797,157423.6196041239
3050,leon_province,western_europe,4,7062.997456124455,54681.62007372113,61744.61752984559,157212.6947210763
3051,eastern_styria_province,western_europe,5,851.7572442123444,51691.186618672786,52542.943862885135,156985.81184574577
3052,alaiye_province,middle_east,4,11791.060060188649,0.0,11791.060060188649,156139.94256771222
3053,satakunta_province,western_europe,8,79.2983887634968,0.0,79.2983887634968,155339.21068735892
3054,sulu_province,south_east_asia,3,16833.070154675166,0.0,16833.070154675166,155062.20392400958
3055,bohus_province,western_europe,4,981.5170848244446,64761.986671285136,65743.50375610958,154961.44172562327
3056,perthshire_province,western_europe,5,168.21933054382527,28557.74849174218,28725.967822286006,154941.71380007174
3057,alpenvorland_province,western_europe,5,198.34533573320317,54278.8555240733,54477.2008598065,154661.8509672823
3058,laconia_province,eastern_europe,4,13315.501841180543,0.0,13315.501841180543,154479.9395713281
3059,castellon_province,western_europe,5,8284.785980971668,0.0,8284.785980971668,154445.38422859312
3060,glamorgan_province,western_europe,6,207.47287654126694,20042.295789224387,20249.768665765652,154405.98974898635
3061,u_province,east_asia,8,112.38068937786092,33952.66067654005,34065.04136591791,154198.17153665764
3062,east_farthing,western_europe,6,0.0,0.0,0.0,154125.0
3063,yaghan_province,south_america,6,0.0,0.0,0.0,154125.0
3064,shizhou_shanxi_province,east_asia,7,2404.0630649196273,0.0,2404.0630649196273,153454.57094803458
3065,belluno_province,western_europe,3,0.0,66383.4621540371,66383.4621540371,153431.39492329175
3066,gomel_province,eastern_europe,5,266.6241132267943,0.0,266.6241132267943,153299.95212738015
3067,rotalia_province,eastern_europe,6,5226.508527265259,0.0,5226.508527265259,153254.82209317342
3068,wari_willka_province,south_america,6,390.42017948809354,15712.400370534355,16102.820550022449,153115.67311877524
3069,sandomierz_province,eastern_europe,4,42.21578496315739,0.0,42.21578496315739,153047.49275808356
3070,xalizaax_province,north_asia,8,0.0,0.0,0.0,153000.0
3071,nis_province,eastern_europe,5,9408.171644117492,0.0,9408.171644117492,152334.1930996322
3072,dezhou_province,east_asia,7,42247.17182195479,0.0,42247.17182195479,152153.06829969914
3073,liaozhou_province,east_asia,3,6108.397593993094,0.0,6108.397593993094,151996.94729324224
3074,guide_province,east_asia,6,47659.55888235918,0.0,47659.55888235918,151492.00374265408
3075,messalo_province,east_africa,4,60521.69289056493,0.0,60521.69289056493,151336.90450188555
3076,saale_province,western_europe,7,419.8763479415112,0.0,419.8763479415112,151222.3608914342
3077,main_franconia_province,western_europe,8,273.32041429895895,0.0,273.32041429895895,151057.48546608633
3078,neuchatel_province,western_europe,5,289.4248270889354,67966.15821959917,68255.5830466881,151037.53092752412
3079,cagliari_province,western_europe,7,44077.85871392292,0.0,44077.85871392292,150837.59105316328
3080,tucssa_province,south_america,5,0.0,0.0,0.0,150750.0
3081,brabant_province,western_europe,3,1169.9602332615668,0.0,1169.9602332615668,149816.20526241927
3082,wroclaw_province,eastern_europe,7,3160.6717712869868,0.0,3160.6717712869868,149805.75574269786
3083,kerek_province,north_asia,5,0.0,0.0,0.0,149625.0
3084,saakak_hukaahaanu_province,north_america,3,79951.18845612399,0.0,79951.18845612399,149570.0870131395
3085,belogorye_province,north_asia,4,0.0,36845.07111616011,36845.07111616011,149450.70500568012
3086,unterinntal_province,western_europe,5,0.0,63802.77846131617,63802.77846131617,149403.12576898068
3087,cumberland_province,western_europe,4,796.6351815638171,7935.533717832037,8732.168899395854,149323.69001182035
3088,lutsk_province,eastern_europe,6,4489.816138720695,0.0,4489.816138720695,149051.0431560608
3089,thuringer_becken_province,western_europe,8,367.1594754838708,0.0,367.1594754838708,148913.05440991936
3090,ruhr_province,western_europe,6,316.12514802516137,0.0,316.12514802516137,148855.6407915283
3091,jaen_province,western_europe,7,8180.517965539523,0.0,8180.517965539523,148703.08271123195
3092,qinzhou_shaanxi_province,east_asia,4,128.4352400621803,0.0,128.4352400621803,148644.48964506996
3093,okobojo_province,north_america,3,61757.82907440842,0.0,61757.82907440842,148227.55770870947
3094,halych_province,eastern_europe,4,1381.9868097732983,252.60010029454122,1634.5869100678394,148088.91027382633
3095,athna_province,north_america,6,0.0,74581.2396153372,74581.2396153372,148028.89456725435
3096,corinthia_province,eastern_europe,3,9416.608263464594,0.0,9416.608263464594,147843.68429639767
3097,malaita_province,pacific_islands,3,0.0,58396.97485149995,58396.97485149995,147821.59670793745
3098,middle_styria_province,western_europe,3,415.87156681831686,57968.68412453565,58384.55569135397,147807.62515277322
3099,touraine_province,western_europe,5,1228.4359947892615,0.0,1228.4359947892615,147631.99049413792
3100,bassigny_province,western_europe,6,1894.9488237589208,11305.983770776355,13200.932594535276,147601.0491688522
3101,shangdu_province,east_asia,4,16889.276646125865,0.0,16889.276646125865,147250.4362268916
3102,hessen_bergland_province,western_europe,7,164.28455047004033,31718.333781684305,31882.618332154343,147242.94562367364
3103,ogiciza_wakpa_province,north_america,3,38806.84658185041,0.0,38806.84658185041,147157.7024045817
3104,zaragoza_province,western_europe,5,74706.42283177294,8914.875318315733,83621.29815008868,146948.96041884978
3105,valentinois_province,western_europe,4,3848.41421417759,57768.36100519367,61616.77521937126,146943.87212179266
3106,hezhou_sichuan_province,east_asia,3,20480.350545422036,0.0,20480.350545422036,146790.3943635998
3107,olomoucko_province,western_europe,4,864.290375018648,55279.51756523357,56143.80794025221,146411.78393278376
3108,orleanais_province,western_europe,5,3103.808298173323,0.0,3103.808298173323,146366.78433544497
3109,norfolk_province,western_europe,5,544.2988814165861,0.0,544.2988814165861,145737.33624159367
3110,qingchi,east_asia,5,4880.313338137913,0.0,4880.313338137913,144990.35250540514
3111,jativa_province,western_europe,5,51477.08735706901,0.0,51477.08735706901,144536.72327670263
3112,friesland_province,western_europe,5,500.5412176031877,7865.318888641151,8365.860106244338,144411.59261952486
3113,upper_ghaghara_province,south_asia,6,0.0,26243.46713087805,26243.46713087805,144273.9005222378
3114,hinakiyah_province,middle_east,6,0.0,0.0,0.0,144000.0
3115,macva_province,eastern_europe,4,31970.223463150607,0.0,31970.223463150607,143966.50139604442
3116,hradistsko_province,western_europe,4,267.96354729743587,46601.995691652846,46869.95923895029,143853.70414381908
3117,upper_artois_province,western_europe,4,701.3003458989743,0.0,701.3003458989743,143663.96288913634
3118,tesin_province,eastern_europe,8,1190.2136664725099,0.0,1190.2136664725099,143088.99037478157
3119,vorpommern_province,western_europe,8,14145.616149696369,0.0,14145.616149696369,143038.8181684084
3120,rechytsa_province,eastern_europe,6,123.82069446219289,0.0,123.82069446219289,143014.29828126996
3121,desmond_province,western_europe,5,380.6310965466192,48720.2140233812,49100.84511992782,142988.4507599188
3122,kaunas_province,eastern_europe,4,563.7007867426308,0.0,563.7007867426308,142384.16338508547
3123,rodos_province,eastern_europe,3,33440.12173634049,0.0,33440.12173634049,142245.13695338304
3124,lugo_province,western_europe,5,287.2970698859933,18018.853538350715,18306.150608236705,142094.4194342663
3125,toplica_province,eastern_europe,4,3249.4146725541527,0.0,3249.4146725541527,142030.59150662343
3126,monferrato_province,western_europe,3,22056.142044832854,57186.14100812049,79242.28305295335,142022.56843457252
3127,hudavendigar_province,middle_east,5,19824.050245246148,0.0,19824.050245246148,141552.05652590192
3128,qinzhou_province,east_asia,3,545.1692622376598,0.0,545.1692622376598,141238.31542001737
3129,ostergotland_province,western_europe,5,2672.695782650138,36704.06666310965,39376.76244575978,141048.85775147975
3130,roman_flanders_province,western_europe,3,1827.0843631396745,467.3003972557653,2294.38476039544,140956.18285544487
3131,thuringer_wald_province,western_europe,7,174.6480851108979,0.0,174.6480851108979,140821.47909574976
3132,sor_trondelag_province,western_europe,10,0.0,0.0,0.0,140625.0
3133,huizhou_shaanxi_province,east_asia,5,0.0,0.0,0.0,140625.0
3134,guishun_province,east_asia,3,0.0,50860.355865445585,50860.355865445585,140467.90034862628
3135,chenzhou_henan_province,east_asia,6,42622.92780270682,0.0,42622.92780270682,140200.79377804516
3136,oberlausitz_province,western_europe,6,290.25629500516504,0.0,290.25629500516504,139826.53833188082
3137,tokma_province,north_asia,6,179.1841026662005,51036.83015667858,51216.01425934478,139743.01604176286
3138,poyul_province,east_asia,4,0.0,42847.28201791147,42847.28201791147,139328.1922701504
3139,neckar_province,western_europe,6,318.7599696546439,4413.692324537568,4732.452294192211,139199.00883096625
3140,pays_nancy_province,western_europe,4,572.3732206330578,12155.575855012688,12727.949075645747,139193.9427101015
3141,chishima_province,east_asia,10,130.96492977100797,8458.139059317153,8589.103989088162,139037.74198772418
3142,turenne_province,western_europe,4,318.8466166036931,40237.329028780354,40556.17564538404,139000.69760105707
3143,eastern_upper_swabia_province,western_europe,7,2455.684165924212,81.27670708665357,2536.9608730108657,138979.08098213724
3144,finland_province,western_europe,4,189.56891626657645,0.0,189.56891626657645,138588.2650307999
3145,marash_province,middle_east,7,10035.281637013122,0.0,10035.281637013122,138414.69184163975
3146,washeo_province,north_america,4,0.0,0.0,0.0,138375.0
3147,aberdeenshire_province,western_europe,5,23.12334131907143,8895.363053836216,8918.486395155287,138283.2971945497
3148,yuktali_province,north_asia,7,0.0,2620.9085269987627,2620.9085269987627,137948.5220928736
3149,lower_macedonia_province,eastern_europe,5,25053.461661797868,0.0,25053.461661797868,137310.1443695226
3150,tsawarong_province,east_asia,3,0.0,59046.22026678828,59046.22026678828,137301.9978001368
3151,cuenca_province,western_europe,7,6636.907320390777,0.0,6636.907320390777,136841.52073543964
3152,nevernais_province,western_europe,6,1395.941355777147,108.91600312237554,1504.8573588995225,136692.96452876198
3153,tongzhou_beizhili_province,east_asia,6,32381.011677581475,0.0,32381.011677581475,136553.63813727917
3154,sis_province,middle_east,5,16358.12440893531,0.0,16358.12440893531,136527.8899600522
3155,gauboden_province,western_europe,5,1118.3683377551056,965.1683614271903,2083.5366991822957,136218.9787865801
3156,galloway_province,western_europe,6,931.1479932161465,24084.25795275453,25015.405945970677,136142.331689217
3157,lothian_province,western_europe,4,770.127143140317,28977.689224665515,29747.816367805834,135841.29341378156
3158,cotentin_province,western_europe,6,1712.7353692977588,618.0227059835357,2330.7580752812946,135372.10283469147
3159,western_upper_swabia_province,western_europe,5,375.71123066119094,4801.945305481486,5177.6565361426765,135199.8636031605
3160,danzig_province,eastern_europe,6,3164.8171106206455,0.0,3164.8171106206455,135185.41924944823
3161,vogelsberg_province,western_europe,6,203.87963864789185,17924.534000467436,18128.41363911533,135144.46534400474
3162,kaialigamiut_province,north_america,6,0.0,27013.977289037724,27013.977289037724,135015.72445016744
3163,ume_lappmark_province,western_europe,7,54.786077118954545,4935.632329509539,4990.418406628493,134989.22070745705
3164,calabria_citra_province,western_europe,6,18980.77318412918,0.0,18980.77318412918,134978.3698321453
3165,komsa_province,north_asia,5,0.0,18962.40808997268,18962.40808997268,134957.70910121925
3166,manatara_province,north_america,3,29846.28483951296,0.0,29846.28483951296,134827.07044445208
3167,narbonnais_province,western_europe,5,2179.6662510331435,24582.88851725088,26762.554768284026,134732.8741143195
3168,cape_verde_province,west_africa,5,54676.52975283413,0.0,54676.52975283413,134636.0959719384
3169,pays_messin_province,western_europe,5,1492.8428073094653,43103.37570772909,44596.21851503855,134545.74582941836
3170,chalkidiki_province,eastern_europe,4,44345.33005302884,0.0,44345.33005302884,134263.49630965744
3171,aetolia_province,eastern_europe,6,18657.238917794137,7624.061948014056,26281.300865808193,134191.46347403422
3172,lyonnais_province,western_europe,6,1070.5246359602206,20878.864432923478,21949.3890688837,133818.06270249415
3173,lithang_province,east_asia,4,9.432619279613954,17704.683370434457,17714.11598971407,133553.38048842835
3174,rosello_province,western_europe,3,5333.732260797581,15128.326985390511,20462.05924618809,133269.8166519616
3175,vukyl_province,eastern_europe,3,0.0,51894.92682149132,51894.92682149132,132631.79267417773
3176,burgas_province,eastern_europe,6,7789.825277401671,0.0,7789.825277401671,132513.5534370769
3177,xizhou_province,east_asia,5,2697.4894723926186,0.0,2697.4894723926186,132409.6756564417
3178,lezgistan_province,eastern_europe,5,0.0,28600.2226286102,28600.2226286102,132300.25045718648
3179,east_flanders_province,western_europe,6,593.1846867503674,0.0,593.1846867503674,132292.33277259418
3180,east_rukwa_province,east_africa,3,49314.75704330293,0.0,49314.75704330293,131979.1016737158
3181,pyritz_province,western_europe,5,5306.558831673784,0.0,5306.558831673784,131969.878685633
3182,prague_province,western_europe,5,1205.723034083189,50967.18618623543,52172.909220318616,131819.52287285845
3183,gelderland_province,western_europe,7,6000.956592106009,1129.7026017478845,7130.659193853894,131771.99159308564
3184,namur_province,western_europe,4,78.65422103003222,1946.1612510601246,2024.8154720901568,131652.91740610142
3185,huaiqing_province,east_asia,6,5932.035917557422,0.0,5932.035917557422,131548.5404072521
3186,south_holland_province,western_europe,6,1809.1795174720019,2656.865755383743,4466.045272855745,131024.3009319627
3187,checiny_province,eastern_europe,4,1364.4148187367766,0.0,1364.4148187367766,130909.96667107887
3188,ebroicien_province,western_europe,6,275.9295096936789,0.0,275.9295096936789,130810.42069840539
3189,madrid_province,western_europe,5,20254.449994068298,0.0,20254.449994068298,130786.25624332685
3190,wapusk_province,north_america,3,0.0,0.0,0.0,130500.0
3191,comoros_province,east_africa,3,0.0,0.0,0.0,130500.0
3192,zala_province,eastern_europe,4,24778.229446019974,8980.028268752973,33758.257714772946,130228.03992911956
3193,tango_province,east_asia,3,0.0,37617.808639849245,37617.808639849245,130070.03471983041
3194,elbtal_province,western_europe,6,554.4725279099846,0.0,554.4725279099846,129998.78159389873
3195,czersk_province,eastern_europe,4,1218.28575553324,0.0,1218.28575553324,129620.57147497489
3196,baoan_province,east_asia,3,1214.604747433282,0.0,1214.604747433282,129616.43034086244
3197,turov_province,eastern_europe,5,8176.947698851102,0.0,8176.947698851102,129574.06616120749
3198,south_kola_province,western_europe,8,0.0,9075.553362214014,9075.553362214014,129459.99753249076
3199,calabria_ultra_province,western_europe,7,15833.137171596069,0.0,15833.137171596069,129187.27931804556
3200,caennais_province,western_europe,6,183.26333607677486,248.8985106768635,432.1618467536384,128736.18207759784
3201,west_luxembourg_province,western_europe,5,103.0459946186676,26170.52130769733,26273.567302315998,128557.7632151055
3202,cork_province,western_europe,4,94.93734265426274,63051.3605470888,63146.29788974306,128414.58512596095
3203,jingning_province,east_asia,4,114.71343647084073,0.0,114.71343647084073,128379.05261602969
3204,kobryn_province,eastern_europe,4,28.6520140840805,0.0,28.6520140840805,128282.2335158446
3205,sangon_province,east_asia,3,11.519015183980956,25710.945568683688,25722.46458386767,127937.77265685113
3206,bergenhus_province,western_europe,8,94.29590121782857,10580.704554127587,10675.000455345416,127884.37551226359
3207,chiemgau_province,western_europe,5,1166.070103959103,10405.013265644304,11571.083369603408,127767.46879080383
3208,new_catalonia_province,western_europe,6,40569.79654111182,0.0,40569.79654111182,127766.0211087508
3209,malongtalang_province,east_asia,3,264.2821476381478,5263.13875761088,5527.420905249028,127718.34851840517
3210,parma_province,western_europe,3,12608.515401054246,17918.00745156514,30526.52285261939,127717.33820919681
3211,lancashire_province,western_europe,5,851.0961664735703,32630.598752774542,33481.69491924812,127666.90678415413
3212,jianzhou_province,east_asia,4,44465.0825945655,0.0,44465.0825945655,127648.21791888619
3213,azores_province,north_africa,4,390.5390785247205,0.0,390.5390785247205,127564.35646334031
3214,unalaska_province,north_america,6,0.0,2326.4849722812337,2326.4849722812337,127492.29559381638
3215,north_itelmen_province,north_asia,5,0.0,47307.479373156486,47307.479373156486,127470.91429480104
3216,vestfold_province,western_europe,4,219.17124905030977,48414.80573929877,48633.97698834907,126713.22411189272
3217,poznan_province,eastern_europe,8,5383.537966461427,0.0,5383.537966461427,126431.4802122691
3218,achaea_province,eastern_europe,4,11316.759195372386,0.0,11316.759195372386,126356.35409479393
3219,tuchola_province,eastern_europe,5,3002.2866000774748,0.0,3002.2866000774748,126002.57242508717
3220,junzhou_province,east_asia,5,796.6983317245767,0.0,796.6983317245767,125771.28562319014
3221,lemnos_province,eastern_europe,5,41174.29111750466,0.0,41174.29111750466,125071.07750719275
3222,luanzhou_province,east_asia,3,32983.24240984053,0.0,32983.24240984053,124856.1477110706
3223,schaunberg_province,western_europe,5,792.1043165273558,37087.221784056674,37879.32610058403,124739.24186315703
3224,lower_berry_province,western_europe,4,2849.0760369212903,0.0,2849.0760369212903,124705.21054153645
3225,nyarong_province,east_asia,5,0.11350345469345274,12717.577748510064,12717.69125196476,124557.40265846036
3226,durham_province,western_europe,3,1252.5678564700672,11096.387134835277,12348.954991305345,124142.57436521852
3227,evros_province,eastern_europe,4,38115.17582090856,0.0,38115.17582090856,123879.57279852213
3228,strathcona_province,north_america,5,54.5358853821562,42795.41665932702,42849.95254470918,123581.19661279782
3229,azghar_province,north_africa,3,34772.70226187716,0.0,34772.70226187716,123494.2900446118
3230,derbyshire_province,western_europe,3,138.7397803321163,8525.863639618392,8664.603419950508,123372.67884744432
3231,sighnan_province,central_asia,6,0.0,2642.7729220042697,2642.7729220042697,123348.1195372548
3232,bocaiuva_province,south_america,3,601.6217365992215,0.0,601.6217365992215,123301.82445367413
3233,essex_province,western_europe,6,3011.3304780615226,0.0,3011.3304780615226,122637.74678781921
3234,nangchen_province,east_asia,6,0.0,0.0,0.0,122625.0
3235,ciudad_rodrigo_province,western_europe,5,18895.600393586756,0.0,18895.600393586756,122507.55044278511
3236,hejian_province,east_asia,5,8660.529744901638,0.0,8660.529744901638,122243.09596301435
3237,suining_province,east_asia,5,11375.33741451095,0.0,11375.33741451095,121922.25459132482
3238,south_alyutor_province,north_asia,5,0.0,216.98488189572873,216.98488189572873,121744.10799213269
3239,pengzhou_province,east_asia,3,70018.58829337702,0.0,70018.58829337702,121520.91183004914
3240,valpei_province,pacific_islands,5,0.0,54768.16160256112,54768.16160256112,121239.18180288126
3241,xuzhou_henan_province,east_asia,5,32631.610608068782,0.0,32631.610608068782,121085.56193407738
3242,thierache_province,western_europe,4,174.515493253577,2413.0684039798193,2587.5838972333963,121036.03188438757
3243,sredets_province,eastern_europe,8,1438.201784817524,0.0,1438.201784817524,120867.97700791972
3244,lop_nur_province,east_asia,4,55411.83997082877,0.0,55411.83997082877,120838.31996718238
3245,argyll_province,western_europe,6,28.679295146952818,15349.103738473577,15377.78303362053,120800.00591282311
3246,west_flanders_province,western_europe,6,3266.3667463800653,0.0,3266.3667463800653,120674.66258967758
3247,chrudimsko_province,western_europe,5,55.78615427429571,24103.819686775016,24159.605841049313,120554.5565711805
3248,algarve_province,western_europe,4,49962.805153548434,0.0,49962.805153548434,120333.15579774199
3249,harz_province,western_europe,9,949.5114295241077,0.0,949.5114295241077,120318.20035821463
3250,sauerland_province,western_europe,7,100.34276311085095,14730.767851978002,14831.110615088854,120184.99944197496
3251,kiyuska_province,north_america,3,35726.008740403464,0.0,35726.008740403464,120066.75983295389
3252,kent_province,western_europe,5,710.1085250373765,0.0,710.1085250373765,120048.87209066705
3253,middle_weser_province,western_europe,4,678.424179557084,14.607109000884831,693.0312885579689,120029.66019962772
3254,linqing_province,east_asia,3,26373.37379276334,0.0,26373.37379276334,119670.04551685877
3255,mazara_province,western_europe,5,40016.705341124856,0.0,40016.705341124856,119268.79350876546
3256,volodymyr_province,eastern_europe,5,2591.1551162009227,0.0,2591.1551162009227,118790.04950572603
3257,upper_poitou_province,western_europe,6,2546.2126504434887,0.0,2546.2126504434887,118739.48923174893
3258,grosseto_province,western_europe,4,45470.325110416656,0.0,45470.325110416656,118654.11574921873
3259,yendyr_province,north_asia,4,0.0,61387.56815634051,61387.56815634051,118561.01417588307
3260,alcaniz_province,western_europe,5,40051.03166080023,0.0,40051.03166080023,118182.41061840026
3261,karakoram_province,east_asia,5,0.0,0.0,0.0,118125.0
3262,kong_province,west_africa,2,42907.38204552664,0.0,42907.38204552664,118020.80480121747
3263,chelm_province,eastern_europe,6,1736.548263526856,0.0,1736.548263526856,117828.61679646772
3264,arezzo_province,western_europe,3,618.3474738441765,53905.415497454305,54523.762971298485,117589.2333427108
3265,weihui_province,east_asia,4,15513.800751803525,0.0,15513.800751803525,117578.02584577896
3266,grodno_province,eastern_europe,5,387.2373192950254,0.0,387.2373192950254,117435.6419842069
3267,breifne_province,western_europe,5,569.9839997025721,33757.67735954774,34327.66135925032,117368.6190291566
3268,limousin_province,western_europe,6,219.16240838082834,3961.266099876155,4180.428508256983,117202.9820717891
3269,gloucestershire_province,western_europe,4,1008.3117913355688,0.0,1008.3117913355688,117009.35076525251
3270,fuzhou_shaanxi_province,east_asia,4,0.0,0.0,0.0,117000.0
3271,olesnica_province,eastern_europe,5,1971.6884028887664,0.0,1971.6884028887664,116968.14945324986
3272,coruna_province,western_europe,5,885.765947881525,10075.762202129747,10961.528150011272,116956.71916876268
3273,angermanland_province,western_europe,6,87.89393542186201,23702.988689221478,23790.882624643342,116764.74295272375
3274,qingzhou_beizhili_province,east_asia,4,15749.232532064721,0.0,15749.232532064721,116717.88659857282
3275,lincolnshire_province,western_europe,6,8483.84850459323,3943.2892993163255,12427.137803909554,116355.53002939824
3276,moray_province,western_europe,4,82.08716192886439,169.44908877486108,251.53625070372547,116157.97828204169
3277,limburg_province,western_europe,4,243.49247801423752,0.0,243.49247801423752,116148.92903776602
3278,sodermanland_province,western_europe,5,203.63057077772424,0.0,203.63057077772424,116104.08439212493
3279,montana_province,western_europe,4,11.397234199177753,0.0,11.397234199177753,115887.82188847408
3280,jizhou_zhending_province,east_asia,3,42001.94942134628,0.0,42001.94942134628,115877.19309901456
3281,goringhaikona_province,southern_africa,4,0.0,0.0,0.0,115875.0
3282,ngapa_province,east_asia,4,0.0,0.0,0.0,115875.0
3283,glogow_province,eastern_europe,5,1965.1313539110947,0.0,1965.1313539110947,115835.77277314998
3284,gaotang_province,east_asia,3,27888.787645470074,0.0,27888.787645470074,115749.88610115384
3285,south_tutchone_province,north_america,6,46.70374287846835,5597.380089246371,5644.08383212484,115474.59431114045
3286,muli_province,east_asia,3,0.0,62632.253402486036,62632.253402486036,115461.28507779678
3287,czestochowa_province,eastern_europe,3,1560.7353323212205,0.0,1560.7353323212205,115380.82724886137
3288,ploermel_province,western_europe,4,1566.9001286925209,774.5911433525835,2341.4912720451043,115134.17768105073
3289,leine_province,western_europe,6,388.0689738151283,1843.9078709833116,2231.9768447984397,115010.97395039824
3290,molise_province,western_europe,4,21846.34053133716,0.0,21846.34053133716,114577.13309775431
3291,mittelmark_province,western_europe,8,4808.905294434558,0.0,4808.905294434558,114535.01845623887
3292,rhodopes_province,eastern_europe,7,15800.96994838801,0.0,15800.96994838801,114526.0911919365
3293,niederrhein_province,western_europe,5,696.6091021429369,0.0,696.6091021429369,114408.6852399108
3294,senonais_province,western_europe,5,1619.948051005063,0.0,1619.948051005063,114322.44155738069
3295,teviotdale_province,western_europe,4,642.0538969996464,29959.602802294597,30601.656699294243,114301.86378670603
3296,southern_tanana_province,north_america,6,96.84251927612493,29498.43946663592,29595.281985912043,114294.69223415105
3297,agenais_province,western_europe,3,5234.421073363196,0.0,5234.421073363196,113888.7237075336
3298,vilkmerge_province,eastern_europe,5,2108.3452351899286,35081.83080367009,37190.176038860016,113838.94804371752
3299,south_kolyma_province,north_asia,6,0.0,0.0,0.0,113625.0
3300,badakhshan_province,central_asia,5,12716.291020097711,0.0,12716.291020097711,113305.82739760993
3301,benavente_province,western_europe,4,9837.123297232556,51844.750629853734,61681.873927086286,113267.10816797207
3302,mantua_province,western_europe,3,13759.02714759907,13872.207722363917,27631.234869962987,113210.13922870836
3303,brie_champenois_province,western_europe,5,1613.81063152459,0.0,1613.81063152459,113190.53696046516
3304,seenplatte_province,western_europe,7,3357.897819182101,0.0,3357.897819182101,112902.63504657986
3305,angus_province,western_europe,4,2205.8354796717126,33073.99119059823,35279.82667026994,112814.80500405369
3306,upper_berry_province,western_europe,5,2079.401842275689,0.0,2079.401842275689,112589.32707256015
3307,neopatras_province,eastern_europe,4,7985.458594256675,0.0,7985.458594256675,112483.64091853876
3308,razes_province,western_europe,3,1806.0057802463448,0.0,1806.0057802463448,112281.75650277713
3309,lerma_province,western_europe,5,4880.702948700931,20747.37834431781,25628.08129301874,112081.59145464608
3310,mondovi_province,western_europe,3,3432.746091336133,44145.21736719507,47577.9634585312,112025.2088908476
3311,beauvaisis_province,western_europe,5,1547.0348647003373,0.0,1547.0348647003373,111990.41422278789
3312,efate_province,pacific_islands,5,0.0,0.0,0.0,111375.0
3313,tigray_province,east_africa,4,2874.519863791313,0.0,2874.519863791313,111233.83484676522
3314,bern_province,western_europe,6,163.3271977426201,25673.418070298532,25836.74526804115,111191.3384265463
3315,frankische_schweiz_province,western_europe,10,403.8994734440852,279.98754550325134,683.8870189473365,111019.37289631576
3316,segovia_province,western_europe,5,36554.81808042042,0.0,36554.81808042042,110874.17034047298
3317,dongchang_province,east_asia,4,37395.65568060108,0.0,37395.65568060108,110695.1126406762
3318,liege_province,western_europe,4,123.37012595238,4106.92282463963,4230.292950592009,110509.079569416
3319,herjolfnes_province,western_europe,7,0.0,0.0,0.0,110250.0
3320,noto_japan_province,east_asia,3,1836.9415499263735,31073.319462589054,32910.26101251543,110149.04363907986
3321,north_riding_province,western_europe,5,838.9038144620871,11918.629980211015,12757.533794673103,109977.22551900725
3322,avignonnais_province,western_europe,4,15826.341525897806,22377.084667497213,38203.42619339502,109353.8544675694
3323,osukyuze_province,north_america,3,44126.949132396585,0.0,44126.949132396585,109267.81777394617
3324,inaba_province,east_asia,2,0.0,55058.71926905349,55058.71926905349,109191.05917768517
3325,bearn_bigorre_province,western_europe,4,3802.6549787228687,12200.612353778386,16003.267332501255,109128.67574906391
3326,tumyat_province,north_asia,8,0.0,0.0,0.0,109125.0
3327,karukinka_province,south_america,8,0.0,0.0,0.0,109125.0
3328,warwickshire_province,western_europe,3,122.51001359381037,6757.8941982876595,6880.40421188147,108990.45473836665
3329,vangash_province,north_asia,5,0.015924962269137147,19535.62443447088,19535.64035943315,108602.59540436228
3330,pemako_province,east_asia,3,0.0,35055.70619540619,35055.70619540619,108062.66946983195
3331,novogrudok_province,eastern_europe,5,31.183888960503598,0.0,31.183888960503598,108035.08187508056
3332,krakow_province,eastern_europe,4,2017.6594030192214,0.0,2017.6594030192214,108019.86682839661
3333,tregor_province,western_europe,5,748.3033915996374,77.48189789950104,825.7852894991383,107804.00845068652
3334,la_marche_province,western_europe,7,1643.8011844414905,8898.292114802272,10542.093299243761,107484.85496164924
3335,nowy_sacz_province,eastern_europe,5,76.05391508811775,18453.248941390473,18529.30285647859,107470.4657135384
3336,otish_province,north_america,4,0.0,42371.476556149355,42371.476556149355,107292.91112566802
3337,staffordshire_province,western_europe,3,607.9381055608264,23630.113809481045,24238.05191504187,107142.8084044221
3338,zayul_province,east_asia,3,0.0,31227.45245618471,31227.45245618471,107130.88401320779
3339,altmark_province,western_europe,6,2149.1999314411783,0.0,2149.1999314411783,107042.84992287133
3340,swat,south_asia,5,4206.424292088806,10376.886133251073,14583.31042533988,106406.22422850736
3341,combraille_province,western_europe,4,601.6536419684167,918.4196432240064,1520.073285192423,106335.08244584149
3342,khomani_province,southern_africa,5,52304.80880362379,0.0,52304.80880362379,106092.90990407678
3343,heni_province,east_asia,5,69.7615151315635,37163.20647501712,37232.96799014868,106012.08898891727
3344,wexford_province,western_europe,4,38.2005174281673,22047.337815572177,22085.538333000346,105846.23062462539
3345,mackenzie_sahtu_province,north_america,5,0.0,40034.738061997734,40034.738061997734,105789.08031974745
3346,olevsk_province,eastern_europe,4,2836.7998585378737,0.0,2836.7998585378737,105566.39984085511
3347,plzensko_province,western_europe,5,38.10680144600695,11586.576732352682,11624.683533798689,105327.76897552352
3348,murcia_province,western_europe,4,59517.328578782515,0.0,59517.328578782515,105206.99465113033
3349,lhato_province,east_asia,5,94.57066958772509,2150.8858266863995,2245.4564962741247,104901.13855830839
3350,changning_province,east_asia,4,5920.027176443157,27298.23444334319,33218.261619786346,104870.54432225964
3351,fenzhou_province,east_asia,4,10215.620575827556,0.0,10215.620575827556,104867.57314780599
3352,erri_province,north_asia,7,0.0,0.0,0.0,104625.0
3353,nantais_province,western_europe,5,6836.587351674277,0.0,6836.587351674277,104441.16077063356
3354,sutherland_province,western_europe,4,38.5608449794663,532.5157342683182,571.0765792477845,104142.46115165377
3355,stolp_province,western_europe,5,486.2167413464801,0.0,486.2167413464801,104046.9938340148
3356,bazadais_province,western_europe,5,11040.037443441444,0.0,11040.037443441444,103545.04212387162
3357,finnmark_province,western_europe,10,0.0,0.0,0.0,103500.0
3358,kuki_airani_province,pacific_islands,2,0.0,0.0,0.0,103500.0
3359,gastrikland_province,western_europe,4,1949.997390379803,37934.36738472381,39884.36477510362,103369.91037199157
3360,kletsk_province,eastern_europe,5,1772.0126237235402,0.0,1772.0126237235402,103243.51420168897
3361,nunatsiavut_province,north_america,11,0.0,2676.118438919474,2676.118438919474,103135.63324378441
3362,uppland_province,western_europe,7,1653.8488190044968,0.0,1653.8488190044968,103110.57992138006
3363,suffolk_province,western_europe,4,609.1138995621614,0.0,609.1138995621614,103060.25313700743
3364,lubeck_province,western_europe,5,540.2051447490373,0.0,540.2051447490373,102982.73078784267
3365,vilnius_province,eastern_europe,4,0.8689320790666606,10254.930600368254,10255.79953244732,102662.77447400324
3366,antwerp_province,western_europe,5,2162.276648944558,0.0,2162.276648944558,102557.56123006262
3367,spessart_province,western_europe,4,157.93978276875225,11850.767405323595,12008.707188092347,102384.7955866039
3368,tarsus_province,middle_east,4,0.0,0.0,0.0,102375.0
3369,guadalajara_province,western_europe,6,12862.795557563539,0.0,12862.795557563539,102220.64500225899
3370,puzhou_province,east_asia,4,23434.208539742387,0.0,23434.208539742387,101738.48460721018
3371,flaming_province,western_europe,6,9163.16927982714,0.0,9163.16927982714,101433.56543980553
3372,bayonne_province,western_europe,3,87.57087102706558,37934.76011550507,38022.330986532135,101275.12235984864
3373,shoromba_province,north_asia,6,0.0,0.0,0.0,101250.0
3374,hanover_province,western_europe,6,994.630661023379,0.0,994.630661023379,101243.9594936513
3375,pinzgau_province,western_europe,3,0.0,18963.06082970243,18963.06082970243,101208.44343341523
3376,pinsk_province,eastern_europe,5,1816.5900048631186,0.0,1816.5900048631186,101043.663755471
3377,pirin_province,eastern_europe,5,1734.0896135373794,0.0,1734.0896135373794,100950.85081522955
3378,holstein_province,western_europe,8,2473.2882231184212,6086.003737421217,8559.291960539638,100754.2034556071
3379,northumberland_province,western_europe,5,121.12201322162375,18150.608178034796,18271.73019125642,100430.69646516348
3380,kuyavia_province,eastern_europe,5,3266.3554063247234,0.0,3266.3554063247234,100424.6498321153
3381,ichera_province,north_asia,5,134.1029332377352,10098.266833803997,10232.369767041731,100386.41598792195
3382,northamptonshire_province,western_europe,3,127.96384672418922,0.0,127.96384672418922,100268.95932756472
3383,chamdo_province,east_asia,3,0.0,13049.476551462116,13049.476551462116,100180.66112039489
3384,cizhou_province,east_asia,3,0.0,0.0,0.0,100125.0
3385,ilia_province,eastern_europe,3,41923.94476526078,0.0,41923.94476526078,100039.43786091838
3386,tajima_province,east_asia,3,8.624366144155797,42755.94726100724,42764.571627151396,99860.14308054533
3387,gevaudan_province,western_europe,4,67.1505038013262,6489.129357236871,6556.279861038197,99625.81484366796
3388,blekinge_province,western_europe,3,598.2670092574709,14902.181640857465,15500.448650114937,99563.0047313793
3389,allgau_province,western_europe,4,493.92263069281205,16971.58250684549,17465.505137538305,99523.69327973059
3390,znojemsko_province,western_europe,4,1675.0252719037912,2443.8368400535774,4118.862111957368,99133.71987595204
3391,orotko_province,north_asia,7,0.0,0.0,0.0,99000.0
3392,divrigi_province,middle_east,4,10823.53864861867,0.0,10823.53864861867,98801.480979696
3393,pilzno_province,eastern_europe,5,1764.1291573952117,0.0,1764.1291573952117,98734.6453020696
3394,soissonais_province,western_europe,6,483.7383423345905,51.177456450203216,534.9157987847938,98476.78027363289
3395,beaujolais_province,western_europe,4,2822.3787749292455,9528.626149291378,12351.004924220622,98269.8805397482
3396,shenzhou_province,east_asia,4,15246.744834250165,0.0,15246.744834250165,98152.58793853143
3397,makarikha_procince,north_asia,6,192.5619646374806,41972.64329138814,42165.20525602563,98060.85591302883
3398,pumonte_province,western_europe,4,12837.737383789652,0.0,12837.737383789652,97692.45455676336
3399,norrejylland_province,western_europe,4,338.83839757431116,23300.334608016987,23639.173005591296,97469.0696312902
3400,lower_auvergne_province,western_europe,7,783.6489908929664,10585.259015447846,11368.908006340811,97165.02150713341
3401,eastern_sym_province,north_asia,8,124.70088097821882,6199.614379093293,6324.315260071511,97114.85466758045
3402,caux_province,western_europe,5,59.8526487487702,1015.9147056442239,1075.767354392994,96835.23827369211
3403,east_peninsula_province,north_asia,8,0.0,0.0,0.0,96750.0
3404,gallura_province,western_europe,4,52902.0552672162,0.0,52902.0552672162,96639.81217561822
3405,ticino_province,western_europe,3,52.784023614045516,11619.38437640768,11672.168400021723,96381.18945002445
3406,aosta_province,western_europe,3,25.546472883437644,9170.950051012556,9196.496523895994,95846.05858938298
3407,tehor_province,east_asia,3,0.0,0.0,0.0,95625.0
3408,upper_amga_province,north_asia,7,0.0,0.0,0.0,95625.0
3409,opole_province,eastern_europe,6,1864.6849945032861,0.0,1864.6849945032861,95472.7706188162
3410,akershus_province,western_europe,3,50.21702061772113,32714.661197554567,32764.878218172285,95360.48799544382
3411,graubunden_province,western_europe,7,0.0,7703.02986530783,7703.02986530783,95290.9085984713
3412,darvaz_province,central_asia,4,0.0,23187.819879558905,23187.819879558905,94711.29736450377
3413,suizhou_henan_province,east_asia,4,12153.718974023164,0.0,12153.718974023164,94672.93384577606
3414,bazin_province,east_africa,3,32048.98752738114,0.0,32048.98752738114,94555.11096830378
3415,yushu_province,east_asia,6,0.0,0.0,0.0,94500.0
3416,bourbon_province,western_europe,7,1900.299261355602,0.0,1900.299261355602,94387.83666902506
3417,opavsko_province,eastern_europe,5,551.2578175672454,64.3041497488199,615.5619673160654,94067.50721323056
3418,western_gobi_province,east_asia,4,28515.838341809827,0.0,28515.838341809827,93955.31813453605
3419,ovruch_province,eastern_europe,6,1054.4914537454633,0.0,1054.4914537454633,93436.30288546365
3420,hohenloher_ebene_province,western_europe,4,48.7398792903496,0.0,48.7398792903496,93429.83236420163
3421,gniezno_province,eastern_europe,3,1975.9750081192958,0.0,1975.9750081192958,93347.97188413421
3422,overijssel_province,western_europe,4,882.3536303733117,10844.941600732458,11727.295231105769,93068.207134994
3423,rogaland_province,western_europe,5,291.4413458119859,9321.607928484926,9613.04927429691,92939.68043358403
3424,gonjo_province,east_asia,4,0.0,14447.70954361391,14447.70954361391,92753.67323656565
3425,messenia_province,eastern_europe,4,6354.058015020294,0.0,6354.058015020294,92648.31526689784
3426,argolis_province,eastern_europe,4,20271.969638249997,0.0,20271.969638249997,92555.96584303124
3427,plock_province,eastern_europe,4,2177.4525501907756,0.0,2177.4525501907756,92449.63411896462
3428,zagan_province,eastern_europe,4,1145.9597907158109,0.0,1145.9597907158109,92414.20476455528
3429,shropshire_province,western_europe,3,238.9700938299288,20785.78431732808,21024.75441115801,92277.84871255276
3430,gardr_province,western_europe,6,0.0,0.0,0.0,92250.0
3431,ambae_province,pacific_islands,5,0.0,0.0,0.0,92250.0
3432,caozhou_province,east_asia,4,6859.717202861528,0.0,6859.717202861528,92092.18185321923
3433,mezen_province,eastern_europe,6,0.0,6570.099318322246,6570.099318322246,91766.36173311253
3434,bechinsko_province,western_europe,5,528.7570640914558,0.0,528.7570640914558,91719.85169710289
3435,gyahor_province,east_asia,7,1268.1285430448297,0.0,1268.1285430448297,91426.64461092543
3436,jiezhou_province,east_asia,3,129.85455641821417,0.0,129.85455641821417,91271.08637597048
3437,canik_province,middle_east,6,2121.3617850460496,0.0,2121.3617850460496,91261.5320081768
3438,rawa_province,eastern_europe,5,2083.133872419419,0.0,2083.133872419419,91218.52560647184
3439,chebsko_province,western_europe,3,58.862333008957506,0.0,58.862333008957506,91191.22012463507
3440,lena_province,north_asia,7,0.0,0.0,0.0,91125.0
3441,ponthieu_province,western_europe,4,929.9239849337314,0.0,929.9239849337314,91046.16448305045
3442,kalisz_province,eastern_europe,3,1903.375273661824,0.0,1903.375273661824,91016.29718286954
3443,dartsedo_province,east_asia,3,0.0,10543.873500892692,10543.873500892692,90611.85768850427
3444,hampshire_province,western_europe,6,468.128144394567,0.0,468.128144394567,90526.64416244389
3445,perigord_province,western_europe,5,7163.827450845199,286.5729626309578,7450.400413476156,90506.70046516067
3446,wielun_province,eastern_europe,3,1314.74262627006,0.0,1314.74262627006,90354.08545455382
3447,gyelrong_province,east_asia,5,0.0,3223.7238750729057,3223.7238750729057,90251.68935945703
3448,przemysl_province,eastern_europe,4,12.444319453802352,0.0,12.444319453802352,90013.99985938553
3449,sanok_province,eastern_europe,3,0.13817632905889962,0.0,0.13817632905889962,90000.15544837019
3450,ries_province,western_europe,6,228.57267370754406,0.0,228.57267370754406,89132.14425792098
3451,upper_maine_province,western_europe,5,1106.066014555913,0.0,1106.066014555913,88994.32426637539
3452,beira_baixa_province,western_europe,5,19094.67680504567,0.0,19094.67680504567,88981.51140567637
3453,deheubarth_province,western_europe,6,739.0001094877276,5095.86196393773,5834.862073425458,88689.21983260365
3454,siena_province,western_europe,3,3085.472125204194,39672.02138452874,42757.493509732936,88602.18019844955
3455,izu_province,east_asia,2,0.0,41699.686546484525,41699.686546484525,88537.14736479509
3456,shethanei_province,north_america,5,0.0,17213.01075450166,17213.01075450166,87989.63709881438
3457,schwerin_province,western_europe,8,2048.0274480451253,0.0,2048.0274480451253,87804.03087905077
3458,dikimdya_province,north_asia,6,0.0,0.0,0.0,87750.0
3459,kawesqar_province,south_america,8,0.0,0.0,0.0,87750.0
3460,inner_hebrides_province,western_europe,4,224.7560603790559,673.7566894537188,898.5127498327747,87635.82684356187
3461,taiping_guangxi_province,east_asia,5,1894.1913271564547,0.0,1894.1913271564547,87630.96524305102
3462,waldstatte_province,western_europe,4,35.844218448722216,17762.9302487975,17798.77446724622,87523.621275652
3463,stettin_province,western_europe,5,1707.6619167289232,0.0,1707.6619167289232,87421.11965632004
3464,sogn_province,western_europe,7,0.0,1627.878870939771,1627.878870939771,87331.36372980724
3465,perugia_province,western_europe,3,5389.442741104196,33191.45608213112,38580.898823235315,87278.51117613973
3466,wuding_shandong_province,east_asia,4,6120.321572050604,0.0,6120.321572050604,86760.36176855693
3467,kraichgau_province,western_europe,4,5.734830144496352,0.0,5.734830144496352,86631.45168391256
3468,urasalaax_province,north_asia,7,0.0,0.0,0.0,86625.0
3469,caniapiscau_province,north_america,11,0.0,0.0,0.0,86625.0
3470,bagatai_province,north_asia,7,0.0,0.0,0.0,86625.0
3471,auxerrois_province,western_europe,6,2572.5377982458904,1243.079567953067,3815.6173661989574,86417.56953697382
3472,marittima_province,western_europe,3,31889.314464391628,21777.021400744194,53666.33586513582,86249.6278482778
3473,attawapiskat_province,north_america,5,0.0,3519.8291426419173,3519.8291426419173,86084.80778547216
3474,hegau_province,western_europe,4,731.2124296059362,6781.904885413887,7513.117315019824,86077.2569793973
3475,herefordshire_province,western_europe,3,133.60539387777573,1360.1065630919625,1493.7119569697381,86055.42595159095
3476,gwichin_province,north_america,5,0.0,19473.71836474205,19473.71836474205,86032.93316033481
3477,ostwestphalia_province,western_europe,3,423.9301022093494,0.0,423.9301022093494,85976.92136498552
3478,koln_bucht_province,western_europe,4,304.26856095471715,0.0,304.26856095471715,85842.30213107404
3479,gwynedd_province,western_europe,7,187.36862877100128,8938.148257727731,9125.516886498732,85641.20649731107
3480,trakai_province,eastern_europe,4,24.077671956898527,0.0,24.077671956898527,85527.0873809515
3481,uyaancii_province,north_asia,8,0.0,0.0,0.0,85500.0
3482,powys_province,western_europe,3,214.83630628239854,4705.014983141765,4919.851289424163,85409.83270060217
3483,shanzhou_shandong_province,east_asia,3,51531.05347172748,0.0,51531.05347172748,84972.43515569341
3484,upper_prussia_province,eastern_europe,5,3442.479125212937,0.0,3442.479125212937,84872.78901586455
3485,uckermark_province,western_europe,3,3403.9558683009063,0.0,3403.9558683009063,84829.45035183852
3486,principato_citra_province,western_europe,4,3301.6491192197605,0.0,3301.6491192197605,84714.35525912223
3487,tavuavua_province,pacific_islands,3,0.0,0.0,0.0,84375.0
3488,west_peninsula_province,north_asia,7,0.0,0.0,0.0,84375.0
3489,swidnica_province,eastern_europe,5,757.029200865254,0.0,757.029200865254,84101.65785097341
3490,autunnais_province,western_europe,5,1462.1110214666314,1956.410921944284,3418.5219434109154,83720.83718633727
3491,bul_bukhta_province,north_asia,6,0.0,2372.9686051178464,2372.9686051178464,83669.58968075758
3492,franconian_alb_province,western_europe,5,329.21287306763054,0.0,329.21287306763054,83620.36448220108
3493,aldan_province,north_asia,7,0.0,0.0,0.0,83250.0
3494,amga_province,north_asia,6,0.0,0.0,0.0,83250.0
3495,daylam_province,middle_east,4,0.0,0.0,0.0,83250.0
3496,tatta_province,north_asia,6,0.0,0.0,0.0,83250.0
3497,gatinais_province,western_europe,3,2259.7125618896275,0.0,2259.7125618896275,82417.17663212583
3498,dippa_province,north_asia,7,0.0,0.0,0.0,82125.0
3499,south_farthing,western_europe,6,0.0,0.0,0.0,82125.0
3500,aargau_province,western_europe,4,383.84266984579807,20599.797224195754,20983.639894041553,82106.59488079675
3501,lule_lappmark_province,western_europe,6,12.10425236971254,1728.5243304777173,1740.62858284743,81833.20715570336
3502,legnica_province,eastern_europe,5,645.5163084070899,0.0,645.5163084070899,81726.20584695798
3503,zamora_province,western_europe,4,19444.885764104532,0.0,19444.885764104532,81500.4964846176
3504,cambridgeshire_province,western_europe,4,410.6384931531979,0.0,410.6384931531979,81461.96830479734
3505,ommelanden_province,western_europe,3,79.49764230864403,0.0,79.49764230864403,81089.43484759724
3506,east_riding_province,western_europe,4,1570.2996936218453,14438.805474056448,16009.105167678292,81010.24331363809
3507,hunza,south_asia,4,0.0,0.0,0.0,81000.0
3508,north_onmilin_province,north_asia,8,0.0,0.0,0.0,81000.0
3509,bayerischer_wald_province,western_europe,4,113.94367201908588,5696.993421231404,5810.937093250489,80787.3042299068
3510,strathclyde_province,western_europe,4,204.171826860446,18369.097501652483,18573.26932851293,80519.92799457704
3511,cheshire_province,western_europe,3,234.7070407612853,31074.300715336518,31309.007756097802,80222.63372561002
3512,samoa_province,pacific_islands,2,0.0,0.0,0.0,79875.0
3513,jamtland_province,western_europe,8,0.0,3765.429569515206,3765.429569515206,79611.1082657046
3514,valtellina_province,western_europe,3,0.0,11613.975589722264,11613.975589722264,79440.72253843755
3515,antrim_province,western_europe,5,161.6693634406523,12441.377193685898,12603.04655712655,79428.42737676737
3516,radom_province,eastern_europe,5,168.18986353507853,0.0,168.18986353507853,78939.21359647697
3517,ratak_province,pacific_islands,10,0.0,0.0,0.0,78750.0
3518,xamaxar_province,north_asia,10,0.0,0.0,0.0,78750.0
3519,leczyca_province,eastern_europe,4,2147.899038776263,0.0,2147.899038776263,77791.3864186233
3520,clare_province,western_europe,3,94.32574124870501,30706.655749526966,30800.98149077567,77401.10417712263
3521,valencia_province,western_europe,4,6634.408932557753,0.0,6634.408932557753,77213.71004912748
3522,avaria_province,eastern_europe,4,0.0,23610.232870425196,23610.232870425196,77186.51197922834
3523,wetarhoo_province,north_america,2,26567.52382761668,0.0,26567.52382761668,77138.46430606877
3524,luzhou_sichuan_province,east_asia,4,23550.855979220385,0.0,23550.855979220385,77119.71297662292
3525,wiltshire_province,western_europe,4,345.0209924100709,0.0,345.0209924100709,76888.14861646133
3526,kuloy_province,eastern_europe,4,0.0,7182.523419485684,7182.523419485684,76705.3388469214
3527,ryuukyuu_province,east_asia,3,163.90239407409607,0.0,163.90239407409607,76684.39019333335
3528,sarikol_province,east_asia,3,0.0,12799.663249797342,12799.663249797342,76274.62115602201
3529,mangyul_province,east_asia,5,0.0,4473.339202436506,4473.339202436506,75907.50660274108
3530,chelmno_province,eastern_europe,5,4465.921543248317,0.0,4465.921543248317,75899.16173615436
3531,pingliang_province,east_asia,3,185.7956479834999,0.0,185.7956479834999,75584.02010398144
3532,central_omok_province,north_asia,6,0.0,0.0,0.0,75375.0
3533,suullar_myraan_province,north_asia,7,0.0,0.0,0.0,75375.0
3534,oberwallis_province,western_europe,4,13.473107685252277,21787.902520646338,21801.37562833159,75151.54758187305
3535,lower_maine_province,western_europe,4,2326.809318998527,0.0,2326.809318998527,74617.66048387335
3536,down_province,western_europe,3,842.5482158577677,5404.37421784554,6246.922433703308,74527.78773791622
3537,bologna_province,western_europe,3,21859.586171985393,0.0,21859.586171985393,74092.03444348357
3538,yuanjiang_province,east_asia,3,0.0,22635.64029752695,22635.64029752695,73840.09533471781
3539,kugmiut_province,north_america,5,0.0,0.0,0.0,73125.0
3540,lungxa_province,north_asia,7,0.0,0.0,0.0,73125.0
3541,tuyodakh_province,north_asia,7,0.0,0.0,0.0,73125.0
3542,slesvig_province,western_europe,4,621.9222772118297,3318.162497022705,3940.0847742345345,73057.59537101386
3543,donegal_province,western_europe,4,522.0595705717017,20262.922245137976,20784.981815709674,72883.10454267339
3544,lower_artois_province,western_europe,4,940.3740809302961,1237.0884423657517,2177.462523296048,72199.64533870805
3545,cornwall_province,western_europe,3,579.7003376843385,2568.565453483188,3148.2657911675265,72166.79901506347
3546,rethelois_province,western_europe,4,649.4354065226635,9347.647684322485,9997.083090845148,71996.71847720079
3547,outer_hebrides_province,western_europe,4,138.20498676692407,621.459245429442,759.664232196366,71729.62226122091
3548,remois_province,western_europe,5,783.4364459263713,8842.310630315376,9625.747076241749,71578.96546077196
3549,cornouaille_province,western_europe,5,1294.969380845016,17.00134123234971,1311.9707220773657,71225.96706233703
3550,ubiqua_province,southern_africa,4,4280.456141099358,0.0,4280.456141099358,71190.51315873678
3551,kazym_province,north_asia,4,12.265734761055315,5067.151381234806,5079.4171159958605,70964.34425549534
3552,vogtland_province,western_europe,4,25.808753736673303,0.0,25.808753736673303,70904.03484795376
3553,uchami_province,north_asia,9,0.0,0.0,0.0,70875.0
3554,east_omok_province,north_asia,5,0.0,0.0,0.0,70875.0
3555,ralik_province,pacific_islands,9,0.0,0.0,0.0,70875.0
3556,mushuau_province,north_america,9,0.0,0.0,0.0,70875.0
3557,waterford_province,western_europe,3,4.7338149374250005,36431.6014240671,36436.33523900452,70240.87714388009
3558,indigirka_province,north_asia,6,0.0,0.0,0.0,69750.0
3559,south_alais_province,north_asia,6,0.0,0.0,0.0,69750.0
3560,changtang_province,east_asia,8,0.0,0.0,0.0,69750.0
3561,oxfordshire_province,western_europe,3,595.491025796133,0.0,595.491025796133,69294.92740402065
3562,perche_province,western_europe,4,474.28869504296983,0.0,474.28869504296983,69158.57478192334
3563,millieu_province,western_europe,3,1189.3262670275685,29850.152323598326,31039.47859062589,68669.41341445413
3564,balti_province,east_asia,3,0.0,0.0,0.0,68625.0
3565,vorarlberg_province,western_europe,3,228.393261239067,17610.093875272498,17838.48713651156,68443.29802857552
3566,bazhou_province,east_asia,3,4500.69415118586,0.0,4500.69415118586,66938.28092008409
3567,north_yandin_province,north_asia,8,0.0,0.0,0.0,66375.0
3568,unaligmiut_province,north_america,6,0.0,6990.886631985717,6990.886631985717,66364.74746098393
3569,tyrone_province,western_europe,5,495.7086703928196,4324.90048192467,4820.60915231749,66173.18529635717
3570,barrois_province,western_europe,4,1030.6265817526312,6544.2278165295,7574.85439828213,65896.7111980674
3571,salamanca_province,western_europe,5,8452.851832086515,0.0,8452.851832086515,65759.45831109733
3572,erzgebirge_province,western_europe,5,173.20028893899635,0.0,173.20028893899635,65444.85032505637
3573,drohobych_province,eastern_europe,4,549.308381201126,6612.006880975776,7161.315262176901,65431.47966994901
3574,tauberfranken_province,western_europe,6,126.44035660794029,0.0,126.44035660794029,65392.245401183936
3575,siniaia_province,north_asia,6,0.0,0.0,0.0,65250.0
3576,khandyga_province,north_asia,6,0.0,0.0,0.0,65250.0
3577,munsterland_province,western_europe,5,2816.4892889723637,0.0,2816.4892889723637,65043.550450093906
3578,untermain_province,western_europe,5,182.89974289675004,429.3996481736421,612.2993910703922,64813.83681495419
3579,loon_province,western_europe,3,1420.537774953124,0.0,1420.537774953124,64598.104996822265
3580,cheke_holo_province,pacific_islands,1,0.0,34231.443708362734,34231.443708362734,64385.37417190808
3581,arborea_province,western_europe,4,20044.465234183524,0.0,20044.465234183524,64175.023388456466
3582,tungaru_province,pacific_islands,8,0.0,0.0,0.0,64125.0
3583,north_kolyma_province,north_asia,7,0.0,0.0,0.0,64125.0
3584,tongchuan_province,east_asia,4,11644.357116793053,0.0,11644.357116793053,63724.90175639218
3585,derry_province,western_europe,3,17.050722520396437,5592.11460011959,5609.165322639987,63685.310987969984
3586,west_asturias_province,western_europe,4,210.00286531884387,4134.3221657493905,4344.325031068234,63387.36565995177
3587,okam_province,north_asia,7,3.3754857731337045,0.0,3.3754857731337045,63003.797421494775
3588,nubhor_province,east_asia,8,0.0,0.0,0.0,63000.0
3589,anaabyr_province,north_asia,8,0.0,0.0,0.0,63000.0
3590,anauls_province,north_asia,8,0.0,0.0,0.0,63000.0
3591,rutok_province,east_asia,8,0.0,0.0,0.0,63000.0
3592,aikhal_province,north_asia,8,0.0,0.0,0.0,63000.0
3593,kustuur_province,north_asia,8,0.0,0.0,0.0,63000.0
3594,nyang_province,east_asia,3,0.0,1808.0692540843597,1808.0692540843597,62784.077910844906
3595,drenthe_province,western_europe,3,213.87021309020875,21313.32036731453,21527.19058040474,62468.08940295533
3596,white_karelia_province,western_europe,5,0.0,2206.3916369188883,2206.3916369188883,62107.19059153375
3597,biryuk_province,north_asia,6,0.0,10009.453283449511,10009.453283449511,61885.6349438807
3598,satsunan_islands_province,east_asia,2,0.0,0.0,0.0,61875.0
3599,jining_province,east_asia,4,13886.570780818505,0.0,13886.570780818505,61747.39212842082
3600,manus_province,pacific_islands,3,2511.229560822391,0.0,2511.229560822391,61325.13325592519
3601,foix_province,western_europe,3,2284.144397995574,0.0,2284.144397995574,61069.66244774502
3602,tongatapu_province,pacific_islands,1,0.0,0.0,0.0,60750.0
3603,ungunniavik_province,north_america,7,0.0,0.0,0.0,60750.0
3604,comminges_province,western_europe,4,1603.4675859647666,0.0,1603.4675859647666,60303.90103421036
3605,champagne_province,western_europe,3,991.70098119661,26.20635706827099,1017.907338264881,59645.14575554799
3606,yuryakh_province,north_asia,7,0.0,0.0,0.0,59625.0
3607,golog_province,east_asia,5,0.0,0.0,0.0,59625.0
3608,tuamotu_province,pacific_islands,2,0.0,0.0,0.0,59625.0
3609,upper_lena_province,north_asia,6,0.0,0.0,0.0,59625.0
3610,koksoak_province,north_america,6,0.0,0.0,0.0,59625.0
3611,calatayud_province,western_europe,4,13994.509164752983,0.0,13994.509164752983,59618.822810347105
3612,semigalia_province,eastern_europe,4,1222.3819702548367,15576.001387859184,16798.38335811402,59398.18127787828
3613,jindong_province,east_asia,3,0.0,8564.375917650874,8564.375917650874,59134.922907357235
3614,quercy_province,western_europe,4,564.9351078272404,825.6064084247031,1390.5415162519434,58939.35920578343
3615,konin_province,eastern_europe,3,2215.4575772097005,0.0,2215.4575772097005,58742.38977436091
3616,buckinghamshire_province,western_europe,3,138.2287759975752,0.0,138.2287759975752,58655.50737299727
3617,icel_province,middle_east,4,0.0,0.0,0.0,58500.0
3618,attu_province,north_america,6,0.0,0.0,0.0,58500.0
3619,kolyma_province,north_asia,7,0.0,0.0,0.0,58500.0
3620,aller_province,western_europe,5,627.4741956529828,280.4127952750252,907.8869909280079,58396.37286479401
3621,vawkavysk_province,eastern_europe,3,581.6680918463526,0.0,581.6680918463526,58029.37660332714
3622,ladakh_province,east_asia,6,252.2568227978877,0.0,252.2568227978877,57658.78892564763
3623,dubawnt_province,north_america,4,0.0,10134.546192411377,10134.546192411377,57526.3644664628
3624,muhlviertel_province,western_europe,3,2.89369455398388,3028.270569172225,3031.1642637262084,57410.05979669199
3625,troms_province,western_europe,5,0.0,0.0,0.0,57375.0
3626,longan_province,east_asia,3,0.0,0.0,0.0,57375.0
3627,central_alyutor_province,north_asia,5,0.0,0.0,0.0,57375.0
3628,teruel_province,western_europe,4,3920.0148459573934,0.0,3920.0148459573934,57285.01670170207
3629,angouleme_province,western_europe,3,6854.090010282903,0.0,6854.090010282903,57210.85126156827
3630,brunswick_province,western_europe,5,495.82708182705267,0.0,495.82708182705267,56807.805467055434
3631,lower_alsace_province,western_europe,5,381.7000667199004,0.0,381.7000667199004,56679.41257505989
3632,unter_dem_wienerwald_province,western_europe,3,10300.230210720729,0.0,10300.230210720729,56587.75898706082
3633,binzhou_province,east_asia,4,5294.020497860068,0.0,5294.020497860068,56580.77306009258
3634,south_onmilin_province,north_asia,7,0.0,0.0,0.0,56250.0
3635,fengzhou_province,east_asia,3,0.0,0.0,0.0,56250.0
3636,east_asturias_province,western_europe,4,649.8447207601686,0.0,649.8447207601686,55856.07531085519
3637,qianzhou_province,east_asia,3,2406.2699475753143,0.0,2406.2699475753143,55582.05369102223
3638,guahan_province,pacific_islands,2,345.74399959698786,0.0,345.74399959698786,55513.961999546606
3639,warsaw_province,eastern_europe,4,145.34532682468765,0.0,145.34532682468765,55288.513492677776
3640,prignitz_province,western_europe,5,3040.257023594905,0.0,3040.257023594905,55170.28915154427
3641,ashmyany_province,eastern_europe,4,0.6243746061449136,0.0,0.6243746061449136,55125.70242143191
3642,kuhuur_province,north_asia,7,0.0,0.0,0.0,55125.0
3643,syuldyukar_province,north_asia,7,0.0,0.0,0.0,55125.0
3644,upper_kolyma_province,north_asia,7,0.0,0.0,0.0,55125.0
3645,vestribygd,western_europe,6,0.0,0.0,0.0,55125.0
3646,nelgehe_province,north_asia,7,0.0,0.0,0.0,55125.0
3647,botomoyu_province,north_asia,7,0.0,0.0,0.0,55125.0
3648,ecigeen_province,north_asia,7,0.0,0.0,0.0,55125.0
3649,irelyakh_province,north_asia,7,0.0,0.0,0.0,55125.0
3650,irakinda_province,north_asia,7,0.0,0.0,0.0,55125.0
3651,marxa_province,north_asia,7,0.0,0.0,0.0,55125.0
3652,olyuben_province,north_asia,7,0.0,0.0,0.0,55125.0
3653,orotukan_province,north_asia,7,0.0,0.0,0.0,55125.0
3654,sartang_province,north_asia,7,0.0,0.0,0.0,55125.0
3655,vilyuy_province,north_asia,7,0.0,0.0,0.0,55125.0
3656,makira_province,pacific_islands,1,0.0,2560.356027328827,2560.356027328827,54630.400530744926
3657,ciechanow_province,eastern_europe,4,508.9068344679901,0.0,508.9068344679901,54572.520188776485
3658,boleslavsko_province,western_europe,3,183.34785371316377,21238.647382316813,21421.99523602998,54474.744640533725
3659,shima_province,east_asia,2,327.1093523713051,11975.5312285427,12302.640580914007,54340.47065352826
3660,znin_province,eastern_europe,3,2121.1128533990927,0.0,2121.1128533990927,54136.251960073976
3661,slonin_province,eastern_europe,4,72.4671913723653,0.0,72.4671913723653,54081.52559029391
3662,bermuda_province,north_atlantic_ocean_sub_continent,1,0.0,0.0,0.0,52875.0
3663,principato_ultra_province,western_europe,4,831.8565923725735,0.0,831.8565923725735,52685.83866641915
3664,oberpfalzer_wald_province,western_europe,5,182.16439202294168,1489.3840848741042,1671.548476897046,52505.492036509175
3665,tananacross_province,north_america,3,0.0,11374.262575741403,11374.262575741403,52171.04539770908
3666,reggioem_province,western_europe,3,7361.130815360601,1008.2877995263564,8369.418614886958,52165.59594174783
3667,surrey_province,western_europe,3,212.58216724888402,0.0,212.58216724888402,51989.15493815499
3668,west_omok_province,north_asia,6,0.0,0.0,0.0,51750.0
3669,south_yandin_province,north_asia,6,0.0,0.0,0.0,51750.0
3670,south_sahtu_province,north_america,5,7.772553701612929,508.876303164406,516.648856866019,51206.22996397427
3671,ross_province,western_europe,3,24.16050130081717,279.44209372139363,303.6025950222108,50966.55291939998
3672,sakishima_islands_province,east_asia,3,2169.2026944163936,0.0,2169.2026944163936,50815.353031218445
3673,berkshire_province,western_europe,3,143.95876227546012,0.0,143.95876227546012,50786.95360755989
3674,guge_province,east_asia,3,103.40600302519218,1001.9874210680671,1105.3934240932592,50743.567602104915
3675,prachensko_province,western_europe,3,3.9762261034028743,0.0,3.9762261034028743,50629.47325436633
3676,lida_province,eastern_europe,4,1.0831509096727647,0.0,1.0831509096727647,50626.21854477338
3677,minzhou_province,east_asia,3,0.0,0.0,0.0,50625.0
3678,lake_alais_province,north_asia,6,0.0,0.0,0.0,50625.0
3679,perthois_province,western_europe,4,1207.9359610122342,4756.496230786982,5964.4321917992165,50584.986215774115
3680,slutsk_province,eastern_europe,4,641.9526992362116,0.0,641.9526992362116,50222.196786640736
3681,pite_lappmark_province,western_europe,4,0.0,0.0,0.0,49500.0
3682,yakutia_province,north_asia,6,0.0,0.0,0.0,49500.0
3683,ulaxan_province,north_asia,6,0.0,0.0,0.0,49500.0
3684,oberinntal_province,western_europe,3,0.8400443786545176,9726.235069770726,9727.07511414938,49192.95950341805
3685,northern_isles_province,western_europe,3,0.0,1298.3540318673358,1298.3540318673358,48710.64828585075
3686,vermandois_province,western_europe,3,932.1310251851588,0.0,932.1310251851588,48298.64740333331
3687,castres_province,western_europe,3,1368.179421562318,8407.45635111064,9775.63577267296,48122.59024425708
3688,fife_province,western_europe,3,500.7672562795793,12882.796728562971,13383.56398484255,47681.50948294786
3689,pongau_province,western_europe,3,0.0,7263.188597097749,7263.188597097749,47546.087171734966
3690,xatii_province,north_asia,6,0.0,0.0,0.0,47250.0
3691,west_koryak_province,north_asia,6,0.0,0.0,0.0,47250.0
3692,agayakan_province,north_asia,6,0.0,0.0,0.0,47250.0
3693,ogonok_province,north_asia,6,0.0,0.0,0.0,47250.0
3694,ynakhsyt_province,north_asia,6,0.0,0.0,0.0,47250.0
3695,sangaar_province,north_asia,6,0.0,0.0,0.0,47250.0
3696,ayan_mai_province,north_asia,6,0.0,0.0,0.0,47250.0
3697,omchikan_province,north_asia,6,0.0,0.0,0.0,47250.0
3698,qikiqtaaluk_province,north_america,6,0.0,0.0,0.0,47250.0
3699,yana_province,north_asia,6,0.0,0.0,0.0,47250.0
3700,pocutia_province,eastern_europe,4,449.9592445985062,425.9327761019193,875.8920207004255,47110.37852328798
3701,hertfordshire_province,western_europe,2,100.33523446792668,0.0,100.33523446792668,46237.87713877642
3702,pagsho_province,east_asia,3,0.0,2009.9225207516556,2009.9225207516556,46136.162835845615
3703,tsushima_province,east_asia,2,7.2304332112164795,0.0,7.2304332112164795,46133.13423736262
3704,namru_province,east_asia,5,0.0,0.0,0.0,46125.0
3705,arcadia_province,eastern_europe,3,5848.372041075495,0.0,5848.372041075495,45954.41854620993
3706,east_friesland_province,western_europe,4,569.046657074744,656.6377051611092,1225.6843622358533,45253.894907515336
3707,sado_province,east_asia,2,209.0385101237918,0.0,209.0385101237918,45235.168323889266
3708,wakhan_province,central_asia,4,0.0,157.8185967323672,157.8185967323672,45177.545921323916
3709,malemiut_province,north_america,5,0.0,0.0,0.0,45000.0
3710,naktsang_province,east_asia,3,0.0,0.0,0.0,45000.0
3711,kunovat_province,north_asia,4,0.0,0.0,0.0,45000.0
3712,guangyuan_province,east_asia,3,0.0,0.0,0.0,45000.0
3713,zangskar_province,east_asia,3,0.0,0.0,0.0,45000.0
3714,brecon_province,western_europe,3,201.88849671460065,3705.6091519166725,3907.4976486312735,44895.93485471018
3715,zhydachiv_province,eastern_europe,3,436.981571296973,8751.635509261489,9188.617080558462,44087.19421562827
3716,gotland_province,western_europe,3,2014.78076157054,0.0,2014.78076157054,43891.62835676686
3717,zatecko_province,western_europe,3,0.0,0.0,0.0,43875.0
3718,coastal_chuvan_province,north_asia,5,0.0,0.0,0.0,43875.0
3719,mountain_chuvan_province,north_asia,5,0.0,0.0,0.0,43875.0
3720,baoning_province,east_asia,3,598.9982900084307,0.0,598.9982900084307,43423.873076259486
3721,suwalki_province,eastern_europe,3,23.89944881019737,0.0,23.89944881019737,42776.88687991147
3722,north_farthing,western_europe,5,0.0,0.0,0.0,42750.0
3723,south_chuvan_province,north_asia,5,0.0,0.0,0.0,42750.0
3724,fakarava_province,pacific_islands,5,0.0,0.0,0.0,41625.0
3725,raeffsky_province,pacific_islands,5,0.0,0.0,0.0,41625.0
3726,erg_selima_province,east_africa,1,14848.029823430476,0.0,14848.029823430476,41454.03355135929
3727,upper_auvergne_province,western_europe,3,8.254751257164214,12834.208064675748,12842.462815932911,41447.77066792453
3728,leicestershire_province,western_europe,4,313.08401766911345,1821.163083192266,2134.2471008613793,40651.02798846905
3729,odenwald_province,western_europe,4,61.38961655889825,0.0,61.38961655889825,40569.06331862876
3730,dingri_province,east_asia,5,0.3010806018884046,0.0,0.3010806018884046,40500.33871567712
3731,tetepare_province,pacific_islands,2,0.0,4383.221627930139,4383.221627930139,39806.12433142141
3732,lomza_province,eastern_europe,5,54.84092331717973,0.0,54.84092331717973,39436.696038731825
3733,michikamau_province,north_america,5,0.0,0.0,0.0,39375.0
3734,tursujuq_province,north_america,5,0.0,0.0,0.0,39375.0
3735,lower_mackenzie_province,north_america,5,0.0,0.0,0.0,39375.0
3736,north_sahtu_province,north_america,5,0.0,0.0,0.0,39375.0
3737,north_alais_province,north_asia,5,0.0,0.0,0.0,39375.0
3738,east_koryak_province,north_asia,5,0.0,0.0,0.0,39375.0
3739,niue_province,pacific_islands,1,0.0,0.0,0.0,39375.0
3740,litomericko_province,western_europe,3,207.6018341963416,314.0752162229134,521.677050419255,38836.88668172166
3741,bergisches_land_province,western_europe,4,33.84176945455727,2371.596430084399,2405.438199538956,38706.11797448133
3742,ober_dem_manhartsberg_province,western_europe,4,258.4836901464552,0.0,258.4836901464552,38540.79415141476
3743,dudinka_province,north_asia,4,0.0,0.0,0.0,38250.0
3744,akele_guzai_province,east_africa,3,4694.839518188404,0.0,4694.839518188404,37906.69445796196
3745,sussex_province,western_europe,4,1416.5728531786363,0.0,1416.5728531786363,37593.64445982597
3746,frankenwald_province,western_europe,3,135.17927150928355,0.0,135.17927150928355,37277.07668044794
3747,bedfordshire_province,western_europe,2,214.90621813304438,0.0,214.90621813304438,36241.76949539967
3748,westmorland_province,western_europe,2,1014.6965284648035,8076.647838085661,9091.344366550464,36102.76241236927
3749,maldives_province,south_asia,4,0.0,0.0,0.0,36000.0
3750,purang_province,east_asia,4,0.0,0.0,0.0,36000.0
3751,ling_province,east_asia,4,0.0,0.0,0.0,36000.0
3752,spiti_province,east_asia,3,0.0,567.3682579824828,567.3682579824828,35513.28929023029
3753,sarregueminois_province,western_europe,4,564.1751146463727,0.0,564.1751146463727,35509.69700397717
3754,naklo_province,eastern_europe,3,3172.957673445453,0.0,3172.957673445453,35069.577382626136
3755,kamisak_province,north_america,4,0.0,0.0,0.0,34875.0
3756,kavagmiut_province,north_america,4,0.0,0.0,0.0,33750.0
3757,nganaa_nui_province,pacific_islands,4,0.0,0.0,0.0,33750.0
3758,izhma_province,eastern_europe,3,1.4682579600741654,395.65618940746737,397.1244473675415,33071.765003288485
3759,vannetais_province,western_europe,3,3701.6617361855638,183.13252220006575,3884.7942583856293,32495.393540683828
3760,thaolintoa_province,north_america,4,0.0,0.0,0.0,31500.0
3761,falklands_province,south_america,2,0.0,0.0,0.0,31500.0
3762,west_farthing,western_europe,4,0.0,0.0,0.0,31500.0
3763,nadym_province,north_asia,4,0.0,0.0,0.0,31500.0
3764,tlicho_province,north_america,4,0.0,0.0,0.0,31500.0
3765,wecho_province,north_america,4,0.0,0.0,0.0,31500.0
3766,choiseul_province,pacific_islands,1,0.0,17375.253909617637,17375.253909617637,30797.16064831984
3767,middle_settlement,western_europe,3,0.0,0.0,0.0,30375.0
3768,pyzdry_province,eastern_europe,3,4471.919570475589,0.0,4471.919570475589,28655.90951678504
3769,kumkol_province,east_asia,3,0.0,0.0,0.0,28125.0
3770,akimiski_province,north_america,3,0.0,0.0,0.0,28125.0
3771,huozhou_province,east_asia,3,411.36770810676785,0.0,411.36770810676785,27462.788671620114
3772,rekohu_province,australasia,1,0.0,0.0,0.0,27000.0
3773,dobrzyn_province,eastern_europe,3,1479.169530043608,0.0,1479.169530043608,25289.06572129906
3774,nottinghamshire_province,western_europe,3,446.43839179861754,0.0,446.43839179861754,25252.243190773443
3775,julich_province,western_europe,3,189.02281602683465,0.0,189.02281602683465,24962.65066803019
3776,yap_province,pacific_islands,3,0.0,0.0,0.0,24750.0
3777,middlesex_province,western_europe,3,193.73889286285896,0.0,193.73889286285896,23842.956254470715
3778,aono_raina_province,pacific_islands,3,0.0,0.0,0.0,23625.0
3779,nakchukha_province,east_asia,3,0.0,0.0,0.0,23625.0
3780,coppermine_province,north_america,3,0.0,0.0,0.0,23625.0
3781,lungkha_province,east_asia,3,0.0,0.0,0.0,23625.0
3782,arutua_province,pacific_islands,3,0.0,0.0,0.0,23625.0
3783,vorkuta_province,eastern_europe,3,0.0,0.0,0.0,23625.0
3784,obdorsk_province,north_asia,3,0.0,0.0,0.0,23625.0
3785,mangazeya_province,north_asia,3,0.0,0.0,0.0,23625.0
3786,voikar_province,north_asia,3,0.0,0.0,0.0,23625.0
3787,mwotlap_province,pacific_islands,2,0.0,0.0,0.0,21375.0
3788,nia_matai_ma_province,pacific_islands,1,0.0,0.0,0.0,20250.0
3789,te_henua_enana_province,pacific_islands,2,0.0,0.0,0.0,19125.0
3790,king_george_province,pacific_islands,2,0.0,0.0,0.0,16875.0
3791,mu_ngava_province,pacific_islands,1,0.0,0.0,0.0,16875.0
3792,worcestershire_province,western_europe,2,113.44101959077426,0.0,113.44101959077426,15877.621147039621
3793,temotu_province,pacific_islands,2,0.0,0.0,0.0,15750.0
3794,raro_matai_ma_province,pacific_islands,2,0.0,0.0,0.0,15750.0
3795,rangiroa_province,pacific_islands,2,0.0,0.0,0.0,15750.0
3796,pattiw_province,pacific_islands,2,0.0,0.0,0.0,15750.0
3797,tuvalu_province,pacific_islands,2,0.0,0.0,0.0,15750.0
3798,chuuk_province,pacific_islands,2,0.0,0.0,0.0,15750.0
3799,madeira_province,north_africa,1,1090.8049659236485,0.0,1090.8049659236485,9102.155586664105
3800,vava_province,pacific_islands,1,0.0,0.0,0.0,9000.0
3801,futuna_province,pacific_islands,1,0.0,0.0,0.0,9000.0
3802,bougainville_province,pacific_islands,1,0.0,0.0,0.0,9000.0
3803,pohnpei_province,pacific_islands,1,0.0,0.0,0.0,9000.0
3804,outter_islands_province,east_africa,1,0.0,0.0,0.0,7875.0
3805,tokelau_province,pacific_islands,1,0.0,0.0,0.0,7875.0
3806,hikueru_province,pacific_islands,1,0.0,0.0,0.0,7875.0
3807,mangareva_province,pacific_islands,1,0.0,0.0,0.0,7875.0
3808,tutuila_province,pacific_islands,1,0.0,0.0,0.0,7875.0
3809,nukutavake_province,pacific_islands,1,0.0,0.0,0.0,7875.0
3810,papakena_province,pacific_islands,1,0.0,0.0,0.0,7875.0
3811,laccadive_province,south_asia,1,0.0,0.0,0.0,7875.0
3812,belau_province,pacific_islands,1,0.0,0.0,0.0,7875.0
3813,saint_helena_province,south_atlantic_sub_continent,1,0.0,0.0,0.0,7875.0
3814,kosrae_province,pacific_islands,1,0.0,0.0,0.0,7875.0
3815,vauvau_province,pacific_islands,1,0.0,0.0,0.0,7875.0
3816,haorangi_province,pacific_islands,1,0.0,0.0,0.0,7875.0
3817,rapa_nui_province,pacific_islands,1,0.0,0.0,0.0,7875.0
3818,motu_maha_province,australasia,1,0.0,0.0,0.0,7875.0
3819,haapai_province,pacific_islands,1,0.0,0.0,0.0,7875.0
