global_rank,province,macro_region,location_count,maximum_irrigation_capacity_people,maximum_land_improvement_capacity_people,maximum_infrastructure_capacity_people,maximum_population_capacity_development_100_people
1,guenoa_province,south_america,9,174595.3247583008,21769317.52988728,21943912.85464558,22244912.85464558
2,upper_tocantins_province,south_america,11,362577.98585767555,14855901.787969552,15218479.773827227,15421479.773827227
3,ibera_province,south_america,11,279149.4810561609,12735123.767395027,13014273.248451188,13202273.248451188
4,upper_araguaia_province,south_america,10,173981.25193164457,11806781.198651122,11980762.450582767,12137762.450582767
5,bomokandi_province,central_africa,4,85842.70227385819,10593513.441226956,10679356.143500816,10868356.143500816
6,bena_province,central_africa,11,126276.90866134103,10202154.642779034,10328431.551440375,10798431.551440375
7,araguaia_province,south_america,11,347680.2861888135,9986635.504687335,10334315.790876148,10486315.790876148
8,kwango_province,central_africa,10,155038.27206242527,9338694.623221412,9493732.895283839,9933732.895283839
9,iowa_province,north_america,4,9573.677952926153,9455088.790216334,9464662.46816926,9576662.46816926
10,boali_province,central_africa,4,124110.71008029467,8237986.341077121,8362097.051157416,8537097.051157415
11,hia_ced_oodham_province,north_america,8,8127059.713030048,0.0,8127059.713030048,8320059.713030048
12,juruena_province,south_america,7,29139.877108102137,7991155.447005557,8020295.324113659,8115295.324113659
13,tacuru_province,south_america,10,273.5174276789169,7919584.571637458,7919858.089065136,8082858.089065136
14,bois_province,south_america,9,40329.29131946675,7639781.51398853,7680110.805307997,7820110.805307997
15,ji_parana_province,south_america,12,13540.120533185927,7509822.228311474,7523362.34884466,7655362.34884466
16,akimel_oodham_province,north_america,10,7079330.126290047,0.0,7079330.126290047,7652330.126290047
17,paraguay_province,south_america,15,62284.404317121705,7225151.102693652,7287435.507010773,7576435.507010773
18,kassai_province,central_africa,8,197126.92343087326,7031208.309821833,7228335.233252706,7481335.233252706
19,nodaway_province,north_america,3,4321.583303464855,7233825.802005296,7238147.38530876,7338147.38530876
20,peoria_province,north_america,5,9204.355672080852,7238649.475059096,7247853.830731177,7301853.830731177
21,meramec_province,north_america,7,41085.48091410231,7103238.737496004,7144324.218410106,7293324.218410106
22,apure_province,south_america,8,416762.8594645324,6696607.534036062,7113370.3935005935,7286370.3935005935
23,upper_tapajos_province,south_america,6,67055.09464558914,7071927.705603393,7138982.800248981,7230982.800248981
24,luxico_province,central_africa,7,249642.53041185465,6619892.444625082,6869534.975036937,7134534.975036937
25,cuiaba_province,south_america,7,28631.88215756108,6673499.109825946,6702130.991983508,6915130.991983508
26,mamore_province,south_america,11,118628.91113743054,6511200.349930994,6629829.261068424,6866829.261068424
27,tocantins_province,south_america,9,207842.84050566834,6317024.836502094,6524867.677007762,6657867.677007762
28,ibicui_province,south_america,6,151697.20618183655,6264128.322979983,6415825.52916182,6518825.52916182
29,matagalpa_province,north_america,7,25028.68022407014,6133267.6344177965,6158296.314641867,6429296.314641867
30,kadey_province,central_africa,4,41224.62952506807,6206524.059827669,6247748.689352736,6369748.689352736
31,suma_province,north_america,8,5935376.664800457,0.0,5935376.664800457,6368376.664800457
32,la_plata_province,south_america,12,744237.0405434463,5147861.269906227,5892098.310449673,6172098.310449673
33,tamaroa_province,north_america,5,39140.23225095779,5811527.683034304,5850667.915285261,6078667.915285261
34,djemah_province,central_africa,3,202296.4534242399,5690988.139557442,5893284.592981681,6010284.592981681
35,cahokia_province,north_america,5,38020.04753452229,5768904.249601057,5806924.297135579,5917924.297135579
36,lukenie_province,central_africa,8,28975.256580474976,5618959.208792064,5647934.46537254,5866934.46537254
37,mayangna_province,north_america,9,175805.97525190463,5435341.867455947,5611147.842707851,5861147.842707851
38,cameroon_plateau_province,central_africa,6,110656.22507314332,5592259.3314315025,5702915.556504645,5856915.556504645
39,kordofan_province,east_africa,10,5565869.938588465,0.0,5565869.938588465,5802869.938588465
40,yazoo_province,north_america,5,111958.97717016948,5612299.085010013,5724258.062180182,5766258.062180182
41,barinas_province,south_america,6,309171.1845158508,5233325.798638749,5542496.9831546,5732496.9831546
42,scioto_province,north_america,6,1615.6120051918306,5587819.8005055655,5589435.412510756,5687435.412510756
43,moingwena_province,north_america,3,7559.491675917396,5592531.2137211645,5600090.705397082,5652090.705397082
44,ulindi_province,east_africa,8,214303.26635691366,4552658.562406163,4766961.828763077,5604961.828763077
45,papamane_province,south_america,8,14605.503744070338,5449879.351082889,5464484.85482696,5575484.85482696
46,yopo_province,south_america,8,68687.07879186762,5153112.601040233,5221799.679832101,5495799.679832101
47,bandundu_province,central_africa,7,165227.30714121886,4997173.423225021,5162400.730366239,5479400.730366239
48,tanabi_province,south_america,4,4784.81521138476,5422874.179000723,5427658.994212108,5475658.994212108
49,lomami_province,central_africa,9,152240.8753417706,4964340.449043412,5116581.324385183,5383581.324385183
50,mineami_province,north_america,4,10809.231794332598,5133004.443725259,5143813.675519592,5229813.675519592
51,kuskatan_province,north_america,8,40285.083598752535,5066818.635784871,5107103.719383623,5209103.719383623
52,natchitoches_province,north_america,5,54955.22322525416,4978380.793154471,5033336.016379725,5077336.016379725
53,north_lunda_province,central_africa,6,123323.05098435016,4707026.7413350465,4830349.7923193965,4952349.7923193965
54,minnetonka_province,north_america,6,2112.5823420405004,4839714.458235191,4841827.040577232,4927827.040577232
55,icabaqua_province,south_america,5,88259.41068754824,4780593.505596729,4868852.916284277,4917852.916284277
56,natahende_province,north_america,9,4601219.1196225,0.0,4601219.1196225,4916219.1196225
57,hokah_province,north_america,5,36310.39283535963,4821794.566329573,4858104.959164932,4914104.959164932
58,pokemaga_province,north_america,6,18470.47672755801,4745493.701509955,4763964.178237514,4908964.178237514
59,imabite_province,north_america,7,233397.93977474046,4061360.307439487,4294758.247214228,4812758.247214228
60,kishwaukee_province,north_america,4,6754.258854063576,4675774.971587062,4682529.230441125,4760529.230441125
61,mearim_province,south_america,9,166400.37270759552,4398911.622042882,4565311.994750477,4757311.994750477
62,upper_guapore_province,south_america,8,9224.040356782984,4525125.366991811,4534349.407348594,4749349.407348594
63,cholistan_province,south_asia,11,4059479.9578381516,0.0,4059479.9578381516,4675479.957838152
64,curuai_province,south_america,9,100482.35884376,4199238.861931546,4299721.220775306,4659721.220775305
65,chucalissa_province,north_america,4,76744.03373615765,4500025.287747842,4576769.321484,4635769.321484
66,sanaga_province,central_africa,4,14125.221140055855,4495349.837069223,4509475.058209279,4621475.058209279
67,cochimi_province,north_america,5,4482431.687329884,0.0,4482431.687329884,4611431.687329884
68,towosaghy_province,north_america,4,105473.31112515458,4420693.667522183,4526166.978647336,4598166.978647336
69,hwalbay_province,north_america,6,4169800.089299294,0.0,4169800.089299294,4594800.089299294
70,taquari_province,south_america,6,10038.29890343507,4374179.300270499,4384217.599173933,4592217.599173933
71,kalamazoo_province,north_america,5,22222.2248854494,4335637.507436493,4357859.732321943,4456859.732321943
72,yupangathi_province,australasia,9,16603.413474622463,4122539.3472177275,4139142.7606923496,4384142.76069235
73,wea_province,north_america,3,65.25722591636999,4292791.577629746,4292856.834855663,4325856.834855663
74,ocheyedan_province,north_america,3,9007.46588134529,4211066.066355713,4220073.532237058,4293073.532237058
75,atchakangouen_province,north_america,4,7302.863859082765,4170728.8704247065,4178031.734283789,4211031.734283789
76,yinggarda_province,australasia,7,4081731.575123189,0.0,4081731.575123189,4194731.575123189
77,chuapa_province,central_africa,5,8379.07215337921,4042846.954912037,4051226.0270654163,4131226.0270654163
78,neosho_province,north_america,4,91178.65897285887,3881700.016750074,3972878.6757229324,4094878.675722933
79,uberaba_province,south_america,5,3667.485642789324,4005307.9114054716,4008975.397048261,4086975.397048261
80,northern_sindh_province,south_asia,10,3804465.150235602,0.0,3804465.150235602,4086465.150235602
81,mengakonkia_province,north_america,3,36258.0479931689,3969011.2898343,4005269.337827469,4038269.337827469
82,east_lekumu_province,central_africa,5,50241.50020935327,3870760.575279955,3921002.075489308,4024002.075489308
83,kaskinampo_province,north_america,9,16705.466647336503,3912354.115190039,3929059.5818373756,4018059.5818373756
84,pantanal_province,south_america,5,14099.483940189584,3891004.094927342,3905103.578867532,3984103.578867532
85,kinhasa_province,central_africa,9,140657.46137723353,3110028.873899016,3250686.3352762493,3977686.3352762493
86,xingu_province,south_america,3,32022.886016857883,3868499.766904303,3900522.652921161,3937522.6529211607
87,guwevkabaya_province,north_america,8,3499391.1817811322,0.0,3499391.1817811322,3916391.1817811322
88,macuxi_province,south_america,5,9208.356383176633,3717833.91526742,3727042.2716505965,3854042.2716505965
89,mamullmapu_province,south_america,10,3645849.9941419335,0.0,3645849.9941419335,3851849.9941419335
90,pindare_province,south_america,7,82617.85292223973,3621405.4396198727,3704023.292542112,3844023.292542112
91,sanjiang_province,east_asia,5,34601.6565474622,3725946.8401200175,3760548.49666748,3839548.49666748
92,wapinippi_province,north_america,3,1705.3327173283633,3784726.5867088214,3786431.9194261497,3821431.9194261497
93,mudan_province,east_asia,6,1019.8439292994539,3658160.4077778235,3659180.251707123,3732180.251707123
94,sandusky_province,north_america,4,18601.281117202085,3639254.2072573327,3657855.488374535,3715855.488374535
95,nandeva_province,south_america,6,21557.378697164615,3582925.4881422045,3604482.8668393693,3704482.8668393693
96,kentucky_province,north_america,4,5688.651207030004,3599952.794339743,3605641.4455467733,3683641.4455467733
97,kanawha_province,north_america,9,815.1840481733204,3574384.7413776238,3575199.925425797,3664199.925425797
98,cameroon_ridge_province,central_africa,6,126392.55129490187,3304841.7014251314,3431234.2527200337,3613234.2527200337
99,north_moxico_province,central_africa,16,344544.4881745885,2142503.1306925253,2487047.6188671137,3594047.6188671137
100,natchez_province,north_america,3,26310.1792714314,3511657.2564709918,3537967.435742423,3572967.435742423
101,upper_songhua_province,east_asia,6,2978.718181963367,3470452.6193692368,3473431.3375512003,3555431.3375512003
102,pacaha_province,north_america,3,267281.51424308855,3226028.8147896184,3493310.329032707,3530310.329032707
103,derajat_province,south_asia,12,2942737.532472558,0.0,2942737.532472558,3486737.5324725583
104,mendota_province,north_america,3,2504.3745696122514,3400333.878012959,3402838.2525825715,3444838.2525825715
105,checagou_province,north_america,3,15869.454036421037,3293946.955172228,3309816.4092086493,3422816.4092086493
106,coyaima_province,south_america,7,27132.671805428483,3033532.5307170283,3060665.202522457,3419665.202522457
107,umbindhamu_province,australasia,9,0.0,2930098.900634302,2930098.900634302,3413098.900634302
108,south_darfur_province,east_africa,7,3112876.9545400464,0.0,3112876.9545400464,3385876.9545400464
109,dadi_dadi_province,australasia,9,3045951.199795926,0.0,3045951.199795926,3374951.199795926
110,mitchigamea_province,north_america,3,66135.22391519521,3276172.684122077,3342307.9080372723,3374307.9080372723
111,tahejoc_province,north_america,8,3019197.184016723,0.0,3019197.184016723,3371197.184016723
112,meskousing_province,north_america,4,12269.153840644387,3318586.809821528,3330855.9636621727,3363855.9636621727
113,lewekomi_province,north_america,3,14076.441902269997,3268066.381016676,3282142.822918946,3354142.822918946
114,suchiimma_province,south_america,10,485387.15454655414,2588999.1758682774,3074386.3304148316,3352386.3304148316
115,hulan_province,east_asia,5,10681.615812999815,3153556.156695596,3164237.772508596,3320237.772508596
116,lower_bureya_province,east_asia,7,3446.8686446353217,3179665.1112039844,3183111.9798486196,3301111.9798486196
117,paranaiba_province,south_america,12,511269.1236726745,2344556.80789355,2855825.931566225,3294825.931566225
118,cadegomo_province,north_america,5,3175457.8477622485,0.0,3175457.8477622485,3258457.8477622485
119,madeira_brazil_province,south_america,7,33698.139010269144,3103887.6416819147,3137585.780692184,3244585.780692184
120,millioke_province,north_america,4,15617.088914793874,3157442.767965763,3173059.856880557,3203059.856880557
121,piankeshaw_province,north_america,3,8472.384004559677,3156042.9458547523,3164515.3298593117,3191515.3298593117
122,dingliao_province,east_asia,6,2786.473701027478,2977129.5594485225,2979916.03314955,3174916.03314955
123,suzhou_province,east_asia,6,52362.45291714945,1155345.557749609,1207708.0106667583,3162708.0106667588
124,katagalugan_province,south_east_asia,11,65580.04702507397,2169321.1277022786,2234901.174727353,3159901.174727353
125,zinacantan_province,north_america,7,27952.370245227743,3010151.221655052,3038103.5919002797,3156103.5919002797
126,charquis_province,north_america,3,43009.28137810938,3056050.8598865406,3099060.14126465,3155060.14126465
127,kankakee_province,north_america,3,8859.519653701867,3123611.403856863,3132470.9235105645,3153470.9235105645
128,higuey_province,north_america,6,73974.86218766504,2586931.824332448,2660906.686520113,3151906.686520113
129,chickasaw_province,north_america,6,76091.2099095885,3029046.405727576,3105137.6156371646,3151137.6156371646
130,chadimapu_province,south_america,15,2700542.4211231074,0.0,2700542.4211231074,3133542.421123107
131,nekokiaw_province,north_america,5,34444.327301231075,2698419.2427628716,2732863.5700641028,3129863.5700641028
132,marwar,south_asia,9,2359885.960710479,0.0,2359885.960710479,3119885.960710479
133,guapore_province,south_america,6,17238.639717818645,3009448.764454319,3026687.404172138,3103687.404172138
134,nishnabotna_province,north_america,3,22186.20903906958,3014196.0584262027,3036382.2674652725,3101382.2674652725
135,zaklohpakab_province,north_america,4,145115.9650921416,2785463.3174553756,2930579.282547517,3074579.282547517
136,imbau_province,south_america,5,0.0,3010369.1438824474,3010369.1438824474,3067369.1438824474
137,mojave_province,north_america,5,2902246.417196112,0.0,2902246.417196112,3058246.417196112
138,tchokana_province,north_america,6,2882243.895800467,0.0,2882243.895800467,3054243.895800467
139,lower_moshiko_province,central_africa,8,337448.0293831137,2225189.2926640855,2562637.322047199,3034637.322047199
140,moyen_ogoowe_province,central_africa,7,2073.194737626563,2724897.6328302,2726970.827567826,3033970.827567826
141,cuyahoga_province,north_america,4,4033.0251728974945,2947172.0824596277,2951205.1076325253,3015205.1076325253
142,paramaribo_province,south_america,8,0.0,2763919.757739916,2763919.757739916,3011919.757739916
143,itapecuru_province,south_america,5,166108.9141086424,2713818.270687341,2879927.184795984,3007927.184795984
144,ciwat_province,north_america,3,13309.90405456733,2905501.7058414673,2918811.6098960345,3001811.6098960345
145,ogoowe_benje_province,central_africa,9,1492.6956693473078,2806740.0170483217,2808232.712717669,2999232.712717669
146,cayas_province,north_america,4,62350.34837484985,2871559.774032149,2933910.1224069986,2997910.1224069986
147,chequamegon_province,north_america,5,8125.440762010958,2864192.961078785,2872318.4018407958,2995318.4018407958
148,minitig_province,north_america,11,3355.7759606836917,2533460.118206463,2536815.8941671466,2992815.8941671466
149,jacui_province,south_america,6,28895.368225946808,2854706.2211308507,2883601.5893567977,2976601.5893567977
150,mindanao_province,south_east_asia,9,44886.143399967455,2727429.0627233656,2772315.206123333,2960315.206123333
151,colombayma_province,south_america,8,9495.887635912388,2718356.404361955,2727852.2919978676,2956852.2919978676
152,yadhaigana_province,australasia,7,14678.260259277784,2706243.6453792057,2720921.9056384834,2948921.9056384834
153,east_igbo_province,west_africa,6,55413.28363870374,2666331.178675386,2721744.4623140898,2929744.4623140898
154,nyanga_province,central_africa,7,17241.387339848545,2186586.3130568466,2203827.700396695,2921827.700396695
155,chiquitania_province,south_america,11,5396.588087272703,2574744.280652497,2580140.86873977,2916140.86873977
156,tangwang_province,east_asia,4,1841.4106144677496,2885622.4725066433,2887463.883121111,2915463.883121111
157,lukassi_province,central_africa,9,198013.66003265456,2191161.0322171603,2389174.692249815,2914174.692249815
158,djabuganjdji_province,australasia,9,0.0,2667750.1510121906,2667750.1510121906,2912750.1510121906
159,atacames_province,south_america,6,15462.56765356653,2725875.526439564,2741338.0940931304,2900338.0940931304
160,chemewevi_province,north_america,6,2648795.289897435,0.0,2648795.289897435,2887795.289897435
161,jangladesh,south_asia,11,2552339.6168448883,0.0,2552339.6168448883,2882339.616844889
162,catahoula_province,north_america,3,49220.26423024792,2753407.0987987826,2802627.36302903,2873627.36302903
163,kpelle_province,west_africa,4,68405.89798359323,2693384.7958286763,2761790.6938122697,2869790.6938122697
164,headdhetanwan_province,north_america,3,88315.24592594946,2669230.4162720176,2757545.662197967,2860545.662197967
165,havana_province,north_america,11,453287.09849800915,1968074.9871848447,2421362.085682854,2855362.085682854
166,maniani_province,north_america,4,22616.84666887038,2671529.965069143,2694146.8117380138,2850146.8117380138
167,ouachita_province,north_america,6,42870.086528855136,2721876.643965986,2764746.7304948415,2842746.7304948415
168,upper_non_province,east_asia,6,1381.6607564066326,2798422.409756335,2799804.070512742,2841804.070512742
169,paraiba_province,south_america,7,2396173.280541637,0.0,2396173.280541637,2823173.280541637
170,purnia_province,south_asia,6,595091.9985091568,1292539.2333514465,1887631.2318606032,2821631.231860603
171,bindal_province,australasia,10,371903.6883841717,1987956.9927900394,2359860.681174211,2820860.681174211
172,essequibo_province,south_america,5,0.0,2681812.1450828956,2681812.1450828956,2813812.1450828956
173,siyathemba_province,southern_africa,6,2655769.040206853,0.0,2655769.040206853,2803769.040206853
174,cumaribo_province,south_america,5,13631.895628710321,2731267.2322804765,2744899.1279091868,2800899.1279091868
175,cuauhtemallan_province,north_america,5,41165.10812102519,2504088.4068368976,2545253.514957923,2800253.514957923
176,nechi_province,south_america,9,15264.617900250518,2528971.0220113774,2544235.639911628,2796235.6399116283
177,north_sangha_province,central_africa,5,18566.44655646425,2630349.7245052652,2648916.171061729,2795916.171061729
178,dan_province,west_africa,3,119951.60966782941,2447324.548575346,2567276.1582431756,2789276.1582431756
179,baro_bhuyan_province,south_asia,11,246335.62828380134,1767427.9048938227,2013763.5331776242,2786763.533177624
180,tah_itza_province,north_america,5,255220.66307459478,2372230.9876338034,2627451.6507083983,2780451.6507083983
181,cacaxtles_province,north_america,8,2232965.8487643613,0.0,2232965.8487643613,2774965.848764361
182,arua_province,south_america,7,135335.70251104937,2297905.2742935633,2433240.9768046127,2772240.9768046127
183,ivai_province,south_america,5,411.3499456380913,2693742.856672444,2694154.206618082,2772154.206618082
184,aniyutsi_province,north_america,4,6941.147234093045,2708282.6560404487,2715223.8032745416,2767223.803274542
185,guinean_coast_province,west_africa,6,528926.5076312214,2000065.6599162084,2528992.16754743,2756992.16754743
186,huangzhou_province,east_asia,9,2946.5564263927945,2006883.329996326,2009829.8864227189,2745829.886422719
187,kakol_kiej_province,north_america,4,95428.3048830296,2126397.004069551,2221825.30895258,2745825.30895258
188,south_benin_province,west_africa,7,56142.012429135415,2025245.8425966064,2081387.8550257417,2738387.8550257417
189,sirhan_province,middle_east,7,2602616.174524789,0.0,2602616.174524789,2726616.174524789
190,iboina_province,east_africa,10,182945.745443101,2028872.1892106244,2211817.9346537255,2715817.9346537255
191,anilco_province,north_america,4,80114.55880438705,2602094.053169405,2682208.611973792,2710208.611973792
192,mbanza_kongo_province,central_africa,8,126311.74598337176,2415517.0103971986,2541828.7563805706,2685828.7563805706
193,tagloc_province,south_east_asia,8,18504.23601582956,2083503.5084164264,2102007.7444322556,2683007.7444322556
194,taif_province,middle_east,8,2539613.5125352805,0.0,2539613.5125352805,2680613.5125352805
195,mathoskabde_province,north_america,4,1526.474854859534,2607396.2134778025,2608922.688332662,2675922.688332662
196,orayvi_province,north_america,9,2191814.8430348,0.0,2191814.8430348,2670814.8430348
197,talisi_province,north_america,6,9342.52183128169,2600333.9584064824,2609676.4802377643,2668676.4802377643
198,tsoto_province,north_america,5,70302.87869827138,2449175.638896338,2519478.5175946094,2656478.5175946094
199,south_sangha_province,central_africa,5,105171.67002062996,2032387.9982956862,2137559.6683163163,2641559.6683163163
200,bettiah_province,south_asia,6,296521.43655237573,1798791.274575395,2095312.7111277706,2641312.711127771
201,capachequi_province,north_america,6,68698.09919666234,2510527.838234801,2579225.9374314635,2639225.9374314635
202,yoli_province,north_america,13,1763431.5396834663,0.0,1763431.5396834663,2637431.5396834663
203,shamokin_province,north_america,8,1468.978983374186,2489345.505919227,2490814.484902601,2612814.484902601
204,cirebon_province,south_east_asia,7,66688.43760963978,1065762.2600272265,1132450.6976368662,2612450.6976368665
205,gorakhpur_province,south_asia,6,370085.35973500425,1804251.0448364504,2174336.4045714545,2606336.4045714545
206,pikunmapu_province,south_america,15,637988.736195367,1178833.8866584941,1816822.6228538612,2592822.622853861
207,bulbancha_province,north_america,4,21934.515600013507,2522751.490430109,2544686.0060301227,2587686.0060301227
208,upper_sindh_province,south_asia,6,2515040.141024221,0.0,2515040.141024221,2571040.141024221
209,lower_sindh_province,south_asia,10,2391073.197166868,0.0,2391073.197166868,2564073.197166868
210,ciid_province,east_africa,6,2452878.7333087707,0.0,2452878.7333087707,2558878.7333087707
211,bari_doab_province,south_asia,8,2342757.808157758,0.0,2342757.808157758,2552757.808157758
212,haud_province,east_africa,10,2159328.317680425,0.0,2159328.317680425,2541328.317680425
213,lualaba_province,central_africa,9,336146.2215550218,1904581.6937502255,2240727.915305247,2538727.915305247
214,wassulu_province,west_africa,4,433991.461488676,1971882.2962076778,2405873.757696354,2532873.757696354
215,cootcla_province,north_america,6,9974.35286486528,2468739.694491634,2478714.0473564994,2532714.0473564994
216,merina_province,east_africa,7,100993.96916020359,1850892.9526721004,1951886.921832304,2482886.921832304
217,niagara_province,north_america,5,11178.06571767338,2343355.3376059746,2354533.403323648,2482533.403323648
218,atbai_province,east_africa,5,2370674.0136493165,0.0,2370674.0136493165,2468674.0136493165
219,central_visayas_province,south_east_asia,4,16621.73200400763,1228689.1356582483,1245310.8676622561,2455310.867662256
220,ogoowe_ivindo_province,central_africa,5,3432.2505747280534,2303044.230141519,2306476.480716247,2448476.480716247
221,aksu_province,east_asia,7,2127554.530751768,120388.85594992965,2247943.386701698,2433943.386701698
222,bahraich_province,south_asia,5,355142.4156851907,1670433.4888473442,2025575.9045325348,2433575.9045325345
223,darbhanga_province,south_asia,6,328800.7912352495,1727913.9580974267,2056714.7493326762,2429714.749332676
224,sangmelima_province,central_africa,5,11.955201206693657,2358523.2736631758,2358535.2288643825,2426535.2288643825
225,ganatchio_province,north_america,4,3694.206277628754,2265903.133159846,2269597.3394374745,2425597.3394374745
226,panama_province,north_america,8,19736.236155672646,1918395.150126921,1938131.3862825937,2417131.386282594
227,mbalundu_province,central_africa,8,220602.2362079073,1821922.6188003204,2042524.8550082278,2416524.8550082278
228,nuomin_province,east_asia,5,21026.92720547502,2281519.313646676,2302546.240852151,2409546.240852151
229,lower_non_province,east_asia,6,84275.79255212324,2135056.9710989133,2219332.763651036,2399332.7636510367
230,mahkato_province,north_america,6,55106.997987256764,2102353.660200166,2157460.658187423,2398460.658187423
231,prey_nokor_province,south_east_asia,6,136902.22171864592,1813806.1413472001,1950708.3630658458,2382708.363065846
232,bahr_al_jabal_province,east_africa,8,832598.8410180203,1217959.9783528182,2050558.8193708386,2375558.8193708383
233,chubut_province,south_america,10,1057531.9002988848,694408.7787962058,1751940.6790950906,2354940.6790950904
234,azamgarh_province,south_asia,6,620314.5550470199,1013045.0425289695,1633359.5975759893,2349359.5975759896
235,magua_province,north_america,8,76444.64531016657,1585374.4127544628,1661819.058064629,2319819.0580646293
236,oceko_sipiy_province,north_america,5,10585.195193816398,2219143.83987136,2229729.0350651764,2314729.0350651764
237,erie_province,north_america,6,2301.6802818710958,2252619.7342653875,2254921.414547259,2308921.414547259
238,eseka_province,west_africa,5,5266.271972625405,2181259.150690117,2186525.4226627424,2300525.4226627424
239,nemadji_province,north_america,4,16100.042649866147,1827128.1610836096,1843228.2037334756,2284228.203733476
240,otolum_province,north_america,4,157642.03839920726,1958930.472789712,2116572.511188919,2280572.511188919
241,burugardi_province,australasia,8,91189.99766732479,1995448.4988713018,2086638.4965386265,2277638.4965386265
242,butalmapu_province,south_america,5,316081.85872703756,1828066.959102294,2144148.8178293314,2277148.8178293314
243,sibi_province,south_asia,9,2104696.450814939,0.0,2104696.450814939,2266696.450814939
244,shebelle_province,east_africa,7,1895076.9839599556,0.0,1895076.9839599556,2266076.9839599556
245,wangkamana_province,australasia,7,2038778.876236763,0.0,2038778.876236763,2265778.876236763
246,xoo_province,southern_africa,4,1965270.5094390125,0.0,1965270.5094390125,2262270.5094390125
247,cocamas_province,south_america,7,1507.2906707815687,2016518.9783188452,2018026.2689896268,2257026.268989627
248,jaragua_province,north_america,9,130204.90685699886,1778588.6265746802,1908793.5334316792,2248793.533431679
249,piquiri_province,south_america,7,0.0,1954567.3530808373,1954567.3530808373,2243567.353080837
250,ader_province,west_africa,6,2133027.6799312043,0.0,2133027.6799312043,2236027.6799312043
251,chinook_province,north_america,5,112715.48092913452,2001555.671904546,2114271.1528336806,2233271.1528336806
252,futa_jalon_province,west_africa,6,78142.33024013639,2055793.8781662534,2133936.2084063897,2232936.2084063897
253,timucua_province,north_america,4,135885.34941954515,1727154.8009797437,1863040.150399289,2220040.150399289
254,sacramento_province,north_america,5,1537017.1616660417,485369.11656857445,2022386.2782346164,2216386.2782346164
255,southern_highland_province,south_east_asia,5,75129.3827402489,2092635.308640008,2167764.691380257,2215764.691380257
256,hawaastatkiicu_province,north_america,6,2028346.829319334,0.0,2028346.829319334,2214346.8293193337
257,tkaronto_province,north_america,6,7186.344708356251,2101479.752172999,2108666.096881355,2204666.096881355
258,west_lekumu_province,central_africa,4,62210.87077764826,2021207.7194335843,2083418.5902112327,2197418.5902112327
259,tehuantepec_province,north_america,5,145031.43069595372,1909824.8052618545,2054856.235957808,2188856.235957808
260,upper_kagera_province,east_africa,5,94627.80982664744,840736.7134340886,935364.523260736,2183364.523260736
261,xun_province,southern_africa,7,1971903.8225845885,0.0,1971903.8225845885,2180903.8225845885
262,raipur_garjats,south_asia,11,1388152.3896417862,10615.118386637323,1398767.5080284234,2168767.5080284234
263,boriken_province,north_america,6,52594.38667277025,1629901.504794838,1682495.891467608,2167495.891467608
264,jinhua_province,east_asia,7,5352.110463284744,649626.4342334423,654978.5446967271,2164978.544696727
265,karegnondi_province,north_america,4,26210.794894052637,1956549.6741100228,1982760.4690040753,2164760.4690040755
266,ouaka_province,central_africa,5,251890.45760342138,1811017.2497988031,2062907.7074022247,2160907.7074022247
267,akokisa_province,north_america,5,87817.82464526816,1489067.5293179024,1576885.3539631707,2160885.3539631707
268,gana_province,southern_africa,5,2060635.9229153418,0.0,2060635.9229153418,2159635.922915342
269,miranda_province,south_america,6,0.0,1838346.8911840883,1838346.8911840883,2156346.8911840883
270,waawiiyaataanong_province,north_america,4,18686.32219340247,1957527.250542252,1976213.5727356547,2149213.5727356547
271,pahang_province,south_east_asia,5,9720.410282071174,2098369.189446597,2108089.599728668,2144089.599728668
272,chawasha_province,north_america,3,8603.255523040443,2025406.7486022878,2034010.0041253283,2141010.0041253283
273,khairabad_province,south_asia,5,387441.3846932962,1033695.9584187501,1421137.3431120464,2140137.3431120464
274,northern_yokut_province,north_america,5,1473625.6446268042,328131.17458897876,1801756.819215783,2137756.819215783
275,muling_province,east_asia,5,19980.282761555303,1598804.0131932255,1618784.2959547807,2128784.2959547807
276,boojwiikwedong_province,north_america,5,23372.65323017281,2037545.325522797,2060917.9787529698,2123917.9787529698
277,sumbawa_province,south_east_asia,8,58630.896306578186,1678375.4130154229,1737006.3093220012,2118006.3093220014
278,badimala_province,australasia,8,1733128.6180523168,0.0,1733128.6180523168,2113128.618052317
279,bure_province,west_africa,4,358778.28537507297,1617311.0643086089,1976089.349683682,2111089.349683682
280,inner_iboina_province,east_africa,6,86968.53636374522,1852328.9681682875,1939297.5045320329,2094297.5045320329
281,itapeva_province,south_america,6,418.9577129395505,1916527.5966467788,1916946.5543597182,2085946.5543597182
282,pajang_province,south_east_asia,6,67789.32714241491,1572073.2364548517,1639862.5635972666,2085862.5635972666
283,ceibal_province,north_america,6,29888.220433017726,1716009.2596985493,1745897.480131567,2083897.480131567
284,coatzacoalco_province,north_america,5,90098.87712356333,1478203.8378123958,1568302.714935959,2069302.7149359593
285,chittagong_province,south_east_asia,7,79289.07853183374,1170010.437820193,1249299.5163520267,2066299.5163520267
286,lower_tapajos_province,south_america,6,46920.25229165194,1625521.6696461346,1672441.9219377865,2064441.9219377867
287,nadia_province,south_asia,7,287380.85453653615,774704.3308247721,1062085.1853613083,2054085.1853613083
288,hogohega_province,north_america,5,809.7574776097872,2000546.7604972855,2001356.5179748954,2051356.5179748954
289,wenro_province,north_america,5,4712.558040639509,1979859.4411977911,1984571.9992384305,2048571.9992384305
290,parita_province,north_america,6,10261.60623627256,1739756.4269608706,1750018.033197143,2046018.033197143
291,west_qassim_province,middle_east,6,1849829.2941386076,0.0,1849829.2941386076,2044829.2941386076
292,lower_butana_province,east_africa,4,1900601.7493615898,0.0,1900601.7493615898,2035601.7493615898
293,shaoxing_province,east_asia,7,998.2474557001323,719153.9487661213,720152.1962218215,2035152.1962218215
294,khalifatabad_province,south_asia,7,192893.64543042236,1007835.9191755016,1200729.5646059238,2033729.5646059238
295,shiewhibak_province,north_america,12,1157360.0111961358,108941.10993391807,1266301.121130054,2033301.121130054
296,kanaky_province,pacific_islands,10,0.0,1466208.3085596205,1466208.3085596205,2033208.3085596205
297,pegu_province,south_east_asia,6,342565.69369998976,985137.3356137752,1327703.029313765,2031703.029313765
298,yao_province,central_africa,5,1768657.553961338,0.0,1768657.553961338,2026657.553961338
299,mymensingh_province,south_asia,6,178208.43057648133,1444322.0967659296,1622530.5273424108,2026530.5273424108
300,pampanga_province,south_east_asia,7,90055.54397699841,1710780.19422645,1800835.7382034485,2022835.7382034485
301,udakh_province,middle_east,6,1841473.7590352066,0.0,1841473.7590352066,2021473.7590352066
302,west_igbo_province,west_africa,7,81118.97916973985,1410532.1597823445,1491651.1389520846,2020651.1389520844
303,chattarawa_province,north_america,4,398.2907264271634,1952041.975480117,1952440.266206544,1996440.266206544
304,kath_province,central_asia,6,1901688.9423546086,0.0,1901688.9423546086,1994688.9423546086
305,tonkawa_province,north_america,9,1749118.5136597485,0.0,1749118.5136597485,1993118.5136597485
306,kitaish_province,north_america,6,324363.2961548264,1485756.7503332102,1810120.0464880369,1992120.0464880366
307,sakwatamau_province,north_america,5,19877.700762033586,1766109.821607314,1785987.5223693475,1991987.5223693475
308,mysore_plateau,south_asia,14,768269.4231700744,362162.73508060235,1130432.1582506767,1989432.1582506767
309,eastern_adamawa_province,central_africa,6,243010.93936493804,1532757.2663854924,1775768.2057504305,1986768.2057504307
310,southern_yokut_province,north_america,6,1498524.6105428038,32230.883960541367,1530755.494503345,1982755.494503345
311,takrur_province,west_africa,7,1845300.8602190828,0.0,1845300.8602190828,1981300.8602190828
312,quines_province,south_america,15,1565835.723958551,0.0,1565835.723958551,1978835.723958551
313,kivu_province,east_africa,5,53486.45055956303,1424001.4353337018,1477487.8858932648,1975487.8858932648
314,devkot_province,south_asia,5,312708.3171862737,1221571.9272848538,1534280.2444711276,1974280.2444711276
315,bogra_province,south_asia,5,171349.37288422816,1443125.0322793834,1614474.4051636118,1964474.4051636118
316,kitchissippi_province,north_america,8,2659.3708088802937,1681886.7976599622,1684546.1684688425,1959546.1684688425
317,coligua_province,north_america,3,94350.87317421415,1836555.1986373432,1930906.0718115575,1951906.0718115575
318,jaburrara_province,australasia,7,1716734.419990357,0.0,1716734.419990357,1950734.419990357
319,viye_province,central_africa,9,129279.38069805659,1300721.9651283557,1430001.3458264123,1941001.3458264123
320,djafara_province,north_africa,7,1823961.584490128,0.0,1823961.584490128,1940961.584490128
321,gao_province,west_africa,5,1609260.7324014467,0.0,1609260.7324014467,1933260.7324014464
322,ibalong_province,south_east_asia,6,13403.803939459924,1685666.190633805,1699069.9945732648,1931069.9945732648
323,utiangue_province,north_america,3,19156.71259371561,1864816.6640318884,1883973.376625604,1928973.376625604
324,paracatu_province,south_america,9,177453.42170524198,1286942.2529159144,1464395.6746211564,1927395.6746211564
325,winnipeg_province,north_america,5,5921.773902840187,1648102.6602241448,1654024.4341269848,1923024.4341269848
326,tumen_province,east_asia,6,885.5980620388855,1815287.7422642773,1816173.3403263162,1917173.3403263162
327,kofan_province,south_america,9,2394.6547113443285,1805058.6617278361,1807453.3164391804,1915453.3164391804
328,martaban_province,south_east_asia,6,258536.9554873422,800381.0505565313,1058918.0060438735,1914918.0060438735
329,moron_province,north_america,8,505145.85208438506,1037072.81225149,1542218.6643358748,1912218.6643358748
330,rupa_rupa_province,south_america,7,317.77790848886764,1755982.7950342544,1756300.5729427433,1910300.5729427433
331,apalachee_province,north_america,4,28739.52496039713,1802748.6871953271,1831488.2121557242,1908488.2121557242
332,gowtano_province,north_america,5,34146.81843791391,1823880.0521486702,1858026.8705865843,1905026.8705865843
333,kalmyk_province,eastern_europe,7,1466495.9243773771,0.0,1466495.9243773771,1903495.9243773774
334,sulimana_province,west_africa,5,171754.12400166492,1616907.472807958,1788661.5968096228,1900661.5968096228
335,jequitinhonha_province,south_america,8,58547.4666470717,1647106.3151232873,1705653.7817703588,1900653.7817703588
336,magdalena_province,south_america,7,43520.712643671206,1627703.0389227946,1671223.751566466,1900223.751566466
337,butung_province,south_east_asia,6,93545.8860527242,1313399.5131243675,1406945.3991770917,1898945.3991770917
338,sonargaon_province,south_asia,6,140616.46189488107,976578.6004051785,1117195.0623000595,1896195.0623000595
339,jororo_province,north_america,4,125513.36399830898,1562196.814720777,1687710.178719086,1895710.178719086
340,muang_nakhon_province,south_east_asia,6,159288.6620098066,1612135.395354726,1771424.0573645325,1894424.0573645325
341,mah_hom_province,north_america,4,1784468.7559153421,0.0,1784468.7559153421,1893468.7559153421
342,koochiching_province,north_america,5,33395.65964122702,1752750.9934874398,1786146.6531286668,1891146.6531286668
343,dhundhar,south_asia,8,1305014.9070185346,0.0,1305014.9070185346,1885014.9070185346
344,marimba_province,central_africa,7,85454.787858583,1499592.3769844722,1585047.1648430552,1881047.1648430554
345,yingtian_province,east_asia,6,127980.91574395107,132348.91474575028,260329.8304897014,1878329.8304897014
346,jalpaiguri_province,south_asia,5,246878.58037712582,1361368.2573340393,1608246.8377111652,1874246.8377111652
347,sampit_province,south_east_asia,7,429.9309322600185,1756738.621175142,1757168.552107402,1874168.552107402
348,south_moxico_province,central_africa,17,345446.032889035,704751.6177446664,1050197.6506337014,1873197.6506337014
349,enugu_province,west_africa,6,155787.71098398554,1327975.8160236846,1483763.5270076701,1870763.5270076701
350,chicora_province,north_america,6,28809.679614290922,1742488.8801060223,1771298.5597203134,1864298.5597203134
351,potano_province,north_america,3,53665.669296908956,1765458.0619934094,1819123.7312903185,1861123.7312903185
352,waxhaw_province,north_america,5,4174.1985240831,1817559.7643459744,1821733.9628700577,1856733.9628700577
353,lalin_province,east_asia,6,38876.064298800266,1718329.1354372166,1757205.199736017,1855205.199736017
354,yuezhou_province,east_asia,5,8172.379548706473,1106866.1962660116,1115038.575814718,1855038.575814718
355,lizhou_province,east_asia,8,18374.528681557953,1607068.5154510336,1625443.0441325917,1854443.0441325917
356,abihka_province,north_america,6,888.555463707223,1689628.3418589383,1690516.8973226454,1851516.8973226454
357,marajoara_province,south_america,6,57369.03334584657,1681933.966416976,1739302.9997628224,1850302.9997628224
358,north_betsimisaraka_province,east_africa,8,45452.40239713535,1551851.6602661838,1597304.062663319,1846304.062663319
359,saponi_province,north_america,5,9566.617014788193,1801103.321384049,1810669.9383988373,1845669.9383988373
360,khiva_province,central_asia,7,1680317.1406490838,0.0,1680317.1406490838,1845317.1406490838
361,meghalaya_province,south_asia,8,32557.602434386474,1243374.537136242,1275932.1395706285,1842932.1395706288
362,bangweulu_province,central_africa,9,382335.554370783,598937.2599801135,981272.8143508965,1841272.8143508965
363,jingzhou_province,east_asia,7,86929.94188926839,838183.5185552526,925113.4604445209,1841113.460444521
364,peam_province,south_east_asia,4,87993.71360524432,1247073.3733788333,1335067.0869840775,1840067.0869840775
365,pehuenmapu_province,south_america,10,1027791.0597929449,240201.941910828,1267993.001703773,1835993.001703773
366,manga_province,west_africa,5,1651710.1987658679,0.0,1651710.1987658679,1832710.1987658679
367,pikwedina_province,north_america,6,25427.87898419765,1601744.9549234712,1627172.8339076687,1830172.8339076687
368,upper_ruvuma_province,east_africa,5,288054.7971920429,1367394.502351778,1655449.2995438213,1829449.2995438213
369,chesapeake_province,north_america,5,110317.58535658762,652924.0921398478,763241.6774964355,1829241.6774964354
370,antemoro_province,east_africa,5,3888.849497739346,1623269.846363506,1627158.6958612453,1828158.6958612455
371,humar_province,east_asia,6,498.54007973693274,1781854.874370886,1782353.414450623,1827353.414450623
372,minganie_province,north_america,10,149.19274408842546,528030.7955825875,528179.988326676,1825179.988326676
373,kashgar_province,east_asia,8,1683899.1356157188,8155.22462376666,1692054.3602394855,1823054.3602394855
374,yaransk_province,eastern_europe,8,449.55183296509574,1506617.807718225,1507067.3595511902,1820067.3595511902
375,ogan_province,south_east_asia,7,5850.988396504234,1619462.8336997128,1625313.822096217,1816313.822096217
376,tsimihety_province,east_africa,5,43331.68715558262,1617454.625403251,1660786.3125588337,1815786.3125588337
377,bampur_province,middle_east,7,1728485.1742402406,0.0,1728485.1742402406,1812485.1742402406
378,oklatannap_province,north_america,3,22305.287908296137,1727587.8654709563,1749893.1533792526,1811893.1533792526
379,arguin_province,west_africa,6,1698665.9858297105,0.0,1698665.9858297105,1809665.9858297105
380,jiaxing_province,east_asia,3,4396.002303831963,314343.870585781,318739.8728896129,1806739.8728896128
381,ksour_province,north_africa,8,1428625.1450729207,0.0,1428625.1450729207,1806625.1450729207
382,mabila_province,north_america,4,6585.8262529104795,1730971.1495638166,1737556.9758167272,1805556.9758167272
383,gharbiyya_province,north_africa,6,479437.25444380223,0.0,479437.25444380223,1805437.2544438022
384,upper_bundelkhand_province,south_asia,10,1193241.6870750452,0.0,1193241.6870750452,1803241.6870750452
385,kansk_province,north_asia,6,6093.472910049633,1474985.301400019,1481078.7743100687,1803078.7743100687
386,sylhet_province,south_asia,6,79574.0804481674,1310123.2230681572,1389697.3035163248,1797697.3035163246
387,ucungo_province,east_africa,5,378071.6506158752,1342111.25957484,1720182.9101907155,1797182.9101907155
388,tochtepec_province,north_america,6,126914.2534542194,1073747.5224137749,1200661.7758679944,1796661.7758679944
389,sabarabucu_province,south_america,6,12808.719115996131,1616703.8378345075,1629512.5569505035,1796512.5569505035
390,champasak_province,south_east_asia,6,109538.97625350195,1508546.1235794735,1618085.0998329755,1796085.0998329755
391,quitu_province,south_america,11,2268.456333414636,1080371.3998439452,1082639.8561773596,1792639.8561773598
392,damara_province,southern_africa,5,1600697.628635062,0.0,1600697.628635062,1790697.628635062
393,lamanai_province,north_america,5,110648.85837648352,1494469.481217628,1605118.3395941115,1790118.3395941115
394,tanico_province,north_america,3,10290.68607742131,1745211.7119711956,1755502.398048617,1782502.398048617
395,haeju_province,east_asia,7,73219.16481085453,675648.473265892,748867.6380767466,1780867.6380767466
396,bayuda_province,east_africa,6,1677087.0500115454,0.0,1677087.0500115454,1779087.0500115454
397,manaos_province,south_america,10,3133.3410817821077,1422151.9162108207,1425285.2572926027,1770285.2572926027
398,upper_musi_province,south_east_asia,6,563.9224384805531,1600602.0372389485,1601165.959677429,1770165.959677429
399,lycoming_province,north_america,5,843.974994271254,1732914.2120603905,1733758.1870546616,1768758.1870546616
400,monacan_province,north_america,6,2607.7884258643735,1686821.0169416647,1689428.805367529,1768428.805367529
401,kinabatangan_province,south_east_asia,6,915.3375041615021,1647525.7887947257,1648441.1262988872,1767441.1262988872
402,amazon_province,south_america,9,39411.967593027024,1363894.7491903065,1403306.7167833336,1766306.7167833336
403,ruhunu,south_asia,6,119776.78840759426,1394458.2161080793,1514235.0045156737,1763235.0045156735
404,demak_province,south_east_asia,6,58493.39527999684,1239829.2993007698,1298322.6945807666,1760322.6945807666
405,songjiang_province,east_asia,3,10481.081959343172,776496.6253455767,786977.7073049198,1754977.7073049198
406,patna_province,south_asia,7,612774.910948772,0.0,612774.910948772,1751774.910948772
407,onondowaga_province,north_america,4,635.9195392742589,1709747.4958378007,1710383.4153770749,1751383.4153770749
408,panduranga_province,south_east_asia,5,122602.46029295248,1467773.1549246968,1590375.6152176491,1751375.6152176491
409,thammarat_province,south_east_asia,5,24032.727406918908,1627412.8882569203,1651445.6156638393,1740445.6156638393
410,ningguo_province,east_asia,6,2351.8188270836245,809552.2172824849,811904.0361095686,1738904.0361095686
411,tripura_province,south_asia,7,80758.75901208588,1196230.422635241,1276989.1816473268,1737989.1816473268
412,tapuy_province,south_america,6,9688.640057143271,1587344.4413698798,1597033.081427023,1737033.081427023
413,pakana_province,north_america,4,14973.869893869849,1684228.4629799845,1699202.3328738543,1736202.3328738543
414,niari_province,central_africa,6,28193.889488902158,1121676.4728708172,1149870.3623597194,1734870.3623597194
415,surabaya_province,south_east_asia,7,374799.2054203094,572684.8096229116,947484.015043221,1732484.015043221
416,hail_province,middle_east,6,1603087.1738730785,0.0,1603087.1738730785,1731087.1738730785
417,raozhou_province,east_asia,8,6652.240043365122,822139.4527839437,828791.6928273089,1729791.6928273088
418,rikuou_province,east_asia,7,1846.156401927079,848715.743668623,850561.9000705502,1728561.90007055
419,gaur_province,south_asia,5,137468.26758281674,1028526.1411097087,1165994.4086925255,1727994.4086925255
420,saginaw_province,north_america,4,110699.44292771077,1473771.80726015,1584471.250187861,1727471.250187861
421,tocantins_delta_province,south_america,5,7438.206226948717,1637455.6874946225,1644893.8937215712,1724893.8937215712
422,mara_province,east_africa,4,183235.73837594732,1222446.20877912,1405681.9471550672,1724681.9471550672
423,tulangbawang_province,south_east_asia,6,4568.495467810027,1569393.66020562,1573962.1556734303,1723962.1556734303
424,kale_province,south_east_asia,6,66305.9967508988,1550580.1895034073,1616886.1862543062,1723886.1862543062
425,muskingum_province,north_america,3,2.2500705300246393,1678070.3722264357,1678072.6222969657,1723072.6222969657
426,pensacola_province,north_america,4,918.603269189676,1456460.6176476253,1457379.220916815,1720379.220916815
427,shenandoah_province,north_america,4,2794.4509686730444,1671021.4380070153,1673815.8889756883,1719815.8889756883
428,caroni_province,south_america,6,90932.87759944677,1504591.4572109263,1595524.3348103734,1714524.3348103734
429,cuttaway_province,north_america,3,5581.582264871518,1654665.9825951955,1660247.5648600669,1714247.5648600669
430,zamboanga_province,south_east_asia,6,2856.4412263012437,1352134.5434924918,1354990.984718793,1713990.984718793
431,kufa_province,middle_east,6,1462948.398069356,0.0,1462948.398069356,1710948.398069356
432,ar_rayn_province,middle_east,6,1536849.543674163,0.0,1536849.543674163,1708849.543674163
433,jubaland_province,east_africa,7,1223984.9820011193,0.0,1223984.9820011193,1707984.9820011193
434,agus_province,south_east_asia,6,4648.845404037518,1417944.5566442362,1422593.4020482737,1707593.4020482737
435,willimapu_province,south_america,6,16400.31087122824,1299961.2474787226,1316361.5583499507,1706361.5583499507
436,yadkin_province,north_america,4,2906.5192628967943,1674671.9111714887,1677578.4304343855,1705578.4304343855
437,iwur_province,pacific_islands,8,0.0,1468353.2343368507,1468353.2343368507,1705353.2343368507
438,pyay_province,south_east_asia,6,342682.9112962681,1080206.8075743243,1422889.7188705925,1704889.7188705925
439,anqing_province,east_asia,7,4847.634067535817,1358864.328727845,1363711.962795381,1704711.962795381
440,khotan_province,east_asia,5,1628220.6816633611,0.0,1628220.6816633611,1704220.6816633611
441,johor_province,south_east_asia,6,1353.27056740565,1583661.7586360131,1585015.0292034186,1704015.0292034189
442,albania_province,eastern_europe,9,108057.28528485716,666784.7201054743,774842.0053903315,1702842.0053903316
443,bay_of_plenty_province,australasia,6,0.0,1184115.1574205414,1184115.1574205414,1700115.1574205414
444,north_konkan,south_asia,5,329353.22574798815,673624.9340663777,1002978.1598143658,1698978.159814366
445,cuyo_province,south_america,11,1257747.4962798336,0.0,1257747.4962798336,1691747.4962798336
446,braiakalung_province,australasia,9,2809.7770357636355,1401813.616577186,1404623.3936129496,1691623.3936129496
447,trowulan_province,south_east_asia,7,67924.80896790951,1324591.080184594,1392515.8891525036,1691515.8891525036
448,coatlicamac_province,north_america,5,40659.40882797506,1305688.2169395746,1346347.6257675495,1689347.6257675495
449,allegheny_province,north_america,5,633.6209849449203,1642502.1106819964,1643135.7316669414,1688135.7316669414
450,punjabi_malwa_province,south_asia,7,1028444.9993817529,0.0,1028444.9993817529,1685444.9993817532
451,wuchang_province,east_asia,8,10013.56997460468,993721.9193780392,1003735.4893526438,1683735.489352644
452,buglas_province,south_east_asia,4,3905.461395878529,1370589.974263406,1374495.4356592845,1682495.4356592845
453,bishnupur_province,south_asia,8,460796.77539701597,72355.94479644197,533152.7201934579,1682152.7201934578
454,altay_province,east_asia,8,1128729.8970910164,430627.49172732193,1559357.3888183385,1681357.3888183385
455,upper_rufiji_province,east_africa,4,248585.4260802604,1344866.4502620636,1593451.876342324,1680451.876342324
456,changzhou_province,east_asia,4,76267.42717928464,1122545.4489559303,1198812.876135215,1677812.876135215
457,tharparkar_province,south_asia,7,1488761.49316886,0.0,1488761.49316886,1677761.4931688602
458,hitchiti_province,north_america,7,55511.22860919463,1468553.6139358012,1524064.8425449957,1677064.842544996
459,bannajbur_province,middle_east,7,1496717.2861814909,0.0,1496717.2861814909,1676717.2861814909
460,agg_piktuk_province,north_america,5,13.944196368829665,667190.252272357,667204.1964687258,1676204.1964687258
461,iningai_province,australasia,9,1327711.244887177,0.0,1327711.244887177,1675711.244887177
462,hombori_province,west_africa,6,1343615.8546745705,0.0,1343615.8546745705,1674615.8546745705
463,tumaco_province,south_america,7,1300.799324882558,1350659.4964456079,1351960.2957704905,1672960.2957704905
464,rayong_province,south_east_asia,5,127224.42986054403,1194932.147168294,1322156.577028838,1672156.577028838
465,samar_province,south_east_asia,5,10609.21977942641,1461029.3564284828,1471638.5762079093,1671638.5762079093
466,sapukaia_province,south_america,4,0.0,1597506.9523750283,1597506.9523750283,1670506.9523750283
467,alexandria_province,north_africa,4,1557382.0348998902,0.0,1557382.0348998902,1669382.0348998904
468,xumani_province,north_america,7,1496985.720582187,0.0,1496985.720582187,1664985.720582187
469,buhayra_province,north_africa,6,736377.3563308712,0.0,736377.3563308712,1664377.3563308713
470,coosa_province,north_america,7,1115.1219949127012,1434250.3336877648,1435365.4556826777,1662365.4556826774
471,upper_argun_province,east_asia,5,10832.36522212949,1570841.414515562,1581673.7797376914,1661673.7797376914
472,sagaing_province,south_east_asia,5,258031.07919880762,1232187.1151729235,1490218.1943717313,1661218.1943717313
473,masa_province,central_africa,5,1452948.0013708682,0.0,1452948.0013708682,1654948.0013708682
474,santee_province,north_america,7,84544.95921664164,1133235.0199355949,1217779.9791522364,1649779.9791522366
475,oregon_province,north_america,5,94798.23742100799,1393750.536031344,1488548.7734523518,1647548.7734523518
476,changsha_province,east_asia,7,1991.286223323939,1225756.94811918,1227748.234342504,1645748.234342504
477,agusan_province,south_east_asia,8,5684.349967226531,1267853.5251970608,1273537.8751642874,1644537.8751642874
478,lower_malawi_province,east_africa,6,1034967.672746499,172028.1760369753,1206995.8487834742,1639995.8487834744
479,smaller_ussuri_province,east_asia,5,91387.78838352581,1420456.3824012647,1511844.1707847905,1638844.1707847905
480,roi_et_province,south_east_asia,6,170699.8117013406,714165.8603041094,884865.67200545,1637865.67200545
481,upper_zambezi_province,central_africa,12,917373.8001052738,0.0,917373.8001052738,1636373.8001052737
482,miwok_province,north_america,5,960736.7368228296,533260.5238325541,1493997.2606553838,1632997.2606553838
483,meru_province,australasia,8,1351595.8301336765,0.0,1351595.8301336765,1631595.8301336765
484,mompoj_province,south_america,8,127119.55299938834,719368.894427399,846488.4474267873,1631488.4474267873
485,savannakhet_province,south_east_asia,6,103944.25122398337,1418633.34428282,1522577.5955068031,1630577.5955068031
486,liaoyang_province,east_asia,6,8088.603868928593,1407010.709599915,1415099.3134688435,1630099.3134688435
487,qaen_province,middle_east,8,1378584.3874756324,0.0,1378584.3874756324,1626584.3874756324
488,chutia_province,south_asia,5,18865.94610652709,612521.2414024591,631387.1875089861,1626387.187508986
489,qumisha_province,middle_east,7,1566210.774717436,0.0,1566210.774717436,1622210.774717436
490,monongahela_province,north_america,4,667.3613220140362,1591409.488092433,1592076.849414447,1620076.849414447
491,hwaju_province,east_asia,5,898.2692983724813,718503.8935483871,719402.1628467595,1618402.1628467594
492,naco_province,north_america,4,31125.403334883616,1095584.1432199418,1126709.5465548253,1616709.5465548253
493,upper_sao_francisco_province,south_america,3,15869.75367844198,1556459.908948402,1572329.662626844,1615329.662626844
494,pembina_province,north_america,4,503.04362645464397,1536971.5345120477,1537474.5781385023,1613474.5781385023
495,pech_province,north_america,5,42072.40675931109,1438398.6264461956,1480471.0332055066,1612471.0332055066
496,samtoy_province,south_east_asia,8,40951.27277560044,1303956.0829890245,1344907.355764625,1611907.355764625
497,ocute_province,north_america,4,28019.744878207846,1537761.5015317122,1565781.2464099203,1608781.2464099203
498,congaree_province,north_america,4,16044.192137164473,1526420.8292259835,1542465.021363148,1607465.021363148
499,ryn_province,eastern_europe,7,1387420.741695565,0.0,1387420.741695565,1607420.741695565
500,upper_mahakam_province,south_east_asia,7,5782.174434815066,1440695.3608199805,1446477.5352547956,1605477.5352547958
501,fadak_province,middle_east,6,1433178.1546216377,0.0,1433178.1546216377,1605178.1546216377
502,baghelkhand,south_asia,11,790501.5021431297,0.0,790501.5021431297,1603501.5021431297
503,chopim_province,south_america,5,1821.0222174803043,1547304.1782717654,1549125.2004892456,1602125.2004892456
504,siknikt_province,north_america,9,2087.8573602019346,1404445.7776732133,1406533.6350334152,1601533.6350334152
505,kuna_province,south_america,9,18294.31602110936,1213621.1518412973,1231915.4678624067,1599915.4678624067
506,maguana_province,north_america,6,41733.771369792,1365436.9192734163,1407170.6906432083,1598170.6906432083
507,yabrin_province,middle_east,6,1436515.6252105364,0.0,1436515.6252105364,1594515.6252105362
508,boiaca_province,south_america,7,12924.517458293147,1299506.5560309994,1312431.0734892925,1591431.0734892925
509,stung_treng_province,south_east_asia,5,80087.0156737727,1476115.3274096204,1556202.3430833928,1591202.3430833928
510,mobile_province,north_america,5,3526.68756107395,1509271.7144480397,1512798.4020091137,1587798.4020091137
511,hadiya_province,east_africa,4,43360.69030452037,579230.9885617837,622591.678866304,1584591.678866304
512,wayas_province,north_america,3,33436.101321444396,1433877.6321719598,1467313.7334934042,1581313.7334934042
513,antandroy_province,east_africa,6,89287.40342509116,1121461.1721144721,1210748.5755395633,1580748.5755395633
514,berau_province,south_east_asia,6,578.3809569536047,1507002.7882717545,1507581.1692287081,1580581.1692287081
515,or_keo_province,south_east_asia,6,139353.37562647802,1269978.3039568071,1409331.679583285,1577331.679583285
516,xllang_province,south_america,9,1142413.0321902877,0.0,1142413.0321902877,1576413.0321902877
517,kalahandi_garjat,south_asia,18,402350.24642139283,0.0,402350.24642139283,1575350.2464213928
518,air_province,west_africa,5,1474198.0796604422,0.0,1474198.0796604422,1570198.0796604422
519,changde_province,east_asia,5,7250.198228219599,1115602.2872983865,1122852.485526606,1569852.485526606
520,hwangju_province,east_asia,7,7763.876306609909,1376178.5504479967,1383942.4267546067,1568942.4267546067
521,battambang_province,south_east_asia,5,230282.41688211993,1026343.1702387319,1256625.587120852,1568625.587120852
522,east_kra_province,south_east_asia,5,70425.82317572288,1440155.1803873922,1510581.003563115,1567581.003563115
523,choluteca_province,north_america,4,5441.232329139457,1424915.7629681795,1430356.995297319,1567356.995297319
524,wappacoma_province,north_america,5,250.6130673688213,1531681.9776435534,1531932.5907109221,1566932.5907109221
525,dakshina_kosala,south_asia,10,1033128.2773469964,0.0,1033128.2773469964,1566128.2773469964
526,al_ahsa_province,middle_east,7,1323851.62713692,0.0,1323851.62713692,1565851.62713692
527,kuznetsk_province,north_asia,5,0.0,1406946.835123159,1406946.835123159,1564946.835123159
528,pomo_province,north_america,6,358052.6072306445,916326.2186686095,1274378.8258992538,1560378.825899254
529,makgadikgadi_province,southern_africa,6,1460657.0270793964,0.0,1460657.0270793964,1559657.0270793964
530,pihiti,south_asia,7,515644.72286058,716656.0336933917,1232300.756553972,1559300.756553972
531,chorti_province,north_america,5,7147.713039695265,1229614.4800952857,1236762.193134981,1557762.193134981
532,patagonia_province,south_america,12,1000556.2507732788,77185.14816874423,1077741.398942023,1557741.398942023
533,ehwae_province,north_america,4,6013.890826207776,1415384.3989538169,1421398.2897800244,1556398.2897800244
534,makassar_province,south_east_asia,6,38643.8475139891,1095330.6882604246,1133974.535774414,1555974.535774414
535,atikaki_province,north_america,4,21498.892426625232,923568.2510477422,945067.1434743674,1555067.1434743674
536,quinte_province,north_america,4,5682.954356198233,1498679.1487003313,1504362.1030565295,1554362.1030565295
537,zubala_province,middle_east,6,1404585.8353417546,0.0,1404585.8353417546,1550585.8353417546
538,temne_province,west_africa,6,102629.73890268606,1336052.6240216775,1438682.3629243635,1547682.3629243635
539,shaki_province,eastern_europe,7,183618.66406909592,415134.93597603723,598753.6000451331,1544753.6000451331
540,zamyany_province,eastern_europe,5,1318479.9424992658,0.0,1318479.9424992658,1539479.9424992655
541,pagan_province,south_east_asia,5,218542.22656509466,1024445.4733600339,1242987.6999251286,1538987.6999251286
542,wizi_province,central_africa,6,54227.403777967564,1167739.042973921,1221966.4467518884,1537966.4467518884
543,upper_vidarbha,south_asia,7,763567.0258826441,125751.56484118589,889318.59072383,1537318.59072383
544,sinu_province,south_america,6,15896.03456558109,932871.6574552925,948767.6920208737,1536767.6920208735
545,tamaulipeco_province,north_america,8,1058518.9484829523,0.0,1058518.9484829523,1536518.9484829523
546,suki_province,pacific_islands,7,21883.861431803216,1379514.526049938,1401398.3874817411,1536398.3874817411
547,safare_province,west_africa,6,1394604.1546207026,0.0,1394604.1546207026,1533604.1546207026
548,south_shuswap_province,north_america,7,712.7708913471021,1279574.5765262675,1280287.3474176147,1533287.3474176147
549,perak_province,south_east_asia,5,2159.57842574526,1268584.6888572755,1270744.2672830208,1532744.2672830208
550,south_lunda_province,central_africa,6,189939.976361382,1182950.097695895,1372890.074057277,1531890.074057277
551,nama_province,southern_africa,5,1408180.0058932966,0.0,1408180.0058932966,1529180.0058932966
552,thalanyji_province,australasia,7,1404098.4280508754,0.0,1404098.4280508754,1529098.4280508754
553,indrapura_khmer_province,south_east_asia,5,81039.08151495666,1255658.329030186,1336697.4105451424,1525697.4105451424
554,cheboygan_province,north_america,4,6361.4195155709,958972.0428251564,965333.4623407273,1523333.4623407274
555,kartli_province,eastern_europe,8,2253.565085451787,659611.5201084355,661865.0851938872,1519865.0851938874
556,tampa_province,north_america,4,179342.87847099395,1136988.7520649172,1316331.630535911,1517331.630535911
557,kharan_province,middle_east,5,1397876.3283545426,0.0,1397876.3283545426,1516876.3283545426
558,thakhek_proivnce,south_east_asia,6,101013.3540129326,1359536.570948715,1460549.9249616477,1516549.9249616477
559,rikuchuu_province,east_asia,11,425.9966513362506,1019976.3167904142,1020402.3134417505,1515402.3134417506
560,lower_vidarbha,south_asia,9,754229.5226820648,0.0,754229.5226820648,1514229.5226820647
561,wendake_province,north_america,5,10079.695400097033,1108595.469262009,1118675.164662106,1508675.164662106
562,barca_province,north_africa,5,1354467.215321062,0.0,1354467.215321062,1506467.2153210621
563,jian_province,east_asia,5,2101.1102082378056,578256.2634821252,580357.373690363,1503357.373690363
564,rajabandi,south_asia,9,780847.2135009934,296421.0852446613,1077268.2987456548,1502268.2987456548
565,xaymaca_province,north_america,6,18514.83534435217,906609.1590020547,925123.9943464069,1502123.9943464068
566,bukhara_province,central_asia,8,1341071.3431888446,0.0,1341071.3431888446,1501071.3431888446
567,upper_butana_province,east_africa,5,1405150.8618876836,0.0,1405150.8618876836,1499150.8618876836
568,pandya_nadu,south_asia,13,354784.03401745064,305630.2218513474,660414.255868798,1497414.2558687981
569,cairo_province,north_africa,5,531161.3764646562,0.0,531161.3764646562,1497161.3764646563
570,huzhou_province,east_asia,4,837.5260881125598,680381.440217041,681218.9663051534,1496218.9663051534
571,uiju_province,east_asia,5,2676.9594555756453,996530.8035772769,999207.7630328524,1494207.7630328524
572,nomlaki_province,north_america,5,887161.3360363657,118106.1233364335,1005267.4593727993,1491267.4593727991
573,yoreme_province,north_america,5,1292205.331411377,0.0,1292205.331411377,1491205.331411377
574,madhyamagrama_province,south_east_asia,5,32738.551768244703,1412264.5537017393,1445003.105469984,1489003.105469984
575,bouar_province,central_africa,5,493013.2184357632,831214.0694959165,1324227.2879316797,1487227.2879316797
576,sidamo_province,east_africa,6,148354.3637055594,932439.5837013391,1080793.9474068985,1485793.9474068985
577,karangan_province,south_east_asia,5,3939.0400052446153,1317930.0309636113,1321869.0709688559,1484869.0709688559
578,nacogdoches_province,north_america,4,32268.5918232825,1337304.1194466343,1369572.711269917,1484572.711269917
579,kasevo_province,eastern_europe,6,1494.226284382211,1126068.7542720502,1127562.9805564324,1480562.9805564324
580,joara_province,north_america,4,2042.1172482898417,1400285.9757224293,1402328.092970719,1480328.092970719
581,kabompo_province,central_africa,8,200216.03247608594,895869.525388762,1096085.557864848,1480085.557864848
582,gyongseong_province,east_asia,6,234.53374727346423,1357009.4867849462,1357244.0205322197,1477244.0205322197
583,mewar,south_asia,8,960837.4340601811,0.0,960837.4340601811,1476837.4340601813
584,upper_jambi_province,south_east_asia,7,38.02032998564087,1375411.7164337076,1375449.7367636934,1476449.7367636934
585,yongchang_gansu_province,east_asia,7,1201111.544271602,0.0,1201111.544271602,1476111.544271602
586,cataraqui_province,north_america,5,1641.534606676965,1435819.7982129888,1437461.3328196658,1473461.3328196658
587,lampung_province,south_east_asia,6,0.0,833277.1089480865,833277.1089480865,1470277.1089480866
588,julfar_province,middle_east,8,1370690.201796933,0.0,1370690.201796933,1466690.201796933
589,chaozhou_province,east_asia,10,4128.271653876958,753376.9473190707,757505.2189729477,1462505.2189729474
590,adirondacks_province,north_america,9,240.54147970752842,995606.3554435269,995846.8969232345,1459846.8969232345
591,titteri_province,north_africa,7,1148670.160382723,0.0,1148670.160382723,1458670.160382723
592,qatar_province,middle_east,7,1316563.7025549011,0.0,1316563.7025549011,1456563.7025549011
593,timor_province,south_east_asia,8,43652.7560479161,742326.6119363301,785979.3679842462,1453979.3679842462
594,niger_delta_province,west_africa,7,1007.8113116671882,1016581.1905119633,1017589.0018236304,1452589.0018236304
595,turaythith_province,middle_east,6,1239431.8858909188,0.0,1239431.8858909188,1451431.8858909188
596,chunsa_province,south_america,8,4906.232330719273,860103.2731131953,865009.5054439146,1448009.5054439146
597,sihabi_province,north_america,4,23504.69074052807,1313951.0699853979,1337455.760725926,1446455.760725926
598,tlatlauquitepec_province,north_america,6,18797.74923844021,433318.1522703311,452115.90150877135,1445115.9015087713
599,pandua_province,south_asia,6,553683.1887149785,0.0,553683.1887149785,1442683.1887149785
600,conecuh_province,north_america,3,4796.725196956333,1379804.7925964477,1384601.5177934042,1438601.5177934042
601,batin_province,middle_east,6,1308957.0274781105,0.0,1308957.0274781105,1437957.0274781105
602,hamtai_province,pacific_islands,7,0.0,767159.7261437004,767159.7261437004,1437159.7261437005
603,varanasi_province,south_asia,6,818484.8058275236,0.0,818484.8058275236,1434484.8058275236
604,kaabu_province,west_africa,7,741064.3399294061,143103.41632600184,884167.7562554079,1434167.756255408
605,bhagalpur_province,south_asia,6,486489.7601945901,133283.0041411986,619772.7643357887,1428772.7643357888
606,lake_dakelh_province,north_america,7,2675.3068424253665,943727.9577830763,946403.2646255017,1428403.2646255016
607,wellega_province,east_africa,3,84172.85851726007,1257457.239488114,1341630.098005374,1427630.098005374
608,tututepec_province,north_america,7,22968.10315309728,1217565.190225447,1240533.2933785443,1425533.2933785443
609,hawaii_province,pacific_islands,4,0.0,1184909.7665166082,1184909.7665166082,1424909.7665166082
610,panay_province,south_east_asia,5,11767.116037058167,1134074.5090783264,1145841.6251153848,1424841.6251153848
611,amisk_sipi_province,north_america,3,4105.501575527811,1373531.2480540108,1377636.7496295387,1423636.7496295387
612,dehcho_province,north_america,5,0.0,1319927.33956124,1319927.33956124,1422927.33956124
613,laghouat_province,north_africa,4,1275236.6352247363,0.0,1275236.6352247363,1420236.6352247363
614,kawartha_province,north_america,7,8353.372381547239,1295701.8399974022,1304055.2123789494,1420055.2123789494
615,muskiki_province,north_america,4,39987.206059980526,1280379.3550816476,1320366.5611416283,1419366.5611416283
616,pamlico_province,north_america,4,70038.66831195969,610123.0394641835,680161.7077761432,1418161.7077761432
617,hangzhou_province,east_asia,5,2751.122140005743,503275.9901677441,506027.11230774986,1418027.11230775
618,otrar_province,central_asia,7,1336579.3096638678,0.0,1336579.3096638678,1413579.3096638678
619,kru_province,west_africa,4,16348.91883310371,1276107.7416733787,1292456.6605064825,1410456.6605064825
620,nita_province,middle_east,6,1303289.4029552862,0.0,1303289.4029552862,1410289.4029552862
621,tarakan_province,south_east_asia,6,2773.376382539372,1207291.181165129,1210064.5575476682,1409064.5575476682
622,ishanapura_province,south_east_asia,5,77571.90181103822,1151602.4479049046,1229174.3497159427,1406174.3497159427
623,turgay_province,central_asia,5,1190649.5419859735,0.0,1190649.5419859735,1402649.5419859735
624,guachichil_province,north_america,6,1076457.006808593,0.0,1076457.006808593,1400457.006808593
625,suphanburi_province,south_east_asia,5,259023.73413669225,907392.2171171956,1166415.9512538877,1399415.9512538877
626,abitibi_province,north_america,6,575.3066471440034,1013802.6801110352,1014377.9867581793,1399377.9867581795
627,fezzan_province,north_africa,7,1160648.8487834274,0.0,1160648.8487834274,1398648.8487834274
628,zabol_province,middle_east,5,1281113.896976456,0.0,1281113.896976456,1396113.896976456
629,kanienkehaka_province,north_america,5,702.7910583505378,1346115.8158957474,1346818.606954098,1395818.606954098
630,sakitawahk_province,north_america,4,2770.032350735075,880389.9701610645,883160.0025117996,1393160.0025117998
631,sao_francisco_province,south_america,8,1042993.7750221654,0.0,1042993.7750221654,1392993.7750221654
632,harat_province,middle_east,5,1266066.0194767162,0.0,1266066.0194767162,1391066.0194767162
633,hochelaga_province,north_america,6,774.4838594093703,1310036.6432356336,1310811.127095043,1388811.127095043
634,kelantan_province,south_east_asia,5,6171.585554515133,1180470.6365921549,1186642.22214667,1388642.22214667
635,macina_province,west_africa,7,1170294.4878671959,0.0,1170294.4878671959,1387294.487867196
636,bosnia_province,eastern_europe,6,0.5595056391166539,534578.8390998031,534579.3986054423,1385579.3986054424
637,maia_province,pacific_islands,6,0.0,1226857.2287165434,1226857.2287165434,1383857.2287165434
638,keweenaw_province,north_america,5,32084.225294623528,1106220.8984266326,1138305.1237212562,1383305.1237212562
639,north_darfur_province,east_africa,7,1180484.0305134805,0.0,1180484.0305134805,1382484.0305134805
640,east_qassim_province,middle_east,6,1193734.6456353888,0.0,1193734.6456353888,1381734.6456353888
641,kanem_province,west_africa,4,1305942.083822223,0.0,1305942.083822223,1377942.083822223
642,muhheakantuck_province,north_america,4,3676.4122261400003,1332753.199927092,1336429.612153232,1376429.612153232
643,arrah_province,south_asia,6,578529.8578855696,10323.958075810206,588853.8159613798,1375853.8159613798
644,bone_province,south_east_asia,5,21400.34083542219,1234551.8875404072,1255952.2283758295,1374952.2283758295
645,lower_mahakam_province,south_east_asia,6,6266.851472688786,1299062.4905129916,1305329.3419856804,1374329.3419856804
646,taizhou_province,east_asia,7,974.140445793355,550725.1929362704,551699.3333820638,1373699.3333820638
647,ardestan_province,middle_east,6,1276628.1728468242,0.0,1276628.1728468242,1373628.1728468242
648,yarkand_province,east_asia,4,1312283.0186396362,0.0,1312283.0186396362,1372283.0186396362
649,fuzhou_jiangxi_province,east_asia,6,2492.0756935632435,504683.2748643101,507175.3505578734,1372175.3505578735
650,kab_koj_province,north_america,5,32912.18549470962,995734.4536264917,1028646.6391212014,1369646.6391212014
651,mende_province,west_africa,5,48492.030292516305,1214395.991783061,1262888.0220755772,1367888.0220755772
652,guzzula_province,north_africa,10,1065487.548214667,0.0,1065487.548214667,1367487.548214667
653,banten_province,south_east_asia,6,1855.0733754903133,828754.7780336327,830609.8514091229,1366609.851409123
654,lower_kapuas_province,south_east_asia,6,7296.914601672925,1227141.5446648677,1234438.4592665408,1365438.4592665408
655,upper_barito_province,south_east_asia,6,4317.376314705963,1304137.9871300196,1308455.3634447255,1364455.3634447255
656,mayaca_province,north_america,3,157725.12375114972,1081014.8752775816,1238739.9990287316,1362739.9990287316
657,banjar_province,south_east_asia,7,11263.719075660092,1259145.796301477,1270409.5153771369,1360409.5153771369
658,odonga_province,southern_africa,5,1087238.4963006654,0.0,1087238.4963006654,1360238.4963006657
659,pathein_province,south_east_asia,5,216843.18872605986,758275.0794189433,975118.2681450031,1360118.2681450031
660,altayskoye_province,north_asia,6,18831.860780104686,1052704.5770274117,1071536.4378075164,1359536.4378075167
661,oswegatchie_province,north_america,5,8491.715065427445,1309721.8995837283,1318213.6146491556,1357213.6146491556
662,zaranj_province,middle_east,7,1237778.8172474601,0.0,1237778.8172474601,1355778.8172474601
663,sharqiyya_province,north_africa,4,521951.41583666456,0.0,521951.41583666456,1354951.4158366646
664,misratah_province,north_africa,6,1262903.289919308,0.0,1262903.289919308,1354903.289919308
665,olympic_province,north_america,6,19828.674792431902,1207682.3124735102,1227510.9872659422,1354510.9872659422
666,uren_province,eastern_europe,8,607.9793742688374,1286642.625804429,1287250.6051786977,1353250.6051786977
667,lehigh_province,north_america,4,2837.070853629204,1321981.8719784012,1324818.9428320306,1352818.9428320306
668,kutulo_province,east_africa,4,1148036.7520099601,0.0,1148036.7520099601,1352036.7520099601
669,yunga_province,south_america,9,271.4913111633417,1178623.8533673307,1178895.3446784941,1351895.3446784941
670,mahja_province,south_asia,11,805488.2975887259,0.0,805488.2975887259,1351488.297588726
671,coweta_province,north_america,4,34389.11804650332,1247788.3298580286,1282177.4479045318,1351177.4479045318
672,tenasserim_province,south_east_asia,7,180701.49115393002,807866.6392385677,988568.1303924978,1349568.1303924979
673,guangde_province,east_asia,3,7665.49148902953,691070.6481608887,698736.1396499182,1348736.1396499183
674,pannai_province,south_east_asia,7,1747.551990437461,1119629.4481324,1121377.0001228375,1343377.0001228375
675,novosyolovo_province,north_asia,5,3432.95850203961,1224183.5063730304,1227616.46487507,1342616.46487507
676,tlalnahuac_province,north_america,6,41325.89903984577,996857.0381223983,1038182.9371622441,1342182.937162244
677,djerid_province,north_africa,6,1169443.206581159,0.0,1169443.206581159,1340443.206581159
678,sarasvata,south_asia,5,773599.9077895242,0.0,773599.9077895242,1336599.9077895242
679,oasis_province,north_africa,6,1197910.060440709,0.0,1197910.060440709,1334910.060440709
680,sukadana_province,south_east_asia,6,7490.843346266481,830314.224759476,837805.0681057426,1334805.0681057426
681,sarh_province,central_africa,6,1212559.389035589,0.0,1212559.389035589,1331559.389035589
682,mountain_dakelh_province,north_america,6,41.13867192949876,958777.5508728564,958818.6895447859,1330818.689544786
683,cuchumatan_province,north_america,6,15020.147428184075,1209140.2602092524,1224160.4076374364,1330160.4076374364
684,kachari_province,south_asia,8,20381.724571159793,1212540.396496705,1232922.1210678648,1329922.1210678648
685,qujing_province,east_asia,7,1523.8708646679484,916132.5830298031,917656.453894471,1328656.453894471
686,teshio_province,east_asia,5,486.3024632125258,659867.3629656846,660353.6654288971,1325353.6654288971
687,orsha_province,eastern_europe,6,2.659837243205844,496173.9189885532,496176.57882579643,1324176.5788257965
688,almaty_province,central_asia,8,891007.8902986165,0.0,891007.8902986165,1324007.8902986166
689,tanasi_province,north_america,6,2640.2626618269906,1188323.8680520132,1190964.13071384,1320964.13071384
690,chiang_rai_province,south_east_asia,5,68688.80256177888,1064435.7578706555,1133124.5604324345,1317124.5604324345
691,vyadhapura_province,south_east_asia,5,88579.04701300705,1010389.7075836298,1098968.7545966369,1315968.7545966369
692,south_ktunaxa_province,north_america,6,4816.344260834257,1245673.8803874513,1250490.2246482857,1315490.2246482857
693,bozhou_province,east_asia,5,1074.5187740147726,482995.6119467416,484070.13072075637,1314070.1307207562
694,manitoulin_province,north_america,4,41660.77751295529,511493.096981456,553153.8744944113,1313153.8744944113
695,vladimir_province,eastern_europe,8,2536.4890248169645,1032462.3013597743,1034998.7903845912,1311998.7903845913
696,shimotsuke_province,east_asia,6,2541.6305374521976,623941.0067143331,626482.6372517853,1311482.6372517855
697,flores_province,south_east_asia,6,10973.069635941545,1045981.9337775691,1056955.0034135107,1310955.0034135107
698,chinali_province,north_america,3,1245974.2905168806,0.0,1245974.2905168806,1307974.2905168806
699,ganzhou_province,east_asia,4,2411.0841068249774,597399.8904254877,599810.9745323127,1307810.9745323127
700,dardeling_province,eastern_europe,5,1031927.8421849164,0.0,1031927.8421849164,1306927.8421849164
701,turrbal_province,australasia,9,204901.88908403064,780667.208952303,985569.0980363337,1304569.0980363337
702,roanoke_province,north_america,6,120494.72660262775,856868.709285889,977363.4358885168,1301363.4358885167
703,temiscamingue_province,north_america,10,1738.6816742293845,866445.2797535269,868183.9614277564,1299183.9614277564
704,badimaya_province,australasia,10,1027789.7083408413,0.0,1027789.7083408413,1298789.7083408413
705,wakgun_province,australasia,8,1156318.737209075,0.0,1156318.737209075,1298318.737209075
706,wapocomo_province,north_america,4,924.8547966760738,1184745.6192011554,1185670.4739978313,1297670.4739978313
707,ennarea_province,east_africa,5,12216.545831197405,688197.7188547556,700414.264685953,1295414.264685953
708,nanningjun_province,east_asia,4,55416.001832104914,932142.8636520184,987558.8654841232,1294558.8654841234
709,gurbantunggut_province,east_asia,5,1212724.2052930302,0.0,1212724.2052930302,1293724.2052930302
710,capibaribe_province,south_america,8,328496.99982143124,592683.2319860506,921180.2318074817,1292180.2318074817
711,bam_province,middle_east,6,1190408.6663096205,0.0,1190408.6663096205,1290408.6663096205
712,chumash_province,north_america,6,1021805.4523035521,0.0,1021805.4523035521,1289805.452303552
713,warangal_province,south_asia,14,433336.5701513851,0.0,433336.5701513851,1288336.5701513852
714,huizhou_guangdong_province,east_asia,8,5742.266270352591,519960.3336697989,525702.5999401516,1287702.5999401514
715,braj_province,south_asia,6,716871.7430878801,0.0,716871.7430878801,1285871.74308788
716,kabikabi_province,australasia,9,571396.6509866499,0.0,571396.6509866499,1285396.65098665
717,yaqui_province,north_america,9,832411.7234865016,0.0,832411.7234865016,1284411.7234865015
718,uzen_province,east_asia,6,1518.1643889125032,877493.821199711,879011.9855886234,1284011.9855886234
719,gwadar_province,middle_east,8,1011084.4619809766,0.0,1011084.4619809766,1281084.4619809766
720,bombala_province,australasia,6,1507.4460203159651,1010265.4544051697,1011772.9004254857,1279772.9004254858
721,kutch,south_asia,4,994601.8022280309,0.0,994601.8022280309,1279601.802228031
722,lower_gezira_province,east_africa,5,1153651.1373620462,0.0,1153651.1373620462,1278651.1373620462
723,lower_emba_province,central_asia,5,1119135.88091833,0.0,1119135.88091833,1276135.88091833
724,minusinsk_province,north_asia,5,6245.033844570694,1188596.296877782,1194841.3307223527,1275841.3307223527
725,luan_nanzhili_province,east_asia,7,237758.5033219208,700462.8441842867,938221.3475062074,1274221.3475062074
726,mahicannituck_province,north_america,4,1564.458554456944,1215144.0577147128,1216708.5162691695,1270708.5162691695
727,anbuk_province,east_asia,5,10757.856292631808,711165.6318326149,721923.4881252467,1266923.4881252467
728,pagaruyung_province,south_east_asia,7,759.697377732998,808480.4118666123,809240.1092443452,1266240.1092443452
729,southern_rayalaseema,south_asia,17,465116.7882622963,0.0,465116.7882622963,1266116.7882622962
730,iwaki_province,east_asia,10,923.0398049574873,905716.3573544003,906639.3971593578,1265639.3971593578
731,baawitigong_province,north_america,7,1946.7607216205204,635460.3367906325,637407.097512253,1265407.097512253
732,zinder_province,west_africa,4,1119778.0529899972,0.0,1119778.0529899972,1264778.0529899972
733,manubara_province,pacific_islands,5,6516.9910591852195,1038707.9341590893,1045224.9252182746,1263224.9252182746
734,isfahan_province,middle_east,6,1199024.2017379478,0.0,1199024.2017379478,1263024.2017379478
735,camanducaia_province,south_america,7,0.0,1128545.4053864426,1128545.4053864426,1260545.4053864426
736,etzanoa_province,north_america,6,964925.3041979447,0.0,964925.3041979447,1259925.3041979447
737,sharat_province,middle_east,8,1041249.0501405995,0.0,1041249.0501405995,1258249.0501405995
738,hailar_province,east_asia,5,20000.67131542971,1128831.13592477,1148831.8072401998,1256831.8072401998
739,cofitachequi_province,north_america,4,5897.07029855859,1208574.5873468344,1214471.657645393,1256471.657645393
740,nafusa_province,north_africa,6,1145325.7788888249,0.0,1145325.7788888249,1256325.7788888249
741,trengganu_province,south_east_asia,4,308.934549029398,422248.315561836,422557.25011086545,1255557.2501108656
742,deli_province,south_east_asia,7,2208.954003902505,1118744.4107471714,1120953.364751074,1252953.364751074
743,ghana_province,west_africa,6,1141709.0944919572,0.0,1141709.0944919572,1252709.0944919572
744,tarusa_province,eastern_europe,4,777.6044196564812,468048.12319562153,468825.727615278,1249825.727615278
745,haouz_province,north_africa,10,616679.0776141513,0.0,616679.0776141513,1249679.0776141512
746,catawba_province,north_america,4,1909.411250571653,1205383.1464106021,1207292.5576611739,1247292.5576611739
747,kurchum_province,north_asia,5,489552.51516085886,508500.459536088,998052.9746969468,1247052.9746969468
748,lower_zeya_province,east_asia,6,19525.201599452266,1103452.2641729177,1122977.4657723699,1246977.4657723699
749,wuntho_province,south_east_asia,4,83061.10410379812,1099744.1051002287,1182805.2092040267,1242805.2092040267
750,terek_province,eastern_europe,5,938152.5900736079,0.0,938152.5900736079,1242152.5900736079
751,baram_province,south_east_asia,6,4775.280966245435,1073288.2720445956,1078063.553010841,1242063.553010841
752,tutelo_province,north_america,5,2733.3123480155386,1175163.5803608354,1177896.8927088508,1241896.8927088508
753,manmaw_province,south_east_asia,6,75093.84851248829,1061395.5036950049,1136489.3522074933,1240489.3522074933
754,mondo_province,west_africa,4,1076325.173893133,0.0,1076325.173893133,1240325.173893133
755,barus_province,south_east_asia,6,0.0,478402.3155177182,478402.3155177182,1238402.3155177182
756,wyoming_province,north_america,5,1649.2361676896307,1175459.9782615867,1177109.2144292765,1236109.2144292765
757,bratsk_province,north_asia,5,6168.283796753587,1148862.6840110326,1155030.9678077863,1235030.9678077863
758,krasnaya_gorka_province,eastern_europe,6,3235.942453817276,1058458.3372491738,1061694.2797029908,1233694.2797029908
759,tewelmapu_province,south_america,6,1165668.4232782002,0.0,1165668.4232782002,1232668.4232782002
760,paranagua_province,south_america,7,2344.334129129155,1026968.5992104819,1029312.933339611,1232312.933339611
761,qusdar_province,middle_east,6,1127188.1130319308,0.0,1127188.1130319308,1226188.1130319308
762,lower_musi_province,south_east_asia,7,681.9470973488819,1101671.6393590309,1102353.5864563799,1225353.5864563799
763,upper_cagayan_province,south_east_asia,5,4121.9643967831835,1028437.4630325465,1032559.4274293296,1223559.4274293296
764,mataram_province,south_east_asia,6,3030.017873015816,948524.7773497242,951554.7952227399,1222554.79522274
765,windward_islands_province,north_america,12,25097.83694635891,810168.2329595975,835266.0699059564,1220266.0699059565
766,yazhelbitskaya_province,eastern_europe,8,301.12708353899126,979370.5218430528,979671.6489265918,1219671.648926592
767,wirrai_durhai_province,australasia,9,877100.2819167376,0.0,877100.2819167376,1218100.2819167376
768,northern_arakhan_province,south_east_asia,6,79275.66925016753,520449.3607943106,599725.0300444781,1216725.0300444781
769,ghazni_province,middle_east,6,1134090.9026786115,0.0,1134090.9026786115,1215090.9026786115
770,kalispel_province,north_america,6,4531.308579477501,1070454.8956696359,1074986.2042491133,1212986.2042491133
771,pelisipi_province,north_america,4,876.0021450366711,1175455.7271387514,1176331.7292837882,1207331.7292837882
772,phankeska_wakpa_province,north_america,5,1082330.4348314316,0.0,1082330.4348314316,1206330.4348314316
773,sao_province,central_africa,5,757649.9888097534,0.0,757649.9888097534,1205649.9888097534
774,mosega_province,southern_africa,6,832299.2430388131,0.0,832299.2430388131,1203299.2430388131
775,beshbalik_province,east_asia,5,990026.2822817585,0.0,990026.2822817585,1200026.2822817585
776,cameroon_province,west_africa,6,776.7358228914018,938928.2811131687,939705.01693606,1199705.01693606
777,whanganui_province,australasia,6,0.0,769002.1831238723,769002.1831238723,1198002.1831238721
778,rafsanjan_province,middle_east,8,1112739.7450967464,0.0,1112739.7450967464,1194739.7450967464
779,upper_doab_province,south_asia,6,645972.3074414183,3560.848776075461,649533.1562174937,1194533.1562174936
780,mendawai_province,south_east_asia,6,183.79062672435867,1039854.7490397057,1040038.5396664301,1193038.53966643
781,nagaur_province,south_asia,4,880958.9439748257,0.0,880958.9439748257,1186958.9439748258
782,mongpai_province,south_east_asia,5,45875.74926748696,914499.4095484961,960375.158815983,1186375.158815983
783,ternate_province,south_east_asia,6,642.2940968263498,662537.6806466574,663179.9747434837,1184179.9747434838
784,paser_province,south_east_asia,6,2464.3054398482077,1057106.3146956023,1059570.6201354505,1182570.6201354505
785,dhalam_province,middle_east,6,1032128.4490707075,0.0,1032128.4490707075,1182128.4490707077
786,guangxin_province,east_asia,6,3847.4179377229734,629752.2234822594,633599.6414199824,1179599.6414199825
787,charchan_province,east_asia,6,1045031.4542116106,0.0,1045031.4542116106,1178031.4542116106
788,mayurbhanj,south_asia,5,221572.6082017026,417161.4377007777,638734.0459024804,1177734.0459024804
789,baglana,south_asia,8,416539.53810554044,276997.2575592665,693536.795664807,1177536.7956648069
790,brigida_province,south_america,8,862267.4492945169,0.0,862267.4492945169,1176267.4492945168
791,sirjan_province,middle_east,7,1036684.3953557191,0.0,1036684.3953557191,1174684.3953557191
792,thaton_province,south_east_asia,5,149832.32009009816,504525.036390795,654357.3564808932,1172357.3564808932
793,melpa_province,pacific_islands,6,0.0,685373.1356152142,685373.1356152142,1170373.1356152142
794,echigo_province,east_asia,10,962.6139975374695,675233.6987470717,676196.3127446091,1169196.312744609
795,youzhou_province,east_asia,5,1905.488025455059,631884.258034241,633789.7460596961,1167789.7460596962
796,kooapudna_province,australasia,8,730859.2944927575,0.0,730859.2944927575,1166859.2944927576
797,gorodets_province,eastern_europe,6,716.3022670276979,759046.9371516686,759763.2394186964,1165763.2394186964
798,sighnaq_province,central_asia,5,1081131.679175863,0.0,1081131.679175863,1165131.679175863
799,arrow_lakes_province,north_america,8,24100.614663207605,886946.3368362583,911046.9514994659,1165046.9514994659
800,orlov_province,eastern_europe,7,492.9387056162383,1095712.4014786584,1096205.3401842748,1164205.3401842748
801,afif_province,middle_east,5,1066895.4667354322,0.0,1066895.4667354322,1158895.4667354322
802,kituwa_province,north_america,7,529.0473718053349,1064048.4507468562,1064577.4981186613,1158577.4981186613
803,yangikent_province,central_asia,4,1007335.0965420164,0.0,1007335.0965420164,1157335.0965420164
804,tripolitania_province,north_africa,5,1050749.680185907,0.0,1050749.680185907,1156749.680185907
805,lower_argun_province,east_asia,6,0.0,971134.4598012959,971134.4598012959,1156134.459801296
806,wenzhou_province,east_asia,6,392.2802673160015,476320.26980495814,476712.55007227417,1155712.5500722742
807,akhsikath_province,central_asia,6,18635.197299224477,610509.4831279499,629144.6804271743,1155144.6804271743
808,powhatan_province,north_america,5,14437.552371608164,1089567.4096124237,1104004.9619840318,1155004.9619840318
809,yakama_province,north_america,5,528674.7755814483,411940.2334899005,940615.0090713489,1153615.009071349
810,north_tutchone_province,north_america,4,0.0,417003.615611424,417003.615611424,1153003.615611424
811,yaroslavl_province,eastern_europe,7,420.56113622030614,683226.760288279,683647.3214244994,1152647.3214244994
812,yuat_province,australasia,6,804395.2390260152,0.0,804395.2390260152,1151395.2390260152
813,mikkwa_province,north_america,4,12192.565094902675,1043923.945564887,1056116.5106597897,1148116.5106597897
814,washm_province,middle_east,5,1077635.9754556543,0.0,1077635.9754556543,1147635.9754556543
815,shizhou_province,east_asia,8,181.9983673851803,984944.8362914562,985126.8346588414,1147126.8346588414
816,kedah_province,south_east_asia,3,23182.18430212864,657174.1683724124,680356.3526745411,1146356.352674541
817,lower_kosi_province,south_asia,7,141888.74836743996,629210.4501232264,771099.1984906663,1145099.1984906662
818,grebo_province,west_africa,4,0.0,933073.2512624632,933073.2512624632,1145073.2512624632
819,saskatchewan_province,north_america,3,3721.287483769842,1072320.134794824,1076041.422278594,1144041.422278594
820,kafue_province,central_africa,6,583420.9037650452,116151.57314126103,699572.4769063062,1143572.476906306
821,koh_e_sulayman_province,south_asia,8,716921.0538075748,0.0,716921.0538075748,1142921.0538075748
822,bolkhuny_province,eastern_europe,6,985766.1282305362,0.0,985766.1282305362,1142766.1282305364
823,qom_province,middle_east,7,945230.2495771365,0.0,945230.2495771365,1142230.2495771365
824,upper_tana_province,east_africa,5,848114.0363659601,127479.62231180473,975593.6586777649,1141593.658677765
825,nunatonowago_province,north_america,5,0.0,1002187.5441635218,1002187.5441635218,1141187.5441635218
826,ugo_province,east_asia,8,1527.6109520470197,961039.5698029319,962567.1807549789,1139567.180754979
827,northern_aceh_province,south_east_asia,7,3368.0101527518254,850469.69409388,853837.7042466318,1137837.7042466318
828,wichi_province,south_america,11,189784.03141107518,722987.2824522351,912771.3138633103,1137771.3138633103
829,khulays_province,middle_east,7,915656.5026689146,0.0,915656.5026689146,1136656.5026689146
830,kunene_province,central_africa,9,796390.4582924941,0.0,796390.4582924941,1136390.458292494
831,atepec_province,north_america,5,28845.744395199745,875678.7432070966,904524.4876022964,1135524.4876022963
832,dunnneza_province,north_america,5,616.416892437811,1009442.7879708064,1010059.2048632442,1135059.2048632442
833,jaminjung_province,australasia,9,8579.80577825406,883308.4118348062,891888.2176130603,1134888.2176130603
834,irgiz_province,central_asia,5,860400.7673026342,0.0,860400.7673026342,1132400.7673026342
835,sarapul_province,eastern_europe,6,749.8504632474754,1000547.8694736214,1001297.7199368689,1132297.7199368689
836,gayogohono_province,north_america,3,1137.9110510574542,1091093.5481412227,1092231.4591922802,1132231.4591922802
837,sambas_province,south_east_asia,6,7313.226298657316,864462.4287058562,871775.6550045134,1130775.6550045134
838,boruca_province,north_america,7,2115.2754549588963,996942.1870426912,999057.4624976501,1130057.4624976502
839,bastar_province,south_asia,9,541700.8545394259,0.0,541700.8545394259,1128700.854539426
840,huaian_province,east_asia,6,1000514.6409786611,0.0,1000514.6409786611,1128514.6409786611
841,lamogai_province,pacific_islands,4,0.0,943912.8794028058,943912.8794028058,1127912.8794028058
842,orissa_garjats,south_asia,12,558675.9418456734,0.0,558675.9418456734,1125675.9418456734
843,gojjam_province,east_africa,5,63588.721713800405,877068.6022141572,940657.3239279577,1125657.3239279578
844,menahkwesk_province,north_america,6,2841.431003643608,929909.6948738483,932751.1258774919,1124751.1258774921
845,piumhi_province,south_america,4,0.0,983633.4090679612,983633.4090679612,1122633.4090679612
846,oromia_province,east_africa,6,298300.3942825083,463167.11804117414,761467.5123236824,1122467.5123236824
847,hum_province,eastern_europe,5,1678.8462188551714,598213.8342044307,599892.6804232858,1121892.6804232858
848,cuetlaxtlan_province,north_america,6,67514.36573169654,452313.20849324146,519827.57422493806,1121827.574224938
849,lower_jambi_province,south_east_asia,6,521.8628144275972,746847.523473847,747369.3862882745,1121369.3862882745
850,ewaso_ngiro_province,east_africa,4,985343.7716060154,0.0,985343.7716060154,1121343.7716060155
851,onyotaaka_province,north_america,4,767.9055220343391,1074053.846552875,1074821.7520749092,1120821.7520749092
852,kumaon_province,south_asia,8,52052.10134097791,807155.5287606909,859207.6301016689,1119207.6301016689
853,abarkuh_province,middle_east,6,1029060.6488343895,0.0,1029060.6488343895,1119060.6488343894
854,bolshoy_uluy_province,north_asia,5,5708.469824249185,1054826.8805859676,1060535.3504102167,1118535.3504102167
855,cherepoves_province,eastern_europe,7,1627.068374349145,940439.5555117413,942066.6238860905,1117066.6238860905
856,htamanthi_province,south_east_asia,6,36584.88767887872,976481.4191425607,1013066.3068214394,1117066.3068214394
857,hissar_province,central_asia,8,470515.80999382236,278309.24200269615,748825.0519965185,1114825.0519965184
858,kaska_province,north_america,6,0.0,1038025.4347024971,1038025.4347024971,1114025.434702497
859,dorogobuzh_province,eastern_europe,6,1637.7465179440558,609685.2934097406,611323.0399276846,1112323.0399276847
860,ochyor_province,eastern_europe,5,95.09822680279578,543575.6042402773,543670.7024670802,1111670.7024670802
861,taihe_province,east_asia,5,423.56368478635204,497831.6794038784,498255.2430886647,1111255.2430886647
862,godwar,south_asia,5,951642.6606327388,0.0,951642.6606327388,1110642.6606327388
863,kurla_province,east_asia,3,1089175.37142007,0.0,1089175.37142007,1110175.37142007
864,cuauhtochco_province,north_america,4,36716.34840056538,809086.925838219,845803.2742387843,1107803.2742387843
865,itapicuru_province,south_america,10,593927.812717569,47743.213454266486,641671.0261718355,1105671.0261718354
866,nizwa_province,middle_east,7,998358.1316773922,0.0,998358.1316773922,1105358.1316773922
867,metztitlan_province,north_america,4,25844.343966043,854060.6594718728,879905.0034379158,1103905.0034379158
868,shunyuan_province,east_asia,8,1743.0209414419091,877636.0076048117,879379.0285462536,1103379.0285462537
869,waccamaw_province,north_america,5,45937.484173740515,1007760.6780012082,1053698.1621749487,1102698.1621749487
870,north_dalmatia_province,eastern_europe,5,20383.510160495964,438613.44098169915,458996.9511421951,1098996.9511421951
871,myaungmya_province,south_east_asia,6,228697.716429695,688986.3753738655,917684.0918035605,1098684.0918035605
872,okanagan_province,north_america,6,32862.22752622053,788629.9183428505,821492.145869071,1098492.1458690711
873,verkh_chebula_province,north_asia,4,2897.1748567638974,1023775.1107753473,1026672.2856321112,1097672.2856321111
874,hitachi_province,east_asia,7,2153.9134734430095,707791.4041781723,709945.3176516154,1096945.3176516155
875,northwest_numu_province,north_america,7,750419.5219436273,75022.52416331522,825442.0461069425,1096442.0461069425
876,winnipegosis_province,north_america,3,6556.586180390066,1002952.651636438,1009509.2378168281,1094509.237816828
877,jianning_province,east_asia,7,257.70525155767933,513197.7978822904,513455.5031338481,1094455.503133848
878,ningzhou_province,east_asia,5,133.7931774954562,519264.8922611308,519398.6854386263,1094398.6854386262
879,turinsk_province,eastern_europe,7,5596.194040376374,920770.9474318434,926367.1414722197,1094367.1414722197
880,chalbi_province,east_africa,3,1035062.428899265,0.0,1035062.428899265,1093062.4288992651
881,kuripan_province,south_east_asia,6,2675.542421275163,1041025.6361147352,1043701.1785360103,1091701.1785360104
882,kudat_province,south_east_asia,6,1416.1004009733488,953674.1401299168,955090.2405308902,1089090.2405308902
883,cheorwon_province,east_asia,5,729.0228503634387,1016675.2027386648,1017404.2255890283,1088404.2255890283
884,balkh_province,central_asia,8,823304.1748648407,0.0,823304.1748648407,1084304.1748648407
885,doeg_province,north_america,3,1275.5477538371408,1060252.198725547,1061527.7464793841,1082527.7464793841
886,alasha_province,east_asia,5,892471.5675013056,0.0,892471.5675013056,1081471.5675013056
887,amol_province,central_asia,5,1007410.9784036193,0.0,1007410.9784036193,1079410.9784036193
888,al_hisu_province,middle_east,6,951325.6067166469,0.0,951325.6067166469,1079325.606716647
889,mweru_province,central_africa,10,672051.9341149706,0.0,672051.9341149706,1079051.9341149707
890,doboka_province,eastern_europe,5,170.36339921332478,425323.52815796266,425493.89155717596,1078493.8915571761
891,wewoka_province,north_america,4,131092.7313629175,894842.1170088787,1025934.8483717962,1077934.8483717963
892,outaouais_province,north_america,5,100.66878854413922,921123.4188906206,921224.0876791647,1077224.0876791647
893,pologoye_zaymishche_province,eastern_europe,6,832354.452334916,0.0,832354.452334916,1076354.452334916
894,al_bayda_province,north_africa,4,966353.1279029669,0.0,966353.1279029669,1075353.127902967
895,jaisalmer_province,south_asia,4,901081.1741038936,0.0,901081.1741038936,1074081.1741038936
896,mudugh_province,east_africa,6,687955.9476869694,0.0,687955.9476869694,1073955.9476869695
897,mongnai_province,south_east_asia,6,28052.15638207307,632936.3552506643,660988.5116327374,1072988.5116327372
898,kracheh_province,south_east_asia,3,59603.17253050916,991820.8620565536,1051424.034587063,1072424.034587063
899,central_doab_province,south_asia,4,519247.82497831667,0.0,519247.82497831667,1071247.8249783167
900,faraveh_province,central_asia,7,913888.7542470363,0.0,913888.7542470363,1070888.7542470363
901,rey_province,middle_east,8,831761.3371434832,0.0,831761.3371434832,1069761.3371434833
902,suzun_province,north_asia,5,54526.07260566503,854568.3955846322,909094.4681902971,1069094.468190297
903,rechna_doab_province,south_asia,8,865808.7820583419,0.0,865808.7820583419,1068808.782058342
904,paxtang_province,north_america,3,1818.4008817468782,1037434.4852541444,1039252.8861358913,1067252.8861358913
905,kharakhoen_province,southern_africa,4,1004057.0445747783,0.0,1004057.0445747783,1067057.0445747783
906,nguru_province,west_africa,4,907859.2530141231,0.0,907859.2530141231,1066859.253014123
907,caly_province,south_america,7,2206.9426156966406,562412.4264357168,564619.3690514135,1066619.3690514134
908,tulsa_province,north_america,3,111649.37126877086,850328.4164471953,961977.7877159661,1065977.787715966
909,tugaloo_province,north_america,4,3334.64673868102,853257.8321700001,856592.4789086811,1065592.478908681
910,hamadan_province,middle_east,7,892401.5186358475,0.0,892401.5186358475,1064401.5186358476
911,jawf_province,middle_east,5,888012.533591208,0.0,888012.533591208,1064012.533591208
912,makuria_province,east_africa,5,894680.0995387078,0.0,894680.0995387078,1063680.0995387076
913,kolomna_province,eastern_europe,6,1654.8169536451994,611643.0054367606,613297.8223904059,1063297.822390406
914,ogoki_province,north_america,8,0.0,828069.919649913,828069.919649913,1063069.919649913
915,grande_province,south_america,8,666156.7559851136,231157.41764787748,897314.173632991,1062314.173632991
916,suifun_province,east_asia,5,414.6956483393342,873842.2494743263,874256.9451226655,1060256.9451226655
917,north_turkana_province,east_africa,4,847774.0222986427,0.0,847774.0222986427,1059774.0222986427
918,waropen_province,pacific_islands,6,0.0,745798.4232176627,745798.4232176627,1057798.4232176626
919,shuntaneshnanga_province,north_america,5,132885.21943143944,698767.9555696776,831653.1750011172,1057653.1750011172
920,upper_yenisei_province,east_asia,4,2692.579800026544,862288.3240203098,864980.9038203364,1055980.9038203363
921,mayaimi_province,north_america,5,191426.3420042668,505549.56834100955,696975.9103452764,1052975.9103452764
922,arid_province,middle_east,5,960947.0468353448,0.0,960947.0468353448,1052947.0468353448
923,bornu_province,west_africa,5,871262.7508987996,0.0,871262.7508987996,1052262.7508987996
924,ufa_province,eastern_europe,4,4211.415366338608,871113.8470090162,875325.2623753548,1051325.2623753548
925,baoqing_province,east_asia,6,1763.4026402900536,960905.5113429837,962668.9139832738,1047668.9139832738
926,gaspe_province,north_america,8,3569.253452602994,518455.3835161239,522024.63696872693,1047024.636968727
927,tuckabutche_province,north_america,3,21861.045113547938,977683.6975421002,999544.7426556482,1046544.7426556482
928,sozak_province,central_asia,6,889508.8563643963,0.0,889508.8563643963,1046508.8563643963
929,bassa_province,west_africa,4,5632.947011841025,862395.2604534482,868028.2074652892,1046028.2074652892
930,bayamo_province,north_america,8,566879.55563163,0.0,566879.55563163,1045879.55563163
931,lika_province,eastern_europe,7,16882.66674851305,730796.4817421084,747679.1484906215,1045679.1484906215
932,weeminuche_province,north_america,5,371740.156615736,222375.2442826746,594115.4008984107,1045115.4008984107
933,puadh_province,south_asia,6,535621.5129633241,0.0,535621.5129633241,1044621.5129633241
934,mbekuru_province,east_africa,3,51871.65030015677,924971.9060541182,976843.556354275,1042843.556354275
935,tepecoacuilco_province,north_america,6,19583.954010616668,766181.6277176485,785765.5817282652,1042765.5817282652
936,khukhan_province,south_east_asia,5,170555.3623468682,702688.4647132158,873243.8270600841,1041243.8270600841
937,kiokee_province,north_america,4,39092.34032842169,793996.0679179896,833088.4082464112,1041088.4082464112
938,qiongzhou_province,east_asia,7,20306.171715279634,662031.6365834005,682337.8082986801,1040337.8082986802
939,nafud_province,middle_east,6,850319.4880754098,0.0,850319.4880754098,1038319.4880754098
940,ganggye_province,east_asia,5,1068.8427540250539,948056.561773041,949125.404527066,1038125.404527066
941,guancavilca_province,south_america,9,15715.365840555101,339102.7107527117,354818.07659326674,1037818.0765932667
942,lower_onon_province,east_asia,4,1201.0700157195408,942745.3623300025,943946.432345722,1036946.432345722
943,wadai_province,central_africa,5,921906.097804292,0.0,921906.097804292,1036906.097804292
944,bali_province,south_east_asia,5,28210.81334854787,742107.0557643832,770317.8691129311,1036317.8691129311
945,shinano_province,east_asia,11,253.707321202331,656517.2797525352,656770.9870737375,1035770.9870737375
946,tafilalt_province,north_africa,6,767183.6556431054,0.0,767183.6556431054,1035183.6556431054
947,chizhou_province,east_asia,5,2952.7850407754095,628242.9568462478,631195.7418870232,1034195.7418870232
948,melamela_province,pacific_islands,4,0.0,450442.66480523115,450442.66480523115,1030442.6648052312
949,dumka_province,south_asia,6,190076.86248319596,393374.43047547387,583451.2929586698,1029451.2929586698
950,kespukwitkw_province,north_america,7,7432.325634292013,582757.7932700652,590190.1189043572,1028190.1189043572
951,ningbo_province,east_asia,6,8375.836359513083,283675.60367474414,292051.44003425725,1027051.4400342572
952,zagreb_province,eastern_europe,6,64851.10409282888,572034.5363693282,636885.6404621571,1025885.6404621571
953,choco_province,south_america,8,14185.160846037628,943734.9529223319,957920.1137683695,1024920.1137683695
954,potomac_province,north_america,4,3274.6760121014013,937474.3567048456,940749.0327169469,1022749.0327169469
955,manado_province,south_east_asia,6,610.008320506568,434301.60354813596,434911.6118686425,1021911.6118686425
956,xinzhou_sichuan_province,east_asia,4,294.2726346608438,516894.32539236115,517188.598027022,1021188.598027022
957,aztatlan_province,north_america,4,154900.83904791586,399424.55004888057,554325.3890967964,1020325.3890967964
958,upper_gafana_province,east_africa,5,581327.0033923406,22612.82672649115,603939.8301188317,1019939.8301188317
959,hadejia_province,west_africa,6,707577.176061741,0.0,707577.176061741,1019577.176061741
960,birjand_province,middle_east,7,949497.793251581,0.0,949497.793251581,1019497.793251581
961,north_benin_province,west_africa,6,164306.12041779002,586666.6774773918,750972.7978951817,1018972.7978951817
962,taoer_province,east_asia,6,121448.0673338518,505403.6607279993,626851.7280618511,1015851.7280618511
963,mattagami_province,north_america,7,1810.574941437707,729473.7832071878,731284.3581486255,1013284.3581486254
964,riau_indragiri_province,south_east_asia,5,238.66285629622303,670039.7081724099,670278.3710287062,1013278.3710287062
965,upper_marathwada,south_asia,9,206026.77686649832,0.0,206026.77686649832,1013026.7768664983
966,lamandau_province,south_east_asia,6,404.81162486780073,903414.8855862285,903819.6972110963,1012819.6972110963
967,chol_province,east_asia,4,15169.132768164427,940287.5363937984,955456.6691619628,1012456.6691619628
968,ve_nadu,south_asia,5,84747.55514916466,684676.8491641965,769424.4043133612,1012424.4043133612
969,furat_province,middle_east,4,983234.3279480063,0.0,983234.3279480063,1012234.3279480063
970,ashca_province,south_america,14,772835.3789599608,0.0,772835.3789599608,1011835.3789599608
971,galich_province,eastern_europe,6,84.35843163203472,925491.8260576414,925576.1844892735,1011576.1844892735
972,samarra_province,middle_east,6,804391.238077804,0.0,804391.238077804,1011391.238077804
973,hali_province,middle_east,9,865603.1370238793,0.0,865603.1370238793,1010603.1370238793
974,sana_province,middle_east,10,731057.1886915823,0.0,731057.1886915823,1010057.1886915823
975,riau_rokan_province,south_east_asia,6,861.937878368715,799961.5385574927,800823.4764358614,1009823.4764358614
976,aures_province,north_africa,6,800641.1205915492,0.0,800641.1205915492,1009641.1205915492
977,vitebsk_province,eastern_europe,8,1391.1657598882146,930047.4793679429,931438.6451278311,1009438.6451278311
978,heeyoteeyo_province,north_america,3,762201.6717806435,0.0,762201.6717806435,1008201.6717806435
979,gaizhou_province,east_asia,5,12265.021646171841,709921.0255784753,722186.0472246471,1008186.0472246471
980,hayre_province,west_africa,5,758162.558461939,0.0,758162.558461939,1008162.558461939
981,guayana_province,south_america,2,0.0,954159.8810852456,954159.8810852456,1008159.8810852456
982,bagirmi_province,central_africa,4,774930.9375216848,0.0,774930.9375216848,1007930.9375216848
983,hawran_province,middle_east,7,881498.9007722661,0.0,881498.9007722661,1004498.9007722661
984,jebel_akhdar_province,north_africa,4,683493.0510256358,0.0,683493.0510256358,1004493.0510256358
985,karagau_province,central_asia,5,816986.4297509835,0.0,816986.4297509835,1002986.4297509835
986,jech_doab,south_asia,6,439417.7528876647,0.0,439417.7528876647,1002417.7528876647
987,vanni,south_asia,4,341508.5433127774,76756.22645871797,418264.76977149537,1002264.7697714954
988,ishikari_province,east_asia,7,1510.5272933465794,756927.1399423713,758437.6672357179,999437.667235718
989,kissi_province,west_africa,6,889048.0346018036,0.0,889048.0346018036,999048.0346018036
990,western_adamawa_province,central_africa,7,422170.3746130099,287793.9351793915,709964.3097924015,998964.3097924015
991,oklahannali_province,north_america,3,3882.9017505232177,971519.5988383313,975402.5005888545,998402.5005888545
992,bisert_province,eastern_europe,5,199.95114315954652,781938.6319712038,782138.5831143634,997138.5831143634
993,shire_province,southern_africa,5,103309.43008377144,456143.94861189235,559453.3786956639,996453.3786956639
994,kuda_nadu,south_asia,7,124758.04134229325,579190.1419349789,703948.1832772722,995948.1832772722
995,santubong_province,south_east_asia,5,738.7850593162711,866802.5042227434,867541.2892820598,992541.2892820598
996,karta_pintingga_province,australasia,11,320074.46959275915,0.0,320074.46959275915,992074.4695927592
997,sosso_province,west_africa,6,460974.55587450607,0.0,460974.55587450607,991974.555874506
998,wemba_wemba_province,australasia,13,479945.0851618943,35283.08844968469,515228.17361157906,991228.173611579
999,yongzhou_province,east_asia,5,2456.45046740826,868104.2708807467,870560.7213481548,990560.7213481548
1000,bortala_province,east_asia,5,621553.7076153385,80243.36461868706,701797.0722340256,989797.0722340256
1001,hamheung_province,east_asia,4,310.3487912633984,870425.9517778751,870736.3005691385,989736.3005691385
1002,banggai_province,south_east_asia,6,748.7326905062745,686708.5584857375,687457.2911762438,989457.2911762437
1003,chenzhou_province,east_asia,6,258.84315551935583,697366.2663040061,697625.1094595254,988625.1094595254
1004,north_shuswap_province,north_america,6,420.94089557216955,659913.3668641814,660334.3077597535,988334.3077597535
1005,waalo_province,west_africa,3,935137.6477811167,0.0,935137.6477811167,988137.6477811167
1006,gird,south_asia,8,535015.919129048,0.0,535015.919129048,987015.919129048
1007,kelif_province,central_asia,7,871151.3396987156,0.0,871151.3396987156,984151.3396987156
1008,upper_kapuas_province,south_east_asia,5,24.564129253000136,862763.5420813827,862788.1062106357,983788.1062106357
1009,farghana_province,central_asia,5,492767.14182657027,4525.312149987474,497292.45397655776,983292.4539765577
1010,tlapan_province,north_america,5,40627.04077357754,764347.6031825778,804974.6439561553,980974.6439561553
1011,guizhou_province,east_asia,7,2046.9222019222825,752635.2975464831,754682.2197484053,979682.2197484054
1012,jiujiang_province,east_asia,5,5547.103992976724,434352.8890298002,439899.9930227769,978899.9930227769
1013,riau_kampar_province,south_east_asia,6,2642.227009728085,823149.2758409627,825791.5028506907,978791.5028506907
1014,tidni_province,australasia,10,539185.6727711998,0.0,539185.6727711998,978185.6727711998
1015,khash_province,middle_east,4,925197.2340000742,0.0,925197.2340000742,977197.2340000742
1016,nagornaya_province,eastern_europe,8,1383.4651313133268,802454.2064115765,803837.6715428898,975837.6715428898
1017,zhangzhou_province,east_asia,9,4197.117950928628,545590.6118780222,549787.7298289508,974787.7298289508
1018,luzhkaya_province,eastern_europe,8,4177.389286740097,902477.3218330584,906654.7111197985,974654.7111197985
1019,river_dakelh_province,north_america,7,7016.138542207931,609626.8262558252,616642.9647980331,974642.9647980331
1020,fuzhou_province,east_asia,8,1599.4200394340062,460023.94902921276,461623.36906864675,974623.3690686468
1021,bheri_province,south_asia,7,7669.973494885994,763625.2818604829,771295.2553553688,971295.2553553688
1022,melawai_province,south_east_asia,5,1113.1960825237081,932946.2239234415,934059.4200059652,971059.4200059652
1023,ilibalyk_province,central_asia,7,501186.1156221103,157623.71689030546,658809.8325124158,970809.8325124157
1024,lucknow_province,south_asia,5,419229.18335873727,0.0,419229.18335873727,970229.1833587373
1025,delhi_province,south_asia,5,524028.71922217857,0.0,524028.71922217857,970028.7192221786
1026,elki_province,south_america,7,459047.34623581596,0.0,459047.34623581596,969047.3462358159
1027,golconda_province,south_asia,14,179168.02838024966,0.0,179168.02838024966,968168.0283802496
1028,samegrelo_province,eastern_europe,6,1375.8966301380106,495393.5670841611,496769.46371429914,967769.4637142991
1029,mbwila_province,central_africa,7,82068.07295483226,416469.3280711236,498537.40102595586,966537.4010259558
1030,gorgan_province,middle_east,9,662397.8089288553,0.0,662397.8089288553,966397.8089288553
1031,tara_province,north_asia,5,7079.807236005782,785795.1518321553,792874.9590681612,965874.9590681612
1032,bidai_province,north_america,4,116533.652313189,725508.0241828569,842041.6764960459,964041.6764960459
1033,south_betsimisaraka_province,east_africa,4,4170.618160008624,770779.6384337366,774950.2565937452,963950.2565937452
1034,tsenacommacah_province,north_america,5,18553.907574838064,787670.9807319345,806224.8883067726,963224.8883067727
1035,basra_province,middle_east,7,823177.1527282093,0.0,823177.1527282093,962177.1527282093
1036,tongzhou_province,east_asia,3,112613.44994998162,207180.67906827488,319794.1290182565,961794.1290182564
1037,gyeongju_province,east_asia,6,363.7117216838121,780037.4564328906,780401.1681545745,961401.1681545745
1038,sambalpur_garjats,south_asia,9,485204.04035805224,89939.19630908607,575143.2366671383,961143.2366671383
1039,chuzhou_zhejiang_province,east_asia,10,118.43744085220177,426771.64174596366,426890.0791868159,960890.0791868159
1040,chambeshi_province,east_africa,6,420869.63091975485,358556.68569283135,779426.3166125863,960426.3166125863
1041,muskegon_province,north_america,3,13418.587133975909,918958.0823596364,932376.6694936124,960376.6694936124
1042,casamance_province,west_africa,7,644151.0773089888,0.0,644151.0773089888,959151.0773089888
1043,bungku_province,south_east_asia,5,1143.4240390941272,723711.4496655732,724854.8737046673,958854.8737046672
1044,chach_province,central_asia,7,550828.5360312447,134519.5467137659,685348.0827450105,958348.0827450105
1045,shekhawati,south_asia,4,599145.1245892122,0.0,599145.1245892122,958145.1245892122
1046,khandesh,south_asia,10,457552.337635789,0.0,457552.337635789,955552.337635789
1047,tesinigh_province,north_america,3,1214.079130271453,930455.9176851264,931669.9968153979,954669.9968153979
1048,tasmania_province,australasia,9,0.0,562922.8820514323,562922.8820514323,951922.8820514323
1049,yanping_province,east_asia,7,128.478497181286,558671.1705850472,558799.6490822285,951799.6490822285
1050,bonny_province,west_africa,6,4180.883146646629,662369.8770962398,666550.7602428865,949550.7602428865
1051,dosso_province,west_africa,5,851215.7651616081,0.0,851215.7651616081,949215.7651616081
1052,boussouma_province,west_africa,6,465581.5333775308,0.0,465581.5333775308,948581.5333775308
1053,tes_province,east_asia,5,62570.80761329709,620615.6458084944,683186.4534217914,948186.4534217914
1054,palawan_province,south_east_asia,5,4897.171233457018,683460.3689236445,688357.5401571016,946357.5401571016
1055,bangka_province,south_east_asia,4,815.6935171512296,543774.2159392091,544589.9094563603,945589.9094563603
1056,halab_province,middle_east,8,679308.295803968,0.0,679308.295803968,945308.295803968
1057,red_sea_coast_province,north_africa,5,851223.8819388445,0.0,851223.8819388445,945223.8819388445
1058,bhattiana_province,south_asia,4,703963.4359086277,0.0,703963.4359086277,943963.4359086277
1059,astrakhan_province,eastern_europe,4,787802.8689263107,0.0,787802.8689263107,943802.8689263107
1060,timbuktu_province,west_africa,5,775082.8280464562,0.0,775082.8280464562,941082.8280464562
1061,north_muntenia_province,eastern_europe,8,9517.007074959582,450556.901014264,460073.90808922355,940073.9080892236
1062,hims_province,middle_east,8,702795.6620856466,0.0,702795.6620856466,939795.6620856466
1063,barysaw_province,eastern_europe,5,2.6449304617964966,434404.36068351683,434407.00561397866,938407.0056139787
1064,west_kra_province,south_east_asia,5,31473.482259431494,608724.813298803,640198.2955582344,938198.2955582344
1065,hengzhou_province,east_asia,5,3885.903413469203,709242.3557902372,713128.2592037064,938128.2592037064
1066,raqqa_province,middle_east,6,788778.3571167126,0.0,788778.3571167126,937778.3571167126
1067,moscow_province,eastern_europe,6,2016.2432185834418,627561.9923842249,629578.2356028083,936578.2356028084
1068,bolon_province,east_asia,6,55188.2591787235,727077.1104050521,782265.3695837756,936265.3695837756
1069,huizhou_province,east_asia,7,87.5058273859041,383455.45341750653,383542.95924489247,934542.9592448925
1070,nistassinan_province,north_america,10,829.7092451127307,534556.9865872187,535386.6958323314,934386.6958323314
1071,nanen_province,east_asia,6,18157.04284301902,445141.57842831244,463298.62127133145,934298.6212713314
1072,east_fezzan_province,north_africa,5,768244.9052069538,0.0,768244.9052069538,933244.9052069538
1073,smolensk_province,eastern_europe,6,878.9929410408486,630732.8000444346,631611.7929854754,932611.7929854754
1074,damot_province,east_africa,3,13640.297343775524,854657.5345551034,868297.8318988788,932297.8318988788
1075,tu_nedhe_province,north_america,5,0.0,782354.6345584706,782354.6345584706,931354.6345584705
1076,oklafalaya_province,north_america,3,2986.418321695575,844275.0714227689,847261.4897444644,929261.4897444644
1077,wetsuweten_province,north_america,7,72.00049416657973,756097.6108146571,756169.6113088236,928169.6113088236
1078,taungoo_province,south_east_asia,5,57154.10394975973,735100.0588163941,792254.1627661537,927254.1627661537
1079,nura_province,central_asia,5,599459.5879385176,0.0,599459.5879385176,926459.5879385176
1080,kongu_nadu,south_asia,11,254377.19056989957,14791.626758632685,269168.8173285322,926168.8173285322
1081,mocama_province,north_america,4,61375.47451149979,559826.8414628733,621202.315974373,925202.315974373
1082,coyolapan_province,north_america,6,0.0,707625.6220237302,707625.6220237302,923625.6220237302
1083,bezanozano_province,east_africa,4,54832.63133355623,684703.3247989645,739535.9561325207,923535.9561325207
1084,shaozhou_province,east_asia,5,32.041026607270936,389265.1363588337,389297.17738544097,923297.1773854409
1085,amur_province,east_asia,6,0.0,856944.864012944,856944.864012944,922944.864012944
1086,kilemba_province,central_africa,7,119647.41389196143,166349.27442219015,285996.6883141516,920996.6883141516
1087,shashe_province,southern_africa,6,595151.8247038303,0.0,595151.8247038303,920151.8247038303
1088,wiskapella_province,north_america,3,874905.3774791358,0.0,874905.3774791358,916905.3774791358
1089,chyorny_yar_province,eastern_europe,6,696304.8621270852,0.0,696304.8621270852,915304.8621270852
1090,szekelyfold_province,eastern_europe,9,1222.974865213098,454771.8698219069,455994.84468712,914994.84468712
1091,shackamaxon_province,north_america,3,449.24489194537006,851911.3116550473,852360.5565469927,914360.5565469927
1092,gobir_province,west_africa,4,780120.0776551651,0.0,780120.0776551651,913120.0776551651
1093,kanpeska_province,north_america,6,649665.3611419263,0.0,649665.3611419263,912665.3611419263
1094,ural_province,central_asia,8,433566.7661009266,246611.2264542161,680177.9925551428,912177.9925551427
1095,seogyeong_province,east_asia,6,4279.533970885053,808021.9124208371,812301.4463917221,910301.4463917221
1096,batina_province,middle_east,7,840923.8065876564,0.0,840923.8065876564,907923.8065876564
1097,kuizhou_province,east_asia,8,598.6930126421328,728233.996305282,728832.6893179241,907832.6893179241
1098,tengiz_province,central_asia,4,620258.4735155974,0.0,620258.4735155974,907258.4735155973
1099,wotapio_province,north_america,7,629153.7806403704,0.0,629153.7806403704,907153.7806403704
1100,kitami_province,east_asia,7,2157.538830797431,613961.6428927224,616119.1817235198,907119.1817235198
1101,west_rukwa_province,east_africa,4,802677.2149361639,0.0,802677.2149361639,906677.2149361639
1102,vyazma_province,eastern_europe,5,1613.7411593208053,516624.8660858219,518238.6072451427,905238.6072451427
1103,salin_province,south_east_asia,4,57158.25564479153,653202.0935206407,710360.3491654323,902360.3491654323
1104,oued_edhahab_province,north_africa,4,808251.4272312734,0.0,808251.4272312734,902251.4272312734
1105,cola_nadu,south_asia,12,315484.3545622938,0.0,315484.3545622938,901484.3545622937
1106,yunnan_province,east_asia,5,3214.0074511788307,540779.4965398073,543993.503990986,900993.5039909862
1107,unzha_province,eastern_europe,5,102.07955431211235,841224.2950272964,841326.3745816086,899326.3745816086
1108,higo_province,east_asia,9,588.7184435008594,518166.43023872597,518755.1486822268,897755.1486822268
1109,mbunda_province,central_africa,12,214381.64741308356,107780.41652782192,322162.06394090544,897162.0639409055
1110,imereti_province,eastern_europe,8,615.083455562231,296393.7056996608,297008.78915522306,897008.789155223
1111,caracas_province,south_america,6,284892.9654932135,488999.74348649074,773892.7089797042,896892.7089797042
1112,beryozovka_province,eastern_europe,7,31.51578009579431,812665.8642758331,812697.3800559288,896697.3800559288
1113,acarau_province,south_america,11,277214.4470195817,0.0,277214.4470195817,896214.4470195817
1114,dongnae_province,east_asia,4,712.1643876569065,601575.6227975732,602287.7871852301,895287.7871852301
1115,tomatlan_province,north_america,4,45487.13004289086,584144.885967946,629632.0160108368,894632.0160108369
1116,mzab_province,north_africa,4,615347.3355590204,0.0,615347.3355590204,894347.3355590204
1117,maidu_province,north_america,5,389374.87662302546,270768.45001503406,660143.3266380596,894143.3266380596
1118,orinucu_province,south_america,7,161827.7149175587,499277.902890646,661105.6178082047,894105.6178082047
1119,kayalyk_province,central_asia,7,563738.6083782772,0.0,563738.6083782772,893738.6083782772
1120,saguia_el_hamra_province,north_africa,4,837043.2389097151,0.0,837043.2389097151,893043.2389097151
1121,trakamma_province,southern_africa,6,663889.3904132157,0.0,663889.3904132157,892889.3904132157
1122,karankawa_province,north_america,5,632837.1473084502,0.0,632837.1473084502,891837.1473084502
1123,selemdzha_province,east_asia,7,290.4425273082208,391316.1912696657,391606.63379697397,891606.633796974
1124,piracicaba_province,south_america,3,0.0,857961.3412309777,857961.3412309777,890961.3412309777
1125,ai_ais_province,southern_africa,5,484782.7128071387,0.0,484782.7128071387,886782.7128071387
1126,nanticoke_province,north_america,3,110856.29408410573,579508.814331471,690365.1084155766,886365.1084155766
1127,cascadia_province,north_america,6,6865.438919149515,765059.4878587713,771924.9267779208,885924.9267779208
1128,vidin_province,eastern_europe,8,17456.327830301154,88386.75532761123,105843.08315791238,885843.0831579124
1129,utembo_province,central_africa,8,553723.011588394,0.0,553723.011588394,885723.011588394
1130,sirpur_province,south_asia,8,349555.22286895383,0.0,349555.22286895383,885555.2228689538
1131,thanh_hoa_province,south_east_asia,5,6422.579848728729,576717.34958102,583139.9294297487,885139.9294297487
1132,north_selish_province,north_america,5,6511.306716536223,813065.28078229,819576.5874988262,884576.5874988262
1133,mzingwane_province,southern_africa,7,548535.1428143012,0.0,548535.1428143012,884535.1428143013
1134,eastern_gobi_province,east_asia,6,781382.5146570714,0.0,781382.5146570714,884382.5146570714
1135,ahom_province,south_asia,4,3854.5566959042476,454127.02344112843,457981.58013703267,883981.5801370327
1136,malheur_province,north_america,6,643806.9037484998,0.0,643806.9037484998,883806.9037484998
1137,iwase_province,east_asia,10,1533.658563147033,618727.6764573056,620261.3350204526,883261.3350204526
1138,hue_province,south_east_asia,4,15082.058727222246,774868.0447364822,789950.1034637045,882950.1034637045
1139,gatineau_province,north_america,7,72.11681032978345,703830.1750595125,703902.2918698422,882902.2918698422
1140,lukuga_province,east_africa,10,344459.6369548208,61198.23641806796,405657.8733728887,882657.8733728887
1141,greater_ussuri_province,east_asia,6,597.4829354226274,780570.5232981523,781168.0062335749,882168.0062335749
1142,xokleng_province,south_america,5,55.23950783913433,792820.4924340206,792875.7319418597,881875.7319418597
1143,northern_vancouver_province,north_america,5,156.79935483461838,224436.64748228353,224593.44683711813,881593.4468371181
1144,awadh_province,south_asia,4,431097.74632989406,0.0,431097.74632989406,881097.746329894
1145,chan_chan_province,south_america,11,508430.124656858,1618.5919860795718,510048.71664293756,881048.7166429376
1146,north_oltenia_province,eastern_europe,7,5813.7062438427065,554027.419134082,559841.1253779246,880841.1253779246
1147,ingatambo_province,south_america,7,0.0,572816.693417547,572816.693417547,879816.693417547
1148,qalancak_province,eastern_europe,6,399510.9442748248,0.0,399510.9442748248,879510.9442748248
1149,tokachi_province,east_asia,7,1117.2577127946165,723200.5525714067,724317.8102842013,879317.8102842013
1150,lower_ghaghara_province,south_asia,6,13129.807612742014,709327.0778261957,722456.8854389378,877456.8854389378
1151,banaro_province,pacific_islands,5,694.7663822010943,669344.1578172824,670038.9241994835,877038.9241994835
1152,gorontalo_province,south_east_asia,7,35.745605133401085,632263.2504712101,632298.9960763435,876298.9960763435
1153,guiyang_province,east_asia,5,1379.428585200757,796696.0331308453,798075.4617160461,876075.4617160461
1154,malvana,south_asia,4,236449.4657493729,466314.7980890934,702764.2638384664,875764.2638384664
1155,loei_province,south_east_asia,5,43385.65365600069,658276.131472737,701661.7851287377,874661.7851287377
1156,zhamshy_province,central_asia,5,827315.4459153694,0.0,827315.4459153694,874315.4459153694
1157,derevskaya_province,eastern_europe,7,396.7404973003041,673454.2982007691,673851.0386980695,873851.0386980695
1158,mosopeleacipi_province,north_america,4,1162.0623838551705,844629.1466859018,845791.209069757,873791.209069757
1159,taiping_province,east_asia,3,8593.754769991434,264006.158546804,272599.9133167954,873599.9133167954
1160,lower_zambezi_province,southern_africa,4,601303.8192323227,93255.58541532606,694559.4046476488,872559.4046476488
1161,mecca_province,middle_east,7,667513.0269607811,0.0,667513.0269607811,871513.0269607811
1162,kostroma_province,eastern_europe,5,27.030110994804396,687403.2098533198,687430.2399643145,870430.2399643146
1163,xiangxiang_province,east_asia,5,3639.5747101731617,750519.4335675808,754159.0082777541,870159.0082777541
1164,east_nuwuvi_province,north_america,5,514826.98299353407,0.0,514826.98299353407,869826.9829935341
1165,muriae_province,south_america,6,0.0,636359.7843619545,636359.7843619545,869359.7843619545
1166,marandet_province,west_africa,3,714172.149491651,0.0,714172.149491651,869172.149491651
1167,yanbu_province,middle_east,6,593314.78672604,0.0,593314.78672604,868314.78672604
1168,donji_kraji_province,eastern_europe,4,671.683384603681,742673.8331762482,743345.5165608518,866345.5165608518
1169,polotsk_province,eastern_europe,6,889.4571607883764,573443.4507232097,574332.9078839981,866332.9078839981
1170,esfarayen_province,central_asia,7,676226.2786248381,0.0,676226.2786248381,866226.2786248381
1171,west_muntenia_province,eastern_europe,8,47362.225008652305,222729.35444756196,270091.57945621427,865091.5794562143
1172,tariaca_province,north_america,6,5326.682898517438,557466.3777704855,562793.0606690029,864793.0606690029
1173,barat_daya_province,south_east_asia,7,31178.966288763408,464867.9141890586,496046.880477822,863046.8804778219
1174,sicheng_province,east_asia,6,13.588495816201561,325605.19633602956,325618.7848318458,862618.7848318457
1175,gourara_province,north_africa,4,795434.6465932251,0.0,795434.6465932251,862434.6465932252
1176,onondagega_province,north_america,3,370.7729480525307,840646.6684321074,841017.44138016,862017.44138016
1177,touggourt_province,north_africa,4,622561.4130485301,0.0,622561.4130485301,861561.4130485301
1178,buandig_province,australasia,11,0.0,0.0,0.0,861000.0
1179,rikuzen_province,east_asia,9,27271.355061353024,564114.3324696663,591385.6875310192,860385.6875310193
1180,lages_province,south_america,4,2572.1625181528902,821474.9721788852,824047.1346970381,860047.1346970381
1181,tiz_province,middle_east,7,749392.7521787985,0.0,749392.7521787985,859392.7521787985
1182,jianchang_province,east_asia,4,85.15105725699502,367302.1043364218,367387.2553936788,859387.2553936788
1183,paraguana_province,south_america,8,508060.03415908315,0.0,508060.03415908315,859060.0341590832
1184,kabul_province,middle_east,7,243718.28195453176,88250.96564693675,331969.2476014685,858969.2476014685
1185,tobolsk_province,north_asia,5,17954.55799275058,549914.9614804859,567869.5194732364,857869.5194732364
1186,khulna_province,south_asia,6,130205.4611926993,365162.8958050654,495368.3569977647,856368.3569977647
1187,columbia_plateau_province,north_america,6,508512.0252216656,134585.8813158457,643097.9065375114,856097.9065375113
1188,asmat_province,pacific_islands,7,635.8148747714316,528270.6545476776,528906.4694224491,855906.4694224491
1189,monghsu_province,south_east_asia,5,30477.44449046385,663898.0852745058,694375.5297649697,855375.5297649697
1190,xunzhou_province,east_asia,5,2908.9458690142706,418142.4425481162,421051.38841713045,854051.3884171305
1191,verzhavsk_province,eastern_europe,6,1083.7109877921505,572913.3718131222,573997.0828009143,853997.0828009143
1192,toropets_province,eastern_europe,7,2191.1485422863425,729200.7526931567,731391.9012354431,853391.9012354431
1193,galam_province,west_africa,7,751818.9934057452,0.0,751818.9934057452,852818.9934057452
1194,totma_province,eastern_europe,8,872.3385330667602,708505.0372681608,709377.3758012276,849377.3758012276
1195,patzcuaro_province,north_america,7,10471.667937263424,167179.68012720667,177651.3480644701,848651.3480644702
1196,tejend_province,central_asia,4,760557.827958484,0.0,760557.827958484,848557.827958484
1197,kafiristan,south_asia,3,0.0,126391.9609778897,126391.9609778897,847391.9609778897
1198,kespek_province,north_america,7,799.9334157957517,662576.0445349921,663375.9779507878,847375.9779507878
1199,xingguo_province,east_asia,3,3846.762462756438,451085.28082026384,454932.04328302026,846932.0432830203
1200,chen_province,east_asia,6,877.5866322470813,649001.1838774265,649878.7705096736,846878.7705096736
1201,sisimbles_province,north_america,4,653812.8026371351,0.0,653812.8026371351,845812.8026371351
1202,mozhaysk_province,eastern_europe,6,2553.477374218088,681823.6020901726,684377.0794643908,845377.0794643908
1203,aru_province,south_east_asia,5,23119.16463045911,621097.1865660041,644216.3511964631,845216.3511964631
1204,perm_province,eastern_europe,5,495.9790242311111,668675.2510865115,669171.2301107426,843171.2301107426
1205,kuki_province,south_asia,5,616.7440463147775,390953.6458788799,391570.3899251947,842570.3899251947
1206,manikpur_province,south_asia,5,336267.71302988054,0.0,336267.71302988054,842267.7130298805
1207,middle_rufiji_province,east_africa,3,255244.31530041137,382515.2742846293,637759.5895850407,841759.5895850407
1208,kusiutta_province,north_america,6,626187.8150439607,2084.9750745648885,628272.7901185256,841272.7901185256
1209,kamma_nadu,south_asia,9,228242.2933259651,0.0,228242.2933259651,841242.2933259651
1210,lower_kagera_province,east_africa,5,224242.23779577072,312971.01261144213,537213.2504072129,841213.2504072128
1211,bezhetsk_province,eastern_europe,5,10.121664182596307,654127.927438795,654138.0491029776,839138.0491029776
1212,tetela_province,north_america,5,1998.6670595626445,373733.32540455426,375731.9924641169,838731.9924641169
1213,tondai_nadu,south_asia,10,366729.07418272056,0.0,366729.07418272056,838729.0741827206
1214,taskala_province,eastern_europe,5,614376.2004580507,0.0,614376.2004580507,838376.2004580507
1215,piterka_province,eastern_europe,7,280730.014883497,0.0,280730.014883497,837730.014883497
1216,sus_province,north_africa,10,667717.8954938849,0.0,667717.8954938849,837717.8954938849
1217,lavras_province,south_america,4,0.0,802341.9284195668,802341.9284195668,837341.9284195668
1218,lower_bundelkhand_province,south_asia,7,383893.9167072687,0.0,383893.9167072687,835893.9167072687
1219,bareilly_province,south_asia,4,210963.2732206867,349563.193817537,560526.4670382238,835526.4670382238
1220,mongkawng_province,south_east_asia,4,38376.03768772562,763823.56834911,802199.6060368356,835199.6060368356
1221,yuanzhou_province,east_asia,4,1278.5151942786847,312656.8892703887,313935.40446466743,833935.4044646674
1222,karasor_province,north_asia,4,594809.9476440793,0.0,594809.9476440793,833809.9476440793
1223,lufubu_province,east_africa,6,421204.8422314526,127599.80547563902,548804.6477070916,831804.6477070916
1224,sarybulak_province,north_asia,5,459142.7021047538,0.0,459142.7021047538,831142.7021047538
1225,lower_rajang_province,south_east_asia,5,75.9502927469339,728105.9430096473,728181.8933023942,827181.8933023943
1226,chanda_province,south_asia,5,348014.02576188016,0.0,348014.02576188016,826014.0257618802
1227,gonabad_province,middle_east,6,738492.394198479,0.0,738492.394198479,825492.394198479
1228,emin_province,central_asia,6,659219.3966355239,0.0,659219.3966355239,825219.3966355239
1229,sabzevar_province,central_asia,6,743070.4299144067,0.0,743070.4299144067,825070.4299144067
1230,nankang_province,east_asia,4,987.9264543973038,371967.53500722296,372955.46146162023,824955.4614616202
1231,missinaibi_province,north_america,7,2640.522632103389,613444.6999132844,616085.2225453878,824085.2225453878
1232,mait_province,south_east_asia,4,21764.286024266927,749172.525779993,770936.8118042599,823936.8118042599
1233,naryn_province,central_asia,6,0.0,459180.0636665221,459180.0636665221,823180.063666522
1234,tingzhou_province,east_asia,8,574.0560352029808,681441.9232520895,682015.9792872925,823015.9792872926
1235,liping_province,east_asia,7,45.59933211928399,534216.1654779194,534261.7648100386,822261.7648100386
1236,bahamas_province,north_america,10,407815.14571313193,0.0,407815.14571313193,821815.145713132
1237,nizhny_novgorod_province,eastern_europe,6,768.4159028040225,525940.9062748384,526709.3221776424,821709.3221776424
1238,dakahliyya_province,north_africa,5,413156.6645813422,0.0,413156.6645813422,821156.6645813421
1239,pothwar_province,south_asia,7,255929.07575688508,33125.56286423502,289054.6386211201,821054.6386211201
1240,mechetnaya_province,eastern_europe,7,253004.54937758978,0.0,253004.54937758978,821004.5493775897
1241,shilka_province,east_asia,4,240.00099284732605,557856.0981180703,558096.0991109175,820096.0991109175
1242,bangalore_province,south_asia,7,283736.77564020193,0.0,283736.77564020193,819736.775640202
1243,kahnuj_province,middle_east,4,788681.5060224802,0.0,788681.5060224802,817681.5060224802
1244,ski_iyo_he_province,north_america,5,408557.74021864275,0.0,408557.74021864275,817557.7402186427
1245,kanara,south_asia,5,112838.8740223771,323544.2931943332,436383.1672167103,817383.1672167103
1246,aacistak_province,north_america,4,657836.7775053545,0.0,657836.7775053545,816836.7775053545
1247,navarre_province,western_europe,8,40162.45474069484,438216.92535697046,478379.3800976653,816379.3800976654
1248,upper_onon_province,east_asia,4,6322.822864758358,359733.99642681645,366056.8192915749,816056.8192915749
1249,hetao_province,east_asia,3,563051.078307863,0.0,563051.078307863,816051.078307863
1250,pinya_province,south_east_asia,5,146139.20948231372,409953.4716834168,556092.6811657305,815092.6811657305
1251,taklamakan_province,east_asia,2,797498.6383254275,0.0,797498.6383254275,814498.6383254275
1252,sadiya_province,south_asia,8,8565.670281963152,608545.2710904345,617110.9413723976,814110.9413723976
1253,dikwa_province,west_africa,4,596920.9080394887,0.0,596920.9080394887,813920.9080394887
1254,zvenigorod_province,eastern_europe,6,1984.3606353794357,687444.715376588,689429.0760119675,813429.0760119675
1255,ndom_province,pacific_islands,5,35804.21501010694,673266.482905712,709070.697915819,813070.697915819
1256,quetta_province,middle_east,6,671664.3769843641,0.0,671664.3769843641,812664.3769843641
1257,mackinac_province,north_america,3,8299.528310775842,619476.649705223,627776.1780159989,809776.1780159989
1258,mandurah_province,australasia,6,454245.5008859288,0.0,454245.5008859288,809245.5008859287
1259,marib_province,middle_east,5,452865.17839471874,0.0,452865.17839471874,808865.1783947188
1260,kamensk_province,north_asia,4,2010.6456976164648,503386.39530200383,505397.0409996203,807397.0409996203
1261,doberai_province,pacific_islands,5,0.0,728401.0572695811,728401.0572695811,806401.0572695811
1262,malaya,south_asia,3,5119.392391133036,730973.8173846753,736093.2097758084,806093.2097758084
1263,farah_province,middle_east,6,716963.8150027569,0.0,716963.8150027569,805963.8150027569
1264,masqat_province,middle_east,7,645658.9359913426,0.0,645658.9359913426,805658.9359913426
1265,kasimov_province,eastern_europe,5,258.11633981529434,117521.61764079868,117779.73398061398,803779.733980614
1266,sipeknekatik_province,north_america,4,606.0067120623119,655973.0543588974,656579.0610709597,803579.0610709597
1267,mosul_province,middle_east,7,475208.2169527759,0.0,475208.2169527759,803208.2169527758
1268,cordillera_province,south_east_asia,4,1724.2287322043485,768644.6773280015,770368.9060602058,801368.9060602058
1269,alamamas_province,north_america,5,682567.2760642689,0.0,682567.2760642689,800567.2760642689
1270,bataih_province,middle_east,5,745618.240279081,0.0,745618.240279081,799618.240279081
1271,nema_province,eastern_europe,5,390.93537546180056,747018.9073190833,747409.8426945452,799409.8426945452
1272,lower_cagayan_province,south_east_asia,7,4463.580639494483,731640.2881895194,736103.8688290139,799103.8688290139
1273,albert_nile_province,east_africa,4,283562.5741401913,107795.37919433336,391357.95333452465,798357.9533345248
1274,em_dinaneni_province,southern_africa,5,524342.8723259179,0.0,524342.8723259179,796342.8723259179
1275,seram_province,south_east_asia,8,79.50161646904863,444225.5628477999,444305.064464269,796305.064464269
1276,tverskaya_province,eastern_europe,5,582.1218635698996,682299.8250868716,682881.9469504416,794881.9469504416
1277,nashwaak_province,north_america,5,1035.6560536951436,699417.0767934888,700452.732847184,794452.732847184
1278,sarov_province,eastern_europe,9,5979.95770904049,493310.7561627702,499290.7138718107,794290.7138718107
1279,shagiz_province,central_asia,4,649410.2237281562,0.0,649410.2237281562,792410.2237281563
1280,baruga_province,pacific_islands,4,0.0,439528.0983301623,439528.0983301623,791528.0983301622
1281,mengzi_province,east_asia,9,13292.767687953023,477898.6083977619,491191.3760857149,790191.3760857149
1282,prieska_province,southern_africa,5,628965.3316762608,0.0,628965.3316762608,787965.3316762608
1283,south_taiwan_province,east_asia,7,2566.615703583244,638692.172481763,641258.7881853462,787258.7881853462
1284,lule_province,south_america,8,623070.2576051783,0.0,623070.2576051783,785070.2576051783
1285,wishkahuunu_province,north_america,4,695971.2172910867,0.0,695971.2172910867,784971.2172910867
1286,victoria_nile_province,east_africa,5,134266.5340609905,329394.0637570424,463660.5978180329,784660.5978180328
1287,ust_kut_province,north_asia,5,2441.223434969448,628625.2219065061,631066.4453414755,784066.4453414755
1288,bela_province,middle_east,6,609032.5105467673,0.0,609032.5105467673,784032.5105467673
1289,lower_doab_province,south_asia,5,443223.2574067666,0.0,443223.2574067666,782223.2574067666
1290,kebbi_province,west_africa,7,553052.3747648639,0.0,553052.3747648639,782052.3747648638
1291,khyargas_province,east_asia,5,65025.19785774788,168636.2535959896,233661.4514537375,780661.4514537376
1292,merv_province,central_asia,3,632334.2087097012,0.0,632334.2087097012,780334.2087097012
1293,masoliantekw_province,north_america,4,7128.441391494652,732853.5380102748,739981.9794017696,779981.9794017696
1294,quanzhou_province,east_asia,7,8027.397655062,463906.15853947983,471933.55619454186,779933.5561945419
1295,yatenga_province,west_africa,5,545456.2561452517,0.0,545456.2561452517,777456.2561452517
1296,kalaako_province,australasia,7,300242.5676087014,0.0,300242.5676087014,777242.5676087014
1297,wusa_province,east_asia,3,91.96001980420668,736019.7753407006,736111.7353605048,776111.7353605048
1298,sanyati_province,southern_africa,4,570020.1439771311,0.0,570020.1439771311,776020.143977131
1299,karman_province,south_asia,8,305870.7620144108,0.0,305870.7620144108,775870.7620144108
1300,mikhaylovka_province,eastern_europe,8,106690.61943852005,0.0,106690.61943852005,775690.61943852
1301,kawali_province,south_east_asia,4,740.081956583003,577755.6041154428,578495.6860720258,775495.6860720258
1302,sharangad_province,east_asia,6,490028.4619082939,0.0,490028.4619082939,775028.4619082939
1303,huesca_province,western_europe,6,52140.601014858796,337631.3361562906,389771.9371711494,773771.9371711494
1304,kalingandhra,south_asia,7,356714.19500927813,0.0,356714.19500927813,773714.1950092781
1305,nipissing_province,north_america,5,10398.729113001169,490287.14756730583,500685.876680307,772685.876680307
1306,ifat_province,east_africa,5,624547.8336846826,0.0,624547.8336846826,772547.8336846825
1307,taubate_province,south_america,6,0.0,523527.4500685659,523527.4500685659,772527.4500685659
1308,phimai_province,south_east_asia,5,270985.9070637302,0.0,270985.9070637302,771985.9070637302
1309,konjikala_province,central_asia,4,666710.0170821706,0.0,666710.0170821706,771710.0170821706
1310,kalyana_karnakassala,south_asia,15,216374.2277443981,0.0,216374.2277443981,771374.227744398
1311,una_sana_province,eastern_europe,5,16120.168481389988,620152.1019568787,636272.2704382687,771272.2704382688
1312,kouzuke_province,east_asia,7,702.9735866398344,441448.7338316842,442151.707418324,771151.707418324
1313,raichur_doab,south_asia,11,327066.44246398006,0.0,327066.44246398006,771066.44246398
1314,hsipaw_province,south_east_asia,5,39480.53998432193,672668.090240689,712148.6302250109,769148.6302250109
1315,bryansk_province,eastern_europe,6,826.4957467958864,385556.02167250495,386382.5174193008,768382.5174193007
1316,casco_province,north_america,6,10579.980250636683,346269.5046458092,356849.4848964459,767849.4848964459
1317,saloum_province,west_africa,7,506112.6790258331,0.0,506112.6790258331,767112.679025833
1318,nobatia_province,east_africa,5,626827.7250908288,0.0,626827.7250908288,766827.7250908288
1319,vientiane_province,south_east_asia,5,30920.680700537632,618580.9228020406,649501.6035025783,764501.6035025782
1320,inotoniicaah_province,north_america,4,665950.6396437291,0.0,665950.6396437291,763950.6396437292
1321,maymana_province,central_asia,8,389806.40665423044,0.0,389806.40665423044,763806.4066542304
1322,arykbalyk_province,north_asia,5,510618.22024001996,0.0,510618.22024001996,762618.22024002
1323,ingoda_province,east_asia,6,2045.9720158609603,646176.64924129,648222.621257151,762222.621257151
1324,onabeesh_province,north_america,3,18080.98542315259,614009.842814449,632090.8282376016,762090.8282376016
1325,turkestan_province,central_asia,7,669869.3469255314,0.0,669869.3469255314,761869.3469255314
1326,tabacoh_province,north_america,5,228620.80114596704,250811.48908739936,479432.29023336637,761432.2902333664
1327,djenne_province,west_africa,5,658020.6825870252,0.0,658020.6825870252,761020.6825870252
1328,jing_province,east_asia,5,105.19269046708773,631285.2625388111,631390.4552292781,760390.4552292782
1329,sinan_province,east_asia,7,378.1499216368908,676801.184286108,677179.3342077449,760179.3342077449
1330,uil_province,central_asia,4,542059.879303659,0.0,542059.879303659,760059.8793036591
1331,west_nuchiu_province,north_america,5,282600.2488847582,113408.035941473,396008.2848262312,760008.2848262312
1332,sinaloa_province,north_america,6,498970.64994836133,0.0,498970.64994836133,758970.6499483613
1333,boubon_province,west_africa,5,638960.4942503752,0.0,638960.4942503752,758960.4942503752
1334,uyuni_province,south_america,10,313439.8499008287,0.0,313439.8499008287,758439.8499008287
1335,jingili_province,australasia,8,380433.06443304673,0.0,380433.06443304673,758433.0644330467
1336,wej_province,east_africa,5,8930.912852514855,374384.5356346287,383315.44848714356,758315.4484871436
1337,yingde_province,east_asia,3,0.0,287742.28099483997,287742.28099483997,757742.28099484
1338,kushiro_province,east_asia,7,549.5281534542747,589859.7251436884,590409.2532971426,757409.2532971426
1339,cheli_province,east_asia,7,2512.3194488663485,331687.639247724,334199.9586965903,757199.9586965903
1340,bono_province,west_africa,8,383184.1521695361,0.0,383184.1521695361,757184.1521695361
1341,luzhou_province,east_asia,4,226667.63046042528,284465.0085260946,511132.63898651995,757132.63898652
1342,minab_province,middle_east,8,586933.0199727396,0.0,586933.0199727396,756933.0199727395
1343,hoyu_ao_he_province,north_america,3,705708.136530181,0.0,705708.136530181,756708.136530181
1344,balaw_province,east_africa,3,714149.9073357668,0.0,714149.9073357668,756149.9073357668
1345,tinputz_province,pacific_islands,6,0.0,320841.62832995754,320841.62832995754,755841.6283299576
1346,north_tlingit_province,north_america,5,0.0,191484.94172349488,191484.94172349488,755484.9417234949
1347,eastern_malwa,south_asia,9,417483.6152410938,0.0,417483.6152410938,754483.6152410938
1348,krivoshchekovo_province,north_asia,5,89804.19355461947,503293.1007590702,593097.2943136897,752097.2943136897
1349,timiskaming_province,north_america,5,6003.438124446868,553429.014683235,559432.4528076818,751432.4528076819
1350,ningdu_province,east_asia,5,1098.4341776221113,548297.6731222983,549396.1072999204,751396.1072999204
1351,bomberai_province,pacific_islands,5,0.0,466986.64068283583,466986.64068283583,750986.6406828358
1352,lianzhou_province,east_asia,6,4515.508776802981,551105.8942365999,555621.4030134028,750621.4030134028
1353,ordos_province,east_asia,4,576387.766849807,0.0,576387.766849807,750387.766849807
1354,bayanday_province,north_asia,4,1548.738386059577,549818.758636782,551367.4970228415,750367.4970228415
1355,kauthara_province,south_east_asia,3,11580.035830766838,576919.226856641,588499.2626874078,749499.2626874077
1356,raigadh_garjats,south_asia,8,329707.8521299222,0.0,329707.8521299222,748707.8521299222
1357,qingzhou_province,east_asia,6,67683.37082832507,0.0,67683.37082832507,748683.370828325
1358,berda_province,eastern_europe,6,195093.83811521722,0.0,195093.83811521722,748093.8381152173
1359,lower_prussia_province,eastern_europe,7,2177.0191484493985,432339.2649600005,434516.28410844994,747516.2841084499
1360,istakhr_province,middle_east,6,646730.9296707048,0.0,646730.9296707048,745730.9296707048
1361,coixtlahuacan_province,north_america,8,12636.34471700083,433788.135337738,446424.4800547388,744424.4800547388
1362,ouargla_province,north_africa,3,646354.6247620786,0.0,646354.6247620786,744354.6247620786
1363,tlapacoya_province,north_america,5,10800.207666091463,599531.384228662,610331.5918947534,744331.5918947534
1364,kickatari_province,north_america,3,657157.9747976847,0.0,657157.9747976847,744157.9747976847
1365,dzhida_province,east_asia,5,5937.996940923769,526817.9106369483,532755.907577872,740755.907577872
1366,karu_pana_province,south_america,7,150556.44309793063,370507.93302024255,521064.37611817324,740064.3761181732
1367,akara,south_asia,7,401053.76416212367,0.0,401053.76416212367,740053.7641621237
1368,muang_sing_province,south_east_asia,6,2485.838541330606,462365.6706981198,464851.5092394504,739851.5092394504
1369,shasta_province,north_america,5,57514.64267484351,160059.31659527187,217573.9592701154,739573.9592701154
1370,hodna_province,north_africa,5,602481.8318131809,0.0,602481.8318131809,739481.8318131809
1371,patapsco_province,north_america,4,403.4307350482649,683331.9181834473,683735.3489184956,738735.3489184956
1372,montauk_province,north_america,3,0.0,253043.58685599023,253043.58685599023,738043.5868559902
1373,iaguarauna_province,south_america,5,0.0,576513.4537818449,576513.4537818449,736513.4537818449
1374,roslavl_province,eastern_europe,5,1100.7503822280948,500383.558410537,501484.30879276514,736484.3087927651
1375,obonezhskaya_province,eastern_europe,6,12163.466325850704,323290.9693626187,335454.4356884694,736454.4356884693
1376,tunguska_province,east_asia,6,24607.57131627927,608072.5893415497,632680.1606578289,734680.1606578289
1377,surguja,south_asia,6,232186.85658195138,0.0,232186.85658195138,733186.8565819514
1378,marind_province,pacific_islands,4,22212.53926528268,621933.2362921648,644145.7755574475,733145.7755574475
1379,chuwi_province,south_america,11,3575.6375126568896,223324.17262639408,226899.81013905097,732899.8101390509
1380,assupink_province,north_america,3,553.9005463353715,646213.3023307732,646767.2028771085,732767.2028771085
1381,cuoim_province,central_africa,7,117501.00500197726,259053.35935710592,376554.3643590832,732554.3643590832
1382,marrakesh_province,north_africa,6,384123.52899566916,0.0,384123.52899566916,732123.5289956691
1383,malanji_province,central_africa,8,77338.21055207361,303508.6947209305,380846.9052730041,731846.9052730041
1384,zhenjiang_province,east_asia,3,74793.78190136976,198450.44265026966,273244.2245516394,731244.2245516395
1385,mashhad_province,central_asia,5,431132.636652432,0.0,431132.636652432,729132.6366524319
1386,zacatecas_province,north_america,5,600345.6940497358,0.0,600345.6940497358,728345.6940497358
1387,athabasca_province,north_america,3,0.0,696255.7373165325,696255.7373165325,728255.7373165325
1388,hotoanaohe_province,north_america,4,501488.2656912417,0.0,501488.2656912417,727488.2656912417
1389,ekab_province,north_america,6,141295.04583918955,0.0,141295.04583918955,727295.0458391896
1390,khekassala,south_asia,5,488723.5217971562,0.0,488723.5217971562,726723.5217971562
1391,tomsk_province,north_asia,5,18746.448711496752,586878.966733198,605625.4154446948,726625.4154446948
1392,tahami_province,south_america,8,3570.7860422839417,593846.9768229278,597417.7628652118,726417.7628652118
1393,kezhma_province,north_asia,5,261.4725975239943,527024.6691411752,527286.1417386992,726286.1417386992
1394,yelan_province,eastern_europe,9,151578.85020434012,0.0,151578.85020434012,725578.8502043402
1395,kikonteku_province,north_america,7,187.4552480784861,424377.4300188752,424564.8852669537,725564.8852669537
1396,death_valley_province,north_america,5,622422.1413230333,83.52305931310654,622505.6643823464,725505.6643823464
1397,majar_province,eastern_europe,9,254933.01288657682,0.0,254933.01288657682,724933.0128865768
1398,humboldt_province,north_america,5,527534.2533776651,0.0,527534.2533776651,723534.2533776651
1399,southern_arakhan_province,south_east_asia,6,47285.278154802334,360139.040882077,407424.31903687934,723424.3190368793
1400,kosovo_province,eastern_europe,6,5426.583889008065,314022.2793209291,319448.8632099371,722448.8632099371
1401,yongshun_province,east_asia,5,616.854079696538,587576.8098003136,588193.6638800101,722193.6638800101
1402,quzhou_province,east_asia,5,5333.565372019688,368273.2361330649,373606.80150508456,720606.8015050846
1403,shiribeshi_province,east_asia,9,112.24083933064978,357973.88149695896,358086.1223362896,720086.1223362896
1404,garmsir_province,middle_east,5,637915.4248130711,0.0,637915.4248130711,719915.4248130711
1405,viti_levu_province,pacific_islands,6,0.0,305465.07825294905,305465.07825294905,719465.078252949
1406,western_malwa,south_asia,9,468872.1891760599,0.0,468872.1891760599,718872.1891760599
1407,tadmur_province,middle_east,4,673797.8486177195,0.0,673797.8486177195,718797.8486177195
1408,suncheon_province,east_asia,4,6835.326890894944,249706.7003310101,256542.02722190504,718542.0272219051
1409,yiling_province,east_asia,5,2869.821880684158,405886.4680000021,408756.2898806862,717756.2898806862
1410,mughan_province,eastern_europe,6,596487.061411354,0.0,596487.061411354,717487.061411354
1411,thang_long_province,south_east_asia,4,6228.770378400703,532541.4986913695,538770.2690697704,716770.2690697702
1412,shiraz_province,middle_east,6,621363.9995789847,0.0,621363.9995789847,716363.9995789848
1413,apahtoksipisskan_province,north_america,5,6610.213283616735,501532.16687249765,508142.38015611435,715142.3801561143
1414,lithuania_minor_province,eastern_europe,6,667.9338287644472,287888.29874500644,288556.23257377086,714556.2325737709
1415,south_sekani_province,north_america,5,1226.307381351074,661807.7065558243,663034.0139371754,714034.0139371754
1416,daozhou_province,east_asia,4,277.7479945294355,644489.7709859625,644767.5189804919,713767.5189804919
1417,pechichitane_province,north_america,7,345514.97552759,0.0,345514.97552759,713514.97552759
1418,riau_siak_province,south_east_asia,6,155.46994050009056,535211.2657951113,535366.7357356114,713366.7357356114
1419,kozlov_province,eastern_europe,5,1709.8801504778253,533377.89986575,535087.7800162277,712087.7800162277
1420,puzhi_nadu,south_asia,3,48574.93851637862,468395.2726903159,516970.2112066945,711970.2112066945
1421,simbirsk_province,eastern_europe,9,30947.758694083193,0.0,30947.758694083193,710947.7586940832
1422,cempohuallan_province,north_america,4,6183.970707721249,499520.9549585683,505704.92566628964,710704.9256662896
1423,irkutsk_province,north_asia,4,599.2409405119524,603977.4343021732,604576.6752426851,710576.6752426851
1424,piranga_province,south_america,6,315.8349523299521,519398.1762876411,519714.01123997103,709714.011239971
1425,masalsk_province,eastern_europe,5,1510.083669520071,557986.1224297504,559496.2060992705,709496.2060992705
1426,kenogami_province,north_america,6,158.3504116093487,476011.8772894167,476170.227701026,709170.227701026
1427,dagbon_province,west_africa,6,356312.7858561919,0.0,356312.7858561919,708312.7858561919
1428,shuya_province,eastern_europe,4,34.49556986337718,482206.13250637054,482240.62807623396,708240.6280762339
1429,zubtsov_province,eastern_europe,5,554.8111346174796,439647.7547191399,440202.56585375743,708202.5658537574
1430,northeast_numu_province,north_america,6,415310.124743389,0.0,415310.124743389,707310.124743389
1431,kodaky_province,eastern_europe,6,74272.18962370876,0.0,74272.18962370876,707272.1896237087
1432,ganjam_garjats,south_asia,7,338914.6425387666,0.0,338914.6425387666,706914.6425387666
1433,rift_valley_province,east_africa,3,193104.58472387592,222267.39370141015,415371.97842528607,706371.9784252861
1434,tzaneen_province,southern_africa,5,599151.9971186946,0.0,599151.9971186946,706151.9971186946
1435,jizzakh_province,central_asia,4,492097.3174181181,0.0,492097.3174181181,706097.3174181181
1436,khilok_province,east_asia,4,4278.600344553112,495460.43356659694,499739.03391115007,705739.0339111502
1437,omutninsk_province,eastern_europe,6,534.659527403219,624089.6592452709,624624.3187726742,705624.3187726742
1438,golpayegan_province,middle_east,6,658305.9475709955,0.0,658305.9475709955,705305.9475709955
1439,mandara_province,central_africa,4,467002.75480862823,0.0,467002.75480862823,705002.7548086282
1440,tuxpan_province,north_america,3,42153.04121678107,531506.6038375405,573659.6450543215,704659.6450543215
1441,northern_desh,south_asia,5,113037.78027150234,234432.05754652017,347469.8378180225,703469.8378180225
1442,idaho_province,north_america,6,501689.21846840915,0.0,501689.21846840915,702689.2184684091
1443,daga_province,pacific_islands,6,1.4696472022035034,445437.03252136224,445438.5021685644,702438.5021685645
1444,tarapaca_province,south_america,6,561148.3106512331,0.0,561148.3106512331,702148.3106512331
1445,uktus_province,eastern_europe,6,1397.00529904333,543783.191388659,545180.1966877023,701180.1966877023
1446,manzaya_province,north_asia,4,169.80187391671757,588947.5066954647,589117.3085693815,701117.3085693815
1447,kozelsk_province,eastern_europe,5,1833.642196989521,606880.161963304,608713.8041602937,700713.8041602937
1448,baku_province,eastern_europe,6,537493.5092172382,0.0,537493.5092172382,700493.5092172382
1449,kutta_nadu,south_asia,5,43119.081236648795,408745.1944536673,451864.2756903161,699864.2756903161
1450,mbegela_province,central_africa,6,176623.9656559705,0.0,176623.9656559705,699623.9656559705
1451,ticutta_province,north_america,5,616614.288751872,0.0,616614.288751872,699614.288751872
1452,notinito_sipiy_province,north_america,7,54846.81862438061,179702.9864255223,234549.80504990293,698549.805049903
1453,upper_moshiko_province,central_africa,10,217136.16397732112,0.0,217136.16397732112,698136.1639773211
1454,tulu_nadu,south_asia,5,87295.2607379367,476769.3407102075,564064.6014481442,698064.6014481442
1455,bingo_province,east_asia,6,448.58778969802654,480879.8229602858,481328.41074998386,697328.4107499839
1456,leizhou_province,east_asia,5,33880.56685549622,391865.7233432231,425746.2901987193,696746.2901987194
1457,vologda_province,eastern_europe,5,2429.2199235871394,619220.2893095635,621649.5092331506,696649.5092331506
1458,thilane_hot_ine_province,north_america,3,3717.230204437268,669971.102999702,673688.3332041393,695688.3332041393
1459,amhara_province,east_africa,4,8462.425512409647,484041.3176742284,492503.74318663805,695503.743186638
1460,guban_province,east_africa,6,587391.955811097,0.0,587391.955811097,695391.955811097
1461,rimouski_province,north_america,8,570.1959901654265,444189.30773892364,444759.50372908905,694759.503729089
1462,bayanaul_province,north_asia,6,497717.0558568157,0.0,497717.0558568157,694717.0558568158
1463,suzhou_gansu_province,east_asia,4,610570.8654023086,0.0,610570.8654023086,694570.8654023086
1464,middle_songhua_province,east_asia,5,37543.788766861035,428760.23888321454,466304.02765007556,694304.0276500755
1465,tver_province,eastern_europe,5,249.10358841824106,435800.01650057,436049.1200889882,694049.1200889882
1466,betsileo_province,east_africa,4,43600.773223643126,348173.23799729947,391774.0112209426,693774.0112209425
1467,raritan_province,north_america,4,7865.422174970456,642479.3367017502,650344.7588767207,692344.7588767207
1468,hkamti_province,south_east_asia,6,973.6654009494099,544306.4986788052,545280.1640797546,692280.1640797546
1469,upper_emba_province,central_asia,4,539945.7847913986,0.0,539945.7847913986,691945.7847913986
1470,sarykopa_province,central_asia,4,510259.47803026217,0.0,510259.47803026217,691259.4780302623
1471,qabisa_province,north_africa,6,622006.5565154728,0.0,622006.5565154728,691006.5565154728
1472,zarand_province,middle_east,5,606926.0804404275,0.0,606926.0804404275,690926.0804404275
1473,upper_rajang_province,south_east_asia,6,167.5790554009793,552559.4778401077,552727.0568955088,690727.0568955088
1474,equatoria_province,east_africa,8,229275.76680110313,192375.47285296518,421651.2396540683,690651.2396540684
1475,macaclita_province,south_america,12,344099.8151993315,0.0,344099.8151993315,689099.8151993315
1476,sarysu_province,central_asia,4,642376.0571777944,0.0,642376.0571777944,687376.0571777944
1477,mianyang_province,east_asia,3,12633.239045139451,535001.3206901228,547634.5597352622,686634.5597352622
1478,ogulmiut_province,north_america,6,0.0,315624.3558696254,315624.3558696254,686624.3558696255
1479,kazan_province,eastern_europe,7,4102.543303378249,411029.234619193,415131.77792257123,686131.7779225713
1480,lunsemfwa_province,east_africa,7,376993.90623981116,189797.94347204897,566791.8497118602,685791.8497118602
1481,mewat_province,south_asia,3,408241.6556247728,0.0,408241.6556247728,685241.6556247728
1482,erenkhot_province,east_asia,6,431272.96975698706,0.0,431272.96975698706,684272.9697569872
1483,hadoti,south_asia,6,440367.1526106739,0.0,440367.1526106739,683367.1526106739
1484,nupe_province,west_africa,7,420852.5635877432,0.0,420852.5635877432,681852.5635877432
1485,ibara_province,east_africa,5,154790.6626236319,376057.05332362925,530847.7159472611,680847.7159472611
1486,qusiyya_province,north_africa,7,538783.090372011,0.0,538783.090372011,680783.090372011
1487,ica_province,south_america,9,372807.65488760546,3429.238946411203,376236.89383401664,680236.8938340166
1488,torzhok_province,eastern_europe,4,264.3756313837293,448055.959108101,448320.3347394847,679320.3347394847
1489,rzhevskaya_province,eastern_europe,7,1636.4075046102553,294431.3050717993,296067.7125764096,679067.7125764096
1490,numaykoos_province,north_america,4,0.0,261724.34897671372,261724.34897671372,678724.3489767136
1491,aden_province,middle_east,5,574307.0446998465,0.0,574307.0446998465,678307.0446998465
1492,upper_pangani_province,east_africa,5,295999.43044673686,110870.98723233075,406870.4176790676,677870.4176790676
1493,torey_province,east_asia,6,46034.95853826665,314590.1088438582,360625.0673821248,676625.0673821248
1494,southern_aceh_province,south_east_asia,7,1358.420952696026,425559.8102987302,426918.2312514263,675918.2312514263
1495,chisos_province,north_america,7,428685.9978729256,0.0,428685.9978729256,675685.9978729256
1496,baoule_province,west_africa,5,311580.5944909385,220745.05469695525,532325.6491878938,675325.6491878938
1497,nimar,south_asia,8,346436.22679157223,0.0,346436.22679157223,672436.2267915722
1498,zmeinogorsk_province,north_asia,4,79495.99794537615,375865.2529338286,455361.2508792047,672361.2508792047
1499,privolnoye_province,eastern_europe,6,91130.42565565025,0.0,91130.42565565025,672130.4256556502
1500,kjipuktuk_province,north_america,5,2169.7821720729044,425804.1385490246,427973.9207210975,671973.9207210975
1501,snake_river_province,north_america,6,458798.23952575854,0.0,458798.23952575854,671798.2395257587
1502,karagay_province,eastern_europe,5,162.24774753334057,591235.7870703212,591398.0348178545,671398.0348178545
1503,garhwal_province,south_asia,9,0.0,249108.82322877998,249108.82322877998,671108.82322878
1504,szatmar_province,eastern_europe,5,84866.0074374091,298724.1101209107,383590.1175583198,670590.1175583198
1505,jaguaribe_province,south_america,7,534177.3419231507,0.0,534177.3419231507,670177.3419231507
1506,nushagagmiut_province,north_america,6,0.0,431101.5834057471,431101.5834057471,669101.5834057471
1507,bely_province,eastern_europe,6,477.7706221796584,604603.2460848849,605081.0167070646,669081.0167070646
1508,bungo_province,east_asia,8,950.5956653094963,469049.1464830495,469999.742148359,668999.7421483591
1509,northern_rayalaseema,south_asia,9,299482.86847364495,0.0,299482.86847364495,667482.868473645
1510,ystyug_province,eastern_europe,6,56.94219888194865,572298.7281598998,572355.6703587818,667355.6703587818
1511,alazapa_province,north_america,7,262192.5586908914,0.0,262192.5586908914,667192.5586908915
1512,turbah_province,middle_east,4,557454.9783074941,0.0,557454.9783074941,666454.9783074941
1513,budaun_province,south_asia,4,350389.7430142707,0.0,350389.7430142707,665389.7430142707
1514,juzhou_province,east_asia,7,9107.978057695107,0.0,9107.978057695107,665107.9780576951
1515,central_nuchiu_province,north_america,6,39764.28387259417,386301.40796588553,426065.6918384797,665065.6918384797
1516,laurentides_province,north_america,3,57.576041798005164,584181.693221288,584239.269263086,664239.269263086
1517,angkor_province,south_east_asia,5,261552.07833697525,174475.1862682629,436027.2646052382,664027.2646052382
1518,tandaya_province,south_east_asia,4,13728.5423898015,560602.034801669,574330.5771914704,663330.5771914704
1519,whakatu_province,australasia,5,0.0,319916.6576390426,319916.6576390426,661916.6576390426
1520,kate_province,pacific_islands,6,44.78886504737805,476607.2007071298,476651.9895721772,661651.9895721772
1521,huazhou_province,east_asia,3,733.861885443282,172511.16007289026,173245.02195833356,658245.0219583334
1522,dukkala_province,north_africa,8,417187.844921077,0.0,417187.844921077,658187.844921077
1523,hascora_province,north_africa,6,565067.2260384618,0.0,565067.2260384618,657067.2260384618
1524,pereyaslavl_province,eastern_europe,6,79.33540474353246,583711.2691852894,583790.604590033,656790.604590033
1525,phrae_province,south_east_asia,5,46329.411237386,188569.63590699396,234899.04714437996,655899.0471443799
1526,mser_province,west_africa,4,496801.7542937915,0.0,496801.7542937915,655801.7542937915
1527,katonga_province,east_africa,4,189879.97375674208,110829.41975248116,300709.39350922324,655709.3935092232
1528,kuragharty_province,central_asia,7,514609.28290256305,0.0,514609.28290256305,655609.282902563
1529,saoura_province,north_africa,5,370043.82959605067,0.0,370043.82959605067,655043.8295960508
1530,hereti_province,eastern_europe,5,57080.4098761839,401926.70323584194,459007.1131120258,655007.1131120258
1531,marien_province,north_america,5,46571.24044568164,409175.0998449465,455746.34029062814,654746.3402906281
1532,priyutnoye_province,eastern_europe,5,354517.5983118335,0.0,354517.5983118335,654517.5983118336
1533,kulykol_province,north_asia,5,569846.1406590726,0.0,569846.1406590726,653846.1406590726
1534,uza_province,north_america,7,210307.58747588005,7524.781029247791,217832.36850512784,653832.3685051278
1535,zemplen_province,eastern_europe,7,40939.596120138165,362788.49858191784,403728.09470205597,653728.0947020559
1536,kengtung_province,south_east_asia,6,4573.007343265581,451663.36523141555,456236.3725746811,653236.3725746812
1537,parnaiba_province,south_america,7,0.0,354409.1145127911,354409.1145127911,652409.1145127912
1538,guamontey_province,south_america,4,130353.15753856149,378668.3278339292,509021.4853724907,652021.4853724907
1539,anbamba_province,central_africa,7,42828.52625343249,0.0,42828.52625343249,651828.5262534325
1540,birali_province,middle_east,7,444248.5036176376,0.0,444248.5036176376,651248.5036176377
1541,vukovar_syrmia_province,eastern_europe,6,73686.49252518875,0.0,73686.49252518875,650686.4925251887
1542,nheteroia_province,south_america,7,0.0,398566.10176382726,398566.10176382726,650566.1017638273
1543,owambo_province,southern_africa,4,431174.29197381967,0.0,431174.29197381967,650174.2919738196
1544,manhattan_province,north_america,3,1507.815105332848,554514.3427782059,556022.1578835387,650022.1578835387
1545,fika_province,west_africa,4,478342.66836699564,0.0,478342.66836699564,649342.6683669956
1546,chitradurga_province,south_asia,7,300868.1650979499,0.0,300868.1650979499,648868.1650979499
1547,itabira_province,south_america,5,1986.4488244646548,557851.3381412387,559837.7869657032,648837.7869657032
1548,lingzhou_province,east_asia,4,433329.9165786383,0.0,433329.9165786383,648329.9165786384
1549,teotitlan_province,north_america,5,13836.581118978396,441724.0461563032,455560.6272752816,646560.6272752816
1550,maisouna_province,north_america,5,227.83884835621728,311272.19150649663,311500.03035485285,646500.0303548528
1551,tetzapotitlan_province,north_america,3,13465.918717755208,553321.6510114332,566787.5697291885,645787.5697291885
1552,palamau_province,south_asia,4,365706.2117656985,0.0,365706.2117656985,645706.2117656985
1553,kechemeche_province,north_america,4,31485.394930678405,528779.1561748392,560264.5511055177,645264.5511055177
1554,keowee_province,north_america,3,812.5228822220292,608055.8243281252,608868.3472103473,642868.3472103473
1555,shangani_province,southern_africa,5,579248.86979783,0.0,579248.86979783,642248.86979783
1556,guarisamey_province,north_america,9,272506.5622702161,0.0,272506.5622702161,640506.5622702162
1557,ranyah_province,middle_east,6,441180.67941682425,0.0,441180.67941682425,639180.6794168242
1558,chengdu_province,east_asia,5,320074.6773417805,0.0,320074.6773417805,639074.6773417805
1559,klamath_province,north_america,5,426768.141604198,20450.16890466545,447218.3105088634,638218.3105088635
1560,omsk_province,north_asia,7,284150.0737728207,52953.25251528864,337103.32628810935,638103.3262881094
1561,beisheng_province,east_asia,5,3381.671266578957,243566.23403317123,246947.9052997502,637947.9052997502
1562,lipetsk_province,eastern_europe,7,3768.2380500347385,0.0,3768.2380500347385,637768.2380500347
1563,xiangyang_province,east_asia,9,466797.3158234025,4704.165347112719,471501.4811705152,636501.4811705153
1564,kaesong_province,east_asia,7,65021.12622335383,436319.07686338364,501340.2030867374,636340.2030867374
1565,khara_khoto_province,east_asia,5,561171.1658923426,0.0,561171.1658923426,636171.1658923426
1566,shewa_province,east_africa,3,68408.65628440195,502670.5513541184,571079.2076385203,636079.2076385203
1567,samara_province,eastern_europe,8,213695.5220741996,0.0,213695.5220741996,635695.5220741996
1568,buzi_province,southern_africa,5,322055.4255369199,141504.89111949605,463560.31665641593,634560.3166564159
1569,delaware_province,north_america,3,42561.239796669965,421842.801170652,464404.04096732195,634404.040967322
1570,yanan_province,east_asia,8,971.7902194770778,0.0,971.7902194770778,633971.7902194771
1571,mardin_province,middle_east,6,450493.02742396516,0.0,450493.02742396516,632493.0274239652
1572,namibe_province,central_africa,6,458448.174738167,0.0,458448.174738167,632448.174738167
1573,tiwi_province,australasia,8,0.0,379403.578516468,379403.578516468,632403.5785164679
1574,moosonee_province,north_america,8,0.0,375668.23000501434,375668.23000501434,631668.2300050143
1575,middle_limpopo_province,southern_africa,4,403417.30128207954,0.0,403417.30128207954,631417.3012820795
1576,musashi_province,east_asia,8,1563.3631814979897,438593.172804009,440156.53598550695,631156.535985507
1577,torbat_e_jam_province,central_asia,5,509119.97833854007,0.0,509119.97833854007,631119.9783385401
1578,guilin_province,east_asia,5,1286.4719407498678,468588.5485783088,469875.0205190586,630875.0205190587
1579,tsaidam_province,east_asia,8,508872.28628668765,0.0,508872.28628668765,630872.2862866877
1580,barna_province,australasia,8,295816.9200803686,0.0,295816.9200803686,629816.9200803686
1581,argobba_province,east_africa,4,334451.4179272785,52054.22036909546,386505.6382963739,629505.6382963739
1582,uda_province,east_asia,5,917.1588457528799,486604.7332022574,487521.8920480103,628521.8920480104
1583,rzhev_province,eastern_europe,5,3.085482255048627,583287.0250904465,583290.1105727016,627290.1105727016
1584,nachawi_province,north_america,4,34114.52644031534,485619.32265880273,519733.8490991181,626733.849099118
1585,andong_province,east_asia,5,8069.159778009455,275433.5768956087,283502.73667361814,626502.7366736182
1586,belozerskaya_province,eastern_europe,6,1429.063593575522,559975.1081050776,561404.1716986531,626404.1716986531
1587,senufo_province,west_africa,4,494010.1338051692,0.0,494010.1338051692,625010.1338051691
1588,dawasir_province,middle_east,4,528987.5758325383,0.0,528987.5758325383,624987.5758325383
1589,sudair_province,middle_east,4,568475.7474933497,0.0,568475.7474933497,624475.7474933497
1590,bengkulu_province,south_east_asia,4,1478.03798353513,579743.3425589222,581221.3805424573,624221.3805424573
1591,itanagar_province,south_asia,6,11087.169281467415,378707.70735893445,389794.8766404019,621794.8766404019
1592,chakadee_wakpa_province,north_america,5,392394.8878326744,0.0,392394.8878326744,621394.8878326744
1593,piray_province,south_america,5,15.200413421008044,437227.47445552255,437242.6748689436,621242.6748689435
1594,iburi_province,east_asia,4,1150.1668717965201,539079.4978608015,540229.6647325981,621229.6647325981
1595,troitskoye_kuroedovo_province,eastern_europe,8,15651.024513209568,0.0,15651.024513209568,619651.0245132096
1596,hazaribagh_province,south_asia,6,182269.86165206885,0.0,182269.86165206885,619269.8616520689
1597,larende_province,middle_east,7,468008.10040991625,0.0,468008.10040991625,619008.1004099163
1598,thien_truong_province,south_east_asia,3,9777.315791445464,352019.4297661917,361796.7455576371,618796.7455576371
1599,begemder_province,east_africa,3,5664.303167165246,164030.9776480248,169695.28081519005,618695.28081519
1600,binzhou_guangxi_province,east_asia,3,224.39168160047848,309439.2611612769,309663.6528428774,618663.6528428773
1601,qazvin_province,middle_east,7,548623.9205598051,0.0,548623.9205598051,618623.9205598051
1602,metekel_province,east_africa,3,109346.2213316262,319177.27183354157,428523.49316516775,618523.4931651677
1603,youyang_province,east_asia,4,234.50952761810458,497171.8461076697,497406.3556352878,618406.3556352878
1604,boh_province,eastern_europe,6,55771.33965817405,0.0,55771.33965817405,617771.3396581741
1605,central_sahara,north_africa,5,543570.1885719565,0.0,543570.1885719565,617570.1885719565
1606,adjukru_province,west_africa,4,15579.973081811262,230806.01845461508,246385.99153642633,617385.9915364264
1607,north_visayas_province,south_east_asia,4,12142.478945642322,322653.255746678,334795.7346923203,616795.7346923202
1608,chuxiong_province,east_asia,4,0.0,198883.8202166665,198883.8202166665,615883.8202166664
1609,buy_province,eastern_europe,4,312.3264935597768,570422.2872926822,570734.6137862421,615734.6137862421
1610,itu_province,south_america,3,0.0,524450.7361629322,524450.7361629322,615450.7361629322
1611,igra_province,eastern_europe,4,50.67624701606718,573390.5215553575,573441.1978023737,615441.1978023737
1612,nanchang_province,east_asia,4,11291.484665648608,413958.72466897103,425250.2093346197,615250.2093346197
1613,bezhetskaya_province,eastern_europe,4,0.455391468242505,463237.5565375474,463238.0119290156,615238.0119290156
1614,nye_province,north_america,4,549952.2634605133,0.0,549952.2634605133,614952.2634605133
1615,knyazhaya_province,eastern_europe,8,2911.7612446278645,333610.8333067002,336522.5945513281,614522.5945513281
1616,aki_province,east_asia,5,8.110483085278279,376971.15956143447,376979.27004451974,612979.2700445197
1617,doaba_province,south_asia,5,263211.2835506304,0.0,263211.2835506304,612211.2835506304
1618,mashi_province,central_africa,10,375723.9576014279,0.0,375723.9576014279,611723.9576014279
1619,bakanas_province,central_asia,5,567489.1173964103,0.0,567489.1173964103,611489.1173964103
1620,kosta,south_asia,7,284455.00151788694,0.0,284455.00151788694,611455.0015178869
1621,middle_zambezi_province,southern_africa,5,443552.340215804,0.0,443552.340215804,610552.3402158039
1622,nottaway_province,north_america,7,0.0,359057.71796101506,359057.71796101506,610057.7179610151
1623,muang_phuan_province,south_east_asia,4,11105.600364978325,466731.2378228788,477836.8381878572,608836.8381878572
1624,beljamen_province,eastern_europe,7,205694.504086749,0.0,205694.504086749,607694.5040867489
1625,yazd_province,middle_east,6,527812.7286704521,0.0,527812.7286704521,606812.7286704521
1626,kawar_province,west_africa,6,365161.4516923626,0.0,365161.4516923626,606161.4516923625
1627,gangneung_province,east_asia,6,540.5768784317279,431573.11633697216,432113.69321540394,606113.6932154039
1628,fante_province,west_africa,6,48106.5668105513,0.0,48106.5668105513,606106.5668105513
1629,deir_province,middle_east,5,570701.0250295749,0.0,570701.0250295749,605701.0250295749
1630,malnad,south_asia,7,148070.99913370804,30213.179883910656,178284.1790176187,605284.1790176188
1631,al_jifar_province,north_africa,4,550918.7454732127,0.0,550918.7454732127,604918.7454732127
1632,sayhad_province,middle_east,5,447825.70677197527,0.0,447825.70677197527,603825.7067719753
1633,urua_province,east_africa,7,292248.8565947792,0.0,292248.8565947792,603248.8565947792
1634,bambara_province,west_africa,6,249418.25715043838,0.0,249418.25715043838,602418.2571504384
1635,suzdal_province,eastern_europe,4,107.701680277418,501704.9986144874,501812.7002947648,601812.7002947648
1636,akkol_province,central_asia,7,434414.8456648263,0.0,434414.8456648263,601414.8456648262
1637,ningxia_province,east_asia,4,347250.1309016142,0.0,347250.1309016142,601250.1309016142
1638,nam_sach_province,south_east_asia,4,4703.960090071205,473188.4319090639,477892.3919991351,600892.3919991351
1639,penza_province,eastern_europe,10,26627.135437135566,0.0,26627.135437135566,600627.1354371356
1640,chipion_province,south_america,9,482476.98045115545,0.0,482476.98045115545,600476.9804511555
1641,lower_brunei_province,south_east_asia,3,210.20916972365552,447862.1862132539,448072.39538297756,600072.3953829776
1642,temascaltepec_province,north_america,4,6236.619228084898,270779.5339981067,277016.15322619164,600016.1532261916
1643,changane_province,southern_africa,4,449667.64072981954,0.0,449667.64072981954,599667.6407298195
1644,yetkul_province,north_asia,5,25755.5499809263,397739.4233890579,423494.9733699842,597494.9733699842
1645,filastin_province,middle_east,9,366858.53546220367,0.0,366858.53546220367,596858.5354622037
1646,ngalakan_province,australasia,8,0.0,94776.05762881978,94776.05762881978,596776.0576288197
1647,baramahal,south_asia,7,130594.07928376982,0.0,130594.07928376982,596594.0792837698
1648,putao_province,south_east_asia,5,2728.342772287695,473488.7435147293,476217.086287017,596217.086287017
1649,yamama_province,middle_east,4,473571.9395297357,0.0,473571.9395297357,595571.9395297357
1650,camaguey_province,north_america,4,504395.70966682205,0.0,504395.70966682205,595395.7096668221
1651,guangzhou_henan_province,east_asia,8,367322.4651944555,11327.468183312567,378649.9333777681,594649.933377768
1652,andijan_province,central_asia,5,153339.65209265894,0.0,153339.65209265894,594339.6520926589
1653,namew_province,north_america,5,0.0,495237.21175133,495237.21175133,593237.21175133
1654,yizhou_liaodong_province,east_asia,6,26889.258866507167,141848.54166115605,168737.80052766323,592737.8005276632
1655,bicchuu_province,east_asia,4,400.23740268941776,380372.7037501148,380772.9411528042,591772.9411528041
1656,kakheti_province,eastern_europe,6,11036.763646078754,350306.0715518919,361342.8351979707,591342.8351979706
1657,qamuda_province,north_africa,5,425235.09438868816,0.0,425235.09438868816,591235.0943886881
1658,wamesa_province,pacific_islands,5,6.7720486666282484,379798.71950938675,379805.4915580534,590805.4915580534
1659,talas_province,central_asia,6,338743.71307885763,0.0,338743.71307885763,590743.7130788576
1660,unamakik_province,north_america,7,1348.4661328519633,366163.9385402235,367512.4046730754,590512.4046730754
1661,passamaquoddy_province,north_america,4,746.3124205495302,333705.73700150545,334452.049422055,590452.049422055
1662,menglian_province,east_asia,6,1423.5705501464731,251890.7781475394,253314.34869768587,590314.3486976859
1663,simsir_province,eastern_europe,6,11180.280059183007,0.0,11180.280059183007,590180.280059183
1664,raska_province,eastern_europe,5,0.0,332696.2015873196,332696.2015873196,588696.2015873196
1665,south_turkana_province,east_africa,4,322162.7167224883,0.0,322162.7167224883,588162.7167224883
1666,kisama_province,central_africa,8,297739.80342422007,0.0,297739.80342422007,587739.8034242201
1667,tathlith_province,middle_east,6,485278.4132589238,0.0,485278.4132589238,587278.4132589238
1668,gobi_altai_province,east_asia,6,443878.1804876491,0.0,443878.1804876491,586878.180487649
1669,zhongzhou_province,east_asia,4,113.58284857823412,358252.3534460372,358365.93629461544,586365.9362946155
1670,xilong_province,east_asia,5,0.0,266027.930789466,266027.930789466,586027.930789466
1671,malingo_province,central_africa,9,271437.65563733905,0.0,271437.65563733905,584437.655637339
1672,mimasaka_province,east_asia,4,60.8230273336186,384765.8586757363,384826.6817030699,583826.68170307
1673,namwon_province,east_asia,4,30457.660691473568,186784.27817395277,217241.93886542635,583241.9388654263
1674,garha_mandla,south_asia,6,370307.68437960587,0.0,370307.68437960587,582307.6843796058
1675,west_shoshone_province,north_america,5,496959.8777221346,0.0,496959.8777221346,581959.8777221346
1676,waikato_province,australasia,3,0.0,274071.22617341497,274071.22617341497,581071.226173415
1677,kano_province,west_africa,4,376759.1653530404,0.0,376759.1653530404,580759.1653530403
1678,ust_yurt_province,central_asia,6,512577.1057204989,0.0,512577.1057204989,580577.105720499
1679,selenga_province,east_asia,5,4827.136723063887,281582.9876913477,286410.1244144116,580410.1244144116
1680,mino_province,east_asia,8,367.3400615318818,287796.0647873027,288163.40484883456,580163.4048488345
1681,tengchong_province,east_asia,5,57.290067709434254,269947.58487534145,270004.8749430509,580004.8749430509
1682,tabuk_province,middle_east,7,433965.4121439337,0.0,433965.4121439337,579965.4121439337
1683,antankarana_province,east_africa,3,44594.34448193323,317085.34303932625,361679.6875212595,579679.6875212595
1684,itajuba_province,south_america,4,0.0,504877.5829813701,504877.5829813701,578877.58298137
1685,dukundeka_province,north_america,5,22247.55109478692,311785.0477842512,334032.5988790382,578032.5988790381
1686,vijaya_province,south_east_asia,4,3778.6172359911907,474994.1978061401,478772.81504213135,577772.8150421313
1687,lata,south_asia,6,339065.2913106658,13160.145108266157,352225.43641893193,577225.4364189319
1688,valley_of_the_lakes_province,east_asia,8,377623.0896169675,61229.6104048454,438852.70002181287,576852.7000218129
1689,sorath,south_asia,5,332424.57948366506,0.0,332424.57948366506,576424.5794836651
1690,kangra_province,south_asia,13,31990.680468478593,133314.21772061885,165304.89818909747,575304.8981890974
1691,vyatka_province,eastern_europe,5,112.82358357562163,534821.1408381358,534933.9644217115,574933.9644217115
1692,usolye_province,eastern_europe,5,327.81708957516094,459363.98854714044,459691.8056367156,574691.8056367156
1693,north_dobruja_province,eastern_europe,7,121527.61059734593,0.0,121527.61059734593,574527.610597346
1694,hongju_province,east_asia,5,91102.62924852224,208320.1453302049,299422.77457872714,574422.7745787271
1695,yongchang_province,east_asia,7,0.0,300408.5622358016,300408.5622358016,574408.5622358016
1696,ulaan_province,east_asia,4,429085.2443672894,0.0,429085.2443672894,574085.2443672894
1697,lopskaya_province,eastern_europe,8,1803.2646852896833,292157.7360778214,293961.0007631111,573961.000763111
1698,lang_son_province,south_east_asia,6,808.4367400269932,479346.0192873464,480154.4560273734,573154.4560273734
1699,puan_province,east_asia,4,1268.0237556750772,319724.2174067577,320992.24116243277,572992.2411624328
1700,iyo_province,east_asia,6,421.23416572297947,353211.5154542481,353632.7496199711,572632.749619971
1701,kermanshah_province,middle_east,6,107483.90313563863,0.0,107483.90313563863,570483.9031356387
1702,kazusa_province,east_asia,5,2150.7999648524165,434170.7876020031,436321.5875668555,570321.5875668555
1703,nishapur_province,central_asia,4,429221.3493812305,0.0,429221.3493812305,570221.3493812305
1704,yauri_province,west_africa,5,166987.9768055391,0.0,166987.9768055391,569987.9768055391
1705,peribonka_province,north_america,8,1.3588545691683391,328188.6524699911,328190.01132456027,569190.0113245603
1706,tamasna_province,north_africa,8,347985.53175822296,0.0,347985.53175822296,567985.531758223
1707,ajan_province,east_africa,5,409529.6947621787,0.0,409529.6947621787,567529.6947621787
1708,odoyev_province,eastern_europe,4,314.8918203430121,360836.74558592594,361151.637406269,567151.6374062689
1709,south_muntenia_province,eastern_europe,7,60775.822962626145,46163.44663511132,106939.26959773747,565939.2695977375
1710,oujda_province,north_africa,5,297891.6396004528,0.0,297891.6396004528,564891.6396004529
1711,lower_carniola_province,eastern_europe,5,1007.4559612449098,511207.23581690615,512214.6917781511,564214.6917781511
1712,bursol_province,north_asia,4,345287.91578545247,0.0,345287.91578545247,563287.9157854525
1713,borisoglebsk_province,eastern_europe,8,48101.45302015975,0.0,48101.45302015975,563101.4530201597
1714,tadla_province,north_africa,6,233079.08340684813,0.0,233079.08340684813,563079.0834068481
1715,adzera_province,pacific_islands,5,19.536809991337496,427821.73886182037,427841.2756718117,562841.2756718117
1716,anshun_province,east_asia,6,774.6077356141924,397887.219870674,398661.82760628825,562661.8276062883
1717,baytak_province,central_asia,4,343621.4861413576,0.0,343621.4861413576,562621.4861413576
1718,jolof_province,west_africa,3,373570.6879685534,0.0,373570.6879685534,562570.6879685534
1719,upper_gezira_province,east_africa,5,317541.1999730347,0.0,317541.1999730347,562541.1999730347
1720,wardandi_province,australasia,9,0.0,0.0,0.0,562000.0
1721,yuru_kyara_province,north_america,5,50835.88213468257,411146.5619790544,461982.444113737,561982.444113737
1722,gosaoie_province,north_america,5,0.0,288094.73691866937,288094.73691866937,561094.7369186693
1723,xinhui_province,east_asia,3,6977.968030494352,278809.21733397804,285787.18536447233,560787.1853644723
1724,north_pskov_province,eastern_europe,6,2268.1732089015595,363434.8149053919,365702.9881142935,560702.9881142934
1725,ranchi_province,south_asia,5,152472.86025615947,0.0,152472.86025615947,560472.8602561594
1726,khaaso_province,west_africa,5,368965.2778719761,0.0,368965.2778719761,559965.2778719761
1727,wonju_province,east_asia,5,0.0,372634.0776416725,372634.0776416725,559634.0776416725
1728,barlad_province,eastern_europe,8,10425.686270295226,0.0,10425.686270295226,558425.6862702953
1729,qasr_qand_province,middle_east,5,405381.1676781332,0.0,405381.1676781332,557381.1676781331
1730,nzere_province,central_africa,7,175405.8470812548,0.0,175405.8470812548,555405.8470812548
1731,palopo_province,south_east_asia,5,696.0200985046686,339627.8558556703,340323.87595417496,555323.875954175
1732,hirda_province,middle_east,5,337149.318049514,0.0,337149.318049514,555149.318049514
1733,beloe_province,eastern_europe,5,1105.5322011644837,437051.3583578378,438156.8905590023,554156.8905590023
1734,kwanza_province,central_africa,6,77881.6233051465,220913.98365430243,298795.60695944895,553795.6069594489
1735,rampur_rokhilkhand_province,south_asia,4,250659.70070073562,52766.180590994234,303425.88129172986,553425.8812917299
1736,voronezh_province,eastern_europe,6,13126.536922233821,0.0,13126.536922233821,553126.5369222339
1737,yirandali_province,australasia,8,309044.2535865947,0.0,309044.2535865947,553044.2535865947
1738,khovd_province,east_asia,7,306963.99945532496,58004.22769238535,364968.2271477103,552968.2271477103
1739,soria_province,western_europe,9,14153.662841455825,129796.47667806264,143950.13951951845,552950.1395195185
1740,sizhou_province,east_asia,5,353593.1938614044,0.0,353593.1938614044,552593.1938614044
1741,naju_province,east_asia,8,88580.73694809576,276930.3673494174,365511.10429751314,552511.1042975131
1742,wari_province,south_america,6,0.0,252742.09427469774,252742.09427469774,551742.0942746977
1743,yanzhou_province,east_asia,4,674.2727313197056,251482.62649797124,252156.89922929095,551156.8992292909
1744,south_oltenia_province,eastern_europe,7,67998.71288696627,280887.5915313526,348886.30441831885,550886.3044183189
1745,ewe_province,west_africa,7,282146.59023573395,0.0,282146.59023573395,550146.590235734
1746,central_adamawa_province,central_africa,6,369806.4024847312,0.0,369806.4024847312,549806.4024847313
1747,buru_province,south_east_asia,6,36.2974839943549,298140.36028394644,298176.6577679408,549176.6577679408
1748,illyria_province,eastern_europe,5,33801.63858883223,214189.40917041188,247991.0477592441,548991.0477592441
1749,penobscot_province,north_america,7,1322.2492982112142,463778.8072541305,465101.0565523417,548101.0565523417
1750,tibesti_province,west_africa,6,399099.9437277358,0.0,399099.9437277358,548099.9437277358
1751,rewa_kantha,south_asia,3,374911.84254513466,0.0,374911.84254513466,547911.8425451347
1752,dingnan_province,east_asia,4,259.3993024109583,389180.21242230723,389439.61172471824,547439.6117247182
1753,beloozero_province,eastern_europe,5,10102.961371354551,441854.43360966153,451957.39498101606,546957.394981016
1754,jundiai_province,south_america,3,0.0,499068.0713167697,499068.0713167697,546068.0713167697
1755,fez_province,north_africa,8,216240.5459876787,0.0,216240.5459876787,545240.5459876787
1756,central_kongo_province,central_africa,5,55788.29618116427,240825.42655009092,296613.72273125517,544613.7227312552
1757,mayi_kutuna_province,australasia,10,0.0,0.0,0.0,544000.0
1758,sartlan_province,north_asia,5,115833.31737441939,197770.6595033629,313603.97687778226,543603.9768777823
1759,zeta_province,eastern_europe,5,5722.503375367114,355270.6034433427,360993.1068187099,542993.1068187099
1760,gongju_province,east_asia,6,58297.91447718317,248497.21044553365,306795.1249227168,542795.1249227169
1761,tambov_province,eastern_europe,10,29346.683451886347,0.0,29346.683451886347,542346.6834518863
1762,dzisna_province,eastern_europe,6,989.3687592371101,455996.0163154518,456985.385074689,541985.3850746889
1763,takelma_province,north_america,6,16674.60836195985,426173.2714589437,442847.8798209036,541847.8798209035
1764,northland_province,australasia,5,340.18618638839484,474905.9287446937,475246.1149310821,541246.1149310821
1765,yoberrore_province,australasia,7,287158.6454583675,0.0,287158.6454583675,541158.6454583674
1766,yongning_province,east_asia,5,0.0,436130.591904263,436130.591904263,541130.591904263
1767,minya_province,north_africa,4,406808.50213398563,0.0,406808.50213398563,540808.5021339856
1768,jinning_province,east_asia,4,1191.6261049344157,357468.7281229434,358660.3542278778,540660.3542278778
1769,north_epirus_province,eastern_europe,5,8684.210798080137,261720.07466557313,270404.2854636533,540404.2854636533
1770,kurmysh_province,eastern_europe,5,605.6024315755751,183710.4035409557,184316.00597253127,540316.0059725313
1771,jiading_province,east_asia,6,56829.30554539485,342292.695984455,399122.00152984983,540122.0015298498
1772,southern_desh,south_asia,8,148103.5136342033,23273.27638564341,171376.7900198467,539376.7900198468
1773,south_pskov_province,eastern_europe,6,2168.3008409068743,230694.90871516423,232863.20955607112,538863.2095560711
1774,okeechobee_province,north_america,4,169102.9780213794,65554.12228586413,234657.1003072435,538657.1003072435
1775,herat_province,central_asia,7,392387.27977979305,0.0,392387.27977979305,538387.279779793
1776,upper_malawi_province,east_africa,3,190212.8245654135,219672.71956806985,409885.5441334834,536885.5441334834
1777,shimousa_province,east_asia,4,1842.61542006254,379485.9928823526,381328.6083024151,536328.6083024151
1778,bahnasa_province,north_africa,4,460875.97440711525,0.0,460875.97440711525,535875.9744071153
1779,bambouk_province,west_africa,3,219868.62979667605,0.0,219868.62979667605,534868.629796676
1780,arran_province,eastern_europe,6,375051.8154965207,1502.41614926376,376554.23164578446,534554.2316457845
1781,wugang_province,east_asia,4,2808.2367278129996,477238.69564109866,480046.9323689117,534046.9323689117
1782,upper_brunei_province,south_east_asia,4,520.1561672017642,488524.26052726316,489044.41669446486,534044.4166944649
1783,khammamet_province,south_asia,6,87025.77043792322,0.0,87025.77043792322,534025.7704379233
1784,hyuuga_province,east_asia,8,4109.761490177301,363817.7275503386,367927.4890405159,533927.4890405159
1785,annaba_province,north_africa,9,115361.90249117985,0.0,115361.90249117985,533361.9024911799
1786,lavoro_province,western_europe,7,54295.27877265529,36925.927730168456,91221.20650282374,533221.2065028237
1787,gamrun_province,middle_east,5,417363.2426391614,0.0,417363.2426391614,532363.2426391614
1788,shaam_province,middle_east,5,460282.69806033024,0.0,460282.69806033024,532282.6980603302
1789,umsobomvu_province,southern_africa,6,125799.47760020487,111372.71507410752,237172.1926743124,532172.1926743124
1790,tidore_province,south_east_asia,7,287.4921641040628,419747.4939579593,420034.98612206336,532034.9861220634
1791,sweetwater_province,north_america,7,253451.23695686492,0.0,253451.23695686492,531451.236956865
1792,pingle_province,east_asia,4,0.0,272147.3015501324,272147.3015501324,531147.3015501323
1793,jahrom_province,middle_east,6,326522.8056864641,0.0,326522.8056864641,530522.8056864641
1794,dali_province,east_asia,8,7092.984119251178,309288.5814897508,316381.565609002,530381.565609002
1795,e_omita_i_province,north_america,5,143671.52201803826,0.0,143671.52201803826,529671.5220180382
1796,ise_province,east_asia,6,1214.0638756862647,283739.0029296259,284953.06680531224,528953.0668053122
1797,waskaganish_province,north_america,9,0.0,323817.3482212313,323817.3482212313,528817.3482212313
1798,heyuan_province,east_asia,4,1168.7668790036244,294588.2528993498,295757.0197783534,527757.0197783534
1799,konya_province,middle_east,7,372546.8583309809,0.0,372546.8583309809,527546.8583309809
1800,cherdyn_province,eastern_europe,5,0.0,402903.08719932847,402903.08719932847,526903.0871993285
1801,say_province,west_africa,5,277840.31058254174,0.0,277840.31058254174,526840.3105825417
1802,winooski_province,north_america,4,1260.8822816659556,496904.36304922897,498165.24533089495,526165.245330895
1803,old_manding_province,west_africa,7,216030.7744601724,0.0,216030.7744601724,526030.7744601724
1804,bost_province,middle_east,7,356575.2155931473,0.0,356575.2155931473,525575.2155931473
1805,harima_province,east_asia,5,684.5906820376997,351844.8708380544,352529.4615200921,525529.4615200921
1806,guangzhou_province,east_asia,6,423.7613089296183,319987.94388448144,320411.7051934111,525411.7051934111
1807,oleshia_province,eastern_europe,5,107122.41388837462,0.0,107122.41388837462,525122.4138883746
1808,kashmir_province,south_asia,13,24448.434479901596,122072.07462583875,146520.50910574035,524520.5091057403
1809,quanzhou_guangxi_province,east_asia,4,842.7608690243796,378433.5141728745,379276.2750418989,524276.27504189895
1810,milano_province,western_europe,4,25284.309724954175,185341.70686250518,210626.01658745937,523626.01658745937
1811,linjiang_province,east_asia,3,2161.0818126005315,158039.05990674425,160200.14171934477,523200.14171934477
1812,tula_russia_province,eastern_europe,4,1385.397106155192,137764.7963377386,139150.19344389378,523150.1934438938
1813,banavasi,south_asia,5,159444.83377829305,65429.08773255206,224873.9215108451,522873.9215108451
1814,mouhoun_province,west_africa,5,229218.73489820972,0.0,229218.73489820972,522218.7348982097
1815,hatun_kanar_province,south_america,7,4709.141874715453,297473.9021818291,302183.04405654455,522183.04405654455
1816,rongzhou_province,east_asia,5,294.4474911442774,262857.77468367177,263152.22217481607,522152.22217481607
1817,megantic_province,north_america,7,0.20354372473237428,326012.47761547536,326012.6811592001,522012.6811592001
1818,north_sekani_province,north_america,4,0.0,429659.4180281899,429659.4180281899,521659.4180281899
1819,tarki_province,eastern_europe,5,311197.0678248031,0.0,311197.0678248031,521197.0678248032
1820,baghdad_province,middle_east,6,403835.4720922457,0.0,403835.4720922457,520835.4720922457
1821,gapsan_province,east_asia,3,226.79185505450437,499531.6516380075,499758.44349306193,520758.44349306193
1822,lianzhou_guangdong_province,east_asia,4,35.16334924018256,276691.3915120838,276726.55486132397,519726.554861324
1823,tuapse_province,eastern_europe,6,3111.588242239592,64342.08620645576,67453.67444869535,519453.6744486954
1824,guaratuba_province,south_america,7,0.0,333250.9246065186,333250.9246065186,519250.92460651865
1825,lamu_archipelago_province,east_africa,4,273167.36676663475,0.0,273167.36676663475,519167.3667666347
1826,sumatran_islands_province,south_east_asia,7,1048.2107696202108,201641.49825339182,202689.70902301202,518689.709023012
1827,nimiipuu_province,north_america,7,6835.817790716426,165041.7368461997,171877.55463691612,517877.55463691615
1828,ayutthaya_province,south_east_asia,5,253330.1092660549,66293.51182795851,319623.62109401345,517623.62109401345
1829,venice_province,western_europe,7,18683.10755304628,107857.30772808884,126540.41528113512,517540.4152811351
1830,winisk_province,north_america,9,0.0,210316.12115132,210316.12115132,517316.12115132
1831,upper_save_province,southern_africa,5,81084.71390190822,335865.4689862412,416950.1828881494,516950.18288814946
1832,east_gandak_province,south_asia,6,7100.023319017048,290748.44573226356,297848.46905128064,516848.4690512806
1833,tyenga_province,west_africa,4,392684.32347752654,0.0,392684.32347752654,516684.32347752654
1834,damghan_province,middle_east,5,416570.09021811653,0.0,416570.09021811653,516570.09021811653
1835,dalai_nuur_province,east_asia,5,199446.9061075193,0.0,199446.9061075193,516446.9061075193
1836,chilcotin_province,north_america,5,3942.52227166003,314275.0524025314,318217.5746741914,516217.5746741914
1837,siauliai_province,eastern_europe,5,433.58503596212034,183094.73521923507,183528.32025519718,515528.3202551972
1838,western_crow_province,north_america,7,241031.96222307105,0.0,241031.96222307105,515031.962223071
1839,qingyuan_province,east_asia,6,165.1474624729568,376775.48845960223,376940.63592207513,514940.63592207513
1840,yazhou_province,east_asia,5,1061.1316916657931,203820.03155775674,204881.16324942253,514881.16324942256
1841,meskheti_province,eastern_europe,8,179.87602935424937,294617.4148036105,294797.29083296476,514797.29083296476
1842,han_hwechin_province,north_america,5,0.0,441886.2114186464,441886.2114186464,513886.2114186464
1843,jinan_province,east_asia,7,74009.8544334347,0.0,74009.8544334347,513009.8544334347
1844,kaarta_province,west_africa,6,269908.05723586096,0.0,269908.05723586096,512908.05723586096
1845,wa_province,west_africa,5,186820.21804766796,0.0,186820.21804766796,512820.218047668
1846,erzurum_province,eastern_europe,9,9926.6279992698,69407.26254066419,79333.89053993399,512333.890539934
1847,lower_wami_province,east_africa,4,232295.4931494891,0.0,232295.4931494891,512295.4931494891
1848,dongchuan_province,east_asia,4,106.1707281323058,482113.3559667533,482219.52669488563,512219.52669488563
1849,swazi_province,southern_africa,4,41227.20769045604,257337.55543374165,298564.7631241977,511564.76312419766
1850,vodskaya_province,eastern_europe,8,3708.762012465333,380638.268790873,384347.03080333833,510347.03080333833
1851,ossabaw_province,north_america,4,47437.83745951799,405524.4993604438,452962.3368199618,509962.3368199618
1852,maroserana_province,east_africa,5,323632.3351657879,0.0,323632.3351657879,508632.3351657879
1853,denkelia_province,east_africa,4,451512.8934976818,0.0,451512.8934976818,508512.8934976818
1854,tarankol_province,north_asia,5,367486.61083419673,0.0,367486.61083419673,508486.61083419673
1855,seongju_province,east_asia,5,0.0,410130.16411197867,410130.16411197867,508130.16411197867
1856,almaliq_province,central_asia,5,204560.10493993666,76193.95665610392,280754.0615960406,507754.0615960406
1857,saratov_province,eastern_europe,6,52690.955536008434,0.0,52690.955536008434,507690.95553600846
1858,chengjiang_province,east_asia,4,4139.744560241552,310435.3158762032,314575.06043644476,507575.06043644476
1859,wembere_province,east_africa,4,356332.04849469144,0.0,356332.04849469144,507332.04849469144
1860,katsina_province,west_africa,4,292254.6493623466,0.0,292254.6493623466,507254.6493623466
1861,mugla_province,middle_east,8,62733.186599455374,0.0,62733.186599455374,506733.18659945537
1862,almenevo_province,north_asia,5,44603.7287490408,0.0,44603.7287490408,506603.7287490408
1863,ganzhou_gansu_province,east_asia,6,311511.5369129384,0.0,311511.5369129384,506511.53691293835
1864,motloutse_province,southern_africa,3,294279.19762868993,0.0,294279.19762868993,505279.19762868993
1865,kii_province,east_asia,6,112.30517417495369,256375.35116468178,256487.65633885673,504487.65633885673
1866,puuk_province,north_america,5,219120.55631796748,0.0,219120.55631796748,503120.5563179675
1867,hudaida_province,middle_east,5,371848.0676387366,0.0,371848.0676387366,502848.0676387366
1868,yangman_province,australasia,8,13463.443535671942,0.0,13463.443535671942,502463.4435356719
1869,sichuan_province,east_asia,4,0.0,441783.498794988,441783.498794988,501783.498794988
1870,oran_province,north_africa,6,297595.2506836422,0.0,297595.2506836422,501595.2506836422
1871,wanapitei_province,north_america,4,829.7667005591736,448117.954771087,448947.72147164616,500947.72147164616
1872,kinaksisahtai_province,north_america,5,425675.16806151986,0.0,425675.16806151986,500675.16806151986
1873,ouagadougou_province,west_africa,6,200350.2382256431,0.0,200350.2382256431,499350.23822564306
1874,murom_province,eastern_europe,6,2564.6443935903126,248517.61158684074,251082.25598043104,499082.25598043104
1875,syun_province,eastern_europe,6,14197.26671471645,189730.46341402578,203927.73012874223,498927.73012874223
1876,tosa_province,east_asia,7,57.13741058265261,146786.6811832264,146843.81859380903,498843.81859380903
1877,betsiamites_province,north_america,9,360.73551145541137,252735.68150074026,253096.41701219566,498096.4170121957
1878,diyarbekir_province,middle_east,6,41747.656691074124,103747.7225791056,145495.37927017972,497495.37927017966
1879,eimasstukwek_province,north_america,6,0.0,323208.0892496253,323208.0892496253,497208.08924962534
1880,suruga_province,east_asia,5,8.139534556314386,208917.58326342722,208925.72279798353,496925.72279798356
1881,dathina_province,middle_east,5,378732.14255157183,0.0,378732.14255157183,496732.14255157183
1882,kashin_province,eastern_europe,4,56.056471082955355,356487.8858207377,356543.94229182065,496543.94229182065
1883,ihkowom_iyo_he_province,north_america,8,109398.69339298486,0.0,109398.69339298486,496398.69339298486
1884,vengi_nadu,south_asia,5,291564.8831307598,0.0,291564.8831307598,494564.8831307598
1885,luorong_province,east_asia,4,870.4866224366873,318458.1585364291,319328.6451588658,494328.6451588658
1886,semikarakorsk_province,eastern_europe,6,243142.38190578125,0.0,243142.38190578125,494142.3819057813
1887,wuding_province,east_asia,4,1041.5559313809156,296919.33343023836,297960.8893616193,493960.8893616193
1888,qingyang_province,east_asia,7,4425.324825935345,0.0,4425.324825935345,493425.32482593536
1889,shilingol_province,east_asia,7,211488.2140363481,40597.018467701346,252085.23250404943,493085.23250404943
1890,hezhou_guangxi_province,east_asia,4,76.81814185516127,399219.47466006316,399296.2928019183,492296.2928019183
1891,azov_province,eastern_europe,7,173645.038813737,0.0,173645.038813737,491645.038813737
1892,phraek_province,south_east_asia,5,208623.28251326023,1000.8523008709693,209624.1348141312,491624.1348141312
1893,dengzhou_province,east_asia,7,26047.908302135067,0.0,26047.908302135067,491047.90830213507
1894,lower_ruvuma_province,east_africa,5,219281.7134361162,6641.999776415926,225923.7132125321,490923.7132125321
1895,south_dalmatia_province,eastern_europe,6,19257.982861460536,224986.40871044065,244244.39157190116,490244.39157190116
1896,aahkawiraahkata,north_america,5,325935.93975164904,0.0,325935.93975164904,489935.93975164904
1897,ruizhou_province,east_asia,3,3371.9944941400436,232225.38398642215,235597.3784805622,488597.37848056224
1898,keonjhar_province,south_asia,5,186837.0273424076,0.0,186837.0273424076,487837.02734240756
1899,kandahar_province,middle_east,6,373802.4978854499,0.0,373802.4978854499,486802.4978854499
1900,bolghar_province,eastern_europe,5,14927.877725916209,0.0,14927.877725916209,485927.8777259162
1901,balti_moldova_province,eastern_europe,5,4535.224154781797,0.0,4535.224154781797,485535.2241547818
1902,wumeng_province,east_asia,4,99.23944746835798,411395.79630845616,411495.03575592453,485495.03575592453
1903,gaoyou_province,east_asia,3,340964.8326785612,0.0,340964.8326785612,484964.8326785612
1904,chongqing_province,east_asia,6,1479.015808867316,117397.35321550266,118876.36902436998,484876.36902437
1905,lower_igombe_province,east_africa,4,144638.81295828824,21200.89580243107,165839.70876071928,484839.7087607193
1906,bielska_sloboda_province,eastern_europe,6,19624.832054643517,0.0,19624.832054643517,484624.83205464354
1907,tongren_province,east_asia,3,50.135545705068786,401850.4667340183,401900.6022797234,483900.6022797234
1908,lower_gafana_province,east_africa,4,186670.96738579325,0.0,186670.96738579325,483670.9673857932
1909,duyun_province,east_asia,5,154.42998296767067,395812.38792235166,395966.81790531933,482966.81790531933
1910,kunduz_province,central_asia,6,258534.9903758272,0.0,258534.9903758272,482534.9903758272
1911,mayapan_province,north_america,6,216295.66902813557,0.0,216295.66902813557,482295.6690281356
1912,podrinje_province,eastern_europe,3,44.03388510481406,381309.60357325885,381353.63745836366,480353.63745836366
1913,jaffna_province,south_asia,2,305346.12069123995,0.0,305346.12069123995,480346.12069123995
1914,chimgi_tura_province,north_asia,5,42659.20730044101,0.0,42659.20730044101,479659.207300441
1915,liuzhou_province,east_asia,5,1899.8605009302,415367.1119190414,417266.97241997154,479266.9724199716
1916,harput_province,eastern_europe,10,66688.34855624713,85536.10289221347,152224.4514484606,479224.4514484606
1917,kuruman_province,southern_africa,4,234488.711150795,0.0,234488.711150795,478488.711150795
1918,bahr_el_ghazal_province,east_africa,7,349288.1286428909,0.0,349288.1286428909,478288.1286428909
1919,tsetsaut_province,north_america,5,0.0,361876.7664272695,361876.7664272695,476876.7664272695
1920,zhenan_province,east_asia,4,174.83814045777945,388615.1792926161,388790.01743307384,476790.01743307384
1921,wambu_province,central_africa,7,74564.33575807654,34065.23905199945,108629.574810076,475629.574810076
1922,ambongo_province,east_africa,4,46388.52311192026,251976.58304952754,298365.1061614478,475365.1061614478
1923,sequoyah_province,north_america,5,32942.17590570726,394043.94251515006,426986.1184208573,474986.1184208573
1924,manyame_province,southern_africa,5,286863.5118893591,0.0,286863.5118893591,474863.5118893591
1925,kai_karoo_province,southern_africa,7,92657.66690334989,0.0,92657.66690334989,474657.6669033499
1926,jizhou_province,east_asia,8,55092.32595832875,0.0,55092.32595832875,474092.3259583287
1927,nipigon_province,north_america,5,2525.326283359368,399221.9095320499,401747.23581540934,473747.23581540934
1928,west_gandak_province,south_asia,5,7485.000117744048,226803.38915654464,234288.38927428873,473288.38927428867
1929,southern_vancouver_province,north_america,5,4345.649237189059,327638.7690261006,331984.4182632896,472984.4182632896
1930,funen_province,western_europe,5,879.5544588097624,0.0,879.5544588097624,472879.5544588098
1931,agaidika_province,north_america,9,78345.10968073156,10311.520384178495,88656.63006491006,471656.63006491004
1932,yelets_province,eastern_europe,6,2930.818675369991,58622.249436537204,61553.068111907196,471553.0681119072
1933,xingzhou_province,east_asia,9,3856.300503904778,0.0,3856.300503904778,470856.30050390476
1934,samtskhe_province,eastern_europe,4,392.2742831515969,199429.75708831512,199822.03137146673,470822.0313714667
1935,liptako_province,west_africa,5,388567.37494620925,0.0,388567.37494620925,470567.37494620925
1936,tabas_al_tamr_province,middle_east,6,405851.62871156546,0.0,405851.62871156546,469851.62871156546
1937,hont_province,eastern_europe,6,8918.264247081814,238396.1682170936,247314.43246417542,469314.4324641754
1938,hsenwi_province,south_east_asia,6,737.0914914691913,332832.34900611266,333569.44049758185,468569.44049758185
1939,piekouagami_province,north_america,5,203.78469985613094,338041.81884276215,338245.6035426183,468245.6035426182
1940,moqoit_province,south_america,10,174218.99385262092,0.0,174218.99385262092,468218.99385262094
1941,tunis_province,north_africa,6,343688.2652223189,0.0,343688.2652223189,467688.2652223189
1942,sizhou_guizhou_province,east_asia,4,270.26089170776555,399842.3863712697,400112.6472629775,467112.6472629775
1943,kamyshlov_province,eastern_europe,5,2.9373493519969704,372989.49314039527,372992.43048974726,466992.43048974726
1944,nurota_province,central_asia,5,363502.4610740168,0.0,363502.4610740168,466502.4610740168
1945,eskikewakik_province,north_america,4,0.7406075913302236,334460.57413371693,334461.3147413082,466461.3147413082
1946,mistassini_province,north_america,6,0.0,244109.91511703457,244109.91511703457,465109.9151170346
1947,taiyuan_province,east_asia,7,7101.114994188379,0.0,7101.114994188379,465101.11499418836
1948,shazhou_province,east_asia,7,366446.9896677742,0.0,366446.9896677742,464446.9896677742
1949,dean_province,east_asia,4,23093.43684048288,141627.53165015782,164720.96849064072,463720.9684906407
1950,ani_province,eastern_europe,4,9832.605697499728,158981.02698015523,168813.63267765497,462813.63267765497
1951,safhat_jibal_province,middle_east,6,146548.1149795591,0.0,146548.1149795591,462548.1149795591
1952,tih_province,north_africa,5,370087.25728218915,0.0,370087.25728218915,462087.25728218915
1953,szepes_province,eastern_europe,7,944.0171728740087,251783.71493721363,252727.73211008764,461727.73211008764
1954,terebovlia_province,eastern_europe,3,693.2425787211503,0.0,693.2425787211503,461693.24257872114
1955,vashki_province,eastern_europe,6,6514.884094210635,394715.6476681136,401230.5317623242,461230.5317623242
1956,akan_province,west_africa,3,349603.1009997745,0.0,349603.1009997745,460603.1009997745
1957,taizz_province,middle_east,5,277288.93509869295,0.0,277288.93509869295,460288.93509869295
1958,varmland_province,western_europe,8,1445.3189532833105,206120.5938108561,207565.91276413942,458565.9127641394
1959,waashiw_province,north_america,5,355487.4059776701,0.0,355487.4059776701,458487.4059776701
1960,dorohei_province,eastern_europe,6,4420.665883273797,0.0,4420.665883273797,458420.6658832738
1961,tuul_province,east_asia,6,70470.24500504363,100898.75907238704,171369.00407743067,458369.00407743064
1962,dien_chau_province,south_east_asia,4,3912.646893440527,358501.3725761679,362414.01946960844,457414.01946960844
1963,nanan_province,east_asia,4,1152.0098038456802,343182.2712613514,344334.2810651971,457334.2810651971
1964,murihiku_province,australasia,6,0.0,183596.74323945685,183596.74323945685,456596.74323945685
1965,wusawei_province,east_asia,4,0.0,428346.76175708184,428346.76175708184,456346.76175708184
1966,south_zazzau_province,west_africa,4,306988.6352213934,0.0,306988.6352213934,455988.6352213934
1967,ndongo_province,central_africa,5,222561.3759255799,0.0,222561.3759255799,455561.3759255799
1968,istria_province,eastern_europe,4,4450.863589293057,287636.08260400133,292086.9461932944,455086.94619329437
1969,wuzhou_province,east_asia,5,2.1325274503106897,269981.9893235983,269984.1218510486,454984.1218510486
1970,panyu_province,east_asia,4,136.11693343143602,257758.2827550034,257894.39968843485,454894.39968843485
1971,cheboksary_province,eastern_europe,7,4935.72631157057,193897.09633034377,198832.82264191436,454832.82264191436
1972,nghe_an_province,south_east_asia,4,9266.537959941117,394356.44260473247,403622.9805646736,454622.9805646736
1973,karlivka_province,eastern_europe,6,47410.55661945875,0.0,47410.55661945875,454410.5566194587
1974,massachusetts_province,north_america,5,13042.641628954862,276622.3080663014,289664.94969525625,453664.9496952562
1975,zaporizhzhia_province,eastern_europe,4,52629.79299306782,0.0,52629.79299306782,452629.7929930678
1976,wasit_province,middle_east,7,321503.8417274665,0.0,321503.8417274665,452503.8417274665
1977,komati_province,southern_africa,3,240681.4207965159,0.0,240681.4207965159,450681.4207965159
1978,daning_province,east_asia,7,54626.7873063429,0.0,54626.7873063429,450626.7873063429
1979,rangkullmapu_province,south_america,10,321539.67583992064,0.0,321539.67583992064,450539.67583992064
1980,or_qapi_province,eastern_europe,5,147291.62678037668,0.0,147291.62678037668,450291.6267803767
1981,jinju_province,east_asia,7,573.5499748249981,286580.45114556485,287154.0011203898,450154.0011203898
1982,guanxi_province,east_asia,5,3248.752275205517,388782.74917099887,392031.5014462044,450031.5014462044
1983,atkarsk_province,eastern_europe,8,105896.00832713066,0.0,105896.00832713066,449896.0083271307
1984,tokrau_province,central_asia,4,363017.1370826536,0.0,363017.1370826536,449017.1370826536
1985,wananjun_province,east_asia,4,14820.912356573222,381035.6706176962,395856.5829742694,448856.5829742694
1986,yuzhou_shanxi_province,east_asia,5,11440.894677666063,0.0,11440.894677666063,448440.8946776661
1987,adal_province,east_africa,6,197424.5850691933,0.0,197424.5850691933,448424.5850691933
1988,cafa_province,eastern_europe,5,195157.9050135924,0.0,195157.9050135924,448157.9050135924
1989,velsk_province,eastern_europe,5,5.874122357034351,395549.88565842214,395555.75978077913,447555.75978077913
1990,xunzhou_guangdong_province,east_asia,3,72.14338394676216,291066.30719648616,291138.4505804329,446138.4505804329
1991,baghai_province,north_africa,5,283806.79456572444,0.0,283806.79456572444,445806.79456572444
1992,kremenskaya_province,eastern_europe,5,87575.19186849425,0.0,87575.19186849425,445575.19186849426
1993,kaslinsky_province,eastern_europe,4,8105.636864585002,212231.44466612526,220337.08153071025,445337.0815307102
1994,akhtar_province,eastern_europe,8,115039.20528889856,0.0,115039.20528889856,445039.20528889855
1995,lower_marathwada,south_asia,5,30394.594894417234,0.0,30394.594894417234,444394.59489441727
1996,guangning_province,east_asia,5,9087.664518009755,0.0,9087.664518009755,444087.66451800975
1997,hadramawt_province,middle_east,9,292935.5567669965,0.0,292935.5567669965,443935.55676699657
1998,novosil_province,eastern_europe,8,1782.5452205612867,56827.647193202974,58610.19241376426,443610.19241376425
1999,tuyen_hoa_province,south_east_asia,6,60.22628488319767,308171.6963660385,308231.92265092174,443231.92265092174
2000,laizhou_province,east_asia,6,65783.18971273272,0.0,65783.18971273272,442783.1897127327
2001,manicouagan_province,north_america,7,160.7122893758564,235590.25716413386,235750.96945350972,442750.96945350966
2002,uzboy_province,central_asia,3,411527.5192320306,0.0,411527.5192320306,442527.5192320306
2003,buriram_province,south_east_asia,5,142855.39920383634,0.0,142855.39920383634,441855.3992038364
2004,chuncheon_province,east_asia,5,416.50656724479984,384195.35735810065,384611.8639253455,441611.8639253455
2005,borgu_province,west_africa,4,114419.79782219234,0.0,114419.79782219234,440419.79782219237
2006,feher_province,eastern_europe,7,259.0638664441161,257130.74835115488,257389.812217599,440389.812217599
2007,east_banat_province,eastern_europe,5,16627.780934303526,72290.63391072344,88918.41484502696,439918.414845027
2008,zabid_province,middle_east,5,249010.9997370448,0.0,249010.9997370448,439010.9997370448
2009,dazhou_province,east_asia,5,69.20836214406901,198647.69015399067,198716.89851613474,438716.8985161347
2010,rostov_province,eastern_europe,3,227.26737063711107,390830.31833490107,391057.58570553816,438057.58570553816
2011,kaleap_province,australasia,8,0.0,0.0,0.0,438000.0
2012,kushva_province,eastern_europe,5,3092.5992362938714,385839.14556206285,388931.7447983568,437931.7447983568
2013,hidaka_province,east_asia,5,96.01990658565884,205764.72933025542,205860.74923684107,437860.7492368411
2014,west_taiwan_province,east_asia,6,1132.9786768303825,284531.53232107137,285664.5109979018,437664.5109979018
2015,runing_province,east_asia,8,262433.69352308114,0.0,262433.69352308114,435433.69352308114
2016,kaministiquia_province,north_america,4,8434.847384204952,390661.53130133776,399096.3786855427,435096.3786855427
2017,chkoy_province,east_asia,4,5579.034062624948,240402.02436382743,245981.05842645236,434981.0584264524
2018,adraskan_province,middle_east,5,240695.82638473966,0.0,240695.82638473966,434695.82638473966
2019,laila_province,middle_east,4,338949.5708948214,0.0,338949.5708948214,433949.5708948214
2020,madawaska_province,north_america,4,261.6959906731446,405586.2003255232,405847.89631619636,433847.89631619636
2021,tlemcen_province,north_africa,5,91595.93838865985,0.0,91595.93838865985,433595.93838865985
2022,mokaie_province,south_america,6,2043.9703894645725,216463.2430167858,218507.21340625038,433507.2134062504
2023,lower_pangani_province,east_africa,6,203477.86346625368,0.0,203477.86346625368,433477.8634662536
2024,jazan_province,middle_east,6,355138.81642285077,0.0,355138.81642285077,433138.81642285077
2025,halar,south_asia,5,284667.67237375514,0.0,284667.67237375514,432667.67237375514
2026,stadacona_province,north_america,8,5.515029727586253,296779.8319770286,296785.3470067562,430785.3470067562
2027,trubchevsk_province,eastern_europe,5,3354.1430460943157,135135.77931460418,138489.92236069852,430489.9223606985
2028,tenkodogo_province,west_africa,5,249229.17652963742,0.0,249229.17652963742,430229.1765296374
2029,cadiz_province,western_europe,8,129130.67795889635,0.0,129130.67795889635,430130.6779588964
2030,bijar_province,middle_east,7,254626.56523156923,0.0,254626.56523156923,429626.5652315692
2031,qingcheng_province,east_asia,8,110452.05129076248,0.0,110452.05129076248,428452.0512907625
2032,stavropol_province,eastern_europe,5,46366.58911984903,0.0,46366.58911984903,428366.589119849
2033,torino_province,western_europe,5,3489.382739365433,216775.63970315596,220265.0224425214,428265.0224425214
2034,lower_styria_province,western_europe,5,1761.3055169767608,179412.92337852783,181174.2288955046,428174.2288955046
2035,phetchaburi_province,south_east_asia,3,53488.07699269146,316592.6003891892,370080.6773818807,428080.6773818807
2036,savoy_province,western_europe,8,1006.99612003953,204009.67326150258,205016.6693815421,428016.66938154213
2037,mstsislaw_province,eastern_europe,6,762.2387509412895,260108.39822583852,260870.63697677982,427870.6369767798
2038,ouarsenis_province,north_africa,6,224131.83410448127,0.0,224131.83410448127,427131.83410448127
2039,cayor_province,west_africa,3,388039.10800166684,0.0,388039.10800166684,427039.1080016669
2040,he_province,east_asia,3,11300.586916786213,231684.77274515043,242985.3596619366,426985.3596619366
2041,xinyang_province,east_asia,4,181180.58173854754,89770.77138091135,270951.3531194589,426951.3531194589
2042,kargopol_province,eastern_europe,5,0.0,276672.7419413364,276672.7419413364,426672.7419413364
2043,anlu_province,east_asia,5,73296.4677237724,0.0,73296.4677237724,426296.4677237724
2044,yangjibaliq_province,east_asia,5,258279.83469813078,0.0,258279.83469813078,425279.8346981308
2045,mamprusi_province,west_africa,4,166259.92745807674,0.0,166259.92745807674,425259.92745807674
2046,sukhothai_province,south_east_asia,6,124081.77201636578,0.0,124081.77201636578,425081.7720163658
2047,dena_ina_province,north_america,7,0.0,349885.6304106611,349885.6304106611,424885.6304106611
2048,nanyang_province,east_asia,7,268302.2393433393,0.0,268302.2393433393,424302.2393433393
2049,northern_tanana_province,north_america,5,0.0,208174.20925371588,208174.20925371588,424174.2092537159
2050,porossia_province,eastern_europe,6,161.2204383304706,0.0,161.2204383304706,424161.22043833043
2051,namaro_province,west_africa,6,359422.8111892564,0.0,359422.8111892564,423422.8111892564
2052,iasi_province,eastern_europe,6,11358.466803230149,0.0,11358.466803230149,423358.4668032301
2053,khoy_province,middle_east,8,148156.7617600868,0.0,148156.7617600868,423156.7617600868
2054,siyancuma_province,southern_africa,4,281950.3658635834,0.0,281950.3658635834,422950.3658635834
2055,pitchibourenik_province,north_america,6,0.0,217541.2267574207,217541.2267574207,422541.2267574207
2056,suakin_province,east_africa,4,361345.08301414124,0.0,361345.08301414124,422345.08301414124
2057,culiacan_province,north_america,8,123343.06857436328,0.0,123343.06857436328,422343.06857436325
2058,mangistau_province,central_asia,6,363019.18478971475,0.0,363019.18478971475,422019.18478971475
2059,kars_province,eastern_europe,3,9139.736851787686,152879.31419328108,162019.05104506877,422019.0510450688
2060,guangping_province,east_asia,7,218876.89168063804,0.0,218876.89168063804,421876.8916806381
2061,ijebu_province,west_africa,5,14583.35254317591,48095.0217625887,62678.37430576461,421678.3743057646
2062,alatyr_province,eastern_europe,6,1932.3262814630625,0.0,1932.3262814630625,420932.3262814631
2063,deqing_province,east_asia,4,137.38616863067176,292591.83947125456,292729.22563988523,419729.2256398853
2064,masuria_province,eastern_europe,7,2531.5252436405317,204487.15163341482,207018.67687705535,419018.6768770553
2065,pingyue_province,east_asia,3,284.48885314706206,305613.1508487492,305897.63970189623,418897.63970189623
2066,meath_province,western_europe,8,977.7590141885099,274480.1827365543,275457.9417507428,418457.9417507428
2067,uashat_province,north_america,6,0.0,210323.88178316117,210323.88178316117,417323.88178316114
2068,dobea_province,east_africa,5,283209.9778860016,0.0,283209.9778860016,417209.9778860016
2069,payeye_province,north_america,6,182111.5585581843,0.0,182111.5585581843,417111.5585581843
2070,kayseri_province,middle_east,5,56769.43953696155,0.0,56769.43953696155,416769.43953696155
2071,lower_lurio_province,east_africa,5,114388.63233625282,0.0,114388.63233625282,416388.63233625283
2072,lijiang_province,east_asia,6,114.60426930086436,281106.6599396245,281221.26420892536,416221.26420892536
2073,east_muntenia_province,eastern_europe,7,29990.628680144353,143093.39430186964,173084.022982014,416084.022982014
2074,kai_province,east_asia,4,118.09398265098119,275386.0616784526,275504.15566110355,415504.15566110355
2075,deh_kord_province,middle_east,6,312200.84139859944,0.0,312200.84139859944,414200.84139859944
2076,khaqmar_province,central_asia,6,197175.7591688678,27424.954550148614,224600.7137190164,413600.7137190164
2077,lar_province,middle_east,5,268278.508496486,0.0,268278.508496486,413278.508496486
2078,deg_xitan_province,north_america,6,0.0,228213.06515577907,228213.06515577907,413213.0651557791
2079,hizen_province,east_asia,8,1492.5871353962752,260550.73814421942,262043.3252796157,413043.3252796157
2080,adrar_province,west_africa,5,240106.7928196967,0.0,240106.7928196967,411106.79281969665
2081,south_dobruja_province,eastern_europe,6,38699.85478952812,0.0,38699.85478952812,410699.8547895281
2082,pikwitonei_province,north_america,3,0.0,350313.46410645865,350313.46410645865,409313.46410645865
2083,kargasok_province,north_asia,3,3590.5498588557784,289362.1192007591,292952.6690596149,408952.6690596149
2084,kerulen_province,east_asia,5,71605.2711800135,128904.55320126837,200509.82438128188,408509.82438128185
2085,guangnan_province,east_asia,5,0.0,173436.30061769194,173436.30061769194,408436.300617692
2086,ust_sysola_province,eastern_europe,7,0.0,327350.57869593083,327350.57869593083,408350.57869593083
2087,mamudju_province,south_east_asia,6,116.46848311903385,287866.3046756448,287982.7731587638,406982.7731587638
2088,tepeyacac_province,north_america,5,55739.13514035486,160122.06998916203,215861.2051295169,406861.2051295169
2089,medjerda_province,north_africa,7,161798.1071673755,0.0,161798.1071673755,406798.1071673755
2090,shunning_province,east_asia,5,0.0,134221.09215230795,134221.09215230795,406221.092152308
2091,epexiwitk_province,north_america,6,5746.444457430139,175133.4661152616,180879.91057269173,404879.9105726917
2092,oshima_province,east_asia,6,15.359250197013926,280739.5577892397,280754.9170394367,404754.9170394367
2093,aydin_province,middle_east,8,271201.31645961455,0.0,271201.31645961455,404201.31645961455
2094,upper_wami_province,east_africa,4,198027.54695527628,0.0,198027.54695527628,404027.5469552763
2095,kampili,south_asia,5,81798.96639900851,0.0,81798.96639900851,403798.9663990085
2096,mahadeo,south_asia,5,251491.44746237344,0.0,251491.44746237344,403491.4474623734
2097,fengyang_province,east_asia,3,233200.1115892315,0.0,233200.1115892315,403200.1115892315
2098,chactemal_province,north_america,6,87074.51666989845,27892.120737841215,114966.63740773966,402966.63740773965
2099,pennacook_province,north_america,4,830.4914324230343,219495.10996290934,220325.60139533237,402325.60139533237
2100,vastergotland_province,western_europe,12,3236.4838491448972,83920.75973209401,87157.24358123892,402157.2435812389
2101,narangga_province,australasia,8,0.0,0.0,0.0,402000.0
2102,darab_province,middle_east,5,229660.53849381505,0.0,229660.53849381505,401660.538493815
2103,niineniiniicie_province,north_america,4,198349.7399537557,0.0,198349.7399537557,400349.73995375575
2104,bizen_province,east_asia,3,92.7233215401843,234150.18702977028,234242.91035131045,400242.91035131045
2105,gwiriko_province,west_africa,6,119789.28874712007,0.0,119789.28874712007,399789.28874712007
2106,barga_province,north_asia,7,596.1477224896435,246934.2472031131,247530.39492560274,399530.3949256027
2107,lower_rufiji_province,east_africa,3,128376.8882654781,106926.74359201582,235303.63185749392,399303.63185749395
2108,ahvaz_province,middle_east,6,311715.3831461867,0.0,311715.3831461867,398715.3831461867
2109,tengrela_province,west_africa,6,157631.11765784986,0.0,157631.11765784986,398631.11765784986
2110,peshawar_province,south_asia,5,103593.99936143475,64651.42721004497,168245.4265714797,398245.42657147965
2111,nauset_province,north_america,4,33385.826481459335,109456.5243271381,142842.35080859743,397842.3508085974
2112,asante_province,west_africa,5,188807.2153028861,0.0,188807.2153028861,396807.2153028861
2113,simivu_province,east_africa,3,123878.41587683099,27865.416487194838,151743.83236402582,396743.8323640258
2114,kulab_province,central_asia,6,88965.65622498894,62185.54651133501,151151.20273632393,396151.20273632393
2115,matlatzinco_province,north_america,6,49882.446081242815,142151.99170240774,192034.43778365056,396034.4377836506
2116,kaya_paha_province,north_america,3,269967.996224488,0.0,269967.996224488,395967.996224488
2117,xinzhou_province,east_asia,4,1360.1419965199136,0.0,1360.1419965199136,395360.14199651993
2118,baishan_province,east_asia,4,329.0669298436584,166882.7148361473,167211.78176599095,395211.78176599095
2119,annan_guizhou_province,east_asia,3,0.0,197168.51580799103,197168.51580799103,395168.51580799103
2120,oumi_province,east_asia,6,687.324719459766,282079.02117540466,282766.3458948644,394766.3458948644
2121,liganha_province,east_africa,4,166728.28550767692,0.0,166728.28550767692,394728.28550767695
2122,tavastland_province,western_europe,12,4597.078390014117,134028.09281423953,138625.17120425365,394625.1712042536
2123,lower_mazowe_province,southern_africa,4,220426.8009128386,0.0,220426.8009128386,394426.8009128386
2124,jujuy_province,south_america,7,56925.479680400924,0.0,56925.479680400924,393925.4796804009
2125,iwami_province,east_asia,5,8.99921649673831,260724.43595210515,260733.4351686019,393733.43516860186
2126,orhei_province,eastern_europe,6,7648.184565992789,0.0,7648.184565992789,393648.1845659928
2127,cismonte_province,western_europe,4,18056.14651116188,84047.76763325946,102103.91414442133,393103.91414442135
2128,imakia_province,north_asia,3,314763.48162570136,0.0,314763.48162570136,392763.4816257014
2129,sorochinskaya_province,eastern_europe,8,100503.17146333084,0.0,100503.17146333084,392503.17146333086
2130,dharug_province,australasia,7,17688.221732033628,66794.9508224289,84483.17255446254,392483.17255446257
2131,lower_carinthia_province,western_europe,6,271.77212638642254,230165.56884687947,230437.34097326588,392437.3409732659
2132,ashuanipi_province,north_america,8,0.0,200403.5049607381,200403.5049607381,392403.50496073806
2133,nusaybin_province,middle_east,7,276692.79070543987,25776.441898907673,302469.2326043475,391469.2326043475
2134,norridgewock_province,north_america,5,165.1263913549537,340245.8978676517,340411.0242590067,391411.0242590067
2135,yeniseysk_province,north_asia,4,0.0,240195.1626512872,240195.1626512872,391195.16265128716
2136,chaiyaphum_province,south_east_asia,6,109081.3724244181,0.0,109081.3724244181,390081.3724244181
2137,khujand_province,central_asia,5,250536.4775001455,16211.991147061733,266748.46864720725,389748.46864720725
2138,ongiin_province,east_asia,5,131620.59715975376,13904.361483899922,145524.9586436537,389524.95864365366
2139,north_ktunaxa_province,north_america,6,206.13910701048258,259444.45562048623,259650.5947274967,388650.59472749673
2140,awa_province,east_asia,7,266.0024030755681,189926.47451176573,190192.4769148413,388192.47691484133
2141,heves_province,eastern_europe,4,27319.34302192796,198687.4357626749,226006.77878460288,388006.7787846029
2142,biga_province,middle_east,8,159621.29082422442,0.0,159621.29082422442,387621.2908242244
2143,thubun_province,north_america,7,0.0,300544.5446524804,300544.5446524804,387544.5446524804
2144,shangzhou_province,east_asia,9,0.0,0.0,0.0,387000.0
2145,maui_province,pacific_islands,5,0.0,267407.77580047393,267407.77580047393,386407.77580047393
2146,kiralyfold_province,eastern_europe,7,1353.3168208407437,130710.85290713506,132064.1697279758,386064.1697279758
2147,starodub_province,eastern_europe,3,129.35873339538364,363579.58891259506,363708.9476459904,384708.9476459904
2148,fon_province,west_africa,4,182561.70493734797,0.0,182561.70493734797,384561.70493734797
2149,dechang_province,east_asia,4,402.7942945217486,234452.82856085783,234855.6228553796,383855.6228553796
2150,pungwe_province,southern_africa,5,183276.38745495366,18050.102757521778,201326.49021247544,383326.4902124754
2151,funing_province,east_asia,3,18.434916458403215,195419.35543750224,195437.79035396065,382437.79035396065
2152,atacama_province,south_america,6,286386.059952769,0.0,286386.059952769,382386.059952769
2153,biu_province,west_africa,5,167702.74669716635,0.0,167702.74669716635,381702.74669716635
2154,gaozhou_province,east_asia,4,343.4882992551256,249307.9493404358,249651.4376396909,381651.43763969094
2155,yaren_province,eastern_europe,7,59.333402779680064,231407.0586274438,231466.39203022348,381466.39203022345
2156,sevilla_province,western_europe,9,152435.52899065753,0.0,152435.52899065753,381435.52899065753
2157,konchuko_province,south_america,8,317.7015014680003,136989.15033295096,137306.85183441895,381306.85183441895
2158,sopron_province,eastern_europe,4,39828.84324587015,0.0,39828.84324587015,380828.84324587014
2159,bale_province,east_africa,4,123231.56364259603,145407.09606581094,268638.65970840695,380638.65970840695
2160,karachev_province,eastern_europe,5,1484.7578374930022,124994.519702649,126479.27754014201,380479.277540142
2161,ruaha_province,east_africa,4,270759.44758956385,0.0,270759.44758956385,379759.44758956385
2162,tzintzuntzan_province,north_america,7,30586.355679747405,0.0,30586.355679747405,378586.3556797474
2163,huila_province,central_africa,9,143957.20843260232,0.0,143957.20843260232,377957.20843260235
2164,sagami_province,east_asia,3,374.37020954866585,171451.21147837298,171825.58168792163,377825.58168792166
2165,atakpame_province,west_africa,4,187698.9439453131,0.0,187698.9439453131,377698.9439453131
2166,mahu_province,east_asia,5,0.0,202485.69601618656,202485.69601618656,377485.6960161866
2167,ayaviri_province,south_america,9,47.00624945667301,18303.17739184665,18350.183641303323,377350.18364130333
2168,bacs_province,eastern_europe,4,114107.38535707394,0.0,114107.38535707394,377107.385357074
2169,starodub_siverskyi_province,eastern_europe,7,545.0491977150044,91509.8505936804,92054.8997913954,377054.8997913954
2170,taizhou_nanzhili_province,east_asia,3,194738.1013602648,42254.709937881344,236992.81129814612,376992.81129814615
2171,yulin_guangxi_province,east_asia,3,959.7902058129082,248891.71576183388,249851.5059676468,376851.50596764684
2172,kachen_province,eastern_europe,5,49470.514591515064,33718.24306538594,83188.75765690101,376188.75765690097
2173,avalon_province,north_america,4,0.0,177549.86829337451,177549.86829337451,375549.86829337454
2174,szabolcs_province,eastern_europe,5,56502.09292432398,79619.50201118253,136121.59493550652,375121.5949355065
2175,dracenois_province,western_europe,5,5923.239236719173,153843.99329308575,159767.2325298049,374767.2325298049
2176,charka_province,south_america,9,31550.26367299016,0.0,31550.26367299016,374550.26367299014
2177,malmohus_province,western_europe,3,8226.139658075006,258071.48408712493,266297.62374519993,374297.62374519993
2178,shouzhou_province,east_asia,3,255104.45655573625,0.0,255104.45655573625,374104.45655573625
2179,ugalla_province,east_africa,5,113792.82640834626,0.0,113792.82640834626,372792.8264083463
2180,enlhet_province,south_america,8,129888.26764087545,17424.504445144332,147312.77208601977,372312.7720860198
2181,sergiyevsk_province,eastern_europe,5,11508.854936921016,0.0,11508.854936921016,371508.85493692104
2182,chin_province,south_asia,6,1298.6914655607434,198047.3279861647,199346.0194517254,371346.0194517254
2183,vastmanland_province,western_europe,7,748.2243885054165,160556.9285790497,161305.15296755513,371305.1529675551
2184,buir_nuur_province,east_asia,4,120787.196677278,87159.04094256737,207946.23761984537,370946.2376198454
2185,autlan_province,north_america,6,39424.92132804842,0.0,39424.92132804842,370424.92132804845
2186,dalarna_province,western_europe,12,1275.995046292527,155102.94965208415,156378.9446983767,370378.9446983767
2187,cuitzeo_province,north_america,5,31351.19064518528,85593.59928352069,116944.78992870596,369944.78992870596
2188,poltava_province,eastern_europe,6,34169.34889974215,0.0,34169.34889974215,369169.3488997421
2189,vasterbotten_province,western_europe,18,1088.8522734457415,69777.67458588466,70866.5268593304,368866.5268593304
2190,northern_sakhalin_province,east_asia,4,0.0,200812.91045805046,200812.91045805046,368812.9104580505
2191,ishma_province,south_america,11,124565.13848872067,19755.430329470844,144320.5688181915,368320.56881819153
2192,menabe_province,east_africa,7,180691.99323622035,0.0,180691.99323622035,367691.9932362204
2193,south_epirus_province,eastern_europe,5,2953.746852989123,185676.47817435692,188630.22502734605,367630.22502734605
2194,zhending_province,east_asia,10,89137.93005195096,0.0,89137.93005195096,367137.93005195097
2195,bear_river_province,north_america,6,139722.53063630007,29369.9717713645,169092.50240766458,367092.5024076646
2196,darumbal_province,australasia,8,139602.48206330586,0.0,139602.48206330586,366602.48206330586
2197,sahel_TUN_province,north_africa,5,261379.076758232,0.0,261379.076758232,365379.076758232
2198,zamfara_province,west_africa,5,184065.46492221716,0.0,184065.46492221716,365065.4649222172
2199,yulin_province,east_asia,5,106852.4308746526,0.0,106852.4308746526,364852.4308746526
2200,seles_province,central_africa,8,75662.04313270951,0.0,75662.04313270951,364662.0431327095
2201,dariganga_province,east_asia,5,93323.15139102176,0.0,93323.15139102176,364323.15139102173
2202,uglich_province,eastern_europe,3,0.0,294821.7823586436,294821.7823586436,363821.7823586436
2203,luangwa_province,central_africa,6,156959.93044814523,75671.94859081977,232631.87903896498,363631.879038965
2204,central_macedonia_province,eastern_europe,6,51362.6001247269,0.0,51362.6001247269,363362.6001247269
2205,majerteen_province,east_africa,6,273146.5953136591,0.0,273146.5953136591,363146.5953136591
2206,xiliao_province,east_asia,6,200464.14355775714,0.0,200464.14355775714,362464.14355775714
2207,ife_province,west_africa,4,60227.1073251597,0.0,60227.1073251597,362227.1073251597
2208,ngarinyin_province,australasia,8,0.0,0.0,0.0,362000.0
2209,coliman_province,north_america,6,71179.31399855301,58781.19998721512,129960.51398576814,361960.51398576814
2210,ecchuu_province,east_asia,4,463.2394652276291,238273.21115232364,238736.45061755128,361736.4506175513
2211,jiazhou_province,east_asia,4,16594.02767770564,0.0,16594.02767770564,361594.0276777056
2212,mozambique_province,east_africa,5,39505.50573055912,0.0,39505.50573055912,360505.5057305591
2213,fuzhou_sichuan_province,east_asia,3,1467.3300967091548,180964.00079053105,182431.3308872402,360431.33088724024
2214,placentia_province,north_america,5,0.0,209207.94207588775,209207.94207588775,360207.94207588775
2215,itkanaahtuusu_province,north_america,5,163139.86214459117,0.0,163139.86214459117,360139.86214459117
2216,muchinga_province,east_africa,6,184851.17471401836,0.0,184851.17471401836,358851.17471401836
2217,suizhou_province,east_asia,5,165328.61427008672,7087.383704285805,172415.99797437253,358415.9979743725
2218,orkhon_province,east_asia,4,4991.199645717776,219370.59489735408,224361.79454307185,358361.7945430719
2219,manan_province,north_america,4,422.39008537767336,254415.0730924938,254837.46317787148,357837.4631778715
2220,markahuamachuco_province,south_america,8,436.1326652516986,0.0,436.1326652516986,357436.13266525173
2221,tabriz_province,middle_east,6,228326.59581670392,0.0,228326.59581670392,357326.5958167039
2222,nguu_hoong_province,south_east_asia,4,358.08331233879954,268983.2655140971,269341.3488264359,356341.348826436
2223,pozsony_province,eastern_europe,7,48436.31941773316,179149.18929067734,227585.50870841052,355585.5087084105
2224,canary_islands_province,north_africa,6,243265.6548378219,0.0,243265.6548378219,355265.6548378219
2225,kandi_province,west_africa,6,132170.64615211566,0.0,132170.64615211566,355170.64615211566
2226,dardanelles_province,eastern_europe,6,172036.61670907232,0.0,172036.61670907232,355036.6167090723
2227,thessaly_province,eastern_europe,8,105029.82739416127,0.0,105029.82739416127,355029.82739416126
2228,tak_province,south_east_asia,4,79770.81325891883,143206.47755402324,222977.29081294208,354977.2908129421
2229,novara_province,western_europe,6,7383.459046747495,166380.5143171753,173763.9733639228,354763.9733639228
2230,amgun_province,east_asia,6,0.0,209536.01125459897,209536.01125459897,354536.01125459897
2231,lanzhou_province,east_asia,6,0.0,119826.40588684863,119826.40588684863,353826.40588684863
2232,sena_province,southern_africa,4,110590.68843832325,0.0,110590.68843832325,353590.6884383232
2233,mangala_province,australasia,8,43547.58663371985,0.0,43547.58663371985,353547.58663371985
2234,kerman_province,middle_east,4,304324.75448514434,0.0,304324.75448514434,353324.75448514434
2235,jeonju_province,east_asia,4,69013.05071437615,177242.57237841559,246255.62309279173,353255.62309279176
2236,sauzas_province,north_america,4,173127.81253775035,0.0,173127.81253775035,353127.81253775035
2237,cyprus_province,middle_east,7,136459.14884312704,0.0,136459.14884312704,352459.14884312707
2238,trujillo_province,western_europe,4,98158.20715271204,0.0,98158.20715271204,352158.20715271204
2239,lalsk_province,eastern_europe,5,0.0,311136.93693977495,311136.93693977495,352136.93693977495
2240,north_taiwan_province,east_asia,6,1866.003490808656,150245.34113473655,152111.34462554523,352111.3446255452
2241,ar_ruha_province,middle_east,6,165066.9180309624,0.0,165066.9180309624,352066.9180309624
2242,tana_province,eastern_europe,6,89098.54103716598,0.0,89098.54103716598,351098.54103716597
2243,volkhovskaya_province,eastern_europe,5,2030.0126391805716,237042.40084243912,239072.4134816197,351072.4134816197
2244,lizhou_sichuan_province,east_asia,6,189.29309306113572,273332.2301413462,273521.52323440736,350521.52323440736
2245,turpan_province,east_asia,5,248922.71475050357,0.0,248922.71475050357,349922.7147505036
2246,qashliq_province,north_asia,4,602.837179315438,205258.50266124847,205861.3398405639,349861.33984056395
2247,alto_alentejo_province,western_europe,9,171655.31209052633,0.0,171655.31209052633,349655.31209052633
2248,tsimshian_province,north_america,5,0.0,257585.68334971383,257585.68334971383,349585.6833497138
2249,western_jutland_province,western_europe,4,1235.1384958907345,115152.63529373711,116387.77378962784,349387.7737896278
2250,korela_province,western_europe,14,5968.894892102349,156356.5977335823,162325.49262568465,349325.49262568465
2251,aimore_province,south_america,4,3250.3821323763204,0.0,3250.3821323763204,349250.3821323763
2252,savolax_province,western_europe,10,413.5745280112304,76509.74322760347,76923.3177556147,348923.3177556147
2253,uaymil_province,north_america,5,68852.77897679122,0.0,68852.77897679122,348852.7789767912
2254,taian_province,east_asia,6,44563.35673685803,0.0,44563.35673685803,348563.356736858
2255,kildare_province,western_europe,5,316.41533785103655,172698.140938642,173014.55627649304,348014.556276493
2256,vardar_province,eastern_europe,8,5952.449378224754,0.0,5952.449378224754,347952.44937822473
2257,yuanzhou_huguang_province,east_asia,3,206.35998734810016,286723.98291465803,286930.3429020061,347930.3429020061
2258,vyborg_province,western_europe,11,669.5713939553277,162750.8754440712,163420.44683802652,347420.4468380265
2259,eastern_podolia_province,eastern_europe,6,5307.56677098683,0.0,5307.56677098683,347307.5667709869
2260,zhaoqing_province,east_asia,5,177.76597886074654,251096.36312410724,251274.129102968,347274.129102968
2261,baracoa_province,north_america,7,152251.51077789676,0.0,152251.51077789676,347251.5107778968
2262,mbamba_province,central_africa,7,66937.05725808733,0.0,66937.05725808733,346937.0572580873
2263,nanning_province,east_asia,3,2292.843502432608,144285.4393270574,146578.28282948997,346578.28282948997
2264,eastern_jutland_province,western_europe,5,1526.9569200885414,63797.76295304836,65324.719873136906,346324.7198731369
2265,tengzhou_province,east_asia,5,95256.12114826152,0.0,95256.12114826152,346256.12114826153
2266,kennebec_province,north_america,4,4707.164055274685,256530.07192654716,261237.23598182184,346237.23598182184
2267,coos_province,north_america,4,452.8273627658716,210618.8491464003,211071.67650916617,346071.67650916614
2268,alsigontekw_province,north_america,5,484.8741183503011,225218.8852280575,225703.7593464078,345703.75934640784
2269,xalapa_province,north_america,4,5330.372924169934,160869.53397623677,166199.90690040673,345199.90690040676
2270,roscommon_province,western_europe,5,2099.0550585564133,145886.7527518564,147985.8078104128,344985.80781041284
2271,edirne_province,eastern_europe,5,104970.35620593352,0.0,104970.35620593352,344970.3562059335
2272,baixo_alentejo_province,western_europe,9,196232.3314270907,0.0,196232.3314270907,344232.3314270907
2273,mizhou_province,east_asia,4,4642.243575587219,0.0,4642.243575587219,343642.2435755872
2274,saguenay_province,north_america,6,7.490341945975695,265478.54094227427,265486.0312842202,343486.0312842202
2275,punjab_hills_province,south_asia,12,31574.48694738964,50840.19934450355,82414.68629189319,343414.6862918932
2276,umngazi_province,southern_africa,4,1964.5544988080453,217613.55368878494,219578.108187593,342578.108187593
2277,acamama_province,south_america,9,19.104291056069346,110501.109037969,110520.21332902508,342520.2133290251
2278,taman_province,eastern_europe,6,85296.06052365615,0.0,85296.06052365615,342296.06052365614
2279,mahra_province,middle_east,7,237474.02354874572,0.0,237474.02354874572,341474.0235487457
2280,changping_province,east_asia,4,67115.45430309395,0.0,67115.45430309395,341115.45430309395
2281,urmia_province,middle_east,5,231837.03427499643,0.0,231837.03427499643,340837.03427499643
2282,connecticut_province,north_america,4,12890.025393964059,219562.34625449218,232452.37164845626,340452.3716484562
2283,oosumi_province,east_asia,7,43.55486403423677,232802.60344753024,232846.15831156448,339846.1583115645
2284,chishmy_province,eastern_europe,7,36293.25467875298,3163.5379319353437,39456.792610688324,339456.79261068837
2285,preslav_province,eastern_europe,7,19153.492686726877,0.0,19153.492686726877,339153.49268672685
2286,yangzhou_province,east_asia,3,167883.80617524617,0.0,167883.80617524617,338883.80617524614
2287,aunus_karelia_province,western_europe,8,12687.028322807606,232965.44317925198,245652.4715020596,338652.4715020596
2288,naga_province,south_asia,4,271.8102265989468,202965.50709273474,203237.3173193337,338237.31731933367
2289,gogodala_province,pacific_islands,3,719.2177497487454,279407.9615621414,280127.1793118902,338127.1793118902
2290,aksaray_province,middle_east,4,196016.37008783684,0.0,196016.37008783684,338016.37008783687
2291,puquina_province,south_america,7,173824.89290694977,0.0,173824.89290694977,337824.89290694974
2292,thai_nguyen_province,south_east_asia,5,298.76906180189485,277932.637623068,278231.4066848699,337231.4066848699
2293,aivitok_province,north_america,7,0.0,119792.36177521643,119792.36177521643,336792.3617752164
2294,tete_province,southern_africa,3,210778.03504630664,0.0,210778.03504630664,336778.0350463067
2295,nzima_province,west_africa,4,15757.746009970571,195673.04689086025,211430.79290083083,336430.79290083086
2296,tipperary_province,western_europe,6,462.95599657271566,149070.26883074496,149533.22482731767,335533.2248273177
2297,eiland_province,southern_africa,5,191162.1277171602,0.0,191162.1277171602,335162.1277171602
2298,maramaros_province,eastern_europe,5,312.7905594653083,266502.68309151335,266815.47365097865,333815.47365097865
2299,basarabia_province,eastern_europe,7,29757.11391718904,0.0,29757.11391718904,332757.113917189
2300,manipur_province,south_asia,2,10850.492302033319,289770.9553653234,300621.44766735676,332621.44766735676
2301,kuskokwagmiut_province,north_america,6,0.0,101378.80488008674,101378.80488008674,332378.80488008674
2302,indrapura_province,south_east_asia,3,702.0892527956199,270521.66035973735,271223.74961253296,332223.74961253296
2303,mangyshlak_province,central_asia,4,263159.4048637035,0.0,263159.4048637035,332159.4048637035
2304,medininkai_province,eastern_europe,6,928.2781981517179,240016.5286199049,240944.80681805662,331944.8068180566
2305,shaowu_province,east_asia,4,0.0,213546.17400325334,213546.17400325334,331546.17400325334
2306,pocumtuc_province,north_america,3,630.1491356025808,306821.9855383237,307452.1346739263,331452.1346739263
2307,gurgueia_province,south_america,6,107091.56792536285,0.0,107091.56792536285,331091.56792536285
2308,upper_styria_province,western_europe,8,274.42979380941654,118545.2563052442,118819.68609905362,330819.6860990536
2309,kantor_province,west_africa,4,87551.62973577504,0.0,87551.62973577504,330551.62973577506
2310,xam_neua_province,south_east_asia,5,1253.7309209099008,277013.31258747296,278267.04350838286,330267.04350838286
2311,huelva_province,western_europe,7,127092.88023826963,0.0,127092.88023826963,330092.88023826963
2312,haizhou_province,east_asia,5,196950.963617373,0.0,196950.963617373,329950.96361737297
2313,izumo_province,east_asia,5,49.55530077182561,245839.36115005324,245888.91645082508,329888.91645082505
2314,syunik_province,eastern_europe,6,46823.838460546714,112808.74399584722,159632.58245639392,329632.5824563939
2315,kyiv_province,eastern_europe,5,410.58048240659014,0.0,410.58048240659014,329410.5804824066
2316,kwakwala_province,north_america,7,0.0,198176.632869257,198176.632869257,329176.632869257
2317,zazzau_province,west_africa,6,144921.08792528944,0.0,144921.08792528944,328921.0879252894
2318,abruzzo_citra_province,western_europe,3,4108.98252284415,0.0,4108.98252284415,328108.9825228441
2319,waitaha_province,australasia,5,0.0,258784.56696632237,258784.56696632237,327784.56696632237
2320,ayntab_province,middle_east,4,10779.226890369955,0.0,10779.226890369955,327779.22689036996
2321,yamato_province,east_asia,3,558.2536872623016,207748.10473194497,208306.35841920727,327306.3584192073
2322,xingan_province,east_asia,8,474.9884306180652,0.0,474.9884306180652,326474.9884306181
2323,zealand_province,western_europe,8,4342.620629470653,757.3343083901902,5099.954937860843,326099.9549378609
2324,gorin_province,east_asia,5,0.2315214556085359,128965.64258691783,128965.87410837345,325965.8741083734
2325,gani_koe_province,north_america,4,0.0,233437.1994871487,233437.1994871487,325437.19948714867
2326,kashary_province,eastern_europe,5,14262.262079299013,0.0,14262.262079299013,325262.262079299
2327,hulwan_province,middle_east,5,166052.62537698227,0.0,166052.62537698227,325052.62537698227
2328,northern_nuchiu_province,north_america,6,9044.662815071286,0.0,9044.662815071286,325044.6628150713
2329,grand_teton_province,north_america,5,97585.73542570916,133287.36265468757,230873.09808039674,324873.09808039677
2330,khadjibey_province,eastern_europe,5,28499.005719295914,0.0,28499.005719295914,324499.00571929594
2331,hengzhou_guangxi_province,east_asia,3,1004.954252051948,210211.49472143885,211216.44897349077,324216.4489734908
2332,muang_sua_province,south_east_asia,5,2205.904105769806,266760.4307470056,268966.33485277544,323966.33485277544
2333,ezorongondo_province,southern_africa,4,221905.00009380645,0.0,221905.00009380645,323905.0000938064
2334,akilasiewakik_province,north_america,3,0.0,122078.36078886973,122078.36078886973,323078.36078886973
2335,chungju_province,east_asia,5,18546.176193631163,174708.61849636887,193254.79469000004,322254.79469
2336,lower_runde_province,southern_africa,4,195690.7621658324,0.0,195690.7621658324,321690.7621658324
2337,north_caucasus_province,eastern_europe,4,0.0,155286.25148922086,155286.25148922086,321286.2514892208
2338,ustye_province,eastern_europe,8,22.354895137589004,188260.99898421692,188283.3538793545,321283.3538793545
2339,upper_igombe_province,east_africa,4,197256.3347398353,0.0,197256.3347398353,321256.3347398353
2340,tickanwatic_province,north_america,4,106972.74170768127,0.0,106972.74170768127,320972.74170768127
2341,semien_province,east_africa,3,7812.091570259042,0.0,7812.091570259042,320812.0915702591
2342,minsk_province,eastern_europe,7,407.13303779766403,142288.17624143563,142695.3092792333,320695.30927923333
2343,mikawa_province,east_asia,4,309.889542127357,247134.59944934046,247444.4889914678,320444.4889914678
2344,mangshi_province,east_asia,3,2381.7460524239705,276924.8846833381,279306.63073576207,320306.63073576207
2345,lippe_province,western_europe,8,680.5459532623966,0.0,680.5459532623966,319680.54595326236
2346,malatya_province,middle_east,6,106265.4015608509,0.0,106265.4015608509,319265.4015608509
2347,agawam_province,north_america,4,1490.9885810736853,252411.39621391904,253902.38479499271,318902.38479499274
2348,beira_litoral_province,western_europe,6,56504.30963022074,119941.61679360709,176445.92642382783,318445.9264238278
2349,zezhou_province,east_asia,6,374.15075306629114,0.0,374.15075306629114,318374.1507530663
2350,upper_kosi_province,south_asia,7,6881.067160677448,192431.59801960213,199312.66518027958,318312.6651802796
2351,monza_province,western_europe,4,1601.739754307763,180419.59936619276,182021.3391205005,318021.3391205005
2352,zekog_province,east_asia,4,0.0,0.0,0.0,318000.0
2353,umluj_province,middle_east,5,203498.06871436234,0.0,203498.06871436234,317498.06871436234
2354,echizen_province,east_asia,5,15.532027984602536,173369.11505901424,173384.64708699883,317384.6470869988
2355,pelly_river_province,north_america,4,0.0,278154.4381784867,278154.4381784867,317154.4381784867
2356,yawuru_province,australasia,7,0.0,0.0,0.0,317000.0
2357,yelanets_province,eastern_europe,6,36856.502874557256,0.0,36856.502874557256,315856.5028745573
2358,kaga_province,east_asia,2,0.0,138824.53202327352,138824.53202327352,315824.5320232735
2359,puma_province,south_america,8,70346.20279978821,0.0,70346.20279978821,315346.2027997882
2360,dorbod_province,east_asia,6,103884.88917402695,0.0,103884.88917402695,314884.8891740269
2361,jhalavad,south_asia,3,189899.62668650644,0.0,189899.62668650644,313899.62668650644
2362,iisaxpuatahcheeaashe_province,north_america,3,122743.71242579006,0.0,122743.71242579006,313743.71242579
2363,nagato_province,east_asia,4,0.02972554346717925,213696.69758837062,213696.72731391407,313696.7273139141
2364,chu_province,central_asia,7,201708.75354783138,0.0,201708.75354783138,312708.75354783144
2365,ust_tsimla_province,eastern_europe,4,104552.64674074927,0.0,104552.64674074927,312552.64674074925
2366,nandan_province,east_asia,6,0.0,165396.09964197953,165396.09964197953,312396.0996419795
2367,ankara_province,middle_east,6,50529.21605518359,0.0,50529.21605518359,311529.21605518355
2368,wazihe_province,north_america,6,160456.24155653734,0.0,160456.24155653734,311456.24155653734
2369,kursk_province,eastern_europe,8,9243.31781159222,51049.91689789482,60293.23470948704,311293.23470948706
2370,ninghai_province,east_asia,6,13797.448896604761,0.0,13797.448896604761,310797.44889660476
2371,nograd_province,eastern_europe,7,2669.285661397313,228421.57325235632,231090.85891375362,310090.85891375365
2372,hanseong_province,east_asia,4,95812.67560259998,146156.25784763455,241968.9334502345,309968.9334502345
2373,sodra_osterbotten_province,western_europe,8,1922.4576162051028,0.0,1922.4576162051028,309922.4576162051
2374,inner_aunus_karelia_province,western_europe,9,6444.368090744797,86426.84020981977,92871.20830056457,309871.20830056455
2375,lumnanas_province,south_america,6,103680.76443930413,0.0,103680.76443930413,309680.7644393041
2376,brescia_province,western_europe,6,6279.47813881977,145703.35837659432,151982.8365154141,308982.83651541406
2377,tonala_province,north_america,6,158749.13729915256,0.0,158749.13729915256,308749.13729915256
2378,estremadura_province,western_europe,5,84231.90292499053,87501.2885045669,171733.19142955742,308733.1914295574
2379,umgungundlovu_province,southern_africa,6,27690.894865202303,0.0,27690.894865202303,308690.8948652023
2380,tlaxcala_province,north_america,6,24385.777636014405,79269.43880254317,103655.21643855759,308655.2164385576
2381,khamag_province,north_asia,7,24.10188229478988,191410.69832818283,191434.8002104776,308434.8002104776
2382,karahisar_province,middle_east,6,87434.64260209774,0.0,87434.64260209774,308434.64260209777
2383,suou_province,east_asia,5,33.55804621735214,230922.59495318332,230956.15299940066,307956.1529994007
2384,oyo_province,west_africa,8,58530.87524037556,0.0,58530.87524037556,307530.8752403755
2385,sanuki_province,east_asia,3,1230.6918381065598,224108.4897867412,225339.18162484778,307339.1816248478
2386,western_bhutan_province,south_asia,6,773.3797152058262,97546.00223289349,98319.38194809933,307319.38194809936
2387,lasta_province,east_africa,3,0.0,0.0,0.0,307000.0
2388,rongzhou_wuzhou_province,east_asia,3,856.4476141552708,186747.55765417076,187604.00526832603,306604.00526832603
2389,jinzhou_province,east_asia,5,25574.605698480373,0.0,25574.605698480373,306574.6056984804
2390,alania_province,eastern_europe,6,7875.7203181144,13320.199366225337,21195.919684339737,306195.9196843397
2391,prilep_province,eastern_europe,6,17899.205797733954,112243.07510009882,130142.28089783277,306142.28089783277
2392,chaoyang_province,east_asia,6,16074.902595449517,0.0,16074.902595449517,306074.90259544953
2393,pingding_province,east_asia,6,9001.133556340432,0.0,9001.133556340432,306001.1335563404
2394,friuli_province,western_europe,7,10324.579974448672,141621.82383704738,151946.40381149604,304946.40381149604
2395,kalmius_province,eastern_europe,6,25845.067205633914,0.0,25845.067205633914,304845.0672056339
2396,tumnin_province,east_asia,6,0.0,161441.86757954047,161441.86757954047,304441.86757954047
2397,ichnia_province,eastern_europe,6,2726.5288203381406,0.0,2726.5288203381406,303726.52882033814
2398,samarkand_province,central_asia,4,224493.79569459456,0.0,224493.79569459456,303493.79569459456
2399,asyut_province,north_africa,4,202349.87636110224,0.0,202349.87636110224,303349.8763611023
2400,lintao_province,east_asia,5,51131.6118855019,0.0,51131.6118855019,303131.6118855019
2401,banaadir_province,east_africa,5,137506.07990496227,0.0,137506.07990496227,302506.0799049623
2402,kuelap_province,south_america,8,0.0,28377.539167025392,28377.539167025392,301377.53916702536
2403,yongping_province,east_asia,6,23416.7953662734,0.0,23416.7953662734,300416.7953662734
2404,halkomelem_province,north_america,6,570.8721966017298,165807.60450200512,166378.47669860686,300378.47669860686
2405,shunde_province,east_asia,5,23251.627251800473,0.0,23251.627251800473,300251.62725180044
2406,xuzhou_province,east_asia,5,101199.09440216687,0.0,101199.09440216687,300199.0944021669
2407,zarand_hun_province,eastern_europe,5,25325.694041420247,49750.53386619504,75076.22790761529,300076.2279076153
2408,west_dennaakke_province,north_america,5,0.0,169461.6079596263,169461.6079596263,299461.6079596263
2409,latgalia_province,eastern_europe,6,4050.0089182197316,53009.932504966964,57059.9414231867,299059.94142318674
2410,histayaho_province,north_america,5,99470.39611082344,0.0,99470.39611082344,298470.39611082344
2411,fejer_province,eastern_europe,6,20428.31879005661,0.0,20428.31879005661,298428.3187900566
2412,suktogeja_o_ipa_province,north_america,4,74587.68981221622,0.0,74587.68981221622,297587.6898122162
2413,pleven_province,eastern_europe,7,24461.412280139833,0.0,24461.412280139833,297461.41228013986
2414,estonia_province,eastern_europe,8,2820.9955744547105,90619.64903791598,93440.64461237068,297440.6446123707
2415,aroostook_province,north_america,3,226.45894757471083,272079.29386641283,272305.75281398755,297305.75281398755
2416,yerevan_province,eastern_europe,5,43996.571095318686,106076.51492749015,150073.08602280883,297073.0860228088
2417,donggala_province,south_east_asia,7,521.654521201586,214546.75716362108,215068.4116848227,297068.4116848227
2418,bjelovar_province,eastern_europe,6,111360.38169213879,16849.76900993718,128210.15070207597,296210.150702076
2419,linan_province,east_asia,5,3108.917094740768,165591.82389293658,168700.74098767736,295700.74098767736
2420,alava_province,western_europe,4,22.82891706983819,170578.9405668186,170601.76948388846,295601.76948388846
2421,hanyang_province,east_asia,2,5131.813153449697,75172.29205801139,80304.1052114611,295304.1052114611
2422,zumbo_province,southern_africa,6,168255.34809232043,0.0,168255.34809232043,295255.3480923204
2423,kariyan_province,middle_east,6,159353.04604218318,0.0,159353.04604218318,293353.0460421832
2424,south_tlingit_province,north_america,6,0.0,150196.86403084514,150196.86403084514,293196.8640308451
2425,chuzhou_province,east_asia,4,134705.46906964926,0.0,134705.46906964926,292705.46906964923
2426,hamid_province,middle_east,6,96340.05254822288,0.0,96340.05254822288,292340.0525482228
2427,molalla_province,north_america,3,0.0,219067.77314970578,219067.77314970578,292067.7731497058
2428,settsu_province,east_asia,4,693.6424573716571,171739.94044615145,172433.5829035231,291433.5829035231
2429,aonikenk_province,south_america,8,0.0,0.0,0.0,290000.0
2430,cherkasy_province,eastern_europe,7,14898.942795367419,0.0,14898.942795367419,289898.9427953674
2431,firuzabad_province,middle_east,6,96312.20118550281,0.0,96312.20118550281,289312.2011855028
2432,trencsen_province,eastern_europe,6,525.4110488009294,189783.82779825333,190309.23884705425,289309.23884705425
2433,levante_province,western_europe,3,423.32793784408216,116769.30493251231,117192.6328703564,289192.6328703564
2434,gilan_province,middle_east,4,162054.32188120956,0.0,162054.32188120956,289054.3218812096
2435,dakhina_desa,south_asia,3,376.4400557227964,123426.78586721545,123803.22592293826,288803.22592293826
2436,ardabil_province,middle_east,8,56460.067040260714,0.0,56460.067040260714,288460.0670402607
2437,duba_province,middle_east,6,181985.44544809376,0.0,181985.44544809376,287985.44544809376
2438,jianzhou_west_province,east_asia,6,165902.0705003405,15882.130246966872,181784.20074730736,287784.20074730733
2439,zaonezhye_province,eastern_europe,6,2007.8077975125866,184558.62454028454,186566.43233779713,287566.43233779713
2440,riau_islands_province,south_east_asia,5,15661.198526781785,116714.40589402852,132375.6044208103,287375.6044208103
2441,constantine_province,north_africa,6,122181.15089205772,0.0,122181.15089205772,287181.1508920577
2442,lubny_province,eastern_europe,6,36093.62918667134,0.0,36093.62918667134,287093.62918667134
2443,teulinchan_province,north_america,5,62066.512356151026,0.0,62066.512356151026,287066.512356151
2444,wanquan_province,east_asia,7,19885.400079764535,0.0,19885.400079764535,286885.40007976454
2445,mologa_province,eastern_europe,3,0.0,261878.83654345438,261878.83654345438,286878.8365434544
2446,meizhou_province,east_asia,4,123793.567391576,103790.8302568139,227584.39764838992,286584.3976483899
2447,east_shuswap_province,north_america,6,28.659800759844643,164505.20492840014,164533.86472915998,286533.86472916
2448,kabylia_province,north_africa,10,41246.62911593636,0.0,41246.62911593636,286246.62911593635
2449,guaitaca_province,south_america,6,885.2456706382486,61315.04110628933,62200.28677692758,286200.2867769276
2450,gresivaudan_province,western_europe,5,109.74056302878857,118529.68248825382,118639.4230512826,285639.4230512826
2451,baixing_province,east_asia,4,1.9565022875125246,165246.3005559375,165248.257058225,285248.257058225
2452,wilingura_province,australasia,9,0.0,0.0,0.0,284000.0
2453,vanua_levu_province,pacific_islands,7,0.0,158038.6640541962,158038.6640541962,282038.6640541962
2454,chichen_itza_province,north_america,4,56914.00099891509,0.0,56914.00099891509,281914.00099891506
2455,sahaptin_province,north_america,5,65916.19189306517,23288.88205924521,89205.07395231037,281205.07395231037
2456,sura_province,south_america,7,173815.68003695103,0.0,173815.68003695103,280815.68003695103
2457,upper_zeya_province,east_asia,6,6.570762288766353,154674.85113104392,154681.42189333268,280681.4218933327
2458,nahavand_province,middle_east,5,192568.0276624907,0.0,192568.0276624907,280568.0276624907
2459,kirsehir_province,middle_east,5,132306.109294891,0.0,132306.109294891,280306.109294891
2460,haha_province,north_africa,5,149331.0409106753,0.0,149331.0409106753,279331.0409106753
2461,jingmen_province,east_asia,3,85172.08142704968,0.0,85172.08142704968,279172.08142704965
2462,amdo_province,east_asia,8,103984.59378384781,0.0,103984.59378384781,278984.5937838478
2463,yizhou_province,east_asia,4,19441.968734874914,0.0,19441.968734874914,278441.9687348749
2464,tootoumi_province,east_asia,4,0.0,160232.2870732773,160232.2870732773,278232.2870732773
2465,cuauhchinanco_province,north_america,4,0.0,2164.9152253805755,2164.9152253805755,278164.91522538057
2466,ulytau_province,central_asia,4,208735.10558713292,0.0,208735.10558713292,277735.1055871329
2467,nimois_province,western_europe,6,15876.607063495498,72782.04234254865,88658.64940604415,277658.64940604416
2468,hellin_province,western_europe,4,37560.421524021716,0.0,37560.421524021716,277560.4215240217
2469,sahrazur_province,middle_east,8,44328.571376364474,0.0,44328.571376364474,277328.57137636445
2470,yizhou_shandong_province,east_asia,5,53249.96852859129,0.0,53249.96852859129,277249.9685285913
2471,tongzhou_shaanxi_province,east_asia,6,11247.657128981007,0.0,11247.657128981007,277247.657128981
2472,xining_province,east_asia,6,8158.1755351496095,0.0,8158.1755351496095,277158.17553514964
2473,chikuzen_province,east_asia,4,10.83137866821982,184775.8906307551,184786.72200942333,276786.7220094233
2474,barza_province,middle_east,7,183545.92561909868,0.0,183545.92561909868,276545.9256190987
2475,mecatina_province,north_america,4,0.0,128380.47562721201,128380.47562721201,276380.475627212
2476,eastern_bhutan_province,south_asia,7,1474.3962850345206,125818.24754571536,127292.64383074988,276292.6438307499
2477,western_podolia_province,eastern_europe,4,3782.0483614717177,0.0,3782.0483614717177,275782.04836147174
2478,xilotepec_province,north_america,6,34078.42129504598,0.0,34078.42129504598,275078.421295046
2479,otranto_province,western_europe,6,146862.89455526008,0.0,146862.89455526008,274862.8945552601
2480,badhghis_province,central_asia,8,68629.84409114768,0.0,68629.84409114768,274629.84409114765
2481,merrimac_province,north_america,3,2122.1579524117756,173425.90251716235,175548.06046957415,274548.0604695741
2482,dzilam_province,north_america,4,61438.8793130402,0.0,61438.8793130402,273438.8793130402
2483,tanba_province,east_asia,4,47.44248176942925,202343.08208692822,202390.52456869764,273390.52456869767
2484,south_tirol_province,western_europe,8,0.0,89278.60115601956,89278.60115601956,273278.60115601955
2485,sivas_province,middle_east,9,48082.79446402703,0.0,48082.79446402703,273082.79446402704
2486,simao_province,east_asia,3,149.8745238031572,137754.16440547834,137904.0389292815,272904.0389292815
2487,kouilou_province,central_africa,3,23731.46219201589,29096.501316103237,52827.96350811912,272827.9635081191
2488,bari_province,western_europe,5,193592.37416069215,0.0,193592.37416069215,272592.37416069215
2489,marapa_province,north_america,3,172491.42090269423,0.0,172491.42090269423,272491.4209026942
2490,chiang_mai_province,south_east_asia,6,79268.01040037378,50170.411319229024,129438.4217196028,272438.4217196028
2491,chala_province,south_america,8,117392.01816476061,0.0,117392.01816476061,272392.0181647606
2492,dengzhou_henan_province,east_asia,7,100334.79877714417,0.0,100334.79877714417,272334.79877714417
2493,isbijab_province,central_asia,6,136076.45851390142,0.0,136076.45851390142,272076.4585139014
2494,kilkenny,western_europe,2,0.09947397267652057,122807.94294599531,122808.04241996797,271808.042419968
2495,ayoreo_province,south_america,9,76754.54400507263,0.0,76754.54400507263,271754.5440050726
2496,surgut_province,north_asia,6,168.3108651644349,172545.2949502169,172713.6058153813,271713.60581538134
2497,hedmark_province,western_europe,7,914.9718590448937,54600.43608693815,55515.40794598304,271515.40794598305
2498,quy_hoa_province,south_east_asia,4,50.979710310498845,162029.14499121066,162080.12470152116,271080.1247015211
2499,zanzibar_province,east_africa,3,63915.40125429284,0.0,63915.40125429284,270915.4012542928
2500,guizhou_huguang_province,east_asia,4,0.0,203545.71006857985,203545.71006857985,270545.7100685799
2501,henan_province,east_asia,7,6216.491975141898,0.0,6216.491975141898,270216.4919751419
2502,konda_province,north_asia,4,1350.6292282756024,150339.24761996727,151689.8768482429,269689.8768482429
2503,torgovytsia_province,eastern_europe,5,2498.0239356006387,0.0,2498.0239356006387,268498.02393560065
2504,tarnovo_province,eastern_europe,6,30463.776796740796,0.0,30463.776796740796,268463.77679674077
2505,sumadija_province,eastern_europe,3,15399.86261804603,0.0,15399.86261804603,268399.862618046
2506,pomorye_province,eastern_europe,5,0.0,54155.97049407913,54155.97049407913,268155.9704940791
2507,south_livonia_province,eastern_europe,6,1779.4890034135178,179950.45818297454,181729.94718638805,267729.9471863881
2508,kabinda_province,central_africa,6,27105.85515409892,0.0,27105.85515409892,267105.85515409894
2509,satsuma_province,east_asia,4,535.4540134421446,140340.20320065893,140875.65721410105,266875.65721410105
2510,nanxiong_province,east_asia,2,0.0,247593.1805941991,247593.1805941991,266593.1805941991
2511,tras_os_montes,western_europe,9,5679.253210333879,74856.99996945716,80536.25317979105,266536.25317979103
2512,mora_province,east_africa,3,226085.6034618255,0.0,226085.6034618255,266085.60346182546
2513,fengxiang_province,east_asia,9,3080.8239869469453,0.0,3080.8239869469453,266080.82398694695
2514,tengzhou_guangxi_province,east_asia,3,368.0087372588763,203494.2590730631,203862.26781032194,265862.26781032194
2515,meleuz_province,eastern_europe,5,7874.9733202110465,162857.07826987747,170732.05159008852,265732.0515900885
2516,kairouan_province,north_africa,3,192689.35407950298,0.0,192689.35407950298,265689.354079503
2517,suzhou_north_province,east_asia,4,185375.12287703645,0.0,185375.12287703645,265375.12287703645
2518,gongchang_province,east_asia,7,259.05805297427304,0.0,259.05805297427304,265259.0580529743
2519,upper_mazowe_province,southern_africa,5,123926.3660127047,0.0,123926.3660127047,263926.36601270473
2520,lublin_province,eastern_europe,6,919.9348178383398,0.0,919.9348178383398,263919.9348178383
2521,bojnurd_province,central_asia,6,92828.5339834487,0.0,92828.5339834487,263828.5339834487
2522,afar_province,east_africa,5,176716.0207425344,0.0,176716.0207425344,263716.02074253437
2523,donetsk_province,eastern_europe,6,5302.7323149297545,0.0,5302.7323149297545,263302.7323149297
2524,hoan_chau_province,south_east_asia,3,0.0,212083.06099259458,212083.06099259458,263083.0609925946
2525,hanzhou_province,east_asia,4,118964.9793083255,0.0,118964.9793083255,262964.9793083255
2526,nizhyn_province,eastern_europe,5,1385.719028121145,0.0,1385.719028121145,262385.71902812115
2527,alamosa_province,north_america,4,68578.75309676377,19715.568961828594,88294.32205859237,262294.32205859234
2528,kashechewan_province,north_america,7,0.0,121611.65764807562,121611.65764807562,261611.6576480756
2529,tursan_province,western_europe,7,94255.92633740001,96143.07877782163,190399.00511522163,261399.00511522163
2530,jiaozhou_province,east_asia,4,6338.275141510802,0.0,6338.275141510802,261338.27514151082
2531,saintonge_province,western_europe,8,69197.93252495122,0.0,69197.93252495122,261197.9325249512
2532,heqing_province,east_asia,2,0.0,247029.59374356165,247029.59374356165,261029.59374356165
2533,zlatibor_province,eastern_europe,5,71.59146869765597,214855.03580866213,214926.62727735977,260926.62727735977
2534,constantinople_province,eastern_europe,5,77179.65304056306,0.0,77179.65304056306,260179.65304056305
2535,quanning_province,east_asia,5,36448.36967257778,0.0,36448.36967257778,259448.3696725778
2536,toledo_province,western_europe,8,30048.490577113942,0.0,30048.490577113942,259048.49057711393
2537,bogdanovo_province,eastern_europe,6,4549.48511854762,0.0,4549.48511854762,258549.48511854763
2538,bavly_province,eastern_europe,5,7349.766853994976,0.0,7349.766853994976,258349.76685399498
2539,yunca_province,south_america,5,0.0,63261.29881442564,63261.29881442564,258261.29881442565
2540,baykit_province,north_asia,7,192.99598590275272,136889.18390946047,137082.17989536322,258082.17989536322
2541,csongrad_province,eastern_europe,4,93052.85869086809,0.0,93052.85869086809,258052.85869086807
2542,sri_thep_province,south_east_asia,3,161267.8865568266,0.0,161267.8865568266,257267.8865568266
2543,xuzhou_sichuan_province,east_asia,5,92675.97444334546,10530.973461798352,103206.94790514382,257206.94790514384
2544,florence_province,western_europe,6,16801.620771381797,24310.6949599005,41112.315731282295,257112.3157312823
2545,siine_province,west_africa,3,168962.86482360703,0.0,168962.86482360703,256962.86482360703
2546,malazgirt_province,eastern_europe,7,76072.36808599626,42750.88165603275,118823.249742029,256823.249742029
2547,smaller_yenisei_province,east_asia,4,328.8700163572478,189377.8370627859,189706.70707914315,256706.70707914315
2548,vendsyssel_thy_province,western_europe,3,2221.990777729714,125461.26149132293,127683.25226905264,256683.25226905264
2549,usak_province,middle_east,6,128577.25414518156,0.0,128577.25414518156,256577.25414518156
2550,dublin_province,western_europe,4,679.3028503602745,69694.09578710572,70373.39863746599,256373.398637466
2551,piacenza_province,western_europe,4,9068.64328648069,110214.3086677698,119282.95195425049,256282.9519542505
2552,habat_province,north_africa,7,26014.101666894287,0.0,26014.101666894287,256014.10166689428
2553,gouriqua_province,southern_africa,5,0.0,0.0,0.0,256000.0
2554,ponil_province,eastern_europe,4,0.0,218502.19138975925,218502.19138975925,255502.19138975925
2555,shawanaga_province,north_america,4,4838.298842937968,190829.87883302142,195668.1776759594,254668.1776759594
2556,kert_province,north_africa,5,173465.257233448,0.0,173465.257233448,254465.257233448
2557,saruhan_province,middle_east,6,128393.17293225658,0.0,128393.17293225658,254393.17293225657
2558,songzhou_province,east_asia,6,427.6388587070635,0.0,427.6388587070635,253427.63885870707
2559,tsang_province,east_asia,5,9675.356053316722,68698.00265154395,78373.35870486067,253373.35870486067
2560,houki_province,east_asia,3,1.052947231602314,193764.97120260866,193766.0241498403,252766.0241498403
2561,aquisextain_province,western_europe,4,134101.646371547,40514.98655233468,174616.63292388167,252616.63292388167
2562,chios_province,eastern_europe,3,6467.116144854052,0.0,6467.116144854052,252467.11614485405
2563,bamyan_province,central_asia,8,25895.399650778236,3463.2185655899307,29358.61821636817,252358.61821636817
2564,capitanata_province,western_europe,6,154254.08454723936,0.0,154254.08454723936,252254.08454723933
2565,baol_province,west_africa,3,213155.30337993157,0.0,213155.30337993157,252155.30337993155
2566,kaifeng_province,east_asia,9,9978.334747354169,0.0,9978.334747354169,251978.33474735418
2567,luhan_province,eastern_europe,5,39532.16119185262,0.0,39532.16119185262,251532.16119185262
2568,gilyuy_province,east_asia,6,4.314489809993027,176255.82052774692,176260.13501755692,251260.13501755692
2569,xinghua_province,east_asia,3,2091.374498572316,190516.77174066062,192608.14623923294,250608.14623923294
2570,chernihiv_province,eastern_europe,6,3187.9578403553533,0.0,3187.9578403553533,250187.95784035535
2571,beira_alta_province,western_europe,8,8084.752365020477,31079.550649872584,39164.30301489306,250164.30301489306
2572,upper_carniola_province,eastern_europe,4,692.0795850493672,156527.42598487466,157219.50556992402,249219.50556992402
2573,niederlausitz_province,western_europe,8,5030.966720259729,0.0,5030.966720259729,249030.96672025972
2574,rivne_province,eastern_europe,4,4783.778238000001,0.0,4783.778238000001,248783.778238
2575,shanzhou_province,east_asia,5,681.1788953199184,0.0,681.1788953199184,248681.17889531993
2576,upper_bureya_province,east_asia,6,0.0,131680.11779696,131680.11779696,248680.11779696
2577,ihuatzio_province,north_america,5,66560.76417925698,0.0,66560.76417925698,248560.76417925698
2578,isatabu_province,pacific_islands,2,0.0,66452.98609422689,66452.98609422689,248452.9860942269
2579,dezful_province,middle_east,6,138321.60220301466,0.0,138321.60220301466,248321.60220301466
2580,aashise_province,north_america,3,17245.120676747312,0.0,17245.120676747312,248245.12067674732
2581,nungu_province,west_africa,4,154203.05104008777,0.0,154203.05104008777,248203.05104008777
2582,girona_province,western_europe,5,10591.233249402994,530.0412909984835,11121.274540401479,248121.27454040147
2583,hai_dong_province,south_east_asia,3,1564.8595899488355,143293.92419811923,144858.78378806805,247858.78378806805
2584,kraszna_province,eastern_europe,3,15.823248076359974,63507.03125368754,63522.854501763904,247522.8545017639
2585,hazara,south_asia,8,12610.854093898148,79673.57362711604,92284.42772101419,247284.4277210142
2586,sivrihisar_province,middle_east,7,27906.679118233424,2556.760705210301,30463.439823443725,246463.4398234437
2587,blois_province,western_europe,5,1186.4200058378808,0.0,1186.4200058378808,246186.4200058379
2588,nice_province,western_europe,3,0.0,139080.66105474846,139080.66105474846,246080.66105474846
2589,munchner_schotterebene_province,western_europe,8,2451.662420417645,1585.2952037051289,4036.9576241227746,246036.9576241228
2590,yaoan_province,east_asia,3,0.0,148931.46067670058,148931.46067670058,245931.46067670058
2591,tashir_province,eastern_europe,5,15134.07158627922,0.0,15134.07158627922,245134.07158627923
2592,galway_province,western_europe,5,202.38190177483312,134919.98865569156,135122.3705574664,245122.3705574664
2593,inhambane_province,southern_africa,5,106069.57384462374,0.0,106069.57384462374,245069.57384462375
2594,doolboong_province,australasia,7,0.0,0.0,0.0,245000.0
2595,attica_province,eastern_europe,5,68783.32866130408,0.0,68783.32866130408,244783.32866130408
2596,shuntian_province,east_asia,8,31372.61959454803,0.0,31372.61959454803,243372.61959454804
2597,smyrna_province,middle_east,5,161927.80604840344,0.0,161927.80604840344,242927.80604840344
2598,barbastro_province,western_europe,6,40222.83174535862,117181.08304050907,157403.91478586767,242403.91478586767
2599,khorramabad_province,middle_east,5,34376.61899328568,0.0,34376.61899328568,242376.6189932857
2600,southern_sakhalin_province,east_asia,4,2619.0966871058167,153309.3161051333,155928.4127922391,241928.4127922391
2601,bakhmut_province,eastern_europe,5,31401.30310082274,0.0,31401.30310082274,241401.30310082276
2602,chastoozerye_province,north_asia,5,87374.13788936661,0.0,87374.13788936661,241374.1378893666
2603,vinnytsia_province,eastern_europe,4,364.50838334282633,0.0,364.50838334282633,241364.50838334282
2604,kelan_province,east_asia,5,1817.1041694943215,0.0,1817.1041694943215,240817.1041694943
2605,ober_dem_wienerwald_province,western_europe,7,1760.7222501769445,17883.569240334728,19644.29149051167,240644.29149051168
2606,schwarzwald_province,western_europe,8,159.7299090526367,41025.89962463598,41185.62953368861,240185.62953368863
2607,awatixa_province,north_america,4,34184.39769215697,0.0,34184.39769215697,240184.39769215696
2608,orihuela_province,western_europe,3,57104.35916363786,0.0,57104.35916363786,240104.35916363786
2609,bacau_province,eastern_europe,6,2867.7983157626886,38058.258927824296,40926.05724358699,239926.05724358698
2610,hunsruck_province,western_europe,8,71.27619240378135,28762.464428638166,28833.740621041947,239833.74062104194
2611,greater_yenisei_province,east_asia,3,0.0,172833.6619596501,172833.6619596501,239833.66195965008
2612,salzburger_land_province,western_europe,3,146.69780524056176,77234.6292836568,77381.32708889738,239381.32708889738
2613,yarlung_province,east_asia,6,6900.449940610237,106311.64295753941,113212.09289814964,239212.09289814963
2614,nirgua_province,south_america,5,64522.82245705871,22307.746006889836,86830.56846394856,238830.56846394856
2615,tlachquiauhco_province,north_america,7,3407.4626370057767,44941.70229565154,48349.16493265732,238349.16493265732
2616,rennais_province,western_europe,5,7260.907265391623,3.0999279482956256e-9,7260.907265394722,238260.90726539472
2617,urucu_province,south_america,7,18213.428125567978,0.0,18213.428125567978,238213.42812556797
2618,amont_province,western_europe,6,1782.0193316069099,93175.65345056659,94957.6727821735,237957.6727821735
2619,yohualtepec_province,north_america,6,8639.363331099885,0.0,8639.363331099885,237639.36333109988
2620,gonaqua_province,southern_africa,6,0.0,0.0,0.0,237000.0
2621,jiroft_province,middle_east,6,123975.58732323268,0.0,123975.58732323268,236975.58732323267
2622,columbia_basin_province,north_america,6,1382.792618662715,55450.79055640606,56833.58317506877,236833.58317506878
2623,demena_province,western_europe,6,25667.81653573006,0.0,25667.81653573006,236667.81653573006
2624,granada_province,western_europe,8,2455.708172677321,0.0,2455.708172677321,236455.70817267732
2625,maozhou_province,east_asia,4,0.0,4277.578718237408,4277.578718237408,236277.5787182374
2626,logudoro_province,western_europe,8,117196.26862494116,0.0,117196.26862494116,236196.26862494118
2627,pays_france_province,western_europe,5,1160.2202565689433,0.0,1160.2202565689433,236160.22025656895
2628,vagad,south_asia,3,166736.8675154631,0.0,166736.8675154631,235736.8675154631
2629,thurgau_province,western_europe,6,1153.5517154040028,42518.98443834996,43672.53615375396,235672.53615375396
2630,yangzhou_shaanxi_province,east_asia,4,1867.4526034744658,138349.1702942776,140216.62289775207,235216.62289775207
2631,malaga_province,western_europe,5,8208.388855329325,0.0,8208.388855329325,235208.38885532934
2632,kamilaroi_province,australasia,7,95124.81924153965,0.0,95124.81924153965,235124.81924153963
2633,karasahr_province,east_asia,4,146101.46792378774,0.0,146101.46792378774,235101.46792378777
2634,pest_province,eastern_europe,4,29670.198889948042,0.0,29670.198889948042,234670.19888994805
2635,west_banat_province,eastern_europe,6,49348.38740140152,0.0,49348.38740140152,234348.3874014015
2636,east_dennaakke_province,north_america,5,0.0,155145.04072102456,155145.04072102456,234145.04072102456
2637,konkudera_province,north_asia,7,0.0,98887.01316842144,98887.01316842144,233887.01316842146
2638,dongguan_province,east_asia,3,1305.434466206055,89215.8447600269,90521.27922623295,233521.27922623293
2639,sugpiap_province,north_america,5,0.0,85424.40254982938,85424.40254982938,233424.4025498294
2640,cowasuk_province,north_america,4,85.3093048754764,171289.6288044199,171374.93810929536,233374.93810929533
2641,north_kola_province,western_europe,8,0.0,0.0,0.0,233000.0
2642,abha_province,middle_east,5,148993.16977547156,0.0,148993.16977547156,232993.16977547156
2643,barcelona_province,western_europe,4,818.2939378293446,118124.9496843442,118943.24362217356,232943.24362217356
2644,kita_province,west_africa,6,100885.41834046814,0.0,100885.41834046814,232885.41834046814
2645,anjou_province,western_europe,8,7800.6454040175495,0.0,7800.6454040175495,232800.64540401753
2646,nabesna_province,north_america,4,0.0,134769.2824166654,134769.2824166654,232769.2824166654
2647,tioharad_province,western_europe,9,572.202018601796,85161.69586289118,85733.89788149299,232733.89788149297
2648,yamashiro_province,east_asia,2,261.63998357469774,72169.95214477547,72431.59212835017,232431.59212835017
2649,ocana_province,western_europe,6,171331.36668021814,0.0,171331.36668021814,232331.36668021814
2650,datong_province,east_asia,7,12817.2904130201,0.0,12817.2904130201,231817.2904130201
2651,upper_alsace_province,western_europe,6,3198.982429982722,104857.13123449957,108056.11366448228,231056.11366448228
2652,setha_province,east_asia,4,0.0,0.0,0.0,231000.0
2653,arnskrone_province,eastern_europe,3,1813.6398356848144,0.0,1813.6398356848144,230813.63983568482
2654,labinsk_province,eastern_europe,5,62763.947697057054,0.0,62763.947697057054,230763.94769705704
2655,patpatar_province,pacific_islands,6,0.0,124610.76292182681,124610.76292182681,230610.76292182683
2656,nemuro_province,east_asia,4,0.0,193497.36931346956,193497.36931346956,230497.36931346956
2657,girgenti_province,western_europe,6,33379.227363964324,0.0,33379.227363964324,230379.2273639643
2658,hatun_xauxa_province,south_america,6,0.0,2237.541140608836,2237.541140608836,230237.54114060884
2659,mailaka_province,east_africa,4,37130.27032276779,0.0,37130.27032276779,230130.27032276778
2660,traungau_province,western_europe,5,1359.106226650478,58287.28174490813,59646.38797155861,229646.3879715586
2661,jining_shanxi_province,east_asia,4,8438.453063282896,0.0,8438.453063282896,229438.4530632829
2662,yingzhou_shanxi_province,east_asia,5,16204.753688273064,0.0,16204.753688273064,229204.75368827308
2663,zavkhan_province,east_asia,4,52198.703965146844,18854.320603055312,71053.02456820215,229053.02456820215
2664,zhengzhou_province,east_asia,7,27042.35787280921,0.0,27042.35787280921,229042.35787280923
2665,osona_province,western_europe,5,150.66081899299294,111541.20024942134,111691.86106841434,228691.86106841435
2666,pizhou_province,east_asia,4,153670.7941116399,0.0,153670.7941116399,228670.7941116399
2667,bundu_province,west_africa,2,204584.61071730594,0.0,204584.61071730594,228584.61071730594
2668,barkul_province,east_asia,5,163865.6241761437,0.0,163865.6241761437,227865.6241761437
2669,breslauja_province,eastern_europe,4,690.5012409895003,33119.43593767638,33809.93717866588,227809.9371786659
2670,talish_province,middle_east,4,22763.42710977334,0.0,22763.42710977334,227763.42710977333
2671,corum_province,middle_east,5,42300.63037428831,0.0,42300.63037428831,227300.6303742883
2672,maakhir_province,east_africa,4,182853.28272523812,0.0,182853.28272523812,226853.28272523812
2673,tetzcoco_province,north_america,5,25645.405078948963,78172.67181151011,103818.07689045908,225818.07689045908
2674,cihuatlan_province,north_america,4,4053.2369735353445,0.0,4053.2369735353445,225053.23697353533
2675,yingzhou_province,east_asia,5,125010.30891292944,0.0,125010.30891292944,225010.30891292944
2676,mascarene_islands_province,east_africa,3,0.0,67848.42105876135,67848.42105876135,224848.42105876136
2677,ntsoana_tsatsi_province,southern_africa,6,6717.5097287386925,0.0,6717.5097287386925,224717.5097287387
2678,torda_province,eastern_europe,5,348.11729805291463,103328.28855730628,103676.4058553592,224676.40585535922
2679,huaman_karpa_province,south_america,10,0.0,0.0,0.0,224000.0
2680,taozhou_province,east_asia,8,0.0,0.0,0.0,224000.0
2681,urgell_province,western_europe,6,0.0,72226.48553442034,72226.48553442034,223226.48553442032
2682,tartu_province,eastern_europe,4,934.2119589579363,72226.44587805922,73160.65783701716,223160.65783701715
2683,shirvan_province,eastern_europe,5,41160.22161825177,0.0,41160.22161825177,223160.22161825176
2684,garmian_province,middle_east,6,44555.631865259165,0.0,44555.631865259165,222555.63186525917
2685,quinnipiac_province,north_america,3,9141.421655886286,180049.10877082832,189190.53042671457,222190.53042671457
2686,leeward_islands_province,north_america,5,60013.85570734191,0.0,60013.85570734191,222013.8557073419
2687,enderta_province,east_africa,4,939.2690906222401,0.0,939.2690906222401,220939.26909062223
2688,lugenda_province,east_africa,3,39893.48761853139,115854.88404845264,155748.37166698402,220748.37166698402
2689,bozok_province,middle_east,5,19687.21691324289,0.0,19687.21691324289,220687.21691324288
2690,lviv_province,eastern_europe,6,2624.6212766261797,0.0,2624.6212766261797,220624.6212766262
2691,viennois_province,western_europe,4,3923.464185316074,91498.7139255243,95422.17811084037,220422.17811084038
2692,puzhou_shanxi_province,east_asia,6,27420.23843695715,0.0,27420.23843695715,220420.23843695715
2693,szolnok_province,eastern_europe,4,123148.48918377527,0.0,123148.48918377527,220148.48918377527
2694,hami_province,east_asia,3,199089.52320985432,0.0,199089.52320985432,220089.52320985432
2695,daming_province,east_asia,6,82551.46311186797,0.0,82551.46311186797,219551.46311186795
2696,minho_province,western_europe,6,25343.40038305246,45652.78364405905,70996.18402711149,218996.1840271115
2697,cordoba_province,western_europe,9,41860.31880385156,0.0,41860.31880385156,218860.31880385155
2698,chadobets_province,north_asia,6,120.77262550897214,127574.04388610774,127694.81651161671,218694.81651161672
2699,adana_province,middle_east,4,99639.20427629999,0.0,99639.20427629999,218639.20427629998
2700,belgorod_province,eastern_europe,6,3899.047674547914,0.0,3899.047674547914,217899.0476745479
2701,miksiw_sipisis_province,north_america,4,111833.55074464076,0.0,111833.55074464076,217833.55074464076
2702,hainaut_province,western_europe,6,2174.0955892365096,35364.36308305568,37538.458672292196,217538.45867229218
2703,igbomina_province,west_africa,4,49285.41649718711,0.0,49285.41649718711,217285.4164971871
2704,mitidja_province,north_africa,4,36082.72713561394,0.0,36082.72713561394,217082.72713561394
2705,siraf_province,middle_east,5,154001.2689603683,0.0,154001.2689603683,217001.2689603683
2706,michichi_province,north_america,3,132984.87777395066,0.0,132984.87777395066,216984.87777395066
2707,hasankeyf_province,middle_east,6,8285.451172007663,48672.01301377374,56957.4641857814,216957.4641857814
2708,qiongzhou_sichuan_province,east_asia,3,54977.99320748965,80787.52378132456,135765.51698881423,215765.51698881423
2709,nawu_province,australasia,7,75506.23632063052,0.0,75506.23632063052,215506.23632063053
2710,alexeyevka_province,eastern_europe,5,5433.386666979455,0.0,5433.386666979455,215433.38666697947
2711,waskasoo_province,north_america,3,43834.77052681265,99069.22547105793,142903.99599787057,214903.9959978706
2712,shenkursk_province,eastern_europe,5,0.0,149732.91802212852,149732.91802212852,214732.91802212852
2713,amur_estuary_province,east_asia,6,0.0,107447.38535450441,107447.38535450441,214447.3853545044
2714,south_selish_province,north_america,5,4141.345315485053,0.0,4141.345315485053,214141.34531548506
2715,zharkol_province,north_asia,4,120011.11710793704,0.0,120011.11710793704,214011.11710793705
2716,pronsk_province,eastern_europe,7,1842.2863561696522,0.0,1842.2863561696522,213842.28635616964
2717,sultanonu_province,middle_east,7,38229.04188052011,0.0,38229.04188052011,213229.04188052012
2718,burgos_province,western_europe,6,835.5012299939981,135283.40386503743,136118.9050950314,213118.9050950314
2719,selonia_province,eastern_europe,3,1201.3398515388863,82811.12617866244,84012.46603020132,213012.46603020135
2720,cochoqua_province,southern_africa,4,102551.89001449873,0.0,102551.89001449873,211551.89001449873
2721,campagna_province,western_europe,4,9789.390198657877,42539.87648267271,52329.26668133059,211329.2666813306
2722,van_province,eastern_europe,6,58599.431920095,0.0,58599.431920095,210599.431920095
2723,pingyang_province,east_asia,5,2435.3216606826118,0.0,2435.3216606826118,210435.32166068262
2724,east_mancha_province,western_europe,6,55384.2549150076,0.0,55384.2549150076,210384.25491500762
2725,miyaneh_province,middle_east,5,16383.906123684717,0.0,16383.906123684717,210383.90612368472
2726,tepactitlan_province,north_america,6,35243.28059953015,0.0,35243.28059953015,210243.28059953015
2727,tiwanaku_province,south_america,7,45.58269716551563,0.0,45.58269716551563,210045.58269716552
2728,waco_province,north_america,3,144976.93606980355,0.0,144976.93606980355,209976.93606980355
2729,kutahya_province,middle_east,6,36398.26248612396,0.0,36398.26248612396,209398.26248612395
2730,mayo_province,western_europe,4,1775.226948890333,120600.78214142603,122376.00909031637,209376.00909031637
2731,iskwao_province,north_america,6,82281.06986568158,0.0,82281.06986568158,209281.06986568158
2732,huasteca_province,north_america,3,139007.58233421677,0.0,139007.58233421677,209007.58233421677
2733,baranya_province,eastern_europe,5,7871.727163044312,0.0,7871.727163044312,208871.72716304433
2734,huaylas_province,south_america,8,0.0,3309.8292098985003,3309.8292098985003,208309.8292098985
2735,zanjan_province,middle_east,5,161244.50961106413,0.0,161244.50961106413,208244.50961106413
2736,ongkakaringa_province,australasia,8,0.0,0.0,0.0,208000.0
2737,choyr_province,east_asia,5,44574.873499314286,3407.785841297966,47982.65934061225,207982.65934061224
2738,vas_province,eastern_europe,4,9359.252739217956,50144.74447552123,59503.99721473918,207503.99721473918
2739,abruzzo_ultra_province,western_europe,7,1904.51394389737,39586.96651278515,41491.48045668252,207491.4804566825
2740,cendrawasih_province,pacific_islands,3,0.0,155403.93226032078,155403.93226032078,207403.93226032078
2741,kafu_province,east_africa,4,16815.301024618588,4084.364574589845,20899.66559920843,206899.66559920844
2742,tochpan_province,north_america,4,35789.53605021157,0.0,35789.53605021157,206789.53605021158
2743,bizerte_province,north_africa,5,129156.89061071779,0.0,129156.89061071779,206156.89061071782
2744,tepehuan_province,north_america,4,9052.069503499193,0.0,9052.069503499193,206052.0695034992
2745,xinghe_province,east_asia,5,18967.734727776104,0.0,18967.734727776104,205967.7347277761
2746,cremona_province,western_europe,4,13992.606478552545,90936.3389350374,104928.94541358994,205928.94541358994
2747,jiangzhou_province,east_asia,7,4474.716643028712,0.0,4474.716643028712,205474.71664302872
2748,chagu_province,north_america,3,73457.53967388638,0.0,73457.53967388638,205457.53967388638
2749,safranbolu_province,middle_east,7,1165.761319623741,98212.26014034402,99378.02145996777,205378.02145996777
2750,siming_province,east_asia,4,1822.0786087080728,114971.6081663505,116793.6867750586,204793.6867750586
2751,taunus_province,western_europe,6,59.579488528075736,19568.217725650444,19627.79721417852,204627.79721417854
2752,shanha_province,north_america,4,136352.4284439429,0.0,136352.4284439429,204352.4284439429
2753,buzen_province,east_asia,3,234.0033560091353,124824.13718451034,125058.14054051947,204058.14054051947
2754,khari_karoo_province,southern_africa,6,0.0,0.0,0.0,204000.0
2755,dignois_province,western_europe,4,0.0,68681.2727714511,68681.2727714511,203681.2727714511
2756,zavolochye_province,eastern_europe,8,0.0,54043.85270425359,54043.85270425359,203043.8527042536
2757,gonge_province,western_europe,3,588.6120141936316,81438.42578079518,82027.0377949888,203027.0377949888
2758,central_tlingit_province,north_america,6,0.0,96715.956922527,96715.956922527,202715.956922527
2759,podlasie_province,eastern_europe,7,127.89987776402953,0.0,127.89987776402953,202127.89987776402
2760,fangzhou_province,east_asia,8,431.4173674603147,25618.600448433266,26050.01781589358,202050.01781589357
2761,oriel_province,western_europe,6,130.98162229907516,57893.099463296945,58024.081085596015,202024.081085596
2762,rostislavl_province,eastern_europe,6,727.0864412597784,31209.670148165696,31936.756589425477,201936.7565894255
2763,kukatj_province,australasia,7,22860.066181057573,0.0,22860.066181057573,201860.06618105757
2764,lahoysk_province,eastern_europe,6,359.25221278880724,92394.03067137243,92753.28288416124,201753.28288416122
2765,izeh_province,middle_east,5,108709.8867024718,0.0,108709.8867024718,201709.88670247182
2766,pavia_province,western_europe,3,58845.27340921713,40365.96865747723,99211.24206669434,201211.24206669434
2767,bratslav_province,eastern_europe,6,2691.002109183889,0.0,2691.002109183889,200691.00210918387
2768,inner_white_karelia_province,western_europe,8,0.0,45398.6179286574,45398.6179286574,200398.6179286574
2769,lebanon_province,middle_east,5,104392.60470597126,0.0,104392.60470597126,200392.60470597126
2770,borujerd_province,middle_east,6,75505.92707767861,0.0,75505.92707767861,199505.9270776786
2771,saipuru_province,south_america,5,64389.46706936993,0.0,64389.46706936993,199389.46706936992
2772,kaniagmiut_province,north_america,6,0.0,104236.91958132308,104236.91958132308,199236.91958132308
2773,vaud_province,western_europe,7,1146.8014284950837,84060.23986033145,85207.04128882653,199207.04128882653
2774,inner_livonia_province,eastern_europe,5,2489.4076034893733,111468.14320104691,113957.55080453628,198957.55080453627
2775,anahuac_province,north_america,5,30953.036903586744,0.0,30953.036903586744,198953.03690358673
2776,changzhou_sichuan_province,east_asia,3,35818.714766996345,0.0,35818.714766996345,198818.71476699636
2777,amadiya_province,eastern_europe,5,8772.038175658508,0.0,8772.038175658508,198772.0381756585
2778,tabaristan_province,middle_east,5,26838.060759488508,0.0,26838.060759488508,197838.0607594885
2779,beysehir_province,middle_east,7,132768.1903063301,0.0,132768.1903063301,197768.1903063301
2780,owari_province,east_asia,3,472.32718710698896,108933.79255428987,109406.11974139686,197406.11974139686
2781,tokonohono_province,north_america,5,120180.44722541994,0.0,120180.44722541994,197180.44722541995
2782,west_itelmen_province,north_asia,5,0.0,166.43984099669757,166.43984099669757,197166.4398409967
2783,kwaskwuti_province,north_america,3,42762.35148198631,0.0,42762.35148198631,196762.3514819863
2784,trentino_province,western_europe,4,155.26717827706287,116161.8677468418,116317.13492511887,196317.13492511888
2785,izium_province,eastern_europe,6,10057.602131765787,0.0,10057.602131765787,196057.6021317658
2786,egiin_province,east_asia,3,26.274072318109774,109017.7901658891,109044.06423820721,196044.06423820718
2787,karasi_province,middle_east,9,59979.6992768091,0.0,59979.6992768091,195979.69927680911
2788,roviana_province,pacific_islands,4,0.0,103745.72475521767,103745.72475521767,195745.72475521767
2789,mazyr_province,eastern_europe,7,3587.701385382661,0.0,3587.701385382661,195587.70138538268
2790,taghaza_province,west_africa,3,126528.72596022833,0.0,126528.72596022833,195528.72596022833
2791,sikkim_province,south_asia,5,2867.343515975182,65736.37648450394,68603.72000047914,194603.72000047914
2792,nordland_province,western_europe,11,0.0,2495.9408944236484,2495.9408944236484,194495.94089442363
2793,behbahan_province,middle_east,6,45415.580993314885,0.0,45415.580993314885,194415.58099331488
2794,limerick_province,western_europe,6,191.09303449419627,91223.45070168123,91414.54373617542,194414.54373617543
2795,noto_province,western_europe,6,105050.67321513282,0.0,105050.67321513282,194050.6732151328
2796,qala_safid_province,middle_east,6,93796.48919133382,0.0,93796.48919133382,193796.48919133382
2797,weiyuan_province,east_asia,3,0.0,125699.12734393563,125699.12734393563,193699.1273439356
2798,kazerun_province,middle_east,5,66688.10374828671,0.0,66688.10374828671,193688.10374828673
2799,romagna_province,western_europe,6,70416.91864722752,0.0,70416.91864722752,193416.91864722752
2800,axocopan_province,north_america,5,9230.10082421033,62796.988667647725,72027.08949185806,193027.08949185806
2801,ibb_province,middle_east,5,33922.64509418709,0.0,33922.64509418709,192922.6450941871
2802,pereiaslav_province,eastern_europe,5,878.2165859204641,0.0,878.2165859204641,192878.21658592048
2803,dongping_province,east_asia,6,57061.28422274504,0.0,57061.28422274504,192061.28422274505
2804,norra_osterbotten_province,western_europe,10,82.89185819012998,23812.301038765007,23895.192896955137,191895.19289695512
2805,bannock_province,north_america,6,92803.1690762694,0.0,92803.1690762694,191803.1690762694
2806,ferrara_province,western_europe,5,52946.71875348449,13650.221241898158,66596.93999538265,191596.93999538265
2807,karas_province,southern_africa,4,150435.18469422022,0.0,150435.18469422022,191435.18469422022
2808,kholmogory_province,eastern_europe,7,0.0,63206.70084691709,63206.70084691709,191206.70084691708
2809,bresta_province,eastern_europe,5,2076.7351450767915,0.0,2076.7351450767915,191076.7351450768
2810,tewaukon_province,north_america,6,45657.796210508706,0.0,45657.796210508706,190657.7962105087
2811,alarcon_province,western_europe,7,82371.24835552067,0.0,82371.24835552067,190371.24835552066
2812,antakya_province,middle_east,5,113889.12469365554,0.0,113889.12469365554,189889.12469365553
2813,gohilwad,south_asia,3,95866.86582279789,0.0,95866.86582279789,189866.86582279787
2814,avila_province,western_europe,6,70836.41257300992,0.0,70836.41257300992,189836.41257300993
2815,daizhou_province,east_asia,4,4386.653047785257,0.0,4386.653047785257,189386.65304778525
2816,long_range_province,north_america,4,0.0,92008.0451808026,92008.0451808026,189008.04518080258
2817,hehvaitaneo_province,north_america,3,94727.66841695245,0.0,94727.66841695245,188727.66841695245
2818,punente_province,western_europe,5,0.0,76703.43920086871,76703.43920086871,188703.4392008687
2819,modena_province,western_europe,4,14581.84880395468,40.37401426385864,14622.222818218539,188622.22281821852
2820,mengding_province,east_asia,4,0.0,141958.62076606604,141958.62076606604,187958.62076606607
2821,magdeburger_borde_province,western_europe,7,6797.3375852363515,0.0,6797.3375852363515,187797.33758523635
2822,almeria_province,western_europe,7,65234.341238649424,0.0,65234.341238649424,187234.34123864942
2823,kongpo_province,east_asia,4,19.625371014114716,129995.50341673987,130015.12878775399,187015.128787754
2824,gorizia_province,eastern_europe,3,1953.0821103276055,103796.237585662,105749.3196959896,186749.3196959896
2825,east_itelmen_province,north_asia,7,14.881359318544492,43542.071854884765,43556.95321420331,186556.9532142033
2826,errif_province,north_africa,4,26450.957228763356,0.0,26450.957228763356,185450.95722876335
2827,hezhou_province,east_asia,4,8248.376564284026,0.0,8248.376564284026,185248.37656428403
2828,east_taiwan_province,east_asia,4,13.799646562035118,89735.22630376446,89749.0259503265,184749.0259503265
2829,lower_poitou_province,western_europe,8,26683.83012217782,0.0,26683.83012217782,184683.8301221778
2830,xian_province,east_asia,6,8653.412220236307,0.0,8653.412220236307,184653.4122202363
2831,north_holland_province,western_europe,5,340.86740185063695,55738.539660012495,56079.40706186313,184079.40706186314
2832,medina_province,middle_east,5,25701.176342362793,0.0,25701.176342362793,183701.1763423628
2833,west_mancha_province,western_europe,7,85211.46299318114,0.0,85211.46299318114,183211.46299318114
2834,bihar_province,eastern_europe,5,46059.07810692629,2084.023905240913,48143.102012167205,183143.1020121672
2835,wetterau_province,western_europe,7,167.30676345521178,70879.43857561116,71046.74533906637,183046.74533906637
2836,szczyrzyc_province,eastern_europe,4,313.05917661654837,81535.04735813073,81848.10653474729,182848.1065347473
2837,bolu_province,middle_east,6,4757.891863643634,0.0,4757.891863643634,182757.89186364363
2838,vivarais_province,western_europe,6,488.24038963915234,32022.272923230958,32510.513312870113,182510.5133128701
2839,ryazan_province,eastern_europe,6,1192.2019848409277,0.0,1192.2019848409277,182192.20198484094
2840,tamna_province,east_asia,2,5584.517953352553,101499.2446932712,107083.76264662376,182083.76264662377
2841,qura_province,middle_east,6,0.0,0.0,0.0,182000.0
2842,kyenarong_province,east_asia,3,10.145954436675096,64470.19888945333,64480.34484389,181480.34484389
2843,luneburger_heide_province,western_europe,9,2067.4802497224605,0.0,2067.4802497224605,181067.48024972246
2844,branicevo_province,eastern_europe,3,10359.236912006581,8622.93625898353,18982.17317099011,180982.1731709901
2845,sumy_province,eastern_europe,4,1601.3330857829533,0.0,1601.3330857829533,180601.33308578294
2846,zula_province,north_america,4,41523.66421050444,0.0,41523.66421050444,180523.66421050444
2847,caceres_province,western_europe,5,92302.37854159075,0.0,92302.37854159075,180302.37854159076
2848,kotosh_province,south_america,8,3.780404078872828,35061.525601396424,35065.30600547529,180065.3060054753
2849,khaybar_province,middle_east,5,0.0,0.0,0.0,180000.0
2850,vicenza_province,western_europe,3,790.6956826244069,80126.07404461467,80916.76972723908,179916.7697272391
2851,ruenya_province,southern_africa,4,14650.307291267789,0.0,14650.307291267789,179650.3072912678
2852,zviahel_province,eastern_europe,5,6532.484698178695,0.0,6532.484698178695,179532.4846981787
2853,merida_province,western_europe,6,82320.78118842424,0.0,82320.78118842424,179320.78118842424
2854,latakia_province,middle_east,4,95306.54368574415,0.0,95306.54368574415,179306.54368574417
2855,nyland_province,western_europe,5,196.62720240811728,83880.46589252667,84077.09309493478,179077.09309493477
2856,tula_province,north_america,4,68704.2906084654,0.0,68704.2906084654,178704.2906084654
2857,halsingland_province,western_europe,6,408.1920432665685,74221.9234403107,74630.11548357728,178630.11548357725
2858,verona_province,western_europe,3,3107.7524332394305,73425.22949961803,76532.98193285745,178532.98193285745
2859,bitlis_province,eastern_europe,5,2850.522642837458,56476.33764554496,59326.86028838242,178326.86028838242
2860,labrador_province,north_america,6,0.0,61083.939320606216,61083.939320606216,178083.9393206062
2861,western_kola_province,western_europe,8,0.0,0.0,0.0,178000.0
2862,songpan_province,east_asia,10,0.0,14922.947627561094,14922.947627561094,177922.94762756108
2863,umhlanga_province,southern_africa,4,8769.30174039397,0.0,8769.30174039397,177769.30174039397
2864,zhytomyr_province,eastern_europe,6,3361.9972559309836,0.0,3361.9972559309836,177361.99725593097
2865,bozhou_nanzhili_province,east_asia,3,113317.59310905058,0.0,113317.59310905058,177317.5931090506
2866,astorga_province,western_europe,5,1580.6934402860331,39484.33988794772,41065.03332823375,177065.03332823375
2867,saluzzo_province,western_europe,4,4948.912478419197,78059.56046850266,83008.47294692186,177008.47294692186
2868,somogy_province,eastern_europe,4,13422.47896715949,0.0,13422.47896715949,176422.4789671595
2869,devon_province,western_europe,6,263.0699175906659,21101.959090991444,21365.02900858211,176365.02900858212
2870,suide_province,east_asia,4,6915.325203152322,0.0,6915.325203152322,175915.32520315232
2871,plasencia_province,western_europe,5,27787.54716794606,0.0,27787.54716794606,175787.54716794606
2872,euboea_province,eastern_europe,6,64680.36902787852,0.0,64680.36902787852,175680.3690278785
2873,upper_carinthia_province,western_europe,6,255.65060457267862,78362.45723127107,78618.10783584375,175618.10783584375
2874,huazhou_shaanxi_province,east_asia,4,5581.933025939721,0.0,5581.933025939721,175581.93302593974
2875,yaozhou_province,east_asia,4,5533.8426450991155,0.0,5533.8426450991155,175533.84264509912
2876,hida_province,east_asia,3,18.483098394644145,78424.2532876078,78442.73638600245,175442.73638600245
2877,chartrain_province,western_europe,4,1259.010330490397,0.0,1259.010330490397,175259.0103304904
2878,neumark_province,western_europe,5,4169.806607753644,0.0,4169.806607753644,175169.80660775365
2879,basilicata_province,western_europe,7,11928.935952539585,0.0,11928.935952539585,174928.93595253958
2880,ostfold_province,western_europe,4,87.93211408137898,71395.78226881995,71483.71438290134,174483.71438290132
2881,nor_trondelag_province,western_europe,6,9.337862210151654,43035.83069206672,43045.16855427687,174045.16855427687
2882,chainouqua_province,southern_africa,5,0.0,0.0,0.0,174000.0
2883,hatunqulla_province,south_america,5,0.0,0.0,0.0,174000.0
2884,palencia_province,western_europe,7,7425.212556876239,32423.677204804142,39848.88976168039,173848.8897616804
2885,ramhormoz_province,middle_east,5,82452.6851077116,0.0,82452.6851077116,173452.6851077116
2886,lhokha_province,east_asia,7,0.0,1432.6475586549525,1432.6475586549525,173432.64755865495
2887,muang_yuam_province,south_east_asia,6,0.0,1419.834580812587,1419.834580812587,173419.8345808126
2888,baoding_province,east_asia,3,74266.53566290457,0.0,74266.53566290457,173266.53566290456
2889,poyiitahtai_province,north_america,3,53251.01316169275,0.0,53251.01316169275,173251.01316169274
2890,crete_province,eastern_europe,8,37163.79978612723,0.0,37163.79978612723,173163.79978612723
2891,santiago_province,western_europe,7,4522.124573985041,13486.720879517587,18008.845453502625,173008.8454535026
2892,tianzhou_province,east_asia,5,329.9602980587117,67192.30751052375,67522.26780858246,172522.26780858246
2893,unter_dem_manhartsberg_province,western_europe,4,14413.388922564289,0.0,14413.388922564289,172413.38892256428
2894,rustamdar_province,middle_east,5,45310.28470204735,0.0,45310.28470204735,172310.28470204736
2895,north_alyutor_province,north_asia,5,0.0,0.0,0.0,172000.0
2896,yopitzinco_province,north_america,4,9871.086805304256,0.0,9871.086805304256,171871.08680530425
2897,biak_province,pacific_islands,2,0.0,134352.05852716358,134352.05852716358,171352.05852716358
2898,cankiri_province,middle_east,6,3723.3044725577965,0.0,3723.3044725577965,170723.3044725578
2899,madian_province,middle_east,5,100454.33014718935,0.0,100454.33014718935,170454.33014718935
2900,andaman_province,south_east_asia,4,15510.920496409048,65792.47716600473,81303.39766241377,170303.39766241377
2901,tai_poutini_province,australasia,5,0.0,35073.161433333,35073.161433333,170073.161433333
2902,leipziger_bucht_province,western_europe,6,807.2140626169202,0.0,807.2140626169202,169807.21406261693
2903,nerike_province,western_europe,3,365.2578899547684,92187.97708953035,92553.23497948512,169553.23497948513
2904,zhaozhou_province,east_asia,5,64310.752371926385,0.0,64310.752371926385,169310.75237192638
2905,cuzalapa_province,north_america,4,44269.99949451187,0.0,44269.99949451187,169269.99949451187
2906,marche_province,western_europe,6,31091.027734590894,2177.1978529766666,33268.22558756756,169268.22558756755
2907,amasya_province,middle_east,5,9990.681278016355,0.0,9990.681278016355,168990.68127801636
2908,north_livonia_province,eastern_europe,6,1956.562148461871,67750.12452862265,69706.68667708452,168706.6866770845
2909,yemetsk_province,eastern_europe,4,0.0,117660.19284654112,117660.19284654112,168660.19284654112
2910,pisa_province,western_europe,4,43815.81261060655,56891.682308562245,100707.49491916879,167707.4949191688
2911,omaha_province,north_america,4,51309.54605877121,28318.735510944432,79628.28156971565,167628.28156971565
2912,tokat_province,middle_east,7,21284.556622399614,0.0,21284.556622399614,167284.5566223996
2913,guangan_province,east_asia,6,2861.5056953151925,0.0,2861.5056953151925,166861.5056953152
2914,thaba_bosiu_province,southern_africa,4,19843.64129474568,0.0,19843.64129474568,166843.64129474567
2915,bordelais_province,western_europe,6,40497.90129513883,0.0,40497.90129513883,166497.9012951388
2916,usora_and_soli_province,eastern_europe,5,17754.202235280583,17619.63279989395,35373.83503517453,166373.83503517453
2917,upper_lurio_province,east_africa,4,77178.49037411768,0.0,77178.49037411768,166178.49037411768
2918,vosges_province,western_europe,6,1114.7519273975693,5023.504918478288,6138.256845875858,166138.25684587585
2919,ruzhou_province,east_asia,5,5811.054536067997,0.0,5811.054536067997,165811.054536068
2920,chikugo_province,east_asia,2,46.022981145383945,94559.6742377147,94605.69721886009,165605.6972188601
2921,bergamo_province,western_europe,4,341.1995628182119,62079.144500765164,62420.344063583376,165420.34406358335
2922,kanamarca_province,south_america,6,45.789037192503535,11196.678130944036,11242.46716813654,165242.46716813653
2923,raseiniai_province,eastern_europe,5,1224.679330118221,43877.05698420829,45101.73631432652,165101.7363143265
2924,nigde_province,middle_east,3,91092.39085668593,0.0,91092.39085668593,165092.39085668593
2925,luan_province,east_asia,8,2081.811049493813,0.0,2081.811049493813,165081.81104949382
2926,west_riding_province,western_europe,6,941.2950727151351,16830.524748239877,17771.819820955014,164771.81982095502
2927,koscian_province,eastern_europe,6,4454.253941898033,0.0,4454.253941898033,164454.25394189803
2928,chornobyl_province,eastern_europe,5,1304.859051487438,0.0,1304.859051487438,164304.85905148744
2929,zhangde_province,east_asia,4,44923.53564351583,0.0,44923.53564351583,163923.53564351582
2930,somerset_province,western_europe,5,630.3359584400414,33219.13250260578,33849.46846104582,163849.46846104582
2931,kaizhou_province,east_asia,4,44789.83242662964,0.0,44789.83242662964,163789.83242662964
2932,kempenland_province,western_europe,4,1215.5358935529196,0.0,1215.5358935529196,163215.53589355294
2933,anzhou_province,east_asia,5,77177.06893875652,0.0,77177.06893875652,163177.06893875654
2934,aval_province,western_europe,5,729.6944220721114,62051.55763933952,62781.25206141164,162781.25206141162
2935,niobrara_province,north_america,4,89461.68933422376,0.0,89461.68933422376,162461.68933422375
2936,jingzhou_shaanxi_province,east_asia,4,2300.46396784218,0.0,2300.46396784218,162300.46396784217
2937,sonderjylland_province,western_europe,4,118.8658151784438,98911.63261162688,99030.49842680531,162030.4984268053
2938,valladolid_province,western_europe,5,52480.119382157136,0.0,52480.119382157136,161480.11938215717
2939,chumikan_province,north_asia,6,6.2610283780478495,31460.441817519575,31466.702845897624,161466.7028458976
2940,buda_province,eastern_europe,4,9341.411705193997,5851.97939470901,15193.391099903009,161193.391099903
2941,xahaaciya_province,north_asia,7,0.0,0.0,0.0,161000.0
2942,guyuan_province,east_asia,3,0.0,0.0,0.0,161000.0
2943,ourense_province,western_europe,6,1851.9415879237215,24879.586100148183,26731.527688071903,160731.5276880719
2944,villanueva_de_la_serena_province,western_europe,4,107556.2522161294,0.0,107556.2522161294,160556.2522161294
2945,oppland_province,western_europe,6,0.02474871177398899,68342.70589073964,68342.73063945142,160342.73063945142
2946,sliven_province,eastern_europe,6,19251.24936640234,0.0,19251.24936640234,160251.24936640233
2947,shunqing_province,east_asia,5,191.02151717945122,0.0,191.02151717945122,160191.02151717944
2948,donau_moos_province,western_europe,7,740.2239022399683,0.0,740.2239022399683,159740.22390223996
2949,mallorca_province,western_europe,5,73396.96515341551,0.0,73396.96515341551,159396.9651534155
2950,belz_province,eastern_europe,5,1253.708415432264,0.0,1253.708415432264,159253.70841543225
2951,svir_province,eastern_europe,6,177.8336338803068,53045.526403515,53223.36003739531,159223.36003739532
2952,alessandria_province,western_europe,4,11939.194476301014,73083.2963011855,85022.49077748653,159022.49077748653
2953,kastamonu_province,middle_east,6,0.0,0.0,0.0,159000.0
2954,biscay_province,western_europe,3,31.205446667168456,80692.13115940057,80723.33660606775,158723.33660606772
2955,suceava_province,eastern_europe,6,2883.314451868118,28744.205393610653,31627.51984547877,158627.51984547876
2956,chitral_province,south_asia,5,915.4780990609496,67207.67556448138,68123.15366354234,158123.15366354235
2957,eifel_province,western_europe,10,62.858271780881395,26047.917506000274,26110.775777781153,158110.77577778115
2958,ostra_smaland_province,western_europe,7,5450.309092725191,0.0,5450.309092725191,156450.3090927252
2959,warwa_province,australasia,8,0.0,0.0,0.0,156000.0
2960,balor,south_asia,8,0.0,0.0,0.0,156000.0
2961,hamasien_province,east_africa,3,94953.56451448983,0.0,94953.56451448983,155953.56451448984
2962,lucca_province,western_europe,4,718.8571277317349,50206.8495592526,50925.70668698434,155925.70668698434
2963,yuzhou_province,east_asia,3,58870.57960695797,0.0,58870.57960695797,155870.57960695797
2964,warmia_province,eastern_europe,3,1192.2143483691223,113349.54961780683,114541.76396617596,155541.76396617596
2965,koslin_province,western_europe,8,3359.4445784943164,0.0,3359.4445784943164,155359.44457849432
2966,yanzhou_shandong_province,east_asia,4,78259.86363975928,0.0,78259.86363975928,155259.86363975928
2967,antalya_province,middle_east,5,80041.89096817751,0.0,80041.89096817751,155041.89096817753
2968,magadan_province,north_asia,7,0.0,0.0,0.0,155000.0
2969,tru_vien_province,south_east_asia,2,0.0,52992.136634533876,52992.136634533876,154992.13663453388
2970,chisasibi_province,north_america,4,0.0,53644.409979455595,53644.409979455595,154644.40997945558
2971,rouergue_province,western_europe,6,309.8802728487927,17247.784426083323,17557.664698932113,154557.66469893212
2972,igmu_province,north_america,3,94545.4551391508,0.0,94545.4551391508,154545.45513915078
2973,xiezhou_province,east_asia,5,3239.714098030906,0.0,3239.714098030906,154239.7140980309
2974,romsdalen_province,western_europe,8,1.552262251070154,2148.8297498652446,2150.3820121163153,154150.38201211632
2975,emsland_province,western_europe,8,845.5843392569067,91.63738534217646,937.2217245990831,153937.22172459908
2976,rhine_valley_province,western_europe,5,318.6212246079555,3957.6918175797905,4276.313042187746,153276.31304218774
2977,upyte_province,eastern_europe,5,3247.4037278584346,0.0,3247.4037278584346,153247.40372785844
2978,dahra_province,north_africa,4,40036.88918093514,0.0,40036.88918093514,153036.88918093516
2979,serae_province,east_africa,4,52599.58312285924,0.0,52599.58312285924,152599.58312285924
2980,brnensko_province,western_europe,4,4200.980750621443,72374.69146941131,76575.67222003275,152575.67222003272
2981,vitim_province,north_asia,6,125.9976979230149,42391.852812924626,42517.85051084764,152517.85051084764
2982,buskerud_province,western_europe,7,23.38878172638624,58322.354162036114,58345.742943762496,152345.7429437625
2983,zagore_province,eastern_europe,6,15274.447192521142,0.0,15274.447192521142,152274.44719252113
2984,padua_province,western_europe,3,5892.254264939024,45152.44605262072,51044.70031755975,152044.70031755973
2985,derge_province,east_asia,7,0.0,7013.117846244131,7013.117846244131,152013.11784624413
2986,issyk_kul_province,central_asia,4,18973.85630028184,0.0,18973.85630028184,151973.85630028183
2987,verdunois_province,western_europe,4,613.5080771583582,21131.55239703867,21745.06047419703,151745.06047419703
2988,dijonnais_province,western_europe,5,10601.943505066485,16802.169748838067,27404.11325390455,151404.11325390456
2989,toulousain_province,western_europe,5,16280.633233859846,0.0,16280.633233859846,151280.63323385984
2990,ribatejo_province,western_europe,6,27144.907185386415,0.0,27144.907185386415,151144.9071853864
2991,armagnac_province,western_europe,5,25648.25798025782,0.0,25648.25798025782,150648.2579802578
2992,amienois_province,western_europe,3,536.3134958095474,0.0,536.3134958095474,150536.31349580956
2993,gothia_province,eastern_europe,4,21162.381625366565,0.0,21162.381625366565,150162.38162536657
2994,narraganset_province,north_america,3,5824.585255019183,100113.97813704866,105938.56339206785,149938.56339206785
2995,baode_province,east_asia,4,3578.5875542507624,0.0,3578.5875542507624,149578.58755425076
2996,naxos_province,eastern_europe,6,48402.08402564557,0.0,48402.08402564557,149402.08402564557
2997,kremenets_province,eastern_europe,4,6248.551585486644,0.0,6248.551585486644,149248.55158548662
2998,abkhazia_province,eastern_europe,4,0.0,74230.48133378038,74230.48133378038,149230.4813337804
2999,rouennais_province,western_europe,5,223.21620274360873,0.0,223.21620274360873,149223.2162027436
3000,ionian_islands_province,eastern_europe,4,16001.888621410846,0.0,16001.888621410846,149001.88862141085
3001,yupighyt_province,north_america,4,0.0,0.0,0.0,149000.0
3002,dorset_province,western_europe,4,762.4890188178713,26001.405582226587,26763.894601044456,148763.89460104448
3003,ahuacatlan_province,north_america,4,25576.633556332603,0.0,25576.633556332603,148576.6335563326
3004,agder_province,western_europe,8,731.5967076364486,43836.229217421656,44567.8259250581,148567.8259250581
3005,dalsland_province,western_europe,3,96.74262308136106,89413.8338771709,89510.57650025225,148510.57650025227
3006,kajanaland_province,western_europe,6,117.8235210703947,14069.834063013692,14187.657584084085,148187.65758408408
3007,binzhou_shaanxi_province,east_asia,4,34.82098215734264,0.0,34.82098215734264,148034.82098215734
3008,novhorod_siverskyi_province,eastern_europe,5,2002.4535932928811,0.0,2002.4535932928811,148002.45359329288
3009,upper_selenga_province,east_asia,5,251.11578627736424,41615.47369796427,41866.58948424163,147866.58948424165
3010,patrimonio_province,western_europe,6,44434.927004761135,2296.0693760216104,46730.996380782744,147730.99638078274
3011,sieradz_province,eastern_europe,8,4668.191536704244,0.0,4668.191536704244,147668.19153670425
3012,kocaeli_province,middle_east,4,11661.324215305689,0.0,11661.324215305689,147661.32421530568
3013,albacete_province,western_europe,4,71518.0273105386,0.0,71518.0273105386,147518.0273105386
3014,kharaa_province,east_asia,3,7489.610191701846,66535.67825581608,74025.28844751793,147025.28844751793
3015,wesermarch_province,western_europe,7,724.9240854739755,7060.657504474863,7785.581589948838,146785.58158994885
3016,elbmarch_province,western_europe,6,411.17266258812134,327.34860234503446,738.5212649331559,146738.52126493317
3017,east_luxembourg_province,western_europe,4,303.42852729413903,54419.44791934376,54722.87644663791,146722.8764466379
3018,hanzhong_province,east_asia,5,5548.557754508137,0.0,5548.557754508137,146548.55775450813
3019,onega_province,eastern_europe,5,0.0,62545.78892862992,62545.78892862992,146545.78892862992
3020,qizhou_province,east_asia,3,77496.1010641891,0.0,77496.1010641891,146496.1010641891
3021,badajoz_province,western_europe,5,69284.50864933207,0.0,69284.50864933207,146284.50864933207
3022,yeruda_province,north_asia,6,0.02937352084119274,74920.44252152155,74920.4718950424,145920.4718950424
3023,galapagos_province,south_america,3,99577.48420872625,0.0,99577.48420872625,145577.48420872627
3024,torne_lappmark_province,western_europe,9,3.2710264801338433,559.739011076949,563.0100375570829,145563.01003755708
3025,kemi_lappmark_province,western_europe,8,0.6818615692281932,163.0035567368317,163.68541830605992,145163.68541830606
3026,spoleto_province,western_europe,5,3222.540137128112,4845.691824233128,8068.23196136124,145068.23196136125
3027,sinop_province,middle_east,5,3564.9326975468525,0.0,3564.9326975468525,144564.93269754684
3028,westerwald,western_europe,3,28.700365311790666,15311.2180340782,15339.91839938999,144339.91839938998
3029,palatinate_province,western_europe,9,156.2692014466075,0.0,156.2692014466075,144156.26920144662
3030,gipuzkoa_province,western_europe,3,0.0,60975.271543189876,60975.271543189876,143975.27154318988
3031,kilivila_province,pacific_islands,5,1868.5592934021427,0.0,1868.5592934021427,143868.55929340216
3032,itanhomi_province,south_america,6,3750.0442220998766,1725.6614272277786,5475.705649327655,143475.70564932766
3033,kundal_province,australasia,4,63159.23362270872,0.0,63159.23362270872,143159.23362270874
3034,dingzhou_province,east_asia,4,45690.46576603799,0.0,45690.46576603799,142690.465766038
3035,courland_province,eastern_europe,8,3297.550595729186,43339.63543832529,46637.186034054466,142637.18603405447
3036,upper_macedonia_province,eastern_europe,5,13456.08713754852,0.0,13456.08713754852,142456.08713754851
3037,mogilev_province,eastern_europe,6,65.35855453598495,68363.60064637015,68428.95920090615,142428.95920090613
3038,csanad_province,eastern_europe,3,42865.56611291568,0.0,42865.56611291568,141865.56611291567
3039,hradecko_province,western_europe,5,808.358412240555,29024.248756936606,29832.60716917716,141832.60716917715
3040,bresse_province,western_europe,5,1912.6014597143253,81887.16367575465,83799.76513546897,141799.76513546897
3041,upper_runde_province,southern_africa,4,19418.672404629455,0.0,19418.672404629455,141418.67240462947
3042,trebizond_province,middle_east,6,0.0,14286.402025518173,14286.402025518173,141286.40202551818
3043,swabian_alb_province,western_europe,8,612.3743744762244,14446.984261093114,15059.358635569339,141059.35863556934
3044,tagant_province,west_africa,3,95615.30176354531,0.0,95615.30176354531,140615.3017635453
3045,halland_province,western_europe,4,757.7455312947254,74855.68615308838,75613.4316843831,140613.4316843831
3046,bazhou_sichuan_province,east_asia,4,0.0,60585.3232051862,60585.3232051862,140585.3232051862
3047,qarategin_province,central_asia,5,84.89450507986747,79169.7614735709,79254.65597865077,140254.65597865076
3048,jingzhou_beizhili_province,east_asia,6,33222.6092441512,0.0,33222.6092441512,140222.60924415122
3049,urbino_province,western_europe,4,4672.3880373927,1259.7182773840973,5932.106314776797,139932.10631477679
3050,leon_province,western_europe,4,7062.997456124455,54681.62007372113,61744.61752984559,139744.6175298456
3051,eastern_styria_province,western_europe,5,851.7572442123444,51691.186618672786,52542.943862885135,139542.94386288512
3052,alaiye_province,middle_east,4,11791.060060188649,0.0,11791.060060188649,138791.06006018864
3053,satakunta_province,western_europe,8,79.2983887634968,0.0,79.2983887634968,138079.2983887635
3054,sulu_province,south_east_asia,3,16833.070154675166,0.0,16833.070154675166,137833.07015467517
3055,bohus_province,western_europe,4,981.5170848244446,64761.986671285136,65743.50375610958,137743.5037561096
3056,perthshire_province,western_europe,5,168.21933054382527,28557.74849174218,28725.967822286006,137725.967822286
3057,alpenvorland_province,western_europe,5,198.34533573320317,54278.8555240733,54477.2008598065,137477.2008598065
3058,laconia_province,eastern_europe,4,13315.501841180543,0.0,13315.501841180543,137315.50184118055
3059,castellon_province,western_europe,5,8284.785980971668,0.0,8284.785980971668,137284.78598097168
3060,glamorgan_province,western_europe,6,207.47287654126694,20042.295789224387,20249.768665765652,137249.76866576564
3061,u_province,east_asia,8,112.38068937786092,33952.66067654005,34065.04136591791,137065.0413659179
3062,yaghan_province,south_america,6,0.0,0.0,0.0,137000.0
3063,east_farthing,western_europe,6,0.0,0.0,0.0,137000.0
3064,shizhou_shanxi_province,east_asia,7,2404.0630649196273,0.0,2404.0630649196273,136404.0630649196
3065,belluno_province,western_europe,3,0.0,66383.4621540371,66383.4621540371,136383.4621540371
3066,gomel_province,eastern_europe,5,266.6241132267943,0.0,266.6241132267943,136266.6241132268
3067,rotalia_province,eastern_europe,6,5226.508527265259,0.0,5226.508527265259,136226.50852726525
3068,wari_willka_province,south_america,6,390.42017948809354,15712.400370534355,16102.820550022449,136102.82055002244
3069,sandomierz_province,eastern_europe,4,42.21578496315739,0.0,42.21578496315739,136042.21578496316
3070,xalizaax_province,north_asia,8,0.0,0.0,0.0,136000.0
3071,nis_province,eastern_europe,5,9408.171644117492,0.0,9408.171644117492,135408.17164411748
3072,dezhou_province,east_asia,7,42247.17182195479,0.0,42247.17182195479,135247.17182195478
3073,liaozhou_province,east_asia,3,6108.397593993094,0.0,6108.397593993094,135108.39759399308
3074,guide_province,east_asia,6,47659.55888235918,0.0,47659.55888235918,134659.55888235918
3075,messalo_province,east_africa,4,60521.69289056493,0.0,60521.69289056493,134521.69289056494
3076,saale_province,western_europe,7,419.8763479415112,0.0,419.8763479415112,134419.87634794152
3077,main_franconia_province,western_europe,8,273.32041429895895,0.0,273.32041429895895,134273.32041429897
3078,neuchatel_province,western_europe,5,289.4248270889354,67966.15821959917,68255.5830466881,134255.58304668812
3079,cagliari_province,western_europe,7,44077.85871392292,0.0,44077.85871392292,134077.8587139229
3080,tucssa_province,south_america,5,0.0,0.0,0.0,134000.0
3081,brabant_province,western_europe,3,1169.9602332615668,0.0,1169.9602332615668,133169.96023326158
3082,wroclaw_province,eastern_europe,7,3160.6717712869868,0.0,3160.6717712869868,133160.671771287
3083,kerek_province,north_asia,5,0.0,0.0,0.0,133000.0
3084,saakak_hukaahaanu_province,north_america,3,79951.18845612399,0.0,79951.18845612399,132951.188456124
3085,belogorye_province,north_asia,4,0.0,36845.07111616011,36845.07111616011,132845.0711161601
3086,unterinntal_province,western_europe,5,0.0,63802.77846131617,63802.77846131617,132802.77846131616
3087,cumberland_province,western_europe,4,796.6351815638171,7935.533717832037,8732.168899395854,132732.16889939585
3088,lutsk_province,eastern_europe,6,4489.816138720695,0.0,4489.816138720695,132489.8161387207
3089,thuringer_becken_province,western_europe,8,367.1594754838708,0.0,367.1594754838708,132367.15947548387
3090,ruhr_province,western_europe,6,316.12514802516137,0.0,316.12514802516137,132316.12514802517
3091,jaen_province,western_europe,7,8180.517965539523,0.0,8180.517965539523,132180.51796553953
3092,qinzhou_shaanxi_province,east_asia,4,128.4352400621803,0.0,128.4352400621803,132128.4352400622
3093,okobojo_province,north_america,3,61757.82907440842,0.0,61757.82907440842,131757.82907440842
3094,halych_province,eastern_europe,4,1381.9868097732983,252.60010029454122,1634.5869100678394,131634.58691006785
3095,athna_province,north_america,6,0.0,74581.2396153372,74581.2396153372,131581.2396153372
3096,corinthia_province,eastern_europe,3,9416.608263464594,0.0,9416.608263464594,131416.6082634646
3097,malaita_province,pacific_islands,3,0.0,58396.97485149995,58396.97485149995,131396.97485149995
3098,middle_styria_province,western_europe,3,415.87156681831686,57968.68412453565,58384.55569135397,131384.55569135398
3099,touraine_province,western_europe,5,1228.4359947892615,0.0,1228.4359947892615,131228.43599478927
3100,bassigny_province,western_europe,6,1894.9488237589208,11305.983770776355,13200.932594535276,131200.9325945353
3101,shangdu_province,east_asia,4,16889.276646125865,0.0,16889.276646125865,130889.27664612587
3102,hessen_bergland_province,western_europe,7,164.28455047004033,31718.333781684305,31882.618332154343,130882.61833215435
3103,ogiciza_wakpa_province,north_america,3,38806.84658185041,0.0,38806.84658185041,130806.8465818504
3104,zaragoza_province,western_europe,5,74706.42283177294,8914.875318315733,83621.29815008868,130621.29815008868
3105,valentinois_province,western_europe,4,3848.41421417759,57768.36100519367,61616.77521937126,130616.77521937127
3106,hezhou_sichuan_province,east_asia,3,20480.350545422036,0.0,20480.350545422036,130480.35054542204
3107,olomoucko_province,western_europe,4,864.290375018648,55279.51756523357,56143.80794025221,130143.80794025221
3108,orleanais_province,western_europe,5,3103.808298173323,0.0,3103.808298173323,130103.80829817332
3109,norfolk_province,western_europe,5,544.2988814165861,0.0,544.2988814165861,129544.29888141659
3110,qingchi,east_asia,5,4880.313338137913,0.0,4880.313338137913,128880.3133381379
3111,jativa_province,western_europe,5,51477.08735706901,0.0,51477.08735706901,128477.08735706902
3112,friesland_province,western_europe,5,500.5412176031877,7865.318888641151,8365.860106244338,128365.86010624433
3113,upper_ghaghara_province,south_asia,6,0.0,26243.46713087805,26243.46713087805,128243.46713087805
3114,hinakiyah_province,middle_east,6,0.0,0.0,0.0,128000.0
3115,macva_province,eastern_europe,4,31970.223463150607,0.0,31970.223463150607,127970.22346315061
3116,hradistsko_province,western_europe,4,267.96354729743587,46601.995691652846,46869.95923895029,127869.95923895028
3117,upper_artois_province,western_europe,4,701.3003458989743,0.0,701.3003458989743,127701.30034589898
3118,tesin_province,eastern_europe,8,1190.2136664725099,0.0,1190.2136664725099,127190.21366647251
3119,vorpommern_province,western_europe,8,14145.616149696369,0.0,14145.616149696369,127145.61614969638
3120,rechytsa_province,eastern_europe,6,123.82069446219289,0.0,123.82069446219289,127123.82069446219
3121,desmond_province,western_europe,5,380.6310965466192,48720.2140233812,49100.84511992782,127100.84511992782
3122,kaunas_province,eastern_europe,4,563.7007867426308,0.0,563.7007867426308,126563.70078674264
3123,rodos_province,eastern_europe,3,33440.12173634049,0.0,33440.12173634049,126440.12173634047
3124,lugo_province,western_europe,5,287.2970698859933,18018.853538350715,18306.150608236705,126306.15060823671
3125,toplica_province,eastern_europe,4,3249.4146725541527,0.0,3249.4146725541527,126249.41467255415
3126,monferrato_province,western_europe,3,22056.142044832854,57186.14100812049,79242.28305295335,126242.28305295335
3127,hudavendigar_province,middle_east,5,19824.050245246148,0.0,19824.050245246148,125824.05024524615
3128,qinzhou_province,east_asia,3,545.1692622376598,0.0,545.1692622376598,125545.16926223767
3129,ostergotland_province,western_europe,5,2672.695782650138,36704.06666310965,39376.76244575978,125376.76244575978
3130,roman_flanders_province,western_europe,3,1827.0843631396745,467.3003972557653,2294.38476039544,125294.38476039543
3131,thuringer_wald_province,western_europe,7,174.6480851108979,0.0,174.6480851108979,125174.6480851109
3132,huizhou_shaanxi_province,east_asia,5,0.0,0.0,0.0,125000.0
3133,sor_trondelag_province,western_europe,10,0.0,0.0,0.0,125000.0
3134,guishun_province,east_asia,3,0.0,50860.355865445585,50860.355865445585,124860.35586544558
3135,chenzhou_henan_province,east_asia,6,42622.92780270682,0.0,42622.92780270682,124622.92780270682
3136,oberlausitz_province,western_europe,6,290.25629500516504,0.0,290.25629500516504,124290.25629500517
3137,tokma_province,north_asia,6,179.1841026662005,51036.83015667858,51216.01425934478,124216.01425934478
3138,poyul_province,east_asia,4,0.0,42847.28201791147,42847.28201791147,123847.28201791146
3139,neckar_province,western_europe,6,318.7599696546439,4413.692324537568,4732.452294192211,123732.45229419222
3140,pays_nancy_province,western_europe,4,572.3732206330578,12155.575855012688,12727.949075645747,123727.94907564575
3141,chishima_province,east_asia,10,130.96492977100797,8458.139059317153,8589.103989088162,123589.10398908817
3142,turenne_province,western_europe,4,318.8466166036931,40237.329028780354,40556.17564538404,123556.17564538405
3143,eastern_upper_swabia_province,western_europe,7,2455.684165924212,81.27670708665357,2536.9608730108657,123536.96087301086
3144,finland_province,western_europe,4,189.56891626657645,0.0,189.56891626657645,123189.56891626658
3145,marash_province,middle_east,7,10035.281637013122,0.0,10035.281637013122,123035.28163701312
3146,washeo_province,north_america,4,0.0,0.0,0.0,123000.0
3147,aberdeenshire_province,western_europe,5,23.12334131907143,8895.363053836216,8918.486395155287,122918.48639515528
3148,yuktali_province,north_asia,7,0.0,2620.9085269987627,2620.9085269987627,122620.90852699877
3149,lower_macedonia_province,eastern_europe,5,25053.461661797868,0.0,25053.461661797868,122053.46166179786
3150,tsawarong_province,east_asia,3,0.0,59046.22026678828,59046.22026678828,122046.22026678828
3151,cuenca_province,western_europe,7,6636.907320390777,0.0,6636.907320390777,121636.90732039078
3152,nevernais_province,western_europe,6,1395.941355777147,108.91600312237554,1504.8573588995225,121504.85735889952
3153,tongzhou_beizhili_province,east_asia,6,32381.011677581475,0.0,32381.011677581475,121381.01167758148
3154,sis_province,middle_east,5,16358.12440893531,0.0,16358.12440893531,121358.12440893531
3155,gauboden_province,western_europe,5,1118.3683377551056,965.1683614271903,2083.5366991822957,121083.5366991823
3156,galloway_province,western_europe,6,931.1479932161465,24084.25795275453,25015.405945970677,121015.40594597068
3157,lothian_province,western_europe,4,770.127143140317,28977.689224665515,29747.816367805834,120747.81636780583
3158,cotentin_province,western_europe,6,1712.7353692977588,618.0227059835357,2330.7580752812946,120330.75807528131
3159,western_upper_swabia_province,western_europe,5,375.71123066119094,4801.945305481486,5177.6565361426765,120177.65653614269
3160,danzig_province,eastern_europe,6,3164.8171106206455,0.0,3164.8171106206455,120164.81711062064
3161,vogelsberg_province,western_europe,6,203.87963864789185,17924.534000467436,18128.41363911533,120128.41363911533
3162,kaialigamiut_province,north_america,6,0.0,27013.977289037724,27013.977289037724,120013.97728903772
3163,ume_lappmark_province,western_europe,7,54.786077118954545,4935.632329509539,4990.418406628493,119990.4184066285
3164,calabria_citra_province,western_europe,6,18980.77318412918,0.0,18980.77318412918,119980.77318412918
3165,komsa_province,north_asia,5,0.0,18962.40808997268,18962.40808997268,119962.40808997268
3166,manatara_province,north_america,3,29846.28483951296,0.0,29846.28483951296,119846.28483951295
3167,narbonnais_province,western_europe,5,2179.6662510331435,24582.88851725088,26762.554768284026,119762.55476828403
3168,cape_verde_province,west_africa,5,54676.52975283413,0.0,54676.52975283413,119676.52975283413
3169,pays_messin_province,western_europe,5,1492.8428073094653,43103.37570772909,44596.21851503855,119596.21851503855
3170,chalkidiki_province,eastern_europe,4,44345.33005302884,0.0,44345.33005302884,119345.33005302884
3171,aetolia_province,eastern_europe,6,18657.238917794137,7624.061948014056,26281.300865808193,119281.3008658082
3172,lyonnais_province,western_europe,6,1070.5246359602206,20878.864432923478,21949.3890688837,118949.3890688837
3173,lithang_province,east_asia,4,9.432619279613954,17704.683370434457,17714.11598971407,118714.11598971408
3174,rosello_province,western_europe,3,5333.732260797581,15128.326985390511,20462.05924618809,118462.05924618809
3175,vukyl_province,eastern_europe,3,0.0,51894.92682149132,51894.92682149132,117894.92682149132
3176,burgas_province,eastern_europe,6,7789.825277401671,0.0,7789.825277401671,117789.82527740167
3177,xizhou_province,east_asia,5,2697.4894723926186,0.0,2697.4894723926186,117697.48947239261
3178,lezgistan_province,eastern_europe,5,0.0,28600.2226286102,28600.2226286102,117600.22262861021
3179,east_flanders_province,western_europe,6,593.1846867503674,0.0,593.1846867503674,117593.18468675036
3180,east_rukwa_province,east_africa,3,49314.75704330293,0.0,49314.75704330293,117314.75704330293
3181,pyritz_province,western_europe,5,5306.558831673784,0.0,5306.558831673784,117306.55883167378
3182,prague_province,western_europe,5,1205.723034083189,50967.18618623543,52172.909220318616,117172.90922031862
3183,gelderland_province,western_europe,7,6000.956592106009,1129.7026017478845,7130.659193853894,117130.65919385389
3184,namur_province,western_europe,4,78.65422103003222,1946.1612510601246,2024.8154720901568,117024.81547209017
3185,huaiqing_province,east_asia,6,5932.035917557422,0.0,5932.035917557422,116932.03591755743
3186,south_holland_province,western_europe,6,1809.1795174720019,2656.865755383743,4466.045272855745,116466.04527285574
3187,checiny_province,eastern_europe,4,1364.4148187367766,0.0,1364.4148187367766,116364.41481873678
3188,ebroicien_province,western_europe,6,275.9295096936789,0.0,275.9295096936789,116275.92950969367
3189,madrid_province,western_europe,5,20254.449994068298,0.0,20254.449994068298,116254.4499940683
3190,comoros_province,east_africa,3,0.0,0.0,0.0,116000.0
3191,wapusk_province,north_america,3,0.0,0.0,0.0,116000.0
3192,zala_province,eastern_europe,4,24778.229446019974,8980.028268752973,33758.257714772946,115758.25771477295
3193,tango_province,east_asia,3,0.0,37617.808639849245,37617.808639849245,115617.80863984925
3194,elbtal_province,western_europe,6,554.4725279099846,0.0,554.4725279099846,115554.47252791
3195,czersk_province,eastern_europe,4,1218.28575553324,0.0,1218.28575553324,115218.28575553323
3196,baoan_province,east_asia,3,1214.604747433282,0.0,1214.604747433282,115214.60474743327
3197,turov_province,eastern_europe,5,8176.947698851102,0.0,8176.947698851102,115176.9476988511
3198,south_kola_province,western_europe,8,0.0,9075.553362214014,9075.553362214014,115075.553362214
3199,calabria_ultra_province,western_europe,7,15833.137171596069,0.0,15833.137171596069,114833.13717159607
3200,caennais_province,western_europe,6,183.26333607677486,248.8985106768635,432.1618467536384,114432.16184675363
3201,west_luxembourg_province,western_europe,5,103.0459946186676,26170.52130769733,26273.567302315998,114273.56730231599
3202,cork_province,western_europe,4,94.93734265426274,63051.3605470888,63146.29788974306,114146.29788974306
3203,jingning_province,east_asia,4,114.71343647084073,0.0,114.71343647084073,114114.71343647083
3204,kobryn_province,eastern_europe,4,28.6520140840805,0.0,28.6520140840805,114028.65201408409
3205,sangon_province,east_asia,3,11.519015183980956,25710.945568683688,25722.46458386767,113722.46458386767
3206,bergenhus_province,western_europe,8,94.29590121782857,10580.704554127587,10675.000455345416,113675.00045534542
3207,chiemgau_province,western_europe,5,1166.070103959103,10405.013265644304,11571.083369603408,113571.08336960341
3208,new_catalonia_province,western_europe,6,40569.79654111182,0.0,40569.79654111182,113569.79654111182
3209,malongtalang_province,east_asia,3,264.2821476381478,5263.13875761088,5527.420905249028,113527.42090524903
3210,parma_province,western_europe,3,12608.515401054246,17918.00745156514,30526.52285261939,113526.52285261938
3211,lancashire_province,western_europe,5,851.0961664735703,32630.598752774542,33481.69491924812,113481.69491924811
3212,jianzhou_province,east_asia,4,44465.0825945655,0.0,44465.0825945655,113465.0825945655
3213,azores_province,north_africa,4,390.5390785247205,0.0,390.5390785247205,113390.53907852471
3214,unalaska_province,north_america,6,0.0,2326.4849722812337,2326.4849722812337,113326.48497228124
3215,north_itelmen_province,north_asia,5,0.0,47307.479373156486,47307.479373156486,113307.47937315649
3216,vestfold_province,western_europe,4,219.17124905030977,48414.80573929877,48633.97698834907,112633.97698834908
3217,poznan_province,eastern_europe,8,5383.537966461427,0.0,5383.537966461427,112383.53796646142
3218,achaea_province,eastern_europe,4,11316.759195372386,0.0,11316.759195372386,112316.75919537239
3219,tuchola_province,eastern_europe,5,3002.2866000774748,0.0,3002.2866000774748,112002.28660007747
3220,junzhou_province,east_asia,5,796.6983317245767,0.0,796.6983317245767,111796.69833172458
3221,lemnos_province,eastern_europe,5,41174.29111750466,0.0,41174.29111750466,111174.29111750466
3222,luanzhou_province,east_asia,3,32983.24240984053,0.0,32983.24240984053,110983.24240984053
3223,schaunberg_province,western_europe,5,792.1043165273558,37087.221784056674,37879.32610058403,110879.32610058403
3224,lower_berry_province,western_europe,4,2849.0760369212903,0.0,2849.0760369212903,110849.0760369213
3225,nyarong_province,east_asia,5,0.11350345469345274,12717.577748510064,12717.69125196476,110717.69125196476
3226,durham_province,western_europe,3,1252.5678564700672,11096.387134835277,12348.954991305345,110348.95499130533
3227,evros_province,eastern_europe,4,38115.17582090856,0.0,38115.17582090856,110115.17582090857
3228,strathcona_province,north_america,5,54.5358853821562,42795.41665932702,42849.95254470918,109849.95254470917
3229,azghar_province,north_africa,3,34772.70226187716,0.0,34772.70226187716,109772.70226187716
3230,derbyshire_province,western_europe,3,138.7397803321163,8525.863639618392,8664.603419950508,109664.60341995051
3231,sighnan_province,central_asia,6,0.0,2642.7729220042697,2642.7729220042697,109642.77292200427
3232,bocaiuva_province,south_america,3,601.6217365992215,0.0,601.6217365992215,109601.62173659922
3233,essex_province,western_europe,6,3011.3304780615226,0.0,3011.3304780615226,109011.33047806153
3234,nangchen_province,east_asia,6,0.0,0.0,0.0,109000.0
3235,ciudad_rodrigo_province,western_europe,5,18895.600393586756,0.0,18895.600393586756,108895.60039358676
3236,hejian_province,east_asia,5,8660.529744901638,0.0,8660.529744901638,108660.52974490164
3237,suining_province,east_asia,5,11375.33741451095,0.0,11375.33741451095,108375.33741451096
3238,south_alyutor_province,north_asia,5,0.0,216.98488189572873,216.98488189572873,108216.98488189573
3239,pengzhou_province,east_asia,3,70018.58829337702,0.0,70018.58829337702,108018.58829337702
3240,valpei_province,pacific_islands,5,0.0,54768.16160256112,54768.16160256112,107768.16160256113
3241,xuzhou_henan_province,east_asia,5,32631.610608068782,0.0,32631.610608068782,107631.61060806879
3242,thierache_province,western_europe,4,174.515493253577,2413.0684039798193,2587.5838972333963,107587.58389723339
3243,sredets_province,eastern_europe,8,1438.201784817524,0.0,1438.201784817524,107438.20178481753
3244,lop_nur_province,east_asia,4,55411.83997082877,0.0,55411.83997082877,107411.83997082878
3245,argyll_province,western_europe,6,28.679295146952818,15349.103738473577,15377.78303362053,107377.78303362052
3246,west_flanders_province,western_europe,6,3266.3667463800653,0.0,3266.3667463800653,107266.36674638007
3247,chrudimsko_province,western_europe,5,55.78615427429571,24103.819686775016,24159.605841049313,107159.60584104933
3248,algarve_province,western_europe,4,49962.805153548434,0.0,49962.805153548434,106962.80515354843
3249,harz_province,western_europe,9,949.5114295241077,0.0,949.5114295241077,106949.51142952411
3250,sauerland_province,western_europe,7,100.34276311085095,14730.767851978002,14831.110615088854,106831.11061508885
3251,kiyuska_province,north_america,3,35726.008740403464,0.0,35726.008740403464,106726.00874040346
3252,kent_province,western_europe,5,710.1085250373765,0.0,710.1085250373765,106710.10852503739
3253,middle_weser_province,western_europe,4,678.424179557084,14.607109000884831,693.0312885579689,106693.03128855796
3254,linqing_province,east_asia,3,26373.37379276334,0.0,26373.37379276334,106373.37379276335
3255,mazara_province,western_europe,5,40016.705341124856,0.0,40016.705341124856,106016.70534112485
3256,volodymyr_province,eastern_europe,5,2591.1551162009227,0.0,2591.1551162009227,105591.15511620093
3257,upper_poitou_province,western_europe,6,2546.2126504434887,0.0,2546.2126504434887,105546.21265044349
3258,grosseto_province,western_europe,4,45470.325110416656,0.0,45470.325110416656,105470.32511041666
3259,yendyr_province,north_asia,4,0.0,61387.56815634051,61387.56815634051,105387.56815634051
3260,alcaniz_province,western_europe,5,40051.03166080023,0.0,40051.03166080023,105051.03166080023
3261,karakoram_province,east_asia,5,0.0,0.0,0.0,105000.0
3262,kong_province,west_africa,2,42907.38204552664,0.0,42907.38204552664,104907.38204552664
3263,chelm_province,eastern_europe,6,1736.548263526856,0.0,1736.548263526856,104736.54826352686
3264,arezzo_province,western_europe,3,618.3474738441765,53905.415497454305,54523.762971298485,104523.76297129848
3265,weihui_province,east_asia,4,15513.800751803525,0.0,15513.800751803525,104513.80075180353
3266,grodno_province,eastern_europe,5,387.2373192950254,0.0,387.2373192950254,104387.23731929503
3267,breifne_province,western_europe,5,569.9839997025721,33757.67735954774,34327.66135925032,104327.66135925031
3268,limousin_province,western_europe,6,219.16240838082834,3961.266099876155,4180.428508256983,104180.42850825698
3269,gloucestershire_province,western_europe,4,1008.3117913355688,0.0,1008.3117913355688,104008.31179133557
3270,fuzhou_shaanxi_province,east_asia,4,0.0,0.0,0.0,104000.0
3271,olesnica_province,eastern_europe,5,1971.6884028887664,0.0,1971.6884028887664,103971.68840288877
3272,coruna_province,western_europe,5,885.765947881525,10075.762202129747,10961.528150011272,103961.52815001128
3273,angermanland_province,western_europe,6,87.89393542186201,23702.988689221478,23790.882624643342,103790.88262464335
3274,qingzhou_beizhili_province,east_asia,4,15749.232532064721,0.0,15749.232532064721,103749.23253206472
3275,lincolnshire_province,western_europe,6,8483.84850459323,3943.2892993163255,12427.137803909554,103427.13780390956
3276,moray_province,western_europe,4,82.08716192886439,169.44908877486108,251.53625070372547,103251.53625070374
3277,limburg_province,western_europe,4,243.49247801423752,0.0,243.49247801423752,103243.49247801425
3278,sodermanland_province,western_europe,5,203.63057077772424,0.0,203.63057077772424,103203.63057077772
3279,montana_province,western_europe,4,11.397234199177753,0.0,11.397234199177753,103011.39723419918
3280,jizhou_zhending_province,east_asia,3,42001.94942134628,0.0,42001.94942134628,103001.94942134627
3281,goringhaikona_province,southern_africa,4,0.0,0.0,0.0,103000.0
3282,ngapa_province,east_asia,4,0.0,0.0,0.0,103000.0
3283,glogow_province,eastern_europe,5,1965.1313539110947,0.0,1965.1313539110947,102965.13135391109
3284,gaotang_province,east_asia,3,27888.787645470074,0.0,27888.787645470074,102888.78764547007
3285,south_tutchone_province,north_america,6,46.70374287846835,5597.380089246371,5644.08383212484,102644.08383212484
3286,muli_province,east_asia,3,0.0,62632.253402486036,62632.253402486036,102632.25340248604
3287,czestochowa_province,eastern_europe,3,1560.7353323212205,0.0,1560.7353323212205,102560.73533232122
3288,ploermel_province,western_europe,4,1566.9001286925209,774.5911433525835,2341.4912720451043,102341.4912720451
3289,leine_province,western_europe,6,388.0689738151283,1843.9078709833116,2231.9768447984397,102231.97684479844
3290,molise_province,western_europe,4,21846.34053133716,0.0,21846.34053133716,101846.34053133716
3291,mittelmark_province,western_europe,8,4808.905294434558,0.0,4808.905294434558,101808.90529443456
3292,rhodopes_province,eastern_europe,7,15800.96994838801,0.0,15800.96994838801,101800.96994838801
3293,niederrhein_province,western_europe,5,696.6091021429369,0.0,696.6091021429369,101696.60910214293
3294,senonais_province,western_europe,5,1619.948051005063,0.0,1619.948051005063,101619.94805100506
3295,teviotdale_province,western_europe,4,642.0538969996464,29959.602802294597,30601.656699294243,101601.65669929425
3296,southern_tanana_province,north_america,6,96.84251927612493,29498.43946663592,29595.281985912043,101595.28198591205
3297,agenais_province,western_europe,3,5234.421073363196,0.0,5234.421073363196,101234.42107336319
3298,vilkmerge_province,eastern_europe,5,2108.3452351899286,35081.83080367009,37190.176038860016,101190.17603886002
3299,south_kolyma_province,north_asia,6,0.0,0.0,0.0,101000.0
3300,badakhshan_province,central_asia,5,12716.291020097711,0.0,12716.291020097711,100716.2910200977
3301,benavente_province,western_europe,4,9837.123297232556,51844.750629853734,61681.873927086286,100681.87392708629
3302,mantua_province,western_europe,3,13759.02714759907,13872.207722363917,27631.234869962987,100631.23486996298
3303,brie_champenois_province,western_europe,5,1613.81063152459,0.0,1613.81063152459,100613.8106315246
3304,seenplatte_province,western_europe,7,3357.897819182101,0.0,3357.897819182101,100357.89781918211
3305,angus_province,western_europe,4,2205.8354796717126,33073.99119059823,35279.82667026994,100279.82667026995
3306,upper_berry_province,western_europe,5,2079.401842275689,0.0,2079.401842275689,100079.40184227569
3307,neopatras_province,eastern_europe,4,7985.458594256675,0.0,7985.458594256675,99985.45859425668
3308,razes_province,western_europe,3,1806.0057802463448,0.0,1806.0057802463448,99806.00578024634
3309,lerma_province,western_europe,5,4880.702948700931,20747.37834431781,25628.08129301874,99628.08129301874
3310,mondovi_province,western_europe,3,3432.746091336133,44145.21736719507,47577.9634585312,99577.9634585312
3311,beauvaisis_province,western_europe,5,1547.0348647003373,0.0,1547.0348647003373,99547.03486470034
3312,efate_province,pacific_islands,5,0.0,0.0,0.0,99000.0
3313,tigray_province,east_africa,4,2874.519863791313,0.0,2874.519863791313,98874.51986379131
3314,bern_province,western_europe,6,163.3271977426201,25673.418070298532,25836.74526804115,98836.74526804115
3315,frankische_schweiz_province,western_europe,10,403.8994734440852,279.98754550325134,683.8870189473365,98683.88701894734
3316,segovia_province,western_europe,5,36554.81808042042,0.0,36554.81808042042,98554.81808042042
3317,dongchang_province,east_asia,4,37395.65568060108,0.0,37395.65568060108,98395.65568060108
3318,liege_province,western_europe,4,123.37012595238,4106.92282463963,4230.292950592009,98230.292950592
3319,herjolfnes_province,western_europe,7,0.0,0.0,0.0,98000.0
3320,noto_japan_province,east_asia,3,1836.9415499263735,31073.319462589054,32910.26101251543,97910.26101251543
3321,north_riding_province,western_europe,5,838.9038144620871,11918.629980211015,12757.533794673103,97757.5337946731
3322,avignonnais_province,western_europe,4,15826.341525897806,22377.084667497213,38203.42619339502,97203.42619339502
3323,osukyuze_province,north_america,3,44126.949132396585,0.0,44126.949132396585,97126.94913239658
3324,inaba_province,east_asia,2,0.0,55058.71926905349,55058.71926905349,97058.71926905349
3325,bearn_bigorre_province,western_europe,4,3802.6549787228687,12200.612353778386,16003.267332501255,97003.26733250126
3326,karukinka_province,south_america,8,0.0,0.0,0.0,97000.0
3327,tumyat_province,north_asia,8,0.0,0.0,0.0,97000.0
3328,warwickshire_province,western_europe,3,122.51001359381037,6757.8941982876595,6880.40421188147,96880.40421188145
3329,vangash_province,north_asia,5,0.015924962269137147,19535.62443447088,19535.64035943315,96535.64035943315
3330,pemako_province,east_asia,3,0.0,35055.70619540619,35055.70619540619,96055.70619540618
3331,novogrudok_province,eastern_europe,5,31.183888960503598,0.0,31.183888960503598,96031.1838889605
3332,krakow_province,eastern_europe,4,2017.6594030192214,0.0,2017.6594030192214,96017.65940301922
3333,tregor_province,western_europe,5,748.3033915996374,77.48189789950104,825.7852894991383,95825.78528949914
3334,la_marche_province,western_europe,7,1643.8011844414905,8898.292114802272,10542.093299243761,95542.09329924376
3335,nowy_sacz_province,eastern_europe,5,76.05391508811775,18453.248941390473,18529.30285647859,95529.30285647858
3336,otish_province,north_america,4,0.0,42371.476556149355,42371.476556149355,95371.47655614936
3337,staffordshire_province,western_europe,3,607.9381055608264,23630.113809481045,24238.05191504187,95238.05191504187
3338,zayul_province,east_asia,3,0.0,31227.45245618471,31227.45245618471,95227.4524561847
3339,altmark_province,western_europe,6,2149.1999314411783,0.0,2149.1999314411783,95149.19993144118
3340,swat,south_asia,5,4206.424292088806,10376.886133251073,14583.31042533988,94583.31042533988
3341,combraille_province,western_europe,4,601.6536419684167,918.4196432240064,1520.073285192423,94520.07328519243
3342,khomani_province,southern_africa,5,52304.80880362379,0.0,52304.80880362379,94304.80880362379
3343,heni_province,east_asia,5,69.7615151315635,37163.20647501712,37232.96799014868,94232.96799014868
3344,wexford_province,western_europe,4,38.2005174281673,22047.337815572177,22085.538333000346,94085.53833300034
3345,mackenzie_sahtu_province,north_america,5,0.0,40034.738061997734,40034.738061997734,94034.73806199773
3346,olevsk_province,eastern_europe,4,2836.7998585378737,0.0,2836.7998585378737,93836.79985853788
3347,plzensko_province,western_europe,5,38.10680144600695,11586.576732352682,11624.683533798689,93624.68353379868
3348,murcia_province,western_europe,4,59517.328578782515,0.0,59517.328578782515,93517.32857878252
3349,lhato_province,east_asia,5,94.57066958772509,2150.8858266863995,2245.4564962741247,93245.45649627413
3350,changning_province,east_asia,4,5920.027176443157,27298.23444334319,33218.261619786346,93218.26161978634
3351,fenzhou_province,east_asia,4,10215.620575827556,0.0,10215.620575827556,93215.62057582755
3352,erri_province,north_asia,7,0.0,0.0,0.0,93000.0
3353,nantais_province,western_europe,5,6836.587351674277,0.0,6836.587351674277,92836.58735167427
3354,sutherland_province,western_europe,4,38.5608449794663,532.5157342683182,571.0765792477845,92571.07657924779
3355,stolp_province,western_europe,5,486.2167413464801,0.0,486.2167413464801,92486.21674134648
3356,bazadais_province,western_europe,5,11040.037443441444,0.0,11040.037443441444,92040.03744344144
3357,kuki_airani_province,pacific_islands,2,0.0,0.0,0.0,92000.0
3358,finnmark_province,western_europe,10,0.0,0.0,0.0,92000.0
3359,gastrikland_province,western_europe,4,1949.997390379803,37934.36738472381,39884.36477510362,91884.36477510362
3360,kletsk_province,eastern_europe,5,1772.0126237235402,0.0,1772.0126237235402,91772.01262372354
3361,nunatsiavut_province,north_america,11,0.0,2676.118438919474,2676.118438919474,91676.11843891948
3362,uppland_province,western_europe,7,1653.8488190044968,0.0,1653.8488190044968,91653.84881900449
3363,suffolk_province,western_europe,4,609.1138995621614,0.0,609.1138995621614,91609.11389956216
3364,lubeck_province,western_europe,5,540.2051447490373,0.0,540.2051447490373,91540.20514474904
3365,vilnius_province,eastern_europe,4,0.8689320790666606,10254.930600368254,10255.79953244732,91255.79953244732
3366,antwerp_province,western_europe,5,2162.276648944558,0.0,2162.276648944558,91162.27664894456
3367,spessart_province,western_europe,4,157.93978276875225,11850.767405323595,12008.707188092347,91008.70718809235
3368,tarsus_province,middle_east,4,0.0,0.0,0.0,91000.0
3369,guadalajara_province,western_europe,6,12862.795557563539,0.0,12862.795557563539,90862.79555756354
3370,puzhou_province,east_asia,4,23434.208539742387,0.0,23434.208539742387,90434.2085397424
3371,flaming_province,western_europe,6,9163.16927982714,0.0,9163.16927982714,90163.16927982714
3372,bayonne_province,western_europe,3,87.57087102706558,37934.76011550507,38022.330986532135,90022.33098653214
3373,shoromba_province,north_asia,6,0.0,0.0,0.0,90000.0
3374,hanover_province,western_europe,6,994.630661023379,0.0,994.630661023379,89994.63066102337
3375,pinzgau_province,western_europe,3,0.0,18963.06082970243,18963.06082970243,89963.06082970243
3376,pinsk_province,eastern_europe,5,1816.5900048631186,0.0,1816.5900048631186,89816.59000486312
3377,pirin_province,eastern_europe,5,1734.0896135373794,0.0,1734.0896135373794,89734.08961353738
3378,holstein_province,western_europe,8,2473.2882231184212,6086.003737421217,8559.291960539638,89559.29196053965
3379,northumberland_province,western_europe,5,121.12201322162375,18150.608178034796,18271.73019125642,89271.73019125641
3380,kuyavia_province,eastern_europe,5,3266.3554063247234,0.0,3266.3554063247234,89266.35540632473
3381,ichera_province,north_asia,5,134.1029332377352,10098.266833803997,10232.369767041731,89232.36976704173
3382,northamptonshire_province,western_europe,3,127.96384672418922,0.0,127.96384672418922,89127.96384672419
3383,chamdo_province,east_asia,3,0.0,13049.476551462116,13049.476551462116,89049.47655146211
3384,cizhou_province,east_asia,3,0.0,0.0,0.0,89000.0
3385,ilia_province,eastern_europe,3,41923.94476526078,0.0,41923.94476526078,88923.94476526078
3386,tajima_province,east_asia,3,8.624366144155797,42755.94726100724,42764.571627151396,88764.5716271514
3387,gevaudan_province,western_europe,4,67.1505038013262,6489.129357236871,6556.279861038197,88556.2798610382
3388,blekinge_province,western_europe,3,598.2670092574709,14902.181640857465,15500.448650114937,88500.44865011494
3389,allgau_province,western_europe,4,493.92263069281205,16971.58250684549,17465.505137538305,88465.5051375383
3390,znojemsko_province,western_europe,4,1675.0252719037912,2443.8368400535774,4118.862111957368,88118.86211195737
3391,orotko_province,north_asia,7,0.0,0.0,0.0,88000.0
3392,divrigi_province,middle_east,4,10823.53864861867,0.0,10823.53864861867,87823.53864861868
3393,pilzno_province,eastern_europe,5,1764.1291573952117,0.0,1764.1291573952117,87764.12915739522
3394,soissonais_province,western_europe,6,483.7383423345905,51.177456450203216,534.9157987847938,87534.91579878479
3395,beaujolais_province,western_europe,4,2822.3787749292455,9528.626149291378,12351.004924220622,87351.00492422062
3396,shenzhou_province,east_asia,4,15246.744834250165,0.0,15246.744834250165,87246.74483425017
3397,makarikha_procince,north_asia,6,192.5619646374806,41972.64329138814,42165.20525602563,87165.20525602563
3398,pumonte_province,western_europe,4,12837.737383789652,0.0,12837.737383789652,86837.73738378964
3399,norrejylland_province,western_europe,4,338.83839757431116,23300.334608016987,23639.173005591296,86639.17300559129
3400,lower_auvergne_province,western_europe,7,783.6489908929664,10585.259015447846,11368.908006340811,86368.90800634082
3401,eastern_sym_province,north_asia,8,124.70088097821882,6199.614379093293,6324.315260071511,86324.31526007151
3402,caux_province,western_europe,5,59.8526487487702,1015.9147056442239,1075.767354392994,86075.767354393
3403,east_peninsula_province,north_asia,8,0.0,0.0,0.0,86000.0
3404,gallura_province,western_europe,4,52902.0552672162,0.0,52902.0552672162,85902.0552672162
3405,ticino_province,western_europe,3,52.784023614045516,11619.38437640768,11672.168400021723,85672.16840002172
3406,aosta_province,western_europe,3,25.546472883437644,9170.950051012556,9196.496523895994,85196.49652389598
3407,tehor_province,east_asia,3,0.0,0.0,0.0,85000.0
3408,upper_amga_province,north_asia,7,0.0,0.0,0.0,85000.0
3409,opole_province,eastern_europe,6,1864.6849945032861,0.0,1864.6849945032861,84864.68499450329
3410,akershus_province,western_europe,3,50.21702061772113,32714.661197554567,32764.878218172285,84764.87821817229
3411,graubunden_province,western_europe,7,0.0,7703.02986530783,7703.02986530783,84703.02986530784
3412,darvaz_province,central_asia,4,0.0,23187.819879558905,23187.819879558905,84187.81987955891
3413,suizhou_henan_province,east_asia,4,12153.718974023164,0.0,12153.718974023164,84153.71897402317
3414,bazin_province,east_africa,3,32048.98752738114,0.0,32048.98752738114,84048.98752738113
3415,yushu_province,east_asia,6,0.0,0.0,0.0,84000.0
3416,bourbon_province,western_europe,7,1900.299261355602,0.0,1900.299261355602,83900.2992613556
3417,opavsko_province,eastern_europe,5,551.2578175672454,64.3041497488199,615.5619673160654,83615.56196731605
3418,western_gobi_province,east_asia,4,28515.838341809827,0.0,28515.838341809827,83515.83834180982
3419,ovruch_province,eastern_europe,6,1054.4914537454633,0.0,1054.4914537454633,83054.49145374546
3420,hohenloher_ebene_province,western_europe,4,48.7398792903496,0.0,48.7398792903496,83048.73987929034
3421,gniezno_province,eastern_europe,3,1975.9750081192958,0.0,1975.9750081192958,82975.97500811929
3422,overijssel_province,western_europe,4,882.3536303733117,10844.941600732458,11727.295231105769,82727.29523110577
3423,rogaland_province,western_europe,5,291.4413458119859,9321.607928484926,9613.04927429691,82613.0492742969
3424,gonjo_province,east_asia,4,0.0,14447.70954361391,14447.70954361391,82447.7095436139
3425,messenia_province,eastern_europe,4,6354.058015020294,0.0,6354.058015020294,82354.0580150203
3426,argolis_province,eastern_europe,4,20271.969638249997,0.0,20271.969638249997,82271.96963825
3427,plock_province,eastern_europe,4,2177.4525501907756,0.0,2177.4525501907756,82177.45255019078
3428,zagan_province,eastern_europe,4,1145.9597907158109,0.0,1145.9597907158109,82145.95979071582
3429,shropshire_province,western_europe,3,238.9700938299288,20785.78431732808,21024.75441115801,82024.754411158
3430,ambae_province,pacific_islands,5,0.0,0.0,0.0,82000.0
3431,gardr_province,western_europe,6,0.0,0.0,0.0,82000.0
3432,caozhou_province,east_asia,4,6859.717202861528,0.0,6859.717202861528,81859.71720286153
3433,mezen_province,eastern_europe,6,0.0,6570.099318322246,6570.099318322246,81570.09931832225
3434,bechinsko_province,western_europe,5,528.7570640914558,0.0,528.7570640914558,81528.75706409146
3435,gyahor_province,east_asia,7,1268.1285430448297,0.0,1268.1285430448297,81268.12854304483
3436,jiezhou_province,east_asia,3,129.85455641821417,0.0,129.85455641821417,81129.85455641821
3437,canik_province,middle_east,6,2121.3617850460496,0.0,2121.3617850460496,81121.36178504604
3438,rawa_province,eastern_europe,5,2083.133872419419,0.0,2083.133872419419,81083.13387241942
3439,chebsko_province,western_europe,3,58.862333008957506,0.0,58.862333008957506,81058.86233300896
3440,lena_province,north_asia,7,0.0,0.0,0.0,81000.0
3441,ponthieu_province,western_europe,4,929.9239849337314,0.0,929.9239849337314,80929.92398493373
3442,kalisz_province,eastern_europe,3,1903.375273661824,0.0,1903.375273661824,80903.37527366182
3443,dartsedo_province,east_asia,3,0.0,10543.873500892692,10543.873500892692,80543.87350089269
3444,hampshire_province,western_europe,6,468.128144394567,0.0,468.128144394567,80468.12814439458
3445,perigord_province,western_europe,5,7163.827450845199,286.5729626309578,7450.400413476156,80450.40041347616
3446,wielun_province,eastern_europe,3,1314.74262627006,0.0,1314.74262627006,80314.74262627006
3447,gyelrong_province,east_asia,5,0.0,3223.7238750729057,3223.7238750729057,80223.7238750729
3448,przemysl_province,eastern_europe,4,12.444319453802352,0.0,12.444319453802352,80012.4443194538
3449,sanok_province,eastern_europe,3,0.13817632905889962,0.0,0.13817632905889962,80000.13817632906
3450,ries_province,western_europe,6,228.57267370754406,0.0,228.57267370754406,79228.57267370755
3451,upper_maine_province,western_europe,5,1106.066014555913,0.0,1106.066014555913,79106.06601455591
3452,beira_baixa_province,western_europe,5,19094.67680504567,0.0,19094.67680504567,79094.67680504566
3453,deheubarth_province,western_europe,6,739.0001094877276,5095.86196393773,5834.862073425458,78834.86207342545
3454,siena_province,western_europe,3,3085.472125204194,39672.02138452874,42757.493509732936,78757.49350973294
3455,izu_province,east_asia,2,0.0,41699.686546484525,41699.686546484525,78699.68654648453
3456,shethanei_province,north_america,5,0.0,17213.01075450166,17213.01075450166,78213.01075450167
3457,schwerin_province,western_europe,8,2048.0274480451253,0.0,2048.0274480451253,78048.02744804513
3458,dikimdya_province,north_asia,6,0.0,0.0,0.0,78000.0
3459,kawesqar_province,south_america,8,0.0,0.0,0.0,78000.0
3460,inner_hebrides_province,western_europe,4,224.7560603790559,673.7566894537188,898.5127498327747,77898.51274983278
3461,taiping_guangxi_province,east_asia,5,1894.1913271564547,0.0,1894.1913271564547,77894.19132715646
3462,waldstatte_province,western_europe,4,35.844218448722216,17762.9302487975,17798.77446724622,77798.77446724623
3463,stettin_province,western_europe,5,1707.6619167289232,0.0,1707.6619167289232,77707.66191672892
3464,sogn_province,western_europe,7,0.0,1627.878870939771,1627.878870939771,77627.87887093978
3465,perugia_province,western_europe,3,5389.442741104196,33191.45608213112,38580.898823235315,77580.89882323531
3466,wuding_shandong_province,east_asia,4,6120.321572050604,0.0,6120.321572050604,77120.3215720506
3467,kraichgau_province,western_europe,4,5.734830144496352,0.0,5.734830144496352,77005.7348301445
3468,urasalaax_province,north_asia,7,0.0,0.0,0.0,77000.0
3469,bagatai_province,north_asia,7,0.0,0.0,0.0,77000.0
3470,caniapiscau_province,north_america,11,0.0,0.0,0.0,77000.0
3471,auxerrois_province,western_europe,6,2572.5377982458904,1243.079567953067,3815.6173661989574,76815.61736619896
3472,marittima_province,western_europe,3,31889.314464391628,21777.021400744194,53666.33586513582,76666.33586513583
3473,attawapiskat_province,north_america,5,0.0,3519.8291426419173,3519.8291426419173,76519.82914264192
3474,hegau_province,western_europe,4,731.2124296059362,6781.904885413887,7513.117315019824,76513.11731501983
3475,herefordshire_province,western_europe,3,133.60539387777573,1360.1065630919625,1493.7119569697381,76493.71195696974
3476,gwichin_province,north_america,5,0.0,19473.71836474205,19473.71836474205,76473.71836474205
3477,ostwestphalia_province,western_europe,3,423.9301022093494,0.0,423.9301022093494,76423.93010220934
3478,koln_bucht_province,western_europe,4,304.26856095471715,0.0,304.26856095471715,76304.26856095472
3479,gwynedd_province,western_europe,7,187.36862877100128,8938.148257727731,9125.516886498732,76125.51688649874
3480,trakai_province,eastern_europe,4,24.077671956898527,0.0,24.077671956898527,76024.0776719569
3481,uyaancii_province,north_asia,8,0.0,0.0,0.0,76000.0
3482,powys_province,western_europe,3,214.83630628239854,4705.014983141765,4919.851289424163,75919.85128942416
3483,shanzhou_shandong_province,east_asia,3,51531.05347172748,0.0,51531.05347172748,75531.05347172747
3484,upper_prussia_province,eastern_europe,5,3442.479125212937,0.0,3442.479125212937,75442.47912521294
3485,uckermark_province,western_europe,3,3403.9558683009063,0.0,3403.9558683009063,75403.9558683009
3486,principato_citra_province,western_europe,4,3301.6491192197605,0.0,3301.6491192197605,75301.64911921976
3487,tavuavua_province,pacific_islands,3,0.0,0.0,0.0,75000.0
3488,west_peninsula_province,north_asia,7,0.0,0.0,0.0,75000.0
3489,swidnica_province,eastern_europe,5,757.029200865254,0.0,757.029200865254,74757.02920086525
3490,autunnais_province,western_europe,5,1462.1110214666314,1956.410921944284,3418.5219434109154,74418.52194341092
3491,bul_bukhta_province,north_asia,6,0.0,2372.9686051178464,2372.9686051178464,74372.96860511784
3492,franconian_alb_province,western_europe,5,329.21287306763054,0.0,329.21287306763054,74329.21287306763
3493,amga_province,north_asia,6,0.0,0.0,0.0,74000.0
3494,aldan_province,north_asia,7,0.0,0.0,0.0,74000.0
3495,daylam_province,middle_east,4,0.0,0.0,0.0,74000.0
3496,tatta_province,north_asia,6,0.0,0.0,0.0,74000.0
3497,gatinais_province,western_europe,3,2259.7125618896275,0.0,2259.7125618896275,73259.71256188962
3498,dippa_province,north_asia,7,0.0,0.0,0.0,73000.0
3499,south_farthing,western_europe,6,0.0,0.0,0.0,73000.0
3500,aargau_province,western_europe,4,383.84266984579807,20599.797224195754,20983.639894041553,72983.63989404155
3501,lule_lappmark_province,western_europe,6,12.10425236971254,1728.5243304777173,1740.62858284743,72740.62858284742
3502,legnica_province,eastern_europe,5,645.5163084070899,0.0,645.5163084070899,72645.5163084071
3503,zamora_province,western_europe,4,19444.885764104532,0.0,19444.885764104532,72444.88576410453
3504,cambridgeshire_province,western_europe,4,410.6384931531979,0.0,410.6384931531979,72410.6384931532
3505,ommelanden_province,western_europe,3,79.49764230864403,0.0,79.49764230864403,72079.49764230865
3506,east_riding_province,western_europe,4,1570.2996936218453,14438.805474056448,16009.105167678292,72009.1051676783
3507,north_onmilin_province,north_asia,8,0.0,0.0,0.0,72000.0
3508,hunza,south_asia,4,0.0,0.0,0.0,72000.0
3509,bayerischer_wald_province,western_europe,4,113.94367201908588,5696.993421231404,5810.937093250489,71810.9370932505
3510,strathclyde_province,western_europe,4,204.171826860446,18369.097501652483,18573.26932851293,71573.26932851294
3511,cheshire_province,western_europe,3,234.7070407612853,31074.300715336518,31309.007756097802,71309.0077560978
3512,samoa_province,pacific_islands,2,0.0,0.0,0.0,71000.0
3513,jamtland_province,western_europe,8,0.0,3765.429569515206,3765.429569515206,70765.42956951521
3514,valtellina_province,western_europe,3,0.0,11613.975589722264,11613.975589722264,70613.97558972226
3515,antrim_province,western_europe,5,161.6693634406523,12441.377193685898,12603.04655712655,70603.04655712655
3516,radom_province,eastern_europe,5,168.18986353507853,0.0,168.18986353507853,70168.18986353508
3517,xamaxar_province,north_asia,10,0.0,0.0,0.0,70000.0
3518,ratak_province,pacific_islands,10,0.0,0.0,0.0,70000.0
3519,leczyca_province,eastern_europe,4,2147.899038776263,0.0,2147.899038776263,69147.89903877626
3520,clare_province,western_europe,3,94.32574124870501,30706.655749526966,30800.98149077567,68800.98149077567
3521,valencia_province,western_europe,4,6634.408932557753,0.0,6634.408932557753,68634.40893255775
3522,avaria_province,eastern_europe,4,0.0,23610.232870425196,23610.232870425196,68610.2328704252
3523,wetarhoo_province,north_america,2,26567.52382761668,0.0,26567.52382761668,68567.52382761668
3524,luzhou_sichuan_province,east_asia,4,23550.855979220385,0.0,23550.855979220385,68550.85597922037
3525,wiltshire_province,western_europe,4,345.0209924100709,0.0,345.0209924100709,68345.02099241008
3526,kuloy_province,eastern_europe,4,0.0,7182.523419485684,7182.523419485684,68182.52341948569
3527,ryuukyuu_province,east_asia,3,163.90239407409607,0.0,163.90239407409607,68163.9023940741
3528,sarikol_province,east_asia,3,0.0,12799.663249797342,12799.663249797342,67799.66324979733
3529,mangyul_province,east_asia,5,0.0,4473.339202436506,4473.339202436506,67473.3392024365
3530,chelmno_province,eastern_europe,5,4465.921543248317,0.0,4465.921543248317,67465.92154324832
3531,pingliang_province,east_asia,3,185.7956479834999,0.0,185.7956479834999,67185.7956479835
3532,suullar_myraan_province,north_asia,7,0.0,0.0,0.0,67000.0
3533,central_omok_province,north_asia,6,0.0,0.0,0.0,67000.0
3534,oberwallis_province,western_europe,4,13.473107685252277,21787.902520646338,21801.37562833159,66801.37562833159
3535,lower_maine_province,western_europe,4,2326.809318998527,0.0,2326.809318998527,66326.80931899852
3536,down_province,western_europe,3,842.5482158577677,5404.37421784554,6246.922433703308,66246.92243370331
3537,bologna_province,western_europe,3,21859.586171985393,0.0,21859.586171985393,65859.5861719854
3538,yuanjiang_province,east_asia,3,0.0,22635.64029752695,22635.64029752695,65635.64029752694
3539,tuyodakh_province,north_asia,7,0.0,0.0,0.0,65000.0
3540,kugmiut_province,north_america,5,0.0,0.0,0.0,65000.0
3541,lungxa_province,north_asia,7,0.0,0.0,0.0,65000.0
3542,slesvig_province,western_europe,4,621.9222772118297,3318.162497022705,3940.0847742345345,64940.084774234536
3543,donegal_province,western_europe,4,522.0595705717017,20262.922245137976,20784.981815709674,64784.981815709674
3544,lower_artois_province,western_europe,4,940.3740809302961,1237.0884423657517,2177.462523296048,64177.462523296046
3545,cornwall_province,western_europe,3,579.7003376843385,2568.565453483188,3148.2657911675265,64148.265791167534
3546,rethelois_province,western_europe,4,649.4354065226635,9347.647684322485,9997.083090845148,63997.083090845146
3547,outer_hebrides_province,western_europe,4,138.20498676692407,621.459245429442,759.664232196366,63759.664232196366
3548,remois_province,western_europe,5,783.4364459263713,8842.310630315376,9625.747076241749,63625.74707624175
3549,cornouaille_province,western_europe,5,1294.969380845016,17.00134123234971,1311.9707220773657,63311.97072207737
3550,ubiqua_province,southern_africa,4,4280.456141099358,0.0,4280.456141099358,63280.45614109936
3551,kazym_province,north_asia,4,12.265734761055315,5067.151381234806,5079.4171159958605,63079.417115995864
3552,vogtland_province,western_europe,4,25.808753736673303,0.0,25.808753736673303,63025.808753736674
3553,mushuau_province,north_america,9,0.0,0.0,0.0,63000.0
3554,uchami_province,north_asia,9,0.0,0.0,0.0,63000.0
3555,ralik_province,pacific_islands,9,0.0,0.0,0.0,63000.0
3556,east_omok_province,north_asia,5,0.0,0.0,0.0,63000.0
3557,waterford_province,western_europe,3,4.7338149374250005,36431.6014240671,36436.33523900452,62436.335239004526
3558,indigirka_province,north_asia,6,0.0,0.0,0.0,62000.0
3559,south_alais_province,north_asia,6,0.0,0.0,0.0,62000.0
3560,changtang_province,east_asia,8,0.0,0.0,0.0,62000.0
3561,oxfordshire_province,western_europe,3,595.491025796133,0.0,595.491025796133,61595.49102579613
3562,perche_province,western_europe,4,474.28869504296983,0.0,474.28869504296983,61474.288695042975
3563,millieu_province,western_europe,3,1189.3262670275685,29850.152323598326,31039.47859062589,61039.47859062589
3564,balti_province,east_asia,3,0.0,0.0,0.0,61000.0
3565,vorarlberg_province,western_europe,3,228.393261239067,17610.093875272498,17838.48713651156,60838.48713651157
3566,bazhou_province,east_asia,3,4500.69415118586,0.0,4500.69415118586,59500.69415118586
3567,north_yandin_province,north_asia,8,0.0,0.0,0.0,59000.0
3568,unaligmiut_province,north_america,6,0.0,6990.886631985717,6990.886631985717,58990.88663198572
3569,tyrone_province,western_europe,5,495.7086703928196,4324.90048192467,4820.60915231749,58820.60915231749
3570,barrois_province,western_europe,4,1030.6265817526312,6544.2278165295,7574.85439828213,58574.85439828213
3571,salamanca_province,western_europe,5,8452.851832086515,0.0,8452.851832086515,58452.85183208651
3572,erzgebirge_province,western_europe,5,173.20028893899635,0.0,173.20028893899635,58173.200288939
3573,drohobych_province,eastern_europe,4,549.308381201126,6612.006880975776,7161.315262176901,58161.315262176904
3574,tauberfranken_province,western_europe,6,126.44035660794029,0.0,126.44035660794029,58126.44035660794
3575,siniaia_province,north_asia,6,0.0,0.0,0.0,58000.0
3576,khandyga_province,north_asia,6,0.0,0.0,0.0,58000.0
3577,munsterland_province,western_europe,5,2816.4892889723637,0.0,2816.4892889723637,57816.489288972356
3578,untermain_province,western_europe,5,182.89974289675004,429.3996481736421,612.2993910703922,57612.299391070395
3579,loon_province,western_europe,3,1420.537774953124,0.0,1420.537774953124,57420.53777495312
3580,cheke_holo_province,pacific_islands,1,0.0,34231.443708362734,34231.443708362734,57231.443708362734
3581,arborea_province,western_europe,4,20044.465234183524,0.0,20044.465234183524,57044.465234183524
3582,tungaru_province,pacific_islands,8,0.0,0.0,0.0,57000.0
3583,north_kolyma_province,north_asia,7,0.0,0.0,0.0,57000.0
3584,tongchuan_province,east_asia,4,11644.357116793053,0.0,11644.357116793053,56644.35711679305
3585,derry_province,western_europe,3,17.050722520396437,5592.11460011959,5609.165322639987,56609.16532263999
3586,west_asturias_province,western_europe,4,210.00286531884387,4134.3221657493905,4344.325031068234,56344.325031068234
3587,okam_province,north_asia,7,3.3754857731337045,0.0,3.3754857731337045,56003.37548577313
3588,anaabyr_province,north_asia,8,0.0,0.0,0.0,56000.0
3589,nubhor_province,east_asia,8,0.0,0.0,0.0,56000.0
3590,kustuur_province,north_asia,8,0.0,0.0,0.0,56000.0
3591,anauls_province,north_asia,8,0.0,0.0,0.0,56000.0
3592,aikhal_province,north_asia,8,0.0,0.0,0.0,56000.0
3593,rutok_province,east_asia,8,0.0,0.0,0.0,56000.0
3594,nyang_province,east_asia,3,0.0,1808.0692540843597,1808.0692540843597,55808.06925408436
3595,drenthe_province,western_europe,3,213.87021309020875,21313.32036731453,21527.19058040474,55527.19058040474
3596,white_karelia_province,western_europe,5,0.0,2206.3916369188883,2206.3916369188883,55206.39163691889
3597,biryuk_province,north_asia,6,0.0,10009.453283449511,10009.453283449511,55009.45328344951
3598,satsunan_islands_province,east_asia,2,0.0,0.0,0.0,55000.0
3599,jining_province,east_asia,4,13886.570780818505,0.0,13886.570780818505,54886.57078081851
3600,manus_province,pacific_islands,3,2511.229560822391,0.0,2511.229560822391,54511.229560822394
3601,foix_province,western_europe,3,2284.144397995574,0.0,2284.144397995574,54284.14439799557
3602,ungunniavik_province,north_america,7,0.0,0.0,0.0,54000.0
3603,tongatapu_province,pacific_islands,1,0.0,0.0,0.0,54000.0
3604,comminges_province,western_europe,4,1603.4675859647666,0.0,1603.4675859647666,53603.46758596477
3605,champagne_province,western_europe,3,991.70098119661,26.20635706827099,1017.907338264881,53017.90733826488
3606,koksoak_province,north_america,6,0.0,0.0,0.0,53000.0
3607,golog_province,east_asia,5,0.0,0.0,0.0,53000.0
3608,tuamotu_province,pacific_islands,2,0.0,0.0,0.0,53000.0
3609,upper_lena_province,north_asia,6,0.0,0.0,0.0,53000.0
3610,yuryakh_province,north_asia,7,0.0,0.0,0.0,53000.0
3611,calatayud_province,western_europe,4,13994.509164752983,0.0,13994.509164752983,52994.509164752984
3612,semigalia_province,eastern_europe,4,1222.3819702548367,15576.001387859184,16798.38335811402,52798.38335811402
3613,jindong_province,east_asia,3,0.0,8564.375917650874,8564.375917650874,52564.375917650876
3614,quercy_province,western_europe,4,564.9351078272404,825.6064084247031,1390.5415162519434,52390.54151625194
3615,konin_province,eastern_europe,3,2215.4575772097005,0.0,2215.4575772097005,52215.4575772097
3616,buckinghamshire_province,western_europe,3,138.2287759975752,0.0,138.2287759975752,52138.22877599757
3617,attu_province,north_america,6,0.0,0.0,0.0,52000.0
3618,icel_province,middle_east,4,0.0,0.0,0.0,52000.0
3619,kolyma_province,north_asia,7,0.0,0.0,0.0,52000.0
3620,aller_province,western_europe,5,627.4741956529828,280.4127952750252,907.8869909280079,51907.886990928004
3621,vawkavysk_province,eastern_europe,3,581.6680918463526,0.0,581.6680918463526,51581.66809184635
3622,ladakh_province,east_asia,6,252.2568227978877,0.0,252.2568227978877,51252.25682279789
3623,dubawnt_province,north_america,4,0.0,10134.546192411377,10134.546192411377,51134.54619241138
3624,muhlviertel_province,western_europe,3,2.89369455398388,3028.270569172225,3031.1642637262084,51031.16426372621
3625,longan_province,east_asia,3,0.0,0.0,0.0,51000.0
3626,troms_province,western_europe,5,0.0,0.0,0.0,51000.0
3627,central_alyutor_province,north_asia,5,0.0,0.0,0.0,51000.0
3628,teruel_province,western_europe,4,3920.0148459573934,0.0,3920.0148459573934,50920.0148459574
3629,angouleme_province,western_europe,3,6854.090010282903,0.0,6854.090010282903,50854.090010282904
3630,brunswick_province,western_europe,5,495.82708182705267,0.0,495.82708182705267,50495.827081827054
3631,lower_alsace_province,western_europe,5,381.7000667199004,0.0,381.7000667199004,50381.7000667199
3632,unter_dem_wienerwald_province,western_europe,3,10300.230210720729,0.0,10300.230210720729,50300.23021072073
3633,binzhou_province,east_asia,4,5294.020497860068,0.0,5294.020497860068,50294.02049786007
3634,south_onmilin_province,north_asia,7,0.0,0.0,0.0,50000.0
3635,fengzhou_province,east_asia,3,0.0,0.0,0.0,50000.0
3636,east_asturias_province,western_europe,4,649.8447207601686,0.0,649.8447207601686,49649.84472076017
3637,qianzhou_province,east_asia,3,2406.2699475753143,0.0,2406.2699475753143,49406.26994757531
3638,guahan_province,pacific_islands,2,345.74399959698786,0.0,345.74399959698786,49345.74399959699
3639,warsaw_province,eastern_europe,4,145.34532682468765,0.0,145.34532682468765,49145.34532682469
3640,prignitz_province,western_europe,5,3040.257023594905,0.0,3040.257023594905,49040.2570235949
3641,ashmyany_province,eastern_europe,4,0.6243746061449136,0.0,0.6243746061449136,49000.624374606145
3642,syuldyukar_province,north_asia,7,0.0,0.0,0.0,49000.0
3643,irelyakh_province,north_asia,7,0.0,0.0,0.0,49000.0
3644,botomoyu_province,north_asia,7,0.0,0.0,0.0,49000.0
3645,ecigeen_province,north_asia,7,0.0,0.0,0.0,49000.0
3646,nelgehe_province,north_asia,7,0.0,0.0,0.0,49000.0
3647,vestribygd,western_europe,6,0.0,0.0,0.0,49000.0
3648,kuhuur_province,north_asia,7,0.0,0.0,0.0,49000.0
3649,olyuben_province,north_asia,7,0.0,0.0,0.0,49000.0
3650,upper_kolyma_province,north_asia,7,0.0,0.0,0.0,49000.0
3651,orotukan_province,north_asia,7,0.0,0.0,0.0,49000.0
3652,sartang_province,north_asia,7,0.0,0.0,0.0,49000.0
3653,marxa_province,north_asia,7,0.0,0.0,0.0,49000.0
3654,vilyuy_province,north_asia,7,0.0,0.0,0.0,49000.0
3655,irakinda_province,north_asia,7,0.0,0.0,0.0,49000.0
3656,makira_province,pacific_islands,1,0.0,2560.356027328827,2560.356027328827,48560.356027328824
3657,ciechanow_province,eastern_europe,4,508.9068344679901,0.0,508.9068344679901,48508.90683446799
3658,boleslavsko_province,western_europe,3,183.34785371316377,21238.647382316813,21421.99523602998,48421.99523602998
3659,shima_province,east_asia,2,327.1093523713051,11975.5312285427,12302.640580914007,48302.640580914005
3660,znin_province,eastern_europe,3,2121.1128533990927,0.0,2121.1128533990927,48121.11285339909
3661,slonin_province,eastern_europe,4,72.4671913723653,0.0,72.4671913723653,48072.467191372365
3662,bermuda_province,north_atlantic_ocean_sub_continent,1,0.0,0.0,0.0,47000.0
3663,principato_ultra_province,western_europe,4,831.8565923725735,0.0,831.8565923725735,46831.85659237257
3664,oberpfalzer_wald_province,western_europe,5,182.16439202294168,1489.3840848741042,1671.548476897046,46671.54847689705
3665,tananacross_province,north_america,3,0.0,11374.262575741403,11374.262575741403,46374.262575741406
3666,reggioem_province,western_europe,3,7361.130815360601,1008.2877995263564,8369.418614886958,46369.41861488696
3667,surrey_province,western_europe,3,212.58216724888402,0.0,212.58216724888402,46212.58216724888
3668,south_yandin_province,north_asia,6,0.0,0.0,0.0,46000.0
3669,west_omok_province,north_asia,6,0.0,0.0,0.0,46000.0
3670,south_sahtu_province,north_america,5,7.772553701612929,508.876303164406,516.648856866019,45516.64885686602
3671,ross_province,western_europe,3,24.16050130081717,279.44209372139363,303.6025950222108,45303.60259502221
3672,sakishima_islands_province,east_asia,3,2169.2026944163936,0.0,2169.2026944163936,45169.202694416395
3673,berkshire_province,western_europe,3,143.95876227546012,0.0,143.95876227546012,45143.95876227546
3674,guge_province,east_asia,3,103.40600302519218,1001.9874210680671,1105.3934240932592,45105.39342409326
3675,prachensko_province,western_europe,3,3.9762261034028743,0.0,3.9762261034028743,45003.976226103405
3676,lida_province,eastern_europe,4,1.0831509096727647,0.0,1.0831509096727647,45001.083150909675
3677,lake_alais_province,north_asia,6,0.0,0.0,0.0,45000.0
3678,minzhou_province,east_asia,3,0.0,0.0,0.0,45000.0
3679,perthois_province,western_europe,4,1207.9359610122342,4756.496230786982,5964.4321917992165,44964.43219179922
3680,slutsk_province,eastern_europe,4,641.9526992362116,0.0,641.9526992362116,44641.95269923621
3681,yakutia_province,north_asia,6,0.0,0.0,0.0,44000.0
3682,pite_lappmark_province,western_europe,4,0.0,0.0,0.0,44000.0
3683,ulaxan_province,north_asia,6,0.0,0.0,0.0,44000.0
3684,oberinntal_province,western_europe,3,0.8400443786545176,9726.235069770726,9727.07511414938,43727.07511414938
3685,northern_isles_province,western_europe,3,0.0,1298.3540318673358,1298.3540318673358,43298.35403186733
3686,vermandois_province,western_europe,3,932.1310251851588,0.0,932.1310251851588,42932.13102518516
3687,castres_province,western_europe,3,1368.179421562318,8407.45635111064,9775.63577267296,42775.63577267296
3688,fife_province,western_europe,3,500.7672562795793,12882.796728562971,13383.56398484255,42383.56398484255
3689,pongau_province,western_europe,3,0.0,7263.188597097749,7263.188597097749,42263.188597097746
3690,ynakhsyt_province,north_asia,6,0.0,0.0,0.0,42000.0
3691,qikiqtaaluk_province,north_america,6,0.0,0.0,0.0,42000.0
3692,xatii_province,north_asia,6,0.0,0.0,0.0,42000.0
3693,ayan_mai_province,north_asia,6,0.0,0.0,0.0,42000.0
3694,west_koryak_province,north_asia,6,0.0,0.0,0.0,42000.0
3695,yana_province,north_asia,6,0.0,0.0,0.0,42000.0
3696,agayakan_province,north_asia,6,0.0,0.0,0.0,42000.0
3697,sangaar_province,north_asia,6,0.0,0.0,0.0,42000.0
3698,omchikan_province,north_asia,6,0.0,0.0,0.0,42000.0
3699,ogonok_province,north_asia,6,0.0,0.0,0.0,42000.0
3700,pocutia_province,eastern_europe,4,449.9592445985062,425.9327761019193,875.8920207004255,41875.89202070043
3701,hertfordshire_province,western_europe,2,100.33523446792668,0.0,100.33523446792668,41100.33523446793
3702,pagsho_province,east_asia,3,0.0,2009.9225207516556,2009.9225207516556,41009.92252075166
3703,tsushima_province,east_asia,2,7.2304332112164795,0.0,7.2304332112164795,41007.23043321122
3704,namru_province,east_asia,5,0.0,0.0,0.0,41000.0
3705,arcadia_province,eastern_europe,3,5848.372041075495,0.0,5848.372041075495,40848.37204107549
3706,east_friesland_province,western_europe,4,569.046657074744,656.6377051611092,1225.6843622358533,40225.68436223586
3707,sado_province,east_asia,2,209.0385101237918,0.0,209.0385101237918,40209.03851012379
3708,wakhan_province,central_asia,4,0.0,157.8185967323672,157.8185967323672,40157.818596732366
3709,naktsang_province,east_asia,3,0.0,0.0,0.0,40000.0
3710,guangyuan_province,east_asia,3,0.0,0.0,0.0,40000.0
3711,zangskar_province,east_asia,3,0.0,0.0,0.0,40000.0
3712,malemiut_province,north_america,5,0.0,0.0,0.0,40000.0
3713,kunovat_province,north_asia,4,0.0,0.0,0.0,40000.0
3714,brecon_province,western_europe,3,201.88849671460065,3705.6091519166725,3907.4976486312735,39907.49764863127
3715,zhydachiv_province,eastern_europe,3,436.981571296973,8751.635509261489,9188.617080558462,39188.617080558455
3716,gotland_province,western_europe,3,2014.78076157054,0.0,2014.78076157054,39014.78076157054
3717,coastal_chuvan_province,north_asia,5,0.0,0.0,0.0,39000.0
3718,mountain_chuvan_province,north_asia,5,0.0,0.0,0.0,39000.0
3719,zatecko_province,western_europe,3,0.0,0.0,0.0,39000.0
3720,baoning_province,east_asia,3,598.9982900084307,0.0,598.9982900084307,38598.99829000843
3721,suwalki_province,eastern_europe,3,23.89944881019737,0.0,23.89944881019737,38023.899448810196
3722,south_chuvan_province,north_asia,5,0.0,0.0,0.0,38000.0
3723,north_farthing,western_europe,5,0.0,0.0,0.0,38000.0
3724,raeffsky_province,pacific_islands,5,0.0,0.0,0.0,37000.0
3725,fakarava_province,pacific_islands,5,0.0,0.0,0.0,37000.0
3726,erg_selima_province,east_africa,1,14848.029823430476,0.0,14848.029823430476,36848.02982343048
3727,upper_auvergne_province,western_europe,3,8.254751257164214,12834.208064675748,12842.462815932911,36842.462815932915
3728,leicestershire_province,western_europe,4,313.08401766911345,1821.163083192266,2134.2471008613793,36134.24710086138
3729,odenwald_province,western_europe,4,61.38961655889825,0.0,61.38961655889825,36061.389616558896
3730,dingri_province,east_asia,5,0.3010806018884046,0.0,0.3010806018884046,36000.30108060189
3731,tetepare_province,pacific_islands,2,0.0,4383.221627930139,4383.221627930139,35383.221627930136
3732,lomza_province,eastern_europe,5,54.84092331717973,0.0,54.84092331717973,35054.840923317184
3733,niue_province,pacific_islands,1,0.0,0.0,0.0,35000.0
3734,tursujuq_province,north_america,5,0.0,0.0,0.0,35000.0
3735,lower_mackenzie_province,north_america,5,0.0,0.0,0.0,35000.0
3736,north_sahtu_province,north_america,5,0.0,0.0,0.0,35000.0
3737,north_alais_province,north_asia,5,0.0,0.0,0.0,35000.0
3738,east_koryak_province,north_asia,5,0.0,0.0,0.0,35000.0
3739,michikamau_province,north_america,5,0.0,0.0,0.0,35000.0
3740,litomericko_province,western_europe,3,207.6018341963416,314.0752162229134,521.677050419255,34521.677050419254
3741,bergisches_land_province,western_europe,4,33.84176945455727,2371.596430084399,2405.438199538956,34405.438199538956
3742,ober_dem_manhartsberg_province,western_europe,4,258.4836901464552,0.0,258.4836901464552,34258.48369014646
3743,dudinka_province,north_asia,4,0.0,0.0,0.0,34000.0
3744,akele_guzai_province,east_africa,3,4694.839518188404,0.0,4694.839518188404,33694.839518188404
3745,sussex_province,western_europe,4,1416.5728531786363,0.0,1416.5728531786363,33416.57285317864
3746,frankenwald_province,western_europe,3,135.17927150928355,0.0,135.17927150928355,33135.17927150928
3747,bedfordshire_province,western_europe,2,214.90621813304438,0.0,214.90621813304438,32214.906218133045
3748,westmorland_province,western_europe,2,1014.6965284648035,8076.647838085661,9091.344366550464,32091.344366550467
3749,purang_province,east_asia,4,0.0,0.0,0.0,32000.0
3750,maldives_province,south_asia,4,0.0,0.0,0.0,32000.0
3751,ling_province,east_asia,4,0.0,0.0,0.0,32000.0
3752,spiti_province,east_asia,3,0.0,567.3682579824828,567.3682579824828,31567.36825798248
3753,sarregueminois_province,western_europe,4,564.1751146463727,0.0,564.1751146463727,31564.175114646372
3754,naklo_province,eastern_europe,3,3172.957673445453,0.0,3172.957673445453,31172.957673445453
3755,kamisak_province,north_america,4,0.0,0.0,0.0,31000.0
3756,nganaa_nui_province,pacific_islands,4,0.0,0.0,0.0,30000.0
3757,kavagmiut_province,north_america,4,0.0,0.0,0.0,30000.0
3758,izhma_province,eastern_europe,3,1.4682579600741654,395.65618940746737,397.1244473675415,29397.12444736754
3759,vannetais_province,western_europe,3,3701.6617361855638,183.13252220006575,3884.7942583856293,28884.794258385627
3760,nadym_province,north_asia,4,0.0,0.0,0.0,28000.0
3761,tlicho_province,north_america,4,0.0,0.0,0.0,28000.0
3762,wecho_province,north_america,4,0.0,0.0,0.0,28000.0
3763,thaolintoa_province,north_america,4,0.0,0.0,0.0,28000.0
3764,west_farthing,western_europe,4,0.0,0.0,0.0,28000.0
3765,falklands_province,south_america,2,0.0,0.0,0.0,28000.0
3766,choiseul_province,pacific_islands,1,0.0,17375.253909617637,17375.253909617637,27375.253909617637
3767,middle_settlement,western_europe,3,0.0,0.0,0.0,27000.0
3768,pyzdry_province,eastern_europe,3,4471.919570475589,0.0,4471.919570475589,25471.919570475588
3769,kumkol_province,east_asia,3,0.0,0.0,0.0,25000.0
3770,akimiski_province,north_america,3,0.0,0.0,0.0,25000.0
3771,huozhou_province,east_asia,3,411.36770810676785,0.0,411.36770810676785,24411.367708106765
3772,rekohu_province,australasia,1,0.0,0.0,0.0,24000.0
3773,dobrzyn_province,eastern_europe,3,1479.169530043608,0.0,1479.169530043608,22479.169530043608
3774,nottinghamshire_province,western_europe,3,446.43839179861754,0.0,446.43839179861754,22446.438391798616
3775,julich_province,western_europe,3,189.02281602683465,0.0,189.02281602683465,22189.022816026834
3776,yap_province,pacific_islands,3,0.0,0.0,0.0,22000.0
3777,middlesex_province,western_europe,3,193.73889286285896,0.0,193.73889286285896,21193.738892862857
3778,lungkha_province,east_asia,3,0.0,0.0,0.0,21000.0
3779,obdorsk_province,north_asia,3,0.0,0.0,0.0,21000.0
3780,vorkuta_province,eastern_europe,3,0.0,0.0,0.0,21000.0
3781,aono_raina_province,pacific_islands,3,0.0,0.0,0.0,21000.0
3782,nakchukha_province,east_asia,3,0.0,0.0,0.0,21000.0
3783,coppermine_province,north_america,3,0.0,0.0,0.0,21000.0
3784,mangazeya_province,north_asia,3,0.0,0.0,0.0,21000.0
3785,voikar_province,north_asia,3,0.0,0.0,0.0,21000.0
3786,arutua_province,pacific_islands,3,0.0,0.0,0.0,21000.0
3787,mwotlap_province,pacific_islands,2,0.0,0.0,0.0,19000.0
3788,nia_matai_ma_province,pacific_islands,1,0.0,0.0,0.0,18000.0
3789,te_henua_enana_province,pacific_islands,2,0.0,0.0,0.0,17000.0
3790,king_george_province,pacific_islands,2,0.0,0.0,0.0,15000.0
3791,mu_ngava_province,pacific_islands,1,0.0,0.0,0.0,15000.0
3792,worcestershire_province,western_europe,2,113.44101959077426,0.0,113.44101959077426,14113.441019590773
3793,pattiw_province,pacific_islands,2,0.0,0.0,0.0,14000.0
3794,chuuk_province,pacific_islands,2,0.0,0.0,0.0,14000.0
3795,temotu_province,pacific_islands,2,0.0,0.0,0.0,14000.0
3796,raro_matai_ma_province,pacific_islands,2,0.0,0.0,0.0,14000.0
3797,tuvalu_province,pacific_islands,2,0.0,0.0,0.0,14000.0
3798,rangiroa_province,pacific_islands,2,0.0,0.0,0.0,14000.0
3799,madeira_province,north_africa,1,1090.8049659236485,0.0,1090.8049659236485,8090.8049659236485
3800,pohnpei_province,pacific_islands,1,0.0,0.0,0.0,8000.0
3801,vava_province,pacific_islands,1,0.0,0.0,0.0,8000.0
3802,bougainville_province,pacific_islands,1,0.0,0.0,0.0,8000.0
3803,futuna_province,pacific_islands,1,0.0,0.0,0.0,8000.0
3804,saint_helena_province,south_atlantic_sub_continent,1,0.0,0.0,0.0,7000.0
3805,vauvau_province,pacific_islands,1,0.0,0.0,0.0,7000.0
3806,hikueru_province,pacific_islands,1,0.0,0.0,0.0,7000.0
3807,kosrae_province,pacific_islands,1,0.0,0.0,0.0,7000.0
3808,laccadive_province,south_asia,1,0.0,0.0,0.0,7000.0
3809,outter_islands_province,east_africa,1,0.0,0.0,0.0,7000.0
3810,mangareva_province,pacific_islands,1,0.0,0.0,0.0,7000.0
3811,papakena_province,pacific_islands,1,0.0,0.0,0.0,7000.0
3812,tokelau_province,pacific_islands,1,0.0,0.0,0.0,7000.0
3813,haapai_province,pacific_islands,1,0.0,0.0,0.0,7000.0
3814,tutuila_province,pacific_islands,1,0.0,0.0,0.0,7000.0
3815,rapa_nui_province,pacific_islands,1,0.0,0.0,0.0,7000.0
3816,haorangi_province,pacific_islands,1,0.0,0.0,0.0,7000.0
3817,motu_maha_province,australasia,1,0.0,0.0,0.0,7000.0
3818,belau_province,pacific_islands,1,0.0,0.0,0.0,7000.0
3819,nukutavake_province,pacific_islands,1,0.0,0.0,0.0,7000.0
