location_tag,population_capacity
a_keis,11
a_taw_bun_kut_en,26
aa_kw,22
aabenraa,18
aaboukingon,103
aachen,11
aahkawiraahkata,123
aahkawirahkata,81
aakhoe,313
aaku,155
aalborg,19
aalst,14
aankwaahsakwa,97
aarau,59
aarhus,36
aashbikkaashee,84
aashbiliihkupe,83
aashise,80
aays,81
aba_al_qur,1
abacoa,92
abadan,2
abadeh,2
abadeh_tashk,6
abaga,11
abagaita,196
abaiang_atoll,11
abakasnk,71
abala,26
abalak,5
abalessa,11
aban,80
abare_i,107
abarkuh,1
abashiri,12
abau,53
abbeville,12
abdanan,52
abdas,40
abdulino,53
abe,62
abemama_atoll,11
abengourou,144
aberdeen,1
aberfeldy,1
aberystwyth,2
abesehir,312
abha,45
abhar,30
abihka,55
abil,2
abimatinu,19
abingdon,12
abisko,1
abitau,11
abiward,31
abiy_addi,35
abiz,17
abo,8
abomey,56
abong,173
aborlan,46
abrahamtelke,36
abu,134
abu_dhabi,7
abu_hamed,1
abu_kemal,3
abu_qasr,6
abu_rakah,31
abun,40
aburra,31
abuta,29
abutua,438
abyy,11
acambaro,49
acanti,24
acaponeta,96
acarau,70
acari,28
acasaguastlan,106
acatic,16
acayucan,32
accomac,22
accra,63
acerenza,17
achacachi,1
achachiwa,36
achaivayam,11
achaka,11
acham,108
achan,47
achava,11
achen,43
achikamii,35
achim,7
achit_nuur,43
acholi,423
achomawi,59
aco,49
aconca_hue,67
aconchi,50
aconquija,102
acoroazes,310
acqui,15
acre,50
acroas,239
acteon,11
acuera,59
ad_dawasir,1
ad_dilam,1
ad_disah,9
ad_dughmiyah,1
adachi,31
adachi_kanto,50
adakli,35
adalaga,42
adan,1
adana,46
adanki,115
adare,27
addu_atoll,11
adena,71
adeqiu,87
aderbissinat,10
adham,51
adigrat,88
adilabad,106
adirondacks,20
adixoodagoorahareesh,90
adjud,18
adlur,58
ado_ekiti,105
adoni,122
adony,26
adra,77
adrada,48
adranos,20
adrar,11
adraskan,18
adshusheer,51
aduma,175
adwa,58
adyukh,51
adyumba,166
adzera,102
aekyom,80
aerzhai,240
afade,45
afanasyevo,46
afif,18
afikpo,76
afmadow,39
afrera,9
afrin,16
afsin,24
afso,37
aga,132
agadem,8
agadez,10
agadir,39
agaes,68
agai_ticutta,36
agaidika,50
agar,27
agaro,70
agartala,279
agatsuma,128
agawa,34
agawa_superior,18
agawam,81
agayakan,11
agbonle,109
agde,8
agdez,9
agen,23
agh_qala,17
agham_kot,5
aghkand,50
aghmat,21
agikuyu,397
agnam_civol,21
agno,38
agob,71
agoo,40
agordat,226
agori,441
agouasaque,86
agra,304
agramunt,12
agreda,43
agror,187
agsu,37
aguacadiba,44
aguacana,220
aguacay,86
aguanish,11
aguasabon,30
aguere,78
aguiar,71
aguilar_de_campoo,70
agula,36
agulhas,39
aguyaq,31
aguz,17
agvituk,11
agw_aneq,11
agwarmin,172
aha_macav,32
ahar,39
ahaus,47
ahe,46
ahel,30
aheri,295
aheyya_fagg,91
ahkwesasne,25
ahkwesasne_ny,28
ahlat,13
ahmad_khan,66
ahmednagar,269
ahna_wate,42
ahobalam,102
ahome,178
ahouenro,47
ahrweiler,12
ahsenisiipi,87
ahtopol,26
ahuacatlan,41
ahuilizapan,107
ahurei,38
ahuya_yari,36
ahvaz,24
ahwar,1
ahwendoe,11
ai_ais,11
aichi,87
aignay,20
aigun,139
aikana,81
aikhal,11
aikou,53
ailinglaplap_atoll,11
aillik,11
ailuk_atoll,11
aim_maia,11
aim_mocoylek,122
aimangala,97
aimchan,11
aimi,64
aimore,342
ain_farah,71
ain_galaka,11
ain_madhi,41
ain_salah,11
ain_sefra,25
ainsa,66
ainu_nik,44
air_hitam,32
airag_nuur,21
aire,15
ais,73
ait_benhaddou,17
ait_daoud,47
aita,87
aitbulat,10
aitutaki_atoll,11
aiud,22
aivitok,11
aiwanj,29
aix_en_provence,33
aixe,13
aizkraukle,20
ajaccio,57
ajanas,35
ajara,152
ajase,137
ajawewesitagun,85
ajayameru,162
ajdabiya,5
ajehuac_yana,52
ajie,32
ajim,4
ajmer,167
aju,16
ajuchitlan,50
aka,119
akamba,11
akan_loc,20
akana,73
akaray,95
akaroa,17
akashi,64
akbarpur,292
akcasehir,89
akdagmadeni,29
akei,11
akhalkalaki,38
akhaltsikhe,67
akhisar,28
akhmim,673
akhsikath,37
akhsisek,35
akhtar,37
aki,90
aki_shikoku,79
akilasiewakik,25
akilonda,58
akimel_oodham,86
akimiski,11
akinka_nup,11
akinkumasnuqit,65
akishma,1
akisq_nuk,60
akita,31
akita_kumamoto,116
akjoujt,11
akkajaur,11
akkala,15
akkesene,10
akkeshi,21
akkol,261
akkus,18
aklan,33
aklaviq,11
aklera,44
aknuq_uk,11
akokpaq,41
akola,118
akonolinga,93
akora,87
akou,142
akre,46
akropong,64
aksaray,40
aksay,46
aksay_pointic,127
aksehir,22
aksu,36
aksumbe,3
aktas_kystagy,4
akto,12
akure,121
akureyri,11
akuugun,11
akwaala,205
akwatia,58
akwe,168
akwen,322
akyab,40
akyazi,109
al_abala,1
al_abwa,19
al_aflaj,1
al_ahmar,10
al_ahsa,1
al_ais,6
al_ajfar,10
al_amlah,26
al_amwah,1
al_anbar,1
al_arah,3
al_ayn,12
al_ayn_khaybar,1
al_aythamah,1
al_azlam,6
al_bab,25
al_bad,10
al_baharah,8
al_bayda,37
al_bayda_yemen,10
al_bidda,11
al_bijadiyah,5
al_bleiteh,8
al_burud,1
al_dhaid,13
al_farah_ula,14
al_fuqarah,1
al_furaish,13
al_ghat,1
al_ghazalah,8
al_ghrabah,1
al_ghulayfiqah,34
al_haddar,1
al_hadhah,33
al_hajr,1
al_hamad,1
al_haqu,13
al_harjah,13
al_harrah,32
al_hawra,8
al_hegrieah,1
al_hinakiyah,1
al_hirda,159
al_hisu,1
al_hufayr,6
al_hufayrah,1
al_hunayy,1
al_husayniyah,1
al_huwaila,11
al_huwayyit,11
al_jar,13
al_jawf,11
al_jeblien,23
al_jubayl,46
al_juhfah,29
al_jumum,18
al_kadwa,16
al_kamil_wal_wafi,11
al_khaburah,1
al_khadra,11
al_khadra_ALG,39
al_khanbarah,1
al_kharabah,45
al_khosuf,48
al_khuimat,17
al_khums,21
al_khuraybah,1
al_kuwayra,11
al_labbah,9
al_laghfiyyah,13
al_lith,1
al_luhayyah,62
al_madar,50
al_maddah,13
al_mafalis,3
al_maghib,1
al_mahani,37
al_mahjal,75
al_majazah,1
al_majmaah,2
al_mamtir,34
al_mandab,1
al_manjur,10
al_maramiyah,8
al_mardamah,11
al_marwa,15
al_mashqar,1
al_maslum,1
al_matamma,104
al_mazamma,53
al_mima,3
al_mithnab,1
al_muazzam,8
al_mukalla,1
al_mukha,82
al_mundassah,1
al_muthainiyah,21
al_muwaylih,1
al_qaiyah,17
al_qara,11
al_qatif,1
al_qatr,57
al_qunfudhah,7
al_quway,16
al_quwayrah,11
al_rusayrisi,166
al_shihr,1
al_shuqayq,14
al_sinn,58
al_sirrayn,2
al_suman,1
al_thamad,3
al_thulayma,11
al_tib,24
al_tiz,1
al_udayb,1
al_udayd,1
al_udhaim,8
al_ukhaydir,2
al_ula,11
al_uqayr,1
al_uyayna,10
al_wajh,6
al_waqbi,10
al_yamamah,1
alagadyan,11
alaiye,15
alakol,179
alakurti,11
alamamas,46
alamance,48
alamarvdasht,31
alamganj,428
alapaha,55
alapahoochee,59
alapayevsk,76
alarcon,17
alasehir,29
alashakhan,48
alat,4
alatyr,36
alausi,64
alaverdi,25
alawa,299
alays,88
alazapa,237
alba,11
alba_de_aliste,12
alba_de_tormes,19
alba_iulia,21
albacete,13
albarracin,6
albenga,146
albi,26
albo,13
albreda,30
albuquerque,7
alcacer_do_sal,31
alcala_de_henares,65
alcanices,56
alcaniz,28
alcantara,13
alcaraz,18
alcazar_de_san_juan,19
alchan,126
alcobaca,104
alcoy,187
aldan,11
alencon,15
aleppo,33
aleria,11
ales,15
aleshtar,30
alessandria,16
alexandria,5
alexandrov_gay,77
alexandrovskaya_sloboda,23
alexandrovskoye,48
alexeyevka,58
alexeyevskaya,51
alfambra,7
alfeld,12
alfenas,63
alferovskaya,18
alfta,38
algeciras,44
alghero,6
algiers,173
alhambra_location,27
ali_sabieh,42
aliabad_katul,48
alicante,4
aligurdaz,13
alii,11
alikovo,31
alinchak,11
alirajpur,51
alishang,63
aliskerovo,11
alkalawa,44
alkhan_kala,32
alkmaar,10
allagash,22
allakaket,11
allegheny,51
allegre,8
allingsas,28
allpas,26
alluyes,12
almaden,22
almalik_chach,85
almaliq,128
almanzora,13
almaty,50
almazan,11
almenara,143
almenevo,85
almeria,8
almetyevsk,67
almodovar_del_campo,29
almonaster_la_real,13
almora,254
almudevar,19
almunecar,109
alnwick,27
alpo_wa,88
alpowna,62
alpu,174
alsfeld,12
alsigontekw,14
alstahaug,14
alta,11
altafjord,11
altaikha,11
altamaha,50
altamura,27
altan_gadas,21
altayn_ovor_gobi,13
altayskoye,147
altdorf,2
altena,15
altenburg,10
altenkirchen,11
altinekin,29
altintas,17
altit,7
altun_ha,17
altun_kupri,57
altyntobe,47
altyshevo,43
alubera,11
aluksne,27
alula,11
alura,102
aluri,73
aluutashe,74
alvalade,13
alvastra,35
alvdal,11
alvito,16
alvsby,11
alwar,161
alxa,11
aly_kyuyel,11
alyanbulag,46
alymdya,11
alysardakh,11
alytus,25
am_dam,467
am_djemena,111
amabe,128
amadiya,38
amadjuak,11
amaga,91
amahami,72
amaigbo,469
amaimon,98
amakusa,94
amal,21
amalik,16
amalyk,11
amami_ooshima,71
amangu,58
amaravati,84
amarbayas_galang,78
amarendrapura,62
amargosa,83
amarkantak,54
amasipukwek,21
amasra,30
amassing,39
amasya,44
amaticoztitlan,21
amaxacotlan,258
amaye,103
amazar,44
ambaca,75
ambae,11
ambagarh,128
ambalanjakomby,76
ambam,148
ambarchik,11
ambat,39
ambatomanoina,128
ambatondrazaka,125
amber_loc,152
amberd,19
amberg,9
ambikapur,88
ambilobe,127
amblu_kai,37
ambohidray,39
amboim,36
amboise,13
ambolosy,98
ambositra,91
ambovontany,86
ambraw,116
ambriz,45
ambrizete,49
ambrym,11
ambuila,56
amchok,20
amdoukal,6
ameca,14
amedichi,11
amergo,69
amersfoort,50
amesbury,10
ameskour,8
amet,70
amga,11
amguema,11
amgun,14
ami,30
amiens,16
amintonck,27
amiq,11
amis,26
amisk,135
amisk_sakahikan,128
amisk_sipi,146
amiskwaciwiy,138
amkoe,124
amli,14
amman,43
ammonoosuc,19
ammoscongon,13
amnye_machen,21
amol,36
amol_turkmenabad,17
amollan,274
amoltepec,116
amomegosode,161
amonokoa,89
amora_gadal,42
amorgos,11
amoskeag,17
amot,13
amoyeli_gunahita,40
amoyescheck,43
ampotaka,70
amqui,18
amrabad,166
amravati,260
amreli,111
amsterdam,16
amstetten,14
amtogor,11
amud,47
amulaca,52
amundava,105
amurang,26
amyint,53
an_nabhaniyah,1
an_nakhil,1
an_nasifah,1
an_nibaj,30
an_nil,5
an_nuhaytiyyah,9
an_nuqrah,1
anaa,14
anabar,11
anace,86
anaco,129
anacopia,9
anacostia,19
anadyr_river,11
anadyr_trail,11
anagance,22
anagni,11
anah,16
anais,201
anajas,55
anak,23
anaklia,29
anakovik,11
anambas_islands,10
anambe,77
anamur,62
anana,14
ananatuba,53
ananiv,50
anantapur,44
anar,8
anarak,1
anardara,12
anasagunticook,21
anavarza,32
anavik,11
anaya,70
anbang,33
anbian,124
anchau,128
anchun,97
ancona,8
ancuase,154
ancud,25
andaki,194
andar,366
andarab,82
andarai,282
andastoerrhonon,64
andasy_merine,79
andawaohie,16
andaymarca,76
ande,14
andechs,15
andegerebenha,11
anderson,11
andevoranto,98
andijan,42
andika,39
andimeshk,58
anding,38
anding_mashan,30
anding_suzhou,15
andkhoy,41
andolo,33
andomsky_pogost,13
andong,24
andong_huaian,78
andorra_la_vella,12
andranoboka,77
andranomavo,127
andranosoa,101
andravida,16
andreapol,29
andria,19
andritsaina,12
andros,9
androscoggin,16
andryushkino,11
andujar,14
anecho,137
anegada,11
anegandi,40
aneityum,11
anelo,212
anew,31
anfa,111
anfu_jian,129
anfu_li,136
angadippuram,333
angamacutiro,26
angastaco,92
angelokastron,55
angermunde,19
angers,27
anggamudi,43
angkor,75
angkor_borei,411
angkor_knong,220
anglesey,4
angoche,69
angoram,66
angouleme,22
angoya,11
angra,11
angualasto,158
angul,248
anguthimri,38
angwa,72
anhandui,252
anhayca,61
anhialo,6
anhua,55
anhua_anhua,266
anhua_huanjiang,98
ani,34
ani_south,140
aniakchak,12
anigiduwagi,25
anilco,44
anipitapiskow,74
aniyutsi,81
anji,147
anju_nurgan,67
anjuj_river,11
anka,104
ankara,41
ankavandra,64
ankazobe,91
anklam,10
ankober,26
ankoro,86
anlong,35
anlu,35
ann,52
anna_russia,50
annaba,28
annaburg,20
annan,86
annecy,16
anning,20
anoixi,67
anomansah,43
anping,5
anqiu,31
anren,113
anren_raozhou,19
ansai,62
ansbach,8
anseba,31
anso,34
ansongo,11
ansu,12
antabamba,7
antalaha,109
antalo,62
antalya,31
antananarivo,156
antequera,24
antetikala,21
anticosti,56
antietam,44
antigonish,22
antinir_pilquinan,173
antioch,15
antofagasta,11
antofalla,11
antsiroamandidy,54
antsohihy,75
antwerp,39
anula,82
anumagallu,120
anundsjo,11
anunsu,156
anupgarh,30
anuradhapura,98
anxi,211
anxi_dingzhou,19
anxiang,48
anyang,27
anyi,20
anyksciai,17
anyuan,60
anyuan_dingnan,81
anyuan_lianzhou,32
anyue,30
anyuysk,11
anzhou,99
anzourou,26
aoe,11
aonin,11
aopuni_atoll,11
aosta,1
aoudaghost,2
aouint_yghomane,9
aoukale,390
aousserd,11
aowa,147
apafalaya,51
apahtoksipisskan,71
apalachee,74
apan,17
apapelgino,11
apaqtukowatek,18
aparri,28
apataki_atoll,11
apatzingan,135
apeldoorn,14
apetowun,137
api_api,51
apiacas,278
apiai,52
apiaka,113
apica,39
apinji,43
apispaha,135
apolda,6
apollonia,78
apoquitaua,75
apotaka_hacha,70
appamatuck,31
appingedam,6
appleby,94
appomattox,36
apt,16
apucarana,278
apui,95
apuka,11
apure,386
apurlec,68
apyawa,157
apytere,59
aq_am,82
aqaba,11
aqanqmi,74
aqca,25
aqda,5
aqiq_banu_uqayi,1
aqmecit,33
aqmecit_prybuzhzhya,52
aquidauana,126
aquila,12
aquileia,7
aqush,63
aqyam_nup,11
ar_rabadha,1
ar_rabb,28
ar_rass,13
ar_rawdah,7
ar_rayn,1
ar_rayyan,21
ar_rukai,2
ar_ruwailiyyah,1
araban,44
arabi,11
arac,37
aracena,53
arachan,300
aracuai,157
arad,29
araes,207
aragua,76
araguaia,190
araguari,229
araicuahita,211
arak,9
arakaiu,699
aranama,87
aranda_de_duero,18
arandai,29
arangastakh,11
araouane,11
arapgir,23
arapuey,50
araquara,131
arar,1
ararayu_aba,173
arari,66
araripocone,323
araritaguaba,36
arasibo,24
araska,56
aratika_atoll,11
aratu,190
arauca,280
araut,36
araya,30
arbaji,5
arboga,8
arbroath,8
archar,23
arches,27
archit,43
arcos_de_la_frontera,52
arcot,125
ardabil,40
ardagh,8
ardahan,16
ardakan,10
ardatov,40
ardestan,17
ardra,306
ardtornish,2
arechuna,166
areia,331
arequipa,36
arerius,98
ares_del_maestre,44
aresh,23
arevalo,19
arezzo,16
argada,19
argamakli_sarai,41
argas,11
argaxtaax,11
argenta,1
argentan,18
arges,26
arghestan,44
argi,12
argos,24
arguin,16
argun,30
arguvan,35
argyrokastro,33
ariano,17
ariari,268
aribinda,51
arica,63
ariguani,64
arikun,25
arilje,73
ariste,85
aritpa,52
ariza,19
arjeplog,11
arka,11
arkaba_tura,35
arkadak,34
arkat,128
arkhan,33
arkhangelsk,11
arkhangelskoye,35
arkhangelskoye_vologda,39
arkhara,115
arkhyz,11
arkvaz,45
arlal,11
arles,21
arlon,15
armagh,4
armavir,59
armizonskoye,70
arnay,19
arnedo,19
arnhem,101
arno_atoll,11
arnsberg,10
arnstadt,92
aro,114
aroas,354
aroche,40
arochukwu,142
arock,74
arona,68
aroostook,45
arop,11
aror,1
arque,54
arques,17
arrah,348
arraias,412
arran,2
arras,38
arrayda,1
arroio,65
arroyo,11
ars,17
arshgul,18
arslanbob,44
arsubaniket,16
arsuk,11
arsuz,15
arta,30
artah,27
artanuji,16
artashavan,20
arthabaska,13
arti,61
artush,40
artyk,11
artyk_ata,1
arua,58
arua_amazon,58
aruamu,35
arubeira,11
aruja,15
arun,162
aruni,36
aruppukkottai,222
arusha,136
arut,68
arutua_atoll,11
arvidsjaur,11
aryaru,33
arykbalyk,286
arylakh,11
arzamas,51
arzew,22
arzgir,52
arzu,16
as_salafiyah,28
as_salif,51
as_sib,1
as_sulaymi,7
as_suwaydirah,1
as_suwayriqiyah,1
asa,78
asadabad,32
asadabad_kunar,40
asahan,45
asahkaiowaipu,113
asaita,3
asaka,8
asakuchi,98
asakura,168
asanas,1
asbo,18
aschach,15
aschaffenburg,7
aschendorf,7
ascolipiceno,14
asele,11
aseptiketiheylhets,127
asfan,40
asfi,19
ash_shamli,11
ash_shaqiqah,1
ash_shibahah,7
ash_shuara,1
ash_shuaybah,46
ash_shuaybah_hail,1
ashalaho,55
ashaninka,86
ashaval,117
ashby,33
ashca,69
ashca_caycu,130
ashchyozek,13
ashevo,21
asheweig,11
asheyi,11
ashida,62
ashigara,116
ashikaga_loc,48
ashikita,76
ashkamesh,41
ashmunayn,1
ashmyany,24
ashoro,14
ashraf,29
asht,48
ashtabula,55
ashuanipi,15
ashuapmushuan,23
asifabad,78
asika,237
asila_arabia,1
asilah,49
asingasta,72
asiniike,80
asiniwaciy,86
asir,26
asir_ALG,59
asirgarh,48
askataliank,15
askino,43
askiz,90
askot,152
aslan_horod,34
aslanapa,20
aslanduz,32
asmara,65
asmat,23
asni,159
aso,219
asola,14
asoqasqoq,24
aspa,34
aspara,31
aspas,17
aspet,16
aspotogan,20
assa,1
assab,7
assabet,61
assan,94
assapasca,148
assawoman,68
assen,8
assens,16
assereniet,82
assinie,73
assisi,18
assode,11
assonet,52
assorodus,37
assosa,417
assunpink,26
astara,20
astarabad,29
asti,15
astore,2
astorga,20
astrakhan,46
astrina,20
astros,7
asuf,51
asurini,76
asvieja,30
aswan,1
asyut,1
at_tarfawi,1
ata_mindanao,38
atacames,100
atach,264
atahachi,51
atajal,94
atakpame,90
atalanti,8
atanagunypacam,153
atanari,375
atanuul,11
atar,11
atargan,11
atarque,154
atash,22
atbara,84
atbasar,475
atchafalaya,123
atepec,133
atfalati,80
atfih,1
ath,114
athabasca,92
athani,28
athenry,18
athens,493
athlone,12
athmallik,270
athy,7
atibaia,23
atico,46
atikaki,90
atikokiwam,35
atikonak,11
atikuan,11
atikum,174
atikwa,70
atinggola,36
atishchevo,59
atitlan,44
atitlan_guatemala,98
atiya,253
atka,11
atkarsk,45
atnatuu,19
atocpan,181
atoj_wasin,166
atpazari,34
atrakwaye,30
atrat,46
atri,9
atsugewi,18
atsuta,11
attaock,22
attaqua,42
attawapiskat,11
attendorn,67
attequa,42
attikamagen,11
attock,31
atuel,230
atzaccan,19
atzhaksy,20
aubusson,15
auccapana,35
auch,23
augsburg,5
aukwatowa,11
aulatsivik,11
auleta,121
aullagas,135
aulnay,19
aumale,12
aundh,260
auneau,15
aunona,11
aupouri,26
aupuhkirakanewe,92
auqajikuna,70
aur_atoll,11
aurich,6
aurillac,18
aurland,1
ausa,458
austria_baden,14
autlan,215
autun,19
auwe,293
auxerre,17
auxonne,10
auyo,95
ava_canoeiro,350
avaes,199
avaj,32
avallon,19
aveh,24
avellino,11
avesta,6
avga,268
avignon,23
avila,27
aviles,120
avis,13
avlayakan,11
avlonya,41
avnagar,156
avraga,122
avranches,15
awa,70
awa_brazil,192
awa_shikoku,124
awabakal,142
awad_bing,36
awadh,564
awaji,98
awajun,38
awaran,1
aware,79
awastara,52
awaswas,36
awatixa,72
awaxaawi_ishiibisha,88
awbare,19
awbeh,21
awen,131
awjila,1
awka,414
awka_etiti,218
awlil,21
awngthim,61
awrtable,31
awyi,49
awyu,56
axawiri,1
axim,69
axochiapan,79
axocopan,121
axum,26
aya,136
ayadaldapa,137
ayagoz,108
ayahciyiniw_sakahikan,107
ayahuacas,102
ayamaco,16
ayamonte,10
ayan,11
ayas,25
ayasuluk,26
ayaviri,1
ayay,11
ayays,58
aybas,83
aydhab,1
aydincik,35
ayerou,19
ayish,87
aylesbury,8
ayllu_yacuchiri,81
ayn_tamr,31
ayni,20
ayntab,20
aynuna,4
ayo,47
ayo_ayo,30
ayodhya,176
ayopaya,43
ayora,140
ayr,9
aytos,16
ayvacik,30
ayvu_pora,266
az_zilfi,1
az_zubayir,7
azab,16
azadvar,12
azai,42
azamgarh,551
azcapotzalco,105
azeevo,45
azeffoun,36
azemmour,29
azghand,8
azia,240
azilal,83
azile,57
aznakayevo,39
azok,47
azougui,11
azraq,1
azrou,28
aztatlan,31
azua,56
azuaga,14
azumi,62
azzan,1
baak,78
baalbek,45
baashalapache,93
baawitigong,33
bab_kot,1
baba,74
baba_ata,12
babadag,41
babahuyu,48
babana,107
babar,12
babayevo,21
babichas,34
babicora,101
babimost,17
babonoyaba,127
baborigame,154
babruysk,30
babuyan,41
babuyan_islands,11
babuza,21
bac_thai_nguyen,18
bacalhieu,18
bacau,24
baciravan,32
backnang,11
bacs,30
bacuma,148
bad_ischl,133
bad_rock,29
bada,29
bada_yaqub,8
badabedi,29
badajoz,14
badam,14
badamgarh,144
badami,91
badau,74
baden,9
baden_im_aargau,51
badenoch,1
bades,98
badhu,11
badi,59
badimala,48
badimaya,27
badiraguato,102
badis,68
badjidi,153
badong,323
badozhsky,14
badr_hunayn,16
badra,13
badreh,35
badrinath,181
badtjala,132
badulla,107
baekcheon,19
baena,24
baependi,64
baeza,29
bafan,33
bafata,66
bafoulabe,167
bafoussam,86
bafq,9
bafra,22
baft,20
bag_ngula,140
bagadya,11
bagagem,173
bagalkot,115
bagaluhan,157
bagamoyo,234
bagansiapipi,13
baganuur,203
bagayevskaya,50
bagdarin,11
bage,13
bagh,2
bagh_iran,24
bagh_malek,50
baghai,35
baghdad,2
baghin,3
baghlan,77
baghran,16
bago_negros,51
bagram,104
bagu,73
bagua,36
bahadamer,163
bahal,68
baham,61
bahama,16
bahariyya,67
bahcesaray,27
bahir_dar,47
bahla,9
bahr_salamat,377
bahraich,750
bahramchah,6
bahreman,9
baht,76
bai,105
bai_xinjiang,123
baia_crisului,60
baia_de_aries,14
baia_mare,30
baibalyk,58
baicang,146
baideng,50
baidoa,105
baidrag,38
baie_verte,24
baihekou,61
baijnath,387
bailongdui,11
bailundo,101
baima,93
baima_daming,26
baimachen,93
baimaguan,65
baini,25
baining,38
bairab,11
baise,24
baishan,60
baishui,15
baita,41
baitan,286
baiting,1
baiyungu,11
baja_hungary,30
bajaur,90
bajaura,200
bajdah,1
bajestan,14
bajhang,71
bajo_flores,43
bajone,129
bajrajinaparamitapura,78
bajura,69
bajwara,105
bakairi,281
bakanas,46
bakanh,108
bakas,74
bakel,81
bakele_kongo,72
bakgalagadi,552
bakgatla,271
bakhalal,22
bakhanay,11
bakhapcha,11
bakharz,9
bakhmach,42
bakhmut,53
bakhtinsky,11
bakka,107
bakongo,131
bakota,31
baku,28
bakulabe,115
bakusaya,9
baky,11
bal_cattinon,85
bala,11
balabak,56
balad,54
balad_ruz,15
balagachchy,11
balaganakh,11
balagannakh,11
balagansk,55
balaghat,347
balaguer,39
balakan,33
balakovo,48
balambangan,132
balanda,44
balanggarra,70
balangir,112
balanipa,59
balasagun,36
balashov,37
balasore,26
balassagyarmat,21
balat,9
balbalan,25
balcheta,295
baldan_bereeven,69
bale,129
baleh,31
baleknagiq,48
baler,26
balga,30
balgatai,1
balhaf,1
balho,16
balibo,74
balige,39
baligram,336
baliisshe_aashe,111
balikesir,26
balikley,44
baling,157
balingen,8
baliseyh,48
balj,44
balkh,34
balkonda,82
balla_arat,67
balladonia,108
ballaghaderreen,8
ballalapura,139
ballardong,101
ballarpur,190
balle,49
ballenstedt,6
ballia,598
ballou,127
ballsh,20
ballycastle,18
ballymena,6
ballymore,13
balotipone,275
balrampur,688
balta,35
baltas,36
balti,50
baluba,240
balui,49
balya,30
balykchy,30
balyktyg,4
balyktykol,201
balzimachi,31
bam,7
bam_esfarayen,8
bama,88
bamako,201
bamangwato,162
bamba,11
bambara_maounde,44
bamberg,7
bamgweolo,87
bampton,4
bampur,1
bamu,11
bamyan,30
ban_don,73
ban_khon,56
ban_luang_cheng,63
ban_pa_la_ta,71
ban_phone,74
bana,101
banader,1
banamba,124
banan,282
banana_islands,62
banaro,18
banaz,30
banbishan,120
banbury,9
banda,288
banda_ahenkro,138
banda_island,11
bandafassi,79
bandar_aceh,32
bandar_charak,23
bandar_deylam,23
bandar_deyr,30
bandar_e_anzali,27
bandar_e_jask,1
bandar_khamir,7
bandar_lengeh,23
bandar_rig,25
bandarbeyla,18
bandhugara,334
bandire,72
bandirma,25
bandogarh,73
banff,3
banfora,132
bang_keng,56
bangalore,193
bangarang,143
bangban,17
banggai,46
banggarla,116
bangkalan,132
bangkalan_borneo,68
bangui,591
bani,66
bani_cuba,31
bani_saad,25
bani_walid,6
baniachang,108
banihal,157
banikoara,133
banique,33
baniyas,65
banjabi,80
banjar,33
bankapura,129
bankim,99
bankura,315
bankutu,101
bankuy,113
banlung,62
bannajbur,1
bannoni,22
bannoye,67
bannu,97
banon,112
banpu,49
banqiao,78
bansi,503
banska_bystrica,17
bansko,11
banswara,44
bantayan,23
banteay_chhmar,103
banten,74
banua_lawas,52
banyo,89
banzart_khairkhan,21
bao_lac,32
baoan,86
baoan_baoan,97
baoan_dongguan,143
baochang,53
baochang_nanxiong,217
baode,16
baodi,22
baodian,21
baofeng,32
baoji,97
baojing,255
baokang,133
baoning,76
baoning_maozhou,104
baopapas,63
baoro,266
baoruco,36
baotong,80
baoying,40
bapaume,10
bapunu,84
baqa,6
baqqa,1
baqubah,7
bar_cg,11
bar_le_duc,19
bar_sur_aube,19
bar_sur_seine,11
bara_buru,34
bara_iraq,45
baraba_baraba,120
barabhum,102
baracoa,32
baradha,82
baragram,428
barah,218
barahrah,33
barajagua,26
baraka,98
baram,64
baramulla,21
baran,603
baraqish,1
barara,153
barasuru,85
barawa,67
barayy,11
barbacadle,28
barbacena,73
barbakaabad,36
barbastro,12
barca,42
barcarrota,17
barcelona,109
barcelonnette,1
barcelos,101
barchkend,1
barchuk,36
barco_de_valdeorras,61
barda,34
bardak,11
bardejov,18
bardera,95
bardhaman,767
bardi,131
bardi_australia,43
bardodalen,11
bardok,231
bardsir,7
bareilly,241
barem,51
bares,44
bargaal,12
bargarh,41
bargiri,22
barguna,198
bari,14
baria,83
barinas,126
baripada,276
bariq,68
baris,2
barito,77
barjols,14
barkdiz,25
barking,8
barkinji,184
barkul,31
barlad,15
barletta,10
barmaur,50
barna,122
barnaul,102
barnstaple,3
baroda,68
barom,11
baronsk,51
barotse_kongo,78
barotse_mabunda,129
barpeta,37
barqaid,42
barquisimeto,102
barretos,82
barru,20
bars_khot,171
barsalogho,71
barskoon,41
barten,39
bartin,21
baru,20
baruga,30
barulo,112
barun_xiabaer,118
barundji,179
barunggam,163
barus,12
barutadura,44
baruun_tar_nuur,95
barvinkove,54
baryang,11
barylas,11
barysaw,26
barza,32
basai,66
basand,67
basarwa,476
basavana_bagewadi,40
basavapattana,41
basawunena,67
basel,58
basey,41
bashagard,12
bashqurtaran,26
basht,37
bashtanka,41
bashukulumbwe,159
basim,180
basingstoke,14
basithah,17
baskale,11
baskamyr,16
baskatong,25
basna,33
basra,4
basra_al_hamra,82
bassa,107
bassano,12
bassein,234
bastak,34
bastam,29
bastar,31
basti,214
bastia,26
bastogne,31
basud,32
bata,64
batagai,11
batala,21
batamay,11
batan,46
batanabo,53
batanes,11
batang,101
batang_tabir,62
batang_tebo,67
batang_tembesi,61
bataung,147
batchawana,18
batchingou,57
bateke_kongo,145
batete,297
batey,157
bath,12
bathahalak,172
bathinda,397
batlagundu,454
battambang,109
battara,85
batu,19
batubenge,151
batuco,112
batumi,12
batyr,11
batyrevo,42
bauchi,185
baud,632
baudo,53
bauge,23
baume,20
baurang,261
baure,171
bauru,107
bauska,21
bautzen,18
bauzi,75
bavanat,10
bavaria_regen,56
bavaro,17
baviko,202
bavly,47
bawean,17
bawika,92
bawku,95
baxian,237
bay,19
bayali,128
bayambang,37
bayamo,39
bayan,67
bayan_har,18
bayan_susu,79
bayan_tumen,188
bayan_ula,152
bayana,65
bayanaul,279
bayanday,126
bayangol,12
bayankhot,126
bayannur,60
bayannurhong,1
bayantsagaan,170
bayaquitiri,46
bayat,22
bayazit,23
bayburt,43
baydibek_ata,37
bayei,219
bayeux,18
bayhan,1
baykalovo,70
baykit,11
baynoa,26
bayombe,108
bayonne,14
bayono,78
bayramic,25
bayramlu,35
bayreuth,7
baytak,147
bayul,8
bayyu,398
baza,17
bazarny_syzgan,38
bazas,22
bazer_sakhra,27
bazhai,36
bazhai_duyun,12
bazin,124
bazman,9
bealanana,133
beami,66
beanka,121
beatton,51
beaugency,21
beaujeu,61
beaumont_au_maine,12
beaune,19
beaupreau,17
beauvais,13
beauvoir,16
beaver,11
beaverhead,60
becaguimec,51
bechar,44
bechyne,11
bedale,8
beden,39
bedford,12
bedia,21
bednur,217
beer_dun,15
beersheba,44
beeskow,13
beesowuunenno,77
befandriana,62
begho,116
begoml,22
behabad,16
behali,120
behbahan,38
beichlingen,8
beihai,24
beiliu,32
beilngries,9
beirut,28
beishe,247
beisheng,27
beius,19
beja,15
beja_TUN,26
bejaad,78
bejaia,16
bejar,36
bekarlar,21
bekes,24
beket_ata,10
beki,16
bela,1
belabo,306
belaga,29
belalcazar,11
belang,39
belau,11
belaya_glina,56
belaya_kalitva,55
belaya_soroka,30
belayan,70
belchite,30
belcoo,2
beledweyne,92
belekes,72
belen_ana,10
beleuli,12
belfast,5
belfort,10
belgaum,266
belgorod,44
belgrad,21
belik,23
belin,126
beljamen,59
belkhandi,85
bellac,14
bellari,53
belle_isle,16
belleme,16
belley,89
bellinzona,1
belluno,13
belmonte,11
beloe,30
belogorye,11
beloozero,28
belorechensk,42
beloretsk,79
belozerye,48
belur,322
bely,25
belya,11
belye_kresty,11
belyov,27
belz,29
belzig,11
bemanevika,85
bembe_buyu,227
bembe_kongo,49
bemetara,36
bemidji,99
benabarre,18
benauges,15
benavente,22
bendi,67
benesov,10
benevento,5
benewah,113
benfeld,56
beng_mealea,58
bengalon,55
benghazi,29
bengkalis,22
bengkulu,40
bengmara,147
bengoala,86
bengy,135
beni_sabih,1
beni_suef,1
benin,92
bensheim,12
bent,1
bentheim,14
beohari,105
beqa_lagoon,11
bera,121
berat,57
berato,45
berbak,27
berbela,93
berber,1
berbera,79
berbice,89
berceto,11
berchtesgaden,54
berdiansk,47
berdigestyakh,11
berdsk,212
berdychiv,29
berdyuzhye,156
beregovo,25
berelekh,11
bereschany,27
berestyn,48
berezhnovka,46
berezhnyany,18
bereznehuvate,42
bereznik,11
berezovets,14
berezovka,11
berg,1
berga,154
bergama,32
bergamo,8
bergen,4
bergen_zoom,8
bergerac,20
bergheim,12
berlanga,11
berleburg,20
berlin,12
bermuda,11
bern,14
bernay,20
bernburg,12
bernovo,26
beroun,53
berriane,15
bersenbruck,14
bershad,29
bershty,22
bertoua,270
beruas,74
berune,52
berwick,3
beryozovka,39
beryozovo,11
beryozovskoye,12
besalampy,151
besalu,86
besancon,8
beshbalik,42
besima,1
besni,68
besteiros,43
bestyakh,11
betanzos,84
beteta,16
bethune,40
betroka,163
betsiamites,12
bettiah,420
beya,105
beyarjomand,15
beyla,194
beylagan,22
beypazari,39
beysehir,31
beyza,34
bezhanitsy,27
beziers,34
bezopasnoye,63
bhadohi,297
bhadrachalam,17
bhadrak,37
bhagalpur,386
bhakkar,60
bhalki,60
bhanpura,60
bhanvad,69
bharatpur,48
bhatkal,47
bhatnir,132
bhatta,285
bhavani,470
bhera,35
bhilsa,81
bhilwara,60
bhimber,161
bhind,87
bhojpur,168
bhongir,70
bhopal,55
bhuban,121
bhurwara,200
bi_pi,156
bia_mbya,164
biak,38
biala_podlaska,20
biala_rawska,43
bialobork,19
bialogard,26
bian_marind,25
bibbulman,54
biberach,7
bibirevo,26
bida,108
bidai,123
bidanku,170
bidar,117
bideford,5
bidjara,212
bidungu,30
bidwell,121
bidzhan,98
biecz,56
bielefeld,17
biella,7
bielsk_podlaski,16
bielska_sloboda,40
bielsko,211
bienne,105
bife,113
biga,23
bigadic,25
bigambul,176
bigan,50
biger,36
bigo_bya_mugenyi,122
bih,7
bihac,29
bihar,28
bihar_sharif,1057
bihariganj,358
bii,49
bijagarh,251
bijapur,88
bijar,44
bijni,42
bijnot,227
bikini_atoll,11
bikinka,50
bikoro,97
bikrampur,135
bila,140
bila_tserkva,25
bilah,56
bilanga,85
bilasuvar,24
bilbao,112
bilbeis,1
bilecik,29
bilghah,1
bilgram,480
bilinara,360
billingham,1
bilma,11
bilo,52
bilokorovychi,24
bilovodsk,52
biloxi,77
bilyar,64
bima,47
bimbia,60
bimbilla,86
binalatongan,37
binalbagan,49
binandere,39
binangonan,15
binawangan,30
binayakpur,466
binchuan,40
bindal,85
binder,118
bindjali,69
bingin,63
bingol,23
binh_lam,14
binh_nguyen,36
binmatshua,81
bintang,28
biobio,130
bir,206
bir_al_qurr,11
bir_amur,161
bir_el_alter,54
bir_fajr,1
bir_ibn_hermas,1
bira,81
birali,1
biram,89
birampur,206
birao,572
birch_creek,11
birches,27
birecik,23
birgi,22
biria,115
biripi,110
biriri,80
birjand,13
birkala,11
birkenfeld,7
birma,124
birmingham,10
birndal,1
birni_ader,47
birni_lalle,65
birni_nkonni,60
birnin_gwari,125
birnin_kebbi,117
birnin_kudu,115
birnin_zamfara,100
birpara,238
biru,11
birugarh,374
biryusa,179
birzai,27
bisa,89
bischofshofen,50
bisert,43
bishan,270
bishnupur,541
bishreit,108
biskra,39
bislig,38
bisotun,42
bissagos,17
bissam_cuttack,371
bissau,66
bistrita,29
biswan,180
bitburg,10
bitche,10
bitki,11
bitlis,39
bitola,34
bitov,20
bitterfeld,10
bitterroot,78
bitti,18
bitur,28
biu,129
bivona,10
biyang,128
biysk,184
bizerte,14
bizhbulyak,59
bjelovar,83
bjni,29
bjorneborg,11
bkwejanong,44
bla,105
blackburn,40
blackwater,15
blagodarnoye,62
blain,23
bland,23
blankenburg,7
bled,17
bledsoe,39
blois,19
blonduos,1
bludenz,1
bo_hai_khau,23
boa_ogoi,42
boa_vista,11
boai,28
boala,84
boalemo,33
boali,431
boanawari,91
boandik,145
boas,81
bobai,30
bobaka,102
bobangi,107
bobbili,223
bobbio,6
bobole,136
bobolice,11
bobr,24
bocaiuva,123
bocaiuva_do_sul,70
bocheikovo,25
bochuan,187
bochum,10
bocto,106
bodaybo,11
bodbe,32
bodebyn,11
bodmin,5
bodo,2
bodonch,21
bodonitsa,8
bodou_sailay,33
bodrog,28
bodrum,14
boduna,155
boe,243
boeny,73
bogatoye,66
bogatye_saby,57
bogazliyan,25
bogd,13
bogesund,29
bogiston,86
bogoroditsk,44
bogorodskoye,21
bogorodskoye_pereyaslavl,52
bogra,305
boguchany,92
boguchar,52
bogue_chitto,54
bohai,2
bohan,122
bohio,22
bohorodchany,19
bohuslav,27
boi,319
boiaca,93
boiken,114
bojador,11
bojamba,198
bojano,15
bojaya,61
bojnord,42
boke,142
bokey,180
bokoni,107
bokoro,203
bokovskaya,43
bol_shaya_martynovka,45
bol_shoy_uran,76
bola,73
boldyzh,31
bole,170
bolekhiv,16
boleslawiec,38
bolgan_ana,9
bolghar,75
boli,118
bolikham,44
bolinao,31
bolkhov,32
bolkhuny,53
bolling,13
bolo,47
bolodek,11
bologna,19
bologoye,31
bolotnye,136
bolshaya_gribanovka,41
bolshaya_laptyuga,11
bolshaya_yakshanga,99
bolshevo,20
bolshie_krugovichi,11
bolshoy_balyk,18
bolshoy_cheremshan,34
bolshoy_gashun,69
bolshoy_ik,66
bolshoy_uluy,102
bolshoy_yugan,18
bolshoye_boldino,38
bolshoye_murashkino,22
bolshoye_selo,31
bolu,18
boluo,92
boluohe,16
bolvadin,14
bolzano,36
boma,106
bombay,88
bombwi,116
bomdila,12
bomokandi,509
bomoping,126
bonaigarh,197
bonanza,29
bondari,54
bondelswarts,11
bondo,84
bondoukou,201
bone,40
bong_son,74
bonga,87
bongao,15
bonghwa,25
bongju,24
bongor,197
bonifacio,9
bonn,11
bonndorf,8
bonny,194
bono_manso,46
boojwiikwedong,88
bookabie,59
bool,33
boon_wurrung,96
boontsagaan,13
boorj,142
boowe,122
bopolu,103
bor,407
bor_tur,20
bor_volgo,24
borac,23
borazjan,40
borborud,22
bordeaux,14
bordj_bou_arreridj,20
bordowa,170
bore,67
borenta,11
borg,12
borgarnes,8
borgloon,12
borgund,1
borisogleb,26
borisoglebsk,47
bormio,11
bornuur,87
borobudur,189
boromo,106
borongan,41
boronuk,11
boror,175
bororos,455
borovichi,35
borovsk,22
borsod,69
bortala,174
boruca,31
borujen,1
borujerd,29
borulakh,11
boruma,114
borun,107
boruy,29
boryeong,56
boryspil,23
bosa,9
bosa_colombia,23
bosaso,11
boseong,11
boseongbu,19
boshruyeh,11
bosobolo,622
bosra,13
bossa,185
bost,13
bosten,12
boston,12
bosutswe,172
bosworth,14
botkul,107
botolan,37
botou,101
botucatu,74
bou_hajla,37
bou_saada,43
bouake,199
bouar,236
boubon,71
bouillon,4
bouira,42
boulaouane,37
boulogne_sur_mer,17
boumalne_dades,26
bouna,166
boundiali,184
bourbon,13
bourem,11
bourg_en_bresse,16
bourganeuf,9
bourges,18
boussac,20
bousso,220
boussouma,82
boutti,29
bovino,21
boxing,13
boya,27
boyabat,35
boyauli,157
boye,4
boyena_qara,51
boynak,42
bozan,33
bozhenitsa,28
bozhou,72
bozok,50
bozok_astana,232
brac,14
bracciano,87
braga,103
braganca,4
bragernes,41
brahestad,11
brahin,26
brahmapur,191
braiakalung,91
braila,26
braine,7
brak,11
bramas,36
bramhapuri,71
brandenburg,12
brandenburg_prussia,18
branicevo,30
branko,52
branna,11
brashk,50
braslaw,24
brasov,28
brass,180
brataulung,77
bratislava,67
bratsk,123
bratslav,35
brattahlid,11
braunau,11
brecknock,2
breda,31
bredasdorp,26
bree,10
bregenz,13
bregne,8
bremen,6
bremervorde,6
breno,152
brescia,10
brest,16
brest_litowsk,23
breteuil,13
brezina,44
bria,1161
briancon,13
bridger,94
bridlington,11
brie_comte_robert,11
brienne,6
brig,16
brignoles,19
brihuega,15
brilon,18
brin_navolok,11
brindisi,11
brioude,16
bristol,13
briviesca,20
brixen,20
brno,24
broach,57
brodnica,14
brody,28
brody_tver,12
brokhovo,11
bronnitsa,25
bronnitsy,43
brosse,17
brotas,75
broyes,22
brozas,10
brskovo,37
bruchsal,13
bruck_leitha,11
bruckenau,9
bruges,7
bruneck,1
brunswick,7
brussels,227
brvenik,54
bryanka,11
bryansk,28
bryante,11
bryukhovetskaya,41
brzeg,7
brzeznica,19
buale,120
buali,20
buandig,96
buantan,20
buassa,102
buaxaxxaashe,65
buayan,31
buchach,23
buchan,5
bucharest,63
buchen,11
buchu,43
buckeburg,17
buckingham,10
buda,15
budaun,257
buddahatchie,73
buddu,106
budejovice,11
budimlja,54
budingen,12
budjanga,110
buenaventura,35
buga,24
buganda,169
bugara,155
bugat,35
bugulma,43
bugur,9
buguruslan,55
buha,76
buhoodle,68
builoo,177
builth,2
buinovichi,26
buir_nuur,164
buitrago_de_lozoya,75
buiunda,11
bujang,130
buk,15
buka,9
bukachacha,11
bukan,43
bukawa,18
bukcheong,98
bukelon,21
bukhara,14
buki,11
bukino,136
bukiyip,71
bukov,23
buksunda,11
bul_bukhta,11
bula,51
bula_kongo,119
bulakan,38
bulamu,42
bulava,11
bulbancha,76
buleda,1
bulgan,19
bulik,46
buljigu,85
buluan,38
buluguda,51
bulun,11
buluranriding,36
bumbe,55
bumbuli,214
bumbuzi,215
bumi_ayu,50
bumthang,11
bunce_island,41
bundi,86
bundjalung,90
bungabali,45
bungi,20
bungku,38
bungu,263
bungu_kongo,73
bunji,14
bunol,52
bunratty,5
bunuba,266
bunut,61
buor_yuryakh,11
buotama,11
bur_nepa,11
bura,25
burao,68
burara,76
buraydah,1
burayevo,41
burchmullo,53
burdekin,169
burdur,33
burebasaga,92
bureen,56
buren,8
buren_khem,93
burg,18
burga,26
burgas,6
burgdorf,6
burgdorf_emmental,30
burghausen,14
burglengenfeld,10
burgo_de_osma,13
burgos,22
burhanpur,25
buri,6
buriari,11
burica,22
buriram,49
buriti,394
burkand_ya,11
burkhaia,11
burqin,92
burra_burra,80
burraq,2
burrishoole,13
burrum,87
bursa,39
bursol,147
burugardi,105
burunda,19
burunge,217
buruwai,19
bury,13
buryeong,49
buryn,35
busal,45
busayrah,12
buse,12
busiyn,10
busk,24
buskegau,31
busko_zdroj,21
busoga,260
bussa,73
busuanga,25
buta_ranquil,274
butalin,63
butaritari_atoll,11
buteha,204
butha_buthe,126
buthelezi,93
butrint,14
butuan,41
butung,41
buturlinovka,55
butyrskoe,168
butzow,10
buur_hakaba,74
buur_heybe,63
buwat,9
buxar,371
buy,43
buzanga,211
buzau,33
buzet,8
buzhskyi,31
buzikkala,5
buzuluk,62
bwambe,33
byadi,11
byanye,11
byas_kyuyol,11
bydgoszcz,21
byerazino,25
bygdea,7
bykhaw,21
bykovo,63
byrakan,11
byske,11
bysyttakh,11
bytom,58
bytow,20
byuteydyakh,11
bzhedygu_kal,35
bzou,32
caba_wakpa,100
cabadbaran,18
cabias,114
cabimas,108
cabinda_kongo,47
cabo_corso,50
cabo_formoso,189
cabo_verde,46
cacalotito,48
cacapava,139
cacapon,13
cacaxtles,82
cacequi,125
caceres,16
cachamay,210
cacheu,47
cachopostales,125
caconda,87
cadegomo,52
cadereyta,75
cadiz,11
caen,18
caerphilly,2
caete,673
caete_brasil,42
caftacha,84
cagliari,7
caguan,249
caguatl,11
cahama,136
cahay,50
cahe,116
cahenda,71
cahiague,16
cahokia,97
cahors,28
cahuachi,81
cahul,29
caiapo,107
caico,761
cairiani,69
cairo,1
cairo_montenotte,28
cais,208
caisaboscai,11
caka,17
cakovec,12
calabar,52
calafat,26
calahorra,16
calais,6
calamarca,1
calamari,35
calang,26
calatanazor,5
calatayud,74
calatrava,16
calau,16
calbe,9
calcasieu,136
calfuleufu,268
calicua,70
calicuas,77
calkini,59
callamaco,45
callapa,21
calli,33
caloosahatchee,84
caloto,61
calpista,70
caltagirone,24
caltanisetta,22
calumbo,61
calvas,27
calvi,35
calw,15
caly,31
cam_hoa,28
camacota,79
camaguey,57
camana,11
camanducaia,38
camapua,200
camarag,43
camataqui,88
cambrai,9
cambridge,10
camel_duahi,103
camerino,25
cameroons,52
caminigas,73
camp_po_thit,103
campagna,18
campanha,42
campin,16
campinas,42
campo_mourao,203
campulung_moldovenesc,49
campulung_muscel,39
camusu_aike,47
can,49
canadaigua,48
canajoharie,34
canakkale,16
cananeia,27
canasoga,30
canastra,306
canatlan,60
candia,14
candir,26
candir_cil,17
canela_apanyekra,170
canela_ramkokamekra,169
canete,38
cangas,107
cangochamba,86
cangucu,68
cangwu,17
cangxi,269
canhewincasta,89
cania,46
caniapiscau,11
caniche,11
caninde,442
canindeyu,154
caniqaq,11
cankiri,31
canoochee,54
canossa,12
canso,26
cantagalo,264
cantamarca,55
cantavieja,23
canterbury,12
cantilan,36
cantona,118
cantung,42
cantwell,11
canuba_wakpa,104
caoni,43
caopacho,16
capachequi,61
capao_bonito,44
caparo,88
capatarida,108
cape_mount,71
cape_race,23
cape_spear,13
capimitchigama,30
capino,92
capoque,29
capotigamau,14
captina,70
caqueza,23
car_nicobar,11
caracal,26
caracas,187
caracuaro,146
caraga,46
caraja,198
caran,86
carangas,69
caransebes,17
carapachay,112
caraquet,21
carasova,45
caratinga,77
caratunk,32
caravaca,51
caravelas,113
caraveli,9
carbery,34
carcassonne,24
cardiff,3
cardigan,2
cardona,75
carei,19
careta,25
carhaix,20
caribaro,45
cariboo,11
carijo,74
carinena,41
carlisle,5
carlow,9
carmacks,54
carmagnola,8
carmarthen,3
carmona,12
carnarvon,3
caroni,223
carora,155
carpio,18
carrickbeg,4
carrickfergus,5
carrickmacross,3
carrion_de_los_condes,10
cartagena,5
carteret_atoll,11
caru,81
carucairi,26
casale,18
casalmaggiore,7
casamance,40
cascapedia,28
casco,23
caserta,11
cashel,4
casiguran,45
casiste,51
caslav,12
caspe,14
casqui,97
cassano,14
cassel,12
castelfranco,8
castellane,22
castellaun,11
castellon_ampurias,17
castellon_de_la_plana,7
castelnau_de_medoc,42
castelnaudary,16
castelo_branco,17
castelsardo,7
castlebar,14
castleconnell,9
castlereagh,12
castres,17
castrocalbon,8
castrojeriz,16
castropol,99
castrovillari,18
cat_tien,72
cataguas,63
cataguases,176
catahoula,79
catak,17
catalca,164
catalte,103
catan_lil,84
catania,19
catanzaro,25
cataraqui,25
catarman,37
catatumbo,100
catawba,47
catchacoma,27
cateel,31
catios,120
catoctin,25
cattaraugus,55
catucto,11
cauitaome,52
cauouatstacau,11
caupolican,42
cauquen,85
caurakawin,240
cauroma,47
causapscal,19
caux,51
cavalese,1
cavan,5
cawachagamite,14
cawassiemica,14
caxa,52
caxanga,439
caxitlan,21
caxud,21
cayacoa,96
cayaguayo,45
cayapo,216
cayas,114
caycos,18
cayenne,36
cayguani,42
cayubaba,122
cayuvava,138
cazombo,107
cazorla,72
ccantumarcani,36
ce_eiinox,58
ce_vaq,11
ceduna,96
ceeldheer,51
ceepee,131
cefalu,25
cegani,33
ceheng,38
ceibal,66
celano,10
celje,35
celle,13
celtik,34
cemar,12
cemisgezek,19
cempaga,79
cempoala,26
cemuhi,32
ceneda,24
cengtai,49
cenrana,36
central_dahalo,81
central_meetto,340
central_sabaneque,41
cenxi,78
cephalonia,7
cercy,21
cerkes,21
cermik,48
cernauti,38
cernavoda,31
cerocahui,81
cerskey,11
cervera,13
cerwecerna,135
cesena,20
cesis,11
cesme,14
cess,83
cestos,85
cetatea_alba,37
cetatea_balta,27
cetatea_tetina,21
cetateni,45
ceuta,44
ceva,11
chabanais,15
chabcha,62
chacayacu,41
chacchoben,35
chach,85
chachersk,28
chactemal,19
chadileuvu,344
chadobets,15
chagai,5
chagannur,36
chagda,11
chaghankhot,111
chagu,134
chaguate,117
chahar,97
chai,182
chai_nat,110
chaibasa,162
chain_chaitun,48
chainouqua,35
chainpur,130
chaira,236
chaisri,138
chaiturgarh,110
chaiya,37
chaiyaphum,61
chak,74
chakadee_wakpa,128
chakan,43
chakan_putum,88
chakan_yucatan,60
chakanbakan,71
chakangrao,80
chakaria,203
chake,113
chakma,78
chakola,11
chakota,127
chakwal,91
chala,138
chala_at,38
chalahume,25
chalancon,11
chalandritsa,14
chalbukhan,11
chalchuapa,44
chalco,109
chalin,139
chaling,154
chalkyitsik,11
challwanqa,27
chalninsky_pochinok,38
chalon_sur_saone,14
chalons_champagne,9
chalten,155
chalus,30
cham,5
chama,82
chama_venezuela,76
chaman,28
chamba,57
chamba_india,133
chambargonda,47
chambery,25
chambeta,11
chambon,12
chamcha,11
chamchamal,26
chamcook,27
chamdo,11
chamo,115
champaner,26
champasak,73
champavati,344
chamuhongo,143
chamzinka,49
chan_bo,39
chan_chan,60
chana,97
chanaral,17
chancay,62
chanchacc,92
chanderi,112
chandor,129
chandpur,638
chandpur_garhi,318
chandpur_uttar_pradesh,354
chandrabad,717
chandrakona,256
chandrapur,60
chandravati,125
chandrawip,195
chandwar,505
changan,130
changchun,115
changge,11
changguo,12
changhua,146
changle,56
changle_fujian,10
changle_xunzhou,232
changli,18
changlin,57
changning,130
changning_anyuan,122
changning_changning,61
changping,33
changqing,19
changsha,55
changshan,85
changshe,17
changshi,212
changshou_changshou,63
changshou_pingjiang,145
changshu,141
changtai,14
changtan,85
changting,112
changxing,22
changyang,353
changyi,26
changyuan,1
chania,28
channan_pir,1
chanshayapi,145
chao,58
chao_de_couce,119
chaocheng,11
chaoxian,154
chaoyang,79
chapaleufu,389
chapallan,17
chapeco,174
chara,11
charagua,88
charaideo,112
charang,11
charasa,141
charchan,1
charef,29
chariguriqua,73
charikar,196
chariton,143
charka,58
charkamak,62
charklik,10
charolles,21
charonda,38
charouine,11
charquis,105
charroux,15
charrua,238
chartres,15
charumani,139
charyn,78
chastoozerye,111
chastye,43
chatahoochee,49
chatanugi,14
chatata,65
chateau_chinon,10
chateau_du_loir,14
chateau_gontier,23
chateau_porcien,18
chateau_thierry,19
chateaubriant,25
chateaudun,21
chateaulin,11
chateauneuf_de_randon,8
chateauroux,25
chatelaudren,16
chatellerault,15
chatillon_sur_indre,22
chatillon_sur_seine,19
chatillonaos,2
chatot,69
chatra,194
chattarawa,64
chatuza,53
chatyun,37
chaucalana,42
chauchu_trail1,11
chauchu_trail2,11
chauchu_trail3,11
chaudandi,35
chaughera,252
chaul,226
chaumont,14
chaumont_vexin,21
chaun,11
chauragarh,147
chavand,167
chaves,4
chavin,58
chavusy,34
chawasha,96
chawchila,92
chay,11
chaydakh,11
chayopin,95
chayrama,34
chayygda,11
cheb,4
chebarkul,123
chebba,18
chebogue,31
cheboksary,40
cheboygan,84
checagou,79
chedzurgwe,94
cheffia,40
chegem,13
chehalis,72
chehl_dokhtaran,11
cheke_holo,14
chekmagush,64
chekurovka,11
chelan,82
chelm,24
chelmno,15
chelmsford,11
chelmuzhi,11
cheltenham,8
chelva,135
chelyaba,214
chemal,11
chembar,76
chemnitz,13
chena,16
chengbu,142
chengcheng,18
chengdu,109
chengfu,74
chenggong,8
chenggu,32
chengji,81
chengmai,63
chengshan,22
chengwu,4
chengxiang,238
chengzhou,52
chenini,13
chennur,39
chenoka,67
chenqing,105
chenxi,157
chenyang,270
cheonan,40
cheongju,20
cheongsong,13
chepes,101
cheplak,79
chepo,47
chepoussa,100
chequamegon,80
cherbourg,18
cherchell,66
chercher,68
cherdakly,41
cherdyn,42
cheremkhovo,94
cherepoves,23
cheresig,38
cherfe,41
cheringoma,63
cheriumche,11
cherkasy,30
cherkekh,11
cherlak,289
chernaya,19
chernihiv,39
chernyanka,49
chernyany,12
chernyye_zemli,51
cheroenhaka,41
cherohenaka_nc,55
chertanla,56
chertkovo,50
cherven,27
chervyen,27
chesapeake,27
cheslattat_en,75
chesnokovka,171
chester,7
chesterfield,5
chestowee,19
chet_irgiz,24
cheticamp,21
chetilla,102
chewalla,79
chewaucan,84
chezdi_osorheiu,15
chhaparagarh,101
chhatarpur,53
chhaya,48
chhmuoh_thmei,302
chi_la,38
chiaha,27
chiametlan,42
chiang_dao,66
chiang_khan,47
chiang_khong,62
chiang_mai,68
chiang_rai,57
chiang_saen,54
chianouske,83
chiautla,245
chiavenna,1
chiba,14
chibango,141
chibemba,125
chibougamau,14
chibuene,186
chibvumani,160
chibwe,17
chicagon,53
chical_co,587
chicamacomico,38
chicaquicha,24
chicchoc,13
chichaoua,25
chichawatni,24
chichen_itza,45
chichester,12
chichibu,58
chichitames,208
chicksawhe,69
chicobi,50
chicora,46
chicoutimi,17
chidkhu,33
chieri,9
chieti,14
chignecto,37
chignik,11
chigoubiche,17
chiisagata,118
chijin,38
chikaskia,172
chikchar,1
chikhan_agui,11
chikowa,95
chikwanda,213
chilapa,70
chilas,33
chilca,13
chilchi,11
chilga,315
chilia,49
chilkootg_trail,11
chillan,106
chillupar,147
chiloango,70
chiluane,214
chilwe,109
chimalapan,46
chimay,79
chimgi_tura,111
chimu,57
chimuande,42
chinabajul,74
chinaitih,32
chinali,114
chinantlan,23
chinchaga,66
chinchay,14
chinchilla,16
chinchon,13
chinda,42
chindre,71
chine,82
chingetti,11
chinggil,35
chinili,141
chiniot,44
chinipas,81
chinipi,171
chinon,18
chinook,58
chinquetana,70
chinunga,95
chioata,158
chioggia,5
chios,16
chipagwe,43
chipangura,114
chipata,100
chiping,13
chipion,202
chipisipi,11
chipoudy,11
chippenham,13
chiprac,52
chipukuswi,63
chiquia,21
chiquimula,118
chira,159
chiramba,121
chiras,8
chiripa,142
chiriqui,66
chirki,11
chiroqchi,45
chirovoye,11
chirowe,157
chiru,29
chiryapchi,11
chisasibi,11
chishamnee,188
chishmy,43
chishti_sarif,1
chishtian,13
chisinau,29
chisobibra,60
chisos,150
chistamikap,16
chisvingo,69
chiswell,23
chit,72
chitagaes,48
chitambo,194
chitanda,114
chitapur,23
chitek,124
chitimbe,75
chitina,11
chitkan,25
chitolah,143
chitomborwizi,90
chitope,52
chitose,15
chitradurga,88
chitrakuta,297
chitral,43
chittagong,57
chittaloosa,77
chittoor,122
chittor,91
chiusi,15
chiveve,118
chivilco,144
chivitkino,11
chiyone,11
chlaande,297
chlef,41
choapan,20
choate,56
choccalpata,46
chochama,48
chochenyo,69
choco,56
choconta,31
choctawhatchee,52
chodrak,10
chodrak_kham,104
chodziez,12
choele_choel,355
chogyal_khar,20
choigan,11
choiseul,14
chojna,25
chol,179
cholle_cholle,321
cholohollay,131
cholok_kaiyn,68
cholollan,19
choluteca,50
chom_khao_maneerat,54
choma,77
chomuruvuti,59
chon_naryn,11
chona_trail,11
chondon,11
chongan,127
chongde,11
chongming,108
chongoene,104
chongren,55
chongshan,44
chongxin,13
chongyang,137
chongyi,159
chono,212
chootawatchee,68
chopim,148
choquerecuay,16
chor,108
chornobyl,34
chornukhy,40
chorten_nyima,11
chortolisy,17
chortoryisk,26
chorumani,123
chosan,104
choszczno,15
chowanoke,46
choyrin_datsan,94
chrudim,24
chrzanow,14
chuainisin,11
chuanzhou,83
chuapa,158
chuathbaluk,23
chucalissa,74
chuchures,38
chucuito,1
chucutitlan,512
chudniv,25
chudovo,28
chuhuiv,32
chukhloma,32
chullac,7
chuluutyn,31
chumbivilcas,22
chumdo,6
chumikan,11
chumnungwa,44
chumphon,69
chumuch,22
chunan,295
chunar,579
chundzha,93
chungju,38
chungu,92
chunhua,16
chunju,32
chunoyar,52
chunsua,75
chupanga,70
chupilta,132
chuqiu,6
chuqiyapu,14
chuqlluqucha,2
chur,3
churajon,48
churapcha,11
churkampa,2
churu,126
churumekua,193
chuuk,11
chuva,137
chuvan1,11
chuvan2,11
chuvan3,11
chuwalee,43
chuwi,92
chuy,90
chuya,11
chuzboy,32
chyhyryn,28
chyliga,11
chymnaii,11
chyormoz,43
chyorny_yar,55
ciaike,134
cianjur,141
cibadak,256
cibagalaax,11
cibal,61
cibao,23
cibuaya,27
ciechanow,26
cieza,39
ciguayo,21
cihuatlan,57
cikakw_sipi,20
cili,279
cimanuk,182
cincu,21
cine,23
circle,11
cirebon,78
cirencester,9
cittacastello,8
cittaducale,10
ciudad_real,21
ciudad_rodrigo,9
ciudadela_de_menorca,39
cividale,6
civitavecchia,10
ciwat,102
cixi,9
cizre,21
ckara_ama,20
clackmannan,6
clermont,15
clermont_en_argonne,11
clermont_en_beauvaisis,13
cles,27
clifden,37
clogher,2
clonmel,12
cloppenburg,10
cluj,26
clusone,134
co_dang,57
coacoachou,19
coahuayana,89
coaticook,11
coatlan,142
coatlicamac,59
coatzacoalco,45
coba,46
cobequid,34
cobeta,13
cobija,11
coblenz,11
coburg,11
cocalico,26
cocamas,93
cocanarup,164
cochem,8
cochimi,25
cochinoca,134
cochoqua,35
cockermouth,4
coco,114
cocollan,145
cocomacan,154
cocorna,92
cocoyome,92
coctu,47
coevorden,14
cofaqui,54
cofitachequi,57
cognac,20
cognashene,14
cohansey,27
cohari,69
coimbatore,885
coimbra,45
coinan,82
coiracoentanon,144
coixtlahuacan,90
cojutepeque,23
cokuurdaax,11
colchester,10
coleraine,7
colha,24
colhue_huapi,28
coligua,86
coliman,35
colipilli,164
collique,88
collo,29
colmar,54
colmenar,127
cologne,7
colombayma,47
colquechaca,84
colville,11
comacchio,9
comana,24
comana_cil,27
comayagua,77
combahee,39
comcaac,53
comitlan,89
como,61
comogre,69
conceicao,73
condom,10
condorcet,39
conecuh,92
conegliano,7
conemaugh,55
coneto,97
conewago,24
congaree,61
conghua,175
congona,14
conkouati,68
connatachequa,38
conococheague,43
conotton,86
consha,75
constanta,19
constantia_bul,38
constantina,29
constantine_ALG,52
constantinople,174
consuegra,26
contornasa,1
conwy,2
coonawarra,70
coos,16
coosa,34
coosaw,53
coospacam,233
cootamundra,196
cootcla,89
copa,42
copane,82
copuz,369
corabia,27
corani,43
corbeil,16
corbie,19
cordoba,16
coree,24
coremas,469
corfu,11
coria,11
coria_del_rio,12
corinth,20
cork,5
corleone,8
corlu,18
corneto,18
coro,173
corodehuachi,55
coropo,159
corpen_aike,92
corte,44
cortenuova,9
cortona,9
corum,38
corumba,316
coruna,12
corycus,16
cosamaloapan,28
cosenza,29
cosihuiriachi,170
cosrou,80
costa,21
coste,45
cotapampa,7
cotnari,25
cotrone,25
cottbus,11
cotui,39
coucy,9
coutances,19
coutins,264
covasna,14
coventry,7
covilha,56
cowal,8
cowasuck,11
coweta,46
coyaima,67
coyame,96
coyle,56
cozha,11
cozia,36
crailsheim,16
craiova,25
crasna,15
crato,5
cremona,15
crepy,14
crescent_spur,55
crikvenica,62
cristuru_secuiesc,18
crixas,225
croatan,28
crook,69
cruz_alta,280
csanad,26
csantangelo,12
csurgo,26
cuama,100
cuanales,296
cuangar,97
cuango,82
cuareim,123
cuauhcapolca,28
cuauhchinanco,196
cuauhcuetzpaltepec,22
cuauhnahuac,25
cuauhtemallan,122
cuauhteopan,110
cuauhtitlan,118
cuauhtochco,47
cuauhtolco,39
cuautla,80
cubanacan,45
cubao,19
cubara,50
cubiga,36
cubuk,23
cuchi,89
cucurpe,53
cudalbi,20
cuddapah,94
cueiba,48
cuellar,25
cuenca,46
cuencame,196
cuetlaxtlan,14
cuhea,40
cui_yui_ticutta,58
cuicatlan,83
cuijk,9
cuilo,65
cuima,151
cuito,43
cuitzeo,32
cukataw,54
culhuacan,43
culiacan,152
cullahill,15
cumana,48
cumanacoa,82
cumanagoto,95
cumaribo,313
cumbum,218
cumra,24
cumumba,101
cundi,44
cuneo,13
cunhambebe,11
cuoim,182
cupar,7
cupilco,114
cura,116
curacaute,11
curahuara,46
curiche,29
curitiba,50
curitibanos,129
curruhuinca,63
currumil,81
curu_leufvu,392
curuai,124
curuguaty,228
curumanao,75
curumu,44
cururu,36
curvelo,98
cushamen,37
cussate,75
cuthuhogwa,105
cuttaway,104
cuttawba,97
cutzalan,16
cutzamala,34
cuvenai,142
cuxtaque,29
cuyahoga,62
cuyo,259
cuyuxquihui,18
cuzalapa,83
czaplinek,9
czarnkow,12
czchow,92
czersk,22
czestochowa,60
czlopa,22
czluchow,46
da_giang,60
daan,123
daasanach,60
daba_akanda,139
dabaca,17
daban,11
dabarqi,72
dabhol,499
dabiq,32
daboka,260
daboya,105
dabuchyn,23
dacheng,2
dacice,10
dadandang,33
dadi_dadi,99
dadri,207
dadu,21
daet,39
dafang,39
daga,14
daga_papua,11
dagana,5
dagandely,38
dagett,63
dagon,31
dagu,3
dagu_shunyuan,57
daguan,33
daguda,41
daguwanalahi,77
dagze,15
daha,194
dahlak,11
dahra_sasykkol,191
dahrur,252
dai_man,34
daik,32
daima,114
daingean,8
dainggatti,95
daizhou,21
dajal,1
dak_lak,92
dakadjalan,91
dakahla,165
dakawa,280
dakhkat,46
dakhla,11
dakkar,103
dakky,11
daklha_gampo,7
dala,43
dalaborg,14
dalai_nuur,202
dalaiketun,205
dalay,102
dalgan,7
dalinghe,154
dalingkot,218
dallol,3
dalneye_konstantinovo,30
dalniye_zelentsy,36
daloa,156
damala,7
daman,16
damanhur,2
damaqua,120
damar,11
damara,110
damascus,12
damasonqua,109
damaturu,109
damavand,16
damba,61
dambai,106
dambi_angonga,55
dambwe,171
damghan,34
damietta,2
damoh,161
damrey_trom,147
damzhung,11
dan_sai,75
dancheng,10
dancheon,95
dandong,68
danduka,30
dandybay,166
dang,261
dangbon,95
dangcheng,38
danggali,165
dangila,67
dangshan,14
dangtu,73
dangyang,32
danilov,22
danilovka,51
daning,15
daning_kuizhou,172
daning_pingquan,62
daniski,132
danleng,53
danli,121
dannenberg,15
dantewada,118
dantu,72
danubyu,64
danyang,66
danyang_korea,44
daoba,135
daolong,56
daoukro,146
dapiguemlec,356
dapitan,34
daquq,22
dar_es_salaam,409
dara,20
darab,17
daraban,46
daratan,36
darbhanga,568
dardeling,64
darende,24
darganata,1
dargaz,43
darghat,7
dargol,17
dargyeling,11
darkylakh,11
darlag,15
darlington,20
darmstadt,8
darney,13
daroca,29
daroot_korgon,42
darrehshahr,30
dartang,26
dartsedo,191
darumbal,130
darwar,133
darz,14
darzanji,59
dashahai,7
dashev,45
dasmenda,30
dasong,193
dassa_zoume,146
dastgerdan,7
dasu,3
date_loc,51
datia,51
datian,188
datian_shizhou,306
datong_datong,54
datong_xining,51
datooga,351
datta,15
daugavpils,28
daulatabad,99
daule,58
daun,7
daura,70
dausa,69
daventry,13
davlekanovo,72
davos,1
davyd_haradok,26
daw_sud,1
dawande,208
dawbah,1
dawhee,63
dawlat_abad,47
dawu,90
dax,27
daxing,7
daxue,218
daxunhyuu,82
daya,25
daya_kathyn,1
dayao,33
dayaoshan,17
daye,58
dayi,65
dayong,296
dayr_aqul,18
dayu,134
dazhasi,2
dazhu,179
dazu,39
deadose,100
dean,51
deatnu,11
debagarh,156
debar,46
debarq,153
debarwa,19
debdou,27
debica,20
debila,1
debin,11
debra_berhan,57
debra_warq,63
debrc,21
debre_bizen,18
debre_libanos,79
debre_tabor,72
debrecen,31
debyosy,43
dechang,193
decin,49
ded_khulsun,70
dedesi,178
deer_lodge,104
degehabur,83
deh_kord,5
deh_kundi,51
dehagh,1
dehaj,5
dehdasht,38
dehdez,35
dehgolan,43
dehistan,52
dehloran,34
dehram,42
dehshir,5
dehskan_ziibi,35
dehtal,32
dehua,108
dehua_jiujiang,23
deir_ez_zor,9
deir_qamar,35
dej,31
dejiang,117
dekemhare,14
del_khad,11
delaram,16
delemont,13
delger_moron,10
delhi,164
deli,47
delijan,33
deliktash,25
delinde,11
deline,11
delitzsch,7
delmenhorst,9
deloraine,94
deloy_chet,13
deloy_ges,11
deltana,11
delyankir,11
demak,68
demba,50
dembimbosaage,51
demensk,22
demerara,143
demetrias,23
demidov,24
demirci,75
demmin,14
demnate,64
demon,20
demotica,27
demyanovo,34
den_terek,135
denali,11
denbigh,3
dengfeng,93
denia,57
denkanikottai,222
denov,71
densatil,11
deo,666
deodar,391
deogarh,101
deoghar,189
deokju,73
deori,25
deou,41
deoule,29
dep,29
deping,6
deqing,22
dera_bugti,1
dera_ghazi_khan,25
dera_ismail_khan,73
deraheib,36
derawar,1
derbeke,11
derbent,16
derby,14
deren,11
dererri,22
dergachi,68
dergaon,133
derge,114
derna,24
derry,2
des_nedhe,11
deskenetlata,48
desnyanskyi_horodok,24
deti,257
detmold,17
deungju,69
deva,35
devadurga,81
devakottai,224
devanagara,119
devanahalli,47
devarakonda,124
develi,33
deventer,9
devgarh,219
devkot,374
devol,33
devprayag,386
devrekani,33
dexing,80
deyang,53
deychopan,67
deyhuk,7
dezadeash_trail,11
dezful,48
dgheyaytnu,11
dha_sohis,1
dhadar,41
dhading,321
dhafar,27
dhahran,13
dhalam,1
dhamar,20
dhamtari,38
dhansiri,38
dhar,40
dharampur,247
dharangaon,59
dharapuram,272
dharmapuri,584
dharmasraya,67
dharmavaram,43
dharug,90
dhat_al_hajj,7
dhat_irq,20
dhenkanal,196
dhi_ain,82
dhipaesyin,35
dhlo_dhlo,167
dholka,90
dholpur,54
dhone,167
dhrangadhra,274
dhubri,40
dhufar,7
dhurma,9
di_dinh,49
dia,28
diaboudior,40
diakha,175
diakhao,58
diamou,110
dianbai,77
diangounte_camara,93
dianjiang,63
diaomen,266
diara,31
diawara,104
dibabawon,43
dibang,12
dibrugarh,94
dibue,81
didao,124
didthul,96
die,11
diebougou,133
dien_ban,100
dien_chau,34
dieng,256
diepholz,8
dieribakoro,99
diez,9
difunda,116
digavapi,89
digenegh,18
digne,18
dijkot,37
dijon,22
dikhu,80
dikimdya,11
dikwa,47
dillenburg,6
dilling,438
dillingen,8
dilzhee,68
dima,84
dimapur,151
dimishk,24
dina,31
dinant,49
dinar,33
dindigul,413
dinek_keskin,44
dinetah,129
dingan,18
dingbian,75
dingbian_shunning,37
dingcheng,28
dinghai,18
dinghu,19
dingi,66
dingle,18
dingliao,238
dingnan,125
dingnan_anshun,25
dingqiang,150
dingri,11
dingrong,33
dingtao,12
dingwall,2
dingxi,80
dingxiang,35
dingxing,11
dingyuan,16
dingyuan_chuxiong,19
dingyuan_fengyang,179
dingyuan_lingzhou,58
dinkelsbuhl,9
dinkot,48
dioila,130
dioumara,116
diourbel,55
dipalpur,45
dipayal,126
diphu,276
dippa,11
dir,36
dire_dawa,78
diria,38
diriyah,1
dirkou,11
disentis,1
dishmok,12
dithakong,262
dithakwaneng,233
ditidaht,12
diu,123
divandarreh,34
divrigi,45
diyarbekir,39
dizhai,26
dja_dja_wurrung,139
djabuganjdji,124
djabwurung,74
djado,11
djalendi,11
djanet,11
djappuminyou,128
djedaa,140
djee,17
djelfa,63
djemah,852
djenne,132
djeoromitxi,130
djibo,62
djilor,26
djiralay,79
djirbalgan,90
djonga,284
djougou,251
djundu,145
dluk,31
dmanisi,32
dmitriyev,33
dmitrov,61
doba,248
dobele,37
doberan,10
dobkuri,164
doboj,41
dobrolak,29
dobrush,27
dobryanka,70
dobrzyn,9
dobyaz,37
doeg,37
doetinchem,12
dogai,11
dogo,41
dogonbadan,43
doh_kromum,93
dokshytsy,23
dol,10
dolakha,205
dolchinyo,24
dole,19
dolkabaya,71
dolo,364
doloodyn_gobi,113
dolpo,11
dolyna,20
domakha,77
domanic,12
domazlice,15
domboshaba,80
domfront,12
domodossola,27
dompu,95
doncaster,9
dondo,63
dondykar,59
donegal,49
donets_kharkiv,37
dong_lakhon,262
dong_si_maha_phot,72
dongan,11
dongan_shuntian,1
dongan_yongzhou,139
dongartal,305
dongchuan,80
donge,12
donggala,18
donggo,279
dongguan,33
dongguang,1
dongju,18
donglan,205
dongliangting,44
dongliu,129
dongming,8
dongnae,253
dongning,91
dongola,6
dongondoutchi,52
dongping,227
dongsheng,21
dongxiang,20
dongxiang_dazhou,351
dongyang,314
donjek,61
donkov,35
donwun,134
donzy,17
doolboong,218
doora,63
dorchester,14
dordrecht,39
dorey,11
dori,44
dormaa,131
dornoch,2
dorogobuzh,26
doroh,13
dorohoi,29
dorsotung,11
dortmund,5
dorud,31
dospat,54
dosso,74
douai,7
doubare,64
douentza,67
doukang,41
dourbali,113
dourtenga,80
doustioni,105
douz,1
dover,11
dovolnoye,194
dowlatabad,1
dowlatabad_esfandaqeh,33
downpatrick,3
dowraq,18
dowzdab,10
doyahinee,25
dragasani,36
draguignan,59
drahichyn,21
drahushiv,47
drama,31
drangtse,36
drastar,32
drawsko,20
drayab,1
drehu,18
dresden,10
dreux,8
drichu,20
drigung,1
drijeva,41
droge,96
drogheda,7
drohiczyn,15
drohobych,6
drokov,17
dromahair,14
drutsk,18
drysvyaty,23
dsun,1
duanshi,20
duanxi,15
duau,14
duba,6
dubai,1
dubawnt,11
dubbi,1
dubica,16
dublin,6
dubna,21
dubno,25
dubok,28
dubovskoye,81
dubrajpur,378
dubronjo,21
dubrovna,29
dubrovnik,14
dubrovytsia,27
duchang,22
ducheng,118
duderstadt,9
dudhakunda,112
dudinka,11
dufanat,32
duhok,54
duitama,100
dukagjini,23
dukhovnitskoye,36
dukhovshchina,24
duki,17
dukin,11
dulab,55
dulan,1
dulgalaax_trail,11
dulgalakh,11
duling,35
dulis_ma,11
dullu,75
dulmen,10
dumai,22
dumat_al_jandal,1
dumba_katola,74
dumbarton,9
dumbi,77
dumbo,129
dumfries,12
dumka,191
dunamase,11
dunaysir,26
dunbar,4
dundaga,16
dundalk,6
dundee,8
dunfermline,5
dunga_bunga,2
dungannon,3
dungarpur,50
dungarvan,6
dungene,130
dungkar,1
dungkar_amdo,57
dungu,500
dungun,47
dunhallow,23
dunkirk,25
dunla,28
dunluce,5
duns,9
dunstable,7
duolundu,22
duoshui,126
dupnitsa,17
dura,170
durango,133
durbe,30
duren,13
durg,46
durgarazpatnam,22
durgyeling,182
durham,6
durjaya,83
durlach,14
durness,1
durres,22
dursunbey,47
durun,92
dushan,37
dusheti,21
dushikou,95
dusmareb,54
dusseldorf,11
dutse,94
dutsi,82
duwamish,48
duyang,118
duyun,61
dvarasamudra,168
dve_viski,11
dwarahat,401
dwarawala,57
dwarka,30
dyagaryn,11
dymer,35
dyrashnichikha,11
dyrnes,11
dyryn_ebe,11
dyunkun,11
dzagyal,93
dzaigil,28
dzamtang,122
dzata,183
dzerzhinskoye,68
dzhuk,19
dzhul,30
dzhulat,44
dzhulsub,37
dzibanche,30
dzibilnocac,78
dzierzgon,22
dzil_nchaa_sian,208
dzil_taadn,99
dzilam,53
dzingcho,109
dzisna,24
dzithinahnde,75
dzogang,11
dzogon,105
dzongkar,1
dzyatlava,27
e_ometaeso,110
e_omita_i,128
eagle,11
eampepaigosode,181
east_aasax,243
east_cubanacan,38
east_falkland,11
east_gogo,218
east_hanos,28
east_hehe,353
east_kimbu,240
east_konongo,285
east_lomwe,241
east_makhuwa,316
east_ngindo,197
east_ongamo,90
east_palawa,30
east_sabaneque,85
east_shangana,293
east_sundarban,261
east_wembere,242
east_yao,247
ebeex,11
ebejico,17
ebelyakh,11
eben_ezer,184
ebersberg,10
ebibeyin,107
ebolowa,84
ebstorf,16
ebya,11
echemmaia,53
echi,92
echimamish,74
echiy,11
ecija,66
eckernforde,13
ed_daein,623
ed_damer,20
ed_debba,8
edappaly,124
edaula,11
edd,10
ede,62
edea,57
edessa,30
edfu,1
edinburgh,4
edirne,34
ediziza_trail,22
edremit,36
educhanka,52
edzna,37
eexiwa,118
efate,16
egabeni,155
egegik,34
eger,35
eggenfelden,14
eggers_o,11
egil,49
egilsstadir,10
egin,36
egirdir,76
egito,69
eglat_faisal,11
egremont,41
ehdacho,11
ehwae,28
eianamogola,89
eichstatt,10
eid,2
eidfjord,4
eidsvoll,45
eiland,336
eimastukwek,12
einarsfjord,11
einbeck,16
eindhoven,74
eiowane,81
eisenach,7
eisenberg,7
eisiskes,14
eisleben,16
ejea_de_los_caballeros,27
ekab,73
ekenas,17
eket,252
ekholm,7
ekityki,11
eko,244
ekonda,11
ekwan,11
ekwentondie,18
el_abiodh_sidi_cheikh,48
el_agheila,5
el_alamein,5
el_arish,10
el_ayum,11
el_bahnasa,1
el_balyana,1
el_bayadh,73
el_burullus,75
el_buur,37
el_buwit,1
el_darad,25
el_dhere,77
el_eleila,52
el_escorial,126
el_fahs,28
el_gadarif,178
el_golea,22
el_guerrara,14
el_hamurre,41
el_jem,16
el_jundi,11
el_kala,40
el_kantara,36
el_kef,41
el_kseur,49
el_ksour,31
el_mahalla,1
el_manaqil,40
el_metemma,15
el_milia,24
el_obeid,326
el_qasr,1
el_qoseir,11
el_sheikh,46
el_tor,10
elassona,47
elbasan,77
elbistan,22
elblag,11
elche,10
elcui,168
eldikan,11
eleuthera,15
elgin,1
elgyai,11
elgygytgyn,11
elhdaqox_t_in,77
elhovo,26
elimaki,15
elista,78
elizondo,50
elk,27
elkhorn,38
elki,137
ellur,119
ellwangen,12
elmali,20
elounda,12
elsfleth,7
elsiktuk,14
elton,83
elvas,16
elverum,37
ely,10
em_dinaneni,153
emasulia,167
emba,49
emden,10
emei,388
emet,16
emin,60
eminabad,55
emirdag,34
emthanjeni,39
emuer,103
emyakhsin,11
ena,48
enare,1
enashimo,11
enawene,120
enchukamao,11
endirey,47
eneabba,46
enenlhet,232
enewetak_atoll,11
enez,8
engeruka,238
enggano,6
enghien,93
enguzud,41
enhe_hada,121
enhua,51
enice,67
enijo,110
enisala,33
enjebara,176
enken,11
enkoping,10
enlhet,176
enmyl_yn,11
ennis,13
enniskillen,2
eno,37
enontakis,1
enoo,11
enookwasaneenah,85
enoree,42
enping,100
enselxcin,70
ensisheim,10
entraigues,12
enugu,267
enxet,190
enzhou,13
eora,54
epe,154
epernay,17
epi,11
epinal,10
epixyu,95
epwikek,44
eqlid,1
er_rich,26
erachimo,11
eramosa,34
erbach,9
erbach_swabia,11
erbil,55
ercis,21
erdao,46
erding,11
eregli,12
eregli_kar,55
erenkhot,367
eretreia,8
erfurt,8
ergani,10
erie,57
erigavo,32
erikub_atoll,11
eringiin,58
ermenek,17
ermioni,14
ernan,14
erode,240
erongaricuaro,82
eroo,70
erris,35
erromango,14
eruh,12
ervykynnot,11
erzin,85
erzincan,18
erzurum,22
esashi,38
esashi_hokkaido,23
escatawppa,57
eschenbach,10
eschwege,13
escoria,27
escurial,14
eseejja,257
eseka,109
esekatik,35
esfarayen,18
esgueira,61
esk_el,40
eskalapia,75
eskil,34
eskimanetigon,34
eskippakaithiki,101
esna,1
eso,42
espakeh,1
espe,21
espiel,72
espopolames,219
esquatak,30
esquegua,21
ess,11
essen,6
essequibo,97
essipit,14
estatoe,22
este,7
estella,87
esteriktyaax,11
estok_gna,99
estremoz,14
eswawpuddenah,49
esztergom,15
etain,17
etampes,27
etawah,464
etchemin,15
ethapetha,76
etharita,34
ethekwini,185
etiwan,37
etnemitane,34
etoho,43
etomami,105
etorofu,11
etrek,35
etzanoa,108
etzatlan,26
etzikom,83
eufaula,53
eumseong,10
eura,33
eutin,6
evenksk,11
evian,15
evinayong,56
evora,16
evreux,16
evuevi,109
evur,15
ewina,109
ewksikni,35
ewu,93
ewyas,9
exeter,18
exuma,11
eyapaysis,102
eynegol,44
eyvan,42
eyvanekey,159
ezerenai,19
ezorongondo,11
faaite_atoll,11
fabriano,10
fachi,11
fadak,10
fadisheh,11
faenza,9
fagaras,27
fahambahy,49
fahraj_narmashir,1
fahrej,11
faiyum,1
fakarava_atoll,11
fakenham,46
falaba,108
falaise,14
falam,13
falenki,50
falkoping,8
fallingbostel,12
falster,8
falun,26
famagusta,14
fana,6
fanado,92
fanakat,68
fanchang,14
fancheng,35
fandene,25
fangcheng,71
fangling,135
fangshan,31
fangshan_lishi,14
fanxian,10
fanyang,12
faqus,1
farah,8
farakala,135
faramana,117
faran,11
faras,1
farasan,11
farashband,35
faraveh,66
fardawsa,20
farfan,72
farhadgerd,17
faridkot,137
farim,101
farim_iran,73
fariman,17
farkhor,47
farnebo,80
faro,17
farsala,30
farumad,6
fas_papua,76
fasa,26
fashoda,221
fastiv,29
fatehabad,70
fatezh,30
fathabad,189
faucigny,11
fayd,9
fayzabad,57
fazughli,428
fecamp,15
fehervar,32
feicheng,20
feihu,160
feira,36
feixian,310
feldbach,8
feldkirch,4
feldkirchen,87
felegyhaza,32
feltre,19
felvint,8
fem_mapu,63
fengcheng,55
fengcheng_fengcheng,43
fengchuan,167
fengdu,390
fengfu,32
fenghua,196
fengjie,408
fengle,65
fengqiu,10
fengrun,19
fengxi,64
fengxian,2
fengxiang,32
fengxin,100
fengzhou,76
fenning,249
fenoarivo,126
fenoarivo_east,73
fenouillet,34
fenxi,50
fenyi,60
fereydunshahr,25
fergana,44
feriana,33
fermo,17
fermoselle,11
fermoy,11
fernando_po,28
ferns,5
ferrara,7
ferrette,15
ferrol,134
feurs,14
fez,44
fiambalao,154
fianarantsoa,155
ficarolo,10
fifinda,98
figeac,18
figueira,30
figuig,36
fimi,115
fin,24
finalborgo,47
fingal,9
finike,36
finisterre,100
fiorenzuola,12
fipa,327
firabr,19
firozkoh,6
firozpur,75
firuzabad,41
firuzabad_bahraich,209
firuzkuh,194
firuzkuh_afghanistan,16
fischhausen,14
fish_lake,16
fishguard,3
fisque_menuco,194
flaming_gorge,44
flekkefjord,18
flensburg,14
flesberg,21
flint,4
flix,13
floda,10
florac,40
florence,16
florina,11
foca,15
focsani,21
fofa,43
foggia,16
fogo,11
foix,14
fomena,96
fomin_gorodok,9
fominichi,24
fontenay,18
foping,34
forcados,140
forcalquier,18
forchheim,6
ford_liard,84
forfar,50
formiga,126
forssa,10
fort_dauphin,20
fort_simpson,151
fosdinovo,166
foshnya,29
fosna,1
fougeres,16
foum_zguid,1
foumban,124
fraga,22
francavilla,15
frankenberg,9
frankfurt,7
frassinoro,178
frauenfeld,27
freiberg,9
freiburg,8
freienwalde,18
freising,5
freistadt,10
frejus,19
fremont,61
french_ales,192
fresco,86
fresnes,10
freyburg,11
fribourg,14
friedberg,14
friedberg_hesse,12
friesach,52
friesoythe,5
frombork,16
froso,6
frutigen,73
frydlant,16
fryksdal,75
fryvaldov,76
fuan,128
fucheng,71
fucheng_hejian,8
fuchi,99
fuchuan,77
fuchuan_ningxia,108
fuenteovejuna,20
fuentiduena,11
fufeng,13
fugeshi,75
fugou,7
fugu,48
fuji,30
fukushima,11
fulaga_atoll,11
fulda,11
fuliang,178
fulni_o,272
fuman,29
fumin,16
funafuti_atoll,11
funai,104
funchal,195
fundeku,98
funil,258
funing,44
funing_huaian,200
funtua,124
funza,15
fuping,148
fuping_xian,19
fuqiang,62
fuqing,24
furstenberg,9
furstenfeld,28
furubetsu,11
furubira,11
fushan,13
fushan_jiaozhou,16
fushan_muping,245
fushi,74
fushu,93
fushui,55
fushun,49
fushun_liaoyang,36
futakata,102
futi,208
futian,12
futoro,11
futra_lhewfu,72
fuwa,1
fuwa_mino,50
fuxin,176
fuyang,238
fuyang_hangzhou,205
fuzhou,52
fuzhou_guangnan,60
fuzhou_liaoyang,142
fuzhou_sichuan,339
fuzhou_songpan,146
fuzhou_yanan,63
fwai,18
gaaigosode,142
gaamiskwaabikaang,97
gabes,8
gabin,21
gabra,144
gabun,93
gacgatagyn,11
gacko,15
gadag,68
gadchiroli,100
gadegara,30
gadubanud,36
gadwal,33
gaeju,18
gaeryeong,17
gaeta,19
gafsa,26
gagi,28
gagraun,55
gahato,44
gaia,97
gaiman,42
gainou,11
gairloch,2
gaiseni,41
gaizhou,47
gakona,11
galaagu,104
galati,14
galbyn_gobi,17
galeana,75
galibal,112
galich,38
galinhas,76
galisteo,7
galkayo,67
galle,181
gallipoli,20
gallipoliita,18
galo,1
galway,12
galyax,37
gambaga,107
gambaru,17
gambela,592
gamberre,75
gambia,25
gambo,147
game_ti,11
gameleira,352
gamka,13
gamo,115
gamou,92
gampola,349
gamrun,25
gan,161
gan_gan,119
gana,533
gana_damate,84
gananggalinda,211
gananoque,21
ganaraska,28
ganatchio,67
ganda,122
gandamak,32
gandava,3
ganden_delingshar,11
ganderbal,112
gandersheim,6
gandia,37
gandikota,51
gandzasar,37
gane,38
ganen,36
gangadvara,128
gangela,101
ganggalida,211
ganggye,119
gangtok,2
gangulu,139
gani_koe,16
ganja,39
ganjam,144
ganlygala,52
gannata_giyorgis,58
ganneious,25
ganquan,48
ganserndorf,19
ganxian,181
ganyu,21
ganyushkino,29
ganze,102
ganzhou,46
gao,12
gaoan,46
gaocheng,13
gaocheng_suizhou,79
gaomi,25
gaoming,84
gaoping,15
gaoqiao,114
gaotai,15
gaotang,15
gaoui,51
gaoyang,48
gaoyang_baoding,1
gaoyao,120
gaoyou,41
gaoyuan,32
gaoyuan_jinan,1
gap,21
gapsan,56
gapyeong,10
garabito,107
garacad,15
garadoume,50
garafraxa,26
garalo,150
garandoili,48
garbahare,128
gardelegen,12
gardez,24
gardman,37
gardr,11
garengaze,111
gargando,11
garha,63
garhwa,138
gari,59
garibams,11
gariep,123
garingbal,183
garmisch,44
garmsir,13
garoowe,27
garoumale,11
garreh,364
gartok,11
garu,16
garun_gabas,49
garwolin,28
gashowu,38
gashun,1
gaspe,27
gattaran,25
gaua,11
gaur,150
gavrilovskoye,22
gawakomitigweia,129
gawilgarh,189
gaxun_gobi,11
gaya,952
gaya_n,111
gayardilt,144
gayiri,249
gayny,28
gayo_lues,21
gayon,56
gaza,19
gazanjyk,35
gazrin_chuluu,95
gazzllatin,61
gbabiri,251
gbepleu,208
gdansk,35
gdov,28
geawegal,109
gebergeyel,157
gechak,11
gecheng,9
gedi,63
gediz,44
geelong,68
geertruidenberg,9
gefle,8
gegen,165
gegong,126
gegou,52
gelanggi,122
geldern,12
geledi,44
gellivaara,11
gembu,182
gemer,24
gemerek,30
gemona,19
genc,40
gendebelo,111
generostee,37
geneseo,42
geneve,17
gengdang,30
gengma,48
genoa,48
geochang,43
geoje,70
georgievskoye,18
gera,11
gerace,18
gerdauen,22
gerede,20
geregia,49
gereshk,55
gergal,15
gerger,81
gergeri,10
gerik,62
gerit,39
germersheim,11
germi,35
gerze,45
gerze_tibet,11
geshitsa,124
gestenthorpe,6
geumseong,39
gex,106
geynyan,140
geziyandun,14
ghadames,3
ghampur,105
ghansor,294
ghardaia,75
ghari,18
ghariyan,14
gharm,45
ghasipura,64
ghassasa,40
ghat,11
ghatgaon,287
ghatsila,85
ghazipur,237
ghazni,17
ghent,32
gheorgheni,16
ghobeyra,9
ghormach,45
ghorveh,15
ghotki,1
ghumayqah,27
giannitsa,28
gibraltar,6
gichthanne,118
gidhaur,985
gidi_tika,54
giedraiciai,12
gien,6
giessen,10
gifhorn,8
gigen,20
giiwas,16
gilan_gharb,31
gildeskal,13
gilgel_beles,256
gilgit,30
gilju,98
gillberg,62
gilyuy,11
gimbi,220
gimje,14
gimpil_darjaalan,108
ginebig,70
gingee,240
ginoogaming,37
ginzo_de_limia,104
gioro,22
giraiwurung,53
giresun,11
girgenti,25
girin_ula,129
girona,18
gisors,21
gitxsanimaax,20
giurgiu,18
giwitatigweiasibi,79
giya,84
giza,1
gizhiga,11
gjakova,16
gladsax,23
gladzor,29
glamoc,57
glarus,31
glasgow,3
glauchau,7
glavacioc,30
glaz,25
glendalough,36
glexwe,76
glogow,18
glommadal,15
glossop,4
gloucester,12
glubczyce,11
glubocica,24
glukharinyi,11
glushkovo,29
gmaap,229
gmunden,42
gniew,13
gniezno,19
gnowoo,177
goa,339
goalpara,227
goana_para,144
goaso,111
goat_creek,18
goba,134
gobindpur,216
gochacalla,19
godagari,184
gode,93
godthab,11
goeju,10
gogai,230
gogodala,12
gogol,22
gohayo,12
goianas,104
goito,7
gojijin,25
goju,48
gokabat,37
gokak,107
gokju,16
gokseong,331
goksholm,8
goksun,22
golashkerd,13
golconda,89
goleniow,14
golere,4
golhisar,55
golino,12
golmin_salggiyan,133
golo_muiassa,45
golpayegan,2
goly_karamysh,47
gombe,102
gomel,32
gomene,94
gomsi,47
gomu,32
gonabad,19
gonaqua,154
gonc,21
gonda,239
gondal,172
gonder,50
gondokoro,545
gonen,19
gonga_chode,12
gongan,32
gonganbao,19
gongcheng,92
gongjiang_jurchen,99
gongju,92
gongkar,22
gongshan,35
gongxian,17
goniadz,11
gonjo,2
gonkri,11
gonogochi,133
gonpatsi,1
good_hope,11
goodpaster,11
gooniyandi,279
goppingen,9
gora,6
gorachouqua,21
goraghat,334
gorakhpur,828
gorbatovo,26
gordes,27
gore,413
gorele,21
goreng,111
gorgan,42
gori,41
gori_gori,34
goringhaikona,22
goringhaiqua,13
goris,24
gorizia,28
gorkha,182
gorkovskoye,106
gorlitz,24
gorlos,183
gorodechnya,18
gorodets,28
gorodets_luga,27
gorodetsk,30
gorodishche,56
gorodishna,22
goroditse_megra,34
gorodok,23
gorodovikovsk,42
gorokhovets,22
gorongoza,163
gorontalo,38
goronyo,44
goroti_kumrenhtx,268
gorouol,10
goroz,53
gorrones,118
gorzow,15
gosaoie,12
goseong,72
goslar,4
gossi,28
gostynin,10
gotera,38
gotha,11
gotheye,23
gottingen,13
goudel,45
goudooumaria,43
goulfey,26
goumbou,63
goundam,1
goundi,222
goupingguan,120
gourdon,12
goure,45
gouriqua,39
gouritsmond,41
gourma_rharous,11
gouveia,101
gowa,38
gowtano,62
goychay,28
goynuk,140
grabow,10
grabowiec,29
grachevka,54
gradac,45
gradina,31
gradiski_brod,26
grafenau,8
granada,22
granadilla,23
grancey,16
grand_bassam,81
grand_lahou,127
grand_manan,11
grandpre,13
grange,29
granite,72
grant,60
grant_creek,21
grantham,13
grass_creek,67
grasse,13
gratesk,11
gratia,27
gravia,17
gray,23
grayling,11
graz,10
great_zimbabwe,83
gremi,27
grenland,24
grenoble,117
gresi,64
gresik,128
grevena,20
grevesmuhlen,14
gribingui,344
griekwastad,124
griesbach,13
grigoropolisskaya,33
grimma,16
grimmen,14
grimsby,18
grindsted,20
grobina,18
grodek,22
grodkow,28
grodno,23
grodzisk_wielkopolski,15
grojec,24
gromatukha,82
groningen,4
gronnedal,11
grosseto,19
grudziadz,12
grundsunda,11
gruyere,47
gruzino,28
gryazovets,33
gryfia_gora,14
gryfow,13
grythyttan,5
guacata,65
guacayakima,55
guachichil,156
guachoyo,89
guadalajara,28
guadalupe,19
guadix,17
guadual,122
guaduas,13
guahaba,43
guahan,11
guaiana,134
guaimaro,40
guaimas,67
guaitaca,208
guaitaka,475
guaja,137
guajajara,229
guajara,154
guajobos,255
guajoquilla,69
gualamba,89
gualas,139
gualeguas,128
gualeguay,145
guama,22
guamanmayo,15
guamonial,32
guamontey,236
guamuhaya,40
guan,2
guana,137
guanabo,17
guanacevi,66
guanahani,15
guanamacabibes,56
guanambi,276
guanare,212
guanay,74
guancavilca,71
guancheng,10
guancheng_zhengzhou,16
guanchenis,168
guandacol,259
guanfu,74
guangan,47
guangchang,81
guangde,249
guanghai,183
guanghua,17
guangji,33
guangling,34
guangnan,30
guangning,50
guangning_zhaoqing,180
guangping,20
guangshan,108
guangsuoling,57
guangxi,14
guangze,122
guangzhou,21
guangzong,14
guaniguanico,81
guanima,11
guanimar,31
guanipa,315
guantanamo,36
guantao,16
guanyang,118
guanzhou,64
guaquili,46
guaquire,150
guaraca,16
guarapiri,129
guarapuava,196
guarasugwa,83
guarasugwe,101
guaratingueta,27
guarayo,194
guarda,11
guarico,180
guarinoes,33
guarisamey,121
guaritico,71
guarungube,12
guarzo,55
guastalla,9
guatacuba,420
guato,189
guaviare,135
guaxaban,45
guaxenicos,59
guaxule,26
guayacundo,160
guayana,99
guayangareo,59
guayaquil,31
guaycura,93
guaygata,66
guaynabo,31
guaynia,21
guayupes,100
guazacapan,62
guazapayogliglas,130
guazhou,1
guazoco,68
guba,102
gubakha,51
gubbi_gubbi,118
gubbio,11
guben,17
gubio,53
gucheng,65
gucheng_jingzhou,15
gucheng_xi,19
gucheng_zhending,10
guchung,69
guchuntikka,58
gudamalani,211
gudur,123
gueiquesales,168
guelengdeng,105
guelma,46
gueme_sangan,266
guenoa,211
guentota,54
guerande,13
guercif,26
guereda,193
gueret,26
guettara,11
gugera,39
gugu_badhun,292
guhlkahende,157
gui,374
guiaquitas,70
guichi,200
guichita,59
guide,66
guidimouni,66
guidong,108
guihua,73
guiigu_yudxi,46
guildford,11
guiling,52
guimaraes,141
guiping,35
guiratinga,305
guire,59
guise,12
guishan,138
guishun,46
guixi_guangxin,76
guixin,9
guiyang_chenzhou,317
guiyang_hengyang,117
guizhou_guizhou,36
guizhou_xunzhou,36
gujou,32
gujrat,50
gulang,75
gulbarga,47
gulbene,35
gulcha,55
guliang,140
gulidjan,48
gulin,255
gulistan,47
gulja,82
gulmi,214
gulshara,7
gulvau,209
gulya,11
guma,6
gumbaynggirr,143
gumbinnen,26
gumel,61
gummersbach,7
gumus,32
gumushane,84
guna,73
gunaaxoo,18
gunbalang,92
gunditjmara,111
gungabula,120
gunindiri,161
gunma,77
gunnaur,729
gunnedah,121
gunt,11
guntur,49
gunung_sahilan,65
gunung_sugih,60
gunupur,254
gunwinggu,94
gunza_anbamba,51
gunzburg,11
guochuan,13
guohuo,30
guolimu,20
guozhou,58
gura_galbenei,34
guramal,141
gurbillup,50
gureng_gureng,226
gurgaon,140
gurghiu,18
gurgueia,219
gurindji,327
guringai,120
gurkyang,46
gurramkonda,123
gurun,12
gurupatuba,134
gurupi,316
gusau,114
gushan,76
gushi,116
gustrow,22
gutian,305
gutti,36
guugu_yimidhirr,111
guvrel,11
guwa,74
guwahati,266
guwan,43
guwandhaang,218
guwevkabaya,68
guwinmal,192
guzelhisar,32
guzhang,137
guzhen,65
guzhou,195
guzor,45
gwa,27
gwaay_haanas,11
gwadar,1
gwalior,142
gwangju,196
gwaram,141
gwatar,1
gwenaska,42
gwiju,22
gyama,2
gyamda,6
gyanema,11
gyantse,1
gydo,27
gyeongju,24
gyeongseong,42
gynaikokastro,24
gyor,23
gytgomkyvamm,11
ha_va_nguon,42
haapai,11
habana,39
habban,1
habiyah,1
hacarigua,90
hacaritamas,93
hachberg,9
hacibektas,47
hackensack,22
hadamar,7
haderslev,22
hadiach,35
hadibu,4
hadishahr,33
haditha,2
hadiya,218
hadjer_haddid,191
hadong,11
haeju,20
haenam,30
haerhhana,108
hafar_al_batin,21
hafik,19
haga,68
hagenow,13
hagios_pavlos,23
haguenau,9
hagwilget,63
hahahae,167
hahatououadeba,116
hahawakpa,104
haifeng,158
haihaer,140
haikang,26
hail,8
hailang,74
hailar,95
hailing,228
hailun,149
haimen,1
haining,11
haiom,236
haisla,43
haiyan,15
haiyang,182
haiyuwel,11
haizhou_liaoyang,73
hajar,1
hajduszoboszlo,28
hajiabad,12
hajipur,568
hajjah,17
hajjiabad,13
hajjiabad_zarrindasht,25
hajner,79
hajnowka,28
hajo,40
hakata,107
hakha,12
hakkari,16
hala,1
halaban,12
halas,34
halberstadt,12
halchidoma,11
halden,6
haldensleben,14
haleri,505
halesi,168
hali,10
haliti,187
hall,11
halle_an_der_saale,10
hallein,53
hallingdal,14
halmstad,9
halona_idiwana,148
halshany,23
halych,18
hama,21
hamadan,26
hamar,13
hamaroy,1
hambantota,93
hambatus,106
hambukushu,195
hamburg,7
hamcumqua,160
hamdallaye,55
hamelin,10
hamenk,11
hamheung,82
hamhmam,11
hami,28
hamidiyeh,49
hamm,9
hammamet,21
hammerdal,12
hammerfest,11
hammershus,9
hamrange,11
hamtai,53
han,40
hanabana,68
hanagal,134
hanasaki,11
hanau,8
hanawa,36
hancheng,103
hanchuan,25
handan,14
handbord,7
handia,98
hangu,30
hangu_romania,35
hanguang,242
hangzhou,13
haniguayagua,39
hanimmei,31
hanle,47
hanol,196
hanover,12
hansan,14
hanshan,102
hansi,116
hantam,80
hanyang,22
hanyin,54
hanyuan,149
hanzawa,8
haomen,11
haorangi_atoll,11
hapcheon,44
hapsal,12
hapur,887
haql,7
harad_al_ahsa,15
harad_asir,280
haradok,28
harahey,123
harandzuvan,36
haranka,65
harar,149
harardhere,24
harat,12
harburg,11
harbuzynka,41
harcourt,22
harderwijk,20
hardoi,298
haresabad,7
hargan,138
hargaya,77
hargeisa,95
harib,1
harishpur,26
harlau,30
harlech,2
harlingen,4
harmancik,10
harnosand,10
harput,37
harran,33
harrand,92
harricana,37
harris,2
harro_walabu,199
harrow,9
harsova,25
harunabad,51
has,32
hasakah,32
hasankale,35
hasankeyf,27
hasar,166
hashatjin,43
hashtrud,39
haskaont,21
haskovo,28
hassan_karnataka,150
hasselt,18
hassfurt,8
hastings,12
hata,177
hatam,11
hatchie,79
hateg,33
hatera,35
haterk,32
hatteras,37
hattfjelldal,4
hatthigiripura,129
hatun_kanar,37
hatun_killaka,113
hatun_xauxa,57
hatunllacta,89
hatunqulla,1
hatunsaray,32
haugalandet,2
haungtharaw,67
hauraki,73
havaii,11
havasu,11
havasubaaja,160
havelberg,7
haveri,45
havero,19
hawaastatkiicu,159
hawoben,11
hawraman,28
haya,93
hayami,75
haylan,41
haymana,28
haynay,55
hayq,75
hayrabolu,29
hays,105
hazarasp,1
hazaribagh,181
hazelton,40
hazro,39
he_sapa,172
headdhetanwan,120
hebin,272
hebron,36
heby,9
hechi,114
hede,13
hedemora,13
hedesunda,8
hedingham,11
hedmarksvidda,13
hedong,19
heeyoteyoo,111
hefei,154
hehe,21
hehvaitaneo,67
heide,18
heidelberg,7
heidenheim,7
heilbronn,9
heiligenhafen,16
heiltsuk,14
heinjoki,10
heinola,9
heinsberg,10
heishui,101
heizhang,98
hejian,2
hejiang,138
hejin,13
hekikai,97
helfenstein,11
hellin,13
helmond,50
helmstedt,12
helong,47
helsingborg,21
helsinge,7
helsingor,33
hemang,63
hemtine,213
hendijan,12
henei,17
hengshan,182
hengshui,3
hengyang,130
heni,26
henley,9
hennebont,8
heoryeong,63
hepa,127
heping,227
hepu,50
heqing,33
hequ,20
hequ_wuding,27
herat,26
hereford,12
heretaunga,89
hereti,38
heris,30
herjolfsnes,11
hermagor,9
herment,9
herrera,15
hersfeld,4
hertford,12
hertogenbosch,26
herzberg,3
herzfelde,13
hesdin,7
heshui,45
heshun,33
hessequa,39
hetu_ala,36
heungyang,30
heves,31
heviksnipahis,97
hewanorra,43
hexham,85
heyang,9
heyang_xian,20
heyuan,18
hezhong,214
hezhou,31
hezhou_he,42
hiambouli,23
hicayagua,46
hidaka,98
hienatiemi,11
hienuki,33
hieraniony,23
higashikanbara,46
higashikubiki,112
higashimatsuura,119
higashimuro,63
higashiokitama,70
higashisonogi,45
higashiusuki,106
hijli,244
hikami,168
hiki,37
hildburghausen,7
hildesheim,13
hill_nomlaki,47
hillah,1
hilo,40
himba,88
himologan,33
himuris,67
hinai,73
hinglaj,1
hingoog,31
hinis,26
hino,81
hinono_ei,51
hinsepu,95
hinthada,54
hinyaa,81
hinyankaga,112
hipalan,11
hiraka_aomori,29
hirmata,39
hiroo,9
hirson,11
hisar,151
hishikari,18
hisiometaneo,106
hissar,44
hisse_yoyi_yoe,85
histahayo,74
hit,7
hita,55
hitchauta,48
hitchiti,55
hitu,12
hiva_oa,11
hiw,1
hiwasee,20
hiyama,41
hiyama_hokkaido,17
hizan,48
hjo,7
hjorring,30
hkamti,29
hlahlandlela,186
hlohovec,27
hlucin,7
hlukhiv,29
hlusk,31
hlybokaye,22
hlynne,19
hmawbi,122
hnahnu,172
ho_bay,63
hoa,116
hoachanas,384
hoan_chau,47
hoboksar,52
hoborg,15
hobyo,30
hocabail,21
hochelaga,13
hochob,43
hocking,75
hodod,23
hodonin,19
hoengcheon,11
hoengeiqua,150
hoeyang,78
hof,10
hofgeismar,8
hogdal,63
hogehege,69
hogohega,42
hoh_xil,13
hohenberg,10
hoi,12
hoifa,142
hoilkut,12
hokah,97
holar,11
holeylan,44
holic,18
hollabrunn,18
hollola,16
holmur,8
holstebro_lundenes,14
holtalen,9
holzminden,9
hom,11
homalco,11
hombori,64
hometwoli,45
hominka,34
homs,25
honaz,20
hondosaka,112
hong_chau,79
hongcheon,32
hongju,12
hongsa,49
hongshui,32
hongtong,22
hongxian,103
hongyuan,79
honih_hiyo_he,181
honnavara,204
hont,49
hoorn,13
hopatcong,35
horb,8
horicon,28
horki,22
hormuz,7
horn,22
hornborg,8
horodnia,31
horodok,29
horodyshche,30
horoshino,25
horsh_aiken,11
horstmar,44
horta,11
hosap,15
hoshangabad,221
hoskitaga,93
hoskote,31
hostoticpac,113
hostotipaquillo,185
hot,57
hot_springs,89
hotalich,27
hotin,34
hotoanaohe,113
hottah_ti,11
houguan,184
houma,72
houmi,77
hounde,100
houtunqua,79
hoveyzeh,22
hovtva,35
hoxter,6
hoya,15
hoyerswerda,8
hoyu_ao_he,157
hpa_an,68
hradec_kralove,19
hradiste,26
hryshyne,34
hsenwi,57
hsipaw,81
htamanthi,65
htigyaing,47
htilin,76
huacareta,108
huacatambo,27
huacheng,240
huachi,55
huacrachuco,45
huafeng,14
huaian,111
huaihua,210
huaiji,156
huailai,71
huaining,57
huairen,20
huairou,50
huaiyuan,114
huaiyuan_mizhi,66
huaiyuan_rongzhou,189
huajuapan,170
huajuco,239
hualahuises,145
huallumarca,60
huaman_karpa,11
huamanpata,16
huambo,156
huambos,80
huamelula,37
huamual,18
huanacache,152
huancachaca,11
huancapampa,103
huandacareo,13
huangan,65
huangcaoba,120
huanggang,106
huanglong,146
huangmei,29
huangpi,56
huangping,49
huangxian,14
huangyan,202
huantajaya,20
huanzhou,112
huanzhou_qingyang,125
huarco,12
huari,51
huarmey,42
huarochiri,68
huarong,73
huasco,10
huatabampo,125
huating,324
huating_pingliang,34
huaxcama,98
huaxtepec,27
huaxtla,192
huayacocotla,244
huayin,19
huaying,46
huayuan,43
huayuantou,115
huazhou,17
hubek,47
hubli,188
hucha_hudan,77
hudaida,43
hudiksvall,25
hudur,87
hue_hue_ri_gi_ta,161
huedin,33
huehuetan,79
huelva,17
huesca,27
huescar,17
huete,26
huexotzinco,16
huguan,16
huhuhla,13
huian,39
huichang,130
huicheon,39
huichuan,2
huichuan_dechang,303
huifacheng,174
huihe,49
huilai,20
huili,173
huiqi,299
huista,42
huitong,176
huitzquilic,15
huixian,93
huizhou,47
huizhou_gongchang,112
huju,87
hukawng,53
hukou,10
hulagan,40
hulan,165
hulawen,76
hulbuk,43
huliaipole,46
hulin,139
hull,8
hulst,3
hulu_baram,38
hulu_barito,77
hulu_jelai,46
hulu_kahayan,87
hulu_kapuas,69
hulu_kinabatangan,88
hulu_labuk,65
hulu_lamandau,74
hulu_limbang,16
hulu_mahakam,75
hulu_melawai,60
hulu_mendawai,64
hulu_mentaya,89
hulu_mesuji,55
hulu_musi,54
hulu_padas,49
hulu_paser,58
hulu_pawan,79
hulu_sambas,78
hulu_segama,48
hulu_sembakung,78
hulu_seruyan,51
hulu_telen,68
hulun,193
hum,146
humadea,58
humar,169
humati,61
humbe,97
humbokado,30
humcumqua,12
humenne,26
huncun,84
hunedoara,30
hunfeld,15
hungry_horse,45
hunguy,67
huntingdon,13
hunucma,51
hunyuan,21
huolin,187
huolu,58
huoqiu,215
huoshan,130
huoyi,10
huozhu,81
hupenuu,184
huraydah,1
huriel,27
hurle,135
hurunui,11
husavik,1
husaynabad,1229
huseyinabad,26
husi,16
husinec,14
husum,20
hutayb,31
huth,481
hutton,70
huupalikooche,94
huwwarin,8
huxian,18
huysiyn,28
hvalsey,11
hvamstangi,11
hvittis,19
hvlan,128
hvolsvollur,1
hwaju,34
hwalbay,129
hwangju,15
hwasun,18
hymahi,36
hythe,9
hytop,68
ia,91
iagodnoie,11
iagorlic,62
iaguarauna,47
ialophaybo,79
iaremappo,68
iasi,31
iate,218
ibaje,177
ibalong,41
ibaraki,16
ibb,30
ibequa,26
ibi,150
ibicui,194
ibirapuita,150
ibiza,6
ibo,100
ibotirama,344
ibra,15
ibrahimabad,287
ibri,9
ibusuki,138
ica,82
icabaqua,123
icafui,57
icalo,82
ichagarh,334
icheda,11
icheon,35
ichera,11
ichihara,36
ichirouganaim,11
ichishi,69
ichisi,53
ichitki,140
ichnia,28
ichon,23
ichugan,1
ichukanai,131
ichuna,48
ichuveem,11
ickari_kitsu,137
idah,142
idanha,24
idar,208
idensalmi,10
ider,1
idjil,11
idkabue,78
idlib,24
idodomya,48
idre,1
idrinskoye,111
idy_sakhalin,47
ife,128
iferouane,11
ifni,19
ifrane,11
iga,88
igan,30
igaracu,75
igbo_ukwu,325
igboho,120
igdir,29
igiliz,53
igiugig,31
igli,14
iglunga,11
igmu,174
igra,59
iguamuco,38
iguanacaera,80
iguape,28
iguazu,149
igumbi_andele,85
igushiq,14
ihara,87
ihkowom_iyo_he,136
ihosy,122
iichiilikaaashaashe,78
iiq,11
iisaxpuatahcheeaashe,70
iishi,55
ij_iran,30
ijathibe_wapta,81
ijebu_ode,100
ijnapuigosode,164
ika_nepa,11
ikab_ya,11
ikala,112
ikalamavony,112
ikalis,14
ikan,7
ikaria,6
ikaruga,171
ikeda,51
ikere,102
ikh_narttin_chuluu,87
iki_burul,105
iki_iki,12
ikjan,40
ikkatuluk,11
ikkeri,323
ikom,112
ikongo,60
ikongo_boa,155
ikorundu,95
ikosi,309
ikoyi,93
ikpeng,183
ikryanoye,57
iksa,19
ikuiapa,421
ilalumaala,11
ilam,43
ilambazar,767
ilan_hala,167
ilanbalyk,121
ilansky,140
ilanz,7
ilasi,52
ilchamu,167
ilek,128
iles_de_los,109
ilesa,128
ileza,17
ilgin,32
iliamna,19
ilibalyk,59
ilic,66
ilimo,39
ilimpeya,11
ilirnej,11
ilirska_bistrica,20
illapa,43
illecillewaet,29
illereichen,11
illescas,18
illichpur,234
illora,9
ilog,51
ilok,39
ilomantsi,11
ilorin,42
ilovlya,50
ilovna,20
ilucan,59
ilya,22
ilyino,18
ilyinsko_podomskoye,32
ilyinskoye_khovanskoye,22
ilza,60
imaapik,11
imadate,133
imakia,261
imangaq,11
imanka,23
imbaguarbak,52
imbangala,83
imbau,182
imbros,11
imilen,37
imizu,50
immenstadt,15
imola,11
impakwe,80
imphal,45
imsdalen,14
imsil,61
imst,3
in_amenas,12
in_gall,3
inagua,26
inaka,59
inalumaala,11
inapiremapu,105
inarigda,11
inbatskoye,11
incahuasi,83
incarraqay,55
incawasi,2
incheh_borun,34
inde,197
inderapura,23
indersdorf,8
indigiir,11
indore,450
indrapura,54
indrapura_khmer,319
inebolu,32
ineseno,182
ineu,28
inga,102
ingadi,11
ingapirca,1
ingapu,160
ingariko,289
ingatambo,77
ingedei,30
ingenika,54
ingnyeong,44
ingolstadt,15
ingombe_ilede,171
ingonish,11
ingul,41
inhambane,165
inhandui,175
iniesta,17
iningai,166
inishowen,37
initao,38
injangyang,44
inje,34
inju,359
inka_llaqta,114
innsbruck,5
innurmin,11
inonu,18
inotonniicaah,118
inowroclaw,21
inqua,31
insaombi,122
insar,53
insterburg,18
insuyu,25
intapushe,170
interlaken,47
inutsualak,11
inuviq,11
inverary,2
inverness,1
inverurie,3
iny_karaja,369
inyanga,59
inyanshashawatpa,223
inzia,212
ioannina,27
iowa,210
iparuka,260
ipatovo,53
ipholhhelhlhup,84
ipire,133
ipojuca,430
ipswich,13
ipueira,532
iqaluit,11
irafshan,4
irakinda,11
iranmranhre,403
irantxe,267
iraqw,168
irarutu,42
irawo,180
irbid,29
irbit,75
irece,376
irek,138
irelyakh,11
iresim,34
irgiz,152
iriirakiicuhat,155
irij,239
iriomote,19
irkineieva,15
irkutsk,75
irkutsk_kazachinskoye,60
irodo,84
irondequoit,29
irong_irong,36
irritila,68
irtysh,27
irvine,5
isabela_island,75
isaccea,18
isafjordur,20
isakhel,25
isatabu,35
isawa,18
isbijab,30
ischigualasto,136
iscuande,88
isenga,11
isenhagen,15
isernia,10
isfahan,1
isfara,30
ishak,45
ishanapura,91
ishbukun,11
ishigaki,16
ishikari,21
ishimbay,61
ishkashim,1
ishkoman,9
ishkul,194
ishma,47
ishpeming,77
ishpiialawaache,71
ishtaboli,32
ishtixon,39
isili,11
isinguro,206
isiro,702
iskanwaya,15
iskenderun,16
iskilip,27
iskwao,144
islamgarh,79
islamkot,103
islay,3
isluga,27
ismail,34
isoya,11
isparta,33
ispir,18
issoudun,19
istakhr,18
istalif,25
istanoz,33
isumi,28
iswa,52
ita_atiaia,291
ita_cuara,231
ita_kua_y,179
itaba,38
itabaiana,104
itaberaba,432
itabira,74
itaboa,93
itaboca,476
itacolomi,29
itaitu,212
itajai,79
itajuba,60
itajui,476
itakangapyra,112
italwa,25
itamarandiba,83
itanagar,41
itanhomi,116
itaparica,226
itapecuru,166
itapemirim,277
itaperuna,267
itapetininga,79
itapeva,139
itapicuru,284
itapiracaba,223
itapirapua,356
itapocu,98
itaporanga,86
itapua,139
itaraholata,43
itarap,76
itarare,166
itaratim,118
itatsky,113
itaueira,271
itekiatonhniarikon,26
ithriya,30
itihumma,69
itis,15
itkanaahtuusu,116
itomamo,11
itonama,109
itscheabine,130
itu,34
itu_jilin,141
ituzaingo,178
itya_mahadu,223
itzalku,50
itzamkanac,66
itzcalpan,17
itzcuintlan,67
itzocan,23
iultin,11
ivalo,1
ivangorod,6
ivanovo,21
ivanpah,11
ivanteyevka,36
ivashka,11
ivdel,21
iveagh,7
iviatim,50
ivituut,11
ivohibe,142
ivrea,18
ivuna,233
iwafune,111
iwai,57
iwaki,40
iwal,15
iwanai,11
iwase,15
iwate,58
iwo,148
iwol,145
iwur,19
ixcatlan,15
ixesi,169
ixmiquilpan,117
ixtacamaxtitlan,228
ixtachichimecapan,32
ixtapan,109
ixtlahuaca,103
ixtlahuacan,20
ixtlan,104
ixtutz,39
iyawakagapi,81
iyeesnime,45
iyengra,11
iyesyak,11
iyo,128
izberdey,28
izboishchi,26
izborsk,20
izdeshkovo,24
izeh,45
izhevsk,44
izhma,11
iziaslav,26
izium,57
izki,13
izmit,21
iznik,42
izori,31
iztachacalapan,17
izumi,136
izumi_satsuma,72
izumo,54
izyaslavl,21
j_hradec,18
jabar,50
jabar_goemba,108
jabbul,26
jabhua,52
jabirrjabirr,50
jabiyan,102
jableh,17
jaboticabal,101
jaburrara,24
jaca,36
jacarei,24
jachal,186
jachymov,10
jacu,308
jacui,104
jadliaura,52
jadu,3
jae_aaya,54
jaen,34
jaeren,8
jaeryeong,14
jaffa,28
jaffna,34
jagadevipalayam,205
jagaraga,139
jagatipur,110
jagdalpur,49
jagga_kalemba,40
jaggas,130
jagin_zir,13
jagodina,13
jagua,45
jaguarao,102
jaguarari,406
jahreh,50
jahrom,36
jahunda,61
jaiba,165
jailolo,23
jaintiapur,41
jaisalmer,1
jaitmatang,110
jajarm,15
jajce,94
jajjaldeypur,319
jajnagar,46
jakelbalak,164
jalalabad,41
jalalabad_fergana,36
jalalpur_pirwala,1
jalan_buani_buali,2
jalandhar,140
jaleq,1
jalesar,20
jalesar_doab,862
jaligny,10
jalna,71
jalor,90
jalpaiguri,519
jalpan,500
jaltenango,165
jaltepec,29
jaluit_atoll,11
jama,148
jama_TUN,31
jambi,51
jaminjung,101
jammu,61
jamsa,10
janakkala,18
janakpur,110
janakpur_nepal,104
janauba,112
jand,1
jang_tana,11
jangheung,57
jangipur,284
jangjin,62
jangyeon,16
janjira,143
jannaba,17
jannah,18
jannat_shahr,26
janow_lubelski,31
jansath,427
japallan,28
jarabacoa,71
jaragua,64
jaraicejo,15
jaranwala,29
jarawah_abu_al_aysh,19
jardwajali,137
jargalan,40
jariekhi,11
jaroujiji,20
jarrah_karri,33
jarrakan,109
jarrarah,5
jaru,579
jashpur_nagar,49
jaskis,18
jaslo,58
jaszbereny,18
jataizinho,229
jath,109
jativa,74
jaund,1016
jaunpur,271
jauregui,132
jaurua,132
jautok,11
javad,34
javaes,201
javanrud,48
jawan,99
jawand,23
jawhar,54
jawor,77
jawoyn,194
jayankondam,156
jaynagar,571
jayrud,36
jazan,45
jean_marie_river,110
jebba,54
jecheon,38
jeddah,1
jefferson,59
jeguakava,204
jekabpils,29
jelai,38
jeldesa,27
jelgava,21
jembayan,69
jeminay,181
jenipaboacu,58
jeongeup,18
jeongju_jeongju,19
jeongseon,29
jeonju,29
jepara,74
jequitinhonha,88
jerada,26
jerantut,93
jerez_de_la_frontera,14
jerez_de_los_caballeros,22
jerichow,18
jerramungup,167
jerrinja,101
jersey,5
jerubatuba,21
jerusalem,55
jessore,317
jetarktetqal,11
jeungsan,17
jever,14
jeziarysca,24
jhal,1
jhang,31
jhanjharpur,299
jhansi,20
jhao,1
jhatpat,1
jhenaidah,175
jhunjhunu,161
jiachuan,261
jiading,57
jiaha,24
jiajiang,262
jiajin,139
jianan,107
jianchang,77
jianchang_sichuan,243
jianchuan,28
jiande,361
jiangan,13
jiangchuan,12
jiangdu,109
jianghua,221
jiangjin,127
jiangle,142
jiangling,40
jiangning,190
jiangshan,131
jiangshan_laiyang,30
jiangxia,21
jiangxian,15
jiangyin,150
jiangyou,182
jianli,47
jianning,88
jianping,66
jianshi,168
jianshui,59
jianyang,197
jianzhou,27
jianzhou_daizhou,35
jiaocheng,48
jiaohe,1
jiaohua,45
jiaoshui,30
jiaoxi,20
jiaxian,11
jiaxiang,16
jiaxing,27
jiayu,16
jiazhou,34
jibat,60
jicayan,28
jicin,18
jiexiu,10
jieyang,229
jiezhou,77
jigansk,11
jiguani,32
jihlava,9
jijel,16
jijial,49
jijkwtuk,21
jilib,79
jilibulake,32
jiliu,128
jilkaat,13
jimo,27
jinan,43
jinchang,7
jincheng,21
jincheng_zezhou,35
jind,98
jindo,11
jing,133
jingan,94
jingan_shenzhou,1
jingbian,77
jingchuan,32
jingde,157
jinghai,7
jinghai_tongzhou,95
jingili,219
jingle,44
jingling,43
jinglong,21
jingning,49
jingshan,114
jingxian,274
jingxing,43
jingyan,12
jingyang,13
jingyu,11
jingzhao,12
jingzhou_dorbod,159
jinhua,33
jinigudera,11
jining,43
jinjam,95
jinji,25
jinjiang,19
jinju,18
jinkang,154
jinkou,44
jinshajiang,39
jinta,1
jintan,122
jintang,14
jinxi,26
jinxian,27
jinxiang,2
jinxiangping,87
jinyuan,58
jinyun,168
jinzhou_dalian,48
jinzhou_liaoyang,159
jinzhu,21
jinzhuping,209
jiparana,87
jipyeong,6
jiribatuba,153
jiroft,36
jishan,10
jishi,38
jishi_anze,30
jishui,90
jita,395
jixi,132
jixi_huizhou,176
jixian,22
jiyang,2
jiyin,11
jiyuan,163
jizhou,24
jizzakh,34
joal,26
joara,58
jocome,181
jodar,59
joensuu,10
johor_lama,83
joigny,15
joinville,9
jokkmokk,11
jolom_konob,95
joluo,477
jomda,34
jonang,3
jondaq,17
jonga_pansa,77
jongkong,60
jonkoping,7
jonzac,15
jootsuuk,67
joroinen,10
jororo,46
jorquera,16
jos,140
jose_calcado,276
josse,107
josselin,21
joutou,167
jowhar,149
juancheng,2
juban,20
jubara,2
jubbah,1
jubururu,102
jucas,273
juchatengo,82
juckasjarvi,11
jucuru,95
judenburg,167
juegang,56
juffure,32
juhoansi,500
juiz_fora,52
jujin,35
jujuy,218
jukun,68
julah,114
julau,54
julau_kutai,67
julfa,28
julfar,21
julime,45
julu,10
jumento,16
jumgal,37
jumilla,23
jumla,18
junagarh,139
jundiai,16
jungaa,74
jungal,64
junghwa,15
juni_aiken,88
juniata,43
junk_river,112
junnar,41
juntura,91
juque,308
jurbarkas,23
jurchi,38
juris,81
jurm,17
jurong,177
jurrah,4
juru_hoton,140
juterbog,19
juuka,11
juxeri,91
juxian,40
juxtlahuaca,165
juye,7
juyom,14
jyekundo,14
jyotipur,93
jyskyjarvi,11
jyvaskyla,12
k_alii_xkalaan,88
k_enakatnu,35
k_omoks,58
ka_aub,216
ka_u,29
kaa,47
kaabu,119
kaaguy_jehasapa,192
kaan_peech,39
kaapiuara,322
kaapor,135
kaarendy,115
kaaysara,296
kaba,99
kabacan,38
kabachischi,51
kabafa,105
kabakama,86
kabakty,12
kabambare,155
kabango,125
kabara,11
kabara_atoll,11
kabebe,102
kabeka,103
kabikabi,213
kabinakagami,34
kabinda,93
kabishi,144
kabixi,147
kabsoru,118
kabul,76
kabunda,115
kabuta,55
kabyrga,21
kachemak,34
kachi,53
kachug,59
kadey,242
kadinbola,116
kadinga,97
kadiri,212
kaditshwene,247
kadiweu,245
kadjerong,182
kadkan,9
kadom,62
kadu,125
kadugli,389
kadur,172
kadykchan,11
kadyy,48
kaedi,23
kaesong,73
kaeti,94
kaf,1
kafaila,93
kafartab,19
kaffa,23
kafia_kinji,587
kafima,78
kafimbi,71
kafr_saqr,1
kafsanji,122
kafuta,177
kaga,107
kagawask,19
kagaye,277
kaghasuq,11
kagianagami,74
kagiwigwan,91
kagizman,55
kagoma,118
kagoshima,117
kagyrgyn,11
kahak,35
kahan,15
kahari,94
kaharlyk,31
kahayan,38
kahayan_hilir,49
kahiltna,11
kahinga,170
kahlur,579
kahmard,54
kahntah_trail,42
kahnuj,7
kahochella,11
kahone,42
kahpota,29
kahshe,11
kahta,27
kahurangi,11
kahwenoke,37
kai_kara,312
kai_karoo,11
kai_theli_ke_hot_inne,124
kaiabi,374
kaiama,102
kaiapoi,43
kaibab,121
kaicheng,50
kaicheng_guyuan,76
kaifeng,28
kaifu,22
kaiguang,51
kaihua,192
kaikoura,54
kailali,155
kailashahar,61
kaili,20
kailu,179
kaimana,64
kaimbe,111
kaina,11
kainan,54
kaingang,131
kainsky_pas,142
kainta,25
kaiowa,120
kaip_ata,13
kaiparowit,128
kaipeshimushich,11
kaipokok,11
kairouan,20
kaiserslautern,7
kaisou,116
kaitangata,21
kaithal,92
kaitotikwia,37
kaiurskuta,97
kaiwa,132
kaiyuan_jurchen,108
kaiyuan_warka,106
kaizhou,383
kajabi,239
kajana,10
kajang,52
kajenje,106
kajkwakratxi,431
kajran,30
kajyub,90
kak,220
kaka,384
kakabeka,33
kakagi,90
kakaling,87
kakarakala,11
kakataibo,73
kakenje,98
kakibonga,19
kakisa,99
kakoba,202
kakol_kiej,49
kakouna,12
kal_gatana,11
kala,81
kalaa_of_ait_abbas,62
kalaako,261
kalaamaya,149
kalaat_sraghna,32
kalabaca,94
kalabsha,1
kalach,62
kalagan,40
kalahandinagara,242
kalahasti,364
kalala,192
kalala_kazemba,110
kalalaw,33
kalam,223
kalam_hill,118
kalam_swat,54
kalamansig,47
kalamata,21
kalamazoo,77
kalambo,43
kalameh,42
kalanaur,24
kalanga,63
kalapang,36
kalapuya,85
kalassa,79
kalat,5
kalat_nader,46
kalatay,20
kalavryta,21
kalay,36
kale,106
kaleap,104
kalecik,33
kalengue,87
kaleybar,53
kalfou,32
kalfucura,129
kali,11
kaliakra,19
kalianda,19
kalilayan,22
kalina,126
kalinganagara,306
kalingapattanam,193
kalininskaya,47
kalinjar,132
kalinkavichy,31
kalispel,66
kalisusu,31
kalisz,18
kalkadoon,145
kallakurichi,383
kallamuckee,25
kallawaya,17
kalluru,141
kalmanka,171
kalmar,9
kalmat,8
kalmius,39
kalmyk,160
kalnivka,43
kalo,22
kalocsa,21
kalomo,99
kalotmul,22
kalpi,51
kalsi,362
kalskaq,11
kaltag,11
kaltysyany,11
kaluba,137
kaluga,29
kalumpang,57
kalundborg,17
kalyan,262
kalyani,46
kalyazin,25
kamabai,83
kamach,62
kamahuya,61
kamakura,11
kamalia,42
kamaniskeg,30
kamashikamach,19
kamassekuakamat,11
kamassekutinat,11
kamatapur,296
kambam,570
kambeba,82
kambiwa,183
kamchatka_trail1,11
kamchatka_trail2,11
kamchatsk,11
kameda,20
kamen,204
kameng,14
kamenka,35
kamensk,51
kamenskaya,25
kamenskoie,11
kamensky_zavod,77
kameshi,44
kami,33
kami_shikoku,42
kamiagata,23
kamiahpu,59
kamianets_podilskyi,32
kamien,12
kamieniec,27
kamienna_gora,28
kamihei,73
kamiina,118
kamiiso,10
kamikita,82
kamilaroi,153
kamimbe,146
kamin,21
kaministikowak,81
kaministiquia,39
kamioono,63
kamisak,11
kamiskayachuuch,11
kamitsisit,21
kamitsuma,154
kamiura,86
kamla,13
kammanassie,35
kamniga,11
kamo,18
kamo_izu,129
kamo_mikawa,145
kamodika,38
kamor,131
kamoro,73
kamouraska,20
kampar,63
kampen,5
kampeska,205
kampong_roessei,151
kampong_saom,108
kampong_sraka_trey,101
kampung_buloh,23
kamsack,111
kamspikihteek,122
kamu_ticutta,38
kamusawawasich,11
kamut,11
kamyaran,40
kamyenyets,27
kamysh_burun,66
kamyshin,40
kamyshla,33
kamyshlov,60
kamyshnoye,225
kamyskala,1
kanagio,33
kanahatino,207
kanamarca,1
kananaskis,96
kananmituk,75
kanaskipenaski,31
kanauj,337
kanawha,55
kanchanaburi,126
kanchapur,159
kanchipuram,90
kandahar,42
kandakura,95
kandangwesi,164
kandas,11
kandava,30
kandavu,11
kandi,249
kandia,2
kandiaro,1
kandiyohi,114
kandong,40
kandoucho,36
kandy,184
kandysu,306
kanegaok,25
kanel,19
kanentaweron,43
kanevskaya,55
kangamba,75
kangasniemi,11
kangdaya,32
kangean,9
kangen,448
kangeq,11
kangi_asinaq,11
kangiqsualujjuaq,11
kangu,52
kangule,87
kangundi,29
kangzuo,54
kaniatarahontsi,44
kanibonzon,66
kanigiri,175
kaniksu,98
kaninde,71
kanishushteu,15
kanisianas,96
kaniv,27
kaniyang,87
kanjamba,142
kankabatok,37
kankakee,75
kankan,201
kanker,78
kanna,59
kanna_south,11
kannur,551
kano,238
kanoashi,75
kanolu,109
kanpeska,130
kanra,60
kansas,158
kansk,131
kantalahti,11
kantha,391
kanthal,74
kanthi,145
kantishna,11
kantit,635
kanum,52
kanyakumari,139
kanyengehaga,16
kaocheng,12
kaonde,42
kaotia,15
kaouara,28
kapan,27
kapan_armenia,37
kapangombo,88
kapasia,240
kapela,134
kapfenberg,99
kaphirintiwa,168
kapilkot,151
kapisillit,11
kapitukamach,12
kapiwary,164
kaposvar,25
kapova_pesera,54
kaprun,103
kaptai,59
kapuameut,19
kapuas,85
kapurthala,30
kapuskasing,40
kapuskaypachik,12
kapuskaywak,81
kapuvar,23
kapyl,31
kara,112
kara_bazaar,88
kara_irtysh,53
kara_shilka,52
karabay,164
karabul,48
karabulak,37
karachev,37
karad,76
karaftit,11
karaga,11
karagau,98
karagay,34
karagin,11
karahisar_i_sahib,44
karahisar_i_teke,30
karai_yo,40
karaikal,108
karaj,17
karaj_abi_dulaf,21
karaja,163
karajarri,167
karajia,18
karak,5
karakaralong_islands,15
karakastek,101
karakax,7
karakecili,34
karakilise,51
karakol,11
karakorum,101
karamergen,8
karamoja,304
karang_brahi,64
karangan,82
karangpurru,207
karanka,90
karankawa,44
karapinar,40
karapoto,852
karas,11
karasahr,33
karasay,100
karasjok,1
karasor,376
karasu,110
karasuu,46
karatobe,222
karatobe_mangyshlak,11
karaturgay,110
karau,61
karauli,82
karawala,73
karbala,2
karcag,23
karcha_kala,34
kardakan,11
karditsa,29
kare,25
karee,139
karendo,226
kargaly,46
kargaly_aktobe,98
kargapolye,131
kargasok,28
kargat,146
kargil,1
kargilik,12
kargopol,35
karhumagi,12
karia,56
kariio,58
karikkode,278
karima,1
karipuna,107
kariri,1344
kariwa,56
kariyan,41
kariyarra,31
karkala,281
karkar,8
karkaraly,143
karkevand,14
karksi,19
karkuj,94
karleby,10
karlivka,51
karlovac,46
karlstadt,8
karluk_peak,11
karma_densa,11
karmakshi,1
karmana,13
karnak,7
karnal,56
karniki,25
karo,48
karokh,27
karor,27
karor_2,59
karpathos,11
karpenisi,25
karpokhar,54
karpus_mahal,69
karroun,89
kars,38
kars_armenia,33
karsun,56
karta_pintingga,65
kartaly,305
kartauzh,11
karu_pana,42
karuk,14
karunga,186
karur,295
karur_punjab,1
karuwali,11
karvandar,10
karvuna,38
karwar,120
karymkary,11
karystos,11
karytaina,17
karzin,39
kas,26
kasa,92
kasai,25
kasakaupuyau,11
kasan,64
kasaragod,472
kasba,11
kaseg,30
kasekete,98
kasembe,171
kasenga,93
kasesi,104
kaset_sombun,91
kasevo,41
kasha_tampu,88
kashagawigamog,23
kashan,25
kashary,50
kashatagh,57
kashaya,62
kashechewan,11
kashgar,24
kashigarh,32
kashima,45
kashin,20
kashipur,97
kashkanteniz,7
kashkarantsy,11
kashmar,13
kashmore,1
kashtruk,26
kasihta,48
kasimov,41
kasipur,321
kasivarren,11
kaskankaham,138
kaskaskia,111
kaskinampo,85
kaslinsky,204
kasriskari,11
kassai,126
kassala,160
kassali,82
kassandreia,7
kassanje_malemba,97
kassel,12
kassengue,155
kasserine,18
kassinga,90
kassongo,156
kastamonu,30
kastelholm,10
kastoria,20
kastornoye,39
kastsyukovichy,24
kasukuak,11
kasumne,48
kasungu,186
kasur,31
kasuswapaskau,11
kata_kuna,271
katagata,23
katahdin,36
kataka,210
katanga,82
katara,84
katataskatikw,11
kataysky,97
kate,30
katen,90
katende,82
katepwewi,129
kath,1
katha,66
kathmandu,272
kathua,176
katiba,96
katibas,26
katihar,276
katima,123
katingan,46
katiola,254
katobe_a_mubebe,41
katok,100
katol,117
katori,44
katou,30
katou_bicchuu,75
katrasgarh,110
katrawunletuayin,214
katsina,195
katsina_ala,403
katsushika,14
katta,25
katugino,11
katumbele,86
katwe,185
katyn,20
katzenelnbogen,11
katzie,11
kaua_i,25
kauakiekamatsh,14
kaudwane,481
kauehi_atoll,11
kauipushkakamat,11
kaukou,22
kaukura_atoll,11
kaulas,83
kaulong,54
kaunas,22
kaurna_pangkarra,113
kausseskait,11
kaustby,7
kauthara,96
kautokeino,1
kauwes,11
kavaje,22
kavala,28
kavalan,10
kavali,45
kavanga,43
kavar,35
kavaratti_atoll,11
kavieng,17
kavitaha,105
kaw,121
kawabe,64
kawachi,51
kawachikamasu,11
kawachisakau,11
kawahib,105
kawaiisu,40
kawakami_hokkaido,28
kawali,220
kawanuma,18
kawardha,25
kawartha,39
kawatinook,110
kawawasukutisich,11
kaweinag,32
kawenote,22
kawich,16
kawinaw,81
kawishiwi,88
kawkaban,27
kawliya,140
kawthaung,152
kaxa_marca,91
kaxarari,71
kaxixo,164
kaya,76
kaya_paha,120
kayabe,14
kayabi,175
kayagar,27
kayal,234
kayalyk,153
kayambi,19
kayan,58
kayan_melawai,61
kayapo,641
kayattar,192
kayeli,44
kayen,35
kayes,99
kayeskikan,79
kaymaz,39
kaynar,37
kaynar_atbai,108
kaypikupau,11
kayrakty,60
kayseri,52
kaysun,31
kazachinskoye,116
kazachye,11
kazaidi,150
kazan,40
kazari,14
kazatlyk,37
kazaure,155
kazeh,62
kazembe,119
kazerun,46
kazhi,80
kazhma,20
kazimah,86
kazimierz,28
kazungala,173
kazuno,33
kazym,11
kcewite,11
kcheeminpink,25
kealedji,54
keban,20
kebergene,11
kebili,4
kebkabiya,200
kechemeche,26
kechika_trail,21
kecskemet,25
kedah,47
kedainiai,22
kedang,53
kedang_pahu,73
kedar,14
kedu,39
kedun,104
keelivtyn,11
keex,11
keflavik,9
kegaska,20
kegen,46
kehaukee,59
kehek_aike,11
kehsi,36
kehu,22
kekwapskuk,25
kel_tegey,11
kelaelkces,11
kelafo,92
kelan,27
kelantan,102
kelapur,156
kelay,62
kele,11
kelheim,14
kelibia,20
kelich,39
kelif,64
kelimyar,11
kelinjau,66
kelkit,28
kelle,73
kellollampu,11
kells,10
kelt_aiken,43
kelyuyekyan,11
kem,11
kema,20
kemah,34
kembhavi,106
kemijarvi,11
kemoimenahan,18
kempendyai,11
kempten,12
kenai,50
kenamu,11
kenda,62
kendal,84
kendari,58
kendawangan,53
kenderli_kayasan,13
kengdey,11
kengkham,29
kengtawng,40
kengtung,47
kenhionatatie,39
keniergyn,11
kenkeme,11
kenmure,4
kennebango,13
kennebec,19
kennebecasis,24
kennebunk,23
kennetook,33
kenogamissi,37
kenosha,78
kentucky,103
keoma,108
keonjhar,187
keowee,38
keperveem,11
kepimits,11
keraoua,81
kerbatch,74
kerben,38
kerbi,16
keren,37
keret,11
kerewo,67
kerhiretarhu,130
keriya,8
kerki,24
kerma,1
kerman,15
kermanshah,41
kernave,19
kerouane,167
kesan,25
kesen,37
kesova_gora,24
kesra,25
ket,36
keta,88
keta_tajima,100
ketagalan,95
ketanda,11
ketik_kala,17
ketilsfjord,11
ketmen_tobe,74
kettering,8
ketu,99
ketungau,63
keutkeut,31
keweenaw,86
keyauwee,56
keyikte,11
keylong,175
kezhma,23
kezlev,33
khabar,1
khabr,20
khabushan,19
khabzhylakh,11
khachimcher,11
khadanzaa,72
khadat,31
khadjibey,39
khadyzhi,52
khagaria,467
khai_ma,11
khairabad,342
khairagarh,36
khairpur,1
khaiylmysh,152
khajuraho,151
khakhaly,51
khakhsyk,11
khalafabad,38
khalangsha,102
khalfut,1
khaliajuri,179
khalifatabad,234
khalino,11
khalis,14
khalis_medina,5
khalkh,145
khalkhal,44
khalzan_shireg,55
kham_bahar,16
kham_muang,75
khamakar,11
khambat,24
khameneh,38
khamgar,11
khami,417
khamir,98
khamkeut,52
khammamet,59
khampa,11
khamra,11
khamyab,27
khan_khentii,15
khana,45
khanapur,291
khanaqin,90
khanaser,29
khanashin,2
khanda,11
khandwa,119
khandyga,11
khangal,33
khani,11
khaniadhana,33
khannya,11
khantau,37
khantayskoye,11
khaplu,1
khaqmar,120
khar_balgas,67
khar_bukhyn,115
khara_khoto,3
kharak,98
kharakhoen,11
kharan,3
kharbalakh,11
kharga,7
khargerd,15
khargytyr,11
khari_karoo,30
khariar,95
kharibta,1
kharkhul,54
kharom_vosh,11
kharooan,11
kharpunath,47
kharsawan,149
kharturan,5
kharuukh,100
kharyyalakh,11
khash,1
khash_sistan,2
khaspur,253
khatanbulag,55
khatas,11
khategaon,111
khatgal,2
khati,11
khatun,29
khatunabad,8
khatyryk_komo,11
khaugoan,41
khawr_baraka,65
khawr_nubt,29
khaybar,7
khaybar_janoub,1
khayrij,1
khayryuzovo,11
khaysar,47
khayyr,11
khed,134
kheis,11
khelhghubunt_en,49
khemchik,174
khenifra,42
kheong,235
kherameh,27
kherigarh,178
kherla,384
kherlen,124
khet_theu,41
khewra,80
khiching,165
khikhani,80
khilgo,33
khilgoson,37
khimni,89
khimzha,11
khirkhira,120
khiva,28
khiyav,40
khlepen,18
khmilnyk,26
khoai_chau,33
khobootsar,103
khoiniki,26
khoja_idat_kala,14
kholm,21
kholm_tver,13
kholm_zhirkovsky,20
kholmogory,11
kholmyech,26
kholongsolokh,11
kholunitsky,59
khomani,11
khomeyn,15
khon_kaen,95
khon_san,63
khondab,14
khor_fakkan,14
khor_virap,31
khorat,67
khorbusuonka,11
khordong,142
khormoj,33
khornabuji,25
khoro,11
khorostkiv,22
khorramabad,31
khosheutovo,70
khost,86
khotan,2
khotchino,11
khotiml,28
khotmyzh,44
khotoshino,33
khotsimsk,23
khotsy,13
khovd,77
khowesen,11
khoy,43
khuai,10
khuchni,20
khudan,56
khujand,43
khukagamma,164
khukhan,74
khukhragarh,156
khulays,1
khulm,55
khulna,323
khumar,47
khunani,41
khunj,49
khunwana,168
khunzakh,51
khupati,5
khurays,1
khurbe,39
khurda,338
khurgan,11
khurgancha,13
khusf,9
khushab,35
khust,28
khute,163
khuuchid,191
khuzdar,12
khuzhupai,127
khvastovichi,27
khvor,11
khvorostyanka,64
khwansar,7
khwar,40
khwe,276
khyargas_nuur,122
khyunglung,11
kiamichi,121
kiamika,37
kiawah,40
kibanga,140
kibango,61
kibau,109
kibengo,41
kibi,120
kibiro,89
kibrus,45
kicevo,63
kichekokotic,11
kichera,11
kichiga,11
kichkas,43
kichmengsky_gorodok,45
kichwa,72
kickatari,155
kickatus,204
kicpahat,169
kidderminster,10
kidutokado,90
kidwelly,3
kiel,12
kielce,46
kiemi,11
kien_kuol,11
kiendela,173
kiestinki,11
kifumaji,68
kigluaik,11
kiheewapiw,16
kihi,129
kiis_gwaay,16
kija,258
kikalla,132
kikamba,65
kikassa,118
kikinda,23
kiknur,46
kikongoluka,60
kikonteku,17
kikuta,41
kilbrittain,28
kilconnell,16
kildare,11
kilemba,114
kilenge,65
kileqollo,15
kilis,31
kilivila,8
kilkenny,46
kilkis,30
killarney,53
killelu,15
killeshandra,9
killmallock,8
killycolly,6
kilmacrennan,42
kilmes,81
kilmez,64
kiltina,16
kiluata,172
kilwa_kisiwani,118
kimaama,71
kimbundu,99
kimmirut,11
kimodakiwi,80
kimotsuki,55
kimra,25
kin_ligaai,47
kinabatangan,57
kinaksisahtai,88
kinaskan_trail,23
kinbasket,11
kinda,48
kindunda,107
kineepikwameekwa,77
kineo,28
kinerma,11
king_hill,51
kingany,59
kinge,57
kingmirtok,11
kingston,7
kinguchi,114
kinhama,165
kinistino,121
kinja,77
kinngait,11
kinnickinnic,86
kinojevis,36
kinosao_sipi,74
kinosheo,11
kinosota,123
kinozhesipi,32
kinsale,5
kintampo,141
kintyre,2
kinuhsisuht,112
kinusheo,11
kinyama,70
kiokee,63
kioko,103
kiosaquay,179
kiowa,148
kipahigan,52
kiponguve,71
kippawa,15
kiradu,121
kirando,47
kirarutah,109
kirchdorf,128
kiri_kere,192
kirikongo,116
kirillov,23
kirina,56
kirira,114
kiriras,350
kiriri,145
kiritimati,11
kirkcudbright,7
kirkenes,11
kirkjubaejar,11
kirklareli,36
kirkuk,41
kirovskiy,11
kirs,30
kirsanov,66
kirsehir,43
kirzhach,23
kisakaba,107
kisatchie,99
kisenga,100
kisenge,84
kish,21
kish_shahrisabz,56
kishi,647
kishim,63
kishima,59
kishtwar,173
kishwaukee,91
kisi,62
kisiju,104
kisikkamys,256
kisimani_mafia,11
kisiskaciwani_sipiy,112
kiskiack,23
kiskissink,16
kismayo,168
kiso,42
kisomba,52
kissi_loc,34
kissidougou,190
kistapinan,119
kita,154
kita_shikoku,122
kitaaizu,57
kitagnaq,11
kitahei,23
kitakamikawa,40
kitamogami,92
kitamorokata,66
kitamuro,80
kitanakagawa,23
kitanemuk,85
kitasoo,15
kitauonuma,112
kitchawanc,22
kitchesatsiou,11
kitchigumi,84
kitchissippi,41
kitcisakik,19
kitete,62
kitigan_zibi,44
kitou,82
kits_ixta,125
kitsai,127
kittaning,49
kittikas,52
kittila,11
kitui,228
kitungula,213
kituwa,14
kitzbuhel,5
kitzingen,8
kivualinagmut,11
kiwetin_sipi,25
kiwigapawa,86
kiya,11
kiyeng_yuryakh,11
kiyikoy,12
kiyiu,128
kiyl,128
kiyuska,157
kiyyangan,35
kizel,54
kizhi,11
kizilca,28
kizilsu,17
kjipuktuk,19
kla_rome_ko,454
kladentsi,35
klagenfurt,18
klahoose,11
klang,95
klatovy,14
kldekari,26
kleisoura,11
kleisoura_epirus,6
klendela,107
klepiki,22
kletsk,22
kletskaya,34
kleve,12
klewi,80
klichaw,20
klikitat,79
klin,70
klintsy,29
klipgat,21
kljuc,41
klodzko,104
klondike,42
kluane,11
kluczbork,25
kluskapewiktuk,11
klutina,11
klyuchi,11
kmito,86
knin,36
knyazhich_gorodok,11
knyazhichi,25
knyazhoye,22
ko_kwel,34
ko_samui,11
koa_aga_itoka,44
koasati,41
koba,60
koban,35
kobda,156
kobenhavn,229
kobirhat,233
kobra,36
kobroor,50
kobryn,20
kobyai,11
kobyle,24
kocani,37
kocevje,62
koch_bihar,309
kochi,485
kochisar,18
kochkor,38
kociihsasiipi,43
kodak,50
kodiam,64
kodungallur,321
koes,22
kofan,46
kogan,1
kogluktok,11
koh_ker,45
koh_kong,108
kohala,32
kohat,53
kohatk,17
kohi_safi,153
kohir,58
kohtali,134
koi,20
koiali,50
koidanova,26
koilkonda,93
kojur,28
kok_usn,64
kokand,40
koke_metchesko_laha,162
koki,38
koklolodi,40
koknar,127
koknese,34
koko,86
koko_bera,96
kokokachi,16
kokomini,169
kokorou,30
kokosing,75
kokowarra,109
kokpekty,160
kokrajhar,68
koksala,27
koksar,1
koksharov,87
kokshetau,249
koktal,75
koktuma,131
kol,655
kol_kuka,192
kol_papua,18
kola,16
kolar,38
kolasar,136
kolayat,134
kolchawwe,129
kolchugino,197
kolding,20
koleeu,93
kolhapur,336
koliaganeq,19
koliskoj,13
kolla,11
kollam,666
kolmarden,15
kolno,9
kolo,12
kolobrzeg,26
kologriv,57
kolokani,123
koloma,34
kolomak,39
kolombangara,19
kolomna,69
kolomyia,19
kolonbelle,107
koloshma,19
kolosovka,133
kolpashevo,61
kolpny,33
kolser,11
kolumba,43
kolyma_river,11
kolyma_trail,11
kolymskoie,11
kom_ombo,1
koma_kai,169
koman,28
komango,84
komarom,21
kombai,64
kombolcha,40
kombomba,166
komering,74
komo_kongo,296
komotini,37
komsa,11
komshecheh,1
kon_klor,44
kon_tengiz,58
kon_tum,120
kona,29
konbudj,93
konch,249
konchalyt,11
konda,18
kondagaon,78
kondapalli,48
kondavidu,84
konde,82
kondpoga,11
konduga,95
kondurcha,47
konevets,9
kong,299
konga,31
kongal_boyal,73
kongal_marawar,87
kongashuk,11
konghalla,7
kongsberg,11
kongsvinger,38
kongwei,68
konibodom,26
konigsberg,16
konigshofen,8
konildi,336
konin,12
konitsa,17
konjic,99
konjikala,41
konkoure,148
konkow,44
konkudera,11
kono,189
konrapa,72
konski_vody,45
konso,280
konstantinovka,42
konstantinovsk,39
konstanz,6
kontagora,128
kontcha,191
kontrand_ya,11
konwargaon,36
konya,35
konyovo,24
koo,11
kooapudna,89
koochiching,102
kooinkill,147
koop_ticutta,15
koosharem,80
koostaaka,129
kopolque,23
koponovo,28
koporye,45
koppal,44
koppi,19
koppo,6
koprivnica,22
koptam,27
koptyuga,11
kopys,18
kopyshche,19
koraveka,192
korbach,16
korela,11
korenevo,30
korets,31
korgan,116
korhogo,205
kori_bara_karaa_ancas,17
korientze,41
korit,7
korkina_sloboda,187
kormend,47
korneuburg,18
koro,223
koroa,110
koroc,11
korocha,36
korosten,30
korostyshiv,28
korpilombo,11
korra,179
korsholm,10
korsun,32
korti,12
kortkeros,57
kortriik,10
kortuz,86
korusi,47
korutla,200
korvala,11
koryazhma,11
kos,10
kosa,93
kosa_perm,29
kosalu,52
koscian,16
koscierzyna,31
koshi,113
koshira,73
koshkar_ata,39
koshki,48
koshkonong,65
koshoy_korgon,26
kosi,317
kosice,16
kosichkoj,30
kosiv,33
koskoak,11
koskuduk,39
kosoge,58
koson,55
kosozhichi,30
kosrae,11
kostenets,12
kostopil,20
kostroma,38
koszalin,9
kot_addu,6
kot_lalu,1
kot_marot,34
kota,54
kota_kapur,59
kota_marudu,46
kota_pinang,57
kota_rentang,57
kotabumi,60
kotagad,427
kotalipara,329
kotano_muna,46
kotawaringin_lama,70
kotelva,33
kothagudem,342
kotonkoro,138
kotor,11
kotosh,61
kotovo,49
kotpad,156
kotri,1
kottarakkara,438
kotte,436
kotto,922
kouande,331
kouate,11
kouchibouguac,29
koudougou,134
kougouri,61
kouka,97
koulikoro,90
koumbi_saleh,55
koure,63
kourim,78
kourou,45
kourouninkoto,144
kouroussa,271
koushi,139
koutiala,134
kovda,11
kovel,16
kovernino,35
kovin,26
kovran,11
kowal,16
koy_aike,50
koyda,11
koyeti,124
koygorodok,12
koyoongkawi,30
koyu,48
koyukuk,11
koyulhisar,20
kozara,30
kozelets,28
kozelj,66
kozelsk,27
kozhevnikovo,105
kozhikode,378
kozle,14
kozlov,42
kozlov_vyazma,18
kozluk,22
kozmin,15
kozmodemyansk,85
kozuchow,12
kozyrevsk,11
kpalime,129
krabi,51
kraburi,31
kracheh,88
kraho,107
krakow,48
kramuon_sa,78
kran,30
kranj,57
krasavino,44
kraslava,32
krasnaya_gorka,48
krasnoe,22
krasnopillia,18
krasnoslobodsk,41
krasnoufimsk,51
krasnoyarsk,159
krasny,29
krasny_bor,11
krasny_kut_pontic,45
krasny_sulin,45
krasny_yar,29
krasnyano,11
krasnye_baki,59
krasnystaw,32
kratovo,35
krauatungalung,100
kraziai,18
krebedje,249
kremenchuk,39
kremenets,29
kremenskaya,47
kreminna,34
kremnica,34
krems,13
krenak,87
krenye,194
kresttsy,35
krestyakh,11
kreuznach,8
kreva,24
kricatije,142
kriitina,11
krishnagiri,539
krivoshchekovo,263
krk,7
krnov,13
kromelak,142
kromy,27
kronach,8
krosno,39
krosno_odrzanskie,15
krowathunkkooloong,63
krui,47
kruje,44
krumbach,13
krumlov,10
krupanj,28
krupina,14
krupki,23
krupnik,18
krusevac,28
krutogorovskiy,11
krychaw,27
kryvyi_rih,44
ksai_yohe,102
ksar_el_boukhari,46
ksar_el_kaoua,124
ksar_el_kebir,10
ksar_es_souk,8
ksar_ibn_senane,32
ksiaz_wielki,23
ksituan,105
ktenia,74
ktsyn,25
ktunwakanmituk,27
ku,41
kua_luziga,97
kuala_kampar,23
kuala_lipis,105
kualuh,47
kuamut,42
kuanda,11
kuandian,171
kuanhe,112
kuanhe_xingzhou,123
kuantan,71
kuantan_riau,42
kuarepoti,70
kubachi,39
kubar,70
kuben_kran_ken,69
kubenskoye,44
kubu,67
kubu_rokan,26
kububu,88
kubuna,63
kuccuntikka,85
kucevo,56
kucha,22
kuchaky,11
kuchinda,267
kuchugunnur,11
kuchugur,47
kuchukskoye,175
kudat,13
kuddan,1
kudepyapka,11
kudu_kyuyol,11
kudymkar,50
kuelap,13
kuemgo,129
kuenga,126
kuerchu,6
kueshi,136
kufa,1
kufstein,9
kuga,121
kuhbanan,11
kuhdast,38
kuhikugu,196
kuhmo,11
kuhtsutuuka,168
kuido,115
kuile,147
kuilembi,148
kuimbondos,50
kuindumba,122
kuito,104
kuitonga,82
kuivaniemi,10
kuje,181
kuji,74
kuji_kanto,26
kujunung,230
kukamonga,75
kukan,20
kukatj,124
kukerin,102
kukiya,10
kukra,131
kuku,31
kuku_yalanji,165
kukuro_kalapalo,212
kukuta,47
kula,41
kulada,370
kulagin,66
kulan,26
kulanapan,57
kulanotpes,104
kular,11
kulawi,11
kuldiga,13
kulembe,51
kulfo,104
kulmbach,9
kulob,42
kulotino,29
kuloy,11
kulp,30
kulpi,343
kulu,11
kulu_turkey,31
kulun,42
kulun_olbut,11
kulykol,232
kuma,93
kumage,86
kumage_oosumi,43
kumai,72
kumak,123
kumalu,24
kumanovo,21
kumarakapay,277
kumasi,135
kumawu,119
kumayri,25
kumba,80
kume,95
kume_houki,77
kumeyaay,255
kumilla,514
kumintang,28
kumkol,11
kumtura,21
kumukh,17
kumux,4
kumylzhenskaya,40
kuna,68
kunashiri,11
kundal,105
kundar,53
kundgol,49
kundi,60
kundjeymi,100
kunduz,102
kundy,11
kuneni,94
kungara,130
kungarakany,141
kungsbacka,6
kungur,62
kungwini,218
kunisaki,60
kunjabangarh,299
kunjen,263
kunlun,11
kunming,31
kunovat,11
kunow,24
kunozh,39
kunshan,129
kunto,52
kuntokling,11
kunyang,20
kuogastakh,11
kuolay,11
kuopio,10
kuot,13
kuozhou,195
kupadokado,16
kupang,56
kupiansk,48
kupka,11
kupuri,11
kupwara,202
kur,32
kura,247
kurakh,17
kuranakh,11
kurannakh,11
kurba,26
kurchum,302
kure_i_mamure,30
kureinji,153
kuressaare,12
kuretsk,22
kuria,323
kurihara,53
kurijan,34
kuripan,48
kurita,9
kurki,42
kurkijoki,12
kurkino,51
kurla,7
kurmysh,15
kurnai,54
kurnool,67
kurokawa,76
kurri_kurri,35
kursk,62
kurskaya,53
kursunlu,13
kurtamysh,122
kurtjar,174
kurty,89
kuruaya,76
kuruko,124
kuruman,173
kuruminaka,149
kurunegala,112
kurung,14
kurung_yuryakh,11
kururupu,158
kus_lecha,133
kusak,40
kuse,146
kushinagar,300
kushiro,10
kushita,144
kushka,11
kushunkotan,17
kushva,34
kusike,128
kusk,48
kusk_kohneh,34
kuska,110
kuskatan,42
kustur,11
kusu,78
kusu_mangbetu,232
kut_ling,112
kuta_watu,38
kutahya,33
kutai_lama,52
kutaisi,26
kutapuskuj,30
kutarka,61
kutema_museya,85
kuthant,127
kutima,42
kutina,28
kutjala,284
kutlehar,23
kutlovitsa,26
kutna_hora,11
kutsipiuti,12
kuttawa,101
kutu,189
kutubi,58
kuturga,11
kuugaaluk,11
kuujjuaq,11
kuujjuarapik,11
kuukucyn,11
kuukuyani,61
kuukyuyau,48
kuungkari,93
kuusamo,11
kuuvik,11
kuuyuk,11
kuvshinovo,26
kuwabara,90
kuwada,115
kuwena,110
kuyanlik,51
kuyatikka,52
kuydusun,11
kuytun,66
kuyu_shazhou,45
kuyul,11
kuzedika,90
kuzhbal,44
kuzhyb,38
kuzinde,61
kuzmovka,11
kuznetsk,152
kuzucan,48
kvenipnevi,25
kvikkjock,11
kvinnherad,1
kwa_chavira,171
kwaaru,211
kwachal,11
kwadacha,55
kwahada,188
kwaio,12
kwajalein_atoll,11
kwakanyesha,154
kwangali,302
kwapa,1
kwaraae,22
kwararafa,222
kwaskwuti,112
kwatsaan,1
kwaza,39
kweneng,136
kwerba,62
kwesten,61
kwetabohigan,11
kwezi,114
kwidzyn,19
kwigilingoq,11
kwila,181
kwilu,49
kwini,76
kwita_tla,11
kwomtari,71
kxau,148
ky_son,65
kyainseikgyi,55
kyaiyesisahtai,132
kyakhta,74
kyakhtinskii,11
kyat_kala,1
kyaukkyi,148
kyaukme,55
kyaukse,84
kyburg,88
kyiv,133
kymi,11
kymi_fi,14
kyoto,88
kyparissia,10
kyr_uzkand,1
kyra,87
kyrenia,75
kyrylivka,50
kyshtovka,112
kyshtym,123
kysmyci,28
kystatyam,11
kysyl_syr,11
kysyl_yuryuyya,11
kythira,107
kythnos,11
kytmanovo,155
kytryn,11
kyubeme,11
kyubyainde,11
kyulekyan,11
kyulyunken,11
kyundyade,11
kyushe,11
kyusyur,11
kyyindy,100
kyyrola,10
kyzylkala,11
kyzylkorgan,4
kyzylsay,8
kyzylzhar,196
la_mamora,21
la_mothe_en_bassigny,14
la_mure,29
la_roche,47
la_roche_sur_foron,14
la_roche_sur_yon,22
la_rochelle,14
la_teste_de_buch,109
la_tour_du_pin,24
laaxaayik,11
laayoune,11
lab,20
labcah,49
labe,403
labiau,15
labolo,35
labrit,68
lacane,46
lackawanna,24
lackawaxen,38
lad_konin,12
ladik,21
ladik_pontus,19
ladiz,3
lado,383
laerdal,2
lafia,159
lafkenmapu,148
lafur,29
lages,133
laghouat,18
lagoa_vermelha,171
lagonegro,17
lagos,8
laguardia,9
laha,125
lahad_datu,74
lahaina,14
lahasusu,178
lahe,53
lahei,72
lahijan,20
lahj,5
laholm,5
lahontan,80
lahore,37
lahoysk,25
lahri,1
lai_chau,18
lai_hka,45
lai_lin_pi,41
laian,120
laian_tianzhou,35
laibin,25
laigle,12
lail_buil,172
laila,1
lairmairrener,84
laish,29
laishui,24
laiwu,32
laiyang,26
lakam_tun,79
lakhimpur,49
lakhiyarvira,341
lakhpat,235
lakhsar,1
lakhva,14
lakitan,64
lakitusaki,11
lal_lo,42
lalan,48
lalek_cotaa,69
lalian,32
lalibela,89
lalin,72
laling,40
lalitpur,310
lalpur,57
lalsk,25
lamakera,31
lamalama,86
lamanai,43
lamas,79
lamatama,46
lamayuru,1
lambarene,78
lambo,52
lame,177
lamego,145
lamitan,19
lamjung,141
lamogai,97
lampang,54
lamphun,70
lampung,47
lamu,83
lanagashec,147
lanark,3
lancaster,10
lanciano,15
landau,17
landau_rhineland,10
landeck,1
landsberg,13
landshut,15
lanezi,22
lang_giang,49
lang_son,35
langan,37
langarud,35
langenes,11
langensalza,12
langning,34
lango,152
langqiong,32
langqu,26
langres,16
langzhong,30
lanka,218
lankaran,40
lankou,138
lanling,29
lanshan,236
lantian,25
lantu,36
lanxi,59
lanyang,13
lanzhou,87
lanzhou_kelan,29
lanzhou_lanzhou,47
lanzo,11
laoling,16
laon,7
laoting,1
lapa,65
lapai,174
lappo,8
lapseki,14
lar,26
larache,28
laran,61
larantuka,20
larba,11
lardeja,20
lardil,15
laredo,48
larende,33
laribandar,11
larino,13
larissa,24
larnaca,60
larrakia,80
las_khorey,11
las_navas,59
lash_joveyn,1
lashio,33
lasjerd,45
laskarpur,256
lasko,20
lata_georgia,23
latakia,28
lathi,43
latje_latje,210
latu,27
latunde,51
lau,221
lauenburg,15
laufen,9
laukas,10
launceston,4
laung,92
launggyet,31
laungshe,58
lausanne,10
lauterbach,7
lautrec,16
lavagna,442
laval,20
lavar,35
lavaur,16
lavenham,10
lavongai,20
lavras,64
lawdar,3
lawksawk,115
lazdijai,30
lazkiye,27
le_faou,7
le_lude,13
le_mans,22
le_puy,19
leadore,23
lean,24
lean_fuzhou,104
lebedyn,28
lebesby,11
lebonghitam,34
lebork,36
lebus,17
lebyazhye,286
lecce,22
lecco,150
lechang,220
lectoure,21
leczyca,17
ledengskoye,39
ledesma,15
lee,11
leeds,5
leel_watr_ool,16
leer,7
leeuwarden,8
lefini,118
lefu,117
lega_kongo,237
legnago,14
legnano,61
legnica,17
leh,157
lehigh,31
lehui,25
leibnitz,11
leibo,213
leicester,6
leiden,14
leiningen,11
leipzig,10
leiria,60
leitrim,1
leiyang,163
lejweleputswa,211
leko,57
leksand,32
lelbunmapu,148
lelchytsy,20
lelow,56
lelyuveyem,11
lematang,60
lemberan,20
lemhi,24
lemin,10
lemnos,6
lemone,170
lena_trail1,11
lena_trail2,11
lena_trail3,11
lenape,74
lengshuitan,47
lens,9
lensk,11
lentekhi,24
leo,139
leoben,164
leon,20
leopoldina,129
leping,46
leping_pingding,30
lepsy,17
lere,195
lerma,15
leshongwane,137
leshou,5
leshukonskoye,11
lesko,91
lesnaya,11
lesparre_medoc,16
leti,11
letychiv,33
leuchtenberg,11
leukas,57
leuktron,10
leuven,135
levanger,2
levaya_khetta,11
levoca,27
levokumskoye,50
lewe,63
lewekeomi,100
lewes,13
lewfuko,448
lewis,2
leyva,73
lezha,9
lezhi,18
lezhnevo,23
lezuza,10
lhadrak,11
lhagang,130
lhakhang,1
lhaq_temish,11
lhari,9
lhasa,11
lheidlit_en,79
lho_taklung,1
lhodrak,1
lhoosk_uzt_en,59
lhuntsi,10
liambye,76
liamuiga,11
liancheng,92
liangcheng,50
liangdang,19
liangmei,169
liangquan,74
liangshan,148
liangxian,127
liangxian_ruzhou,45
lianjiang,47
liannan,292
lianping,152
lianshan,286
lianzhou,287
liaocheng,19
liaoshan,69
liaoyang,173
liban,443
libo,71
libolo,39
libonta,88
libore,32
libourne,24
licheng,30
licheng_luan,15
licheng_yizhou,41
lichiresti,23
lichtenberg,16
lichtenberg_veldenz,12
lichtenfels,7
lichuan,304
lickanantay,27
lida,23
lidian,75
lidkoping,7
lidzbark,22
liebenwerda,11
liege,20
lieka,104
lieksa,11
lienz,1
lierne,1
liezen,121
lifau,47
lignieres,21
ligny,13
liguo,4
lihua,14
lihula,16
liinabaha,84
lijin,2
likiep_atoll,11
liksiyu,91
likusaen,121
lilienfeld,75
liling,110
liljendal,17
lille,61
lillehammer,28
limari,189
limasawa,28
limassol,107
limbazi,14
limbdi,51
limbourg,100
limerick,11
limeuil,19
limey,109
limilngan,102
limin,121
limoges,12
limoux,21
limushan,65
linah,7
linan,253
lincheng,150
linchuan,54
lincoln,11
linde,9
lindesnes,30
lindi,76
lindi_kwila,79
lindjarvi,11
linfen,19
lingao,19
lingbao,118
lingbi,138
lingchuan,43
lingchuan_zezhou,52
linge,37
lingen,7
lingfang,35
lingketeng,49
lingling,252
lingqiu,73
lingshan,72
lingshanwei,110
lingshi,17
lingshou,76
lingshui,165
lingtai,29
linguere,43
lingui,68
lingwu,22
lingxian,162
lingxian_shanxi,142
lingzhou,69
lingzhou_dezhou,8
linhai,285
linhe,90
linhuai,169
linhuan,88
linhuang,188
linjiang,249
linjiang_jurchen,117
linjin,21
linkava,19
linkoping,16
linlithgow,4
linqing,15
linqu,231
linshui,170
lintong,17
linwu,208
linxi,51
linxian,25
linxiang,67
linyanti,65
linyi,68
linyi_jinan,14
linying,13
linyou,53
linz,11
linzhang,12
linzhou,188
liova,89
lipetsk,43
lipi,214
liping,94
lipnic,37
lipno,20
lipno_nov,11
lipova,40
lippstadt,8
lipsk,13
liptovsky_mikulas,62
lipu,61
liquan,16
liribamba,38
liroema,90
lisbon,87
lishan_pingle,52
lishan_xinyang,125
lishi,16
lishui,200
lishui_yingtian,185
lisieux,16
lisino,40
lisle_jourdain,14
litang,143
litomerice,15
litomysl,21
liuba,24
liubar,40
liubech,34
liubeshiv,18
liuboml,24
liucheng,35
liujiang,99
liulin,27
liupu,78
liuyang,82
liuyuan,379
liuzhai,111
livadeia,65
liverpool,10
livno,46
livorno,12
liw,22
liwa,6
liwa_lampung,61
liwen,98
liyang,207
liyang_lizhou,100
liyuan,41
lizhou,158
lizhou_mahu,151
ljubljana,17
ljungby,28
llacsapallanca,3
llampqui,29
llanes,113
llangollen,3
lleida,26
llenllenet_ten,80
llerena,20
llica,59
lliria,65
lloa,83
llucena,56
llucho,49
lo_mustang,48
loa,52
loamba,134
loango,24
lobito,61
lobuya,11
loc_chau,60
locarno,1
lochaber,1
loches,23
lodenoye_pole,23
lodeve,47
lodi,13
lodose,6
lodz,20
loei,65
loeme,58
loengowe,182
lofotr,11
loga,58
logar,30
loge,43
logone_birni,97
logrono,14
lohja,14
lohr,11
loidoriki,19
loigan_sibo,16
loimola,11
loja,33
lokan,53
lokera,105
loket,17
lokoja,194
lokono,192
lokoro,182
lolo,59
loloda,26
lom,27
lombok,46
lomello,75
lomza,15
londa,181
london,3
longa,59
longamo,113
longan,40
longchang,17
longchuan,24
longchuan_xunzhou,191
longde,26
longford,5
longhui,215
longjing,73
longli,24
longmen,127
longmen_chicheng,88
longnan,241
longping_pingle,23
longping_zhaozhou,12
longqing,117
longquan,354
longquan_taihe,205
longquanping,27
longshan,160
longtang,88
longueville,9
longvek,210
longwangmiao,87
longwy,14
longxi,24
longxi_gongchang,47
longyan,211
longyang,22
longyou,55
longyou_jiading,98
longzhou_fengxiang,41
longzhou_longzhou,35
lop,1
lopasnya,23
lopburi,91
lope,56
lora,31
lorca,19
lordegan,30
loree,11
lorelai,33
lorena,81
lori,50
loropeni,114
los_yebenes,58
lotoshino,51
lotsane,217
loudi,199
loudun,21
loufan,13
loughborough,7
louhans,26
loulan,9
louth,14
louviers,9
lovech,29
lower_aktanyshbash,33
lower_angara,50
lower_gazimur,25
lower_pinda,11
lower_ulz,121
lowestoft,16
lowqah,8
loyalhanna,58
loyalsock,21
luache,58
luaha,53
lualaba,83
lualula,93
luan,224
luanchuan,173
luanda,484
luanyang,97
luanze,75
luapula,88
lubaczow,34
lubai,56
lubalo,265
lubango,109
lubartow,26
lubawa,13
lubben,14
lubeck,6
lubefu,202
lubica,13
lubile,135
lublin,58
lubliniec,119
lubny,30
lubudi,110
lubue,87
lucala,63
lucapa,186
lucayoneque,19
lucca,183
lucena,52
lucera,13
lucerne,7
luchani,14
luchaze,148
lucheng,89
lucheng_luan,10
luchin,32
luchow,7
luchuan,32
luchuan_mangshi,29
luchuan_rongzhou,19
luckau,17
lucknow,714
luda,18
ludlow,9
ludrava,17
luebo,170
lueyang,112
lufeng,71
lufeng_haifeng,114
lugano,48
lugo,2
lugoj,32
lugu,133
luhansk,46
luhe,114
lujiang,48
lujiang_luzhou,35
lukana,66
lukassi,59
lukchun,6
lukenie,102
lukh,23
lukolm,23
lukou,50
lukoves,18
lukow,31
lukoyanov,46
lukuga,174
lukulunga,69
lule,193
lulea,11
luleburgaz,25
luliang,30
luling,49
lulong,15
lumajang,93
lumbala,61
lumbala_nguimbo,160
lumbi,124
lumbini,136
lumeje,126
lumnanas,203
lumphat,96
lumpur,35
lunan,32
lund,49
lundey,11
luneburg,8
luneville,13
lungkya,26
lungsho,11
luninets,13
lunino,41
luocheng,102
luochuan,29
luodian,162
luoji,104
luojiao,52
luokong,47
luonan,24
luorong,49
luoshan,88
luoshan_qujing,51
luotian,244
luoxiong,43
luoxiu,28
luoyang,9
luoyang_wenzhou,292
luoyuan,107
luozuoguan,63
lupungu,96
lupya,35
luquan,100
luquemba,111
lusambo_qandu,50
lushai,101
lushan,26
lushan_yazhou,198
lushi,213
lusignan,17
lusongui,157
lussuna,144
lusta,12
lutai,12
lutang,67
lutava,21
luthigh,41
lutoudian,44
lutselk_e,11
lutsk,27
luujarvi,11
luuq,76
luwu,32
luxembourg,23
luxeuil,17
luxi,200
luxian,5
luxiang,19
luyang,142
luyi,1
luzhang,35
luzhou,35
lviv,39
lwena,103
lyady,24
lyakhavichy,28
lyakhovichy,29
lyaskovets,36
lycksele,11
lycoming,64
lyepyel,27
lymington,12
lyngngam,125
lynn,18
lyokyochyon,11
lyon,103
lypova_dolyna,34
lyskovo,19
lysufjord,11
lysva,49
lysychansk,45
lysye_gory,37
lyuban,26
lyubashany,26
lyubcha,16
lyubichi,17
lyubim,58
lyubno,24
lyubun,24
lyubytino,26
ma_amtagila,26
ma_tehua_llan,148
maan,11
maanaagi_iixodagish,101
maaqtusiis,11
maasai,338
maaselka,11
maastricht,9
maatawamkeag,40
maba_celebes,34
mabale,96
mabein,50
mabian,182
mabila,57
mabu,217
mabunda,195
mabuya,101
mabveni,72
macaca,41
macaclita,116
macaregua,94
macas,57
macassa,20
macauba,73
macaya,1
maccan,27
macclesfield,8
macedo,18
macenta,186
macerata,20
macha,11
machakh,11
machala,55
machame,286
machang,134
machaqa,1
machecoul,18
machekha,36
macheng,248
macheng_luanzhou,21
macherla,132
machevna,11
machias,29
machichi,11
machisque,16
machul,15
machynlleth,2
macina,27
mackenzie,11
mackinac,69
macomer,7
macon,18
macoriges,40
macoupin,76
macuxi,331
macuze,67
madaba,35
madakalapu,60
madanda,109
madaran,303
madas,1
madaun,11
madawaska,31
maddela,51
madembe,68
maden,33
madgaon,463
madhubani,413
madi,449
madi_madi,103
madi_yuanling,282
madila,9
madin_bani_sulaym,1
madinat_alawiyyin,27
madinat_far,63
madjul,50
madoi,19
madras,318
madrid,138
madugula,398
maduna,35
madurai,422
maduranthakam,124
madwas,136
mae_hong_son,37
mae_sot,106
maerkang,168
maevatanana,89
maewo,11
mafra,113
magadan,11
magadi,87
magaguadavic,27
magalo,35
magan,11
maganasipi,21
magdalenas,11
magdeburg,10
mage,168
maghana,43
magherafelt,5
magnetawan,18
magon,33
magorix,45
maguana,40
maguanes,27
maguela,78
magueyes,143
magway,66
magyarovar,29
mah_hom,169
mahabad,21
mahabo,174
mahaela,80
mahagaon,65
mahaguatikka,37
mahaiwe,51
mahajanga,37
mahakam,71
mahallat,7
mahan,4
mahates,36
mahatittha,46
mahaxay,74
mahdia,13
maheshpur,295
maheshwar,34
mahgas,11
mahi_kulan,236
mahicannituck,27
mahilaka,66
mahin,91
mahitahi,11
mahkato,104
mahmudabad,19
mahnahwoonan,11
mahneshan,25
mahoba,348
mahock,23
mahohevahoe,163
mahoning,22
mahoning_oh,81
mahony,11
mahpahpahazhhah,71
mahres,16
mahu,231
mahur,219
mahvelat,10
mai_ndombe,112
maia,21
maia_papua,66
maiana_atoll,11
maiawali,11
maibong,201
maicasagi,24
maidu,39
mailsi,1
maimbung,22
main,1
maingkwan,29
maintirano,80
mainz,12
mairete,35
mairi,142
maitomoni_ohe,140
maiwa_papua,50
maiwand,21
maizinaazibi,28
majabigwaduce,21
majanna,11
majar,51
majdal,54
majili,137
majiri,55
majuro_atoll,11
makabana,64
makah,44
makaka,86
makalondi,81
makanpur,408
makar,59
makarato,41
makarikha,18
makarska,18
makary,22
makatao,66
makemo_atoll,11
makenenga,108
makgadikgadi,202
makhabn,109
makhtal,35
makigotekw,14
makira,11
makisin,15
makna,3
mako,30
makokibatan,57
makonde,192
makonkalns,41
makoua,54
makovskoe,90
makrana,211
maksatikha,35
maksi,74
maku,27
makuda,68
makuhadokado,60
makulu,154
makunchawu,107
makunda,127
makurap,109
makurawe,106
makutamazan,70
makwanpur,168
mala,118
mala_vyska,54
malabang,27
malacatos,33
malacca,33
malaga,17
malagon,23
malaimbandy,175
malak_malak,160
malakand,138
malakula,32
malal_hue,268
malalis,406
malandog,35
malang,148
malangke,47
malanji,86
malapaz,51
malapuram,490
malartic,29
malaryta,22
malatya,34
malaya_ilesha,11
malaya_serdoba,55
malaya_sosva,12
malayer,51
malazgirt,36
malba,62
malbork,18
malchin,15
malchow,16
maldarede,125
male_atoll,11
maleagit,45
malegoondeet,199
maleisiai,27
malekan,40
malemba,45
malemiut,11
malgara,36
malha,23
malham,1
malheur,79
malili,31
malinalco,204
malindi,62
malindig,14
malinithan,37
malka,14
malkana,62
malkangiri,188
mallacoota,58
mallee,69
mallersdorf,13
mallig,33
malmo,21
malneta,123
malodelskaya,44
maloelap_atoll,11
malong,132
malong_qujing,27
malongtalang,56
maloshuyka,11
maloya,38
maloyaroslavets,15
malpa,128
malpeque,13
malpura,68
malta,6
malte,11
malukkit,38
malumba,194
malung,42
malunga,111
malye_derbety,56
malye_oserki,11
malykhan,11
malykovka,43
malyn,20
malyy_uran,45
mamachatpam,135
mamadysh,33
mambere,383
mambone,207
mamboro,48
mambrui,55
mamburao,37
mameiwasipi,75
mamele,73
mamiya_kala,11
mammamattawa,11
mamterat,11
mamterilleq,17
mamudju,23
mamull_mapu,375
mamusi,41
mamyn,100
manabondro,144
manacor,96
manadeley,21
manado,41
managalang,23
manahoro,93
manama,62
manambato,89
manan,33
manangoora,147
manaos,88
manapakuaniskau,11
manas,7
manassas,35
manatara,83
manavgat,24
manawatu,57
manbij,35
mancha_khiri,80
manchac,16
manchan,24
mancheng,14
manchester,3
mandalgarh,37
mandali,20
mandandanji,240
mandar_parvat,413
mandaragirau,148
mandi,219
mandiana,134
mandingring,282
mandisobi,211
manditsara,119
mandiyu,56
mandjar,48
mandla,345
mandleshwar,90
mandor,23
mandore,133
mandsaur,33
mandu,83
mandurah,78
mane,93
maneva,123
manfalut,1
manfredonia,18
mang_viet,68
mangala,194
mangalore,167
mangapet,394
mangarayi,153
mangareva,11
mangarin,50
mangazeya,11
mangbu,80
mangge,108
mangona,222
mangrol,20
mangshi,50
manguenzo,69
manhattan,13
manhuacu,51
manhukdhintanwan,118
mani,48
mani_kikongo,57
mani_kinsomba,79
manialtepec,92
maniani,32
maniatique,25
manica,222
manicouagan,11
manigango,121
manigotagan,114
manihi_atoll,11
manikandapuram,298
manikdrug,203
manikpur,225
manily,11
manisa,35
manistee,88
manistique,57
manitoulin,43
manitowi_sakahikanihk,143
manitowik,25
manitowoc,58
manjimup,47
manjung,125
mankera,32
mankessim,40
mankhamba,81
mankon,128
mankunda,83
manley,23
manmaw,73
mann,2
manna,45
mano,86
mano_iyo_he,116
manoharpur,104
manoki,230
manomin,109
manoninerina,112
manora,86
manouane,12
manouanis,11
manresa,121
mansaka,43
mansila,63
mansilla,7
mansinha,149
manso,26
mansoura,1
mansouria,33
mansura,72
manta,59
mantago,117
mante,141
mantes,11
mantiqueira,81
mantova,9
manturovo,27
manturovo_kursk,38
manuae_atoll,11
manuais,314
manubara,32
manujan,11
manukau,94
manuri,94
manus,27
manyakheta,78
manyapura,98
manyas,13
manyikeni,236
manysai,23
manzanares,22
manzaya,55
manzushir,607
maoming,25
maore,11
mapa,25
mapela,89
mapimi,80
maping,44
mapulana,154
mapungubwe,123
maputo,198
maqqara,21
maqtewey,21
maquatua,11
maqueda,34
mar,1
mara,119
mara_india,41
maracaju,159
maracoa,223
maradah,7
maradi,89
maragheh,29
marajoara,165
marakaaya,127
maralbexi,1
marand,39
marandet,11
maranjab,6
marapa,92
marapanim,187
marash,41
marataiama,38
maratine,199
maravatio,16
maraveh,54
marawah,8
marayaarmiut,11
maraza,53
marbella,82
marbul,114
marburg,14
mardan,64
mardanaqom,45
mardankuyik,12
mardehek,38
mardelong,55
mardin,55
mareeg,25
margany,92
marghinan,74
mariame,48
mariana,33
marib,1
maribor,17
marien,43
marien_cuba,48
marienstern,16
mariinsk,127
marimba,70
marimbi,82
marin_balluk,103
marind,107
mariocai,48
mariua,47
marivan,34
marjina_horka,32
markahuamachuco,75
markapur,218
markha,5
markham,21
markhaya_trail,11
markovo,9
marle,12
marlew,82
marmainde,85
marmande,18
marmaris,12
maroantsetra,41
marokau_atoll,11
maroua,113
marovo,15
marovoay,50
marrakesh,34
marrat,26
marrithiyel,98
marsassoum,55
marsciano,10
marseille,20
marsoui,14
martaban,43
martapura,62
marte,48
martigny,5
martinafr,22
martos,16
martu,11
martuthunira,58
martyshkino,150
maruf,30
marutea,11
marv_al_rudh,37
marvast,1
marwah,34
marxa,11
maryovo,29
masa_sud,105
masacuajulam,170
masaks,11
masalsk,21
masantu,101
masat_ata,15
masbate,49
mascara,52
masekesa,103
maselga,10
mashdhubah,1
mashgalende,160
mashhad,20
mashhad_rizeh,21
mashiki,143
mashima,116
mashishing,224
mashita,44
mashkai,1
mashkel,1
masiko,102
masindrano,68
masinga,118
masirah,9
masjed_soleyman,81
maskanah,30
maskikogamak,16
maskotci,22
maskwa,96
masolian,11
masqat,40
massa,114
massa_MOR,23
massabo,32
massamar,11
massangano,62
massanutten,31
massanza,202
massapa,60
massapequa,24
massawa,65
massawomeck,36
massenya,169
massigui,114
massinacak,31
mastakh,11
mastigon,96
mastuj,17
mastung,16
masty,24
masulipatnam,80
masyaf,31
mat_chau,58
matabichuan,44
matachewan,29
matad,137
matagalpa,161
matahun,87
matala,67
matam,26
matamba,50
matanda_aChiwawa,104
matandang_nayon,12
matane,20
matano,32
matanuska,11
matape,73
matapeake,37
matapedia,13
matapesatakun,54
matara,78
mataram,145
matarjawira,62
matawin,14
matemba,58
matendere,130
matengo,157
matera,21
mateur,32
mathoskabde,73
mathura,164
matiakoali,110
matilla_de_canos,20
matimba,146
matipo,52
matman,63
matmata,29
matootonha,83
matope,107
matoueska,23
matruh,10
matsigame,85
mattagami,30
mattawa,13
mattawana,29
mattawasaga,27
mattawishkwia,50
mattole,28
matumbo,66
matupi,22
maturin,188
matzikama,73
mau_jaunpur,339
maubeuge,17
maubin,55
maues,83
mauganj,97
maui,23
maukallaqta,84
mauleon,13
mauleon_poitou,11
maulimberdy,32
maumee,90
maung,132
maungdaw,43
mauriac,15
mauritius,29
mavinga,107
mavliberda,94
mawet,32
mawhera,11
mawkmai,59
mawlamyine,102
mawlen,207
mawqaq,1
mawza,23
maxaas,63
maxakali,75
maxcanu,37
maxia,19
maxorata,32
may_ushin,100
maya,11
mayaba,97
mayaca,42
mayaimi,59
mayang,117
mayapan,27
mayari,28
maybrat,96
maydh,13
mayen,9
mayenne,15
mayeye,109
mayi_kutuna,209
mayi_thakurti,164
mayi_yapi,200
maykop,59
mayma,185
maymaga,11
maymana,40
maynila,28
maynoa,33
mayo,39
mayrinax,17
mayumba,33
mayuragiri,98
mayya,11
mayyafariqin,27
mazagao,383
mazaghan,21
mazar_i_sharif,90
mazar_tagh,1
mazara,13
mazatepec,70
mazatlan,66
mazatlpilli,204
mazdaran,18
mazeikiai,18
mazhan,14
mazinaw,35
mazouna,20
mazyr,28
mbaba,70
mbai_yuru,146
mbaiki,337
mbakaou,134
mbam,201
mbangala,68
mbanza_kongo,78
mbanza_mbata,65
mbanza_mpangu,42
mbanza_mpemba,57
mbanza_nsundi,121
mbanza_soyo,60
mbara,161
mbegela,76
mbegua,107
mbeiwum,50
mbewe,62
mbia,205
mbinga,260
mboma_kongo,161
mbombela,210
mbombona,181
mbondo,51
mbosaksawaas,40
mboune,97
mbridge,41
mbunga,201
mbwela_kabango,170
mbya,288
mchinji,84
meaux,20
mebengokre,197
mecatina,16
mecca,35
mechelen,50
mechet,50
mechetnaya,54
mechili,1
mechiso,85
mechoopda,55
mecumba,118
meda,42
medak,114
medanapalle,234
medawachchiya,52
medea,32
medellin,12
medenine,1
medias,17
medicina,20
medicine_bow,84
medina,1
medina_de_rioseco,8
medina_del_campo,23
medina_sidonia,28
medinaceli,8
medininkai,13
medininkai_vilna,23
medjez_el_bab,27
mednoye,26
medonho,139
medrissa,82
meductic,21
meduxnekeag,31
medveda,40
medyn,12
meelpaeg,21
megantic,15
megara,354
megion,11
megiscane,25
megra,17
megri,42
megrino,24
meherrin,37
mehin,219
mehkar,311
mehsi,524
meiganga,208
meinersen,4
meiningen,15
meiqiu,60
meisenheim,13
meissen,15
meixian,19
meizhou,39
mejnypilgyn,11
mekapisk,11
mekele,15
mekimbya,11
mekinac,18
mekinock,121
mekletin,111
meknes,29
mekoryuq,11
mekwiskajk,24
melahuacan,82
melamela,32
melara,23
melekess,59
melenki,28
melenudo,171
meletovo,19
meleuz,37
melfi,23
melgueil,16
meli_lema,35
meli_pillan,126
melilla,7
melitopol,48
melk,16
mellid,27
mellrichstadt,9
melnik,34
melnikovo,53
melnya,19
melnytsya,22
melpa,48
melsungen,12
melun,17
memba,78
memel,7
memesagamesing,31
memmingen,7
mempawah,32
memphremagog,12
memramcook,25
menageesenog,11
menahkwesk,25
menara,56
menas,11
mendawai,58
mende,4
mendefera,73
mendetna,11
mendong,11
mendota,75
meneeohe,95
menehould,16
menemen,13
menen,204
menesetung,49
mengban_jihong,23
mengban_weiyuan,46
mengcheng,191
mengding,102
mengding_mengzi,76
mengdong,60
mengen,34
mengen_papua,34
menggala,60
menghai,14
menghua,55
mengjin,13
mengla,18
menglei,80
mengli,223
mengmeng,32
mengtong,64
mengung,7
mengxian,9
mengyin,157
mengzi,68
menkyule,11
menlu,147
menominee,70
menongue,113
menouf,1
menutinau,11
menzelinsk,46
mepenes,222
meppel,17
meppen,11
meraker,1
meramec,149
merano,2
merca,55
mere_mere,45
merelka,109
merenga,11
mergen,180
mergentheim,8
mergui,93
merida,14
merki,25
merkine,16
merseburg,9
merta,111
mertola,17
meru,130
merv,28
merzifon,31
merzig,13
mesabi,67
mesagami,26
meschede,40
meshchersk,18
meshchovsk,18
meshkan,6
meshkan_khorasan,13
meshra_er_req,559
mesilinka,39
meskiana,75
meskousing,102
mesocco,1
mesquite,96
messaad,25
messalonskee,25
messina,23
messoyakha,11
mestre,15
mesudiye,15
mesuji,58
mesurado,92
mesyagutovo,76
metabeskega,27
metabetchouane,23
metapan,31
meteleu,26
methye,70
metica,166
metigoshe,102
metkovic,29
metlika,34
metog,3
metsang,104
metz,40
metzquititlan,23
metztitlan,556
meulaboh,43
mevouillon,36
mewuk,39
mextiacan,16
meyah,28
meyami,24
meybod,8
meymand,40
meymeh,27
mezen,11
mezhorje,27
mezhutka,9
mezhybozhe,29
mezquital,196
mfumu_bekussu,107
mghumbhani,221
mglin,29
mgosas,118
miahuatlan,31
mianchi,73
miandoab,34
miandrivazo,108
miangu,352
mianzhou,49
mianzhu,64
miass,46
miastko,57
miatbir,33
mica_creek,12
micay,39
micewehudehik,64
michichi,139
michilingue,112
michipicoten,23
mictlan,145
middelburg,3
midelt,55
midongy,112
midu,41
midyat,19
mie,90
miedzyrzecz,30
mielnik,15
miercurea_cluc,19
mieres,131
miesbach,15
mihalic,18
mihaliccik,21
mihalt,54
mihkwakamiwi_sipiy,92
mii,159
mikasa,170
mikasuki,56
mike,62
miketo,111
mikhailovka,35
mikhalkino,11
mikhaylov,27
mikhaylovka,42
mikhaylovka_pontic,45
mikhlaf_al_hubishiyah,32
miki,117
mikindani,130
mikiwam,20
mikkeli,10
mikkwa,85
mikshino,34
miksiw_sipisis,146
mikulino,26
mikulino_tver,26
mila,60
milange,155
milano,149
milas,25
mile,59
mili_atoll,11
miliana,29
milicz,13
milk_creek,27
milkovo,11
millapel,120
millau,20
millcayac,187
millcca,27
millerovo,44
millewa,88
millinocket,38
millioke,54
milos,7
miltenberg,12
milwat,25
milyutinskaya,61
mima,119
mimbara,64
mimizan,7
minab,30
minamiabashiri,17
minamiaizu,35
minamikamikawa,19
minamimatsuura,15
minamimogami,66
minamimorokata,132
minamimuro,105
minaminakagawa,51
minamiuonuma,117
minang,68
minatare,161
minbya,40
minden,16
mindon,77
mindouli,77
mindu,50
minduso,31
mineami,77
minehead,10
minenga,128
mingan,16
minggang,34
minghe,286
mingin,36
mingin_australia,133
mingsha,31
mingshan,54
mingshui,15
mingtong,245
minguannan,48
mingxi,73
mingyi,205
mingying,52
minichinas,117
minii_yohe,101
minisink,38
minisose,135
miniss,31
ministik,11
minizuahe,150
minkaniciciw,19
minna,139
minnetonka,95
minnewaukan,141
minnewawa,71
mino,59
minochi,101
minokamo,45
minong,11
minqing,163
minsin,30
minsk,30
minto,33
minudasht,38
minungo,135
minusinsk,123
minxian,23
minya,1
minzhou,80
miongo,63
miopacoas,169
miory,20
miquelon,11
mir_garh_qila,1
mir_loc,29
miraj,44
mirama,52
miramichi,26
miran,7
miranda_de_ebro,79
miranda_de_i_douro,28
mirande,28
mirandela,8
mirandola,7
miranha,71
mirat,666
mirbat,1
mirecourt,12
mirepoix,19
miritiba,161
mirixubaash,132
mirning,148
mirochowo,31
mirriah,42
miryang,26
misasa,84
misask,14
misekumaw,19
misgar,11
misha_shipu,14
mishan,87
mishikamau,11
mishkwagokag,74
misi_zaaga_igan,92
misima,11
misinichikw,11
miskah,13
miskolc,30
miskwaagamiiwi,109
misool,37
mispec,18
misratah,6
missicabi,11
missinaibi,30
missinihe,20
missinipi,81
mississagi,26
mississinewa,107
missoula,69
mistahi,11
mistahi_sakahikan,37
mistaiyohe,91
mistango,34
mistanipi,11
mistassibi,16
mistassiniish,12
mistecapiu,15
mistelbach,18
mistimakan,11
mistinatuakamau,11
mistinatwayasu,11
mistissini,13
mistretta,9
mistutikumak,11
mitchigamea,109
mithankot,1
mithri,1
mitic,15
mitilene,11
mitimiri,104
mitis,17
mitoyo,115
mitrovica,65
mitse_adazi,61
mitsiadazi,117
mitsogo_kongo,182
mittaywanquam,46
mittersill,24
mityakinskaya,42
miwa,75
mixian,15
mixquiahuala,74
mixtlan,13
miyagi,25
miyakojima,23
miyaneh,40
miyazaki,27
miyoshi,45
miyoshi_shikoku,118
miyun,103
mizantla,92
mizda,7
mizhi,17
mizque,43
mkwaja,44
mlada_boleslav,23
mlungo,121
mnihaha,169
mnisaton,152
mnitanka,202
mo_o_ti,38
mo_ohta_vo_honaaeva,108
moadokado,129
moana_kassongo,116
moana_mpafu,120
moana_muafi,175
moana_mussumba,79
moanunts,139
moapa,11
mobaye,432
mobile,82
moca,39
mocama,56
mocana,48
moce_atoll,11
mocoa,99
mocozo,72
modasa,128
modena,16
modica,23
modigliana,11
modipe,193
modokni,63
modon,7
modos,29
moehe_yoe,123
moena_kalengo,131
moffat,83
mogadishu,364
mogador,38
mogas,159
moghwachi,28
mogi_das_cruzes,24
mogi_mirim,80
mogilev,29
mogilno,35
mogot,11
mohacs,23
mohan,109
mohe,143
mohetan,60
mohko,11
mohyliv_podilskyi,34
moi,119
moi_urusta,11
moingwena,112
moira,197
moissala,255
moito,96
moiynty,17
mojacar,12
mojenga,102
mokaie,247
mokelumne,42
mokhcha,41
mokowan,99
mokrous,55
mokshan,32
moksobo,36
mokwa,95
molangur,92
molchanovo,22
molde,2
molevon,32
molina_de_aragon,16
molins,9
mollyhuajeck,33
molodo,11
molodoi_tud,29
mologa,31
moloka_i,11
molomo,77
moloskovitsa,11
molsemtekw,13
molumbo,164
molundu,89
molvo,11
molyvos,6
moma,152
moma_katwoi,52
moma_moamba,60
mombasa,62
mombote,125
mompoj,110
mon,19
monadnock,16
monaghan,5
monahassanugh,28
monashee,26
monastir,11
monastyrshchina,19
monasukapanough,32
monbetsu,68
monchengladbach,10
moncorvo,60
mondo,36
mondonedo,51
mondongachate,48
mondoro,48
mondovi,9
monecato,135
monemvasia,7
monesterio,21
moneta,54
moneton,60
monfort_lamaury,14
monfort_sur_meu,18
monforte_de_lemos,2
mong_hpayak,37
mong_hsat,53
mong_yai,94
mong_yang,56
mong_yawng,52
monghsu,43
monghyr,579
mongkawng,65
mongkung,36
monglong,64
mongmit,54
mongnai,33
mongnawng,49
mongo,420
mongoffa,87
mongomo,75
mongpai,63
mongping,49
mongtung,72
mongyang,79
monhyin,53
monmouth,4
mono,11
monocacy,26
monona,171
monongahela,70
monopoli,13
monqui,46
mons,89
monselice,12
monsol,108
mont_de_marsan,72
montaigu,16
montaigut,11
montalban,8
montalcino,17
montalegre,47
montanchez,7
montargis,22
montauban,27
montauk,15
montbeliard,10
montblanc,15
montbozon,22
montbrison,10
montcenis,19
montefeltro,12
monteleone,14
montemor,16
montendre,19
montepeloso,24
monterado,42
monterrey,2
montes_claros,224
montflanquin,13
montgomery,4
monthey,3
montiel,23
montlaur,5
montlucon,10
montmedy,6
montmorency,17
montmorillon,23
montpellier,11
montreuil,14
montreuillon,18
montreux,39
monxoro,170
monza,231
monzes,130
monzon,19
monzon_campos,10
mooi,236
moona_mpanda,66
moose_river,11
moosonee,11
mootka,19
mopeia,102
moqoit,83
mora,18
mora_cam,149
mora_de_rubielos,18
mora_eth,18
mora_portugal,41
morag,19
moramanga,47
morangi,330
moratau,22
mordovo,42
morella,19
morgan,55
morgex,1
morhange,10
mori,26
mori_baridag,63
mori_celebes,96
morki,69
morkoka,11
morkvash,31
mormor,169
mornei,214
moro,34
moro_sindh,1
moron,30
morondo,185
morpeth,13
morphou,22
morrinhos,266
mors,6
morsha,39
mortagne,16
mortain,16
morvi,81
mosbach,8
moschevo,18
mosco,76
moscow,54
mosega,202
mosharahat,27
moshenskoye,32
moshi,11
moshok,23
mosiko,163
moskona,40
moskwawakwa,142
mosopeleacipi,19
moss,17
most,10
mostaganem,46
mostar,31
moster,4
mosul,38
motal,11
motoyoshi,68
motu_maha,11
motul,81
motupalli,68
motupohue,14
motutunga_atoll,11
motygino,46
mouchalagane,11
moudery,45
mount_athos,11
mountain_maidu,31
moura,15
mourdiah,95
mourionska,1
moussoro,70
moutiers,6
mouzon,10
movima,327
mowhemencho,32
moxos,259
moya,45
moyarta,23
moycarn,7
moyenga,48
moyobamba,61
mozambique,85
mozhaysk,58
mozhga,48
mozhino,19
mpala,74
mpanda,193
mpondo,175
mpongwe,55
mpota,67
mpueto,72
mpwapwa,97
mrauk_u,65
mrirah,61
mrubicha,250
msassa,107
msene,257
mser,30
msila,41
msinja,210
msire,219
msire_zambia,97
msiri,115
msoro,149
mstow,51
mstsislaw,26
msus,2
mtanye,58
mtetengwe,61
mthethwa,153
mti_pa,83
mtoko,52
mtoli,327
mtowa,70
mtsensk,18
mtskheta,19
mu_ngava,12
muan,32
muana,162
muang_et,44
muang_jam,45
muang_kham,36
muang_khemarat,121
muang_khuan_kra_buri,58
muang_lang,40
muang_luang_phukha,37
muang_mang,115
muang_na_rang,58
muang_nakhon,56
muang_ngao,82
muang_nong_han_luang,85
muang_phalan,54
muang_phin,64
muang_phuan,24
muang_sam_tai,32
muang_sing,30
muang_sua,59
muang_ta_oi,67
muang_tam,60
muang_thaeng,32
muang_wang,46
muang_xay,89
muang_yuam,15
muar,64
muara_bahan,38
muara_sabak,24
muarakaman,67
muata_musembo,105
mubami,59
mubarakabad,16
mubemde,110
mubi,130
muborak,31
mucajai,200
mucajama,107
muchena,232
muchesh,41
muchuan,137
muchuchu,103
muconda,118
mucuri,143
mucusso,199
mudan_ula,123
mudburra,443
mudgal,100
mudhaykirah,27
mudhol,148
mudurnu,44
muene_kwako,115
muene_ndinga,109
muene_puto,184
mueng_bang_yom,46
mueng_fa_daet,130
mueng_rat,46
mueng_thoen,48
mueng_thung_yai,70
mugamba,585
muge,55
mughan,12
mughayra,10
mugi,23
mugla,34
mugumba,111
muhammad_tur,11
muhammerah,4
muhaukamau,16
muhayil,49
muhekani,114
muhldorf,11
muhlhausen,16
muhwaosipi,75
muichi,61
muinawamek,30
mukachevo,28
mukah,96
mukalombo,95
mukariva,82
mukas,77
mukdahan,60
muko,133
mukomuko,41
muksu,11
muktagacha,193
muktsar,291
mukur,20
mukurru_bunkela,75
mukutawa,61
mula,28
mulanay,26
mulhouse,9
muli,179
mulian,32
mulilimu,145
mulkhow,29
mull,3
mullaitivu,37
mullheim,11
mullingar,15
mulmuga,19
multan,3
multnomah,50
mulun,92
mulunda,88
mum,49
mumbos,115
mumias,444
munchique,18
mundurukania,68
munduruku,95
mungra,707
mungyeong,9
munich,12
munite,50
munju,79
munk,39
munster,16
munza,63
muong,32
muong_cha,15
muong_luan,29
muong_te,23
mupanipani,75
muping,46
mupung,48
muqur,35
mura,70
murau,142
muravera,9
murayama,83
murayghan,1
murbach,161
murcheh_khvort,22
murcia,12
muret,22
murghab,11
murgo,31
muriae,133
murom,29
muromtsevo,73
muromtsevo_murom,24
murranbulla,202
murri,71
murrinh_patha,96
murrumgama,180
murt,1
muruam,162
murwara,244
murzuk,11
murzzuschlag,72
mus,31
musa,88
musa_qala,53
musan,82
musaymir,42
muscotnetcong,24
muse,56
mushikitee,125
mushkov_pogost,59
mushuau,11
musi,72
musi_hilir,42
musikot,99
muskegon,70
muskerry,25
muskiki,126
muskingum,78
musong,26
musquedoboit,29
mussau,9
mussende,64
mussimi,82
mussombo,139
mussul,38
mussumba,88
mustinka,88
musuo,37
mut,42
mutota,143
mutsisooni_yohe,145
mutsun,105
mutum,67
mutumui,87
muumyangan,143
muwayh,1
muxihe,38
muxima,41
muxima_ayo,37
muyove,134
muyu,68
muyua,14
muyupampa,212
muzahmiyah,1
muzhech,23
mwamasapa,183
mwangulla,41
mwenezi,164
mweru,96
myadzyel,23
myakit,11
myanaung,70
myaungmya,21
mychesk,35
myede,52
myedu,82
myeongcheon,31
myeongju,61
myitkyina,38
myitta,45
mykonos,7
mykytyn_rih,37
mymensingh,240
myndagai,11
myrhorod,37
myshuryn_rih,49
myslenice,143
mysore,87
mystras,20
n_pooh_le,72
na_choo_ndek,30
na_isha,27
naahmigus,11
naalbandin,1
naam,1
naama,56
naas,8
naasioi,56
nababeep,11
nabagram,54
nabaydacu,46
nabek,11
nabeul,20
nabiti,73
nablus,87
nac_nanuk,79
nacachau,53
nacala,79
nacao,85
nacaome,42
nachirvik,11
nachod,16
naco,35
nacogdoches,39
naconiche,59
nacoochee,43
nadah_dogalnine,62
nadakuh,61
nadi,227
nadia,686
nadleh_whuten,65
nadleht_en,85
nadol,86
nadushan,6
nadvoitsy,11
nadym,11
nadzcaan,38
naffis,25
nafka,25
nafpaktos,7
nafplio,9
naga,256
naga_bikol,43
nagagami,28
nagahrada,73
nagaoka,39
nagapattinam,83
nagar,4
nagara_borneo,44
nagaradalaax,11
nagarando,35
nagarkot,56
nagarparkar,72
nagatinong,24
nagaur,148
nagavskaya,56
naggar,224
nagh,1
naghan,19
nagina,530
nagnes,149
nagod,262
nagold,12
nagor,96
nagorsk,20
naguatex,114
nagyboszormeny,20
nagyecsed,23
nagykallo,26
nagykanizsa,25
nahan,83
nahanni,66
nahavand,46
nahil,577
nahma,35
nahuelpan,71
naiba,11
naiman,130
nain,8
nainital,235
nainpur,27
najama,121
najera,23
najran,54
naju,132
nak_azdlit_en,35
naka,9
naka_hyuuga,23
naka_iwami,62
naka_shikoku,84
nakaigetergehe,195
nakajima,9
nakakamikawa,45
nakaoono,146
nakara,62
nakata,104
nakatsu,155
nakchu,11
nakenk,11
nakhal,1
nakhara,11
nakhchivan,36
nakhon_chum,54
nakhon_sawan,77
nakhon_thai,75
nakijin,11
nakipa,39
naklo,21
nako,60
nakono,33
nakop,11
nakpa,128
nakshaparvat,48
nal,1
naldrug,93
naledi,191
naletale,161
nalgonda,58
nalimsk,11
nalinggele,10
nalli,86
nalolo,75
nalou,62
nalut,11
nalyachchyya,11
nalyuchi,30
nam_sach,116
nam_thing,26
nam_xuang,73
nama,11
namaan,114
namakan,24
namakwa,9
namalata,84
namana,11
namaqua,160
namaro,21
namau,23
namballe,39
nambikuara,164
nambikwara,89
nambu,91
namdal,2
namekata,46
namew,113
namewaminikan,31
namgyeong,123
namhae,8
namhkan,13
namhsan,28
namibe,11
namieta,144
namiquipa,76
namjan,143
namling,5
namo_me,70
namrup,86
namtso_doring,11
namu_atoll,11
namunka,72
namur,26
namwon,78
namy,11
namyslow,9
nan,68
nana_kahinga,175
nana_kandungu,99
nanan,73
nanan_quanzhou,30
nanatsoho,59
nanboa_angonga,45
nanbu,20
nanchang,36
nancheng,140
nanchong,22
nanchuan,201
nancy,23
nandagiri,103
nandan,103
nandan_tengcheng,43
nandapur,510
nander,81
nandeva,119
nandgram,27
nandian,35
nandod,110
nandu,251
nandun,11
nandurbar,38
nandyal,104
nanfeng,78
nangana,92
nangchen,11
nangcheon,16
nanghaer,20
nangong,19
nanhai,34
nanhui,339
nanja,132
nanjanagud,150
nanjiang,262
nankang,94
nanlang,52
nanle,11
nanling,19
nanliu,40
nanning,62
nannup,66
nanpi,3
nanping,120
nanrantsouak,11
nansemond,35
nansheng,22
nantes,34
nantucket,11
nantwich,6
nanuque,126
nanwacinahaana,152
nanwalek,11
nanxi,11
nanyang,31
nanzatico,38
nanzewaspe,141
nanzhang,106
nanzhao,44
nanzheng,45
naococane,11
naogaon,193
naoiri,80
naomao,7
napaktok,11
napanee,23
napetipi,11
napinaica,138
napituca,60
naples,338
napo,97
napochi,71
nara,110
naraan_chilaun,11
naraha,64
naran,23
narangga,115
narat,83
narbonne,27
nardin,35
narena,51
narhat,602
narhata,34
nari_nari,75
nariele,64
nariguala,120
narino,49
narmashir,6
narnaul,173
narni,7
narodychi,24
narrandera,208
narroging,68
narsinghpur,173
narsipur,34
narva,11
narwar,67
naryn,60
nas,18
nasacauso,20
nasaf,45
naser,530
naserpur,2
nashua,15
nashwaak,35
nasik,60
nasiriyah,1
naskwotchu,11
nasoni,67
nastapoka,11
nasu,124
nat_oot_en,41
nat_tha_hi,43
nata,37
nataeosueti,41
natages,215
natahende,263
natal,44
natalkai,26
natanz,18
natashquan,12
natastan,17
natchez,80
natigostec,31
natinixwe,11
natori,67
natsitok,11
natuak,11
natuna_islands,27
nauhtlan,14
naumburg,6
naumkeag,59
naungyo,85
naupa_huen,69
naupahuasi,79
naure,83
naurskaya,83
nauset,19
navalucillos,27
navan,9
navchak,11
navia_de_suarna,36
navidakh,43
navisink,26
navolok,11
navskov,19
nawa,22
nawagarh,74
nawah,32
nawakot,81
nawu,143
naxi,14
naxos,6
nayagarh,327
nayarit,102
nayband,10
nayoro,40
nazarovo,153
nazhi,18
nazilli,45
nazimovo,13
nazkot_en,100
nazok_olya,30
nazran,49
nazym,11
nbengo,33
ncando,62
ncomi,78
ndalatando,70
ndar,23
ndawe_qoha,117
nde_nda_i,179
ndele,894
ndembo,50
ndiaganiao,20
ndom,36
ndombe,57
ndorwa,288
ndrumbea,31
nduga,394
ndwandwe,113
ndyuka,63
ne_miskua,153
ne_shuta,125
neath,2
nebesek,13
nebolchi,27
nebraska,167
nechakot_en,66
nechi,107
necocli,84
necoes,62
nedong,5
nedroma,19
nee_tahi_buhn,31
neebing,32
neekeari,105
neemannee,83
neenowuxoote_i,80
neesihushaanu,55
nefta,17
negar,7
negombo,504
negoot,37
negroponte,5
neguac,19
nehantuck,35
nehbandan,21
nehru,16
nehuen_mulfun,11
nei,63
neihuang,18
neijiang,25
neiqiu,102
neixiang,154
nekemte,112
nekhel,5
nekloch,32
nekokiaw,84
neksikan,11
nel_kan,11
nelemney,11
nelgese,11
nellore,44
neluki,11
nema,10
nemadji,62
nemag,47
nemaha,156
nemasca,15
nembe,222
nembudziya,105
nemby,259
nemecky_brod,8
nemegosenda,25
nemeri,197
nemkuchen,11
nemours,27
nemptu,87
nemuro,8
nenagh,15
nenana,20
nendo,11
nengone,11
nenlhet,171
nentego,27
nenying,9
neopatras,20
neosho,147
neoskweskau,19
nepahalla,94
nepepimmesipi,67
nepisiguit,50
nequecheri,45
nerac,109
nerekhta,28
neriungri,11
nes,11
nesle,18
nessoneick,33
nestaocano,11
netook,115
neubrandenburg,15
neuburg_an_der_donau,15
neuchatel,74
neufchateau_des_vosges,12
neufchateau_luxembourg,11
neuhaus,8
neumarkt,14
neuse,38
neuss,11
neustadt,6
neustadt_am_rubenberge,12
neustadt_an_der_haardt,10
neva,312
nevel,27
nevers,20
nevesinje,49
nevrokop,13
nevsehir,40
new_calabar,204
new_ross,4
newark,9
newcastle,5
newenken,92
newport,3
newtownards,4
neyasar,21
neyriz,6
nga_lac,83
ngabang,86
ngabo,102
ngada,55
ngadjuri,53
ngalakan,138
ngaliwuru,179
ngalkbun,116
ngambe,89
ngamotu,38
ngamring,11
nganaa_nui_atoll,11
ngandatha,115
ngandi,108
ngandji,235
nganyaywana,133
ngaoundaye,268
ngaoundere,233
ngaous,41
ngape,31
ngaputaw,120
ngarbal,163
ngargad,90
ngarigo,168
ngarinman,193
ngarinyin,169
ngarla,71
ngarluma,33
ngarrindjeri,123
ngasingu,80
ngatjumay,108
ngato,106
ngau,11
ngazargamu,37
ngazidja,36
nggela,11
nghe_ann,14
ngibelai,76
ngikwatela,144
ngilukumong,150
ngimbo_amburi,89
ngisir,78
ngisonyoka,140
ngiyepakuno,50
ngoc_ma,32
ngokro,208
ngola,92
ngololo,36
ngongoa_moelo,80
ngonnemoa,29
ngouma,37
ngousa,73
ngoussa,15
nguburinji,244
nguera,117
nguff,110
nguidjilone,10
nguigmi,3
ngumbari,56
ngume,111
ngunawal,101
nguri,128
ngurraiillam,179
nguru,28
nguyi,106
ngwane,222
ngwaun,128
nhanta,50
nhat_nam,31
nheengaiba,70
nheteroia,138
nhuwala,11
ni_alniigi,137
ni_haunchi_to,145
ni_okaska,216
niagara,30
niagassola,120
niah,90
nianbo,31
niani,107
niantjila,105
niarada,109
nibork,23
nibuchu,126
nicabau,16
nicalaax,11
nicastro,56
nicatous,36
nice,158
nichabau,40
nichicun,11
nicobar,17
nicosia_cyp,16
nicosiasic,21
nictaux,22
nidaros,1
nidda,9
nidula,6
nidym,11
niebla,24
niemcza,42
niemodlin,8
niena,136
nienburg,17
nifi,5
nigde,24
nigitai,77
nih_iitkotousi_l,115
nii,126
niigugis,11
niihari,62
niikappu,10
niikawa,205
niineniiniicie,88
niiohehsane,47
nijmegen,8
nikahionhwakowa,46
nikhdhintanwan,147
nikitotegwak,15
nikkaluokta,11
nikki,289
nikolo_dor,46
nikolsk,32
nikolskoye,35
nikolskoye_andoma,53
nikolskoye_kema,26
nikolskoye_pontic,28
nikolsky,29
nikolsky_pogost,46
nikoma,244
nikopol,28
niksar,16
nikwasi,23
nilagiri,68
nilakamberu,253
nilandhe_atoll,11
nilapohuana,82
nilka,76
nima,39
nimanburu,88
nimde,11
nimes,28
nimnyr,11
nimvar,31
nindi,205
ninescah,119
ningbian,39
ningchang,127
ningde,161
ningdu,103
ningfan,50
ningguo,276
ningguta,109
ninghai,199
ninghua,54
ninghua_tingzhou,75
ningjin,14
ningjin_zhaozhou,17
ningling,9
ningpu,52
ningshan,54
ningxia,54
ningxiang,246
ningxiang_shizhou,22
ningyang,138
ningyuan,266
ningyuan_gongchang,58
ningyuan_jinzhou,69
ningyuan_wananjun,149
ningzhou,39
ninil,42
nioac,207
niobrara,131
nioman,144
niono,48
nioro,70
niort,18
nipigon,27
nipissing,26
nipissis,11
nipisso,14
nipissu,16
nir,29
nirgua,99
nirmal,43
nis,30
nisa,32
nisab,5
nisenan,18
nisga_a,81
nishapur,19
nishi,11
nishikanbara,172
nishikubiki,61
nishimatsuura,118
nishimorokata,67
nishimuro,129
nishiokitama,56
nishisonogi,92
nishiusuki,64
nishnabotna,205
nisiamk,25
niskibi,11
nisohone,89
nisqually,59
nissouri,35
nistam,14
nita,77
nita_arabia,21
nitahende,283
nitamibontegw,39
nito,29
nitra,27
nitta,62
niue,11
niugtaq,11
niuquanzi,1
niurba,11
niushan,94
niuwu,13
nivelles,117
niwa,9
nixgu,140
nixi,50
niya,7
niyaj,149
niyazabad,26
nizhelskoe,29
nizhnekolymsk,11
nizhneudinsk,185
nizhny_chir,51
nizhny_lomov,48
nizhny_novgorod,39
nizhny_tagil,53
nizhnyaya_salda,23
nizhnyaya_toyma,11
nizhyn,31
nizwa,13
njamara,29
njambi,91
njimi,27
njoko,79
nkambe,213
nkankezi,63
nkata,117
nkee_us,85
nkunga,58
nlaka_pamux,59
nmejuaqnek,33
nnewi,151
nng,11
nnke,159
noadihang,42
noanama,31
noanamaronga,53
nobel,21
nochemoweniing,21
nochistlan,19
nochixtlan,28
nochpeem,29
nochu_ci,51
nodaway,169
nogamsig,30
nogaro,20
nogent_sur_seine,16
nogolma,77
nogoya,110
nograd,19
nogui,87
noguinet,94
nogule,27
noh_peten,52
nohmul,32
nokoni,136
nokor_reach_seyma,41
nola,4
nomatsigenga,167
nomi,130
non,167
nonacho,11
nonantola,7
nong_bok,53
nong_bua_lamphu,53
nong_khay,71
nonga,13
nongan,89
nongatl,11
nonoava,158
nonot_daxinic,194
nonouti_atoll,11
nontron,9
nonualco,17
nooherooka,69
nooksack,21
noongar,174
nopiloa,26
noptinte,77
nora,23
nora_eth,96
nordhausen,13
nordhordland,13
nordmark,52
noris,58
norman_wells,11
norosi,70
norquinco,11
norridgewock,25
norrkoping,26
norrtalje,35
north_andaman,52
north_buganda,126
north_dahalo,141
north_hia_ced_oodham,12
north_hlanganu,221
north_jeongju,56
north_juma,124
north_kimbu,287
north_letota,54
north_meetto,189
north_ngindo,313
north_pumpu,161
north_sakuye,475
north_shirima,312
north_wembere,229
north_yao,252
northampton,11
northway,13
norton,10
norwich,12
nosbonsing,12
nosy_bali,34
nosy_be,11
notameohmeshehse,128
notinito_sipiy,139
notiskuan,30
noto,11
noto_jap,111
noto_ussuri,112
notse,143
notsuke,22
nottaway,11
nottingham,7
notukeu,155
nouakchott,17
nouamghar,11
noul_lamta,12
nounkonkan,181
nova_friburgo,175
novara,84
novaya_lyalya,26
novaya_pokrovka,52
novgorod,10
novhorod_siverskyi,32
novi,8
novigrad,33
novita,16
novo_alexandrovskoye,35
novo_brdo,55
novo_mesto,69
novoaidar,49
novoanninsky,38
novogrudok,22
novohrad_volynskyi,23
novonikolayevsky,41
novopavlovsk,47
novopskov,34
novoselitskoye,47
novosil,26
novosyolovo,102
novy_bykhaw,29
novye_burasy,49
nowdezh,24
nowe,11
nowogard,9
nowoszczecin,23
nowrangapur,40
nowy_sacz,107
nowy_targ,97
noya,204
noyon,14
noyon_uul,11
noyuo,11
nozza,143
nsolu,35
nsukka,278
ntenke,99
ntiltxitk,27
ntshekane,97
ntsoana_tsatsi,247
ntsweng,87
nuba_sud,595
nubzur,86
nuchiu,121
nuciiq,11
nudarcha,186
nueltin,11
nuka,62
nukamkiajijk,25
nukanobu,134
nuket,38
nuku_hiva,11
nukufetau_atoll,11
nukunonu_atoll,11
nukunu,106
nukutavake,11
numaniyyah,3
numaykoos,11
numedal,23
numee,13
nunainguk,11
nunalla,11
nunapichuq,11
nunatonowago,66
nunggubuyu,127
nungu,98
nunkolo,62
nunligran,11
nunnanen,1
nunu,193
nunura,65
nunusaku,43
nuochakha,11
nuoluo,119
nuomin,132
nuorttijarvi,1
nuotara,11
nupeko,90
nur,16
nurabad,36
nurchuu,11
nuremberg,8
nurgan,11
nurlykent,41
nurmes,11
nurota,47
nurpur,19
nusaybin,61
nushki,9
nutanke,155
nutari,70
nutel_gyrgym,11
nutepylmyn,11
nuuriileng,28
nuurvik,11
nuvuqaq,11
nuwakot,124
nuweiba,11
nuxalc,11
nuzket,28
nuzvid,181
nwalungu,254
nwamethin,116
nyachukha,122
nyaki_nyaki,87
nyakyusa,117
nyala,474
nyalam,13
nyamal,17
nyamina,89
nyamwezi,318
nyanga,73
nyangu,114
nyangumarda,257
nyangwe,97
nyani,118
nyanja,204
nyarinde,71
nyarong,164
nyasvizh,23
nyaungyan,42
nyawaygi,119
nyazepetrovsk,74
nyelayu,19
nyemo,1
nyena_kapemba,94
nyerpicha,11
nyikina,123
nykoping,31
nyon,70
nyong,54
nyonoksa,11
nyrob,36
nysa,13
nyssa,85
nystad,11
nytva,55
nyuele,11
nyuksenitsa,36
nyurum_yegan,11
nyuu,122
nyuya,11
nyzhnia_duvanka,52
nyzvar,1
nzwani,11
o_ahu,24
oacco,63
oahaha,107
oancea,17
oando,48
oapan,110
ob,11
oban,2
obaska,34
obdorsk,11
oberdorf,13
oberkirch,83
oberndorf,12
obi,43
obidos,73
obion,106
obishikokaang,73
oblivskaya,32
obock,11
obolensk,14
oborniki,15
oboyan,29
obruk,38
obyachevo,22
ocana,23
ocanga,112
occaneechi,46
oceko_sipiy,154
ochechiton,112
ocheyedan,139
ochi,86
ochyor,33
ockelbo,24
ocmulgee,51
ocol,168
oconee,59
oconto,83
ocosingo,26
ocotelolco,15
ocotepec,91
ocro,91
ocuogun,11
ocute,60
oda_boru_ruva,102
odaawaa,54
odam,84
oddernes,4
odemira,20
odense,15
odienne,283
odintsovo,80
odoli,133
odonga,139
odorhei,16
odoyev,24
oettingen,15
oevemanaho,78
ofaie,152
offa,68
offenbach,10
offenburg,14
offerdal,5
ofoti,8
ogain,11
ogbomosho,112
ogeechee,57
ogiciza_wakpa,113
ogoja,186
ogoki,17
ogomoor,81
ogonok,11
ogoowe_kongo,138
ogowe,131
ohatchee,43
oheyandewa,95
ohktouna,98
ohkweeo_owingeh,94
ohoi_ewur,17
ohoopee,56
ohrdruf,51
ohrid,31
ohringen,14
oiampi,128
oimiakon,11
oitylo,11
oiyin_korken,11
okaisipi,28
okak,11
okam,11
okanagan,131
okanja,114
okarito,11
okavango,78
okaw,90
oke_ila,136
okeechobee,88
okehampton,4
okeloussa,95
okhaldhunga,167
okhannoye,30
okhona,39
okhtyrka,46
oki,9
okladnikova_sloboda,11
oklan,11
okobojo,105
okoneshnikovo,166
okotoks,102
oksu,11
oktahutchee,216
oktyabr_skii,11
okwanuchu,12
ol_de_trail,11
oladjau,200
olan,11
olanchito,46
oland,11
olavsvik,8
olawa,9
oldenburg,10
oldenzaal,47
olekma,11
oleksandrivka,63
olenda,67
olenegorsk,11
olenitsa,11
olentangy,83
olenyok,11
oleron,5
oleshia,40
olesnica,14
olesno,58
olevsk,27
olgov,33
olguydakh,11
oli_baraza,63
olimisk,11
olite,21
oliveira,80
ollalko,171
ollelewa,42
ollo,23
olo,56
olofsborg,11
olohose,123
olomouc,16
olonets,11
olongki,13
olooko_kuol,11
oloron,15
olovo,28
olsnica,12
olsztyn,26
oltu,63
olvera,83
oma,11
oma_sacopo,91
omaguacas,38
omaha,133
omalo,13
omatako,306
ombabika,33
ombongo,99
ombu,135
omchak,11
omchikan,11
omchug,11
omdurman,102
omerkot,1
ometepec,50
omkoi,23
omo,406
omoloon,11
omoloy,11
omotik,222
ompompanusooc,28
omsk,181
omusee,73
omuskira,88
omuthiya,205
omutninsk,71
onabeesh,134
onandagoa,40
onaping,27
onasatis,41
onatchiway,11
onate,146
ondaimas,58
ondaonnentakwi,11
ondjiva,125
ondo,118
ondonga,200
one,60
onekama,84
oneniote,37
onenioteke,39
oneonta,46
oneyotdehaga,23
onga,154
ongamira,83
ongiin_khiid,81
ongjin,18
ongkakaringa,83
ongoulastoga,86
onguday,11
onguren,25
onimgohow,62
onistagane,11
onitsha,124
onkobagag,13
onnekotan,11
onnikisisaahtaayi,99
onnyos,11
onogost,19
onojutta,56
onon,28
ononio_he,109
onontchataronon,27
onoto,230
onotoa_atoll,11
onseong,115
ontajarvi,11
ontaretse,17
ontonagon,97
onushkis,13
onyuu,139
oochi,90
oodweyne,147
oohkoi_yohe,189
oohl,18
ooita,79
oolenoy,28
oono_bungo,95
oonuma,32
ooshiyn_gobi,11
oosumi,19
ootsu,94
oozato,35
opalkova,35
oparino,28
opaskwayak,109
opatow,23
opava,19
opawica,24
opaye,268
opelousa,98
opemisca,19
opequon,25
opimika,18
opinicon,23
opishnya,25
opiticiwan,25
opoa,233
opochka,26
opocopa,11
opoczno,37
opole,18
oposura,152
oppdal,9
oppenheim,10
oppunda,15
opuskowin,46
oqumkikiak,36
or_aktobe,169
or_keo,91
or_qapi,33
oradea,36
oral,151
orambul,104
oran,22
orange,15
orasul_de_floci,28
oravsky_podzamok,10
orayvi,35
orchha,15
orchimont,45
orcoquisac,32
orda,25
orda_bazar,11
ordos,109
ordu_bazar,46
orebro,9
orekhovna,29
oreos,9
oreshek,30
orgelet,21
orgiva,120
orgyot,11
orhei,36
oriel,3
orihuela,6
oril,48
orinucu,117
oristan,74
oristano,14
orivesi,16
orkdal,2
orkhon,168
orkney,12
orland,38
orleans,22
orlov,48
orlovka,11
orlow,35
ormara,1
ormenio,20
ormogang,11
ornans,18
ornofay,45
oro_win,115
orocue,348
orog,15
orokaiva,50
oromocto,33
oronckota,65
oronia,18
oropesa,15
orosei,14
orosi,46
orosu,11
orotko,11
orotuk,11
orotukan,11
orsa,25
orsha,28
orta_kuyu,11
orte,13
orthez,19
ortrask,11
oruro,1
orvietano,20
oryahovo,25
os_kino,11
osa,47
osaakiiwaki,73
osaka,4
osanamon,100
osatayogliglas,79
osby,78
osenny,11
osh,41
oshawa,22
oshika,106
oshogbo,130
osian,270
osijek,24
osinsky,57
osisko,56
oskelaneo,24
oskemen,182
oskennonton,26
oskoba,11
oskol,37
oslo,27
osnabruck,21
osnavieh,47
osovets,27
osoyoos,118
ossabaw,38
ossipee,20
ossossane,19
ostashkov,26
ostend,29
oster,26
osterburg,17
osterholz,6
ostiglia,7
ostrechiny,23
ostroda,18
ostrogozhsk,43
ostroh,26
ostroleka,46
ostrov,17
ostrov_beringa,11
ostrovo,21
ostrovskoye,50
ostrow_wielkopolski,16
ostrzeszow,15
osukyuze,153
osuna,19
oswegatchie,41
oswego,34
oswestry,9
oswiecim,74
ot_esh_otchore,61
ot_kyuyel,11
otadaonanis,11
otaez,93
otakou,60
otapingshewee,36
otas,120
otatitlan,14
otavalo,46
otegu_qulan,11
otelnuk,11
otennienontant,21
otepoti,27
otjozondjii,11
otlaquiquixtla,39
otnabog,23
otocac,32
otog,420
otomi,1243
otonabee,34
otrar,9
otredal,27
otrozhny,11
otse,125
otsiningo,33
otta,26
ottauquechee,27
otuke,147
otun,38
otuques,190
otzoya,18
ou,60
ouachita,123
ouagadougou,132
ouagama,16
ouaka,740
ouallam,23
ouara,65
ouargla,32
ouarzazate,6
ouasimesca,11
ouasioto,55
oudenaarde,4
ouentarionk,18
ouezzane,37
ougen,108
ouham,648
ouiatchouaniche,33
ouiauirabugu,12
oujda,43
oukwanyama,173
ouled_djellal,23
oum_hadjer,195
ounianga,11
ouning,172
ouray,81
ourense,2
ouricuri,256
ourique,20
outapimiskou,13
outaragasipi,22
outeniqua,52
ouvea_atoll,19
ovaherero,110
ovech,33
oviedo,43
oviken,1
ovimbundu_kongo,86
ovruch,20
owambo,176
owanburra,337
owashtanong,105
owatonna,95
oweekeno,11
owo,80
oxford,8
oxitlan,19
oxtlipan,49
oyate_shisha,147
oyem,135
oyestad,17
oymyakon,11
oyo_ile,65
oyotun,11
oyusut,11
oyuuhardaax,11
ozanna,105
ozerevo,30
ozieri,15
ozinki,68
ozita,88
ozoro,112
oztoman,352
ozuluama,86
ozumacin,27
ozurgeti,21
pa_kiut_lema,76
pa_lus_sa,91
paanajarvi,11
paarl,20
paat,1
pabaska,106
pabna,105
pacaca,70
pacaha,67
pacahuara,91
pachan,82
pachina,37
pachora,162
pachyohcan,44
pacitan,80
pacolate,44
padaividu,262
padang,27
padas,61
paddar,56
paderborn,10
padise,16
padova,15
padum,102
pag,16
paga,151
pagai,24
pagan,26
pagaruyung,42
pagashi,11
pagatan,38
paguat,36
pagwachuan,31
pah_rimpi,44
pahang,110
pahatsi,158
pahdteeahnooch,111
pahotcha,200
pahva_nits,96
pai_tavytera,218
paiaco,589
paici,39
paide,13
paikend,31
paikmal,182
paikoneka,245
pailon,97
paine,11
pairindi,258
paisley,3
paititi,35
paiwan,24
paiyo_he,114
pajala,11
pajang,215
pak_huei_lang,52
paka,48
pakaasnovos,127
pakala,118
pakamik,64
pakana,61
pakanahuili,44
pakatnamu,73
pakembangan,117
pakhachi,11
pakil,26
pakokku,54
pakpak,25
pakpattan,31
pakrac,30
pakuali,11
pakuan,93
pal_lahara,41
palada,33
palamau,170
palampet,213
palampur,81
palana,11
palanga,14
palani,850
palanpur,316
palaquechare,43
palas_pasemah,35
palasamudram,37
palatka,11
palazzolo,12
palekh,19
palembang,37
palencia,22
palenzuela,25
palermo,18
palestrina,11
palghat,553
pali,93
pali_uttar_pradesh,358
paliac,26
palikur,30
palisema,50
palitana,92
pallachacola,76
pallakolu,66
palma,8
palma_del_rio,15
palmas,145
palmeira,156
palmeira_brasil,89
palmi,14
palopo,38
paltamo,11
palu,49
palyavaam,11
palyku,11
pama,90
pambala,187
pame,80
pamiers,12
pamkala,54
pamlico,39
pampa,14
pampahuaylla,93
pamplona,118
pamticough,41
pamunkey,28
pamuuyu,53
panama,60
panamahkas,89
panaon,37
panar,170
panara,158
panaskerti,27
panatahuas,50
panati,78
pancevo,27
panchagarh,382
pandalam,259
pandansalas,116
pandjih,39
pandua,308
pandua_adina,268
panduranga,71
panemune,26
panenetah,121
panevezys,17
pangalia,23
pangandaran,136
pangani,34
pangasugan,42
pangguyangan,163
pangi,31
pangkalan_kerinci,85
pangkalpinang,60
pangnirtung,11
pangu,127
pangvay,44
pangwa,232
pangyang,55
panina_ticutta,56
panipat,80
panjakent,36
panjshir,43
pankara,191
pankararu,537
pankshin,213
panna,142
pannai,17
panqiao,25
pantabangan,41
pantagoras,76
pantepec,78
pantian,201
pantlan,99
panuco,51
panugallu,56
panyabungan,46
panyu,10
panzaleo,47
paola,13
papa,28
papamane,100
papantla,17
papanton,131
papasquiaro,59
papayeca,49
paphos,67
papigochic,77
papile,24
papora,32
paposo,7
papun,86
papyeong,30
paqwayranra,44
para,275
para_gaviao,60
paracatu,285
paraguachoa,11
paraguana,38
paraiba,653
paraibuna,14
parakana,83
paralkot,156
paramaribo,124
paramonga,13
paramushiru,11
paranabuku,339
paranaiba,267
paranaidji,288
parangipettai,236
paranoa,248
parapolsky,11
parapopeba,79
parchim,12
parecis,208
paredarerme,166
pareja,19
paren,11
parenda,94
parepona,116
parfenyevo,34
parga,14
pari_aike,78
pariahuanca,12
pariaman,56
paribari,15
parigi,11
paris,54
parita,103
parkal,107
parkateje,98
parkhali,4
parlakimidi,551
parma,21
parnagua,506
parnaiba,32
parnanguara,31
parnu,15
paro,11
paroom,1
parpagoha,20
parrusit,145
parsberg,12
parscov,47
parthenay,16
paru,59
paruhuya,188
parun,5
pasai,57
pasaman,58
pasapkedjinawong,24
pasca,91
pascagoula,73
paser,68
pashas,87
pashino,38
pasho,11
pashozero,48
pasni,1
paspebiac,18
pasrur,49
passagassawkeag,23
passamaquoddy,24
passau,9
passavant,20
passo_fundo,263
passos,62
passu,11
passumpsic,23
pasukhdin,130
pasvalys,21
patagonia,11
patan,171
patapsco,31
patarabueye,93
patawomeck,30
pataxo,65
patay,101
patchepawapoka,11
pate,79
patea,97
patgasa_wakpa,109
pathankot,14
patharkandi,213
pathein,151
pathri,122
pati,130
patia,56
patiri,107
patna,1166
patna_garjat,83
patna_us,28
patoka,86
patom,11
patos,105
patpatar,22
patras,5
patsaliga,75
pattani,34
patti,13
pattukkottai,247
patuxent,27
patuxet,36
patzcuaro,78
pau,26
paucartambo,29
paunacussing,32
paungde,111
pauzhetka,11
pavagada,22
pavia,10
pavlohrad,37
pavlovo,38
pavlovskaya,48
pawcatuck,34
pawir,113
pawwikamsipi,95
paxson,11
paxtang,23
paya,34
payacullo,100
payaku,76
payette,75
paykend,1
payomkawichum,68
payubre,351
payzawat,6
pazhaverkadu,148
pazin,14
peam,282
pebuenmapu,97
pecanha,88
pecatonica,85
pecatonica_wi,103
pech,38
pechenga,26
pechichitane,78
pechora,11
pecs,27
pecunktuk,33
peddapalli,218
pedersore,9
pedraza,18
pedroche,14
peedee,51
peekin,11
peerapper,91
peewareewa,91
pegalan,48
pegas,527
pegnitz,9
pegu,126
peixian,8
peja,40
pekalongan,81
pekatek,49
pelaihari,76
pelalawan,25
peledui,11
pelisipi,32
pelly_faro,43
pelly_river,11
pelme,11
pelmo,11
pelym,15
pema,5
pemba,243
pembar,2
pembina,130
pembina_ab,136
pembroke,4
pemetic,11
pemigewasset,19
penaca,101
penafiel,14
penatuka,179
pendau,24
pende,224
pende_kongo,37
pende_kwila,152
pendra,28
penglai,18
pengshan,28
pengshui,395
pengxi,22
pengze,27
pengzhou,51
peniscola,13
penlamu,97
penllyn,1
pennacook,22
pennadam,221
pennagaram,498
pennyrile,110
penobscot,29
penointikara,32
penrith,56
pensacola,71
pentlatch,40
penukonda,27
penza,45
peoria,113
pequawket,18
perambalur,593
peranap,49
perbatasan,67
perbaungan,41
pere,349
pereiaslav,29
perelyub,50
perembba,84
peremyl,20
pereru_tepu,91
peresopnytsya,24
perevitska,57
perevoz,26
pereyaslavl,22
perg,7
peribonka,16
perigueux,19
perija,155
perlis,59
perm,61
pernstejn,20
peronne,15
perperek,16
perpignan,20
perquilauquen,83
perreux,14
pertek,24
perth,14
perugia,15
pervomayskoye,107
pervouralsk,19
pesagi,61
pesaguan,48
pesaro,18
peschanokopskoye,42
peschiera,10
pescia,9
peshawar,76
peshtigo,56
pessamit,15
pest,57
pestravka,61
pestyaki,18
petaigan,104
petawanga,37
petawawa,32
petitcodiac,23
petitsikapau,11
petrinja,31
petrovaradin,23
petrove,47
petrovsk,51
petrovsk_rostov,25
petrovskoye_pontic,68
petursvik,11
peureulak,56
pewjeg,29
peyre,2
peyrusse,9
pfaffenhofen,19
pgotapesg,18
phakant,68
phakphok,345
phalaborwa,309
phalvardhika,192
phanat,65
phander,1
phankeska_wakpa,74
phanom_rung,53
phari,1
phayao,71
phayuhakhiri,121
phetchaburi,83
phimai,62
phnom_penh,724
phnom_santuk,223
phnom_srok,120
phon_hong,50
phon_nha,55
phong_tho,12
phongsali,24
phonsavan,48
phrae,70
phraek,133
phsar_dek,206
phu_wiang,60
phuenchapura,56
phuktal,145
phulbani,308
phulia,53
phutthaisong,77
phyu,75
piacenza,15
piachi,48
piantouguan,21
piatra_lui_craciun,25
piaui,304
piaxtla,84
piazza,17
pibor,407
picanoc,29
picchu,19
pichan,15
pichinamei,20
pickawillany,115
pictou,23
piedimonte,27
piedrahita,6
pieninka,11
pierruiat,17
pietalava,24
pietrykaw,26
pieve,1
pigou,17
piguique,128
piipaash,17
pikalyovo,26
pikillaqta,24
pikumche,97
pikunwijimapu,270
pikwakanagan,37
pikwedina,94
pikwedina_sagaomam,92
pikwitonei,53
pilak,38
pilda,11
piletisipuk,11
pilibhit,264
pillahuinco,368
pilon,410
piltene,11
pilzno,43
pimicaskewyashik,117
pimpu,157
pimuu_nga,11
pina_de_ebro,6
pinanaca,85
pinar,7
pindale,47
pindi_bhattian,57
pindi_gheb,84
pindiga,178
pinega,11
pinerolo,52
pingba,16
pingchuan,148
pingdi,35
pingdian,51
pingding,49
pingdisonglin,129
pinggu,14
pinghe,124
pingji,17
pingjiang,164
pingjin,120
pingle,79
pingli,42
pingliang,32
pinglu,114
pingnan,46
pingquan,171
pingshan_huiyang,170
pingshan_zhending,157
pingwu,99
pingxiang,133
pingxiang_pingxiang,11
pingyang,252
pingyang_guiyang,232
pingyao,13
pingyin,12
pingyu,75
pingyuan_jinan,16
pingyuan_mei,167
pingyue,34
pingzhu,53
pinheiro,306
pinhel,8
pinjarup,63
pinle,97
pinneberg,8
pinoh,54
pinsk,30
pintahae,60
pinya,45
pio_gwut,44
piombino,13
piotrkow_trybunalski,36
pipanaco,166
pipipa,174
pipli,487
pipmuacan,11
piquiri,148
piracicaba,94
piran_i_kaliyar,31
piranga,71
piranshahr,31
pirapora,112
piratini,105
piratinin,134
piratininga,36
piray,346
pirca_pirca,3
piren,24
piri,53
piripucu,144
pirloganda,13
pirmasens,4
pirna,19
pirot,56
pisa,11
pisaq,15
piscataquis,28
piscopeek,27
piscoutagami,38
pisek,15
pishagar,35
piskorowice,31
pismachi,83
pissis,11
pisticoui,70
pistoia,371
pitaguari,47
pitahauerat,144
pitchibourenik,11
pitea,11
piterka,42
pitesti,18
pithapuram,46
pitic,31
pitigliano,25
pitkachi,85
pitlaxa,181
pitlyar,11
pitsunda,25
pitta_pitta,11
pitten,72
pium_i,165
piumhi,101
pivehzhan,11
pivn_man_antu,98
pixian,32
pixipixi,94
placentia,19
plasencia,11
plauen,14
plavsk,37
plenita,28
pleszew,16
pleven,33
plieran,38
pljevlja,62
plock,15
ploermel,23
ploesti,28
plon,15
plonsk,14
plovdiv,32
plymouth,6
plyussa,25
plzen,15
po,138
pobeda,11
pocasse,97
pocatalico,52
pocheon,17
pochep,25
pochutla,70
pocologan,19
pocorosa,66
pocosin,30
pocotaligo,40
poctlan,72
pocumtuck,57
podberezye,20
podebrady,19
podgorica,31
podkagernoye,11
podmuran,20
podor,9
podosinovets,44
poenari,44
pogamasing,38
poganovka,86
poggibonsi,16
pogomeg,21
pogoreloye,17
pogoro,328
pogostishche,21
pohnpei,11
pohogwe,22
pohoko_ikkatee,48
pohrebyshche,35
poigan,27
point_of_rocks,35
poitiers,27
pokegama,99
pokhara,130
pokhran,82
pokiok,24
pokot,174
pokrovsk,54
pokrovskoye,48
pokrovskoye_yaroslav,21
pokshenga,11
pol_dokhtar,48
pola,10
polatli,51
polco,175
polevskoy,43
poli,162
poligny,16
poligus,11
pollensa,99
pologoye_zaymishche,52
polonnaruva,49
polonne,25
polotsk,22
polovinnoye,148
poltava,32
poltsamaa,17
poluwat_atoll,11
polyarny,11
polygyros,89
pomabamba,60
pomata,1
pome,8
pomorye,11
pondicherry,326
ponferrada,34
ponil,12
ponkhockie,38
ponnani,616
ponoeohe,130
ponoi,15
pont_audemer,21
pont_douilly,18
ponta_delgada,12
ponta_grossa,109
pontarlier,13
ponte_nova,61
ponte_sor,8
pontedera,8
pontefract,11
pontevedra,83
pontianak,23
pontikokastro,16
pontoosuck,33
poole,8
poonch,139
pop_fargana,59
popocabaca,129
popopis,262
popowa_gora,34
porahat,375
porangatu,293
porazava,22
pordenone,19
poreevo,23
porekry,401
porjus,11
porkhov,29
porog,32
porokotan,17
porsanger,11
port_loko,62
portalegre,15
porte,67
portel,10
portishead,11
porto,125
porto_tibirica,234
porto_turvo,68
portsmouth,11
portudal,59
porumamilla,99
porvoo,12
posad,55
posada,10
posakanaciwiy,145
poshekhonye,30
posio,11
poskam,5
poskatinak,25
poso,33
postojna,85
potano,67
potapoco,25
potenza,18
potes,65
poti,279
poti_caucasus,25
potiguara,648
potiskum,115
potsdam,12
pottapi,161
potyguara,157
poughkeepsie,25
pouss,181
pouthi_loeu,60
povazska_bystrica,76
pove,38
powalu,58
powassan,17
powhatan,29
poyang,54
poyiitahtai,67
poytis,18
pozega,37
poznan,15
prabumulih,63
prachen,17
prachinburi,40
prades,49
pragelato,1
prague,51
praiba_sul,248
prainha,113
prakkad,13
prasat_andet,136
prasat_don_an,122
prasat_don_kau,58
prasat_pram_lovet,30
prasat_thong_lang,114
prasong,44
pratapgarh,270
prathai_saman,47
prato,158
pravaya_khetta,11
prayag,302
preah_khan_kompong_svay,62
preah_ko,108
preah_vihear,41
prenzlau,16
prerov,22
presnowka,188
presov,20
preston,5
preveza,24
prey_nokor,281
pribor,131
pribuzh,25
prieska,15
prievidza,9
prijepolje,40
prilep,26
priluky,11
primkent,41
prinzus,105
prirechnyi,11
pristina,37
prittlewell,14
pritzwalk,17
privas,9
privolnoye,49
priyutnoye,41
prizren,50
proenca_nova,21
prokuplje,104
promsa,37
pronsk,29
prosek,40
prostejov,19
proszowice,17
provins,15
prozorovo,25
prudnik,13
prudy,23
prum,6
pryazha,11
pryluky,27
przasnysz,77
przedborz,28
przemysl,36
przemysl_moscow,55
pskov,26
pszczyna,21
ptuj,13
pua,60
puan,283
puan_puan,73
puari,19
puatane,11
pubungu,327
puchacay,69
pucheng,25
pucheng_jianning,225
pucheveyem,11
puck,16
puctlan,15
pudasjarvi,11
puddokothai,464
puding,26
pudoga,11
pudtol,24
puebla_de_alcocer,15
puebla_de_guzman,21
puebla_de_montalban,24
puebla_de_sanabria,39
puel_co,95
puente_arzobispo,15
puertollano,34
pugal,95
puge,379
puget_theniers,10
puigcerda,38
pujiang,47
pujiang_qiongzhou,44
puka_tampu,38
pukamuru,24
pukara,1
pukiupukio,77
pukusamkek,20
pulai,107
pulasari,157
pulawama,41
pulilan,38
pulilu,13
pulusuk_atoll,11
pulzhai,12
puma,68
pumanota,40
pumaruri,35
pumbo,242
pumpu,2
puna,13
punakha,11
puncune,1
pune,127
pungcheon,14
pungo_ndongo,66
punia,14
punial,9
puning,154
puning_rongzhou,29
punxsutawney,67
puqi,32
puquina,42
pur,11
purace,30
purang,11
puri,97
puri_simao,64
purnia,366
pursat,115
puruaran,178
purubora,82
puruga,146
purwalingga,233
pushang,48
pushkino,76
pushroot,60
pusiga,85
pusilha,52
pustosel,16
pustozersk,11
putao,47
putian,28
putna,53
putyatino,23
putyvl,25
puur_trail,11
puvina_padangile,29
puxian,27
puyallup,54
puyang,27
puyin,17
puyu,46
puyu_huapi,11
pyalitsa,11
pyay,127
pyemmairrener,97
pyeongchang,32
pyeonggang,42
pyeongju,50
pyinmana,86
pykopcateje,114
pyli,50
pyras,13
pyriatyn,25
pyrzyce,16
pyshchug,56
pyti,130
pyuthan,222
pyzdry,14
q_espiea,95
qabala,34
qadisiyyah,1
qaen,19
qagaan,11
qagiigun,11
qahqaheh,37
qaisar,26
qakh,30
qal_at_ibn_salama,83
qala_fateh,1
qala_kohistan,26
qala_naw,48
qala_safid,25
qala_zari,9
qaladiza,68
qalai_khumb,4
qalancaq,51
qalat_bishah,1
qalat_ghilji,17
qaleh_ganj,8
qalhat,14
qalyub,1
qaminis,14
qanbalik,73
qandala,11
qandhar,45
qar_ka_la,194
qarahziaoddin,33
qarasuvbazar,34
qardam,38
qardho,24
qarnin,10
qarr_unaq,11
qaryat_al_bidh,8
qaryat_ulya,26
qaryatayn,1
qasba,319
qashliq,27
qasr_ahnaf,31
qasr_al_qaba,1
qasr_e_qand,10
qasr_farafra,9
qasr_himam,1
qasr_ibrim,11
qasr_shirin,37
qastal,21
qatrun,11
qatruyeh,11
qatya,56
qawalangin,11
qaxun,11
qayyarah,35
qazvin,28
qelelevu_atoll,11
qena,1
qerri,172
qerrulliiq,11
qeydar,34
qianan,41
qianhua,88
qianjiang,31
qianjiang_binzhou,37
qianjiang_shaoqing,237
qianlong,32
qianlong_siming,33
qianshan,132
qiantun,93
qianwei,17
qianyang,27
qianyang_yuanzhou,216
qianyou,63
qianzhou,22
qiaojia,145
qiaokou,22
qiaoxian,3
qichun,92
qidaban,23
qidong,3
qietai,3
qihe,7
qijiang,294
qikiqtagruk,11
qikirtajuaq,11
qila_panjeh,11
qilian,18
qillu_uta,56
qimen,199
qinan,69
qingaaluk,11
qingchi,1
qingchuan,208
qingdao,31
qingfeng,13
qingfu,86
qinghe,9
qinghe_huaian,17
qingjian,28
qingjiang,20
qingjiang_liping,136
qingliu,111
qingliu_chuzhou,132
qingshen,10
qingshui,77
qingtai,18
qingtian,419
qingxiang,152
qingyang,207
qingyang_luan,22
qingyuan,123
qingyuan_baoding,15
qingyuan_chuzhou,143
qingyun,7
qingzhou_mongol,163
qinhe,196
qinjiang,60
qinshui,22
qinyuan,53
qiongbu,143
qiongshan,45
qiongshui,16
qiongxi,57
qiongzhou,112
qipcarpak,12
qiqihar,200
qira,2
qirq_yer,27
qishan,13
qishn,1
qishui,73
qiubei,37
qiuxian,9
qixia,169
qixian,1
qixian_taiyuan,13
qixian_tongchuan,29
qiyang,234
qizhou,9
qlispe,84
qobustan,24
qocho,10
qollaxalec,272
qom,19
qom_caia,113
qom_toba,259
qompi,198
qonirat,2
qorqonaq_yubur,140
qorveh_darjazin,26
qoryooley,68
qospemk,27
quan_da_chau,114
quanasee,29
quandamooka,129
quang_uyen,25
quang_yen,34
quanjiao,109
quanning,180
quauhquechollan,41
quawshelah,11
quba,34
quban,10
qubodijon,49
quchan,28
qudayd,16
quechula,100
quedlinburg,11
queiquin,28
quelimane,64
quellon,43
quemahoning,48
quemu_quemu,304
quepos,74
queshan,172
quetico,29
quetta,20
quetzalla,53
qufu,14
quge,7
quiaghtena,87
quiahuixtlan,14
quiahuiztlan,80
quibala,51
quibdo,42
quicuima,88
quigate,89
quigualtam,87
quijos,13
quilca,46
quillahuaca,57
quillarumiyoc,52
quilongues,101
quimper,11
quimperle,17
quincu,580
quines,205
quinhagaq,11
quinnipiac,34
quinsigamond,59
quinte,24
quipana,59
quippen_bura,219
quiquilhue,49
quisquisacate,354
quitchupah,131
quito,57
quivira,132
quixara,167
quizquiz,78
qujiang,248
qujiang_guangan,55
qulensya,1
qumarleb,24
qumbash,8
qumis,19
qumisha,9
qupayapu,14
qurain,140
qurayyat_al_milh,1
qurliqtuq,11
qurlutuq,11
qus,310
qusayr,23
qushan,14
qusqu,36
qusquasrundee,63
qutayfah,30
qutb,65
quuiich,86
quva,39
quwo,10
quy_chau,43
quy_hoa,58
quyang,48
quynh_lam,37
quyon,28
quz_rajab,91
quzhou,15
qw_ewt,25
qwaqwa,228
rabat,39
rabkob,85
rabor,21
rachakonda,81
raciborz,15
radaa,1
radhanpur,181
radkan,33
radnor,2
radogosch,24
radom,61
radomsko,20
radovanu,27
radziejow,16
raebareli,401
rafsanjan,9
ragh,21
raghdan,37
ragnit,27
raguli,58
ragunda,7
rahachow,27
rahatgarh,174
rahayta,1
rahba,11
rahimabad,21
rahon,52
rahor,131
rahsaan_khad,59
raichur,46
raigadh,48
raigarh,353
raighar,41
raikot,82
raipur,33
raipur_bengal,415
rairangpur,91
raisa,11
raisin,50
raivke,11
rajabar,1
rajamahendry,44
rajanari,199
rajapur,373
rajgir,1180
rajim,19
rajmahal,184
rajnagar,217
rajouri,149
rakaia,29
rakau,25
rakhiv,37
rakhyah,1
rakitnoye,32
rakitnya,36
rakiura,11
rakni,29
rakovnik,21
rakvere,13
rala,11
ralung,3
rama,78
ramagiri,106
ramah,20
ramechhap,330
ramenki,32
rameshk,10
ramesvaram,285
ramgad,155
ramgar,107
ramgiri,102
ramhormoz,48
ramkola,168
ramnagar,82
ramnagar_bihar,367
ramnicu_sarat,39
ramnicu_valcea,33
rampa,217
rampart,11
rampur_boalla,168
rampura,142
ramree,57
ramsele,11
ramsheh,2
ramsis,1
ramu,34
ran,7
rana,1
ranchi,88
rander,26
randers,20
randolph,57
ranea,11
rangamati,39
rangiroa_atoll,11
rangkawe,186
rangkull_mapu,445
rangpur_bengal,325
rangxian,140
ranibas,128
ranikot,2
rankulche,368
rano,185
ranohira,108
ranpur,6
rantau_benar,35
rantau_panjang,67
ranthambore,76
ranua,11
ranyah,1
rao,53
rapa_nui,11
rapayan,36
raphoe,3
rapla,11
rappahannock,31
raqchi,41
raqqa,48
raraka_atoll,11
raritan,27
raroia_atoll,11
rarotonga_atoll,11
ras_al_ain,43
ras_ayn,32
ras_el_ma,11
ras_gharib,11
ras_hafun,18
ras_kebdana,25
ras_lanuf,7
ras_mkumbuu,903
rasanga,94
raseiniai,24
rashid,2
rasht,20
rasini,146
rask,1
raskam,11
rasony,24
rassawek,35
rasskazovo,60
rastyapino,21
rasyal,190
ratchaburi,91
rath,439
ratlam,233
ratnagiri,36
ratnapura,54
ratnapura_LKA,9
ratne,19
rattanaburi,52
ratzeburg,7
raucha,11
rauma,1
raumo,7
rauna,30
raunala,11
rautavaara,10
ravar,11
ravenna,13
ravensburg,11
ravno,27
rawa,27
rawa_papua,47
rawalakot,124
rawalpindi,177
rawanduz,58
rawatsar,117
rawdat_al_ard,1
rawicz,15
raxalaa,405
rayachoti,144
rayadurga,67
rayagada,293
raybag,96
rayen,14
rayong,71
raysut,11
raz,63
razeqan,30
razgrad,36
raznezhye,28
razvika,11
reading,9
recas,36
rechnoye,54
rechytsa,30
recklinghausen,12
red_bay,11
red_rock,61
redhakhol,196
redon,17
regensburg,4
reggiocal,195
reggioem,13
reghin,24
rei_bouba,162
reigate,13
reikjavik,17
reims,15
reinosa,8
rejaf,340
rejang,58
reka_pur,11
reka_tuba,40
rekapalle,172
rekinniki,11
rekohu,11
rembarnga,155
rembo,75
remontnoye,54
remscheid,7
rencheng,14
rende,54
rendille,89
rendova,11
rendsburg,22
rengat,28
renhua,129
renhuai,135
reni,26
renk,224
rennes,27
renqiu,2
renshou,108
rentina,60
renxian,13
repola,11
requena,45
reriu,110
resko,21
restigouche,27
retford,9
rethel,19
rethymno,18
reunion,39
reutte,13
revny,33
rewa,117
rey,17
reydarfjordur,2
reyshahr,26
rezekne,41
rezh,39
rezoky,137
rharhabe,154
rheine,12
rho,131
riano,136
riantana,22
ribadavia,87
ribat_ushturan,1
ribe,12
ribemont,9
riberac,25
ribnitz,12
richfield,52
richibucto,22
richmond,137
ried,10
riedlingen,9
rietavas,14
rietberg,6
rieti,8
riga,6
rigan,5
rigyal,4
rijal_almaa,21
rijeka,12
rikbaktsa,251
rim,62
rim_gora,37
rima,9
rimaq,7
rimavska_sobota,8
rimini,12
rimouski,16
rimuka,156
ringerike,19
ringkobing,11
ringsted,14
rinpung,102
rinpung_yarlung,1
rio_del_rey,51
rio_grande,118
rio_nunez,115
rio_pardo,145
rio_pomba,59
rio_pongo,140
rio_preto,44
riom,16
ripoll,70
ripon,8
rippowam,21
riseberga,16
rishiri,11
rishton,35
ristiina,10
ritzebuttel,9
riva,117
river_nomlaki,55
riverie,24
rivne,26
riwoche,11
riz,42
rize,7
rizhao,500
roanne,31
roanoke,29
rochechouart,10
rochefort,9
rochester,11
rochlitz,14
rock_springs,50
rodez,27
roding,12
rodos,33
rodoscuk,18
rodrigues,11
roermond,7
rogachevo,66
rognedino,21
rogozh,56
roh,340
rohan,27
rohat_kermen,41
rohatyn,22
rohrbach,9
rohri,1
rohtak,168
rohtas,754
roi_et,127
rokan,35
rokiskis,24
roman,43
romang,112
romanov,20
romanovsky_khutor,32
romans,18
rome,40
romen,32
romorantin,7
roncesvalles,122
ronda,158
rong_damrel,221
rongchang,18
rongcheng,12
rongelap_atoll,11
rongerik_atoll,11
rongjing,112
ronglung,11
rongmei,220
rongmei_naga,176
rongpo,11
rongshan,76
rongshui,90
rongxian,117
rongzhou,53
ronneby,16
roon,20
ropsk,34
roros,11
roscommon,13
roscrea,12
rosenheim,6
roshtkhar,10
roshtqala,1
roskilde,14
roslavl,28
rosnay,8
ross_river,75
rossano,18
rosso,23
rossosh,50
rostaq,21
rostislavl_ryazansky,44
rostock,9
rostov,26
rotenburg,11
rothenburg,6
rothenburg_oberlausitz,13
rotokas,15
rotondo,18
rottenburg,15
rottenmann,102
rotterdam,15
roucy,13
rouen,39
routt,75
rouyuan,24
rov,30
rovaniemi,11
rovdino,24
rovegno,167
rovenki,36
rovenky,42
rovereto,9
roviana,21
rovigo,13
rovinj,16
rovnoye,54
rowta,39
roxburgh,11
royan,8
royston,12
rozan,40
rozdory,57
rozhalovo,18
rozhdestveno,22
rozhyshche,21
rozkishna,27
roznava,82
rtishchevo,48
ruanga,70
rubaga,200
ruby,18
ruby_valley,67
rudbar,142
rudbar_sistan,1
rudkhaneh,24
rudnik,27
rudnik_poland,19
rudnya,28
rudnya_pontic,72
rudobelka,34
rudrapur,463
rudrapur_kumaon,60
ruga,86
rugao,15
rugen,15
rugombe,49
ruguda,28
ruguru,72
ruhptare,99
ruian,239
ruichang,81
ruicheng,26
ruijin,150
rukahe,294
rukai,11
rukajarvi,11
rumah,15
rumbek,522
rumoi,20
rumu,25
rungan,53
runyan,143
rupharupha,57
ruppin,19
rusafa,40
ruse,21
rushan,349
rusii_de_vede,33
rusokastro,27
russky_kameshkir,58
rustaq,1
rustavi,30
rutland,6
rutok,11
rutul,11
ruxi,38
ruyang,121
ruydar,23
ruyuan,338
ruza,47
ruzayevka,38
ryazan,33
ryazhsk,27
rychbach,11
ryfylke,1
rykuul,11
rylsk,43
ryn,12
ryn_poland,29
rypin,24
ryrkaypiy,11
rytkuchi,11
rzeszow,27
rzhavets,21
rzhev,24
rzheva_pustaya,29
s_awdaan,11
s_ezzaja,101
sa_kaeo,64
saa,11
saadatabad,15
saadatshahr,10
saaka,142
saakak_hukaahaanu,124
saalfeld,62
saalfelden,53
saamis,133
saanen,65
saanich,18
saanya,11
saarbrucken,10
saarburg,8
saarde,15
saarijarvi,9
saarijoki,11
saarwerden,11
saba,87
sabac,24
sabalgarh,90
sabana,35
sabanes,51
sabangau,51
sabanozu,23
sabarabucu,145
sabe,277
sabha,17
sabina,14
sable,20
sabt_bani_bishr,39
sabu,9
sabugal,6
sabya,7
sabzevar,16
sacchuma,70
sachchaa_mukku,39
sacheon,26
sada,62
sadah,102
sadak,83
sadeng,130
sadhaura,52
sadiya,49
sadovoye,49
sadovoye_kalmykia,58
saeki,96
saelam,11
safaga,11
safare,7
safed,47
safkul,112
safranbolu,37
saga,55
sagabuyen,92
sagadahoc,22
sagaing,57
sagala,115
saganaga,19
saganing,68
sagar,39
sagara,110
saghand,10
saginaw,79
sagu,34
sagua,44
sagzabad,30
sahadia,130
sahagun,16
saham,1
sahar,120
saharanpur,662
saharsa,365
sahoyue,11
sahpeech,92
sahrazur,40
sahuaripa,122
sahulau,51
sai,1
said_bundas,380
saida,94
saik_uz,76
saikhandulaan,11
sailahai,13
sain,36
sainapuchi,67
sainiambu,151
saint_anthony,24
saint_avold,13
saint_brieuc,18
saint_claude,10
saint_die,103
saint_etienne,7
saint_florentin,7
saint_flour,15
saint_gaudens,23
saint_jean_de_maurienne,6
saint_jean_pied_de_port,20
saint_katrine,11
saint_lizier,10
saint_malo,26
saint_marceilin,17
saint_mihiel,16
saint_omer,57
saint_paul_anchorite,11
saint_paul_river,77
saint_pol,30
saint_pons,128
saint_quentin,17
saintala,69
sainte_suzanne,9
saintes,16
saipan,11
saipuru,282
saitama,42
sakai_echizen,115
sakai_riau,34
sakaka,1
sakambunje,110
sakao,21
sakawyiniw,124
saki,128
sakirabia,51
sakitawahk,104
sakiwasipi,78
sakju,58
sakkyryr,11
sakminskoye_vodokhranilishche,44
sakti,18
saku,100
sakwatamau,120
sakya,9
sala,25
salacon,16
salaga,175
salagiri,140
salair,154
salamanca,32
salamat,651
salameh,20
salamiyya,17
salaspils,11
salavata,108
salay,55
salban,11
salcha,18
saldana,6
salde,9
saldus,30
sale,17
saleesh,56
salehabad,29
salem,154
salemata,132
salemi,15
salerno,154
saleta,77
salgotarjan,25
salianah,198
salin,49
salinas,125
salins_les_bains,10
salisbury,10
salkhad,4
salla,11
sallanches,26
sallum,6
salm,22
salmas,44
salmi,11
salo_ita,9
salona,15
salta,75
saluda,58
saluma,143
salumbar,48
saluzzo,37
salvaterra,37
salvatierra,11
salyan,25
salylyk,11
salzburg,16
salzwedel,12
sam,15
samaipata,167
samakh,1
samalqan,56
samana,15
samana_india,155
samangan,89
samani,11
samanoud,1
samaqua,18
samara,51
samarahan,57
samarchyk,47
samarginka,13
samarkand,40
samarra,17
samasingha,46
samastipur,474
samauma,48
samawa,26
samba,71
samba_kongo,109
sambaliung,47
sambalpur,215
sambandete,37
sambaqui,24
sambas,48
sambhal,967
sambhar,83
sambir,31
sambo,260
samboangan,43
samburu,324
samcheok,53
samda,11
samhwa,17
samira,8
samiram,12
samokov,8
samorin,25
samos,10
samoylovka,35
sampa,59
sampelga,52
sampheak_borak,79
sampheling,103
sampit,71
samprangan,31
samriddhipuri,34
samsat,35
samsu,44
samsun,39
samten,11
samxay,25
samye,13
san,87
san_antonio_patrulha,129
san_clemente,18
san_felices,19
san_pedro,120
san_sebastian,29
san_tash,45
san_vicente_barquera,10
sana,143
sana_tx,57
sana_yemen,8
sanaga,105
sanana,28
sanandaj,30
sancerre,22
sancha,50
sanchakou,89
sanchuan,45
sancoins,18
sandakan,46
sandan,74
sandaran,57
sandare,148
sandawe,219
sande,37
sandikli,28
sandnes,11
sandomierz,25
sandonnino,13
sandrakatsy,66
sandusky,64
sanekuy,169
sanga,60
sanga_kongo,84
sanga_pumbo,61
sangacho,1
sangage,63
sangamesvara,146
sangamon,92
sangar,11
sangata,65
sangay,50
sangcharak,43
sangerhausen,11
sanggau,70
sangha,279
sangiin_dalai,152
sangju,16
sangkha,72
sangliat_dol,35
sangme,206
sangmelima,117
sangni,59
sangqu,19
sanguesa,24
sangvor,40
sanhe_chaozhou,131
sanhe_tongzhou,13
sanikiluaq,11
sanjiaocheng,50
sanju,11
sankancete,107
sankaranayinarkoil,591
sankina,35
sanlorenzo,275
sanlucar,13
sanlucar_la_mayor,12
sanmao,159
sanniquellie,189
sanok,90
sanrao,95
sansanding,76
sansanne_mango,149
sansepolcro,57
sansevero,23
sanshui,13
sanshui_binzhou,88
sant_feliu,18
santa_barbara,64
santa_cruz_flores,11
santa_cruz_islands,11
santa_eufemia,12
santa_luzia,59
santander,12
santangelo,19
santarcangelo,19
santarem,20
santee,44
santeh,26
santiago,11
santiago_compostela,82
santiago_islands,25
santo_antao,11
santo_antonio,143
santo_antonio_monte,111
santok,22
santokhe,9
santubong,61
sanyao,30
sanye,114
sanyuan,13
sanyyakhtakh,11
sanzana,124
sao_carlos,68
sao_fidelis,429
sao_joao_rei,64
sao_joaquim,73
sao_jose_pinhais,40
sao_jose_preto,193
sao_leopoldo,136
sao_luis_do_paraitinga,42
sao_nicolao,11
sao_roque,22
sao_sebastiao,22
sao_sebastiao_paraiso,78
sao_tome,12
sapara,71
saparua,11
sapelo,43
saponi,41
sappah,81
sapponah,59
sapporo,29
sapukaia,153
saqqa,48
saqra,1
sar_mashhad,44
sar_pol,55
sar_sang,2
sara,6
sara_sara,19
sarab,37
sarab_dowreh,32
saraburi,57
sarahan,134
sarai_al_jadid,67
sarakhs,37
sarangani,26
sarangarh,23
sarangpur,125
saransk,41
sarapul,73
sarare,95
sarashina,84
sarata,36
saratoga,32
saravan,9
saraveka,112
saraya,221
sarayan,9
sarayjuk,16
sarbaz,9
sarbisheh,12
sarcham,44
sardarshahar,85
sardasht,30
sarduiyeh,9
sare_dioulde,152
sarek,8
sargadwari,391
sargau,43
sarh,467
sarhad,11
sari,36
sariang,22
saribas,65
sarikei,39
sarikol,14
sarinena,17
sariyahsi,23
sarkajpa,24
sarkikaraagac,18
sarkisla,37
sarlat,14
sarlawuk,30
sarnen,28
sarov,29
sarrebourg,38
sarreguemines,9
sarria,2
sarsuti,170
sart,118
sartang,11
sartene,17
sartigan,24
sartlan,69
saru,24
saruk,10
sarvaslyk,10
sarvestan,28
saryadyn,75
saryazd,9
sarybulak,180
sarykopa,50
saryozen,195
sarzana,212
sasak,47
sasaram,520
sasignan,11
saskatchewan,80
saskylakh,11
sason,20
sasovo,54
sassandra,78
sassari,13
sastamala,19
sastmola,9
sasykkol,237
satapo,31
satara,25
satawan_atoll,11
satere_mawe,120
satgaon,933
sathyagala,74
satingpura,70
satoraljaujhely,27
satsukhdin,99
satsuma,42
satyamanagalam,577
saucunk,70
saudakent,37
saugeen,49
sauipe,162
saukiog,51
saulgau,9
saumur,23
saura,61
saurimo,111
sausaya,1
sauveterre_de_guyenne,12
sauvo,17
sauzas,137
savaii,27
savalou,138
savannakhet,31
savantvadi,161
savar,560
saveh,33
savery,92
savinka,90
savojbolagh,28
savona,5
savonranta,11
savoonga,11
savran,30
savsat,45
savukoski,11
savur,34
saw,157
sawangan,38
sawata,29
sawawaktodo,47
sawokli,55
sawran,7
saxop_wan_pupako,47
say,58
sayak,2
sayda,13
saygatsky,41
sayhat,23
sayniabuli,34
sayula,157
sayun,1
sayylyk,11
sazanbay,26
sbiba,29
sbikha,27
scahentowanen,27
scalea,11
scanonaenrat,23
scarborough,5
scarcies,51
scatacook,33
schaffhausen,6
scharding,6
scheibbs,104
schenectady,32
schesslitz,10
schinhandowi,54
schio,120
schladming,76
schleiden,10
schleiz,33
schleusingen,5
schmalkalden,2
schongau,12
schuylkill,20
schwabach,9
schwaz,4
schweinfurt,9
schweinitz,15
schwerin,16
schwyz,50
sciacca,13
scioto,78
scone,4
scqescilni,87
scugog,26
scw_exmx,95
sdok_kok_thom,242
seacal,99
sebakwe,424
sebech,25
sebes,22
sebinkarahisar,42
sebit,135
sebuku,93
sebuyau,33
sechelt,11
sechenovo,32
sedanka,11
seddori,15
sededema,11
seeboosis,46
seediq,17
seekonk,47
sefrou,58
segah,56
segbana,139
segbwema,73
segeberg,18
segesd,74
segou,124
segovia,24
seguedine,10
seguela,222
segur,14
segura_de_la_sierra,91
segyan_kyuyol,11
sehore,39
sehwan,1
seia,3
sejnane,18
sekadau,92
sekayam,65
seke_gabun,32
sekili,11
sekkosi,66
selanger,24
selby,11
selemde,14
selenge,52
selennyakh,11
selephu,11
selfoss,6
selima,11
selimbau,53
selinti,38
selkehatchie,73
selkirk,2
sellinkyla,11
selo_yartsevo,14
selpils,22
semalembue,127
semarang,81
semcojarvi,11
semdinli,12
semerlanga,14
semidesyatnoye,49
semikarakorsk,42
semiostrov,22
semlacu_mare,32
semnan,24
sempan,11
semur_en_auxois,22
semur_en_brionnais,16
semyonov,49
sena,78
senafe,30
senapelan,81
sendamangalam,133
senderk,38
seneca,73
sengel,57
sengkae,35
senj,30
senja,11
senlis,19
sennar,43
senonches,14
sens,23
sentachan,11
sentispac,36
seogyeong,18
seohara,263
seongcheon,32
seongju,13
seongwi,14
seonju,21
seonsan,18
seosan,28
sepauk,63
sepeh,3
sepinang,41
sepon,67
sepulveda,20
seqse_qaqa,1
sequatchie,13
sera,66
serdobinskaya,52
serebryanye_prudy,21
sergach,31
sergelyakh,11
sergiyevsk,57
seringapatam,33
serkar,11
sernur,44
serpa,12
serpukhov,23
serres,27
serro,72
sershul,72
serta,103
seru,169
seruyan,93
servia,37
serzhik,11
sesayap,61
sesheke,81
sessekinika,52
seta,104
setana,12
sete_lagoas,79
setif,36
setswana,25
settat,71
sette,49
settra_kru,95
setubal,12
seu_durgell,31
seuhubeogoi,47
sevede,25
severin,31
sevilla,46
sevsk,33
sexqeltqin,44
seyat,11
seydisehir,22
seydisfjordur,11
seydougou,131
seyhli,34
seyitgazi,37
seyitler,30
seymchan,11
sfantu_gheorghe,28
sfaqes,12
sguuxs,75
sha_ia_nde,168
shaazan_khot,92
shaazan_tolgoi,54
shabalula,59
shabash,11
shabogamo,11
shabran,28
shabwa,1
shackamaxon,23
shad_kirman,70
shadodkot,1
shadrinsk,119
shaftesbury,8
shagamu,11
shagan,26
shagiz,29
shagou,19
shahabad,45
shahabad_kerman,7
shahabad_uttar_pradesh,543
shaharah,218
shaharpara,120
shahbazpur,240
shahdad,15
shahe,182
shahe_bobai,27
shahjadpur,404
shahjahanpur,308
shahpur,29
shahr_e_babak,5
shahr_meyan,8
shahr_sabz,1
shahrakht,11
shahrestan_sofla,65
shajwa,10
shake_kongo,96
shakhty,46
shaki,29
shakka,440
shalakusha,22
shalatenan,129
shalskii,11
shamakhi,37
shambala,219
shambe,424
shamiram,38
shamkir,41
shamokin,31
shana,11
shana_bukanda,82
shandan,62
shandrin,11
shanfana,88
shangaly,11
shangcai,64
shangcheng,148
shangdang,14
shangdu,48
shanggao,40
shanghai,15
shanghang,164
shanghe,6
shangjin,98
shangjing,117
shanglin,52
shangluo,89
shangnan,75
shangrao,122
shangshui,12
shangsi,45
shangxi,295
shangyou,90
shangyu,21
shangyuan,16
shangzhou,62
shanha,154
shanjir,42
shankargah,855
shansu,4
shantar,15
shantsa,11
shanxian,27
shanyang,144
shanyang_huaian,255
shanyang_yingzhou,26
shanyin,23
shaowu,151
shaoxing,22
shaoyang,146
shapoquate,92
shaqrud,39
shar,292
shar_yelpuk,103
sharanga,38
sharda,39
shardonem,11
sharga_uul,205
shargyn_gobi,10
shari,22
sharjah,17
sharka,102
sharu,18
sharuna,1
shatili,20
shatki,39
shatsk,18
shatur,50
shatyrlysay,39
shavgar,25
shawanaga,25
shawanoe,70
shawinigan,13
shawmut,60
shawnee,32
shaxi,124
shaxian,214
shayang,39
shayar,1
shazhou,17
shcherbinovka,44
shchuchya,11
shchuchye,85
shchuchye_smolensk,26
shchuchyn,21
shebeon,72
sheberghan,28
sheboygan,75
shee_t_ika,11
shehong,16
sheikh_hussein,321
shelek,56
sheleksa,11
shemkhiya,6
shemonayevskoye,166
shemysheyka,42
shenandoah,19
shenango,61
shendi,82
shenga_kurya,11
shenge,61
shengeldy,63
shengxian,242
shenmu,62
shenqiu,84
shenshui,105
shenwu,26
shenxian,10
shenyang,72
sheohar,530
sheopur,96
sherbiv,25
sherbro_island,60
sherda,11
shergarh,264
sherwan,116
sheshatshiu,11
shestakova,11
shetek,129
shethanei,11
shetland,4
sheulec,261
shexian,148
shexian_cizhou,116
shey,168
shiawasee,78
shibam,1
shibetoro,11
shibetsu,27
shibogama,18
shichaam,116
shichah,131
shicheng,41
shicheng_jizhou,17
shicheng_ningdu,66
shida,57
shidai,261
shidian,15
shiewhibak,74
shifang,51
shigar,11
shigatse,11
shighnan,1
shigony,50
shikama,74
shikarpur,1
shikashin,155
shili,119
shilik,18
shilong,28
shilou,28
shilovo,29
shima,82
shimamaki,11
shimbay,28
shimen,104
shimen_poyang,36
shimian,131
shimoagata,41
shimoga,56
shimohei,35
shimoina,59
shimokita,40
shimushiru,11
shinan,226
shinas,1
shincal,141
shindand,30
shineha,52
shingwako,87
shinobu,40
shioya,88
shipai,20
shipastouk,18
shiping,87
shipshaw,12
shiqian,146
shiquan,89
shiquan_maozhou,165
shira,129
shira_qulusun,11
shirakawa,50
shiranuka,18
shiraoi,30
shiraz,13
shire,43
shirvan,32
shirvan_iran,25
shish,93
shishgarh,173
shishou,23
shisou,134
shitara,258
shiveh,1
shiveluch,11
shiwa,45
shixi,323
shixing,260
shizhao,83
shizhou,295
shizhu,314
shizilu,28
shizong,44
shizunai,17
shkhancheriekhabl,54
shkoder,8
sho,6
shohopanaiti,11
shoindykol,220
sholakkorgan,8
sholhapur,203
shoma,168
shopando,11
shoptikol,125
shoptovo,25
shoqan,14
shorabak,29
shorapani,28
shoreham,12
shorkot,22
shoubak,2
shouchun,121
shouguang,32
shouyang,73
shouzhang,12
shravanabelagola,87
shravasti,379
shrewsbury,12
shtax_heen,11
shtip,26
shua,485
shuangliu,56
shuangshui,219
shuangxi,442
shuangyashan,157
shubenacadie,29
shubi,212
shucheng,141
shui,24
shuicheng,150
shuihu,149
shuihui,202
shuiluo,32
shuitejiang,162
shuixi,38
shukden,6
shukjung,79
shulan,125
shulu,15
shuluun_khoboot_tsagaan,106
shuman,44
shumen,22
shumushu,11
shumyachi,19
shunchang,81
shunda,140
shunde,12
shungopavi,56
shunning,84
shunsheng,33
shuntaneshnanga,135
shunyang,73
shunyi,15
shupaw_kulu,141
shuqra,2
shuruk,16
shuryshkar,11
shusef,23
shush,51
shusha,44
shushenskoye,99
shushtar,48
shuuchi,54
shuya,25
shuya_karelia,11
shuyang,42
shuyskoye,21
shwegu,68
shybyndy,250
shymkent,18
shyngyrlau,100
shyoltozero,11
shyrokyne,105
siah_cheshmeh,26
siak,39
sialkot,35
siang,13
siar,11
siatista,16
siauliai,19
siba_circassia,28
sibak,22
sibda,11
sibenik,18
siberia_abalak,18
siberia_bor,11
siberia_kuytun,109
siberia_tenteksor,285
siberut,58
sibiu,34
sibolga,41
sibook,27
sibugay,51
sibumbong,11
sic,28
sicangu,126
sicarate,75
sicasica,43
siccanemos,32
sicheng,100
sichon,55
sico,74
sidenreng,42
sideradougou,97
sidhi,315
sidhmukh,59
sidi_bennour,42
sidi_fredj,6
sidi_okba,35
sidon,31
siegas,28
siegburg,12
siegen,4
sien,115
siena,23
sienzhou,27
sieradz,17
sierpc,20
siewierz,36
sigam,35
sigdal,25
sigheneg,11
sighet,29
sighisoara,20
sighnaq,2
sigi,18
sigli,25
siglufjord,11
sigmaringen,14
siguanea,37
siguenza,16
siguiri,114
sigulda,16
sihabi,143
sihor,161
sihui,101
siikalatva,8
siimitalik,11
siirt,15
sijilmasa,1
sikar,133
sikasingo,203
sikieye,22
sikka,46
siklos,22
siktyakh,11
silacayoapam,96
silae,45
silale,13
silam,48
silandro,57
silat,36
silbojock,11
siletiteniz,297
silifke,6
siliguri,559
silivri,336
silkari,46
silkeborg,40
silla,20
sillanwali,32
silli,20
silou,56
silver_lake,82
silves,21
simav,72
simbirsk,89
sime,32
simeulue,30
simhapura,46
similkameen,97
siming,30
simiti,98
simmern,6
simmi,66
simo,11
simontornya,26
simpcw,11
simraungadh,234
simsir,38
sinaloa,193
sinaugoro,44
sinaw,23
sinawin,1
sincel,116
sinclair,47
sindagi,121
sindangan,33
sindangkasih,125
sindhuli,154
sindkedh,246
sine_ngayene,37
sines,14
singa,21
singarh,324
singgora,60
singhapala,41
singingi,29
singkhon,19
singkil,24
singorgarh,144
sinipi,315
sinj,49
sinja,49
sinjar,60
sinjik,11
sinkyone,20
sinnar,184
sinop,43
sinqu,92
sinsheim,10
sint_niklaas,36
sintang,52
sinu,84
siocon,37
sioma,117
sion,3
siona,118
sionomhudon,49
sioure,3
sipiweske,145
sipri,188
sipuk,18
sipura,9
sir_bani_yas,11
sira,91
siraf,25
siraha,121
siran,22
siraya,80
sirdan,37
siret,26
sirhind,342
siri_do,34
sirik,14
siriono,234
sirjan,59
sirnak,39
sirohi,124
sironj,88
sirpur,129
sirte,9
sirudal,14
sis,31
sisak,103
sisakht,41
sisem_ata,33
sishui,18
sisimbles,8
siskiyou,36
sissipahaw,49
sisteron,22
sitakunda,130
sitamarhi,451
sitanda,206
sitapur,46
sitavaka,17
siteia,11
sitges,99
siton,101
sitpur,2
sittaung,50
sitte,11
situo,29
siva,33
sivas,65
siverek,38
sivrice,24
sivrihisar,37
sivukutaitiarruvik,11
sivuqaq,11
siwa,10
siwana,111
siwi,14
sixtymile,11
siya,11
siyancuma,88
siyara,19
siyathemba,11
siyene,11
siyom,15
sjalevad,10
sjenica,26
sjundea,13
sk_atsin,67
skaapirox,108
skagen,25
skagit,21
skahuukaawiat,88
skalholt,9
skande,17
skaniatares,42
skara,10
skardu,27
skaun,2
skelleftea,11
skene,40
ski,4
ski_iyo_he,85
skien,23
skikda,27
skin_tyee,42
skinskatteberg,39
skipton,168
skitsetsen,67
skitswish,48
sklad,11
sklallam,39
skofja_loka,27
skootamatta,17
skopin,28
skopje,14
skoura,5
skreen,32
skrytaya,11
skuodas,16
skuppah,11
skvyra,29
skwierzyna,16
skye,2
slagelse,15
slana,11
slanic,51
slano,10
slany,22
slatina,27
slavkovitchi,22
slawharad,31
slawno,24
slesvig,16
sletewsi,51
sliammon,11
sligo,32
slite,19
sliven,31
slobodskoy,33
slobozia,35
slonim,30
sloten,50
slovenj_gradec,105
sloviansk,26
slunj,77
slupsk,50
slutsk,25
slyudyanka,64
sm_algyax,14
smai_samkai,58
smalyavichy,20
smara,11
smederevo,36
smerdyn,46
smila,27
smolensk,30
smolenskoye,128
smolyan,34
smyrna,15
snasa,1
sniatyn,26
snk_mip,11
snohomish,44
snovsk,19
snt_t_ulix,64
so_so_goiw,35
so_taeo_o,110
soalara,89
soba,78
soba_gawe,226
sobaipuri,124
sobat,801
sobolevo,11
soboloox,11
sochaczew,24
socksjock,11
sodankyla,1
soddo,301
soderala,43
soderbarke,18
soderkoping,13
sodertalje,34
soest,5
sofala,118
sofiivka,34
soghan,23
sogndal,1
sogra,11
sogut,41
sohagpur,50
sohra,41
sohrevard,30
sohrfiruzan,20
soikino,9
soissons,15
sojas,17
sok,11
sokal,31
sokilets,37
sokna,10
soko_grad,54
sokode,175
sokolka,17
sokolo,43
sokolow,42
sokota,68
sokoto,55
sokurdakh,11
sol_galichskaya,32
sol_velikaya,24
solatunum,10
soldaia,11
soli,35
solikamsk,41
solimandungan,42
solingen,11
solkhat,32
solok,63
solomoydokh,11
solothurn,62
solovetsky,11
solovtsovo,56
solt,16
soltaniyeh,22
soltau,13
soltobe,38
soltsy,19
soltsy_kirishi,7
soltyn,17
solvesborg,14
soma,24
somaleh,50
somana,117
sombai,46
somnath,71
somogyvar,21
somuncura,121
son_la,17
sonaly,90
sonamiani,4
sonargaon,364
soncino,13
sonda,2
sonda_karnataka,294
sondeled,13
sondershausen,10
sondor,18
sonepur,175
sonepur_bihar,555
song_be,60
song_khwae,74
songming,21
songo_mnara,89
songxi,73
songyang,264
songye_kongo,89
songzhou,99
songzhou_songpan,140
songzhou_songzhou,19
songzi,23
sonhat,93
sonisa,20
sonod,234
sonqor,28
sonso,42
sontang,28
sonthofen,12
soo,65
soombak_e,11
soonpur,287
sopron,27
sora,21
sorachi,61
soras,8
sordavala,10
sorgono,15
sorgun,40
sori,274
soria,21
sorin_nuur,219
sorkam,36
soroca,39
sorocaba,56
sorochinskaya,80
sorokogne,67
sorsele,11
sortol,11
sos,35
soscumica,17
sosnovy_ostrov,36
sosnytsia,30
sosola,27
sosso,104
sosva,45
sotachiro,142
sotk,31
sotkamo,11
sotuta,58
sougb,26
souk_el_arba,36
souma,36
soumpi,13
sousse,12
south_andaman,37
south_camaguey,67
south_dahalo,94
south_hia_ced_oodham,21
south_hlanganu,243
south_juma,86
south_letota,81
south_meetto,251
south_molala,13
south_pumpu,82
south_sakuye,287
south_shirima,228
south_yao,226
southampton,8
souya,21
sowunusiske,11
soyangi_trail,11
soyo,77
soyopa,91
sozak,10
sozopol,33
spalding,17
spas_na_kholmu,27
spasskoye,30
spasskoye_lyskovo,22
spaxomin,130
speyer,5
spilimbergo,13
spirka,11
spirkovo,18
spitak,50
spithota,77
spittal,2
splatsin,12
split,48
split_rock,49
spoleto,17
sporades,9
spremberg,14
squamish,11
squamscott,21
squliq,10
sra_luang,48
srb,61
srebrenica,24
srebrenik,29
sredets,23
srednekolymsk,11
srednyaya_akhtuba,90
sreepur,336
srem,16
sremska_mitrovica,24
sretenskoe,18
srey_sarchhor,164
sri_satchanalai,38
sri_thep,82
srigangapatna,35
srinagar,321
srinagar_garhwal,337
sringeri,266
sripura,40
srirangam,176
srisailam,49
sroda_slaska,14
sroda_wielkopolska,15
srok_khleang,100
st_affrique,21
st_aignan,14
st_albans,12
st_ambroix,17
st_andrews,5
st_at_imcets,97
st_calais,19
st_francois_mts,59
st_gallen,14
st_georgen,40
st_gerand,9
st_helena,11
st_jean_dangely,18
st_johann,25
st_leonard,7
st_martin,11
st_matthew,11
st_pierre_de_moutier,19
st_pol_de_leon,15
st_polten,9
st_sauveur,19
st_uxwtews,66
st_veit,24
st_vith,60
stadacona,13
stade,10
stafford,7
stalac,24
stanimaka,44
stanitsa_kokchetavskaya,243
staraya_kulatka,52
staraya_ladoga,13
staraya_mayna,34
staraya_russa,25
staraya_ryazan,33
staraya_zima,88
starobin,22
starodub_on_the_klyazma,22
starodub_siverskyi,31
starodub_votsky,28
starominskaya,59
staropolye,21
staroye,173
staroyuryevo,60
stary_tekov,17
staryi_amanak,54
staryya_darohi,18
stata_ketux,100
stavanger,4
stavelot,67
stavoren,1
stavropol,50
stavropol_na_volge,48
stefanesti,28
stefani,35
steigen,1
steinburg,8
steinfeld,1
steinkjer,1
stelty,42
stendal,21
stensele,11
stepan,26
stepanenki,49
stepanevka,37
sterlibashevo,49
sterlitamak,60
sterzing,1
stettin,15
steyr,137
stezyca,26
stil_qw,36
stipon,31
stirling,8
stjordal,1
stlpulmsh,85
sto_domingo_silos,6
sto_lo,14
stockach,9
stockholm,55
stockton,5
stodolichi,19
stoke,8
stolin,26
stomio,19
stonehaven,10
stora_tuna,18
stordal,11
storen,1
storkyro,9
stormarn,17
storozhynets,23
stowbtsy,25
strabane,1
stralsund,14
stramba,18
strangnas,11
stranraer,7
strasbourg,12
stratford,12
strathearn,1
straubing,13
straupe,15
strehaia,37
strelcha,31
strelitz,18
streshyn,26
stromstad,8
strumica,26
stryi,30
stryn,1
strzelce_opolskie,13
sts_ailes,11
stswecen_c,68
stung_treng,77
stuttgart,13
stxtilusten,70
stz_uminus,51
su_naq,11
suakin,1
suamox,33
suamprabon,30
suan,71
suau,47
subansiri,17
subaytila,29
subi_islands,9
succun,11
suceava,36
suchiimma,114
suchilapan,51
sucuriu,206
sudai,48
sudislavl,37
sudogda,30
sudzha,31
suena,12
suez,47
sufaynah,1
sugaur,178
sugeneb,129
sughar,22
sugut,77
suhar,1
suhut,17
sui,158
sui_pakistan,1
suian,69
suichang,325
suide,28
suidong,63
suikujarvi,11
suining,16
suining_jing,243
suining_pizhou,22
suiping,19
suisin,65
suixi,30
suixian,26
suiyang,138
suiyang_guide,10
sukadana,18
sukadana_lampung,48
suket,309
sukhma,203
sukhnah,10
sukhorukova,11
sukhothai,64
sukhumi,10
suki,43
sukju,18
sukkur,1
suksun,33
suktogeja_o_ipa,119
sulaymaniyah,23
sulechow,16
suledal,14
sulkhari,113
sully,9
sulmona,8
sulomay,11
sultanonu,19
sultanpur,30
sultanpur_uttar_pradesh,543
sultanwind,34
suluk,12
suluklu,33
suluntah,17
sulusaray,32
sulzbach,12
suma,89
sumampa,128
sumba,56
sumbawa,57
sumbis,52
sumbwa,180
sumedang,279
sumgut_vosh,11
sumilao,33
sumino,51
sumperk,27
sumsky_posad,11
sumtiin,193
sumuri,20
sumy,20
suna,26
sunam,352
sunapee,21
suncheon,47
sunda_kelapa,201
sundergarh,152
sungai_jujuhan,63
sungai_lati,44
sungai_penuh,33
sunggari,120
sungurlu,39
suning,1
sunju,18
sunkoshi,215
sunndal,18
sunnfjord,3
sunnmore,14
suntar,11
suntou,92
suojarvi,11
suomussalmi,11
suonikyla,1
suordakh,11
suoyungu,11
suphanburi,80
suq,24
suq_al_ghinan,111
suq_al_shuyukh,38
suqian,23
sur,1
sura,79
surab,1
surabaya,211
surame,49
suran,9
surat,61
suratgarh,93
suraz,33
surgut,11
surigao,22
suriig,62
suripa,56
surmali,28
surmene,8
surruque,48
surubiu,71
suruc,27
surui_paiter,57
susa,284
susaco,26
susitna,32
susoh,22
susong,55
susquehannock,107
susques,11
susunswe,58
susurluk,32
sutara,41
sutiapan,33
sutkent,27
sutnga,142
suttsu,11
sutuko,197
suturuoxa,11
suure_jaani,14
suwa,77
suwalki,20
suwannaphum,124
suwayda,9
suwon,21
suxi,181
suyunduk,122
suzdal,22
suzhou,234
suzhou_fengyang,132
suzhou_gansu,19
suzu,30
suzuka,67
suzun,181
sveg,3
svencionys,31
svendborg,20
svietlahorsk,29
svinort,20
svir,23
svir_beloozero,30
svislach,27
sviyazhsk,45
svoge,34
svrljig,58
svyatoy_nos,25
swansea,2
swarakxen,38
swartberg,17
swazi,120
sweetwater,30
swellendam,25
swidnica,45
swidwin,9
swiecie,23
swikshak,36
swinousjcie,10
swy_e,50
sya,178
syagannaax,11
syanno,27
sybaatayy,11
sychyovka,19
sycow,11
sydybyl,11
sylgy_ytar,11
sylhet,151
synya,11
syracuse,14
syrgan,11
sysma,11
systyg,27
sysy_meyite,11
syuldyukar,11
syun,58
syvlyush,20
szabolcs,27
szadek,19
szadzko,14
szamotuly,12
szarvas,27
szatmar,23
szczytno,23
szeged,29
szolnok,33
szombathely,26
szprotawa,42
szrensk,25
szubin,12
szydlowiec,59
t_aaku,13
ta_an,32
ta_shwe_htan,44
taala,11
taant_a,14
taaqtam,22
taatiilaaq,23
tabaga,11
tabajara,155
tabalah,1
tabarida,25
tabarka,42
tabas_al_tamr,5
tabas_al_unnab,21
tabasokwia,11
tabelbala,11
tabiteuea_atoll,11
tablat,110
tabo,125
tabon,167
tabory,97
tabou,97
tabou_m,68
tabqah,28
tabriz,35
tabuaeran,11
tabuk_arabia,1
tabukan,11
tabynsky,49
tacambaro,84
tacariju,104
tacatacaru,61
tacehubana,112
tachi,79
tachibana,8
tachira,60
tachov,14
tacna,97
tacshic,367
tacuane,109
tacunga,36
tada,93
tadbaba,35
tadjoura,11
tadla,78
tadlyeoan,11
tadmekka,145
tadmur,31
tado,120
tado_colombia,31
tadoule,11
tadoussac,11
taegu,20
taenga_atoll,11
tafedna,56
tafraout,48
tafresh,17
taft,12
taga,33
taganrog,57
tagata,137
tagatay,109
tagawa,81
taghaza,9
taghit,21
taghjijt,8
tagin,24
tagloc,36
tagmadert,14
tagmo_lingkha,11
tagotoka,52
tagudin,41
tagula,15
tahamies,95
tahanea_atoll,11
tahe,85
tahejoc,18
tahert,49
tahiltyn_khotgot,131
tahiti,12
tahkeeosteh,30
tahna,1
tahoua,26
tahquamenon,73
tahuunde,43
taif,40
taigong,136
taigu,16
taihe,4
taihe_dali,17
taihe_taihe,40
taihu,99
taikang,1
taining,65
taipengruodong,33
taiping,392
taiping_jiangzhou,16
taiping_ningguo,234
taipingzhuang,192
taita,166
taivalkoski,11
taixing,39
taizhou,57
taizhou_jurchen,177
taizz,77
tajpur,195
tak,81
tak_elam,48
taka,115
taka_atoll,11
takai,112
takaichi,205
takaki,96
takakusa,96
takalak,165
takalako,91
takam,85
takana,198
takano,79
takaoka,105
takaroa_atoll,11
takashima,6
takassaba,50
takata,86
takawng,59
takbanuao,11
takden,42
takedda,10
takestan,30
takhilyn,105
takhir,244
takht_e_soleyman,20
takhtoyamsk,11
taki,85
takitudu,14
takla,56
taklung,6
takopaya,67
taksimo,11
takspaslama,127
taktsang,54
takua_pa,50
takuru_puku,102
takutu,323
takwata,26
tal_afar,60
tala,11
tala_kyuyel,11
tala_mugongo,100
tala_mx,13
talacogon,68
talaha,127
talaikhan_ata,10
talak_burma,67
talaky,84
talalakh,11
talampaya,155
talang,43
talang_mamak,73
talanga,60
talarn,48
talas,13
talata_mafara,74
talavera_de_la_reina,14
taleqan,47
taliabu,47
talibon,32
taliepacana,56
talikota,21
talimachusi,36
talimeco,45
talisi,52
talitsa,62
talitsa_yelets,29
taliwang,65
talkhir,44
tallinn,8
talman_boorj,101
talmas_ata,10
talmont,12
talok,48
talovka,11
talowski,176
taluhe,216
talwandi,28
tam_dai,114
tama,60
tamacine,12
tamaki,54
tamalameque,80
tamambo,11
taman,20
tamana,74
tamaraceite,73
tamaroa,100
tamathli,72
tamaulipeco,151
tamazaghrane,28
tamazula,96
tamba,57
tamba_ambriz,39
tambaga,109
tamberias,163
tambov,74
tambura,558
tambusai,70
tamdegost,18
tamdoult,30
tamdy,29
tame,170
tamentfoust,75
tamiang,40
tamluk,365
tammisha,44
tamna,15
tamoio,11
tampacal,110
tampo,48
tampruns,210
tampu_machay,5
tamrah,1
tamsabulag,164
tamsweg,1
tamtoc,62
tamu,109
tamura,63
tamworth,8
tana,41
tanabi,188
tanacross,12
tanah_putih,39
tanahun,396
tanakteuk,14
tanalelti,24
tanalyk,103
tanana,22
tancarville,17
tanchang,63
tanchaycha,174
tancheng,22
tancitaro,32
tanda,99
tandang_sari,59
tandil,430
tandur,75
tanga,54
tangamanga,96
tangasootack,31
tangcheng,88
tangdan,37
tangga,9
tanghe,128
tangier,8
tangipahoa,59
tangir,8
tangkhay,11
tangkya,16
tangxian,125
tangxing,56
tangyi,9
tangyin,17
tanhacu,257
tanico,48
tanimuu,167
tanjay,44
tanjin,29
tanjung_balai,30
tanjung_palas,52
tanjungpinang,48
tanjungpura,59
tanjungpuri,50
tank,68
tankular,36
tankwa,20
tanna,11
tanomah,28
tansen,228
tansyk,63
tantan,8
tantaricuy,45
tanumah,1
tanwakanwakaghe,136
taokas,47
taolambiby,198
taoondewake,11
taoudenni,10
taourirt,35
taovaya,141
taowen,188
taoyuan,135
taoyuan_huaian,20
tapaje,75
tapajo,55
tapaktuan,13
tapalquen,204
tapani,35
tapeba,67
tapes,49
tapiete,175
tapirape,304
taplejung,122
tapo,36
taposa,101
tappahanna,37
tappan,23
tapqaq,11
tapu_tuitn,16
tapuia,50
tapuios,199
tapuitapera,207
tapuy,57
taquara,114
taquarucu,193
tara,83
taragui,267
tarakan,53
tarakanda,287
taramakau,11
taranagar,106
tarankol,129
taranto,15
tarapaca,32
tararua,65
tarascon,16
tarasp,20
tarawa_atoll,11
tarazona,29
tarbeevka,31
tarbes,25
tarczyn,30
targabatay,193
targim,30
targoviste,24
targoviste_BUL,16
targu_bengai,17
targu_jiu,25
targu_lapusnei,27
targu_mures,22
targu_neamt,25
targu_trotus,33
targul_saratii,24
tarhasi,165
tarhuna,8
tariaca,57
tarifa,7
tarija,210
tarim,12
tarinkot,52
tarki,35
tarmatambo,1
tarna,11
tarnogsky_gorodok,17
tarnovo,19
tarnow,26
tarntanya,60
tarom,28
taroudant,20
tarragona,71
tarrana,1
tarrega,12
tarsus,20
tartas,62
tartu,13
tartus,24
tarung,49
tarusa,29
tarvagatai,47
tas_kichu,45
tas_yuryakh,11
tases,27
taseyevo,117
tashigang,23
taskala,139
taskayevo,167
taskopru,25
tastil,59
tasty,5
tasuktul,27
tata,23
tata_MOR,15
tatahuitalpan,99
tatal,10
tatama,50
tatamagouche,14
tataouine,41
tatarskaya_tesyu,135
tatartup,35
tatau,77
tatev,22
tathlith,1
tatinnai,11
tatrang,9
tatsan,11
tatsinskaya,66
tattaguine,24
tatvan,16
tatyshly,36
taubate,24
tauberbischofsheim,9
taubonto,46
tauihu,48
tauisk,11
taunat,141
taung,261
taunga_tauranga_atoll,11
taungataki_atoll,11
taungdwingyi,50
taunggyi,92
taungoo,108
taungup,7
taungurung,126
taunton,10
tauraba,72
taurage,13
tauramena,226
tauranga,58
tavan,42
tavan_tolgoi,187
tavaputs,128
tavas,41
tavashay,151
tavastehus,13
tavayveem,11
tavdinsky_sloboda,36
taveewach,118
taveuni,11
tavira,27
taviwac,35
tavoy,79
tavrenga,19
tavsanli,15
tawahka,83
tawakoni,179
tawalimni,64
tawande,69
tawang,7
tawatinaw,122
tawau,70
tawehash,114
taweisha,181
tawokser,11
tawurgha,9
taximaroa,23
tayabas,25
tayaccasa,42
tayan,61
taybah,11
tayga,11
tayma,7
taymylyr,11
tayoltita,92
taytay,48
tayxlama,119
taza,29
tazewell,17
tazin,25
tazirbu,11
taznakht,11
tazroute,57
tazzarine,1
tbilisi,30
tbilisskaya,36
tboli,57
tboung_khmum,186
tcha_shka_ozhaye,385
tchafolonguta,84
tchakashapug,11
tchan_sansan,166
tchankasndata,143
tchesha,81
tchikunga,218
tchitogama,22
tchokana,302
tchoukafala,82
tconsiep,11
tczew,52
te_tai_aorere,11
te_tairawhiti,71
teayotlan,41
tebang,162
tebessa,18
tebourba,26
tecalco,16
tecamachalco,149
techamutete,104
techiman,119
tecka,51
tecklenburg,27
tecoanapa,49
tecohtzincalpan,44
tecozautla,25
tecpan,54
tecuci,18
tede,76
tedei,37
tedelles,29
tedim,56
tednest,17
tedote,51
teel,40
teem,11
teewinot,69
tefelfelt,41
tefeyak,121
tegal,66
tegeget,64
tegelspit,11
tegen,11
tegina,155
tegninateo,42
teguise,1
tegyulte,11
tehcha,193
tehotihuacan,62
tehri,140
tehua,52
tehuacan,375
tehuantepec,53
teiehonwahkhkwatha,39
teionontatatie,40
tejend,27
tekabket,50
tekahionhake,43
tekeli,62
tekman,12
tekouch,40
tekro,11
telantunich,55
telavi,30
tele_nugar,310
telemba,31
telen,66
telha,316
teliagarhi,474
teligol,42
tellico,22
telmen,11
teloloapan,62
teltow,11
teluk_melano,58
temagami,24
temascaltepec,423
temasek,9
tembesha,254
tembesi,70
tembue,196
temir,63
temir_baba,68
temirkhan_shura,29
temirlik,3
temiscamie,17
temiscamingue,47
temiscouata,41
temnikov,30
tempiopausania,13
templin,18
temsamane,52
tenamaxtlan,55
tenamitl,74
tenasserim,59
tenawa,242
tencoa,43
tende,41
tendukheda,47
tendziogala,24
tenenkou,60
tenes,21
tengapani,40
tengchen,11
tengchong,51
tengdong,19
tenggarong,51
tenggulang,59
tengiz,93
tengrela,157
tengxian,24
teniky,168
tenkasi,636
tenkeli,11
tenki,11
tenkodogo,54
tenochtitlan,270
tensas,69
tenteksor,10
tenut,11
teocak,30
teotenanco,14
teotitlan,124
teozacualco,105
tepactitlan,21
tepecan,606
tepecoacuilco,45
tepehuan,38
tepeticpac,27
tepexi,139
tepeyacac,236
tepeyahualco,26
tepla,13
teply_klyuch,11
teplyk,38
tepotahal,158
teqali,484
tequemapo,92
tequesta,61
tera,26
teramo,17
terbi,23
terbuny,33
terbyas,11
tercan,29
tere,63
terebovlia,20
terek,66
terekli_mekteb,99
terekti,152
terena,157
tereshka,47
tereshkovichy,31
terme,27
termez,55
termini,20
ternate,15
ternivka,52
ternopil,19
terracina,18
terralba,14
terranova_pausania,13
terranovasic,16
terrassa,215
terrest,30
teruel,14
tervenichi,38
tes,182
tescuntee,44
tesechoacan,30
tesenei,102
teshevka,33
teshio,33
tesin,58
tesinigh,26
teslin_trail,13
teso,304
tesov,29
tessala,36
tessawa,81
tessit,16
tessuialluk,11
tetamekanch,26
tete,79
tetela,325
tetela_boa,160
tetellan,120
tetepisca,11
tethul,54
tetioneshohon,19
tetlin,15
tetouan,63
tetovo,28
tetrino,11
tetyushi,48
tetzapotitlan,38
tetzcoco,54
teulinchan,235
teutila,15
tevsh_uul,41
tewaukon,114
teweh,76
tewo,49
texiguat,50
texistepec,30
teya,11
teyas,165
teypana,148
teyuna,46
tezerghe,56
teziutlan,81
tezoatega,37
tezpur,36
tha_anne,11
tha_tong,82
thaba_bosiu,178
thaba_nchu,124
thada,84
thadij,1
thadiq,8
thagaste,21
thagia,97
thahnawate,33
thai_binh,72
thai_nguyen,62
thakhek,79
thal_daman,38
thala,32
thalang,15
thalanyji,11
thalassery,518
thalisain,638
thalner,26
thammarat,74
than_u_ge,59
thandaunggyi,126
thandwe,30
thanesar,282
thang_long,104
thanh_hoa,46
thanjavur,224
thanlyin,90
thantlang,26
thaolintoa,11
tharawal,114
tharrawaddy,189
tharrgari,11
thasos,9
that_nguyen,45
that_phanom,31
thaton,61
thatta,2
thaua,53
thaungdut,84
thawe,294
thayet,58
thayetchaung,53
the_hague,12
theakeiki,82
thebes,28
thembelihle,128
thembu,156
theodoro,21
thessaloniki,45
thetford,14
thien_quan,48
thien_truong,33
thiers,9
thiesi,16
thiladhunmathi_atoll,11
thilane_hot_ine,97
thilogne,16
thimpu,10
thingvellir,1
thionville,9
thiruvananthapuram,387
thisted,29
thiviers,17
thlewiaza,11
tho,23
tho_hoang,21
thoa,11
thoire,19
thondi,317
thoothukudi,167
thouars,15
thoubal,93
thoulakhom,72
thrissur,529
thu_vat,32
thuan_binh,58
thuan_chau,30
thubun,40
thula,72
thulamela,78
thumilki,50
thun,87
thung_arra,90
thung_samrit,55
thung_yang,136
thurrawal,176
thurso,2
thutade,11
thuy_vi,41
tianchang,113
tiancheng,56
tianping,189
tiantai,189
tianzhou,55
tianzhu,99
tiaoxian,19
tiatiki,96
tibati,213
ticamaya,53
tichit,11
tickanwatic,78
ticonderoga,32
tidah,1
tidee,14
tidjikja,8
tidni,11
tidore,15
tidsi,48
tiebele,97
tiel,12
tieling,55
tierp,27
tiete,109
tiffech,37
tifu,23
tighina,46
tigil,11
tignere,176
tignish,12
tih_go_tel,116
tijis,25
tijuco,75
tikehau_atoll,11
tikenliq,1
tikhvin,25
tikigaksuagusik,11
tikrit,9
tiksi,11
tila,41
tilala,86
tilcara,31
tilda,46
tilichiki,11
tilijais,105
tillamook,109
tillantonco,166
tilsit,16
tim_samarkand,55
timana,86
timaru,62
timbedra,14
timbiqui,55
timbira,258
timbisha,33
timbo,170
timbu,256
timbuktu,8
timergara,179
timimoun,11
timisoara,36
timkino,11
timucua,44
tinago,36
tinainu,89
tinapihuaya,101
tinco,35
tinde,169
tindi,13
tindirma,11
tindouf,133
tineo,83
tingkip,64
tinguindin,152
tingvalla,18
tinjar,44
tinmel,11
tinnaya,11
tinnis,1
tinputz,13
tintingue,106
tionaga,24
tionesta,102
tiotoren,37
tiou,92
tiout,45
tipanuk,63
tipatikka,44
tipinuwak,51
tippecanoe,80
tipperary,35
tipsinah,130
tirana,56
tirato,11
tire,19
tirekka,195
tirgua,133
tiri,21
tiripetio,115
tirkong,9
tirschenreuth,9
tiruccirapalli,490
tirukoilur,160
tirunelveli,314
tirupati,173
tiruppur,276
tiruvannamalai,276
tis_reka,17
tissamaharama,46
tissemsilt,53
tissint,11
tit,25
tit_ary,11
tit_ebya,11
titaga,134
titel,36
titimani,46
titsimin,207
tittabawassee,94
tiva,130
tivaouane,37
tiveden,9
tivoli,11
tiwal,230
tiwanaku,1
tiwi,107
tixchel,60
tixi,97
tixmul,93
tixtla,136
tiyuh_tuha,59
tizatlan,25
tizgane,62
tiznit,41
tizounine,16
tizu,95
tjake,139
tjimba,52
tjungundji,67
tjust,10
tk_emlups,63
tkaronto,17
tl_azt_en,32
tl_esqox,77
tl_etinqox_t_in,65
tlacalahuastla,43
tlachco,115
tlachquiauhco,112
tlacolula,35
tlacopan,85
tlacotlalpan,15
tlacuitlapan,46
tlalpan,177
tlalpujahua,64
tlamazolan,204
tlapacoya,512
tlapacoyan,9
tlapan,192
tlatlasikwala,16
tlatlauquitepec,219
tlaxomulco,10
tlayolan,139
tlazazalca,59
tlazcozauhtitlan,108
tlemcen,38
tlokyhan,21
tmimi,6
tmogvi,31
to_aheedliinii,135
toa,60
toamasina,86
toara,60
toaripi,25
toau_atoll,11
tobog,26
tobolsk,57
tobruk,7
tocaima,51
tocantis,59
tocaste,72
tochpan,27
tochtepec,16
tocopilla,11
todgha,5
todi,18
toedokado,41
toek_khmau,75
tofte,12
toggenburg,76
togiaq,34
tohickon,31
toho,93
tohome,90
tohono_oodham,17
tojo,75
tok,11
tokachi,18
tokat,35
tokchen,11
tokhomo,11
toki,78
tokichan,11
tokkuzak,16
tokkuztara,218
tokma,11
tokmak,61
tokoro,36
tokoto,123
tokrau,14
toksovo,25
toksun,7
tokuma,11
tokunoshima,9
toledo,24
tolekskoe,27
tolga,15
toli,73
toli_toli,25
toliara,168
toling,11
tollan,28
tollantzinco,164
tollin,72
tollohcan,48
tolmezzo,141
tolmin,39
tolna,25
tolomako,12
tolombon,144
tolosa,117
tolz,16
tom,57
tomakivka,32
tomamae,19
tomar,14
tomarza,40
tomata,88
tomatlan,41
tombigbee,78
tombigby,80
tome,44
tomelloso,21
tomina,112
tomini,24
tommeginne,66
tommot,11
tompo,11
tomsk,88
tomtor,11
tonala,9
tonala_chiapas,87
tonala_coatzacoalco,127
tonameca,24
tonami,101
tonbridge,11
tonder,15
tondibi,11
tondikandia,47
tondo,79
tondzaosha,64
tone,139
tonekabon,60
tong_talun,52
tongan,22
tongan_lijiang,48
tongareva,11
tongatapu,11
tongbai,47
tongcheng_anqing,107
tongcheng_wuchang,77
tongcheon,71
tongchuan_dazhou,246
tongdao,132
tongdao_rongzhou,135
tongdi,42
tonggu,120
tonggu_liping,95
tongguan_tongchuan,28
tongguan_yuanjiang,39
tonghai,11
tongjiang,415
tongle,181
tongliang,55
tongliao,195
tongling,64
tonglu,376
tongren,95
tongshan,225
tongue,1
tongulakh,11
tonguo,11
tongwancheng,173
tongwe,194
tongwe_ambwela,141
tongwei,50
tongxu,2
tongzhou,27
toniato,26
tonkawa,136
tonle_kong,95
tonnerre,22
tonsberg,25
tonshayevo,82
tooele,45
toogee,93
toolginburra,122
toolse,11
toompahnahwach,124
tootinaowaziibeeng,116
topia,34
topolinoe,11
toponisw,49
topos,59
toquegua,63
tora,68
tora_nju,214
toraja,94
torbat_e_jam,21
tordesillas,17
torgau,9
torgo,11
torhovytsia,29
tormosin,45
tornea,11
toro,27
torom,11
torope,35
toropets,23
torralba,15
torres_novas,17
torres_vedras,72
torshavn,11
torshofn,11
tortoli,17
tortona,10
tortosa,20
tortuga,11
tortum,12
torun,17
torzhok,24
torzym,30
tosa,27
tosan,16
toshima,19
toshima_kanto,10
tosora,26
tosse,10
tost_uul,11
tosya,80
toszek,82
totma,45
totobiegosode,176
totokwan,26
totolapan,145
touba,165
toubui,19
touggourt,50
toul,12
toulnustouc,18
toulon,60
toulouse,23
toumodi,148
tounouga,104
tour_auvergne,5
tournai,15
tournon,8
tourougoumbe,53
tours,27
tovisq_ol,12
tovusidokado,35
towa_panka,96
towarnehiooks,19
towing,87
towosaghy,110
toyal,45
toyoda,38
toyon_ary,11
toyota,54
toyoura,84
tozeur,1
tozlan,44
tpig,11
tracadie,17
tradun,11
tragor,1
traianopolis,30
trakai,16
trakamma,49
tralee,35
trancoso,12
trang,90
trang_an,89
trangan,39
trapani,27
trapessac,183
trasigang,17
tratalias,19
traunstein,14
trebinje,18
trebizond,23
trebon,14
treguier,18
tremembe,91
trencin,28
trengganu,47
trenquelauquen,269
trento,12
tres_pontas,81
tresivio,43
treuenbrietzen,12
treviglio,7
treviso,19
trevoux,9
trgoviste_SER,62
trier,11
trieste,9
trigu,1
trikala,32
trim,9
trincomalee,56
tripoli,24
tripoli_syria,21
tripolitsa,19
trivento,11
trnava,19
trogstad,31
troitsk,147
troitsko_pechorsk,16
troitskoye_kuroedovo,59
troitskoye_na_shchigrakh,85
trollaborg,45
tromge,52
troms,11
trondenes,11
trongsa,11
tronka_chua,20
tropu,9
troshovo,22
trotsang,98
trowbridge,10
trowulan,108
troyes,18
trubchevsk,31
trufany,19
trujillo,15
truka,193
truku,11
truro,9
trusan,21
tryavna,20
trysil,8
trzebnica,18
trzemeszno,16
ts_il_kaz_koh,53
tsa_tinne,86
tsachila,68
tsagaan,190
tsagaan_agui,11
tsagaan_usun,11
tsageri,23
tsagvli,31
tsaidam,1
tsaiduka,26
tsakhalkho,14
tsala_ihmec,11
tsalagi,87
tsalenjikha,31
tsana,146
tsangdram,7
tsaparang,1
tsarahafatra,88
tsaratanana,94
tsaribrod,30
tsaryovo_gorodishche,124
tsau,11
tsaukambo,36
tsay_iona,97
tse_binestie,84
tse_bitai,168
tse_khene,43
tsedzong,19
tseichi,184
tsekani,56
tsel_tatli_dsha,120
tselgaii,82
tsentral,21
tsepina,43
tses_kiya_trail,15
tses_tsembai,221
tsesh_ke_shende,200
tsesi,32
tsetserleg,57
tsezhin_deezahi,132
tsherlung,11
tshwa,340
tsi_del_del,97
tsiietsenhtha,23
tsiigehtchik,11
tsikahiotsisto,37
tsikip,146
tsila,247
tsilalanarivo,95
tsimanandrafozana,113
tsimanes,104
tsindi,66
tsipanda,11
tsiripa,220
tsitsiadi,58
tsiveri,125
tsivilsk,28
tsiya,81
tsnungwe,12
tso_gon,5
tsogt,11
tsogwiyuyugi,23
tsoka_ne_nde,77
tsokh,26
tsonentsiio,51
tsontaroy_kala,29
tsora,11
tsorub,19
tsou,22
tsoyaha,74
tsudaka,81
tsuga,65
tsukama,97
tsukuba,12
tsuno,85
tsunthang,1
tsurphu,1
tsuru,75
tsuruga,113
tsybuliv,32
tu_dotlizh_ndee,94
tu_e_dine_de,100
tu_nedhe,64
tu_sis_nde,169
tuam,12
tuapse,27
tuasi,37
tuba,194
tuban_java,159
tubarao,69
tubatulabam,32
tubiba,95
tubicha_mini,335
tubigarao,30
tubingen,11
tucanca,105
tuchitua,45
tucho,60
tuchola,54
tuckabutche,42
tuckahoe,40
tucssa,53
tucumcari,182
tucupita,91
tudela,23
tudeshk,9
tuf_shur_tia,39
tufarqan,22
tugacho,11
tugaloo,37
tugaske,138
tugulym,52
tugumlepen,188
tugur,22
tuin,54
tujun,15
tukri_apu_apu,28
tukspush,38
tuktoyukiuq,11
tukudika,58
tukulan,11
tukums,17
tukuran,32
tukuringra,18
tul_kichan,11
tula,171
tula_ark,92
tula_russia,45
tulak,2
tulamba,6
tulazi,48
tulcea,35
tulguur,197
tuliemao,180
tulita,11
tullahoma,84
tullamore,7
tulle,6
tulln,11
tulnici,23
tulor,31
tulsa,178
tulshun,208
tulsipur,298
tulu_nama_dun,176
tulu_walal,143
tulua,26
tulumni,46
tulungagung,196
tuma,43
tumaco,69
tumanskaya,11
tumat,11
tumatumari,78
tumba,137
tumba_ikoko,69
tumbalala,158
tumbes,70
tumbuka,214
tumeremo,205
tumkur,78
tummana,27
tump,1
tumpisa,18
tumshukaiko,74
tumul,11
tumzhdin,14
tun,13
tunanir,42
tunanmarca,34
tungi,115
tungkal,33
tunguska_trail1,11
tunguska_trail2,11
tunguska_trail3,11
tunguska_trail4,11
tunguska_trail5,11
tunguska_trail6,11
tuni,214
tunica,101
tunis,17
tunkuo,11
tunliu,18
tununaq,11
tunupegosode,155
tunxi,20
tuobuya,11
tuol_ta_mouk,131
tuolba,11
tuolomne,42
tuorbchany,11
tuoydakh,11
tupancireta,189
tupialuviniq,11
tupik,11
tupinamba,139
tupinambarana,74
tupiniquim,185
tupirama,236
tupirvialuit,11
tupiza,114
tupran,69
tupuchikan,11
tupulicus,81
tura,61
turah,69
turama,11
turas,68
turaythith,11
turbah,21
turbat,1
turciansky_svaty_martin,12
turda,21
turek,18
turenne,21
turets,18
turgay,2
turgut,27
turiisk,22
turili,11
turin,12
turinsk,87
turka,35
turkestan,6
turki,33
turkmenevo,91
turna,8
turnhout,59
turnov,90
turnu_magurele,31
turov,28
turpan,13
turrbal,179
turtas,41
turu,11
turuepano,52
turukhansk,11
turunku,88
turuum,148
turyinskiye_rudniki,17
tus,22
tuscarawas,87
tussahaw,35
tuszyn,23
tutak,22
tutelo,26
tutilcoya,88
tutilpinco,65
tutonchany,11
tutong,37
tutotepec,139
tutova,25
tutrakan,29
tutuala,60
tutuila,11
tututepec,78
tututni,45
tuubaa,70
tuul,277
tuvicha_mini,188
tuxa,169
tuxpan,28
tuy,305
tuyandina,11
tuyen_hoa,36
tuyen_quang,44
tuyetah,11
tuyuk,74
tuz_khurma,32
tuzantla,34
tuzapan,18
tuzara,38
tuzdysor,328
tver,25
twana,68
twante,89
tyagacho,92
tyaia,11
tyanya,11
tyatseryn,27
tybee,43
tyerrernotepanner,65
tygde,34
tykhomel,28
tykocin,10
tynda,17
tynset,11
tyokhtyur,11
tyonek,28
tyrma,28
tyrnavos,18
tysmenytsia,24
tyukalinsk,159
tyukhtet,115
tyul_gyar,11
tyulene,11
tywhapita,97
tza_wan_pupako,65
tzaneen,283
tzapotzingo,33
tzintzuntzan,51
tzitacuaro,467
tziuhcoac,31
tzoite,19
tzunun_kaab,108
tzunuun,32
uanaman,11
uashat,14
uashekanau,11
uataaq,11
uatuma,51
uaua,154
ubangi,128
ubari,11
ubeda,27
uberaba,248
uberlingen,9
ubiqua,25
ubuntu,24
ucaln,367
uch,1
uch_barchik,11
uchami,11
uchangidurga,47
uchee,69
uchele,11
uchkuduk,11
ucles,28
ucluelet,20
uco,86
ucuna,2
uda_mutsu,63
udabhanda,70
udachny,11
udakh,6
udamik,11
udamphur,284
udasar,77
udayagiri,108
udayagiri_kotagad,470
uddevalla,5
ude_baikal,55
udgir,155
udine,18
udomlya,36
udon_thani,63
udskoye,11
udupi,142
udya,11
uechamitogosode,112
ueckermunde,8
uel_tympychan,11
uele,11
uele_ca,874
uelzen,22
uemba,48
ufa,62
uffenheim,13
uftyuga,15
ugashik,21
ugbo,239
ugbodu,335
ughoton,179
uglich,24
ugolney,11
ugolnye,11
ugoyan,11
ugrovesk,24
uguumur,182
uhtuo,11
uhun,11
uian,207
uiju,34
uil,108
uinkaret,97
uintah,138
uiseong,28
uist,4
uivvak,11
uivvatok,11
ujae_atoll,11
ujan,30
ujargarh,134
ujiji,40
ujjain,112
ujvyn,11
uka_town,11
ukarangma,60
ukasikalik,11
ukbara,5
ukek,57
ukena,155
ukhaa_khudag,11
ukhahlamba,99
ukhta,13
ukomno_om,34
uktus,50
ukulan,11
ukunzu,123
ukutal,94
ukyulyakh,11
ul_kan,43
ul_ya,11
ulaagchiin,90
ulaamgom,138
ulaan,12
ulaanbadrakh,13
ulakh,11
ulakhan_an,11
ulakhan_kyuyol,11
ulakhan_vava,11
ulan_hua,197
ulan_us,64
ulanchab,92
ulapes,102
uldurga,37
uleaborg,10
ulegir,11
ulenkhe,2
ulgain,169
uliastai,14
ulibahali,25
ulithi_atoll,11
uljin,14
ulju,13
ulkatchot_en,62
ulkayak,131
ulla,23
ullantaytampu,37
ullapool,1
ullensvang,9
ullum,82
ulm,8
ulma,44
ulnia,83
ulu_sysy,11
uluborlu,40
ulug,85
ulukulevo,48
ulungur,43
ulus,75
uluu,11
ulwas,162
ulytau,22
ulziit,16
uman,31
umanske,47
umarkot,10
umatilla,147
umba,11
umbagog,13
umballa,54
umbindhamu,71
umboi,14
umbra,21
umbu,185
umea,12
umgungundlovu,140
umhlanga,71
umida,94
umluj,2
umm_ad_dawm,3
umm_al_ghiran,19
umm_al_qulban,6
ummatur,224
umncumuba,215
umngazi,162
umpila,56
umpqua,75
umsobomvu,198
umuarama,320
una_una,13
unaaha,49
unaizah,10
unalakleet,11
unazigmit,11
uncompaghre,141
unda,90
undrugonda,38
undurkhaan,112
unezhma,11
ung,87
ungaliq,11
unggami,118
unggarangi,77
ungheni,27
ungwana,75
uni,36
unica,107
uniejow,11
unimax,11
uninka,62
unjegah,24
unju,34
unkagarit,36
unkpatina,163
unnao,288
unquachog,18
untari,140
unye,35
unzha,38
uolba,11
uolbut,11
uolya_trail,11
uorga,11
upaon_acu,126
upar,84
upardang,258
upia,84
upolu,18
upper_angara,96
upper_gazimur,37
upper_nioman,10
upper_ob,22
upper_pinda,11
upper_sinu,109
upper_ulz,118
upper_yukon,16
uppinangady,243
uppsala,49
uppvidinge,23
upsukdaskooch,11
upuahpukau,14
upyte,19
uqturpan,97
uqueten,61
ura_tyube,63
urach,10
uracu,345
urad,16
urakawa,10
ural_nema,49
urambo,80
uraqai,147
urasalakh,11
urasoe,10
urayrah,1
urbino,16
urda,276
uren,28
ures,41
urewera,103
urfa,52
urga,16
urgal,11
urgench,1
urghtbulaq,82
urgun,57
urgup,21
uri,31
uri_ae_ona,40
uriparacoxi,70
uriutina,46
urka,38
urkan,37
urla,17
urmi,41
urmia,45
urodan,11
uromi,52
urov,44
urquhart,1
urtsun,24
uru,76
uru_eu_wau_wau,140
uru_pa_in,103
urua,121
uruaitis,217
uruapan,67
urubici,54
urubu,73
urucu,169
urucurituba,55
uruguay,204
urumqi,87
urupampa,26
uruppu,11
uryum,60
uryupin,63
uryuu,32
urzedow,23
urzhum,52
us_kyuyol,11
usa,49
usa_reka,11
usak,37
usalgin,11
usambara,39
usangi,148
uschu,21
ushachy,26
ushguli,35
ushkan,26
ushkau_nipi,11
ushki,11
ushmum_tannah,251
ushtagan,9
ushytsia,29
usingen,9
usivka,74
uskudar,39
usman,52
usolye,37
uspallata,114
uspenskoye,32
ussel,4
ust_barguzin,13
ust_charky,11
ust_cheptsa,39
ust_chulasa,11
ust_ishim,71
ust_kabyrza,81
ust_kalmanka,142
ust_katav,110
ust_kishert,36
ust_koksa,21
ust_kuiga,11
ust_kulom,71
ust_kuloy,17
ust_kut,139
ust_labinsk,42
ust_livny,30
ust_maia,11
ust_medveditskaya,38
ust_mil,11
ust_nera,11
ust_ozernoye,13
ust_pinega,11
ust_sheksna,15
ust_stanovykh_ryas,46
ust_sysola,37
ust_tsilma,11
ust_tsimla,42
ust_ugla,24
ust_vayenga,11
ust_vym,11
ust_ynykchan,11
ust_yudoma,11
usti_nad_labem,16
ustikolina,72
ustra,19
usty,20
ustye,53
ustyuzhna_zheleznopolskaya,51
usu_xinjiang,107
usui,64
usulutan,52
usun,24
usvyaty,27
utajarvi,10
utaya,11
utbulaq,68
utena,27
uthan_uthatun,47
utiangue,85
utina,46
utkhupampa,25
utlandet,5
utondwe,97
utrecht,28
utsehta,135
utsingi,11
utsjoki,11
utsutigway,30
uttarkashi,235
utugo_kuri_doge,216
utumaala,11
utuva,193
uukwambi,96
uur,21
uutaalnganu,40
uvarovo,33
uvea_atoll,11
uvinza,131
uvira,36
uvwie,104
uwa,233
uwharrie,56
uxarraci,92
uxwitza,26
uyana,11
uyandi,11
uyandina_trail,11
uyapari,140
uyo_uyo,48
uyskoye,346
uyun_al_jiwa,13
uyuni,82
uza,112
uzachile,56
uzboy,6
uzea,66
uzemchin,206
uzes,25
uzhorod,26
uzhur,153
uzice,71
uzkand,49
v_enyn,11
vacacai,173
vacaria,115
vadstena,25
vaga,14
vagay,71
vaghua,12
vaihingen,10
vaka,95
vakhs,82
valday,20
valderrobres,17
valdres,13
valenca,125
valence,25
valencia,15
valencia_de_alcantara,11
valenciennes,136
valenii_de_munte,52
valjala,11
valjevo,27
valka,19
valkall_an,11
valkaran,11
valkeasaari,23
valkumey,11
valladolid,19
vallo,16
vallsjo,8
valmaseda,114
valmiera,24
valparaiso,172
valpei,11
valuyki,35
valverde,24
vamar,2
vamizi,93
van,46
van_ban,23
van_don,39
van_kiep,67
vanak,6
vanch,11
vang_vieng,41
vangash,11
vangunu,11
vanikoro,11
vankarem,11
vannes,13
vanu_aroaroa,11
vanua_balavu_atoll,11
vanua_lava,11
vanua_levu,91
vanyume,16
varallo,83
varamin,15
varanasi,507
varanger,11
varazdin,68
varberg,8
varda,26
vardal,30
vardanzi,28
varde,19
vardo,13
varese,250
varna,19
varnavino,36
varnum,10
varsan,27
vartashen,27
varto,23
vartofta,7
vartsikhe,25
vartsila,9
varzuga,11
vashka,11
vashki,11
vasilsursk,37
vasilyeva_sloboda,30
vaska,24
vasknarva,4
vaslui,24
vasteras,8
vasto,18
vastseliina,15
vasvar,26
vasylivka,65
vasyugan,68
vat_phou,59
vatnahverfi,11
vatomandry,66
vatra_dornei,21
vatyrkan,11
vaucouleurs,15
vauvau,11
vave,11
vavozh_mozhga,67
vavuniya,29
vawkavysk,21
vaxjo,8
vaymuga,11
vazhiny,25
vechta,15
veckelax,8
vedbo,26
vederlax,10
veekuhane,269
veesky,45
veisiejai,22
vekshenga,50
vel_mo,11
velbuzd,24
veles,17
velez_malaga,107
velez_rubio,24
veligosti,5
veliki_preslav,22
velikiye_luki,38
veliky_beckerek,25
veliky_porog,26
veliky_ustyug,44
velikyi_bereznyi,39
velizh,16
velletri,13
vellore,440
velsk,24
velyka_lepetykha,45
velyka_novosilka,57
velyka_oleksandrivka,40
velyki_sorochyntsi,30
vembar,237
vempalle,87
vemulawada,140
venafro,8
vendome,22
venetie,11
venice,5
venlo,16
ventadour,9
ventimiglia,131
ventspils,11
ventureno,86
venyov,20
veoneohe,140
veragua,33
verba,24
vercelli,20
verden,11
verdun,15
verdun_sur_garonne,14
vereya,26
vergato,206
veria,32
verkh_chebula,78
verkhneimbatsk,11
verkhneyarkeyevo,51
verkhny_mamon,45
verkhnyaya,11
verkhnyaya_sinyachikha,29
verkhnyaya_toyma,11
verkhnyaya_zolotitsa,11
verkhoshizhemye,50
verkhotomsk,102
verkhoturye,49
verkhovazhye,16
verkhovye,22
verkola,11
verona,55
vershinino,16
vertus,9
vertyazin,28
verzhavsk,30
ves_yogonskaya,30
vesoul,22
veszprem,30
vetlanda,28
vetlitsy,21
vetluga,42
vetza,30
veurne,8
vezhakary,11
vezir,11
viacha,1
viadineti,33
viana,15
viana_bolo,72
viana_do_castelo,161
vianden,10
viannos,8
viborg,9
vic,121
vic_le_comte,16
vic_sur_seille,8
vicela,52
vicenza,15
vichuga,25
vichy,13
vico,14
vicosa,57
vidak,22
vidin,25
vielha,25
vieng_phouka,43
vienna,140
vienne,24
vientiane,58
vierzon,12
viitasaari,9
vijaya,75
vijayanagar,33
vijayapur,144
vijaygarh,434
vijes,62
vik,1
vikulovo,172
vila_real,25
vila_vicosa,14
vilaka,37
vilamatsa,96
vileyka,26
viljandi,10
vilkaviskis,23
vilkmerge,26
villa_di_chiesa,19
villablino,81
villach,42
villadiego,5
villafranca_bierzo,47
villafranca_del_penedes,144
village_onega,11
villaines,20
villalba,2
villalpando,19
villandro,2
villanueva_de_la_serena,17
villanueva_del_fresno,9
villapalacios,56
villarcayo,68
villarobledo,10
villars,13
villatoro,15
villaviciosa,2
villefranche,17
villemaur,12
villemur,26
villena,59
villingen,10
villmanstrand,11
vilnius,12
vilshana,22
viluco,246
vilyuy,11
vilyuy_trail,11
vilyuychan,11
vindeln,10
vingur,112
vinnitsy,22
vinnytsia,35
vinukonda,82
viransehir,37
vire,13
virkgarh,35
virovitica,12
virudhunagar,294
viry,28
visakhapatnam,173
visby,13
visegrad,64
visesav,31
viseu,15
visnupura,57
visokoye,34
viswema,104
vitebsk,27
viterbo,13
vithold_hammami,44
vitim,11
vitoria,81
vitre,21
vitry_aux_loges,20
vitry_en_pertois,18
vivero,71
viviers,24
vize,26
vizhas,11
vizianagaram,245
vizinga,35
viziru,19
vizovice,102
vladimir,27
vlasovo,34
vlitsy,24
vo_nhai,33
vodable,9
vodlozero,20
voghera,12
vognema,16
vohemar,82
vohimasina,139
vohipeno,86
voikar,11
voitsberg,6
vokhma,102
vokhna,52
volchikha,219
volgsjo,11
volkermarkt,21
volkona,26
volodimerets,22
volodymyr,24
volodymyrets,17
vologda,52
volok,58
volosovichy,24
volosovskaya,13
volterra,17
volubilis,37
vonitsa,9
vonnu,19
vopnafjordur,1
vora,8
vordingborg,17
vorkuta,11
voronezh,53
voronich,26
voronizh_chernihiv,29
vorontsovo,11
vorotynsk,22
vorotynsk_novosil,29
voskresenskoye,44
vosporo,26
voss,18
vostitsa,24
votkings,40
vovchansk,51
vowpa,21
voyampolka,11
vozhega,38
voznesenskoye,11
voznesenye,23
vranje,80
vratsa,21
vrddha_ratnapura,56
vrhbosna,56
vshchizh,24
vstrechny,11
vu_ninh,46
vukovar,41
vukvylgayat,11
vukyl,11
vulvyveyem,11
vumba_kuu,49
vuriloche,23
vuta_chadihue,518
vyada,31
vyadhapura,49
vyatka,38
vyatskiye_polyany,59
vyazma,21
vyborg,9
vydreya,24
vydritsa,38
vygozero,11
vyshny_volochyok,28
vyskov,18
vysokoye,30
vytegra,11
vyya,11
wa,185
waahukaahaanu,140
waaninaawangang,28
waanyi,140
waawiiyaataanong,50
wabamun,101
wabanaki,11
wabasca,109
wabaseemong,80
wabash,101
wabenasibi,89
wabezi,107
wabigoon,78
wabimeig,12
wabinosh,39
wabuk,11
waccamaw,52
wachigari,122
wachilmezi,18
waco,134
wad_madani,19
wadadli,11
wadadokado,95
wadan,11
wadh,14
wadi_el_melik,150
wadi_el_natrun,112
wadian,39
wadjar,121
wadjigu,130
waerhdje,108
waestbo,32
wafang,186
waga,39
wagiman,116
wagowategok,13
waha_tunga,102
wahachee,54
wahasah,139
wahemen,11
wahin_wakpa,168
wahzhazhe,120
wai,11
waidhofen,44
waidhofen_an_der_thaya,12
waigeo,56
waihopai,12
waika,26
wailaki,25
wailulu,140
wailwan,140
waima,70
waingapo,62
waingmaw,57
waini,63
wairagarh,528
wairarapa,76
wairoa,85
waitangi,21
waitikka,14
waitu_kubuli,12
waiwai,68
wajarri,29
wajuru,51
wak_kabnal,24
waka_waka,143
wakabunga,149
wakaya,196
wake,101
wakefield,4
wakelbara,75
wakgun,161
wakhakukdhin,114
wakimaala,11
wakmua_oin,133
wakokai,68
wakpa_juk_ana,75
wakusimi,30
walalde,7
walangama,149
walata,10
walcourt,21
walcz,21
waldburg,12
waldeba,85
walden,9
waldsee,7
waldshut,17
walichi,11
wallenpaupack,22
wallerfangen,14
walloomsac,23
wallowa,143
walnaypek,14
walong,4
walpi,66
waluulapam,146
walyalup,49
wambaya,103
wambu,170
wamesa,64
wampar,58
wamsutter,36
wana,66
wanamara,173
wanan,49
wanan_wananjun,66
wanapitei,67
wanapum,77
wanar,38
wanbiri,86
wanbirujurari,11
wandjiwalgu,143
wando,31
wandu,27
wang_pho,71
wanga_bazar,26
wangan,169
wangdue,11
wanggika,229
wangjiang,38
wangkamana,11
wangkatja,200
wangmu,141
wangping,75
wangulen,236
wangung,158
wanhufu,149
wankani,1
wannian,17
wanping,20
wanqiu,2
wanquan,16
wantastiquet,39
wanuco_marka,16
wanzai,90
wanzhou,561
wanzhou_baoding,17
waounde,27
wapahani,106
wapi,53
wapikisko,81
wapikopa,16
wapinippi,90
wapisiw_sipihk,102
wapiskau,11
wapiskau_sk,26
wapitotem,20
wapkawazioju,62
wapocomo,24
wappacoma,30
wappasening,44
wapsipinicon,150
wapusk,11
waqrapukara,3
waqua,38
wara,171
wara_kham,20
waradika,17
warangal,80
waranka,44
warburg,14
wardal,37
wardaman,141
wardandi,60
waren,14
warendorf,9
wargamaygan,141
wari,91
wari_peru,30
wari_willka,29
waricoto,72
warioto,92
warlmanpa,320
warluwarra,36
warnindilyakwa,39
waropen,21
warrada,11
warri,542
warsaw,26
warsheikh,44
warumungu,120
warungu,212
warwa,90
wasakin,57
wasatch,50
wascana,148
wase_wakpa,96
wasetihoge,160
washademoak,19
washakie,51
washeo,11
washita,219
washuk,1
wasilei,41
wasin_wakpa,155
wasit,5
waskada,142
waskaganish,11
waskasoo,129
wasserburg,13
wassu,78
wastina,133
waswanipi,30
watang,18
watappo,68
watarai,104
watatikka,28
watauga,11
waterford,5
wathaurong,57
watistiguam,27
watlala,79
watonwan,120
wattogee,32
watungasta,182
wau,723
waumandee,62
waupecan,109
waveroo,129
wawaskesiw_sipiy,125
wawaskesiwisakahikan,94
wawassan,25
wawiyastan,12
waxhaw,62
waxxari,1
wayagamac,12
wayampi,65
wayanad,621
waykuche,187
waylula,97
wayustikw,11
wazakhwa,22
waziblo,144
wazihe,145
wazirabad,44
wdpesek,26
wecho,11
weda,20
wedde,4
weenhayek,274
weert,18
wegorzewo,29
wehe,199
wehlau,21
weichu,56
weihai,14
weilheim,10
weimar,15
weimo,33
weinan,19
weining,35
weiqing,23
weishi,20
weissenburg,11
weissenfels,12
weithali,49
weixian,14
weiyuan,24
weiyuan_jiading,64
weiyuan_lintao,59
weiz,38
wej,106
wekwayik,34
wekwee_ti,11
welamooktook,63
weljuik,22
wellington,22
wells,12
wels,10
welzheim,12
wemba_wemba,122
wembo,27
wemitigoj,29
wemotaci,17
wenan,16
wenatchi,67
wenchang,37
wenchuan,181
wendeng,59
wengker,161
wengshui,29
wengyuan,285
wenje,63
wenling,50
wenquan,35
wenshan,172
wenshang,14
wenshui,63
wenteche,118
wenxi,18
wenxian,9
wenxian_gongchang,155
wenxiang,128
weotowe,52
wequetong,83
werdenberg,97
werinama,47
wernigerode,5
werowocomoco,23
wertingen,14
wesel,13
wesgird,43
weshacum,42
weskarini,24
west_aasax,203
west_falkland,11
west_gogo,217
west_hanos,40
west_hehe,293
west_kimbu,202
west_konongo,113
west_lomwe,249
west_makhuwa,308
west_ngindo,305
west_ongamo,378
west_palawa,15
west_sabaneneque,29
west_shangana,186
west_sundarban,218
west_wembere,237
west_yao,249
wet_suwet_en,54
wetar,42
wetarhoo,119
wetaskiwin,109
wetewatoqsik,18
wetwin,90
wetzlar,9
wewoka,199
wexford,7
weyanock,27
weymouth,10
wha_ti,11
whadjuk,107
whakatane,114
whakatu,21
whanganui,85
whangarei,29
whaypaw,69
whitby,32
white_horse,11
whonnock,11
wiang_fang,32
wiang_sa,83
wibazoka_wakpa,118
wiccacon,50
wichi,299
wicklow,3
wicocomico,30
wicomico,40
wicontiss,29
wied,10
wielen,11
wieliczka,96
wielun,18
wiener_neustadt,11
wieruszow,16
wiesbaden,9
wigal_wollumbul,182
wight,6
wigmore,9
wigwomadenek,21
wigwomadensis,18
wihlink,49
wik,62
wikipoq,28
wiknatanja,104
wila,104
wilinggin,205
wilingura,147
willcahuain,59
willeuroo,86
willimantic,32
williston,24
willka_pampa,25
willka_ulo,34
willkawaman,19
willman,109
willmore,62
wimanja,106
wimbee,45
wimihsoorita,151
winchester,12
winda_winda,94
windakan,11
windenburg,6
windsor,10
winimuc,138
winisk,11
winklern,1
winnange,72
winneba,50
winnee,39
winnemucca,35
winneway,45
winnibigoshish,79
winnipeg,79
winnipegosis,77
winokapau,13
winooski,32
winsen,10
winsen_aller,12
wintu,11
winyah,41
wipetikil,11
wipi,43
wipukba,77
wiradjuri,169
wirameju,51
wirangu,11
wirrai_durhai,159
wishkahuunu,166
wishram,89
wiskapella,135
wislica,24
wismar,10
wissakode,43
wit_anowi_yohe,146
witagron,108
witset,46
wittenberg,13
wittenberge,12
wittlich,11
wittstock,9
witym,11
wiyashakimi,11
wizi,27
wizna,13
wiznay,307
wli_qospem,22
wloclawek,17
wlodawa,29
woccon,67
wogamusin,44
woi_wurrung,64
wokam,37
woking,8
wolastoq,37
woleai_atoll,11
wolfenbuttel,11
wolfsberg,41
wolgast,12
wolhusen,47
wolinak,17
wolmirstedt,11
wolow,18
wolvega,35
wonju,7
wonnarua,128
woolna,83
woonsocket,43
woppaburra,111
worabe,69
worcester,13
worimi,145
worla,271
worms,5
worora,179
wotapio,89
wotje_atoll,11
wotjobaluk,119
wrigley,38
wroclaw,16
wschowa,8
wuan,252
wucao,36
wuchang,25
wuchuan,72
wuchuan_huazhou,13
wuchuan_sinan,162
wudang,112
wudi,1
wudjari,252
wufeng,128
wugang,148
wuhe,53
wuhu,18
wujal_wujal,113
wuji,8
wujiang,49
wujiang_bozhou,39
wujiang_yingtian,14
wujin,200
wujing,23
wukari,154
wulensi,111
wulgurukaba,101
wulian,23
wuliehe,17
wuling,73
wull_wull,194
wulong,323
wuluo,136
wumeng,55
wunambui,144
wuning,163
wunnumin,22
wunsiedel,8
wuntho,111
wuping,83
wuping_daning,124
wuqiao,9
wuqing,7
wuro_yolde,135
wurzburg,11
wurzen,9
wusa,48
wushan,340
wuthathi,44
wutun,24
wuwei,92
wuxi,119
wuxian,59
wuxian_liuzhou,27
wuxiang,22
wuxing,23
wuyang,13
wuyi,8
wuyi_jinhua,59
wuyuan_huizhou,135
wuyuan_nanning,50
wuzhai,52
wuzhi,14
wuzhou,20
wyaconda,124
wycombe,9
wyomissing,27
wyrzysk,16
xacona,36
xagal,27
xai_xai,73
xakriaba,157
xalacinco,25
xalapa,74
xalapan,88
xalima,11
xalisco,57
xalostotitlan,37
xaltocan,47
xam,11
xam_ka_e,10
xam_neua,16
xamapan,15
xanthia,31
xaracuu,29
xat_sull,11
xatingnaax,11
xavante,349
xelahuh,48
xerente,138
xiabancheng,224
xiacai,37
xiajiang,255
xiajin,14
xiakou,192
xian_quzhou,104
xiangcheng,10
xiangcheng_kaifeng,15
xianghe,8
xiangning,110
xiangru,11
xiangshan,85
xiangshan_xinhui,133
xiangtan,134
xiangxiang,159
xiangyang,27
xiangyi,3
xiangyin,43
xiangyuan,18
xianju,314
xiankang,54
xianning,46
xianning_xian,22
xianyang,16
xianyou,36
xianzhou,80
xianzhu,148
xiaodandang,35
xiaodong,48
xiaogan,95
xiaoshan,13
xiaoxi,23
xiaoxian,28
xiaoyi,94
xiaozhenan,58
xiapi,26
xiaxian,23
xiayi,9
xibao,112
xicahua,26
xicallanco,76
xicaltepec,15
xicheng,110
xichong,11
xichuan,94
xichuan_xizhou,53
xicochimalco,98
xiconaque,45
xicotepec,373
xie,56
xiexian,19
xigu,97
xihe,82
xihe_huizhou,36
xihua,12
xihutla,35
xiica_hai_iic_coii,12
xiica_xnaai_iic_coii,19
xiliang,79
xilin,69
xilong,104
xilotepec,233
xilotlan,95
xinan,18
xincai,105
xinchang,101
xinchang_yifeng,60
xincheng,78
xincheng_annan,32
xincheng_baoding,11
xincheng_jianchang,73
xincheng_jinan,9
xincheng_xincheng,61
xindi,36
xindu,16
xindu_jizhou,13
xinfeng,110
xinfeng_panyu,250
xingan,63
xingan_linjiang,39
xingguo,122
xinghua,269
xingning,65
xingshan,200
xingtai,228
xingtang,132
xingxian,20
xingyang,14
xingzhong,99
xingzi,8
xinhua,232
xinhua_guizhou,123
xinhui,131
xinhure,156
xining,69
xinjian,54
xinkai,205
xinle,8
xinning_chen,254
xinning_dazhou,151
xinning_wugang,185
xinping,24
xintai,31
xintian,53
xinxiang,19
xinxing,15
xinxing_annan,55
xinxing_nanen,268
xinyang,116
xinye,60
xinyi,144
xinyi_gaozhou,165
xinyu,70
xinzheng,14
xiotenko,91
xiping,27
xiriquitzio,104
xisa,13
xisha,19
xiuning,130
xiurong,29
xiushan,182
xiuwu,16
xiuyan,128
xixi,92
xixia,124
xixiang,76
xiyan,95
xizhou,33
xllang,102
xochiapa,20
xochimilco,98
xochipillan,352
xochitepec,99
xojeli,28
xokleng,57
xoko,741
xonuu,11
xoo,471
xoxonal,23
xpaicheil,70
xpuhil,41
xuahceesh_annappiio,130
xualae,58
xuancheng,148
xuande,172
xuanhua,28
xuanhua_nanning,27
xuanning,31
xuanping,42
xucheng,17
xugou,8
xuguit,150
xukuru,586
xumani,165
xun,547
xunaa,11
xunantunich,63
xundabe,37
xungake,32
xunhe,108
xunka,31
xunxian,17
xunyang,225
xupu,280
xutsnoowu,11
xuwen,27
xuyi,242
xuzhou,216
xylokastro,28
y_lkytveem,11
y_uasu,211
ya_kti_ki,11
ya_ttaish,97
yaakwdaat,52
yaanga,75
yaaucaniga,210
yabrin,19
yabro,103
yabu,131
yacegua,276
yacupipizote,94
yada,31
yadamah,12
yadhaigana,60
yadkin,52
yafran,8
yagala,90
yagalingu,168
yaguabo,60
yaguachi,46
yaguana,39
yaguari_guazu,186
yaguarzongo,43
yahandeka,69
yaharo,37
yahi,37
yahotyn,41
yahr,18
yahualican,35
yahyali,32
yaik,128
yaino,48
yakan,11
yakataga,67
yakawlang,8
yakesa,61
yakhi,133
yakkajari,155
yakovlevskoye_bolshoye,28
yakshur_bodya,42
yakwahnim_paa,94
yakyu_ki,11
yala,50
yalamlam,23
yalarrnga,61
yalata,71
yalingkuo,11
yalutorovsk,119
yalvac,21
yalve_sanga,143
yam_pah_pa,66
yama,11
yama_jap,53
yamachiche,21
yamagata,68
yamakoshi,15
yamamoto,106
yamanashi,57
yamanquex,109
yamasa,35
yamaska,21
yamatji,22
yambadika,29
yambasa,163
yambina,154
yambio,363
yamdena,33
yaminue,116
yamparaez,67
yamsk,11
yamur,33
yana,27
yanaguana,79
yanahuara,3
yanal_densa,25
yanatile,22
yanaul,45
yanbu,12
yanbu_an_nakhil,7
yanchang,42
yancheng,190
yancheng_kaifeng,18
yanchi,105
yanchuan,29
yanci,5
yandao,160
yande,275
yaneka,72
yanesha,81
yanga,196
yangabad,9
yangam,58
yangbei,42
yangcheng,27
yangchun,217
yangdi,23
yangdzong,5
yangga,130
yanggu,15
yanggu_yanzhou,22
yangguan,1
yangi,41
yangikent,5
yangirabod,30
yangjiang,211
yangjibaliq,58
yangju,8
yangman,244
yangqu,30
yangshan,449
yangshou,29
yangshuo,57
yangxin,5
yangyuan,101
yangzhou,44
yangzi,25
yanhe,198
yanjin,14
yanling,14
yanovo,21
yanque,29
yanqul,18
yanrakynnot,11
yanranay,11
yans,146
yanshan,3
yanshan_guangxin,93
yanshen,181
yanshi,13
yanting,16
yanyuwa,170
yao,94
yaoshan,130
yaozhou,23
yap,11
yapavu,31
yapen,32
yapeyu,188
yaporox,45
yapuata,237
yapudttka,109
yaqan_nukiy,57
yaqay,32
yaqui,38
yaquimo,18
yaquina,73
yaracuy,36
yaransk,68
yareba,38
yarensk,12
yarkand,9
yarkhun,11
yarkino,51
yarmouth,14
yarok,11
yaropolch,29
yaros,97
yaroslav_poland,52
yaroslavka,28
yaroslavl,21
yarra,83
yartsevo,29
yasawa,11
yashikumne,59
yashkul,63
yasin,9
yasothon,114
yasuj,19
yasukand,31
yatenga,71
yateras,29
yatsushiro,52
yatsushiro_higo,60
yauan,143
yauca,62
yaur,17
yauri,91
yautepec,162
yauto,25
yavoriv,22
yavpe,160
yawdanshi,64
yawnghwe,70
yawuru,121
yax_mutal,35
yazd,10
yazdikhwast,1
yazduye,16
yazhelbitsy,25
yazne,60
yazoo,66
ybiti,269
ycuamandiyu,168
ye,127
ye_ya_xabine,151
yecla_de_yeltes,9
yedagiri,28
yedey,11
yegaladapa,45
yegindybulak,134
yegorlykskaya,61
yegorshin_povytok,67
yeha,47
yehe,84
yei,32
yeji,125
yekaterinovka,49
yekooche,38
yela,11
yelabuga,49
yelan,44
yelanets,45
yelets,36
yellel,43
yelmek,73
yelnya,19
yelou,79
yelovo,38
yeme,141
yemelyanovo,120
yemetsk,11
yemilchyne,37
yendi,104
yendyr,15
yenecamu,74
yenicepazari,45
yeniseysk,74
yenji,93
yenotayevka,35
yeongcheon,19
yeongdeok,12
yeongdong,28
yeonggam,38
yeonggwang,103
yeongil,18
yeongju,38
yeongwol,29
yeongwon,56
yeongyang,15
yeonsan,39
yerema,11
yeremeyevka,11
yerevan,26
yerkyutey,11
yermolovo,11
yeropol,11
yeropol_river,11
yershov,66
yert,11
yeruda,11
yeskumaala,11
yessentuq,74
yetkul,158
yevoyakha,11
yevra,29
yexian,27
yexian_laizhou,130
yeyi,232
yezsk,30
ygana,125
yguazu,228
ygyatta,11
yi,269
yibin,142
yicheng,53
yicheng_pingyang,16
yichuan,55
yichun,131
yidinjdji,75
yidu,20
yidu_qingzhou,81
yifeng,27
yihuang,120
yiiji,73
yijin,3
yijun,26
yilaha,164
yilba,208
yiliang,22
yiling,53
yilong,62
yilun,36
yiman,132
yiman_australia,124
yimen,36
yimin,181
yindjibarndi,51
yingchang,131
yingcheng,20
yingdao,188
yingde,286
yinggarda,35
yingisar,10
yingli,65
yingshan,107
yingshan_luan,168
yingshan_shunqing,91
yingshang,31
yingshui,106
yingzhou,25
yining,141
yinjiang,83
yinshaluo,109
yinshan,114
yinwum,41
yinxian,36
yique,17
yir_yoront,71
yirandali,139
yishan,79
yishui,95
yita,138
yitha_yitha,109
yiwu,18
yixian,185
yixian_yizhou,87
yixing,221
yixingzhou,424
yiyang,24
yiyang_changsha,247
yiyang_guangxin,93
yiyang_songzhou,145
yiyuan,237
yizhang,313
yizhou_jinzhou,37
yizhou_jurchen,98
yizhou_tengzhou,18
yjxa,138
ynakh,11
ynakhsyt,11
yo,34
yo_loy,38
yoberrore,77
yodzocahi,84
yohualtepec,163
yoichi,13
yojuane,65
yoko,176
yola,187
yoli,53
yolngu,199
yolombo,115
yongan_sha,193
yongan_youzhou,167
yongchang_ganzhou,89
yongchang_yongchang,16
yongcheng,11
yongchuan,58
yongchun,138
yongcong,62
yongding_shanghang,155
yongfeng,41
yongfeng_jian,121
yongfeng_xiangxiang,127
yongfu,114
yongfu_fuzhou,146
yonghe,17
yongjia,180
yongkang,39
yongming,94
yongmingcheng,48
yongnian,14
yongning,210
yongning_baisheng,31
yongning_hengzhou,40
yongning_shanzhou,112
yongning_taihe,103
yongping,186
yongping_yongchang,43
yongqing,1
yongshan,100
yongshou,15
yongshun,158
yongshun_yongshun,274
yongxin,179
yongxing,144
yongxing_xingguo,150
yonibana,55
yoniveem,11
yoov_we_teuh,57
yoowetum,27
yopitzinco,45
yopo,381
yopurga,4
yor,75
yoreme,120
yorga,35
york,8
yoro,79
yorta_yorta,125
yosa,119
yoshiki,57
yoshiki_suou,84
yoshino,161
yoshkar_ola,51
yot_ou,12
yotkino,26
youdian,85
youghal,6
youghiogheny,62
youloumain,11
youxi,286
youyang,429
youzhou,161
ypalgyn,11
ypoa,219
ypres,6
yrgychen,11
yscani,95
yshyr,288
ytykyra,129
yuac,283
yuanan,85
yuancheng,17
yuanga,24
yuanhu,13
yuanjiang,12
yuanjiang_yuanjiang,59
yuanling,223
yuanmou,31
yuannan,123
yuanqu,91
yuanshi_zhending,39
yuanyang,21
yuat,86
yucheng,14
yucheng_kaifeng,9
yuchi,42
yuci,21
yucucui,115
yucundaa,117
yucundeq,100
yudu,194
yuechi,23
yueqing,211
yuexi,127
yueyang_anze,15
yugan,50
yugorenok,11
yuhang,16
yuin,82
yuka,1
yukhnov,22
yukhta,11
yukkuman,199
yukonda,12
yukpa,79
yuksekkum,42
yuksom,148
yukta,11
yuktali,11
yukte,11
yulalona,59
yuldibay,159
yulduz,24
yulin,106
yulin_datong,29
yuma,27
yumba,49
yun,121
yunca,76
yuncheng,1
yunchuan,19
yundin,61
yunesit_in,61
yungas,27
yungdrung,124
yunggai,81
yunhe,179
yunkyur,11
yunlian,67
yunlong,30
yunmeng,9
yunnan,38
yunnei,34
yunxi,97
yunyang,453
yunyung_khaya,11
yunzhou,150
yupangathi,38
yupu,38
yuquot,11
yuracare,87
yurakar,71
yurba,11
yurginskoye,97
yuri,56
yurimagua,60
yuririapundaro,36
yuru,64
yuryev_polsky,28
yuryev_povolzhsk,28
yusha,38
yushan_guangxin,95
yushe,29
yushu,131
yuskus,138
yusva,32
yutai,10
yutian,18
yuttyakh,11
yutuwichan,40
yuubari,21
yuufutsu,42
yuwi,114
yuyang,26
yuyao,34
yuza,20
yuzhou,74
yverdon_les_bains,24
zaachila,53
zabern,58
zabid,33
zabol,2
zabore,26
zabreh,21
zabusta,49
zacapu,16
zacatepec,61
zacatlan,172
zacatollan,53
zacazonapan,352
zaci,58
zadar,18
zadian,15
zafra,22
zag_suujiyn_gobi,12
zagan,19
zagare,21
zaghouan,12
zagreb,190
zagya,14
zagzuugiin_balgas,7
zahuatan,77
zain,254
zainsk,52
zakho,53
zakht,11
zakroczym,21
zakynthos,5
zalaegerszeg,26
zalamea,32
zalari,80
zalau,21
zalavar,26
zalishchyky,38
zalon_taung,75
zama,38
zambesia_katongo,123
zambrow,6
zamora,14
zamyany,64
zanatepec,78
zangchen,4
zangdan,11
zangla,97
zanhuang,102
zanjan,32
zankor,520
zanyukhcha,11
zanzibar,580
zaoqiang,14
zaostrovskoye,11
zaoyang,70
zapaluta,42
zaplyusye,28
zara,32
zara_uul,201
zarabad,1
zarafshan,11
zaragoza,24
zarand,26
zarand_iran,10
zaranj,2
zarate,103
zardab,25
zardana,16
zarghun_shahr,32
zarnow,64
zaroy,20
zarqan,32
zary,26
zarya,11
zarzis,9
zatec,19
zavallia,26
zavareh,21
zaveh,13
zavetnoye,70
zavkhan,49
zawila,11
zawiya,15
zazhimchar,11
zazzau,137
zbarazh,31
zdvizhen,35
zdzitov,27
zebak,5
zed,19
zeila,45
zeku,8
zelenokumsk,47
zell_am_see,48
zell_am_ziller,2
zella,9
zelterijin,124
zembe,133
zemetchino,55
zemlungrad,33
zemlyansk,57
zemplin,24
zempoala,14
zemukh,6
zengkou,270
zenica,82
zenina,41
zenta,33
zenues,83
zenzevatka,42
zerbst,19
zetounion,8
zeven,7
zgierz,18
zhabny,36
zhaksy_karasay,24
zhalauly,282
zhaldama,115
zhalong,139
zhamankul,24
zhamshy,34
zhanaarka,111
zhanchuan,19
zhanggu,96
zhangming,112
zhangping,220
zhangpu,27
zhangqiu,27
zhangsanying,131
zhangxian,40
zhangzi,17
zhanhe,130
zhanhua,1
zhanybek,193
zhanyi,57
zhaoan,34
zhaoban,73
zhaohua,229
zhaoxin,124
zhaoyuan,22
zhaozhou_jurchen,98
zhargalakh,11
zharkhan,11
zharkol,180
zharzhan,11
zhatai,11
zhaushikumtobe,22
zhavklant_khairkhan,11
zhebariki_khaya,11
zhecheng,1
zhehai,60
zhehong,25
zhekdeliq,29
zheledian,17
zhelezin,269
zhemgang,19
zhenan,97
zhenan_guishun,52
zhending,15
zhenfan,1
zhenfeng,35
zhengan,158
zhengcheng,123
zhenghe,255
zhengjiatun,137
zhengping,9
zhenkang,83
zhennan,39
zhenning,85
zhenning_qingyang,19
zhenping,45
zhenrong,91
zhenwu,49
zhenxi,49
zhenxi_lizhou,121
zhenyang,79
zhenyuan,56
zhenyuan_sizhou,47
zhenzhou,112
zherdevka,42
zherkorgan,29
zheshart,39
zhetykol,185
zhigalovo,86
zhigu,7
zhijiang,38
zhijin,111
zhilinda,11
zhishan,103
zhizhets,23
zhiziluo,20
zhob,78
zhokha,2
zhongbu,38
zhongdu,31
zhongjiang,22
zhongkar,18
zhongli,133
zhongling,61
zhonglu,283
zhongmu,22
zhongxiang,97
zhouzhi,30
zhovkva,20
zhuanghe,93
zhuanglang,82
zhuban_ana,56
zhucheng,33
zhugao,23
zhuji,146
zhulino,27
zhuluo,54
zhushan,104
zhuxi,68
zhuyang,63
zhydachiv,13
zhympity,217
zhytkavichy,19
zhytomyr,32
zica,20
zichuan,29
ziebice,45
ziegenhain,9
zielona_gora,13
zigui,452
zigula,137
zihuatlan,37
zik,1
zile,38
zilina,171
zimapan,126
zimba,231
zimnicea,30
zimnyatsky,34
zinacantan,47
zinapecuaro,20
zinder,49
zinjanja,53
zinjibar,5
zintan,8
ziqwala,128
ziro,10
ziryanka,11
zitong,19
zittau,9
ziul_zkan,15
zixian,37
ziyang,10
ziyang_xingan,98
ziyang_zizhong,24
zizhou,250
zlatoust,42
zliten,16
zlotoryja,10
zlotow,15
zmeinogorsk,175
zmiiv,22
znamenskoye,78
znin,30
znobov,29
znojmo,26
zoe,119
zogno,153
zohan,13
zolotari,58
zolotiinka,11
zolotkovo,33
zolotonosha,36
zombodze,168
zomin,66
zompanco,87
zonda,206
zondoma,103
zongolica,63
zongyang,37
zorgho,75
zorita,18
zossen,7
zouar,11
zouping,11
zouxian,25
zozan,28
zuba,178
zubala,8
zubarah,11
zubova_polyana,38
zubtsov,16
zuera,24
zula,17
zula_michoacan,18
zumbo,222
zunhua,22
zuokeng,140
zuosuo,56
zuoz,6
zurich,142
zurmang_namgyaltse,11
zuru,88
zutphen,63
zuun_garyn_gobi,6
zuwarah,5
zuwayr,8
zvenigorod,61
zvenihorod_siverskyi,33
zvenyhorod,27
zvenyhorodka,28
zvipadze,111
zvolen,12
zvongombe,98
zweibrucken,9
zwettl,11
zwickau,13
zwolen,24
zwolle,21
zyryan,150
zywiec,152
zyyn_tar_nuur,120
