Entity,Code,Year,Land use: Cropland
Afghanistan,AFG,-10000,0
Afghanistan,AFG,-9000,0
Afghanistan,AFG,-8000,0
Afghanistan,AFG,-7000,0
Afghanistan,AFG,-6000,39751.395
Afghanistan,AFG,-5000,102774.2
Afghanistan,AFG,-4000,616165.5
Afghanistan,AFG,-3000,1144586.5
Afghanistan,AFG,-2000,1565735.6
Afghanistan,AFG,-1000,1923180.6
Afghanistan,AFG,0,3547993.8
Afghanistan,AFG,100,3950939.5
Afghanistan,AFG,200,4342934
Afghanistan,AFG,300,4293927.5
Afghanistan,AFG,400,4242495.5
Afghanistan,AFG,500,4188455.8
Afghanistan,AFG,600,4131450.5
Afghanistan,AFG,700,3948990.5
Afghanistan,AFG,800,3766607.5
Afghanistan,AFG,900,3623422
Afghanistan,AFG,1000,3478392.5
Afghanistan,AFG,1100,3595901.2
Afghanistan,AFG,1200,3698071
Afghanistan,AFG,1300,2521353.2
Afghanistan,AFG,1400,2620716.2
Afghanistan,AFG,1500,2697185.5
Afghanistan,AFG,1600,3227618
Afghanistan,AFG,1700,3052296.8
Afghanistan,AFG,1710,3107121.8
Afghanistan,AFG,1720,3156295.8
Afghanistan,AFG,1730,3205439.8
Afghanistan,AFG,1740,3254574.5
Afghanistan,AFG,1750,3303559.8
Afghanistan,AFG,1760,3352312.5
Afghanistan,AFG,1770,3400679.8
Afghanistan,AFG,1780,3448545
Afghanistan,AFG,1790,3495763
Afghanistan,AFG,1800,3542167.5
Afghanistan,AFG,1810,3587566
Afghanistan,AFG,1820,3631734.8
Afghanistan,AFG,1830,3711957.5
Afghanistan,AFG,1840,3873748.5
Afghanistan,AFG,1850,4039804
Afghanistan,AFG,1860,4209698.5
Afghanistan,AFG,1870,4382854
Afghanistan,AFG,1880,4626324.5
Afghanistan,AFG,1890,4932526
Afghanistan,AFG,1900,5251722
Afghanistan,AFG,1910,5582369
Afghanistan,AFG,1920,5948762.5
Afghanistan,AFG,1930,6282061
Afghanistan,AFG,1940,6576189
Afghanistan,AFG,1950,6822750
Afghanistan,AFG,1951,6876676.5
Afghanistan,AFG,1952,6936836
Afghanistan,AFG,1953,7003197
Afghanistan,AFG,1954,7075738.5
Afghanistan,AFG,1955,7154400
Afghanistan,AFG,1956,7239105.5
Afghanistan,AFG,1957,7329758
Afghanistan,AFG,1958,7426273.5
Afghanistan,AFG,1959,7528532
Afghanistan,AFG,1960,7636454.5
Afghanistan,AFG,1961,7749999
Afghanistan,AFG,1962,7799997
Afghanistan,AFG,1963,7849997
Afghanistan,AFG,1964,7904999
Afghanistan,AFG,1965,7909999
Afghanistan,AFG,1966,7954999
Afghanistan,AFG,1967,7978999
Afghanistan,AFG,1968,7979999
Afghanistan,AFG,1969,7995998.5
Afghanistan,AFG,1970,8005997.5
Afghanistan,AFG,1971,8035994
Afghanistan,AFG,1972,8047993
Afghanistan,AFG,1973,8049193
Afghanistan,AFG,1974,8050293
Afghanistan,AFG,1975,8050293
Afghanistan,AFG,1976,8049994
Afghanistan,AFG,1977,8049994
Afghanistan,AFG,1978,8049994.5
Afghanistan,AFG,1979,8048994.5
Afghanistan,AFG,1980,8048994.5
Afghanistan,AFG,1981,8052994.5
Afghanistan,AFG,1982,8053994
Afghanistan,AFG,1983,8053994
Afghanistan,AFG,1984,8053994
Afghanistan,AFG,1985,8053994
Afghanistan,AFG,1986,8053994
Afghanistan,AFG,1987,8044995.5
Afghanistan,AFG,1988,8039995.5
Afghanistan,AFG,1989,8039995.5
Afghanistan,AFG,1990,8039995.5
Afghanistan,AFG,1991,8029996
Afghanistan,AFG,1992,8029997
Afghanistan,AFG,1993,7933997.5
Afghanistan,AFG,1994,7812999
Afghanistan,AFG,1995,7762997.5
Afghanistan,AFG,1996,7756995.5
Afghanistan,AFG,1997,7794995.5
Afghanistan,AFG,1998,7867999
Afghanistan,AFG,1999,7763997.5
Afghanistan,AFG,2000,7793999
Afghanistan,AFG,2001,7794999
Afghanistan,AFG,2002,7789997
Afghanistan,AFG,2003,7884000
Afghanistan,AFG,2004,7928000
Afghanistan,AFG,2005,7917000
Afghanistan,AFG,2006,7910000
Afghanistan,AFG,2007,7914000
Afghanistan,AFG,2008,7916000
Afghanistan,AFG,2009,7916000
Afghanistan,AFG,2010,7917000
Afghanistan,AFG,2011,7914999
Afghanistan,AFG,2012,7913999
Afghanistan,AFG,2013,7909998.5
Afghanistan,AFG,2014,7909998.5
Afghanistan,AFG,2015,7909999
Afghanistan,AFG,2016,7910000
Afghanistan,AFG,2017,7910000
Afghanistan,AFG,2018,8010000
Afghanistan,AFG,2019,8010000
Afghanistan,AFG,2020,8050991.5
Afghanistan,AFG,2021,8050991.5
Afghanistan,AFG,2022,8050990.5
Afghanistan,AFG,2023,8071484.5
Afghanistan,AFG,2024,8083779.5
Afghanistan,AFG,2025,8096076.5
Africa,OWID_AFR,-10000,0
Africa,OWID_AFR,-9000,0
Africa,OWID_AFR,-8000,0
Africa,OWID_AFR,-7000,0
Africa,OWID_AFR,-6000,35546.625
Africa,OWID_AFR,-5000,48417.75
Africa,OWID_AFR,-4000,75594.625
Africa,OWID_AFR,-3000,164110.97
Africa,OWID_AFR,-2000,1835154.8
Africa,OWID_AFR,-1000,2769831.5
Africa,OWID_AFR,0,7589691
Africa,OWID_AFR,100,8202068
Africa,OWID_AFR,200,8885584
Africa,OWID_AFR,300,9301331
Africa,OWID_AFR,400,9832394
Africa,OWID_AFR,500,10578400
Africa,OWID_AFR,600,11517693
Africa,OWID_AFR,700,12864314
Africa,OWID_AFR,800,15674746
Africa,OWID_AFR,900,18415130
Africa,OWID_AFR,1000,22248632
Africa,OWID_AFR,1100,23892096
Africa,OWID_AFR,1200,25730324
Africa,OWID_AFR,1300,28768518
Africa,OWID_AFR,1400,31386716
Africa,OWID_AFR,1500,35134144
Africa,OWID_AFR,1600,41443396
Africa,OWID_AFR,1700,44992380
Africa,OWID_AFR,1710,46043120
Africa,OWID_AFR,1720,47207944
Africa,OWID_AFR,1730,48405716
Africa,OWID_AFR,1740,49656596
Africa,OWID_AFR,1750,50997980
Africa,OWID_AFR,1760,52091836
Africa,OWID_AFR,1770,53191508
Africa,OWID_AFR,1780,54298210
Africa,OWID_AFR,1790,55410620
Africa,OWID_AFR,1800,56531452
Africa,OWID_AFR,1810,57709130
Africa,OWID_AFR,1820,58900570
Africa,OWID_AFR,1830,60049812
Africa,OWID_AFR,1840,61211116
Africa,OWID_AFR,1850,62304530
Africa,OWID_AFR,1860,64022960
Africa,OWID_AFR,1870,66515690
Africa,OWID_AFR,1880,70246056
Africa,OWID_AFR,1890,74141750
Africa,OWID_AFR,1900,76052180
Africa,OWID_AFR,1910,79640640
Africa,OWID_AFR,1920,83434010
Africa,OWID_AFR,1930,95401070
Africa,OWID_AFR,1940,109085110
Africa,OWID_AFR,1950,131237100
Africa,OWID_AFR,1951,133899496
Africa,OWID_AFR,1952,136826200
Africa,OWID_AFR,1953,139853020
Africa,OWID_AFR,1954,142986240
Africa,OWID_AFR,1955,146233310
Africa,OWID_AFR,1956,149599730
Africa,OWID_AFR,1957,153092600
Africa,OWID_AFR,1958,156716850
Africa,OWID_AFR,1959,160485780
Africa,OWID_AFR,1960,164412700
Africa,OWID_AFR,1961,167749800
Africa,OWID_AFR,1962,168788860
Africa,OWID_AFR,1963,170914080
Africa,OWID_AFR,1964,172257650
Africa,OWID_AFR,1965,173970200
Africa,OWID_AFR,1966,175119660
Africa,OWID_AFR,1967,175785170
Africa,OWID_AFR,1968,177802880
Africa,OWID_AFR,1969,179249980
Africa,OWID_AFR,1970,180173890
Africa,OWID_AFR,1971,181807330
Africa,OWID_AFR,1972,183045000
Africa,OWID_AFR,1973,183942910
Africa,OWID_AFR,1974,184118750
Africa,OWID_AFR,1975,186367920
Africa,OWID_AFR,1976,187531440
Africa,OWID_AFR,1977,188304930
Africa,OWID_AFR,1978,189996700
Africa,OWID_AFR,1979,190323980
Africa,OWID_AFR,1980,190801650
Africa,OWID_AFR,1981,191349250
Africa,OWID_AFR,1982,192580600
Africa,OWID_AFR,1983,193407650
Africa,OWID_AFR,1984,194978110
Africa,OWID_AFR,1985,198215460
Africa,OWID_AFR,1986,199443180
Africa,OWID_AFR,1987,199837810
Africa,OWID_AFR,1988,201339360
Africa,OWID_AFR,1989,202700930
Africa,OWID_AFR,1990,205493280
Africa,OWID_AFR,1991,208081740
Africa,OWID_AFR,1992,211579740
Africa,OWID_AFR,1993,214971820
Africa,OWID_AFR,1994,217052200
Africa,OWID_AFR,1995,223144590
Africa,OWID_AFR,1996,226210300
Africa,OWID_AFR,1997,227134020
Africa,OWID_AFR,1998,228210350
Africa,OWID_AFR,1999,231339970
Africa,OWID_AFR,2000,232233220
Africa,OWID_AFR,2001,232933090
Africa,OWID_AFR,2002,235058100
Africa,OWID_AFR,2003,241382620
Africa,OWID_AFR,2004,243212640
Africa,OWID_AFR,2005,247161060
Africa,OWID_AFR,2006,248690980
Africa,OWID_AFR,2007,252633420
Africa,OWID_AFR,2008,256101620
Africa,OWID_AFR,2009,262121180
Africa,OWID_AFR,2010,265766300
Africa,OWID_AFR,2011,270189820
Africa,OWID_AFR,2012,277914880
Africa,OWID_AFR,2013,281641540
Africa,OWID_AFR,2014,283781380
Africa,OWID_AFR,2015,287239420
Africa,OWID_AFR,2016,290378780
Africa,OWID_AFR,2017,293694750
Africa,OWID_AFR,2018,297835330
Africa,OWID_AFR,2019,299108900
Africa,OWID_AFR,2020,301906720
Africa,OWID_AFR,2021,304858800
Africa,OWID_AFR,2022,305887360
Africa,OWID_AFR,2023,308430050
Africa,OWID_AFR,2024,310583680
Africa,OWID_AFR,2025,312739870
Albania,ALB,-10000,0
Albania,ALB,-9000,0
Albania,ALB,-8000,0
Albania,ALB,-7000,0
Albania,ALB,-6000,7276.2197
Albania,ALB,-5000,11807.891
Albania,ALB,-4000,19083.29
Albania,ALB,-3000,30668.734
Albania,ALB,-2000,48888.62
Albania,ALB,-1000,76938.55
Albania,ALB,0,118283.53
Albania,ALB,100,117200.02
Albania,ALB,200,116062.61
Albania,ALB,300,114866.016
Albania,ALB,400,113603.93
Albania,ALB,500,112268.93
Albania,ALB,600,110852.195
Albania,ALB,700,109343.06
Albania,ALB,800,107728.56
Albania,ALB,900,105886.65
Albania,ALB,1000,103906.836
Albania,ALB,1100,101763.53
Albania,ALB,1200,99422.78
Albania,ALB,1300,96838.266
Albania,ALB,1400,93944.164
Albania,ALB,1500,90642.06
Albania,ALB,1600,86774.11
Albania,ALB,1700,123090.93
Albania,ALB,1710,126941.17
Albania,ALB,1720,130706.94
Albania,ALB,1730,134384.2
Albania,ALB,1740,137968.62
Albania,ALB,1750,141455.42
Albania,ALB,1760,144839.33
Albania,ALB,1770,148114.56
Albania,ALB,1780,151274.69
Albania,ALB,1790,154312.55
Albania,ALB,1800,157220.12
Albania,ALB,1810,159988.42
Albania,ALB,1820,162607.2
Albania,ALB,1830,163619.38
Albania,ALB,1840,171567.94
Albania,ALB,1850,179778.61
Albania,ALB,1860,195759.64
Albania,ALB,1870,211115.38
Albania,ALB,1880,229234.97
Albania,ALB,1890,246486.81
Albania,ALB,1900,266942.2
Albania,ALB,1910,286149.9
Albania,ALB,1920,298804.75
Albania,ALB,1930,304195.34
Albania,ALB,1940,323878.06
Albania,ALB,1950,373611.88
Albania,ALB,1951,379537.12
Albania,ALB,1952,386651.06
Albania,ALB,1953,394690.06
Albania,ALB,1954,403452.5
Albania,ALB,1955,412795.12
Albania,ALB,1956,422625.53
Albania,ALB,1957,432909.97
Albania,ALB,1958,443660.1
Albania,ALB,1959,454916.84
Albania,ALB,1960,466704.2
Albania,ALB,1961,479000
Albania,ALB,1962,487000
Albania,ALB,1963,495000
Albania,ALB,1964,501000
Albania,ALB,1965,522000
Albania,ALB,1966,540000
Albania,ALB,1967,556000
Albania,ALB,1968,570000
Albania,ALB,1969,585000
Albania,ALB,1970,599000
Albania,ALB,1971,610000
Albania,ALB,1972,624000
Albania,ALB,1973,636000
Albania,ALB,1974,652000
Albania,ALB,1975,662000
Albania,ALB,1976,685000
Albania,ALB,1977,692000
Albania,ALB,1978,697000
Albania,ALB,1979,697000
Albania,ALB,1980,702000
Albania,ALB,1981,706000
Albania,ALB,1982,709000
Albania,ALB,1983,710000
Albania,ALB,1984,713000
Albania,ALB,1985,713000
Albania,ALB,1986,713000
Albania,ALB,1987,714000
Albania,ALB,1988,714000
Albania,ALB,1989,707000
Albania,ALB,1990,704000
Albania,ALB,1991,703000
Albania,ALB,1992,703000
Albania,ALB,1993,702000
Albania,ALB,1994,702000
Albania,ALB,1995,702000
Albania,ALB,1996,702000
Albania,ALB,1997,700000
Albania,ALB,1998,699000
Albania,ALB,1999,699000
Albania,ALB,2000,699000
Albania,ALB,2001,699000
Albania,ALB,2002,699000
Albania,ALB,2003,699000
Albania,ALB,2004,699000
Albania,ALB,2005,659000
Albania,ALB,2006,705000
Albania,ALB,2007,698000
Albania,ALB,2008,697000
Albania,ALB,2009,696000
Albania,ALB,2010,696000
Albania,ALB,2011,696000
Albania,ALB,2012,696000
Albania,ALB,2013,696300
Albania,ALB,2014,696000
Albania,ALB,2015,696100
Albania,ALB,2016,703500
Albania,ALB,2017,696200
Albania,ALB,2018,696000
Albania,ALB,2019,696000
Albania,ALB,2020,687555
Albania,ALB,2021,687530
Albania,ALB,2022,686400
Albania,ALB,2023,682396
Albania,ALB,2024,679629
Albania,ALB,2025,676862
Algeria,DZA,-10000,0
Algeria,DZA,-9000,0
Algeria,DZA,-8000,0
Algeria,DZA,-7000,0
Algeria,DZA,-6000,0
Algeria,DZA,-5000,0
Algeria,DZA,-4000,0
Algeria,DZA,-3000,0
Algeria,DZA,-2000,0
Algeria,DZA,-1000,0
Algeria,DZA,0,1024402.44
Algeria,DZA,100,1003832.1
Algeria,DZA,200,983674.8
Algeria,DZA,300,963922.25
Algeria,DZA,400,944566.4
Algeria,DZA,500,925599.25
Algeria,DZA,600,907012.5
Algeria,DZA,700,888799.8
Algeria,DZA,800,870952.44
Algeria,DZA,900,947801.2
Algeria,DZA,1000,1024649.9
Algeria,DZA,1100,999033.7
Algeria,DZA,1200,973417.4
Algeria,DZA,1300,863267.56
Algeria,DZA,1400,753117.7
Algeria,DZA,1500,768487.4
Algeria,DZA,1600,1152731.1
Algeria,DZA,1700,896568.6
Algeria,DZA,1710,936658.1
Algeria,DZA,1720,976747.56
Algeria,DZA,1730,1016836.94
Algeria,DZA,1740,1056926.4
Algeria,DZA,1750,1097015.9
Algeria,DZA,1760,1137105.1
Algeria,DZA,1770,1177194.6
Algeria,DZA,1780,1217284.1
Algeria,DZA,1790,1257373.5
Algeria,DZA,1800,1297462.9
Algeria,DZA,1810,1337552.4
Algeria,DZA,1820,1377641.8
Algeria,DZA,1830,1403164.5
Algeria,DZA,1840,1428687.2
Algeria,DZA,1850,1487515.4
Algeria,DZA,1860,1648878.1
Algeria,DZA,1870,1828236.9
Algeria,DZA,1880,2027707.8
Algeria,DZA,1890,2249680.2
Algeria,DZA,1900,2488181.5
Algeria,DZA,1910,2936637.5
Algeria,DZA,1920,3137104
Algeria,DZA,1930,3481695
Algeria,DZA,1940,4172163
Algeria,DZA,1950,4844039
Algeria,DZA,1951,4969380
Algeria,DZA,1952,5104687.5
Algeria,DZA,1953,5252811.5
Algeria,DZA,1954,5416065
Algeria,DZA,1955,5596199.5
Algeria,DZA,1956,5794354.5
Algeria,DZA,1957,6011117
Algeria,DZA,1958,6246570.5
Algeria,DZA,1959,6500550
Algeria,DZA,1960,6773243
Algeria,DZA,1961,7066000
Algeria,DZA,1962,6900000
Algeria,DZA,1963,6810000
Algeria,DZA,1964,6753000
Algeria,DZA,1965,6784000
Algeria,DZA,1966,6784000
Algeria,DZA,1967,6866000
Algeria,DZA,1968,6787000
Algeria,DZA,1969,6787000
Algeria,DZA,1970,6800000
Algeria,DZA,1971,6981000
Algeria,DZA,1972,7111000
Algeria,DZA,1973,7135000
Algeria,DZA,1974,7167000
Algeria,DZA,1975,7495000
Algeria,DZA,1976,7746000
Algeria,DZA,1977,7542000
Algeria,DZA,1978,7542000
Algeria,DZA,1979,7497000
Algeria,DZA,1980,7509000
Algeria,DZA,1981,7510000
Algeria,DZA,1982,7509000
Algeria,DZA,1983,7231000
Algeria,DZA,1984,7510000
Algeria,DZA,1985,7511000
Algeria,DZA,1986,7533000
Algeria,DZA,1987,7624000
Algeria,DZA,1988,7642000
Algeria,DZA,1989,7673000
Algeria,DZA,1990,7635000
Algeria,DZA,1991,7806000
Algeria,DZA,1992,8064016.5
Algeria,DZA,1993,8006018
Algeria,DZA,1994,8029022
Algeria,DZA,1995,8040013.5
Algeria,DZA,1996,8159003
Algeria,DZA,1997,8174008
Algeria,DZA,1998,8192015.5
Algeria,DZA,1999,8192010
Algeria,DZA,2000,8162996
Algeria,DZA,2001,8206004
Algeria,DZA,2002,8244717
Algeria,DZA,2003,8296016.5
Algeria,DZA,2004,8363006
Algeria,DZA,2005,8378031
Algeria,DZA,2006,8390023
Algeria,DZA,2007,8400022
Algeria,DZA,2008,8399038
Algeria,DZA,2009,8411013
Algeria,DZA,2010,8421028
Algeria,DZA,2011,8430535
Algeria,DZA,2012,8435205
Algeria,DZA,2013,8439212
Algeria,DZA,2014,8462404
Algeria,DZA,2015,8465138
Algeria,DZA,2016,8465150
Algeria,DZA,2017,8475428
Algeria,DZA,2018,8487371
Algeria,DZA,2019,8531920
Algeria,DZA,2020,8503666
Algeria,DZA,2021,8492784
Algeria,DZA,2022,8525954
Algeria,DZA,2023,8507170
Algeria,DZA,2024,8504684
Algeria,DZA,2025,8502199
American Samoa,ASM,-10000,0
American Samoa,ASM,-9000,0
American Samoa,ASM,-8000,0
American Samoa,ASM,-7000,0
American Samoa,ASM,-6000,0
American Samoa,ASM,-5000,0
American Samoa,ASM,-4000,0
American Samoa,ASM,-3000,0
American Samoa,ASM,-2000,0
American Samoa,ASM,-1000,0
American Samoa,ASM,0,0
American Samoa,ASM,100,0
American Samoa,ASM,200,0
American Samoa,ASM,300,0
American Samoa,ASM,400,0
American Samoa,ASM,500,13.76255
American Samoa,ASM,600,20.161768
American Samoa,ASM,700,29.483232
American Samoa,ASM,800,43.023796
American Samoa,ASM,900,62.6275
American Samoa,ASM,1000,90.89301
American Samoa,ASM,1100,131.438
American Samoa,ASM,1200,189.21124
American Samoa,ASM,1300,270.80307
American Samoa,ASM,1400,384.6024
American Samoa,ASM,1500,540.38293
American Samoa,ASM,1600,747.17896
American Samoa,ASM,1700,1006.034
American Samoa,ASM,1710,1045.3
American Samoa,ASM,1720,1085.5253
American Samoa,ASM,1730,1126.6531
American Samoa,ASM,1740,1168.6102
American Samoa,ASM,1750,1211.3047
American Samoa,ASM,1760,1254.6211
American Samoa,ASM,1770,1298.4172
American Samoa,ASM,1780,1342.5176
American Samoa,ASM,1790,1386.7073
American Samoa,ASM,1800,1430.7234
American Samoa,ASM,1810,1474.2439
American Samoa,ASM,1820,1521.0879
American Samoa,ASM,1830,1566.7971
American Samoa,ASM,1840,1610.7555
American Samoa,ASM,1850,1652.1897
American Samoa,ASM,1860,1690.1205
American Samoa,ASM,1870,1836.6669
American Samoa,ASM,1880,1987.9136
American Samoa,ASM,1890,2140.7202
American Samoa,ASM,1900,2290.0747
American Samoa,ASM,1910,2427.9514
American Samoa,ASM,1920,2710.567
American Samoa,ASM,1930,2965.8691
American Samoa,ASM,1940,3131.1257
American Samoa,ASM,1950,3721.3481
American Samoa,ASM,1951,3676.4165
American Samoa,ASM,1952,3598.8098
American Samoa,ASM,1953,3489.8071
American Samoa,ASM,1954,3353.2039
American Samoa,ASM,1955,3189.0845
American Samoa,ASM,1956,3004.1206
American Samoa,ASM,1957,2795.8337
American Samoa,ASM,1958,2562.6863
American Samoa,ASM,1959,2291.4917
American Samoa,ASM,1960,1929.9999
American Samoa,ASM,1961,1929.9999
American Samoa,ASM,1962,1929.9999
American Samoa,ASM,1963,1929.9999
American Samoa,ASM,1964,1929.9999
American Samoa,ASM,1965,1929.9999
American Samoa,ASM,1966,1929.9999
American Samoa,ASM,1967,1929.9999
American Samoa,ASM,1968,1929.9999
American Samoa,ASM,1969,1929.9999
American Samoa,ASM,1970,1929.9999
American Samoa,ASM,1971,1929.9999
American Samoa,ASM,1972,1929.9999
American Samoa,ASM,1973,1929.9999
American Samoa,ASM,1974,1929.9999
American Samoa,ASM,1975,1929.9999
American Samoa,ASM,1976,1929.9999
American Samoa,ASM,1977,1929.9999
American Samoa,ASM,1978,1929.9999
American Samoa,ASM,1979,1929.9999
American Samoa,ASM,1980,1929.9999
American Samoa,ASM,1981,1929.9999
American Samoa,ASM,1982,1929.9999
American Samoa,ASM,1983,1929.9999
American Samoa,ASM,1984,1929.9999
American Samoa,ASM,1985,1929.9999
American Samoa,ASM,1986,1929.9999
American Samoa,ASM,1987,1929.9999
American Samoa,ASM,1988,1929.9999
American Samoa,ASM,1989,1929.9999
American Samoa,ASM,1990,1929.9999
American Samoa,ASM,1991,1964
American Samoa,ASM,1992,1998
American Samoa,ASM,1993,2032
American Samoa,ASM,1994,2066
American Samoa,ASM,1995,2100
American Samoa,ASM,1996,2134
American Samoa,ASM,1997,2168
American Samoa,ASM,1998,2202
American Samoa,ASM,1999,2236
American Samoa,ASM,2000,2270
American Samoa,ASM,2001,2300
American Samoa,ASM,2002,2330
American Samoa,ASM,2003,2360
American Samoa,ASM,2004,2390
American Samoa,ASM,2005,2420
American Samoa,ASM,2006,2450
American Samoa,ASM,2007,2480
American Samoa,ASM,2008,2510
American Samoa,ASM,2009,2540
American Samoa,ASM,2010,2570
American Samoa,ASM,2011,2600
American Samoa,ASM,2012,2630
American Samoa,ASM,2013,2660
American Samoa,ASM,2014,2690
American Samoa,ASM,2015,2720
American Samoa,ASM,2016,2750
American Samoa,ASM,2017,2780
American Samoa,ASM,2018,2810
American Samoa,ASM,2019,2840
American Samoa,ASM,2020,2870
American Samoa,ASM,2021,2900
American Samoa,ASM,2022,2900
American Samoa,ASM,2023,2936
American Samoa,ASM,2024,2960
American Samoa,ASM,2025,2984
Andorra,AND,-10000,0
Andorra,AND,-9000,0
Andorra,AND,-8000,0
Andorra,AND,-7000,0
Andorra,AND,-6000,0
Andorra,AND,-5000,0
Andorra,AND,-4000,0
Andorra,AND,-3000,0
Andorra,AND,-2000,0
Andorra,AND,-1000,748.0582
Andorra,AND,0,1334.4061
Andorra,AND,100,1338.084
Andorra,AND,200,1340.4789
Andorra,AND,300,1341.4324
Andorra,AND,400,1340.762
Andorra,AND,500,1338.2552
Andorra,AND,600,1333.6628
Andorra,AND,700,1326.689
Andorra,AND,800,1316.9774
Andorra,AND,900,1304.0939
Andorra,AND,1000,1287.4984
Andorra,AND,1100,1266.5059
Andorra,AND,1200,1240.2233
Andorra,AND,1300,1207.4481
Andorra,AND,1400,1166.491
Andorra,AND,1500,1114.842
Andorra,AND,1600,1048.4706
Andorra,AND,1700,960.09924
Andorra,AND,1710,997.5359
Andorra,AND,1720,1035.882
Andorra,AND,1730,1075.0823
Andorra,AND,1740,1115.0664
Andorra,AND,1750,1155.745
Andorra,AND,1760,1197.0068
Andorra,AND,1770,1238.7141
Andorra,AND,1780,1280.6976
Andorra,AND,1790,1322.7498
Andorra,AND,1800,1364.6166
Andorra,AND,1810,1405.9873
Andorra,AND,1820,1446.4805
Andorra,AND,1830,1485.6272
Andorra,AND,1840,1522.8463
Andorra,AND,1850,1557.4133
Andorra,AND,1860,1588.4144
Andorra,AND,1870,1614.6813
Andorra,AND,1880,1634.6924
Andorra,AND,1890,1646.4203
Andorra,AND,1900,1647.0741
Andorra,AND,1910,1632.644
Andorra,AND,1920,1597.0079
Andorra,AND,1930,1529.9305
Andorra,AND,1940,1411.5911
Andorra,AND,1950,1191.0487
Andorra,AND,1951,1244.1208
Andorra,AND,1952,1299.4814
Andorra,AND,1953,1353.5037
Andorra,AND,1954,1399.8743
Andorra,AND,1955,1435.4319
Andorra,AND,1956,1454.9335
Andorra,AND,1957,1447.3949
Andorra,AND,1958,1400.306
Andorra,AND,1959,1283.6405
Andorra,AND,1960,1000
Andorra,AND,1961,1000
Andorra,AND,1962,1000
Andorra,AND,1963,1000
Andorra,AND,1964,1000
Andorra,AND,1965,1000
Andorra,AND,1966,1000
Andorra,AND,1967,1000
Andorra,AND,1968,1000
Andorra,AND,1969,1000
Andorra,AND,1970,1000
Andorra,AND,1971,1000
Andorra,AND,1972,1000
Andorra,AND,1973,1000
Andorra,AND,1974,1000
Andorra,AND,1975,1000
Andorra,AND,1976,1000
Andorra,AND,1977,1000
Andorra,AND,1978,1000
Andorra,AND,1979,1000
Andorra,AND,1980,1000
Andorra,AND,1981,1000
Andorra,AND,1982,1000
Andorra,AND,1983,1000
Andorra,AND,1984,1000
Andorra,AND,1985,1000
Andorra,AND,1986,1000
Andorra,AND,1987,1000
Andorra,AND,1988,1000
Andorra,AND,1989,1000
Andorra,AND,1990,1000
Andorra,AND,1991,1000
Andorra,AND,1992,1000
Andorra,AND,1993,1000
Andorra,AND,1994,1000
Andorra,AND,1995,1000
Andorra,AND,1996,1000
Andorra,AND,1997,1000
Andorra,AND,1998,1000
Andorra,AND,1999,1000
Andorra,AND,2000,1000
Andorra,AND,2001,750
Andorra,AND,2002,850
Andorra,AND,2003,860.00006
Andorra,AND,2004,810.00006
Andorra,AND,2005,800
Andorra,AND,2006,780
Andorra,AND,2007,770
Andorra,AND,2008,760
Andorra,AND,2009,770
Andorra,AND,2010,770
Andorra,AND,2011,770
Andorra,AND,2012,760
Andorra,AND,2013,810.00006
Andorra,AND,2014,800
Andorra,AND,2015,810.00006
Andorra,AND,2016,820
Andorra,AND,2017,820
Andorra,AND,2018,834
Andorra,AND,2019,800.10004
Andorra,AND,2020,777.3
Andorra,AND,2021,756.19995
Andorra,AND,2022,756.19995
Andorra,AND,2023,724.91003
Andorra,AND,2024,704.96
Andorra,AND,2025,685.01
Angola,AGO,-10000,0
Angola,AGO,-9000,0
Angola,AGO,-8000,0
Angola,AGO,-7000,0
Angola,AGO,-6000,0
Angola,AGO,-5000,0
Angola,AGO,-4000,0
Angola,AGO,-3000,0
Angola,AGO,-2000,0
Angola,AGO,-1000,0
Angola,AGO,0,0
Angola,AGO,100,0
Angola,AGO,200,0
Angola,AGO,300,0
Angola,AGO,400,0
Angola,AGO,500,0
Angola,AGO,600,0
Angola,AGO,700,0
Angola,AGO,800,0
Angola,AGO,900,0
Angola,AGO,1000,0
Angola,AGO,1100,0
Angola,AGO,1200,0
Angola,AGO,1300,0
Angola,AGO,1400,0
Angola,AGO,1500,1106437.2
Angola,AGO,1600,1175589.5
Angola,AGO,1700,1244741.9
Angola,AGO,1710,1259737.4
Angola,AGO,1720,1268990.4
Angola,AGO,1730,1278719.9
Angola,AGO,1740,1288973
Angola,AGO,1750,1299804.8
Angola,AGO,1760,1311278.4
Angola,AGO,1770,1323468.2
Angola,AGO,1780,1336461.6
Angola,AGO,1790,1350362.5
Angola,AGO,1800,1365295.4
Angola,AGO,1810,1381411.9
Angola,AGO,1820,1398898
Angola,AGO,1830,1417986.4
Angola,AGO,1840,1438971.4
Angola,AGO,1850,1467454.9
Angola,AGO,1860,1572213.8
Angola,AGO,1870,1685801
Angola,AGO,1880,1772809.4
Angola,AGO,1890,1863902.8
Angola,AGO,1900,1773199.8
Angola,AGO,1910,1636343.2
Angola,AGO,1920,1572055.1
Angola,AGO,1930,1824434.1
Angola,AGO,1940,2096562.2
Angola,AGO,1950,2506027
Angola,AGO,1951,2567360.2
Angola,AGO,1952,2630852.8
Angola,AGO,1953,2694719.8
Angola,AGO,1954,2757697.2
Angola,AGO,1955,2819029.8
Angola,AGO,1956,2878501.8
Angola,AGO,1957,2936411.2
Angola,AGO,1958,2993506.2
Angola,AGO,1959,3050846
Angola,AGO,1960,3109475.5
Angola,AGO,1961,3170000
Angola,AGO,1962,3200000
Angola,AGO,1963,3220000
Angola,AGO,1964,3250000
Angola,AGO,1965,3270000
Angola,AGO,1966,3300000
Angola,AGO,1967,3330000
Angola,AGO,1968,3360000
Angola,AGO,1969,3400000
Angola,AGO,1970,3400000
Angola,AGO,1971,3400000
Angola,AGO,1972,3400000
Angola,AGO,1973,3400000
Angola,AGO,1974,3400000
Angola,AGO,1975,3400000
Angola,AGO,1976,3200000
Angola,AGO,1977,3200000
Angola,AGO,1978,3200000
Angola,AGO,1979,3190000
Angola,AGO,1980,3185000
Angola,AGO,1981,3170000
Angola,AGO,1982,3170000
Angola,AGO,1983,3165000
Angola,AGO,1984,3160000
Angola,AGO,1985,3160000
Angola,AGO,1986,3100000
Angola,AGO,1987,3100000
Angola,AGO,1988,3100000
Angola,AGO,1989,3100000
Angola,AGO,1990,3100000
Angola,AGO,1991,3150000
Angola,AGO,1992,3200000
Angola,AGO,1993,3200000
Angola,AGO,1994,3200000
Angola,AGO,1995,3200000
Angola,AGO,1996,3200000
Angola,AGO,1997,3200000
Angola,AGO,1998,3200000
Angola,AGO,1999,3200000
Angola,AGO,2000,3200000
Angola,AGO,2001,3200000
Angola,AGO,2002,3300000
Angola,AGO,2003,3500000
Angola,AGO,2004,3500000
Angola,AGO,2005,3500000
Angola,AGO,2006,3500000
Angola,AGO,2007,3600000
Angola,AGO,2008,3600000
Angola,AGO,2009,4235000
Angola,AGO,2010,4435000
Angola,AGO,2011,4935000
Angola,AGO,2012,4955000
Angola,AGO,2013,5135000
Angola,AGO,2014,5310000
Angola,AGO,2015,5425000
Angola,AGO,2016,5657000
Angola,AGO,2017,5667000
Angola,AGO,2018,5674000
Angola,AGO,2019,5680000
Angola,AGO,2020,5685000
Angola,AGO,2021,5690000
Angola,AGO,2022,5690000
Angola,AGO,2023,5696400
Angola,AGO,2024,5700600
Angola,AGO,2025,5704800
Anguilla,AIA,-10000,0
Anguilla,AIA,-9000,0
Anguilla,AIA,-8000,0
Anguilla,AIA,-7000,0
Anguilla,AIA,-6000,0
Anguilla,AIA,-5000,0
Anguilla,AIA,-4000,0
Anguilla,AIA,-3000,0
Anguilla,AIA,-2000,0
Anguilla,AIA,-1000,0
Anguilla,AIA,0,0
Anguilla,AIA,100,0
Anguilla,AIA,200,0
Anguilla,AIA,300,0
Anguilla,AIA,400,0
Anguilla,AIA,500,0
Anguilla,AIA,600,0
Anguilla,AIA,700,0
Anguilla,AIA,800,0
Anguilla,AIA,900,0
Anguilla,AIA,1000,0
Anguilla,AIA,1100,0
Anguilla,AIA,1200,0
Anguilla,AIA,1300,0
Anguilla,AIA,1400,0
Anguilla,AIA,1500,0
Anguilla,AIA,1600,0
Anguilla,AIA,1700,0
Anguilla,AIA,1710,0
Anguilla,AIA,1720,0
Anguilla,AIA,1730,0
Anguilla,AIA,1740,0
Anguilla,AIA,1750,0
Anguilla,AIA,1760,0
Anguilla,AIA,1770,0
Anguilla,AIA,1780,0
Anguilla,AIA,1790,0
Anguilla,AIA,1800,0
Anguilla,AIA,1810,0
Anguilla,AIA,1820,0
Anguilla,AIA,1830,0
Anguilla,AIA,1840,0
Anguilla,AIA,1850,0
Anguilla,AIA,1860,0
Anguilla,AIA,1870,0
Anguilla,AIA,1880,0
Anguilla,AIA,1890,0
Anguilla,AIA,1900,0
Anguilla,AIA,1910,0
Anguilla,AIA,1920,0
Anguilla,AIA,1930,0
Anguilla,AIA,1940,0
Anguilla,AIA,1950,0
Anguilla,AIA,1951,0
Anguilla,AIA,1952,0
Anguilla,AIA,1953,0
Anguilla,AIA,1954,0
Anguilla,AIA,1955,0
Anguilla,AIA,1956,0
Anguilla,AIA,1957,0
Anguilla,AIA,1958,0
Anguilla,AIA,1959,0
Anguilla,AIA,1960,0
Anguilla,AIA,1961,0
Anguilla,AIA,1962,0
Anguilla,AIA,1963,0
Anguilla,AIA,1964,0
Anguilla,AIA,1965,0
Anguilla,AIA,1966,0
Anguilla,AIA,1967,0
Anguilla,AIA,1968,0
Anguilla,AIA,1969,0
Anguilla,AIA,1970,0
Anguilla,AIA,1971,0
Anguilla,AIA,1972,0
Anguilla,AIA,1973,0
Anguilla,AIA,1974,0
Anguilla,AIA,1975,0
Anguilla,AIA,1976,0
Anguilla,AIA,1977,0
Anguilla,AIA,1978,0
Anguilla,AIA,1979,0
Anguilla,AIA,1980,0
Anguilla,AIA,1981,0
Anguilla,AIA,1982,0
Anguilla,AIA,1983,0
Anguilla,AIA,1984,0
Anguilla,AIA,1985,0
Anguilla,AIA,1986,0
Anguilla,AIA,1987,0
Anguilla,AIA,1988,0
Anguilla,AIA,1989,0
Anguilla,AIA,1990,0
Anguilla,AIA,1991,0
Anguilla,AIA,1992,0
Anguilla,AIA,1993,0
Anguilla,AIA,1994,0
Anguilla,AIA,1995,0
Anguilla,AIA,1996,0
Anguilla,AIA,1997,0
Anguilla,AIA,1998,0
Anguilla,AIA,1999,0
Anguilla,AIA,2000,0
Anguilla,AIA,2001,0
Anguilla,AIA,2002,0
Anguilla,AIA,2003,0
Anguilla,AIA,2004,0
Anguilla,AIA,2005,0
Anguilla,AIA,2006,0
Anguilla,AIA,2007,0
Anguilla,AIA,2008,0
Anguilla,AIA,2009,0
Anguilla,AIA,2010,0
Anguilla,AIA,2011,0
Anguilla,AIA,2012,0
Anguilla,AIA,2013,0
Anguilla,AIA,2014,0
Anguilla,AIA,2015,0
Anguilla,AIA,2016,0
Anguilla,AIA,2017,0
Anguilla,AIA,2018,0
Anguilla,AIA,2019,0
Anguilla,AIA,2020,0
Anguilla,AIA,2021,0
Anguilla,AIA,2022,0
Anguilla,AIA,2023,0
Anguilla,AIA,2024,0
Anguilla,AIA,2025,0
Antigua and Barbuda,ATG,-10000,0
Antigua and Barbuda,ATG,-9000,0
Antigua and Barbuda,ATG,-8000,0
Antigua and Barbuda,ATG,-7000,0
Antigua and Barbuda,ATG,-6000,0
Antigua and Barbuda,ATG,-5000,0
Antigua and Barbuda,ATG,-4000,0
Antigua and Barbuda,ATG,-3000,0
Antigua and Barbuda,ATG,-2000,0
Antigua and Barbuda,ATG,-1000,0
Antigua and Barbuda,ATG,0,0
Antigua and Barbuda,ATG,100,0
Antigua and Barbuda,ATG,200,0
Antigua and Barbuda,ATG,300,0
Antigua and Barbuda,ATG,400,0
Antigua and Barbuda,ATG,500,0
Antigua and Barbuda,ATG,600,0
Antigua and Barbuda,ATG,700,0
Antigua and Barbuda,ATG,800,0
Antigua and Barbuda,ATG,900,0
Antigua and Barbuda,ATG,1000,0
Antigua and Barbuda,ATG,1100,0
Antigua and Barbuda,ATG,1200,0
Antigua and Barbuda,ATG,1300,0
Antigua and Barbuda,ATG,1400,0
Antigua and Barbuda,ATG,1500,4273.756
Antigua and Barbuda,ATG,1600,4671.0806
Antigua and Barbuda,ATG,1700,5106.6484
Antigua and Barbuda,ATG,1710,5672.466
Antigua and Barbuda,ATG,1720,6301.009
Antigua and Barbuda,ATG,1730,6999.2334
Antigua and Barbuda,ATG,1740,7774.868
Antigua and Barbuda,ATG,1750,8636.499
Antigua and Barbuda,ATG,1760,9593.664
Antigua and Barbuda,ATG,1770,10656.962
Antigua and Barbuda,ATG,1780,11838.163
Antigua and Barbuda,ATG,1790,13150.347
Antigua and Barbuda,ATG,1800,14608.045
Antigua and Barbuda,ATG,1810,16227.3955
Antigua and Barbuda,ATG,1820,18026.338
Antigua and Barbuda,ATG,1830,20024.793
Antigua and Barbuda,ATG,1840,20940.58
Antigua and Barbuda,ATG,1850,20460.346
Antigua and Barbuda,ATG,1860,18417.373
Antigua and Barbuda,ATG,1870,16491.219
Antigua and Barbuda,ATG,1880,15019.746
Antigua and Barbuda,ATG,1890,14457.598
Antigua and Barbuda,ATG,1900,13003.258
Antigua and Barbuda,ATG,1910,11540.219
Antigua and Barbuda,ATG,1920,8854.717
Antigua and Barbuda,ATG,1930,8005.995
Antigua and Barbuda,ATG,1940,8001.6274
Antigua and Barbuda,ATG,1950,8343.35
Antigua and Barbuda,ATG,1951,8542.593
Antigua and Barbuda,ATG,1952,8653.072
Antigua and Barbuda,ATG,1953,8689.023
Antigua and Barbuda,ATG,1954,8663.372
Antigua and Barbuda,ATG,1955,8589.25
Antigua and Barbuda,ATG,1956,8483.8545
Antigua and Barbuda,ATG,1957,8358.432
Antigua and Barbuda,ATG,1958,8227.755
Antigua and Barbuda,ATG,1959,8105.7607
Antigua and Barbuda,ATG,1960,8000
Antigua and Barbuda,ATG,1961,8000
Antigua and Barbuda,ATG,1962,7000
Antigua and Barbuda,ATG,1963,7000
Antigua and Barbuda,ATG,1964,7000
Antigua and Barbuda,ATG,1965,6000
Antigua and Barbuda,ATG,1966,6000
Antigua and Barbuda,ATG,1967,6000
Antigua and Barbuda,ATG,1968,6000
Antigua and Barbuda,ATG,1969,6000
Antigua and Barbuda,ATG,1970,6000
Antigua and Barbuda,ATG,1971,7000
Antigua and Barbuda,ATG,1972,6000
Antigua and Barbuda,ATG,1973,6000
Antigua and Barbuda,ATG,1974,6000
Antigua and Barbuda,ATG,1975,6000
Antigua and Barbuda,ATG,1976,6000
Antigua and Barbuda,ATG,1977,6000
Antigua and Barbuda,ATG,1978,6000
Antigua and Barbuda,ATG,1979,6000
Antigua and Barbuda,ATG,1980,6000
Antigua and Barbuda,ATG,1981,6000
Antigua and Barbuda,ATG,1982,6000
Antigua and Barbuda,ATG,1983,6000
Antigua and Barbuda,ATG,1984,5000
Antigua and Barbuda,ATG,1985,5000
Antigua and Barbuda,ATG,1986,5000
Antigua and Barbuda,ATG,1987,5000
Antigua and Barbuda,ATG,1988,5000
Antigua and Barbuda,ATG,1989,5000
Antigua and Barbuda,ATG,1990,5000
Antigua and Barbuda,ATG,1991,5000
Antigua and Barbuda,ATG,1992,5000
Antigua and Barbuda,ATG,1993,5000
Antigua and Barbuda,ATG,1994,5000
Antigua and Barbuda,ATG,1995,5000
Antigua and Barbuda,ATG,1996,5000
Antigua and Barbuda,ATG,1997,5000
Antigua and Barbuda,ATG,1998,5000
Antigua and Barbuda,ATG,1999,5000
Antigua and Barbuda,ATG,2000,5000
Antigua and Barbuda,ATG,2001,5000
Antigua and Barbuda,ATG,2002,5000
Antigua and Barbuda,ATG,2003,5000
Antigua and Barbuda,ATG,2004,5000
Antigua and Barbuda,ATG,2005,5000
Antigua and Barbuda,ATG,2006,5000
Antigua and Barbuda,ATG,2007,5000
Antigua and Barbuda,ATG,2008,5000
Antigua and Barbuda,ATG,2009,5000
Antigua and Barbuda,ATG,2010,5000
Antigua and Barbuda,ATG,2011,5000
Antigua and Barbuda,ATG,2012,5000
Antigua and Barbuda,ATG,2013,5000
Antigua and Barbuda,ATG,2014,5000
Antigua and Barbuda,ATG,2015,5000
Antigua and Barbuda,ATG,2016,5000
Antigua and Barbuda,ATG,2017,5000
Antigua and Barbuda,ATG,2018,5000
Antigua and Barbuda,ATG,2019,5000
Antigua and Barbuda,ATG,2020,5000
Antigua and Barbuda,ATG,2021,5000
Antigua and Barbuda,ATG,2022,5000
Antigua and Barbuda,ATG,2023,5000
Antigua and Barbuda,ATG,2024,5000
Antigua and Barbuda,ATG,2025,5000
Argentina,ARG,-10000,0
Argentina,ARG,-9000,0
Argentina,ARG,-8000,0
Argentina,ARG,-7000,0
Argentina,ARG,-6000,0
Argentina,ARG,-5000,0
Argentina,ARG,-4000,0
Argentina,ARG,-3000,0
Argentina,ARG,-2000,0
Argentina,ARG,-1000,61797.766
Argentina,ARG,0,68664.19
Argentina,ARG,100,76293.54
Argentina,ARG,200,84770.6
Argentina,ARG,300,94189.555
Argentina,ARG,400,104655.06
Argentina,ARG,500,116283.414
Argentina,ARG,600,129203.78
Argentina,ARG,700,143559.75
Argentina,ARG,800,159510.84
Argentina,ARG,900,177234.27
Argentina,ARG,1000,196926.97
Argentina,ARG,1100,218807.73
Argentina,ARG,1200,243119.7
Argentina,ARG,1300,270133
Argentina,ARG,1400,300147.8
Argentina,ARG,1500,333497.56
Argentina,ARG,1600,370552.84
Argentina,ARG,1700,411725.38
Argentina,ARG,1710,457472.6
Argentina,ARG,1720,508302.94
Argentina,ARG,1730,564781
Argentina,ARG,1740,627534.5
Argentina,ARG,1750,697260.56
Argentina,ARG,1760,774733.94
Argentina,ARG,1770,860815.44
Argentina,ARG,1780,956461.6
Argentina,ARG,1790,1062735.1
Argentina,ARG,1800,1180816.8
Argentina,ARG,1810,1312018.6
Argentina,ARG,1820,1462977.9
Argentina,ARG,1830,1625531
Argentina,ARG,1840,1806145.5
Argentina,ARG,1850,2009195.2
Argentina,ARG,1860,2232439.2
Argentina,ARG,1870,2505948
Argentina,ARG,1880,2784387
Argentina,ARG,1890,3093763
Argentina,ARG,1900,3437525
Argentina,ARG,1910,7700940
Argentina,ARG,1920,12864600
Argentina,ARG,1930,20968000
Argentina,ARG,1940,22102400
Argentina,ARG,1950,18485100
Argentina,ARG,1951,18607442
Argentina,ARG,1952,18729784
Argentina,ARG,1953,18852126
Argentina,ARG,1954,18974468
Argentina,ARG,1955,19096810
Argentina,ARG,1956,19219154
Argentina,ARG,1957,19341496
Argentina,ARG,1958,19463838
Argentina,ARG,1959,19586182
Argentina,ARG,1960,19708524
Argentina,ARG,1961,19472000
Argentina,ARG,1962,20061000
Argentina,ARG,1963,20486000
Argentina,ARG,1964,20892000
Argentina,ARG,1965,21358000
Argentina,ARG,1966,22511000
Argentina,ARG,1967,23249000
Argentina,ARG,1968,24765000
Argentina,ARG,1969,24896000
Argentina,ARG,1970,25028000
Argentina,ARG,1971,25160000
Argentina,ARG,1972,25291000
Argentina,ARG,1973,25423000
Argentina,ARG,1974,25554000
Argentina,ARG,1975,25686000
Argentina,ARG,1976,25817000
Argentina,ARG,1977,25949000
Argentina,ARG,1978,26080000
Argentina,ARG,1979,26212000
Argentina,ARG,1980,26344000
Argentina,ARG,1981,26475000
Argentina,ARG,1982,26607000
Argentina,ARG,1983,26739000
Argentina,ARG,1984,26870000
Argentina,ARG,1985,27001000
Argentina,ARG,1986,27133000
Argentina,ARG,1987,27264000
Argentina,ARG,1988,27392000
Argentina,ARG,1989,27490000
Argentina,ARG,1990,27595000
Argentina,ARG,1991,27700000
Argentina,ARG,1992,27805000
Argentina,ARG,1993,27910000
Argentina,ARG,1994,28018000
Argentina,ARG,1995,28125000
Argentina,ARG,1996,28232000
Argentina,ARG,1997,28335000
Argentina,ARG,1998,28440000
Argentina,ARG,1999,28532000
Argentina,ARG,2000,28640000
Argentina,ARG,2001,28746000
Argentina,ARG,2002,28862000
Argentina,ARG,2003,30828200
Argentina,ARG,2004,32794400
Argentina,ARG,2005,34791600
Argentina,ARG,2006,36582500
Argentina,ARG,2007,37984900
Argentina,ARG,2008,36636300
Argentina,ARG,2009,35490700
Argentina,ARG,2010,39003100
Argentina,ARG,2011,39626500
Argentina,ARG,2012,40622900
Argentina,ARG,2013,40391124
Argentina,ARG,2014,39977156
Argentina,ARG,2015,41353060
Argentina,ARG,2016,41033504
Argentina,ARG,2017,41375316
Argentina,ARG,2018,41249060
Argentina,ARG,2019,41917496
Argentina,ARG,2020,42998068
Argentina,ARG,2021,43297304
Argentina,ARG,2022,44167190
Argentina,ARG,2023,44890650
Argentina,ARG,2024,45612252
Argentina,ARG,2025,46333864
Armenia,ARM,-10000,0
Armenia,ARM,-9000,0
Armenia,ARM,-8000,0
Armenia,ARM,-7000,0
Armenia,ARM,-6000,985.04285
Armenia,ARM,-5000,3447.6501
Armenia,ARM,-4000,12066.775
Armenia,ARM,-3000,42227.51
Armenia,ARM,-2000,45726.35
Armenia,ARM,-1000,48455.266
Armenia,ARM,0,49354.99
Armenia,ARM,100,51979.387
Armenia,ARM,200,54692.145
Armenia,ARM,300,57486.46
Armenia,ARM,400,60352.85
Armenia,ARM,500,63278.4
Armenia,ARM,600,66245.86
Armenia,ARM,700,69232.45
Armenia,ARM,800,72208.266
Armenia,ARM,900,74170.664
Armenia,ARM,1000,75745.66
Armenia,ARM,1100,109656.47
Armenia,ARM,1200,140504.33
Armenia,ARM,1300,168267.31
Armenia,ARM,1400,127467.79
Armenia,ARM,1500,150099.9
Armenia,ARM,1600,166524.16
Armenia,ARM,1700,178399.1
Armenia,ARM,1710,185598.89
Armenia,ARM,1720,193006.67
Armenia,ARM,1730,200617.78
Armenia,ARM,1740,208425.53
Armenia,ARM,1750,216420.92
Armenia,ARM,1760,224592.05
Armenia,ARM,1770,232923.73
Armenia,ARM,1780,241396.84
Armenia,ARM,1790,249987.58
Armenia,ARM,1800,258666.44
Armenia,ARM,1810,267397.25
Armenia,ARM,1820,276135.62
Armenia,ARM,1830,284827.28
Armenia,ARM,1840,293405.8
Armenia,ARM,1850,301789.62
Armenia,ARM,1860,309878.38
Armenia,ARM,1870,317547.6
Armenia,ARM,1880,324641.9
Armenia,ARM,1890,330964.9
Armenia,ARM,1900,336265.1
Armenia,ARM,1910,340213.9
Armenia,ARM,1920,342371.78
Armenia,ARM,1930,342130.53
Armenia,ARM,1940,418295.66
Armenia,ARM,1950,401900.06
Armenia,ARM,1951,406805.56
Armenia,ARM,1952,413850.25
Armenia,ARM,1953,422588.47
Armenia,ARM,1954,432629.53
Armenia,ARM,1955,443630.4
Armenia,ARM,1956,455307.1
Armenia,ARM,1957,467413.88
Armenia,ARM,1958,479753.97
Armenia,ARM,1959,492168.3
Armenia,ARM,1960,504502.75
Armenia,ARM,1961,504502.75
Armenia,ARM,1962,505554.7
Armenia,ARM,1963,501767.78
Armenia,ARM,1964,498822.38
Armenia,ARM,1965,497665.25
Armenia,ARM,1966,492090.03
Armenia,ARM,1967,491353.72
Armenia,ARM,1968,490406.97
Armenia,ARM,1969,491038.12
Armenia,ARM,1970,490196.6
Armenia,ARM,1971,489775.84
Armenia,ARM,1972,489355.03
Armenia,ARM,1973,488723.88
Armenia,ARM,1974,489986.2
Armenia,ARM,1975,488934.28
Armenia,ARM,1976,489144.7
Armenia,ARM,1977,489355.03
Armenia,ARM,1978,488092.72
Armenia,ARM,1979,486830.4
Armenia,ARM,1980,487076.56
Armenia,ARM,1981,487461.56
Armenia,ARM,1982,487566.8
Armenia,ARM,1983,487882.38
Armenia,ARM,1984,487432.12
Armenia,ARM,1985,487695.12
Armenia,ARM,1986,487934.97
Armenia,ARM,1987,488223.2
Armenia,ARM,1988,487124.94
Armenia,ARM,1989,483737.78
Armenia,ARM,1990,481612.88
Armenia,ARM,1991,481612.88
Armenia,ARM,1992,483000
Armenia,ARM,1993,493000
Armenia,ARM,1994,500000
Armenia,ARM,1995,494000
Armenia,ARM,1996,506000
Armenia,ARM,1997,498000
Armenia,ARM,1998,493000
Armenia,ARM,1999,488000
Armenia,ARM,2000,488000
Armenia,ARM,2001,493000
Armenia,ARM,2002,491000
Armenia,ARM,2003,494000
Armenia,ARM,2004,505000
Armenia,ARM,2005,505000
Armenia,ARM,2006,503900
Armenia,ARM,2007,506100
Armenia,ARM,2008,504400
Armenia,ARM,2009,502400
Armenia,ARM,2010,503600
Armenia,ARM,2011,502600
Armenia,ARM,2012,505100
Armenia,ARM,2013,505900
Armenia,ARM,2014,504800
Armenia,ARM,2015,504300
Armenia,ARM,2016,504400
Armenia,ARM,2017,504100
Armenia,ARM,2018,504700
Armenia,ARM,2019,505000
Armenia,ARM,2020,504000
Armenia,ARM,2021,503720.03
Armenia,ARM,2022,503929.97
Armenia,ARM,2023,503424.03
Armenia,ARM,2024,503142
Armenia,ARM,2025,502860
Aruba,ABW,-10000,0
Aruba,ABW,-9000,0
Aruba,ABW,-8000,0
Aruba,ABW,-7000,0
Aruba,ABW,-6000,0
Aruba,ABW,-5000,0
Aruba,ABW,-4000,0
Aruba,ABW,-3000,0
Aruba,ABW,-2000,0
Aruba,ABW,-1000,0
Aruba,ABW,0,0
Aruba,ABW,100,0
Aruba,ABW,200,0
Aruba,ABW,300,0
Aruba,ABW,400,0
Aruba,ABW,500,0
Aruba,ABW,600,0
Aruba,ABW,700,0
Aruba,ABW,800,0
Aruba,ABW,900,0
Aruba,ABW,1000,0
Aruba,ABW,1100,0
Aruba,ABW,1200,0
Aruba,ABW,1300,0
Aruba,ABW,1400,0
Aruba,ABW,1500,42.457153
Aruba,ABW,1600,78.32691
Aruba,ABW,1700,140.78716
Aruba,ABW,1710,150.38495
Aruba,ABW,1720,160.55455
Aruba,ABW,1730,171.31647
Aruba,ABW,1740,182.68916
Aruba,ABW,1750,194.68826
Aruba,ABW,1760,207.32545
Aruba,ABW,1770,220.60735
Aruba,ABW,1780,234.53374
Aruba,ABW,1790,249.09567
Aruba,ABW,1800,264.27286
Aruba,ABW,1810,280.03024
Aruba,ABW,1820,282.99472
Aruba,ABW,1830,285.53522
Aruba,ABW,1840,287.56912
Aruba,ABW,1850,288.9964
Aruba,ABW,1860,319.5159
Aruba,ABW,1870,378.78925
Aruba,ABW,1880,595.4831
Aruba,ABW,1890,686.8895
Aruba,ABW,1900,842.9699
Aruba,ABW,1910,782.2211
Aruba,ABW,1920,667.7492
Aruba,ABW,1930,966.824
Aruba,ABW,1940,1938.1694
Aruba,ABW,1950,2043.5175
Aruba,ABW,1951,2006.8723
Aruba,ABW,1952,1992.8491
Aruba,ABW,1953,1998.5039
Aruba,ABW,1954,2018.3174
Aruba,ABW,1955,2045.9347
Aruba,ABW,1956,2073.6064
Aruba,ABW,1957,2092.034
Aruba,ABW,1958,2092.0579
Aruba,ABW,1959,2064.0508
Aruba,ABW,1960,2000
Aruba,ABW,1961,2000
Aruba,ABW,1962,2000
Aruba,ABW,1963,2000
Aruba,ABW,1964,2000
Aruba,ABW,1965,2000
Aruba,ABW,1966,2000
Aruba,ABW,1967,2000
Aruba,ABW,1968,2000
Aruba,ABW,1969,2000
Aruba,ABW,1970,2000
Aruba,ABW,1971,2000
Aruba,ABW,1972,2000
Aruba,ABW,1973,2000
Aruba,ABW,1974,2000
Aruba,ABW,1975,2000
Aruba,ABW,1976,2000
Aruba,ABW,1977,2000
Aruba,ABW,1978,2000
Aruba,ABW,1979,2000
Aruba,ABW,1980,2000
Aruba,ABW,1981,2000
Aruba,ABW,1982,2000
Aruba,ABW,1983,2000
Aruba,ABW,1984,2000
Aruba,ABW,1985,2000
Aruba,ABW,1986,2000
Aruba,ABW,1987,2000
Aruba,ABW,1988,2000
Aruba,ABW,1989,2000
Aruba,ABW,1990,2000
Aruba,ABW,1991,2000
Aruba,ABW,1992,2000
Aruba,ABW,1993,2000
Aruba,ABW,1994,2000
Aruba,ABW,1995,2000
Aruba,ABW,1996,2000
Aruba,ABW,1997,2000
Aruba,ABW,1998,2000
Aruba,ABW,1999,2000
Aruba,ABW,2000,2000
Aruba,ABW,2001,2000
Aruba,ABW,2002,2000
Aruba,ABW,2003,2000
Aruba,ABW,2004,2000
Aruba,ABW,2005,2000
Aruba,ABW,2006,2000
Aruba,ABW,2007,2000
Aruba,ABW,2008,2000
Aruba,ABW,2009,2000
Aruba,ABW,2010,2000
Aruba,ABW,2011,2000
Aruba,ABW,2012,2000
Aruba,ABW,2013,2000
Aruba,ABW,2014,2000
Aruba,ABW,2015,2000
Aruba,ABW,2016,2000
Aruba,ABW,2017,2000
Aruba,ABW,2018,2000
Aruba,ABW,2019,2000
Aruba,ABW,2020,2000
Aruba,ABW,2021,2000
Aruba,ABW,2022,2000
Aruba,ABW,2023,2000
Aruba,ABW,2024,0
Aruba,ABW,2025,0
Asia,OWID_ASI,-10000,0
Asia,OWID_ASI,-9000,19881.844
Asia,OWID_ASI,-8000,156845.81
Asia,OWID_ASI,-7000,447238
Asia,OWID_ASI,-6000,1201378.5
Asia,OWID_ASI,-5000,3307132.2
Asia,OWID_ASI,-4000,7293437.5
Asia,OWID_ASI,-3000,12633940
Asia,OWID_ASI,-2000,26382832
Asia,OWID_ASI,-1000,41129772
Asia,OWID_ASI,0,92674110
Asia,OWID_ASI,100,92357000
Asia,OWID_ASI,200,91035360
Asia,OWID_ASI,300,80315250
Asia,OWID_ASI,400,85624820
Asia,OWID_ASI,500,90790790
Asia,OWID_ASI,600,99844370
Asia,OWID_ASI,700,97612060
Asia,OWID_ASI,800,96026840
Asia,OWID_ASI,900,103494800
Asia,OWID_ASI,1000,101694310
Asia,OWID_ASI,1100,129995624
Asia,OWID_ASI,1200,139437310
Asia,OWID_ASI,1300,125586970
Asia,OWID_ASI,1400,120872024
Asia,OWID_ASI,1500,134034810
Asia,OWID_ASI,1600,146037970
Asia,OWID_ASI,1700,159161660
Asia,OWID_ASI,1710,165347300
Asia,OWID_ASI,1720,172346960
Asia,OWID_ASI,1730,178280530
Asia,OWID_ASI,1740,183895020
Asia,OWID_ASI,1750,190221540
Asia,OWID_ASI,1760,196749230
Asia,OWID_ASI,1770,203761500
Asia,OWID_ASI,1780,211902750
Asia,OWID_ASI,1790,220795180
Asia,OWID_ASI,1800,230037400
Asia,OWID_ASI,1810,240635260
Asia,OWID_ASI,1820,252057730
Asia,OWID_ASI,1830,262502400
Asia,OWID_ASI,1840,273055460
Asia,OWID_ASI,1850,284112030
Asia,OWID_ASI,1860,290929280
Asia,OWID_ASI,1870,297219740
Asia,OWID_ASI,1880,305644300
Asia,OWID_ASI,1890,316646900
Asia,OWID_ASI,1900,327509250
Asia,OWID_ASI,1910,341807520
Asia,OWID_ASI,1920,358998100
Asia,OWID_ASI,1930,381428160
Asia,OWID_ASI,1940,407281000
Asia,OWID_ASI,1950,449007970
Asia,OWID_ASI,1951,455517730
Asia,OWID_ASI,1952,463831650
Asia,OWID_ASI,1953,469167040
Asia,OWID_ASI,1954,474617600
Asia,OWID_ASI,1955,482368400
Asia,OWID_ASI,1956,489240900
Asia,OWID_ASI,1957,495056540
Asia,OWID_ASI,1958,501018020
Asia,OWID_ASI,1959,501437280
Asia,OWID_ASI,1960,501846300
Asia,OWID_ASI,1961,502212740
Asia,OWID_ASI,1962,508268930
Asia,OWID_ASI,1963,512877500
Asia,OWID_ASI,1964,517739780
Asia,OWID_ASI,1965,521110720
Asia,OWID_ASI,1966,525131360
Asia,OWID_ASI,1967,527512000
Asia,OWID_ASI,1968,527143360
Asia,OWID_ASI,1969,527721200
Asia,OWID_ASI,1970,534350750
Asia,OWID_ASI,1971,535709220
Asia,OWID_ASI,1972,537835260
Asia,OWID_ASI,1973,546027100
Asia,OWID_ASI,1974,548818800
Asia,OWID_ASI,1975,551083200
Asia,OWID_ASI,1976,552522400
Asia,OWID_ASI,1977,553375550
Asia,OWID_ASI,1978,559595200
Asia,OWID_ASI,1979,567738000
Asia,OWID_ASI,1980,565135200
Asia,OWID_ASI,1981,566314560
Asia,OWID_ASI,1982,568591740
Asia,OWID_ASI,1983,566557200
Asia,OWID_ASI,1984,570314750
Asia,OWID_ASI,1985,572670340
Asia,OWID_ASI,1986,573631740
Asia,OWID_ASI,1987,578567040
Asia,OWID_ASI,1988,578588700
Asia,OWID_ASI,1989,579168200
Asia,OWID_ASI,1990,579380200
Asia,OWID_ASI,1991,579270000
Asia,OWID_ASI,1992,578725060
Asia,OWID_ASI,1993,580138940
Asia,OWID_ASI,1994,579389300
Asia,OWID_ASI,1995,578730560
Asia,OWID_ASI,1996,576576450
Asia,OWID_ASI,1997,577314050
Asia,OWID_ASI,1998,576927000
Asia,OWID_ASI,1999,576432600
Asia,OWID_ASI,2000,575173400
Asia,OWID_ASI,2001,575262500
Asia,OWID_ASI,2002,573199500
Asia,OWID_ASI,2003,570916740
Asia,OWID_ASI,2004,570238660
Asia,OWID_ASI,2005,570888800
Asia,OWID_ASI,2006,570842050
Asia,OWID_ASI,2007,569324400
Asia,OWID_ASI,2008,569291800
Asia,OWID_ASI,2009,570365630
Asia,OWID_ASI,2010,571961660
Asia,OWID_ASI,2011,574103360
Asia,OWID_ASI,2012,575811100
Asia,OWID_ASI,2013,577819700
Asia,OWID_ASI,2014,579552900
Asia,OWID_ASI,2015,582049800
Asia,OWID_ASI,2016,583700540
Asia,OWID_ASI,2017,583945660
Asia,OWID_ASI,2018,584262100
Asia,OWID_ASI,2019,584490200
Asia,OWID_ASI,2020,585369900
Asia,OWID_ASI,2021,585703500
Asia,OWID_ASI,2022,586367200
Asia,OWID_ASI,2023,586173400
Asia,OWID_ASI,2024,586572400
Asia,OWID_ASI,2025,587005500
Asia (excl. China and India),,-10000,0
Asia (excl. China and India),,-9000,19881.844
Asia (excl. China and India),,-8000,156845.81
Asia (excl. China and India),,-7000,447238
Asia (excl. China and India),,-6000,1073594.5
Asia (excl. China and India),,-5000,2920104
Asia (excl. China and India),,-4000,5475412
Asia (excl. China and India),,-3000,8359788.5
Asia (excl. China and India),,-2000,16176021
Asia (excl. China and India),,-1000,23205028
Asia (excl. China and India),,0,32821360
Asia (excl. China and India),,100,36884110
Asia (excl. China and India),,200,40893190
Asia (excl. China and India),,300,43694780
Asia (excl. China and India),,400,43407730
Asia (excl. China and India),,500,43720676
Asia (excl. China and India),,600,44641000
Asia (excl. China and India),,700,47403136
Asia (excl. China and India),,800,50854790
Asia (excl. China and India),,900,54080910
Asia (excl. China and India),,1000,53719800
Asia (excl. China and India),,1100,52737532
Asia (excl. China and India),,1200,55677444
Asia (excl. China and India),,1300,54026084
Asia (excl. China and India),,1400,53808750
Asia (excl. China and India),,1500,57039396
Asia (excl. China and India),,1600,66299172
Asia (excl. China and India),,1700,70897790
Asia (excl. China and India),,1710,72028300
Asia (excl. China and India),,1720,73537176
Asia (excl. China and India),,1730,75078400
Asia (excl. China and India),,1740,76655890
Asia (excl. China and India),,1750,78271660
Asia (excl. China and India),,1760,80126220
Asia (excl. China and India),,1770,82028750
Asia (excl. China and India),,1780,83977480
Asia (excl. China and India),,1790,85976140
Asia (excl. China and India),,1800,88011550
Asia (excl. China and India),,1810,90032160
Asia (excl. China and India),,1820,92078584
Asia (excl. China and India),,1830,94725144
Asia (excl. China and India),,1840,97587820
Asia (excl. China and India),,1850,100424890
Asia (excl. China and India),,1860,105390260
Asia (excl. China and India),,1870,110270250
Asia (excl. China and India),,1880,116654620
Asia (excl. China and India),,1890,123985890
Asia (excl. China and India),,1900,131079020
Asia (excl. China and India),,1910,139377220
Asia (excl. China and India),,1920,150561250
Asia (excl. China and India),,1930,159902300
Asia (excl. China and India),,1940,168113740
Asia (excl. China and India),,1950,187851100
Asia (excl. China and India),,1951,191147060
Asia (excl. China and India),,1952,194652500
Asia (excl. China and India),,1953,198351570
Asia (excl. China and India),,1954,202206160
Asia (excl. China and India),,1955,206212620
Asia (excl. China and India),,1956,210368260
Asia (excl. China and India),,1957,214659250
Asia (excl. China and India),,1958,219040510
Asia (excl. China and India),,1959,223477700
Asia (excl. China and India),,1960,227516200
Asia (excl. China and India),,1961,229226480
Asia (excl. China and India),,1962,230599980
Asia (excl. China and India),,1963,232702220
Asia (excl. China and India),,1964,234291520
Asia (excl. China and India),,1965,236060080
Asia (excl. China and India),,1966,236229760
Asia (excl. China and India),,1967,236844600
Asia (excl. China and India),,1968,237304210
Asia (excl. China and India),,1969,237624850
Asia (excl. China and India),,1970,238362980
Asia (excl. China and India),,1971,238359140
Asia (excl. China and India),,1972,241825980
Asia (excl. China and India),,1973,244483700
Asia (excl. China and India),,1974,244928130
Asia (excl. China and India),,1975,245162560
Asia (excl. China and India),,1976,246055710
Asia (excl. China and India),,1977,247562540
Asia (excl. China and India),,1978,248569730
Asia (excl. China and India),,1979,251499140
Asia (excl. China and India),,1980,251302560
Asia (excl. China and India),,1981,252224820
Asia (excl. China and India),,1982,254498540
Asia (excl. China and India),,1983,252893000
Asia (excl. China and India),,1984,256157820
Asia (excl. China and India),,1985,259113310
Asia (excl. China and India),,1986,260737820
Asia (excl. China and India),,1987,265993740
Asia (excl. China and India),,1988,266837760
Asia (excl. China and India),,1989,267108370
Asia (excl. China and India),,1990,267214700
Asia (excl. China and India),,1991,266932500
Asia (excl. China and India),,1992,266586770
Asia (excl. China and India),,1993,268013280
Asia (excl. China and India),,1994,267543200
Asia (excl. China and India),,1995,267726110
Asia (excl. China and India),,1996,266312900
Asia (excl. China and India),,1997,266660030
Asia (excl. China and India),,1998,266538340
Asia (excl. China and India),,1999,266349440
Asia (excl. China and India),,2000,266011540
Asia (excl. China and India),,2001,266967490
Asia (excl. China and India),,2002,266354830
Asia (excl. China and India),,2003,266682200
Asia (excl. China and India),,2004,266774500
Asia (excl. China and India),,2005,268000160
Asia (excl. China and India),,2006,268400860
Asia (excl. China and India),,2007,267208030
Asia (excl. China and India),,2008,267002980
Asia (excl. China and India),,2009,267782180
Asia (excl. China and India),,2010,269947780
Asia (excl. China and India),,2011,271938880
Asia (excl. China and India),,2012,273706700
Asia (excl. China and India),,2013,275587900
Asia (excl. China and India),,2014,277364200
Asia (excl. China and India),,2015,279853980
Asia (excl. China and India),,2016,281641180
Asia (excl. China and India),,2017,282307460
Asia (excl. China and India),,2018,282619680
Asia (excl. China and India),,2019,282877000
Asia (excl. China and India),,2020,284371500
Asia (excl. China and India),,2021,284662700
Asia (excl. China and India),,2022,285284100
Asia (excl. China and India),,2023,285408670
Asia (excl. China and India),,2024,285972830
Asia (excl. China and India),,2025,286571000
Australia,AUS,-10000,0
Australia,AUS,-9000,0
Australia,AUS,-8000,0
Australia,AUS,-7000,0
Australia,AUS,-6000,0
Australia,AUS,-5000,0
Australia,AUS,-4000,0
Australia,AUS,-3000,0
Australia,AUS,-2000,0
Australia,AUS,-1000,0
Australia,AUS,0,0
Australia,AUS,100,0
Australia,AUS,200,0
Australia,AUS,300,0
Australia,AUS,400,0
Australia,AUS,500,0
Australia,AUS,600,0
Australia,AUS,700,0
Australia,AUS,800,0
Australia,AUS,900,0
Australia,AUS,1000,0
Australia,AUS,1100,0
Australia,AUS,1200,0
Australia,AUS,1300,0
Australia,AUS,1400,0
Australia,AUS,1500,0
Australia,AUS,1600,0
Australia,AUS,1700,0
Australia,AUS,1710,0
Australia,AUS,1720,0
Australia,AUS,1730,0
Australia,AUS,1740,0
Australia,AUS,1750,0
Australia,AUS,1760,0
Australia,AUS,1770,0
Australia,AUS,1780,0
Australia,AUS,1790,8932.401
Australia,AUS,1800,17138.676
Australia,AUS,1810,24812.729
Australia,AUS,1820,33584.312
Australia,AUS,1830,47886.984
Australia,AUS,1840,79874.58
Australia,AUS,1850,200843.92
Australia,AUS,1860,475312.78
Australia,AUS,1870,874213.56
Australia,AUS,1880,1831079.8
Australia,AUS,1890,2172088.5
Australia,AUS,1900,3465640.5
Australia,AUS,1910,4374185
Australia,AUS,1920,4740089
Australia,AUS,1930,10691336
Australia,AUS,1940,10549488
Australia,AUS,1950,10484560
Australia,AUS,1951,10854273
Australia,AUS,1952,11223984
Australia,AUS,1953,11593697
Australia,AUS,1954,11963409
Australia,AUS,1955,12333121
Australia,AUS,1956,12702833
Australia,AUS,1957,13072545
Australia,AUS,1958,13442256
Australia,AUS,1959,13811969
Australia,AUS,1960,14181681
Australia,AUS,1961,14551394
Australia,AUS,1962,15694266
Australia,AUS,1963,15563953
Australia,AUS,1964,16478170
Australia,AUS,1965,17510964
Australia,AUS,1966,18968290
Australia,AUS,1967,19456358
Australia,AUS,1968,21595196
Australia,AUS,1969,19822206
Australia,AUS,1970,18680142
Australia,AUS,1971,17047000
Australia,AUS,1972,17231000
Australia,AUS,1973,15102000
Australia,AUS,1974,14957000
Australia,AUS,1975,13747000
Australia,AUS,1976,14642000
Australia,AUS,1977,15010000
Australia,AUS,1978,16800000
Australia,AUS,1979,17438000
Australia,AUS,1980,17953998
Australia,AUS,1981,18396000
Australia,AUS,1982,19613000
Australia,AUS,1983,19421000
Australia,AUS,1984,21911000
Australia,AUS,1985,21136000
Australia,AUS,1986,20853000
Australia,AUS,1987,19765000
Australia,AUS,1988,18359000
Australia,AUS,1989,17704000
Australia,AUS,1990,17137000
Australia,AUS,1991,17382000
Australia,AUS,1992,16404000
Australia,AUS,1993,17297000
Australia,AUS,1994,18042996
Australia,AUS,1995,17039980
Australia,AUS,1996,19408996
Australia,AUS,1997,21132998
Australia,AUS,1998,21594998
Australia,AUS,1999,23264000
Australia,AUS,2000,23769000
Australia,AUS,2001,24520000
Australia,AUS,2002,24060000
Australia,AUS,2003,23575000
Australia,AUS,2004,26079998
Australia,AUS,2005,26742000
Australia,AUS,2006,24565000
Australia,AUS,2007,23530000
Australia,AUS,2008,24374000
Australia,AUS,2009,27511000
Australia,AUS,2010,25968000
Australia,AUS,2011,32078000
Australia,AUS,2012,31993000
Australia,AUS,2013,31611000
Australia,AUS,2014,32307000
Australia,AUS,2015,31397000
Australia,AUS,2016,30378000
Australia,AUS,2017,31074000
Australia,AUS,2018,31306000
Australia,AUS,2019,30920000
Australia,AUS,2020,30996000
Australia,AUS,2021,31650000
Australia,AUS,2022,31650000
Australia,AUS,2023,31729800
Australia,AUS,2024,31871600
Australia,AUS,2025,32013400
Austria,AUT,-10000,0
Austria,AUT,-9000,0
Austria,AUT,-8000,0
Austria,AUT,-7000,0
Austria,AUT,-6000,1040.3093
Austria,AUT,-5000,3063.103
Austria,AUT,-4000,7442.5405
Austria,AUT,-3000,14353.079
Austria,AUT,-2000,41184.094
Austria,AUT,-1000,64813.543
Austria,AUT,0,298928.8
Austria,AUT,100,325483.44
Austria,AUT,200,351275.28
Austria,AUT,300,318363.8
Austria,AUT,400,285955.4
Austria,AUT,500,254081.22
Austria,AUT,600,222776.92
Austria,AUT,700,246964.88
Austria,AUT,800,270083.34
Austria,AUT,900,318558.6
Austria,AUT,1000,364702.78
Austria,AUT,1100,459231.4
Austria,AUT,1200,623150.3
Austria,AUT,1300,971101.25
Austria,AUT,1400,588812.1
Austria,AUT,1500,908984.2
Austria,AUT,1600,913705.75
Austria,AUT,1700,872303.44
Austria,AUT,1710,919125.75
Austria,AUT,1720,965085.75
Austria,AUT,1730,1010143.94
Austria,AUT,1740,1054257.5
Austria,AUT,1750,1097379.2
Austria,AUT,1760,1132127.4
Austria,AUT,1770,1161047
Austria,AUT,1780,1189010.8
Austria,AUT,1790,1212480.4
Austria,AUT,1800,1213868.1
Austria,AUT,1810,1205195.2
Austria,AUT,1820,1256385.5
Austria,AUT,1830,1359047.8
Austria,AUT,1840,1379756
Austria,AUT,1850,1435333.4
Austria,AUT,1860,1466431.2
Austria,AUT,1870,1527738.8
Austria,AUT,1880,1587014.5
Austria,AUT,1890,1639369.4
Austria,AUT,1900,1713897.5
Austria,AUT,1910,1805855.2
Austria,AUT,1920,1777106
Austria,AUT,1930,1777213.9
Austria,AUT,1940,1765548.9
Austria,AUT,1950,1775503.1
Austria,AUT,1951,1768861.9
Austria,AUT,1952,1763404.2
Austria,AUT,1953,1758895.1
Austria,AUT,1954,1755181
Austria,AUT,1955,1752194.9
Austria,AUT,1956,1749955.5
Austria,AUT,1957,1748562.8
Austria,AUT,1958,1748182.4
Austria,AUT,1959,1749003.5
Austria,AUT,1960,1751170.8
Austria,AUT,1961,1754000
Austria,AUT,1962,1746000
Austria,AUT,1963,1721000
Austria,AUT,1964,1724000
Austria,AUT,1965,1728000
Austria,AUT,1966,1686000
Austria,AUT,1967,1670000
Austria,AUT,1968,1672000
Austria,AUT,1969,1680000
Austria,AUT,1970,1681000
Austria,AUT,1971,1681000
Austria,AUT,1972,1682000
Austria,AUT,1973,1612000
Austria,AUT,1974,1612000
Austria,AUT,1975,1609000
Austria,AUT,1976,1618000
Austria,AUT,1977,1627000
Austria,AUT,1978,1645000
Austria,AUT,1979,1622000
Austria,AUT,1980,1635000
Austria,AUT,1981,1648000
Austria,AUT,1982,1634000
Austria,AUT,1983,1516000
Austria,AUT,1984,1522000
Austria,AUT,1985,1525000
Austria,AUT,1986,1513000
Austria,AUT,1987,1513000
Austria,AUT,1988,1532000
Austria,AUT,1989,1533000
Austria,AUT,1990,1505000
Austria,AUT,1991,1524000
Austria,AUT,1992,1506000
Austria,AUT,1993,1498000
Austria,AUT,1994,1499000
Austria,AUT,1995,1492000
Austria,AUT,1996,1486000
Austria,AUT,1997,1479000
Austria,AUT,1998,1476000
Austria,AUT,1999,1473000
Austria,AUT,2000,1470000
Austria,AUT,2001,1458000
Austria,AUT,2002,1456000
Austria,AUT,2003,1451030
Austria,AUT,2004,1445300
Austria,AUT,2005,1446700
Austria,AUT,2006,1445200
Austria,AUT,2007,1444000
Austria,AUT,2008,1435300
Austria,AUT,2009,1432900
Austria,AUT,2010,1429100
Austria,AUT,2011,1424900
Austria,AUT,2012,1420400
Austria,AUT,2013,1419300
Austria,AUT,2014,1417100
Austria,AUT,2015,1411590
Austria,AUT,2016,1411360
Austria,AUT,2017,1395810
Austria,AUT,2018,1394020
Austria,AUT,2019,1392400
Austria,AUT,2020,1392685.4
Austria,AUT,2021,1390449
Austria,AUT,2022,1387467.8
Austria,AUT,2023,1386887.8
Austria,AUT,2024,1385382.2
Austria,AUT,2025,1383876.8
Azerbaijan,AZE,-10000,0
Azerbaijan,AZE,-9000,0
Azerbaijan,AZE,-8000,0
Azerbaijan,AZE,-7000,0
Azerbaijan,AZE,-6000,0
Azerbaijan,AZE,-5000,2237.359
Azerbaijan,AZE,-4000,7830.756
Azerbaijan,AZE,-3000,27407.645
Azerbaijan,AZE,-2000,33415.953
Azerbaijan,AZE,-1000,40532.125
Azerbaijan,AZE,0,48963.996
Azerbaijan,AZE,100,52634.4
Azerbaijan,AZE,200,56578.117
Azerbaijan,AZE,300,60815.41
Azerbaijan,AZE,400,65368.023
Azerbaijan,AZE,500,70259.305
Azerbaijan,AZE,600,75514.336
Azerbaijan,AZE,700,81160.04
Azerbaijan,AZE,800,87225.336
Azerbaijan,AZE,900,92468.93
Azerbaijan,AZE,1000,97741.04
Azerbaijan,AZE,1100,147051.45
Azerbaijan,AZE,1200,196651.64
Azerbaijan,AZE,1300,246539.06
Azerbaijan,AZE,1400,197807.45
Azerbaijan,AZE,1500,247975.42
Azerbaijan,AZE,1600,298424.88
Azerbaijan,AZE,1700,349153.47
Azerbaijan,AZE,1710,230052.53
Azerbaijan,AZE,1720,249294.06
Azerbaijan,AZE,1730,270144.84
Azerbaijan,AZE,1740,292739.53
Azerbaijan,AZE,1750,317223.94
Azerbaijan,AZE,1760,343756.1
Azerbaijan,AZE,1770,372507.28
Azerbaijan,AZE,1780,403663.06
Azerbaijan,AZE,1790,437424.56
Azerbaijan,AZE,1800,474009.66
Azerbaijan,AZE,1810,513654.6
Azerbaijan,AZE,1820,556615.1
Azerbaijan,AZE,1830,603168.6
Azerbaijan,AZE,1840,653615.56
Azerbaijan,AZE,1850,708281.56
Azerbaijan,AZE,1860,767519.44
Azerbaijan,AZE,1870,831711.5
Azerbaijan,AZE,1880,901272.2
Azerbaijan,AZE,1890,976650.3
Azerbaijan,AZE,1900,1058332.4
Azerbaijan,AZE,1910,1146845.9
Azerbaijan,AZE,1920,1242761.8
Azerbaijan,AZE,1930,1346699.2
Azerbaijan,AZE,1940,1459329.1
Azerbaijan,AZE,1950,1581378.4
Azerbaijan,AZE,1951,1613476
Azerbaijan,AZE,1952,1652812.1
Azerbaijan,AZE,1953,1697583.2
Azerbaijan,AZE,1954,1746435.5
Azerbaijan,AZE,1955,1798460.4
Azerbaijan,AZE,1956,1853217.2
Azerbaijan,AZE,1957,1910728.8
Azerbaijan,AZE,1958,1971375.2
Azerbaijan,AZE,1959,2035793.5
Azerbaijan,AZE,1960,2104497.2
Azerbaijan,AZE,1961,2104497.2
Azerbaijan,AZE,1962,2108885.2
Azerbaijan,AZE,1963,2093088.2
Azerbaijan,AZE,1964,2080802
Azerbaijan,AZE,1965,2075975
Azerbaijan,AZE,1966,2052718.5
Azerbaijan,AZE,1967,2049646.9
Azerbaijan,AZE,1968,2045697.6
Azerbaijan,AZE,1969,2048330.5
Azerbaijan,AZE,1970,2044820.1
Azerbaijan,AZE,1971,2043064.9
Azerbaijan,AZE,1972,2041309.6
Azerbaijan,AZE,1973,2038676.8
Azerbaijan,AZE,1974,2043942.4
Azerbaijan,AZE,1975,2039554.5
Azerbaijan,AZE,1976,2040432
Azerbaijan,AZE,1977,2041309.6
Azerbaijan,AZE,1978,2036044
Azerbaijan,AZE,1979,2030778.4
Azerbaijan,AZE,1980,2031805.1
Azerbaijan,AZE,1981,2033411.1
Azerbaijan,AZE,1982,2033850
Azerbaijan,AZE,1983,2035166.4
Azerbaijan,AZE,1984,2033288.2
Azerbaijan,AZE,1985,2034385.4
Azerbaijan,AZE,1986,2035385.8
Azerbaijan,AZE,1987,2036588.1
Azerbaijan,AZE,1988,2032007
Azerbaijan,AZE,1989,2017877.5
Azerbaijan,AZE,1990,2009013.6
Azerbaijan,AZE,1991,2009013.6
Azerbaijan,AZE,1992,2014800
Azerbaijan,AZE,1993,2026300
Azerbaijan,AZE,1994,2032300
Azerbaijan,AZE,1995,2035800
Azerbaijan,AZE,1996,2047700
Azerbaijan,AZE,1997,2062000
Azerbaijan,AZE,1998,2059700
Azerbaijan,AZE,1999,2061800
Azerbaijan,AZE,2000,2062400
Azerbaijan,AZE,2001,2062700
Azerbaijan,AZE,2002,2063200
Azerbaijan,AZE,2003,2064300
Azerbaijan,AZE,2004,2063500
Azerbaijan,AZE,2005,2064700
Azerbaijan,AZE,2006,2062400
Azerbaijan,AZE,2007,2078700
Azerbaijan,AZE,2008,2087700
Azerbaijan,AZE,2009,2101100
Azerbaijan,AZE,2010,2111500
Azerbaijan,AZE,2011,2112900
Azerbaijan,AZE,2012,2127700
Azerbaijan,AZE,2013,2155600
Azerbaijan,AZE,2014,2160000
Azerbaijan,AZE,2015,2174700
Azerbaijan,AZE,2016,2240000
Azerbaijan,AZE,2017,2341300
Azerbaijan,AZE,2018,2352900
Azerbaijan,AZE,2019,2356300
Azerbaijan,AZE,2020,2357000
Azerbaijan,AZE,2021,2363000
Azerbaijan,AZE,2022,2365500
Azerbaijan,AZE,2023,2368510
Azerbaijan,AZE,2024,2371700
Azerbaijan,AZE,2025,2374890
Bahamas,BHS,-10000,0
Bahamas,BHS,-9000,0
Bahamas,BHS,-8000,0
Bahamas,BHS,-7000,0
Bahamas,BHS,-6000,0
Bahamas,BHS,-5000,0
Bahamas,BHS,-4000,0
Bahamas,BHS,-3000,0
Bahamas,BHS,-2000,0
Bahamas,BHS,-1000,0
Bahamas,BHS,0,0
Bahamas,BHS,100,0
Bahamas,BHS,200,0
Bahamas,BHS,300,0
Bahamas,BHS,400,0
Bahamas,BHS,500,0
Bahamas,BHS,600,0
Bahamas,BHS,700,0
Bahamas,BHS,800,0
Bahamas,BHS,900,0
Bahamas,BHS,1000,0
Bahamas,BHS,1100,0
Bahamas,BHS,1200,0
Bahamas,BHS,1300,0
Bahamas,BHS,1400,0
Bahamas,BHS,1500,79.32864
Bahamas,BHS,1600,86.54034
Bahamas,BHS,1700,94.40764
Bahamas,BHS,1710,103.66329
Bahamas,BHS,1720,113.826355
Bahamas,BHS,1730,124.9858
Bahamas,BHS,1740,137.23932
Bahamas,BHS,1750,150.69415
Bahamas,BHS,1760,165.46808
Bahamas,BHS,1770,181.69046
Bahamas,BHS,1780,199.50325
Bahamas,BHS,1790,219.06238
Bahamas,BHS,1800,240.53908
Bahamas,BHS,1810,264.12134
Bahamas,BHS,1820,272.9254
Bahamas,BHS,1830,282.02292
Bahamas,BHS,1840,392.09995
Bahamas,BHS,1850,481.50644
Bahamas,BHS,1860,576.43774
Bahamas,BHS,1870,748.9358
Bahamas,BHS,1880,958.9549
Bahamas,BHS,1890,1213.6952
Bahamas,BHS,1900,1521.6478
Bahamas,BHS,1910,1892.8176
Bahamas,BHS,1920,2558.2615
Bahamas,BHS,1930,3438.1265
Bahamas,BHS,1940,4598.032
Bahamas,BHS,1950,6123.008
Bahamas,BHS,1951,6230.6626
Bahamas,BHS,1952,6381.572
Bahamas,BHS,1953,6573.588
Bahamas,BHS,1954,6803.7017
Bahamas,BHS,1955,7071.366
Bahamas,BHS,1956,7376.7295
Bahamas,BHS,1957,7719.6055
Bahamas,BHS,1958,8103.3613
Bahamas,BHS,1959,8529.472
Bahamas,BHS,1960,9000
Bahamas,BHS,1961,9000
Bahamas,BHS,1962,9000
Bahamas,BHS,1963,9000
Bahamas,BHS,1964,9000
Bahamas,BHS,1965,9000
Bahamas,BHS,1966,9000
Bahamas,BHS,1967,9000
Bahamas,BHS,1968,9000
Bahamas,BHS,1969,9000
Bahamas,BHS,1970,9000
Bahamas,BHS,1971,9000
Bahamas,BHS,1972,9000
Bahamas,BHS,1973,9000
Bahamas,BHS,1974,9000
Bahamas,BHS,1975,9000
Bahamas,BHS,1976,9000
Bahamas,BHS,1977,9000
Bahamas,BHS,1978,9000
Bahamas,BHS,1979,9000
Bahamas,BHS,1980,8998.794
Bahamas,BHS,1981,8999.138
Bahamas,BHS,1982,8999.473
Bahamas,BHS,1983,8999.793
Bahamas,BHS,1984,9000
Bahamas,BHS,1985,9000
Bahamas,BHS,1986,9000
Bahamas,BHS,1987,9000
Bahamas,BHS,1988,9000
Bahamas,BHS,1989,9000
Bahamas,BHS,1990,9000
Bahamas,BHS,1991,9000
Bahamas,BHS,1992,9000
Bahamas,BHS,1993,9000
Bahamas,BHS,1994,8000
Bahamas,BHS,1995,7997.1895
Bahamas,BHS,1996,7997.938
Bahamas,BHS,1997,7998.6616
Bahamas,BHS,1998,7999.3887
Bahamas,BHS,1999,8000
Bahamas,BHS,2000,9000
Bahamas,BHS,2001,9000
Bahamas,BHS,2002,9000
Bahamas,BHS,2003,9000
Bahamas,BHS,2004,9000
Bahamas,BHS,2005,9000
Bahamas,BHS,2006,9000
Bahamas,BHS,2007,9000
Bahamas,BHS,2008,9000
Bahamas,BHS,2009,9000
Bahamas,BHS,2010,10000
Bahamas,BHS,2011,11000
Bahamas,BHS,2012,11000
Bahamas,BHS,2013,11000
Bahamas,BHS,2014,11000
Bahamas,BHS,2015,11000
Bahamas,BHS,2016,11000
Bahamas,BHS,2017,11000
Bahamas,BHS,2018,11000
Bahamas,BHS,2019,11000
Bahamas,BHS,2020,11000
Bahamas,BHS,2021,11000
Bahamas,BHS,2022,11000
Bahamas,BHS,2023,11000
Bahamas,BHS,2024,11000
Bahamas,BHS,2025,11000
Bahrain,BHR,-10000,0
Bahrain,BHR,-9000,0
Bahrain,BHR,-8000,0
Bahrain,BHR,-7000,0
Bahrain,BHR,-6000,0
Bahrain,BHR,-5000,0
Bahrain,BHR,-4000,0
Bahrain,BHR,-3000,0
Bahrain,BHR,-2000,0
Bahrain,BHR,-1000,0
Bahrain,BHR,0,0
Bahrain,BHR,100,288.6729
Bahrain,BHR,200,316.4037
Bahrain,BHR,300,346.59662
Bahrain,BHR,400,379.4303
Bahrain,BHR,500,415.08673
Bahrain,BHR,600,453.74875
Bahrain,BHR,700,495.59604
Bahrain,BHR,800,540.7997
Bahrain,BHR,900,589.51514
Bahrain,BHR,1000,641.8723
Bahrain,BHR,1100,697.96246
Bahrain,BHR,1200,757.82025
Bahrain,BHR,1300,821.3993
Bahrain,BHR,1400,888.539
Bahrain,BHR,1500,958.9171
Bahrain,BHR,1600,1031.9839
Bahrain,BHR,1700,1106.865
Bahrain,BHR,1710,1157.8628
Bahrain,BHR,1720,1211.1587
Bahrain,BHR,1730,1266.8525
Bahrain,BHR,1740,1325.0485
Bahrain,BHR,1750,1385.8545
Bahrain,BHR,1760,1449.3832
Bahrain,BHR,1770,1515.7516
Bahrain,BHR,1780,1585.0813
Bahrain,BHR,1790,1657.4989
Bahrain,BHR,1800,1733.136
Bahrain,BHR,1810,1812.129
Bahrain,BHR,1820,1896.9332
Bahrain,BHR,1830,1985.5957
Bahrain,BHR,1840,2078.284
Bahrain,BHR,1850,2175.1714
Bahrain,BHR,1860,2276.4392
Bahrain,BHR,1870,2385.3328
Bahrain,BHR,1880,2499.2764
Bahrain,BHR,1890,2618.4922
Bahrain,BHR,1900,2743.2104
Bahrain,BHR,1910,2873.6707
Bahrain,BHR,1920,3177.35
Bahrain,BHR,1930,3512.8643
Bahrain,BHR,1940,3883.5144
Bahrain,BHR,1950,4292.939
Bahrain,BHR,1951,4336.034
Bahrain,BHR,1952,4435.9453
Bahrain,BHR,1953,4578.3477
Bahrain,BHR,1954,4752.502
Bahrain,BHR,1955,4947.507
Bahrain,BHR,1956,5155.2964
Bahrain,BHR,1957,5368.709
Bahrain,BHR,1958,5583.076
Bahrain,BHR,1959,5794.33
Bahrain,BHR,1960,6000
Bahrain,BHR,1961,6000
Bahrain,BHR,1962,6000
Bahrain,BHR,1963,6000
Bahrain,BHR,1964,6000
Bahrain,BHR,1965,6000
Bahrain,BHR,1966,6000
Bahrain,BHR,1967,6000
Bahrain,BHR,1968,6000
Bahrain,BHR,1969,6000
Bahrain,BHR,1970,6000
Bahrain,BHR,1971,6000
Bahrain,BHR,1972,6000
Bahrain,BHR,1973,6000
Bahrain,BHR,1974,6000
Bahrain,BHR,1975,6000
Bahrain,BHR,1976,6000
Bahrain,BHR,1977,6000
Bahrain,BHR,1978,6000
Bahrain,BHR,1979,6000
Bahrain,BHR,1980,6000
Bahrain,BHR,1981,6000
Bahrain,BHR,1982,6000
Bahrain,BHR,1983,6000
Bahrain,BHR,1984,6000
Bahrain,BHR,1985,6000
Bahrain,BHR,1986,6000
Bahrain,BHR,1987,6000
Bahrain,BHR,1988,6000
Bahrain,BHR,1989,6000
Bahrain,BHR,1990,6000
Bahrain,BHR,1991,6000
Bahrain,BHR,1992,6000
Bahrain,BHR,1993,6000
Bahrain,BHR,1994,6000
Bahrain,BHR,1995,6000
Bahrain,BHR,1996,6000
Bahrain,BHR,1997,6000
Bahrain,BHR,1998,6000
Bahrain,BHR,1999,6000
Bahrain,BHR,2000,5900
Bahrain,BHR,2001,5790
Bahrain,BHR,2002,5690
Bahrain,BHR,2003,5580
Bahrain,BHR,2004,5480
Bahrain,BHR,2005,5370
Bahrain,BHR,2006,5270
Bahrain,BHR,2007,5160
Bahrain,BHR,2008,5060
Bahrain,BHR,2009,4950
Bahrain,BHR,2010,4850
Bahrain,BHR,2011,4740
Bahrain,BHR,2012,4640
Bahrain,BHR,2013,4530
Bahrain,BHR,2014,4430
Bahrain,BHR,2015,4320
Bahrain,BHR,2016,4220
Bahrain,BHR,2017,4110
Bahrain,BHR,2018,4100
Bahrain,BHR,2019,4100
Bahrain,BHR,2020,4100
Bahrain,BHR,2021,4100
Bahrain,BHR,2022,4100
Bahrain,BHR,2023,4100
Bahrain,BHR,2024,4100
Bahrain,BHR,2025,4100
Bangladesh,BGD,-10000,0
Bangladesh,BGD,-9000,0
Bangladesh,BGD,-8000,0
Bangladesh,BGD,-7000,0
Bangladesh,BGD,-6000,0
Bangladesh,BGD,-5000,0
Bangladesh,BGD,-4000,0
Bangladesh,BGD,-3000,0
Bangladesh,BGD,-2000,506867.72
Bangladesh,BGD,-1000,797684
Bangladesh,BGD,0,1226342.1
Bangladesh,BGD,100,1303148.9
Bangladesh,BGD,200,1377513.5
Bangladesh,BGD,300,1466713.4
Bangladesh,BGD,400,1552657.9
Bangladesh,BGD,500,1635069.5
Bangladesh,BGD,600,1713623.2
Bangladesh,BGD,700,1870708.2
Bangladesh,BGD,800,2020479.5
Bangladesh,BGD,900,2226167.5
Bangladesh,BGD,1000,2420285.8
Bangladesh,BGD,1100,2462714.2
Bangladesh,BGD,1200,2496294.8
Bangladesh,BGD,1300,2431402.2
Bangladesh,BGD,1400,2671342.2
Bangladesh,BGD,1500,2741963.2
Bangladesh,BGD,1600,3412442.5
Bangladesh,BGD,1700,3971793
Bangladesh,BGD,1710,4050786.2
Bangladesh,BGD,1720,4105564.5
Bangladesh,BGD,1730,4160096
Bangladesh,BGD,1740,4214279.5
Bangladesh,BGD,1750,4268000
Bangladesh,BGD,1760,4321130
Bangladesh,BGD,1770,4373525.5
Bangladesh,BGD,1780,4425023.5
Bangladesh,BGD,1790,4475440
Bangladesh,BGD,1800,4524567
Bangladesh,BGD,1810,4572164.5
Bangladesh,BGD,1820,4681656
Bangladesh,BGD,1830,4791123.5
Bangladesh,BGD,1840,4900134
Bangladesh,BGD,1850,5008169
Bangladesh,BGD,1860,5114602
Bangladesh,BGD,1870,5264052
Bangladesh,BGD,1880,5412362.5
Bangladesh,BGD,1890,5783485.5
Bangladesh,BGD,1900,6133011.5
Bangladesh,BGD,1910,6458168.5
Bangladesh,BGD,1920,6755449
Bangladesh,BGD,1930,6892400
Bangladesh,BGD,1940,6997540.5
Bangladesh,BGD,1950,7063604.5
Bangladesh,BGD,1951,7190623.5
Bangladesh,BGD,1952,7311783.5
Bangladesh,BGD,1953,7435908
Bangladesh,BGD,1954,7569551.5
Bangladesh,BGD,1955,7717028
Bangladesh,BGD,1956,7880357
Bangladesh,BGD,1957,8059401.5
Bangladesh,BGD,1958,8252157
Bangladesh,BGD,1959,8455236
Bangladesh,BGD,1960,8665206
Bangladesh,BGD,1961,8880000
Bangladesh,BGD,1962,8877000
Bangladesh,BGD,1963,8880000
Bangladesh,BGD,1964,8920000
Bangladesh,BGD,1965,9037000
Bangladesh,BGD,1966,9050000
Bangladesh,BGD,1967,9095000
Bangladesh,BGD,1968,9069000
Bangladesh,BGD,1969,9075000
Bangladesh,BGD,1970,9097000
Bangladesh,BGD,1971,9095000
Bangladesh,BGD,1972,9391000
Bangladesh,BGD,1973,9389000
Bangladesh,BGD,1974,9389000
Bangladesh,BGD,1975,9404000
Bangladesh,BGD,1976,9398000
Bangladesh,BGD,1977,9391000
Bangladesh,BGD,1978,9387000
Bangladesh,BGD,1979,9383000
Bangladesh,BGD,1980,9387000
Bangladesh,BGD,1981,9381000
Bangladesh,BGD,1982,9378000
Bangladesh,BGD,1983,9364000
Bangladesh,BGD,1984,9460000
Bangladesh,BGD,1985,9427000
Bangladesh,BGD,1986,9441000
Bangladesh,BGD,1987,9515000
Bangladesh,BGD,1988,9827000
Bangladesh,BGD,1989,9843000
Bangladesh,BGD,1990,9786000
Bangladesh,BGD,1991,9720000
Bangladesh,BGD,1992,8949000
Bangladesh,BGD,1993,8846000
Bangladesh,BGD,1994,8758000
Bangladesh,BGD,1995,8774000
Bangladesh,BGD,1996,8727000
Bangladesh,BGD,1997,8765000
Bangladesh,BGD,1998,8834000
Bangladesh,BGD,1999,8886000
Bangladesh,BGD,2000,8800000
Bangladesh,BGD,2001,8803000
Bangladesh,BGD,2002,8753000
Bangladesh,BGD,2003,8728000
Bangladesh,BGD,2004,8723000
Bangladesh,BGD,2005,8711000
Bangladesh,BGD,2006,8680000
Bangladesh,BGD,2007,8666000
Bangladesh,BGD,2008,8653000
Bangladesh,BGD,2009,8646000
Bangladesh,BGD,2010,8641000
Bangladesh,BGD,2011,8528000
Bangladesh,BGD,2012,8520000
Bangladesh,BGD,2013,8508000
Bangladesh,BGD,2014,8499000
Bangladesh,BGD,2015,8562240
Bangladesh,BGD,2016,8594209
Bangladesh,BGD,2017,8587330
Bangladesh,BGD,2018,8602300
Bangladesh,BGD,2019,8797000
Bangladesh,BGD,2020,8830000
Bangladesh,BGD,2021,8818000
Bangladesh,BGD,2022,8818000
Bangladesh,BGD,2023,8908780
Bangladesh,BGD,2024,8954020
Bangladesh,BGD,2025,8999259
Barbados,BRB,-10000,0
Barbados,BRB,-9000,0
Barbados,BRB,-8000,0
Barbados,BRB,-7000,0
Barbados,BRB,-6000,0
Barbados,BRB,-5000,0
Barbados,BRB,-4000,0
Barbados,BRB,-3000,0
Barbados,BRB,-2000,0
Barbados,BRB,-1000,0
Barbados,BRB,0,0
Barbados,BRB,100,0
Barbados,BRB,200,0
Barbados,BRB,300,0
Barbados,BRB,400,0
Barbados,BRB,500,0
Barbados,BRB,600,0
Barbados,BRB,700,0
Barbados,BRB,800,0
Barbados,BRB,900,0
Barbados,BRB,1000,0
Barbados,BRB,1100,0
Barbados,BRB,1200,0
Barbados,BRB,1300,0
Barbados,BRB,1400,0
Barbados,BRB,1500,562.2606
Barbados,BRB,1600,2125.0774
Barbados,BRB,1700,7938.669
Barbados,BRB,1710,7877.9746
Barbados,BRB,1720,7816.3306
Barbados,BRB,1730,7753.6987
Barbados,BRB,1740,7690.038
Barbados,BRB,1750,7625.306
Barbados,BRB,1760,7559.455
Barbados,BRB,1770,7492.437
Barbados,BRB,1780,7424.198
Barbados,BRB,1790,7354.6816
Barbados,BRB,1800,7283.8247
Barbados,BRB,1810,8293.296
Barbados,BRB,1820,9279.168
Barbados,BRB,1830,10240.661
Barbados,BRB,1840,11176.939
Barbados,BRB,1850,12087.1045
Barbados,BRB,1860,12628.862
Barbados,BRB,1870,13150.728
Barbados,BRB,1880,13651.864
Barbados,BRB,1890,14131.366
Barbados,BRB,1900,14588.235
Barbados,BRB,1910,14861.574
Barbados,BRB,1920,15114.688
Barbados,BRB,1930,15346.455
Barbados,BRB,1940,15555.618
Barbados,BRB,1950,15815.121
Barbados,BRB,1951,16139.727
Barbados,BRB,1952,16404.871
Barbados,BRB,1953,16612.203
Barbados,BRB,1954,16764.848
Barbados,BRB,1955,16869.332
Barbados,BRB,1956,16933.469
Barbados,BRB,1957,16966.432
Barbados,BRB,1958,16981.021
Barbados,BRB,1959,16988.027
Barbados,BRB,1960,17000
Barbados,BRB,1961,17000
Barbados,BRB,1962,17000
Barbados,BRB,1963,17000
Barbados,BRB,1964,17000
Barbados,BRB,1965,17000
Barbados,BRB,1966,17000
Barbados,BRB,1967,17000
Barbados,BRB,1968,17000
Barbados,BRB,1969,17000
Barbados,BRB,1970,17000
Barbados,BRB,1971,17000
Barbados,BRB,1972,17000
Barbados,BRB,1973,17000
Barbados,BRB,1974,17000
Barbados,BRB,1975,17000
Barbados,BRB,1976,17000
Barbados,BRB,1977,17000
Barbados,BRB,1978,17000
Barbados,BRB,1979,17000
Barbados,BRB,1980,17000
Barbados,BRB,1981,17000
Barbados,BRB,1982,17000
Barbados,BRB,1983,17000
Barbados,BRB,1984,17000
Barbados,BRB,1985,17000
Barbados,BRB,1986,17000
Barbados,BRB,1987,17000
Barbados,BRB,1988,17000
Barbados,BRB,1989,17000
Barbados,BRB,1990,17000
Barbados,BRB,1991,17000
Barbados,BRB,1992,17000
Barbados,BRB,1993,17000
Barbados,BRB,1994,17000
Barbados,BRB,1995,17000
Barbados,BRB,1996,17000
Barbados,BRB,1997,17000
Barbados,BRB,1998,17000
Barbados,BRB,1999,16000
Barbados,BRB,2000,16000
Barbados,BRB,2001,16000
Barbados,BRB,2002,15000
Barbados,BRB,2003,15000
Barbados,BRB,2004,14000
Barbados,BRB,2005,14000
Barbados,BRB,2006,14000
Barbados,BRB,2007,14000
Barbados,BRB,2008,14000
Barbados,BRB,2009,14000
Barbados,BRB,2010,13000
Barbados,BRB,2011,12000
Barbados,BRB,2012,11000
Barbados,BRB,2013,10500
Barbados,BRB,2014,10000
Barbados,BRB,2015,9000
Barbados,BRB,2016,8000
Barbados,BRB,2017,8000
Barbados,BRB,2018,8000
Barbados,BRB,2019,8000
Barbados,BRB,2020,8000
Barbados,BRB,2021,8000
Barbados,BRB,2022,8000
Barbados,BRB,2023,8000
Barbados,BRB,2024,8000
Barbados,BRB,2025,8000
Belarus,BLR,-10000,0
Belarus,BLR,-9000,0
Belarus,BLR,-8000,0
Belarus,BLR,-7000,0
Belarus,BLR,-6000,0
Belarus,BLR,-5000,0
Belarus,BLR,-4000,64553.2
Belarus,BLR,-3000,225936.19
Belarus,BLR,-2000,244775
Belarus,BLR,-1000,259595.39
Belarus,BLR,0,264852.62
Belarus,BLR,100,292956.72
Belarus,BLR,200,319752.56
Belarus,BLR,300,345160.94
Belarus,BLR,400,369091.88
Belarus,BLR,500,361331.22
Belarus,BLR,600,353222.06
Belarus,BLR,700,373449.28
Belarus,BLR,800,391745.22
Belarus,BLR,900,407921.84
Belarus,BLR,1000,421750.16
Belarus,BLR,1100,611217
Belarus,BLR,1200,882290.8
Belarus,BLR,1300,844817.7
Belarus,BLR,1400,803687.9
Belarus,BLR,1500,1010470.7
Belarus,BLR,1600,1176135
Belarus,BLR,1700,1431971.1
Belarus,BLR,1710,1674113.9
Belarus,BLR,1720,1793851.5
Belarus,BLR,1730,1921437.1
Belarus,BLR,1740,2057275.8
Belarus,BLR,1750,2201775
Belarus,BLR,1760,2355338.5
Belarus,BLR,1770,2518360.8
Belarus,BLR,1780,2691219.2
Belarus,BLR,1790,2874265.2
Belarus,BLR,1800,3067811
Belarus,BLR,1810,3272114.5
Belarus,BLR,1820,3487361.2
Belarus,BLR,1830,3713640.5
Belarus,BLR,1840,3950913
Belarus,BLR,1850,4198973
Belarus,BLR,1860,4457401
Belarus,BLR,1870,4725496
Belarus,BLR,1880,5002195
Belarus,BLR,1890,5285960
Belarus,BLR,1900,5574632
Belarus,BLR,1910,5865225
Belarus,BLR,1920,6153642
Belarus,BLR,1930,6434260.5
Belarus,BLR,1940,6699320.5
Belarus,BLR,1950,6937956
Belarus,BLR,1951,6879436
Belarus,BLR,1952,6839409.5
Belarus,BLR,1953,6816874
Belarus,BLR,1954,6810284.5
Belarus,BLR,1955,6817594.5
Belarus,BLR,1956,6836237.5
Belarus,BLR,1957,6863168
Belarus,BLR,1958,6894978
Belarus,BLR,1959,6928151.5
Belarus,BLR,1960,6959618
Belarus,BLR,1961,6959618
Belarus,BLR,1962,6974129
Belarus,BLR,1963,6921888.5
Belarus,BLR,1964,6881257
Belarus,BLR,1965,6865294.5
Belarus,BLR,1966,6788384.5
Belarus,BLR,1967,6778226.5
Belarus,BLR,1968,6765166.5
Belarus,BLR,1969,6773873.5
Belarus,BLR,1970,6762264
Belarus,BLR,1971,6756459.5
Belarus,BLR,1972,6750655.5
Belarus,BLR,1973,6741948.5
Belarus,BLR,1974,6759361.5
Belarus,BLR,1975,6744851
Belarus,BLR,1976,6747753
Belarus,BLR,1977,6750655.5
Belarus,BLR,1978,6733241.5
Belarus,BLR,1979,6715828
Belarus,BLR,1980,6719223.5
Belarus,BLR,1981,6724535
Belarus,BLR,1982,6725986
Belarus,BLR,1983,6730339
Belarus,BLR,1984,6724128
Belarus,BLR,1985,6727756
Belarus,BLR,1986,6731065
Belarus,BLR,1987,6735040.5
Belarus,BLR,1988,6719891.5
Belarus,BLR,1989,6673165
Belarus,BLR,1990,6643852.5
Belarus,BLR,1991,6643852.5
Belarus,BLR,1992,6261000
Belarus,BLR,1993,6248000
Belarus,BLR,1994,6372000
Belarus,BLR,1995,6379000
Belarus,BLR,1996,6376000
Belarus,BLR,1997,6319000
Belarus,BLR,1998,6311000
Belarus,BLR,1999,6306000
Belarus,BLR,2000,6257000
Belarus,BLR,2001,5884000
Belarus,BLR,2002,5738000
Belarus,BLR,2003,5689000
Belarus,BLR,2004,5667000
Belarus,BLR,2005,5660000
Belarus,BLR,2006,5661000
Belarus,BLR,2007,5640000
Belarus,BLR,2008,5637000
Belarus,BLR,2009,5664000
Belarus,BLR,2010,5657000
Belarus,BLR,2011,5651000
Belarus,BLR,2012,5642000
Belarus,BLR,2013,5678600
Belarus,BLR,2014,5779900
Belarus,BLR,2015,5790600
Belarus,BLR,2016,5795100
Belarus,BLR,2017,5841000
Belarus,BLR,2018,5823000
Belarus,BLR,2019,5820000
Belarus,BLR,2020,5760000
Belarus,BLR,2021,5719000
Belarus,BLR,2022,5696000
Belarus,BLR,2023,5657100
Belarus,BLR,2024,5621600
Belarus,BLR,2025,5586100
Belgium,BEL,-10000,0
Belgium,BEL,-9000,0
Belgium,BEL,-8000,0
Belgium,BEL,-7000,0
Belgium,BEL,-6000,0
Belgium,BEL,-5000,637.2905
Belgium,BEL,-4000,3241.0835
Belgium,BEL,-3000,6250.49
Belgium,BEL,-2000,11956.588
Belgium,BEL,-1000,28225.053
Belgium,BEL,0,78128.96
Belgium,BEL,100,80368.555
Belgium,BEL,200,82626.99
Belgium,BEL,300,84897
Belgium,BEL,400,87169.66
Belgium,BEL,500,86059.16
Belgium,BEL,600,50932.91
Belgium,BEL,700,66919.04
Belgium,BEL,800,70569.664
Belgium,BEL,900,80923.586
Belgium,BEL,1000,90754.89
Belgium,BEL,1100,133324.3
Belgium,BEL,1200,195386.39
Belgium,BEL,1300,264315.7
Belgium,BEL,1400,164106.47
Belgium,BEL,1500,247403.42
Belgium,BEL,1600,284215.22
Belgium,BEL,1700,313573.06
Belgium,BEL,1710,341028.25
Belgium,BEL,1720,368030.06
Belgium,BEL,1730,394558.3
Belgium,BEL,1740,420591.06
Belgium,BEL,1750,446104.34
Belgium,BEL,1760,471071.72
Belgium,BEL,1770,495464.34
Belgium,BEL,1780,519250.06
Belgium,BEL,1790,542393.3
Belgium,BEL,1800,564854.3
Belgium,BEL,1810,586588.44
Belgium,BEL,1820,607545.44
Belgium,BEL,1830,638564.25
Belgium,BEL,1840,619247.6
Belgium,BEL,1850,647081.3
Belgium,BEL,1860,682023.6
Belgium,BEL,1870,709612.4
Belgium,BEL,1880,760532.5
Belgium,BEL,1890,810247.2
Belgium,BEL,1900,866413
Belgium,BEL,1910,930200.1
Belgium,BEL,1920,904332.25
Belgium,BEL,1930,949700.9
Belgium,BEL,1940,951114.2
Belgium,BEL,1950,953652.25
Belgium,BEL,1951,954861.3
Belgium,BEL,1952,956565.25
Belgium,BEL,1953,958569.3
Belgium,BEL,1954,960722.56
Belgium,BEL,1955,962913.2
Belgium,BEL,1956,965072.56
Belgium,BEL,1957,967171.1
Belgium,BEL,1958,969210.94
Belgium,BEL,1959,971218.6
Belgium,BEL,1960,973214.75
Belgium,BEL,1961,974444.1
Belgium,BEL,1962,970710.6
Belgium,BEL,1963,966977.1
Belgium,BEL,1964,963243.6
Belgium,BEL,1965,959510.1
Belgium,BEL,1966,955776.7
Belgium,BEL,1967,951109.75
Belgium,BEL,1968,948309.7
Belgium,BEL,1969,946442.75
Belgium,BEL,1970,944576.06
Belgium,BEL,1971,942709.25
Belgium,BEL,1972,940842.7
Belgium,BEL,1973,938042.5
Belgium,BEL,1974,935242.4
Belgium,BEL,1975,932442.3
Belgium,BEL,1976,929642.06
Belgium,BEL,1977,924975.3
Belgium,BEL,1978,919375
Belgium,BEL,1979,910974.5
Belgium,BEL,1980,723366.1
Belgium,BEL,1981,720565.94
Belgium,BEL,1982,718699.25
Belgium,BEL,1983,719632.6
Belgium,BEL,1984,723366.1
Belgium,BEL,1985,725225.75
Belgium,BEL,1986,726141.56
Belgium,BEL,1987,727045.44
Belgium,BEL,1988,727968.7
Belgium,BEL,1989,729836.06
Belgium,BEL,1990,728903.4
Belgium,BEL,1991,724237.2
Belgium,BEL,1992,792419.1
Belgium,BEL,1993,801753.8
Belgium,BEL,1994,894173.44
Belgium,BEL,1995,832571
Belgium,BEL,1996,821370.5
Belgium,BEL,1997,829770.6
Belgium,BEL,1998,833504.1
Belgium,BEL,1999,833504.2
Belgium,BEL,2000,882599.8
Belgium,BEL,2001,865799.8
Belgium,BEL,2002,853099.9
Belgium,BEL,2003,856199.9
Belgium,BEL,2004,861299.9
Belgium,BEL,2005,863999.9
Belgium,BEL,2006,863000
Belgium,BEL,2007,859900
Belgium,BEL,2008,865300
Belgium,BEL,2009,861600
Belgium,BEL,2010,855700
Belgium,BEL,2011,846700
Belgium,BEL,2012,825000
Belgium,BEL,2013,838299.9
Belgium,BEL,2014,839299.9
Belgium,BEL,2015,852000
Belgium,BEL,2016,872400
Belgium,BEL,2017,859000
Belgium,BEL,2018,874000
Belgium,BEL,2019,880958.7
Belgium,BEL,2020,888490.1
Belgium,BEL,2021,889390.06
Belgium,BEL,2022,887559.94
Belgium,BEL,2023,894745.1
Belgium,BEL,2024,898300.3
Belgium,BEL,2025,901855.4
Belize,BLZ,-10000,0
Belize,BLZ,-9000,0
Belize,BLZ,-8000,0
Belize,BLZ,-7000,0
Belize,BLZ,-6000,0
Belize,BLZ,-5000,0
Belize,BLZ,-4000,0
Belize,BLZ,-3000,0
Belize,BLZ,-2000,1666.2632
Belize,BLZ,-1000,1897.6718
Belize,BLZ,0,2083.6816
Belize,BLZ,100,2236.5024
Belize,BLZ,200,2398.5364
Belize,BLZ,300,2569.942
Belize,BLZ,400,2750.7717
Belize,BLZ,500,2940.9402
Belize,BLZ,600,3140.1746
Belize,BLZ,700,3347.9558
Belize,BLZ,800,3563.4365
Belize,BLZ,900,3785.3318
Belize,BLZ,1000,4011.7717
Belize,BLZ,1100,4240.0903
Belize,BLZ,1200,4466.524
Belize,BLZ,1300,4685.764
Belize,BLZ,1400,4890.263
Belize,BLZ,1500,5069.0933
Belize,BLZ,1600,5205.9507
Belize,BLZ,1700,5275.302
Belize,BLZ,1710,5660.175
Belize,BLZ,1720,6071.8203
Belize,BLZ,1730,6511.9277
Belize,BLZ,1740,6982.2686
Belize,BLZ,1750,7484.6934
Belize,BLZ,1760,8021.132
Belize,BLZ,1770,8593.592
Belize,BLZ,1780,9204.148
Belize,BLZ,1790,9854.947
Belize,BLZ,1800,10548.185
Belize,BLZ,1810,11286.104
Belize,BLZ,1820,11528.392
Belize,BLZ,1830,11771.001
Belize,BLZ,1840,12013.363
Belize,BLZ,1850,12254.833
Belize,BLZ,1860,12494.676
Belize,BLZ,1870,13861.513
Belize,BLZ,1880,15368.479
Belize,BLZ,1890,17027.912
Belize,BLZ,1900,18852.736
Belize,BLZ,1910,20856.332
Belize,BLZ,1920,23246.098
Belize,BLZ,1930,25906.027
Belize,BLZ,1940,28865.078
Belize,BLZ,1950,32154.426
Belize,BLZ,1951,33165.5
Belize,BLZ,1952,34108.363
Belize,BLZ,1953,35021.863
Belize,BLZ,1954,35927.875
Belize,BLZ,1955,36854.99
Belize,BLZ,1956,37817.727
Belize,BLZ,1957,38819.914
Belize,BLZ,1958,39852.965
Belize,BLZ,1959,40920.246
Belize,BLZ,1960,42000
Belize,BLZ,1961,42000
Belize,BLZ,1962,42000
Belize,BLZ,1963,43000
Belize,BLZ,1964,43000
Belize,BLZ,1965,43000
Belize,BLZ,1966,44000
Belize,BLZ,1967,44000
Belize,BLZ,1968,44000
Belize,BLZ,1969,45000
Belize,BLZ,1970,45000
Belize,BLZ,1971,46000
Belize,BLZ,1972,46000
Belize,BLZ,1973,47000
Belize,BLZ,1974,47000
Belize,BLZ,1975,48000
Belize,BLZ,1976,48000
Belize,BLZ,1977,49000
Belize,BLZ,1978,49000
Belize,BLZ,1979,50000
Belize,BLZ,1980,52000
Belize,BLZ,1981,53000
Belize,BLZ,1982,53000
Belize,BLZ,1983,53000
Belize,BLZ,1984,53000
Belize,BLZ,1985,53000
Belize,BLZ,1986,55000
Belize,BLZ,1987,64000
Belize,BLZ,1988,67000
Belize,BLZ,1989,72000
Belize,BLZ,1990,77000
Belize,BLZ,1991,81000
Belize,BLZ,1992,87000
Belize,BLZ,1993,94000
Belize,BLZ,1994,94000
Belize,BLZ,1995,96000
Belize,BLZ,1996,97000
Belize,BLZ,1997,98000
Belize,BLZ,1998,98000
Belize,BLZ,1999,100000
Belize,BLZ,2000,99000
Belize,BLZ,2001,99000
Belize,BLZ,2002,102000
Belize,BLZ,2003,102000
Belize,BLZ,2004,102000
Belize,BLZ,2005,102000
Belize,BLZ,2006,102000
Belize,BLZ,2007,102000
Belize,BLZ,2008,102000
Belize,BLZ,2009,105000
Belize,BLZ,2010,107000
Belize,BLZ,2011,107000
Belize,BLZ,2012,110000
Belize,BLZ,2013,110000
Belize,BLZ,2014,110000
Belize,BLZ,2015,120000
Belize,BLZ,2016,120000
Belize,BLZ,2017,122000
Belize,BLZ,2018,122000
Belize,BLZ,2019,124000
Belize,BLZ,2020,130000
Belize,BLZ,2021,132000
Belize,BLZ,2022,132000
Belize,BLZ,2023,136400
Belize,BLZ,2024,139200
Belize,BLZ,2025,142000
Benin,BEN,-10000,0
Benin,BEN,-9000,0
Benin,BEN,-8000,0
Benin,BEN,-7000,0
Benin,BEN,-6000,0
Benin,BEN,-5000,0
Benin,BEN,-4000,0
Benin,BEN,-3000,0
Benin,BEN,-2000,0
Benin,BEN,-1000,0
Benin,BEN,0,0
Benin,BEN,100,0
Benin,BEN,200,0
Benin,BEN,300,0
Benin,BEN,400,0
Benin,BEN,500,0
Benin,BEN,600,0
Benin,BEN,700,0
Benin,BEN,800,289053.7
Benin,BEN,900,578109.2
Benin,BEN,1000,659073
Benin,BEN,1100,751362.06
Benin,BEN,1200,856558.3
Benin,BEN,1300,976460.8
Benin,BEN,1400,1095721.6
Benin,BEN,1500,1214349
Benin,BEN,1600,1251638.9
Benin,BEN,1700,1300053.2
Benin,BEN,1710,1274230
Benin,BEN,1720,1248919.5
Benin,BEN,1730,1224111.4
Benin,BEN,1740,1199796
Benin,BEN,1750,1175963.1
Benin,BEN,1760,1152603.6
Benin,BEN,1770,1129707.9
Benin,BEN,1780,1107266.8
Benin,BEN,1790,1085271
Benin,BEN,1800,1063712.1
Benin,BEN,1810,1042581.25
Benin,BEN,1820,977163.2
Benin,BEN,1830,915849.6
Benin,BEN,1840,858383
Benin,BEN,1850,804522.2
Benin,BEN,1860,754040.75
Benin,BEN,1870,769226.44
Benin,BEN,1880,784717.75
Benin,BEN,1890,800520.9
Benin,BEN,1900,816642.06
Benin,BEN,1910,833087.7
Benin,BEN,1920,849864.4
Benin,BEN,1930,866978.7
Benin,BEN,1940,884437.5
Benin,BEN,1950,902247.75
Benin,BEN,1951,903523.94
Benin,BEN,1952,906058.3
Benin,BEN,1953,909876.56
Benin,BEN,1954,915016.3
Benin,BEN,1955,921473.1
Benin,BEN,1956,929236.3
Benin,BEN,1957,938276
Benin,BEN,1958,948545
Benin,BEN,1959,959988.7
Benin,BEN,1960,972559.94
Benin,BEN,1961,972559.94
Benin,BEN,1962,993150
Benin,BEN,1963,1013705
Benin,BEN,1964,1031765.06
Benin,BEN,1965,1053765
Benin,BEN,1966,1083760
Benin,BEN,1967,1127560
Benin,BEN,1968,1158360
Benin,BEN,1969,1243025
Benin,BEN,1970,1264673
Benin,BEN,1971,1313625
Benin,BEN,1972,1344715
Benin,BEN,1973,1363715
Benin,BEN,1974,1390715
Benin,BEN,1975,1430810
Benin,BEN,1976,1457310
Benin,BEN,1977,1490556
Benin,BEN,1978,1511710
Benin,BEN,1979,1531300
Benin,BEN,1980,1562300
Benin,BEN,1981,1592800
Benin,BEN,1982,1625300
Benin,BEN,1983,1623795
Benin,BEN,1984,1642794.9
Benin,BEN,1985,1675855.1
Benin,BEN,1986,1685980.1
Benin,BEN,1987,1695980.1
Benin,BEN,1988,1706160
Benin,BEN,1989,1705560
Benin,BEN,1990,1711296.1
Benin,BEN,1991,1718311
Benin,BEN,1992,1740166
Benin,BEN,1993,1775838.1
Benin,BEN,1994,1837057
Benin,BEN,1995,1964613.1
Benin,BEN,1996,2154835
Benin,BEN,1997,2339869
Benin,BEN,1998,2490820
Benin,BEN,1999,2555996
Benin,BEN,2000,2641876
Benin,BEN,2001,2709529
Benin,BEN,2002,2817339
Benin,BEN,2003,2920997
Benin,BEN,2004,2909245
Benin,BEN,2005,2923552
Benin,BEN,2006,2789326
Benin,BEN,2007,2829104
Benin,BEN,2008,3033892
Benin,BEN,2009,3190325
Benin,BEN,2010,2937144
Benin,BEN,2011,3069365
Benin,BEN,2012,3215196
Benin,BEN,2013,3430544.2
Benin,BEN,2014,3447902
Benin,BEN,2015,3523223
Benin,BEN,2016,3326745
Benin,BEN,2017,3543380
Benin,BEN,2018,3910808.5
Benin,BEN,2019,4081209.5
Benin,BEN,2020,3883048.5
Benin,BEN,2021,4073424.5
Benin,BEN,2022,4305712
Benin,BEN,2023,4285447.5
Benin,BEN,2024,4363649.5
Benin,BEN,2025,4441852
Bhutan,BTN,-10000,0
Bhutan,BTN,-9000,0
Bhutan,BTN,-8000,0
Bhutan,BTN,-7000,0
Bhutan,BTN,-6000,0
Bhutan,BTN,-5000,0
Bhutan,BTN,-4000,0
Bhutan,BTN,-3000,0
Bhutan,BTN,-2000,0
Bhutan,BTN,-1000,0
Bhutan,BTN,0,0
Bhutan,BTN,100,156.14267
Bhutan,BTN,200,231.90218
Bhutan,BTN,300,344.4199
Bhutan,BTN,400,511.53073
Bhutan,BTN,500,759.72314
Bhutan,BTN,600,1128.3379
Bhutan,BTN,700,1675.8033
Bhutan,BTN,800,2488.8982
Bhutan,BTN,900,2464.3367
Bhutan,BTN,1000,2440.0186
Bhutan,BTN,1100,2415.9414
Bhutan,BTN,1200,2392.1025
Bhutan,BTN,1300,2605.3494
Bhutan,BTN,1400,2814.1562
Bhutan,BTN,1500,3482.9883
Bhutan,BTN,1600,4598.167
Bhutan,BTN,1700,5691.004
Bhutan,BTN,1710,6613.524
Bhutan,BTN,1720,7088.9
Bhutan,BTN,1730,7601.888
Bhutan,BTN,1740,8155.5376
Bhutan,BTN,1750,8753.155
Bhutan,BTN,1760,9398.325
Bhutan,BTN,1770,10094.93
Bhutan,BTN,1780,10847.177
Bhutan,BTN,1790,11659.631
Bhutan,BTN,1800,12537.238
Bhutan,BTN,1810,13485.359
Bhutan,BTN,1820,15786.917
Bhutan,BTN,1830,17511.635
Bhutan,BTN,1840,20853.252
Bhutan,BTN,1850,22271.572
Bhutan,BTN,1860,23349.223
Bhutan,BTN,1870,25083.662
Bhutan,BTN,1880,28154.768
Bhutan,BTN,1890,29199.068
Bhutan,BTN,1900,32351.615
Bhutan,BTN,1910,39286.51
Bhutan,BTN,1920,47683.66
Bhutan,BTN,1930,55821.953
Bhutan,BTN,1940,62787.066
Bhutan,BTN,1950,70421.58
Bhutan,BTN,1951,71435.04
Bhutan,BTN,1952,72346.36
Bhutan,BTN,1953,73213.72
Bhutan,BTN,1954,74085.15
Bhutan,BTN,1955,74994.805
Bhutan,BTN,1956,75949.766
Bhutan,BTN,1957,76948.195
Bhutan,BTN,1958,77968.266
Bhutan,BTN,1959,78983.27
Bhutan,BTN,1960,113000
Bhutan,BTN,1961,113000
Bhutan,BTN,1962,113000
Bhutan,BTN,1963,113000
Bhutan,BTN,1964,113000
Bhutan,BTN,1965,114000
Bhutan,BTN,1966,114000
Bhutan,BTN,1967,114000
Bhutan,BTN,1968,115000
Bhutan,BTN,1969,115000
Bhutan,BTN,1970,125000
Bhutan,BTN,1971,125000
Bhutan,BTN,1972,126000
Bhutan,BTN,1973,126000
Bhutan,BTN,1974,131000
Bhutan,BTN,1975,131000
Bhutan,BTN,1976,137000
Bhutan,BTN,1977,137000
Bhutan,BTN,1978,137000
Bhutan,BTN,1979,142000
Bhutan,BTN,1980,148000
Bhutan,BTN,1981,148000
Bhutan,BTN,1982,153000
Bhutan,BTN,1983,163000
Bhutan,BTN,1984,164000
Bhutan,BTN,1985,164000
Bhutan,BTN,1986,164000
Bhutan,BTN,1987,165000
Bhutan,BTN,1988,160000
Bhutan,BTN,1989,152000
Bhutan,BTN,1990,154000
Bhutan,BTN,1991,154000
Bhutan,BTN,1992,154000
Bhutan,BTN,1993,155000
Bhutan,BTN,1994,159000
Bhutan,BTN,1995,165000
Bhutan,BTN,1996,170000
Bhutan,BTN,1997,172000
Bhutan,BTN,1998,172000
Bhutan,BTN,1999,172000
Bhutan,BTN,2000,173000
Bhutan,BTN,2001,174000
Bhutan,BTN,2002,175000
Bhutan,BTN,2003,176000
Bhutan,BTN,2004,177000
Bhutan,BTN,2005,186000
Bhutan,BTN,2006,170000
Bhutan,BTN,2007,156000
Bhutan,BTN,2008,114300
Bhutan,BTN,2009,113000
Bhutan,BTN,2010,113000
Bhutan,BTN,2011,112600
Bhutan,BTN,2012,112600
Bhutan,BTN,2013,112600
Bhutan,BTN,2014,112600
Bhutan,BTN,2015,112600
Bhutan,BTN,2016,106000
Bhutan,BTN,2017,100000
Bhutan,BTN,2018,100000
Bhutan,BTN,2019,100000
Bhutan,BTN,2020,93884.195
Bhutan,BTN,2021,78889.4
Bhutan,BTN,2022,75128.305
Bhutan,BTN,2023,68324.18
Bhutan,BTN,2024,61238.78
Bhutan,BTN,2025,54153.383
Bolivia,BOL,-10000,0
Bolivia,BOL,-9000,0
Bolivia,BOL,-8000,0
Bolivia,BOL,-7000,0
Bolivia,BOL,-6000,0
Bolivia,BOL,-5000,0
Bolivia,BOL,-4000,0
Bolivia,BOL,-3000,0
Bolivia,BOL,-2000,75838.76
Bolivia,BOL,-1000,79968.125
Bolivia,BOL,0,78931.555
Bolivia,BOL,100,82900.13
Bolivia,BOL,200,87006.47
Bolivia,BOL,300,91244.625
Bolivia,BOL,400,95605.93
Bolivia,BOL,500,100078.22
Bolivia,BOL,600,104645.016
Bolivia,BOL,700,109284.33
Bolivia,BOL,800,113967.12
Bolivia,BOL,900,122463.93
Bolivia,BOL,1000,135085.6
Bolivia,BOL,1100,150004.44
Bolivia,BOL,1200,170683.42
Bolivia,BOL,1300,204713.42
Bolivia,BOL,1400,268333.44
Bolivia,BOL,1500,396064
Bolivia,BOL,1600,345298.5
Bolivia,BOL,1700,337408.3
Bolivia,BOL,1710,342942.56
Bolivia,BOL,1720,348546
Bolivia,BOL,1730,354217.84
Bolivia,BOL,1740,359957.03
Bolivia,BOL,1750,365762.34
Bolivia,BOL,1760,371632.2
Bolivia,BOL,1770,377564.75
Bolivia,BOL,1780,383557.78
Bolivia,BOL,1790,389608.62
Bolivia,BOL,1800,395714.1
Bolivia,BOL,1810,401870.4
Bolivia,BOL,1820,475435.34
Bolivia,BOL,1830,562392.5
Bolivia,BOL,1840,503826.4
Bolivia,BOL,1850,445013.62
Bolivia,BOL,1860,676681.94
Bolivia,BOL,1870,565734.25
Bolivia,BOL,1880,455340.9
Bolivia,BOL,1890,596461.4
Bolivia,BOL,1900,836133.8
Bolivia,BOL,1910,958911.94
Bolivia,BOL,1920,1199558.8
Bolivia,BOL,1930,1384879.4
Bolivia,BOL,1940,1602618.6
Bolivia,BOL,1950,1216797.1
Bolivia,BOL,1951,1233282.5
Bolivia,BOL,1952,1250551
Bolivia,BOL,1953,1268567.8
Bolivia,BOL,1954,1287306.2
Bolivia,BOL,1955,1306720.8
Bolivia,BOL,1956,1326768.1
Bolivia,BOL,1957,1347375.6
Bolivia,BOL,1958,1368464.6
Bolivia,BOL,1959,1389912.6
Bolivia,BOL,1960,1411520.2
Bolivia,BOL,1961,1442000
Bolivia,BOL,1962,1442000
Bolivia,BOL,1963,1442000
Bolivia,BOL,1964,1478000
Bolivia,BOL,1965,1515000
Bolivia,BOL,1966,1551000
Bolivia,BOL,1967,1588000
Bolivia,BOL,1968,1624000
Bolivia,BOL,1969,1661000
Bolivia,BOL,1970,1697000
Bolivia,BOL,1971,1734000
Bolivia,BOL,1972,1770000
Bolivia,BOL,1973,1808000
Bolivia,BOL,1974,1843000
Bolivia,BOL,1975,1880000
Bolivia,BOL,1976,1916000
Bolivia,BOL,1977,1953000
Bolivia,BOL,1978,1989000
Bolivia,BOL,1979,2025000
Bolivia,BOL,1980,2062000
Bolivia,BOL,1981,2099000
Bolivia,BOL,1982,2136000
Bolivia,BOL,1983,2173000
Bolivia,BOL,1984,2217000
Bolivia,BOL,1985,2187000
Bolivia,BOL,1986,2203000
Bolivia,BOL,1987,2227000
Bolivia,BOL,1988,2250000
Bolivia,BOL,1989,2270000
Bolivia,BOL,1990,2255000
Bolivia,BOL,1991,2296000
Bolivia,BOL,1992,2331000
Bolivia,BOL,1993,2378000
Bolivia,BOL,1994,2516000
Bolivia,BOL,1995,2765000
Bolivia,BOL,1996,2853000
Bolivia,BOL,1997,3043000
Bolivia,BOL,1998,3151000
Bolivia,BOL,1999,3238000
Bolivia,BOL,2000,3312000
Bolivia,BOL,2001,3325000
Bolivia,BOL,2002,3480000
Bolivia,BOL,2003,3707000
Bolivia,BOL,2004,3776000
Bolivia,BOL,2005,4005000
Bolivia,BOL,2006,4141777.8
Bolivia,BOL,2007,4282555.5
Bolivia,BOL,2008,4411333
Bolivia,BOL,2009,4540111
Bolivia,BOL,2010,4668889
Bolivia,BOL,2011,4803667
Bolivia,BOL,2012,4943444.5
Bolivia,BOL,2013,5084222.5
Bolivia,BOL,2014,5222000
Bolivia,BOL,2015,5221000
Bolivia,BOL,2016,5083000
Bolivia,BOL,2017,4940000
Bolivia,BOL,2018,5200549
Bolivia,BOL,2019,5505265
Bolivia,BOL,2020,5527121.5
Bolivia,BOL,2021,5655164
Bolivia,BOL,2022,5815399
Bolivia,BOL,2023,5954579.5
Bolivia,BOL,2024,6092539.5
Bolivia,BOL,2025,6230499
Bosnia and Herzegovina,BIH,-10000,0
Bosnia and Herzegovina,BIH,-9000,0
Bosnia and Herzegovina,BIH,-8000,0
Bosnia and Herzegovina,BIH,-7000,0
Bosnia and Herzegovina,BIH,-6000,0
Bosnia and Herzegovina,BIH,-5000,0
Bosnia and Herzegovina,BIH,-4000,18831.889
Bosnia and Herzegovina,BIH,-3000,89728.414
Bosnia and Herzegovina,BIH,-2000,132446.4
Bosnia and Herzegovina,BIH,-1000,191485.62
Bosnia and Herzegovina,BIH,0,266682.53
Bosnia and Herzegovina,BIH,100,266178.4
Bosnia and Herzegovina,BIH,200,265683.53
Bosnia and Herzegovina,BIH,300,264936.53
Bosnia and Herzegovina,BIH,400,263910.22
Bosnia and Herzegovina,BIH,500,262573.28
Bosnia and Herzegovina,BIH,600,260889.36
Bosnia and Herzegovina,BIH,700,258815.75
Bosnia and Herzegovina,BIH,800,256301.81
Bosnia and Herzegovina,BIH,900,253286.62
Bosnia and Herzegovina,BIH,1000,249695.9
Bosnia and Herzegovina,BIH,1100,255470.56
Bosnia and Herzegovina,BIH,1200,259688.42
Bosnia and Herzegovina,BIH,1300,262117.1
Bosnia and Herzegovina,BIH,1400,262446.5
Bosnia and Herzegovina,BIH,1500,260246.1
Bosnia and Herzegovina,BIH,1600,298268.8
Bosnia and Herzegovina,BIH,1700,275406.62
Bosnia and Herzegovina,BIH,1710,289240
Bosnia and Herzegovina,BIH,1720,298231.88
Bosnia and Herzegovina,BIH,1730,307419.62
Bosnia and Herzegovina,BIH,1740,316799
Bosnia and Herzegovina,BIH,1750,326364.56
Bosnia and Herzegovina,BIH,1760,336109.5
Bosnia and Herzegovina,BIH,1770,346025.25
Bosnia and Herzegovina,BIH,1780,356101.53
Bosnia and Herzegovina,BIH,1790,366325.94
Bosnia and Herzegovina,BIH,1800,376683.56
Bosnia and Herzegovina,BIH,1810,387156.84
Bosnia and Herzegovina,BIH,1820,405287.2
Bosnia and Herzegovina,BIH,1830,424040.12
Bosnia and Herzegovina,BIH,1840,443403.9
Bosnia and Herzegovina,BIH,1850,463359.53
Bosnia and Herzegovina,BIH,1860,483879.44
Bosnia and Herzegovina,BIH,1870,527540.3
Bosnia and Herzegovina,BIH,1880,574660.9
Bosnia and Herzegovina,BIH,1890,625411.75
Bosnia and Herzegovina,BIH,1900,679943.5
Bosnia and Herzegovina,BIH,1910,738376.25
Bosnia and Herzegovina,BIH,1920,825896.7
Bosnia and Herzegovina,BIH,1930,922420.1
Bosnia and Herzegovina,BIH,1940,1028468.9
Bosnia and Herzegovina,BIH,1950,1144442.9
Bosnia and Herzegovina,BIH,1951,1162419.6
Bosnia and Herzegovina,BIH,1952,1182272.5
Bosnia and Herzegovina,BIH,1953,1203055.9
Bosnia and Herzegovina,BIH,1954,1224084.5
Bosnia and Herzegovina,BIH,1955,1244917.8
Bosnia and Herzegovina,BIH,1956,1265378.4
Bosnia and Herzegovina,BIH,1957,1285544.4
Bosnia and Herzegovina,BIH,1958,1305684.2
Bosnia and Herzegovina,BIH,1959,1326212.1
Bosnia and Herzegovina,BIH,1960,1347479.4
Bosnia and Herzegovina,BIH,1961,1347479.2
Bosnia and Herzegovina,BIH,1962,1344424.8
Bosnia and Herzegovina,BIH,1963,1342817.8
Bosnia and Herzegovina,BIH,1964,1341210.5
Bosnia and Herzegovina,BIH,1965,1335262.8
Bosnia and Herzegovina,BIH,1966,1328832.4
Bosnia and Herzegovina,BIH,1967,1328993.1
Bosnia and Herzegovina,BIH,1968,1325617.2
Bosnia and Herzegovina,BIH,1969,1324170.2
Bosnia and Herzegovina,BIH,1970,1319026.1
Bosnia and Herzegovina,BIH,1971,1313882.1
Bosnia and Herzegovina,BIH,1972,1306969.4
Bosnia and Herzegovina,BIH,1973,1300699.9
Bosnia and Herzegovina,BIH,1974,1296681
Bosnia and Herzegovina,BIH,1975,1291536.6
Bosnia and Herzegovina,BIH,1976,1286874.6
Bosnia and Herzegovina,BIH,1977,1277711.4
Bosnia and Herzegovina,BIH,1978,1274335.5
Bosnia and Herzegovina,BIH,1979,1269352
Bosnia and Herzegovina,BIH,1980,1267422.8
Bosnia and Herzegovina,BIH,1981,1264207.6
Bosnia and Herzegovina,BIH,1982,1260188.6
Bosnia and Herzegovina,BIH,1983,1256008.9
Bosnia and Herzegovina,BIH,1984,1251990
Bosnia and Herzegovina,BIH,1985,1250703.9
Bosnia and Herzegovina,BIH,1986,1250221.6
Bosnia and Herzegovina,BIH,1987,1248453.2
Bosnia and Herzegovina,BIH,1988,1247488.6
Bosnia and Herzegovina,BIH,1989,1246524.1
Bosnia and Herzegovina,BIH,1990,1243952
Bosnia and Herzegovina,BIH,1991,1225786.2
Bosnia and Herzegovina,BIH,1992,1000000
Bosnia and Herzegovina,BIH,1993,990000
Bosnia and Herzegovina,BIH,1994,980000
Bosnia and Herzegovina,BIH,1995,975000
Bosnia and Herzegovina,BIH,1996,1020000
Bosnia and Herzegovina,BIH,1997,1015000
Bosnia and Herzegovina,BIH,1998,1060000
Bosnia and Herzegovina,BIH,1999,1055000
Bosnia and Herzegovina,BIH,2000,1100000
Bosnia and Herzegovina,BIH,2001,1107000
Bosnia and Herzegovina,BIH,2002,1093000
Bosnia and Herzegovina,BIH,2003,1112000
Bosnia and Herzegovina,BIH,2004,1125400
Bosnia and Herzegovina,BIH,2005,1120000
Bosnia and Herzegovina,BIH,2006,1123000
Bosnia and Herzegovina,BIH,2007,1117000
Bosnia and Herzegovina,BIH,2008,1098000
Bosnia and Herzegovina,BIH,2009,1099000
Bosnia and Herzegovina,BIH,2010,1109000
Bosnia and Herzegovina,BIH,2011,1107000
Bosnia and Herzegovina,BIH,2012,1108000
Bosnia and Herzegovina,BIH,2013,1115000
Bosnia and Herzegovina,BIH,2014,1112000
Bosnia and Herzegovina,BIH,2015,1127000
Bosnia and Herzegovina,BIH,2016,1130000
Bosnia and Herzegovina,BIH,2017,1167000
Bosnia and Herzegovina,BIH,2018,1129000
Bosnia and Herzegovina,BIH,2019,1121000
Bosnia and Herzegovina,BIH,2020,1122000
Bosnia and Herzegovina,BIH,2021,1116000
Bosnia and Herzegovina,BIH,2022,1116000
Bosnia and Herzegovina,BIH,2023,1111500
Bosnia and Herzegovina,BIH,2024,1108400
Bosnia and Herzegovina,BIH,2025,1105300
Botswana,BWA,-10000,0
Botswana,BWA,-9000,0
Botswana,BWA,-8000,0
Botswana,BWA,-7000,0
Botswana,BWA,-6000,0
Botswana,BWA,-5000,0
Botswana,BWA,-4000,0
Botswana,BWA,-3000,0
Botswana,BWA,-2000,0
Botswana,BWA,-1000,0
Botswana,BWA,0,0
Botswana,BWA,100,0
Botswana,BWA,200,0
Botswana,BWA,300,0
Botswana,BWA,400,0
Botswana,BWA,500,0
Botswana,BWA,600,0
Botswana,BWA,700,0
Botswana,BWA,800,0
Botswana,BWA,900,0
Botswana,BWA,1000,36118.918
Botswana,BWA,1100,38794.395
Botswana,BWA,1200,41668.05
Botswana,BWA,1300,44754.574
Botswana,BWA,1400,48069.727
Botswana,BWA,1500,51630.45
Botswana,BWA,1600,55454.926
Botswana,BWA,1700,59562.695
Botswana,BWA,1710,60135.08
Botswana,BWA,1720,60681.312
Botswana,BWA,1730,61227.54
Botswana,BWA,1740,61773.773
Botswana,BWA,1750,62320
Botswana,BWA,1760,62866.234
Botswana,BWA,1770,63412.47
Botswana,BWA,1780,63958.7
Botswana,BWA,1790,64504.93
Botswana,BWA,1800,65051.16
Botswana,BWA,1810,65597.39
Botswana,BWA,1820,66143.625
Botswana,BWA,1830,66689.86
Botswana,BWA,1840,67236.086
Botswana,BWA,1850,67782.32
Botswana,BWA,1860,74199.27
Botswana,BWA,1870,82872.89
Botswana,BWA,1880,91634.83
Botswana,BWA,1890,100309.91
Botswana,BWA,1900,112035.766
Botswana,BWA,1910,131886.58
Botswana,BWA,1920,153820.94
Botswana,BWA,1930,189384.23
Botswana,BWA,1940,231276.42
Botswana,BWA,1950,307143.25
Botswana,BWA,1951,316624.16
Botswana,BWA,1952,325487.06
Botswana,BWA,1953,333880.2
Botswana,BWA,1954,341918.2
Botswana,BWA,1955,349737.28
Botswana,BWA,1956,357486.38
Botswana,BWA,1957,365287.6
Botswana,BWA,1958,373307.72
Botswana,BWA,1959,381682.97
Botswana,BWA,1960,390546.66
Botswana,BWA,1961,400000
Botswana,BWA,1962,400000
Botswana,BWA,1963,400000
Botswana,BWA,1964,400000
Botswana,BWA,1965,401000
Botswana,BWA,1966,401000
Botswana,BWA,1967,401000
Botswana,BWA,1968,401000
Botswana,BWA,1969,401000
Botswana,BWA,1970,401000
Botswana,BWA,1971,401000
Botswana,BWA,1972,402000
Botswana,BWA,1973,402000
Botswana,BWA,1974,402000
Botswana,BWA,1975,402000
Botswana,BWA,1976,402000
Botswana,BWA,1977,402000
Botswana,BWA,1978,402000
Botswana,BWA,1979,404000
Botswana,BWA,1980,404000
Botswana,BWA,1981,404000
Botswana,BWA,1982,406000
Botswana,BWA,1983,406000
Botswana,BWA,1984,406000
Botswana,BWA,1985,408000
Botswana,BWA,1986,408000
Botswana,BWA,1987,410000
Botswana,BWA,1988,410000
Botswana,BWA,1989,415000
Botswana,BWA,1990,421000
Botswana,BWA,1991,301000
Botswana,BWA,1992,251000
Botswana,BWA,1993,351000
Botswana,BWA,1994,396000
Botswana,BWA,1995,346000
Botswana,BWA,1996,346000
Botswana,BWA,1997,301000
Botswana,BWA,1998,231000
Botswana,BWA,1999,241000
Botswana,BWA,2000,351000
Botswana,BWA,2001,201000
Botswana,BWA,2002,246000
Botswana,BWA,2003,196000
Botswana,BWA,2004,227000
Botswana,BWA,2005,215000
Botswana,BWA,2006,203000
Botswana,BWA,2007,184000
Botswana,BWA,2008,281000
Botswana,BWA,2009,318000
Botswana,BWA,2010,261000
Botswana,BWA,2011,326000
Botswana,BWA,2012,287000
Botswana,BWA,2013,282000
Botswana,BWA,2014,404000
Botswana,BWA,2015,261600
Botswana,BWA,2016,261600
Botswana,BWA,2017,261600
Botswana,BWA,2018,261600
Botswana,BWA,2019,262000
Botswana,BWA,2020,262000
Botswana,BWA,2021,262000
Botswana,BWA,2022,262000
Botswana,BWA,2023,262160
Botswana,BWA,2024,262240
Botswana,BWA,2025,262320
Brazil,BRA,-10000,0
Brazil,BRA,-9000,0
Brazil,BRA,-8000,0
Brazil,BRA,-7000,0
Brazil,BRA,-6000,0
Brazil,BRA,-5000,0
Brazil,BRA,-4000,0
Brazil,BRA,-3000,0
Brazil,BRA,-2000,0
Brazil,BRA,-1000,106725.11
Brazil,BRA,0,140076.7
Brazil,BRA,100,150082.17
Brazil,BRA,200,160802.34
Brazil,BRA,300,172288.22
Brazil,BRA,400,184594.52
Brazil,BRA,500,197779.84
Brazil,BRA,600,211906.98
Brazil,BRA,700,227043.19
Brazil,BRA,800,243260.55
Brazil,BRA,900,245265.5
Brazil,BRA,1000,293809.84
Brazil,BRA,1100,427758.2
Brazil,BRA,1200,608360.8
Brazil,BRA,1300,990409.94
Brazil,BRA,1400,1720130.2
Brazil,BRA,1500,2118474.2
Brazil,BRA,1600,98258.47
Brazil,BRA,1700,79843.32
Brazil,BRA,1710,87543.95
Brazil,BRA,1720,96161.555
Brazil,BRA,1730,105842.42
Brazil,BRA,1740,116762.59
Brazil,BRA,1750,129134.79
Brazil,BRA,1760,143216.83
Brazil,BRA,1770,159334.38
Brazil,BRA,1780,177850.16
Brazil,BRA,1790,199241.75
Brazil,BRA,1800,224083.9
Brazil,BRA,1810,261131.06
Brazil,BRA,1820,310731.3
Brazil,BRA,1830,420560.3
Brazil,BRA,1840,531484.9
Brazil,BRA,1850,643707
Brazil,BRA,1860,757432
Brazil,BRA,1870,872945.1
Brazil,BRA,1880,1098435.5
Brazil,BRA,1890,1408043.1
Brazil,BRA,1900,1782288.9
Brazil,BRA,1910,2380551.2
Brazil,BRA,1920,3359580
Brazil,BRA,1930,4619230.5
Brazil,BRA,1940,5090367.5
Brazil,BRA,1950,6859749
Brazil,BRA,1951,7144111.5
Brazil,BRA,1952,7433371
Brazil,BRA,1953,7726630.5
Brazil,BRA,1954,8023471
Brazil,BRA,1955,8323981
Brazil,BRA,1956,8628824
Brazil,BRA,1957,8939221
Brazil,BRA,1958,9256855
Brazil,BRA,1959,9583701
Brazil,BRA,1960,9921450
Brazil,BRA,1961,10281175
Brazil,BRA,1962,10651390
Brazil,BRA,1963,11029781
Brazil,BRA,1964,11412915
Brazil,BRA,1965,11798158
Brazil,BRA,1966,12184924
Brazil,BRA,1967,12573713
Brazil,BRA,1968,12964302
Brazil,BRA,1969,13356738
Brazil,BRA,1970,13751236
Brazil,BRA,1971,14022978
Brazil,BRA,1972,14296847
Brazil,BRA,1973,14574722
Brazil,BRA,1974,14859123
Brazil,BRA,1975,15151827
Brazil,BRA,1976,15452780
Brazil,BRA,1977,15761267
Brazil,BRA,1978,16077369
Brazil,BRA,1979,16401022
Brazil,BRA,1980,16731741
Brazil,BRA,1981,17097634
Brazil,BRA,1982,17469644
Brazil,BRA,1983,17844062
Brazil,BRA,1984,18216072
Brazil,BRA,1985,18582108
Brazil,BRA,1986,19072304
Brazil,BRA,1987,20602620
Brazil,BRA,1988,21871284
Brazil,BRA,1989,23248312
Brazil,BRA,1990,24842546
Brazil,BRA,1991,26881496
Brazil,BRA,1992,27532884
Brazil,BRA,1993,28442918
Brazil,BRA,1994,29193244
Brazil,BRA,1995,29840850
Brazil,BRA,1996,30644066
Brazil,BRA,1997,31168128
Brazil,BRA,1998,31712956
Brazil,BRA,1999,32628972
Brazil,BRA,2000,33731468
Brazil,BRA,2001,34910620
Brazil,BRA,2002,35681704
Brazil,BRA,2003,36224320
Brazil,BRA,2004,38220012
Brazil,BRA,2005,40345590
Brazil,BRA,2006,42383160
Brazil,BRA,2007,44018056
Brazil,BRA,2008,45517696
Brazil,BRA,2009,46729524
Brazil,BRA,2010,47754810
Brazil,BRA,2011,48486904
Brazil,BRA,2012,49579164
Brazil,BRA,2013,51521870
Brazil,BRA,2014,53756570
Brazil,BRA,2015,55666380
Brazil,BRA,2016,57202064
Brazil,BRA,2017,58658624
Brazil,BRA,2018,59092724
Brazil,BRA,2019,59532510
Brazil,BRA,2020,60407976
Brazil,BRA,2021,60485280
Brazil,BRA,2022,61071256
Brazil,BRA,2023,60992650
Brazil,BRA,2024,61683050
Brazil,BRA,2025,62088570
Brunei,BRN,-10000,0
Brunei,BRN,-9000,0
Brunei,BRN,-8000,0
Brunei,BRN,-7000,0
Brunei,BRN,-6000,0
Brunei,BRN,-5000,0
Brunei,BRN,-4000,0
Brunei,BRN,-3000,0
Brunei,BRN,-2000,0
Brunei,BRN,-1000,0
Brunei,BRN,0,0
Brunei,BRN,100,31.228533
Brunei,BRN,200,46.380436
Brunei,BRN,300,68.88397
Brunei,BRN,400,102.30614
Brunei,BRN,500,151.94464
Brunei,BRN,600,225.66757
Brunei,BRN,700,335.16068
Brunei,BRN,800,497.77966
Brunei,BRN,900,492.86737
Brunei,BRN,1000,488.00372
Brunei,BRN,1100,579.8259
Brunei,BRN,1200,956.841
Brunei,BRN,1300,1042.1398
Brunei,BRN,1400,1125.6625
Brunei,BRN,1500,928.79694
Brunei,BRN,1600,1149.5417
Brunei,BRN,1700,1365.841
Brunei,BRN,1710,1490.8541
Brunei,BRN,1720,1711.594
Brunei,BRN,1730,1965.9071
Brunei,BRN,1740,2258.9873
Brunei,BRN,1750,2596.8416
Brunei,BRN,1760,2986.4202
Brunei,BRN,1770,3435.764
Brunei,BRN,1780,3954.1797
Brunei,BRN,1790,4552.439
Brunei,BRN,1800,5243.0117
Brunei,BRN,1810,6040.3364
Brunei,BRN,1820,6847.9434
Brunei,BRN,1830,7356.2026
Brunei,BRN,1840,8483.304
Brunei,BRN,1850,8774.176
Brunei,BRN,1860,8908.243
Brunei,BRN,1870,8788.749
Brunei,BRN,1880,9059.506
Brunei,BRN,1890,9032.151
Brunei,BRN,1900,9581.136
Brunei,BRN,1910,11099.382
Brunei,BRN,1920,11861.601
Brunei,BRN,1930,14997.054
Brunei,BRN,1940,17267.525
Brunei,BRN,1950,19119.703
Brunei,BRN,1951,20132.178
Brunei,BRN,1952,21112.734
Brunei,BRN,1953,22089.438
Brunei,BRN,1954,23076.4
Brunei,BRN,1955,24087.12
Brunei,BRN,1956,25117.738
Brunei,BRN,1957,26170.148
Brunei,BRN,1958,27221.197
Brunei,BRN,1959,28260.15
Brunei,BRN,1960,15000
Brunei,BRN,1961,15000
Brunei,BRN,1962,15000
Brunei,BRN,1963,15000
Brunei,BRN,1964,18000
Brunei,BRN,1965,18000
Brunei,BRN,1966,17000
Brunei,BRN,1967,17000
Brunei,BRN,1968,18000
Brunei,BRN,1969,18000
Brunei,BRN,1970,18000
Brunei,BRN,1971,13000
Brunei,BRN,1972,12000
Brunei,BRN,1973,12000
Brunei,BRN,1974,12000
Brunei,BRN,1975,12000
Brunei,BRN,1976,11000
Brunei,BRN,1977,9000
Brunei,BRN,1978,9000
Brunei,BRN,1979,9000
Brunei,BRN,1980,9000
Brunei,BRN,1981,9000
Brunei,BRN,1982,8000
Brunei,BRN,1983,8000
Brunei,BRN,1984,8000
Brunei,BRN,1985,8000
Brunei,BRN,1986,8000
Brunei,BRN,1987,8000
Brunei,BRN,1988,8000
Brunei,BRN,1989,8000
Brunei,BRN,1990,8000
Brunei,BRN,1991,8000
Brunei,BRN,1992,8000
Brunei,BRN,1993,8000
Brunei,BRN,1994,8000
Brunei,BRN,1995,8000
Brunei,BRN,1996,8000
Brunei,BRN,1997,8000
Brunei,BRN,1998,8000
Brunei,BRN,1999,8000
Brunei,BRN,2000,8000
Brunei,BRN,2001,9000
Brunei,BRN,2002,9000
Brunei,BRN,2003,9000
Brunei,BRN,2004,9000
Brunei,BRN,2005,9000
Brunei,BRN,2006,9000
Brunei,BRN,2007,9000
Brunei,BRN,2008,9000
Brunei,BRN,2009,10000
Brunei,BRN,2010,10000
Brunei,BRN,2011,10000
Brunei,BRN,2012,10000
Brunei,BRN,2013,10000
Brunei,BRN,2014,10000
Brunei,BRN,2015,10000
Brunei,BRN,2016,10000
Brunei,BRN,2017,10000
Brunei,BRN,2018,10000
Brunei,BRN,2019,10000
Brunei,BRN,2020,10000
Brunei,BRN,2021,10000
Brunei,BRN,2022,10000
Brunei,BRN,2023,10000
Brunei,BRN,2024,10000
Brunei,BRN,2025,10000
Bulgaria,BGR,-10000,0
Bulgaria,BGR,-9000,0
Bulgaria,BGR,-8000,0
Bulgaria,BGR,-7000,0
Bulgaria,BGR,-6000,16265.243
Bulgaria,BGR,-5000,43040.39
Bulgaria,BGR,-4000,76515.57
Bulgaria,BGR,-3000,135264.9
Bulgaria,BGR,-2000,237186.36
Bulgaria,BGR,-1000,410599.72
Bulgaria,BGR,0,694371.8
Bulgaria,BGR,100,893519.1
Bulgaria,BGR,200,1087954.2
Bulgaria,BGR,300,974817.56
Bulgaria,BGR,400,863507.25
Bulgaria,BGR,500,754140.4
Bulgaria,BGR,600,646851.44
Bulgaria,BGR,700,637407.25
Bulgaria,BGR,800,627367.6
Bulgaria,BGR,900,801633.3
Bulgaria,BGR,1000,968178.3
Bulgaria,BGR,1100,1031175.56
Bulgaria,BGR,1200,1076936.4
Bulgaria,BGR,1300,1127893.9
Bulgaria,BGR,1400,601802.1
Bulgaria,BGR,1500,844580.4
Bulgaria,BGR,1600,1263343.4
Bulgaria,BGR,1700,1194719.6
Bulgaria,BGR,1710,1243978.6
Bulgaria,BGR,1720,1294422
Bulgaria,BGR,1730,1346591.4
Bulgaria,BGR,1740,1400506.9
Bulgaria,BGR,1750,1456182.5
Bulgaria,BGR,1760,1513624.8
Bulgaria,BGR,1770,1572830.6
Bulgaria,BGR,1780,1633786.8
Bulgaria,BGR,1790,1696465.4
Bulgaria,BGR,1800,1760823
Bulgaria,BGR,1810,1826795.9
Bulgaria,BGR,1820,1894299
Bulgaria,BGR,1830,1933323.5
Bulgaria,BGR,1840,2012001.4
Bulgaria,BGR,1850,2092437.1
Bulgaria,BGR,1860,2101230
Bulgaria,BGR,1870,2107589.8
Bulgaria,BGR,1880,2421541.2
Bulgaria,BGR,1890,2723213.8
Bulgaria,BGR,1900,2527440
Bulgaria,BGR,1910,2882256.5
Bulgaria,BGR,1920,3155415.2
Bulgaria,BGR,1930,3692676.2
Bulgaria,BGR,1940,4083100
Bulgaria,BGR,1950,4383772.5
Bulgaria,BGR,1951,4405024.5
Bulgaria,BGR,1952,4427006
Bulgaria,BGR,1953,4449234.5
Bulgaria,BGR,1954,4471356
Bulgaria,BGR,1955,4493146
Bulgaria,BGR,1956,4514528.5
Bulgaria,BGR,1957,4535533
Bulgaria,BGR,1958,4556317.5
Bulgaria,BGR,1959,4577076
Bulgaria,BGR,1960,4597977
Bulgaria,BGR,1961,4619000
Bulgaria,BGR,1962,4538000
Bulgaria,BGR,1963,4531000
Bulgaria,BGR,1964,4574000
Bulgaria,BGR,1965,4563000
Bulgaria,BGR,1966,4564000
Bulgaria,BGR,1967,4554000
Bulgaria,BGR,1968,4558000
Bulgaria,BGR,1969,4555000
Bulgaria,BGR,1970,4527000
Bulgaria,BGR,1971,4516000
Bulgaria,BGR,1972,4510000
Bulgaria,BGR,1973,4502000
Bulgaria,BGR,1974,4488000
Bulgaria,BGR,1975,4343000
Bulgaria,BGR,1976,4327000
Bulgaria,BGR,1977,4313000
Bulgaria,BGR,1978,4288000
Bulgaria,BGR,1979,4254000
Bulgaria,BGR,1980,4177000
Bulgaria,BGR,1981,4166000
Bulgaria,BGR,1982,4150000
Bulgaria,BGR,1983,4141000
Bulgaria,BGR,1984,4135000
Bulgaria,BGR,1985,4134000
Bulgaria,BGR,1986,4133000
Bulgaria,BGR,1987,4131000
Bulgaria,BGR,1988,4140000
Bulgaria,BGR,1989,4146000
Bulgaria,BGR,1990,4156000
Bulgaria,BGR,1991,4162000
Bulgaria,BGR,1992,4330000
Bulgaria,BGR,1993,4310000
Bulgaria,BGR,1994,4217000
Bulgaria,BGR,1995,4202000
Bulgaria,BGR,1996,4402000
Bulgaria,BGR,1997,4497000
Bulgaria,BGR,1998,3816000
Bulgaria,BGR,1999,3859000
Bulgaria,BGR,2000,3778000
Bulgaria,BGR,2001,3712000
Bulgaria,BGR,2002,3583000
Bulgaria,BGR,2003,3537000
Bulgaria,BGR,2004,3524000
Bulgaria,BGR,2005,3361000
Bulgaria,BGR,2006,3314000
Bulgaria,BGR,2007,3274000
Bulgaria,BGR,2008,3272000
Bulgaria,BGR,2009,3311000
Bulgaria,BGR,2010,3350000
Bulgaria,BGR,2011,3410000
Bulgaria,BGR,2012,3476000
Bulgaria,BGR,2013,3614000
Bulgaria,BGR,2014,3613000
Bulgaria,BGR,2015,3643200
Bulgaria,BGR,2016,3637000
Bulgaria,BGR,2017,3637170
Bulgaria,BGR,2018,3631000
Bulgaria,BGR,2019,3629000
Bulgaria,BGR,2020,3644000
Bulgaria,BGR,2021,3649518
Bulgaria,BGR,2022,3607815.5
Bulgaria,BGR,2023,3624511.2
Bulgaria,BGR,2024,3621926.2
Bulgaria,BGR,2025,3619341
Burkina Faso,BFA,-10000,0
Burkina Faso,BFA,-9000,0
Burkina Faso,BFA,-8000,0
Burkina Faso,BFA,-7000,0
Burkina Faso,BFA,-6000,0
Burkina Faso,BFA,-5000,0
Burkina Faso,BFA,-4000,0
Burkina Faso,BFA,-3000,0
Burkina Faso,BFA,-2000,0
Burkina Faso,BFA,-1000,0
Burkina Faso,BFA,0,128804.516
Burkina Faso,BFA,100,146193.12
Burkina Faso,BFA,200,165928.12
Burkina Faso,BFA,300,188326.02
Burkina Faso,BFA,400,213745.92
Burkina Faso,BFA,500,242595.45
Burkina Faso,BFA,600,275337.12
Burkina Faso,BFA,700,312495.8
Burkina Faso,BFA,800,354667.12
Burkina Faso,BFA,900,402527.06
Burkina Faso,BFA,1000,456842.56
Burkina Faso,BFA,1100,518484.2
Burkina Faso,BFA,1200,588438.75
Burkina Faso,BFA,1300,667829.56
Burkina Faso,BFA,1400,757926.25
Burkina Faso,BFA,1500,860172.75
Burkina Faso,BFA,1600,976207.1
Burkina Faso,BFA,1700,1107887.8
Burkina Faso,BFA,1710,1111745.4
Burkina Faso,BFA,1720,1122184.2
Burkina Faso,BFA,1730,1133177
Burkina Faso,BFA,1740,1144779.8
Burkina Faso,BFA,1750,1157057.9
Burkina Faso,BFA,1760,1170087
Burkina Faso,BFA,1770,1183955.9
Burkina Faso,BFA,1780,1198769.1
Burkina Faso,BFA,1790,1214651.9
Burkina Faso,BFA,1800,1231754.2
Burkina Faso,BFA,1810,1250259.4
Burkina Faso,BFA,1820,1270393.1
Burkina Faso,BFA,1830,1292438.2
Burkina Faso,BFA,1840,1316754.9
Burkina Faso,BFA,1850,1241675.2
Burkina Faso,BFA,1860,1266905.9
Burkina Faso,BFA,1870,1292649.1
Burkina Faso,BFA,1880,1345478.8
Burkina Faso,BFA,1890,1400467.4
Burkina Faso,BFA,1900,1472287.6
Burkina Faso,BFA,1910,1642718.8
Burkina Faso,BFA,1920,1802340.9
Burkina Faso,BFA,1930,2024794.1
Burkina Faso,BFA,1940,2281628.5
Burkina Faso,BFA,1950,2674493.2
Burkina Faso,BFA,1951,2699520
Burkina Faso,BFA,1952,2726174.5
Burkina Faso,BFA,1953,2754969.5
Burkina Faso,BFA,1954,2786199
Burkina Faso,BFA,1955,2819939.5
Burkina Faso,BFA,1956,2856053
Burkina Faso,BFA,1957,2894181.5
Burkina Faso,BFA,1958,2933792
Burkina Faso,BFA,1959,2974247.5
Burkina Faso,BFA,1960,3015000
Burkina Faso,BFA,1961,3015000
Burkina Faso,BFA,1962,3015000
Burkina Faso,BFA,1963,3015000
Burkina Faso,BFA,1964,3020000
Burkina Faso,BFA,1965,3020000
Burkina Faso,BFA,1966,3020000
Burkina Faso,BFA,1967,3020000
Burkina Faso,BFA,1968,3020000
Burkina Faso,BFA,1969,3020000
Burkina Faso,BFA,1970,3020000
Burkina Faso,BFA,1971,3020000
Burkina Faso,BFA,1972,3020000
Burkina Faso,BFA,1973,3020000
Burkina Faso,BFA,1974,3020000
Burkina Faso,BFA,1975,3030000
Burkina Faso,BFA,1976,3035000
Burkina Faso,BFA,1977,3035000
Burkina Faso,BFA,1978,3035000
Burkina Faso,BFA,1979,3035000
Burkina Faso,BFA,1980,3040000
Burkina Faso,BFA,1981,3045000
Burkina Faso,BFA,1982,3045000
Burkina Faso,BFA,1983,3050000
Burkina Faso,BFA,1984,3180830.5
Burkina Faso,BFA,1985,3306661
Burkina Faso,BFA,1986,3437491.5
Burkina Faso,BFA,1987,3568322
Burkina Faso,BFA,1988,3699152.2
Burkina Faso,BFA,1989,3824982.8
Burkina Faso,BFA,1990,3950813.2
Burkina Faso,BFA,1991,4076643.8
Burkina Faso,BFA,1992,4202474
Burkina Faso,BFA,1993,4328304.5
Burkina Faso,BFA,1994,4454135
Burkina Faso,BFA,1995,4579965.5
Burkina Faso,BFA,1996,4705796
Burkina Faso,BFA,1997,4831626.5
Burkina Faso,BFA,1998,4957457
Burkina Faso,BFA,1999,5083288
Burkina Faso,BFA,2000,5211118
Burkina Faso,BFA,2001,5340948.5
Burkina Faso,BFA,2002,5468779
Burkina Faso,BFA,2003,5596610
Burkina Faso,BFA,2004,5739440
Burkina Faso,BFA,2005,5881270.5
Burkina Faso,BFA,2006,6019101
Burkina Faso,BFA,2007,6149931.5
Burkina Faso,BFA,2008,6288262
Burkina Faso,BFA,2009,6431592.5
Burkina Faso,BFA,2010,6591422.5
Burkina Faso,BFA,2011,6793253
Burkina Faso,BFA,2012,6949083.5
Burkina Faso,BFA,2013,7164914
Burkina Faso,BFA,2014,7320744.5
Burkina Faso,BFA,2015,7486575
Burkina Faso,BFA,2016,7632405.5
Burkina Faso,BFA,2017,7778236
Burkina Faso,BFA,2018,8004065.5
Burkina Faso,BFA,2019,8139897
Burkina Faso,BFA,2020,8270727.5
Burkina Faso,BFA,2021,8416558
Burkina Faso,BFA,2022,8567389
Burkina Faso,BFA,2023,8700719
Burkina Faso,BFA,2024,8841049
Burkina Faso,BFA,2025,8981380
Burundi,BDI,-10000,0
Burundi,BDI,-9000,0
Burundi,BDI,-8000,0
Burundi,BDI,-7000,0
Burundi,BDI,-6000,0
Burundi,BDI,-5000,0
Burundi,BDI,-4000,0
Burundi,BDI,-3000,0
Burundi,BDI,-2000,0
Burundi,BDI,-1000,0
Burundi,BDI,0,3807.6694
Burundi,BDI,100,5509.782
Burundi,BDI,200,7972.123
Burundi,BDI,300,11533.916
Burundi,BDI,400,16685.596
Burundi,BDI,500,24136.117
Burundi,BDI,600,34910.223
Burundi,BDI,700,50488.9
Burundi,BDI,800,73012.266
Burundi,BDI,900,90726.375
Burundi,BDI,1000,108217.125
Burundi,BDI,1100,130858.07
Burundi,BDI,1200,153200.08
Burundi,BDI,1300,175237.33
Burundi,BDI,1400,196963.77
Burundi,BDI,1500,218373.08
Burundi,BDI,1600,238590.98
Burundi,BDI,1700,258490.2
Burundi,BDI,1710,269982.3
Burundi,BDI,1720,281813.38
Burundi,BDI,1730,293627.34
Burundi,BDI,1740,305424.12
Burundi,BDI,1750,317203.75
Burundi,BDI,1760,328966.12
Burundi,BDI,1770,340711.22
Burundi,BDI,1780,352439.03
Burundi,BDI,1790,364149.5
Burundi,BDI,1800,375842.56
Burundi,BDI,1810,387518.25
Burundi,BDI,1820,399176.5
Burundi,BDI,1830,410817.25
Burundi,BDI,1840,422440.44
Burundi,BDI,1850,434046.03
Burundi,BDI,1860,460471.2
Burundi,BDI,1870,488504.4
Burundi,BDI,1880,523418.03
Burundi,BDI,1890,560826.06
Burundi,BDI,1900,533019.5
Burundi,BDI,1910,491522.38
Burundi,BDI,1920,478944.8
Burundi,BDI,1930,547219.94
Burundi,BDI,1940,628380.6
Burundi,BDI,1950,750550.44
Burundi,BDI,1951,766813.25
Burundi,BDI,1952,781183.7
Burundi,BDI,1953,794746.3
Burundi,BDI,1954,808326.75
Burundi,BDI,1955,822497.9
Burundi,BDI,1956,837562.7
Burundi,BDI,1957,853582.7
Burundi,BDI,1958,870383.4
Burundi,BDI,1959,887632.7
Burundi,BDI,1960,905000
Burundi,BDI,1961,905000
Burundi,BDI,1962,930000
Burundi,BDI,1963,954000
Burundi,BDI,1964,974000
Burundi,BDI,1965,996000
Burundi,BDI,1966,993000
Burundi,BDI,1967,1038000
Burundi,BDI,1968,1050000
Burundi,BDI,1969,1247000
Burundi,BDI,1970,1200000
Burundi,BDI,1971,1189000
Burundi,BDI,1972,1166000
Burundi,BDI,1973,1230000
Burundi,BDI,1974,1230000
Burundi,BDI,1975,1230000
Burundi,BDI,1976,1235000
Burundi,BDI,1977,1262000
Burundi,BDI,1978,1255000
Burundi,BDI,1979,1250000
Burundi,BDI,1980,1250000
Burundi,BDI,1981,1250000
Burundi,BDI,1982,1250000
Burundi,BDI,1983,1250000
Burundi,BDI,1984,1250000
Burundi,BDI,1985,1250000
Burundi,BDI,1986,1270000
Burundi,BDI,1987,1280000
Burundi,BDI,1988,1290000
Burundi,BDI,1989,1290000
Burundi,BDI,1990,1290000
Burundi,BDI,1991,1290000
Burundi,BDI,1992,1300000
Burundi,BDI,1993,1300000
Burundi,BDI,1994,1300000
Burundi,BDI,1995,1310000
Burundi,BDI,1996,1310000
Burundi,BDI,1997,1310000
Burundi,BDI,1998,1310000
Burundi,BDI,1999,1320000
Burundi,BDI,2000,1320000
Burundi,BDI,2001,1337000
Burundi,BDI,2002,1351000
Burundi,BDI,2003,1350000
Burundi,BDI,2004,1365000
Burundi,BDI,2005,1336000
Burundi,BDI,2006,1339000
Burundi,BDI,2007,1342000
Burundi,BDI,2008,1345000
Burundi,BDI,2009,1348000
Burundi,BDI,2010,1350000
Burundi,BDI,2011,1358000
Burundi,BDI,2012,1377000
Burundi,BDI,2013,1404000
Burundi,BDI,2014,1431000
Burundi,BDI,2015,1458000
Burundi,BDI,2016,1485000
Burundi,BDI,2017,1512000
Burundi,BDI,2018,1538999.9
Burundi,BDI,2019,1565999.9
Burundi,BDI,2020,1593000
Burundi,BDI,2021,1620000
Burundi,BDI,2022,1643508.4
Burundi,BDI,2023,1671206.9
Burundi,BDI,2024,1697508.6
Burundi,BDI,2025,1723810.1
Cambodia,KHM,-10000,0
Cambodia,KHM,-9000,0
Cambodia,KHM,-8000,0
Cambodia,KHM,-7000,0
Cambodia,KHM,-6000,0
Cambodia,KHM,-5000,0
Cambodia,KHM,-4000,0
Cambodia,KHM,-3000,0
Cambodia,KHM,-2000,0
Cambodia,KHM,-1000,0
Cambodia,KHM,0,152272.23
Cambodia,KHM,100,162008.19
Cambodia,KHM,200,172294.73
Cambodia,KHM,300,183152.27
Cambodia,KHM,400,194599.97
Cambodia,KHM,500,206655.22
Cambodia,KHM,600,219333.08
Cambodia,KHM,700,232645.36
Cambodia,KHM,800,246599.7
Cambodia,KHM,900,256155.56
Cambodia,KHM,1000,265129.28
Cambodia,KHM,1100,286501.28
Cambodia,KHM,1200,306739.56
Cambodia,KHM,1300,325761.8
Cambodia,KHM,1400,343483.03
Cambodia,KHM,1500,359804.75
Cambodia,KHM,1600,389836.34
Cambodia,KHM,1700,417427.2
Cambodia,KHM,1710,421219.25
Cambodia,KHM,1720,424977.97
Cambodia,KHM,1730,428703.06
Cambodia,KHM,1740,432394.28
Cambodia,KHM,1750,436051.2
Cambodia,KHM,1760,439673.53
Cambodia,KHM,1770,443260.94
Cambodia,KHM,1780,446813.1
Cambodia,KHM,1790,450329.6
Cambodia,KHM,1800,453810.16
Cambodia,KHM,1810,457254.34
Cambodia,KHM,1820,460661.8
Cambodia,KHM,1830,468017.38
Cambodia,KHM,1840,477700.78
Cambodia,KHM,1850,487570.75
Cambodia,KHM,1860,497630.4
Cambodia,KHM,1870,507882.75
Cambodia,KHM,1880,540033.56
Cambodia,KHM,1890,601875.06
Cambodia,KHM,1900,669795.7
Cambodia,KHM,1910,744348.56
Cambodia,KHM,1920,836451.7
Cambodia,KHM,1930,1159216.8
Cambodia,KHM,1940,1538170.2
Cambodia,KHM,1950,1981322.2
Cambodia,KHM,1951,2055587.9
Cambodia,KHM,1952,2137503
Cambodia,KHM,1953,2224611.2
Cambodia,KHM,1954,2315036.2
Cambodia,KHM,1955,2407511.2
Cambodia,KHM,1956,2501468.2
Cambodia,KHM,1957,2597068.5
Cambodia,KHM,1958,2695095.5
Cambodia,KHM,1959,2796826.8
Cambodia,KHM,1960,2938000
Cambodia,KHM,1961,2938000
Cambodia,KHM,1962,2953000
Cambodia,KHM,1963,2962000
Cambodia,KHM,1964,3015000
Cambodia,KHM,1965,3047000
Cambodia,KHM,1966,3047000
Cambodia,KHM,1967,3049000
Cambodia,KHM,1968,2997000
Cambodia,KHM,1969,2897000
Cambodia,KHM,1970,2839000
Cambodia,KHM,1971,1870000
Cambodia,KHM,1972,1870000
Cambodia,KHM,1973,1870000
Cambodia,KHM,1974,1920000
Cambodia,KHM,1975,1920000
Cambodia,KHM,1976,1970000
Cambodia,KHM,1977,1970000
Cambodia,KHM,1978,2020000
Cambodia,KHM,1979,2020000
Cambodia,KHM,1980,2070000
Cambodia,KHM,1981,2070000
Cambodia,KHM,1982,2100000
Cambodia,KHM,1983,2110000
Cambodia,KHM,1984,2110000
Cambodia,KHM,1985,2390000
Cambodia,KHM,1986,2690000
Cambodia,KHM,1987,3100000
Cambodia,KHM,1988,3550000
Cambodia,KHM,1989,3785000
Cambodia,KHM,1990,3805000
Cambodia,KHM,1991,3810000
Cambodia,KHM,1992,3815000
Cambodia,KHM,1993,3822222
Cambodia,KHM,1994,3814548
Cambodia,KHM,1995,3813143.2
Cambodia,KHM,1996,3825658.2
Cambodia,KHM,1997,3824954.8
Cambodia,KHM,1998,3829991
Cambodia,KHM,1999,3839992.2
Cambodia,KHM,2000,3839993
Cambodia,KHM,2001,3839993.8
Cambodia,KHM,2002,3849995
Cambodia,KHM,2003,3849995.8
Cambodia,KHM,2004,3849995.2
Cambodia,KHM,2005,3855996
Cambodia,KHM,2006,3854997
Cambodia,KHM,2007,3854997.8
Cambodia,KHM,2008,3854998
Cambodia,KHM,2009,3828731.8
Cambodia,KHM,2010,3881411
Cambodia,KHM,2011,3933195.8
Cambodia,KHM,2012,3998757
Cambodia,KHM,2013,4051985.2
Cambodia,KHM,2014,4092614
Cambodia,KHM,2015,4147944.2
Cambodia,KHM,2016,4200004
Cambodia,KHM,2017,4284624
Cambodia,KHM,2018,4358365
Cambodia,KHM,2019,4451597.5
Cambodia,KHM,2020,4554881.5
Cambodia,KHM,2021,4622572.5
Cambodia,KHM,2022,4614829.5
Cambodia,KHM,2023,4725620.5
Cambodia,KHM,2024,4794011.5
Cambodia,KHM,2025,4862401.5
Cameroon,CMR,-10000,0
Cameroon,CMR,-9000,0
Cameroon,CMR,-8000,0
Cameroon,CMR,-7000,0
Cameroon,CMR,-6000,0
Cameroon,CMR,-5000,0
Cameroon,CMR,-4000,0
Cameroon,CMR,-3000,0
Cameroon,CMR,-2000,0
Cameroon,CMR,-1000,0
Cameroon,CMR,0,187704.36
Cameroon,CMR,100,215145.62
Cameroon,CMR,200,246592.44
Cameroon,CMR,300,282628.62
Cameroon,CMR,400,323923.16
Cameroon,CMR,500,371242.22
Cameroon,CMR,600,425463.7
Cameroon,CMR,700,487593.06
Cameroon,CMR,800,558782.25
Cameroon,CMR,900,640350.9
Cameroon,CMR,1000,733810.25
Cameroon,CMR,1100,840891.8
Cameroon,CMR,1200,963578.44
Cameroon,CMR,1300,1104142.2
Cameroon,CMR,1400,1265184.2
Cameroon,CMR,1500,1449684.6
Cameroon,CMR,1600,1661060
Cameroon,CMR,1700,1903215.9
Cameroon,CMR,1710,1965004.1
Cameroon,CMR,1720,2026823.5
Cameroon,CMR,1730,2088673.6
Cameroon,CMR,1740,2150555
Cameroon,CMR,1750,2212466.8
Cameroon,CMR,1760,2274409.8
Cameroon,CMR,1770,2336383.5
Cameroon,CMR,1780,2398388
Cameroon,CMR,1790,2460423.5
Cameroon,CMR,1800,2522489.5
Cameroon,CMR,1810,2584586.2
Cameroon,CMR,1820,2646713.8
Cameroon,CMR,1830,2708872.2
Cameroon,CMR,1840,2771061.2
Cameroon,CMR,1850,2833281.8
Cameroon,CMR,1860,2970406.8
Cameroon,CMR,1870,3124876.5
Cameroon,CMR,1880,3320867.2
Cameroon,CMR,1890,3529814.8
Cameroon,CMR,1900,3395877.8
Cameroon,CMR,1910,3117613
Cameroon,CMR,1920,2986590
Cameroon,CMR,1930,3408987.5
Cameroon,CMR,1940,3875566
Cameroon,CMR,1950,4583565
Cameroon,CMR,1951,4664460
Cameroon,CMR,1952,4746941
Cameroon,CMR,1953,4831271.5
Cameroon,CMR,1954,4917797.5
Cameroon,CMR,1955,5006906
Cameroon,CMR,1956,5099078.5
Cameroon,CMR,1957,5194873.5
Cameroon,CMR,1958,5294885
Cameroon,CMR,1959,5399727.5
Cameroon,CMR,1960,5510000
Cameroon,CMR,1961,5510000
Cameroon,CMR,1962,5570000
Cameroon,CMR,1963,5620000
Cameroon,CMR,1964,5680000
Cameroon,CMR,1965,5740000
Cameroon,CMR,1966,5800000
Cameroon,CMR,1967,5870000
Cameroon,CMR,1968,5920000
Cameroon,CMR,1969,5970000
Cameroon,CMR,1970,5978000
Cameroon,CMR,1971,6028000
Cameroon,CMR,1972,6095000
Cameroon,CMR,1973,6160000
Cameroon,CMR,1974,6280000
Cameroon,CMR,1975,6395000
Cameroon,CMR,1976,6510000
Cameroon,CMR,1977,6644000
Cameroon,CMR,1978,6671000
Cameroon,CMR,1979,6912000
Cameroon,CMR,1980,6930000
Cameroon,CMR,1981,6960000
Cameroon,CMR,1982,7010000
Cameroon,CMR,1983,7060000
Cameroon,CMR,1984,7109989
Cameroon,CMR,1985,7159990
Cameroon,CMR,1986,7229990.5
Cameroon,CMR,1987,7209990.5
Cameroon,CMR,1988,7209991.5
Cameroon,CMR,1989,7189991.5
Cameroon,CMR,1990,7169991.5
Cameroon,CMR,1991,7149992
Cameroon,CMR,1992,7159992
Cameroon,CMR,1993,7159993
Cameroon,CMR,1994,7159993
Cameroon,CMR,1995,7159994
Cameroon,CMR,1996,7159994
Cameroon,CMR,1997,7159994.5
Cameroon,CMR,1998,7159995.5
Cameroon,CMR,1999,7159997
Cameroon,CMR,2000,7159990
Cameroon,CMR,2001,7159981
Cameroon,CMR,2002,7159965
Cameroon,CMR,2003,7159994.5
Cameroon,CMR,2004,7209991.5
Cameroon,CMR,2005,7212993
Cameroon,CMR,2006,7212994
Cameroon,CMR,2007,7212994.5
Cameroon,CMR,2008,7262994
Cameroon,CMR,2009,7313000
Cameroon,CMR,2010,7699999
Cameroon,CMR,2011,7749997.5
Cameroon,CMR,2012,7749997.5
Cameroon,CMR,2013,7750000
Cameroon,CMR,2014,7750000
Cameroon,CMR,2015,7750000
Cameroon,CMR,2016,7750000
Cameroon,CMR,2017,7750000
Cameroon,CMR,2018,7750000
Cameroon,CMR,2019,7750000
Cameroon,CMR,2020,7750000
Cameroon,CMR,2021,7750000
Cameroon,CMR,2022,7750000
Cameroon,CMR,2023,7750000
Cameroon,CMR,2024,7750000
Cameroon,CMR,2025,7750000
Canada,CAN,-10000,0
Canada,CAN,-9000,0
Canada,CAN,-8000,0
Canada,CAN,-7000,0
Canada,CAN,-6000,0
Canada,CAN,-5000,0
Canada,CAN,-4000,0
Canada,CAN,-3000,0
Canada,CAN,-2000,0
Canada,CAN,-1000,0
Canada,CAN,0,0
Canada,CAN,100,0
Canada,CAN,200,0
Canada,CAN,300,0
Canada,CAN,400,0
Canada,CAN,500,0
Canada,CAN,600,0
Canada,CAN,700,0
Canada,CAN,800,0
Canada,CAN,900,0
Canada,CAN,1000,0
Canada,CAN,1100,0
Canada,CAN,1200,0
Canada,CAN,1300,0
Canada,CAN,1400,0
Canada,CAN,1500,926.86084
Canada,CAN,1600,9697.019
Canada,CAN,1700,18666.105
Canada,CAN,1710,24776.96
Canada,CAN,1720,32983.867
Canada,CAN,1730,44043.727
Canada,CAN,1740,59002.027
Canada,CAN,1750,79308.95
Canada,CAN,1760,106984.64
Canada,CAN,1770,144855.27
Canada,CAN,1780,196891.45
Canada,CAN,1790,268695.47
Canada,CAN,1800,386044.66
Canada,CAN,1810,530496.56
Canada,CAN,1820,732052.3
Canada,CAN,1830,1014490.3
Canada,CAN,1840,1414122.8
Canada,CAN,1850,1976894.4
Canada,CAN,1860,3266879
Canada,CAN,1870,4908124
Canada,CAN,1880,6088281.5
Canada,CAN,1890,7635633.5
Canada,CAN,1900,8390034
Canada,CAN,1910,14468631
Canada,CAN,1920,20205300
Canada,CAN,1930,23544866
Canada,CAN,1940,26430022
Canada,CAN,1950,29315178
Canada,CAN,1951,29966988
Canada,CAN,1952,30618800
Canada,CAN,1953,31270610
Canada,CAN,1954,31922422
Canada,CAN,1955,32574232
Canada,CAN,1956,33226044
Canada,CAN,1957,33877852
Canada,CAN,1958,34529664
Canada,CAN,1959,35181476
Canada,CAN,1960,35833290
Canada,CAN,1961,36695000
Canada,CAN,1962,37020000
Canada,CAN,1963,37345000
Canada,CAN,1964,37670000
Canada,CAN,1965,37995000
Canada,CAN,1966,38317000
Canada,CAN,1967,38384000
Canada,CAN,1968,38451000
Canada,CAN,1969,38518000
Canada,CAN,1970,38585000
Canada,CAN,1971,38650000
Canada,CAN,1972,38773000
Canada,CAN,1973,38896000
Canada,CAN,1974,39019000
Canada,CAN,1975,39142000
Canada,CAN,1976,39263100
Canada,CAN,1977,39544000
Canada,CAN,1978,39824000
Canada,CAN,1979,40104000
Canada,CAN,1980,40384000
Canada,CAN,1981,40668000
Canada,CAN,1982,40870000
Canada,CAN,1983,41072000
Canada,CAN,1984,41274000
Canada,CAN,1985,41476000
Canada,CAN,1986,41679892
Canada,CAN,1987,41629000
Canada,CAN,1988,41578000
Canada,CAN,1989,41527000
Canada,CAN,1990,41476000
Canada,CAN,1991,41428730
Canada,CAN,1992,41389000
Canada,CAN,1993,41349000
Canada,CAN,1994,41309000
Canada,CAN,1995,41269000
Canada,CAN,1996,41231000
Canada,CAN,1997,41207000
Canada,CAN,1998,41184000
Canada,CAN,1999,41161000
Canada,CAN,2000,41138000
Canada,CAN,2001,41113160
Canada,CAN,2002,40780000
Canada,CAN,2003,40447000
Canada,CAN,2004,40114000
Canada,CAN,2005,39781000
Canada,CAN,2006,39448000
Canada,CAN,2007,39052000
Canada,CAN,2008,38656000
Canada,CAN,2009,38260000
Canada,CAN,2010,37864000
Canada,CAN,2011,37463700
Canada,CAN,2012,37713000
Canada,CAN,2013,37962000
Canada,CAN,2014,38211000
Canada,CAN,2015,38461000
Canada,CAN,2016,38708000
Canada,CAN,2017,38682000
Canada,CAN,2018,38860000
Canada,CAN,2019,38815000
Canada,CAN,2020,38401000
Canada,CAN,2021,38431000
Canada,CAN,2022,38517000
Canada,CAN,2023,38283800
Canada,CAN,2024,38176800
Canada,CAN,2025,38069800
Cape Verde,CPV,-10000,0
Cape Verde,CPV,-9000,0
Cape Verde,CPV,-8000,0
Cape Verde,CPV,-7000,0
Cape Verde,CPV,-6000,0
Cape Verde,CPV,-5000,0
Cape Verde,CPV,-4000,0
Cape Verde,CPV,-3000,0
Cape Verde,CPV,-2000,0
Cape Verde,CPV,-1000,0
Cape Verde,CPV,0,0
Cape Verde,CPV,100,0
Cape Verde,CPV,200,0
Cape Verde,CPV,300,0
Cape Verde,CPV,400,0
Cape Verde,CPV,500,0
Cape Verde,CPV,600,0
Cape Verde,CPV,700,0
Cape Verde,CPV,800,0
Cape Verde,CPV,900,0
Cape Verde,CPV,1000,0
Cape Verde,CPV,1100,0
Cape Verde,CPV,1200,0
Cape Verde,CPV,1300,0
Cape Verde,CPV,1400,0
Cape Verde,CPV,1500,0
Cape Verde,CPV,1600,2241.298
Cape Verde,CPV,1700,4348.4976
Cape Verde,CPV,1710,5652.1284
Cape Verde,CPV,1720,6103.4175
Cape Verde,CPV,1730,6590.5312
Cape Verde,CPV,1740,7116.2925
Cape Verde,CPV,1750,7683.7456
Cape Verde,CPV,1760,8296.169
Cape Verde,CPV,1770,8957.1
Cape Verde,CPV,1780,9670.347
Cape Verde,CPV,1790,10440.019
Cape Verde,CPV,1800,11270.541
Cape Verde,CPV,1810,12166.68
Cape Verde,CPV,1820,13133.577
Cape Verde,CPV,1830,14176.764
Cape Verde,CPV,1840,15302.206
Cape Verde,CPV,1850,16516.326
Cape Verde,CPV,1860,17826.043
Cape Verde,CPV,1870,19238.8
Cape Verde,CPV,1880,20762.629
Cape Verde,CPV,1890,22406.162
Cape Verde,CPV,1900,24178.701
Cape Verde,CPV,1910,26090.256
Cape Verde,CPV,1920,28151.6
Cape Verde,CPV,1930,30374.332
Cape Verde,CPV,1940,32770.93
Cape Verde,CPV,1950,35354.82
Cape Verde,CPV,1951,36940.477
Cape Verde,CPV,1952,37995.7
Cape Verde,CPV,1953,38636.16
Cape Verde,CPV,1954,38976.35
Cape Verde,CPV,1955,39115.723
Cape Verde,CPV,1956,39154.535
Cape Verde,CPV,1957,39183.19
Cape Verde,CPV,1958,39287.582
Cape Verde,CPV,1959,39541.4
Cape Verde,CPV,1960,40000
Cape Verde,CPV,1961,40000
Cape Verde,CPV,1962,40000
Cape Verde,CPV,1963,40000
Cape Verde,CPV,1964,40000
Cape Verde,CPV,1965,40000
Cape Verde,CPV,1966,40000
Cape Verde,CPV,1967,40000
Cape Verde,CPV,1968,40000
Cape Verde,CPV,1969,40000
Cape Verde,CPV,1970,40000
Cape Verde,CPV,1971,40000
Cape Verde,CPV,1972,40000
Cape Verde,CPV,1973,40000
Cape Verde,CPV,1974,40000
Cape Verde,CPV,1975,40000
Cape Verde,CPV,1976,40000
Cape Verde,CPV,1977,40000
Cape Verde,CPV,1978,40000
Cape Verde,CPV,1979,40000
Cape Verde,CPV,1980,40000
Cape Verde,CPV,1981,40000
Cape Verde,CPV,1982,40000
Cape Verde,CPV,1983,40000
Cape Verde,CPV,1984,40000
Cape Verde,CPV,1985,40000
Cape Verde,CPV,1986,40000
Cape Verde,CPV,1987,40000
Cape Verde,CPV,1988,42000
Cape Verde,CPV,1989,42000
Cape Verde,CPV,1990,43000
Cape Verde,CPV,1991,43000
Cape Verde,CPV,1992,44000
Cape Verde,CPV,1993,44000
Cape Verde,CPV,1994,44000
Cape Verde,CPV,1995,45000
Cape Verde,CPV,1996,45000
Cape Verde,CPV,1997,47000
Cape Verde,CPV,1998,47000
Cape Verde,CPV,1999,47000
Cape Verde,CPV,2000,47000
Cape Verde,CPV,2001,49000
Cape Verde,CPV,2002,50000
Cape Verde,CPV,2003,50000
Cape Verde,CPV,2004,51000
Cape Verde,CPV,2005,51000
Cape Verde,CPV,2006,51000
Cape Verde,CPV,2007,51000
Cape Verde,CPV,2008,53000
Cape Verde,CPV,2009,53000
Cape Verde,CPV,2010,53000
Cape Verde,CPV,2011,54000
Cape Verde,CPV,2012,54000
Cape Verde,CPV,2013,54000
Cape Verde,CPV,2014,54000
Cape Verde,CPV,2015,54000
Cape Verde,CPV,2016,54000
Cape Verde,CPV,2017,54000
Cape Verde,CPV,2018,54000
Cape Verde,CPV,2019,54000
Cape Verde,CPV,2020,54000
Cape Verde,CPV,2021,54000
Cape Verde,CPV,2022,54000
Cape Verde,CPV,2023,54000
Cape Verde,CPV,2024,54000
Cape Verde,CPV,2025,54000
Central African Republic,CAF,-10000,0
Central African Republic,CAF,-9000,0
Central African Republic,CAF,-8000,0
Central African Republic,CAF,-7000,0
Central African Republic,CAF,-6000,0
Central African Republic,CAF,-5000,0
Central African Republic,CAF,-4000,0
Central African Republic,CAF,-3000,0
Central African Republic,CAF,-2000,0
Central African Republic,CAF,-1000,0
Central African Republic,CAF,0,0
Central African Republic,CAF,100,0
Central African Republic,CAF,200,0
Central African Republic,CAF,300,0
Central African Republic,CAF,400,0
Central African Republic,CAF,500,0
Central African Republic,CAF,600,0
Central African Republic,CAF,700,0
Central African Republic,CAF,800,0
Central African Republic,CAF,900,0
Central African Republic,CAF,1000,0
Central African Republic,CAF,1100,0
Central African Republic,CAF,1200,0
Central African Republic,CAF,1300,0
Central African Republic,CAF,1400,0
Central African Republic,CAF,1500,0
Central African Republic,CAF,1600,383690.28
Central African Republic,CAF,1700,404945.7
Central African Republic,CAF,1710,406406.2
Central African Republic,CAF,1720,454595.12
Central African Republic,CAF,1730,502809.03
Central African Republic,CAF,1740,551048
Central African Republic,CAF,1750,599311.94
Central African Republic,CAF,1760,647600.8
Central African Republic,CAF,1770,695914.7
Central African Republic,CAF,1780,744253.5
Central African Republic,CAF,1790,792617.25
Central African Republic,CAF,1800,841005.9
Central African Republic,CAF,1810,889419.3
Central African Republic,CAF,1820,937857.7
Central African Republic,CAF,1830,986320.9
Central African Republic,CAF,1840,1034809
Central African Republic,CAF,1850,1083321.8
Central African Republic,CAF,1860,1089370.1
Central African Republic,CAF,1870,1110971.2
Central African Republic,CAF,1880,1149940.6
Central African Republic,CAF,1890,1190542.2
Central African Republic,CAF,1900,1137961.2
Central African Republic,CAF,1910,1071773.5
Central African Republic,CAF,1920,1019580.06
Central African Republic,CAF,1930,1160452.5
Central African Republic,CAF,1940,1307807.8
Central African Republic,CAF,1950,1533168.1
Central African Republic,CAF,1951,1548448.6
Central African Republic,CAF,1952,1564240.9
Central African Republic,CAF,1953,1580839.5
Central African Republic,CAF,1954,1598535.9
Central African Republic,CAF,1955,1617548.4
Central African Republic,CAF,1956,1638084.1
Central African Republic,CAF,1957,1660287.8
Central African Republic,CAF,1958,1684282.8
Central African Republic,CAF,1959,1710169.1
Central African Republic,CAF,1960,1738000
Central African Republic,CAF,1961,1738000
Central African Republic,CAF,1962,1748000
Central African Republic,CAF,1963,1756000
Central African Republic,CAF,1964,1770000
Central African Republic,CAF,1965,1780000
Central African Republic,CAF,1966,1790000
Central African Republic,CAF,1967,1800000
Central African Republic,CAF,1968,1810000
Central African Republic,CAF,1969,1820000
Central African Republic,CAF,1970,1830000
Central African Republic,CAF,1971,1840000
Central African Republic,CAF,1972,1850000
Central African Republic,CAF,1973,1860000
Central African Republic,CAF,1974,1870000
Central African Republic,CAF,1975,1903069.9
Central African Republic,CAF,1976,1914200
Central African Republic,CAF,1977,1925500
Central African Republic,CAF,1978,1936710
Central African Republic,CAF,1979,1949356
Central African Republic,CAF,1980,1961197.1
Central African Republic,CAF,1981,1945000
Central African Republic,CAF,1982,1962650
Central African Republic,CAF,1983,1944680.1
Central African Republic,CAF,1984,1949800
Central African Republic,CAF,1985,1949191
Central African Republic,CAF,1986,1953224
Central African Republic,CAF,1987,1957544.9
Central African Republic,CAF,1988,1958374
Central African Republic,CAF,1989,1965252
Central African Republic,CAF,1990,1955481
Central African Republic,CAF,1991,1957130.1
Central African Republic,CAF,1992,1949882
Central African Republic,CAF,1993,1953802
Central African Republic,CAF,1994,1950375
Central African Republic,CAF,1995,1952006
Central African Republic,CAF,1996,1958147.1
Central African Republic,CAF,1997,1960977.9
Central African Republic,CAF,1998,1957918
Central African Republic,CAF,1999,1957051
Central African Republic,CAF,2000,1961871.1
Central African Republic,CAF,2001,1960228.9
Central African Republic,CAF,2002,1961401
Central African Republic,CAF,2003,1945702
Central African Republic,CAF,2004,1944327.9
Central African Republic,CAF,2005,1942703.9
Central African Republic,CAF,2006,1939616
Central African Republic,CAF,2007,1944185
Central African Republic,CAF,2008,1945827.9
Central African Republic,CAF,2009,1940864
Central African Republic,CAF,2010,1916878.9
Central African Republic,CAF,2011,1885757
Central African Republic,CAF,2012,1890353.9
Central African Republic,CAF,2013,1896356
Central African Republic,CAF,2014,1917527.9
Central African Republic,CAF,2015,1917741
Central African Republic,CAF,2016,1917623
Central African Republic,CAF,2017,1917601
Central African Republic,CAF,2018,2173365
Central African Republic,CAF,2019,2496791
Central African Republic,CAF,2020,2592803
Central African Republic,CAF,2021,2614600
Central African Republic,CAF,2022,2637177.5
Central African Republic,CAF,2023,2816565.5
Central African Republic,CAF,2024,2921102.5
Central African Republic,CAF,2025,3025639.5
Chad,TCD,-10000,0
Chad,TCD,-9000,0
Chad,TCD,-8000,0
Chad,TCD,-7000,0
Chad,TCD,-6000,29024.994
Chad,TCD,-5000,38699.992
Chad,TCD,-4000,51599.99
Chad,TCD,-3000,68799.984
Chad,TCD,-2000,91733.31
Chad,TCD,-1000,122311.086
Chad,TCD,0,163081.44
Chad,TCD,100,186390.2
Chad,TCD,200,213017.38
Chad,TCD,300,243448.44
Chad,TCD,400,278226.78
Chad,TCD,500,317973.47
Chad,TCD,600,363398.25
Chad,TCD,700,415312.3
Chad,TCD,800,474642.62
Chad,TCD,900,501011.62
Chad,TCD,1000,527380.7
Chad,TCD,1100,566934.25
Chad,TCD,1200,606487.8
Chad,TCD,1300,663968.44
Chad,TCD,1400,739850.56
Chad,TCD,1500,791071
Chad,TCD,1600,922916.2
Chad,TCD,1700,1054761.4
Chad,TCD,1710,1100890
Chad,TCD,1720,1147018.8
Chad,TCD,1730,1193147.5
Chad,TCD,1740,1239276.1
Chad,TCD,1750,1285404.9
Chad,TCD,1760,1331533.6
Chad,TCD,1770,1377662.2
Chad,TCD,1780,1423791
Chad,TCD,1790,1469919.8
Chad,TCD,1800,1516048.5
Chad,TCD,1810,1562177.1
Chad,TCD,1820,1608305.9
Chad,TCD,1830,1654434.6
Chad,TCD,1840,1700563.2
Chad,TCD,1850,1746692
Chad,TCD,1860,1764237.8
Chad,TCD,1870,1781959.6
Chad,TCD,1880,1817921.2
Chad,TCD,1890,1854608.8
Chad,TCD,1900,1711469
Chad,TCD,1910,1644229.2
Chad,TCD,1920,1579631.5
Chad,TCD,1930,1797422.9
Chad,TCD,1940,2025141.4
Chad,TCD,1950,2373513.8
Chad,TCD,1951,2410606
Chad,TCD,1952,2453252.8
Chad,TCD,1953,2498127.5
Chad,TCD,1954,2544506
Chad,TCD,1955,2591889.8
Chad,TCD,1956,2640067
Chad,TCD,1957,2689070.2
Chad,TCD,1958,2739172.8
Chad,TCD,1959,2790785
Chad,TCD,1960,2844317
Chad,TCD,1961,2900000
Chad,TCD,1962,2900000
Chad,TCD,1963,2900000
Chad,TCD,1964,2900000
Chad,TCD,1965,2900000
Chad,TCD,1966,2900000
Chad,TCD,1967,2900000
Chad,TCD,1968,2900000
Chad,TCD,1969,2900000
Chad,TCD,1970,2900000
Chad,TCD,1971,2900000
Chad,TCD,1972,2900000
Chad,TCD,1973,2910000
Chad,TCD,1974,2920000
Chad,TCD,1975,3000000
Chad,TCD,1976,3100000
Chad,TCD,1977,3100000
Chad,TCD,1978,3150000
Chad,TCD,1979,3150000
Chad,TCD,1980,3150000
Chad,TCD,1981,3150000
Chad,TCD,1982,3150000
Chad,TCD,1983,3150000
Chad,TCD,1984,3150000
Chad,TCD,1985,3155000
Chad,TCD,1986,3205000
Chad,TCD,1987,3205000
Chad,TCD,1988,3230000
Chad,TCD,1989,3250000
Chad,TCD,1990,3300000
Chad,TCD,1991,3350000
Chad,TCD,1992,3370000
Chad,TCD,1993,3400000
Chad,TCD,1994,3420000
Chad,TCD,1995,3450000
Chad,TCD,1996,3430000
Chad,TCD,1997,3630000
Chad,TCD,1998,3630000
Chad,TCD,1999,3630000
Chad,TCD,2000,3630000
Chad,TCD,2001,3730000
Chad,TCD,2002,3730000
Chad,TCD,2003,3830000
Chad,TCD,2004,3830000
Chad,TCD,2005,3930000
Chad,TCD,2006,3930000
Chad,TCD,2007,3931000
Chad,TCD,2008,3931000
Chad,TCD,2009,4035000
Chad,TCD,2010,4235000
Chad,TCD,2011,4335000
Chad,TCD,2012,4685000
Chad,TCD,2013,5036000
Chad,TCD,2014,5236000
Chad,TCD,2015,5237000
Chad,TCD,2016,5338000
Chad,TCD,2017,5338000
Chad,TCD,2018,5338000
Chad,TCD,2019,5338000
Chad,TCD,2020,5338000
Chad,TCD,2021,5338000
Chad,TCD,2022,5338000
Chad,TCD,2023,5338000
Chad,TCD,2024,5338000
Chad,TCD,2025,5338000
Chile,CHL,-10000,0
Chile,CHL,-9000,0
Chile,CHL,-8000,0
Chile,CHL,-7000,0
Chile,CHL,-6000,0
Chile,CHL,-5000,0
Chile,CHL,-4000,0
Chile,CHL,-3000,0
Chile,CHL,-2000,241.95734
Chile,CHL,-1000,58877.824
Chile,CHL,0,116959.164
Chile,CHL,100,125297.25
Chile,CHL,200,134216.88
Chile,CHL,300,143756.6
Chile,CHL,400,153957.08
Chile,CHL,500,164861.22
Chile,CHL,600,176513.98
Chile,CHL,700,188962.38
Chile,CHL,800,202255.3
Chile,CHL,900,216234.23
Chile,CHL,1000,230103.25
Chile,CHL,1100,252452.27
Chile,CHL,1200,274604.62
Chile,CHL,1300,296525.53
Chile,CHL,1400,318168.84
Chile,CHL,1500,339470.53
Chile,CHL,1600,337814.88
Chile,CHL,1700,337565.25
Chile,CHL,1710,346220.1
Chile,CHL,1720,355091.2
Chile,CHL,1730,364183.44
Chile,CHL,1740,373501.88
Chile,CHL,1750,383051.5
Chile,CHL,1760,392837.34
Chile,CHL,1770,402864.66
Chile,CHL,1780,413138.44
Chile,CHL,1790,423663.88
Chile,CHL,1800,434446.03
Chile,CHL,1810,445490
Chile,CHL,1820,491693.9
Chile,CHL,1830,542671.75
Chile,CHL,1840,598913.1
Chile,CHL,1850,760199.7
Chile,CHL,1860,951048.06
Chile,CHL,1870,1125128.6
Chile,CHL,1880,1323747.8
Chile,CHL,1890,1488618.5
Chile,CHL,1900,1666931.2
Chile,CHL,1910,1929800.6
Chile,CHL,1920,2174525.8
Chile,CHL,1930,2353268.2
Chile,CHL,1940,2756444.5
Chile,CHL,1950,3207918.2
Chile,CHL,1951,3240351
Chile,CHL,1952,3281089
Chile,CHL,1953,3328344.2
Chile,CHL,1954,3380716.5
Chile,CHL,1955,3437175.8
Chile,CHL,1956,3497053.5
Chile,CHL,1957,3560006.2
Chile,CHL,1958,3625934.5
Chile,CHL,1959,3694805
Chile,CHL,1960,3765500
Chile,CHL,1961,3836000
Chile,CHL,1962,3856000
Chile,CHL,1963,3876000
Chile,CHL,1964,3898000
Chile,CHL,1965,3918000
Chile,CHL,1966,3938000
Chile,CHL,1967,3958000
Chile,CHL,1968,3978000
Chile,CHL,1969,3998000
Chile,CHL,1970,4100000
Chile,CHL,1971,4150000
Chile,CHL,1972,4200000
Chile,CHL,1973,4300000
Chile,CHL,1974,4350000
Chile,CHL,1975,4350000
Chile,CHL,1976,4400000
Chile,CHL,1977,4300000
Chile,CHL,1978,4200000
Chile,CHL,1979,4100000
Chile,CHL,1980,4050000
Chile,CHL,1981,3950000
Chile,CHL,1982,3800000
Chile,CHL,1983,3750000
Chile,CHL,1984,3700000
Chile,CHL,1985,3672000
Chile,CHL,1986,3586000
Chile,CHL,1987,3313000
Chile,CHL,1988,3304000
Chile,CHL,1989,3319000
Chile,CHL,1990,3049000
Chile,CHL,1991,2939000
Chile,CHL,1992,2706000
Chile,CHL,1993,2577000
Chile,CHL,1994,2550000
Chile,CHL,1995,2400000
Chile,CHL,1996,2300000
Chile,CHL,1997,2297000
Chile,CHL,1998,2294000
Chile,CHL,1999,2130000
Chile,CHL,2000,2110000
Chile,CHL,2001,2150000
Chile,CHL,2002,2065000
Chile,CHL,2003,1925000
Chile,CHL,2004,1935000
Chile,CHL,2005,1885000
Chile,CHL,2006,1800000
Chile,CHL,2007,1719000
Chile,CHL,2008,1778500.6
Chile,CHL,2009,1838001.1
Chile,CHL,2010,1826001.8
Chile,CHL,2011,1899002.5
Chile,CHL,2012,1892003.1
Chile,CHL,2013,1945003.8
Chile,CHL,2014,1952204.2
Chile,CHL,2015,2003004.9
Chile,CHL,2016,1986805.5
Chile,CHL,2017,2026006
Chile,CHL,2018,1984306.6
Chile,CHL,2019,1935176.1
Chile,CHL,2020,1912981.2
Chile,CHL,2021,2034359.1
Chile,CHL,2022,1853662.1
Chile,CHL,2023,1895465.2
Chile,CHL,2024,1879254.5
Chile,CHL,2025,1863044
China,CHN,-10000,0
China,CHN,-9000,0
China,CHN,-8000,0
China,CHN,-7000,0
China,CHN,-6000,127783.94
China,CHN,-5000,387028.22
China,CHN,-4000,1729096.2
China,CHN,-3000,4100618
China,CHN,-2000,8386253
China,CHN,-1000,9070316
China,CHN,0,39705996
China,CHN,100,34528236
China,CHN,200,28417396
China,CHN,300,14133084
China,CHN,400,18984320
China,CHN,500,23108926
China,CHN,600,30530460
China,CHN,700,24840750
China,CHN,800,19124776
China,CHN,900,22703458
China,CHN,1000,20616616
China,CHN,1100,49268164
China,CHN,1200,55153108
China,CHN,1300,42352250
China,CHN,1400,37267480
China,CHN,1500,46626960
China,CHN,1600,48811936
China,CHN,1700,50838640
China,CHN,1710,53076810
China,CHN,1720,55538600
China,CHN,1730,56673976
China,CHN,1740,57208868
China,CHN,1750,58153890
China,CHN,1760,58777868
China,CHN,1770,59533676
China,CHN,1780,61044544
China,CHN,1790,62904264
China,CHN,1800,64698156
China,CHN,1810,67455030
China,CHN,1820,70572620
China,CHN,1830,71641210
China,CHN,1840,72095550
China,CHN,1850,72534360
China,CHN,1860,72785120
China,CHN,1870,72571420
China,CHN,1880,72904350
China,CHN,1890,74861540
China,CHN,1900,76916550
China,CHN,1910,81202456
China,CHN,1920,85494850
China,CHN,1930,89778770
China,CHN,1940,98615176
China,CHN,1950,111799760
China,CHN,1951,113908710
China,CHN,1952,117612330
China,CHN,1953,118143750
China,CHN,1954,118634870
China,CHN,1955,121274330
China,CHN,1956,122886360
China,CHN,1957,123306160
China,CHN,1958,123781490
China,CHN,1959,118658710
China,CHN,1960,113924350
China,CHN,1961,112580500
China,CHN,1962,115854330
China,CHN,1963,118709400
China,CHN,1964,121914580
China,CHN,1965,123202130
China,CHN,1966,126768130
China,CHN,1967,127467760
China,CHN,1968,125863336
China,CHN,1969,126213200
China,CHN,1970,131522740
China,CHN,1971,133387180
China,CHN,1972,131617976
China,CHN,1973,136097890
China,CHN,1974,137989820
China,CHN,1975,139683970
China,CHN,1976,140011790
China,CHN,1977,139356140
China,CHN,1978,143392830
China,CHN,1979,148402000
China,CHN,1980,146284770
China,CHN,1981,146284770
China,CHN,1982,145955420
China,CHN,1983,145739660
China,CHN,1984,145349570
China,CHN,1985,144827400
China,CHN,1986,144095520
China,CHN,1987,143479980
China,CHN,1988,142993360
China,CHN,1989,142696480
China,CHN,1990,142669660
China,CHN,1991,142768930
China,CHN,1992,142745060
China,CHN,1993,142453280
China,CHN,1994,142134940
China,CHN,1995,141706480
China,CHN,1996,141349420
China,CHN,1997,141165780
China,CHN,1998,140971630
China,CHN,1999,140558560
China,CHN,2000,139628370
China,CHN,2001,139015340
China,CHN,2002,137367000
China,CHN,2003,134993970
China,CHN,2004,134125940
China,CHN,2005,133771180
China,CHN,2006,133529070
China,CHN,2007,133467150
China,CHN,2008,133456640
China,CHN,2009,133428510
China,CHN,2010,133350180
China,CHN,2011,133368250
China,CHN,2012,133331020
China,CHN,2013,133374340
China,CHN,2014,133313700
China,CHN,2015,133367730
China,CHN,2016,133328420
China,CHN,2017,133325910
China,CHN,2018,133446310
China,CHN,2019,133512424
China,CHN,2020,133516760
China,CHN,2021,133559070
China,CHN,2022,133601384
China,CHN,2023,133635890
China,CHN,2024,133678200
China,CHN,2025,133720500
Colombia,COL,-10000,0
Colombia,COL,-9000,0
Colombia,COL,-8000,0
Colombia,COL,-7000,0
Colombia,COL,-6000,0
Colombia,COL,-5000,0
Colombia,COL,-4000,0
Colombia,COL,-3000,0
Colombia,COL,-2000,0
Colombia,COL,-1000,1240174.5
Colombia,COL,0,1368293.1
Colombia,COL,100,1435611.5
Colombia,COL,200,1505169.9
Colombia,COL,300,1576556.2
Colombia,COL,400,1649595.5
Colombia,COL,500,1724191
Colombia,COL,600,1799682.2
Colombia,COL,700,1875874.4
Colombia,COL,800,1951880.9
Colombia,COL,900,2091993.1
Colombia,COL,1000,2218362.2
Colombia,COL,1100,2436688.5
Colombia,COL,1200,2630606.5
Colombia,COL,1300,2796014.2
Colombia,COL,1400,2927869.8
Colombia,COL,1500,3018950.5
Colombia,COL,1600,892008
Colombia,COL,1700,521802.25
Colombia,COL,1710,552980.9
Colombia,COL,1720,583319.7
Colombia,COL,1730,612783.1
Colombia,COL,1740,641332.06
Colombia,COL,1750,668923.5
Colombia,COL,1760,695509.8
Colombia,COL,1770,721038.06
Colombia,COL,1780,745449
Colombia,COL,1790,768675.94
Colombia,COL,1800,790643.44
Colombia,COL,1810,735065.75
Colombia,COL,1820,680375.4
Colombia,COL,1830,795901.5
Colombia,COL,1840,938609.9
Colombia,COL,1850,1105573.9
Colombia,COL,1860,1169485.1
Colombia,COL,1870,1228411.9
Colombia,COL,1880,1444770.2
Colombia,COL,1890,1646422.2
Colombia,COL,1900,1897995.2
Colombia,COL,1910,2246468.8
Colombia,COL,1920,2747758
Colombia,COL,1930,3344451.2
Colombia,COL,1940,3661057.5
Colombia,COL,1950,4420360.5
Colombia,COL,1951,4501134
Colombia,COL,1952,4579706
Colombia,COL,1953,4656113.5
Colombia,COL,1954,4730030
Colombia,COL,1955,4800660.5
Colombia,COL,1956,4866549.5
Colombia,COL,1957,4925192.5
Colombia,COL,1958,4972103
Colombia,COL,1959,4997845.5
Colombia,COL,1960,4970000
Colombia,COL,1961,4970000
Colombia,COL,1962,4972000
Colombia,COL,1963,4993000
Colombia,COL,1964,4995000
Colombia,COL,1965,5008000
Colombia,COL,1966,5020000
Colombia,COL,1967,5023000
Colombia,COL,1968,5025000
Colombia,COL,1969,5030000
Colombia,COL,1970,5030000
Colombia,COL,1971,5054000
Colombia,COL,1972,5068000
Colombia,COL,1973,5084000
Colombia,COL,1974,5099000
Colombia,COL,1975,5115000
Colombia,COL,1976,5130000
Colombia,COL,1977,5146000
Colombia,COL,1978,5161000
Colombia,COL,1979,5177000
Colombia,COL,1980,5192000
Colombia,COL,1981,5208000
Colombia,COL,1982,5223000
Colombia,COL,1983,5239000
Colombia,COL,1984,5256000
Colombia,COL,1985,5275000
Colombia,COL,1986,5295000
Colombia,COL,1987,5318000
Colombia,COL,1988,5200000
Colombia,COL,1989,5100000
Colombia,COL,1990,5000000
Colombia,COL,1991,4801000
Colombia,COL,1992,4900000
Colombia,COL,1993,4820000
Colombia,COL,1994,4782000
Colombia,COL,1995,4430000
Colombia,COL,1996,4096000
Colombia,COL,1997,4257000
Colombia,COL,1998,4377000
Colombia,COL,1999,4364000
Colombia,COL,2000,4545000
Colombia,COL,2001,4135000
Colombia,COL,2002,3736000
Colombia,COL,2003,3749000
Colombia,COL,2004,3708000
Colombia,COL,2005,3613000
Colombia,COL,2006,3369300
Colombia,COL,2007,3570000
Colombia,COL,2008,3461000
Colombia,COL,2009,3354000
Colombia,COL,2010,3353000
Colombia,COL,2011,3409000
Colombia,COL,2012,3453000
Colombia,COL,2013,3448000
Colombia,COL,2014,3556000
Colombia,COL,2015,3664000
Colombia,COL,2016,3772000
Colombia,COL,2017,3880000
Colombia,COL,2018,4448000
Colombia,COL,2019,4617000
Colombia,COL,2020,4705667
Colombia,COL,2021,4794333
Colombia,COL,2022,4883000
Colombia,COL,2023,5003800
Colombia,COL,2024,5108533
Colombia,COL,2025,5213267
Comoros,COM,-10000,0
Comoros,COM,-9000,0
Comoros,COM,-8000,0
Comoros,COM,-7000,0
Comoros,COM,-6000,0
Comoros,COM,-5000,0
Comoros,COM,-4000,0
Comoros,COM,-3000,0
Comoros,COM,-2000,0
Comoros,COM,-1000,0
Comoros,COM,0,0
Comoros,COM,100,0
Comoros,COM,200,0
Comoros,COM,300,0
Comoros,COM,400,0
Comoros,COM,500,0
Comoros,COM,600,0
Comoros,COM,700,0
Comoros,COM,800,0
Comoros,COM,900,0
Comoros,COM,1000,0
Comoros,COM,1100,5106.4062
Comoros,COM,1200,5946.322
Comoros,COM,1300,6783.0024
Comoros,COM,1400,7616.4307
Comoros,COM,1500,8446.587
Comoros,COM,1600,10538.015
Comoros,COM,1700,12621.261
Comoros,COM,1710,12806.462
Comoros,COM,1720,13718.555
Comoros,COM,1730,14695.605
Comoros,COM,1740,15742.241
Comoros,COM,1750,16863.418
Comoros,COM,1760,18064.443
Comoros,COM,1770,19351.004
Comoros,COM,1780,20729.193
Comoros,COM,1790,22205.535
Comoros,COM,1800,23787.018
Comoros,COM,1810,25481.135
Comoros,COM,1820,27295.902
Comoros,COM,1830,29239.914
Comoros,COM,1840,31322.373
Comoros,COM,1850,33553.145
Comoros,COM,1860,35942.78
Comoros,COM,1870,38502.605
Comoros,COM,1880,41244.734
Comoros,COM,1890,44182.15
Comoros,COM,1900,47328.76
Comoros,COM,1910,50699.465
Comoros,COM,1920,54310.223
Comoros,COM,1930,58178.125
Comoros,COM,1940,62321.484
Comoros,COM,1950,66759.92
Comoros,COM,1951,68299.27
Comoros,COM,1952,69722.17
Comoros,COM,1953,71065.06
Comoros,COM,1954,72341.734
Comoros,COM,1955,73616.81
Comoros,COM,1956,74889.23
Comoros,COM,1957,76162.9
Comoros,COM,1958,77404.85
Comoros,COM,1959,78681.26
Comoros,COM,1960,79945.08
Comoros,COM,1961,79945.016
Comoros,COM,1962,79944.95
Comoros,COM,1963,79944.9
Comoros,COM,1964,79944.85
Comoros,COM,1965,79944.81
Comoros,COM,1966,79944.78
Comoros,COM,1967,79944.7
Comoros,COM,1968,79944.63
Comoros,COM,1969,79944.57
Comoros,COM,1970,79944.51
Comoros,COM,1971,79944.42
Comoros,COM,1972,79944.34
Comoros,COM,1973,79944.3
Comoros,COM,1974,79944.266
Comoros,COM,1975,79944.25
Comoros,COM,1976,79944.234
Comoros,COM,1977,79944.25
Comoros,COM,1978,84975.12
Comoros,COM,1979,84975.11
Comoros,COM,1980,84975.1
Comoros,COM,1981,84975.09
Comoros,COM,1982,84975.09
Comoros,COM,1983,84975.086
Comoros,COM,1984,94976.08
Comoros,COM,1985,94976.04
Comoros,COM,1986,94976
Comoros,COM,1987,97974.91
Comoros,COM,1988,98986.734
Comoros,COM,1989,98986.72
Comoros,COM,1990,98986.7
Comoros,COM,1991,99986.51
Comoros,COM,1992,99986.49
Comoros,COM,1993,102985.7
Comoros,COM,1994,104967.84
Comoros,COM,1995,106990.87
Comoros,COM,1996,108986.85
Comoros,COM,1997,110948.4
Comoros,COM,1998,110945.8
Comoros,COM,1999,111984.09
Comoros,COM,2000,112982.63
Comoros,COM,2001,115000
Comoros,COM,2002,116000
Comoros,COM,2003,116988.58
Comoros,COM,2004,118000
Comoros,COM,2005,118000
Comoros,COM,2006,118000
Comoros,COM,2007,118000
Comoros,COM,2008,118000
Comoros,COM,2009,118000
Comoros,COM,2010,118000
Comoros,COM,2011,118000
Comoros,COM,2012,118000
Comoros,COM,2013,118000
Comoros,COM,2014,117929.39
Comoros,COM,2015,118000
Comoros,COM,2016,118000
Comoros,COM,2017,118000
Comoros,COM,2018,118000
Comoros,COM,2019,118000
Comoros,COM,2020,118000
Comoros,COM,2021,118000
Comoros,COM,2022,118000
Comoros,COM,2023,118000
Comoros,COM,2024,118000
Comoros,COM,2025,118000
Congo,COG,-10000,0
Congo,COG,-9000,0
Congo,COG,-8000,0
Congo,COG,-7000,0
Congo,COG,-6000,0
Congo,COG,-5000,0
Congo,COG,-4000,0
Congo,COG,-3000,0
Congo,COG,-2000,0
Congo,COG,-1000,0
Congo,COG,0,18556.168
Congo,COG,100,21216.227
Congo,COG,200,24257.596
Congo,COG,300,27734.934
Congo,COG,400,31710.73
Congo,COG,500,36256.438
Congo,COG,600,41453.746
Congo,COG,700,47396.055
Congo,COG,800,54190.15
Congo,COG,900,61958.13
Congo,COG,1000,70839.58
Congo,COG,1100,80994.11
Congo,COG,1200,92604.195
Congo,COG,1300,105878.47
Congo,COG,1400,121055.45
Congo,COG,1500,138407.89
Congo,COG,1600,158247.6
Congo,COG,1700,180931.08
Congo,COG,1710,187178
Congo,COG,1720,193402.73
Congo,COG,1730,199627.98
Congo,COG,1740,205853.77
Congo,COG,1750,212080.08
Congo,COG,1760,218306.9
Congo,COG,1770,224534.25
Congo,COG,1780,230762.14
Congo,COG,1790,236990.53
Congo,COG,1800,243219.45
Congo,COG,1810,249448.92
Congo,COG,1820,255678.9
Congo,COG,1830,261909.42
Congo,COG,1840,268140.47
Congo,COG,1850,274372
Congo,COG,1860,274383.6
Congo,COG,1870,291310.62
Congo,COG,1880,315485.94
Congo,COG,1890,338293.03
Congo,COG,1900,321767.53
Congo,COG,1910,291013.1
Congo,COG,1920,274027.84
Congo,COG,1930,318033.94
Congo,COG,1940,365486.53
Congo,COG,1950,436888.53
Congo,COG,1951,445737.44
Congo,COG,1952,455088.22
Congo,COG,1953,464919.62
Congo,COG,1954,475222.22
Congo,COG,1955,485996
Congo,COG,1956,497256.78
Congo,COG,1957,509029.97
Congo,COG,1958,521347.25
Congo,COG,1959,534258.3
Congo,COG,1960,547800
Congo,COG,1961,547800
Congo,COG,1962,548350
Congo,COG,1963,550450
Congo,COG,1964,545550
Congo,COG,1965,543350
Congo,COG,1966,543000
Congo,COG,1967,543100
Congo,COG,1968,543200
Congo,COG,1969,545800
Congo,COG,1970,547450
Congo,COG,1971,550100
Congo,COG,1972,550944
Congo,COG,1973,554783
Congo,COG,1974,556125
Congo,COG,1975,558139
Congo,COG,1976,562927
Congo,COG,1977,561944
Congo,COG,1978,517984
Congo,COG,1979,518350
Congo,COG,1980,521925
Congo,COG,1981,525950
Congo,COG,1982,551100
Congo,COG,1983,555450
Congo,COG,1984,557700
Congo,COG,1985,563850
Congo,COG,1986,561989
Congo,COG,1987,535732
Congo,COG,1988,538085
Congo,COG,1989,539852
Congo,COG,1990,517337
Congo,COG,1991,519954.97
Congo,COG,1992,519564
Congo,COG,1993,524796
Congo,COG,1994,513869
Congo,COG,1995,517687
Congo,COG,1996,521998
Congo,COG,1997,535013
Congo,COG,1998,535577
Congo,COG,1999,543665
Congo,COG,2000,539942
Congo,COG,2001,540394
Congo,COG,2002,539829
Congo,COG,2003,540163
Congo,COG,2004,543281
Congo,COG,2005,545654
Congo,COG,2006,548771
Congo,COG,2007,549421
Congo,COG,2008,549976
Congo,COG,2009,563215
Congo,COG,2010,575404
Congo,COG,2011,596615
Congo,COG,2012,602008
Congo,COG,2013,630804
Congo,COG,2014,631416
Congo,COG,2015,623431
Congo,COG,2016,625457
Congo,COG,2017,626618
Congo,COG,2018,631497
Congo,COG,2019,633824
Congo,COG,2020,640349
Congo,COG,2021,672284
Congo,COG,2022,686601
Congo,COG,2023,697511.4
Congo,COG,2024,712378.25
Congo,COG,2025,727245
Costa Rica,CRI,-10000,0
Costa Rica,CRI,-9000,0
Costa Rica,CRI,-8000,0
Costa Rica,CRI,-7000,0
Costa Rica,CRI,-6000,0
Costa Rica,CRI,-5000,0
Costa Rica,CRI,-4000,0
Costa Rica,CRI,-3000,0
Costa Rica,CRI,-2000,0
Costa Rica,CRI,-1000,0
Costa Rica,CRI,0,134845.47
Costa Rica,CRI,100,144648.12
Costa Rica,CRI,200,155024.42
Costa Rica,CRI,300,165979.58
Costa Rica,CRI,400,177510.8
Costa Rica,CRI,500,189596.94
Costa Rica,CRI,600,202233.92
Costa Rica,CRI,700,215352.22
Costa Rica,CRI,800,228880.11
Costa Rica,CRI,900,242738.89
Costa Rica,CRI,1000,256753.73
Costa Rica,CRI,1100,270722.1
Costa Rica,CRI,1200,284346.47
Costa Rica,CRI,1300,297205.1
Costa Rica,CRI,1400,308690.94
Costa Rica,CRI,1500,317906.8
Costa Rica,CRI,1600,5271.343
Costa Rica,CRI,1700,13720.286
Costa Rica,CRI,1710,14693.506
Costa Rica,CRI,1720,15730.643
Costa Rica,CRI,1730,16835.148
Costa Rica,CRI,1740,18010.541
Costa Rica,CRI,1750,19260.365
Costa Rica,CRI,1760,20588.174
Costa Rica,CRI,1770,21997.469
Costa Rica,CRI,1780,23491.656
Costa Rica,CRI,1790,25073.97
Costa Rica,CRI,1800,26747.395
Costa Rica,CRI,1810,29448.123
Costa Rica,CRI,1820,32380.117
Costa Rica,CRI,1830,37632.74
Costa Rica,CRI,1840,44274.06
Costa Rica,CRI,1850,50853.535
Costa Rica,CRI,1860,57269.703
Costa Rica,CRI,1870,71044.79
Costa Rica,CRI,1880,89155.95
Costa Rica,CRI,1890,106307.58
Costa Rica,CRI,1900,133242.45
Costa Rica,CRI,1910,161121.95
Costa Rica,CRI,1920,192877.42
Costa Rica,CRI,1930,204640.08
Costa Rica,CRI,1940,256920.92
Costa Rica,CRI,1950,361175.4
Costa Rica,CRI,1951,369662.03
Costa Rica,CRI,1952,379194.38
Costa Rica,CRI,1953,389589.16
Costa Rica,CRI,1954,400727.12
Costa Rica,CRI,1955,412502.78
Costa Rica,CRI,1956,424861.53
Costa Rica,CRI,1957,437777.75
Costa Rica,CRI,1958,451262.88
Costa Rica,CRI,1959,465332.97
Costa Rica,CRI,1960,480000
Costa Rica,CRI,1961,480000
Costa Rica,CRI,1962,485000
Costa Rica,CRI,1963,485000
Costa Rica,CRI,1964,485000
Costa Rica,CRI,1965,485000
Costa Rica,CRI,1966,485000
Costa Rica,CRI,1967,486000
Costa Rica,CRI,1968,486000
Costa Rica,CRI,1969,490000
Costa Rica,CRI,1970,493000
Costa Rica,CRI,1971,497000
Costa Rica,CRI,1972,497000
Costa Rica,CRI,1973,490000
Costa Rica,CRI,1974,490000
Costa Rica,CRI,1975,492000
Costa Rica,CRI,1976,495000
Costa Rica,CRI,1977,497000
Costa Rica,CRI,1978,500000
Costa Rica,CRI,1979,503000
Costa Rica,CRI,1980,506000
Costa Rica,CRI,1981,509000
Costa Rica,CRI,1982,512000
Costa Rica,CRI,1983,515000
Costa Rica,CRI,1984,518000
Costa Rica,CRI,1985,523000
Costa Rica,CRI,1986,526000
Costa Rica,CRI,1987,526000
Costa Rica,CRI,1988,523000
Costa Rica,CRI,1989,510000
Costa Rica,CRI,1990,510000
Costa Rica,CRI,1991,515000
Costa Rica,CRI,1992,510000
Costa Rica,CRI,1993,500000
Costa Rica,CRI,1994,520000
Costa Rica,CRI,1995,510000
Costa Rica,CRI,1996,495000
Costa Rica,CRI,1997,490000
Costa Rica,CRI,1998,490000
Costa Rica,CRI,1999,500000
Costa Rica,CRI,2000,490000
Costa Rica,CRI,2001,490000
Costa Rica,CRI,2002,490000
Costa Rica,CRI,2003,500000
Costa Rica,CRI,2004,500000
Costa Rica,CRI,2005,490000
Costa Rica,CRI,2006,505000
Costa Rica,CRI,2007,500000
Costa Rica,CRI,2008,500000
Costa Rica,CRI,2009,530000
Costa Rica,CRI,2010,540000
Costa Rica,CRI,2011,547000
Costa Rica,CRI,2012,547000
Costa Rica,CRI,2013,551000
Costa Rica,CRI,2014,551000
Costa Rica,CRI,2015,550245
Costa Rica,CRI,2016,556932
Costa Rica,CRI,2017,545605
Costa Rica,CRI,2018,536049
Costa Rica,CRI,2019,530222
Costa Rica,CRI,2020,525674
Costa Rica,CRI,2021,526781
Costa Rica,CRI,2022,522902
Costa Rica,CRI,2023,519405.06
Costa Rica,CRI,2024,516431.6
Costa Rica,CRI,2025,513458.1
Cote d'Ivoire,CIV,-10000,0
Cote d'Ivoire,CIV,-9000,0
Cote d'Ivoire,CIV,-8000,0
Cote d'Ivoire,CIV,-7000,0
Cote d'Ivoire,CIV,-6000,0
Cote d'Ivoire,CIV,-5000,0
Cote d'Ivoire,CIV,-4000,0
Cote d'Ivoire,CIV,-3000,0
Cote d'Ivoire,CIV,-2000,0
Cote d'Ivoire,CIV,-1000,0
Cote d'Ivoire,CIV,0,0
Cote d'Ivoire,CIV,100,0
Cote d'Ivoire,CIV,200,0
Cote d'Ivoire,CIV,300,0
Cote d'Ivoire,CIV,400,0
Cote d'Ivoire,CIV,500,0
Cote d'Ivoire,CIV,600,0
Cote d'Ivoire,CIV,700,0
Cote d'Ivoire,CIV,800,173736.55
Cote d'Ivoire,CIV,900,347473.1
Cote d'Ivoire,CIV,1000,397966.8
Cote d'Ivoire,CIV,1100,455791.9
Cote d'Ivoire,CIV,1200,522011.8
Cote d'Ivoire,CIV,1300,597844.06
Cote d'Ivoire,CIV,1400,684683.25
Cote d'Ivoire,CIV,1500,784126.2
Cote d'Ivoire,CIV,1600,898003.5
Cote d'Ivoire,CIV,1700,1028403.25
Cote d'Ivoire,CIV,1710,1072581.9
Cote d'Ivoire,CIV,1720,1116778.4
Cote d'Ivoire,CIV,1730,1160993
Cote d'Ivoire,CIV,1740,1205225.4
Cote d'Ivoire,CIV,1750,1249475.8
Cote d'Ivoire,CIV,1760,1293744
Cote d'Ivoire,CIV,1770,1338030.1
Cote d'Ivoire,CIV,1780,1382334.1
Cote d'Ivoire,CIV,1790,1426655.9
Cote d'Ivoire,CIV,1800,1470995.6
Cote d'Ivoire,CIV,1810,1515353.1
Cote d'Ivoire,CIV,1820,1559728.4
Cote d'Ivoire,CIV,1830,1604121.6
Cote d'Ivoire,CIV,1840,1648532.4
Cote d'Ivoire,CIV,1850,1692961.4
Cote d'Ivoire,CIV,1860,1685087.2
Cote d'Ivoire,CIV,1870,1668650.8
Cote d'Ivoire,CIV,1880,1643894.5
Cote d'Ivoire,CIV,1890,1668869
Cote d'Ivoire,CIV,1900,1603628
Cote d'Ivoire,CIV,1910,1480158.8
Cote d'Ivoire,CIV,1920,1422294.8
Cote d'Ivoire,CIV,1930,1650965
Cote d'Ivoire,CIV,1940,1897602.4
Cote d'Ivoire,CIV,1950,2020024.2
Cote d'Ivoire,CIV,1951,2069976
Cote d'Ivoire,CIV,1952,2127812
Cote d'Ivoire,CIV,1953,2190942
Cote d'Ivoire,CIV,1954,2257596
Cote d'Ivoire,CIV,1955,2326836
Cote d'Ivoire,CIV,1956,2398568.2
Cote d'Ivoire,CIV,1957,2473534.2
Cote d'Ivoire,CIV,1958,2553166.5
Cote d'Ivoire,CIV,1959,2639383.2
Cote d'Ivoire,CIV,1960,2733968
Cote d'Ivoire,CIV,1961,2733968
Cote d'Ivoire,CIV,1962,2855722
Cote d'Ivoire,CIV,1963,2914930
Cote d'Ivoire,CIV,1964,2998611
Cote d'Ivoire,CIV,1965,3056644
Cote d'Ivoire,CIV,1966,3109352
Cote d'Ivoire,CIV,1967,3164848
Cote d'Ivoire,CIV,1968,3197495
Cote d'Ivoire,CIV,1969,3224503
Cote d'Ivoire,CIV,1970,3251671
Cote d'Ivoire,CIV,1971,3310086
Cote d'Ivoire,CIV,1972,3310000
Cote d'Ivoire,CIV,1973,3508209
Cote d'Ivoire,CIV,1974,3665401.2
Cote d'Ivoire,CIV,1975,3801373.8
Cote d'Ivoire,CIV,1976,3899637
Cote d'Ivoire,CIV,1977,4135017.2
Cote d'Ivoire,CIV,1978,4253364
Cote d'Ivoire,CIV,1979,4290243
Cote d'Ivoire,CIV,1980,4320798
Cote d'Ivoire,CIV,1981,4457696
Cote d'Ivoire,CIV,1982,4588389
Cote d'Ivoire,CIV,1983,4584000
Cote d'Ivoire,CIV,1984,4901000
Cote d'Ivoire,CIV,1985,5210514
Cote d'Ivoire,CIV,1986,5317502
Cote d'Ivoire,CIV,1987,5417410
Cote d'Ivoire,CIV,1988,5812438
Cote d'Ivoire,CIV,1989,5529419
Cote d'Ivoire,CIV,1990,6057296
Cote d'Ivoire,CIV,1991,5630241
Cote d'Ivoire,CIV,1992,5644805
Cote d'Ivoire,CIV,1993,6502000
Cote d'Ivoire,CIV,1994,6006050
Cote d'Ivoire,CIV,1995,6747850
Cote d'Ivoire,CIV,1996,6734509.5
Cote d'Ivoire,CIV,1997,6496008
Cote d'Ivoire,CIV,1998,6589495.5
Cote d'Ivoire,CIV,1999,6680361.5
Cote d'Ivoire,CIV,2000,6755614
Cote d'Ivoire,CIV,2001,6265766
Cote d'Ivoire,CIV,2002,6385262
Cote d'Ivoire,CIV,2003,6425001
Cote d'Ivoire,CIV,2004,6962347
Cote d'Ivoire,CIV,2005,7204657
Cote d'Ivoire,CIV,2006,7481576
Cote d'Ivoire,CIV,2007,7807271
Cote d'Ivoire,CIV,2008,7722972.5
Cote d'Ivoire,CIV,2009,7692004
Cote d'Ivoire,CIV,2010,7703986.5
Cote d'Ivoire,CIV,2011,7851657
Cote d'Ivoire,CIV,2012,8730507
Cote d'Ivoire,CIV,2013,9342028
Cote d'Ivoire,CIV,2014,9884167
Cote d'Ivoire,CIV,2015,11265906
Cote d'Ivoire,CIV,2016,10785670
Cote d'Ivoire,CIV,2017,11510025
Cote d'Ivoire,CIV,2018,12666779
Cote d'Ivoire,CIV,2019,12724885
Cote d'Ivoire,CIV,2020,13075012
Cote d'Ivoire,CIV,2021,13636881
Cote d'Ivoire,CIV,2022,13561839
Cote d'Ivoire,CIV,2023,13943414
Cote d'Ivoire,CIV,2024,14212542
Cote d'Ivoire,CIV,2025,14484197
Croatia,HRV,-10000,0
Croatia,HRV,-9000,0
Croatia,HRV,-8000,0
Croatia,HRV,-7000,0
Croatia,HRV,-6000,3575.198
Croatia,HRV,-5000,14784.85
Croatia,HRV,-4000,25364.924
Croatia,HRV,-3000,43272.496
Croatia,HRV,-2000,73225.04
Croatia,HRV,-1000,122329.6
Croatia,HRV,0,199640.03
Croatia,HRV,100,200522.19
Croatia,HRV,200,201477.2
Croatia,HRV,300,202313.11
Croatia,HRV,400,203013.39
Croatia,HRV,500,203558.77
Croatia,HRV,600,203926.38
Croatia,HRV,700,204088.81
Croatia,HRV,800,204012.94
Croatia,HRV,900,203657.95
Croatia,HRV,1000,202972.73
Croatia,HRV,1100,210145.19
Croatia,HRV,1200,216409.4
Croatia,HRV,1300,221593.22
Croatia,HRV,1400,225457.08
Croatia,HRV,1500,227650.12
Croatia,HRV,1600,266366
Croatia,HRV,1700,251897.23
Croatia,HRV,1710,255823.05
Croatia,HRV,1720,264468.12
Croatia,HRV,1730,273340.5
Croatia,HRV,1740,282438.66
Croatia,HRV,1750,291759.75
Croatia,HRV,1760,301299.56
Croatia,HRV,1770,311051.97
Croatia,HRV,1780,321008.9
Croatia,HRV,1790,331159.66
Croatia,HRV,1800,341490.7
Croatia,HRV,1810,351984.75
Croatia,HRV,1820,369515.28
Croatia,HRV,1830,387704.72
Croatia,HRV,1840,406539.28
Croatia,HRV,1850,425994.88
Croatia,HRV,1860,446034.12
Croatia,HRV,1870,487500.6
Croatia,HRV,1880,532280.5
Croatia,HRV,1890,580488.94
Croatia,HRV,1900,632188
Croatia,HRV,1910,687358.4
Croatia,HRV,1920,769244.94
Croatia,HRV,1930,858770.6
Croatia,HRV,1940,955732.5
Croatia,HRV,1950,1059318.1
Croatia,HRV,1951,1065639.2
Croatia,HRV,1952,1071990.2
Croatia,HRV,1953,1078219.9
Croatia,HRV,1954,1084213.1
Croatia,HRV,1955,1089882.6
Croatia,HRV,1956,1095178.8
Croatia,HRV,1957,1100076.6
Croatia,HRV,1958,1104583
Croatia,HRV,1959,1108720.8
Croatia,HRV,1960,1112513.1
Croatia,HRV,1961,1115959
Croatia,HRV,1962,1113429.4
Croatia,HRV,1963,1112098
Croatia,HRV,1964,1110766.8
Croatia,HRV,1965,1105840.5
Croatia,HRV,1966,1100515
Croatia,HRV,1967,1100648.2
Croatia,HRV,1968,1097852.4
Croatia,HRV,1969,1096654.1
Croatia,HRV,1970,1092393.6
Croatia,HRV,1971,1088133.2
Croatia,HRV,1972,1082408.4
Croatia,HRV,1973,1077216
Croatia,HRV,1974,1073887.6
Croatia,HRV,1975,1069627.1
Croatia,HRV,1976,1065766.2
Croatia,HRV,1977,1058177.4
Croatia,HRV,1978,1055381.5
Croatia,HRV,1979,1051254.2
Croatia,HRV,1980,1049656.5
Croatia,HRV,1981,1046993.75
Croatia,HRV,1982,1043665.3
Croatia,HRV,1983,1040203.7
Croatia,HRV,1984,1036875.3
Croatia,HRV,1985,1035810.25
Croatia,HRV,1986,1035410.8
Croatia,HRV,1987,1033946.3
Croatia,HRV,1988,1033147.44
Croatia,HRV,1989,1032348.6
Croatia,HRV,1990,1030218.44
Croatia,HRV,1991,1015173.94
Croatia,HRV,1992,1325000
Croatia,HRV,1993,1179000
Croatia,HRV,1994,1221000
Croatia,HRV,1995,1233000
Croatia,HRV,1996,1111000
Croatia,HRV,1997,1108000
Croatia,HRV,1998,1218000
Croatia,HRV,1999,1197000
Croatia,HRV,2000,911000
Croatia,HRV,2001,923000
Croatia,HRV,2002,928000
Croatia,HRV,2003,935000
Croatia,HRV,2004,917000
Croatia,HRV,2005,946000
Croatia,HRV,2006,957000
Croatia,HRV,2007,932000
Croatia,HRV,2008,946700
Croatia,HRV,2009,956300
Croatia,HRV,2010,988400
Croatia,HRV,2011,979700
Croatia,HRV,2012,985400
Croatia,HRV,2013,949300
Croatia,HRV,2014,890500
Croatia,HRV,2015,919200
Croatia,HRV,2016,946000
Croatia,HRV,2017,889000
Croatia,HRV,2018,876000
Croatia,HRV,2019,897000
Croatia,HRV,2020,968000
Croatia,HRV,2021,936000
Croatia,HRV,2022,932000
Croatia,HRV,2023,967100
Croatia,HRV,2024,982200
Croatia,HRV,2025,997300
Cuba,CUB,-10000,0
Cuba,CUB,-9000,0
Cuba,CUB,-8000,0
Cuba,CUB,-7000,0
Cuba,CUB,-6000,0
Cuba,CUB,-5000,0
Cuba,CUB,-4000,0
Cuba,CUB,-3000,0
Cuba,CUB,-2000,0
Cuba,CUB,-1000,0
Cuba,CUB,0,0
Cuba,CUB,100,0
Cuba,CUB,200,0
Cuba,CUB,300,0
Cuba,CUB,400,0
Cuba,CUB,500,0
Cuba,CUB,600,0
Cuba,CUB,700,0
Cuba,CUB,800,0
Cuba,CUB,900,0
Cuba,CUB,1000,0
Cuba,CUB,1100,0
Cuba,CUB,1200,0
Cuba,CUB,1300,0
Cuba,CUB,1400,0
Cuba,CUB,1500,16308.982
Cuba,CUB,1600,19994.72
Cuba,CUB,1700,24484.06
Cuba,CUB,1710,28391.744
Cuba,CUB,1720,32922.65
Cuba,CUB,1730,38176.094
Cuba,CUB,1740,44267.2
Cuba,CUB,1750,51329.426
Cuba,CUB,1760,59517.48
Cuba,CUB,1770,69010.67
Cuba,CUB,1780,80016.875
Cuba,CUB,1790,92777.016
Cuba,CUB,1800,107570.35
Cuba,CUB,1810,124720.555
Cuba,CUB,1820,144602.8
Cuba,CUB,1830,181002.17
Cuba,CUB,1840,225727.56
Cuba,CUB,1850,281499.94
Cuba,CUB,1860,298004.9
Cuba,CUB,1870,314425.28
Cuba,CUB,1880,335629.25
Cuba,CUB,1890,358738
Cuba,CUB,1900,383431.12
Cuba,CUB,1910,502974.38
Cuba,CUB,1920,689528.94
Cuba,CUB,1930,901644.25
Cuba,CUB,1940,999166.5
Cuba,CUB,1950,1371321.2
Cuba,CUB,1951,1401381.2
Cuba,CUB,1952,1430833.5
Cuba,CUB,1953,1459287.1
Cuba,CUB,1954,1486605.2
Cuba,CUB,1955,1512902.4
Cuba,CUB,1956,1538566.8
Cuba,CUB,1957,1564235.1
Cuba,CUB,1958,1590751.9
Cuba,CUB,1959,1619068.2
Cuba,CUB,1960,1650000
Cuba,CUB,1961,1650000
Cuba,CUB,1962,1705000
Cuba,CUB,1963,1803000
Cuba,CUB,1964,1975000
Cuba,CUB,1965,1818000
Cuba,CUB,1966,1744000
Cuba,CUB,1967,1922000
Cuba,CUB,1968,2171000
Cuba,CUB,1969,2325000
Cuba,CUB,1970,2612000
Cuba,CUB,1971,2673000
Cuba,CUB,1972,3005000
Cuba,CUB,1973,3179000
Cuba,CUB,1974,3031000
Cuba,CUB,1975,3170000
Cuba,CUB,1976,3327000
Cuba,CUB,1977,3331000
Cuba,CUB,1978,3336000
Cuba,CUB,1979,3329000
Cuba,CUB,1980,3330000
Cuba,CUB,1981,3350000
Cuba,CUB,1982,3400000
Cuba,CUB,1983,3450000
Cuba,CUB,1984,3507000
Cuba,CUB,1985,3568000
Cuba,CUB,1986,3650000
Cuba,CUB,1987,3730000
Cuba,CUB,1988,3780000
Cuba,CUB,1989,3801000
Cuba,CUB,1990,3841000
Cuba,CUB,1991,3885000
Cuba,CUB,1992,4075000
Cuba,CUB,1993,4130000
Cuba,CUB,1994,4186000
Cuba,CUB,1995,4184000
Cuba,CUB,1996,4035000
Cuba,CUB,1997,4184000
Cuba,CUB,1998,4124000
Cuba,CUB,1999,4160000
Cuba,CUB,2000,4054000
Cuba,CUB,2001,4251000
Cuba,CUB,2002,4237000
Cuba,CUB,2003,4182000
Cuba,CUB,2004,4134000
Cuba,CUB,2005,4097000
Cuba,CUB,2006,4061000
Cuba,CUB,2007,3991000
Cuba,CUB,2008,3928600
Cuba,CUB,2009,3866000
Cuba,CUB,2010,3804000
Cuba,CUB,2011,3741200
Cuba,CUB,2012,3554900
Cuba,CUB,2013,3576900
Cuba,CUB,2014,3514670
Cuba,CUB,2015,3517300
Cuba,CUB,2016,3472000
Cuba,CUB,2017,3561600
Cuba,CUB,2018,3561600
Cuba,CUB,2019,3561600
Cuba,CUB,2020,3561600
Cuba,CUB,2021,3561600
Cuba,CUB,2022,3561600
Cuba,CUB,2023,3561600
Cuba,CUB,2024,3561600
Cuba,CUB,2025,3561600
Cyprus,CYP,-10000,0
Cyprus,CYP,-9000,0
Cyprus,CYP,-8000,0
Cyprus,CYP,-7000,0
Cyprus,CYP,-6000,0
Cyprus,CYP,-5000,0
Cyprus,CYP,-4000,17273.975
Cyprus,CYP,-3000,27971.152
Cyprus,CYP,-2000,45168.96
Cyprus,CYP,-1000,72699.65
Cyprus,CYP,0,116533.31
Cyprus,CYP,100,120051.08
Cyprus,CYP,200,123668.516
Cyprus,CYP,300,127388.086
Cyprus,CYP,400,131212.25
Cyprus,CYP,500,135143.56
Cyprus,CYP,600,139184.53
Cyprus,CYP,700,143337.75
Cyprus,CYP,800,147605.81
Cyprus,CYP,900,128559.336
Cyprus,CYP,1000,109678.305
Cyprus,CYP,1100,109158.01
Cyprus,CYP,1200,123117.06
Cyprus,CYP,1300,144136.36
Cyprus,CYP,1400,107566.56
Cyprus,CYP,1500,142700.64
Cyprus,CYP,1600,85183.09
Cyprus,CYP,1700,77679.5
Cyprus,CYP,1710,77638.766
Cyprus,CYP,1720,77597.984
Cyprus,CYP,1730,77557.164
Cyprus,CYP,1740,77516.305
Cyprus,CYP,1750,77475.41
Cyprus,CYP,1760,77434.445
Cyprus,CYP,1770,77393.45
Cyprus,CYP,1780,77352.42
Cyprus,CYP,1790,77311.34
Cyprus,CYP,1800,77270.22
Cyprus,CYP,1810,82845.72
Cyprus,CYP,1820,88415.164
Cyprus,CYP,1830,93978.57
Cyprus,CYP,1840,99535.92
Cyprus,CYP,1850,105087.2
Cyprus,CYP,1860,116861.37
Cyprus,CYP,1870,128622.74
Cyprus,CYP,1880,140371.31
Cyprus,CYP,1890,152107.05
Cyprus,CYP,1900,163829.94
Cyprus,CYP,1910,188674.19
Cyprus,CYP,1920,214288.47
Cyprus,CYP,1930,240124.27
Cyprus,CYP,1940,266271.7
Cyprus,CYP,1950,344167.56
Cyprus,CYP,1951,348581.6
Cyprus,CYP,1952,352891.25
Cyprus,CYP,1953,357617.06
Cyprus,CYP,1954,362997.44
Cyprus,CYP,1955,369072.94
Cyprus,CYP,1956,375631.94
Cyprus,CYP,1957,382472.6
Cyprus,CYP,1958,389033.12
Cyprus,CYP,1959,394569.8
Cyprus,CYP,1960,398686.56
Cyprus,CYP,1961,398684.66
Cyprus,CYP,1962,396696.25
Cyprus,CYP,1963,399695.38
Cyprus,CYP,1964,397685.88
Cyprus,CYP,1965,396713.1
Cyprus,CYP,1966,394729.06
Cyprus,CYP,1967,395729.44
Cyprus,CYP,1968,395735.06
Cyprus,CYP,1969,393751.06
Cyprus,CYP,1970,392773.2
Cyprus,CYP,1971,390825.88
Cyprus,CYP,1972,388829.06
Cyprus,CYP,1973,388631.75
Cyprus,CYP,1974,283000
Cyprus,CYP,1975,177100
Cyprus,CYP,1976,174500
Cyprus,CYP,1977,172500
Cyprus,CYP,1978,170500
Cyprus,CYP,1979,168500
Cyprus,CYP,1980,167500
Cyprus,CYP,1981,171900
Cyprus,CYP,1982,178000
Cyprus,CYP,1983,179000
Cyprus,CYP,1984,178000
Cyprus,CYP,1985,157800
Cyprus,CYP,1986,158200
Cyprus,CYP,1987,157400
Cyprus,CYP,1988,156400
Cyprus,CYP,1989,156400
Cyprus,CYP,1990,156600
Cyprus,CYP,1991,155200
Cyprus,CYP,1992,155600
Cyprus,CYP,1993,154700
Cyprus,CYP,1994,141400
Cyprus,CYP,1995,141100
Cyprus,CYP,1996,142000
Cyprus,CYP,1997,141100
Cyprus,CYP,1998,143100
Cyprus,CYP,1999,143100
Cyprus,CYP,2000,140400
Cyprus,CYP,2001,139000
Cyprus,CYP,2002,139000
Cyprus,CYP,2003,153000
Cyprus,CYP,2004,155000
Cyprus,CYP,2005,166000
Cyprus,CYP,2006,156000
Cyprus,CYP,2007,145300
Cyprus,CYP,2008,114200
Cyprus,CYP,2009,123300
Cyprus,CYP,2010,112500
Cyprus,CYP,2011,113900
Cyprus,CYP,2012,114300
Cyprus,CYP,2013,107030.01
Cyprus,CYP,2014,107180.01
Cyprus,CYP,2015,124780.01
Cyprus,CYP,2016,108010
Cyprus,CYP,2017,119769.99
Cyprus,CYP,2018,130854.7
Cyprus,CYP,2019,123768.01
Cyprus,CYP,2020,125391
Cyprus,CYP,2021,119417.01
Cyprus,CYP,2022,120783.7
Cyprus,CYP,2023,116694.984
Cyprus,CYP,2024,114245.68
Cyprus,CYP,2025,111796.375
Czechia,CZE,-10000,0
Czechia,CZE,-9000,0
Czechia,CZE,-8000,0
Czechia,CZE,-7000,0
Czechia,CZE,-6000,0
Czechia,CZE,-5000,25238.918
Czechia,CZE,-4000,48947.77
Czechia,CZE,-3000,94396.695
Czechia,CZE,-2000,180571.8
Czechia,CZE,-1000,341010.22
Czechia,CZE,0,629114.1
Czechia,CZE,100,623350.56
Czechia,CZE,200,617301
Czechia,CZE,300,610936.7
Czechia,CZE,400,604224.06
Czechia,CZE,500,597123.6
Czechia,CZE,600,589588.44
Czechia,CZE,700,581561.8
Czechia,CZE,800,572974.9
Czechia,CZE,900,633575.44
Czechia,CZE,1000,690810.3
Czechia,CZE,1100,811872.94
Czechia,CZE,1200,1057597.9
Czechia,CZE,1300,1545153.4
Czechia,CZE,1400,1249149.8
Czechia,CZE,1500,1446285.6
Czechia,CZE,1600,2076860.5
Czechia,CZE,1700,1964047.2
Czechia,CZE,1710,2005154.8
Czechia,CZE,1720,2045188.2
Czechia,CZE,1730,2084095.8
Czechia,CZE,1740,2121820
Czechia,CZE,1750,2158298.5
Czechia,CZE,1760,2193462
Czechia,CZE,1770,2227234.8
Czechia,CZE,1780,2259532.2
Czechia,CZE,1790,2290260.2
Czechia,CZE,1800,2319312.8
Czechia,CZE,1810,2346571.5
Czechia,CZE,1820,2371901.2
Czechia,CZE,1830,2748034.8
Czechia,CZE,1840,3113906
Czechia,CZE,1850,3225761.5
Czechia,CZE,1860,3414835.5
Czechia,CZE,1870,3631193.8
Czechia,CZE,1880,3829700.5
Czechia,CZE,1890,3978192.2
Czechia,CZE,1900,4213383
Czechia,CZE,1910,4485082.5
Czechia,CZE,1920,4358990
Czechia,CZE,1930,4530979.5
Czechia,CZE,1940,3951289
Czechia,CZE,1950,3574973.8
Czechia,CZE,1951,3563147.2
Czechia,CZE,1952,3591738.2
Czechia,CZE,1953,3617010.2
Czechia,CZE,1954,3637420.8
Czechia,CZE,1955,3652244.2
Czechia,CZE,1956,3661619.2
Czechia,CZE,1957,3666471
Czechia,CZE,1958,3668393.8
Czechia,CZE,1959,3669397.8
Czechia,CZE,1960,3709586.8
Czechia,CZE,1961,3674364.8
Czechia,CZE,1962,3670295.8
Czechia,CZE,1963,3670974.2
Czechia,CZE,1964,3662157.8
Czechia,CZE,1965,3653341.5
Czechia,CZE,1966,3643847
Czechia,CZE,1967,3636387
Czechia,CZE,1968,3630283.5
Czechia,CZE,1969,3622823.5
Czechia,CZE,1970,3617398
Czechia,CZE,1971,3614007
Czechia,CZE,1972,3609938.2
Czechia,CZE,1973,3601800
Czechia,CZE,1974,3587558.2
Czechia,CZE,1975,3564500.5
Czechia,CZE,1976,3565856.8
Czechia,CZE,1977,3566534.8
Czechia,CZE,1978,3557718.2
Czechia,CZE,1979,3536016.8
Czechia,CZE,1980,3505498.8
Czechia,CZE,1981,3506177
Czechia,CZE,1982,3506855
Czechia,CZE,1983,3506177
Czechia,CZE,1984,3502786
Czechia,CZE,1985,3494648
Czechia,CZE,1986,3489222.8
Czechia,CZE,1987,3481762.5
Czechia,CZE,1988,3471589.8
Czechia,CZE,1989,3464130
Czechia,CZE,1990,3455313.8
Czechia,CZE,1991,3424795.8
Czechia,CZE,1992,3409197.8
Czechia,CZE,1993,3409000
Czechia,CZE,1994,3394000
Czechia,CZE,1995,3378000
Czechia,CZE,1996,3334000
Czechia,CZE,1997,3327000
Czechia,CZE,1998,3337000
Czechia,CZE,1999,3332000
Czechia,CZE,2000,3319000
Czechia,CZE,2001,3312000
Czechia,CZE,2002,2813210
Czechia,CZE,2003,2793380
Czechia,CZE,2004,2773280
Czechia,CZE,2005,2752750
Czechia,CZE,2006,2676560
Czechia,CZE,2007,2664560
Czechia,CZE,2008,2638560
Czechia,CZE,2009,2620700
Czechia,CZE,2010,2587820
Czechia,CZE,2011,2562310
Czechia,CZE,2012,2558150
Czechia,CZE,2013,2547000
Czechia,CZE,2014,2535000
Czechia,CZE,2015,2536000
Czechia,CZE,2016,2539000
Czechia,CZE,2017,2543000
Czechia,CZE,2018,2533000
Czechia,CZE,2019,2531821
Czechia,CZE,2020,2534262
Czechia,CZE,2021,2524272
Czechia,CZE,2022,2527713
Czechia,CZE,2023,2524776.8
Czechia,CZE,2024,2522964.5
Czechia,CZE,2025,2521152.2
Democratic Republic of Congo,COD,-10000,0
Democratic Republic of Congo,COD,-9000,0
Democratic Republic of Congo,COD,-8000,0
Democratic Republic of Congo,COD,-7000,0
Democratic Republic of Congo,COD,-6000,0
Democratic Republic of Congo,COD,-5000,0
Democratic Republic of Congo,COD,-4000,0
Democratic Republic of Congo,COD,-3000,0
Democratic Republic of Congo,COD,-2000,0
Democratic Republic of Congo,COD,-1000,0
Democratic Republic of Congo,COD,0,85.74357
Democratic Republic of Congo,COD,100,322.61728
Democratic Republic of Congo,COD,200,834.8006
Democratic Republic of Congo,COD,300,2177.7417
Democratic Republic of Congo,COD,400,5654.329
Democratic Republic of Congo,COD,500,14703.358
Democratic Republic of Congo,COD,600,38290.074
Democratic Republic of Congo,COD,700,99853.48
Democratic Republic of Congo,COD,800,260747.53
Democratic Republic of Congo,COD,900,586682
Democratic Republic of Congo,COD,1000,1303737.8
Democratic Republic of Congo,COD,1100,1521027.4
Democratic Republic of Congo,COD,1200,1738317
Democratic Republic of Congo,COD,1300,1955606.6
Democratic Republic of Congo,COD,1400,2281541
Democratic Republic of Congo,COD,1500,2607475.5
Democratic Republic of Congo,COD,1600,2770442.5
Democratic Republic of Congo,COD,1700,2933409.8
Democratic Republic of Congo,COD,1710,2980597.5
Democratic Republic of Congo,COD,1720,3027785
Democratic Republic of Congo,COD,1730,3074972.5
Democratic Republic of Congo,COD,1740,3122160.2
Democratic Republic of Congo,COD,1750,3169347.8
Democratic Republic of Congo,COD,1760,3216535.2
Democratic Republic of Congo,COD,1770,3263722.8
Democratic Republic of Congo,COD,1780,3310910.2
Democratic Republic of Congo,COD,1790,3358098
Democratic Republic of Congo,COD,1800,3405285.5
Democratic Republic of Congo,COD,1810,3452473
Democratic Republic of Congo,COD,1820,3499660.5
Democratic Republic of Congo,COD,1830,3546848
Democratic Republic of Congo,COD,1840,3594035.5
Democratic Republic of Congo,COD,1850,3641223.5
Democratic Republic of Congo,COD,1860,3662060.2
Democratic Republic of Congo,COD,1870,3901722.8
Democratic Republic of Congo,COD,1880,4210417
Democratic Republic of Congo,COD,1890,4406168
Democratic Republic of Congo,COD,1900,4184614.8
Democratic Republic of Congo,COD,1910,3784490.5
Democratic Republic of Congo,COD,1920,3567315.2
Democratic Republic of Congo,COD,1930,4067903.5
Democratic Republic of Congo,COD,1940,4593333.5
Democratic Republic of Congo,COD,1950,5395481
Democratic Republic of Congo,COD,1951,5504051.5
Democratic Republic of Congo,COD,1952,5615694
Democratic Republic of Congo,COD,1953,5732365
Democratic Republic of Congo,COD,1954,5855535
Democratic Republic of Congo,COD,1955,5986172.5
Democratic Republic of Congo,COD,1956,6124751
Democratic Republic of Congo,COD,1957,6271245
Democratic Republic of Congo,COD,1958,6425209
Democratic Republic of Congo,COD,1959,6585900
Democratic Republic of Congo,COD,1960,6752622
Democratic Republic of Congo,COD,1961,6950000
Democratic Republic of Congo,COD,1962,6970000
Democratic Republic of Congo,COD,1963,7000000
Democratic Republic of Congo,COD,1964,7030000
Democratic Republic of Congo,COD,1965,7050000
Democratic Republic of Congo,COD,1966,7070000
Democratic Republic of Congo,COD,1967,7100000
Democratic Republic of Congo,COD,1968,7150000
Democratic Republic of Congo,COD,1969,7200000
Democratic Republic of Congo,COD,1970,7250000
Democratic Republic of Congo,COD,1971,7300000
Democratic Republic of Congo,COD,1972,7350000
Democratic Republic of Congo,COD,1973,7400000
Democratic Republic of Congo,COD,1974,7450000
Democratic Republic of Congo,COD,1975,7450000
Democratic Republic of Congo,COD,1976,7500000
Democratic Republic of Congo,COD,1977,7530000
Democratic Republic of Congo,COD,1978,7550000
Democratic Republic of Congo,COD,1979,7550000
Democratic Republic of Congo,COD,1980,7600000
Democratic Republic of Congo,COD,1981,7650000
Democratic Republic of Congo,COD,1982,7670000
Democratic Republic of Congo,COD,1983,7700000
Democratic Republic of Congo,COD,1984,7750000
Democratic Republic of Congo,COD,1985,7800000
Democratic Republic of Congo,COD,1986,7850000
Democratic Republic of Congo,COD,1987,7850000
Democratic Republic of Congo,COD,1988,7850000
Democratic Republic of Congo,COD,1989,7850000
Democratic Republic of Congo,COD,1990,7860000
Democratic Republic of Congo,COD,1991,7880000
Democratic Republic of Congo,COD,1992,7900000
Democratic Republic of Congo,COD,1993,7900000
Democratic Republic of Congo,COD,1994,7900000
Democratic Republic of Congo,COD,1995,7700000
Democratic Republic of Congo,COD,1996,7700000
Democratic Republic of Congo,COD,1997,7600000
Democratic Republic of Congo,COD,1998,7600000
Democratic Republic of Congo,COD,1999,7500000
Democratic Republic of Congo,COD,2000,7500000
Democratic Republic of Congo,COD,2001,7450000
Democratic Republic of Congo,COD,2002,7450000
Democratic Republic of Congo,COD,2003,7450000
Democratic Republic of Congo,COD,2004,7450000
Democratic Republic of Congo,COD,2005,7450000
Democratic Republic of Congo,COD,2006,7450000
Democratic Republic of Congo,COD,2007,7449976
Democratic Republic of Congo,COD,2008,7499977.5
Democratic Republic of Congo,COD,2009,8686997
Democratic Republic of Congo,COD,2010,10229000
Democratic Republic of Congo,COD,2011,11436000
Democratic Republic of Congo,COD,2012,12686000
Democratic Republic of Congo,COD,2013,13230000
Democratic Republic of Congo,COD,2014,14049000
Democratic Republic of Congo,COD,2015,14250000
Democratic Republic of Congo,COD,2016,14472000
Democratic Republic of Congo,COD,2017,15076000
Democratic Republic of Congo,COD,2018,15344000
Democratic Republic of Congo,COD,2019,15530000
Democratic Republic of Congo,COD,2020,15695000
Democratic Republic of Congo,COD,2021,16112972
Democratic Republic of Congo,COD,2022,16967028
Democratic Republic of Congo,COD,2023,17048510
Democratic Republic of Congo,COD,2024,17411412
Democratic Republic of Congo,COD,2025,17774314
Denmark,DNK,-10000,0
Denmark,DNK,-9000,0
Denmark,DNK,-8000,0
Denmark,DNK,-7000,0
Denmark,DNK,-6000,0
Denmark,DNK,-5000,0
Denmark,DNK,-4000,18.665638
Denmark,DNK,-3000,19.998354
Denmark,DNK,-2000,21.252737
Denmark,DNK,-1000,22.29769
Denmark,DNK,0,286651.22
Denmark,DNK,100,311966.34
Denmark,DNK,200,336388.8
Denmark,DNK,300,359854.75
Denmark,DNK,400,382286.8
Denmark,DNK,500,403602.4
Denmark,DNK,600,423701.28
Denmark,DNK,700,442473.94
Denmark,DNK,800,459786.12
Denmark,DNK,900,472265
Denmark,DNK,1000,489367.34
Denmark,DNK,1100,561371.4
Denmark,DNK,1200,630143.44
Denmark,DNK,1300,688156.7
Denmark,DNK,1400,426414.94
Denmark,DNK,1500,634631.3
Denmark,DNK,1600,711466.06
Denmark,DNK,1700,770532.94
Denmark,DNK,1710,775164.4
Denmark,DNK,1720,779531.25
Denmark,DNK,1730,783619.3
Denmark,DNK,1740,787413.3
Denmark,DNK,1750,790896.56
Denmark,DNK,1760,794074.06
Denmark,DNK,1770,796876.1
Denmark,DNK,1780,799303.44
Denmark,DNK,1790,801340.56
Denmark,DNK,1800,802938.5
Denmark,DNK,1810,856782.3
Denmark,DNK,1820,908761.94
Denmark,DNK,1830,990857.25
Denmark,DNK,1840,1044262.9
Denmark,DNK,1850,1139670.8
Denmark,DNK,1860,1272955.6
Denmark,DNK,1870,1397701.1
Denmark,DNK,1880,1517985.8
Denmark,DNK,1890,1646873.5
Denmark,DNK,1900,1806952
Denmark,DNK,1910,1999488.6
Denmark,DNK,1920,2272154
Denmark,DNK,1930,2445085.2
Denmark,DNK,1940,2578025.2
Denmark,DNK,1950,2612438
Denmark,DNK,1951,2636846.2
Denmark,DNK,1952,2658930
Denmark,DNK,1953,2678831.8
Denmark,DNK,1954,2696776.8
Denmark,DNK,1955,2713079.8
Denmark,DNK,1956,2728149.8
Denmark,DNK,1957,2742504.5
Denmark,DNK,1958,2756702.2
Denmark,DNK,1959,2771339
Denmark,DNK,1960,2786910.5
Denmark,DNK,1961,2816164.2
Denmark,DNK,1962,2782174.5
Denmark,DNK,1963,2755182.5
Denmark,DNK,1964,2739187
Denmark,DNK,1965,2707196.8
Denmark,DNK,1966,2700198.8
Denmark,DNK,1967,2699199
Denmark,DNK,1968,2708196.2
Denmark,DNK,1969,2692201.2
Denmark,DNK,1970,2675206
Denmark,DNK,1971,2661210.2
Denmark,DNK,1972,2665209.2
Denmark,DNK,1973,2667208.5
Denmark,DNK,1974,2654212.2
Denmark,DNK,1975,2659211
Denmark,DNK,1976,2666208.8
Denmark,DNK,1977,2647214.5
Denmark,DNK,1978,2652213
Denmark,DNK,1979,2655212
Denmark,DNK,1980,2652213
Denmark,DNK,1981,2650213.5
Denmark,DNK,1982,2643215.5
Denmark,DNK,1983,2609225.8
Denmark,DNK,1984,2626220.8
Denmark,DNK,1985,2613224.5
Denmark,DNK,1986,2603227.5
Denmark,DNK,1987,2587232.2
Denmark,DNK,1988,2569237.5
Denmark,DNK,1989,2554242
Denmark,DNK,1990,2570237.2
Denmark,DNK,1991,2557241.2
Denmark,DNK,1992,2547244.2
Denmark,DNK,1993,2541374.8
Denmark,DNK,1994,2373445
Denmark,DNK,1995,2327454
Denmark,DNK,1996,2330431.8
Denmark,DNK,1997,2372420.5
Denmark,DNK,1998,2373467
Denmark,DNK,1999,2301493.2
Denmark,DNK,2000,2288487.2
Denmark,DNK,2001,2299497.8
Denmark,DNK,2002,2282501.2
Denmark,DNK,2003,2273503.2
Denmark,DNK,2004,2275479
Denmark,DNK,2005,2338458
Denmark,DNK,2006,2352473
Denmark,DNK,2007,2312441
Denmark,DNK,2008,2406405.2
Denmark,DNK,2009,2436402.5
Denmark,DNK,2010,2425373
Denmark,DNK,2011,2502387.8
Denmark,DNK,2012,2423411.2
Denmark,DNK,2013,2432399.5
Denmark,DNK,2014,2459060
Denmark,DNK,2015,2378353
Denmark,DNK,2016,2398948.8
Denmark,DNK,2017,2396056.5
Denmark,DNK,2018,2419266.5
Denmark,DNK,2019,2418744.8
Denmark,DNK,2020,2397053.5
Denmark,DNK,2021,2383474.5
Denmark,DNK,2022,2390472.8
Denmark,DNK,2023,2373945
Denmark,DNK,2024,2364659.5
Denmark,DNK,2025,2355373.8
Djibouti,DJI,-10000,0
Djibouti,DJI,-9000,0
Djibouti,DJI,-8000,0
Djibouti,DJI,-7000,0
Djibouti,DJI,-6000,0
Djibouti,DJI,-5000,0
Djibouti,DJI,-4000,0
Djibouti,DJI,-3000,0
Djibouti,DJI,-2000,0
Djibouti,DJI,-1000,0
Djibouti,DJI,0,2262.7153
Djibouti,DJI,100,2268.9424
Djibouti,DJI,200,2272.9927
Djibouti,DJI,300,2274.5977
Djibouti,DJI,400,2273.4475
Djibouti,DJI,500,2269.182
Djibouti,DJI,600,2261.3777
Djibouti,DJI,700,2249.5325
Djibouti,DJI,800,2233.0422
Djibouti,DJI,900,2287.3323
Djibouti,DJI,1000,2329.5022
Djibouti,DJI,1100,2694.7778
Djibouti,DJI,1200,3017.0217
Djibouti,DJI,1300,3289.6667
Djibouti,DJI,1400,3503.6887
Djibouti,DJI,1500,3645.99
Djibouti,DJI,1600,3570.044
Djibouti,DJI,1700,3391.6633
Djibouti,DJI,1710,3415.2007
Djibouti,DJI,1720,3401.6738
Djibouti,DJI,1730,3387.6663
Djibouti,DJI,1740,3373.141
Djibouti,DJI,1750,3358.0562
Djibouti,DJI,1760,3342.3645
Djibouti,DJI,1770,3326.0127
Djibouti,DJI,1780,3308.9397
Djibouti,DJI,1790,3291.076
Djibouti,DJI,1800,3272.341
Djibouti,DJI,1810,3252.6423
Djibouti,DJI,1820,3231.8704
Djibouti,DJI,1830,3209.8972
Djibouti,DJI,1840,3186.5718
Djibouti,DJI,1850,4235.8286
Djibouti,DJI,1860,4103.574
Djibouti,DJI,1870,3962.197
Djibouti,DJI,1880,3848.2104
Djibouti,DJI,1890,3718.015
Djibouti,DJI,1900,3639.6626
Djibouti,DJI,1910,3529.8428
Djibouti,DJI,1920,3343.853
Djibouti,DJI,1930,3357.4614
Djibouti,DJI,1940,3179.1516
Djibouti,DJI,1950,2936.3293
Djibouti,DJI,1951,2896.3901
Djibouti,DJI,1952,2850.5176
Djibouti,DJI,1953,2793.042
Djibouti,DJI,1954,2720.7705
Djibouti,DJI,1955,2629.749
Djibouti,DJI,1956,2514.78
Djibouti,DJI,1957,2365.5298
Djibouti,DJI,1958,2159.0994
Djibouti,DJI,1959,1830.7584
Djibouti,DJI,1960,1000
Djibouti,DJI,1961,1000
Djibouti,DJI,1962,1000
Djibouti,DJI,1963,1000
Djibouti,DJI,1964,1000
Djibouti,DJI,1965,1000
Djibouti,DJI,1966,1000
Djibouti,DJI,1967,1000
Djibouti,DJI,1968,1000
Djibouti,DJI,1969,1000
Djibouti,DJI,1970,1000
Djibouti,DJI,1971,1000
Djibouti,DJI,1972,1000
Djibouti,DJI,1973,1000
Djibouti,DJI,1974,1000
Djibouti,DJI,1975,1000
Djibouti,DJI,1976,1000
Djibouti,DJI,1977,1000
Djibouti,DJI,1978,1000
Djibouti,DJI,1979,1000
Djibouti,DJI,1980,1000
Djibouti,DJI,1981,1000
Djibouti,DJI,1982,1000
Djibouti,DJI,1983,1000
Djibouti,DJI,1984,1000
Djibouti,DJI,1985,1000
Djibouti,DJI,1986,1000
Djibouti,DJI,1987,1000
Djibouti,DJI,1988,1000
Djibouti,DJI,1989,1000
Djibouti,DJI,1990,1000
Djibouti,DJI,1991,1500
Djibouti,DJI,1992,1500
Djibouti,DJI,1993,1500
Djibouti,DJI,1994,1500
Djibouti,DJI,1995,1600
Djibouti,DJI,1996,1600
Djibouti,DJI,1997,1600
Djibouti,DJI,1998,1600
Djibouti,DJI,1999,1600
Djibouti,DJI,2000,1600
Djibouti,DJI,2001,1600
Djibouti,DJI,2002,1600
Djibouti,DJI,2003,1700
Djibouti,DJI,2004,1700
Djibouti,DJI,2005,1700
Djibouti,DJI,2006,2000
Djibouti,DJI,2007,2200
Djibouti,DJI,2008,1900
Djibouti,DJI,2009,2000
Djibouti,DJI,2010,2300
Djibouti,DJI,2011,2800
Djibouti,DJI,2012,2800
Djibouti,DJI,2013,2800
Djibouti,DJI,2014,2800
Djibouti,DJI,2015,2800
Djibouti,DJI,2016,2800
Djibouti,DJI,2017,2800
Djibouti,DJI,2018,2800
Djibouti,DJI,2019,2900
Djibouti,DJI,2020,3900
Djibouti,DJI,2021,3900
Djibouti,DJI,2022,3900
Djibouti,DJI,2023,4440
Djibouti,DJI,2024,4760
Djibouti,DJI,2025,5080
Dominica,DMA,-10000,0
Dominica,DMA,-9000,0
Dominica,DMA,-8000,0
Dominica,DMA,-7000,0
Dominica,DMA,-6000,0
Dominica,DMA,-5000,0
Dominica,DMA,-4000,0
Dominica,DMA,-3000,0
Dominica,DMA,-2000,0
Dominica,DMA,-1000,0
Dominica,DMA,0,0
Dominica,DMA,100,0
Dominica,DMA,200,0
Dominica,DMA,300,0
Dominica,DMA,400,0
Dominica,DMA,500,0
Dominica,DMA,600,0
Dominica,DMA,700,0
Dominica,DMA,800,0
Dominica,DMA,900,0
Dominica,DMA,1000,0
Dominica,DMA,1100,0
Dominica,DMA,1200,0
Dominica,DMA,1300,0
Dominica,DMA,1400,0
Dominica,DMA,1500,934.5496
Dominica,DMA,1600,1081.335
Dominica,DMA,1700,1222.1329
Dominica,DMA,1710,1408.8497
Dominica,DMA,1720,1623.3683
Dominica,DMA,1730,1869.6514
Dominica,DMA,1740,2152.18
Dominica,DMA,1750,2476.0073
Dominica,DMA,1760,2846.8152
Dominica,DMA,1770,3270.9675
Dominica,DMA,1780,3754.892
Dominica,DMA,1790,4308.472
Dominica,DMA,1800,4938.3745
Dominica,DMA,1810,5654.754
Dominica,DMA,1820,6467.867
Dominica,DMA,1830,7388.652
Dominica,DMA,1840,8428.548
Dominica,DMA,1850,9392.653
Dominica,DMA,1860,10928.519
Dominica,DMA,1870,11607.764
Dominica,DMA,1880,11547.228
Dominica,DMA,1890,7930.555
Dominica,DMA,1900,10726.161
Dominica,DMA,1910,12258.336
Dominica,DMA,1920,12817.217
Dominica,DMA,1930,11401.857
Dominica,DMA,1940,16185.193
Dominica,DMA,1950,14381.559
Dominica,DMA,1951,14405.371
Dominica,DMA,1952,14419.624
Dominica,DMA,1953,14441.051
Dominica,DMA,1954,14480.759
Dominica,DMA,1955,14547.133
Dominica,DMA,1956,14634.334
Dominica,DMA,1957,14735.848
Dominica,DMA,1958,14840.693
Dominica,DMA,1959,14934.746
Dominica,DMA,1960,15000
Dominica,DMA,1961,15000
Dominica,DMA,1962,16000
Dominica,DMA,1963,16000
Dominica,DMA,1964,16000
Dominica,DMA,1965,16000
Dominica,DMA,1966,16509.793
Dominica,DMA,1967,16490.676
Dominica,DMA,1968,16470.94
Dominica,DMA,1969,16450.812
Dominica,DMA,1970,16430.889
Dominica,DMA,1971,16412.371
Dominica,DMA,1972,16402.6
Dominica,DMA,1973,16393.273
Dominica,DMA,1974,16383.738
Dominica,DMA,1975,16366.197
Dominica,DMA,1976,16345.568
Dominica,DMA,1977,16323.205
Dominica,DMA,1978,16300.228
Dominica,DMA,1979,16278.3955
Dominica,DMA,1980,16259.169
Dominica,DMA,1981,16245.768
Dominica,DMA,1982,16236.684
Dominica,DMA,1983,16228.489
Dominica,DMA,1984,16220.757
Dominica,DMA,1985,16213.173
Dominica,DMA,1986,16205.797
Dominica,DMA,1987,16198.589
Dominica,DMA,1988,16000
Dominica,DMA,1989,16000
Dominica,DMA,1990,16000
Dominica,DMA,1991,16000
Dominica,DMA,1992,16000
Dominica,DMA,1993,16000
Dominica,DMA,1994,16000
Dominica,DMA,1995,15000
Dominica,DMA,1996,15000
Dominica,DMA,1997,15000
Dominica,DMA,1998,15000
Dominica,DMA,1999,16088.189
Dominica,DMA,2000,12493.543
Dominica,DMA,2001,12490.532
Dominica,DMA,2002,12486.885
Dominica,DMA,2003,12482.766
Dominica,DMA,2004,12478.56
Dominica,DMA,2005,12474.492
Dominica,DMA,2006,12470.691
Dominica,DMA,2007,12467.037
Dominica,DMA,2008,12463.46
Dominica,DMA,2009,12459.752
Dominica,DMA,2010,8171.278
Dominica,DMA,2011,8170.8345
Dominica,DMA,2012,8170.363
Dominica,DMA,2013,8113.36
Dominica,DMA,2014,8112.4136
Dominica,DMA,2015,8111.4634
Dominica,DMA,2016,8110.5186
Dominica,DMA,2017,8109.577
Dominica,DMA,2018,8108.6387
Dominica,DMA,2019,8107.7207
Dominica,DMA,2020,8106.8057
Dominica,DMA,2021,8105.9287
Dominica,DMA,2022,8105.0615
Dominica,DMA,2023,8104.235
Dominica,DMA,2024,8103.4478
Dominica,DMA,2025,8102.703
Dominican Republic,DOM,-10000,0
Dominican Republic,DOM,-9000,0
Dominican Republic,DOM,-8000,0
Dominican Republic,DOM,-7000,0
Dominican Republic,DOM,-6000,0
Dominican Republic,DOM,-5000,0
Dominican Republic,DOM,-4000,0
Dominican Republic,DOM,-3000,0
Dominican Republic,DOM,-2000,0
Dominican Republic,DOM,-1000,0
Dominican Republic,DOM,0,0
Dominican Republic,DOM,100,0
Dominican Republic,DOM,200,0
Dominican Republic,DOM,300,0
Dominican Republic,DOM,400,0
Dominican Republic,DOM,500,0
Dominican Republic,DOM,600,0
Dominican Republic,DOM,700,0
Dominican Republic,DOM,800,0
Dominican Republic,DOM,900,0
Dominican Republic,DOM,1000,0
Dominican Republic,DOM,1100,0
Dominican Republic,DOM,1200,0
Dominican Republic,DOM,1300,0
Dominican Republic,DOM,1400,0
Dominican Republic,DOM,1500,62766.992
Dominican Republic,DOM,1600,30342.453
Dominican Republic,DOM,1700,31317.633
Dominican Republic,DOM,1710,32592.113
Dominican Republic,DOM,1720,33918.375
Dominican Republic,DOM,1730,35298.508
Dominican Republic,DOM,1740,36734.703
Dominican Republic,DOM,1750,38229.227
Dominican Republic,DOM,1760,39784.453
Dominican Republic,DOM,1770,41402.832
Dominican Republic,DOM,1780,43086.934
Dominican Republic,DOM,1790,44839.41
Dominican Republic,DOM,1800,46663.04
Dominican Republic,DOM,1810,48560.703
Dominican Republic,DOM,1820,51979.266
Dominican Republic,DOM,1830,55638.336
Dominican Republic,DOM,1840,59554.816
Dominican Republic,DOM,1850,63746.8
Dominican Republic,DOM,1860,68233.664
Dominican Republic,DOM,1870,89469.266
Dominican Republic,DOM,1880,117313.44
Dominican Republic,DOM,1890,154621.67
Dominican Republic,DOM,1900,202489.77
Dominican Republic,DOM,1910,255381.12
Dominican Republic,DOM,1920,335523.8
Dominican Republic,DOM,1930,446270.06
Dominican Republic,DOM,1940,534414.8
Dominican Republic,DOM,1950,711392.5
Dominican Republic,DOM,1951,733506.6
Dominican Republic,DOM,1952,757151.2
Dominican Republic,DOM,1953,782199.94
Dominican Republic,DOM,1954,808555.1
Dominican Republic,DOM,1955,836124
Dominican Republic,DOM,1956,864836.44
Dominican Republic,DOM,1957,894626.25
Dominican Republic,DOM,1958,925445.1
Dominican Republic,DOM,1959,957251.4
Dominican Republic,DOM,1960,990000
Dominican Republic,DOM,1961,990000
Dominican Republic,DOM,1962,1005000
Dominican Republic,DOM,1963,1020000
Dominican Republic,DOM,1964,1035000
Dominican Republic,DOM,1965,1050000
Dominican Republic,DOM,1966,1065000
Dominican Republic,DOM,1967,1080000
Dominican Republic,DOM,1968,1090000
Dominican Republic,DOM,1969,1130000
Dominican Republic,DOM,1970,1135000
Dominican Republic,DOM,1971,1144000
Dominican Republic,DOM,1972,1170000
Dominican Republic,DOM,1973,1205000
Dominican Republic,DOM,1974,1225000
Dominican Republic,DOM,1975,1255000
Dominican Republic,DOM,1976,1310000
Dominican Republic,DOM,1977,1340000
Dominican Republic,DOM,1978,1365000
Dominican Republic,DOM,1979,1390000
Dominican Republic,DOM,1980,1420000
Dominican Republic,DOM,1981,1425000
Dominican Republic,DOM,1982,1430000
Dominican Republic,DOM,1983,1430000
Dominican Republic,DOM,1984,1430000
Dominican Republic,DOM,1985,1430000
Dominican Republic,DOM,1986,1437000
Dominican Republic,DOM,1987,1437000
Dominican Republic,DOM,1988,1437000
Dominican Republic,DOM,1989,1441000
Dominican Republic,DOM,1990,1346000
Dominican Republic,DOM,1991,1346000
Dominican Republic,DOM,1992,1346000
Dominican Republic,DOM,1993,1346000
Dominican Republic,DOM,1994,1346000
Dominican Republic,DOM,1995,1376000
Dominican Republic,DOM,1996,1375000
Dominican Republic,DOM,1997,1300000
Dominican Republic,DOM,1998,1310000
Dominican Republic,DOM,1999,1270000
Dominican Republic,DOM,2000,1318000
Dominican Republic,DOM,2001,1318000
Dominican Republic,DOM,2002,1318000
Dominican Republic,DOM,2003,1238000
Dominican Republic,DOM,2004,1220000
Dominican Republic,DOM,2005,1220000
Dominican Republic,DOM,2006,1220000
Dominican Republic,DOM,2007,1220000
Dominican Republic,DOM,2008,1200000
Dominican Republic,DOM,2009,1200000
Dominican Republic,DOM,2010,1200000
Dominican Republic,DOM,2011,1200000
Dominican Republic,DOM,2012,1155000
Dominican Republic,DOM,2013,1155000
Dominican Republic,DOM,2014,1155000
Dominican Republic,DOM,2015,1232000
Dominican Republic,DOM,2016,1232000
Dominican Republic,DOM,2017,1232000
Dominican Republic,DOM,2018,1232000
Dominican Republic,DOM,2019,1232000
Dominican Republic,DOM,2020,1232000
Dominican Republic,DOM,2021,1232000
Dominican Republic,DOM,2022,1232000
Dominican Republic,DOM,2023,1232000
Dominican Republic,DOM,2024,1232000
Dominican Republic,DOM,2025,1232000
East Timor,TLS,-10000,0
East Timor,TLS,-9000,0
East Timor,TLS,-8000,0
East Timor,TLS,-7000,0
East Timor,TLS,-6000,0
East Timor,TLS,-5000,0
East Timor,TLS,-4000,0
East Timor,TLS,-3000,0
East Timor,TLS,-2000,0
East Timor,TLS,-1000,0
East Timor,TLS,0,899.9639
East Timor,TLS,100,1123.3462
East Timor,TLS,200,1402.4473
East Timor,TLS,300,1751.1879
East Timor,TLS,400,2186.9675
East Timor,TLS,500,2731.435
East Timor,TLS,600,3411.8687
East Timor,TLS,700,4262.4033
East Timor,TLS,800,5325.361
East Timor,TLS,900,6653.8345
East Timor,TLS,1000,8314.191
East Timor,TLS,1100,10389.385
East Timor,TLS,1200,12983.111
East Timor,TLS,1300,16224.983
East Timor,TLS,1400,20277.055
East Timor,TLS,1500,25341.764
East Timor,TLS,1600,31672.303
East Timor,TLS,1700,39585.1
East Timor,TLS,1710,40317.664
East Timor,TLS,1720,41063.79
East Timor,TLS,1730,41823.734
East Timor,TLS,1740,42597.746
East Timor,TLS,1750,43386.094
East Timor,TLS,1760,44189.04
East Timor,TLS,1770,45006.848
East Timor,TLS,1780,45839.805
East Timor,TLS,1790,46688.18
East Timor,TLS,1800,47552.266
East Timor,TLS,1810,48432.35
East Timor,TLS,1820,52643.316
East Timor,TLS,1830,57220.402
East Timor,TLS,1840,62195.465
East Timor,TLS,1850,67603.09
East Timor,TLS,1860,73480.91
East Timor,TLS,1870,76674.984
East Timor,TLS,1880,80007.92
East Timor,TLS,1890,83485.75
East Timor,TLS,1900,87114.76
East Timor,TLS,1910,90901.53
East Timor,TLS,1920,94688.24
East Timor,TLS,1930,98537.06
East Timor,TLS,1940,102741.53
East Timor,TLS,1950,107021.51
East Timor,TLS,1951,108216.67
East Timor,TLS,1952,109496.55
East Timor,TLS,1953,110869.766
East Timor,TLS,1954,112348.17
East Timor,TLS,1955,113932.766
East Timor,TLS,1956,115626.99
East Timor,TLS,1957,117429.625
East Timor,TLS,1958,119339.19
East Timor,TLS,1959,121350.234
East Timor,TLS,1960,80000
East Timor,TLS,1961,80000
East Timor,TLS,1962,80000
East Timor,TLS,1963,80000
East Timor,TLS,1964,80000
East Timor,TLS,1965,79979.87
East Timor,TLS,1966,80000
East Timor,TLS,1967,82000
East Timor,TLS,1968,82000
East Timor,TLS,1969,83000
East Timor,TLS,1970,93000
East Timor,TLS,1971,92983.79
East Timor,TLS,1972,95000
East Timor,TLS,1973,100000
East Timor,TLS,1974,100000
East Timor,TLS,1975,105000
East Timor,TLS,1976,108000
East Timor,TLS,1977,112000
East Timor,TLS,1978,120934.11
East Timor,TLS,1979,126000
East Timor,TLS,1980,129000
East Timor,TLS,1981,132000
East Timor,TLS,1982,134000
East Timor,TLS,1983,136000
East Timor,TLS,1984,139000
East Timor,TLS,1985,142000
East Timor,TLS,1986,145000
East Timor,TLS,1987,149000
East Timor,TLS,1988,153000
East Timor,TLS,1989,155000
East Timor,TLS,1990,168000
East Timor,TLS,1991,180000
East Timor,TLS,1992,180000
East Timor,TLS,1993,185000
East Timor,TLS,1994,190000
East Timor,TLS,1995,190000
East Timor,TLS,1996,192000
East Timor,TLS,1997,193000
East Timor,TLS,1998,191000
East Timor,TLS,1999,187000
East Timor,TLS,2000,186999.9
East Timor,TLS,2001,186599.94
East Timor,TLS,2002,186199.97
East Timor,TLS,2003,183799.86
East Timor,TLS,2004,183399.69
East Timor,TLS,2005,182999.86
East Timor,TLS,2006,182599.6
East Timor,TLS,2007,182199.9
East Timor,TLS,2008,186800
East Timor,TLS,2009,188400
East Timor,TLS,2010,188000
East Timor,TLS,2011,188600
East Timor,TLS,2012,189100
East Timor,TLS,2013,189600
East Timor,TLS,2014,190100
East Timor,TLS,2015,190600
East Timor,TLS,2016,191100
East Timor,TLS,2017,191600
East Timor,TLS,2018,192100
East Timor,TLS,2019,191400
East Timor,TLS,2020,191400
East Timor,TLS,2021,191399.95
East Timor,TLS,2022,191400
East Timor,TLS,2023,191120
East Timor,TLS,2024,190980
East Timor,TLS,2025,190840
Ecuador,ECU,-10000,0
Ecuador,ECU,-9000,0
Ecuador,ECU,-8000,0
Ecuador,ECU,-7000,0
Ecuador,ECU,-6000,0
Ecuador,ECU,-5000,0
Ecuador,ECU,-4000,0
Ecuador,ECU,-3000,0
Ecuador,ECU,-2000,0
Ecuador,ECU,-1000,88904.125
Ecuador,ECU,0,97579.85
Ecuador,ECU,100,102509.83
Ecuador,ECU,200,107682.79
Ecuador,ECU,300,113110.06
Ecuador,ECU,400,118803.36
Ecuador,ECU,500,124774.85
Ecuador,ECU,600,131037.11
Ecuador,ECU,700,137603.1
Ecuador,ECU,800,144486.12
Ecuador,ECU,900,168221.62
Ecuador,ECU,1000,191840.39
Ecuador,ECU,1100,210548.53
Ecuador,ECU,1200,229143.83
Ecuador,ECU,1300,247616.22
Ecuador,ECU,1400,265953.47
Ecuador,ECU,1500,284140.25
Ecuador,ECU,1600,236059.8
Ecuador,ECU,1700,234962.02
Ecuador,ECU,1710,234905.83
Ecuador,ECU,1720,234848.83
Ecuador,ECU,1730,234790.97
Ecuador,ECU,1740,234732.25
Ecuador,ECU,1750,234672.61
Ecuador,ECU,1760,234612.03
Ecuador,ECU,1770,234550.48
Ecuador,ECU,1780,234487.92
Ecuador,ECU,1790,234424.3
Ecuador,ECU,1800,234359.6
Ecuador,ECU,1810,234293.75
Ecuador,ECU,1820,234226.69
Ecuador,ECU,1830,292548.38
Ecuador,ECU,1840,334204.5
Ecuador,ECU,1850,381789.7
Ecuador,ECU,1860,427695.8
Ecuador,ECU,1870,473559.97
Ecuador,ECU,1880,540653.9
Ecuador,ECU,1890,594456
Ecuador,ECU,1900,653606.56
Ecuador,ECU,1910,754567.9
Ecuador,ECU,1920,834904.1
Ecuador,ECU,1930,906295.2
Ecuador,ECU,1940,1354694
Ecuador,ECU,1950,1732654.1
Ecuador,ECU,1951,1779746.9
Ecuador,ECU,1952,1836485.4
Ecuador,ECU,1953,1894856.2
Ecuador,ECU,1954,1954997.1
Ecuador,ECU,1955,2017047.6
Ecuador,ECU,1956,2081184.8
Ecuador,ECU,1957,2147587.8
Ecuador,ECU,1958,2216462.5
Ecuador,ECU,1959,2288003
Ecuador,ECU,1960,2362388
Ecuador,ECU,1961,2510000
Ecuador,ECU,1962,2510000
Ecuador,ECU,1963,2520000
Ecuador,ECU,1964,2520000
Ecuador,ECU,1965,2530000
Ecuador,ECU,1966,2530000
Ecuador,ECU,1967,2540000
Ecuador,ECU,1968,2535000
Ecuador,ECU,1969,2545000
Ecuador,ECU,1970,2555000
Ecuador,ECU,1971,2565000
Ecuador,ECU,1972,2575000
Ecuador,ECU,1973,2585000
Ecuador,ECU,1974,2609000
Ecuador,ECU,1975,2585000
Ecuador,ECU,1976,2555000
Ecuador,ECU,1977,2535000
Ecuador,ECU,1978,2505000
Ecuador,ECU,1979,2490000
Ecuador,ECU,1980,2462000
Ecuador,ECU,1981,2542000
Ecuador,ECU,1982,2540000
Ecuador,ECU,1983,2595000
Ecuador,ECU,1984,2655000
Ecuador,ECU,1985,2720000
Ecuador,ECU,1986,2780000
Ecuador,ECU,1987,2836000
Ecuador,ECU,1988,2852000
Ecuador,ECU,1989,2853000
Ecuador,ECU,1990,2925000
Ecuador,ECU,1991,2995000
Ecuador,ECU,1992,3020000
Ecuador,ECU,1993,2974000
Ecuador,ECU,1994,3036000
Ecuador,ECU,1995,3001000
Ecuador,ECU,1996,2991000
Ecuador,ECU,1997,3004000
Ecuador,ECU,1998,3004000
Ecuador,ECU,1999,2980000
Ecuador,ECU,2000,2979000
Ecuador,ECU,2001,2800000
Ecuador,ECU,2002,2600000
Ecuador,ECU,2003,2487000
Ecuador,ECU,2004,2523000
Ecuador,ECU,2005,2510000
Ecuador,ECU,2006,2446000
Ecuador,ECU,2007,2415000
Ecuador,ECU,2008,2500000
Ecuador,ECU,2009,2548400
Ecuador,ECU,2010,2577800
Ecuador,ECU,2011,2535200
Ecuador,ECU,2012,2530900
Ecuador,ECU,2013,2663000
Ecuador,ECU,2014,2387000
Ecuador,ECU,2015,2551000
Ecuador,ECU,2016,2415000
Ecuador,ECU,2017,2464000
Ecuador,ECU,2018,2354000
Ecuador,ECU,2019,2429000
Ecuador,ECU,2020,2481000
Ecuador,ECU,2021,2448000
Ecuador,ECU,2022,2340000
Ecuador,ECU,2023,2407700
Ecuador,ECU,2024,2406800
Ecuador,ECU,2025,2405900
Egypt,EGY,-10000,0
Egypt,EGY,-9000,0
Egypt,EGY,-8000,0
Egypt,EGY,-7000,0
Egypt,EGY,-6000,6521.631
Egypt,EGY,-5000,9717.759
Egypt,EGY,-4000,23994.633
Egypt,EGY,-3000,95310.98
Egypt,EGY,-2000,142980.61
Egypt,EGY,-1000,190640.81
Egypt,EGY,0,381281.62
Egypt,EGY,100,409877.75
Egypt,EGY,200,438473.8
Egypt,EGY,300,409877.75
Egypt,EGY,400,381281.62
Egypt,EGY,500,333621.4
Egypt,EGY,600,285961.22
Egypt,EGY,700,324089.38
Egypt,EGY,800,362217.53
Egypt,EGY,900,419409.75
Egypt,EGY,1000,476602
Egypt,EGY,1100,414643.75
Egypt,EGY,1200,381281.62
Egypt,EGY,1300,448005.9
Egypt,EGY,1400,386047.62
Egypt,EGY,1500,381281.62
Egypt,EGY,1600,476602
Egypt,EGY,1700,428941.8
Egypt,EGY,1710,419409.75
Egypt,EGY,1720,409877.75
Egypt,EGY,1730,400345.7
Egypt,EGY,1740,390813.66
Egypt,EGY,1750,381281.62
Egypt,EGY,1760,371749.6
Egypt,EGY,1770,362217.53
Egypt,EGY,1780,352685.5
Egypt,EGY,1790,343153.47
Egypt,EGY,1800,333621.4
Egypt,EGY,1810,371749.6
Egypt,EGY,1820,409877.75
Egypt,EGY,1830,448005.9
Egypt,EGY,1840,486134.1
Egypt,EGY,1850,524262.22
Egypt,EGY,1860,436894.1
Egypt,EGY,1870,499307.53
Egypt,EGY,1880,570637.2
Egypt,EGY,1890,786565.1
Egypt,EGY,1900,954072
Egypt,EGY,1910,1098464.5
Egypt,EGY,1920,1344743.9
Egypt,EGY,1930,1518726.1
Egypt,EGY,1940,1679318.5
Egypt,EGY,1950,1974403.1
Egypt,EGY,1951,2013259.6
Egypt,EGY,1952,2055317.6
Egypt,EGY,1953,2100537.8
Egypt,EGY,1954,2148829
Egypt,EGY,1955,2200051.2
Egypt,EGY,1956,2254010.8
Egypt,EGY,1957,2310461.5
Egypt,EGY,1958,2369116.5
Egypt,EGY,1959,2429660.5
Egypt,EGY,1960,2491801
Egypt,EGY,1961,2568000
Egypt,EGY,1962,2505000
Egypt,EGY,1963,2490000
Egypt,EGY,1964,2506000
Egypt,EGY,1965,2672000
Egypt,EGY,1966,2780000
Egypt,EGY,1967,2801000
Egypt,EGY,1968,2801000
Egypt,EGY,1969,2835000
Egypt,EGY,1970,2843000
Egypt,EGY,1971,2852000
Egypt,EGY,1972,2855000
Egypt,EGY,1973,2855000
Egypt,EGY,1974,2843000
Egypt,EGY,1975,2825000
Egypt,EGY,1976,2730000
Egypt,EGY,1977,2635000
Egypt,EGY,1978,2540000
Egypt,EGY,1979,2447000
Egypt,EGY,1980,2445000
Egypt,EGY,1981,2468000
Egypt,EGY,1982,2445240
Egypt,EGY,1983,2434740
Egypt,EGY,1984,2458260
Egypt,EGY,1985,2497000
Egypt,EGY,1986,2567000
Egypt,EGY,1987,2547000
Egypt,EGY,1988,2581000
Egypt,EGY,1989,2571000
Egypt,EGY,1990,2648000
Egypt,EGY,1991,2643000
Egypt,EGY,1992,2996280
Egypt,EGY,1993,3015173
Egypt,EGY,1994,3012643.2
Egypt,EGY,1995,3282879.8
Egypt,EGY,1996,3176407.5
Egypt,EGY,1997,3244920
Egypt,EGY,1998,3259620
Egypt,EGY,1999,3483000
Egypt,EGY,2000,3291000
Egypt,EGY,2001,3337982.5
Egypt,EGY,2002,3424000
Egypt,EGY,2003,3409000
Egypt,EGY,2004,3478000
Egypt,EGY,2005,3523000
Egypt,EGY,2006,3533000
Egypt,EGY,2007,3538000
Egypt,EGY,2008,3542000
Egypt,EGY,2009,3689000
Egypt,EGY,2010,3670997
Egypt,EGY,2011,3619998
Egypt,EGY,2012,3695994.2
Egypt,EGY,2013,3730948.5
Egypt,EGY,2014,3715187.5
Egypt,EGY,2015,3789865.5
Egypt,EGY,2016,3733750.5
Egypt,EGY,2017,3836958.2
Egypt,EGY,2018,3862995
Egypt,EGY,2019,3921979
Egypt,EGY,2020,3970982.5
Egypt,EGY,2021,4030972.8
Egypt,EGY,2022,4057886.8
Egypt,EGY,2023,4114670.8
Egypt,EGY,2024,4159562
Egypt,EGY,2025,4204463
El Salvador,SLV,-10000,0
El Salvador,SLV,-9000,0
El Salvador,SLV,-8000,0
El Salvador,SLV,-7000,0
El Salvador,SLV,-6000,0
El Salvador,SLV,-5000,0
El Salvador,SLV,-4000,0
El Salvador,SLV,-3000,0
El Salvador,SLV,-2000,27907.76
El Salvador,SLV,-1000,28156.938
El Salvador,SLV,0,27298.688
El Salvador,SLV,100,29270.27
El Salvador,SLV,200,31354.584
El Salvador,SLV,300,33551.906
El Salvador,SLV,400,35860.715
El Salvador,SLV,500,38277.098
El Salvador,SLV,600,40793.96
El Salvador,SLV,700,43400.004
El Salvador,SLV,800,46078.285
El Salvador,SLV,900,48804.312
El Salvador,SLV,1000,51543.26
El Salvador,SLV,1100,54246.062
El Salvador,SLV,1200,56843.39
El Salvador,SLV,1300,59236.34
El Salvador,SLV,1400,61280.87
El Salvador,SLV,1500,62759.94
El Salvador,SLV,1600,63328.613
El Salvador,SLV,1700,62385.992
El Salvador,SLV,1710,62320.105
El Salvador,SLV,1720,62410.305
El Salvador,SLV,1730,62720.105
El Salvador,SLV,1740,63339.05
El Salvador,SLV,1750,64393.97
El Salvador,SLV,1760,66065.164
El Salvador,SLV,1770,68609.87
El Salvador,SLV,1780,79324.56
El Salvador,SLV,1790,89599.13
El Salvador,SLV,1800,99408.555
El Salvador,SLV,1810,108724.55
El Salvador,SLV,1820,117514.914
El Salvador,SLV,1830,133242.61
El Salvador,SLV,1840,148022.23
El Salvador,SLV,1850,161778.39
El Salvador,SLV,1860,184605.98
El Salvador,SLV,1870,205627.98
El Salvador,SLV,1880,238515.48
El Salvador,SLV,1890,268216.7
El Salvador,SLV,1900,294325.03
El Salvador,SLV,1910,359834.25
El Salvador,SLV,1920,479816.94
El Salvador,SLV,1930,462459.3
El Salvador,SLV,1940,531676.25
El Salvador,SLV,1950,592928.25
El Salvador,SLV,1951,595880.8
El Salvador,SLV,1952,599768.3
El Salvador,SLV,1953,604384.44
El Salvador,SLV,1954,609569.8
El Salvador,SLV,1955,615202.75
El Salvador,SLV,1956,621198.75
El Salvador,SLV,1957,627505.9
El Salvador,SLV,1958,634095.75
El Salvador,SLV,1959,640945.94
El Salvador,SLV,1960,647965.7
El Salvador,SLV,1961,647965.6
El Salvador,SLV,1962,647965.56
El Salvador,SLV,1963,652918.56
El Salvador,SLV,1964,649942.06
El Salvador,SLV,1965,645989.06
El Salvador,SLV,1966,640000
El Salvador,SLV,1967,635000
El Salvador,SLV,1968,629000
El Salvador,SLV,1969,627000
El Salvador,SLV,1970,625000
El Salvador,SLV,1971,667851.1
El Salvador,SLV,1972,670850.8
El Salvador,SLV,1973,677861.6
El Salvador,SLV,1974,687842.9
El Salvador,SLV,1975,697787.44
El Salvador,SLV,1976,689809.4
El Salvador,SLV,1977,698786.7
El Salvador,SLV,1978,739748.56
El Salvador,SLV,1979,789760.6
El Salvador,SLV,1980,799801.7
El Salvador,SLV,1981,759719.06
El Salvador,SLV,1982,730752.6
El Salvador,SLV,1983,726786.25
El Salvador,SLV,1984,736713.5
El Salvador,SLV,1985,756709
El Salvador,SLV,1986,776650.1
El Salvador,SLV,1987,776644.9
El Salvador,SLV,1988,796792.94
El Salvador,SLV,1989,796792.4
El Salvador,SLV,1990,809846.25
El Salvador,SLV,1991,827923.8
El Salvador,SLV,1992,850973.75
El Salvador,SLV,1993,850973.56
El Salvador,SLV,1994,853967.7
El Salvador,SLV,1995,854961.25
El Salvador,SLV,1996,815934.25
El Salvador,SLV,1997,815925.94
El Salvador,SLV,1998,849975.9
El Salvador,SLV,1999,880993.6
El Salvador,SLV,2000,877088.7
El Salvador,SLV,2001,873190.44
El Salvador,SLV,2002,864274.5
El Salvador,SLV,2003,860387.9
El Salvador,SLV,2004,891360.44
El Salvador,SLV,2005,834551.94
El Salvador,SLV,2006,837967.2
El Salvador,SLV,2007,867438.94
El Salvador,SLV,2008,868769.06
El Salvador,SLV,2009,870042.06
El Salvador,SLV,2010,871256.1
El Salvador,SLV,2011,872564.44
El Salvador,SLV,2012,873788.9
El Salvador,SLV,2013,875167.7
El Salvador,SLV,2014,876344.8
El Salvador,SLV,2015,877900
El Salvador,SLV,2016,878933.7
El Salvador,SLV,2017,880314.9
El Salvador,SLV,2018,880825.4
El Salvador,SLV,2019,880819.06
El Salvador,SLV,2020,880812.7
El Salvador,SLV,2021,880808.9
El Salvador,SLV,2022,880805.06
El Salvador,SLV,2023,880801.25
El Salvador,SLV,2024,880797.56
El Salvador,SLV,2025,880793.56
Equatorial Guinea,GNQ,-10000,0
Equatorial Guinea,GNQ,-9000,0
Equatorial Guinea,GNQ,-8000,0
Equatorial Guinea,GNQ,-7000,0
Equatorial Guinea,GNQ,-6000,0
Equatorial Guinea,GNQ,-5000,0
Equatorial Guinea,GNQ,-4000,0
Equatorial Guinea,GNQ,-3000,0
Equatorial Guinea,GNQ,-2000,0
Equatorial Guinea,GNQ,-1000,0
Equatorial Guinea,GNQ,0,40203.453
Equatorial Guinea,GNQ,100,45250.855
Equatorial Guinea,GNQ,200,50894.645
Equatorial Guinea,GNQ,300,57196.2
Equatorial Guinea,GNQ,400,64220.67
Equatorial Guinea,GNQ,500,72036.34
Equatorial Guinea,GNQ,600,80713.54
Equatorial Guinea,GNQ,700,90322.95
Equatorial Guinea,GNQ,800,100933.11
Equatorial Guinea,GNQ,900,112606.59
Equatorial Guinea,GNQ,1000,125394.55
Equatorial Guinea,GNQ,1100,139328.58
Equatorial Guinea,GNQ,1200,154408.9
Equatorial Guinea,GNQ,1300,170586.64
Equatorial Guinea,GNQ,1400,187737
Equatorial Guinea,GNQ,1500,205617.53
Equatorial Guinea,GNQ,1600,223800.36
Equatorial Guinea,GNQ,1700,241556.34
Equatorial Guinea,GNQ,1710,248317.27
Equatorial Guinea,GNQ,1720,254922.84
Equatorial Guinea,GNQ,1730,261400.86
Equatorial Guinea,GNQ,1740,267748.38
Equatorial Guinea,GNQ,1750,273962.47
Equatorial Guinea,GNQ,1760,280040.1
Equatorial Guinea,GNQ,1770,285977.9
Equatorial Guinea,GNQ,1780,291772.53
Equatorial Guinea,GNQ,1790,297201.94
Equatorial Guinea,GNQ,1800,302917.66
Equatorial Guinea,GNQ,1810,308260.34
Equatorial Guinea,GNQ,1820,313444.25
Equatorial Guinea,GNQ,1830,318464.88
Equatorial Guinea,GNQ,1840,323317.47
Equatorial Guinea,GNQ,1850,327997.1
Equatorial Guinea,GNQ,1860,325127.47
Equatorial Guinea,GNQ,1870,342063.4
Equatorial Guinea,GNQ,1880,367020.56
Equatorial Guinea,GNQ,1890,389799.25
Equatorial Guinea,GNQ,1900,367117.9
Equatorial Guinea,GNQ,1910,328470.53
Equatorial Guinea,GNQ,1920,306107.3
Equatorial Guinea,GNQ,1930,351284.66
Equatorial Guinea,GNQ,1940,111106.516
Equatorial Guinea,GNQ,1950,128728.016
Equatorial Guinea,GNQ,1951,131530.02
Equatorial Guinea,GNQ,1952,133160.8
Equatorial Guinea,GNQ,1953,134157.97
Equatorial Guinea,GNQ,1954,134944.11
Equatorial Guinea,GNQ,1955,135820.67
Equatorial Guinea,GNQ,1956,136959.03
Equatorial Guinea,GNQ,1957,138426.72
Equatorial Guinea,GNQ,1958,140170.5
Equatorial Guinea,GNQ,1959,142073.02
Equatorial Guinea,GNQ,1960,144000
Equatorial Guinea,GNQ,1961,144000
Equatorial Guinea,GNQ,1962,142000
Equatorial Guinea,GNQ,1963,141000
Equatorial Guinea,GNQ,1964,139000
Equatorial Guinea,GNQ,1965,138000
Equatorial Guinea,GNQ,1966,136000
Equatorial Guinea,GNQ,1967,135000
Equatorial Guinea,GNQ,1968,133000
Equatorial Guinea,GNQ,1969,132000
Equatorial Guinea,GNQ,1970,130000
Equatorial Guinea,GNQ,1971,129000
Equatorial Guinea,GNQ,1972,127000
Equatorial Guinea,GNQ,1973,126000
Equatorial Guinea,GNQ,1974,124000
Equatorial Guinea,GNQ,1975,123000
Equatorial Guinea,GNQ,1976,121000
Equatorial Guinea,GNQ,1977,120000
Equatorial Guinea,GNQ,1978,118000
Equatorial Guinea,GNQ,1979,117000
Equatorial Guinea,GNQ,1980,115000
Equatorial Guinea,GNQ,1981,114000
Equatorial Guinea,GNQ,1982,112000
Equatorial Guinea,GNQ,1983,111000
Equatorial Guinea,GNQ,1984,105000
Equatorial Guinea,GNQ,1985,105000
Equatorial Guinea,GNQ,1986,105000
Equatorial Guinea,GNQ,1987,105000
Equatorial Guinea,GNQ,1988,105000
Equatorial Guinea,GNQ,1989,105000
Equatorial Guinea,GNQ,1990,101000
Equatorial Guinea,GNQ,1991,101000
Equatorial Guinea,GNQ,1992,102000
Equatorial Guinea,GNQ,1993,100000
Equatorial Guinea,GNQ,1994,100000
Equatorial Guinea,GNQ,1995,100000
Equatorial Guinea,GNQ,1996,101000
Equatorial Guinea,GNQ,1997,102000
Equatorial Guinea,GNQ,1998,100000
Equatorial Guinea,GNQ,1999,100000
Equatorial Guinea,GNQ,2000,100000
Equatorial Guinea,GNQ,2001,100000
Equatorial Guinea,GNQ,2002,100000
Equatorial Guinea,GNQ,2003,100000
Equatorial Guinea,GNQ,2004,100000
Equatorial Guinea,GNQ,2005,100000
Equatorial Guinea,GNQ,2006,100000
Equatorial Guinea,GNQ,2007,100000
Equatorial Guinea,GNQ,2008,100000
Equatorial Guinea,GNQ,2009,100000
Equatorial Guinea,GNQ,2010,100000
Equatorial Guinea,GNQ,2011,100000
Equatorial Guinea,GNQ,2012,100000
Equatorial Guinea,GNQ,2013,100000
Equatorial Guinea,GNQ,2014,100000
Equatorial Guinea,GNQ,2015,100000
Equatorial Guinea,GNQ,2016,100000
Equatorial Guinea,GNQ,2017,100000
Equatorial Guinea,GNQ,2018,100000
Equatorial Guinea,GNQ,2019,100000
Equatorial Guinea,GNQ,2020,100000
Equatorial Guinea,GNQ,2021,100000
Equatorial Guinea,GNQ,2022,100000
Equatorial Guinea,GNQ,2023,100000
Equatorial Guinea,GNQ,2024,100000
Equatorial Guinea,GNQ,2025,100000
Eritrea,ERI,-10000,0
Eritrea,ERI,-9000,0
Eritrea,ERI,-8000,0
Eritrea,ERI,-7000,0
Eritrea,ERI,-6000,0
Eritrea,ERI,-5000,0
Eritrea,ERI,-4000,0
Eritrea,ERI,-3000,0
Eritrea,ERI,-2000,0
Eritrea,ERI,-1000,0
Eritrea,ERI,0,11218.477
Eritrea,ERI,100,12035.894
Eritrea,ERI,200,12912.313
Eritrea,ERI,300,13851.9375
Eritrea,ERI,400,14859.264
Eritrea,ERI,500,15939.105
Eritrea,ERI,600,17096.607
Eritrea,ERI,700,18337.273
Eritrea,ERI,800,19666.996
Eritrea,ERI,900,20673.566
Eritrea,ERI,1000,21670.322
Eritrea,ERI,1100,24814.951
Eritrea,ERI,1200,27930.92
Eritrea,ERI,1300,32800.48
Eritrea,ERI,1400,37624.844
Eritrea,ERI,1500,42403.4
Eritrea,ERI,1600,66591.34
Eritrea,ERI,1700,90553.1
Eritrea,ERI,1710,96425.016
Eritrea,ERI,1720,102291.39
Eritrea,ERI,1730,108152.21
Eritrea,ERI,1740,114007.484
Eritrea,ERI,1750,119857.18
Eritrea,ERI,1760,125701.3
Eritrea,ERI,1770,131539.83
Eritrea,ERI,1780,137372.8
Eritrea,ERI,1790,143200.14
Eritrea,ERI,1800,149021.88
Eritrea,ERI,1810,154838.02
Eritrea,ERI,1820,160648.52
Eritrea,ERI,1830,166453.39
Eritrea,ERI,1840,172252.62
Eritrea,ERI,1850,178102.08
Eritrea,ERI,1860,182841.88
Eritrea,ERI,1870,188274.58
Eritrea,ERI,1880,194603.28
Eritrea,ERI,1890,202129.42
Eritrea,ERI,1900,211326.08
Eritrea,ERI,1910,222992.45
Eritrea,ERI,1920,238626.22
Eritrea,ERI,1930,261512.02
Eritrea,ERI,1940,301110.84
Eritrea,ERI,1950,408839.22
Eritrea,ERI,1951,415137.16
Eritrea,ERI,1952,422182.2
Eritrea,ERI,1953,429887.94
Eritrea,ERI,1954,438191.7
Eritrea,ERI,1955,447049.03
Eritrea,ERI,1956,456453.72
Eritrea,ERI,1957,466410.3
Eritrea,ERI,1958,476955.3
Eritrea,ERI,1959,488139.75
Eritrea,ERI,1960,500000
Eritrea,ERI,1961,500000
Eritrea,ERI,1962,439000
Eritrea,ERI,1963,440000
Eritrea,ERI,1964,371000
Eritrea,ERI,1965,393000
Eritrea,ERI,1966,500000
Eritrea,ERI,1967,500000
Eritrea,ERI,1968,563000
Eritrea,ERI,1969,565000
Eritrea,ERI,1970,565000
Eritrea,ERI,1971,600000
Eritrea,ERI,1972,600000
Eritrea,ERI,1973,622000
Eritrea,ERI,1974,672000
Eritrea,ERI,1975,672000
Eritrea,ERI,1976,672000
Eritrea,ERI,1977,692000
Eritrea,ERI,1978,692000
Eritrea,ERI,1979,692000
Eritrea,ERI,1980,692000
Eritrea,ERI,1981,692000
Eritrea,ERI,1982,692000
Eritrea,ERI,1983,692000
Eritrea,ERI,1984,692000
Eritrea,ERI,1985,692000
Eritrea,ERI,1986,692000
Eritrea,ERI,1987,692000
Eritrea,ERI,1988,692000
Eritrea,ERI,1989,692000
Eritrea,ERI,1990,692000
Eritrea,ERI,1991,692000
Eritrea,ERI,1992,692000
Eritrea,ERI,1993,607958.6
Eritrea,ERI,1994,604036.3
Eritrea,ERI,1995,605651.44
Eritrea,ERI,1996,605651.44
Eritrea,ERI,1997,605189.94
Eritrea,ERI,1998,602709.7
Eritrea,ERI,1999,608939.25
Eritrea,ERI,2000,607612.56
Eritrea,ERI,2001,609054.56
Eritrea,ERI,2002,605536.06
Eritrea,ERI,2003,669504.4
Eritrea,ERI,2004,755679.94
Eritrea,ERI,2005,783943.6
Eritrea,ERI,2006,820167.4
Eritrea,ERI,2007,869657.7
Eritrea,ERI,2008,837125.56
Eritrea,ERI,2009,864351.06
Eritrea,ERI,2010,904612.5
Eritrea,ERI,2011,941655.25
Eritrea,ERI,2012,951045.8
Eritrea,ERI,2013,967989.4
Eritrea,ERI,2014,977996.9
Eritrea,ERI,2015,992384.9
Eritrea,ERI,2016,1001608.7
Eritrea,ERI,2017,1011732
Eritrea,ERI,2018,1032664.44
Eritrea,ERI,2019,1049219
Eritrea,ERI,2020,1065721.5
Eritrea,ERI,2021,1082693.6
Eritrea,ERI,2022,1064615.9
Eritrea,ERI,2023,1088196.2
Eritrea,ERI,2024,1097934
Eritrea,ERI,2025,1107671.8
Estonia,EST,-10000,0
Estonia,EST,-9000,0
Estonia,EST,-8000,0
Estonia,EST,-7000,0
Estonia,EST,-6000,0
Estonia,EST,-5000,0
Estonia,EST,-4000,0
Estonia,EST,-3000,0
Estonia,EST,-2000,2468.531
Estonia,EST,-1000,9874.124
Estonia,EST,0,39496.496
Estonia,EST,100,83150.516
Estonia,EST,200,86002.164
Estonia,EST,300,88864.63
Estonia,EST,400,91722.01
Estonia,EST,500,94554.82
Estonia,EST,600,97339.22
Estonia,EST,700,100045.88
Estonia,EST,800,102638.625
Estonia,EST,900,105072.44
Estonia,EST,1000,107290.88
Estonia,EST,1100,109222.16
Estonia,EST,1200,110773.62
Estonia,EST,1300,111823
Estonia,EST,1400,112204.41
Estonia,EST,1500,111684.09
Estonia,EST,1600,109914.91
Estonia,EST,1700,106340.32
Estonia,EST,1710,122861.22
Estonia,EST,1720,141907.17
Estonia,EST,1730,163854.58
Estonia,EST,1740,189133.72
Estonia,EST,1750,218235.77
Estonia,EST,1760,251720.7
Estonia,EST,1770,290226.1
Estonia,EST,1780,334476.44
Estonia,EST,1790,385293.6
Estonia,EST,1800,443607.75
Estonia,EST,1810,510469.12
Estonia,EST,1820,575079.1
Estonia,EST,1830,647448.5
Estonia,EST,1840,728409.75
Estonia,EST,1850,818858.6
Estonia,EST,1860,919749.6
Estonia,EST,1870,939200.3
Estonia,EST,1880,958043.94
Estonia,EST,1890,976099.8
Estonia,EST,1900,993153.7
Estonia,EST,1910,1008950
Estonia,EST,1920,1035608.1
Estonia,EST,1930,1060778.2
Estonia,EST,1940,1083919.8
Estonia,EST,1950,1104347.6
Estonia,EST,1951,1112796.9
Estonia,EST,1952,1120876.5
Estonia,EST,1953,1128518.6
Estonia,EST,1954,1135699.4
Estonia,EST,1955,1142484.5
Estonia,EST,1956,1149010.6
Estonia,EST,1957,1155480.6
Estonia,EST,1958,1162148.1
Estonia,EST,1959,1169304.5
Estonia,EST,1960,1177168.6
Estonia,EST,1961,1177169
Estonia,EST,1962,1179623.6
Estonia,EST,1963,1170787.6
Estonia,EST,1964,1163915.2
Estonia,EST,1965,1161215.4
Estonia,EST,1966,1148206.8
Estonia,EST,1967,1146488.8
Estonia,EST,1968,1144280
Estonia,EST,1969,1145752.8
Estonia,EST,1970,1143789.4
Estonia,EST,1971,1142807.6
Estonia,EST,1972,1141826
Estonia,EST,1973,1140353.4
Estonia,EST,1974,1143298.9
Estonia,EST,1975,1140844.6
Estonia,EST,1976,1141335.6
Estonia,EST,1977,1141826.6
Estonia,EST,1978,1138881.4
Estonia,EST,1979,1135936
Estonia,EST,1980,1136510.5
Estonia,EST,1981,1137409
Estonia,EST,1982,1137654.5
Estonia,EST,1983,1138390.9
Estonia,EST,1984,1137340.5
Estonia,EST,1985,1137954.2
Estonia,EST,1986,1138513.9
Estonia,EST,1987,1139186.5
Estonia,EST,1988,1136624.1
Estonia,EST,1989,1128720.8
Estonia,EST,1990,1123762.8
Estonia,EST,1991,1123762.8
Estonia,EST,1992,1126999.4
Estonia,EST,1993,1076998.9
Estonia,EST,1994,960999.3
Estonia,EST,1995,885999.44
Estonia,EST,1996,895999.5
Estonia,EST,1997,899999.5
Estonia,EST,1998,898999.6
Estonia,EST,1999,870999.6
Estonia,EST,2000,854999.7
Estonia,EST,2001,695999.75
Estonia,EST,2002,631199.75
Estonia,EST,2003,560700
Estonia,EST,2004,534100
Estonia,EST,2005,602899.8
Estonia,EST,2006,568000
Estonia,EST,2007,607599.8
Estonia,EST,2008,605799.75
Estonia,EST,2009,604499.7
Estonia,EST,2010,652100
Estonia,EST,2011,639400
Estonia,EST,2012,627300
Estonia,EST,2013,641000
Estonia,EST,2014,657000
Estonia,EST,2015,678000
Estonia,EST,2016,699000
Estonia,EST,2017,686000
Estonia,EST,2018,690000
Estonia,EST,2019,697000
Estonia,EST,2020,699000
Estonia,EST,2021,705000
Estonia,EST,2022,712000
Estonia,EST,2023,716200
Estonia,EST,2024,721400
Estonia,EST,2025,726600
Eswatini,SWZ,-10000,0
Eswatini,SWZ,-9000,0
Eswatini,SWZ,-8000,0
Eswatini,SWZ,-7000,0
Eswatini,SWZ,-6000,0
Eswatini,SWZ,-5000,0
Eswatini,SWZ,-4000,0
Eswatini,SWZ,-3000,0
Eswatini,SWZ,-2000,0
Eswatini,SWZ,-1000,0
Eswatini,SWZ,0,0
Eswatini,SWZ,100,0
Eswatini,SWZ,200,0
Eswatini,SWZ,300,0
Eswatini,SWZ,400,0
Eswatini,SWZ,500,0
Eswatini,SWZ,600,0
Eswatini,SWZ,700,0
Eswatini,SWZ,800,0
Eswatini,SWZ,900,0
Eswatini,SWZ,1000,0
Eswatini,SWZ,1100,2832.5444
Eswatini,SWZ,1200,3290.9175
Eswatini,SWZ,1300,3745.2397
Eswatini,SWZ,1400,4195.4585
Eswatini,SWZ,1500,4641.519
Eswatini,SWZ,1600,5391.4497
Eswatini,SWZ,1700,7667.977
Eswatini,SWZ,1710,8619.463
Eswatini,SWZ,1720,9570.091
Eswatini,SWZ,1730,10519.86
Eswatini,SWZ,1740,11468.77
Eswatini,SWZ,1750,12416.818
Eswatini,SWZ,1760,13364.005
Eswatini,SWZ,1770,14310.327
Eswatini,SWZ,1780,15255.786
Eswatini,SWZ,1790,16200.379
Eswatini,SWZ,1800,17144.104
Eswatini,SWZ,1810,18086.963
Eswatini,SWZ,1820,19028.951
Eswatini,SWZ,1830,19970.07
Eswatini,SWZ,1840,20910.316
Eswatini,SWZ,1850,21849.69
Eswatini,SWZ,1860,24148.783
Eswatini,SWZ,1870,26689.78
Eswatini,SWZ,1880,29498.123
Eswatini,SWZ,1890,32601.95
Eswatini,SWZ,1900,36032.34
Eswatini,SWZ,1910,42397.176
Eswatini,SWZ,1920,49425.617
Eswatini,SWZ,1930,60824.77
Eswatini,SWZ,1940,58752.8
Eswatini,SWZ,1950,98559.14
Eswatini,SWZ,1951,100702.18
Eswatini,SWZ,1952,103001.33
Eswatini,SWZ,1953,105467.04
Eswatini,SWZ,1954,108100
Eswatini,SWZ,1955,110888.63
Eswatini,SWZ,1956,113812.37
Eswatini,SWZ,1957,116828.21
Eswatini,SWZ,1958,119893.58
Eswatini,SWZ,1959,122965.15
Eswatini,SWZ,1960,126000
Eswatini,SWZ,1961,126000
Eswatini,SWZ,1962,136000
Eswatini,SWZ,1963,132000
Eswatini,SWZ,1964,135000
Eswatini,SWZ,1965,142000
Eswatini,SWZ,1966,151000
Eswatini,SWZ,1967,155000
Eswatini,SWZ,1968,156000
Eswatini,SWZ,1969,152000
Eswatini,SWZ,1970,152000
Eswatini,SWZ,1971,152000
Eswatini,SWZ,1972,171000
Eswatini,SWZ,1973,171000
Eswatini,SWZ,1974,158000
Eswatini,SWZ,1975,170000
Eswatini,SWZ,1976,165000
Eswatini,SWZ,1977,153000
Eswatini,SWZ,1978,194000
Eswatini,SWZ,1979,190000
Eswatini,SWZ,1980,189000
Eswatini,SWZ,1981,142000
Eswatini,SWZ,1982,141000
Eswatini,SWZ,1983,141000
Eswatini,SWZ,1984,179000
Eswatini,SWZ,1985,164000
Eswatini,SWZ,1986,164000
Eswatini,SWZ,1987,177000
Eswatini,SWZ,1988,190000
Eswatini,SWZ,1989,204000
Eswatini,SWZ,1990,192000
Eswatini,SWZ,1991,195000
Eswatini,SWZ,1992,191000
Eswatini,SWZ,1993,190000
Eswatini,SWZ,1994,190000
Eswatini,SWZ,1995,190000
Eswatini,SWZ,1996,190000
Eswatini,SWZ,1997,191000
Eswatini,SWZ,1998,191000
Eswatini,SWZ,1999,191000
Eswatini,SWZ,2000,191000
Eswatini,SWZ,2001,192000
Eswatini,SWZ,2002,192000
Eswatini,SWZ,2003,192000
Eswatini,SWZ,2004,192000
Eswatini,SWZ,2005,192000
Eswatini,SWZ,2006,191000
Eswatini,SWZ,2007,191000
Eswatini,SWZ,2008,191000
Eswatini,SWZ,2009,192000
Eswatini,SWZ,2010,193000
Eswatini,SWZ,2011,193000
Eswatini,SWZ,2012,193000
Eswatini,SWZ,2013,193000
Eswatini,SWZ,2014,194000
Eswatini,SWZ,2015,194000
Eswatini,SWZ,2016,194000
Eswatini,SWZ,2017,194000
Eswatini,SWZ,2018,195000
Eswatini,SWZ,2019,195000
Eswatini,SWZ,2020,195000
Eswatini,SWZ,2021,195000
Eswatini,SWZ,2022,195000
Eswatini,SWZ,2023,195000
Eswatini,SWZ,2024,195000
Eswatini,SWZ,2025,195000
Ethiopia,ETH,-10000,0
Ethiopia,ETH,-9000,0
Ethiopia,ETH,-8000,0
Ethiopia,ETH,-7000,0
Ethiopia,ETH,-6000,0
Ethiopia,ETH,-5000,0
Ethiopia,ETH,-4000,0
Ethiopia,ETH,-3000,0
Ethiopia,ETH,-2000,0
Ethiopia,ETH,-1000,0
Ethiopia,ETH,0,89714.24
Ethiopia,ETH,100,109695.14
Ethiopia,ETH,200,134126.14
Ethiopia,ETH,300,163998.33
Ethiopia,ETH,400,200523.58
Ethiopia,ETH,500,245183.62
Ethiopia,ETH,600,299790.22
Ethiopia,ETH,700,366558.62
Ethiopia,ETH,800,448197.5
Ethiopia,ETH,900,473097.38
Ethiopia,ETH,1000,497997.22
Ethiopia,ETH,1100,572696.8
Ethiopia,ETH,1200,647396.4
Ethiopia,ETH,1300,763595.75
Ethiopia,ETH,1400,879795.1
Ethiopia,ETH,1500,995994.44
Ethiopia,ETH,1600,1120493.8
Ethiopia,ETH,1700,1244993.1
Ethiopia,ETH,1710,1554330.4
Ethiopia,ETH,1720,1863667.6
Ethiopia,ETH,1730,2173005
Ethiopia,ETH,1740,2482342.2
Ethiopia,ETH,1750,2791679.5
Ethiopia,ETH,1760,3101016.8
Ethiopia,ETH,1770,3410354
Ethiopia,ETH,1780,3719691.5
Ethiopia,ETH,1790,4029028.5
Ethiopia,ETH,1800,4338366
Ethiopia,ETH,1810,4647703
Ethiopia,ETH,1820,4957040
Ethiopia,ETH,1830,5266377.5
Ethiopia,ETH,1840,5575715
Ethiopia,ETH,1850,5885052.5
Ethiopia,ETH,1860,5885052.5
Ethiopia,ETH,1870,5885052.5
Ethiopia,ETH,1880,5944168.5
Ethiopia,ETH,1890,6003878
Ethiopia,ETH,1900,6064188
Ethiopia,ETH,1910,6502305
Ethiopia,ETH,1920,6903147.5
Ethiopia,ETH,1930,7625369.5
Ethiopia,ETH,1940,8257835
Ethiopia,ETH,1950,9583557
Ethiopia,ETH,1951,9763276
Ethiopia,ETH,1952,9949761
Ethiopia,ETH,1953,10142516
Ethiopia,ETH,1954,10341158
Ethiopia,ETH,1955,10545906
Ethiopia,ETH,1956,10757657
Ethiopia,ETH,1957,10977928
Ethiopia,ETH,1958,11208745
Ethiopia,ETH,1959,11452451
Ethiopia,ETH,1960,11711128
Ethiopia,ETH,1961,11986000
Ethiopia,ETH,1962,12388000
Ethiopia,ETH,1963,12570000
Ethiopia,ETH,1964,12501000
Ethiopia,ETH,1965,12918000
Ethiopia,ETH,1966,13170000
Ethiopia,ETH,1967,13300000
Ethiopia,ETH,1968,13533000
Ethiopia,ETH,1969,13815000
Ethiopia,ETH,1970,13815000
Ethiopia,ETH,1971,14100000
Ethiopia,ETH,1972,14330000
Ethiopia,ETH,1973,14352000
Ethiopia,ETH,1974,14402000
Ethiopia,ETH,1975,14402000
Ethiopia,ETH,1976,14402000
Ethiopia,ETH,1977,14452000
Ethiopia,ETH,1978,14481000
Ethiopia,ETH,1979,14519000
Ethiopia,ETH,1980,14407000
Ethiopia,ETH,1981,14202000
Ethiopia,ETH,1982,13997000
Ethiopia,ETH,1983,13790000
Ethiopia,ETH,1984,13382000
Ethiopia,ETH,1985,13232000
Ethiopia,ETH,1986,12977000
Ethiopia,ETH,1987,12672000
Ethiopia,ETH,1988,12467000
Ethiopia,ETH,1989,12262000
Ethiopia,ETH,1990,12104000
Ethiopia,ETH,1991,12000000
Ethiopia,ETH,1992,11997000
Ethiopia,ETH,1993,10540000
Ethiopia,ETH,1994,10472000
Ethiopia,ETH,1995,10500000
Ethiopia,ETH,1996,10500000
Ethiopia,ETH,1997,10492000
Ethiopia,ETH,1998,10449000
Ethiopia,ETH,1999,10557000
Ethiopia,ETH,2000,10534000
Ethiopia,ETH,2001,10559000
Ethiopia,ETH,2002,10498000
Ethiopia,ETH,2003,11607000
Ethiopia,ETH,2004,13101000
Ethiopia,ETH,2005,13591000
Ethiopia,ETH,2006,14219000
Ethiopia,ETH,2007,15077000
Ethiopia,ETH,2008,14513000
Ethiopia,ETH,2009,14985000
Ethiopia,ETH,2010,15683000
Ethiopia,ETH,2011,16325200
Ethiopia,ETH,2012,16488000
Ethiopia,ETH,2013,16781746
Ethiopia,ETH,2014,16955244
Ethiopia,ETH,2015,17204682
Ethiopia,ETH,2016,17364594
Ethiopia,ETH,2017,17540100
Ethiopia,ETH,2018,17903000
Ethiopia,ETH,2019,18190000
Ethiopia,ETH,2020,18476100
Ethiopia,ETH,2021,18770340
Ethiopia,ETH,2022,18456932
Ethiopia,ETH,2023,18865736
Ethiopia,ETH,2024,19034558
Ethiopia,ETH,2025,19203376
Europe,OWID_EUR,-10000,0
Europe,OWID_EUR,-9000,0
Europe,OWID_EUR,-8000,0
Europe,OWID_EUR,-7000,0
Europe,OWID_EUR,-6000,81773.9
Europe,OWID_EUR,-5000,740454.6
Europe,OWID_EUR,-4000,2027288.6
Europe,OWID_EUR,-3000,4586518
Europe,OWID_EUR,-2000,8581796
Europe,OWID_EUR,-1000,15667987
Europe,OWID_EUR,0,34115970
Europe,OWID_EUR,100,36397308
Europe,OWID_EUR,200,37169156
Europe,OWID_EUR,300,35259324
Europe,OWID_EUR,400,33047554
Europe,OWID_EUR,500,28329564
Europe,OWID_EUR,600,24292748
Europe,OWID_EUR,700,26236734
Europe,OWID_EUR,800,29763786
Europe,OWID_EUR,900,35435950
Europe,OWID_EUR,1000,40727356
Europe,OWID_EUR,1100,53050704
Europe,OWID_EUR,1200,70553704
Europe,OWID_EUR,1300,84069300
Europe,OWID_EUR,1400,61575464
Europe,OWID_EUR,1500,76149530
Europe,OWID_EUR,1600,91138856
Europe,OWID_EUR,1700,99445070
Europe,OWID_EUR,1710,106027550
Europe,OWID_EUR,1720,111824550
Europe,OWID_EUR,1730,117606340
Europe,OWID_EUR,1740,123428536
Europe,OWID_EUR,1750,128660950
Europe,OWID_EUR,1760,133599480
Europe,OWID_EUR,1770,138549970
Europe,OWID_EUR,1780,143827660
Europe,OWID_EUR,1790,149151330
Europe,OWID_EUR,1800,154416830
Europe,OWID_EUR,1810,161067070
Europe,OWID_EUR,1820,168606380
Europe,OWID_EUR,1830,176726750
Europe,OWID_EUR,1840,191531380
Europe,OWID_EUR,1850,201608540
Europe,OWID_EUR,1860,214968000
Europe,OWID_EUR,1870,226870220
Europe,OWID_EUR,1880,246061150
Europe,OWID_EUR,1890,266376580
Europe,OWID_EUR,1900,286877600
Europe,OWID_EUR,1910,322840400
Europe,OWID_EUR,1920,311345630
Europe,OWID_EUR,1930,330428770
Europe,OWID_EUR,1940,364632220
Europe,OWID_EUR,1950,317801570
Europe,OWID_EUR,1951,319868580
Europe,OWID_EUR,1952,322270620
Europe,OWID_EUR,1953,325041340
Europe,OWID_EUR,1954,327652130
Europe,OWID_EUR,1955,330334430
Europe,OWID_EUR,1956,332976260
Europe,OWID_EUR,1957,335586500
Europe,OWID_EUR,1958,338138800
Europe,OWID_EUR,1959,339508100
Europe,OWID_EUR,1960,341277500
Europe,OWID_EUR,1961,342171400
Europe,OWID_EUR,1962,342321800
Europe,OWID_EUR,1963,340483940
Europe,OWID_EUR,1964,338603040
Europe,OWID_EUR,1965,337347400
Europe,OWID_EUR,1966,334241920
Europe,OWID_EUR,1967,333540030
Europe,OWID_EUR,1968,332425900
Europe,OWID_EUR,1969,332394980
Europe,OWID_EUR,1970,331213570
Europe,OWID_EUR,1971,328666300
Europe,OWID_EUR,1972,328022180
Europe,OWID_EUR,1973,327226700
Europe,OWID_EUR,1974,327674660
Europe,OWID_EUR,1975,326856900
Europe,OWID_EUR,1976,326664100
Europe,OWID_EUR,1977,326659300
Europe,OWID_EUR,1978,326394200
Europe,OWID_EUR,1979,325472160
Europe,OWID_EUR,1980,325191740
Europe,OWID_EUR,1981,325179600
Europe,OWID_EUR,1982,325169700
Europe,OWID_EUR,1983,324885280
Europe,OWID_EUR,1984,324914400
Europe,OWID_EUR,1985,324917700
Europe,OWID_EUR,1986,324911260
Europe,OWID_EUR,1987,325069950
Europe,OWID_EUR,1988,324002600
Europe,OWID_EUR,1989,321696100
Europe,OWID_EUR,1990,320625950
Europe,OWID_EUR,1991,319531170
Europe,OWID_EUR,1992,318174800
Europe,OWID_EUR,1993,314705200
Europe,OWID_EUR,1994,312956830
Europe,OWID_EUR,1995,310251230
Europe,OWID_EUR,1996,309069400
Europe,OWID_EUR,1997,310406460
Europe,OWID_EUR,1998,307667360
Europe,OWID_EUR,1999,305575100
Europe,OWID_EUR,2000,303890100
Europe,OWID_EUR,2001,300227520
Europe,OWID_EUR,2002,297948060
Europe,OWID_EUR,2003,295798200
Europe,OWID_EUR,2004,295038430
Europe,OWID_EUR,2005,294172060
Europe,OWID_EUR,2006,292584400
Europe,OWID_EUR,2007,290919550
Europe,OWID_EUR,2008,291596860
Europe,OWID_EUR,2009,291312960
Europe,OWID_EUR,2010,290253950
Europe,OWID_EUR,2011,289894500
Europe,OWID_EUR,2012,290486850
Europe,OWID_EUR,2013,289589980
Europe,OWID_EUR,2014,289590880
Europe,OWID_EUR,2015,289271550
Europe,OWID_EUR,2016,290030240
Europe,OWID_EUR,2017,291055330
Europe,OWID_EUR,2018,291296420
Europe,OWID_EUR,2019,288938080
Europe,OWID_EUR,2020,288519800
Europe,OWID_EUR,2021,288623940
Europe,OWID_EUR,2022,288417280
Europe,OWID_EUR,2023,288502750
Europe,OWID_EUR,2024,288478180
Europe,OWID_EUR,2025,288453630
Europe (excl. Russia),,-10000,0
Europe (excl. Russia),,-9000,0
Europe (excl. Russia),,-8000,0
Europe (excl. Russia),,-7000,0
Europe (excl. Russia),,-6000,81773.9
Europe (excl. Russia),,-5000,740454.6
Europe (excl. Russia),,-4000,1718264.6
Europe (excl. Russia),,-3000,3620297.5
Europe (excl. Russia),,-2000,7337538
Europe (excl. Russia),,-1000,14213446
Europe (excl. Russia),,0,32413250
Europe (excl. Russia),,100,34481750
Europe (excl. Russia),,200,35040760
Europe (excl. Russia),,300,32918090
Europe (excl. Russia),,400,30493480
Europe (excl. Russia),,500,25775488
Europe (excl. Russia),,600,21738674
Europe (excl. Russia),,700,23469820
Europe (excl. Russia),,800,26720174
Europe (excl. Russia),,900,32174936
Europe (excl. Russia),,1000,37242452
Europe (excl. Russia),,1100,47823350
Europe (excl. Russia),,1200,62634260
Europe (excl. Russia),,1300,75873300
Europe (excl. Russia),,1400,53379464
Europe (excl. Russia),,1500,65593036
Europe (excl. Russia),,1600,77876210
Europe (excl. Russia),,1700,84414060
Europe (excl. Russia),,1710,87730180
Europe (excl. Russia),,1720,90261060
Europe (excl. Russia),,1730,92777750
Europe (excl. Russia),,1740,95580350
Europe (excl. Russia),,1750,98314640
Europe (excl. Russia),,1760,100755050
Europe (excl. Russia),,1770,103207400
Europe (excl. Russia),,1780,105986970
Europe (excl. Russia),,1790,108812510
Europe (excl. Russia),,1800,111579880
Europe (excl. Russia),,1810,115731970
Europe (excl. Russia),,1820,120851380
Europe (excl. Russia),,1830,126285010
Europe (excl. Russia),,1840,133034080
Europe (excl. Russia),,1850,138866030
Europe (excl. Russia),,1860,143879680
Europe (excl. Russia),,1870,150406450
Europe (excl. Russia),,1880,158963340
Europe (excl. Russia),,1890,167154200
Europe (excl. Russia),,1900,176170980
Europe (excl. Russia),,1910,186058910
Europe (excl. Russia),,1920,185285950
Europe (excl. Russia),,1930,190442480
Europe (excl. Russia),,1940,194058830
Europe (excl. Russia),,1950,198884750
Europe (excl. Russia),,1951,199059180
Europe (excl. Russia),,1952,199393900
Europe (excl. Russia),,1953,199985340
Europe (excl. Russia),,1954,200357650
Europe (excl. Russia),,1955,200784900
Europe (excl. Russia),,1956,201187250
Europe (excl. Russia),,1957,201595440
Europe (excl. Russia),,1958,201995620
Europe (excl. Russia),,1959,202370460
Europe (excl. Russia),,1960,200863820
Europe (excl. Russia),,1961,201757730
Europe (excl. Russia),,1962,201615340
Europe (excl. Russia),,1963,200831490
Europe (excl. Russia),,1964,199770350
Europe (excl. Russia),,1965,198836770
Europe (excl. Russia),,1966,197282980
Europe (excl. Russia),,1967,196786020
Europe (excl. Russia),,1968,195935400
Europe (excl. Russia),,1969,195728820
Europe (excl. Russia),,1970,194781620
Europe (excl. Russia),,1971,192351490
Europe (excl. Russia),,1972,191824430
Europe (excl. Russia),,1973,191204620
Europe (excl. Russia),,1974,191301230
Europe (excl. Russia),,1975,190776270
Europe (excl. Russia),,1976,190524930
Europe (excl. Russia),,1977,190461570
Europe (excl. Russia),,1978,190547800
Europe (excl. Russia),,1979,189977090
Europe (excl. Russia),,1980,189628160
Europe (excl. Russia),,1981,189508850
Europe (excl. Russia),,1982,189469660
Europe (excl. Russia),,1983,189097420
Europe (excl. Russia),,1984,189251840
Europe (excl. Russia),,1985,189181970
Europe (excl. Russia),,1986,189108780
Europe (excl. Russia),,1987,189187230
Europe (excl. Russia),,1988,188425540
Europe (excl. Russia),,1989,187061760
Europe (excl. Russia),,1990,186583020
Europe (excl. Russia),,1991,185488240
Europe (excl. Russia),,1992,184466770
Europe (excl. Russia),,1993,183410200
Europe (excl. Russia),,1994,182552830
Europe (excl. Russia),,1995,180851220
Europe (excl. Russia),,1996,181096420
Europe (excl. Russia),,1997,181022460
Europe (excl. Russia),,1998,179708350
Europe (excl. Russia),,1999,178755100
Europe (excl. Russia),,2000,177652130
Europe (excl. Russia),,2001,174509540
Europe (excl. Russia),,2002,172648060
Europe (excl. Russia),,2003,171425220
Europe (excl. Russia),,2004,171082430
Europe (excl. Russia),,2005,170591070
Europe (excl. Russia),,2006,169213380
Europe (excl. Russia),,2007,167551550
Europe (excl. Russia),,2008,168154880
Europe (excl. Russia),,2009,167870960
Europe (excl. Russia),,2010,166811950
Europe (excl. Russia),,2011,166452500
Europe (excl. Russia),,2012,167044860
Europe (excl. Russia),,2013,166147970
Europe (excl. Russia),,2014,166148860
Europe (excl. Russia),,2015,165829540
Europe (excl. Russia),,2016,165422080
Europe (excl. Russia),,2017,165335140
Europe (excl. Russia),,2018,165072180
Europe (excl. Russia),,2019,165496080
Europe (excl. Russia),,2020,165077820
Europe (excl. Russia),,2021,165181950
Europe (excl. Russia),,2022,164975260
Europe (excl. Russia),,2023,165060740
Europe (excl. Russia),,2024,165036180
Europe (excl. Russia),,2025,165011620
Falkland Islands,FLK,-10000,0
Falkland Islands,FLK,-9000,0
Falkland Islands,FLK,-8000,0
Falkland Islands,FLK,-7000,0
Falkland Islands,FLK,-6000,0
Falkland Islands,FLK,-5000,0
Falkland Islands,FLK,-4000,0
Falkland Islands,FLK,-3000,0
Falkland Islands,FLK,-2000,0
Falkland Islands,FLK,-1000,0
Falkland Islands,FLK,0,0
Falkland Islands,FLK,100,0
Falkland Islands,FLK,200,0
Falkland Islands,FLK,300,0
Falkland Islands,FLK,400,0
Falkland Islands,FLK,500,0
Falkland Islands,FLK,600,0
Falkland Islands,FLK,700,0
Falkland Islands,FLK,800,0
Falkland Islands,FLK,900,0
Falkland Islands,FLK,1000,0
Falkland Islands,FLK,1100,0
Falkland Islands,FLK,1200,0
Falkland Islands,FLK,1300,0
Falkland Islands,FLK,1400,0
Falkland Islands,FLK,1500,0
Falkland Islands,FLK,1600,0
Falkland Islands,FLK,1700,0
Falkland Islands,FLK,1710,0
Falkland Islands,FLK,1720,0
Falkland Islands,FLK,1730,0
Falkland Islands,FLK,1740,0
Falkland Islands,FLK,1750,0
Falkland Islands,FLK,1760,0
Falkland Islands,FLK,1770,0
Falkland Islands,FLK,1780,0
Falkland Islands,FLK,1790,0
Falkland Islands,FLK,1800,0
Falkland Islands,FLK,1810,0
Falkland Islands,FLK,1820,0
Falkland Islands,FLK,1830,0
Falkland Islands,FLK,1840,0
Falkland Islands,FLK,1850,0
Falkland Islands,FLK,1860,0
Falkland Islands,FLK,1870,0
Falkland Islands,FLK,1880,0
Falkland Islands,FLK,1890,0
Falkland Islands,FLK,1900,0
Falkland Islands,FLK,1910,0
Falkland Islands,FLK,1920,0
Falkland Islands,FLK,1930,0
Falkland Islands,FLK,1940,0
Falkland Islands,FLK,1950,0
Falkland Islands,FLK,1951,0
Falkland Islands,FLK,1952,0
Falkland Islands,FLK,1953,0
Falkland Islands,FLK,1954,0
Falkland Islands,FLK,1955,0
Falkland Islands,FLK,1956,0
Falkland Islands,FLK,1957,0
Falkland Islands,FLK,1958,0
Falkland Islands,FLK,1959,0
Falkland Islands,FLK,1960,0
Falkland Islands,FLK,1961,0
Falkland Islands,FLK,1962,0
Falkland Islands,FLK,1963,0
Falkland Islands,FLK,1964,0
Falkland Islands,FLK,1965,0
Falkland Islands,FLK,1966,0
Falkland Islands,FLK,1967,0
Falkland Islands,FLK,1968,0
Falkland Islands,FLK,1969,0
Falkland Islands,FLK,1970,0
Falkland Islands,FLK,1971,0
Falkland Islands,FLK,1972,0
Falkland Islands,FLK,1973,0
Falkland Islands,FLK,1974,0
Falkland Islands,FLK,1975,0
Falkland Islands,FLK,1976,0
Falkland Islands,FLK,1977,0
Falkland Islands,FLK,1978,0
Falkland Islands,FLK,1979,0
Falkland Islands,FLK,1980,0
Falkland Islands,FLK,1981,0
Falkland Islands,FLK,1982,0
Falkland Islands,FLK,1983,0
Falkland Islands,FLK,1984,0
Falkland Islands,FLK,1985,0
Falkland Islands,FLK,1986,0
Falkland Islands,FLK,1987,0
Falkland Islands,FLK,1988,0
Falkland Islands,FLK,1989,0
Falkland Islands,FLK,1990,0
Falkland Islands,FLK,1991,0
Falkland Islands,FLK,1992,0
Falkland Islands,FLK,1993,0
Falkland Islands,FLK,1994,0
Falkland Islands,FLK,1995,0
Falkland Islands,FLK,1996,0
Falkland Islands,FLK,1997,0
Falkland Islands,FLK,1998,0
Falkland Islands,FLK,1999,0
Falkland Islands,FLK,2000,0
Falkland Islands,FLK,2001,0
Falkland Islands,FLK,2002,0
Falkland Islands,FLK,2003,0
Falkland Islands,FLK,2004,0
Falkland Islands,FLK,2005,0
Falkland Islands,FLK,2006,0
Falkland Islands,FLK,2007,0
Falkland Islands,FLK,2008,0
Falkland Islands,FLK,2009,0
Falkland Islands,FLK,2010,0
Falkland Islands,FLK,2011,0
Falkland Islands,FLK,2012,0
Falkland Islands,FLK,2013,0
Falkland Islands,FLK,2014,0
Falkland Islands,FLK,2015,0
Falkland Islands,FLK,2016,0
Falkland Islands,FLK,2017,0
Falkland Islands,FLK,2018,0
Falkland Islands,FLK,2019,0
Falkland Islands,FLK,2020,0
Falkland Islands,FLK,2021,0
Falkland Islands,FLK,2022,0
Falkland Islands,FLK,2023,0
Falkland Islands,FLK,2024,0
Falkland Islands,FLK,2025,0
Faroe Islands,FRO,-10000,0
Faroe Islands,FRO,-9000,0
Faroe Islands,FRO,-8000,0
Faroe Islands,FRO,-7000,0
Faroe Islands,FRO,-6000,0
Faroe Islands,FRO,-5000,0
Faroe Islands,FRO,-4000,0
Faroe Islands,FRO,-3000,0
Faroe Islands,FRO,-2000,0
Faroe Islands,FRO,-1000,0
Faroe Islands,FRO,0,0
Faroe Islands,FRO,100,0
Faroe Islands,FRO,200,0
Faroe Islands,FRO,300,0
Faroe Islands,FRO,400,0
Faroe Islands,FRO,500,0
Faroe Islands,FRO,600,0
Faroe Islands,FRO,700,0
Faroe Islands,FRO,800,0
Faroe Islands,FRO,900,0
Faroe Islands,FRO,1000,0
Faroe Islands,FRO,1100,0
Faroe Islands,FRO,1200,0
Faroe Islands,FRO,1300,0
Faroe Islands,FRO,1400,0
Faroe Islands,FRO,1500,0
Faroe Islands,FRO,1600,0
Faroe Islands,FRO,1700,0
Faroe Islands,FRO,1710,0
Faroe Islands,FRO,1720,0
Faroe Islands,FRO,1730,0
Faroe Islands,FRO,1740,0
Faroe Islands,FRO,1750,0
Faroe Islands,FRO,1760,0
Faroe Islands,FRO,1770,0
Faroe Islands,FRO,1780,0
Faroe Islands,FRO,1790,0
Faroe Islands,FRO,1800,0
Faroe Islands,FRO,1810,0
Faroe Islands,FRO,1820,0
Faroe Islands,FRO,1830,0
Faroe Islands,FRO,1840,0
Faroe Islands,FRO,1850,0
Faroe Islands,FRO,1860,0
Faroe Islands,FRO,1870,0
Faroe Islands,FRO,1880,0
Faroe Islands,FRO,1890,0
Faroe Islands,FRO,1900,0
Faroe Islands,FRO,1910,0
Faroe Islands,FRO,1920,0
Faroe Islands,FRO,1930,0
Faroe Islands,FRO,1940,0
Faroe Islands,FRO,1950,0
Faroe Islands,FRO,1951,0
Faroe Islands,FRO,1952,0
Faroe Islands,FRO,1953,0
Faroe Islands,FRO,1954,0
Faroe Islands,FRO,1955,0
Faroe Islands,FRO,1956,0
Faroe Islands,FRO,1957,0
Faroe Islands,FRO,1958,0
Faroe Islands,FRO,1959,0
Faroe Islands,FRO,1960,0
Faroe Islands,FRO,1961,0
Faroe Islands,FRO,1962,0
Faroe Islands,FRO,1963,0
Faroe Islands,FRO,1964,0
Faroe Islands,FRO,1965,0
Faroe Islands,FRO,1966,0
Faroe Islands,FRO,1967,0
Faroe Islands,FRO,1968,0
Faroe Islands,FRO,1969,0
Faroe Islands,FRO,1970,0
Faroe Islands,FRO,1971,0
Faroe Islands,FRO,1972,0
Faroe Islands,FRO,1973,0
Faroe Islands,FRO,1974,0
Faroe Islands,FRO,1975,0
Faroe Islands,FRO,1976,0
Faroe Islands,FRO,1977,0
Faroe Islands,FRO,1978,0
Faroe Islands,FRO,1979,0
Faroe Islands,FRO,1980,0
Faroe Islands,FRO,1981,0
Faroe Islands,FRO,1982,0
Faroe Islands,FRO,1983,0
Faroe Islands,FRO,1984,0
Faroe Islands,FRO,1985,0
Faroe Islands,FRO,1986,0
Faroe Islands,FRO,1987,0
Faroe Islands,FRO,1988,0
Faroe Islands,FRO,1989,0
Faroe Islands,FRO,1990,0
Faroe Islands,FRO,1991,0
Faroe Islands,FRO,1992,0
Faroe Islands,FRO,1993,0
Faroe Islands,FRO,1994,0
Faroe Islands,FRO,1995,0
Faroe Islands,FRO,1996,0
Faroe Islands,FRO,1997,0
Faroe Islands,FRO,1998,0
Faroe Islands,FRO,1999,0
Faroe Islands,FRO,2000,0
Faroe Islands,FRO,2001,0
Faroe Islands,FRO,2002,0
Faroe Islands,FRO,2003,0
Faroe Islands,FRO,2004,0
Faroe Islands,FRO,2005,0
Faroe Islands,FRO,2006,0
Faroe Islands,FRO,2007,0
Faroe Islands,FRO,2008,0
Faroe Islands,FRO,2009,0
Faroe Islands,FRO,2010,0
Faroe Islands,FRO,2011,0
Faroe Islands,FRO,2012,0
Faroe Islands,FRO,2013,0
Faroe Islands,FRO,2014,0
Faroe Islands,FRO,2015,0
Faroe Islands,FRO,2016,0
Faroe Islands,FRO,2017,0
Faroe Islands,FRO,2018,0
Faroe Islands,FRO,2019,0
Faroe Islands,FRO,2020,0
Faroe Islands,FRO,2021,0
Faroe Islands,FRO,2022,0
Faroe Islands,FRO,2023,0
Faroe Islands,FRO,2024,0
Faroe Islands,FRO,2025,0
Fiji,FJI,-10000,0
Fiji,FJI,-9000,0
Fiji,FJI,-8000,0
Fiji,FJI,-7000,0
Fiji,FJI,-6000,0
Fiji,FJI,-5000,0
Fiji,FJI,-4000,0
Fiji,FJI,-3000,0
Fiji,FJI,-2000,0
Fiji,FJI,-1000,2811.189
Fiji,FJI,0,3112.5085
Fiji,FJI,100,3406.9736
Fiji,FJI,200,3726.6743
Fiji,FJI,300,4073.2246
Fiji,FJI,400,4448.204
Fiji,FJI,500,4853.108
Fiji,FJI,600,5289.278
Fiji,FJI,700,5757.814
Fiji,FJI,800,6259.0186
Fiji,FJI,900,6793.9873
Fiji,FJI,1000,7361.697
Fiji,FJI,1100,7960.513
Fiji,FJI,1200,8587.294
Fiji,FJI,1300,9236.758
Fiji,FJI,1400,9900.569
Fiji,FJI,1500,10565.969
Fiji,FJI,1600,11213.849
Fiji,FJI,1700,11814.167
Fiji,FJI,1710,12363.801
Fiji,FJI,1720,12937.666
Fiji,FJI,1730,13536.719
Fiji,FJI,1740,14161.934
Fiji,FJI,1750,14814.318
Fiji,FJI,1760,15494.9
Fiji,FJI,1770,16204.734
Fiji,FJI,1780,16944.895
Fiji,FJI,1790,17716.48
Fiji,FJI,1800,18520.602
Fiji,FJI,1810,19358.393
Fiji,FJI,1820,20287.197
Fiji,FJI,1830,21257.184
Fiji,FJI,1840,22269.842
Fiji,FJI,1850,23326.686
Fiji,FJI,1860,24429.23
Fiji,FJI,1870,25068.35
Fiji,FJI,1880,25719.027
Fiji,FJI,1890,26752.473
Fiji,FJI,1900,27761.652
Fiji,FJI,1910,36248.254
Fiji,FJI,1920,45342.6
Fiji,FJI,1930,55054.56
Fiji,FJI,1940,77375.27
Fiji,FJI,1950,101822.15
Fiji,FJI,1951,105525.54
Fiji,FJI,1952,109783.92
Fiji,FJI,1953,114448.98
Fiji,FJI,1954,119407.25
Fiji,FJI,1955,124579.82
Fiji,FJI,1956,129937.5
Fiji,FJI,1957,135496.4
Fiji,FJI,1958,141304.28
Fiji,FJI,1959,147447.5
Fiji,FJI,1960,154000
Fiji,FJI,1961,154000
Fiji,FJI,1962,154000
Fiji,FJI,1963,155000
Fiji,FJI,1964,155000
Fiji,FJI,1965,150000
Fiji,FJI,1966,150000
Fiji,FJI,1967,148000
Fiji,FJI,1968,146000
Fiji,FJI,1969,146000
Fiji,FJI,1970,146000
Fiji,FJI,1971,146000
Fiji,FJI,1972,150000
Fiji,FJI,1973,150000
Fiji,FJI,1974,150000
Fiji,FJI,1975,155000
Fiji,FJI,1976,160000
Fiji,FJI,1977,165000
Fiji,FJI,1978,170000
Fiji,FJI,1979,170000
Fiji,FJI,1980,170000
Fiji,FJI,1981,175000
Fiji,FJI,1982,180000
Fiji,FJI,1983,185000
Fiji,FJI,1984,190000
Fiji,FJI,1985,200000
Fiji,FJI,1986,200000
Fiji,FJI,1987,210000
Fiji,FJI,1988,220000
Fiji,FJI,1989,230000
Fiji,FJI,1990,240000
Fiji,FJI,1991,251000
Fiji,FJI,1992,245200
Fiji,FJI,1993,239400
Fiji,FJI,1994,233600
Fiji,FJI,1995,227800
Fiji,FJI,1996,222000
Fiji,FJI,1997,216200
Fiji,FJI,1998,210400
Fiji,FJI,1999,204600
Fiji,FJI,2000,198800
Fiji,FJI,2001,193000
Fiji,FJI,2002,187200
Fiji,FJI,2003,181400
Fiji,FJI,2004,175600
Fiji,FJI,2005,169800
Fiji,FJI,2006,164000
Fiji,FJI,2007,158200
Fiji,FJI,2008,152400
Fiji,FJI,2009,146800
Fiji,FJI,2010,146100
Fiji,FJI,2011,145400
Fiji,FJI,2012,144700
Fiji,FJI,2013,144000
Fiji,FJI,2014,143300
Fiji,FJI,2015,142600
Fiji,FJI,2016,141900
Fiji,FJI,2017,141200
Fiji,FJI,2018,140500
Fiji,FJI,2019,139800
Fiji,FJI,2020,138600
Fiji,FJI,2021,138600
Fiji,FJI,2022,138600
Fiji,FJI,2023,137720
Fiji,FJI,2024,137220
Fiji,FJI,2025,136720
Finland,FIN,-10000,0
Finland,FIN,-9000,0
Finland,FIN,-8000,0
Finland,FIN,-7000,0
Finland,FIN,-6000,0
Finland,FIN,-5000,0
Finland,FIN,-4000,0
Finland,FIN,-3000,37.28585
Finland,FIN,-2000,44.577656
Finland,FIN,-1000,9440.891
Finland,FIN,0,24881.521
Finland,FIN,100,18471.69
Finland,FIN,200,24365.508
Finland,FIN,300,30112.734
Finland,FIN,400,35702.508
Finland,FIN,500,41122.285
Finland,FIN,600,46357.43
Finland,FIN,700,51390.67
Finland,FIN,800,56201.38
Finland,FIN,900,68498.164
Finland,FIN,1000,80227.25
Finland,FIN,1100,91313.85
Finland,FIN,1200,101661.86
Finland,FIN,1300,111143.93
Finland,FIN,1400,98020.27
Finland,FIN,1500,94574.88
Finland,FIN,1600,181078.22
Finland,FIN,1700,342586.56
Finland,FIN,1710,372158.8
Finland,FIN,1720,404194.12
Finland,FIN,1730,438882.88
Finland,FIN,1740,476427.4
Finland,FIN,1750,517042.2
Finland,FIN,1760,560953.8
Finland,FIN,1770,608400.56
Finland,FIN,1780,659631.94
Finland,FIN,1790,714907.75
Finland,FIN,1800,774496.4
Finland,FIN,1810,838672.56
Finland,FIN,1820,907713.75
Finland,FIN,1830,1047763.7
Finland,FIN,1840,1101310.6
Finland,FIN,1850,1231780.8
Finland,FIN,1860,1284713.6
Finland,FIN,1870,1361724.4
Finland,FIN,1880,1461954.2
Finland,FIN,1890,1660067.6
Finland,FIN,1900,1862031.5
Finland,FIN,1910,2098828.2
Finland,FIN,1920,2246299.5
Finland,FIN,1930,2376786
Finland,FIN,1940,2351829
Finland,FIN,1950,2473962.5
Finland,FIN,1951,2491677.8
Finland,FIN,1952,2511474
Finland,FIN,1953,2531986.2
Finland,FIN,1954,2552135.2
Finland,FIN,1955,2571109.5
Finland,FIN,1956,2588422.2
Finland,FIN,1957,2603856.2
Finland,FIN,1958,2617427.2
Finland,FIN,1959,2629334
Finland,FIN,1960,2639810.2
Finland,FIN,1961,2665687
Finland,FIN,1962,2680079.2
Finland,FIN,1963,2696480
Finland,FIN,1964,2710580
Finland,FIN,1965,2721480.5
Finland,FIN,1966,2734381
Finland,FIN,1967,2743381.8
Finland,FIN,1968,2746082.2
Finland,FIN,1969,2612500
Finland,FIN,1970,2574200
Finland,FIN,1971,2553700
Finland,FIN,1972,2463700
Finland,FIN,1973,2435100
Finland,FIN,1974,2447400
Finland,FIN,1975,2453800
Finland,FIN,1976,2463900
Finland,FIN,1977,2420600
Finland,FIN,1978,2412100
Finland,FIN,1979,2401500
Finland,FIN,1980,2372000
Finland,FIN,1981,2355700
Finland,FIN,1982,2327700
Finland,FIN,1983,2314400
Finland,FIN,1984,2292700
Finland,FIN,1985,2276399.5
Finland,FIN,1986,2261399.5
Finland,FIN,1987,2280999.5
Finland,FIN,1988,2248199.5
Finland,FIN,1989,2262799.8
Finland,FIN,1990,2270999.8
Finland,FIN,1991,2301799.8
Finland,FIN,1992,2286500
Finland,FIN,1993,2277700
Finland,FIN,1994,2301900
Finland,FIN,1995,2146000
Finland,FIN,1996,2126000
Finland,FIN,1997,2128700
Finland,FIN,1998,2170400
Finland,FIN,1999,2180400
Finland,FIN,2000,2192000
Finland,FIN,2001,2197000
Finland,FIN,2002,2209000
Finland,FIN,2003,2217999.8
Finland,FIN,2004,2224999.8
Finland,FIN,2005,2240800
Finland,FIN,2006,2264800
Finland,FIN,2007,2260900
Finland,FIN,2008,2263400
Finland,FIN,2009,2262500
Finland,FIN,2010,2258900
Finland,FIN,2011,2254600
Finland,FIN,2012,2253100
Finland,FIN,2013,2227500
Finland,FIN,2014,2234100
Finland,FIN,2015,2245600
Finland,FIN,2016,2249000
Finland,FIN,2017,2245000
Finland,FIN,2018,2248000
Finland,FIN,2019,2250000
Finland,FIN,2020,2248000
Finland,FIN,2021,2247000
Finland,FIN,2022,2246000
Finland,FIN,2023,2245700
Finland,FIN,2024,2245000
Finland,FIN,2025,2244300
France,FRA,-10000,0
France,FRA,-9000,0
France,FRA,-8000,0
France,FRA,-7000,0
France,FRA,-6000,0
France,FRA,-5000,181956.6
France,FRA,-4000,350855.2
France,FRA,-3000,671433.56
France,FRA,-2000,1597767.2
France,FRA,-1000,3012715.5
France,FRA,0,6941295.5
France,FRA,100,7900824
France,FRA,200,8837098
France,FRA,300,7730201.5
France,FRA,400,6642616.5
France,FRA,500,6230711.5
France,FRA,600,5823102.5
France,FRA,700,6056732.5
France,FRA,800,6274935.5
France,FRA,900,7092044
France,FRA,1000,7866646
France,FRA,1100,9185058
France,FRA,1200,12158179
France,FRA,1300,18045280
France,FRA,1400,12040688
France,FRA,1500,15843877
France,FRA,1600,18711784
France,FRA,1700,21045990
France,FRA,1710,21470480
France,FRA,1720,21884338
France,FRA,1730,22286796
France,FRA,1740,22676856
France,FRA,1750,23054508
France,FRA,1760,23419286
France,FRA,1770,23770294
France,FRA,1780,24107082
France,FRA,1790,24428204
France,FRA,1800,24732808
France,FRA,1810,26007990
France,FRA,1820,27080772
France,FRA,1830,27788790
France,FRA,1840,28580446
France,FRA,1850,29306538
France,FRA,1860,28915688
France,FRA,1870,28422504
France,FRA,1880,28352244
France,FRA,1890,27873210
France,FRA,1900,26932016
France,FRA,1910,26116270
France,FRA,1920,23574922
France,FRA,1930,23370518
France,FRA,1940,22525584
France,FRA,1950,22141480
France,FRA,1951,22097798
France,FRA,1952,22105530
France,FRA,1953,22144914
France,FRA,1954,22194838
France,FRA,1955,22253024
France,FRA,1956,22312490
France,FRA,1957,22373828
France,FRA,1958,22441652
France,FRA,1959,22533904
France,FRA,1960,21405000
France,FRA,1961,21405000
France,FRA,1962,21320000
France,FRA,1963,21241000
France,FRA,1964,20828000
France,FRA,1965,20542000
France,FRA,1966,20214000
France,FRA,1967,19816000
France,FRA,1968,19303000
France,FRA,1969,19265000
France,FRA,1970,19101000
France,FRA,1971,18690000
France,FRA,1972,18632000
France,FRA,1973,18701000
France,FRA,1974,18887000
France,FRA,1975,18954000
France,FRA,1976,18737000
France,FRA,1977,18836000
France,FRA,1978,18975000
France,FRA,1979,18922000
France,FRA,1980,18872000
France,FRA,1981,18916000
France,FRA,1982,19023000
France,FRA,1983,19027000
France,FRA,1984,19145000
France,FRA,1985,19242000
France,FRA,1986,19302000
France,FRA,1987,19459000
France,FRA,1988,19051000
France,FRA,1989,18928000
France,FRA,1990,18993500
France,FRA,1991,19037300
France,FRA,1992,19051536
France,FRA,1993,19229666
France,FRA,1994,19284410
France,FRA,1995,19347890
France,FRA,1996,19367950
France,FRA,1997,19420934
France,FRA,1998,19462090
France,FRA,1999,19497074
France,FRA,2000,19495158
France,FRA,2001,19480610
France,FRA,2002,19499820
France,FRA,2003,19470798
France,FRA,2004,19478900
France,FRA,2005,19488224
France,FRA,2006,19435626
France,FRA,2007,19358354
France,FRA,2008,19318730
France,FRA,2009,19282094
France,FRA,2010,19310486
France,FRA,2011,19280272
France,FRA,2012,19284212
France,FRA,2013,19300896
France,FRA,2014,19326972
France,FRA,2015,19463632
France,FRA,2016,19454076
France,FRA,2017,19516774
France,FRA,2018,19580148
France,FRA,2019,18971768
France,FRA,2020,19770988
France,FRA,2021,19786236
France,FRA,2022,19682506
France,FRA,2023,20043802
France,FRA,2024,20235578
France,FRA,2025,20427354
French Guiana,GUF,-10000,0
French Guiana,GUF,-9000,0
French Guiana,GUF,-8000,0
French Guiana,GUF,-7000,0
French Guiana,GUF,-6000,0
French Guiana,GUF,-5000,0
French Guiana,GUF,-4000,0
French Guiana,GUF,-3000,0
French Guiana,GUF,-2000,0
French Guiana,GUF,-1000,0
French Guiana,GUF,0,0
French Guiana,GUF,100,488.89255
French Guiana,GUF,200,523.60925
French Guiana,GUF,300,560.188
French Guiana,GUF,400,598.5972
French Guiana,GUF,500,638.76404
French Guiana,GUF,600,680.5604
French Guiana,GUF,700,723.78485
French Guiana,GUF,800,768.1382
French Guiana,GUF,900,813.1892
French Guiana,GUF,1000,858.327
French Guiana,GUF,1100,902.68994
French Guiana,GUF,1200,945.05994
French Guiana,GUF,1300,983.69415
French Guiana,GUF,1400,1016.04126
French Guiana,GUF,1500,1038.2263
French Guiana,GUF,1600,1044.0049
French Guiana,GUF,1700,1022.2816
French Guiana,GUF,1710,1121.1855
French Guiana,GUF,1720,1229.0085
French Guiana,GUF,1730,1346.4285
French Guiana,GUF,1740,1474.1466
French Guiana,GUF,1750,1612.8798
French Guiana,GUF,1760,1763.3497
French Guiana,GUF,1770,1926.2693
French Guiana,GUF,1780,2102.3215
French Guiana,GUF,1790,2292.1328
French Guiana,GUF,1800,2496.237
French Guiana,GUF,1810,2715.0256
French Guiana,GUF,1820,2948.68
French Guiana,GUF,1830,3197.0815
French Guiana,GUF,1840,3459.6863
French Guiana,GUF,1850,3735.35
French Guiana,GUF,1860,4022.0825
French Guiana,GUF,1870,4316.6914
French Guiana,GUF,1880,4614.25
French Guiana,GUF,1890,4907.2744
French Guiana,GUF,1900,5184.39
French Guiana,GUF,1910,5428.0156
French Guiana,GUF,1920,5609.968
French Guiana,GUF,1930,5682.012
French Guiana,GUF,1940,5551.136
French Guiana,GUF,1950,4988.1426
French Guiana,GUF,1951,4982.553
French Guiana,GUF,1952,4932.89
French Guiana,GUF,1953,4849.021
French Guiana,GUF,1954,4732.305
French Guiana,GUF,1955,4584.091
French Guiana,GUF,1956,4405.8174
French Guiana,GUF,1957,4188.826
French Guiana,GUF,1958,3916.6438
French Guiana,GUF,1959,3551.8276
French Guiana,GUF,1960,3000
French Guiana,GUF,1961,3000
French Guiana,GUF,1962,4000
French Guiana,GUF,1963,3000
French Guiana,GUF,1964,2000
French Guiana,GUF,1965,2000
French Guiana,GUF,1966,2000
French Guiana,GUF,1967,2000
French Guiana,GUF,1968,2000
French Guiana,GUF,1969,2000
French Guiana,GUF,1970,1000
French Guiana,GUF,1971,2000
French Guiana,GUF,1972,2000
French Guiana,GUF,1973,2000
French Guiana,GUF,1974,2000
French Guiana,GUF,1975,3000
French Guiana,GUF,1976,3000
French Guiana,GUF,1977,3000
French Guiana,GUF,1978,4000
French Guiana,GUF,1979,4000
French Guiana,GUF,1980,4000
French Guiana,GUF,1981,4000
French Guiana,GUF,1982,5000
French Guiana,GUF,1983,5000
French Guiana,GUF,1984,5000
French Guiana,GUF,1985,5000
French Guiana,GUF,1986,6000
French Guiana,GUF,1987,6000
French Guiana,GUF,1988,8000
French Guiana,GUF,1989,11000
French Guiana,GUF,1990,12000
French Guiana,GUF,1991,12000
French Guiana,GUF,1992,12000
French Guiana,GUF,1993,13000
French Guiana,GUF,1994,13000
French Guiana,GUF,1995,13000
French Guiana,GUF,1996,13000
French Guiana,GUF,1997,13000
French Guiana,GUF,1998,13000
French Guiana,GUF,1999,12000
French Guiana,GUF,2000,16000
French Guiana,GUF,2001,16000
French Guiana,GUF,2002,16000
French Guiana,GUF,2003,16000
French Guiana,GUF,2004,16000
French Guiana,GUF,2005,16000
French Guiana,GUF,2006,16600
French Guiana,GUF,2007,15300
French Guiana,GUF,2008,15100
French Guiana,GUF,2009,15200
French Guiana,GUF,2010,15200
French Guiana,GUF,2011,14600
French Guiana,GUF,2012,15900
French Guiana,GUF,2013,17700
French Guiana,GUF,2014,18400
French Guiana,GUF,2015,18900
French Guiana,GUF,2016,18600
French Guiana,GUF,2017,18820
French Guiana,GUF,2018,18820
French Guiana,GUF,2019,18820
French Guiana,GUF,2020,16384
French Guiana,GUF,2021,15667
French Guiana,GUF,2022,15839.999
French Guiana,GUF,2023,14372.301
French Guiana,GUF,2024,13461
French Guiana,GUF,2025,12549.7
Gabon,GAB,-10000,0
Gabon,GAB,-9000,0
Gabon,GAB,-8000,0
Gabon,GAB,-7000,0
Gabon,GAB,-6000,0
Gabon,GAB,-5000,0
Gabon,GAB,-4000,0
Gabon,GAB,-3000,0
Gabon,GAB,-2000,0
Gabon,GAB,-1000,0
Gabon,GAB,0,6169.7056
Gabon,GAB,100,7002.565
Gabon,GAB,200,7946.6934
Gabon,GAB,300,9016.739
Gabon,GAB,400,10229.243
Gabon,GAB,500,11602.863
Gabon,GAB,600,13158.648
Gabon,GAB,700,14920.324
Gabon,GAB,800,16914.62
Gabon,GAB,900,19171.63
Gabon,GAB,1000,21725.227
Gabon,GAB,1100,24613.494
Gabon,GAB,1200,27879.223
Gabon,GAB,1300,31570.465
Gabon,GAB,1400,35741.117
Gabon,GAB,1500,40451.57
Gabon,GAB,1600,45769.453
Gabon,GAB,1700,51770.355
Gabon,GAB,1710,54178.645
Gabon,GAB,1720,56649.047
Gabon,GAB,1730,59113.99
Gabon,GAB,1740,61573.45
Gabon,GAB,1750,64027.41
Gabon,GAB,1760,66475.85
Gabon,GAB,1770,68918.766
Gabon,GAB,1780,71356.125
Gabon,GAB,1790,73787.91
Gabon,GAB,1800,76214.1
Gabon,GAB,1810,78634.68
Gabon,GAB,1820,81049.64
Gabon,GAB,1830,83458.95
Gabon,GAB,1840,85862.6
Gabon,GAB,1850,88260.56
Gabon,GAB,1860,93598.195
Gabon,GAB,1870,99258.25
Gabon,GAB,1880,106311.22
Gabon,GAB,1890,113864.914
Gabon,GAB,1900,108177.086
Gabon,GAB,1910,97723.75
Gabon,GAB,1920,91912.63
Gabon,GAB,1930,104467.03
Gabon,GAB,1940,117568.86
Gabon,GAB,1950,137637.72
Gabon,GAB,1951,138368.45
Gabon,GAB,1952,138889.39
Gabon,GAB,1953,139317.17
Gabon,GAB,1954,139746.02
Gabon,GAB,1955,140251.2
Gabon,GAB,1956,140880.94
Gabon,GAB,1957,141665.1
Gabon,GAB,1958,142617.58
Gabon,GAB,1959,143728.75
Gabon,GAB,1960,145000
Gabon,GAB,1961,145000
Gabon,GAB,1962,160000
Gabon,GAB,1963,175000
Gabon,GAB,1964,190000
Gabon,GAB,1965,205000
Gabon,GAB,1966,220000
Gabon,GAB,1967,235000
Gabon,GAB,1968,250000
Gabon,GAB,1969,265000
Gabon,GAB,1970,280000
Gabon,GAB,1971,300000
Gabon,GAB,1972,315000
Gabon,GAB,1973,335000
Gabon,GAB,1974,350000
Gabon,GAB,1975,369000
Gabon,GAB,1976,404000
Gabon,GAB,1977,427000
Gabon,GAB,1978,449000
Gabon,GAB,1979,451000
Gabon,GAB,1980,453000
Gabon,GAB,1981,455000
Gabon,GAB,1982,457000
Gabon,GAB,1983,459000
Gabon,GAB,1984,461000
Gabon,GAB,1985,463000
Gabon,GAB,1986,465000
Gabon,GAB,1987,467000
Gabon,GAB,1988,469000
Gabon,GAB,1989,471000
Gabon,GAB,1990,473000
Gabon,GAB,1991,475000
Gabon,GAB,1992,480000
Gabon,GAB,1993,482000
Gabon,GAB,1994,484000
Gabon,GAB,1995,495000
Gabon,GAB,1996,495000
Gabon,GAB,1997,495000
Gabon,GAB,1998,495000
Gabon,GAB,1999,495000
Gabon,GAB,2000,495000
Gabon,GAB,2001,495000
Gabon,GAB,2002,495000
Gabon,GAB,2003,495000
Gabon,GAB,2004,495000
Gabon,GAB,2005,495000
Gabon,GAB,2006,495000
Gabon,GAB,2007,494999.62
Gabon,GAB,2008,494999.94
Gabon,GAB,2009,495000
Gabon,GAB,2010,495000
Gabon,GAB,2011,495000
Gabon,GAB,2012,495000
Gabon,GAB,2013,495000
Gabon,GAB,2014,495000
Gabon,GAB,2015,495000
Gabon,GAB,2016,495000
Gabon,GAB,2017,495000
Gabon,GAB,2018,495000
Gabon,GAB,2019,495000
Gabon,GAB,2020,495000
Gabon,GAB,2021,495000
Gabon,GAB,2022,495000
Gabon,GAB,2023,495000
Gabon,GAB,2024,495000
Gabon,GAB,2025,495000
Gambia,GMB,-10000,0
Gambia,GMB,-9000,0
Gambia,GMB,-8000,0
Gambia,GMB,-7000,0
Gambia,GMB,-6000,0
Gambia,GMB,-5000,0
Gambia,GMB,-4000,0
Gambia,GMB,-3000,0
Gambia,GMB,-2000,0
Gambia,GMB,-1000,0
Gambia,GMB,0,4100.49
Gambia,GMB,100,4605.335
Gambia,GMB,200,5167.366
Gambia,GMB,300,5791.767
Gambia,GMB,400,6483.7905
Gambia,GMB,500,7248.591
Gambia,GMB,600,8090.975
Gambia,GMB,700,9015.037
Gambia,GMB,800,10023.625
Gambia,GMB,900,11117.549
Gambia,GMB,1000,12294.42
Gambia,GMB,1100,13546.894
Gambia,GMB,1200,14859.955
Gambia,GMB,1300,16206.581
Gambia,GMB,1400,17540.45
Gambia,GMB,1500,18782.8
Gambia,GMB,1600,19796.324
Gambia,GMB,1700,20324.818
Gambia,GMB,1710,30096.816
Gambia,GMB,1720,38910.12
Gambia,GMB,1730,47456.676
Gambia,GMB,1740,55724.566
Gambia,GMB,1750,63700.676
Gambia,GMB,1760,71370.47
Gambia,GMB,1770,78717.75
Gambia,GMB,1780,85724.39
Gambia,GMB,1790,92369.945
Gambia,GMB,1800,98631.21
Gambia,GMB,1810,104481.6
Gambia,GMB,1820,109890.43
Gambia,GMB,1830,114821.875
Gambia,GMB,1840,119233.62
Gambia,GMB,1850,123074.96
Gambia,GMB,1860,126712.02
Gambia,GMB,1870,130050.65
Gambia,GMB,1880,136987.03
Gambia,GMB,1890,143602.94
Gambia,GMB,1900,146668.72
Gambia,GMB,1910,148557.69
Gambia,GMB,1920,147238.6
Gambia,GMB,1930,156685.66
Gambia,GMB,1940,160096.77
Gambia,GMB,1950,141833.45
Gambia,GMB,1951,138969.72
Gambia,GMB,1952,137220.47
Gambia,GMB,1953,136420.56
Gambia,GMB,1954,136303.33
Gambia,GMB,1955,136510.58
Gambia,GMB,1956,136592.97
Gambia,GMB,1957,136006.17
Gambia,GMB,1958,134156.14
Gambia,GMB,1959,130383.984
Gambia,GMB,1960,124000
Gambia,GMB,1961,124000
Gambia,GMB,1962,125000
Gambia,GMB,1963,126000
Gambia,GMB,1964,127000
Gambia,GMB,1965,128000
Gambia,GMB,1966,129000
Gambia,GMB,1967,131000
Gambia,GMB,1968,131000
Gambia,GMB,1969,133000
Gambia,GMB,1970,134000
Gambia,GMB,1971,137000
Gambia,GMB,1972,142000
Gambia,GMB,1973,147000
Gambia,GMB,1974,174000
Gambia,GMB,1975,168000
Gambia,GMB,1976,167000
Gambia,GMB,1977,174000
Gambia,GMB,1978,181000
Gambia,GMB,1979,170000
Gambia,GMB,1980,163000
Gambia,GMB,1981,185000
Gambia,GMB,1982,206000
Gambia,GMB,1983,187000
Gambia,GMB,1984,173000
Gambia,GMB,1985,173000
Gambia,GMB,1986,182000
Gambia,GMB,1987,189000
Gambia,GMB,1988,204000
Gambia,GMB,1989,186000
Gambia,GMB,1990,192000
Gambia,GMB,1991,201000
Gambia,GMB,1992,167000
Gambia,GMB,1993,166000
Gambia,GMB,1994,185000
Gambia,GMB,1995,190000
Gambia,GMB,1996,195000
Gambia,GMB,1997,210000
Gambia,GMB,1998,220000
Gambia,GMB,1999,230000
Gambia,GMB,2000,239000
Gambia,GMB,2001,249000
Gambia,GMB,2002,259000
Gambia,GMB,2003,269000
Gambia,GMB,2004,278000
Gambia,GMB,2005,288000
Gambia,GMB,2006,299000
Gambia,GMB,2007,309000
Gambia,GMB,2008,379000
Gambia,GMB,2009,435000
Gambia,GMB,2010,457000
Gambia,GMB,2011,457000
Gambia,GMB,2012,457000
Gambia,GMB,2013,457000
Gambia,GMB,2014,457000
Gambia,GMB,2015,457000
Gambia,GMB,2016,457000
Gambia,GMB,2017,447000
Gambia,GMB,2018,447000
Gambia,GMB,2019,447000
Gambia,GMB,2020,447000
Gambia,GMB,2021,447000
Gambia,GMB,2022,447000
Gambia,GMB,2023,447000
Gambia,GMB,2024,447000
Gambia,GMB,2025,447000
Georgia,GEO,-10000,0
Georgia,GEO,-9000,0
Georgia,GEO,-8000,0
Georgia,GEO,-7000,0
Georgia,GEO,-6000,6433.91
Georgia,GEO,-5000,22518.688
Georgia,GEO,-4000,78815.4
Georgia,GEO,-3000,275853.9
Georgia,GEO,-2000,298571.5
Georgia,GEO,-1000,316148.22
Georgia,GEO,0,321528.72
Georgia,GEO,100,338541.28
Georgia,GEO,200,356110.88
Georgia,GEO,300,374189.7
Georgia,GEO,400,392711.38
Georgia,GEO,500,411586
Georgia,GEO,600,430688.47
Georgia,GEO,700,449873.6
Georgia,GEO,800,468929.62
Georgia,GEO,900,480732.12
Georgia,GEO,1000,489972.56
Georgia,GEO,1100,708534.44
Georgia,GEO,1200,906617.7
Georgia,GEO,1300,1082152
Georgia,GEO,1400,819211.25
Georgia,GEO,1500,960125.7
Georgia,GEO,1600,1061504.5
Georgia,GEO,1700,1112772
Georgia,GEO,1710,699209.94
Georgia,GEO,1720,747340.25
Georgia,GEO,1730,798330.3
Georgia,GEO,1740,852272.94
Georgia,GEO,1750,909247
Georgia,GEO,1760,969312.8
Georgia,GEO,1770,1032505.4
Georgia,GEO,1780,1098826.8
Georgia,GEO,1790,1168236
Georgia,GEO,1800,1240635.5
Georgia,GEO,1810,1315855.6
Georgia,GEO,1820,1393631.2
Georgia,GEO,1830,1473574.9
Georgia,GEO,1840,1555137.8
Georgia,GEO,1850,1637557.8
Georgia,GEO,1860,1719787.2
Georgia,GEO,1870,1800390.4
Georgia,GEO,1880,1877388.2
Georgia,GEO,1890,1948029.5
Georgia,GEO,1900,2008401.1
Georgia,GEO,1910,2052793
Georgia,GEO,1920,2072408.8
Georgia,GEO,1930,2052758.4
Georgia,GEO,1940,2227235.8
Georgia,GEO,1950,1786574.4
Georgia,GEO,1951,1751568.5
Georgia,GEO,1952,1714606.5
Georgia,GEO,1953,1675090.4
Georgia,GEO,1954,1632162.6
Georgia,GEO,1955,1584612.8
Georgia,GEO,1956,1530752.1
Georgia,GEO,1957,1468175.6
Georgia,GEO,1958,1393320.6
Georgia,GEO,1959,1300473.8
Georgia,GEO,1960,1179262.1
Georgia,GEO,1961,1179262.1
Georgia,GEO,1962,1181721
Georgia,GEO,1963,1172869.1
Georgia,GEO,1964,1165984.4
Georgia,GEO,1965,1163279.6
Georgia,GEO,1966,1150247.8
Georgia,GEO,1967,1148526.5
Georgia,GEO,1968,1146313.6
Georgia,GEO,1969,1147788.9
Georgia,GEO,1970,1145821.9
Georgia,GEO,1971,1144838.2
Georgia,GEO,1972,1143854.8
Georgia,GEO,1973,1142379.5
Georgia,GEO,1974,1145330.1
Georgia,GEO,1975,1142871.2
Georgia,GEO,1976,1143363
Georgia,GEO,1977,1143854.8
Georgia,GEO,1978,1140904.1
Georgia,GEO,1979,1137953.5
Georgia,GEO,1980,1138528.9
Georgia,GEO,1981,1139428.8
Georgia,GEO,1982,1139674.8
Georgia,GEO,1983,1140412.4
Georgia,GEO,1984,1139360
Georgia,GEO,1985,1139974.8
Georgia,GEO,1986,1140535.4
Georgia,GEO,1987,1141209.1
Georgia,GEO,1988,1138642
Georgia,GEO,1989,1130724.5
Georgia,GEO,1990,1125757.6
Georgia,GEO,1991,1125757.6
Georgia,GEO,1992,1129000
Georgia,GEO,1993,1128000
Georgia,GEO,1994,1127000
Georgia,GEO,1995,1078000
Georgia,GEO,1996,1066000
Georgia,GEO,1997,1063000
Georgia,GEO,1998,1062000
Georgia,GEO,1999,1060000
Georgia,GEO,2000,1062000
Georgia,GEO,2001,1063000
Georgia,GEO,2002,1064000
Georgia,GEO,2003,1066000
Georgia,GEO,2004,552000
Georgia,GEO,2005,580000
Georgia,GEO,2006,578000
Georgia,GEO,2007,577000
Georgia,GEO,2008,574000
Georgia,GEO,2009,558000
Georgia,GEO,2010,520000
Georgia,GEO,2011,502400
Georgia,GEO,2012,495000
Georgia,GEO,2013,545700
Georgia,GEO,2014,475000
Georgia,GEO,2015,477700
Georgia,GEO,2016,454000
Georgia,GEO,2017,444800
Georgia,GEO,2018,434200
Georgia,GEO,2019,432600
Georgia,GEO,2020,437900
Georgia,GEO,2021,439900
Georgia,GEO,2022,443900
Georgia,GEO,2023,445710
Georgia,GEO,2024,448379.97
Georgia,GEO,2025,451050
Germany,DEU,-10000,0
Germany,DEU,-9000,0
Germany,DEU,-8000,0
Germany,DEU,-7000,0
Germany,DEU,-6000,0
Germany,DEU,-5000,2506.7407
Germany,DEU,-4000,12739.748
Germany,DEU,-3000,35850.523
Germany,DEU,-2000,107473.18
Germany,DEU,-1000,322243.2
Germany,DEU,0,2383879
Germany,DEU,100,2152400
Germany,DEU,200,1931759.6
Germany,DEU,300,1608424.8
Germany,DEU,400,1339126.5
Germany,DEU,500,1034036.44
Germany,DEU,600,793380
Germany,DEU,700,793380
Germany,DEU,800,1586760
Germany,DEU,900,3173516.2
Germany,DEU,1000,3966898.5
Germany,DEU,1100,6347008
Germany,DEU,1200,10313684
Germany,DEU,1300,12693839
Germany,DEU,1400,6743711
Germany,DEU,1500,8727089
Germany,DEU,1600,9520560
Germany,DEU,1700,8727177
Germany,DEU,1710,9203208
Germany,DEU,1720,9679236
Germany,DEU,1730,10155264
Germany,DEU,1740,10631292
Germany,DEU,1750,11107320
Germany,DEU,1760,11265996
Germany,DEU,1770,11424672
Germany,DEU,1780,11583348
Germany,DEU,1790,11742024
Germany,DEU,1800,11900700
Germany,DEU,1810,12376728
Germany,DEU,1820,12852756
Germany,DEU,1830,13328784
Germany,DEU,1840,13804811
Germany,DEU,1850,14280834
Germany,DEU,1860,14598184
Germany,DEU,1870,14915539
Germany,DEU,1880,15232891
Germany,DEU,1890,15550228
Germany,DEU,1900,15867589
Germany,DEU,1910,15550239
Germany,DEU,1920,15232895
Germany,DEU,1930,14915544
Germany,DEU,1940,14598191
Germany,DEU,1950,14280839
Germany,DEU,1951,14125156
Germany,DEU,1952,13969472
Germany,DEU,1953,13813788
Germany,DEU,1954,13658105
Germany,DEU,1955,13502420
Germany,DEU,1956,13346736
Germany,DEU,1957,13191052
Germany,DEU,1958,13035368
Germany,DEU,1959,12879684
Germany,DEU,1960,12724000
Germany,DEU,1961,12724000
Germany,DEU,1962,12691000
Germany,DEU,1963,12663000
Germany,DEU,1964,12661000
Germany,DEU,1965,12645000
Germany,DEU,1966,12639000
Germany,DEU,1967,12525000
Germany,DEU,1968,12504999
Germany,DEU,1969,12478999
Germany,DEU,1970,12391000
Germany,DEU,1971,12404000
Germany,DEU,1972,12444000
Germany,DEU,1973,12449000
Germany,DEU,1974,12479000
Germany,DEU,1975,12510000
Germany,DEU,1976,12563000
Germany,DEU,1977,12560000
Germany,DEU,1978,12576000
Germany,DEU,1979,12557999
Germany,DEU,1980,12529999
Germany,DEU,1981,12497999
Germany,DEU,1982,12463999
Germany,DEU,1983,12449999
Germany,DEU,1984,12427999
Germany,DEU,1985,12425999
Germany,DEU,1986,12419999
Germany,DEU,1987,12389999
Germany,DEU,1988,12389999
Germany,DEU,1989,12390999
Germany,DEU,1990,12413999
Germany,DEU,1991,11806978
Germany,DEU,1992,11707996
Germany,DEU,1993,11911050
Germany,DEU,1994,12037005
Germany,DEU,1995,12061045
Germany,DEU,1996,12064045
Germany,DEU,1997,12060031
Germany,DEU,1998,12107027
Germany,DEU,1999,12038002
Germany,DEU,2000,12020037
Germany,DEU,2001,12021049
Germany,DEU,2002,11997003
Germany,DEU,2003,12033009
Germany,DEU,2004,12100047
Germany,DEU,2005,12102049
Germany,DEU,2006,12064048
Germany,DEU,2007,12075016
Germany,DEU,2008,12132001
Germany,DEU,2009,12145049
Germany,DEU,2010,12045031
Germany,DEU,2011,12075029
Germany,DEU,2012,12034052
Germany,DEU,2013,12076024
Germany,DEU,2014,12074002
Germany,DEU,2015,12078552
Germany,DEU,2016,12062059
Germany,DEU,2017,12070208
Germany,DEU,2018,12060221
Germany,DEU,2019,11913000
Germany,DEU,2020,11862000
Germany,DEU,2021,11860000
Germany,DEU,2022,11860000
Germany,DEU,2023,11827100
Germany,DEU,2024,11807800
Germany,DEU,2025,11788500
Ghana,GHA,-10000,0
Ghana,GHA,-9000,0
Ghana,GHA,-8000,0
Ghana,GHA,-7000,0
Ghana,GHA,-6000,0
Ghana,GHA,-5000,0
Ghana,GHA,-4000,0
Ghana,GHA,-3000,0
Ghana,GHA,-2000,0
Ghana,GHA,-1000,0
Ghana,GHA,0,0
Ghana,GHA,100,0
Ghana,GHA,200,0
Ghana,GHA,300,0
Ghana,GHA,400,0
Ghana,GHA,500,0
Ghana,GHA,600,0
Ghana,GHA,700,0
Ghana,GHA,800,191043.58
Ghana,GHA,900,382087.16
Ghana,GHA,1000,436641.9
Ghana,GHA,1100,498986.1
Ghana,GHA,1200,570231.56
Ghana,GHA,1300,651649.25
Ghana,GHA,1400,744692.5
Ghana,GHA,1500,851020.3
Ghana,GHA,1600,972530.9
Ghana,GHA,1700,1111389.6
Ghana,GHA,1710,1100231.8
Ghana,GHA,1720,1089073.9
Ghana,GHA,1730,1077916.2
Ghana,GHA,1740,1066758.8
Ghana,GHA,1750,1055601.4
Ghana,GHA,1760,1044444.25
Ghana,GHA,1770,1033287.1
Ghana,GHA,1780,1022130.25
Ghana,GHA,1790,1010973.44
Ghana,GHA,1800,999816.9
Ghana,GHA,1810,988660.44
Ghana,GHA,1820,977504.1
Ghana,GHA,1830,966347.94
Ghana,GHA,1840,955191.9
Ghana,GHA,1850,944036.06
Ghana,GHA,1860,997425.3
Ghana,GHA,1870,1053909.9
Ghana,GHA,1880,1127409.1
Ghana,GHA,1890,1222217.2
Ghana,GHA,1900,1334205.6
Ghana,GHA,1910,1456505
Ghana,GHA,1920,1567240.1
Ghana,GHA,1930,1818834
Ghana,GHA,1940,2090112.9
Ghana,GHA,1950,2470879
Ghana,GHA,1951,2514314
Ghana,GHA,1952,2575221.8
Ghana,GHA,1953,2648620.2
Ghana,GHA,1954,2730506.2
Ghana,GHA,1955,2817890.5
Ghana,GHA,1956,2908806.5
Ghana,GHA,1957,3002300.5
Ghana,GHA,1958,3098281.8
Ghana,GHA,1959,3197313.8
Ghana,GHA,1960,3300000
Ghana,GHA,1961,3300000
Ghana,GHA,1962,3300000
Ghana,GHA,1963,3300000
Ghana,GHA,1964,3300000
Ghana,GHA,1965,3300000
Ghana,GHA,1966,3300000
Ghana,GHA,1967,3300000
Ghana,GHA,1968,3300000
Ghana,GHA,1969,3300000
Ghana,GHA,1970,3300000
Ghana,GHA,1971,3300000
Ghana,GHA,1972,3300000
Ghana,GHA,1973,3300000
Ghana,GHA,1974,3300000
Ghana,GHA,1975,3400000
Ghana,GHA,1976,3400000
Ghana,GHA,1977,3400000
Ghana,GHA,1978,3500000
Ghana,GHA,1979,3500000
Ghana,GHA,1980,3500000
Ghana,GHA,1981,3500000
Ghana,GHA,1982,3692000
Ghana,GHA,1983,3684000
Ghana,GHA,1984,3876000
Ghana,GHA,1985,3968000
Ghana,GHA,1986,3960000
Ghana,GHA,1987,4052000
Ghana,GHA,1988,4144000
Ghana,GHA,1989,4136000
Ghana,GHA,1990,4228000
Ghana,GHA,1991,4320000
Ghana,GHA,1992,4320000
Ghana,GHA,1993,4400000
Ghana,GHA,1994,4500000
Ghana,GHA,1995,4700000
Ghana,GHA,1996,4900000
Ghana,GHA,1997,5300000
Ghana,GHA,1998,5392065
Ghana,GHA,1999,5484130.5
Ghana,GHA,2000,5576195.5
Ghana,GHA,2001,5668261
Ghana,GHA,2002,5760326
Ghana,GHA,2003,5852391.5
Ghana,GHA,2004,5944456.5
Ghana,GHA,2005,6036522
Ghana,GHA,2006,6128587
Ghana,GHA,2007,6220652.5
Ghana,GHA,2008,6312717.5
Ghana,GHA,2009,6404782.5
Ghana,GHA,2010,6496847.5
Ghana,GHA,2011,6588913.5
Ghana,GHA,2012,6680978
Ghana,GHA,2013,6773044
Ghana,GHA,2014,6865108.5
Ghana,GHA,2015,6957174
Ghana,GHA,2016,7049239
Ghana,GHA,2017,7141304.5
Ghana,GHA,2018,7233369.5
Ghana,GHA,2019,7325435
Ghana,GHA,2020,7417500
Ghana,GHA,2021,7417500
Ghana,GHA,2022,7417500
Ghana,GHA,2023,7500358.5
Ghana,GHA,2024,7546391.5
Ghana,GHA,2025,7592424
Greece,GRC,-10000,0
Greece,GRC,-9000,0
Greece,GRC,-8000,0
Greece,GRC,-7000,0
Greece,GRC,-6000,6208.5806
Greece,GRC,-5000,11939.577
Greece,GRC,-4000,23879.154
Greece,GRC,-3000,47776.977
Greece,GRC,-2000,143330
Greece,GRC,-1000,477767.88
Greece,GRC,0,955526.9
Greece,GRC,100,955526.9
Greece,GRC,200,955526.9
Greece,GRC,300,836090.94
Greece,GRC,400,716649.5
Greece,GRC,500,549433.3
Greece,GRC,600,382214.7
Greece,GRC,700,406103.1
Greece,GRC,800,429990.72
Greece,GRC,900,453879.3
Greece,GRC,1000,477767.88
Greece,GRC,1100,515989.3
Greece,GRC,1200,558988.75
Greece,GRC,1300,597209.56
Greece,GRC,1400,429990.72
Greece,GRC,1500,477767.9
Greece,GRC,1600,716654.7
Greece,GRC,1700,716654.7
Greece,GRC,1710,748983.75
Greece,GRC,1720,781312.8
Greece,GRC,1730,813641.94
Greece,GRC,1740,845971
Greece,GRC,1750,878300.1
Greece,GRC,1760,910629.2
Greece,GRC,1770,942958.3
Greece,GRC,1780,975287.4
Greece,GRC,1790,1007616.5
Greece,GRC,1800,1039945.6
Greece,GRC,1810,1072274.6
Greece,GRC,1820,1104603.8
Greece,GRC,1830,1210668.6
Greece,GRC,1840,1326766.8
Greece,GRC,1850,1454331.2
Greece,GRC,1860,1593840
Greece,GRC,1870,1747204.1
Greece,GRC,1880,1934489.9
Greece,GRC,1890,2141364.2
Greece,GRC,1900,2370693.8
Greece,GRC,1910,2541735.2
Greece,GRC,1920,2723287.8
Greece,GRC,1930,3034315.8
Greece,GRC,1940,3478164
Greece,GRC,1950,3663918
Greece,GRC,1951,3665717.5
Greece,GRC,1952,3669372
Greece,GRC,1953,3863350
Greece,GRC,1954,3817406.8
Greece,GRC,1955,3825051.2
Greece,GRC,1956,3823861.8
Greece,GRC,1957,3848622.2
Greece,GRC,1958,3880507.5
Greece,GRC,1959,3882636.2
Greece,GRC,1960,3700000
Greece,GRC,1961,3700000
Greece,GRC,1962,3702000
Greece,GRC,1963,3896000
Greece,GRC,1964,3848000
Greece,GRC,1965,3854000
Greece,GRC,1966,3851000
Greece,GRC,1967,3874000
Greece,GRC,1968,3904000
Greece,GRC,1969,3904000
Greece,GRC,1970,3910000
Greece,GRC,1971,3910000
Greece,GRC,1972,3910000
Greece,GRC,1973,3893000
Greece,GRC,1974,3891000
Greece,GRC,1975,3867000
Greece,GRC,1976,3862000
Greece,GRC,1977,3857000
Greece,GRC,1978,3920000
Greece,GRC,1979,3926000
Greece,GRC,1980,3925000
Greece,GRC,1981,3951000
Greece,GRC,1982,3951000
Greece,GRC,1983,3927000
Greece,GRC,1984,3954000
Greece,GRC,1985,3929000
Greece,GRC,1986,3925000
Greece,GRC,1987,3922000
Greece,GRC,1988,3924000
Greece,GRC,1989,3960000
Greece,GRC,1990,3967000
Greece,GRC,1991,3944000
Greece,GRC,1992,3942003.5
Greece,GRC,1993,3920016.5
Greece,GRC,1994,3920021.5
Greece,GRC,1995,3904011.2
Greece,GRC,1996,3899021.5
Greece,GRC,1997,3885002.8
Greece,GRC,1998,3882016.8
Greece,GRC,1999,3869999.2
Greece,GRC,2000,3854025.5
Greece,GRC,2001,3852004.8
Greece,GRC,2002,3846021.5
Greece,GRC,2003,3844011.2
Greece,GRC,2004,3761022
Greece,GRC,2005,3775012.5
Greece,GRC,2006,3722005
Greece,GRC,2007,3701024.5
Greece,GRC,2008,3694013
Greece,GRC,2009,3686004.8
Greece,GRC,2010,3703998.5
Greece,GRC,2011,3700024.2
Greece,GRC,2012,3676025.5
Greece,GRC,2013,3629019.2
Greece,GRC,2014,3333024.2
Greece,GRC,2015,3333025
Greece,GRC,2016,3211110
Greece,GRC,2017,3068691.8
Greece,GRC,2018,2942219.8
Greece,GRC,2019,3216538.2
Greece,GRC,2020,2811203
Greece,GRC,2021,2841996.2
Greece,GRC,2022,2842000
Greece,GRC,2023,2644625
Greece,GRC,2024,2530291
Greece,GRC,2025,2415956.8
Greenland,GRL,-10000,0
Greenland,GRL,-9000,0
Greenland,GRL,-8000,0
Greenland,GRL,-7000,0
Greenland,GRL,-6000,0
Greenland,GRL,-5000,0
Greenland,GRL,-4000,0
Greenland,GRL,-3000,0
Greenland,GRL,-2000,0
Greenland,GRL,-1000,0
Greenland,GRL,0,0
Greenland,GRL,100,0
Greenland,GRL,200,0
Greenland,GRL,300,0
Greenland,GRL,400,0
Greenland,GRL,500,0
Greenland,GRL,600,0
Greenland,GRL,700,0
Greenland,GRL,800,0
Greenland,GRL,900,0
Greenland,GRL,1000,0
Greenland,GRL,1100,0
Greenland,GRL,1200,0
Greenland,GRL,1300,0
Greenland,GRL,1400,0
Greenland,GRL,1500,0
Greenland,GRL,1600,0
Greenland,GRL,1700,0
Greenland,GRL,1710,0
Greenland,GRL,1720,0
Greenland,GRL,1730,0
Greenland,GRL,1740,0
Greenland,GRL,1750,0
Greenland,GRL,1760,0
Greenland,GRL,1770,0
Greenland,GRL,1780,0
Greenland,GRL,1790,0
Greenland,GRL,1800,0
Greenland,GRL,1810,0
Greenland,GRL,1820,0
Greenland,GRL,1830,0
Greenland,GRL,1840,0
Greenland,GRL,1850,0
Greenland,GRL,1860,0
Greenland,GRL,1870,0
Greenland,GRL,1880,0
Greenland,GRL,1890,0
Greenland,GRL,1900,0
Greenland,GRL,1910,0
Greenland,GRL,1920,0
Greenland,GRL,1930,0
Greenland,GRL,1940,0
Greenland,GRL,1950,0
Greenland,GRL,1951,0
Greenland,GRL,1952,0
Greenland,GRL,1953,0
Greenland,GRL,1954,0
Greenland,GRL,1955,0
Greenland,GRL,1956,0
Greenland,GRL,1957,0
Greenland,GRL,1958,0
Greenland,GRL,1959,0
Greenland,GRL,1960,0
Greenland,GRL,1961,0
Greenland,GRL,1962,0
Greenland,GRL,1963,0
Greenland,GRL,1964,0
Greenland,GRL,1965,0
Greenland,GRL,1966,0
Greenland,GRL,1967,0
Greenland,GRL,1968,0
Greenland,GRL,1969,0
Greenland,GRL,1970,0
Greenland,GRL,1971,0
Greenland,GRL,1972,0
Greenland,GRL,1973,0
Greenland,GRL,1974,0
Greenland,GRL,1975,0
Greenland,GRL,1976,0
Greenland,GRL,1977,0
Greenland,GRL,1978,0
Greenland,GRL,1979,0
Greenland,GRL,1980,0
Greenland,GRL,1981,0
Greenland,GRL,1982,0
Greenland,GRL,1983,0
Greenland,GRL,1984,0
Greenland,GRL,1985,0
Greenland,GRL,1986,0
Greenland,GRL,1987,0
Greenland,GRL,1988,0
Greenland,GRL,1989,0
Greenland,GRL,1990,0
Greenland,GRL,1991,0
Greenland,GRL,1992,0
Greenland,GRL,1993,0
Greenland,GRL,1994,0
Greenland,GRL,1995,0
Greenland,GRL,1996,0
Greenland,GRL,1997,0
Greenland,GRL,1998,0
Greenland,GRL,1999,0
Greenland,GRL,2000,0
Greenland,GRL,2001,0
Greenland,GRL,2002,0
Greenland,GRL,2003,0
Greenland,GRL,2004,0
Greenland,GRL,2005,0
Greenland,GRL,2006,0
Greenland,GRL,2007,0
Greenland,GRL,2008,0
Greenland,GRL,2009,0
Greenland,GRL,2010,0
Greenland,GRL,2011,0
Greenland,GRL,2012,0
Greenland,GRL,2013,0
Greenland,GRL,2014,0
Greenland,GRL,2015,0
Greenland,GRL,2016,0
Greenland,GRL,2017,0
Greenland,GRL,2018,0
Greenland,GRL,2019,0
Greenland,GRL,2020,0
Greenland,GRL,2021,0
Greenland,GRL,2022,0
Greenland,GRL,2023,0
Greenland,GRL,2024,0
Greenland,GRL,2025,0
Grenada,GRD,-10000,0
Grenada,GRD,-9000,0
Grenada,GRD,-8000,0
Grenada,GRD,-7000,0
Grenada,GRD,-6000,0
Grenada,GRD,-5000,0
Grenada,GRD,-4000,0
Grenada,GRD,-3000,0
Grenada,GRD,-2000,0
Grenada,GRD,-1000,0
Grenada,GRD,0,0
Grenada,GRD,100,0
Grenada,GRD,200,0
Grenada,GRD,300,0
Grenada,GRD,400,0
Grenada,GRD,500,0
Grenada,GRD,600,0
Grenada,GRD,700,0
Grenada,GRD,800,0
Grenada,GRD,900,0
Grenada,GRD,1000,0
Grenada,GRD,1100,0
Grenada,GRD,1200,0
Grenada,GRD,1300,0
Grenada,GRD,1400,0
Grenada,GRD,1500,4627.9805
Grenada,GRD,1600,4929.003
Grenada,GRD,1700,5239.6655
Grenada,GRD,1710,5653.8423
Grenada,GRD,1720,6100.6235
Grenada,GRD,1730,6582.5625
Grenada,GRD,1740,7102.4116
Grenada,GRD,1750,7663.137
Grenada,GRD,1760,8267.936
Grenada,GRD,1770,8920.253
Grenada,GRD,1780,9623.802
Grenada,GRD,1790,10382.58
Grenada,GRD,1800,11200.902
Grenada,GRD,1810,12083.41
Grenada,GRD,1820,12449.1875
Grenada,GRD,1830,12825.694
Grenada,GRD,1840,13213.23
Grenada,GRD,1850,13612.101
Grenada,GRD,1860,14022.615
Grenada,GRD,1870,14461.163
Grenada,GRD,1880,14912.991
Grenada,GRD,1890,15378.479
Grenada,GRD,1900,15858.016
Grenada,GRD,1910,16351.999
Grenada,GRD,1920,16331.473
Grenada,GRD,1930,16310.449
Grenada,GRD,1940,16288.918
Grenada,GRD,1950,16266.868
Grenada,GRD,1951,16249.292
Grenada,GRD,1952,16352.556
Grenada,GRD,1953,16551.742
Grenada,GRD,1954,16827.69
Grenada,GRD,1955,17159.14
Grenada,GRD,1956,17529.31
Grenada,GRD,1957,17914.46
Grenada,GRD,1958,18298.705
Grenada,GRD,1959,18664.492
Grenada,GRD,1960,19000
Grenada,GRD,1961,19000
Grenada,GRD,1962,19000
Grenada,GRD,1963,19000
Grenada,GRD,1964,19000
Grenada,GRD,1965,19000
Grenada,GRD,1966,19000
Grenada,GRD,1967,19000
Grenada,GRD,1968,19000
Grenada,GRD,1969,19000
Grenada,GRD,1970,19000
Grenada,GRD,1971,19000
Grenada,GRD,1972,18000
Grenada,GRD,1973,18000
Grenada,GRD,1974,18000
Grenada,GRD,1975,18000
Grenada,GRD,1976,18000
Grenada,GRD,1977,18000
Grenada,GRD,1978,17000
Grenada,GRD,1979,17000
Grenada,GRD,1980,15000
Grenada,GRD,1981,15000
Grenada,GRD,1982,15000
Grenada,GRD,1983,15000
Grenada,GRD,1984,15000
Grenada,GRD,1985,13000
Grenada,GRD,1986,13000
Grenada,GRD,1987,12000
Grenada,GRD,1988,12000
Grenada,GRD,1989,12000
Grenada,GRD,1990,12000
Grenada,GRD,1991,11000
Grenada,GRD,1992,11000
Grenada,GRD,1993,11000
Grenada,GRD,1994,11000
Grenada,GRD,1995,10000
Grenada,GRD,1996,10000
Grenada,GRD,1997,10000
Grenada,GRD,1998,10000
Grenada,GRD,1999,11000
Grenada,GRD,2000,11000
Grenada,GRD,2001,12000
Grenada,GRD,2002,12000
Grenada,GRD,2003,11000
Grenada,GRD,2004,11000
Grenada,GRD,2005,8000
Grenada,GRD,2006,8000
Grenada,GRD,2007,8000
Grenada,GRD,2008,8000
Grenada,GRD,2009,9000
Grenada,GRD,2010,9000
Grenada,GRD,2011,9000
Grenada,GRD,2012,7000
Grenada,GRD,2013,7000
Grenada,GRD,2014,7000
Grenada,GRD,2015,7000
Grenada,GRD,2016,7000
Grenada,GRD,2017,7000
Grenada,GRD,2018,7000
Grenada,GRD,2019,7000
Grenada,GRD,2020,7000
Grenada,GRD,2021,7000
Grenada,GRD,2022,7000
Grenada,GRD,2023,7000
Grenada,GRD,2024,7000
Grenada,GRD,2025,7000
Guadeloupe,GLP,-10000,0
Guadeloupe,GLP,-9000,0
Guadeloupe,GLP,-8000,0
Guadeloupe,GLP,-7000,0
Guadeloupe,GLP,-6000,0
Guadeloupe,GLP,-5000,0
Guadeloupe,GLP,-4000,0
Guadeloupe,GLP,-3000,0
Guadeloupe,GLP,-2000,0
Guadeloupe,GLP,-1000,0
Guadeloupe,GLP,0,0
Guadeloupe,GLP,100,0
Guadeloupe,GLP,200,0
Guadeloupe,GLP,300,0
Guadeloupe,GLP,400,0
Guadeloupe,GLP,500,0
Guadeloupe,GLP,600,0
Guadeloupe,GLP,700,0
Guadeloupe,GLP,800,0
Guadeloupe,GLP,900,0
Guadeloupe,GLP,1000,0
Guadeloupe,GLP,1100,0
Guadeloupe,GLP,1200,0
Guadeloupe,GLP,1300,0
Guadeloupe,GLP,1400,0
Guadeloupe,GLP,1500,10859.794
Guadeloupe,GLP,1600,11371.38
Guadeloupe,GLP,1700,11838.756
Guadeloupe,GLP,1710,12744.561
Guadeloupe,GLP,1720,13718.604
Guadeloupe,GLP,1730,14765.904
Guadeloupe,GLP,1740,15891.841
Guadeloupe,GLP,1750,17102.172
Guadeloupe,GLP,1760,18403.057
Guadeloupe,GLP,1770,19801.088
Guadeloupe,GLP,1780,21303.312
Guadeloupe,GLP,1790,22917.268
Guadeloupe,GLP,1800,24651.008
Guadeloupe,GLP,1810,26513.135
Guadeloupe,GLP,1820,27231.195
Guadeloupe,GLP,1830,27965.559
Guadeloupe,GLP,1840,28716.373
Guadeloupe,GLP,1850,29483.771
Guadeloupe,GLP,1860,30267.865
Guadeloupe,GLP,1870,31103.299
Guadeloupe,GLP,1880,31957.434
Guadeloupe,GLP,1890,32830.36
Guadeloupe,GLP,1900,33722.133
Guadeloupe,GLP,1910,34632.777
Guadeloupe,GLP,1920,34445.754
Guadeloupe,GLP,1930,34253.957
Guadeloupe,GLP,1940,34057.215
Guadeloupe,GLP,1950,33855.332
Guadeloupe,GLP,1951,34322.45
Guadeloupe,GLP,1952,34969.793
Guadeloupe,GLP,1953,35793.715
Guadeloupe,GLP,1954,36779.31
Guadeloupe,GLP,1955,37903.06
Guadeloupe,GLP,1956,39125.47
Guadeloupe,GLP,1957,40405.094
Guadeloupe,GLP,1958,41681.074
Guadeloupe,GLP,1959,42896.92
Guadeloupe,GLP,1960,44000
Guadeloupe,GLP,1961,44000
Guadeloupe,GLP,1962,44000
Guadeloupe,GLP,1963,44000
Guadeloupe,GLP,1964,44000
Guadeloupe,GLP,1965,44000
Guadeloupe,GLP,1966,44000
Guadeloupe,GLP,1967,44000
Guadeloupe,GLP,1968,44000
Guadeloupe,GLP,1969,44000
Guadeloupe,GLP,1970,46000
Guadeloupe,GLP,1971,46000
Guadeloupe,GLP,1972,46000
Guadeloupe,GLP,1973,44000
Guadeloupe,GLP,1974,38000
Guadeloupe,GLP,1975,38000
Guadeloupe,GLP,1976,39000
Guadeloupe,GLP,1977,39000
Guadeloupe,GLP,1978,39000
Guadeloupe,GLP,1979,38000
Guadeloupe,GLP,1980,38000
Guadeloupe,GLP,1981,37000
Guadeloupe,GLP,1982,34000
Guadeloupe,GLP,1983,32000
Guadeloupe,GLP,1984,32000
Guadeloupe,GLP,1985,31000
Guadeloupe,GLP,1986,31000
Guadeloupe,GLP,1987,30000
Guadeloupe,GLP,1988,29000
Guadeloupe,GLP,1989,31000
Guadeloupe,GLP,1990,29000
Guadeloupe,GLP,1991,30000
Guadeloupe,GLP,1992,30000
Guadeloupe,GLP,1993,30000
Guadeloupe,GLP,1994,28000
Guadeloupe,GLP,1995,28000
Guadeloupe,GLP,1996,25000
Guadeloupe,GLP,1997,25000
Guadeloupe,GLP,1998,26000
Guadeloupe,GLP,1999,25000
Guadeloupe,GLP,2000,25000
Guadeloupe,GLP,2001,25000
Guadeloupe,GLP,2002,25000
Guadeloupe,GLP,2003,25000
Guadeloupe,GLP,2004,24000
Guadeloupe,GLP,2005,23000
Guadeloupe,GLP,2006,24000
Guadeloupe,GLP,2007,25100
Guadeloupe,GLP,2008,25000
Guadeloupe,GLP,2009,24700
Guadeloupe,GLP,2010,24400
Guadeloupe,GLP,2011,24200
Guadeloupe,GLP,2012,24200
Guadeloupe,GLP,2013,24200
Guadeloupe,GLP,2014,25400
Guadeloupe,GLP,2015,25900
Guadeloupe,GLP,2016,26100
Guadeloupe,GLP,2017,25910
Guadeloupe,GLP,2018,25729.998
Guadeloupe,GLP,2019,25150
Guadeloupe,GLP,2020,21684
Guadeloupe,GLP,2021,22832
Guadeloupe,GLP,2022,22844
Guadeloupe,GLP,2023,21221
Guadeloupe,GLP,2024,20412
Guadeloupe,GLP,2025,19603
Guatemala,GTM,-10000,0
Guatemala,GTM,-9000,0
Guatemala,GTM,-8000,0
Guatemala,GTM,-7000,0
Guatemala,GTM,-6000,0
Guatemala,GTM,-5000,0
Guatemala,GTM,-4000,0
Guatemala,GTM,-3000,0
Guatemala,GTM,-2000,168298.19
Guatemala,GTM,-1000,170053.31
Guatemala,GTM,0,165360.27
Guatemala,GTM,100,177385.4
Guatemala,GTM,200,190114.94
Guatemala,GTM,300,203550.31
Guatemala,GTM,400,217697.47
Guatemala,GTM,500,232538.98
Guatemala,GTM,600,248039.4
Guatemala,GTM,700,264142.72
Guatemala,GTM,800,280762.72
Guatemala,GTM,900,409440.78
Guatemala,GTM,1000,529365
Guatemala,GTM,1100,545814
Guatemala,GTM,1200,558420.94
Guatemala,GTM,1300,566593.94
Guatemala,GTM,1400,569534.3
Guatemala,GTM,1500,566114.9
Guatemala,GTM,1600,396176.78
Guatemala,GTM,1700,423319.6
Guatemala,GTM,1710,413414.44
Guatemala,GTM,1720,403612.06
Guatemala,GTM,1730,393907.97
Guatemala,GTM,1740,384297.6
Guatemala,GTM,1750,374776.06
Guatemala,GTM,1760,365338.25
Guatemala,GTM,1770,355978.78
Guatemala,GTM,1780,346691.88
Guatemala,GTM,1790,337471.3
Guatemala,GTM,1800,328310.47
Guatemala,GTM,1810,319202.06
Guatemala,GTM,1820,310138.22
Guatemala,GTM,1830,344501.72
Guatemala,GTM,1840,381093.34
Guatemala,GTM,1850,421194
Guatemala,GTM,1860,469305.9
Guatemala,GTM,1870,514912.56
Guatemala,GTM,1880,547690.8
Guatemala,GTM,1890,563673.1
Guatemala,GTM,1900,579174.9
Guatemala,GTM,1910,625483.2
Guatemala,GTM,1920,673879.2
Guatemala,GTM,1930,724574.7
Guatemala,GTM,1940,869969.44
Guatemala,GTM,1950,1185951.4
Guatemala,GTM,1951,1218093.4
Guatemala,GTM,1952,1250586.9
Guatemala,GTM,1953,1283640.4
Guatemala,GTM,1954,1317402
Guatemala,GTM,1955,1351964.8
Guatemala,GTM,1956,1387356.2
Guatemala,GTM,1957,1423545.1
Guatemala,GTM,1958,1460454.8
Guatemala,GTM,1959,1497973.5
Guatemala,GTM,1960,1536000
Guatemala,GTM,1961,1536000
Guatemala,GTM,1962,1538000
Guatemala,GTM,1963,1540000
Guatemala,GTM,1964,1542000
Guatemala,GTM,1965,1544000
Guatemala,GTM,1966,1546000
Guatemala,GTM,1967,1558000
Guatemala,GTM,1968,1560000
Guatemala,GTM,1969,1552000
Guatemala,GTM,1970,1555000
Guatemala,GTM,1971,1557000
Guatemala,GTM,1972,1580000
Guatemala,GTM,1973,1613000
Guatemala,GTM,1974,1635000
Guatemala,GTM,1975,1638000
Guatemala,GTM,1976,1670000
Guatemala,GTM,1977,1723000
Guatemala,GTM,1978,1725000
Guatemala,GTM,1979,1726000
Guatemala,GTM,1980,1750000
Guatemala,GTM,1981,1757000
Guatemala,GTM,1982,1784000
Guatemala,GTM,1983,1785000
Guatemala,GTM,1984,1785000
Guatemala,GTM,1985,1785000
Guatemala,GTM,1986,1785000
Guatemala,GTM,1987,1785000
Guatemala,GTM,1988,1785000
Guatemala,GTM,1989,1785000
Guatemala,GTM,1990,1785000
Guatemala,GTM,1991,1785000
Guatemala,GTM,1992,1785000
Guatemala,GTM,1993,1880000
Guatemala,GTM,1994,1910000
Guatemala,GTM,1995,1910000
Guatemala,GTM,1996,1910000
Guatemala,GTM,1997,2003430.1
Guatemala,GTM,1998,2096860
Guatemala,GTM,1999,2190290
Guatemala,GTM,2000,2283720
Guatemala,GTM,2001,2377144.5
Guatemala,GTM,2002,2470580
Guatemala,GTM,2003,2563996
Guatemala,GTM,2004,2369000
Guatemala,GTM,2005,2241000
Guatemala,GTM,2006,2356000
Guatemala,GTM,2007,2506998.8
Guatemala,GTM,2008,2523998.2
Guatemala,GTM,2009,2490599.5
Guatemala,GTM,2010,2470200
Guatemala,GTM,2011,2459800
Guatemala,GTM,2012,2439400
Guatemala,GTM,2013,2412000
Guatemala,GTM,2014,2473900
Guatemala,GTM,2015,2653000
Guatemala,GTM,2016,2669999.8
Guatemala,GTM,2017,2686999.8
Guatemala,GTM,2018,2703999.8
Guatemala,GTM,2019,2720999.5
Guatemala,GTM,2020,2737000
Guatemala,GTM,2021,2737000
Guatemala,GTM,2022,2737000
Guatemala,GTM,2023,2751800
Guatemala,GTM,2024,2760000
Guatemala,GTM,2025,2768200
Guinea,GIN,-10000,0
Guinea,GIN,-9000,0
Guinea,GIN,-8000,0
Guinea,GIN,-7000,0
Guinea,GIN,-6000,0
Guinea,GIN,-5000,0
Guinea,GIN,-4000,0
Guinea,GIN,-3000,0
Guinea,GIN,-2000,0
Guinea,GIN,-1000,0
Guinea,GIN,0,0
Guinea,GIN,100,0
Guinea,GIN,200,0
Guinea,GIN,300,0
Guinea,GIN,400,0
Guinea,GIN,500,0
Guinea,GIN,600,0
Guinea,GIN,700,0
Guinea,GIN,800,205733.33
Guinea,GIN,900,411466.66
Guinea,GIN,1000,471400.84
Guinea,GIN,1100,540055.3
Guinea,GIN,1200,618697.8
Guinea,GIN,1300,708779.8
Guinea,GIN,1400,811963.75
Guinea,GIN,1500,930153.5
Guinea,GIN,1600,1065529.4
Guinea,GIN,1700,1220588
Guinea,GIN,1710,1230717
Guinea,GIN,1720,1241347
Guinea,GIN,1730,1252526.2
Guinea,GIN,1740,1264310
Guinea,GIN,1750,1276762.2
Guinea,GIN,1760,1289957.1
Guinea,GIN,1770,1303981.5
Guinea,GIN,1780,1318937.5
Guinea,GIN,1790,1334947.1
Guinea,GIN,1800,1352157
Guinea,GIN,1810,1370745.2
Guinea,GIN,1820,1390931.5
Guinea,GIN,1830,1412989.9
Guinea,GIN,1840,1437269.4
Guinea,GIN,1850,1041706.6
Guinea,GIN,1860,1095231.1
Guinea,GIN,1870,1163015
Guinea,GIN,1880,1247324.9
Guinea,GIN,1890,1337746.6
Guinea,GIN,1900,1406481.1
Guinea,GIN,1910,1508440
Guinea,GIN,1920,1633927.1
Guinea,GIN,1930,1934378.5
Guinea,GIN,1940,2223413.5
Guinea,GIN,1950,2729472
Guinea,GIN,1951,2772083.5
Guinea,GIN,1952,2810995.2
Guinea,GIN,1953,2848534.2
Guinea,GIN,1954,2886480.8
Guinea,GIN,1955,2926096.8
Guinea,GIN,1956,2968099.5
Guinea,GIN,1957,3012635.2
Guinea,GIN,1958,3059417.5
Guinea,GIN,1959,3107770.5
Guinea,GIN,1960,3157000
Guinea,GIN,1961,3157000
Guinea,GIN,1962,3153000
Guinea,GIN,1963,3143000
Guinea,GIN,1964,3140000
Guinea,GIN,1965,3141500
Guinea,GIN,1966,3153000
Guinea,GIN,1967,3158800
Guinea,GIN,1968,3157600
Guinea,GIN,1969,3144300
Guinea,GIN,1970,3144750
Guinea,GIN,1971,3158250
Guinea,GIN,1972,3163250
Guinea,GIN,1973,3163970
Guinea,GIN,1974,3160090
Guinea,GIN,1975,3161220
Guinea,GIN,1976,3172000
Guinea,GIN,1977,3166850
Guinea,GIN,1978,3163293
Guinea,GIN,1979,3184526
Guinea,GIN,1980,3185138
Guinea,GIN,1981,3183308
Guinea,GIN,1982,3180835
Guinea,GIN,1983,3191568
Guinea,GIN,1984,3200416
Guinea,GIN,1985,3213871
Guinea,GIN,1986,3183800
Guinea,GIN,1987,3184300
Guinea,GIN,1988,3236845
Guinea,GIN,1989,3228117
Guinea,GIN,1990,3262109
Guinea,GIN,1991,3280632.8
Guinea,GIN,1992,3320098
Guinea,GIN,1993,3329605
Guinea,GIN,1994,3352845
Guinea,GIN,1995,3342680
Guinea,GIN,1996,3353609
Guinea,GIN,1997,3355253
Guinea,GIN,1998,3365630.8
Guinea,GIN,1999,3360855.8
Guinea,GIN,2000,3364057
Guinea,GIN,2001,3362496
Guinea,GIN,2002,3397619.2
Guinea,GIN,2003,3414626.2
Guinea,GIN,2004,3419941
Guinea,GIN,2005,3429417.2
Guinea,GIN,2006,3500901.5
Guinea,GIN,2007,3630113.2
Guinea,GIN,2008,3780016
Guinea,GIN,2009,3665427.2
Guinea,GIN,2010,4359927.5
Guinea,GIN,2011,4409688
Guinea,GIN,2012,4861812.5
Guinea,GIN,2013,4949888.5
Guinea,GIN,2014,5327271.5
Guinea,GIN,2015,5539315
Guinea,GIN,2016,5642643
Guinea,GIN,2017,5833206
Guinea,GIN,2018,6003673
Guinea,GIN,2019,5978363
Guinea,GIN,2020,6278567
Guinea,GIN,2021,6406711
Guinea,GIN,2022,6494822.5
Guinea,GIN,2023,6655572.5
Guinea,GIN,2024,6796495.5
Guinea,GIN,2025,6937440.5
Guinea-Bissau,GNB,-10000,0
Guinea-Bissau,GNB,-9000,0
Guinea-Bissau,GNB,-8000,0
Guinea-Bissau,GNB,-7000,0
Guinea-Bissau,GNB,-6000,0
Guinea-Bissau,GNB,-5000,0
Guinea-Bissau,GNB,-4000,0
Guinea-Bissau,GNB,-3000,0
Guinea-Bissau,GNB,-2000,0
Guinea-Bissau,GNB,-1000,0
Guinea-Bissau,GNB,0,5155.055
Guinea-Bissau,GNB,100,5885.8657
Guinea-Bissau,GNB,200,6720.262
Guinea-Bissau,GNB,300,7672.9233
Guinea-Bissau,GNB,400,8760.608
Guinea-Bissau,GNB,500,10002.452
Guinea-Bissau,GNB,600,11420.299
Guinea-Bissau,GNB,700,13039.089
Guinea-Bissau,GNB,800,14887.294
Guinea-Bissau,GNB,900,16997.422
Guinea-Bissau,GNB,1000,19406.584
Guinea-Bissau,GNB,1100,22157.115
Guinea-Bissau,GNB,1200,25297.406
Guinea-Bissau,GNB,1300,28882.752
Guinea-Bissau,GNB,1400,32976.137
Guinea-Bissau,GNB,1500,37649.54
Guinea-Bissau,GNB,1600,42985.176
Guinea-Bissau,GNB,1700,49076.75
Guinea-Bissau,GNB,1710,49829.234
Guinea-Bissau,GNB,1720,50625.81
Guinea-Bissau,GNB,1730,51471.117
Guinea-Bissau,GNB,1740,52370.54
Guinea-Bissau,GNB,1750,53330.305
Guinea-Bissau,GNB,1760,54357.746
Guinea-Bissau,GNB,1770,55461.51
Guinea-Bissau,GNB,1780,56651.92
Guinea-Bissau,GNB,1790,57941.387
Guinea-Bissau,GNB,1800,59345.008
Guinea-Bissau,GNB,1810,60881.36
Guinea-Bissau,GNB,1820,62573.664
Guinea-Bissau,GNB,1830,64451.332
Guinea-Bissau,GNB,1840,66552.33
Guinea-Bissau,GNB,1850,100773.01
Guinea-Bissau,GNB,1860,103826.88
Guinea-Bissau,GNB,1870,108044.62
Guinea-Bissau,GNB,1880,115838.805
Guinea-Bissau,GNB,1890,124195.25
Guinea-Bissau,GNB,1900,133154.5
Guinea-Bissau,GNB,1910,142760.08
Guinea-Bissau,GNB,1920,151545.39
Guinea-Bissau,GNB,1930,175856.86
Guinea-Bissau,GNB,1940,202066.83
Guinea-Bissau,GNB,1950,241502.94
Guinea-Bissau,GNB,1951,245413.72
Guinea-Bissau,GNB,1952,248984.8
Guinea-Bissau,GNB,1953,252438.53
Guinea-Bissau,GNB,1954,255914.31
Guinea-Bissau,GNB,1955,259509.97
Guinea-Bissau,GNB,1956,263235.44
Guinea-Bissau,GNB,1957,267058.28
Guinea-Bissau,GNB,1958,270874.28
Guinea-Bissau,GNB,1959,274561.66
Guinea-Bissau,GNB,1960,278000
Guinea-Bissau,GNB,1961,278000
Guinea-Bissau,GNB,1962,278000
Guinea-Bissau,GNB,1963,278000
Guinea-Bissau,GNB,1964,278000
Guinea-Bissau,GNB,1965,278000
Guinea-Bissau,GNB,1966,278000
Guinea-Bissau,GNB,1967,288000
Guinea-Bissau,GNB,1968,288000
Guinea-Bissau,GNB,1969,288000
Guinea-Bissau,GNB,1970,288000
Guinea-Bissau,GNB,1971,288000
Guinea-Bissau,GNB,1972,288000
Guinea-Bissau,GNB,1973,293000
Guinea-Bissau,GNB,1974,298000
Guinea-Bissau,GNB,1975,298000
Guinea-Bissau,GNB,1976,298000
Guinea-Bissau,GNB,1977,299000
Guinea-Bissau,GNB,1978,299000
Guinea-Bissau,GNB,1979,300000
Guinea-Bissau,GNB,1980,303000
Guinea-Bissau,GNB,1981,310000
Guinea-Bissau,GNB,1982,323000
Guinea-Bissau,GNB,1983,333000
Guinea-Bissau,GNB,1984,360000
Guinea-Bissau,GNB,1985,368000
Guinea-Bissau,GNB,1986,335000
Guinea-Bissau,GNB,1987,330000
Guinea-Bissau,GNB,1988,320000
Guinea-Bissau,GNB,1989,357000
Guinea-Bissau,GNB,1990,367000
Guinea-Bissau,GNB,1991,367000
Guinea-Bissau,GNB,1992,367000
Guinea-Bissau,GNB,1993,387000
Guinea-Bissau,GNB,1994,397000
Guinea-Bissau,GNB,1995,406000
Guinea-Bissau,GNB,1996,412000
Guinea-Bissau,GNB,1997,457000
Guinea-Bissau,GNB,1998,457000
Guinea-Bissau,GNB,1999,508000
Guinea-Bissau,GNB,2000,548000
Guinea-Bissau,GNB,2001,548000
Guinea-Bissau,GNB,2002,529000
Guinea-Bissau,GNB,2003,520000
Guinea-Bissau,GNB,2004,530000
Guinea-Bissau,GNB,2005,530000
Guinea-Bissau,GNB,2006,530000
Guinea-Bissau,GNB,2007,530000
Guinea-Bissau,GNB,2008,530000
Guinea-Bissau,GNB,2009,530000
Guinea-Bissau,GNB,2010,550000
Guinea-Bissau,GNB,2011,550000
Guinea-Bissau,GNB,2012,550000
Guinea-Bissau,GNB,2013,550000
Guinea-Bissau,GNB,2014,550000
Guinea-Bissau,GNB,2015,550000
Guinea-Bissau,GNB,2016,564845.44
Guinea-Bissau,GNB,2017,564884.06
Guinea-Bissau,GNB,2018,579603.8
Guinea-Bissau,GNB,2019,615372.6
Guinea-Bissau,GNB,2020,622557.94
Guinea-Bissau,GNB,2021,639992.3
Guinea-Bissau,GNB,2022,644964.9
Guinea-Bissau,GNB,2023,667100.9
Guinea-Bissau,GNB,2024,682635.06
Guinea-Bissau,GNB,2025,698169.25
Guyana,GUY,-10000,0
Guyana,GUY,-9000,0
Guyana,GUY,-8000,0
Guyana,GUY,-7000,0
Guyana,GUY,-6000,0
Guyana,GUY,-5000,0
Guyana,GUY,-4000,0
Guyana,GUY,-3000,0
Guyana,GUY,-2000,0
Guyana,GUY,-1000,3474.0837
Guyana,GUY,0,6172.3955
Guyana,GUY,100,7604.2275
Guyana,GUY,200,9362.007
Guyana,GUY,300,11517.756
Guyana,GUY,400,14158.597
Guyana,GUY,500,17389.594
Guyana,GUY,600,21336.97
Guyana,GUY,700,26151.7
Guyana,GUY,800,32013.355
Guyana,GUY,900,39134.047
Guyana,GUY,1000,47762.098
Guyana,GUY,1100,51202.637
Guyana,GUY,1200,54320.062
Guyana,GUY,1300,61472.113
Guyana,GUY,1400,67937.5
Guyana,GUY,1500,73632.84
Guyana,GUY,1600,70605.68
Guyana,GUY,1700,71709.14
Guyana,GUY,1710,74733.64
Guyana,GUY,1720,77879.266
Guyana,GUY,1730,81150.375
Guyana,GUY,1740,84551.42
Guyana,GUY,1750,88086.984
Guyana,GUY,1760,91761.76
Guyana,GUY,1770,95580.52
Guyana,GUY,1780,99548.17
Guyana,GUY,1790,103669.69
Guyana,GUY,1800,107950.17
Guyana,GUY,1810,112394.79
Guyana,GUY,1820,117568.62
Guyana,GUY,1830,122965.734
Guyana,GUY,1840,128594.46
Guyana,GUY,1850,134463.27
Guyana,GUY,1860,140580.78
Guyana,GUY,1870,151242
Guyana,GUY,1880,162687.72
Guyana,GUY,1890,174972.62
Guyana,GUY,1900,188154.92
Guyana,GUY,1910,202296.28
Guyana,GUY,1920,215072.52
Guyana,GUY,1930,228613.42
Guyana,GUY,1940,242959.84
Guyana,GUY,1950,258154.08
Guyana,GUY,1951,265622.28
Guyana,GUY,1952,274363.28
Guyana,GUY,1953,284040
Guyana,GUY,1954,294365.9
Guyana,GUY,1955,305106.4
Guyana,GUY,1956,316071.38
Guyana,GUY,1957,327121.47
Guyana,GUY,1958,338166.88
Guyana,GUY,1959,349141.34
Guyana,GUY,1960,360000
Guyana,GUY,1961,360000
Guyana,GUY,1962,360000
Guyana,GUY,1963,360000
Guyana,GUY,1964,360000
Guyana,GUY,1965,360000
Guyana,GUY,1966,365000
Guyana,GUY,1967,365000
Guyana,GUY,1968,367000
Guyana,GUY,1969,367000
Guyana,GUY,1970,372000
Guyana,GUY,1971,372000
Guyana,GUY,1972,375000
Guyana,GUY,1973,377000
Guyana,GUY,1974,377000
Guyana,GUY,1975,379000
Guyana,GUY,1976,380866.7
Guyana,GUY,1977,382733.3
Guyana,GUY,1978,384600
Guyana,GUY,1979,386466.7
Guyana,GUY,1980,388333.3
Guyana,GUY,1981,390200
Guyana,GUY,1982,392066.7
Guyana,GUY,1983,393933.3
Guyana,GUY,1984,398800
Guyana,GUY,1985,400666.7
Guyana,GUY,1986,404533.3
Guyana,GUY,1987,406400
Guyana,GUY,1988,408266.7
Guyana,GUY,1989,412133.3
Guyana,GUY,1990,414000
Guyana,GUY,1991,415866.7
Guyana,GUY,1992,417733.3
Guyana,GUY,1993,419594.38
Guyana,GUY,1994,421461.38
Guyana,GUY,1995,425328.06
Guyana,GUY,1996,428195.06
Guyana,GUY,1997,430062
Guyana,GUY,1998,431928.84
Guyana,GUY,1999,433785.5
Guyana,GUY,2000,436652.94
Guyana,GUY,2001,440519.97
Guyana,GUY,2002,442387.88
Guyana,GUY,2003,444255.66
Guyana,GUY,2004,446124.38
Guyana,GUY,2005,447991.7
Guyana,GUY,2006,447993.47
Guyana,GUY,2007,447995.12
Guyana,GUY,2008,447996.78
Guyana,GUY,2009,447998.44
Guyana,GUY,2010,448000
Guyana,GUY,2011,448000
Guyana,GUY,2012,448000
Guyana,GUY,2013,448000
Guyana,GUY,2014,448000
Guyana,GUY,2015,448000
Guyana,GUY,2016,448000
Guyana,GUY,2017,448000
Guyana,GUY,2018,448000
Guyana,GUY,2019,448000
Guyana,GUY,2020,448000
Guyana,GUY,2021,449000
Guyana,GUY,2022,449000
Guyana,GUY,2023,449300
Guyana,GUY,2024,449600
Guyana,GUY,2025,449900
Haiti,HTI,-10000,0
Haiti,HTI,-9000,0
Haiti,HTI,-8000,0
Haiti,HTI,-7000,0
Haiti,HTI,-6000,0
Haiti,HTI,-5000,0
Haiti,HTI,-4000,0
Haiti,HTI,-3000,0
Haiti,HTI,-2000,0
Haiti,HTI,-1000,0
Haiti,HTI,0,0
Haiti,HTI,100,0
Haiti,HTI,200,0
Haiti,HTI,300,0
Haiti,HTI,400,0
Haiti,HTI,500,0
Haiti,HTI,600,0
Haiti,HTI,700,0
Haiti,HTI,800,0
Haiti,HTI,900,0
Haiti,HTI,1000,0
Haiti,HTI,1100,0
Haiti,HTI,1200,0
Haiti,HTI,1300,0
Haiti,HTI,1400,0
Haiti,HTI,1500,138718.11
Haiti,HTI,1600,25594.424
Haiti,HTI,1700,29071.771
Haiti,HTI,1710,35932.08
Haiti,HTI,1720,44393.727
Haiti,HTI,1730,54824.76
Haiti,HTI,1740,67675.88
Haiti,HTI,1750,83498.31
Haiti,HTI,1760,102965.22
Haiti,HTI,1770,126897.484
Haiti,HTI,1780,156294.16
Haiti,HTI,1790,192368.72
Haiti,HTI,1800,236591.53
Haiti,HTI,1810,290739.06
Haiti,HTI,1820,356950.7
Haiti,HTI,1830,395818.62
Haiti,HTI,1840,415633.53
Haiti,HTI,1850,435875.1
Haiti,HTI,1860,474141
Haiti,HTI,1870,509586.2
Haiti,HTI,1880,528845.44
Haiti,HTI,1890,579665.06
Haiti,HTI,1900,633629.56
Haiti,HTI,1910,709544.7
Haiti,HTI,1920,801213.56
Haiti,HTI,1930,874118.25
Haiti,HTI,1940,943513.4
Haiti,HTI,1950,1040255.7
Haiti,HTI,1951,1050695
Haiti,HTI,1952,1061484.5
Haiti,HTI,1953,1072641.5
Haiti,HTI,1954,1084165.4
Haiti,HTI,1955,1096060
Haiti,HTI,1956,1108299.8
Haiti,HTI,1957,1120858.4
Haiti,HTI,1958,1133693.6
Haiti,HTI,1959,1146760.4
Haiti,HTI,1960,1160000
Haiti,HTI,1961,1160000
Haiti,HTI,1962,1165000
Haiti,HTI,1963,1170000
Haiti,HTI,1964,1175000
Haiti,HTI,1965,1180000
Haiti,HTI,1966,1185000
Haiti,HTI,1967,1190000
Haiti,HTI,1968,1195000
Haiti,HTI,1969,1200000
Haiti,HTI,1970,1205000
Haiti,HTI,1971,1210000
Haiti,HTI,1972,1084000
Haiti,HTI,1973,1083000
Haiti,HTI,1974,1083000
Haiti,HTI,1975,1083000
Haiti,HTI,1976,1085000
Haiti,HTI,1977,1085000
Haiti,HTI,1978,1095000
Haiti,HTI,1979,1095000
Haiti,HTI,1980,1100000
Haiti,HTI,1981,1100000
Haiti,HTI,1982,1100000
Haiti,HTI,1983,1100000
Haiti,HTI,1984,1100000
Haiti,HTI,1985,1100000
Haiti,HTI,1986,1100000
Haiti,HTI,1987,1100000
Haiti,HTI,1988,1100000
Haiti,HTI,1989,1100000
Haiti,HTI,1990,1100000
Haiti,HTI,1991,1100000
Haiti,HTI,1992,1080000
Haiti,HTI,1993,1080000
Haiti,HTI,1994,1100000
Haiti,HTI,1995,1100000
Haiti,HTI,1996,1100000
Haiti,HTI,1997,1200000
Haiti,HTI,1998,1200000
Haiti,HTI,1999,1200000
Haiti,HTI,2000,1200000
Haiti,HTI,2001,1180000
Haiti,HTI,2002,1180000
Haiti,HTI,2003,1180000
Haiti,HTI,2004,1180000
Haiti,HTI,2005,1280000
Haiti,HTI,2006,1280000
Haiti,HTI,2007,1280000
Haiti,HTI,2008,1280000
Haiti,HTI,2009,1326330
Haiti,HTI,2010,1494000
Haiti,HTI,2011,1519000
Haiti,HTI,2012,1534000
Haiti,HTI,2013,1577999.9
Haiti,HTI,2014,1577999.9
Haiti,HTI,2015,1577999.8
Haiti,HTI,2016,1577999.9
Haiti,HTI,2017,1520000
Haiti,HTI,2018,1505000
Haiti,HTI,2019,1300000
Haiti,HTI,2020,1300000
Haiti,HTI,2021,1305000
Haiti,HTI,2022,1305000
Haiti,HTI,2023,1224500
Haiti,HTI,2024,1185000
Haiti,HTI,2025,1145500
Honduras,HND,-10000,0
Honduras,HND,-9000,0
Honduras,HND,-8000,0
Honduras,HND,-7000,0
Honduras,HND,-6000,0
Honduras,HND,-5000,0
Honduras,HND,-4000,0
Honduras,HND,-3000,0
Honduras,HND,-2000,0
Honduras,HND,-1000,0
Honduras,HND,0,45598.89
Honduras,HND,100,56246.785
Honduras,HND,200,69342.88
Honduras,HND,300,85437.016
Honduras,HND,400,105197.81
Honduras,HND,500,129436.57
Honduras,HND,600,159132.62
Honduras,HND,700,195475.98
Honduras,HND,800,239887.77
Honduras,HND,900,294065.06
Honduras,HND,1000,360053.84
Honduras,HND,1100,440250.38
Honduras,HND,1200,537458.1
Honduras,HND,1300,654945
Honduras,HND,1400,796436.9
Honduras,HND,1500,966094.1
Honduras,HND,1600,267065.1
Honduras,HND,1700,73559.35
Honduras,HND,1710,75800.04
Honduras,HND,1720,78105.39
Honduras,HND,1730,80477.05
Honduras,HND,1740,82916.73
Honduras,HND,1750,85426.13
Honduras,HND,1760,88007.02
Honduras,HND,1770,90661.17
Honduras,HND,1780,93390.39
Honduras,HND,1790,96196.5
Honduras,HND,1800,99081.37
Honduras,HND,1810,102046.875
Honduras,HND,1820,105094.92
Honduras,HND,1830,199275.9
Honduras,HND,1840,231423.17
Honduras,HND,1850,268739.22
Honduras,HND,1860,297790.4
Honduras,HND,1870,319164.56
Honduras,HND,1880,342048.94
Honduras,HND,1890,366547.78
Honduras,HND,1900,392772.22
Honduras,HND,1910,420840.72
Honduras,HND,1920,485784.28
Honduras,HND,1930,638388.2
Honduras,HND,1940,822751.06
Honduras,HND,1950,1129079.6
Honduras,HND,1951,1158986.5
Honduras,HND,1952,1189833.8
Honduras,HND,1953,1221808
Honduras,HND,1954,1255013.1
Honduras,HND,1955,1289514.8
Honduras,HND,1956,1325320
Honduras,HND,1957,1362373.5
Honduras,HND,1958,1400580.6
Honduras,HND,1959,1439820.2
Honduras,HND,1960,1480000
Honduras,HND,1961,1480000
Honduras,HND,1962,1490000
Honduras,HND,1963,1495000
Honduras,HND,1964,1500000
Honduras,HND,1965,1505000
Honduras,HND,1966,1515000
Honduras,HND,1967,1525000
Honduras,HND,1968,1530000
Honduras,HND,1969,1530000
Honduras,HND,1970,1540000
Honduras,HND,1971,1545000
Honduras,HND,1972,1580000
Honduras,HND,1973,1590000
Honduras,HND,1974,1596000
Honduras,HND,1975,1635000
Honduras,HND,1976,1670000
Honduras,HND,1977,1745000
Honduras,HND,1978,1757000
Honduras,HND,1979,1757000
Honduras,HND,1980,1757000
Honduras,HND,1981,1764000
Honduras,HND,1982,1769000
Honduras,HND,1983,1770000
Honduras,HND,1984,1777000
Honduras,HND,1985,1778000
Honduras,HND,1986,1785000
Honduras,HND,1987,1785000
Honduras,HND,1988,1785000
Honduras,HND,1989,1810000
Honduras,HND,1990,1820000
Honduras,HND,1991,1842000
Honduras,HND,1992,1855000
Honduras,HND,1993,2015000
Honduras,HND,1994,1990000
Honduras,HND,1995,1950000
Honduras,HND,1996,1950000
Honduras,HND,1997,1875000
Honduras,HND,1998,1875000
Honduras,HND,1999,1827000
Honduras,HND,2000,1427000
Honduras,HND,2001,1428000
Honduras,HND,2002,1428000
Honduras,HND,2003,1438000
Honduras,HND,2004,1440000
Honduras,HND,2005,1450000
Honduras,HND,2006,1460000
Honduras,HND,2007,1460000
Honduras,HND,2008,1428000
Honduras,HND,2009,1436000
Honduras,HND,2010,1498000
Honduras,HND,2011,1528000
Honduras,HND,2012,1558000
Honduras,HND,2013,1558000
Honduras,HND,2014,1558000
Honduras,HND,2015,1558000
Honduras,HND,2016,1558000
Honduras,HND,2017,1588000
Honduras,HND,2018,1594000
Honduras,HND,2019,1594000
Honduras,HND,2020,1594000
Honduras,HND,2021,1618000
Honduras,HND,2022,1618000
Honduras,HND,2023,1625200
Honduras,HND,2024,1632400
Honduras,HND,2025,1639600
Hong Kong,HKG,-10000,0
Hong Kong,HKG,-9000,0
Hong Kong,HKG,-8000,0
Hong Kong,HKG,-7000,0
Hong Kong,HKG,-6000,0
Hong Kong,HKG,-5000,0
Hong Kong,HKG,-4000,0
Hong Kong,HKG,-3000,0
Hong Kong,HKG,-2000,0
Hong Kong,HKG,-1000,0
Hong Kong,HKG,0,0
Hong Kong,HKG,100,0
Hong Kong,HKG,200,0
Hong Kong,HKG,300,0
Hong Kong,HKG,400,0
Hong Kong,HKG,500,0
Hong Kong,HKG,600,0
Hong Kong,HKG,700,0
Hong Kong,HKG,800,0
Hong Kong,HKG,900,0
Hong Kong,HKG,1000,0
Hong Kong,HKG,1100,0
Hong Kong,HKG,1200,0
Hong Kong,HKG,1300,0
Hong Kong,HKG,1400,0
Hong Kong,HKG,1500,0
Hong Kong,HKG,1600,0
Hong Kong,HKG,1700,0
Hong Kong,HKG,1710,0
Hong Kong,HKG,1720,0
Hong Kong,HKG,1730,0
Hong Kong,HKG,1740,0
Hong Kong,HKG,1750,0
Hong Kong,HKG,1760,0
Hong Kong,HKG,1770,0
Hong Kong,HKG,1780,0
Hong Kong,HKG,1790,0
Hong Kong,HKG,1800,0
Hong Kong,HKG,1810,0
Hong Kong,HKG,1820,0
Hong Kong,HKG,1830,0
Hong Kong,HKG,1840,0
Hong Kong,HKG,1850,0
Hong Kong,HKG,1860,0
Hong Kong,HKG,1870,0
Hong Kong,HKG,1880,0
Hong Kong,HKG,1890,0
Hong Kong,HKG,1900,0
Hong Kong,HKG,1910,0
Hong Kong,HKG,1920,0
Hong Kong,HKG,1930,0
Hong Kong,HKG,1940,0
Hong Kong,HKG,1950,0
Hong Kong,HKG,1951,0
Hong Kong,HKG,1952,0
Hong Kong,HKG,1953,0
Hong Kong,HKG,1954,0
Hong Kong,HKG,1955,0
Hong Kong,HKG,1956,0
Hong Kong,HKG,1957,0
Hong Kong,HKG,1958,0
Hong Kong,HKG,1959,0
Hong Kong,HKG,1960,0
Hong Kong,HKG,1961,0
Hong Kong,HKG,1962,0
Hong Kong,HKG,1963,0
Hong Kong,HKG,1964,0
Hong Kong,HKG,1965,0
Hong Kong,HKG,1966,0
Hong Kong,HKG,1967,0
Hong Kong,HKG,1968,0
Hong Kong,HKG,1969,0
Hong Kong,HKG,1970,0
Hong Kong,HKG,1971,0
Hong Kong,HKG,1972,0
Hong Kong,HKG,1973,0
Hong Kong,HKG,1974,0
Hong Kong,HKG,1975,0
Hong Kong,HKG,1976,0
Hong Kong,HKG,1977,0
Hong Kong,HKG,1978,0
Hong Kong,HKG,1979,0
Hong Kong,HKG,1980,0
Hong Kong,HKG,1981,0
Hong Kong,HKG,1982,0
Hong Kong,HKG,1983,0
Hong Kong,HKG,1984,0
Hong Kong,HKG,1985,0
Hong Kong,HKG,1986,0
Hong Kong,HKG,1987,0
Hong Kong,HKG,1988,0
Hong Kong,HKG,1989,0
Hong Kong,HKG,1990,0
Hong Kong,HKG,1991,0
Hong Kong,HKG,1992,0
Hong Kong,HKG,1993,0
Hong Kong,HKG,1994,0
Hong Kong,HKG,1995,0
Hong Kong,HKG,1996,0
Hong Kong,HKG,1997,0
Hong Kong,HKG,1998,0
Hong Kong,HKG,1999,0
Hong Kong,HKG,2000,0
Hong Kong,HKG,2001,0
Hong Kong,HKG,2002,0
Hong Kong,HKG,2003,0
Hong Kong,HKG,2004,0
Hong Kong,HKG,2005,0
Hong Kong,HKG,2006,0
Hong Kong,HKG,2007,0
Hong Kong,HKG,2008,0
Hong Kong,HKG,2009,0
Hong Kong,HKG,2010,0
Hong Kong,HKG,2011,0
Hong Kong,HKG,2012,0
Hong Kong,HKG,2013,0
Hong Kong,HKG,2014,0
Hong Kong,HKG,2015,0
Hong Kong,HKG,2016,0
Hong Kong,HKG,2017,0
Hong Kong,HKG,2018,0
Hong Kong,HKG,2019,0
Hong Kong,HKG,2020,0
Hong Kong,HKG,2021,0
Hong Kong,HKG,2022,0
Hong Kong,HKG,2023,0
Hong Kong,HKG,2024,0
Hong Kong,HKG,2025,0
Hungary,HUN,-10000,0
Hungary,HUN,-9000,0
Hungary,HUN,-8000,0
Hungary,HUN,-7000,0
Hungary,HUN,-6000,44693.316
Hungary,HUN,-5000,109378.93
Hungary,HUN,-4000,141417.95
Hungary,HUN,-3000,181818.12
Hungary,HUN,-2000,347800.62
Hungary,HUN,-1000,492616.66
Hungary,HUN,0,454402.94
Hungary,HUN,100,449789.75
Hungary,HUN,200,444979.16
Hungary,HUN,300,439951.03
Hungary,HUN,400,434681.97
Hungary,HUN,500,357620.25
Hungary,HUN,600,282203.4
Hungary,HUN,700,347603.97
Hungary,HUN,800,410554.78
Hungary,HUN,900,538046.94
Hungary,HUN,1000,659983.6
Hungary,HUN,1100,775643.94
Hungary,HUN,1200,1010403.5
Hungary,HUN,1300,1537713.6
Hungary,HUN,1400,1193407.6
Hungary,HUN,1500,1439324.1
Hungary,HUN,1600,1377904.6
Hungary,HUN,1700,1563669.8
Hungary,HUN,1710,1721139
Hungary,HUN,1720,1876069.9
Hungary,HUN,1730,2028350.6
Hungary,HUN,1740,2177858.5
Hungary,HUN,1750,2324460
Hungary,HUN,1760,2468009.5
Hungary,HUN,1770,2608345
Hungary,HUN,1780,2745289
Hungary,HUN,1790,2878643.5
Hungary,HUN,1800,3008187.8
Hungary,HUN,1810,3133674
Hungary,HUN,1820,3254823
Hungary,HUN,1830,3614198
Hungary,HUN,1840,3963046.5
Hungary,HUN,1850,4143782.5
Hungary,HUN,1860,4261374.5
Hungary,HUN,1870,4371727
Hungary,HUN,1880,4564663.5
Hungary,HUN,1890,4745717
Hungary,HUN,1900,5020811.5
Hungary,HUN,1910,5284377
Hungary,HUN,1920,5381900.5
Hungary,HUN,1930,5719429
Hungary,HUN,1940,5980827.5
Hungary,HUN,1950,5856057.5
Hungary,HUN,1951,5836375.5
Hungary,HUN,1952,5816599
Hungary,HUN,1953,5796550.5
Hungary,HUN,1954,5776220.5
Hungary,HUN,1955,5755600
Hungary,HUN,1956,5734679.5
Hungary,HUN,1957,5713449.5
Hungary,HUN,1958,5691899
Hungary,HUN,1959,5670017.5
Hungary,HUN,1960,5647792.5
Hungary,HUN,1961,5624000
Hungary,HUN,1962,5622000
Hungary,HUN,1963,5625000
Hungary,HUN,1964,5638000
Hungary,HUN,1965,5649000
Hungary,HUN,1966,5642000
Hungary,HUN,1967,5626000
Hungary,HUN,1968,5613000
Hungary,HUN,1969,5604000
Hungary,HUN,1970,5594000
Hungary,HUN,1971,5578000
Hungary,HUN,1972,5565000
Hungary,HUN,1973,5555000
Hungary,HUN,1974,5503000
Hungary,HUN,1975,5495000
Hungary,HUN,1976,5471000
Hungary,HUN,1977,5422000
Hungary,HUN,1978,5388000
Hungary,HUN,1979,5354000
Hungary,HUN,1980,5333000
Hungary,HUN,1981,5317000
Hungary,HUN,1982,5299000
Hungary,HUN,1983,5292000
Hungary,HUN,1984,5289000
Hungary,HUN,1985,5293000
Hungary,HUN,1986,5289000
Hungary,HUN,1987,5289000
Hungary,HUN,1988,5287000
Hungary,HUN,1989,5287000
Hungary,HUN,1990,5288000
Hungary,HUN,1991,5287000
Hungary,HUN,1992,4972000
Hungary,HUN,1993,4973000
Hungary,HUN,1994,4974000
Hungary,HUN,1995,5031000
Hungary,HUN,1996,5036000
Hungary,HUN,1997,5047000
Hungary,HUN,1998,5045000
Hungary,HUN,1999,5039000
Hungary,HUN,2000,4803000
Hungary,HUN,2001,4804000
Hungary,HUN,2002,4786000
Hungary,HUN,2003,4803000
Hungary,HUN,2004,4804000
Hungary,HUN,2005,4806000
Hungary,HUN,2006,4794000
Hungary,HUN,2007,4790000
Hungary,HUN,2008,4780000
Hungary,HUN,2009,4779000
Hungary,HUN,2010,4580000
Hungary,HUN,2011,4578000
Hungary,HUN,2012,4579000
Hungary,HUN,2013,4498000
Hungary,HUN,2014,4503000
Hungary,HUN,2015,4503000
Hungary,HUN,2016,4499000
Hungary,HUN,2017,4499000
Hungary,HUN,2018,4497000
Hungary,HUN,2019,4488000
Hungary,HUN,2020,4184135.5
Hungary,HUN,2021,4289199
Hungary,HUN,2022,4304706
Hungary,HUN,2023,4177591.5
Hungary,HUN,2024,4119252.8
Hungary,HUN,2025,4060913.8
Iceland,ISL,-10000,0
Iceland,ISL,-9000,0
Iceland,ISL,-8000,0
Iceland,ISL,-7000,0
Iceland,ISL,-6000,0
Iceland,ISL,-5000,0
Iceland,ISL,-4000,0
Iceland,ISL,-3000,0
Iceland,ISL,-2000,0
Iceland,ISL,-1000,0
Iceland,ISL,0,0
Iceland,ISL,100,0
Iceland,ISL,200,0
Iceland,ISL,300,0
Iceland,ISL,400,0
Iceland,ISL,500,0
Iceland,ISL,600,0
Iceland,ISL,700,0
Iceland,ISL,800,0
Iceland,ISL,900,16609.924
Iceland,ISL,1000,33311.832
Iceland,ISL,1100,46764.633
Iceland,ISL,1200,46892.004
Iceland,ISL,1300,47018.688
Iceland,ISL,1400,40409.73
Iceland,ISL,1500,40517.16
Iceland,ISL,1600,33853.35
Iceland,ISL,1700,33628.312
Iceland,ISL,1710,34323.54
Iceland,ISL,1720,35033.125
Iceland,ISL,1730,35757.375
Iceland,ISL,1740,36496.59
Iceland,ISL,1750,37251.082
Iceland,ISL,1760,38021.16
Iceland,ISL,1770,38807.152
Iceland,ISL,1780,39609.383
Iceland,ISL,1790,40428.19
Iceland,ISL,1800,41263.918
Iceland,ISL,1810,42116.914
Iceland,ISL,1820,43883.1
Iceland,ISL,1830,45723.35
Iceland,ISL,1840,47640.76
Iceland,ISL,1850,49638.566
Iceland,ISL,1860,51720.14
Iceland,ISL,1870,52255.992
Iceland,ISL,1880,52797.395
Iceland,ISL,1890,53344.383
Iceland,ISL,1900,53897.035
Iceland,ISL,1910,54455.402
Iceland,ISL,1920,68086.68
Iceland,ISL,1930,78348.52
Iceland,ISL,1940,89061.68
Iceland,ISL,1950,97468.625
Iceland,ISL,1951,99030.96
Iceland,ISL,1952,100922.03
Iceland,ISL,1953,103052.34
Iceland,ISL,1954,105335.14
Iceland,ISL,1955,107719.18
Iceland,ISL,1956,110151.87
Iceland,ISL,1957,112607.9
Iceland,ISL,1958,115070.22
Iceland,ISL,1959,117536.07
Iceland,ISL,1960,120000
Iceland,ISL,1961,120000
Iceland,ISL,1962,120000
Iceland,ISL,1963,120000
Iceland,ISL,1964,120000
Iceland,ISL,1965,120000
Iceland,ISL,1966,120000
Iceland,ISL,1967,120000
Iceland,ISL,1968,120000
Iceland,ISL,1969,120000
Iceland,ISL,1970,121000
Iceland,ISL,1971,122000
Iceland,ISL,1972,123000
Iceland,ISL,1973,124000
Iceland,ISL,1974,125000
Iceland,ISL,1975,126000
Iceland,ISL,1976,127000
Iceland,ISL,1977,129000
Iceland,ISL,1978,130000
Iceland,ISL,1979,131000
Iceland,ISL,1980,133000
Iceland,ISL,1981,133000
Iceland,ISL,1982,134000
Iceland,ISL,1983,134000
Iceland,ISL,1984,134000
Iceland,ISL,1985,134000
Iceland,ISL,1986,135000
Iceland,ISL,1987,135000
Iceland,ISL,1988,135000
Iceland,ISL,1989,135000
Iceland,ISL,1990,136000
Iceland,ISL,1991,136000
Iceland,ISL,1992,136000
Iceland,ISL,1993,135000
Iceland,ISL,1994,135000
Iceland,ISL,1995,135000
Iceland,ISL,1996,134000
Iceland,ISL,1997,133000
Iceland,ISL,1998,130000
Iceland,ISL,1999,129000
Iceland,ISL,2000,129000
Iceland,ISL,2001,129000
Iceland,ISL,2002,129000
Iceland,ISL,2003,129000
Iceland,ISL,2004,129000
Iceland,ISL,2005,129000
Iceland,ISL,2006,129000
Iceland,ISL,2007,125000
Iceland,ISL,2008,125000
Iceland,ISL,2009,124000
Iceland,ISL,2010,123000
Iceland,ISL,2011,122200
Iceland,ISL,2012,121200
Iceland,ISL,2013,121200
Iceland,ISL,2014,121200
Iceland,ISL,2015,121000
Iceland,ISL,2016,121000
Iceland,ISL,2017,121000
Iceland,ISL,2018,121000
Iceland,ISL,2019,121000
Iceland,ISL,2020,121000
Iceland,ISL,2021,121000
Iceland,ISL,2022,121000
Iceland,ISL,2023,121000
Iceland,ISL,2024,121000
Iceland,ISL,2025,121000
India,IND,-10000,0
India,IND,-9000,0
India,IND,-8000,0
India,IND,-7000,0
India,IND,-6000,0
India,IND,-5000,0
India,IND,-4000,88929.336
India,IND,-3000,173533.17
India,IND,-2000,1820558.6
India,IND,-1000,8854428
India,IND,0,20146760
India,IND,100,20944652
India,IND,200,21724768
India,IND,300,22487382
India,IND,400,23232768
India,IND,500,23961190
India,IND,600,24672906
India,IND,700,25368182
India,IND,800,26047272
India,IND,900,26710428
India,IND,1000,27357896
India,IND,1100,27989928
India,IND,1200,28606762
India,IND,1300,29208638
India,IND,1400,29795790
India,IND,1500,30368454
India,IND,1600,30926860
India,IND,1700,37425240
India,IND,1710,40242190
India,IND,1720,43271180
India,IND,1730,46528148
India,IND,1740,50030264
India,IND,1750,53795988
India,IND,1760,57845144
India,IND,1770,62199080
India,IND,1780,66880732
India,IND,1790,71914770
India,IND,1800,77327704
India,IND,1810,83148070
India,IND,1820,89406530
India,IND,1830,96136050
India,IND,1840,103372100
India,IND,1850,111152780
India,IND,1860,112753900
India,IND,1870,114378060
India,IND,1880,116085310
India,IND,1890,117799490
India,IND,1900,119513670
India,IND,1910,121227850
India,IND,1920,122942024
India,IND,1930,131747064
India,IND,1940,140552080
India,IND,1950,149357120
India,IND,1951,150461970
India,IND,1952,151566830
India,IND,1953,152671700
India,IND,1954,153776560
India,IND,1955,154881420
India,IND,1956,155986290
India,IND,1957,157091150
India,IND,1958,158196020
India,IND,1959,159300880
India,IND,1960,160405740
India,IND,1961,160405740
India,IND,1962,161814640
India,IND,1963,161465900
India,IND,1964,161533660
India,IND,1965,161848510
India,IND,1966,162133490
India,IND,1967,163199630
India,IND,1968,163975820
India,IND,1969,163883170
India,IND,1970,164465060
India,IND,1971,163962880
India,IND,1972,164391330
India,IND,1973,165445500
India,IND,1974,165900860
India,IND,1975,166236660
India,IND,1976,166454850
India,IND,1977,166456850
India,IND,1978,167632600
India,IND,1979,167836850
India,IND,1980,167547900
India,IND,1981,167804980
India,IND,1982,168137760
India,IND,1983,167924540
India,IND,1984,168807340
India,IND,1985,168729630
India,IND,1986,168798370
India,IND,1987,169093310
India,IND,1988,168757520
India,IND,1989,169363340
India,IND,1990,169495860
India,IND,1991,169568590
India,IND,1992,169393230
India,IND,1993,169672370
India,IND,1994,169711180
India,IND,1995,169297950
India,IND,1996,168914100
India,IND,1997,169488270
India,IND,1998,169417020
India,IND,1999,169524560
India,IND,2000,169533460
India,IND,2001,169279730
India,IND,2002,169477630
India,IND,2003,169240540
India,IND,2004,169338240
India,IND,2005,169117520
India,IND,2006,168912140
India,IND,2007,168649230
India,IND,2008,168832180
India,IND,2009,169154940
India,IND,2010,168663760
India,IND,2011,168796260
India,IND,2012,168773330
India,IND,2013,168857440
India,IND,2014,168875020
India,IND,2015,168828080
India,IND,2016,168730940
India,IND,2017,168312300
India,IND,2018,168196110
India,IND,2019,168100750
India,IND,2020,167481710
India,IND,2021,167481710
India,IND,2022,167481710
India,IND,2023,167128800
India,IND,2024,166921400
India,IND,2025,166714000
Indonesia,IDN,-10000,0
Indonesia,IDN,-9000,0
Indonesia,IDN,-8000,0
Indonesia,IDN,-7000,0
Indonesia,IDN,-6000,0
Indonesia,IDN,-5000,0
Indonesia,IDN,-4000,23.908417
Indonesia,IDN,-3000,29.88552
Indonesia,IDN,-2000,49606.117
Indonesia,IDN,-1000,113950.89
Indonesia,IDN,0,202908.23
Indonesia,IDN,100,244843.14
Indonesia,IDN,200,293564.53
Indonesia,IDN,300,351110.28
Indonesia,IDN,400,418051.12
Indonesia,IDN,500,493304.94
Indonesia,IDN,600,581353.4
Indonesia,IDN,700,683892.6
Indonesia,IDN,800,799994.1
Indonesia,IDN,900,934159.06
Indonesia,IDN,1000,1090080.5
Indonesia,IDN,1100,1345462.4
Indonesia,IDN,1200,1643238.1
Indonesia,IDN,1300,1994744.9
Indonesia,IDN,1400,2826419.5
Indonesia,IDN,1500,3614907
Indonesia,IDN,1600,4099901.5
Indonesia,IDN,1700,4698846.5
Indonesia,IDN,1710,4849008
Indonesia,IDN,1720,4999773.5
Indonesia,IDN,1730,5152578
Indonesia,IDN,1740,5310390
Indonesia,IDN,1750,5474951
Indonesia,IDN,1760,5864410
Indonesia,IDN,1770,6269719
Indonesia,IDN,1780,6689229
Indonesia,IDN,1790,7127070.5
Indonesia,IDN,1800,7570733
Indonesia,IDN,1810,7616696
Indonesia,IDN,1820,7636430.5
Indonesia,IDN,1830,7639304.5
Indonesia,IDN,1840,7625032
Indonesia,IDN,1850,7593816.5
Indonesia,IDN,1860,9219076
Indonesia,IDN,1870,10676809
Indonesia,IDN,1880,11980931
Indonesia,IDN,1890,13125275
Indonesia,IDN,1900,14345517
Indonesia,IDN,1910,15565872
Indonesia,IDN,1920,16786034
Indonesia,IDN,1930,18006190
Indonesia,IDN,1940,19226476
Indonesia,IDN,1950,20446568
Indonesia,IDN,1951,20568524
Indonesia,IDN,1952,20690556
Indonesia,IDN,1953,20812590
Indonesia,IDN,1954,20934600
Indonesia,IDN,1955,21056524
Indonesia,IDN,1956,21178322
Indonesia,IDN,1957,21300346
Indonesia,IDN,1958,21422298
Indonesia,IDN,1959,21544350
Indonesia,IDN,1960,21666158
Indonesia,IDN,1961,21665932
Indonesia,IDN,1962,21878752
Indonesia,IDN,1963,22126740
Indonesia,IDN,1964,22258256
Indonesia,IDN,1965,22538256
Indonesia,IDN,1966,22729514
Indonesia,IDN,1967,22868790
Indonesia,IDN,1968,23317850
Indonesia,IDN,1969,23758544
Indonesia,IDN,1970,23919398
Indonesia,IDN,1971,24364690
Indonesia,IDN,1972,24790378
Indonesia,IDN,1973,25119280
Indonesia,IDN,1974,25431404
Indonesia,IDN,1975,25887414
Indonesia,IDN,1976,26108768
Indonesia,IDN,1977,26341132
Indonesia,IDN,1978,26664424
Indonesia,IDN,1979,27238584
Indonesia,IDN,1980,27709782
Indonesia,IDN,1981,28193228
Indonesia,IDN,1982,28643668
Indonesia,IDN,1983,28913978
Indonesia,IDN,1984,29612046
Indonesia,IDN,1985,31317882
Indonesia,IDN,1986,33191422
Indonesia,IDN,1987,34990130
Indonesia,IDN,1988,35874280
Indonesia,IDN,1989,35559080
Indonesia,IDN,1990,36508264
Indonesia,IDN,1991,34022908
Indonesia,IDN,1992,33746612
Indonesia,IDN,1993,34500564
Indonesia,IDN,1994,34449044
Indonesia,IDN,1995,35599852
Indonesia,IDN,1996,36300572
Indonesia,IDN,1997,36300350
Indonesia,IDN,1998,36471700
Indonesia,IDN,1999,37614370
Indonesia,IDN,2000,38185300
Indonesia,IDN,2001,38591060
Indonesia,IDN,2002,38295052
Indonesia,IDN,2003,38580964
Indonesia,IDN,2004,38182764
Indonesia,IDN,2005,38354316
Indonesia,IDN,2006,38310708
Indonesia,IDN,2007,38957880
Indonesia,IDN,2008,39988012
Indonesia,IDN,2009,41134108
Indonesia,IDN,2010,42058236
Indonesia,IDN,2011,43218260
Indonesia,IDN,2012,43969500
Indonesia,IDN,2013,44860096
Indonesia,IDN,2014,46060200
Indonesia,IDN,2015,46637980
Indonesia,IDN,2016,47704616
Indonesia,IDN,2017,47859664
Indonesia,IDN,2018,48084132
Indonesia,IDN,2019,48507720
Indonesia,IDN,2020,48972384
Indonesia,IDN,2021,49331984
Indonesia,IDN,2022,49777696
Indonesia,IDN,2023,49732924
Indonesia,IDN,2024,50620430
Indonesia,IDN,2025,51040010
Iran,IRN,-10000,0
Iran,IRN,-9000,0
Iran,IRN,-8000,28677.582
Iran,IRN,-7000,91605.766
Iran,IRN,-6000,284717.5
Iran,IRN,-5000,852956.1
Iran,IRN,-4000,1428356.4
Iran,IRN,-3000,1938829.2
Iran,IRN,-2000,2371398
Iran,IRN,-1000,2705757.2
Iran,IRN,0,4894575
Iran,IRN,100,5037092.5
Iran,IRN,200,5172884
Iran,IRN,300,5301419.5
Iran,IRN,400,5422377.5
Iran,IRN,500,5535280.5
Iran,IRN,600,5639419
Iran,IRN,700,5050185
Iran,IRN,800,4473956
Iran,IRN,900,4608070
Iran,IRN,1000,4730083
Iran,IRN,1100,4890277.5
Iran,IRN,1200,5033229.5
Iran,IRN,1300,3437893.8
Iran,IRN,1400,3585247.2
Iran,IRN,1500,3710326.2
Iran,IRN,1600,4480447
Iran,IRN,1700,4301570.5
Iran,IRN,1710,4462738.5
Iran,IRN,1720,4536429
Iran,IRN,1730,4610383.5
Iran,IRN,1740,4685001
Iran,IRN,1750,4760238.5
Iran,IRN,1760,4836045.5
Iran,IRN,1770,4912363.5
Iran,IRN,1780,4989124.5
Iran,IRN,1790,5066249
Iran,IRN,1800,5143644.5
Iran,IRN,1810,5221200.5
Iran,IRN,1820,5298788
Iran,IRN,1830,5562237.5
Iran,IRN,1840,5821198
Iran,IRN,1850,6074635.5
Iran,IRN,1860,6322147
Iran,IRN,1870,6563047.5
Iran,IRN,1880,7507361.5
Iran,IRN,1890,8431398
Iran,IRN,1900,9128704
Iran,IRN,1910,9804272
Iran,IRN,1920,10453982
Iran,IRN,1930,11071215
Iran,IRN,1940,11643318
Iran,IRN,1950,12140559
Iran,IRN,1951,12392720
Iran,IRN,1952,12655435
Iran,IRN,1953,12928418
Iran,IRN,1954,13209377
Iran,IRN,1955,13497375
Iran,IRN,1956,13790609
Iran,IRN,1957,14086462
Iran,IRN,1958,14380172
Iran,IRN,1959,14661316
Iran,IRN,1960,14881323
Iran,IRN,1961,15271000
Iran,IRN,1962,15290000
Iran,IRN,1963,15350000
Iran,IRN,1964,15410000
Iran,IRN,1965,15470000
Iran,IRN,1966,15480000
Iran,IRN,1967,15550000
Iran,IRN,1968,15600000
Iran,IRN,1969,15670000
Iran,IRN,1970,15700000
Iran,IRN,1971,16154000
Iran,IRN,1972,16800000
Iran,IRN,1973,17481000
Iran,IRN,1974,16960000
Iran,IRN,1975,16440000
Iran,IRN,1976,15950000
Iran,IRN,1977,15693000
Iran,IRN,1978,14867000
Iran,IRN,1979,15908000
Iran,IRN,1980,13713000
Iran,IRN,1981,14280000
Iran,IRN,1982,14867000
Iran,IRN,1983,15210000
Iran,IRN,1984,15540000
Iran,IRN,1985,15870000
Iran,IRN,1986,16200000
Iran,IRN,1987,16530000
Iran,IRN,1988,16871000
Iran,IRN,1989,16700000
Iran,IRN,1990,16500000
Iran,IRN,1991,17997000
Iran,IRN,1992,18652040
Iran,IRN,1993,18657030
Iran,IRN,1994,18708044
Iran,IRN,1995,18427138
Iran,IRN,1996,17832132
Iran,IRN,1997,18187086
Iran,IRN,1998,17687140
Iran,IRN,1999,16284152
Iran,IRN,2000,17223036
Iran,IRN,2001,17444114
Iran,IRN,2002,17665106
Iran,IRN,2003,17886066
Iran,IRN,2004,18107038
Iran,IRN,2005,18328062
Iran,IRN,2006,18549094
Iran,IRN,2007,17182058
Iran,IRN,2008,17209254
Iran,IRN,2009,17062492
Iran,IRN,2010,16915614
Iran,IRN,2011,16768867
Iran,IRN,2012,16623008
Iran,IRN,2013,16476336
Iran,IRN,2014,16476270
Iran,IRN,2015,16300689
Iran,IRN,2016,16300586
Iran,IRN,2017,16204027
Iran,IRN,2018,16111870
Iran,IRN,2019,17511332
Iran,IRN,2020,17550668
Iran,IRN,2021,17590000
Iran,IRN,2022,17590000
Iran,IRN,2023,17650800
Iran,IRN,2024,17689068
Iran,IRN,2025,17727332
Iraq,IRQ,-10000,0
Iraq,IRQ,-9000,0
Iraq,IRQ,-8000,11092.27
Iraq,IRQ,-7000,55085.992
Iraq,IRQ,-6000,97784.734
Iraq,IRQ,-5000,171110.47
Iraq,IRQ,-4000,491381.62
Iraq,IRQ,-3000,778360.6
Iraq,IRQ,-2000,1281740.6
Iraq,IRQ,-1000,1697404.9
Iraq,IRQ,0,1227443.1
Iraq,IRQ,100,1273124.8
Iraq,IRQ,200,1316819
Iraq,IRQ,300,1299354.4
Iraq,IRQ,400,1281309.2
Iraq,IRQ,500,1205237.4
Iraq,IRQ,600,1130229.9
Iraq,IRQ,700,1945848.5
Iraq,IRQ,800,2731989.2
Iraq,IRQ,900,2413891.8
Iraq,IRQ,1000,2103730.8
Iraq,IRQ,1100,1802072.9
Iraq,IRQ,1200,1383675.2
Iraq,IRQ,1300,981281.4
Iraq,IRQ,1400,954332.3
Iraq,IRQ,1500,924974.5
Iraq,IRQ,1600,1115572.6
Iraq,IRQ,1700,855503.3
Iraq,IRQ,1710,851628.1
Iraq,IRQ,1720,847680.2
Iraq,IRQ,1730,843655.5
Iraq,IRQ,1740,839549.44
Iraq,IRQ,1750,835357
Iraq,IRQ,1760,831072.6
Iraq,IRQ,1770,826690.06
Iraq,IRQ,1780,822201.94
Iraq,IRQ,1790,817600.44
Iraq,IRQ,1800,812876.25
Iraq,IRQ,1810,850402.25
Iraq,IRQ,1820,889467.06
Iraq,IRQ,1830,930103.6
Iraq,IRQ,1840,972338
Iraq,IRQ,1850,1016187.8
Iraq,IRQ,1860,1061657.8
Iraq,IRQ,1870,1203769.9
Iraq,IRQ,1880,1364295
Iraq,IRQ,1890,1545409
Iraq,IRQ,1900,1749445.5
Iraq,IRQ,1910,1978836.5
Iraq,IRQ,1920,2173859.5
Iraq,IRQ,1930,2204820.8
Iraq,IRQ,1940,3199185.5
Iraq,IRQ,1950,4001486.8
Iraq,IRQ,1951,4091137.5
Iraq,IRQ,1952,4166480
Iraq,IRQ,1953,4232024
Iraq,IRQ,1954,4291491.5
Iraq,IRQ,1955,4347826
Iraq,IRQ,1956,4403175
Iraq,IRQ,1957,4458831
Iraq,IRQ,1958,4515138
Iraq,IRQ,1959,4571022
Iraq,IRQ,1960,4621305.5
Iraq,IRQ,1961,4700000
Iraq,IRQ,1962,4755000
Iraq,IRQ,1963,4810000
Iraq,IRQ,1964,4865000
Iraq,IRQ,1965,4920000
Iraq,IRQ,1966,4925000
Iraq,IRQ,1967,4980000
Iraq,IRQ,1968,4985000
Iraq,IRQ,1969,4990000
Iraq,IRQ,1970,4993000
Iraq,IRQ,1971,4999000
Iraq,IRQ,1972,5160000
Iraq,IRQ,1973,5170000
Iraq,IRQ,1974,5280000
Iraq,IRQ,1975,5285000
Iraq,IRQ,1976,5285000
Iraq,IRQ,1977,5285000
Iraq,IRQ,1978,5389000
Iraq,IRQ,1979,5439000
Iraq,IRQ,1980,5439000
Iraq,IRQ,1981,5439000
Iraq,IRQ,1982,5450000
Iraq,IRQ,1983,5450000
Iraq,IRQ,1984,5450000
Iraq,IRQ,1985,5465000
Iraq,IRQ,1986,5480000
Iraq,IRQ,1987,5480000
Iraq,IRQ,1988,5530000
Iraq,IRQ,1989,5230000
Iraq,IRQ,1990,5230000
Iraq,IRQ,1991,5630000
Iraq,IRQ,1992,5550000
Iraq,IRQ,1993,5870000
Iraq,IRQ,1994,5350000
Iraq,IRQ,1995,5100000
Iraq,IRQ,1996,5100000
Iraq,IRQ,1997,4660000
Iraq,IRQ,1998,4650000
Iraq,IRQ,1999,4500000
Iraq,IRQ,2000,4500000
Iraq,IRQ,2001,4490000
Iraq,IRQ,2002,4690000
Iraq,IRQ,2003,4690000
Iraq,IRQ,2004,4690000
Iraq,IRQ,2005,4840000
Iraq,IRQ,2006,4990000
Iraq,IRQ,2007,5140000
Iraq,IRQ,2008,4190000
Iraq,IRQ,2009,3850000
Iraq,IRQ,2010,4220000
Iraq,IRQ,2011,4550000
Iraq,IRQ,2012,4568500
Iraq,IRQ,2013,4863750
Iraq,IRQ,2014,5269000
Iraq,IRQ,2015,5269000
Iraq,IRQ,2016,5309000
Iraq,IRQ,2017,5329000
Iraq,IRQ,2018,5355000
Iraq,IRQ,2019,5381000
Iraq,IRQ,2020,5407000
Iraq,IRQ,2021,5433000
Iraq,IRQ,2022,5459000
Iraq,IRQ,2023,5485000
Iraq,IRQ,2024,5511000
Iraq,IRQ,2025,5537000
Ireland,IRL,-10000,0
Ireland,IRL,-9000,0
Ireland,IRL,-8000,0
Ireland,IRL,-7000,0
Ireland,IRL,-6000,0
Ireland,IRL,-5000,0
Ireland,IRL,-4000,22704.021
Ireland,IRL,-3000,42665.742
Ireland,IRL,-2000,79033.414
Ireland,IRL,-1000,143060.7
Ireland,IRL,0,247996.69
Ireland,IRL,100,248455.66
Ireland,IRL,200,248649.36
Ireland,IRL,300,248544.23
Ireland,IRL,400,248101.27
Ireland,IRL,500,247274.7
Ireland,IRL,600,246010.25
Ireland,IRL,700,244242.7
Ireland,IRL,800,241892.5
Ireland,IRL,900,247088.36
Ireland,IRL,1000,250795.56
Ireland,IRL,1100,321003.1
Ireland,IRL,1200,459585.4
Ireland,IRL,1300,580463.75
Ireland,IRL,1400,408064.34
Ireland,IRL,1500,502056.44
Ireland,IRL,1600,705450.56
Ireland,IRL,1700,1206269.1
Ireland,IRL,1710,1444507.4
Ireland,IRL,1720,1461814.4
Ireland,IRL,1730,1477031.6
Ireland,IRL,1740,1489737.8
Ireland,IRL,1750,1499423
Ireland,IRL,1760,1465676.5
Ireland,IRL,1770,1428405.1
Ireland,IRL,1780,1551916.1
Ireland,IRL,1790,1787677.4
Ireland,IRL,1800,1848452.1
Ireland,IRL,1810,2020252.5
Ireland,IRL,1820,2241013.2
Ireland,IRL,1830,2279143.8
Ireland,IRL,1840,2186030.2
Ireland,IRL,1850,1800934.1
Ireland,IRL,1860,1389577
Ireland,IRL,1870,1168307.6
Ireland,IRL,1880,1312387.2
Ireland,IRL,1890,1174947.9
Ireland,IRL,1900,1098630.6
Ireland,IRL,1910,1063942
Ireland,IRL,1920,1048805.5
Ireland,IRL,1930,697682.5
Ireland,IRL,1940,698754.5
Ireland,IRL,1950,681925.1
Ireland,IRL,1951,683177.75
Ireland,IRL,1952,683242.06
Ireland,IRL,1953,681987.5
Ireland,IRL,1954,679425.44
Ireland,IRL,1955,675713.2
Ireland,IRL,1956,671150.6
Ireland,IRL,1957,666184.06
Ireland,IRL,1958,661369.75
Ireland,IRL,1959,657325.1
Ireland,IRL,1960,654600
Ireland,IRL,1961,654600
Ireland,IRL,1962,649800
Ireland,IRL,1963,618100
Ireland,IRL,1964,588600
Ireland,IRL,1965,570300
Ireland,IRL,1966,516100
Ireland,IRL,1967,531100
Ireland,IRL,1968,532500
Ireland,IRL,1969,518300
Ireland,IRL,1970,535200
Ireland,IRL,1971,537500
Ireland,IRL,1972,511700
Ireland,IRL,1973,484200
Ireland,IRL,1974,472500
Ireland,IRL,1975,459500
Ireland,IRL,1976,476000
Ireland,IRL,1977,504800
Ireland,IRL,1978,509300
Ireland,IRL,1979,520200
Ireland,IRL,1980,555500
Ireland,IRL,1981,533100
Ireland,IRL,1982,519200
Ireland,IRL,1983,500500
Ireland,IRL,1984,517400
Ireland,IRL,1985,507600
Ireland,IRL,1986,468900
Ireland,IRL,1987,441000
Ireland,IRL,1988,424100
Ireland,IRL,1989,417400
Ireland,IRL,1990,397600
Ireland,IRL,1991,394700
Ireland,IRL,1992,395900
Ireland,IRL,1993,406900
Ireland,IRL,1994,403300
Ireland,IRL,1995,399600
Ireland,IRL,1996,406700
Ireland,IRL,1997,427800
Ireland,IRL,1998,448900
Ireland,IRL,1999,470000
Ireland,IRL,2000,490100
Ireland,IRL,2001,511200
Ireland,IRL,2002,520200
Ireland,IRL,2003,533230
Ireland,IRL,2004,523650
Ireland,IRL,2005,491690
Ireland,IRL,2006,470079.97
Ireland,IRL,2007,468450
Ireland,IRL,2008,488350
Ireland,IRL,2009,465590
Ireland,IRL,2010,440840
Ireland,IRL,2011,460140
Ireland,IRL,2012,483610
Ireland,IRL,2013,475040
Ireland,IRL,2014,466179.97
Ireland,IRL,2015,454000
Ireland,IRL,2016,462000
Ireland,IRL,2017,462000
Ireland,IRL,2018,452000
Ireland,IRL,2019,444000
Ireland,IRL,2020,445000
Ireland,IRL,2021,437000
Ireland,IRL,2022,447000
Ireland,IRL,2023,439900
Ireland,IRL,2024,438200
Ireland,IRL,2025,436500
Israel,ISR,-10000,0
Israel,ISR,-9000,0
Israel,ISR,-8000,25308.49
Israel,ISR,-7000,36654.35
Israel,ISR,-6000,50553.66
Israel,ISR,-5000,66774.055
Israel,ISR,-4000,89528.82
Israel,ISR,-3000,120954.86
Israel,ISR,-2000,163301.66
Israel,ISR,-1000,217920.06
Israel,ISR,0,281907.3
Israel,ISR,100,409566.12
Israel,ISR,200,535824
Israel,ISR,300,640841.94
Israel,ISR,400,554645.25
Israel,ISR,500,461005.4
Israel,ISR,600,353636.34
Israel,ISR,700,262425.7
Israel,ISR,800,195325.64
Israel,ISR,900,175487.5
Israel,ISR,1000,156235.98
Israel,ISR,1100,156030.64
Israel,ISR,1200,155114.94
Israel,ISR,1300,153365.61
Israel,ISR,1400,110215.99
Israel,ISR,1500,127561.34
Israel,ISR,1600,119699.13
Israel,ISR,1700,91035.4
Israel,ISR,1710,97074.734
Israel,ISR,1720,102947.695
Israel,ISR,1730,108642.79
Israel,ISR,1740,114152.33
Israel,ISR,1750,119467.86
Israel,ISR,1760,124579.91
Israel,ISR,1770,129477.98
Israel,ISR,1780,134150.27
Israel,ISR,1790,138583.55
Israel,ISR,1800,142762.8
Israel,ISR,1810,145881.89
Israel,ISR,1820,150287.98
Israel,ISR,1830,154688.95
Israel,ISR,1840,159053.1
Israel,ISR,1850,163340.55
Israel,ISR,1860,167500.86
Israel,ISR,1870,166826.45
Israel,ISR,1880,165807.11
Israel,ISR,1890,164373.25
Israel,ISR,1900,162431.17
Israel,ISR,1910,159848.62
Israel,ISR,1920,188638.58
Israel,ISR,1930,216810.33
Israel,ISR,1940,256281.42
Israel,ISR,1950,286872.03
Israel,ISR,1951,304607.8
Israel,ISR,1952,321889.8
Israel,ISR,1953,337781.06
Israel,ISR,1954,351655.2
Israel,ISR,1955,363180.88
Israel,ISR,1956,372211.7
Israel,ISR,1957,378698.34
Israel,ISR,1958,382940.9
Israel,ISR,1959,384961.78
Israel,ISR,1960,381593.4
Israel,ISR,1961,397000
Israel,ISR,1962,391000
Israel,ISR,1963,408000
Israel,ISR,1964,410487.75
Israel,ISR,1965,399542.34
Israel,ISR,1966,410487.75
Israel,ISR,1967,410487.75
Israel,ISR,1968,406507.6
Israel,ISR,1969,406507.6
Israel,ISR,1970,408497.66
Israel,ISR,1971,410487.75
Israel,ISR,1972,410487.75
Israel,ISR,1973,420438.1
Israel,ISR,1974,426408.3
Israel,ISR,1975,421433.16
Israel,ISR,1976,411482.75
Israel,ISR,1977,412477.78
Israel,ISR,1978,412477.78
Israel,ISR,1979,412477.78
Israel,ISR,1980,412477.78
Israel,ISR,1981,417452.97
Israel,ISR,1982,419443.06
Israel,ISR,1983,406507.6
Israel,ISR,1984,418448.06
Israel,ISR,1985,419443.06
Israel,ISR,1986,427403.38
Israel,ISR,1987,427403.38
Israel,ISR,1988,427403.38
Israel,ISR,1989,426408.3
Israel,ISR,1990,430388.47
Israel,ISR,1991,432378.5
Israel,ISR,1992,431383.5
Israel,ISR,1993,431390.78
Israel,ISR,1994,433361.3
Israel,ISR,1995,427360.44
Israel,ISR,1996,418406.2
Israel,ISR,1997,418406.1
Israel,ISR,1998,418402.6
Israel,ISR,1999,417428.56
Israel,ISR,2000,423405.56
Israel,ISR,2001,425429.1
Israel,ISR,2002,432348.34
Israel,ISR,2003,419294.28
Israel,ISR,2004,380004.34
Israel,ISR,2005,380003.88
Israel,ISR,2006,372344.62
Israel,ISR,2007,380600.6
Israel,ISR,2008,376522.5
Israel,ISR,2009,382092.25
Israel,ISR,2010,370454.5
Israel,ISR,2011,376522.1
Israel,ISR,2012,385672.72
Israel,ISR,2013,379836.16
Israel,ISR,2014,397128.56
Israel,ISR,2015,393378.03
Israel,ISR,2016,391487.78
Israel,ISR,2017,482298.44
Israel,ISR,2018,482669
Israel,ISR,2019,477790.88
Israel,ISR,2020,480777.5
Israel,ISR,2021,478886
Israel,ISR,2022,473977.97
Israel,ISR,2023,473934.2
Israel,ISR,2024,472305.47
Israel,ISR,2025,470676.8
Italy,ITA,-10000,0
Italy,ITA,-9000,0
Italy,ITA,-8000,0
Italy,ITA,-7000,0
Italy,ITA,-6000,2715.029
Italy,ITA,-5000,28627.465
Italy,ITA,-4000,71820.57
Italy,ITA,-3000,179884.61
Italy,ITA,-2000,757933.7
Italy,ITA,-1000,1894835.1
Italy,ITA,0,8504220
Italy,ITA,100,7995213.5
Italy,ITA,200,7506548.5
Italy,ITA,300,7037150
Italy,ITA,400,6403822
Italy,ITA,500,4178966.5
Italy,ITA,600,2048033.4
Italy,ITA,700,2997118.2
Italy,ITA,800,3898684
Italy,ITA,900,4279027.5
Italy,ITA,1000,4824065.5
Italy,ITA,1100,5882927.5
Italy,ITA,1200,7505358
Italy,ITA,1300,10767825
Italy,ITA,1400,6723629
Italy,ITA,1500,7379461.5
Italy,ITA,1600,10617875
Italy,ITA,1700,10521236
Italy,ITA,1710,10580350
Italy,ITA,1720,10678234
Italy,ITA,1730,10777023
Italy,ITA,1740,10876726
Italy,ITA,1750,10977352
Italy,ITA,1760,11078909
Italy,ITA,1770,11181403
Italy,ITA,1780,11284848
Italy,ITA,1790,11389251
Italy,ITA,1800,11494618
Italy,ITA,1810,11600960
Italy,ITA,1820,11708286
Italy,ITA,1830,12179666
Italy,ITA,1840,12670245
Italy,ITA,1850,13180827
Italy,ITA,1860,13711253
Italy,ITA,1870,13695553
Italy,ITA,1880,14177866
Italy,ITA,1890,14796525
Italy,ITA,1900,15385500
Italy,ITA,1910,15438394
Italy,ITA,1920,15491288
Italy,ITA,1930,15543759
Italy,ITA,1940,15596094
Italy,ITA,1950,15646044
Italy,ITA,1951,15650777
Italy,ITA,1952,15655267
Italy,ITA,1953,15660141
Italy,ITA,1954,15665036
Italy,ITA,1955,15669916
Italy,ITA,1956,15674883
Italy,ITA,1957,15679620
Italy,ITA,1958,15684594
Italy,ITA,1959,15689400
Italy,ITA,1960,15578469
Italy,ITA,1961,15578200
Italy,ITA,1962,15541730
Italy,ITA,1963,15396195
Italy,ITA,1964,15357300
Italy,ITA,1965,15289295
Italy,ITA,1966,15247209
Italy,ITA,1967,15203466
Italy,ITA,1968,15185897
Italy,ITA,1969,14995405
Italy,ITA,1970,14925997
Italy,ITA,1971,12408998
Italy,ITA,1972,12304997
Italy,ITA,1973,12232999
Italy,ITA,1974,12287998
Italy,ITA,1975,12313000
Italy,ITA,1976,12353000
Italy,ITA,1977,12335000
Italy,ITA,1978,12422000
Italy,ITA,1979,12446000
Italy,ITA,1980,12436000
Italy,ITA,1981,12424000
Italy,ITA,1982,12414996
Italy,ITA,1983,12267997
Italy,ITA,1984,12231997
Italy,ITA,1985,12113997
Italy,ITA,1986,12097997
Italy,ITA,1987,12069998
Italy,ITA,1988,11980998
Italy,ITA,1989,11966997
Italy,ITA,1990,11971998
Italy,ITA,1991,11849998
Italy,ITA,1992,11628998
Italy,ITA,1993,11379998
Italy,ITA,1994,11142998
Italy,ITA,1995,10927998
Italy,ITA,1996,11005998
Italy,ITA,1997,10973998
Italy,ITA,1998,11136998
Italy,ITA,1999,11421998
Italy,ITA,2000,11283998
Italy,ITA,2001,11136998
Italy,ITA,2002,10893998
Italy,ITA,2003,10538998
Italy,ITA,2004,10528999
Italy,ITA,2005,10333999
Italy,ITA,2006,9921000
Italy,ITA,2007,9702000
Italy,ITA,2008,10041200
Italy,ITA,2009,9559396
Italy,ITA,2010,9629800
Italy,ITA,2011,9240600
Italy,ITA,2012,9560000
Italy,ITA,2013,9087000
Italy,ITA,2014,9121000
Italy,ITA,2015,9048000
Italy,ITA,2016,9149000
Italy,ITA,2017,9218270
Italy,ITA,2018,9160000
Italy,ITA,2019,9329070
Italy,ITA,2020,9384570
Italy,ITA,2021,9361434
Italy,ITA,2022,9471121
Italy,ITA,2023,9537620
Italy,ITA,2024,9603081
Italy,ITA,2025,9668542
Jamaica,JAM,-10000,0
Jamaica,JAM,-9000,0
Jamaica,JAM,-8000,0
Jamaica,JAM,-7000,0
Jamaica,JAM,-6000,0
Jamaica,JAM,-5000,0
Jamaica,JAM,-4000,0
Jamaica,JAM,-3000,0
Jamaica,JAM,-2000,0
Jamaica,JAM,-1000,0
Jamaica,JAM,0,0
Jamaica,JAM,100,0
Jamaica,JAM,200,0
Jamaica,JAM,300,0
Jamaica,JAM,400,0
Jamaica,JAM,500,0
Jamaica,JAM,600,0
Jamaica,JAM,700,0
Jamaica,JAM,800,0
Jamaica,JAM,900,0
Jamaica,JAM,1000,0
Jamaica,JAM,1100,0
Jamaica,JAM,1200,0
Jamaica,JAM,1300,0
Jamaica,JAM,1400,0
Jamaica,JAM,1500,60647.844
Jamaica,JAM,1600,29214.045
Jamaica,JAM,1700,14006.374
Jamaica,JAM,1710,16267.315
Jamaica,JAM,1720,18892.059
Jamaica,JAM,1730,21938.912
Jamaica,JAM,1740,25475.492
Jamaica,JAM,1750,29580.191
Jamaica,JAM,1760,34343.88
Jamaica,JAM,1770,39871.895
Jamaica,JAM,1780,46286.31
Jamaica,JAM,1790,53728.6
Jamaica,JAM,1800,62362.676
Jamaica,JAM,1810,72378.43
Jamaica,JAM,1820,73942.26
Jamaica,JAM,1830,75533.44
Jamaica,JAM,1840,77152.05
Jamaica,JAM,1850,78798.16
Jamaica,JAM,1860,80471.81
Jamaica,JAM,1870,90678.63
Jamaica,JAM,1880,102169.75
Jamaica,JAM,1890,115105.04
Jamaica,JAM,1900,0
Jamaica,JAM,1910,23557.934
Jamaica,JAM,1920,53659.734
Jamaica,JAM,1930,91668.72
Jamaica,JAM,1940,139200.64
Jamaica,JAM,1950,198167.6
Jamaica,JAM,1951,207036.19
Jamaica,JAM,1952,215660.67
Jamaica,JAM,1953,223916.06
Jamaica,JAM,1954,231814.42
Jamaica,JAM,1955,239345.22
Jamaica,JAM,1956,246575.83
Jamaica,JAM,1957,253597.06
Jamaica,JAM,1958,260694.34
Jamaica,JAM,1959,268058.6
Jamaica,JAM,1960,275913.38
Jamaica,JAM,1961,275916.03
Jamaica,JAM,1962,275917.28
Jamaica,JAM,1963,275919.25
Jamaica,JAM,1964,275921.78
Jamaica,JAM,1965,259926.27
Jamaica,JAM,1966,259928.47
Jamaica,JAM,1967,259930.47
Jamaica,JAM,1968,259930.94
Jamaica,JAM,1969,259932.2
Jamaica,JAM,1970,249935.8
Jamaica,JAM,1971,249937.84
Jamaica,JAM,1972,249939.84
Jamaica,JAM,1973,249941.84
Jamaica,JAM,1974,249943.8
Jamaica,JAM,1975,249945.7
Jamaica,JAM,1976,249947.61
Jamaica,JAM,1977,249949.47
Jamaica,JAM,1978,249951.3
Jamaica,JAM,1979,239977.66
Jamaica,JAM,1980,239978.48
Jamaica,JAM,1981,239972.92
Jamaica,JAM,1982,229984.47
Jamaica,JAM,1983,220000
Jamaica,JAM,1984,220000
Jamaica,JAM,1985,220000
Jamaica,JAM,1986,220000
Jamaica,JAM,1987,220000
Jamaica,JAM,1988,220000
Jamaica,JAM,1989,220000
Jamaica,JAM,1990,219000
Jamaica,JAM,1991,225996.61
Jamaica,JAM,1992,235980.47
Jamaica,JAM,1993,273973.66
Jamaica,JAM,1994,270975.62
Jamaica,JAM,1995,267966.28
Jamaica,JAM,1996,264970.2
Jamaica,JAM,1997,259973.22
Jamaica,JAM,1998,254974.44
Jamaica,JAM,1999,252984.5
Jamaica,JAM,2000,249993.4
Jamaica,JAM,2001,249994
Jamaica,JAM,2002,244994.84
Jamaica,JAM,2003,244995.5
Jamaica,JAM,2004,242996.17
Jamaica,JAM,2005,237996.88
Jamaica,JAM,2006,237997.52
Jamaica,JAM,2007,234998.14
Jamaica,JAM,2008,220000
Jamaica,JAM,2009,217000
Jamaica,JAM,2010,192300
Jamaica,JAM,2011,191500
Jamaica,JAM,2012,190800
Jamaica,JAM,2013,189800
Jamaica,JAM,2014,188900
Jamaica,JAM,2015,188000
Jamaica,JAM,2016,188000
Jamaica,JAM,2017,188000
Jamaica,JAM,2018,188000
Jamaica,JAM,2019,188000
Jamaica,JAM,2020,188000
Jamaica,JAM,2021,188000
Jamaica,JAM,2022,188000
Jamaica,JAM,2023,188000
Jamaica,JAM,2024,188000
Jamaica,JAM,2025,188000
Japan,JPN,-10000,0
Japan,JPN,-9000,0
Japan,JPN,-8000,0
Japan,JPN,-7000,0
Japan,JPN,-6000,0
Japan,JPN,-5000,0
Japan,JPN,-4000,0
Japan,JPN,-3000,0
Japan,JPN,-2000,0
Japan,JPN,-1000,38040.61
Japan,JPN,0,50057.32
Japan,JPN,100,82068.62
Japan,JPN,200,112926.39
Japan,JPN,300,174248.66
Japan,JPN,400,233071.28
Japan,JPN,500,342519.94
Japan,JPN,600,446835.78
Japan,JPN,700,630000
Japan,JPN,800,770000
Japan,JPN,900,960000
Japan,JPN,1000,960000
Japan,JPN,1100,992000
Japan,JPN,1200,801351.25
Japan,JPN,1300,877938
Japan,JPN,1400,1068344.4
Japan,JPN,1500,1339794.1
Japan,JPN,1600,1738158.6
Japan,JPN,1700,2524553
Japan,JPN,1710,2717636.5
Japan,JPN,1720,2692803.8
Japan,JPN,1730,2667504
Japan,JPN,1740,2641715.2
Japan,JPN,1750,2615412.8
Japan,JPN,1760,2570718.2
Japan,JPN,1770,2525833.2
Japan,JPN,1780,2480739
Japan,JPN,1790,2435415
Japan,JPN,1800,2389838.8
Japan,JPN,1810,2428301
Japan,JPN,1820,2464334.8
Japan,JPN,1830,2497825.5
Japan,JPN,1840,2528648
Japan,JPN,1850,2556663.5
Japan,JPN,1860,2611116.5
Japan,JPN,1870,2661525.5
Japan,JPN,1880,2805721.2
Japan,JPN,1890,3002703.2
Japan,JPN,1900,3294116.5
Japan,JPN,1910,3634989.5
Japan,JPN,1920,3956985.2
Japan,JPN,1930,4459072.5
Japan,JPN,1940,4941967
Japan,JPN,1950,5458342
Japan,JPN,1951,5543618
Japan,JPN,1952,5617119
Japan,JPN,1953,5681421.5
Japan,JPN,1954,5738708
Japan,JPN,1955,5790777.5
Japan,JPN,1956,5839030
Japan,JPN,1957,5884490.5
Japan,JPN,1958,5927854
Japan,JPN,1959,5969558
Japan,JPN,1960,6010000
Japan,JPN,1961,6010000
Japan,JPN,1962,6020000
Japan,JPN,1963,6020000
Japan,JPN,1964,6030000
Japan,JPN,1965,6004000
Japan,JPN,1966,5996000
Japan,JPN,1967,5938000
Japan,JPN,1968,5897000
Japan,JPN,1969,5752000
Japan,JPN,1970,5796000
Japan,JPN,1971,5741000
Japan,JPN,1972,5684000
Japan,JPN,1973,5647000
Japan,JPN,1974,5615000
Japan,JPN,1975,5573000
Japan,JPN,1976,5536000
Japan,JPN,1977,5515000
Japan,JPN,1978,5494000
Japan,JPN,1979,5474000
Japan,JPN,1980,5461000
Japan,JPN,1981,5442000
Japan,JPN,1982,5426000
Japan,JPN,1983,5411000
Japan,JPN,1984,5396000
Japan,JPN,1985,5379000
Japan,JPN,1986,5358000
Japan,JPN,1987,5340000
Japan,JPN,1988,5317000
Japan,JPN,1989,5279000
Japan,JPN,1990,5243000
Japan,JPN,1991,5204000
Japan,JPN,1992,5165000
Japan,JPN,1993,5124000
Japan,JPN,1994,5083000
Japan,JPN,1995,5038000
Japan,JPN,1996,4994000
Japan,JPN,1997,4949000
Japan,JPN,1998,4905000
Japan,JPN,1999,4866000
Japan,JPN,2000,4830000
Japan,JPN,2001,4793000
Japan,JPN,2002,4763000
Japan,JPN,2003,4736000
Japan,JPN,2004,4714000
Japan,JPN,2005,4692000
Japan,JPN,2006,4671000
Japan,JPN,2007,4650000
Japan,JPN,2008,4628000
Japan,JPN,2009,4609000
Japan,JPN,2010,4593000
Japan,JPN,2011,4561000
Japan,JPN,2012,4549000
Japan,JPN,2013,4538000
Japan,JPN,2014,4518000
Japan,JPN,2015,4496000
Japan,JPN,2016,4471000
Japan,JPN,2017,4444000
Japan,JPN,2018,4420000
Japan,JPN,2019,4397000
Japan,JPN,2020,4372000
Japan,JPN,2021,4349000
Japan,JPN,2022,4325000
Japan,JPN,2023,4301200
Japan,JPN,2024,4277400
Japan,JPN,2025,4253600
Jordan,JOR,-10000,0
Jordan,JOR,-9000,0
Jordan,JOR,-8000,9866.443
Jordan,JOR,-7000,42793.527
Jordan,JOR,-6000,52539.184
Jordan,JOR,-5000,64233.63
Jordan,JOR,-4000,78080.85
Jordan,JOR,-3000,94143.29
Jordan,JOR,-2000,112139.805
Jordan,JOR,-1000,130985.35
Jordan,JOR,0,147575.25
Jordan,JOR,100,208308.6
Jordan,JOR,200,293786.53
Jordan,JOR,300,413948.8
Jordan,JOR,400,311646.66
Jordan,JOR,500,234349.53
Jordan,JOR,600,175987.45
Jordan,JOR,700,131956.98
Jordan,JOR,800,98767.336
Jordan,JOR,900,88271.47
Jordan,JOR,1000,78074.7
Jordan,JOR,1100,77896.61
Jordan,JOR,1200,77370.69
Jordan,JOR,1300,76437.39
Jordan,JOR,1400,52996.777
Jordan,JOR,1500,63285.223
Jordan,JOR,1600,59261.895
Jordan,JOR,1700,43243.8
Jordan,JOR,1710,44665.88
Jordan,JOR,1720,44308.07
Jordan,JOR,1730,43937.953
Jordan,JOR,1740,43554.734
Jordan,JOR,1750,43157.547
Jordan,JOR,1760,42745.414
Jordan,JOR,1770,42317.234
Jordan,JOR,1780,41871.758
Jordan,JOR,1790,41407.57
Jordan,JOR,1800,40923.04
Jordan,JOR,1810,40416.27
Jordan,JOR,1820,39885.06
Jordan,JOR,1830,41313.824
Jordan,JOR,1840,42751.836
Jordan,JOR,1850,44190.29
Jordan,JOR,1860,45617.85
Jordan,JOR,1870,47019.816
Jordan,JOR,1880,57447.48
Jordan,JOR,1890,70032.47
Jordan,JOR,1900,85138.57
Jordan,JOR,1910,103133.51
Jordan,JOR,1920,119355.03
Jordan,JOR,1930,137161.92
Jordan,JOR,1940,155849.9
Jordan,JOR,1950,173151.38
Jordan,JOR,1951,191059.44
Jordan,JOR,1952,203095.36
Jordan,JOR,1953,212519.97
Jordan,JOR,1954,221630.08
Jordan,JOR,1955,231785.08
Jordan,JOR,1956,243378.61
Jordan,JOR,1957,255915.45
Jordan,JOR,1958,268123.06
Jordan,JOR,1959,278002.9
Jordan,JOR,1960,281665.12
Jordan,JOR,1961,294000
Jordan,JOR,1962,296000
Jordan,JOR,1963,297000
Jordan,JOR,1964,301000
Jordan,JOR,1965,302000
Jordan,JOR,1966,304000
Jordan,JOR,1967,307000
Jordan,JOR,1968,309000
Jordan,JOR,1969,310000
Jordan,JOR,1970,314000
Jordan,JOR,1971,315000
Jordan,JOR,1972,319000
Jordan,JOR,1973,320000
Jordan,JOR,1974,324000
Jordan,JOR,1975,325000
Jordan,JOR,1976,327000
Jordan,JOR,1977,328000
Jordan,JOR,1978,332000
Jordan,JOR,1979,335000
Jordan,JOR,1980,337000
Jordan,JOR,1981,327600
Jordan,JOR,1982,334100
Jordan,JOR,1983,347000
Jordan,JOR,1984,259100
Jordan,JOR,1985,326800
Jordan,JOR,1986,334800
Jordan,JOR,1987,365000
Jordan,JOR,1988,374000
Jordan,JOR,1989,358800
Jordan,JOR,1990,249200
Jordan,JOR,1991,219400
Jordan,JOR,1992,329700
Jordan,JOR,1993,299000
Jordan,JOR,1994,281000
Jordan,JOR,1995,323000
Jordan,JOR,1996,260000
Jordan,JOR,1997,270000
Jordan,JOR,1998,275000
Jordan,JOR,1999,276000
Jordan,JOR,2000,278000
Jordan,JOR,2001,280000
Jordan,JOR,2002,283000
Jordan,JOR,2003,263000
Jordan,JOR,2004,295000
Jordan,JOR,2005,271000
Jordan,JOR,2006,276000
Jordan,JOR,2007,221295.1
Jordan,JOR,2008,230500
Jordan,JOR,2009,283000
Jordan,JOR,2010,260300
Jordan,JOR,2011,260600
Jordan,JOR,2012,302900
Jordan,JOR,2013,314600
Jordan,JOR,2014,322000
Jordan,JOR,2015,314300
Jordan,JOR,2016,323960
Jordan,JOR,2017,265000
Jordan,JOR,2018,279800
Jordan,JOR,2019,294500
Jordan,JOR,2020,287000
Jordan,JOR,2021,281000
Jordan,JOR,2022,300534.3
Jordan,JOR,2023,296957.44
Jordan,JOR,2024,299754.3
Jordan,JOR,2025,302551.2
Kazakhstan,KAZ,-10000,0
Kazakhstan,KAZ,-9000,0
Kazakhstan,KAZ,-8000,0
Kazakhstan,KAZ,-7000,0
Kazakhstan,KAZ,-6000,0
Kazakhstan,KAZ,-5000,0
Kazakhstan,KAZ,-4000,100176.58
Kazakhstan,KAZ,-3000,359258.38
Kazakhstan,KAZ,-2000,508448.28
Kazakhstan,KAZ,-1000,674450.3
Kazakhstan,KAZ,0,895786.44
Kazakhstan,KAZ,100,1190914
Kazakhstan,KAZ,200,1584404.5
Kazakhstan,KAZ,300,2109058.5
Kazakhstan,KAZ,400,2808597.5
Kazakhstan,KAZ,500,3741316
Kazakhstan,KAZ,600,4984940.5
Kazakhstan,KAZ,700,6644629
Kazakhstan,KAZ,800,8857546
Kazakhstan,KAZ,900,9162776
Kazakhstan,KAZ,1000,9478531
Kazakhstan,KAZ,1100,9805174
Kazakhstan,KAZ,1200,10143081
Kazakhstan,KAZ,1300,10492640
Kazakhstan,KAZ,1400,10854252
Kazakhstan,KAZ,1500,11228334
Kazakhstan,KAZ,1600,11615316
Kazakhstan,KAZ,1700,12015641
Kazakhstan,KAZ,1710,12429771
Kazakhstan,KAZ,1720,12858181
Kazakhstan,KAZ,1730,13301364
Kazakhstan,KAZ,1740,13759830
Kazakhstan,KAZ,1750,14234103
Kazakhstan,KAZ,1760,14724733
Kazakhstan,KAZ,1770,15232280
Kazakhstan,KAZ,1780,15757328
Kazakhstan,KAZ,1790,16300481
Kazakhstan,KAZ,1800,16862364
Kazakhstan,KAZ,1810,17443622
Kazakhstan,KAZ,1820,18044924
Kazakhstan,KAZ,1830,18666960
Kazakhstan,KAZ,1840,19310446
Kazakhstan,KAZ,1850,19976120
Kazakhstan,KAZ,1860,20664750
Kazakhstan,KAZ,1870,21377124
Kazakhstan,KAZ,1880,22114064
Kazakhstan,KAZ,1890,22876416
Kazakhstan,KAZ,1900,23665054
Kazakhstan,KAZ,1910,24480890
Kazakhstan,KAZ,1920,25324854
Kazakhstan,KAZ,1930,26197922
Kazakhstan,KAZ,1940,20959512
Kazakhstan,KAZ,1950,26197922
Kazakhstan,KAZ,1951,27101096
Kazakhstan,KAZ,1952,28035416
Kazakhstan,KAZ,1953,29001950
Kazakhstan,KAZ,1954,30001816
Kazakhstan,KAZ,1955,31036156
Kazakhstan,KAZ,1956,32106168
Kazakhstan,KAZ,1957,33213076
Kazakhstan,KAZ,1958,34358150
Kazakhstan,KAZ,1959,35542708
Kazakhstan,KAZ,1960,36768120
Kazakhstan,KAZ,1961,36768120
Kazakhstan,KAZ,1962,36844784
Kazakhstan,KAZ,1963,36568790
Kazakhstan,KAZ,1964,36354132
Kazakhstan,KAZ,1965,36269804
Kazakhstan,KAZ,1966,35863480
Kazakhstan,KAZ,1967,35809816
Kazakhstan,KAZ,1968,35740820
Kazakhstan,KAZ,1969,35786820
Kazakhstan,KAZ,1970,35725490
Kazakhstan,KAZ,1971,35694820
Kazakhstan,KAZ,1972,35664156
Kazakhstan,KAZ,1973,35618156
Kazakhstan,KAZ,1974,35710150
Kazakhstan,KAZ,1975,35633492
Kazakhstan,KAZ,1976,35648820
Kazakhstan,KAZ,1977,35664156
Kazakhstan,KAZ,1978,35572160
Kazakhstan,KAZ,1979,35480164
Kazakhstan,KAZ,1980,35498100
Kazakhstan,KAZ,1981,35526156
Kazakhstan,KAZ,1982,35533824
Kazakhstan,KAZ,1983,35556824
Kazakhstan,KAZ,1984,35524012
Kazakhstan,KAZ,1985,35543180
Kazakhstan,KAZ,1986,35560660
Kazakhstan,KAZ,1987,35581664
Kazakhstan,KAZ,1988,35501628
Kazakhstan,KAZ,1989,35254770
Kazakhstan,KAZ,1990,35099908
Kazakhstan,KAZ,1991,35099908
Kazakhstan,KAZ,1992,35201132
Kazakhstan,KAZ,1993,35185056
Kazakhstan,KAZ,1994,34828060
Kazakhstan,KAZ,1995,34860640
Kazakhstan,KAZ,1996,33147784
Kazakhstan,KAZ,1997,32691804
Kazakhstan,KAZ,1998,32294846
Kazakhstan,KAZ,1999,32195304
Kazakhstan,KAZ,2000,30295468
Kazakhstan,KAZ,2001,29485824
Kazakhstan,KAZ,2002,28469068
Kazakhstan,KAZ,2003,28465516
Kazakhstan,KAZ,2004,28598700
Kazakhstan,KAZ,2005,28678088
Kazakhstan,KAZ,2006,28731662
Kazakhstan,KAZ,2007,28755668
Kazakhstan,KAZ,2008,28634988
Kazakhstan,KAZ,2009,28735682
Kazakhstan,KAZ,2010,28800310
Kazakhstan,KAZ,2011,29298046
Kazakhstan,KAZ,2012,29459838
Kazakhstan,KAZ,2013,29526216
Kazakhstan,KAZ,2014,29527166
Kazakhstan,KAZ,2015,29826994
Kazakhstan,KAZ,2016,29625532
Kazakhstan,KAZ,2017,29632756
Kazakhstan,KAZ,2018,29661132
Kazakhstan,KAZ,2019,29510300
Kazakhstan,KAZ,2020,29685200
Kazakhstan,KAZ,2021,29801700
Kazakhstan,KAZ,2022,29801700
Kazakhstan,KAZ,2023,29776218
Kazakhstan,KAZ,2024,29789700
Kazakhstan,KAZ,2025,29803182
Kenya,KEN,-10000,0
Kenya,KEN,-9000,0
Kenya,KEN,-8000,0
Kenya,KEN,-7000,0
Kenya,KEN,-6000,0
Kenya,KEN,-5000,0
Kenya,KEN,-4000,0
Kenya,KEN,-3000,0
Kenya,KEN,-2000,0
Kenya,KEN,-1000,0
Kenya,KEN,0,0
Kenya,KEN,100,0
Kenya,KEN,200,0
Kenya,KEN,300,0
Kenya,KEN,400,0
Kenya,KEN,500,0
Kenya,KEN,600,0
Kenya,KEN,700,0
Kenya,KEN,800,0
Kenya,KEN,900,0
Kenya,KEN,1000,359503.56
Kenya,KEN,1100,422416.7
Kenya,KEN,1200,485329.84
Kenya,KEN,1300,548243
Kenya,KEN,1400,611156.06
Kenya,KEN,1500,674069.2
Kenya,KEN,1600,786414.06
Kenya,KEN,1700,898758.9
Kenya,KEN,1710,939285.94
Kenya,KEN,1720,979812.9
Kenya,KEN,1730,1020339.9
Kenya,KEN,1740,1060866.8
Kenya,KEN,1750,1101393.8
Kenya,KEN,1760,1141920.8
Kenya,KEN,1770,1182447.8
Kenya,KEN,1780,1222974.8
Kenya,KEN,1790,1263501.6
Kenya,KEN,1800,1304028.6
Kenya,KEN,1810,1344555.6
Kenya,KEN,1820,1385082.6
Kenya,KEN,1830,1425609.6
Kenya,KEN,1840,1466136.5
Kenya,KEN,1850,1506663.5
Kenya,KEN,1860,1599543.5
Kenya,KEN,1870,1698149.4
Kenya,KEN,1880,1820835
Kenya,KEN,1890,1952384.1
Kenya,KEN,1900,1856932.4
Kenya,KEN,1910,1713613.2
Kenya,KEN,1920,1679647.9
Kenya,KEN,1930,1988052.1
Kenya,KEN,1940,2284585
Kenya,KEN,1950,2730770.2
Kenya,KEN,1951,2804201.2
Kenya,KEN,1952,2881584.2
Kenya,KEN,1953,2962807.8
Kenya,KEN,1954,3047820.5
Kenya,KEN,1955,3136637.8
Kenya,KEN,1956,3229335.8
Kenya,KEN,1957,3326046.5
Kenya,KEN,1958,3426965.5
Kenya,KEN,1959,3532336
Kenya,KEN,1960,3642418.2
Kenya,KEN,1961,3727021
Kenya,KEN,1962,3735272
Kenya,KEN,1963,3743523
Kenya,KEN,1964,3751773.8
Kenya,KEN,1965,3760024.5
Kenya,KEN,1966,3768275.8
Kenya,KEN,1967,3776527
Kenya,KEN,1968,3784777.8
Kenya,KEN,1969,3793028.5
Kenya,KEN,1970,3801279.8
Kenya,KEN,1971,3809530.5
Kenya,KEN,1972,3817781.8
Kenya,KEN,1973,3826032.5
Kenya,KEN,1974,3834283.5
Kenya,KEN,1975,4272000
Kenya,KEN,1976,4278000
Kenya,KEN,1977,4280000
Kenya,KEN,1978,4158251.2
Kenya,KEN,1979,4166502
Kenya,KEN,1980,4174752.8
Kenya,KEN,1981,4183004
Kenya,KEN,1982,4191254.8
Kenya,KEN,1983,4199506
Kenya,KEN,1984,4132756.8
Kenya,KEN,1985,4990008
Kenya,KEN,1986,5017258.5
Kenya,KEN,1987,5087510
Kenya,KEN,1988,5322760.5
Kenya,KEN,1989,5722011.5
Kenya,KEN,1990,5447262.5
Kenya,KEN,1991,5562513.5
Kenya,KEN,1992,5765764.5
Kenya,KEN,1993,5542015.5
Kenya,KEN,1994,5942266.5
Kenya,KEN,1995,5936517.5
Kenya,KEN,1996,5177768.5
Kenya,KEN,1997,5329019
Kenya,KEN,1998,5201270.5
Kenya,KEN,1999,5627521.5
Kenya,KEN,2000,5430772.5
Kenya,KEN,2001,5539000
Kenya,KEN,2002,5518000
Kenya,KEN,2003,5574000
Kenya,KEN,2004,5692000
Kenya,KEN,2005,5702000
Kenya,KEN,2006,5754000
Kenya,KEN,2007,5888251
Kenya,KEN,2008,5896502
Kenya,KEN,2009,6104752.5
Kenya,KEN,2010,6166393
Kenya,KEN,2011,6695545.5
Kenya,KEN,2012,7020801.5
Kenya,KEN,2013,7076439
Kenya,KEN,2014,7036326.5
Kenya,KEN,2015,7013776.5
Kenya,KEN,2016,7153655.5
Kenya,KEN,2017,6815450
Kenya,KEN,2018,7256669.5
Kenya,KEN,2019,7319422
Kenya,KEN,2020,7073308.5
Kenya,KEN,2021,7151219
Kenya,KEN,2022,7001979.5
Kenya,KEN,2023,6957245.5
Kenya,KEN,2024,6889486.5
Kenya,KEN,2025,6821729
Kuwait,KWT,-10000,0
Kuwait,KWT,-9000,0
Kuwait,KWT,-8000,0
Kuwait,KWT,-7000,0
Kuwait,KWT,-6000,0
Kuwait,KWT,-5000,0
Kuwait,KWT,-4000,0
Kuwait,KWT,-3000,0
Kuwait,KWT,-2000,0
Kuwait,KWT,-1000,0
Kuwait,KWT,0,0
Kuwait,KWT,100,0
Kuwait,KWT,200,0
Kuwait,KWT,300,0
Kuwait,KWT,400,0
Kuwait,KWT,500,0
Kuwait,KWT,600,0
Kuwait,KWT,700,0
Kuwait,KWT,800,0
Kuwait,KWT,900,0
Kuwait,KWT,1000,0
Kuwait,KWT,1100,0
Kuwait,KWT,1200,0
Kuwait,KWT,1300,0
Kuwait,KWT,1400,0
Kuwait,KWT,1500,0
Kuwait,KWT,1600,0
Kuwait,KWT,1700,0
Kuwait,KWT,1710,0
Kuwait,KWT,1720,0
Kuwait,KWT,1730,0
Kuwait,KWT,1740,0
Kuwait,KWT,1750,0
Kuwait,KWT,1760,0
Kuwait,KWT,1770,0
Kuwait,KWT,1780,0
Kuwait,KWT,1790,0
Kuwait,KWT,1800,0
Kuwait,KWT,1810,61802.586
Kuwait,KWT,1820,61007.57
Kuwait,KWT,1830,60120.184
Kuwait,KWT,1840,59128.62
Kuwait,KWT,1850,58018.49
Kuwait,KWT,1860,56771.93
Kuwait,KWT,1870,55366.36
Kuwait,KWT,1880,53772.47
Kuwait,KWT,1890,51951.023
Kuwait,KWT,1900,49847.496
Kuwait,KWT,1910,47382.117
Kuwait,KWT,1920,44429.965
Kuwait,KWT,1930,40775.062
Kuwait,KWT,1940,35980.113
Kuwait,KWT,1950,28845.93
Kuwait,KWT,1951,28730.188
Kuwait,KWT,1952,28457.355
Kuwait,KWT,1953,28088.434
Kuwait,KWT,1954,27666.117
Kuwait,KWT,1955,27200.855
Kuwait,KWT,1956,26651.422
Kuwait,KWT,1957,25865.56
Kuwait,KWT,1958,24451.977
Kuwait,KWT,1959,21272.736
Kuwait,KWT,1960,1000
Kuwait,KWT,1961,1000
Kuwait,KWT,1962,1000
Kuwait,KWT,1963,1000
Kuwait,KWT,1964,1000
Kuwait,KWT,1965,1000
Kuwait,KWT,1966,1000
Kuwait,KWT,1967,1000
Kuwait,KWT,1968,1000
Kuwait,KWT,1969,1000
Kuwait,KWT,1970,1000
Kuwait,KWT,1971,1000
Kuwait,KWT,1972,1000
Kuwait,KWT,1973,1000
Kuwait,KWT,1974,1000
Kuwait,KWT,1975,1000
Kuwait,KWT,1976,1000
Kuwait,KWT,1977,1000
Kuwait,KWT,1978,1000
Kuwait,KWT,1979,1000
Kuwait,KWT,1980,1000
Kuwait,KWT,1981,2000
Kuwait,KWT,1982,2000
Kuwait,KWT,1983,2000
Kuwait,KWT,1984,3000
Kuwait,KWT,1985,3000
Kuwait,KWT,1986,4000
Kuwait,KWT,1987,4000
Kuwait,KWT,1988,5000
Kuwait,KWT,1989,5000
Kuwait,KWT,1990,5000
Kuwait,KWT,1991,5000
Kuwait,KWT,1992,5000
Kuwait,KWT,1993,6000
Kuwait,KWT,1994,6000
Kuwait,KWT,1995,6000
Kuwait,KWT,1996,7000
Kuwait,KWT,1997,7000
Kuwait,KWT,1998,7000
Kuwait,KWT,1999,8000
Kuwait,KWT,2000,12000
Kuwait,KWT,2001,15000
Kuwait,KWT,2002,15000
Kuwait,KWT,2003,15000
Kuwait,KWT,2004,14000
Kuwait,KWT,2005,14000
Kuwait,KWT,2006,14000
Kuwait,KWT,2007,15000
Kuwait,KWT,2008,15000
Kuwait,KWT,2009,15500
Kuwait,KWT,2010,16000
Kuwait,KWT,2011,16500
Kuwait,KWT,2012,16000
Kuwait,KWT,2013,17600
Kuwait,KWT,2014,16100
Kuwait,KWT,2015,13400
Kuwait,KWT,2016,14000
Kuwait,KWT,2017,15400
Kuwait,KWT,2018,14000
Kuwait,KWT,2019,14000
Kuwait,KWT,2020,14000
Kuwait,KWT,2021,14000
Kuwait,KWT,2022,14000
Kuwait,KWT,2023,14000
Kuwait,KWT,2024,14000
Kuwait,KWT,2025,14000
Kyrgyzstan,KGZ,-10000,0
Kyrgyzstan,KGZ,-9000,0
Kyrgyzstan,KGZ,-8000,0
Kyrgyzstan,KGZ,-7000,0
Kyrgyzstan,KGZ,-6000,0
Kyrgyzstan,KGZ,-5000,0
Kyrgyzstan,KGZ,-4000,0
Kyrgyzstan,KGZ,-3000,0
Kyrgyzstan,KGZ,-2000,137929.19
Kyrgyzstan,KGZ,-1000,147740.66
Kyrgyzstan,KGZ,0,153613.62
Kyrgyzstan,KGZ,100,162289.95
Kyrgyzstan,KGZ,200,171350.38
Kyrgyzstan,KGZ,300,180794.52
Kyrgyzstan,KGZ,400,190618
Kyrgyzstan,KGZ,500,200811.44
Kyrgyzstan,KGZ,600,211359.11
Kyrgyzstan,KGZ,700,222237.45
Kyrgyzstan,KGZ,800,233413.03
Kyrgyzstan,KGZ,900,238452.88
Kyrgyzstan,KGZ,1000,242828.66
Kyrgyzstan,KGZ,1100,255962.11
Kyrgyzstan,KGZ,1200,267813.5
Kyrgyzstan,KGZ,1300,278258.03
Kyrgyzstan,KGZ,1400,287143.6
Kyrgyzstan,KGZ,1500,294281.22
Kyrgyzstan,KGZ,1600,323708.94
Kyrgyzstan,KGZ,1700,348782.28
Kyrgyzstan,KGZ,1710,366715.88
Kyrgyzstan,KGZ,1720,385270.88
Kyrgyzstan,KGZ,1730,404737.44
Kyrgyzstan,KGZ,1740,425158.06
Kyrgyzstan,KGZ,1750,446577.1
Kyrgyzstan,KGZ,1760,469040.7
Kyrgyzstan,KGZ,1770,492596.8
Kyrgyzstan,KGZ,1780,517295.6
Kyrgyzstan,KGZ,1790,543188.94
Kyrgyzstan,KGZ,1800,570331
Kyrgyzstan,KGZ,1810,598777.8
Kyrgyzstan,KGZ,1820,628587.75
Kyrgyzstan,KGZ,1830,659821.25
Kyrgyzstan,KGZ,1840,692541.06
Kyrgyzstan,KGZ,1850,726812.1
Kyrgyzstan,KGZ,1860,762701.7
Kyrgyzstan,KGZ,1870,800279.3
Kyrgyzstan,KGZ,1880,839616.8
Kyrgyzstan,KGZ,1890,880788.25
Kyrgyzstan,KGZ,1900,923870.3
Kyrgyzstan,KGZ,1910,968941.5
Kyrgyzstan,KGZ,1920,1016082.8
Kyrgyzstan,KGZ,1930,1065377.2
Kyrgyzstan,KGZ,1940,1116910
Kyrgyzstan,KGZ,1950,1170768.1
Kyrgyzstan,KGZ,1951,1187122.5
Kyrgyzstan,KGZ,1952,1206155.1
Kyrgyzstan,KGZ,1953,1227501.8
Kyrgyzstan,KGZ,1954,1250986.2
Kyrgyzstan,KGZ,1955,1276623.9
Kyrgyzstan,KGZ,1956,1304630.5
Kyrgyzstan,KGZ,1957,1335395
Kyrgyzstan,KGZ,1958,1369466
Kyrgyzstan,KGZ,1959,1407438
Kyrgyzstan,KGZ,1960,1449792.6
Kyrgyzstan,KGZ,1961,1449792.6
Kyrgyzstan,KGZ,1962,1452815.5
Kyrgyzstan,KGZ,1963,1441933
Kyrgyzstan,KGZ,1964,1433468.9
Kyrgyzstan,KGZ,1965,1430143.6
Kyrgyzstan,KGZ,1966,1414122.1
Kyrgyzstan,KGZ,1967,1412006
Kyrgyzstan,KGZ,1968,1409285.5
Kyrgyzstan,KGZ,1969,1411099.2
Kyrgyzstan,KGZ,1970,1408680.9
Kyrgyzstan,KGZ,1971,1407471.6
Kyrgyzstan,KGZ,1972,1406262.5
Kyrgyzstan,KGZ,1973,1404448.9
Kyrgyzstan,KGZ,1974,1408076.2
Kyrgyzstan,KGZ,1975,1405053.4
Kyrgyzstan,KGZ,1976,1405657.9
Kyrgyzstan,KGZ,1977,1406262.5
Kyrgyzstan,KGZ,1978,1402635
Kyrgyzstan,KGZ,1979,1399007.5
Kyrgyzstan,KGZ,1980,1399714.9
Kyrgyzstan,KGZ,1981,1400821.2
Kyrgyzstan,KGZ,1982,1401123.5
Kyrgyzstan,KGZ,1983,1402030.5
Kyrgyzstan,KGZ,1984,1400736.6
Kyrgyzstan,KGZ,1985,1401492.4
Kyrgyzstan,KGZ,1986,1402181.6
Kyrgyzstan,KGZ,1987,1403009.9
Kyrgyzstan,KGZ,1988,1399853.9
Kyrgyzstan,KGZ,1989,1390120.1
Kyrgyzstan,KGZ,1990,1384013.9
Kyrgyzstan,KGZ,1991,1384013.9
Kyrgyzstan,KGZ,1992,1388000
Kyrgyzstan,KGZ,1993,1420000
Kyrgyzstan,KGZ,1994,1422000
Kyrgyzstan,KGZ,1995,1424000
Kyrgyzstan,KGZ,1996,1425000
Kyrgyzstan,KGZ,1997,1426000
Kyrgyzstan,KGZ,1998,1428000
Kyrgyzstan,KGZ,1999,1435000
Kyrgyzstan,KGZ,2000,1423000
Kyrgyzstan,KGZ,2001,1410000
Kyrgyzstan,KGZ,2002,1411000
Kyrgyzstan,KGZ,2003,1411000
Kyrgyzstan,KGZ,2004,1406000
Kyrgyzstan,KGZ,2005,1356000
Kyrgyzstan,KGZ,2006,1355600
Kyrgyzstan,KGZ,2007,1353400
Kyrgyzstan,KGZ,2008,1352900
Kyrgyzstan,KGZ,2009,1351000
Kyrgyzstan,KGZ,2010,1350400
Kyrgyzstan,KGZ,2011,1350600
Kyrgyzstan,KGZ,2012,1351400
Kyrgyzstan,KGZ,2013,1354000
Kyrgyzstan,KGZ,2014,1355800
Kyrgyzstan,KGZ,2015,1355600
Kyrgyzstan,KGZ,2016,1363800
Kyrgyzstan,KGZ,2017,1363800
Kyrgyzstan,KGZ,2018,1365000
Kyrgyzstan,KGZ,2019,1364000
Kyrgyzstan,KGZ,2020,1364100
Kyrgyzstan,KGZ,2021,1364100
Kyrgyzstan,KGZ,2022,1363500
Kyrgyzstan,KGZ,2023,1363270
Kyrgyzstan,KGZ,2024,1362980
Kyrgyzstan,KGZ,2025,1362690
Laos,LAO,-10000,0
Laos,LAO,-9000,0
Laos,LAO,-8000,0
Laos,LAO,-7000,0
Laos,LAO,-6000,0
Laos,LAO,-5000,0
Laos,LAO,-4000,0
Laos,LAO,-3000,0
Laos,LAO,-2000,0
Laos,LAO,-1000,0
Laos,LAO,0,15022.563
Laos,LAO,100,16131.209
Laos,LAO,200,17325.951
Laos,LAO,300,18613.17
Laos,LAO,400,19999.738
Laos,LAO,500,21493.055
Laos,LAO,600,23101.086
Laos,LAO,700,24832.416
Laos,LAO,800,26696.277
Laos,LAO,900,31339.941
Laos,LAO,1000,35981.176
Laos,LAO,1100,40620.633
Laos,LAO,1200,45258.83
Laos,LAO,1300,49896.17
Laos,LAO,1400,54532.977
Laos,LAO,1500,59169.5
Laos,LAO,1600,73947.266
Laos,LAO,1700,88721.625
Laos,LAO,1710,90198.91
Laos,LAO,1720,91676.16
Laos,LAO,1730,93153.39
Laos,LAO,1740,94630.6
Laos,LAO,1750,96107.79
Laos,LAO,1760,97584.95
Laos,LAO,1770,99062.09
Laos,LAO,1780,100539.22
Laos,LAO,1790,102016.31
Laos,LAO,1800,103493.4
Laos,LAO,1810,115319.664
Laos,LAO,1820,127145.63
Laos,LAO,1830,138971.31
Laos,LAO,1840,150796.72
Laos,LAO,1850,162621.84
Laos,LAO,1860,174446.7
Laos,LAO,1870,186271.3
Laos,LAO,1880,197936.44
Laos,LAO,1890,222268.94
Laos,LAO,1900,248011.64
Laos,LAO,1910,255920.19
Laos,LAO,1920,278143.3
Laos,LAO,1930,338924.5
Laos,LAO,1940,403566.8
Laos,LAO,1950,472264.16
Laos,LAO,1951,487608.06
Laos,LAO,1952,503311.72
Laos,LAO,1953,519398.16
Laos,LAO,1954,535897.75
Laos,LAO,1955,552834.8
Laos,LAO,1956,570234.7
Laos,LAO,1957,588125.4
Laos,LAO,1958,606532.7
Laos,LAO,1959,625486.56
Laos,LAO,1960,650000
Laos,LAO,1961,650000
Laos,LAO,1962,650000
Laos,LAO,1963,650000
Laos,LAO,1964,650000
Laos,LAO,1965,650000
Laos,LAO,1966,660000
Laos,LAO,1967,660000
Laos,LAO,1968,670000
Laos,LAO,1969,672000
Laos,LAO,1970,677000
Laos,LAO,1971,682000
Laos,LAO,1972,712000
Laos,LAO,1973,732000
Laos,LAO,1974,755000
Laos,LAO,1975,768000
Laos,LAO,1976,780000
Laos,LAO,1977,790000
Laos,LAO,1978,798000
Laos,LAO,1979,805000
Laos,LAO,1980,806000
Laos,LAO,1981,809000
Laos,LAO,1982,817000
Laos,LAO,1983,820000
Laos,LAO,1984,830000
Laos,LAO,1985,835000
Laos,LAO,1986,838000
Laos,LAO,1987,840000
Laos,LAO,1988,850000
Laos,LAO,1989,852000
Laos,LAO,1990,860000
Laos,LAO,1991,862000
Laos,LAO,1992,864000
Laos,LAO,1993,865000
Laos,LAO,1994,890000
Laos,LAO,1995,900000
Laos,LAO,1996,900000
Laos,LAO,1997,930000
Laos,LAO,1998,940000
Laos,LAO,1999,958000
Laos,LAO,2000,1001000
Laos,LAO,2001,1051000
Laos,LAO,2002,1096000
Laos,LAO,2003,1141000
Laos,LAO,2004,1186000
Laos,LAO,2005,1235000
Laos,LAO,2006,1290000
Laos,LAO,2007,1338000
Laos,LAO,2008,1389000
Laos,LAO,2009,1468000
Laos,LAO,2010,1501556
Laos,LAO,2011,1537382
Laos,LAO,2012,1573687
Laos,LAO,2013,1658000
Laos,LAO,2014,1704886.9
Laos,LAO,2015,1730118
Laos,LAO,2016,1742655.1
Laos,LAO,2017,1675844
Laos,LAO,2018,1635461
Laos,LAO,2019,1576850
Laos,LAO,2020,1520775
Laos,LAO,2021,1519743
Laos,LAO,2022,1574038
Laos,LAO,2023,1511387.5
Laos,LAO,2024,1493392.2
Laos,LAO,2025,1475396.9
Latvia,LVA,-10000,0
Latvia,LVA,-9000,0
Latvia,LVA,-8000,0
Latvia,LVA,-7000,0
Latvia,LVA,-6000,0
Latvia,LVA,-5000,0
Latvia,LVA,-4000,0
Latvia,LVA,-3000,0
Latvia,LVA,-2000,3376.1191
Latvia,LVA,-1000,13504.477
Latvia,LVA,0,54017.906
Latvia,LVA,100,113721.914
Latvia,LVA,200,117588.17
Latvia,LVA,300,121462.95
Latvia,LVA,400,125323.35
Latvia,LVA,500,129141.336
Latvia,LVA,600,132882.52
Latvia,LVA,700,136504.62
Latvia,LVA,800,139955.34
Latvia,LVA,900,143169.48
Latvia,LVA,1000,146064.89
Latvia,LVA,1100,148536.78
Latvia,LVA,1200,150448.97
Latvia,LVA,1300,151620.4
Latvia,LVA,1400,151802.95
Latvia,LVA,1500,150641.84
Latvia,LVA,1600,147599.53
Latvia,LVA,1700,141787.62
Latvia,LVA,1710,163659.28
Latvia,LVA,1720,188837.81
Latvia,LVA,1730,217807.47
Latvia,LVA,1740,251119.48
Latvia,LVA,1750,289400.22
Latvia,LVA,1760,333360.12
Latvia,LVA,1770,383803.25
Latvia,LVA,1780,441637.16
Latvia,LVA,1790,507883.4
Latvia,LVA,1800,583687.6
Latvia,LVA,1810,670329.56
Latvia,LVA,1820,753533.06
Latvia,LVA,1830,846333.8
Latvia,LVA,1840,949653.5
Latvia,LVA,1850,1064447.9
Latvia,LVA,1860,1191686
Latvia,LVA,1870,1295311.6
Latvia,LVA,1880,1405764.5
Latvia,LVA,1890,1522910.4
Latvia,LVA,1900,1646386.4
Latvia,LVA,1910,1775508
Latvia,LVA,1920,1808654.9
Latvia,LVA,1930,1835831.9
Latvia,LVA,1940,1816160.8
Latvia,LVA,1950,1705723.9
Latvia,LVA,1951,1703698
Latvia,LVA,1952,1705499
Latvia,LVA,1953,1710357
Latvia,LVA,1954,1717615.9
Latvia,LVA,1955,1726705.5
Latvia,LVA,1956,1737152.8
Latvia,LVA,1957,1748587.5
Latvia,LVA,1958,1760711.4
Latvia,LVA,1959,1773294.9
Latvia,LVA,1960,1786127.8
Latvia,LVA,1961,1786127.8
Latvia,LVA,1962,1789852
Latvia,LVA,1963,1776444.9
Latvia,LVA,1964,1766017
Latvia,LVA,1965,1761920.5
Latvia,LVA,1966,1742182.2
Latvia,LVA,1967,1739575.2
Latvia,LVA,1968,1736223.5
Latvia,LVA,1969,1738458
Latvia,LVA,1970,1735478.5
Latvia,LVA,1971,1733988.9
Latvia,LVA,1972,1732499.2
Latvia,LVA,1973,1730264.6
Latvia,LVA,1974,1734733.8
Latvia,LVA,1975,1731009.6
Latvia,LVA,1976,1731754.2
Latvia,LVA,1977,1732499.2
Latvia,LVA,1978,1728030.2
Latvia,LVA,1979,1723561.1
Latvia,LVA,1980,1724432.6
Latvia,LVA,1981,1725795.8
Latvia,LVA,1982,1726168.1
Latvia,LVA,1983,1727285.4
Latvia,LVA,1984,1725691.4
Latvia,LVA,1985,1726622.5
Latvia,LVA,1986,1727471.5
Latvia,LVA,1987,1728492
Latvia,LVA,1988,1724603.9
Latvia,LVA,1989,1712611.9
Latvia,LVA,1990,1705089
Latvia,LVA,1991,1705089
Latvia,LVA,1992,1710000
Latvia,LVA,1993,1711000
Latvia,LVA,1994,1740000
Latvia,LVA,1995,1031000
Latvia,LVA,1996,1076000
Latvia,LVA,1997,1094000
Latvia,LVA,1998,1071000
Latvia,LVA,1999,999000
Latvia,LVA,2000,982000
Latvia,LVA,2001,970000
Latvia,LVA,2002,985000
Latvia,LVA,2003,969000
Latvia,LVA,2004,1021000
Latvia,LVA,2005,1105000
Latvia,LVA,2006,1218000
Latvia,LVA,2007,1198000
Latvia,LVA,2008,1177000
Latvia,LVA,2009,1174000
Latvia,LVA,2010,1180000
Latvia,LVA,2011,1165000
Latvia,LVA,2012,1184000
Latvia,LVA,2013,1214000
Latvia,LVA,2014,1215000
Latvia,LVA,2015,1236500
Latvia,LVA,2016,1296000
Latvia,LVA,2017,1298000
Latvia,LVA,2018,1303000
Latvia,LVA,2019,1328000
Latvia,LVA,2020,1343000
Latvia,LVA,2021,1371000
Latvia,LVA,2022,1367000
Latvia,LVA,2023,1393700
Latvia,LVA,2024,1410800
Latvia,LVA,2025,1427900
Lebanon,LBN,-10000,0
Lebanon,LBN,-9000,0
Lebanon,LBN,-8000,0
Lebanon,LBN,-7000,51400.914
Lebanon,LBN,-6000,115805.6
Lebanon,LBN,-5000,153082.39
Lebanon,LBN,-4000,201650.84
Lebanon,LBN,-3000,263797.94
Lebanon,LBN,-2000,341121.4
Lebanon,LBN,-1000,420135.34
Lebanon,LBN,0,473840.34
Lebanon,LBN,100,508832.62
Lebanon,LBN,200,547740.5
Lebanon,LBN,300,590846.3
Lebanon,LBN,400,539264.1
Lebanon,LBN,500,493797.47
Lebanon,LBN,600,453728.56
Lebanon,LBN,700,418414.44
Lebanon,LBN,800,371582.75
Lebanon,LBN,900,340235.66
Lebanon,LBN,1000,309535.78
Lebanon,LBN,1100,315446.4
Lebanon,LBN,1200,319272.2
Lebanon,LBN,1300,320660.88
Lebanon,LBN,1400,244748.48
Lebanon,LBN,1500,246599.86
Lebanon,LBN,1600,266554.3
Lebanon,LBN,1700,208129.16
Lebanon,LBN,1710,195563.75
Lebanon,LBN,1720,189583.52
Lebanon,LBN,1730,183704.8
Lebanon,LBN,1740,177922.8
Lebanon,LBN,1750,172232.45
Lebanon,LBN,1760,166628.52
Lebanon,LBN,1770,161105.31
Lebanon,LBN,1780,155656.78
Lebanon,LBN,1790,150276.4
Lebanon,LBN,1800,144956.95
Lebanon,LBN,1810,139690.42
Lebanon,LBN,1820,134467.8
Lebanon,LBN,1830,142817.62
Lebanon,LBN,1840,149265.27
Lebanon,LBN,1850,155739.48
Lebanon,LBN,1860,162165.69
Lebanon,LBN,1870,168444.1
Lebanon,LBN,1880,193694.55
Lebanon,LBN,1890,188755.2
Lebanon,LBN,1900,201007.39
Lebanon,LBN,1910,193689.03
Lebanon,LBN,1920,193803.64
Lebanon,LBN,1930,224955.86
Lebanon,LBN,1940,255901.03
Lebanon,LBN,1950,278346.7
Lebanon,LBN,1951,278002.84
Lebanon,LBN,1952,279309
Lebanon,LBN,1953,281414.53
Lebanon,LBN,1954,283608.6
Lebanon,LBN,1955,285298.12
Lebanon,LBN,1956,285961.94
Lebanon,LBN,1957,285066.6
Lebanon,LBN,1958,281845.47
Lebanon,LBN,1959,274559.94
Lebanon,LBN,1960,253614.36
Lebanon,LBN,1961,262000
Lebanon,LBN,1962,270000
Lebanon,LBN,1963,270000
Lebanon,LBN,1964,280000
Lebanon,LBN,1965,296000
Lebanon,LBN,1966,296000
Lebanon,LBN,1967,306000
Lebanon,LBN,1968,316000
Lebanon,LBN,1969,320000
Lebanon,LBN,1970,324943.8
Lebanon,LBN,1971,329665.9
Lebanon,LBN,1972,334660.88
Lebanon,LBN,1973,344650.72
Lebanon,LBN,1974,339655.78
Lebanon,LBN,1975,334660.88
Lebanon,LBN,1976,329665.9
Lebanon,LBN,1977,324670.97
Lebanon,LBN,1978,318677.06
Lebanon,LBN,1979,312683.12
Lebanon,LBN,1980,300695.25
Lebanon,LBN,1981,297698.3
Lebanon,LBN,1982,297698.3
Lebanon,LBN,1983,297698.3
Lebanon,LBN,1984,297698.3
Lebanon,LBN,1985,298697.28
Lebanon,LBN,1986,299696.28
Lebanon,LBN,1987,303692.25
Lebanon,LBN,1988,303692.25
Lebanon,LBN,1989,303692.25
Lebanon,LBN,1990,304691.25
Lebanon,LBN,1991,305690.22
Lebanon,LBN,1992,305690.22
Lebanon,LBN,1993,305690.9
Lebanon,LBN,1994,306691.38
Lebanon,LBN,1995,308695.38
Lebanon,LBN,1996,317689.12
Lebanon,LBN,1997,321687.8
Lebanon,LBN,1998,325660.9
Lebanon,LBN,1999,264724.38
Lebanon,LBN,2000,269719.16
Lebanon,LBN,2001,262726.44
Lebanon,LBN,2002,270718.12
Lebanon,LBN,2003,276711.88
Lebanon,LBN,2004,278010.53
Lebanon,LBN,2005,282705.62
Lebanon,LBN,2006,278709.8
Lebanon,LBN,2007,276811.78
Lebanon,LBN,2008,262726.44
Lebanon,LBN,2009,262726.44
Lebanon,LBN,2010,239750.36
Lebanon,LBN,2011,250738.92
Lebanon,LBN,2012,257731.64
Lebanon,LBN,2013,259729.56
Lebanon,LBN,2014,261727.48
Lebanon,LBN,2015,264724.34
Lebanon,LBN,2016,270718.1
Lebanon,LBN,2017,273035.7
Lebanon,LBN,2018,271267.53
Lebanon,LBN,2019,271017.78
Lebanon,LBN,2020,277011.56
Lebanon,LBN,2021,279009.44
Lebanon,LBN,2022,279009.44
Lebanon,LBN,2023,282505.8
Lebanon,LBN,2024,284853.38
Lebanon,LBN,2025,287200.94
Lesotho,LSO,-10000,0
Lesotho,LSO,-9000,0
Lesotho,LSO,-8000,0
Lesotho,LSO,-7000,0
Lesotho,LSO,-6000,0
Lesotho,LSO,-5000,0
Lesotho,LSO,-4000,0
Lesotho,LSO,-3000,0
Lesotho,LSO,-2000,0
Lesotho,LSO,-1000,0
Lesotho,LSO,0,0
Lesotho,LSO,100,0
Lesotho,LSO,200,0
Lesotho,LSO,300,0
Lesotho,LSO,400,0
Lesotho,LSO,500,0
Lesotho,LSO,600,0
Lesotho,LSO,700,0
Lesotho,LSO,800,0
Lesotho,LSO,900,0
Lesotho,LSO,1000,0
Lesotho,LSO,1100,15739.556
Lesotho,LSO,1200,17957.297
Lesotho,LSO,1300,20487.34
Lesotho,LSO,1400,23373.639
Lesotho,LSO,1500,26666.324
Lesotho,LSO,1600,30422.58
Lesotho,LSO,1700,34707.625
Lesotho,LSO,1710,35701.14
Lesotho,LSO,1720,36767.227
Lesotho,LSO,1730,37914.668
Lesotho,LSO,1740,39153.773
Lesotho,LSO,1750,40496.758
Lesotho,LSO,1760,41958.137
Lesotho,LSO,1770,43555.39
Lesotho,LSO,1780,45309.73
Lesotho,LSO,1790,47247.188
Lesotho,LSO,1800,49400.08
Lesotho,LSO,1810,51809.082
Lesotho,LSO,1820,54526.215
Lesotho,LSO,1830,57619.11
Lesotho,LSO,1840,63967.816
Lesotho,LSO,1850,66052.234
Lesotho,LSO,1860,73022.79
Lesotho,LSO,1870,80728.945
Lesotho,LSO,1880,89248.336
Lesotho,LSO,1890,98666.77
Lesotho,LSO,1900,109079.125
Lesotho,LSO,1910,128383.22
Lesotho,LSO,1920,149708.23
Lesotho,LSO,1930,184287.83
Lesotho,LSO,1940,296472.25
Lesotho,LSO,1950,311183.97
Lesotho,LSO,1951,315576.78
Lesotho,LSO,1952,320037.28
Lesotho,LSO,1953,324579.84
Lesotho,LSO,1954,329223.6
Lesotho,LSO,1955,333990.56
Lesotho,LSO,1956,338916.75
Lesotho,LSO,1957,344041.6
Lesotho,LSO,1958,349401.1
Lesotho,LSO,1959,355041.03
Lesotho,LSO,1960,361000
Lesotho,LSO,1961,361000
Lesotho,LSO,1962,356000
Lesotho,LSO,1963,356000
Lesotho,LSO,1964,358000
Lesotho,LSO,1965,358000
Lesotho,LSO,1966,363000
Lesotho,LSO,1967,363000
Lesotho,LSO,1968,368000
Lesotho,LSO,1969,368000
Lesotho,LSO,1970,372000
Lesotho,LSO,1971,364000
Lesotho,LSO,1972,359000
Lesotho,LSO,1973,359000
Lesotho,LSO,1974,359000
Lesotho,LSO,1975,376000
Lesotho,LSO,1976,359000
Lesotho,LSO,1977,292000
Lesotho,LSO,1978,293000
Lesotho,LSO,1979,309000
Lesotho,LSO,1980,296000
Lesotho,LSO,1981,302000
Lesotho,LSO,1982,292000
Lesotho,LSO,1983,287000
Lesotho,LSO,1984,301000
Lesotho,LSO,1985,308000
Lesotho,LSO,1986,291000
Lesotho,LSO,1987,330000
Lesotho,LSO,1988,343000
Lesotho,LSO,1989,305000
Lesotho,LSO,1990,321000
Lesotho,LSO,1991,323000
Lesotho,LSO,1992,336000
Lesotho,LSO,1993,334000
Lesotho,LSO,1994,329000
Lesotho,LSO,1995,324000
Lesotho,LSO,1996,326000
Lesotho,LSO,1997,329000
Lesotho,LSO,1998,329000
Lesotho,LSO,1999,329000
Lesotho,LSO,2000,334000
Lesotho,LSO,2001,334000
Lesotho,LSO,2002,304000
Lesotho,LSO,2003,304000
Lesotho,LSO,2004,314000
Lesotho,LSO,2005,327000
Lesotho,LSO,2006,307000
Lesotho,LSO,2007,329000
Lesotho,LSO,2008,362000
Lesotho,LSO,2009,339000
Lesotho,LSO,2010,326000
Lesotho,LSO,2011,312000
Lesotho,LSO,2012,285300
Lesotho,LSO,2013,252100
Lesotho,LSO,2014,276300
Lesotho,LSO,2015,223000
Lesotho,LSO,2016,356000
Lesotho,LSO,2017,418000
Lesotho,LSO,2018,433300
Lesotho,LSO,2019,433000
Lesotho,LSO,2020,433000
Lesotho,LSO,2021,433000
Lesotho,LSO,2022,433000
Lesotho,LSO,2023,432879.97
Lesotho,LSO,2024,432820.03
Lesotho,LSO,2025,432760
Liberia,LBR,-10000,0
Liberia,LBR,-9000,0
Liberia,LBR,-8000,0
Liberia,LBR,-7000,0
Liberia,LBR,-6000,0
Liberia,LBR,-5000,0
Liberia,LBR,-4000,0
Liberia,LBR,-3000,0
Liberia,LBR,-2000,0
Liberia,LBR,-1000,0
Liberia,LBR,0,0
Liberia,LBR,100,0
Liberia,LBR,200,0
Liberia,LBR,300,0
Liberia,LBR,400,0
Liberia,LBR,500,0
Liberia,LBR,600,0
Liberia,LBR,700,0
Liberia,LBR,800,17964.254
Liberia,LBR,900,35928.508
Liberia,LBR,1000,37831.51
Liberia,LBR,1100,39835.297
Liberia,LBR,1200,41945.203
Liberia,LBR,1300,44166.844
Liberia,LBR,1400,46506.098
Liberia,LBR,1500,48969.18
Liberia,LBR,1600,51562.965
Liberia,LBR,1700,54293.953
Liberia,LBR,1710,56066.79
Liberia,LBR,1720,57839.746
Liberia,LBR,1730,59612.805
Liberia,LBR,1740,61385.98
Liberia,LBR,1750,63159.266
Liberia,LBR,1760,64932.66
Liberia,LBR,1770,66706.17
Liberia,LBR,1780,68479.79
Liberia,LBR,1790,70253.53
Liberia,LBR,1800,72027.37
Liberia,LBR,1810,73801.33
Liberia,LBR,1820,75575.39
Liberia,LBR,1830,77349.57
Liberia,LBR,1840,79123.86
Liberia,LBR,1850,80898.26
Liberia,LBR,1860,89454.24
Liberia,LBR,1870,98915.12
Liberia,LBR,1880,109376.6
Liberia,LBR,1890,120944.51
Liberia,LBR,1900,133735.88
Liberia,LBR,1910,157436.53
Liberia,LBR,1920,183625.95
Liberia,LBR,1930,226087.28
Liberia,LBR,1940,276106.94
Liberia,LBR,1950,483960.75
Liberia,LBR,1951,490713.62
Liberia,LBR,1952,498310.6
Liberia,LBR,1953,506692.34
Liberia,LBR,1954,515816.7
Liberia,LBR,1955,525620.75
Liberia,LBR,1956,536051.94
Liberia,LBR,1957,547055.1
Liberia,LBR,1958,558579.25
Liberia,LBR,1959,570576
Liberia,LBR,1960,583000
Liberia,LBR,1961,583000
Liberia,LBR,1962,581000
Liberia,LBR,1963,581000
Liberia,LBR,1964,578000
Liberia,LBR,1965,578000
Liberia,LBR,1966,575000
Liberia,LBR,1967,575000
Liberia,LBR,1968,573000
Liberia,LBR,1969,573000
Liberia,LBR,1970,571000
Liberia,LBR,1971,571000
Liberia,LBR,1972,571000
Liberia,LBR,1973,571000
Liberia,LBR,1974,571000
Liberia,LBR,1975,571000
Liberia,LBR,1976,571000
Liberia,LBR,1977,576000
Liberia,LBR,1978,576000
Liberia,LBR,1979,576000
Liberia,LBR,1980,576000
Liberia,LBR,1981,576000
Liberia,LBR,1982,580000
Liberia,LBR,1983,585000
Liberia,LBR,1984,586000
Liberia,LBR,1985,588000
Liberia,LBR,1986,597000
Liberia,LBR,1987,603000
Liberia,LBR,1988,600000
Liberia,LBR,1989,600000
Liberia,LBR,1990,500000
Liberia,LBR,1991,500000
Liberia,LBR,1992,500000
Liberia,LBR,1993,500000
Liberia,LBR,1994,500000
Liberia,LBR,1995,500000
Liberia,LBR,1996,500000
Liberia,LBR,1997,520000
Liberia,LBR,1998,560000
Liberia,LBR,1999,590000
Liberia,LBR,2000,610000
Liberia,LBR,2001,610000
Liberia,LBR,2002,610000
Liberia,LBR,2003,610000
Liberia,LBR,2004,615000
Liberia,LBR,2005,615000
Liberia,LBR,2006,615000
Liberia,LBR,2007,615000
Liberia,LBR,2008,630000
Liberia,LBR,2009,650000
Liberia,LBR,2010,660000
Liberia,LBR,2011,705000
Liberia,LBR,2012,710000
Liberia,LBR,2013,710000
Liberia,LBR,2014,710000
Liberia,LBR,2015,700000
Liberia,LBR,2016,700000
Liberia,LBR,2017,700000
Liberia,LBR,2018,700000
Liberia,LBR,2019,700000
Liberia,LBR,2020,700000
Liberia,LBR,2021,700000
Liberia,LBR,2022,700000
Liberia,LBR,2023,700000
Liberia,LBR,2024,700000
Liberia,LBR,2025,700000
Libya,LBY,-10000,0
Libya,LBY,-9000,0
Libya,LBY,-8000,0
Libya,LBY,-7000,0
Libya,LBY,-6000,0
Libya,LBY,-5000,0
Libya,LBY,-4000,0
Libya,LBY,-3000,0
Libya,LBY,-2000,123190.04
Libya,LBY,-1000,184785.06
Libya,LBY,0,495270.66
Libya,LBY,100,557179.56
Libya,LBY,200,619088.4
Libya,LBY,300,557179.56
Libya,LBY,400,495270.66
Libya,LBY,500,520034.22
Libya,LBY,600,544797.75
Libya,LBY,700,569561.25
Libya,LBY,800,594324.9
Libya,LBY,900,606706.56
Libya,LBY,1000,619088.4
Libya,LBY,1100,433361.8
Libya,LBY,1200,247635.2
Libya,LBY,1300,371452.97
Libya,LBY,1400,495270.66
Libya,LBY,1500,619088.4
Libya,LBY,1600,619088.44
Libya,LBY,1700,619088.44
Libya,LBY,1710,575958.6
Libya,LBY,1720,579879.5
Libya,LBY,1730,583800.4
Libya,LBY,1740,587721.3
Libya,LBY,1750,591642.2
Libya,LBY,1760,595563.06
Libya,LBY,1770,599484
Libya,LBY,1780,603404.9
Libya,LBY,1790,607325.75
Libya,LBY,1800,611246.7
Libya,LBY,1810,615167.56
Libya,LBY,1820,666139.2
Libya,LBY,1830,672044.3
Libya,LBY,1840,677949.44
Libya,LBY,1850,683854.6
Libya,LBY,1860,689759.75
Libya,LBY,1870,695664.94
Libya,LBY,1880,701570.06
Libya,LBY,1890,742906.1
Libya,LBY,1900,847588.4
Libya,LBY,1910,952217.75
Libya,LBY,1920,950211.44
Libya,LBY,1930,944861.1
Libya,LBY,1940,1204261
Libya,LBY,1950,1504120.2
Libya,LBY,1951,1523521.6
Libya,LBY,1952,1564121.5
Libya,LBY,1953,1604721.2
Libya,LBY,1954,1645321.1
Libya,LBY,1955,1685920.9
Libya,LBY,1956,1726520.5
Libya,LBY,1957,1767120.2
Libya,LBY,1958,1807720.1
Libya,LBY,1959,1848319.9
Libya,LBY,1960,1888919.8
Libya,LBY,1961,1970000
Libya,LBY,1962,1983000
Libya,LBY,1963,1985000
Libya,LBY,1964,1993000
Libya,LBY,1965,1995000
Libya,LBY,1966,2003000
Libya,LBY,1967,2005000
Libya,LBY,1968,2015000
Libya,LBY,1969,2020000
Libya,LBY,1970,2025000
Libya,LBY,1971,2035000
Libya,LBY,1972,2038000
Libya,LBY,1973,2045000
Libya,LBY,1974,2048000
Libya,LBY,1975,2055000
Libya,LBY,1976,2058000
Libya,LBY,1977,2065000
Libya,LBY,1978,2073000
Libya,LBY,1979,2075000
Libya,LBY,1980,2079999.8
Libya,LBY,1981,2084999.8
Libya,LBY,1982,2091999.8
Libya,LBY,1983,2104999.5
Libya,LBY,1984,2114999.5
Libya,LBY,1985,2126999.5
Libya,LBY,1986,2134999.5
Libya,LBY,1987,2139999.8
Libya,LBY,1988,2139999.8
Libya,LBY,1989,2145000
Libya,LBY,1990,2155000
Libya,LBY,1991,2160000
Libya,LBY,1992,2165000
Libya,LBY,1993,2164999.8
Libya,LBY,1994,2175000
Libya,LBY,1995,2215000
Libya,LBY,1996,2365987.5
Libya,LBY,1997,2365967.2
Libya,LBY,1998,2149990.2
Libya,LBY,1999,2150000
Libya,LBY,2000,2149997.5
Libya,LBY,2001,2149999.5
Libya,LBY,2002,2149999.5
Libya,LBY,2003,2149998.5
Libya,LBY,2004,2084999
Libya,LBY,2005,2084999.4
Libya,LBY,2006,2084999.8
Libya,LBY,2007,2084999.8
Libya,LBY,2008,2084999.8
Libya,LBY,2009,2084999.8
Libya,LBY,2010,2051000
Libya,LBY,2011,2051000
Libya,LBY,2012,2055000
Libya,LBY,2013,2055000
Libya,LBY,2014,2050000
Libya,LBY,2015,2050000
Libya,LBY,2016,2050000
Libya,LBY,2017,2050000
Libya,LBY,2018,2050000
Libya,LBY,2019,2049999.8
Libya,LBY,2020,2050000
Libya,LBY,2021,2050000
Libya,LBY,2022,2050000
Libya,LBY,2023,2050000
Libya,LBY,2024,2050000
Libya,LBY,2025,2050000
Liechtenstein,LIE,-10000,0
Liechtenstein,LIE,-9000,0
Liechtenstein,LIE,-8000,0
Liechtenstein,LIE,-7000,0
Liechtenstein,LIE,-6000,0
Liechtenstein,LIE,-5000,0
Liechtenstein,LIE,-4000,1511.4791
Liechtenstein,LIE,-3000,5182.2144
Liechtenstein,LIE,-2000,5496.275
Liechtenstein,LIE,-1000,5704.112
Liechtenstein,LIE,0,5688.9165
Liechtenstein,LIE,100,5705.6655
Liechtenstein,LIE,200,5717.07
Liechtenstein,LIE,300,5722.4727
Liechtenstein,LIE,400,5721.119
Liechtenstein,LIE,500,5712.1313
Liechtenstein,LIE,600,5694.4814
Liechtenstein,LIE,700,5666.951
Liechtenstein,LIE,800,5628.082
Liechtenstein,LIE,900,5576.097
Liechtenstein,LIE,1000,5508.799
Liechtenstein,LIE,1100,5423.4097
Liechtenstein,LIE,1200,5316.334
Liechtenstein,LIE,1300,5182.761
Liechtenstein,LIE,1400,5016.004
Liechtenstein,LIE,1500,4806.2524
Liechtenstein,LIE,1600,4538.0435
Liechtenstein,LIE,1700,4184.2524
Liechtenstein,LIE,1710,4240.0835
Liechtenstein,LIE,1720,4294.713
Liechtenstein,LIE,1730,4347.9224
Liechtenstein,LIE,1740,4399.468
Liechtenstein,LIE,1750,4449.0757
Liechtenstein,LIE,1760,4496.439
Liechtenstein,LIE,1770,4541.2134
Liechtenstein,LIE,1780,4583.0083
Liechtenstein,LIE,1790,4621.3823
Liechtenstein,LIE,1800,4655.8315
Liechtenstein,LIE,1810,4685.7793
Liechtenstein,LIE,1820,4710.56
Liechtenstein,LIE,1830,4729.401
Liechtenstein,LIE,1840,4741.3984
Liechtenstein,LIE,1850,4745.4834
Liechtenstein,LIE,1860,4740.379
Liechtenstein,LIE,1870,4724.5376
Liechtenstein,LIE,1880,4696.058
Liechtenstein,LIE,1890,4652.555
Liechtenstein,LIE,1900,4590.971
Liechtenstein,LIE,1910,4507.273
Liechtenstein,LIE,1920,4395.9395
Liechtenstein,LIE,1930,4249.0537
Liechtenstein,LIE,1940,4054.5005
Liechtenstein,LIE,1950,3791.9377
Liechtenstein,LIE,1951,3801.3606
Liechtenstein,LIE,1952,3809.3037
Liechtenstein,LIE,1953,3821.5222
Liechtenstein,LIE,1954,3836.6345
Liechtenstein,LIE,1955,3857.7144
Liechtenstein,LIE,1956,3880.4512
Liechtenstein,LIE,1957,3909.5757
Liechtenstein,LIE,1958,3939.2695
Liechtenstein,LIE,1959,3970.6243
Liechtenstein,LIE,1960,4000
Liechtenstein,LIE,1961,4000
Liechtenstein,LIE,1962,4000
Liechtenstein,LIE,1963,4000
Liechtenstein,LIE,1964,4000
Liechtenstein,LIE,1965,4000
Liechtenstein,LIE,1966,4000
Liechtenstein,LIE,1967,4000
Liechtenstein,LIE,1968,4000
Liechtenstein,LIE,1969,4000
Liechtenstein,LIE,1970,4000
Liechtenstein,LIE,1971,4000
Liechtenstein,LIE,1972,4000
Liechtenstein,LIE,1973,4000
Liechtenstein,LIE,1974,4000
Liechtenstein,LIE,1975,4000
Liechtenstein,LIE,1976,4000
Liechtenstein,LIE,1977,4000
Liechtenstein,LIE,1978,4000
Liechtenstein,LIE,1979,4000
Liechtenstein,LIE,1980,4000
Liechtenstein,LIE,1981,4000
Liechtenstein,LIE,1982,4000
Liechtenstein,LIE,1983,4000
Liechtenstein,LIE,1984,4000
Liechtenstein,LIE,1985,4000
Liechtenstein,LIE,1986,4000
Liechtenstein,LIE,1987,4000
Liechtenstein,LIE,1988,4000
Liechtenstein,LIE,1989,4000
Liechtenstein,LIE,1990,4000
Liechtenstein,LIE,1991,4000
Liechtenstein,LIE,1992,4000
Liechtenstein,LIE,1993,4000
Liechtenstein,LIE,1994,4000
Liechtenstein,LIE,1995,4000
Liechtenstein,LIE,1996,4000
Liechtenstein,LIE,1997,4000
Liechtenstein,LIE,1998,4000
Liechtenstein,LIE,1999,4000
Liechtenstein,LIE,2000,4000
Liechtenstein,LIE,2001,3900
Liechtenstein,LIE,2002,3370
Liechtenstein,LIE,2003,3240.0002
Liechtenstein,LIE,2004,3110
Liechtenstein,LIE,2005,2980
Liechtenstein,LIE,2006,2850
Liechtenstein,LIE,2007,2720
Liechtenstein,LIE,2008,2590
Liechtenstein,LIE,2009,2460
Liechtenstein,LIE,2010,2330
Liechtenstein,LIE,2011,2200
Liechtenstein,LIE,2012,2070
Liechtenstein,LIE,2013,1940
Liechtenstein,LIE,2014,1829.9999
Liechtenstein,LIE,2015,1810
Liechtenstein,LIE,2016,1779.9999
Liechtenstein,LIE,2017,1750
Liechtenstein,LIE,2018,1740
Liechtenstein,LIE,2019,1729.9999
Liechtenstein,LIE,2020,1729.9999
Liechtenstein,LIE,2021,1729.9999
Liechtenstein,LIE,2022,1729.9999
Liechtenstein,LIE,2023,1726
Liechtenstein,LIE,2024,1724
Liechtenstein,LIE,2025,1721.9999
Lithuania,LTU,-10000,0
Lithuania,LTU,-9000,0
Lithuania,LTU,-8000,0
Lithuania,LTU,-7000,0
Lithuania,LTU,-6000,0
Lithuania,LTU,-5000,0
Lithuania,LTU,-4000,0
Lithuania,LTU,-3000,0
Lithuania,LTU,-2000,3977.6448
Lithuania,LTU,-1000,15910.579
Lithuania,LTU,0,63642.316
Lithuania,LTU,100,133983.81
Lithuania,LTU,200,138632.89
Lithuania,LTU,300,143309.34
Lithuania,LTU,400,147989.33
Lithuania,LTU,500,152643.64
Lithuania,LTU,600,157236.56
Lithuania,LTU,700,161724.25
Lithuania,LTU,800,166052.66
Lithuania,LTU,900,170154.9
Lithuania,LTU,1000,173947.34
Lithuania,LTU,1100,177324.3
Lithuania,LTU,1200,180150.33
Lithuania,LTU,1300,182248.53
Lithuania,LTU,1400,183381.97
Lithuania,LTU,1500,183222.69
Lithuania,LTU,1600,181295.52
Lithuania,LTU,1700,176866.25
Lithuania,LTU,1710,204566.58
Lithuania,LTU,1720,236550.7
Lithuania,LTU,1730,273469.12
Lithuania,LTU,1740,316068.16
Lithuania,LTU,1750,365203.75
Lithuania,LTU,1760,421856.44
Lithuania,LTU,1770,487148.53
Lithuania,LTU,1780,562363.25
Lithuania,LTU,1790,648966.3
Lithuania,LTU,1800,748629.1
Lithuania,LTU,1810,863255.75
Lithuania,LTU,1820,974704.8
Lithuania,LTU,1830,1100040
Lithuania,LTU,1840,1240880.8
Lithuania,LTU,1850,1399008.9
Lithuania,LTU,1860,1576376.9
Lithuania,LTU,1870,1725806.2
Lithuania,LTU,1880,1888102.4
Lithuania,LTU,1890,2064103.4
Lithuania,LTU,1900,2254634.8
Lithuania,LTU,1910,2460485.2
Lithuania,LTU,1920,2541197.8
Lithuania,LTU,1930,2621538.8
Lithuania,LTU,1940,3032735.8
Lithuania,LTU,1950,2906516.2
Lithuania,LTU,1951,2902089.8
Lithuania,LTU,1952,2904635
Lithuania,LTU,1953,2912597
Lithuania,LTU,1954,2924738
Lithuania,LTU,1955,2940188.8
Lithuania,LTU,1956,2958456.5
Lithuania,LTU,1957,2979337
Lithuania,LTU,1958,3002938.5
Lithuania,LTU,1959,3029551.2
Lithuania,LTU,1960,3059396.8
Lithuania,LTU,1961,3059396.8
Lithuania,LTU,1962,3065775.5
Lithuania,LTU,1963,3042811.2
Lithuania,LTU,1964,3024949.5
Lithuania,LTU,1965,3017932.8
Lithuania,LTU,1966,2984123.8
Lithuania,LTU,1967,2979658.5
Lithuania,LTU,1968,2973917.2
Lithuania,LTU,1969,2977744.8
Lithuania,LTU,1970,2972641.5
Lithuania,LTU,1971,2970089.8
Lithuania,LTU,1972,2967538
Lithuania,LTU,1973,2963710.8
Lithuania,LTU,1974,2971365.5
Lithuania,LTU,1975,2964986.5
Lithuania,LTU,1976,2966262.2
Lithuania,LTU,1977,2967538
Lithuania,LTU,1978,2959883.2
Lithuania,LTU,1979,2952228.5
Lithuania,LTU,1980,2953721
Lithuania,LTU,1981,2956055.8
Lithuania,LTU,1982,2956693.8
Lithuania,LTU,1983,2958607.5
Lithuania,LTU,1984,2955877.2
Lithuania,LTU,1985,2957472
Lithuania,LTU,1986,2958926.2
Lithuania,LTU,1987,2960674.2
Lithuania,LTU,1988,2954014.8
Lithuania,LTU,1989,2933474
Lithuania,LTU,1990,2920588.2
Lithuania,LTU,1991,2920588.2
Lithuania,LTU,1992,2929000
Lithuania,LTU,1993,2873000
Lithuania,LTU,1994,2630000
Lithuania,LTU,1995,2909000
Lithuania,LTU,1996,2910000
Lithuania,LTU,1997,2921000
Lithuania,LTU,1998,2933000
Lithuania,LTU,1999,2996000
Lithuania,LTU,2000,2921000
Lithuania,LTU,2001,1674000
Lithuania,LTU,2002,1682000
Lithuania,LTU,2003,1568000
Lithuania,LTU,2004,1649200
Lithuania,LTU,2005,1946300
Lithuania,LTU,2006,1914400
Lithuania,LTU,2007,1865500
Lithuania,LTU,2008,1888900
Lithuania,LTU,2009,2081400
Lithuania,LTU,2010,2158100
Lithuania,LTU,2011,2216600
Lithuania,LTU,2012,2292300
Lithuania,LTU,2013,2323000
Lithuania,LTU,2014,2384300
Lithuania,LTU,2015,2206900
Lithuania,LTU,2016,2177500
Lithuania,LTU,2017,2139200
Lithuania,LTU,2018,2151000
Lithuania,LTU,2019,2247000
Lithuania,LTU,2020,2284800
Lithuania,LTU,2021,2315200
Lithuania,LTU,2022,2328300
Lithuania,LTU,2023,2392100
Lithuania,LTU,2024,2434380
Lithuania,LTU,2025,2476660
Luxembourg,LUX,-10000,0
Luxembourg,LUX,-9000,0
Luxembourg,LUX,-8000,0
Luxembourg,LUX,-7000,0
Luxembourg,LUX,-6000,0
Luxembourg,LUX,-5000,0
Luxembourg,LUX,-4000,4487.631
Luxembourg,LUX,-3000,20194.34
Luxembourg,LUX,-2000,28108.924
Luxembourg,LUX,-1000,38282.465
Luxembourg,LUX,0,50097.22
Luxembourg,LUX,100,50242.375
Luxembourg,LUX,200,50340.2
Luxembourg,LUX,300,50384.863
Luxembourg,LUX,400,50369.664
Luxembourg,LUX,500,50286.82
Luxembourg,LUX,600,50127.195
Luxembourg,LUX,700,49879.977
Luxembourg,LUX,800,49532.18
Luxembourg,LUX,900,49068.008
Luxembourg,LUX,1000,48467.88
Luxembourg,LUX,1100,47707.04
Luxembourg,LUX,1200,46753.355
Luxembourg,LUX,1300,45563.805
Luxembourg,LUX,1400,44078.41
Luxembourg,LUX,1500,42208.918
Luxembourg,LUX,1600,39815.582
Luxembourg,LUX,1700,36651.57
Luxembourg,LUX,1710,38272.55
Luxembourg,LUX,1720,39946.402
Luxembourg,LUX,1730,41672.277
Luxembourg,LUX,1740,43448.793
Luxembourg,LUX,1750,45273.957
Luxembourg,LUX,1760,47145.03
Luxembourg,LUX,1770,49058.39
Luxembourg,LUX,1780,51009.344
Luxembourg,LUX,1790,52991.906
Luxembourg,LUX,1800,54998.535
Luxembourg,LUX,1810,57019.79
Luxembourg,LUX,1820,62272.125
Luxembourg,LUX,1830,67915.21
Luxembourg,LUX,1840,73953.95
Luxembourg,LUX,1850,80384.63
Luxembourg,LUX,1860,87191.17
Luxembourg,LUX,1870,85468.85
Luxembourg,LUX,1880,88054.73
Luxembourg,LUX,1890,90056.09
Luxembourg,LUX,1900,91386.08
Luxembourg,LUX,1910,91928.66
Luxembourg,LUX,1920,91522.305
Luxembourg,LUX,1930,89929.23
Luxembourg,LUX,1940,86771.33
Luxembourg,LUX,1950,76832.55
Luxembourg,LUX,1951,76248.22
Luxembourg,LUX,1952,75707.52
Luxembourg,LUX,1953,75149.914
Luxembourg,LUX,1954,74531.32
Luxembourg,LUX,1955,73831.78
Luxembourg,LUX,1956,73051.86
Luxembourg,LUX,1957,72203.586
Luxembourg,LUX,1958,71315.5
Luxembourg,LUX,1959,70426.03
Luxembourg,LUX,1960,69555.836
Luxembourg,LUX,1961,69555.836
Luxembourg,LUX,1962,69289.336
Luxembourg,LUX,1963,69022.84
Luxembourg,LUX,1964,68756.34
Luxembourg,LUX,1965,68489.85
Luxembourg,LUX,1966,68223.35
Luxembourg,LUX,1967,67890.23
Luxembourg,LUX,1968,67690.36
Luxembourg,LUX,1969,67557.1
Luxembourg,LUX,1970,67423.86
Luxembourg,LUX,1971,67290.61
Luxembourg,LUX,1972,67157.36
Luxembourg,LUX,1973,66957.49
Luxembourg,LUX,1974,66757.62
Luxembourg,LUX,1975,66557.74
Luxembourg,LUX,1976,66357.87
Luxembourg,LUX,1977,66024.74
Luxembourg,LUX,1978,65625
Luxembourg,LUX,1979,65025.38
Luxembourg,LUX,1980,51633.88
Luxembourg,LUX,1981,51434.008
Luxembourg,LUX,1982,51300.76
Luxembourg,LUX,1983,51367.383
Luxembourg,LUX,1984,51633.88
Luxembourg,LUX,1985,51767.133
Luxembourg,LUX,1986,51833.758
Luxembourg,LUX,1987,51900.38
Luxembourg,LUX,1988,51967.004
Luxembourg,LUX,1989,52100.258
Luxembourg,LUX,1990,52033.63
Luxembourg,LUX,1991,51700.508
Luxembourg,LUX,1992,56564.086
Luxembourg,LUX,1993,57230.33
Luxembourg,LUX,1994,63826.14
Luxembourg,LUX,1995,59404.137
Luxembourg,LUX,1996,58629.445
Luxembourg,LUX,1997,59229.06
Luxembourg,LUX,1998,59495.555
Luxembourg,LUX,1999,59495.555
Luxembourg,LUX,2000,63000
Luxembourg,LUX,2001,63000
Luxembourg,LUX,2002,63000
Luxembourg,LUX,2003,63000
Luxembourg,LUX,2004,63000
Luxembourg,LUX,2005,62000
Luxembourg,LUX,2006,62000
Luxembourg,LUX,2007,63000
Luxembourg,LUX,2008,64000
Luxembourg,LUX,2009,63330
Luxembourg,LUX,2010,63450
Luxembourg,LUX,2011,63630
Luxembourg,LUX,2012,64130
Luxembourg,LUX,2013,63980
Luxembourg,LUX,2014,64159.996
Luxembourg,LUX,2015,64350
Luxembourg,LUX,2016,63400
Luxembourg,LUX,2017,63592
Luxembourg,LUX,2018,63676
Luxembourg,LUX,2019,63515.004
Luxembourg,LUX,2020,63684.996
Luxembourg,LUX,2021,64030
Luxembourg,LUX,2022,63515.004
Luxembourg,LUX,2023,63742.1
Luxembourg,LUX,2024,63761.402
Luxembourg,LUX,2025,63780.7
Madagascar,MDG,-10000,0
Madagascar,MDG,-9000,0
Madagascar,MDG,-8000,0
Madagascar,MDG,-7000,0
Madagascar,MDG,-6000,0
Madagascar,MDG,-5000,0
Madagascar,MDG,-4000,0
Madagascar,MDG,-3000,0
Madagascar,MDG,-2000,0
Madagascar,MDG,-1000,0
Madagascar,MDG,0,0
Madagascar,MDG,100,0
Madagascar,MDG,200,0
Madagascar,MDG,300,0
Madagascar,MDG,400,0
Madagascar,MDG,500,0
Madagascar,MDG,600,0
Madagascar,MDG,700,0
Madagascar,MDG,800,0
Madagascar,MDG,900,0
Madagascar,MDG,1000,86418.97
Madagascar,MDG,1100,122426.88
Madagascar,MDG,1200,158434.78
Madagascar,MDG,1300,194442.69
Madagascar,MDG,1400,230450.6
Madagascar,MDG,1500,302466.4
Madagascar,MDG,1600,367280.62
Madagascar,MDG,1700,432094.88
Madagascar,MDG,1710,476307.62
Madagascar,MDG,1720,520608.2
Madagascar,MDG,1730,564908.8
Madagascar,MDG,1740,609209.3
Madagascar,MDG,1750,653509.94
Madagascar,MDG,1760,697810.5
Madagascar,MDG,1770,742111.06
Madagascar,MDG,1780,786411.6
Madagascar,MDG,1790,830712.2
Madagascar,MDG,1800,875012.8
Madagascar,MDG,1810,919313.25
Madagascar,MDG,1820,963613.9
Madagascar,MDG,1830,1007914.44
Madagascar,MDG,1840,1052215
Madagascar,MDG,1850,1096515.6
Madagascar,MDG,1860,1129858.8
Madagascar,MDG,1870,1164215.8
Madagascar,MDG,1880,1211631.6
Madagascar,MDG,1890,1260978.6
Madagascar,MDG,1900,1175439.2
Madagascar,MDG,1910,1129259.1
Madagascar,MDG,1920,1106876.1
Madagascar,MDG,1930,1284574.9
Madagascar,MDG,1940,1476178.8
Madagascar,MDG,1950,1764482.6
Madagascar,MDG,1951,1711701.1
Madagascar,MDG,1952,1747995.1
Madagascar,MDG,1953,1785753.4
Madagascar,MDG,1954,1824997.2
Madagascar,MDG,1955,1865754.9
Madagascar,MDG,1956,1908064.6
Madagascar,MDG,1957,1951981.2
Madagascar,MDG,1958,1997562.5
Madagascar,MDG,1959,2044880.1
Madagascar,MDG,1960,2094000.8
Madagascar,MDG,1961,2145000
Madagascar,MDG,1962,2170000
Madagascar,MDG,1963,2195000
Madagascar,MDG,1964,2220000
Madagascar,MDG,1965,2245000
Madagascar,MDG,1966,2270000
Madagascar,MDG,1967,2295000
Madagascar,MDG,1968,2320000
Madagascar,MDG,1969,2350000
Madagascar,MDG,1970,2370000
Madagascar,MDG,1971,2390000
Madagascar,MDG,1972,2420000
Madagascar,MDG,1973,2440000
Madagascar,MDG,1974,2475000
Madagascar,MDG,1975,2759000
Madagascar,MDG,1976,2764000
Madagascar,MDG,1977,2929000
Madagascar,MDG,1978,3000000
Madagascar,MDG,1979,3020000
Madagascar,MDG,1980,3040000
Madagascar,MDG,1981,3075000
Madagascar,MDG,1982,3100000
Madagascar,MDG,1983,3135000
Madagascar,MDG,1984,3160000
Madagascar,MDG,1985,3195000
Madagascar,MDG,1986,3220000
Madagascar,MDG,1987,3240000
Madagascar,MDG,1988,3270000
Madagascar,MDG,1989,3295000
Madagascar,MDG,1990,3325000
Madagascar,MDG,1991,3350000
Madagascar,MDG,1992,3370000
Madagascar,MDG,1993,3490000
Madagascar,MDG,1994,3480000
Madagascar,MDG,1995,3480000
Madagascar,MDG,1996,3480000
Madagascar,MDG,1997,3490000
Madagascar,MDG,1998,3490000
Madagascar,MDG,1999,3500000
Madagascar,MDG,2000,3500000
Madagascar,MDG,2001,3550000
Madagascar,MDG,2002,3550000
Madagascar,MDG,2003,3550000
Madagascar,MDG,2004,3550000
Madagascar,MDG,2005,3600000
Madagascar,MDG,2006,3600000
Madagascar,MDG,2007,3600000
Madagascar,MDG,2008,3600000
Madagascar,MDG,2009,3600000
Madagascar,MDG,2010,3600000
Madagascar,MDG,2011,3600000
Madagascar,MDG,2012,3600000
Madagascar,MDG,2013,3600000
Madagascar,MDG,2014,3600000
Madagascar,MDG,2015,3600000
Madagascar,MDG,2016,3600000
Madagascar,MDG,2017,3600000
Madagascar,MDG,2018,3600000
Madagascar,MDG,2019,3600000
Madagascar,MDG,2020,3600000
Madagascar,MDG,2021,3600000
Madagascar,MDG,2022,3600000
Madagascar,MDG,2023,3600000
Madagascar,MDG,2024,3600000
Madagascar,MDG,2025,3600000
Malawi,MWI,-10000,0
Malawi,MWI,-9000,0
Malawi,MWI,-8000,0
Malawi,MWI,-7000,0
Malawi,MWI,-6000,0
Malawi,MWI,-5000,0
Malawi,MWI,-4000,0
Malawi,MWI,-3000,0
Malawi,MWI,-2000,0
Malawi,MWI,-1000,0
Malawi,MWI,0,0
Malawi,MWI,100,0
Malawi,MWI,200,0
Malawi,MWI,300,0
Malawi,MWI,400,0
Malawi,MWI,500,0
Malawi,MWI,600,0
Malawi,MWI,700,0
Malawi,MWI,800,0
Malawi,MWI,900,0
Malawi,MWI,1000,62383.453
Malawi,MWI,1100,74860.14
Malawi,MWI,1200,87336.836
Malawi,MWI,1300,99813.52
Malawi,MWI,1400,112290.21
Malawi,MWI,1500,124766.91
Malawi,MWI,1600,135372.1
Malawi,MWI,1700,145977.28
Malawi,MWI,1710,187707.56
Malawi,MWI,1720,229437.86
Malawi,MWI,1730,271168.12
Malawi,MWI,1740,312898.44
Malawi,MWI,1750,354628.75
Malawi,MWI,1760,396359
Malawi,MWI,1770,438089.3
Malawi,MWI,1780,479819.6
Malawi,MWI,1790,521549.9
Malawi,MWI,1800,563280.2
Malawi,MWI,1810,605010.44
Malawi,MWI,1820,646740.75
Malawi,MWI,1830,688471.06
Malawi,MWI,1840,730201.3
Malawi,MWI,1850,771931.56
Malawi,MWI,1860,768185.3
Malawi,MWI,1870,760537.94
Malawi,MWI,1880,749102.5
Malawi,MWI,1890,760328.9
Malawi,MWI,1900,730457.3
Malawi,MWI,1910,674080.25
Malawi,MWI,1920,647597.2
Malawi,MWI,1930,751563
Malawi,MWI,1940,863664.25
Malawi,MWI,1950,1032339.9
Malawi,MWI,1951,1091769.9
Malawi,MWI,1952,1112445.8
Malawi,MWI,1953,1134113.8
Malawi,MWI,1954,1156775.9
Malawi,MWI,1955,1180425.1
Malawi,MWI,1956,1205065
Malawi,MWI,1957,1230680.6
Malawi,MWI,1958,1257266.5
Malawi,MWI,1959,1284822.5
Malawi,MWI,1960,1313359.2
Malawi,MWI,1961,1360000
Malawi,MWI,1962,1460000
Malawi,MWI,1963,1510000
Malawi,MWI,1964,1560000
Malawi,MWI,1965,1763000
Malawi,MWI,1966,1813000
Malawi,MWI,1967,1765000
Malawi,MWI,1968,1867000
Malawi,MWI,1969,1917000
Malawi,MWI,1970,1867000
Malawi,MWI,1971,2017000
Malawi,MWI,1972,2067000
Malawi,MWI,1973,2117000
Malawi,MWI,1974,2120000
Malawi,MWI,1975,2070000
Malawi,MWI,1976,2072000
Malawi,MWI,1977,2075000
Malawi,MWI,1978,2128000
Malawi,MWI,1979,2130000
Malawi,MWI,1980,1990000
Malawi,MWI,1981,2090000
Malawi,MWI,1982,2190000
Malawi,MWI,1983,2100000
Malawi,MWI,1984,2150000
Malawi,MWI,1985,2165000
Malawi,MWI,1986,2265000
Malawi,MWI,1987,2270000
Malawi,MWI,1988,2275000
Malawi,MWI,1989,2325000
Malawi,MWI,1990,2378000
Malawi,MWI,1991,2480000
Malawi,MWI,1992,2430000
Malawi,MWI,1993,2430000
Malawi,MWI,1994,2230000
Malawi,MWI,1995,2430000
Malawi,MWI,1996,2530000
Malawi,MWI,1997,2580000
Malawi,MWI,1998,2730000
Malawi,MWI,1999,2830000
Malawi,MWI,2000,2880000
Malawi,MWI,2001,2980000
Malawi,MWI,2002,2980000
Malawi,MWI,2003,3130000
Malawi,MWI,2004,3130000
Malawi,MWI,2005,3330000
Malawi,MWI,2006,3435000
Malawi,MWI,2007,3435000
Malawi,MWI,2008,3585000
Malawi,MWI,2009,3635000
Malawi,MWI,2010,3635000
Malawi,MWI,2011,3635000
Malawi,MWI,2012,3635000
Malawi,MWI,2013,3695000
Malawi,MWI,2014,3801000
Malawi,MWI,2015,3856000
Malawi,MWI,2016,3912000
Malawi,MWI,2017,3967000
Malawi,MWI,2018,4023000
Malawi,MWI,2019,4078000
Malawi,MWI,2020,4134000
Malawi,MWI,2021,4200000
Malawi,MWI,2022,4200000
Malawi,MWI,2023,4269800
Malawi,MWI,2024,4317400
Malawi,MWI,2025,4365000
Malaysia,MYS,-10000,0
Malaysia,MYS,-9000,0
Malaysia,MYS,-8000,0
Malaysia,MYS,-7000,0
Malaysia,MYS,-6000,0
Malaysia,MYS,-5000,0
Malaysia,MYS,-4000,0
Malaysia,MYS,-3000,0
Malaysia,MYS,-2000,0
Malaysia,MYS,-1000,0
Malaysia,MYS,0,0
Malaysia,MYS,100,3345.8152
Malaysia,MYS,200,5015.8647
Malaysia,MYS,300,7520.0986
Malaysia,MYS,400,11275.364
Malaysia,MYS,500,16906.86
Malaysia,MYS,600,25352.18
Malaysia,MYS,700,38018.016
Malaysia,MYS,800,57013.72
Malaysia,MYS,900,60169
Malaysia,MYS,1000,63324.773
Malaysia,MYS,1100,75725.09
Malaysia,MYS,1200,88123.52
Malaysia,MYS,1300,100520.55
Malaysia,MYS,1400,112914.195
Malaysia,MYS,1500,125309.805
Malaysia,MYS,1600,156628.72
Malaysia,MYS,1700,187942.98
Malaysia,MYS,1710,194459.78
Malaysia,MYS,1720,200976.52
Malaysia,MYS,1730,207493.19
Malaysia,MYS,1740,214009.81
Malaysia,MYS,1750,220526.39
Malaysia,MYS,1760,227042.92
Malaysia,MYS,1770,233559.4
Malaysia,MYS,1780,240075.83
Malaysia,MYS,1790,246592.22
Malaysia,MYS,1800,253108.55
Malaysia,MYS,1810,265762.66
Malaysia,MYS,1820,278416.72
Malaysia,MYS,1830,291070.66
Malaysia,MYS,1840,303724.5
Malaysia,MYS,1850,316378.25
Malaysia,MYS,1860,411289.84
Malaysia,MYS,1870,506200.7
Malaysia,MYS,1880,600937.1
Malaysia,MYS,1890,930158.1
Malaysia,MYS,1900,1034950.7
Malaysia,MYS,1910,1322424.6
Malaysia,MYS,1920,2018019.8
Malaysia,MYS,1930,1935596.5
Malaysia,MYS,1940,2373804
Malaysia,MYS,1950,3068147.5
Malaysia,MYS,1951,3063216.5
Malaysia,MYS,1952,3061933.5
Malaysia,MYS,1953,3060986.2
Malaysia,MYS,1954,3058115.5
Malaysia,MYS,1955,3052016.2
Malaysia,MYS,1956,3042200
Malaysia,MYS,1957,3028976.2
Malaysia,MYS,1958,3013060.8
Malaysia,MYS,1959,2995377.2
Malaysia,MYS,1960,2864653.8
Malaysia,MYS,1961,2864583.2
Malaysia,MYS,1962,2927808.5
Malaysia,MYS,1963,3050766
Malaysia,MYS,1964,3110928.8
Malaysia,MYS,1965,3268263.5
Malaysia,MYS,1966,3277038.2
Malaysia,MYS,1967,3338548.8
Malaysia,MYS,1968,3465175
Malaysia,MYS,1969,3518781.8
Malaysia,MYS,1970,3645838.8
Malaysia,MYS,1971,3717622.8
Malaysia,MYS,1972,3836881.8
Malaysia,MYS,1973,3915745.2
Malaysia,MYS,1974,3974325.5
Malaysia,MYS,1975,4105001.2
Malaysia,MYS,1976,4188469.5
Malaysia,MYS,1977,4317607.5
Malaysia,MYS,1978,4474885
Malaysia,MYS,1979,4581977.5
Malaysia,MYS,1980,4657875
Malaysia,MYS,1981,4783690.5
Malaysia,MYS,1982,4844710
Malaysia,MYS,1983,4940354.5
Malaysia,MYS,1984,4951046.5
Malaysia,MYS,1985,5147669.5
Malaysia,MYS,1986,5449852.5
Malaysia,MYS,1987,5801372.5
Malaysia,MYS,1988,6111783.5
Malaysia,MYS,1989,6447690.5
Malaysia,MYS,1990,6480588.5
Malaysia,MYS,1991,6516491
Malaysia,MYS,1992,6526491.5
Malaysia,MYS,1993,6610393
Malaysia,MYS,1994,6709890
Malaysia,MYS,1995,6684993
Malaysia,MYS,1996,6676090
Malaysia,MYS,1997,6673690.5
Malaysia,MYS,1998,6659690
Malaysia,MYS,1999,6662090
Malaysia,MYS,2000,6653691.5
Malaysia,MYS,2001,6661992
Malaysia,MYS,2002,6752493
Malaysia,MYS,2003,6831234.5
Malaysia,MYS,2004,6846694.5
Malaysia,MYS,2005,6849404.5
Malaysia,MYS,2006,6790195.5
Malaysia,MYS,2007,6822196
Malaysia,MYS,2008,6865397
Malaysia,MYS,2009,6934998.5
Malaysia,MYS,2010,7104300
Malaysia,MYS,2011,7245600
Malaysia,MYS,2012,7544200
Malaysia,MYS,2013,7774300
Malaysia,MYS,2014,8029635
Malaysia,MYS,2015,8284969.5
Malaysia,MYS,2016,8285310
Malaysia,MYS,2017,8285310
Malaysia,MYS,2018,8285310
Malaysia,MYS,2019,8285310
Malaysia,MYS,2020,8285310
Malaysia,MYS,2021,8285310
Malaysia,MYS,2022,8285310
Malaysia,MYS,2023,8285310
Malaysia,MYS,2024,8285310
Malaysia,MYS,2025,8285310
Mali,MLI,-10000,0
Mali,MLI,-9000,0
Mali,MLI,-8000,0
Mali,MLI,-7000,0
Mali,MLI,-6000,0
Mali,MLI,-5000,0
Mali,MLI,-4000,0
Mali,MLI,-3000,0
Mali,MLI,-2000,0
Mali,MLI,-1000,0
Mali,MLI,0,73675.74
Mali,MLI,100,84200.84
Mali,MLI,200,96229.53
Mali,MLI,300,109976.61
Mali,MLI,400,125687.56
Mali,MLI,500,143642.92
Mali,MLI,600,164163.34
Mali,MLI,700,187615.25
Mali,MLI,800,214417.44
Mali,MLI,900,226329.5
Mali,MLI,1000,238241.58
Mali,MLI,1100,256109.69
Mali,MLI,1200,273977.8
Mali,MLI,1300,296977.03
Mali,MLI,1400,329974.5
Mali,MLI,1500,357362.38
Mali,MLI,1600,416922.75
Mali,MLI,1700,476483.16
Mali,MLI,1710,491466.9
Mali,MLI,1720,506450.62
Mali,MLI,1730,521434.44
Mali,MLI,1740,536418.2
Mali,MLI,1750,551401.9
Mali,MLI,1760,566385.6
Mali,MLI,1770,581369.4
Mali,MLI,1780,596353.1
Mali,MLI,1790,611336.94
Mali,MLI,1800,626320.6
Mali,MLI,1810,641304.4
Mali,MLI,1820,656288.1
Mali,MLI,1830,671271.9
Mali,MLI,1840,686255.7
Mali,MLI,1850,701239.4
Mali,MLI,1860,715391.06
Mali,MLI,1870,729828.4
Mali,MLI,1880,759552.56
Mali,MLI,1890,790487.44
Mali,MLI,1900,830913.06
Mali,MLI,1910,926973.1
Mali,MLI,1920,1003858.5
Mali,MLI,1930,1153591.5
Mali,MLI,1940,1312642.6
Mali,MLI,1950,1553661.4
Mali,MLI,1951,1518308.8
Mali,MLI,1952,1534950.6
Mali,MLI,1953,1552037
Mali,MLI,1954,1569517.6
Mali,MLI,1955,1587336.2
Mali,MLI,1956,1605433.6
Mali,MLI,1957,1623741.9
Mali,MLI,1958,1642194.8
Mali,MLI,1959,1660731
Mali,MLI,1960,1679325.8
Mali,MLI,1961,1698000
Mali,MLI,1962,1703000
Mali,MLI,1963,1708000
Mali,MLI,1964,1713000
Mali,MLI,1965,1718000
Mali,MLI,1966,1722000
Mali,MLI,1967,1728000
Mali,MLI,1968,1728000
Mali,MLI,1969,1728000
Mali,MLI,1970,1778000
Mali,MLI,1971,1778000
Mali,MLI,1972,1778000
Mali,MLI,1973,1778000
Mali,MLI,1974,1828000
Mali,MLI,1975,1878000
Mali,MLI,1976,2077000
Mali,MLI,1977,2075000
Mali,MLI,1978,2075000
Mali,MLI,1979,2080000
Mali,MLI,1980,2080000
Mali,MLI,1981,2083000
Mali,MLI,1982,2083000
Mali,MLI,1983,2083000
Mali,MLI,1984,2083000
Mali,MLI,1985,2103000
Mali,MLI,1986,2106000
Mali,MLI,1987,2106000
Mali,MLI,1988,2123000
Mali,MLI,1989,2123000
Mali,MLI,1990,2128000
Mali,MLI,1991,2143000
Mali,MLI,1992,2253000
Mali,MLI,1993,3160000
Mali,MLI,1994,3270000
Mali,MLI,1995,3418999.5
Mali,MLI,1996,4649999
Mali,MLI,1997,4649999
Mali,MLI,1998,4649999
Mali,MLI,1999,4650000
Mali,MLI,2000,4665000
Mali,MLI,2001,4670000
Mali,MLI,2002,5045000
Mali,MLI,2003,6087000
Mali,MLI,2004,5052000
Mali,MLI,2005,5753000
Mali,MLI,2006,5827000
Mali,MLI,2007,5958000
Mali,MLI,2008,6190970.5
Mali,MLI,2009,6416107.5
Mali,MLI,2010,6435444.5
Mali,MLI,2011,6613066.5
Mali,MLI,2012,6804551.5
Mali,MLI,2013,6988688.5
Mali,MLI,2014,7155860
Mali,MLI,2015,7313345.5
Mali,MLI,2016,7585843
Mali,MLI,2017,7749446
Mali,MLI,2018,7958836.5
Mali,MLI,2019,8175037.5
Mali,MLI,2020,8368865
Mali,MLI,2021,8594708
Mali,MLI,2022,8634112
Mali,MLI,2023,8877378
Mali,MLI,2024,9054400
Mali,MLI,2025,9231422
Malta,MLT,-10000,0
Malta,MLT,-9000,0
Malta,MLT,-8000,0
Malta,MLT,-7000,0
Malta,MLT,-6000,0
Malta,MLT,-5000,0
Malta,MLT,-4000,0
Malta,MLT,-3000,0
Malta,MLT,-2000,0
Malta,MLT,-1000,0
Malta,MLT,0,0
Malta,MLT,100,384.30487
Malta,MLT,200,473.42404
Malta,MLT,300,582.82043
Malta,MLT,400,716.9705
Malta,MLT,500,881.28827
Malta,MLT,600,1082.2999
Malta,MLT,700,1327.8434
Malta,MLT,800,1627.2885
Malta,MLT,900,1991.7732
Malta,MLT,1000,2434.444
Malta,MLT,1100,2376.5408
Malta,MLT,1200,2315.6694
Malta,MLT,1300,4502.8354
Malta,MLT,1400,2183.2732
Malta,MLT,1500,4221.173
Malta,MLT,1600,8130.062
Malta,MLT,1700,13635.556
Malta,MLT,1710,13961.273
Malta,MLT,1720,14282.837
Malta,MLT,1730,14600.182
Malta,MLT,1740,14913.243
Malta,MLT,1750,15221.951
Malta,MLT,1760,15904.927
Malta,MLT,1770,16579.65
Malta,MLT,1780,17245.988
Malta,MLT,1790,17903.807
Malta,MLT,1800,18552.96
Malta,MLT,1810,19562.41
Malta,MLT,1820,20558.94
Malta,MLT,1830,21542.33
Malta,MLT,1840,26920.406
Malta,MLT,1850,26869.43
Malta,MLT,1860,26863.055
Malta,MLT,1870,26825.95
Malta,MLT,1880,26786.453
Malta,MLT,1890,26744.547
Malta,MLT,1900,26410.355
Malta,MLT,1910,26340.506
Malta,MLT,1920,25975.814
Malta,MLT,1930,25606.078
Malta,MLT,1940,24403.934
Malta,MLT,1950,22250.75
Malta,MLT,1951,21847.973
Malta,MLT,1952,21460.768
Malta,MLT,1953,21066.107
Malta,MLT,1954,20651.375
Malta,MLT,1955,20211.281
Malta,MLT,1956,19751.566
Malta,MLT,1957,19282.629
Malta,MLT,1958,18823.379
Malta,MLT,1959,18390.51
Malta,MLT,1960,18000
Malta,MLT,1961,18000
Malta,MLT,1962,17000
Malta,MLT,1963,16000
Malta,MLT,1964,15000
Malta,MLT,1965,14000
Malta,MLT,1966,14000
Malta,MLT,1967,14000
Malta,MLT,1968,14000
Malta,MLT,1969,14000
Malta,MLT,1970,14000
Malta,MLT,1971,14000
Malta,MLT,1972,14000
Malta,MLT,1973,14000
Malta,MLT,1974,14000
Malta,MLT,1975,13000
Malta,MLT,1976,13000
Malta,MLT,1977,14000
Malta,MLT,1978,14000
Malta,MLT,1979,14000
Malta,MLT,1980,13000
Malta,MLT,1981,13000
Malta,MLT,1982,13000
Malta,MLT,1983,13000
Malta,MLT,1984,13000
Malta,MLT,1985,13000
Malta,MLT,1986,13000
Malta,MLT,1987,13000
Malta,MLT,1988,13000
Malta,MLT,1989,13000
Malta,MLT,1990,13000
Malta,MLT,1991,13000
Malta,MLT,1992,13000
Malta,MLT,1993,13000
Malta,MLT,1994,13000
Malta,MLT,1995,11000
Malta,MLT,1996,11000
Malta,MLT,1997,10000
Malta,MLT,1998,9000
Malta,MLT,1999,9000
Malta,MLT,2000,9000
Malta,MLT,2001,10000
Malta,MLT,2002,10000
Malta,MLT,2003,10400
Malta,MLT,2004,10000
Malta,MLT,2005,9300
Malta,MLT,2006,9300
Malta,MLT,2007,9300
Malta,MLT,2008,9300
Malta,MLT,2009,9300
Malta,MLT,2010,10330
Malta,MLT,2011,10330
Malta,MLT,2012,10300
Malta,MLT,2013,10230
Malta,MLT,2014,10230
Malta,MLT,2015,10230
Malta,MLT,2016,10380
Malta,MLT,2017,10380
Malta,MLT,2018,10380
Malta,MLT,2019,10380
Malta,MLT,2020,9110
Malta,MLT,2021,8750
Malta,MLT,2022,8750
Malta,MLT,2023,8007
Malta,MLT,2024,7518
Malta,MLT,2025,7029
Martinique,MTQ,-10000,0
Martinique,MTQ,-9000,0
Martinique,MTQ,-8000,0
Martinique,MTQ,-7000,0
Martinique,MTQ,-6000,0
Martinique,MTQ,-5000,0
Martinique,MTQ,-4000,0
Martinique,MTQ,-3000,0
Martinique,MTQ,-2000,0
Martinique,MTQ,-1000,0
Martinique,MTQ,0,0
Martinique,MTQ,100,0
Martinique,MTQ,200,0
Martinique,MTQ,300,0
Martinique,MTQ,400,0
Martinique,MTQ,500,0
Martinique,MTQ,600,0
Martinique,MTQ,700,0
Martinique,MTQ,800,0
Martinique,MTQ,900,0
Martinique,MTQ,1000,0
Martinique,MTQ,1100,0
Martinique,MTQ,1200,0
Martinique,MTQ,1300,0
Martinique,MTQ,1400,0
Martinique,MTQ,1500,15571.096
Martinique,MTQ,1600,7227.2256
Martinique,MTQ,1700,3283.0059
Martinique,MTQ,1710,3787.106
Martinique,MTQ,1720,4366.8745
Martinique,MTQ,1730,5033.256
Martinique,MTQ,1740,5798.6685
Martinique,MTQ,1750,6677.1772
Martinique,MTQ,1760,7684.6724
Martinique,MTQ,1770,8839.056
Martinique,MTQ,1780,10160.427
Martinique,MTQ,1790,11671.2705
Martinique,MTQ,1800,13396.614
Martinique,MTQ,1810,15364.162
Martinique,MTQ,1820,15609.781
Martinique,MTQ,1830,15842.957
Martinique,MTQ,1840,16061.005
Martinique,MTQ,1850,16260.772
Martinique,MTQ,1860,16438.535
Martinique,MTQ,1870,17182.348
Martinique,MTQ,1880,17924.213
Martinique,MTQ,1890,18654.584
Martinique,MTQ,1900,19360.89
Martinique,MTQ,1910,20026.469
Martinique,MTQ,1920,19646.621
Martinique,MTQ,1930,19172.566
Martinique,MTQ,1940,18581.068
Martinique,MTQ,1950,17838.393
Martinique,MTQ,1951,17911.178
Martinique,MTQ,1952,18093.314
Martinique,MTQ,1953,18359.55
Martinique,MTQ,1954,18687.086
Martinique,MTQ,1955,19056.61
Martinique,MTQ,1956,19451.053
Martinique,MTQ,1957,19853.857
Martinique,MTQ,1958,20253.69
Martinique,MTQ,1959,20638.174
Martinique,MTQ,1960,21000
Martinique,MTQ,1961,21000
Martinique,MTQ,1962,21000
Martinique,MTQ,1963,21000
Martinique,MTQ,1964,21000
Martinique,MTQ,1965,21000
Martinique,MTQ,1966,22000
Martinique,MTQ,1967,25000
Martinique,MTQ,1968,25000
Martinique,MTQ,1969,25000
Martinique,MTQ,1970,25000
Martinique,MTQ,1971,25000
Martinique,MTQ,1972,25000
Martinique,MTQ,1973,23000
Martinique,MTQ,1974,23000
Martinique,MTQ,1975,23000
Martinique,MTQ,1976,23000
Martinique,MTQ,1977,21000
Martinique,MTQ,1978,21000
Martinique,MTQ,1979,22000
Martinique,MTQ,1980,20000
Martinique,MTQ,1981,19000
Martinique,MTQ,1982,19000
Martinique,MTQ,1983,19000
Martinique,MTQ,1984,20000
Martinique,MTQ,1985,19000
Martinique,MTQ,1986,20000
Martinique,MTQ,1987,21000
Martinique,MTQ,1988,20000
Martinique,MTQ,1989,19000
Martinique,MTQ,1990,20000
Martinique,MTQ,1991,17000
Martinique,MTQ,1992,17000
Martinique,MTQ,1993,17000
Martinique,MTQ,1994,20000
Martinique,MTQ,1995,20000
Martinique,MTQ,1996,21000
Martinique,MTQ,1997,22000
Martinique,MTQ,1998,23000
Martinique,MTQ,1999,23000
Martinique,MTQ,2000,21000
Martinique,MTQ,2001,21000
Martinique,MTQ,2002,21000
Martinique,MTQ,2003,21000
Martinique,MTQ,2004,19000
Martinique,MTQ,2005,18000
Martinique,MTQ,2006,17000
Martinique,MTQ,2007,18100
Martinique,MTQ,2008,18100
Martinique,MTQ,2009,17900
Martinique,MTQ,2010,17600
Martinique,MTQ,2011,17300
Martinique,MTQ,2012,17500
Martinique,MTQ,2013,17900
Martinique,MTQ,2014,16800
Martinique,MTQ,2015,17500
Martinique,MTQ,2016,17400
Martinique,MTQ,2017,14939.999
Martinique,MTQ,2018,15660.001
Martinique,MTQ,2019,15600
Martinique,MTQ,2020,15873
Martinique,MTQ,2021,15814
Martinique,MTQ,2022,16929
Martinique,MTQ,2023,16800.799
Martinique,MTQ,2024,17076
Martinique,MTQ,2025,17351.2
Mauritania,MRT,-10000,0
Mauritania,MRT,-9000,0
Mauritania,MRT,-8000,0
Mauritania,MRT,-7000,0
Mauritania,MRT,-6000,0
Mauritania,MRT,-5000,0
Mauritania,MRT,-4000,0
Mauritania,MRT,-3000,0
Mauritania,MRT,-2000,0
Mauritania,MRT,-1000,0
Mauritania,MRT,0,0
Mauritania,MRT,100,0
Mauritania,MRT,200,0
Mauritania,MRT,300,0
Mauritania,MRT,400,0
Mauritania,MRT,500,0
Mauritania,MRT,600,0
Mauritania,MRT,700,0
Mauritania,MRT,800,0
Mauritania,MRT,900,0
Mauritania,MRT,1000,49461.414
Mauritania,MRT,1100,53171.02
Mauritania,MRT,1200,56880.63
Mauritania,MRT,1300,62271.562
Mauritania,MRT,1400,69388.31
Mauritania,MRT,1500,74192.12
Mauritania,MRT,1600,86557.47
Mauritania,MRT,1700,98922.83
Mauritania,MRT,1710,103249.09
Mauritania,MRT,1720,107575.37
Mauritania,MRT,1730,111901.63
Mauritania,MRT,1740,116227.91
Mauritania,MRT,1750,120554.17
Mauritania,MRT,1760,124880.445
Mauritania,MRT,1770,129206.71
Mauritania,MRT,1780,133532.98
Mauritania,MRT,1790,137859.25
Mauritania,MRT,1800,142185.52
Mauritania,MRT,1810,146511.8
Mauritania,MRT,1820,150838.06
Mauritania,MRT,1830,155164.33
Mauritania,MRT,1840,159490.6
Mauritania,MRT,1850,163816.88
Mauritania,MRT,1860,165462.42
Mauritania,MRT,1870,167124.52
Mauritania,MRT,1880,170497.25
Mauritania,MRT,1890,173938.05
Mauritania,MRT,1900,160513.4
Mauritania,MRT,1910,154207.22
Mauritania,MRT,1920,148148.78
Mauritania,MRT,1930,168574.75
Mauritania,MRT,1940,189931.78
Mauritania,MRT,1950,222604.56
Mauritania,MRT,1951,226083.33
Mauritania,MRT,1952,230083.03
Mauritania,MRT,1953,234291.7
Mauritania,MRT,1954,238641.4
Mauritania,MRT,1955,243085.38
Mauritania,MRT,1956,247603.77
Mauritania,MRT,1957,252199.64
Mauritania,MRT,1958,256898.61
Mauritania,MRT,1959,261739.16
Mauritania,MRT,1960,266759.75
Mauritania,MRT,1961,271982.1
Mauritania,MRT,1962,271982.1
Mauritania,MRT,1963,272982.03
Mauritania,MRT,1964,272982.03
Mauritania,MRT,1965,272982.03
Mauritania,MRT,1966,272982.03
Mauritania,MRT,1967,272982.03
Mauritania,MRT,1968,272982.03
Mauritania,MRT,1969,282981.38
Mauritania,MRT,1970,282981.38
Mauritania,MRT,1971,242983.98
Mauritania,MRT,1972,242983.98
Mauritania,MRT,1973,229984.86
Mauritania,MRT,1974,199986.83
Mauritania,MRT,1975,195987.1
Mauritania,MRT,1976,198986.89
Mauritania,MRT,1977,199986.83
Mauritania,MRT,1978,195987.1
Mauritania,MRT,1979,198986.89
Mauritania,MRT,1980,213985.9
Mauritania,MRT,1981,233984.6
Mauritania,MRT,1982,253983.28
Mauritania,MRT,1983,273981.97
Mauritania,MRT,1984,284981.22
Mauritania,MRT,1985,304979.9
Mauritania,MRT,1986,324989.22
Mauritania,MRT,1987,344988.56
Mauritania,MRT,1988,364987.88
Mauritania,MRT,1989,384987.22
Mauritania,MRT,1990,405997.03
Mauritania,MRT,1991,415996.94
Mauritania,MRT,1992,427996.8
Mauritania,MRT,1993,439993.8
Mauritania,MRT,1994,459991.5
Mauritania,MRT,1995,459992.12
Mauritania,MRT,1996,459992.2
Mauritania,MRT,1997,459992.28
Mauritania,MRT,1998,459992.44
Mauritania,MRT,1999,459992.53
Mauritania,MRT,2000,459995.25
Mauritania,MRT,2001,459993.03
Mauritania,MRT,2002,459993.03
Mauritania,MRT,2003,459993.84
Mauritania,MRT,2004,459993.9
Mauritania,MRT,2005,459993.9
Mauritania,MRT,2006,459993.84
Mauritania,MRT,2007,459993.84
Mauritania,MRT,2008,460000
Mauritania,MRT,2009,459995.38
Mauritania,MRT,2010,459993.8
Mauritania,MRT,2011,459993.75
Mauritania,MRT,2012,459995.25
Mauritania,MRT,2013,459995.25
Mauritania,MRT,2014,459995.25
Mauritania,MRT,2015,459993.56
Mauritania,MRT,2016,459993.6
Mauritania,MRT,2017,459992.62
Mauritania,MRT,2018,459992.38
Mauritania,MRT,2019,459992.38
Mauritania,MRT,2020,459992.38
Mauritania,MRT,2021,459992.38
Mauritania,MRT,2022,459992.38
Mauritania,MRT,2023,459992.38
Mauritania,MRT,2024,459992.38
Mauritania,MRT,2025,459992.38
Mauritius,MUS,-10000,0
Mauritius,MUS,-9000,0
Mauritius,MUS,-8000,0
Mauritius,MUS,-7000,0
Mauritius,MUS,-6000,0
Mauritius,MUS,-5000,0
Mauritius,MUS,-4000,0
Mauritius,MUS,-3000,0
Mauritius,MUS,-2000,0
Mauritius,MUS,-1000,0
Mauritius,MUS,0,0
Mauritius,MUS,100,0
Mauritius,MUS,200,0
Mauritius,MUS,300,0
Mauritius,MUS,400,0
Mauritius,MUS,500,0
Mauritius,MUS,600,0
Mauritius,MUS,700,0
Mauritius,MUS,800,0
Mauritius,MUS,900,0
Mauritius,MUS,1000,0
Mauritius,MUS,1100,0
Mauritius,MUS,1200,0
Mauritius,MUS,1300,0
Mauritius,MUS,1400,0
Mauritius,MUS,1500,0
Mauritius,MUS,1600,0
Mauritius,MUS,1700,144.52628
Mauritius,MUS,1710,215.38971
Mauritius,MUS,1720,320.95734
Mauritius,MUS,1730,478.20224
Mauritius,MUS,1740,712.38635
Mauritius,MUS,1750,1061.1006
Mauritius,MUS,1760,1580.2722
Mauritius,MUS,1770,2353.0908
Mauritius,MUS,1780,3503.272
Mauritius,MUS,1790,5214.7573
Mauritius,MUS,1800,7760.968
Mauritius,MUS,1810,11548.23
Mauritius,MUS,1820,17180.219
Mauritius,MUS,1830,25553.549
Mauritius,MUS,1840,31069.016
Mauritius,MUS,1850,30865.629
Mauritius,MUS,1860,30830.203
Mauritius,MUS,1870,30581.979
Mauritius,MUS,1880,30093.723
Mauritius,MUS,1890,29623.736
Mauritius,MUS,1900,29104.324
Mauritius,MUS,1910,28240.387
Mauritius,MUS,1920,27333.277
Mauritius,MUS,1930,26185.168
Mauritius,MUS,1940,18783.518
Mauritius,MUS,1950,18683.232
Mauritius,MUS,1951,19116.4
Mauritius,MUS,1952,19086.484
Mauritius,MUS,1953,19003.17
Mauritius,MUS,1954,18912.287
Mauritius,MUS,1955,18815.928
Mauritius,MUS,1956,18714.582
Mauritius,MUS,1957,18608.65
Mauritius,MUS,1958,18496.992
Mauritius,MUS,1959,18378.467
Mauritius,MUS,1960,18251.654
Mauritius,MUS,1961,18116.377
Mauritius,MUS,1962,17972.754
Mauritius,MUS,1963,17743.45
Mauritius,MUS,1964,17507.887
Mauritius,MUS,1965,17268.863
Mauritius,MUS,1966,17026.14
Mauritius,MUS,1967,16784.184
Mauritius,MUS,1968,16603.22
Mauritius,MUS,1969,16417.129
Mauritius,MUS,1970,16165.512
Mauritius,MUS,1971,15872.7705
Mauritius,MUS,1972,15567.727
Mauritius,MUS,1973,15484.378
Mauritius,MUS,1974,15391.777
Mauritius,MUS,1975,15284.999
Mauritius,MUS,1976,15170.761
Mauritius,MUS,1977,15042.314
Mauritius,MUS,1978,14910.262
Mauritius,MUS,1979,14790.351
Mauritius,MUS,1980,16983.572
Mauritius,MUS,1981,16804.934
Mauritius,MUS,1982,16639.615
Mauritius,MUS,1983,16489.984
Mauritius,MUS,1984,16274.786
Mauritius,MUS,1985,16211.65
Mauritius,MUS,1986,16021.376
Mauritius,MUS,1987,15810.156
Mauritius,MUS,1988,15595.201
Mauritius,MUS,1989,15369.7295
Mauritius,MUS,1990,16278.797
Mauritius,MUS,1991,16095.343
Mauritius,MUS,1992,16060.956
Mauritius,MUS,1993,15907.449
Mauritius,MUS,1994,15727.59
Mauritius,MUS,1995,15558.051
Mauritius,MUS,1996,15370.923
Mauritius,MUS,1997,15188.951
Mauritius,MUS,1998,15011.835
Mauritius,MUS,1999,14838.895
Mauritius,MUS,2000,11454.579
Mauritius,MUS,2001,15846.612
Mauritius,MUS,2002,15610.946
Mauritius,MUS,2003,15382.979
Mauritius,MUS,2004,15161.185
Mauritius,MUS,2005,14942.371
Mauritius,MUS,2006,14724.265
Mauritius,MUS,2007,14507.26
Mauritius,MUS,2008,14291.705
Mauritius,MUS,2009,14074.276
Mauritius,MUS,2010,15218.5
Mauritius,MUS,2011,14863.423
Mauritius,MUS,2012,14511.366
Mauritius,MUS,2013,14161.0625
Mauritius,MUS,2014,24290.842
Mauritius,MUS,2015,23935.242
Mauritius,MUS,2016,23576.373
Mauritius,MUS,2017,23214.762
Mauritius,MUS,2018,22846.648
Mauritius,MUS,2019,22466.338
Mauritius,MUS,2020,20213.781
Mauritius,MUS,2021,20213.781
Mauritius,MUS,2022,20213.781
Mauritius,MUS,2023,20213.781
Mauritius,MUS,2024,20213.781
Mauritius,MUS,2025,20213.781
Mayotte,MYT,-10000,0
Mayotte,MYT,-9000,0
Mayotte,MYT,-8000,0
Mayotte,MYT,-7000,0
Mayotte,MYT,-6000,0
Mayotte,MYT,-5000,0
Mayotte,MYT,-4000,0
Mayotte,MYT,-3000,0
Mayotte,MYT,-2000,0
Mayotte,MYT,-1000,0
Mayotte,MYT,0,0
Mayotte,MYT,100,0
Mayotte,MYT,200,0
Mayotte,MYT,300,0
Mayotte,MYT,400,0
Mayotte,MYT,500,0
Mayotte,MYT,600,0
Mayotte,MYT,700,0
Mayotte,MYT,800,0
Mayotte,MYT,900,0
Mayotte,MYT,1000,0
Mayotte,MYT,1100,0
Mayotte,MYT,1200,0
Mayotte,MYT,1300,0
Mayotte,MYT,1400,0
Mayotte,MYT,1500,0
Mayotte,MYT,1600,0
Mayotte,MYT,1700,0
Mayotte,MYT,1710,0
Mayotte,MYT,1720,0
Mayotte,MYT,1730,0
Mayotte,MYT,1740,0
Mayotte,MYT,1750,0
Mayotte,MYT,1760,0
Mayotte,MYT,1770,0
Mayotte,MYT,1780,0
Mayotte,MYT,1790,0
Mayotte,MYT,1800,0
Mayotte,MYT,1810,0
Mayotte,MYT,1820,0
Mayotte,MYT,1830,0
Mayotte,MYT,1840,0
Mayotte,MYT,1850,0
Mayotte,MYT,1860,0
Mayotte,MYT,1870,0
Mayotte,MYT,1880,0
Mayotte,MYT,1890,0
Mayotte,MYT,1900,0
Mayotte,MYT,1910,0
Mayotte,MYT,1920,0
Mayotte,MYT,1930,0
Mayotte,MYT,1940,0
Mayotte,MYT,1950,0
Mayotte,MYT,1951,0
Mayotte,MYT,1952,0
Mayotte,MYT,1953,0
Mayotte,MYT,1954,0
Mayotte,MYT,1955,0
Mayotte,MYT,1956,0
Mayotte,MYT,1957,0
Mayotte,MYT,1958,0
Mayotte,MYT,1959,0
Mayotte,MYT,1960,0
Mayotte,MYT,1961,0
Mayotte,MYT,1962,0
Mayotte,MYT,1963,0
Mayotte,MYT,1964,0
Mayotte,MYT,1965,0
Mayotte,MYT,1966,0
Mayotte,MYT,1967,0
Mayotte,MYT,1968,0
Mayotte,MYT,1969,0
Mayotte,MYT,1970,0
Mayotte,MYT,1971,0
Mayotte,MYT,1972,0
Mayotte,MYT,1973,0
Mayotte,MYT,1974,0
Mayotte,MYT,1975,0
Mayotte,MYT,1976,0
Mayotte,MYT,1977,0
Mayotte,MYT,1978,0
Mayotte,MYT,1979,0
Mayotte,MYT,1980,0
Mayotte,MYT,1981,0
Mayotte,MYT,1982,0
Mayotte,MYT,1983,0
Mayotte,MYT,1984,0
Mayotte,MYT,1985,0
Mayotte,MYT,1986,0
Mayotte,MYT,1987,0
Mayotte,MYT,1988,0
Mayotte,MYT,1989,0
Mayotte,MYT,1990,0
Mayotte,MYT,1991,0
Mayotte,MYT,1992,0
Mayotte,MYT,1993,0
Mayotte,MYT,1994,0
Mayotte,MYT,1995,0
Mayotte,MYT,1996,0
Mayotte,MYT,1997,0
Mayotte,MYT,1998,0
Mayotte,MYT,1999,0
Mayotte,MYT,2000,0
Mayotte,MYT,2001,0
Mayotte,MYT,2002,0
Mayotte,MYT,2003,0
Mayotte,MYT,2004,0
Mayotte,MYT,2005,0
Mayotte,MYT,2006,0
Mayotte,MYT,2007,0
Mayotte,MYT,2008,0
Mayotte,MYT,2009,0
Mayotte,MYT,2010,0
Mayotte,MYT,2011,0
Mayotte,MYT,2012,0
Mayotte,MYT,2013,0
Mayotte,MYT,2014,0
Mayotte,MYT,2015,0
Mayotte,MYT,2016,0
Mayotte,MYT,2017,0
Mayotte,MYT,2018,0
Mayotte,MYT,2019,0
Mayotte,MYT,2020,0
Mayotte,MYT,2021,0
Mayotte,MYT,2022,0
Mayotte,MYT,2023,0
Mayotte,MYT,2024,0
Mayotte,MYT,2025,0
Mexico,MEX,-10000,0
Mexico,MEX,-9000,0
Mexico,MEX,-8000,0
Mexico,MEX,-7000,0
Mexico,MEX,-6000,0
Mexico,MEX,-5000,0
Mexico,MEX,-4000,0
Mexico,MEX,-3000,0
Mexico,MEX,-2000,952006.56
Mexico,MEX,-1000,1209276.5
Mexico,MEX,0,2394363.5
Mexico,MEX,100,2577113.8
Mexico,MEX,200,2773816.5
Mexico,MEX,300,2985538
Mexico,MEX,400,3213425
Mexico,MEX,500,3458711.2
Mexico,MEX,600,3722726.2
Mexico,MEX,700,4006901.5
Mexico,MEX,800,4312773.5
Mexico,MEX,900,5070117
Mexico,MEX,1000,5856490
Mexico,MEX,1100,6772329
Mexico,MEX,1200,7723076.5
Mexico,MEX,1300,8709666
Mexico,MEX,1400,9733188
Mexico,MEX,1500,10794814
Mexico,MEX,1600,487814.16
Mexico,MEX,1700,1990971.6
Mexico,MEX,1710,2201981.5
Mexico,MEX,1720,2420758.8
Mexico,MEX,1730,2647533.2
Mexico,MEX,1740,2882540.2
Mexico,MEX,1750,3126021.5
Mexico,MEX,1760,3378225.5
Mexico,MEX,1770,3639406.2
Mexico,MEX,1780,3909826.2
Mexico,MEX,1790,4189753.5
Mexico,MEX,1800,4479464
Mexico,MEX,1810,4779240
Mexico,MEX,1820,5089372.5
Mexico,MEX,1830,5410159
Mexico,MEX,1840,5741906
Mexico,MEX,1850,6084926.5
Mexico,MEX,1860,6439544
Mexico,MEX,1870,6806087.5
Mexico,MEX,1880,7181626
Mexico,MEX,1890,8794016
Mexico,MEX,1900,10548416
Mexico,MEX,1910,12143246
Mexico,MEX,1920,11657884
Mexico,MEX,1930,13117945
Mexico,MEX,1940,14270531
Mexico,MEX,1950,17577740
Mexico,MEX,1951,17872218
Mexico,MEX,1952,18166696
Mexico,MEX,1953,18461082
Mexico,MEX,1954,18755634
Mexico,MEX,1955,19049776
Mexico,MEX,1956,19344498
Mexico,MEX,1957,19638980
Mexico,MEX,1958,19933536
Mexico,MEX,1959,20228000
Mexico,MEX,1960,20522488
Mexico,MEX,1961,20816970
Mexico,MEX,1962,20679994
Mexico,MEX,1963,20609976
Mexico,MEX,1964,20550000
Mexico,MEX,1965,20480000
Mexico,MEX,1966,20415000
Mexico,MEX,1967,20340000
Mexico,MEX,1968,20270000
Mexico,MEX,1969,20210000
Mexico,MEX,1970,19137508
Mexico,MEX,1971,19178692
Mexico,MEX,1972,19208754
Mexico,MEX,1973,19287862
Mexico,MEX,1974,19267790
Mexico,MEX,1975,19296704
Mexico,MEX,1976,19325782
Mexico,MEX,1977,19405882
Mexico,MEX,1978,19434898
Mexico,MEX,1979,19264604
Mexico,MEX,1980,19468890
Mexico,MEX,1981,19671904
Mexico,MEX,1982,19799924
Mexico,MEX,1983,20347944
Mexico,MEX,1984,20253932
Mexico,MEX,1985,20359500
Mexico,MEX,1986,20464996
Mexico,MEX,1987,21469984
Mexico,MEX,1988,21875888
Mexico,MEX,1989,22780838
Mexico,MEX,1990,23785886
Mexico,MEX,1991,24695464
Mexico,MEX,1992,24756492
Mexico,MEX,1993,24821556
Mexico,MEX,1994,24886604
Mexico,MEX,1995,24951630
Mexico,MEX,1996,25116680
Mexico,MEX,1997,25181690
Mexico,MEX,1998,25246732
Mexico,MEX,1999,25312758
Mexico,MEX,2000,25377760
Mexico,MEX,2001,25642792
Mexico,MEX,2002,25707790
Mexico,MEX,2003,25772804
Mexico,MEX,2004,25837818
Mexico,MEX,2005,25902868
Mexico,MEX,2006,25967890
Mexico,MEX,2007,26144904
Mexico,MEX,2008,25957948
Mexico,MEX,2009,25770904
Mexico,MEX,2010,25583908
Mexico,MEX,2011,25396896
Mexico,MEX,2012,25209886
Mexico,MEX,2013,25022930
Mexico,MEX,2014,24837892
Mexico,MEX,2015,24742890
Mexico,MEX,2016,24373890
Mexico,MEX,2017,22926000
Mexico,MEX,2018,22606978
Mexico,MEX,2019,22128990
Mexico,MEX,2020,22868954
Mexico,MEX,2021,22898978
Mexico,MEX,2022,21910996
Mexico,MEX,2023,22296386
Mexico,MEX,2024,22234190
Mexico,MEX,2025,22171990
Moldova,MDA,-10000,0
Moldova,MDA,-9000,0
Moldova,MDA,-8000,0
Moldova,MDA,-7000,0
Moldova,MDA,-6000,0
Moldova,MDA,-5000,10061.189
Moldova,MDA,-4000,35214.164
Moldova,MDA,-3000,123249.57
Moldova,MDA,-2000,133491.44
Moldova,MDA,-1000,141512.5
Moldova,MDA,0,144253.44
Moldova,MDA,100,151941.66
Moldova,MDA,200,159892.23
Moldova,MDA,300,168086.2
Moldova,MDA,400,176496.86
Moldova,MDA,500,185087.77
Moldova,MDA,600,193810.16
Moldova,MDA,700,202599.53
Moldova,MDA,800,211371.14
Moldova,MDA,900,220013.75
Moldova,MDA,1000,227365.97
Moldova,MDA,1100,329320.34
Moldova,MDA,1200,475036.38
Moldova,MDA,1300,454447.25
Moldova,MDA,1400,431801.5
Moldova,MDA,1500,541990.6
Moldova,MDA,1600,629277.3
Moldova,MDA,1700,763026.5
Moldova,MDA,1710,497501.75
Moldova,MDA,1720,532765.94
Moldova,MDA,1730,570292.94
Moldova,MDA,1740,610190.8
Moldova,MDA,1750,652566.1
Moldova,MDA,1760,697521.75
Moldova,MDA,1770,745154.56
Moldova,MDA,1780,795552.8
Moldova,MDA,1790,848792
Moldova,MDA,1800,904930.56
Moldova,MDA,1810,964004.1
Moldova,MDA,1820,1026017.75
Moldova,MDA,1830,1090937.4
Moldova,MDA,1840,1158677.2
Moldova,MDA,1850,1229084.8
Moldova,MDA,1860,1301921
Moldova,MDA,1870,1376834.1
Moldova,MDA,1880,1453324.9
Moldova,MDA,1890,1530699.2
Moldova,MDA,1900,1608002.5
Moldova,MDA,1910,1683925.6
Moldova,MDA,1920,1756668.1
Moldova,MDA,1930,1823726.5
Moldova,MDA,1940,1881554.5
Moldova,MDA,1950,1924977.9
Moldova,MDA,1951,1945930.9
Moldova,MDA,1952,1974596.9
Moldova,MDA,1953,2009269.1
Moldova,MDA,1954,2048389.6
Moldova,MDA,1955,2090508.8
Moldova,MDA,1956,2134315
Moldova,MDA,1957,2178640
Moldova,MDA,1958,2222419.5
Moldova,MDA,1959,2264736.8
Moldova,MDA,1960,2304827
Moldova,MDA,1961,2304827
Moldova,MDA,1962,2287562.2
Moldova,MDA,1963,2274134.2
Moldova,MDA,1964,2268859
Moldova,MDA,1965,2243441.5
Moldova,MDA,1966,2240084.5
Moldova,MDA,1967,2235768.2
Moldova,MDA,1968,2238646
Moldova,MDA,1969,2234809.5
Moldova,MDA,1970,2232891
Moldova,MDA,1971,2230972.8
Moldova,MDA,1972,2228095.2
Moldova,MDA,1973,2233850.2
Moldova,MDA,1974,2229054.5
Moldova,MDA,1975,2230013.5
Moldova,MDA,1976,2230972.8
Moldova,MDA,1977,2225217.8
Moldova,MDA,1978,2219463
Moldova,MDA,1979,2220585.2
Moldova,MDA,1980,2222340.5
Moldova,MDA,1981,2222820
Moldova,MDA,1982,2224258.5
Moldova,MDA,1983,2222206
Moldova,MDA,1984,2223405
Moldova,MDA,1985,2224498.5
Moldova,MDA,1986,2225812.5
Moldova,MDA,1987,2220805.8
Moldova,MDA,1988,2205363.5
Moldova,MDA,1989,2195676.2
Moldova,MDA,1990,2195676.2
Moldova,MDA,1991,2202000
Moldova,MDA,1992,2192000
Moldova,MDA,1993,2190000
Moldova,MDA,1994,2186000
Moldova,MDA,1995,2186000
Moldova,MDA,1996,2186000
Moldova,MDA,1997,2184000
Moldova,MDA,1998,2183000
Moldova,MDA,1999,2162000
Moldova,MDA,2000,2154000
Moldova,MDA,2001,2144000
Moldova,MDA,2002,2143000
Moldova,MDA,2003,2138000
Moldova,MDA,2004,2135000
Moldova,MDA,2005,2123000
Moldova,MDA,2006,2125000
Moldova,MDA,2007,2124000
Moldova,MDA,2008,2118000
Moldova,MDA,2009,2112000
Moldova,MDA,2010,2110000
Moldova,MDA,2011,2109000
Moldova,MDA,2012,2111000
Moldova,MDA,2013,1966000
Moldova,MDA,2014,1971000
Moldova,MDA,2015,1973000
Moldova,MDA,2016,1973000
Moldova,MDA,2017,1975000
Moldova,MDA,2018,1916000
Moldova,MDA,2019,1921700
Moldova,MDA,2020,1927000
Moldova,MDA,2021,1937000
Moldova,MDA,2022,1945000
Moldova,MDA,2023,1951330.1
Moldova,MDA,2024,1958660
Moldova,MDA,2025,1965990
Mongolia,MNG,-10000,0
Mongolia,MNG,-9000,0
Mongolia,MNG,-8000,0
Mongolia,MNG,-7000,0
Mongolia,MNG,-6000,0
Mongolia,MNG,-5000,0
Mongolia,MNG,-4000,0
Mongolia,MNG,-3000,1366.6519
Mongolia,MNG,-2000,72578.5
Mongolia,MNG,-1000,192781.36
Mongolia,MNG,0,299678.75
Mongolia,MNG,100,307230.56
Mongolia,MNG,200,314974.16
Mongolia,MNG,300,322914.75
Mongolia,MNG,400,331057.8
Mongolia,MNG,500,339409.06
Mongolia,MNG,600,347974.5
Mongolia,MNG,700,356760.53
Mongolia,MNG,800,365773.8
Mongolia,MNG,900,379778.12
Mongolia,MNG,1000,393634.06
Mongolia,MNG,1100,509178.38
Mongolia,MNG,1200,623563.25
Mongolia,MNG,1300,659239.8
Mongolia,MNG,1400,463030.56
Mongolia,MNG,1500,460726.94
Mongolia,MNG,1600,458434.75
Mongolia,MNG,1700,456154
Mongolia,MNG,1710,451371.44
Mongolia,MNG,1720,450627.94
Mongolia,MNG,1730,449885.6
Mongolia,MNG,1740,449144.53
Mongolia,MNG,1750,448404.62
Mongolia,MNG,1760,447666
Mongolia,MNG,1770,446928.56
Mongolia,MNG,1780,446192.34
Mongolia,MNG,1790,445457.3
Mongolia,MNG,1800,444723.53
Mongolia,MNG,1810,443990.97
Mongolia,MNG,1820,443259.56
Mongolia,MNG,1830,445021.44
Mongolia,MNG,1840,450312.6
Mongolia,MNG,1850,455666.7
Mongolia,MNG,1860,461084.44
Mongolia,MNG,1870,466566.6
Mongolia,MNG,1880,476720.5
Mongolia,MNG,1890,521783.66
Mongolia,MNG,1900,571106.5
Mongolia,MNG,1910,625091.6
Mongolia,MNG,1920,599364.06
Mongolia,MNG,1930,573877
Mongolia,MNG,1940,548628.7
Mongolia,MNG,1950,523617.38
Mongolia,MNG,1951,529920.06
Mongolia,MNG,1952,536840.75
Mongolia,MNG,1953,544179.25
Mongolia,MNG,1954,551817.06
Mongolia,MNG,1955,559753.44
Mongolia,MNG,1956,568076.06
Mongolia,MNG,1957,576992.2
Mongolia,MNG,1958,586771.56
Mongolia,MNG,1959,597706.7
Mongolia,MNG,1960,610071.94
Mongolia,MNG,1961,623999.94
Mongolia,MNG,1962,723999.94
Mongolia,MNG,1963,728999.94
Mongolia,MNG,1964,849999.9
Mongolia,MNG,1965,866999.9
Mongolia,MNG,1966,884999.9
Mongolia,MNG,1967,818999.94
Mongolia,MNG,1968,776999.94
Mongolia,MNG,1969,745999.94
Mongolia,MNG,1970,743999.94
Mongolia,MNG,1971,774999.94
Mongolia,MNG,1972,775999.94
Mongolia,MNG,1973,788999.94
Mongolia,MNG,1974,800999.94
Mongolia,MNG,1975,826999.9
Mongolia,MNG,1976,949999.9
Mongolia,MNG,1977,1099999.9
Mongolia,MNG,1978,1153999.9
Mongolia,MNG,1979,1159999.9
Mongolia,MNG,1980,1181999.9
Mongolia,MNG,1981,1211999.9
Mongolia,MNG,1982,1250999.9
Mongolia,MNG,1983,1312999.9
Mongolia,MNG,1984,1334999.9
Mongolia,MNG,1985,1353999.9
Mongolia,MNG,1986,1306999.9
Mongolia,MNG,1987,1334999.9
Mongolia,MNG,1988,1365999.9
Mongolia,MNG,1989,1374999.9
Mongolia,MNG,1990,1370999.9
Mongolia,MNG,1991,1368999.9
Mongolia,MNG,1992,1363000
Mongolia,MNG,1993,1353000
Mongolia,MNG,1994,1322000
Mongolia,MNG,1995,1322000
Mongolia,MNG,1996,1322000
Mongolia,MNG,1997,1228000
Mongolia,MNG,1998,1347000
Mongolia,MNG,1999,1191000
Mongolia,MNG,2000,1176000
Mongolia,MNG,2001,1178490.6
Mongolia,MNG,2002,1181000
Mongolia,MNG,2003,1181399.9
Mongolia,MNG,2004,1176899.9
Mongolia,MNG,2005,1175399.9
Mongolia,MNG,2006,1177299.9
Mongolia,MNG,2007,1176999.9
Mongolia,MNG,2008,1199000
Mongolia,MNG,2009,1218056.1
Mongolia,MNG,2010,1239029.9
Mongolia,MNG,2011,1294799.9
Mongolia,MNG,2012,1323103.2
Mongolia,MNG,2013,1291779.9
Mongolia,MNG,2014,1317699.9
Mongolia,MNG,2015,1333109.9
Mongolia,MNG,2016,1328349.9
Mongolia,MNG,2017,1327709.9
Mongolia,MNG,2018,1332399.9
Mongolia,MNG,2019,1117199.9
Mongolia,MNG,2020,1127499.9
Mongolia,MNG,2021,1126169.4
Mongolia,MNG,2022,1139876.8
Mongolia,MNG,2023,1055806.1
Mongolia,MNG,2024,1018198.44
Mongolia,MNG,2025,980590.75
Montserrat,MSR,-10000,0
Montserrat,MSR,-9000,0
Montserrat,MSR,-8000,0
Montserrat,MSR,-7000,0
Montserrat,MSR,-6000,0
Montserrat,MSR,-5000,0
Montserrat,MSR,-4000,0
Montserrat,MSR,-3000,0
Montserrat,MSR,-2000,0
Montserrat,MSR,-1000,0
Montserrat,MSR,0,0
Montserrat,MSR,100,0
Montserrat,MSR,200,0
Montserrat,MSR,300,0
Montserrat,MSR,400,0
Montserrat,MSR,500,0
Montserrat,MSR,600,0
Montserrat,MSR,700,0
Montserrat,MSR,800,0
Montserrat,MSR,900,0
Montserrat,MSR,1000,0
Montserrat,MSR,1100,0
Montserrat,MSR,1200,0
Montserrat,MSR,1300,0
Montserrat,MSR,1400,0
Montserrat,MSR,1500,343.9793
Montserrat,MSR,1600,683.6194
Montserrat,MSR,1700,1358.4486
Montserrat,MSR,1710,1468.839
Montserrat,MSR,1720,1588.1979
Montserrat,MSR,1730,1717.2539
Montserrat,MSR,1740,1856.7943
Montserrat,MSR,1750,2007.671
Montserrat,MSR,1760,2170.8047
Montserrat,MSR,1770,2347.1907
Montserrat,MSR,1780,2537.9053
Montserrat,MSR,1790,2744.1123
Montserrat,MSR,1800,2967.0703
Montserrat,MSR,1810,3208.1387
Montserrat,MSR,1820,3312.869
Montserrat,MSR,1830,3421.0132
Montserrat,MSR,1840,3532.683
Montserrat,MSR,1850,3647.9934
Montserrat,MSR,1860,3767.0625
Montserrat,MSR,1870,3894.3394
Montserrat,MSR,1880,4025.9114
Montserrat,MSR,1890,4161.923
Montserrat,MSR,1900,4302.5234
Montserrat,MSR,1910,4447.8677
Montserrat,MSR,1920,4453.7524
Montserrat,MSR,1930,4459.6387
Montserrat,MSR,1940,4465.5264
Montserrat,MSR,1950,4471.416
Montserrat,MSR,1951,4671.862
Montserrat,MSR,1952,4792.5796
Montserrat,MSR,1953,4837.5547
Montserrat,MSR,1954,4811.1016
Montserrat,MSR,1955,4727.1206
Montserrat,MSR,1956,4595.5425
Montserrat,MSR,1957,4436.5435
Montserrat,MSR,1958,4271.9463
Montserrat,MSR,1959,4117.6187
Montserrat,MSR,1960,4000
Montserrat,MSR,1961,4000
Montserrat,MSR,1962,4000
Montserrat,MSR,1963,4000
Montserrat,MSR,1964,3000
Montserrat,MSR,1965,2000
Montserrat,MSR,1966,2000
Montserrat,MSR,1967,2000
Montserrat,MSR,1968,2000
Montserrat,MSR,1969,2000
Montserrat,MSR,1970,2000
Montserrat,MSR,1971,2000
Montserrat,MSR,1972,2000
Montserrat,MSR,1973,1000
Montserrat,MSR,1974,1000
Montserrat,MSR,1975,1000
Montserrat,MSR,1976,1000
Montserrat,MSR,1977,1000
Montserrat,MSR,1978,1000
Montserrat,MSR,1979,1000
Montserrat,MSR,1980,1000
Montserrat,MSR,1981,1000
Montserrat,MSR,1982,2000
Montserrat,MSR,1983,2000
Montserrat,MSR,1984,2000
Montserrat,MSR,1985,2000
Montserrat,MSR,1986,2000
Montserrat,MSR,1987,2000
Montserrat,MSR,1988,2000
Montserrat,MSR,1989,2000
Montserrat,MSR,1990,2000
Montserrat,MSR,1991,2000
Montserrat,MSR,1992,2000
Montserrat,MSR,1993,2000
Montserrat,MSR,1994,2000
Montserrat,MSR,1995,2000
Montserrat,MSR,1996,2000
Montserrat,MSR,1997,2000
Montserrat,MSR,1998,2000
Montserrat,MSR,1999,2000
Montserrat,MSR,2000,2000
Montserrat,MSR,2001,2000
Montserrat,MSR,2002,2000
Montserrat,MSR,2003,2000
Montserrat,MSR,2004,2000
Montserrat,MSR,2005,2000
Montserrat,MSR,2006,2000
Montserrat,MSR,2007,2000
Montserrat,MSR,2008,2000
Montserrat,MSR,2009,2000
Montserrat,MSR,2010,2000
Montserrat,MSR,2011,2000
Montserrat,MSR,2012,2000
Montserrat,MSR,2013,2000
Montserrat,MSR,2014,2000
Montserrat,MSR,2015,2000
Montserrat,MSR,2016,2000
Montserrat,MSR,2017,2000
Montserrat,MSR,2018,2000
Montserrat,MSR,2019,2000
Montserrat,MSR,2020,2000
Montserrat,MSR,2021,2000
Montserrat,MSR,2022,2000
Montserrat,MSR,2023,2000
Montserrat,MSR,2024,2000
Montserrat,MSR,2025,2000
Morocco,MAR,-10000,0
Morocco,MAR,-9000,0
Morocco,MAR,-8000,0
Morocco,MAR,-7000,0
Morocco,MAR,-6000,0
Morocco,MAR,-5000,0
Morocco,MAR,-4000,0
Morocco,MAR,-3000,0
Morocco,MAR,-2000,0
Morocco,MAR,-1000,0
Morocco,MAR,0,556022.2
Morocco,MAR,100,594643
Morocco,MAR,200,635944.8
Morocco,MAR,300,680113.7
Morocco,MAR,400,727348.44
Morocco,MAR,500,777861.9
Morocco,MAR,600,831881.44
Morocco,MAR,700,889650.3
Morocco,MAR,800,951428.5
Morocco,MAR,900,1036294.25
Morocco,MAR,1000,1121306.8
Morocco,MAR,1100,1066179
Morocco,MAR,1200,1010951
Morocco,MAR,1300,1129883.8
Morocco,MAR,1400,1012719.6
Morocco,MAR,1500,844668.06
Morocco,MAR,1600,1268102.8
Morocco,MAR,1700,987156.75
Morocco,MAR,1710,1029549.6
Morocco,MAR,1720,1071949.8
Morocco,MAR,1730,1114357.4
Morocco,MAR,1740,1156772.1
Morocco,MAR,1750,1199194.4
Morocco,MAR,1760,1241623.8
Morocco,MAR,1770,1284060.5
Morocco,MAR,1780,1326504.4
Morocco,MAR,1790,1368955.8
Morocco,MAR,1800,1411414.2
Morocco,MAR,1810,1453880.1
Morocco,MAR,1820,1496353.4
Morocco,MAR,1830,1538833.8
Morocco,MAR,1840,1581321.4
Morocco,MAR,1850,1623816.4
Morocco,MAR,1860,1795652.9
Morocco,MAR,1870,1985673.5
Morocco,MAR,1880,2195802.5
Morocco,MAR,1890,2428168
Morocco,MAR,1900,2675794.5
Morocco,MAR,1910,3145288
Morocco,MAR,1920,3308282
Morocco,MAR,1930,3693915.2
Morocco,MAR,1940,4402141
Morocco,MAR,1950,5079839.5
Morocco,MAR,1951,5225059.5
Morocco,MAR,1952,5386479
Morocco,MAR,1953,5560801.5
Morocco,MAR,1954,5745230.5
Morocco,MAR,1955,5937482
Morocco,MAR,1956,6135777.5
Morocco,MAR,1957,6338853
Morocco,MAR,1958,6545886.5
Morocco,MAR,1959,6756404
Morocco,MAR,1960,6970000
Morocco,MAR,1961,6970000
Morocco,MAR,1962,6980000
Morocco,MAR,1963,7050000
Morocco,MAR,1964,7110000
Morocco,MAR,1965,7220000
Morocco,MAR,1966,7338000
Morocco,MAR,1967,7338000
Morocco,MAR,1968,7438000
Morocco,MAR,1969,7429000
Morocco,MAR,1970,7505000
Morocco,MAR,1971,7533000
Morocco,MAR,1972,7570000
Morocco,MAR,1973,7625000
Morocco,MAR,1974,7630000
Morocco,MAR,1975,7717000
Morocco,MAR,1976,7750000
Morocco,MAR,1977,7900000
Morocco,MAR,1978,8118000
Morocco,MAR,1979,8004000
Morocco,MAR,1980,8030000
Morocco,MAR,1981,8190000
Morocco,MAR,1982,8277000
Morocco,MAR,1983,8373000
Morocco,MAR,1984,8484000
Morocco,MAR,1985,8498000
Morocco,MAR,1986,8597000
Morocco,MAR,1987,8766000
Morocco,MAR,1988,8844000
Morocco,MAR,1989,9164000
Morocco,MAR,1990,9443000
Morocco,MAR,1991,9455000
Morocco,MAR,1992,9716000
Morocco,MAR,1993,9811000
Morocco,MAR,1994,9964000
Morocco,MAR,1995,9749000
Morocco,MAR,1996,9966000
Morocco,MAR,1997,9895000
Morocco,MAR,1998,9976000
Morocco,MAR,1999,9693000
Morocco,MAR,2000,9652000
Morocco,MAR,2001,9370000
Morocco,MAR,2002,9283000
Morocco,MAR,2003,9875997
Morocco,MAR,2004,9041000
Morocco,MAR,2005,8989000
Morocco,MAR,2006,8946000
Morocco,MAR,2007,8960000
Morocco,MAR,2008,8981000
Morocco,MAR,2009,9002600
Morocco,MAR,2010,8988300
Morocco,MAR,2011,9103800
Morocco,MAR,2012,9403000
Morocco,MAR,2013,9585000
Morocco,MAR,2014,9082500
Morocco,MAR,2015,9047000
Morocco,MAR,2016,9875000
Morocco,MAR,2017,10046548
Morocco,MAR,2018,9525807
Morocco,MAR,2019,8611907
Morocco,MAR,2020,9358000
Morocco,MAR,2021,9291000
Morocco,MAR,2022,9291000
Morocco,MAR,2023,9278387
Morocco,MAR,2024,9299334
Morocco,MAR,2025,9320282
Mozambique,MOZ,-10000,0
Mozambique,MOZ,-9000,0
Mozambique,MOZ,-8000,0
Mozambique,MOZ,-7000,0
Mozambique,MOZ,-6000,0
Mozambique,MOZ,-5000,0
Mozambique,MOZ,-4000,0
Mozambique,MOZ,-3000,0
Mozambique,MOZ,-2000,0
Mozambique,MOZ,-1000,0
Mozambique,MOZ,0,0
Mozambique,MOZ,100,0
Mozambique,MOZ,200,0
Mozambique,MOZ,300,0
Mozambique,MOZ,400,0
Mozambique,MOZ,500,0
Mozambique,MOZ,600,0
Mozambique,MOZ,700,0
Mozambique,MOZ,800,0
Mozambique,MOZ,900,0
Mozambique,MOZ,1000,105379.36
Mozambique,MOZ,1100,154556.39
Mozambique,MOZ,1200,203733.42
Mozambique,MOZ,1300,252910.47
Mozambique,MOZ,1400,302087.5
Mozambique,MOZ,1500,351264.53
Mozambique,MOZ,1600,439080.66
Mozambique,MOZ,1700,526896.75
Mozambique,MOZ,1710,596626.25
Mozambique,MOZ,1720,666355.7
Mozambique,MOZ,1730,736085.1
Mozambique,MOZ,1740,805814.5
Mozambique,MOZ,1750,875543.94
Mozambique,MOZ,1760,945273.3
Mozambique,MOZ,1770,1015002.8
Mozambique,MOZ,1780,1084732.2
Mozambique,MOZ,1790,1154461.6
Mozambique,MOZ,1800,1224191.1
Mozambique,MOZ,1810,1293920.5
Mozambique,MOZ,1820,1363650
Mozambique,MOZ,1830,1433379.4
Mozambique,MOZ,1840,1503108.8
Mozambique,MOZ,1850,1572838.2
Mozambique,MOZ,1860,1572838.2
Mozambique,MOZ,1870,1557180.5
Mozambique,MOZ,1880,1526315.6
Mozambique,MOZ,1890,1541647.6
Mozambique,MOZ,1900,1481080
Mozambique,MOZ,1910,1366769.4
Mozambique,MOZ,1920,1313072.2
Mozambique,MOZ,1930,1523873.9
Mozambique,MOZ,1940,1751171.1
Mozambique,MOZ,1950,2161062.8
Mozambique,MOZ,1951,2194952.8
Mozambique,MOZ,1952,2231437.5
Mozambique,MOZ,1953,2270253.5
Mozambique,MOZ,1954,2311192
Mozambique,MOZ,1955,2354086.8
Mozambique,MOZ,1956,2398817.8
Mozambique,MOZ,1957,2445323
Mozambique,MOZ,1958,2493577.2
Mozambique,MOZ,1959,2543588
Mozambique,MOZ,1960,2595386.5
Mozambique,MOZ,1961,2649000
Mozambique,MOZ,1962,2660000
Mozambique,MOZ,1963,2670000
Mozambique,MOZ,1964,2678000
Mozambique,MOZ,1965,2688000
Mozambique,MOZ,1966,2694000
Mozambique,MOZ,1967,2720000
Mozambique,MOZ,1968,2819973.2
Mozambique,MOZ,1969,2923947.8
Mozambique,MOZ,1970,3008915.8
Mozambique,MOZ,1971,3008918.2
Mozambique,MOZ,1972,3027925.8
Mozambique,MOZ,1973,3079928
Mozambique,MOZ,1974,3079928.8
Mozambique,MOZ,1975,3099930.8
Mozambique,MOZ,1976,3099932.5
Mozambique,MOZ,1977,3099935
Mozambique,MOZ,1978,3099937
Mozambique,MOZ,1979,3099939.2
Mozambique,MOZ,1980,3099941.2
Mozambique,MOZ,1981,3149943.8
Mozambique,MOZ,1982,3229927.2
Mozambique,MOZ,1983,3229930
Mozambique,MOZ,1984,3329911.8
Mozambique,MOZ,1985,3379879.2
Mozambique,MOZ,1986,3429872
Mozambique,MOZ,1987,3529875
Mozambique,MOZ,1988,3579872
Mozambique,MOZ,1989,3629868
Mozambique,MOZ,1990,3679872.2
Mozambique,MOZ,1991,3729879.8
Mozambique,MOZ,1992,3749881.2
Mozambique,MOZ,1993,3749890.5
Mozambique,MOZ,1994,3799895
Mozambique,MOZ,1995,3879891.5
Mozambique,MOZ,1996,3984967.2
Mozambique,MOZ,1997,4134975.5
Mozambique,MOZ,1998,4234977.5
Mozambique,MOZ,1999,4189979.2
Mozambique,MOZ,2000,4149981.2
Mozambique,MOZ,2001,4249979.5
Mozambique,MOZ,2002,4699951
Mozambique,MOZ,2003,4749975.5
Mozambique,MOZ,2004,4849950
Mozambique,MOZ,2005,5249976.5
Mozambique,MOZ,2006,5149935
Mozambique,MOZ,2007,5449984
Mozambique,MOZ,2008,5649890
Mozambique,MOZ,2009,5769993.5
Mozambique,MOZ,2010,5950000
Mozambique,MOZ,2011,5950000
Mozambique,MOZ,2012,5949819.5
Mozambique,MOZ,2013,5950000
Mozambique,MOZ,2014,5949820.5
Mozambique,MOZ,2015,5949831.5
Mozambique,MOZ,2016,5949891.5
Mozambique,MOZ,2017,5949894.5
Mozambique,MOZ,2018,5949974
Mozambique,MOZ,2019,5949974
Mozambique,MOZ,2020,5949973
Mozambique,MOZ,2021,5949971
Mozambique,MOZ,2022,5949969
Mozambique,MOZ,2023,5949966.5
Mozambique,MOZ,2024,5949964
Mozambique,MOZ,2025,5949961.5
Myanmar,MMR,-10000,0
Myanmar,MMR,-9000,0
Myanmar,MMR,-8000,0
Myanmar,MMR,-7000,0
Myanmar,MMR,-6000,0
Myanmar,MMR,-5000,0
Myanmar,MMR,-4000,0
Myanmar,MMR,-3000,0
Myanmar,MMR,-2000,0
Myanmar,MMR,-1000,0
Myanmar,MMR,0,0
Myanmar,MMR,100,413128.5
Myanmar,MMR,200,450659.72
Myanmar,MMR,300,488190.47
Myanmar,MMR,400,525721.06
Myanmar,MMR,500,563251.8
Myanmar,MMR,600,600782.8
Myanmar,MMR,700,638314.2
Myanmar,MMR,800,675846.1
Myanmar,MMR,900,713378.6
Myanmar,MMR,1000,750911.75
Myanmar,MMR,1100,938625.5
Myanmar,MMR,1200,1126335.9
Myanmar,MMR,1300,1088779.2
Myanmar,MMR,1400,1295259.2
Myanmar,MMR,1500,1501737.4
Myanmar,MMR,1600,1689442.6
Myanmar,MMR,1700,1877146.9
Myanmar,MMR,1710,1914688.6
Myanmar,MMR,1720,1952230.5
Myanmar,MMR,1730,1989772.2
Myanmar,MMR,1740,2027314
Myanmar,MMR,1750,2064855.9
Myanmar,MMR,1760,2102397.5
Myanmar,MMR,1770,2139939.2
Myanmar,MMR,1780,2177480.8
Myanmar,MMR,1790,2215022.8
Myanmar,MMR,1800,2252564.2
Myanmar,MMR,1810,2402734
Myanmar,MMR,1820,2552903.8
Myanmar,MMR,1830,2703073.2
Myanmar,MMR,1840,2853242.5
Myanmar,MMR,1850,3003412
Myanmar,MMR,1860,3341294.2
Myanmar,MMR,1870,3679176.2
Myanmar,MMR,1880,4016941
Myanmar,MMR,1890,4930961.5
Myanmar,MMR,1900,5934384.5
Myanmar,MMR,1910,7236976.5
Myanmar,MMR,1920,8668705
Myanmar,MMR,1930,8921185
Myanmar,MMR,1940,9095376
Myanmar,MMR,1950,8297065.5
Myanmar,MMR,1951,8448738
Myanmar,MMR,1952,8604088
Myanmar,MMR,1953,8765738
Myanmar,MMR,1954,8935485
Myanmar,MMR,1955,9114301
Myanmar,MMR,1956,9302277
Myanmar,MMR,1957,9498698
Myanmar,MMR,1958,9702152
Myanmar,MMR,1959,9910767
Myanmar,MMR,1960,10120000
Myanmar,MMR,1961,10120000
Myanmar,MMR,1962,10140000
Myanmar,MMR,1963,10170000
Myanmar,MMR,1964,10268000
Myanmar,MMR,1965,10231000
Myanmar,MMR,1966,10386000
Myanmar,MMR,1967,10387000
Myanmar,MMR,1968,10393000
Myanmar,MMR,1969,10403000
Myanmar,MMR,1970,10430000
Myanmar,MMR,1971,10435000
Myanmar,MMR,1972,10440000
Myanmar,MMR,1973,9960000
Myanmar,MMR,1974,9971000
Myanmar,MMR,1975,9985000
Myanmar,MMR,1976,10000000
Myanmar,MMR,1977,9994000
Myanmar,MMR,1978,10006000
Myanmar,MMR,1979,10016000
Myanmar,MMR,1980,10022000
Myanmar,MMR,1981,10058000
Myanmar,MMR,1982,10080000
Myanmar,MMR,1983,10077000
Myanmar,MMR,1984,10061000
Myanmar,MMR,1985,10067000
Myanmar,MMR,1986,10073000
Myanmar,MMR,1987,10060000
Myanmar,MMR,1988,10011000
Myanmar,MMR,1989,10034000
Myanmar,MMR,1990,10069000
Myanmar,MMR,1991,10057000
Myanmar,MMR,1992,10039000
Myanmar,MMR,1993,10087000
Myanmar,MMR,1994,10076000
Myanmar,MMR,1995,10110000
Myanmar,MMR,1996,10138000
Myanmar,MMR,1997,10154000
Myanmar,MMR,1998,10151000
Myanmar,MMR,1999,10285000
Myanmar,MMR,2000,10498000
Myanmar,MMR,2001,10625000
Myanmar,MMR,2002,10611000
Myanmar,MMR,2003,10670000
Myanmar,MMR,2004,10771000
Myanmar,MMR,2005,10955000
Myanmar,MMR,2006,11290000
Myanmar,MMR,2007,11678000
Myanmar,MMR,2008,11972000
Myanmar,MMR,2009,12135000
Myanmar,MMR,2010,12217000
Myanmar,MMR,2011,12250000
Myanmar,MMR,2012,12242000
Myanmar,MMR,2013,12281000
Myanmar,MMR,2014,12326000
Myanmar,MMR,2015,12443000
Myanmar,MMR,2016,12458000
Myanmar,MMR,2017,12571600
Myanmar,MMR,2018,12590300
Myanmar,MMR,2019,12500400
Myanmar,MMR,2020,12500000
Myanmar,MMR,2021,12500000
Myanmar,MMR,2022,12500000
Myanmar,MMR,2023,12463840
Myanmar,MMR,2024,12445740
Myanmar,MMR,2025,12427640
Namibia,NAM,-10000,0
Namibia,NAM,-9000,0
Namibia,NAM,-8000,0
Namibia,NAM,-7000,0
Namibia,NAM,-6000,0
Namibia,NAM,-5000,0
Namibia,NAM,-4000,0
Namibia,NAM,-3000,0
Namibia,NAM,-2000,0
Namibia,NAM,-1000,0
Namibia,NAM,0,0
Namibia,NAM,100,0
Namibia,NAM,200,0
Namibia,NAM,300,0
Namibia,NAM,400,0
Namibia,NAM,500,0
Namibia,NAM,600,0
Namibia,NAM,700,0
Namibia,NAM,800,0
Namibia,NAM,900,0
Namibia,NAM,1000,0
Namibia,NAM,1100,0
Namibia,NAM,1200,0
Namibia,NAM,1300,0
Namibia,NAM,1400,0
Namibia,NAM,1500,0
Namibia,NAM,1600,0
Namibia,NAM,1700,9672.139
Namibia,NAM,1710,19043.035
Namibia,NAM,1720,37470.566
Namibia,NAM,1730,73711.42
Namibia,NAM,1740,144924.17
Namibia,NAM,1750,284827.62
Namibia,NAM,1760,279802.9
Namibia,NAM,1770,274778.44
Namibia,NAM,1780,269753.62
Namibia,NAM,1790,264729.62
Namibia,NAM,1800,259704.25
Namibia,NAM,1810,254677.7
Namibia,NAM,1820,249651.14
Namibia,NAM,1830,244624.61
Namibia,NAM,1840,239598.08
Namibia,NAM,1850,234571.52
Namibia,NAM,1860,259372.14
Namibia,NAM,1870,286777.12
Namibia,NAM,1880,317074.62
Namibia,NAM,1890,350585.84
Namibia,NAM,1900,387627.75
Namibia,NAM,1910,456291.3
Namibia,NAM,1920,532143.2
Namibia,NAM,1930,655190.1
Namibia,NAM,1940,800139.3
Namibia,NAM,1950,1002544.8
Namibia,NAM,1951,1021879.1
Namibia,NAM,1952,1042431.6
Namibia,NAM,1953,1064088
Namibia,NAM,1954,1086796.5
Namibia,NAM,1955,1110522.6
Namibia,NAM,1956,1135270.2
Namibia,NAM,1957,1161023.2
Namibia,NAM,1958,1187851.5
Namibia,NAM,1959,1215815.9
Namibia,NAM,1960,1245011.8
Namibia,NAM,1961,1283789.5
Namibia,NAM,1962,1283766.8
Namibia,NAM,1963,1283783.4
Namibia,NAM,1964,1291782.6
Namibia,NAM,1965,1291779.6
Namibia,NAM,1966,1291776.5
Namibia,NAM,1967,1297750.2
Namibia,NAM,1968,1297769.9
Namibia,NAM,1969,1297767
Namibia,NAM,1970,1301765.2
Namibia,NAM,1971,1305811.9
Namibia,NAM,1972,1305811.6
Namibia,NAM,1973,1305811.4
Namibia,NAM,1974,1305811
Namibia,NAM,1975,1305811
Namibia,NAM,1976,1309813.4
Namibia,NAM,1977,1309805.6
Namibia,NAM,1978,1311779.5
Namibia,NAM,1979,1311716.8
Namibia,NAM,1980,1313701.1
Namibia,NAM,1981,1313726.6
Namibia,NAM,1982,1313706.5
Namibia,NAM,1983,1323677.4
Namibia,NAM,1984,1323616.9
Namibia,NAM,1985,1323647.1
Namibia,NAM,1986,1323697.5
Namibia,NAM,1987,1323700.8
Namibia,NAM,1988,1323677.5
Namibia,NAM,1989,1323431.5
Namibia,NAM,1990,1323992.2
Namibia,NAM,1991,1323992.2
Namibia,NAM,1992,1323992.2
Namibia,NAM,1993,1399990.8
Namibia,NAM,1994,1499991.2
Namibia,NAM,1995,1639691.2
Namibia,NAM,1996,1639691.6
Namibia,NAM,1997,1639673.5
Namibia,NAM,1998,1639677
Namibia,NAM,1999,1639676.1
Namibia,NAM,2000,1639705.5
Namibia,NAM,2001,1639686
Namibia,NAM,2002,1639729.5
Namibia,NAM,2003,1639751.8
Namibia,NAM,2004,1639758.6
Namibia,NAM,2005,1639784.6
Namibia,NAM,2006,1639830.2
Namibia,NAM,2007,1615880.6
Namibia,NAM,2008,1615915.1
Namibia,NAM,2009,1615954.1
Namibia,NAM,2010,1617990.6
Namibia,NAM,2011,1617990.6
Namibia,NAM,2012,1617990.6
Namibia,NAM,2013,1617990.6
Namibia,NAM,2014,1617990.6
Namibia,NAM,2015,1619990.6
Namibia,NAM,2016,1619990.6
Namibia,NAM,2017,1621990.5
Namibia,NAM,2018,1621990.5
Namibia,NAM,2019,1621990.5
Namibia,NAM,2020,1621990.5
Namibia,NAM,2021,1623990.5
Namibia,NAM,2022,1623990.5
Namibia,NAM,2023,1624590.5
Namibia,NAM,2024,1625190.4
Namibia,NAM,2025,1625790.4
Nepal,NPL,-10000,0
Nepal,NPL,-9000,0
Nepal,NPL,-8000,0
Nepal,NPL,-7000,0
Nepal,NPL,-6000,0
Nepal,NPL,-5000,0
Nepal,NPL,-4000,0
Nepal,NPL,-3000,0
Nepal,NPL,-2000,30932.312
Nepal,NPL,-1000,94926.04
Nepal,NPL,0,136923.19
Nepal,NPL,100,141390.17
Nepal,NPL,200,146002.94
Nepal,NPL,300,150766.22
Nepal,NPL,400,155684.95
Nepal,NPL,500,160764.2
Nepal,NPL,600,166009.23
Nepal,NPL,700,171425.44
Nepal,NPL,800,177018.39
Nepal,NPL,900,181531.22
Nepal,NPL,1000,185937.8
Nepal,NPL,1100,196376.55
Nepal,NPL,1200,206591.27
Nepal,NPL,1300,216585.33
Nepal,NPL,1400,226362.16
Nepal,NPL,1500,235925.03
Nepal,NPL,1600,291996.75
Nepal,NPL,1700,346939.22
Nepal,NPL,1710,373874.03
Nepal,NPL,1720,402860.44
Nepal,NPL,1730,434054.4
Nepal,NPL,1740,467623.6
Nepal,NPL,1750,503748.5
Nepal,NPL,1760,542623.1
Nepal,NPL,1770,584456.4
Nepal,NPL,1780,629472.7
Nepal,NPL,1790,677913.75
Nepal,NPL,1800,730039.2
Nepal,NPL,1810,786128.6
Nepal,NPL,1820,862999.3
Nepal,NPL,1830,910155
Nepal,NPL,1840,1038673.56
Nepal,NPL,1850,1063096.6
Nepal,NPL,1860,1066134
Nepal,NPL,1870,1070205.6
Nepal,NPL,1880,1137952.4
Nepal,NPL,1890,1115198
Nepal,NPL,1900,1131533.4
Nepal,NPL,1910,1317908.2
Nepal,NPL,1920,1547113.1
Nepal,NPL,1930,1646511.9
Nepal,NPL,1940,1683594
Nepal,NPL,1950,1716643.8
Nepal,NPL,1951,1744998.9
Nepal,NPL,1952,1754947.9
Nepal,NPL,1953,1791002.8
Nepal,NPL,1954,1800484.1
Nepal,NPL,1955,1814453.1
Nepal,NPL,1956,1826373.2
Nepal,NPL,1957,1841411.1
Nepal,NPL,1958,1844163.6
Nepal,NPL,1959,1855642.4
Nepal,NPL,1960,1831000
Nepal,NPL,1961,1831000
Nepal,NPL,1962,1831000
Nepal,NPL,1963,1841000
Nepal,NPL,1964,1831000
Nepal,NPL,1965,1831000
Nepal,NPL,1966,1831000
Nepal,NPL,1967,1845000
Nepal,NPL,1968,1845000
Nepal,NPL,1969,1845000
Nepal,NPL,1970,1980000
Nepal,NPL,1971,1980000
Nepal,NPL,1972,2082000
Nepal,NPL,1973,2193000
Nepal,NPL,1974,2208000
Nepal,NPL,1975,2223000
Nepal,NPL,1976,2239000
Nepal,NPL,1977,2254000
Nepal,NPL,1978,2269000
Nepal,NPL,1979,2284000
Nepal,NPL,1980,2299000
Nepal,NPL,1981,2317000
Nepal,NPL,1982,2320600
Nepal,NPL,1983,2324200
Nepal,NPL,1984,2327800
Nepal,NPL,1985,2331400
Nepal,NPL,1986,2335000
Nepal,NPL,1987,2338600
Nepal,NPL,1988,2342200
Nepal,NPL,1989,2345800
Nepal,NPL,1990,2349400
Nepal,NPL,1991,2353000
Nepal,NPL,1992,2365200
Nepal,NPL,1993,2377400
Nepal,NPL,1994,2389600
Nepal,NPL,1995,2401800
Nepal,NPL,1996,2414000
Nepal,NPL,1997,2426200
Nepal,NPL,1998,2438400
Nepal,NPL,1999,2450600
Nepal,NPL,2000,2463100
Nepal,NPL,2001,2473000
Nepal,NPL,2002,2455000
Nepal,NPL,2003,2440000
Nepal,NPL,2004,2430000
Nepal,NPL,2005,2413000
Nepal,NPL,2006,2395000
Nepal,NPL,2007,2375000
Nepal,NPL,2008,2360000
Nepal,NPL,2009,2347000
Nepal,NPL,2010,2332000
Nepal,NPL,2011,2331300
Nepal,NPL,2012,2292645.2
Nepal,NPL,2013,2261192.2
Nepal,NPL,2014,2242516.5
Nepal,NPL,2015,2213347
Nepal,NPL,2016,2179970
Nepal,NPL,2017,2152570.2
Nepal,NPL,2018,2071326.1
Nepal,NPL,2019,2042879.9
Nepal,NPL,2020,2003632.8
Nepal,NPL,2021,1977658.4
Nepal,NPL,2022,1949200
Nepal,NPL,2023,1916097.2
Nepal,NPL,2024,1885150
Nepal,NPL,2025,1854202.5
Netherlands,NLD,-10000,0
Netherlands,NLD,-9000,0
Netherlands,NLD,-8000,0
Netherlands,NLD,-7000,0
Netherlands,NLD,-6000,0
Netherlands,NLD,-5000,187.27458
Netherlands,NLD,-4000,2949.8225
Netherlands,NLD,-3000,5899.645
Netherlands,NLD,-2000,11799.29
Netherlands,NLD,-1000,23598.58
Netherlands,NLD,0,47197.16
Netherlands,NLD,100,44949.676
Netherlands,NLD,200,42809.215
Netherlands,NLD,300,40770.684
Netherlands,NLD,400,38829.22
Netherlands,NLD,500,36980.21
Netherlands,NLD,600,35219.246
Netherlands,NLD,700,33542.14
Netherlands,NLD,800,56827.168
Netherlands,NLD,900,73875.914
Netherlands,NLD,1000,81263.51
Netherlands,NLD,1100,97516.21
Netherlands,NLD,1200,109705.734
Netherlands,NLD,1300,194094.77
Netherlands,NLD,1400,138639.12
Netherlands,NLD,1500,210741.94
Netherlands,NLD,1600,282844.8
Netherlands,NLD,1700,354947.62
Netherlands,NLD,1710,360745.12
Netherlands,NLD,1720,366542.56
Netherlands,NLD,1730,372340.06
Netherlands,NLD,1740,378137.56
Netherlands,NLD,1750,383935
Netherlands,NLD,1760,389732.5
Netherlands,NLD,1770,395529.97
Netherlands,NLD,1780,401327.44
Netherlands,NLD,1790,407124.94
Netherlands,NLD,1800,412922.4
Netherlands,NLD,1810,418719.88
Netherlands,NLD,1820,424517.38
Netherlands,NLD,1830,467784.72
Netherlands,NLD,1840,513562.56
Netherlands,NLD,1850,553670.06
Netherlands,NLD,1860,596519.5
Netherlands,NLD,1870,642830.5
Netherlands,NLD,1880,708087.9
Netherlands,NLD,1890,777748.1
Netherlands,NLD,1900,866117.9
Netherlands,NLD,1910,881672
Netherlands,NLD,1920,907868.4
Netherlands,NLD,1930,939385.8
Netherlands,NLD,1940,951256.06
Netherlands,NLD,1950,1061772.1
Netherlands,NLD,1951,1058294.9
Netherlands,NLD,1952,1054817.6
Netherlands,NLD,1953,1051340.4
Netherlands,NLD,1954,1047863.25
Netherlands,NLD,1955,1044386.06
Netherlands,NLD,1956,1040908.8
Netherlands,NLD,1957,1037431.6
Netherlands,NLD,1958,1033954.4
Netherlands,NLD,1959,1030477.25
Netherlands,NLD,1960,1027000
Netherlands,NLD,1961,1027000
Netherlands,NLD,1962,1002000
Netherlands,NLD,1963,988000
Netherlands,NLD,1964,977000
Netherlands,NLD,1965,968000
Netherlands,NLD,1966,955800
Netherlands,NLD,1967,930700
Netherlands,NLD,1968,920900
Netherlands,NLD,1969,899000
Netherlands,NLD,1970,875200
Netherlands,NLD,1971,855900
Netherlands,NLD,1972,849100
Netherlands,NLD,1973,841400
Netherlands,NLD,1974,844400
Netherlands,NLD,1975,846500
Netherlands,NLD,1976,849900
Netherlands,NLD,1977,869400
Netherlands,NLD,1978,861700
Netherlands,NLD,1979,865100
Netherlands,NLD,1980,877400
Netherlands,NLD,1981,878800
Netherlands,NLD,1982,884300
Netherlands,NLD,1983,865900
Netherlands,NLD,1984,873800
Netherlands,NLD,1985,893300
Netherlands,NLD,1986,910000
Netherlands,NLD,1987,924500
Netherlands,NLD,1988,934800
Netherlands,NLD,1989,938500
Netherlands,NLD,1990,956400
Netherlands,NLD,1991,925300
Netherlands,NLD,1992,934200
Netherlands,NLD,1993,937300
Netherlands,NLD,1994,938300
Netherlands,NLD,1995,954000
Netherlands,NLD,1996,961100
Netherlands,NLD,1997,1005200
Netherlands,NLD,1998,963900
Netherlands,NLD,1999,1046400
Netherlands,NLD,2000,1057700
Netherlands,NLD,2001,1041800
Netherlands,NLD,2002,1048200
Netherlands,NLD,2003,1123100
Netherlands,NLD,2004,1158600
Netherlands,NLD,2005,1142800
Netherlands,NLD,2006,1102500
Netherlands,NLD,2007,1093700
Netherlands,NLD,2008,1101500
Netherlands,NLD,2009,1090200
Netherlands,NLD,2010,1059000
Netherlands,NLD,2011,1042400
Netherlands,NLD,2012,1046800
Netherlands,NLD,2013,1074500
Netherlands,NLD,2014,1081300
Netherlands,NLD,2015,1080000
Netherlands,NLD,2016,1066000
Netherlands,NLD,2017,1075000
Netherlands,NLD,2018,1059000
Netherlands,NLD,2019,1048800
Netherlands,NLD,2020,1042040.06
Netherlands,NLD,2021,1040000
Netherlands,NLD,2022,1042000
Netherlands,NLD,2023,1033528
Netherlands,NLD,2024,1029247.94
Netherlands,NLD,2025,1024968
Netherlands Antilles,ANT,-10000,0
Netherlands Antilles,ANT,-9000,0
Netherlands Antilles,ANT,-8000,0
Netherlands Antilles,ANT,-7000,0
Netherlands Antilles,ANT,-6000,0
Netherlands Antilles,ANT,-5000,0
Netherlands Antilles,ANT,-4000,0
Netherlands Antilles,ANT,-3000,0
Netherlands Antilles,ANT,-2000,0
Netherlands Antilles,ANT,-1000,0
Netherlands Antilles,ANT,0,0
Netherlands Antilles,ANT,100,0
Netherlands Antilles,ANT,200,0
Netherlands Antilles,ANT,300,0
Netherlands Antilles,ANT,400,0
Netherlands Antilles,ANT,500,0
Netherlands Antilles,ANT,600,0
Netherlands Antilles,ANT,700,0
Netherlands Antilles,ANT,800,0
Netherlands Antilles,ANT,900,0
Netherlands Antilles,ANT,1000,0
Netherlands Antilles,ANT,1100,0
Netherlands Antilles,ANT,1200,0
Netherlands Antilles,ANT,1300,0
Netherlands Antilles,ANT,1400,0
Netherlands Antilles,ANT,1500,375.10477
Netherlands Antilles,ANT,1600,692.4277
Netherlands Antilles,ANT,1700,1245.9043
Netherlands Antilles,ANT,1710,1331.0414
Netherlands Antilles,ANT,1720,1421.2832
Netherlands Antilles,ANT,1730,1516.8195
Netherlands Antilles,ANT,1740,1617.8236
Netherlands Antilles,ANT,1750,1724.4453
Netherlands Antilles,ANT,1760,1836.8025
Netherlands Antilles,ANT,1770,1954.9702
Netherlands Antilles,ANT,1780,2078.9678
Netherlands Antilles,ANT,1790,2208.7405
Netherlands Antilles,ANT,1800,2344.1394
Netherlands Antilles,ANT,1810,2484.8933
Netherlands Antilles,ANT,1820,2512.3296
Netherlands Antilles,ANT,1830,2536.1917
Netherlands Antilles,ANT,1840,2555.7842
Netherlands Antilles,ANT,1850,2570.269
Netherlands Antilles,ANT,1860,3014.37
Netherlands Antilles,ANT,1870,3143.203
Netherlands Antilles,ANT,1880,3518.2576
Netherlands Antilles,ANT,1890,3690.1611
Netherlands Antilles,ANT,1900,3754.272
Netherlands Antilles,ANT,1910,3795.168
Netherlands Antilles,ANT,1920,3653.606
Netherlands Antilles,ANT,1930,3994.8613
Netherlands Antilles,ANT,1940,5060.5674
Netherlands Antilles,ANT,1950,6220.6826
Netherlands Antilles,ANT,1951,6367.607
Netherlands Antilles,ANT,1952,6458.3213
Netherlands Antilles,ANT,1953,6504.6333
Netherlands Antilles,ANT,1954,6514.442
Netherlands Antilles,ANT,1955,6494.248
Netherlands Antilles,ANT,1956,6447.682
Netherlands Antilles,ANT,1957,6375.76
Netherlands Antilles,ANT,1958,6279.101
Netherlands Antilles,ANT,1959,6154.639
Netherlands Antilles,ANT,1960,6000
Netherlands Antilles,ANT,1961,6000
Netherlands Antilles,ANT,1962,6000
Netherlands Antilles,ANT,1963,6000
Netherlands Antilles,ANT,1964,6000
Netherlands Antilles,ANT,1965,7000
Netherlands Antilles,ANT,1966,7000
Netherlands Antilles,ANT,1967,7000
Netherlands Antilles,ANT,1968,7000
Netherlands Antilles,ANT,1969,7000
Netherlands Antilles,ANT,1970,8000
Netherlands Antilles,ANT,1971,8000
Netherlands Antilles,ANT,1972,8000
Netherlands Antilles,ANT,1973,8000
Netherlands Antilles,ANT,1974,8000
Netherlands Antilles,ANT,1975,8000
Netherlands Antilles,ANT,1976,8000
Netherlands Antilles,ANT,1977,8000
Netherlands Antilles,ANT,1978,8000
Netherlands Antilles,ANT,1979,8000
Netherlands Antilles,ANT,1980,8000
Netherlands Antilles,ANT,1981,8000
Netherlands Antilles,ANT,1982,8000
Netherlands Antilles,ANT,1983,8000
Netherlands Antilles,ANT,1984,8000
Netherlands Antilles,ANT,1985,8000
Netherlands Antilles,ANT,1986,8000
Netherlands Antilles,ANT,1987,8000
Netherlands Antilles,ANT,1988,8000
Netherlands Antilles,ANT,1989,8000
Netherlands Antilles,ANT,1990,8000
Netherlands Antilles,ANT,1991,8000
Netherlands Antilles,ANT,1992,8000
Netherlands Antilles,ANT,1993,8000
Netherlands Antilles,ANT,1994,8000
Netherlands Antilles,ANT,1995,8000
Netherlands Antilles,ANT,1996,8000
Netherlands Antilles,ANT,1997,8000
Netherlands Antilles,ANT,1998,8000
Netherlands Antilles,ANT,1999,8000
Netherlands Antilles,ANT,2000,8000
Netherlands Antilles,ANT,2001,8000
Netherlands Antilles,ANT,2002,8000
Netherlands Antilles,ANT,2003,8000
Netherlands Antilles,ANT,2004,8000
Netherlands Antilles,ANT,2005,8000
Netherlands Antilles,ANT,2006,8000
Netherlands Antilles,ANT,2007,8000
Netherlands Antilles,ANT,2008,8000
Netherlands Antilles,ANT,2009,8000
Netherlands Antilles,ANT,2010,8000
Netherlands Antilles,ANT,2011,0
Netherlands Antilles,ANT,2012,0
Netherlands Antilles,ANT,2013,0
Netherlands Antilles,ANT,2014,0
Netherlands Antilles,ANT,2015,0
Netherlands Antilles,ANT,2016,0
Netherlands Antilles,ANT,2017,0
Netherlands Antilles,ANT,2018,0
Netherlands Antilles,ANT,2019,0
Netherlands Antilles,ANT,2020,0
Netherlands Antilles,ANT,2021,0
Netherlands Antilles,ANT,2022,0
Netherlands Antilles,ANT,2023,0
Netherlands Antilles,ANT,2024,0
Netherlands Antilles,ANT,2025,0
New Caledonia,NCL,-10000,0
New Caledonia,NCL,-9000,0
New Caledonia,NCL,-8000,0
New Caledonia,NCL,-7000,0
New Caledonia,NCL,-6000,0
New Caledonia,NCL,-5000,0
New Caledonia,NCL,-4000,0
New Caledonia,NCL,-3000,0
New Caledonia,NCL,-2000,0
New Caledonia,NCL,-1000,2248.169
New Caledonia,NCL,0,3919.9875
New Caledonia,NCL,100,4280.3345
New Caledonia,NCL,200,4669.3193
New Caledonia,NCL,300,5088.193
New Caledonia,NCL,400,5537.961
New Caledonia,NCL,500,6019.263
New Caledonia,NCL,600,6532.2065
New Caledonia,NCL,700,7076.142
New Caledonia,NCL,800,7649.349
New Caledonia,NCL,900,8248.603
New Caledonia,NCL,1000,8868.543
New Caledonia,NCL,1100,9500.765
New Caledonia,NCL,1200,10132.424
New Caledonia,NCL,1300,10744.041
New Caledonia,NCL,1400,11305.836
New Caledonia,NCL,1500,11771.092
New Caledonia,NCL,1600,12062.887
New Caledonia,NCL,1700,12043.078
New Caledonia,NCL,1710,12514.913
New Caledonia,NCL,1720,12998.521
New Caledonia,NCL,1730,13493.265
New Caledonia,NCL,1740,13998.321
New Caledonia,NCL,1750,14512.644
New Caledonia,NCL,1760,15034.923
New Caledonia,NCL,1770,15563.534
New Caledonia,NCL,1780,16096.477
New Caledonia,NCL,1790,16631.295
New Caledonia,NCL,1800,17164.984
New Caledonia,NCL,1810,17693.865
New Caledonia,NCL,1820,18264.025
New Caledonia,NCL,1830,18822.283
New Caledonia,NCL,1840,19361.625
New Caledonia,NCL,1850,19873.281
New Caledonia,NCL,1860,20346.176
New Caledonia,NCL,1870,20351.59
New Caledonia,NCL,1880,20280.22
New Caledonia,NCL,1890,20113.602
New Caledonia,NCL,1900,19826.791
New Caledonia,NCL,1910,19384.64
New Caledonia,NCL,1920,18574.568
New Caledonia,NCL,1930,17489.13
New Caledonia,NCL,1940,15983.358
New Caledonia,NCL,1950,13722.298
New Caledonia,NCL,1951,13274.414
New Caledonia,NCL,1952,12960.561
New Caledonia,NCL,1953,12736.275
New Caledonia,NCL,1954,12563.187
New Caledonia,NCL,1955,12407.01
New Caledonia,NCL,1956,12242.487
New Caledonia,NCL,1957,12044.103
New Caledonia,NCL,1958,11790.012
New Caledonia,NCL,1959,11454.342
New Caledonia,NCL,1960,11000
New Caledonia,NCL,1961,11000
New Caledonia,NCL,1962,11000
New Caledonia,NCL,1963,11000
New Caledonia,NCL,1964,12000
New Caledonia,NCL,1965,12000
New Caledonia,NCL,1966,12000
New Caledonia,NCL,1967,12000
New Caledonia,NCL,1968,13000
New Caledonia,NCL,1969,13000
New Caledonia,NCL,1970,13000
New Caledonia,NCL,1971,13000
New Caledonia,NCL,1972,14000
New Caledonia,NCL,1973,14000
New Caledonia,NCL,1974,14000
New Caledonia,NCL,1975,14000
New Caledonia,NCL,1976,15000
New Caledonia,NCL,1977,15000
New Caledonia,NCL,1978,15000
New Caledonia,NCL,1979,15000
New Caledonia,NCL,1980,15000
New Caledonia,NCL,1981,15000
New Caledonia,NCL,1982,15000
New Caledonia,NCL,1983,15000
New Caledonia,NCL,1984,18000
New Caledonia,NCL,1985,18000
New Caledonia,NCL,1986,17000
New Caledonia,NCL,1987,16000
New Caledonia,NCL,1988,16000
New Caledonia,NCL,1989,16000
New Caledonia,NCL,1990,15000
New Caledonia,NCL,1991,15000
New Caledonia,NCL,1992,15000
New Caledonia,NCL,1993,14000
New Caledonia,NCL,1994,13000
New Caledonia,NCL,1995,13000
New Caledonia,NCL,1996,13000
New Caledonia,NCL,1997,12000
New Caledonia,NCL,1998,12000
New Caledonia,NCL,1999,12000
New Caledonia,NCL,2000,11000
New Caledonia,NCL,2001,11000
New Caledonia,NCL,2002,10600
New Caledonia,NCL,2003,10600
New Caledonia,NCL,2004,10600
New Caledonia,NCL,2005,10600
New Caledonia,NCL,2006,10600
New Caledonia,NCL,2007,10600
New Caledonia,NCL,2008,10600
New Caledonia,NCL,2009,10600
New Caledonia,NCL,2010,10600
New Caledonia,NCL,2011,10300
New Caledonia,NCL,2012,9734
New Caledonia,NCL,2013,9730
New Caledonia,NCL,2014,9730
New Caledonia,NCL,2015,9700
New Caledonia,NCL,2016,9700
New Caledonia,NCL,2017,9700
New Caledonia,NCL,2018,9700
New Caledonia,NCL,2019,9700
New Caledonia,NCL,2020,9700
New Caledonia,NCL,2021,9700
New Caledonia,NCL,2022,9700
New Caledonia,NCL,2023,9700
New Caledonia,NCL,2024,9700
New Caledonia,NCL,2025,9700
New Zealand,NZL,-10000,0
New Zealand,NZL,-9000,0
New Zealand,NZL,-8000,0
New Zealand,NZL,-7000,0
New Zealand,NZL,-6000,0
New Zealand,NZL,-5000,0
New Zealand,NZL,-4000,0
New Zealand,NZL,-3000,0
New Zealand,NZL,-2000,0
New Zealand,NZL,-1000,0
New Zealand,NZL,0,0
New Zealand,NZL,100,0
New Zealand,NZL,200,0
New Zealand,NZL,300,0
New Zealand,NZL,400,0
New Zealand,NZL,500,0
New Zealand,NZL,600,0
New Zealand,NZL,700,0
New Zealand,NZL,800,0
New Zealand,NZL,900,0
New Zealand,NZL,1000,0
New Zealand,NZL,1100,0
New Zealand,NZL,1200,0
New Zealand,NZL,1300,0
New Zealand,NZL,1400,0
New Zealand,NZL,1500,178.9458
New Zealand,NZL,1600,391.44394
New Zealand,NZL,1700,699.007
New Zealand,NZL,1710,820.1962
New Zealand,NZL,1720,1015.09436
New Zealand,NZL,1730,1256.3049
New Zealand,NZL,1740,1554.8329
New Zealand,NZL,1750,1924.2981
New Zealand,NZL,1760,2381.557
New Zealand,NZL,1770,2947.4714
New Zealand,NZL,1780,3647.8608
New Zealand,NZL,1790,4514.679
New Zealand,NZL,1800,5587.474
New Zealand,NZL,1810,6915.191
New Zealand,NZL,1820,10084.653
New Zealand,NZL,1830,14706.785
New Zealand,NZL,1840,21447.396
New Zealand,NZL,1850,31277.453
New Zealand,NZL,1860,45612.953
New Zealand,NZL,1870,102235.086
New Zealand,NZL,1880,176464.23
New Zealand,NZL,1890,311538.94
New Zealand,NZL,1900,667548.2
New Zealand,NZL,1910,696068.3
New Zealand,NZL,1920,725253.7
New Zealand,NZL,1930,706773.75
New Zealand,NZL,1940,640628.7
New Zealand,NZL,1950,526818.3
New Zealand,NZL,1951,517392.47
New Zealand,NZL,1952,508387.34
New Zealand,NZL,1953,499068.06
New Zealand,NZL,1954,488944
New Zealand,NZL,1955,477730.06
New Zealand,NZL,1956,465331.84
New Zealand,NZL,1957,451801.94
New Zealand,NZL,1958,437287.56
New Zealand,NZL,1959,421977.5
New Zealand,NZL,1960,406000
New Zealand,NZL,1961,405999.88
New Zealand,NZL,1962,406000
New Zealand,NZL,1963,406000
New Zealand,NZL,1964,406000
New Zealand,NZL,1965,406000
New Zealand,NZL,1966,406000
New Zealand,NZL,1967,406000
New Zealand,NZL,1968,406000
New Zealand,NZL,1969,406000
New Zealand,NZL,1970,406000
New Zealand,NZL,1971,406000
New Zealand,NZL,1972,405800
New Zealand,NZL,1973,401650
New Zealand,NZL,1974,397500
New Zealand,NZL,1975,413500
New Zealand,NZL,1976,429500
New Zealand,NZL,1977,431200
New Zealand,NZL,1978,432900
New Zealand,NZL,1979,453000
New Zealand,NZL,1980,435000
New Zealand,NZL,1981,452500
New Zealand,NZL,1982,470000
New Zealand,NZL,1983,482500
New Zealand,NZL,1984,495000
New Zealand,NZL,1985,512000
New Zealand,NZL,1986,508000
New Zealand,NZL,1987,464000
New Zealand,NZL,1988,420000
New Zealand,NZL,1989,423500
New Zealand,NZL,1990,427000
New Zealand,NZL,1991,429000
New Zealand,NZL,1992,432087.22
New Zealand,NZL,1993,434784.44
New Zealand,NZL,1994,437458.6
New Zealand,NZL,1995,440148.1
New Zealand,NZL,1996,442831.5
New Zealand,NZL,1997,445578.3
New Zealand,NZL,1998,448333.1
New Zealand,NZL,1999,451094.94
New Zealand,NZL,2000,453879.1
New Zealand,NZL,2001,456700
New Zealand,NZL,2002,459400
New Zealand,NZL,2003,470000
New Zealand,NZL,2004,483000
New Zealand,NZL,2005,488000
New Zealand,NZL,2006,462000
New Zealand,NZL,2007,500000
New Zealand,NZL,2008,522000
New Zealand,NZL,2009,542000
New Zealand,NZL,2010,570000
New Zealand,NZL,2011,542000
New Zealand,NZL,2012,580400
New Zealand,NZL,2013,618000
New Zealand,NZL,2014,657000
New Zealand,NZL,2015,545000
New Zealand,NZL,2016,608000
New Zealand,NZL,2017,558000
New Zealand,NZL,2018,589000
New Zealand,NZL,2019,620000
New Zealand,NZL,2020,601000
New Zealand,NZL,2021,690000
New Zealand,NZL,2022,605000
New Zealand,NZL,2023,651600
New Zealand,NZL,2024,661800
New Zealand,NZL,2025,672000
Nicaragua,NIC,-10000,0
Nicaragua,NIC,-9000,0
Nicaragua,NIC,-8000,0
Nicaragua,NIC,-7000,0
Nicaragua,NIC,-6000,0
Nicaragua,NIC,-5000,0
Nicaragua,NIC,-4000,0
Nicaragua,NIC,-3000,0
Nicaragua,NIC,-2000,0
Nicaragua,NIC,-1000,0
Nicaragua,NIC,0,102156.195
Nicaragua,NIC,100,109883.97
Nicaragua,NIC,200,118122.85
Nicaragua,NIC,300,126893.234
Nicaragua,NIC,400,136213.25
Nicaragua,NIC,500,146097.83
Nicaragua,NIC,600,156557.3
Nicaragua,NIC,700,167595.9
Nicaragua,NIC,800,179209.53
Nicaragua,NIC,900,191376.78
Nicaragua,NIC,1000,204080.95
Nicaragua,NIC,1100,217265.97
Nicaragua,NIC,1200,230856.81
Nicaragua,NIC,1300,244743.7
Nicaragua,NIC,1400,258769.8
Nicaragua,NIC,1500,272713.66
Nicaragua,NIC,1600,131205.78
Nicaragua,NIC,1700,62806.22
Nicaragua,NIC,1710,66977.72
Nicaragua,NIC,1720,71421.52
Nicaragua,NIC,1730,76154.914
Nicaragua,NIC,1740,81196.26
Nicaragua,NIC,1750,86565.02
Nicaragua,NIC,1760,92281.85
Nicaragua,NIC,1770,98368.59
Nicaragua,NIC,1780,104848.44
Nicaragua,NIC,1790,111745.94
Nicaragua,NIC,1800,119087.06
Nicaragua,NIC,1810,126899.305
Nicaragua,NIC,1820,135211.8
Nicaragua,NIC,1830,159323.8
Nicaragua,NIC,1840,184814.77
Nicaragua,NIC,1850,214362.62
Nicaragua,NIC,1860,226233.9
Nicaragua,NIC,1870,237931.42
Nicaragua,NIC,1880,269542.56
Nicaragua,NIC,1890,306121.66
Nicaragua,NIC,1900,347622.97
Nicaragua,NIC,1910,394701.28
Nicaragua,NIC,1920,448097.12
Nicaragua,NIC,1930,559990.06
Nicaragua,NIC,1940,664706.1
Nicaragua,NIC,1950,867287.9
Nicaragua,NIC,1951,891264.06
Nicaragua,NIC,1952,917223.8
Nicaragua,NIC,1953,945139.25
Nicaragua,NIC,1954,974895.8
Nicaragua,NIC,1955,1006337.8
Nicaragua,NIC,1956,1039251.4
Nicaragua,NIC,1957,1073377.9
Nicaragua,NIC,1958,1108413.4
Nicaragua,NIC,1959,1144043
Nicaragua,NIC,1960,1180000
Nicaragua,NIC,1961,1180000
Nicaragua,NIC,1962,1180000
Nicaragua,NIC,1963,1188000
Nicaragua,NIC,1964,1188000
Nicaragua,NIC,1965,1188000
Nicaragua,NIC,1966,1200000
Nicaragua,NIC,1967,1200000
Nicaragua,NIC,1968,1200000
Nicaragua,NIC,1969,1205000
Nicaragua,NIC,1970,1205000
Nicaragua,NIC,1971,1205000
Nicaragua,NIC,1972,1210000
Nicaragua,NIC,1973,1220000
Nicaragua,NIC,1974,1230000
Nicaragua,NIC,1975,1230000
Nicaragua,NIC,1976,1230000
Nicaragua,NIC,1977,1230000
Nicaragua,NIC,1978,1235000
Nicaragua,NIC,1979,1240000
Nicaragua,NIC,1980,1245000
Nicaragua,NIC,1981,1327000
Nicaragua,NIC,1982,1329000
Nicaragua,NIC,1983,1330000
Nicaragua,NIC,1984,1383000
Nicaragua,NIC,1985,1405000
Nicaragua,NIC,1986,1407000
Nicaragua,NIC,1987,1439000
Nicaragua,NIC,1988,1470000
Nicaragua,NIC,1989,1493000
Nicaragua,NIC,1990,1495000
Nicaragua,NIC,1991,1500000
Nicaragua,NIC,1992,1525000
Nicaragua,NIC,1993,1560000
Nicaragua,NIC,1994,1565000
Nicaragua,NIC,1995,1870000
Nicaragua,NIC,1996,1879000
Nicaragua,NIC,1997,1980000
Nicaragua,NIC,1998,2031000
Nicaragua,NIC,1999,2082000
Nicaragua,NIC,2000,2151000
Nicaragua,NIC,2001,2169000
Nicaragua,NIC,2002,2189000
Nicaragua,NIC,2003,2201000
Nicaragua,NIC,2004,2209000
Nicaragua,NIC,2005,2234000
Nicaragua,NIC,2006,2158000
Nicaragua,NIC,2007,2085000
Nicaragua,NIC,2008,2007000
Nicaragua,NIC,2009,1929000
Nicaragua,NIC,2010,1850000
Nicaragua,NIC,2011,1799000
Nicaragua,NIC,2012,1799000
Nicaragua,NIC,2013,1799000
Nicaragua,NIC,2014,1799000
Nicaragua,NIC,2015,1799000
Nicaragua,NIC,2016,1799000
Nicaragua,NIC,2017,1799000
Nicaragua,NIC,2018,1799000
Nicaragua,NIC,2019,1799000
Nicaragua,NIC,2020,1799000
Nicaragua,NIC,2021,1799000
Nicaragua,NIC,2022,1799000
Nicaragua,NIC,2023,1799000
Nicaragua,NIC,2024,1799000
Nicaragua,NIC,2025,1799000
Niger,NER,-10000,0
Niger,NER,-9000,0
Niger,NER,-8000,0
Niger,NER,-7000,0
Niger,NER,-6000,0
Niger,NER,-5000,0
Niger,NER,-4000,0
Niger,NER,-3000,0
Niger,NER,-2000,0
Niger,NER,-1000,0
Niger,NER,0,559012.1
Niger,NER,100,638870.94
Niger,NER,200,730138.25
Niger,NER,300,834443.6
Niger,NER,400,953649.9
Niger,NER,500,1089885.6
Niger,NER,600,1245583.6
Niger,NER,700,1423524.1
Niger,NER,800,1626884.6
Niger,NER,900,1717267.2
Niger,NER,1000,1807649
Niger,NER,1100,1943223.2
Niger,NER,1200,2078797.1
Niger,NER,1300,2308930.2
Niger,NER,1400,2473905
Niger,NER,1500,2711449.2
Niger,NER,1600,3163387
Niger,NER,1700,3615299.2
Niger,NER,1710,3628338.2
Niger,NER,1720,3641377
Niger,NER,1730,3654415.5
Niger,NER,1740,3667454.8
Niger,NER,1750,3680493.2
Niger,NER,1760,3693532.5
Niger,NER,1770,3706571
Niger,NER,1780,3719609.8
Niger,NER,1790,3732648.8
Niger,NER,1800,3745687.5
Niger,NER,1810,3758726.2
Niger,NER,1820,3771765.2
Niger,NER,1830,3784804
Niger,NER,1840,3797842.5
Niger,NER,1850,3810881.8
Niger,NER,1860,3887788.8
Niger,NER,1870,4006009.8
Niger,NER,1880,4169165.2
Niger,NER,1890,4338966
Niger,NER,1900,4515682.5
Niger,NER,1910,5037730.5
Niger,NER,1920,5455571.5
Niger,NER,1930,6269311
Niger,NER,1940,7133690.5
Niger,NER,1950,8443515
Niger,NER,1951,8702240
Niger,NER,1952,8961780
Niger,NER,1953,9222332
Niger,NER,1954,9484467
Niger,NER,1955,9749238
Niger,NER,1956,10018136
Niger,NER,1957,10293170
Niger,NER,1958,10576598
Niger,NER,1959,10870912
Niger,NER,1960,11178281
Niger,NER,1961,11500000
Niger,NER,1962,11500000
Niger,NER,1963,11500000
Niger,NER,1964,11500000
Niger,NER,1965,11500000
Niger,NER,1966,11500000
Niger,NER,1967,11500000
Niger,NER,1968,12177000
Niger,NER,1969,12176000
Niger,NER,1970,11200000
Niger,NER,1971,11230000
Niger,NER,1972,11177000
Niger,NER,1973,10814000
Niger,NER,1974,9780000
Niger,NER,1975,9780000
Niger,NER,1976,9780000
Niger,NER,1977,9780000
Niger,NER,1978,9780000
Niger,NER,1979,9958000
Niger,NER,1980,10220000
Niger,NER,1981,9780000
Niger,NER,1982,9860000
Niger,NER,1983,10010000
Niger,NER,1984,9780000
Niger,NER,1985,9780000
Niger,NER,1986,9780000
Niger,NER,1987,9512000
Niger,NER,1988,9500000
Niger,NER,1989,9605000
Niger,NER,1990,11047000
Niger,NER,1991,12105000
Niger,NER,1992,13000000
Niger,NER,1993,13000000
Niger,NER,1994,13000000
Niger,NER,1995,14000000
Niger,NER,1996,14000000
Niger,NER,1997,14000000
Niger,NER,1998,14000000
Niger,NER,1999,14000000
Niger,NER,2000,14000000
Niger,NER,2001,14000000
Niger,NER,2002,14000000
Niger,NER,2003,14100000
Niger,NER,2004,14160000
Niger,NER,2005,14183000
Niger,NER,2006,14207000
Niger,NER,2007,15000000
Niger,NER,2008,15000000
Niger,NER,2009,15000000
Niger,NER,2010,15200000
Niger,NER,2011,15700000
Niger,NER,2012,16000000
Niger,NER,2013,16900000
Niger,NER,2014,16900000
Niger,NER,2015,16913000
Niger,NER,2016,17613000
Niger,NER,2017,17813000
Niger,NER,2018,17813000
Niger,NER,2019,17813000
Niger,NER,2020,17813000
Niger,NER,2021,17813000
Niger,NER,2022,17813000
Niger,NER,2023,17813000
Niger,NER,2024,17813000
Niger,NER,2025,17813000
Nigeria,NGA,-10000,0
Nigeria,NGA,-9000,0
Nigeria,NGA,-8000,0
Nigeria,NGA,-7000,0
Nigeria,NGA,-6000,0
Nigeria,NGA,-5000,0
Nigeria,NGA,-4000,0
Nigeria,NGA,-3000,0
Nigeria,NGA,-2000,0
Nigeria,NGA,-1000,0
Nigeria,NGA,0,295321
Nigeria,NGA,100,393761.3
Nigeria,NGA,200,525015.06
Nigeria,NGA,300,700020.1
Nigeria,NGA,400,933360.1
Nigeria,NGA,500,1244480.2
Nigeria,NGA,600,1659307
Nigeria,NGA,700,2212409.5
Nigeria,NGA,800,2949879
Nigeria,NGA,900,3539855
Nigeria,NGA,1000,4129830.8
Nigeria,NGA,1100,4424819
Nigeria,NGA,1200,4719806.5
Nigeria,NGA,1300,5309782.5
Nigeria,NGA,1400,5899758
Nigeria,NGA,1500,6489725
Nigeria,NGA,1600,8259661.5
Nigeria,NGA,1700,10619565
Nigeria,NGA,1710,10505273
Nigeria,NGA,1720,10390980
Nigeria,NGA,1730,10276688
Nigeria,NGA,1740,10162396
Nigeria,NGA,1750,10048103
Nigeria,NGA,1760,9933811
Nigeria,NGA,1770,9819519
Nigeria,NGA,1780,9705227
Nigeria,NGA,1790,9590934
Nigeria,NGA,1800,9476642
Nigeria,NGA,1810,9362350
Nigeria,NGA,1820,9248058
Nigeria,NGA,1830,9133766
Nigeria,NGA,1840,9019473
Nigeria,NGA,1850,8905181
Nigeria,NGA,1860,9252515
Nigeria,NGA,1870,9654360
Nigeria,NGA,1880,10178553
Nigeria,NGA,1890,10842507
Nigeria,NGA,1900,11463593
Nigeria,NGA,1910,12551582
Nigeria,NGA,1920,13753936
Nigeria,NGA,1930,16110559
Nigeria,NGA,1940,18686768
Nigeria,NGA,1950,22336332
Nigeria,NGA,1951,22669218
Nigeria,NGA,1952,23029792
Nigeria,NGA,1953,23413638
Nigeria,NGA,1954,23817544
Nigeria,NGA,1955,24239490
Nigeria,NGA,1956,24678706
Nigeria,NGA,1957,25135630
Nigeria,NGA,1958,25611720
Nigeria,NGA,1959,26109194
Nigeria,NGA,1960,26630218
Nigeria,NGA,1961,27176000
Nigeria,NGA,1962,27323000
Nigeria,NGA,1963,27471000
Nigeria,NGA,1964,27618000
Nigeria,NGA,1965,27765000
Nigeria,NGA,1966,27813000
Nigeria,NGA,1967,27560000
Nigeria,NGA,1968,27708000
Nigeria,NGA,1969,27955000
Nigeria,NGA,1970,28152000
Nigeria,NGA,1971,28300000
Nigeria,NGA,1972,28447000
Nigeria,NGA,1973,28594000
Nigeria,NGA,1974,28742000
Nigeria,NGA,1975,28889000
Nigeria,NGA,1976,29036000
Nigeria,NGA,1977,29234000
Nigeria,NGA,1978,29381000
Nigeria,NGA,1979,29728000
Nigeria,NGA,1980,29976000
Nigeria,NGA,1981,30123000
Nigeria,NGA,1982,30271000
Nigeria,NGA,1983,30418000
Nigeria,NGA,1984,30765000
Nigeria,NGA,1985,31113000
Nigeria,NGA,1986,31360000
Nigeria,NGA,1987,31482000
Nigeria,NGA,1988,31712000
Nigeria,NGA,1989,31888000
Nigeria,NGA,1990,32074000
Nigeria,NGA,1991,33300000
Nigeria,NGA,1992,34500000
Nigeria,NGA,1993,34900000
Nigeria,NGA,1994,35900000
Nigeria,NGA,1995,38100000
Nigeria,NGA,1996,38300000
Nigeria,NGA,1997,38500000
Nigeria,NGA,1998,39350000
Nigeria,NGA,1999,40500000
Nigeria,NGA,2000,40800000
Nigeria,NGA,2001,41554990
Nigeria,NGA,2002,41685680
Nigeria,NGA,2003,41801892
Nigeria,NGA,2004,41908696
Nigeria,NGA,2005,42102150
Nigeria,NGA,2006,41837910
Nigeria,NGA,2007,42044236
Nigeria,NGA,2008,42154956
Nigeria,NGA,2009,43375496
Nigeria,NGA,2010,42458860
Nigeria,NGA,2011,42400720
Nigeria,NGA,2012,42535936
Nigeria,NGA,2013,42253584
Nigeria,NGA,2014,42280616
Nigeria,NGA,2015,42371924
Nigeria,NGA,2016,42457468
Nigeria,NGA,2017,42606960
Nigeria,NGA,2018,43079972
Nigeria,NGA,2019,43487744
Nigeria,NGA,2020,43842108
Nigeria,NGA,2021,44581596
Nigeria,NGA,2022,44636250
Nigeria,NGA,2023,45187452
Nigeria,NGA,2024,45608092
Nigeria,NGA,2025,46028736
North America,OWID_NAM,-10000,0
North America,OWID_NAM,-9000,0
North America,OWID_NAM,-8000,0
North America,OWID_NAM,-7000,0
North America,OWID_NAM,-6000,0
North America,OWID_NAM,-5000,0
North America,OWID_NAM,-4000,0
North America,OWID_NAM,-3000,0
North America,OWID_NAM,-2000,1149878.8
North America,OWID_NAM,-1000,1409384.4
North America,OWID_NAM,0,2934829
North America,OWID_NAM,100,3165004.2
North America,OWID_NAM,200,3413886.2
North America,OWID_NAM,300,3683141.2
North America,OWID_NAM,400,3974624.8
North America,OWID_NAM,500,4290373.5
North America,OWID_NAM,600,4632674
North America,OWID_NAM,700,5004026
North America,OWID_NAM,800,5765536
North America,OWID_NAM,900,7103735.5
North America,OWID_NAM,1000,8833454
North America,OWID_NAM,1100,9996978
North America,OWID_NAM,1200,11265880
North America,OWID_NAM,1300,12557752
North America,OWID_NAM,1400,13963602
North America,OWID_NAM,1500,15722926
North America,OWID_NAM,1600,2627268.2
North America,OWID_NAM,1700,4119455.5
North America,OWID_NAM,1710,4943839.5
North America,OWID_NAM,1720,5809044.5
North America,OWID_NAM,1730,6728928
North America,OWID_NAM,1740,7727392.5
North America,OWID_NAM,1750,8834372
North America,OWID_NAM,1760,9967333
North America,OWID_NAM,1770,11219806
North America,OWID_NAM,1780,12634554
North America,OWID_NAM,1790,14246658
North America,OWID_NAM,1800,17604790
North America,OWID_NAM,1810,21860310
North America,OWID_NAM,1820,27189742
North America,OWID_NAM,1830,34325052
North America,OWID_NAM,1840,43003136
North America,OWID_NAM,1850,52043220
North America,OWID_NAM,1860,71402860
North America,OWID_NAM,1870,81812990
North America,OWID_NAM,1880,117205450
North America,OWID_NAM,1890,145592940
North America,OWID_NAM,1900,166901890
North America,OWID_NAM,1910,197811970
North America,OWID_NAM,1920,215337470
North America,OWID_NAM,1930,226825810
North America,OWID_NAM,1940,226358260
North America,OWID_NAM,1950,245230910
North America,OWID_NAM,1951,245800780
North America,OWID_NAM,1952,246379410
North America,OWID_NAM,1953,246965070
North America,OWID_NAM,1954,247556780
North America,OWID_NAM,1955,248153120
North America,OWID_NAM,1956,248754370
North America,OWID_NAM,1957,249359360
North America,OWID_NAM,1958,249968100
North America,OWID_NAM,1959,250579380
North America,OWID_NAM,1960,249459490
North America,OWID_NAM,1961,250615710
North America,OWID_NAM,1962,247366750
North America,OWID_NAM,1963,250216700
North America,OWID_NAM,1964,249044770
North America,OWID_NAM,1965,248206850
North America,OWID_NAM,1966,247079400
North America,OWID_NAM,1967,246021380
North America,OWID_NAM,1968,252765310
North America,OWID_NAM,1969,261178240
North America,OWID_NAM,1970,259944740
North America,OWID_NAM,1971,259563740
North America,OWID_NAM,1972,259397800
North America,OWID_NAM,1973,259339900
North America,OWID_NAM,1974,258777730
North America,OWID_NAM,1975,259148670
North America,OWID_NAM,1976,259576860
North America,OWID_NAM,1977,260188830
North America,OWID_NAM,1978,262933780
North America,OWID_NAM,1979,263113680
North America,OWID_NAM,1980,263650300
North America,OWID_NAM,1981,264215520
North America,OWID_NAM,1982,263772780
North America,OWID_NAM,1983,264554030
North America,OWID_NAM,1984,264798270
North America,OWID_NAM,1985,265213090
North America,OWID_NAM,1986,265657820
North America,OWID_NAM,1987,264716380
North America,OWID_NAM,1988,265180900
North America,OWID_NAM,1989,266107490
North America,OWID_NAM,1990,267047140
North America,OWID_NAM,1991,268004060
North America,OWID_NAM,1992,266670940
North America,OWID_NAM,1993,265823620
North America,OWID_NAM,1994,265144530
North America,OWID_NAM,1995,265433680
North America,OWID_NAM,1996,262527060
North America,OWID_NAM,1997,261645860
North America,OWID_NAM,1998,261020110
North America,OWID_NAM,1999,259993440
North America,OWID_NAM,2000,259733540
North America,OWID_NAM,2001,260301000
North America,OWID_NAM,2002,257729570
North America,OWID_NAM,2003,257439650
North America,OWID_NAM,2004,256932580
North America,OWID_NAM,2005,256546880
North America,OWID_NAM,2006,256298910
North America,OWID_NAM,2007,244888080
North America,OWID_NAM,2008,244118080
North America,OWID_NAM,2009,243454340
North America,OWID_NAM,2010,242963150
North America,OWID_NAM,2011,242303860
North America,OWID_NAM,2012,235379700
North America,OWID_NAM,2013,236017470
North America,OWID_NAM,2014,236613900
North America,OWID_NAM,2015,237570640
North America,OWID_NAM,2016,237960080
North America,OWID_NAM,2017,237087120
North America,OWID_NAM,2018,236931300
North America,OWID_NAM,2019,236205820
North America,OWID_NAM,2020,236537150
North America,OWID_NAM,2021,236637570
North America,OWID_NAM,2022,235732830
North America,OWID_NAM,2023,235819400
North America,OWID_NAM,2024,235620880
North America,OWID_NAM,2025,235424350
North Korea,PRK,-10000,0
North Korea,PRK,-9000,0
North Korea,PRK,-8000,0
North Korea,PRK,-7000,0
North Korea,PRK,-6000,0
North Korea,PRK,-5000,0
North Korea,PRK,-4000,0
North Korea,PRK,-3000,0
North Korea,PRK,-2000,0
North Korea,PRK,-1000,65725.805
North Korea,PRK,0,71761.76
North Korea,PRK,100,90248.76
North Korea,PRK,200,113393.164
North Korea,PRK,300,142325.88
North Korea,PRK,400,178434.03
North Korea,PRK,500,223410.3
North Korea,PRK,600,279307.12
North Korea,PRK,700,348592.34
North Korea,PRK,800,434201.66
North Korea,PRK,900,474484.9
North Korea,PRK,1000,510683.4
North Korea,PRK,1100,591616.2
North Korea,PRK,1200,758354.56
North Korea,PRK,1300,543944.44
North Korea,PRK,1400,602703.44
North Korea,PRK,1500,648022.9
North Korea,PRK,1600,751677.75
North Korea,PRK,1700,853129.4
North Korea,PRK,1710,926478.5
North Korea,PRK,1720,963807.44
North Korea,PRK,1730,1002206.6
North Korea,PRK,1740,1041650.9
North Korea,PRK,1750,1082103.8
North Korea,PRK,1760,1123516.4
North Korea,PRK,1770,1165825.4
North Korea,PRK,1780,1208949.4
North Korea,PRK,1790,1252786
North Korea,PRK,1800,1297208.1
North Korea,PRK,1810,1342058.8
North Korea,PRK,1820,1387145.1
North Korea,PRK,1830,1384560.8
North Korea,PRK,1840,1363289
North Korea,PRK,1850,1340542.4
North Korea,PRK,1860,1316157.8
North Korea,PRK,1870,1289940.5
North Korea,PRK,1880,1260995.8
North Korea,PRK,1890,1236584.2
North Korea,PRK,1900,1209149.9
North Korea,PRK,1910,1178180.1
North Korea,PRK,1920,1479290.9
North Korea,PRK,1930,1695461.9
North Korea,PRK,1940,1928981.6
North Korea,PRK,1950,2172460.2
North Korea,PRK,1951,2095624.4
North Korea,PRK,1952,2040061.1
North Korea,PRK,1953,2006571.2
North Korea,PRK,1954,1994530.6
North Korea,PRK,1955,2001931.2
North Korea,PRK,1956,2025350.2
North Korea,PRK,1957,2060090.9
North Korea,PRK,1958,2100525.5
North Korea,PRK,1959,2140578.5
North Korea,PRK,1960,2175100
North Korea,PRK,1961,2175100
North Korea,PRK,1962,2175800
North Korea,PRK,1963,2176100
North Korea,PRK,1964,2176100
North Korea,PRK,1965,2177100
North Korea,PRK,1966,2178400
North Korea,PRK,1967,2178900
North Korea,PRK,1968,2179400
North Korea,PRK,1969,2179500
North Korea,PRK,1970,2182000
North Korea,PRK,1971,2197500
North Korea,PRK,1972,2195500
North Korea,PRK,1973,2251000
North Korea,PRK,1974,2255300
North Korea,PRK,1975,2271800
North Korea,PRK,1976,2276800
North Korea,PRK,1977,2281600
North Korea,PRK,1978,2284600
North Korea,PRK,1979,2287000
North Korea,PRK,1980,2387200
North Korea,PRK,1981,2399100
North Korea,PRK,1982,2408400
North Korea,PRK,1983,2420100
North Korea,PRK,1984,2433000
North Korea,PRK,1985,2447000
North Korea,PRK,1986,2447300
North Korea,PRK,1987,2448100
North Korea,PRK,1988,2448200
North Korea,PRK,1989,2448600
North Korea,PRK,1990,2454465
North Korea,PRK,1991,2475703
North Korea,PRK,1992,2477967
North Korea,PRK,1993,2468595
North Korea,PRK,1994,2581406
North Korea,PRK,1995,2570809
North Korea,PRK,1996,2474222
North Korea,PRK,1997,2474674
North Korea,PRK,1998,2475100
North Korea,PRK,1999,2476623
North Korea,PRK,2000,2479180
North Korea,PRK,2001,2482370
North Korea,PRK,2002,2483573
North Korea,PRK,2003,2484325
North Korea,PRK,2004,2488878
North Korea,PRK,2005,2540496
North Korea,PRK,2006,2544529
North Korea,PRK,2007,2546622
North Korea,PRK,2008,2606292
North Korea,PRK,2009,2616221
North Korea,PRK,2010,2623288
North Korea,PRK,2011,2582100
North Korea,PRK,2012,2581300
North Korea,PRK,2013,2581300
North Korea,PRK,2014,2579143
North Korea,PRK,2015,2580593
North Korea,PRK,2016,2552567
North Korea,PRK,2017,2547326
North Korea,PRK,2018,2547879
North Korea,PRK,2019,2544724
North Korea,PRK,2020,2546470
North Korea,PRK,2021,2545279
North Korea,PRK,2022,2544349
North Korea,PRK,2023,2543788.8
North Korea,PRK,2024,2543138.2
North Korea,PRK,2025,2542487.8
North Macedonia,MKD,-10000,0
North Macedonia,MKD,-9000,0
North Macedonia,MKD,-8000,0
North Macedonia,MKD,-7000,0
North Macedonia,MKD,-6000,0
North Macedonia,MKD,-5000,0
North Macedonia,MKD,-4000,7785.8286
North Macedonia,MKD,-3000,38929.145
North Macedonia,MKD,-2000,60369.08
North Macedonia,MKD,-1000,91761.23
North Macedonia,MKD,0,134598.52
North Macedonia,MKD,100,134420.2
North Macedonia,MKD,200,134254.28
North Macedonia,MKD,300,133969.92
North Macedonia,MKD,400,133554.66
North Macedonia,MKD,500,132994.23
North Macedonia,MKD,600,132272.19
North Macedonia,MKD,700,131369.3
North Macedonia,MKD,800,130263.02
North Macedonia,MKD,900,128926.45
North Macedonia,MKD,1000,127327.15
North Macedonia,MKD,1100,130552.586
North Macedonia,MKD,1200,133057.39
North Macedonia,MKD,1300,134743.38
North Macedonia,MKD,1400,135482.56
North Macedonia,MKD,1500,135102.53
North Macedonia,MKD,1600,156059.88
North Macedonia,MKD,1700,145797.58
North Macedonia,MKD,1710,149063.83
North Macedonia,MKD,1720,153004.11
North Macedonia,MKD,1730,157019.11
North Macedonia,MKD,1740,161107.78
North Macedonia,MKD,1750,165268.77
North Macedonia,MKD,1760,169500.39
North Macedonia,MKD,1770,173800.6
North Macedonia,MKD,1780,178166.89
North Macedonia,MKD,1790,182596.34
North Macedonia,MKD,1800,187085.5
North Macedonia,MKD,1810,191630.28
North Macedonia,MKD,1820,206929.25
North Macedonia,MKD,1830,223377.64
North Macedonia,MKD,1840,241050.75
North Macedonia,MKD,1850,260026.86
North Macedonia,MKD,1860,280386.9
North Macedonia,MKD,1870,311658.34
North Macedonia,MKD,1880,346261.03
North Macedonia,MKD,1890,384518.3
North Macedonia,MKD,1900,426777.78
North Macedonia,MKD,1910,473411.38
North Macedonia,MKD,1920,508911
North Macedonia,MKD,1930,546701.44
North Macedonia,MKD,1940,586861.25
North Macedonia,MKD,1950,629454.75
North Macedonia,MKD,1951,646372.6
North Macedonia,MKD,1952,660528.5
North Macedonia,MKD,1953,672584.56
North Macedonia,MKD,1954,683111.4
North Macedonia,MKD,1955,692575.6
North Macedonia,MKD,1956,701348.44
North Macedonia,MKD,1957,709705.1
North Macedonia,MKD,1958,717819.7
North Macedonia,MKD,1959,725812.44
North Macedonia,MKD,1960,733764.5
North Macedonia,MKD,1961,733764.5
North Macedonia,MKD,1962,732101.25
North Macedonia,MKD,1963,731225.8
North Macedonia,MKD,1964,730350.44
North Macedonia,MKD,1965,727111.44
North Macedonia,MKD,1966,723609.8
North Macedonia,MKD,1967,723697.3
North Macedonia,MKD,1968,721859
North Macedonia,MKD,1969,721071.1
North Macedonia,MKD,1970,718269.8
North Macedonia,MKD,1971,715468.56
North Macedonia,MKD,1972,711704.3
North Macedonia,MKD,1973,708290.25
North Macedonia,MKD,1974,706101.7
North Macedonia,MKD,1975,703300.4
North Macedonia,MKD,1976,700761.75
North Macedonia,MKD,1977,695771.94
North Macedonia,MKD,1978,693933.56
North Macedonia,MKD,1979,691219.8
North Macedonia,MKD,1980,690169.3
North Macedonia,MKD,1981,688418.5
North Macedonia,MKD,1982,686230
North Macedonia,MKD,1983,683953.94
North Macedonia,MKD,1984,681765.44
North Macedonia,MKD,1985,681065.1
North Macedonia,MKD,1986,680802.5
North Macedonia,MKD,1987,679839.56
North Macedonia,MKD,1988,679314.3
North Macedonia,MKD,1989,678789.06
North Macedonia,MKD,1990,677388.44
North Macedonia,MKD,1991,667496.3
North Macedonia,MKD,1992,662000
North Macedonia,MKD,1993,663000
North Macedonia,MKD,1994,661000
North Macedonia,MKD,1995,656000
North Macedonia,MKD,1996,658000
North Macedonia,MKD,1997,647000
North Macedonia,MKD,1998,635000
North Macedonia,MKD,1999,633000
North Macedonia,MKD,2000,599000
North Macedonia,MKD,2001,612000
North Macedonia,MKD,2002,543000
North Macedonia,MKD,2003,515000
North Macedonia,MKD,2004,509000
North Macedonia,MKD,2005,487000
North Macedonia,MKD,2006,477000
North Macedonia,MKD,2007,467000
North Macedonia,MKD,2008,460000
North Macedonia,MKD,2009,455000
North Macedonia,MKD,2010,449000
North Macedonia,MKD,2011,449000
North Macedonia,MKD,2012,450000
North Macedonia,MKD,2013,450000
North Macedonia,MKD,2014,450000
North Macedonia,MKD,2015,453000
North Macedonia,MKD,2016,456000
North Macedonia,MKD,2017,457000
North Macedonia,MKD,2018,459000
North Macedonia,MKD,2019,460000
North Macedonia,MKD,2020,457000
North Macedonia,MKD,2021,458000
North Macedonia,MKD,2022,456000
North Macedonia,MKD,2023,455600
North Macedonia,MKD,2024,454800
North Macedonia,MKD,2025,454000
Norway,NOR,-10000,0
Norway,NOR,-9000,0
Norway,NOR,-8000,0
Norway,NOR,-7000,0
Norway,NOR,-6000,0
Norway,NOR,-5000,0
Norway,NOR,-4000,0
Norway,NOR,-3000,0
Norway,NOR,-2000,637.9577
Norway,NOR,-1000,4828.4165
Norway,NOR,0,57299.78
Norway,NOR,100,62389.934
Norway,NOR,200,67333.85
Norway,NOR,300,72120.78
Norway,NOR,400,76738.37
Norway,NOR,500,81172
Norway,NOR,600,85405.66
Norway,NOR,700,89418.65
Norway,NOR,800,93187.336
Norway,NOR,900,96682.6
Norway,NOR,1000,99868.16
Norway,NOR,1100,132052.62
Norway,NOR,1200,162463.66
Norway,NOR,1300,186164.17
Norway,NOR,1400,90292.83
Norway,NOR,1500,174253.39
Norway,NOR,1600,208522.14
Norway,NOR,1700,236652.38
Norway,NOR,1710,243564.75
Norway,NOR,1720,250623.47
Norway,NOR,1730,257825.53
Norway,NOR,1740,265167.12
Norway,NOR,1750,272643.12
Norway,NOR,1760,280247.16
Norway,NOR,1770,287971.38
Norway,NOR,1780,295806.03
Norway,NOR,1790,303739.28
Norway,NOR,1800,311756.84
Norway,NOR,1810,319841.34
Norway,NOR,1820,346114
Norway,NOR,1830,388405.72
Norway,NOR,1840,431333.44
Norway,NOR,1850,482503.28
Norway,NOR,1860,535683.4
Norway,NOR,1870,570903.44
Norway,NOR,1880,582038.8
Norway,NOR,1890,591515.8
Norway,NOR,1900,620164.1
Norway,NOR,1910,643687.8
Norway,NOR,1920,687977.56
Norway,NOR,1930,706707.94
Norway,NOR,1940,727137.2
Norway,NOR,1950,755826.44
Norway,NOR,1951,759564.6
Norway,NOR,1952,762844.44
Norway,NOR,1953,765795
Norway,NOR,1954,768510.75
Norway,NOR,1955,771059.6
Norway,NOR,1956,773473.75
Norway,NOR,1957,775758.6
Norway,NOR,1958,777891.5
Norway,NOR,1959,779832.4
Norway,NOR,1960,781542.56
Norway,NOR,1961,857000
Norway,NOR,1962,855000
Norway,NOR,1963,853000
Norway,NOR,1964,851000
Norway,NOR,1965,849000
Norway,NOR,1966,847000
Norway,NOR,1967,845000
Norway,NOR,1968,843000
Norway,NOR,1969,827000
Norway,NOR,1970,814000
Norway,NOR,1971,806000
Norway,NOR,1972,795000
Norway,NOR,1973,790000
Norway,NOR,1974,793000
Norway,NOR,1975,792000
Norway,NOR,1976,795000
Norway,NOR,1977,800000
Norway,NOR,1978,806000
Norway,NOR,1979,830000
Norway,NOR,1980,817000
Norway,NOR,1981,828000
Norway,NOR,1982,841000
Norway,NOR,1983,849000
Norway,NOR,1984,855000
Norway,NOR,1985,858000
Norway,NOR,1986,869000
Norway,NOR,1987,869000
Norway,NOR,1988,874000
Norway,NOR,1989,882000
Norway,NOR,1990,864000
Norway,NOR,1991,892000
Norway,NOR,1992,883000
Norway,NOR,1993,890000
Norway,NOR,1994,901000
Norway,NOR,1995,992000
Norway,NOR,1996,1000000
Norway,NOR,1997,902000
Norway,NOR,1998,903000
Norway,NOR,1999,887000
Norway,NOR,2000,884000
Norway,NOR,2001,886000
Norway,NOR,2002,883000
Norway,NOR,2003,876000
Norway,NOR,2004,874000
Norway,NOR,2005,867000
Norway,NOR,2006,863000
Norway,NOR,2007,857400
Norway,NOR,2008,849700
Norway,NOR,2009,839459.94
Norway,NOR,2010,830100
Norway,NOR,2011,822400
Norway,NOR,2012,816300
Norway,NOR,2013,810753.9
Norway,NOR,2014,811130
Norway,NOR,2015,810163
Norway,NOR,2016,808158
Norway,NOR,2017,804506
Norway,NOR,2018,806283
Norway,NOR,2019,805146
Norway,NOR,2020,807663
Norway,NOR,2021,807000
Norway,NOR,2022,807000
Norway,NOR,2023,807604.8
Norway,NOR,2024,807933.6
Norway,NOR,2025,808262.4
Oceania,OWID_OCE,-10000,0
Oceania,OWID_OCE,-9000,0
Oceania,OWID_OCE,-8000,0
Oceania,OWID_OCE,-7000,0
Oceania,OWID_OCE,-6000,0
Oceania,OWID_OCE,-5000,0
Oceania,OWID_OCE,-4000,54932.617
Oceania,OWID_OCE,-3000,247181.9
Oceania,OWID_OCE,-2000,344059.9
Oceania,OWID_OCE,-1000,474982.5
Oceania,OWID_OCE,0,621419.6
Oceania,OWID_OCE,100,640289.9
Oceania,OWID_OCE,200,659128.7
Oceania,OWID_OCE,300,677850.5
Oceania,OWID_OCE,400,696308.9
Oceania,OWID_OCE,500,714351
Oceania,OWID_OCE,600,731779.44
Oceania,OWID_OCE,700,748363.94
Oceania,OWID_OCE,800,763815.75
Oceania,OWID_OCE,900,777778.2
Oceania,OWID_OCE,1000,789801.94
Oceania,OWID_OCE,1100,799298.25
Oceania,OWID_OCE,1200,805594.25
Oceania,OWID_OCE,1300,809120
Oceania,OWID_OCE,1400,806840.1
Oceania,OWID_OCE,1500,797603.2
Oceania,OWID_OCE,1600,778321
Oceania,OWID_OCE,1700,743470.2
Oceania,OWID_OCE,1710,739547.3
Oceania,OWID_OCE,1720,735610.44
Oceania,OWID_OCE,1730,731643.7
Oceania,OWID_OCE,1740,727673.75
Oceania,OWID_OCE,1750,723735.6
Oceania,OWID_OCE,1760,719874.1
Oceania,OWID_OCE,1770,716146.75
Oceania,OWID_OCE,1780,712626.44
Oceania,OWID_OCE,1790,718337.56
Oceania,OWID_OCE,1800,723737.25
Oceania,OWID_OCE,1810,729163.8
Oceania,OWID_OCE,1820,734053.2
Oceania,OWID_OCE,1830,745389.75
Oceania,OWID_OCE,1840,775915.1
Oceania,OWID_OCE,1850,897802.25
Oceania,OWID_OCE,1860,1176868.8
Oceania,OWID_OCE,1870,1619872.4
Oceania,OWID_OCE,1880,2637374.2
Oceania,OWID_OCE,1890,3098949
Oceania,OWID_OCE,1900,4732394.5
Oceania,OWID_OCE,1910,5652767.5
Oceania,OWID_OCE,1920,6065570
Oceania,OWID_OCE,1930,12013079
Oceania,OWID_OCE,1940,11826988
Oceania,OWID_OCE,1950,11721745
Oceania,OWID_OCE,1951,12091047
Oceania,OWID_OCE,1952,12461400
Oceania,OWID_OCE,1953,12831881
Oceania,OWID_OCE,1954,13201855
Oceania,OWID_OCE,1955,13570887
Oceania,OWID_OCE,1956,13938875
Oceania,OWID_OCE,1957,14305836
Oceania,OWID_OCE,1958,14671976
Oceania,OWID_OCE,1959,15037521
Oceania,OWID_OCE,1960,15402611
Oceania,OWID_OCE,1961,15772324
Oceania,OWID_OCE,1962,16927196
Oceania,OWID_OCE,1963,16801884
Oceania,OWID_OCE,1964,17746100
Oceania,OWID_OCE,1965,18787888
Oceania,OWID_OCE,1966,20242220
Oceania,OWID_OCE,1967,20749288
Oceania,OWID_OCE,1968,22898126
Oceania,OWID_OCE,1969,21142112
Oceania,OWID_OCE,1970,20019572
Oceania,OWID_OCE,1971,18398930
Oceania,OWID_OCE,1972,18598730
Oceania,OWID_OCE,1973,16485580
Oceania,OWID_OCE,1974,16360430
Oceania,OWID_OCE,1975,15195430
Oceania,OWID_OCE,1976,16135430
Oceania,OWID_OCE,1977,16527130
Oceania,OWID_OCE,1978,18349830
Oceania,OWID_OCE,1979,19021430
Oceania,OWID_OCE,1980,19522928
Oceania,OWID_OCE,1981,19996430
Oceania,OWID_OCE,1982,21241930
Oceania,OWID_OCE,1983,21072030
Oceania,OWID_OCE,1984,23597930
Oceania,OWID_OCE,1985,22862930
Oceania,OWID_OCE,1986,22597330
Oceania,OWID_OCE,1987,21474630
Oceania,OWID_OCE,1988,20058930
Oceania,OWID_OCE,1989,19409620
Oceania,OWID_OCE,1990,18873920
Oceania,OWID_OCE,1991,19134954
Oceania,OWID_OCE,1992,18159276
Oceania,OWID_OCE,1993,19074206
Oceania,OWID_OCE,1994,19818108
Oceania,OWID_OCE,1995,18827028
Oceania,OWID_OCE,1996,21206962
Oceania,OWID_OCE,1997,22927930
Oceania,OWID_OCE,1998,23430920
Oceania,OWID_OCE,1999,25110218
Oceania,OWID_OCE,2000,25615946
Oceania,OWID_OCE,2001,26371996
Oceania,OWID_OCE,2002,25920526
Oceania,OWID_OCE,2003,25448356
Oceania,OWID_OCE,2004,27965570
Oceania,OWID_OCE,2005,28643804
Oceania,OWID_OCE,2006,26458234
Oceania,OWID_OCE,2007,25517768
Oceania,OWID_OCE,2008,26411504
Oceania,OWID_OCE,2009,29586836
Oceania,OWID_OCE,2010,28082770
Oceania,OWID_OCE,2011,34191300
Oceania,OWID_OCE,2012,34151964
Oceania,OWID_OCE,2013,33812390
Oceania,OWID_OCE,2014,34573716
Oceania,OWID_OCE,2015,33576130
Oceania,OWID_OCE,2016,32621060
Oceania,OWID_OCE,2017,33340990
Oceania,OWID_OCE,2018,33597900
Oceania,OWID_OCE,2019,33237870
Oceania,OWID_OCE,2020,33293688
Oceania,OWID_OCE,2021,34036704
Oceania,OWID_OCE,2022,33951690
Oceania,OWID_OCE,2023,34075492
Oceania,OWID_OCE,2024,34226130
Oceania,OWID_OCE,2025,34376770
Oman,OMN,-10000,0
Oman,OMN,-9000,0
Oman,OMN,-8000,0
Oman,OMN,-7000,0
Oman,OMN,-6000,0
Oman,OMN,-5000,0
Oman,OMN,-4000,0
Oman,OMN,-3000,0
Oman,OMN,-2000,93775.36
Oman,OMN,-1000,127658.64
Oman,OMN,0,166906.2
Oman,OMN,100,169674.36
Oman,OMN,200,172322.12
Oman,OMN,300,174822.77
Oman,OMN,400,177145
Oman,OMN,500,179251.98
Oman,OMN,600,181100.05
Oman,OMN,700,182636.98
Oman,OMN,800,183799.69
Oman,OMN,900,178360.64
Oman,OMN,1000,172567.73
Oman,OMN,1100,166357.36
Oman,OMN,1200,159644.67
Oman,OMN,1300,152315.22
Oman,OMN,1400,144202.55
Oman,OMN,1500,135057.17
Oman,OMN,1600,146252.66
Oman,OMN,1700,150781.78
Oman,OMN,1710,151031.1
Oman,OMN,1720,151168.11
Oman,OMN,1730,151186.64
Oman,OMN,1740,151079.72
Oman,OMN,1750,150839.67
Oman,OMN,1760,150457.89
Oman,OMN,1770,149924.61
Oman,OMN,1780,149228.83
Oman,OMN,1790,148357.89
Oman,OMN,1800,147297.34
Oman,OMN,1810,146030.28
Oman,OMN,1820,144536.95
Oman,OMN,1830,144931.69
Oman,OMN,1840,145278.19
Oman,OMN,1850,145289.78
Oman,OMN,1860,144902.77
Oman,OMN,1870,144037.14
Oman,OMN,1880,142382.77
Oman,OMN,1890,143384.22
Oman,OMN,1900,143414.45
Oman,OMN,1910,142121.06
Oman,OMN,1920,132875.7
Oman,OMN,1930,122072.96
Oman,OMN,1940,107942.79
Oman,OMN,1950,87076.445
Oman,OMN,1951,85261.4
Oman,OMN,1952,83378.64
Oman,OMN,1953,81298.92
Oman,OMN,1954,78887.37
Oman,OMN,1955,75987.2
Oman,OMN,1956,72396.64
Oman,OMN,1957,67795.91
Oman,OMN,1958,61618.38
Oman,OMN,1959,52533.105
Oman,OMN,1960,35000
Oman,OMN,1961,35000
Oman,OMN,1962,35000
Oman,OMN,1963,35000
Oman,OMN,1964,36000
Oman,OMN,1965,36000
Oman,OMN,1966,36000
Oman,OMN,1967,38000
Oman,OMN,1968,40000
Oman,OMN,1969,40000
Oman,OMN,1970,42000
Oman,OMN,1971,42000
Oman,OMN,1972,44000
Oman,OMN,1973,45000
Oman,OMN,1974,46000
Oman,OMN,1975,47000
Oman,OMN,1976,48000
Oman,OMN,1977,49000
Oman,OMN,1978,51000
Oman,OMN,1979,51000
Oman,OMN,1980,51000
Oman,OMN,1981,51000
Oman,OMN,1982,51000
Oman,OMN,1983,55000
Oman,OMN,1984,59000
Oman,OMN,1985,61000
Oman,OMN,1986,67000
Oman,OMN,1987,70000
Oman,OMN,1988,73000
Oman,OMN,1989,77000
Oman,OMN,1990,80000
Oman,OMN,1991,80000
Oman,OMN,1992,83000
Oman,OMN,1993,72000
Oman,OMN,1994,72000
Oman,OMN,1995,71000
Oman,OMN,1996,71000
Oman,OMN,1997,70000
Oman,OMN,1998,71000
Oman,OMN,1999,71000
Oman,OMN,2000,73000
Oman,OMN,2001,73600
Oman,OMN,2002,73400
Oman,OMN,2003,73000
Oman,OMN,2004,72000
Oman,OMN,2005,65000
Oman,OMN,2006,63000
Oman,OMN,2007,65000
Oman,OMN,2008,67000
Oman,OMN,2009,74000
Oman,OMN,2010,72600
Oman,OMN,2011,76000
Oman,OMN,2012,72800
Oman,OMN,2013,68500
Oman,OMN,2014,68800
Oman,OMN,2015,83000
Oman,OMN,2016,85000
Oman,OMN,2017,100920
Oman,OMN,2018,108890
Oman,OMN,2019,108890
Oman,OMN,2020,110400
Oman,OMN,2021,107930.01
Oman,OMN,2022,116219.99
Oman,OMN,2023,114576
Oman,OMN,2024,115946
Oman,OMN,2025,117316
Pakistan,PAK,-10000,0
Pakistan,PAK,-9000,0
Pakistan,PAK,-8000,0
Pakistan,PAK,-7000,0
Pakistan,PAK,-6000,0
Pakistan,PAK,-5000,0
Pakistan,PAK,-4000,0
Pakistan,PAK,-3000,0
Pakistan,PAK,-2000,1310113.1
Pakistan,PAK,-1000,2693457.2
Pakistan,PAK,0,4140872.8
Pakistan,PAK,100,4400218.5
Pakistan,PAK,200,4651318.5
Pakistan,PAK,300,4952510.5
Pakistan,PAK,400,5242711.5
Pakistan,PAK,500,5520983
Pakistan,PAK,600,5786227
Pakistan,PAK,700,6316629
Pakistan,PAK,800,6822349
Pakistan,PAK,900,7516876.5
Pakistan,PAK,1000,8172343
Pakistan,PAK,1100,8315604.5
Pakistan,PAK,1200,8428994
Pakistan,PAK,1300,8209879.5
Pakistan,PAK,1400,9020052
Pakistan,PAK,1500,9258507
Pakistan,PAK,1600,11522470
Pakistan,PAK,1700,13411175
Pakistan,PAK,1710,13460186
Pakistan,PAK,1720,13642206
Pakistan,PAK,1730,13823406
Pakistan,PAK,1740,14003448
Pakistan,PAK,1750,14181955
Pakistan,PAK,1760,14358500
Pakistan,PAK,1770,14532602
Pakistan,PAK,1780,14703722
Pakistan,PAK,1790,14871250
Pakistan,PAK,1800,15034491
Pakistan,PAK,1810,15192652
Pakistan,PAK,1820,15344825
Pakistan,PAK,1830,15489964
Pakistan,PAK,1840,15626856
Pakistan,PAK,1850,15754088
Pakistan,PAK,1860,15869991
Pakistan,PAK,1870,15972594
Pakistan,PAK,1880,16059522
Pakistan,PAK,1890,16127895
Pakistan,PAK,1900,16174162
Pakistan,PAK,1910,16193870
Pakistan,PAK,1920,16843982
Pakistan,PAK,1930,18218684
Pakistan,PAK,1940,20107346
Pakistan,PAK,1950,25719340
Pakistan,PAK,1951,25967904
Pakistan,PAK,1952,26263862
Pakistan,PAK,1953,26603910
Pakistan,PAK,1954,26985266
Pakistan,PAK,1955,27405562
Pakistan,PAK,1956,27862928
Pakistan,PAK,1957,28355954
Pakistan,PAK,1958,28883632
Pakistan,PAK,1959,29445246
Pakistan,PAK,1960,30040106
Pakistan,PAK,1961,30729968
Pakistan,PAK,1962,30839968
Pakistan,PAK,1963,30879966
Pakistan,PAK,1964,31354954
Pakistan,PAK,1965,32234118
Pakistan,PAK,1966,32413024
Pakistan,PAK,1967,32467510
Pakistan,PAK,1968,32169396
Pakistan,PAK,1969,30699972
Pakistan,PAK,1970,30864968
Pakistan,PAK,1971,30484966
Pakistan,PAK,1972,30504962
Pakistan,PAK,1973,31399938
Pakistan,PAK,1974,30739972
Pakistan,PAK,1975,31034950
Pakistan,PAK,1976,30711972
Pakistan,PAK,1977,30912950
Pakistan,PAK,1978,31416944
Pakistan,PAK,1979,31336946
Pakistan,PAK,1980,32413012
Pakistan,PAK,1981,31503922
Pakistan,PAK,1982,33497518
Pakistan,PAK,1983,31408934
Pakistan,PAK,1984,32494446
Pakistan,PAK,1985,32117484
Pakistan,PAK,1986,30570978
Pakistan,PAK,1987,31670912
Pakistan,PAK,1988,30346968
Pakistan,PAK,1989,30859960
Pakistan,PAK,1990,30205968
Pakistan,PAK,1991,30269972
Pakistan,PAK,1992,30379968
Pakistan,PAK,1993,30749960
Pakistan,PAK,1994,30789966
Pakistan,PAK,1995,31025954
Pakistan,PAK,1996,31171968
Pakistan,PAK,1997,31668950
Pakistan,PAK,1998,31759934
Pakistan,PAK,1999,31755910
Pakistan,PAK,2000,31697938
Pakistan,PAK,2001,31971876
Pakistan,PAK,2002,31883896
Pakistan,PAK,2003,31841832
Pakistan,PAK,2004,31044954
Pakistan,PAK,2005,30964960
Pakistan,PAK,2006,31134946
Pakistan,PAK,2007,31012946
Pakistan,PAK,2008,30312978
Pakistan,PAK,2009,30276982
Pakistan,PAK,2010,30241962
Pakistan,PAK,2011,30935918
Pakistan,PAK,2012,31062916
Pakistan,PAK,2013,31279918
Pakistan,PAK,2014,31251896
Pakistan,PAK,2015,31201900
Pakistan,PAK,2016,31793938
Pakistan,PAK,2017,32002932
Pakistan,PAK,2018,31952934
Pakistan,PAK,2019,31273890
Pakistan,PAK,2020,31672778
Pakistan,PAK,2021,31013918
Pakistan,PAK,2022,30946906
Pakistan,PAK,2023,30690532
Pakistan,PAK,2024,30463332
Pakistan,PAK,2025,30236144
Panama,PAN,-10000,0
Panama,PAN,-9000,0
Panama,PAN,-8000,0
Panama,PAN,-7000,0
Panama,PAN,-6000,0
Panama,PAN,-5000,0
Panama,PAN,-4000,0
Panama,PAN,-3000,0
Panama,PAN,-2000,0
Panama,PAN,-1000,0
Panama,PAN,0,45492.75
Panama,PAN,100,49750.344
Panama,PAN,200,54363.094
Panama,PAN,300,59351.27
Panama,PAN,400,64733.79
Panama,PAN,500,70527.27
Panama,PAN,600,76744.766
Panama,PAN,700,83393.93
Panama,PAN,800,90474.77
Panama,PAN,900,97976.266
Panama,PAN,1000,105871.92
Panama,PAN,1100,114113.44
Panama,PAN,1200,122621.62
Panama,PAN,1300,131272.9
Panama,PAN,1400,139879.1
Panama,PAN,1500,148154.55
Panama,PAN,1600,70047.6
Panama,PAN,1700,32745.887
Panama,PAN,1710,34210.57
Panama,PAN,1720,35734.535
Panama,PAN,1730,37319.58
Panama,PAN,1740,38967.46
Panama,PAN,1750,40679.934
Panama,PAN,1760,42458.7
Panama,PAN,1770,44305.387
Panama,PAN,1780,46221.574
Panama,PAN,1790,48208.72
Panama,PAN,1800,50268.164
Panama,PAN,1810,52401.105
Panama,PAN,1820,57981.42
Panama,PAN,1830,64136.035
Panama,PAN,1840,70920.46
Panama,PAN,1850,78394.87
Panama,PAN,1860,89275.41
Panama,PAN,1870,99858.77
Panama,PAN,1880,108297.78
Panama,PAN,1890,124751.98
Panama,PAN,1900,143633.78
Panama,PAN,1910,181707.9
Panama,PAN,1920,219126.17
Panama,PAN,1930,249952.61
Panama,PAN,1940,332694.8
Panama,PAN,1950,435445.6
Panama,PAN,1951,445674.4
Panama,PAN,1952,456548.44
Panama,PAN,1953,468027.2
Panama,PAN,1954,480079.97
Panama,PAN,1955,492692.2
Panama,PAN,1956,505848.5
Panama,PAN,1957,519552.94
Panama,PAN,1958,533801.2
Panama,PAN,1959,548617.06
Panama,PAN,1960,564000
Panama,PAN,1961,564000
Panama,PAN,1962,564000
Panama,PAN,1963,564000
Panama,PAN,1964,558000
Panama,PAN,1965,558000
Panama,PAN,1966,558000
Panama,PAN,1967,549000
Panama,PAN,1968,549000
Panama,PAN,1969,547000
Panama,PAN,1970,543000
Panama,PAN,1971,543000
Panama,PAN,1972,543000
Panama,PAN,1973,543000
Panama,PAN,1974,545000
Panama,PAN,1975,546000
Panama,PAN,1976,547000
Panama,PAN,1977,549000
Panama,PAN,1978,550000
Panama,PAN,1979,552000
Panama,PAN,1980,555000
Panama,PAN,1981,562000
Panama,PAN,1982,574000
Panama,PAN,1983,581000
Panama,PAN,1984,586000
Panama,PAN,1985,595000
Panama,PAN,1986,605000
Panama,PAN,1987,615000
Panama,PAN,1988,625000
Panama,PAN,1989,640000
Panama,PAN,1990,654000
Panama,PAN,1991,654000
Panama,PAN,1992,660000
Panama,PAN,1993,660000
Panama,PAN,1994,665000
Panama,PAN,1995,655000
Panama,PAN,1996,655000
Panama,PAN,1997,663000
Panama,PAN,1998,672000
Panama,PAN,1999,680000
Panama,PAN,2000,695000
Panama,PAN,2001,708000
Panama,PAN,2002,708000
Panama,PAN,2003,708000
Panama,PAN,2004,708000
Panama,PAN,2005,708000
Panama,PAN,2006,705000
Panama,PAN,2007,715000
Panama,PAN,2008,715000
Panama,PAN,2009,720000
Panama,PAN,2010,757390
Panama,PAN,2011,754000
Panama,PAN,2012,744000
Panama,PAN,2013,734000
Panama,PAN,2014,724000
Panama,PAN,2015,714000
Panama,PAN,2016,704000
Panama,PAN,2017,694000
Panama,PAN,2018,684000
Panama,PAN,2019,674000
Panama,PAN,2020,665100
Panama,PAN,2021,672316
Panama,PAN,2022,672316
Panama,PAN,2023,666030.8
Panama,PAN,2024,663525.56
Panama,PAN,2025,661020.44
Papua New Guinea,PNG,-10000,0
Papua New Guinea,PNG,-9000,0
Papua New Guinea,PNG,-8000,0
Papua New Guinea,PNG,-7000,0
Papua New Guinea,PNG,-6000,0
Papua New Guinea,PNG,-5000,0
Papua New Guinea,PNG,-4000,54932.617
Papua New Guinea,PNG,-3000,247181.9
Papua New Guinea,PNG,-2000,344059.9
Papua New Guinea,PNG,-1000,468583.5
Papua New Guinea,PNG,0,613150.3
Papua New Guinea,PNG,100,631321.94
Papua New Guinea,PNG,200,649407.9
Papua New Guinea,PNG,300,667308
Papua New Guinea,PNG,400,684891.56
Papua New Guinea,PNG,500,701981.5
Papua New Guinea,PNG,600,718399
Papua New Guinea,PNG,700,733901.9
Papua New Guinea,PNG,800,748199.56
Papua New Guinea,PNG,900,760932.8
Papua New Guinea,PNG,1000,771651.75
Papua New Guinea,PNG,1100,779768.2
Papua New Guinea,PNG,1200,784527.56
Papua New Guinea,PNG,1300,784914.8
Papua New Guinea,PNG,1400,779520.2
Papua New Guinea,PNG,1500,766287.06
Papua New Guinea,PNG,1600,742078.9
Papua New Guinea,PNG,1700,701141.25
Papua New Guinea,PNG,1710,694865.3
Papua New Guinea,PNG,1720,688319.4
Papua New Guinea,PNG,1730,681486.44
Papua New Guinea,PNG,1740,674347.5
Papua New Guinea,PNG,1750,666881.7
Papua New Guinea,PNG,1760,659065.4
Papua New Guinea,PNG,1770,650872.25
Papua New Guinea,PNG,1780,642272.56
Papua New Guinea,PNG,1790,633232.5
Papua New Guinea,PNG,1800,623713.5
Papua New Guinea,PNG,1810,613670.94
Papua New Guinea,PNG,1820,603053.25
Papua New Guinea,PNG,1830,591799.8
Papua New Guinea,PNG,1840,579838.8
Papua New Guinea,PNG,1850,567084.25
Papua New Guinea,PNG,1860,553431.5
Papua New Guinea,PNG,1870,538031.56
Papua New Guinea,PNG,1880,521485.06
Papua New Guinea,PNG,1890,503588.1
Papua New Guinea,PNG,1900,484070.8
Papua New Guinea,PNG,1910,462563.2
Papua New Guinea,PNG,1920,465012.4
Papua New Guinea,PNG,1930,462335.3
Papua New Guinea,PNG,1940,452105.28
Papua New Guinea,PNG,1950,429992
Papua New Guinea,PNG,1951,431446.94
Papua New Guinea,PNG,1952,432675.28
Papua New Guinea,PNG,1953,433758
Papua New Guinea,PNG,1954,434737.06
Papua New Guinea,PNG,1955,435622.75
Papua New Guinea,PNG,1956,436396.1
Papua New Guinea,PNG,1957,437008.06
Papua New Guinea,PNG,1958,437375
Papua New Guinea,PNG,1959,437405.72
Papua New Guinea,PNG,1960,437000
Papua New Guinea,PNG,1961,437000
Papua New Guinea,PNG,1962,447000
Papua New Guinea,PNG,1963,451000
Papua New Guinea,PNG,1964,480000
Papua New Guinea,PNG,1965,480000
Papua New Guinea,PNG,1966,476000
Papua New Guinea,PNG,1967,497000
Papua New Guinea,PNG,1968,507000
Papua New Guinea,PNG,1969,522000
Papua New Guinea,PNG,1970,535000
Papua New Guinea,PNG,1971,547000
Papua New Guinea,PNG,1972,558000
Papua New Guinea,PNG,1973,578000
Papua New Guinea,PNG,1974,602000
Papua New Guinea,PNG,1975,619000
Papua New Guinea,PNG,1976,639000
Papua New Guinea,PNG,1977,652000
Papua New Guinea,PNG,1978,677000
Papua New Guinea,PNG,1979,685000
Papua New Guinea,PNG,1980,687000
Papua New Guinea,PNG,1981,692000
Papua New Guinea,PNG,1982,695000
Papua New Guinea,PNG,1983,699000
Papua New Guinea,PNG,1984,712000
Papua New Guinea,PNG,1985,723000
Papua New Guinea,PNG,1986,741000
Papua New Guinea,PNG,1987,742000
Papua New Guinea,PNG,1988,762000
Papua New Guinea,PNG,1989,776000
Papua New Guinea,PNG,1990,793000
Papua New Guinea,PNG,1991,793000
Papua New Guinea,PNG,1992,797000
Papua New Guinea,PNG,1993,821000
Papua New Guinea,PNG,1994,823000
Papua New Guinea,PNG,1995,834000
Papua New Guinea,PNG,1996,846000
Papua New Guinea,PNG,1997,848000
Papua New Guinea,PNG,1998,889000
Papua New Guinea,PNG,1999,901000
Papua New Guinea,PNG,2000,908000
Papua New Guinea,PNG,2001,913000
Papua New Guinea,PNG,2002,923000
Papua New Guinea,PNG,2003,928000
Papua New Guinea,PNG,2004,933000
Papua New Guinea,PNG,2005,943000
Papua New Guinea,PNG,2006,961000
Papua New Guinea,PNG,2007,1022000
Papua New Guinea,PNG,2008,1055000
Papua New Guinea,PNG,2009,1077000
Papua New Guinea,PNG,2010,1077000
Papua New Guinea,PNG,2011,1096000
Papua New Guinea,PNG,2012,1096000
Papua New Guinea,PNG,2013,1096000
Papua New Guinea,PNG,2014,1115000
Papua New Guinea,PNG,2015,1132000
Papua New Guinea,PNG,2016,1138000
Papua New Guinea,PNG,2017,1215000
Papua New Guinea,PNG,2018,1215000
Papua New Guinea,PNG,2019,1215000
Papua New Guinea,PNG,2020,1215000
Papua New Guinea,PNG,2021,1215000
Papua New Guinea,PNG,2022,1215000
Papua New Guinea,PNG,2023,1215000
Papua New Guinea,PNG,2024,1215000
Papua New Guinea,PNG,2025,1215000
Paraguay,PRY,-10000,0
Paraguay,PRY,-9000,0
Paraguay,PRY,-8000,0
Paraguay,PRY,-7000,0
Paraguay,PRY,-6000,0
Paraguay,PRY,-5000,0
Paraguay,PRY,-4000,0
Paraguay,PRY,-3000,0
Paraguay,PRY,-2000,0
Paraguay,PRY,-1000,0
Paraguay,PRY,0,2138.4753
Paraguay,PRY,100,2596.2595
Paraguay,PRY,200,3152.8037
Paraguay,PRY,300,3829.604
Paraguay,PRY,400,4652.8813
Paraguay,PRY,500,5654.6323
Paraguay,PRY,600,6873.9146
Paraguay,PRY,700,8358.421
Paraguay,PRY,800,10166.412
Paraguay,PRY,900,10763.993
Paraguay,PRY,1000,11364.816
Paraguay,PRY,1100,13678.689
Paraguay,PRY,1200,16005.914
Paraguay,PRY,1300,18346.377
Paraguay,PRY,1400,20699.959
Paraguay,PRY,1500,23066.549
Paraguay,PRY,1600,23132.764
Paraguay,PRY,1700,45645.59
Paraguay,PRY,1710,53827.094
Paraguay,PRY,1720,64113.66
Paraguay,PRY,1730,77119.06
Paraguay,PRY,1740,93632.46
Paraguay,PRY,1750,114667.69
Paraguay,PRY,1760,118976.17
Paraguay,PRY,1770,123254.36
Paraguay,PRY,1780,127500.516
Paraguay,PRY,1790,131712.69
Paraguay,PRY,1800,135888.64
Paraguay,PRY,1810,153576.73
Paraguay,PRY,1820,171144.14
Paraguay,PRY,1830,188582.34
Paraguay,PRY,1840,205881.39
Paraguay,PRY,1850,223029.55
Paraguay,PRY,1860,231123.25
Paraguay,PRY,1870,239101.92
Paraguay,PRY,1880,246950.6
Paraguay,PRY,1890,254649.53
Paraguay,PRY,1900,262172.25
Paraguay,PRY,1910,336698.8
Paraguay,PRY,1920,410154.5
Paraguay,PRY,1930,482259.1
Paraguay,PRY,1940,552494
Paraguay,PRY,1950,619576.9
Paraguay,PRY,1951,634968.06
Paraguay,PRY,1952,650450.5
Paraguay,PRY,1953,666118.25
Paraguay,PRY,1954,682029.25
Paraguay,PRY,1955,698221
Paraguay,PRY,1956,714694.9
Paraguay,PRY,1957,731393.6
Paraguay,PRY,1958,748156.2
Paraguay,PRY,1959,764522
Paraguay,PRY,1960,776753.7
Paraguay,PRY,1961,811000
Paraguay,PRY,1962,822000
Paraguay,PRY,1963,840000
Paraguay,PRY,1964,872000
Paraguay,PRY,1965,895000
Paraguay,PRY,1966,920000
Paraguay,PRY,1967,920000
Paraguay,PRY,1968,916000
Paraguay,PRY,1969,916000
Paraguay,PRY,1970,916000
Paraguay,PRY,1971,916000
Paraguay,PRY,1972,916000
Paraguay,PRY,1973,915000
Paraguay,PRY,1974,1031000
Paraguay,PRY,1975,1151000
Paraguay,PRY,1976,1271000
Paraguay,PRY,1977,1381000
Paraguay,PRY,1978,1501000
Paraguay,PRY,1979,1611000
Paraguay,PRY,1980,1731000
Paraguay,PRY,1981,1857000
Paraguay,PRY,1982,1891000
Paraguay,PRY,1983,1931000
Paraguay,PRY,1984,1971000
Paraguay,PRY,1985,2004984
Paraguay,PRY,1986,2058746.1
Paraguay,PRY,1987,2091733
Paraguay,PRY,1988,2125976
Paraguay,PRY,1989,2167063
Paraguay,PRY,1990,2209316
Paraguay,PRY,1991,2235000
Paraguay,PRY,1992,2401758
Paraguay,PRY,1993,2403224
Paraguay,PRY,1994,2553883
Paraguay,PRY,1995,2696826
Paraguay,PRY,1996,2696510
Paraguay,PRY,1997,2696678
Paraguay,PRY,1998,2944281
Paraguay,PRY,1999,3051544
Paraguay,PRY,2000,3110000
Paraguay,PRY,2001,3209539
Paraguay,PRY,2002,3313304
Paraguay,PRY,2003,3390543.2
Paraguay,PRY,2004,3457284.5
Paraguay,PRY,2005,3527004.8
Paraguay,PRY,2006,3601105.8
Paraguay,PRY,2007,3653309.5
Paraguay,PRY,2008,3837000
Paraguay,PRY,2009,3772363
Paraguay,PRY,2010,3844293
Paraguay,PRY,2011,3910948
Paraguay,PRY,2012,3981875.5
Paraguay,PRY,2013,4051330.5
Paraguay,PRY,2014,4120616.8
Paraguay,PRY,2015,4177277.2
Paraguay,PRY,2016,4235063.5
Paraguay,PRY,2017,4292273.5
Paraguay,PRY,2018,4352683
Paraguay,PRY,2019,4413470.5
Paraguay,PRY,2020,4471408
Paraguay,PRY,2021,4528762
Paraguay,PRY,2022,4643491
Paraguay,PRY,2023,4691035.5
Paraguay,PRY,2024,4760726
Paraguay,PRY,2025,4830417
Peru,PER,-10000,0
Peru,PER,-9000,0
Peru,PER,-8000,0
Peru,PER,-7000,0
Peru,PER,-6000,0
Peru,PER,-5000,0
Peru,PER,-4000,0
Peru,PER,-3000,0
Peru,PER,-2000,371858.3
Peru,PER,-1000,435955.22
Peru,PER,0,481456.3
Peru,PER,100,505626.28
Peru,PER,200,530822.9
Peru,PER,300,557063.06
Peru,PER,400,584358.5
Peru,PER,500,612714.6
Peru,PER,600,642128.44
Peru,PER,700,672586.75
Peru,PER,800,704061.94
Peru,PER,900,781279.7
Peru,PER,1000,855608.8
Peru,PER,1100,898742.4
Peru,PER,1200,939413.56
Peru,PER,1300,977368.4
Peru,PER,1400,1012280.06
Peru,PER,1500,1043709.5
Peru,PER,1600,331509.53
Peru,PER,1700,372822.22
Peru,PER,1710,367755.75
Peru,PER,1720,362741.3
Peru,PER,1730,357777.84
Peru,PER,1740,352864.25
Peru,PER,1750,347999.34
Peru,PER,1760,343181.84
Peru,PER,1770,338410.5
Peru,PER,1780,333683.94
Peru,PER,1790,329000.62
Peru,PER,1800,324359.06
Peru,PER,1810,319757.38
Peru,PER,1820,315193.7
Peru,PER,1830,365335.22
Peru,PER,1840,415982.47
Peru,PER,1850,473596.62
Peru,PER,1860,542608.06
Peru,PER,1870,610979.44
Peru,PER,1880,724968.5
Peru,PER,1890,976874.5
Peru,PER,1900,1164900.1
Peru,PER,1910,1263332.5
Peru,PER,1920,1364256.9
Peru,PER,1930,1469833.2
Peru,PER,1940,1586328.9
Peru,PER,1950,1581012.2
Peru,PER,1951,1609273
Peru,PER,1952,1639111.4
Peru,PER,1953,1670186.5
Peru,PER,1954,1702250.4
Peru,PER,1955,1735135.8
Peru,PER,1956,1768749.4
Peru,PER,1957,1803045.9
Peru,PER,1958,1837973
Peru,PER,1959,1873372.6
Peru,PER,1960,1908705.9
Peru,PER,1961,1956000
Peru,PER,1962,2099000
Peru,PER,1963,2599000
Peru,PER,1964,2618000
Peru,PER,1965,2700000
Peru,PER,1966,2625000
Peru,PER,1967,2634000
Peru,PER,1968,2680000
Peru,PER,1969,2719000
Peru,PER,1970,2813000
Peru,PER,1971,2822000
Peru,PER,1972,3436000
Peru,PER,1973,3509172.8
Peru,PER,1974,3582345.2
Peru,PER,1975,3655518.2
Peru,PER,1976,3728691
Peru,PER,1977,3801863.8
Peru,PER,1978,3875036.2
Peru,PER,1979,3948209
Peru,PER,1980,4021381.8
Peru,PER,1981,4094554.8
Peru,PER,1982,4167727.2
Peru,PER,1983,4240900
Peru,PER,1984,4314072.5
Peru,PER,1985,4387245.5
Peru,PER,1986,4460418.5
Peru,PER,1987,4533591
Peru,PER,1988,4606763.5
Peru,PER,1989,4679936.5
Peru,PER,1990,4753109
Peru,PER,1991,4826281.5
Peru,PER,1992,4899454.5
Peru,PER,1993,4972627.5
Peru,PER,1994,5045800
Peru,PER,1995,5057529.5
Peru,PER,1996,5069258.5
Peru,PER,1997,5080988
Peru,PER,1998,5092717.5
Peru,PER,1999,5104447
Peru,PER,2000,5116176
Peru,PER,2001,5127905.5
Peru,PER,2002,5139635
Peru,PER,2003,5151364
Peru,PER,2004,5163093.5
Peru,PER,2005,5174822.5
Peru,PER,2006,5186552.5
Peru,PER,2007,5198281.5
Peru,PER,2008,5210011
Peru,PER,2009,5221740
Peru,PER,2010,5233469.5
Peru,PER,2011,5245199
Peru,PER,2012,5256928
Peru,PER,2013,5349164
Peru,PER,2014,5441400
Peru,PER,2015,5895804
Peru,PER,2016,5643000
Peru,PER,2017,5718108
Peru,PER,2018,5898589
Peru,PER,2019,5678290
Peru,PER,2020,6196989.5
Peru,PER,2021,6715689
Peru,PER,2022,6198638
Peru,PER,2023,6628888.5
Peru,PER,2024,6792637.5
Peru,PER,2025,6956387.5
Philippines,PHL,-10000,0
Philippines,PHL,-9000,0
Philippines,PHL,-8000,0
Philippines,PHL,-7000,0
Philippines,PHL,-6000,0
Philippines,PHL,-5000,0
Philippines,PHL,-4000,0
Philippines,PHL,-3000,0
Philippines,PHL,-2000,0
Philippines,PHL,-1000,34558.957
Philippines,PHL,0,40664.094
Philippines,PHL,100,40630.75
Philippines,PHL,200,40601.977
Philippines,PHL,300,40577.156
Philippines,PHL,400,40555.746
Philippines,PHL,500,40537.293
Philippines,PHL,600,40521.383
Philippines,PHL,700,40507.67
Philippines,PHL,800,40495.863
Philippines,PHL,900,40485.684
Philippines,PHL,1000,40476.918
Philippines,PHL,1100,72843.34
Philippines,PHL,1200,105202.89
Philippines,PHL,1300,137556.02
Philippines,PHL,1400,169901.83
Philippines,PHL,1500,202243.28
Philippines,PHL,1600,323560.6
Philippines,PHL,1700,505524.84
Philippines,PHL,1710,536728.8
Philippines,PHL,1720,567932.44
Philippines,PHL,1730,599135.6
Philippines,PHL,1740,630338.5
Philippines,PHL,1750,661540.94
Philippines,PHL,1760,692743.1
Philippines,PHL,1770,723945
Philippines,PHL,1780,755146.44
Philippines,PHL,1790,786347.6
Philippines,PHL,1800,817548.5
Philippines,PHL,1810,848749
Philippines,PHL,1820,879949.3
Philippines,PHL,1830,1014335.1
Philippines,PHL,1840,1217195.1
Philippines,PHL,1850,1460625.8
Philippines,PHL,1860,1753994.8
Philippines,PHL,1870,2047360.5
Philippines,PHL,1880,2332199.5
Philippines,PHL,1890,2575327.2
Philippines,PHL,1900,2864533.5
Philippines,PHL,1910,3390276.5
Philippines,PHL,1920,4054082
Philippines,PHL,1930,4535827.5
Philippines,PHL,1940,5133989.5
Philippines,PHL,1950,5115818.5
Philippines,PHL,1951,5277058
Philippines,PHL,1952,5445754.5
Philippines,PHL,1953,5619864
Philippines,PHL,1954,5797901
Philippines,PHL,1955,5978923
Philippines,PHL,1956,6162550.5
Philippines,PHL,1957,6348922.5
Philippines,PHL,1958,6538608.5
Philippines,PHL,1959,6732469.5
Philippines,PHL,1960,6901000
Philippines,PHL,1961,6901000
Philippines,PHL,1962,6980000
Philippines,PHL,1963,7060000
Philippines,PHL,1964,7340000
Philippines,PHL,1965,7320000
Philippines,PHL,1966,7300000
Philippines,PHL,1967,7460000
Philippines,PHL,1968,7430000
Philippines,PHL,1969,7400000
Philippines,PHL,1970,7470000
Philippines,PHL,1971,7444000
Philippines,PHL,1972,7600000
Philippines,PHL,1973,7750000
Philippines,PHL,1974,8000000
Philippines,PHL,1975,8350000
Philippines,PHL,1976,8700000
Philippines,PHL,1977,9100000
Philippines,PHL,1978,9150000
Philippines,PHL,1979,9400000
Philippines,PHL,1980,9628000
Philippines,PHL,1981,9620000
Philippines,PHL,1982,9640000
Philippines,PHL,1983,9660000
Philippines,PHL,1984,9680000
Philippines,PHL,1985,9750000
Philippines,PHL,1986,9800000
Philippines,PHL,1987,9820000
Philippines,PHL,1988,9840000
Philippines,PHL,1989,9860000
Philippines,PHL,1990,9880000
Philippines,PHL,1991,9887000
Philippines,PHL,1992,9835000
Philippines,PHL,1993,9785000
Philippines,PHL,1994,9735000
Philippines,PHL,1995,9685000
Philippines,PHL,1996,9735000
Philippines,PHL,1997,9885000
Philippines,PHL,1998,9835000
Philippines,PHL,1999,9785000
Philippines,PHL,2000,9734000
Philippines,PHL,2001,9684000
Philippines,PHL,2002,9635000
Philippines,PHL,2003,9740000
Philippines,PHL,2004,9970000
Philippines,PHL,2005,9855000
Philippines,PHL,2006,10080000
Philippines,PHL,2007,10290000
Philippines,PHL,2008,10510000
Philippines,PHL,2009,10600000
Philippines,PHL,2010,10600000
Philippines,PHL,2011,10760000
Philippines,PHL,2012,10930000
Philippines,PHL,2013,10969000
Philippines,PHL,2014,10998000
Philippines,PHL,2015,11027000
Philippines,PHL,2016,11056000
Philippines,PHL,2017,11090000
Philippines,PHL,2018,11113000
Philippines,PHL,2019,11136000
Philippines,PHL,2020,11159000
Philippines,PHL,2021,11183000
Philippines,PHL,2022,11183000
Philippines,PHL,2023,11210900
Philippines,PHL,2024,11229600
Philippines,PHL,2025,11248300
Poland,POL,-10000,0
Poland,POL,-9000,0
Poland,POL,-8000,0
Poland,POL,-7000,0
Poland,POL,-6000,0
Poland,POL,-5000,6156.849
Poland,POL,-4000,16222.072
Poland,POL,-3000,26112.164
Poland,POL,-2000,62585.363
Poland,POL,-1000,94919.38
Poland,POL,0,441039.25
Poland,POL,100,480764
Poland,POL,200,519510.75
Poland,POL,300,600078.8
Poland,POL,400,678638
Poland,POL,500,587258.56
Poland,POL,600,497485.5
Poland,POL,700,655081.75
Poland,POL,800,808009.5
Poland,POL,900,896109.5
Poland,POL,1000,980449.3
Poland,POL,1100,1157026.9
Poland,POL,1200,1704093.4
Poland,POL,1300,2597854
Poland,POL,1400,2539972
Poland,POL,1500,2829616.2
Poland,POL,1600,3433980.8
Poland,POL,1700,3977871
Poland,POL,1710,4128075
Poland,POL,1720,4307199.5
Poland,POL,1730,4493656
Poland,POL,1740,4687696
Poland,POL,1750,4889574
Poland,POL,1760,5099545.5
Poland,POL,1770,5317863
Poland,POL,1780,5544777
Poland,POL,1790,5780531
Poland,POL,1800,6025359.5
Poland,POL,1810,6279479.5
Poland,POL,1820,6543090
Poland,POL,1830,6911417
Poland,POL,1840,7443817
Poland,POL,1850,8015170.5
Poland,POL,1860,9148094
Poland,POL,1870,10262858
Poland,POL,1880,11999565
Poland,POL,1890,13704788
Poland,POL,1900,14721411
Poland,POL,1910,15708558
Poland,POL,1920,13994016
Poland,POL,1930,16285981
Poland,POL,1940,15492258
Poland,POL,1950,13916273
Poland,POL,1951,14145678
Poland,POL,1952,14385188
Poland,POL,1953,14630381
Poland,POL,1954,14877041
Poland,POL,1955,15121175
Poland,POL,1956,15358953
Poland,POL,1957,15586731
Poland,POL,1958,15801012
Poland,POL,1959,15998472
Poland,POL,1960,16176000
Poland,POL,1961,16176000
Poland,POL,1962,16068000
Poland,POL,1963,15971000
Poland,POL,1964,15942000
Poland,POL,1965,15682000
Poland,POL,1966,15682000
Poland,POL,1967,15518000
Poland,POL,1968,15494000
Poland,POL,1969,15333000
Poland,POL,1970,15326000
Poland,POL,1971,15277000
Poland,POL,1972,15147000
Poland,POL,1973,15107000
Poland,POL,1974,15078000
Poland,POL,1975,15099000
Poland,POL,1976,15086000
Poland,POL,1977,15066000
Poland,POL,1978,15040000
Poland,POL,1979,14988000
Poland,POL,1980,14961000
Poland,POL,1981,14858000
Poland,POL,1982,14821000
Poland,POL,1983,14799000
Poland,POL,1984,14863000
Poland,POL,1985,14845000
Poland,POL,1986,14819000
Poland,POL,1987,14817000
Poland,POL,1988,14780000
Poland,POL,1989,14759000
Poland,POL,1990,14733000
Poland,POL,1991,14715000
Poland,POL,1992,14699056
Poland,POL,1993,14668062
Poland,POL,1994,14652003
Poland,POL,1995,14575025
Poland,POL,1996,14349027
Poland,POL,1997,14321052
Poland,POL,1998,14379009
Poland,POL,1999,14401009
Poland,POL,2000,14330038
Poland,POL,2001,13924036
Poland,POL,2002,13337034
Poland,POL,2003,12901050
Poland,POL,2004,12962038
Poland,POL,2005,12519005
Poland,POL,2006,12741036
Poland,POL,2007,12198096
Poland,POL,2008,12417020
Poland,POL,2009,12439009
Poland,POL,2010,11219101
Poland,POL,2011,11488093
Poland,POL,2012,11323111
Poland,POL,2013,11204070
Poland,POL,2014,11304057
Poland,POL,2015,11278058
Poland,POL,2016,11187809
Poland,POL,2017,11200416
Poland,POL,2018,11197828
Poland,POL,2019,11395000
Poland,POL,2020,11530000
Poland,POL,2021,11459000
Poland,POL,2022,11545000
Poland,POL,2023,11587200
Poland,POL,2024,11630200
Poland,POL,2025,11673200
Portugal,PRT,-10000,0
Portugal,PRT,-9000,0
Portugal,PRT,-8000,0
Portugal,PRT,-7000,0
Portugal,PRT,-6000,0
Portugal,PRT,-5000,33734.83
Portugal,PRT,-4000,55709.242
Portugal,PRT,-3000,80746.516
Portugal,PRT,-2000,116205.445
Portugal,PRT,-1000,165426.02
Portugal,PRT,0,231128.42
Portugal,PRT,100,254581.52
Portugal,PRT,200,252272.84
Portugal,PRT,300,249876.44
Portugal,PRT,400,247384.11
Portugal,PRT,500,220308.95
Portugal,PRT,600,193660.75
Portugal,PRT,700,191389.52
Portugal,PRT,800,189005.05
Portugal,PRT,900,233117.27
Portugal,PRT,1000,275759
Portugal,PRT,1100,339416.9
Portugal,PRT,1200,400540.97
Portugal,PRT,1300,546238.8
Portugal,PRT,1400,385465.16
Portugal,PRT,1500,523535.94
Portugal,PRT,1600,816841.2
Portugal,PRT,1700,793657
Portugal,PRT,1710,1065340
Portugal,PRT,1720,1087612.2
Portugal,PRT,1730,1106238.8
Portugal,PRT,1740,1125124.9
Portugal,PRT,1750,1144271.1
Portugal,PRT,1760,1163677.5
Portugal,PRT,1770,1183344
Portugal,PRT,1780,1203270.4
Portugal,PRT,1790,1223455.9
Portugal,PRT,1800,1243899.4
Portugal,PRT,1810,1264599.5
Portugal,PRT,1820,1285554.8
Portugal,PRT,1830,1350785
Portugal,PRT,1840,1424418.1
Portugal,PRT,1850,1455055.5
Portugal,PRT,1860,1520252.8
Portugal,PRT,1870,1643276.8
Portugal,PRT,1880,1774628.8
Portugal,PRT,1890,1940193.8
Portugal,PRT,1900,2059170.5
Portugal,PRT,1910,2241994.8
Portugal,PRT,1920,2278777
Portugal,PRT,1930,2512649.2
Portugal,PRT,1940,2821270
Portugal,PRT,1950,3018026.5
Portugal,PRT,1951,3008289.8
Portugal,PRT,1952,3008686.5
Portugal,PRT,1953,3014800.5
Portugal,PRT,1954,3023134.2
Portugal,PRT,1955,3031090.2
Portugal,PRT,1956,3036981
Portugal,PRT,1957,3039962.8
Portugal,PRT,1958,3039941.8
Portugal,PRT,1959,3037404
Portugal,PRT,1960,2994447.8
Portugal,PRT,1961,2994447.8
Portugal,PRT,1962,3000363.5
Portugal,PRT,1963,3006279.5
Portugal,PRT,1964,3012195.2
Portugal,PRT,1965,3018111.2
Portugal,PRT,1966,3024027.2
Portugal,PRT,1967,3029943.2
Portugal,PRT,1968,3031915.2
Portugal,PRT,1969,3041775
Portugal,PRT,1970,3047691
Portugal,PRT,1971,3053606.8
Portugal,PRT,1972,3059522.8
Portugal,PRT,1973,3064452.8
Portugal,PRT,1974,3069382.5
Portugal,PRT,1975,3074312.8
Portugal,PRT,1976,3079242.5
Portugal,PRT,1977,3084172.5
Portugal,PRT,1978,3089102.5
Portugal,PRT,1979,3094032.5
Portugal,PRT,1980,3096990.5
Portugal,PRT,1981,3099948.5
Portugal,PRT,1982,3102906.2
Portugal,PRT,1983,3105864.2
Portugal,PRT,1984,3108822.2
Portugal,PRT,1985,3111780.2
Portugal,PRT,1986,3114738.2
Portugal,PRT,1987,3118682.2
Portugal,PRT,1988,3122626.2
Portugal,PRT,1989,3122626.2
Portugal,PRT,1990,3081214.8
Portugal,PRT,1991,3038817
Portugal,PRT,1992,2997405.5
Portugal,PRT,1993,2954413.8
Portugal,PRT,1994,2909423
Portugal,PRT,1995,2857434.5
Portugal,PRT,1996,2687473
Portugal,PRT,1997,2547509
Portugal,PRT,1998,2467317.5
Portugal,PRT,1999,2383555.8
Portugal,PRT,2000,2494463.8
Portugal,PRT,2001,2367512.8
Portugal,PRT,2002,2365564
Portugal,PRT,2003,2275700.8
Portugal,PRT,2004,2196552
Portugal,PRT,2005,2012521.2
Portugal,PRT,2006,1941709.6
Portugal,PRT,2007,1837020.9
Portugal,PRT,2008,1900949.6
Portugal,PRT,2009,1868735.4
Portugal,PRT,2010,1819350
Portugal,PRT,2011,1806556.9
Portugal,PRT,2012,1813603.1
Portugal,PRT,2013,1842612.5
Portugal,PRT,2014,1805894.5
Portugal,PRT,2015,1781327.5
Portugal,PRT,2016,1743180.1
Portugal,PRT,2017,1738614.9
Portugal,PRT,2018,1744153.5
Portugal,PRT,2019,1859750.4
Portugal,PRT,2020,1840969.8
Portugal,PRT,2021,1831811.8
Portugal,PRT,2022,1799594.5
Portugal,PRT,2023,1840139
Portugal,PRT,2024,1848433.4
Portugal,PRT,2025,1856727.8
Puerto Rico,PRI,-10000,0
Puerto Rico,PRI,-9000,0
Puerto Rico,PRI,-8000,0
Puerto Rico,PRI,-7000,0
Puerto Rico,PRI,-6000,0
Puerto Rico,PRI,-5000,0
Puerto Rico,PRI,-4000,0
Puerto Rico,PRI,-3000,0
Puerto Rico,PRI,-2000,0
Puerto Rico,PRI,-1000,0
Puerto Rico,PRI,0,0
Puerto Rico,PRI,100,0
Puerto Rico,PRI,200,0
Puerto Rico,PRI,300,0
Puerto Rico,PRI,400,0
Puerto Rico,PRI,500,0
Puerto Rico,PRI,600,0
Puerto Rico,PRI,700,0
Puerto Rico,PRI,800,0
Puerto Rico,PRI,900,0
Puerto Rico,PRI,1000,0
Puerto Rico,PRI,1100,0
Puerto Rico,PRI,1200,0
Puerto Rico,PRI,1300,0
Puerto Rico,PRI,1400,0
Puerto Rico,PRI,1500,874.7728
Puerto Rico,PRI,1600,1243.25
Puerto Rico,PRI,1700,1748.5741
Puerto Rico,PRI,1710,2262.144
Puerto Rico,PRI,1720,2926.091
Puerto Rico,PRI,1730,3784.2834
Puerto Rico,PRI,1740,4893.329
Puerto Rico,PRI,1750,6326.2534
Puerto Rico,PRI,1760,8177.234
Puerto Rico,PRI,1770,10567.683
Puerto Rico,PRI,1780,13654.074
Puerto Rico,PRI,1790,17637.994
Puerto Rico,PRI,1800,22779.043
Puerto Rico,PRI,1810,29411.389
Puerto Rico,PRI,1820,37964.996
Puerto Rico,PRI,1830,45396.176
Puerto Rico,PRI,1840,52665.344
Puerto Rico,PRI,1850,65492.504
Puerto Rico,PRI,1860,79033.83
Puerto Rico,PRI,1870,93744.85
Puerto Rico,PRI,1880,108395.63
Puerto Rico,PRI,1890,122433.5
Puerto Rico,PRI,1900,137760.14
Puerto Rico,PRI,1910,167639.28
Puerto Rico,PRI,1920,196650.03
Puerto Rico,PRI,1930,224755.81
Puerto Rico,PRI,1940,251916.6
Puerto Rico,PRI,1950,290731.75
Puerto Rico,PRI,1951,289202.38
Puerto Rico,PRI,1952,289074.5
Puerto Rico,PRI,1953,289793.66
Puerto Rico,PRI,1954,290960.22
Puerto Rico,PRI,1955,292330.97
Puerto Rico,PRI,1956,293824.2
Puerto Rico,PRI,1957,295508.94
Puerto Rico,PRI,1958,297580.88
Puerto Rico,PRI,1959,300327.6
Puerto Rico,PRI,1960,303990.78
Puerto Rico,PRI,1961,303985.84
Puerto Rico,PRI,1962,292988.3
Puerto Rico,PRI,1963,292983.22
Puerto Rico,PRI,1964,270997.34
Puerto Rico,PRI,1965,294981.38
Puerto Rico,PRI,1966,266995.38
Puerto Rico,PRI,1967,249998.53
Puerto Rico,PRI,1968,243998.7
Puerto Rico,PRI,1969,235998.86
Puerto Rico,PRI,1970,221999.22
Puerto Rico,PRI,1971,199999.36
Puerto Rico,PRI,1972,184999.47
Puerto Rico,PRI,1973,159999.56
Puerto Rico,PRI,1974,159999.64
Puerto Rico,PRI,1975,158999.72
Puerto Rico,PRI,1976,158999.81
Puerto Rico,PRI,1977,160999.64
Puerto Rico,PRI,1978,162999.17
Puerto Rico,PRI,1979,161999.27
Puerto Rico,PRI,1980,138999.42
Puerto Rico,PRI,1981,132999.53
Puerto Rico,PRI,1982,131999.6
Puerto Rico,PRI,1983,128999.78
Puerto Rico,PRI,1984,130999.83
Puerto Rico,PRI,1985,127999.87
Puerto Rico,PRI,1986,129000
Puerto Rico,PRI,1987,128000
Puerto Rico,PRI,1988,128000
Puerto Rico,PRI,1989,120000
Puerto Rico,PRI,1990,115000
Puerto Rico,PRI,1991,105000
Puerto Rico,PRI,1992,99000
Puerto Rico,PRI,1993,79000
Puerto Rico,PRI,1994,77000
Puerto Rico,PRI,1995,77000
Puerto Rico,PRI,1996,77000
Puerto Rico,PRI,1997,81000
Puerto Rico,PRI,1998,95500
Puerto Rico,PRI,1999,98600
Puerto Rico,PRI,2000,101700
Puerto Rico,PRI,2001,104900
Puerto Rico,PRI,2002,108000
Puerto Rico,PRI,2003,101200
Puerto Rico,PRI,2004,94400
Puerto Rico,PRI,2005,87600
Puerto Rico,PRI,2006,80800
Puerto Rico,PRI,2007,73900
Puerto Rico,PRI,2008,76000
Puerto Rico,PRI,2009,78100
Puerto Rico,PRI,2010,80200
Puerto Rico,PRI,2011,82300
Puerto Rico,PRI,2012,84100
Puerto Rico,PRI,2013,81200
Puerto Rico,PRI,2014,78300
Puerto Rico,PRI,2015,75400
Puerto Rico,PRI,2016,72500
Puerto Rico,PRI,2017,69600
Puerto Rico,PRI,2018,66200
Puerto Rico,PRI,2019,66200
Puerto Rico,PRI,2020,66200
Puerto Rico,PRI,2021,66200
Puerto Rico,PRI,2022,66200
Puerto Rico,PRI,2023,66200
Puerto Rico,PRI,2024,66200
Puerto Rico,PRI,2025,66200
Qatar,QAT,-10000,0
Qatar,QAT,-9000,0
Qatar,QAT,-8000,0
Qatar,QAT,-7000,0
Qatar,QAT,-6000,0
Qatar,QAT,-5000,0
Qatar,QAT,-4000,0
Qatar,QAT,-3000,0
Qatar,QAT,-2000,0
Qatar,QAT,-1000,0
Qatar,QAT,0,0
Qatar,QAT,100,0
Qatar,QAT,200,0
Qatar,QAT,300,0
Qatar,QAT,400,0
Qatar,QAT,500,0
Qatar,QAT,600,0
Qatar,QAT,700,0
Qatar,QAT,800,0
Qatar,QAT,900,0
Qatar,QAT,1000,0
Qatar,QAT,1100,0
Qatar,QAT,1200,0
Qatar,QAT,1300,0
Qatar,QAT,1400,0
Qatar,QAT,1500,0
Qatar,QAT,1600,0
Qatar,QAT,1700,0
Qatar,QAT,1710,0
Qatar,QAT,1720,0
Qatar,QAT,1730,0
Qatar,QAT,1740,0
Qatar,QAT,1750,0
Qatar,QAT,1760,0
Qatar,QAT,1770,0
Qatar,QAT,1780,0
Qatar,QAT,1790,0
Qatar,QAT,1800,0
Qatar,QAT,1810,537.79315
Qatar,QAT,1820,552.5197
Qatar,QAT,1830,566.6826
Qatar,QAT,1840,580.0602
Qatar,QAT,1850,592.37634
Qatar,QAT,1860,603.28314
Qatar,QAT,1870,588.35004
Qatar,QAT,1880,571.41626
Qatar,QAT,1890,552.0652
Qatar,QAT,1900,529.71765
Qatar,QAT,1910,503.5264
Qatar,QAT,1920,934.88696
Qatar,QAT,1930,1698.8685
Qatar,QAT,1940,2968.4285
Qatar,QAT,1950,4713.189
Qatar,QAT,1951,5004.7007
Qatar,QAT,1952,5228.1616
Qatar,QAT,1953,5367.095
Qatar,QAT,1954,5414.0664
Qatar,QAT,1955,5368.6533
Qatar,QAT,1956,5229.0444
Qatar,QAT,1957,4983.6787
Qatar,QAT,1958,4588.5156
Qatar,QAT,1959,3877.0442
Qatar,QAT,1960,1000
Qatar,QAT,1961,1000
Qatar,QAT,1962,1000
Qatar,QAT,1963,1000
Qatar,QAT,1964,1000
Qatar,QAT,1965,1000
Qatar,QAT,1966,1000
Qatar,QAT,1967,1000
Qatar,QAT,1968,1000
Qatar,QAT,1969,1000
Qatar,QAT,1970,1000
Qatar,QAT,1971,1000
Qatar,QAT,1972,1000
Qatar,QAT,1973,1000
Qatar,QAT,1974,2000
Qatar,QAT,1975,2000
Qatar,QAT,1976,2000
Qatar,QAT,1977,2000
Qatar,QAT,1978,2000
Qatar,QAT,1979,3000
Qatar,QAT,1980,5000
Qatar,QAT,1981,6000
Qatar,QAT,1982,7000
Qatar,QAT,1983,8000
Qatar,QAT,1984,9000
Qatar,QAT,1985,9000
Qatar,QAT,1986,10000
Qatar,QAT,1987,11000
Qatar,QAT,1988,11000
Qatar,QAT,1989,10000
Qatar,QAT,1990,11000
Qatar,QAT,1991,11000
Qatar,QAT,1992,14000
Qatar,QAT,1993,15000
Qatar,QAT,1994,15000
Qatar,QAT,1995,15000
Qatar,QAT,1996,16000
Qatar,QAT,1997,16000
Qatar,QAT,1998,16000
Qatar,QAT,1999,16000
Qatar,QAT,2000,16000
Qatar,QAT,2001,16300
Qatar,QAT,2002,15700
Qatar,QAT,2003,16200
Qatar,QAT,2004,15200
Qatar,QAT,2005,14600
Qatar,QAT,2006,15300
Qatar,QAT,2007,16000
Qatar,QAT,2008,16700
Qatar,QAT,2009,17400
Qatar,QAT,2010,18100
Qatar,QAT,2011,18800
Qatar,QAT,2012,19500
Qatar,QAT,2013,20200
Qatar,QAT,2014,21000
Qatar,QAT,2015,21000
Qatar,QAT,2016,21000
Qatar,QAT,2017,22000
Qatar,QAT,2018,24000
Qatar,QAT,2019,24000
Qatar,QAT,2020,24000
Qatar,QAT,2021,24000
Qatar,QAT,2022,24000
Qatar,QAT,2023,24000
Qatar,QAT,2024,24000
Qatar,QAT,2025,24000
Reunion,REU,-10000,0
Reunion,REU,-9000,0
Reunion,REU,-8000,0
Reunion,REU,-7000,0
Reunion,REU,-6000,0
Reunion,REU,-5000,0
Reunion,REU,-4000,0
Reunion,REU,-3000,0
Reunion,REU,-2000,0
Reunion,REU,-1000,0
Reunion,REU,0,0
Reunion,REU,100,0
Reunion,REU,200,0
Reunion,REU,300,0
Reunion,REU,400,0
Reunion,REU,500,0
Reunion,REU,600,0
Reunion,REU,700,0
Reunion,REU,800,0
Reunion,REU,900,0
Reunion,REU,1000,0
Reunion,REU,1100,0
Reunion,REU,1200,0
Reunion,REU,1300,0
Reunion,REU,1400,0
Reunion,REU,1500,76.55772
Reunion,REU,1600,91.78089
Reunion,REU,1700,109.373055
Reunion,REU,1710,183.84834
Reunion,REU,1720,309.0108
Reunion,REU,1730,519.33905
Reunion,REU,1740,872.75116
Reunion,REU,1750,1466.5298
Reunion,REU,1760,2464.0579
Reunion,REU,1770,4139.703
Reunion,REU,1780,6954.1533
Reunion,REU,1790,8873.073
Reunion,REU,1800,10767.979
Reunion,REU,1810,12532.808
Reunion,REU,1820,14204.055
Reunion,REU,1830,15469.719
Reunion,REU,1840,17946.64
Reunion,REU,1850,18716.555
Reunion,REU,1860,27937.064
Reunion,REU,1870,30918.29
Reunion,REU,1880,30382.238
Reunion,REU,1890,27873.938
Reunion,REU,1900,28585.803
Reunion,REU,1910,28559.281
Reunion,REU,1920,28262.36
Reunion,REU,1930,31628.982
Reunion,REU,1940,35109.465
Reunion,REU,1950,39505.195
Reunion,REU,1951,41251.586
Reunion,REU,1952,42677.973
Reunion,REU,1953,43919.035
Reunion,REU,1954,45080.766
Reunion,REU,1955,46244.207
Reunion,REU,1956,47458.625
Reunion,REU,1957,48749.195
Reunion,REU,1958,50115.242
Reunion,REU,1959,51540.125
Reunion,REU,1960,53000
Reunion,REU,1961,53000
Reunion,REU,1962,53000
Reunion,REU,1963,53000
Reunion,REU,1964,53000
Reunion,REU,1965,53000
Reunion,REU,1966,53000
Reunion,REU,1967,53992.06
Reunion,REU,1968,53989.613
Reunion,REU,1969,53987.37
Reunion,REU,1970,53985.484
Reunion,REU,1971,53984.863
Reunion,REU,1972,48000
Reunion,REU,1973,48000
Reunion,REU,1974,48000
Reunion,REU,1975,48000
Reunion,REU,1976,48000
Reunion,REU,1977,48000
Reunion,REU,1978,48000
Reunion,REU,1979,47000
Reunion,REU,1980,52000
Reunion,REU,1981,55947.223
Reunion,REU,1982,54947.176
Reunion,REU,1983,53951.375
Reunion,REU,1984,55000
Reunion,REU,1985,55000
Reunion,REU,1986,55000
Reunion,REU,1987,55000
Reunion,REU,1988,54000
Reunion,REU,1989,51965.613
Reunion,REU,1990,51966.914
Reunion,REU,1991,50968.953
Reunion,REU,1992,40000
Reunion,REU,1993,41000
Reunion,REU,1994,40000
Reunion,REU,1995,37000
Reunion,REU,1996,37000
Reunion,REU,1997,38000
Reunion,REU,1998,38000
Reunion,REU,1999,41000
Reunion,REU,2000,41000
Reunion,REU,2001,40000
Reunion,REU,2002,40000
Reunion,REU,2003,39000
Reunion,REU,2004,38000
Reunion,REU,2005,38000
Reunion,REU,2006,37000
Reunion,REU,2007,38100
Reunion,REU,2008,38100
Reunion,REU,2009,37900
Reunion,REU,2010,38200
Reunion,REU,2011,38700
Reunion,REU,2012,38500
Reunion,REU,2013,38600
Reunion,REU,2014,38500
Reunion,REU,2015,37100
Reunion,REU,2016,37500
Reunion,REU,2017,37120
Reunion,REU,2018,37280
Reunion,REU,2019,37140
Reunion,REU,2020,29647
Reunion,REU,2021,29445.002
Reunion,REU,2022,28968
Reunion,REU,2023,25200.3
Reunion,REU,2024,22768.4
Reunion,REU,2025,20336.5
Romania,ROU,-10000,0
Romania,ROU,-9000,0
Romania,ROU,-8000,0
Romania,ROU,-7000,0
Romania,ROU,-6000,0
Romania,ROU,-5000,49290.395
Romania,ROU,-4000,89034.77
Romania,ROU,-3000,143087.69
Romania,ROU,-2000,410569.53
Romania,ROU,-1000,646134.5
Romania,ROU,0,953619.1
Romania,ROU,100,943937.8
Romania,ROU,200,933842.2
Romania,ROU,300,807878.9
Romania,ROU,400,684174.25
Romania,ROU,500,619170
Romania,ROU,600,555222.94
Romania,ROU,700,601828.2
Romania,ROU,800,646198.94
Romania,ROU,900,741008.7
Romania,ROU,1000,831032.94
Romania,ROU,1100,915627.4
Romania,ROU,1200,993962.5
Romania,ROU,1300,1452186.4
Romania,ROU,1400,1173988.8
Romania,ROU,1500,1812357.4
Romania,ROU,1600,1735019.1
Romania,ROU,1700,2050968
Romania,ROU,1710,2437879.2
Romania,ROU,1720,2594388.5
Romania,ROU,1730,2760290.5
Romania,ROU,1740,2936054
Romania,ROU,1750,3122154.8
Romania,ROU,1760,3319072
Romania,ROU,1770,3527282.8
Romania,ROU,1780,3747257.5
Romania,ROU,1790,3979449.5
Romania,ROU,1800,4224288
Romania,ROU,1810,4482163.5
Romania,ROU,1820,4753410.5
Romania,ROU,1830,5215778
Romania,ROU,1840,5478925.5
Romania,ROU,1850,5751380.5
Romania,ROU,1860,6096205.5
Romania,ROU,1870,6425575
Romania,ROU,1880,6743124
Romania,ROU,1890,7041667
Romania,ROU,1900,7338951.5
Romania,ROU,1910,7767846
Romania,ROU,1920,7910443
Romania,ROU,1930,8942452
Romania,ROU,1940,9184969
Romania,ROU,1950,9462749
Romania,ROU,1951,9578932
Romania,ROU,1952,9679618
Romania,ROU,1953,9772275
Romania,ROU,1954,9861952
Romania,ROU,1955,9951330
Romania,ROU,1956,10040681
Romania,ROU,1957,10128010
Romania,ROU,1958,10209515
Romania,ROU,1959,10280245
Romania,ROU,1960,10335993
Romania,ROU,1961,10393000
Romania,ROU,1962,10491000
Romania,ROU,1963,10475000
Romania,ROU,1964,10496000
Romania,ROU,1965,10475000
Romania,ROU,1966,10502000
Romania,ROU,1967,10526000
Romania,ROU,1968,10560000
Romania,ROU,1969,10544000
Romania,ROU,1970,10512000
Romania,ROU,1971,10506000
Romania,ROU,1972,10488000
Romania,ROU,1973,10426000
Romania,ROU,1974,10469000
Romania,ROU,1975,10500000
Romania,ROU,1976,10518000
Romania,ROU,1977,10534000
Romania,ROU,1978,10542000
Romania,ROU,1979,10481000
Romania,ROU,1980,10497000
Romania,ROU,1981,10509000
Romania,ROU,1982,10524000
Romania,ROU,1983,10555000
Romania,ROU,1984,10574000
Romania,ROU,1985,10622000
Romania,ROU,1986,10638000
Romania,ROU,1987,10686000
Romania,ROU,1988,10707000
Romania,ROU,1989,10053000
Romania,ROU,1990,10041000
Romania,ROU,1991,10020000
Romania,ROU,1992,9960000
Romania,ROU,1993,9941000
Romania,ROU,1994,9926000
Romania,ROU,1995,9907000
Romania,ROU,1996,9882000
Romania,ROU,1997,9898000
Romania,ROU,1998,9843000
Romania,ROU,1999,9845000
Romania,ROU,2000,9908000
Romania,ROU,2001,9862000
Romania,ROU,2002,9859000
Romania,ROU,2003,9842000
Romania,ROU,2004,9344000
Romania,ROU,2005,9495000
Romania,ROU,2006,9408000
Romania,ROU,2007,9136000
Romania,ROU,2008,9184000
Romania,ROU,2009,9249000
Romania,ROU,2010,9609000
Romania,ROU,2011,9439000
Romania,ROU,2012,9244000
Romania,ROU,2013,9188000
Romania,ROU,2014,9203000
Romania,ROU,2015,9203000
Romania,ROU,2016,9000000
Romania,ROU,2017,8958000
Romania,ROU,2018,9126000
Romania,ROU,2019,9378000
Romania,ROU,2020,8886000
Romania,ROU,2021,8989000
Romania,ROU,2022,8605000
Romania,ROU,2023,8567500
Romania,ROU,2024,8424400
Romania,ROU,2025,8281300
Russia,RUS,-10000,0
Russia,RUS,-9000,0
Russia,RUS,-8000,0
Russia,RUS,-7000,0
Russia,RUS,-6000,0
Russia,RUS,-5000,0
Russia,RUS,-4000,309024.06
Russia,RUS,-3000,966220.44
Russia,RUS,-2000,1244257.9
Russia,RUS,-1000,1454541.8
Russia,RUS,0,1702717.2
Russia,RUS,100,1915556.9
Russia,RUS,200,2128396.2
Russia,RUS,300,2341236
Russia,RUS,400,2554074
Russia,RUS,500,2554074
Russia,RUS,600,2554074
Russia,RUS,700,2766915.2
Russia,RUS,800,3043613.5
Russia,RUS,900,3261014.5
Russia,RUS,1000,3484902.2
Russia,RUS,1100,5227352.5
Russia,RUS,1200,7919441.5
Russia,RUS,1300,8195997
Russia,RUS,1400,8195997
Russia,RUS,1500,10556488
Russia,RUS,1600,13262653
Russia,RUS,1700,15031008
Russia,RUS,1710,18297378
Russia,RUS,1720,21563498
Russia,RUS,1730,24828590
Russia,RUS,1740,27848184
Russia,RUS,1750,30346310
Russia,RUS,1760,32844438
Russia,RUS,1770,35342564
Russia,RUS,1780,37840692
Russia,RUS,1790,40338820
Russia,RUS,1800,42836948
Russia,RUS,1810,45335092
Russia,RUS,1820,47755004
Russia,RUS,1830,50441748
Russia,RUS,1840,58497292
Russia,RUS,1850,62742508
Russia,RUS,1860,71088330
Russia,RUS,1870,76463780
Russia,RUS,1880,87097816
Russia,RUS,1890,99222370
Russia,RUS,1900,110706620
Russia,RUS,1910,136781460
Russia,RUS,1920,126059700
Russia,RUS,1930,139986270
Russia,RUS,1940,170573400
Russia,RUS,1950,118916824
Russia,RUS,1951,120809400
Russia,RUS,1952,122876710
Russia,RUS,1953,125056000
Russia,RUS,1954,127294500
Russia,RUS,1955,129549550
Russia,RUS,1956,131789000
Russia,RUS,1957,133991064
Russia,RUS,1958,136143220
Russia,RUS,1959,137137620
Russia,RUS,1960,140413650
Russia,RUS,1961,140413650
Russia,RUS,1962,140706430
Russia,RUS,1963,139652450
Russia,RUS,1964,138832690
Russia,RUS,1965,138510640
Russia,RUS,1966,136958940
Russia,RUS,1967,136754000
Russia,RUS,1968,136490500
Russia,RUS,1969,136666160
Russia,RUS,1970,136431950
Russia,RUS,1971,136314830
Russia,RUS,1972,136197730
Russia,RUS,1973,136022060
Russia,RUS,1974,136373400
Russia,RUS,1975,136080620
Russia,RUS,1976,136139170
Russia,RUS,1977,136197730
Russia,RUS,1978,135846400
Russia,RUS,1979,135495070
Russia,RUS,1980,135563580
Russia,RUS,1981,135670740
Russia,RUS,1982,135700020
Russia,RUS,1983,135787860
Russia,RUS,1984,135662540
Russia,RUS,1985,135735740
Russia,RUS,1986,135802480
Russia,RUS,1987,135882720
Russia,RUS,1988,135577060
Russia,RUS,1989,134634320
Russia,RUS,1990,134042930
Russia,RUS,1991,134042930
Russia,RUS,1992,133708000
Russia,RUS,1993,131295000
Russia,RUS,1994,130404000
Russia,RUS,1995,129400000
Russia,RUS,1996,127973000
Russia,RUS,1997,129384000
Russia,RUS,1998,127959000
Russia,RUS,1999,126820000
Russia,RUS,2000,126237980
Russia,RUS,2001,125718000
Russia,RUS,2002,125300000
Russia,RUS,2003,124373000
Russia,RUS,2004,123956000
Russia,RUS,2005,123581000
Russia,RUS,2006,123371000
Russia,RUS,2007,123368000
Russia,RUS,2008,123442000
Russia,RUS,2009,123442000
Russia,RUS,2010,123442000
Russia,RUS,2011,123442000
Russia,RUS,2012,123442000
Russia,RUS,2013,123442000
Russia,RUS,2014,123442000
Russia,RUS,2015,123442000
Russia,RUS,2016,124608160
Russia,RUS,2017,125720200
Russia,RUS,2018,126224240
Russia,RUS,2019,123442000
Russia,RUS,2020,123442000
Russia,RUS,2021,123442000
Russia,RUS,2022,123442000
Russia,RUS,2023,123442000
Russia,RUS,2024,123442000
Russia,RUS,2025,123442000
Rwanda,RWA,-10000,0
Rwanda,RWA,-9000,0
Rwanda,RWA,-8000,0
Rwanda,RWA,-7000,0
Rwanda,RWA,-6000,0
Rwanda,RWA,-5000,0
Rwanda,RWA,-4000,0
Rwanda,RWA,-3000,0
Rwanda,RWA,-2000,0
Rwanda,RWA,-1000,0
Rwanda,RWA,0,2916.4006
Rwanda,RWA,100,4192.91
Rwanda,RWA,200,6025.606
Rwanda,RWA,300,8655.436
Rwanda,RWA,400,12426.956
Rwanda,RWA,500,17832.45
Rwanda,RWA,600,25574.557
Rwanda,RWA,700,36655.08
Rwanda,RWA,800,52500.055
Rwanda,RWA,900,64572.68
Rwanda,RWA,1000,76181.64
Rwanda,RWA,1100,91042.76
Rwanda,RWA,1200,105245.27
Rwanda,RWA,1300,118747.914
Rwanda,RWA,1400,131503.44
Rwanda,RWA,1500,143457.3
Rwanda,RWA,1600,153986.02
Rwanda,RWA,1700,163603.12
Rwanda,RWA,1710,175417.23
Rwanda,RWA,1720,187160.62
Rwanda,RWA,1730,198832.66
Rwanda,RWA,1740,210432.72
Rwanda,RWA,1750,221960.2
Rwanda,RWA,1760,233414.42
Rwanda,RWA,1770,244794.75
Rwanda,RWA,1780,256100.52
Rwanda,RWA,1790,267331.03
Rwanda,RWA,1800,278485.56
Rwanda,RWA,1810,289563.44
Rwanda,RWA,1820,300563.94
Rwanda,RWA,1830,311486.3
Rwanda,RWA,1840,322329.78
Rwanda,RWA,1850,333093.6
Rwanda,RWA,1860,335380.06
Rwanda,RWA,1870,337672.12
Rwanda,RWA,1880,339969.38
Rwanda,RWA,1890,352668.9
Rwanda,RWA,1900,330984.28
Rwanda,RWA,1910,304429.2
Rwanda,RWA,1920,291492.56
Rwanda,RWA,1930,337148.28
Rwanda,RWA,1940,386116.7
Rwanda,RWA,1950,459938.22
Rwanda,RWA,1951,473342.12
Rwanda,RWA,1952,486345.94
Rwanda,RWA,1953,499865.88
Rwanda,RWA,1954,514478.3
Rwanda,RWA,1955,530408.06
Rwanda,RWA,1956,547527.56
Rwanda,RWA,1957,565358.56
Rwanda,RWA,1958,583147
Rwanda,RWA,1959,599960.44
Rwanda,RWA,1960,615000
Rwanda,RWA,1961,615000
Rwanda,RWA,1962,625000
Rwanda,RWA,1963,635000
Rwanda,RWA,1964,645000
Rwanda,RWA,1965,655000
Rwanda,RWA,1966,665000
Rwanda,RWA,1967,675000
Rwanda,RWA,1968,683000
Rwanda,RWA,1969,697000
Rwanda,RWA,1970,704000
Rwanda,RWA,1971,748000
Rwanda,RWA,1972,808000
Rwanda,RWA,1973,805000
Rwanda,RWA,1974,884000
Rwanda,RWA,1975,912000
Rwanda,RWA,1976,939000
Rwanda,RWA,1977,965000
Rwanda,RWA,1978,980000
Rwanda,RWA,1979,997000
Rwanda,RWA,1980,1015000
Rwanda,RWA,1981,1060000
Rwanda,RWA,1982,1075000
Rwanda,RWA,1983,1090000
Rwanda,RWA,1984,1108000
Rwanda,RWA,1985,1119000
Rwanda,RWA,1986,1130000
Rwanda,RWA,1987,1142000
Rwanda,RWA,1988,1153000
Rwanda,RWA,1989,1154000
Rwanda,RWA,1990,1184000
Rwanda,RWA,1991,1185000
Rwanda,RWA,1992,1185000
Rwanda,RWA,1993,1155000
Rwanda,RWA,1994,1005000
Rwanda,RWA,1995,1005000
Rwanda,RWA,1996,1056000
Rwanda,RWA,1997,1106000
Rwanda,RWA,1998,1126000
Rwanda,RWA,1999,1172000
Rwanda,RWA,2000,1306000
Rwanda,RWA,2001,1407000
Rwanda,RWA,2002,1423000
Rwanda,RWA,2003,1426000
Rwanda,RWA,2004,1428000
Rwanda,RWA,2005,1431000
Rwanda,RWA,2006,1434000
Rwanda,RWA,2007,1438000
Rwanda,RWA,2008,1440000
Rwanda,RWA,2009,1466000
Rwanda,RWA,2010,1492000
Rwanda,RWA,2011,1518000
Rwanda,RWA,2012,1544000
Rwanda,RWA,2013,1569999.9
Rwanda,RWA,2014,1595999.8
Rwanda,RWA,2015,1597000
Rwanda,RWA,2016,1597000
Rwanda,RWA,2017,1598999.9
Rwanda,RWA,2018,1544999.9
Rwanda,RWA,2019,1502000
Rwanda,RWA,2020,1560599.8
Rwanda,RWA,2021,1618396.9
Rwanda,RWA,2022,1618398
Rwanda,RWA,2023,1647834
Rwanda,RWA,2024,1674152.1
Rwanda,RWA,2025,1700442.6
Saint Kitts and Nevis,KNA,-10000,0
Saint Kitts and Nevis,KNA,-9000,0
Saint Kitts and Nevis,KNA,-8000,0
Saint Kitts and Nevis,KNA,-7000,0
Saint Kitts and Nevis,KNA,-6000,0
Saint Kitts and Nevis,KNA,-5000,0
Saint Kitts and Nevis,KNA,-4000,0
Saint Kitts and Nevis,KNA,-3000,0
Saint Kitts and Nevis,KNA,-2000,0
Saint Kitts and Nevis,KNA,-1000,0
Saint Kitts and Nevis,KNA,0,0
Saint Kitts and Nevis,KNA,100,0
Saint Kitts and Nevis,KNA,200,0
Saint Kitts and Nevis,KNA,300,0
Saint Kitts and Nevis,KNA,400,0
Saint Kitts and Nevis,KNA,500,0
Saint Kitts and Nevis,KNA,600,0
Saint Kitts and Nevis,KNA,700,0
Saint Kitts and Nevis,KNA,800,0
Saint Kitts and Nevis,KNA,900,0
Saint Kitts and Nevis,KNA,1000,0
Saint Kitts and Nevis,KNA,1100,0
Saint Kitts and Nevis,KNA,1200,0
Saint Kitts and Nevis,KNA,1300,0
Saint Kitts and Nevis,KNA,1400,0
Saint Kitts and Nevis,KNA,1500,958.0726
Saint Kitts and Nevis,KNA,1600,1901.2601
Saint Kitts and Nevis,KNA,1700,3772.277
Saint Kitts and Nevis,KNA,1710,4078.1792
Saint Kitts and Nevis,KNA,1720,4408.8784
Saint Kitts and Nevis,KNA,1730,4766.385
Saint Kitts and Nevis,KNA,1740,5152.87
Saint Kitts and Nevis,KNA,1750,5570.683
Saint Kitts and Nevis,KNA,1760,6022.362
Saint Kitts and Nevis,KNA,1770,6510.65
Saint Kitts and Nevis,KNA,1780,7038.513
Saint Kitts and Nevis,KNA,1790,7609.159
Saint Kitts and Nevis,KNA,1800,8226.053
Saint Kitts and Nevis,KNA,1810,8892.942
Saint Kitts and Nevis,KNA,1820,9181.736
Saint Kitts and Nevis,KNA,1830,9479.892
Saint Kitts and Nevis,KNA,1840,9787.706
Saint Kitts and Nevis,KNA,1850,10536.635
Saint Kitts and Nevis,KNA,1860,10496.27
Saint Kitts and Nevis,KNA,1870,12377.066
Saint Kitts and Nevis,KNA,1880,12865.94
Saint Kitts and Nevis,KNA,1890,13739.553
Saint Kitts and Nevis,KNA,1900,13727.902
Saint Kitts and Nevis,KNA,1910,14020.689
Saint Kitts and Nevis,KNA,1920,12472.075
Saint Kitts and Nevis,KNA,1930,11468.14
Saint Kitts and Nevis,KNA,1940,10550.417
Saint Kitts and Nevis,KNA,1950,14404.121
Saint Kitts and Nevis,KNA,1951,14432.281
Saint Kitts and Nevis,KNA,1952,14539.25
Saint Kitts and Nevis,KNA,1953,14714.372
Saint Kitts and Nevis,KNA,1954,14926.986
Saint Kitts and Nevis,KNA,1955,15161.763
Saint Kitts and Nevis,KNA,1956,15397.749
Saint Kitts and Nevis,KNA,1957,15616.501
Saint Kitts and Nevis,KNA,1958,15799.268
Saint Kitts and Nevis,KNA,1959,15931.681
Saint Kitts and Nevis,KNA,1960,16000
Saint Kitts and Nevis,KNA,1961,16000
Saint Kitts and Nevis,KNA,1962,16000
Saint Kitts and Nevis,KNA,1963,16000
Saint Kitts and Nevis,KNA,1964,16000
Saint Kitts and Nevis,KNA,1965,16000
Saint Kitts and Nevis,KNA,1966,16000
Saint Kitts and Nevis,KNA,1967,16000
Saint Kitts and Nevis,KNA,1968,16000
Saint Kitts and Nevis,KNA,1969,14000
Saint Kitts and Nevis,KNA,1970,14000
Saint Kitts and Nevis,KNA,1971,14000
Saint Kitts and Nevis,KNA,1972,14000
Saint Kitts and Nevis,KNA,1973,14000
Saint Kitts and Nevis,KNA,1974,14000
Saint Kitts and Nevis,KNA,1975,14000
Saint Kitts and Nevis,KNA,1976,14000
Saint Kitts and Nevis,KNA,1977,14000
Saint Kitts and Nevis,KNA,1978,14000
Saint Kitts and Nevis,KNA,1979,14000
Saint Kitts and Nevis,KNA,1980,14000
Saint Kitts and Nevis,KNA,1981,14000
Saint Kitts and Nevis,KNA,1982,13000
Saint Kitts and Nevis,KNA,1983,13000
Saint Kitts and Nevis,KNA,1984,12000
Saint Kitts and Nevis,KNA,1985,12000
Saint Kitts and Nevis,KNA,1986,11000
Saint Kitts and Nevis,KNA,1987,11000
Saint Kitts and Nevis,KNA,1988,11000
Saint Kitts and Nevis,KNA,1989,11000
Saint Kitts and Nevis,KNA,1990,10000
Saint Kitts and Nevis,KNA,1991,10000
Saint Kitts and Nevis,KNA,1992,10000
Saint Kitts and Nevis,KNA,1993,10000
Saint Kitts and Nevis,KNA,1994,8000
Saint Kitts and Nevis,KNA,1995,8000
Saint Kitts and Nevis,KNA,1996,7000
Saint Kitts and Nevis,KNA,1997,7000
Saint Kitts and Nevis,KNA,1998,7000
Saint Kitts and Nevis,KNA,1999,8000
Saint Kitts and Nevis,KNA,2000,7500
Saint Kitts and Nevis,KNA,2001,7300
Saint Kitts and Nevis,KNA,2002,7100
Saint Kitts and Nevis,KNA,2003,7100
Saint Kitts and Nevis,KNA,2004,7030.0005
Saint Kitts and Nevis,KNA,2005,4000
Saint Kitts and Nevis,KNA,2006,4009.9998
Saint Kitts and Nevis,KNA,2007,4090.0002
Saint Kitts and Nevis,KNA,2008,4100
Saint Kitts and Nevis,KNA,2009,4200
Saint Kitts and Nevis,KNA,2010,4600
Saint Kitts and Nevis,KNA,2011,5100
Saint Kitts and Nevis,KNA,2012,5100
Saint Kitts and Nevis,KNA,2013,5100
Saint Kitts and Nevis,KNA,2014,5100
Saint Kitts and Nevis,KNA,2015,5100
Saint Kitts and Nevis,KNA,2016,5100
Saint Kitts and Nevis,KNA,2017,5100
Saint Kitts and Nevis,KNA,2018,5100
Saint Kitts and Nevis,KNA,2019,5100
Saint Kitts and Nevis,KNA,2020,5100
Saint Kitts and Nevis,KNA,2021,5100
Saint Kitts and Nevis,KNA,2022,5100
Saint Kitts and Nevis,KNA,2023,5100
Saint Kitts and Nevis,KNA,2024,5100
Saint Kitts and Nevis,KNA,2025,5100
Saint Lucia,LCA,-10000,0
Saint Lucia,LCA,-9000,0
Saint Lucia,LCA,-8000,0
Saint Lucia,LCA,-7000,0
Saint Lucia,LCA,-6000,0
Saint Lucia,LCA,-5000,0
Saint Lucia,LCA,-4000,0
Saint Lucia,LCA,-3000,0
Saint Lucia,LCA,-2000,0
Saint Lucia,LCA,-1000,0
Saint Lucia,LCA,0,0
Saint Lucia,LCA,100,0
Saint Lucia,LCA,200,0
Saint Lucia,LCA,300,0
Saint Lucia,LCA,400,0
Saint Lucia,LCA,500,0
Saint Lucia,LCA,600,0
Saint Lucia,LCA,700,0
Saint Lucia,LCA,800,0
Saint Lucia,LCA,900,0
Saint Lucia,LCA,1000,0
Saint Lucia,LCA,1100,0
Saint Lucia,LCA,1200,0
Saint Lucia,LCA,1300,0
Saint Lucia,LCA,1400,0
Saint Lucia,LCA,1500,4231.4478
Saint Lucia,LCA,1600,4423.392
Saint Lucia,LCA,1700,4595.148
Saint Lucia,LCA,1710,4945.4644
Saint Lucia,LCA,1720,5322.03
Saint Lucia,LCA,1730,5725.0977
Saint Lucia,LCA,1740,6161.7026
Saint Lucia,LCA,1750,6629.0503
Saint Lucia,LCA,1760,7131.144
Saint Lucia,LCA,1770,7670.488
Saint Lucia,LCA,1780,8249.754
Saint Lucia,LCA,1790,8871.798
Saint Lucia,LCA,1800,9539.664
Saint Lucia,LCA,1810,10246.535
Saint Lucia,LCA,1820,10521.419
Saint Lucia,LCA,1830,10802.169
Saint Lucia,LCA,1840,11088.817
Saint Lucia,LCA,1850,11381.388
Saint Lucia,LCA,1860,11679.893
Saint Lucia,LCA,1870,11995.424
Saint Lucia,LCA,1880,12320.108
Saint Lucia,LCA,1890,12656.832
Saint Lucia,LCA,1900,12993.924
Saint Lucia,LCA,1910,13337.617
Saint Lucia,LCA,1920,13258.101
Saint Lucia,LCA,1930,13176.479
Saint Lucia,LCA,1940,13092.665
Saint Lucia,LCA,1950,13006.572
Saint Lucia,LCA,1951,13166.336
Saint Lucia,LCA,1952,13294.258
Saint Lucia,LCA,1953,13396.686
Saint Lucia,LCA,1954,13481.199
Saint Lucia,LCA,1955,13555.045
Saint Lucia,LCA,1956,13624.965
Saint Lucia,LCA,1957,13697.372
Saint Lucia,LCA,1958,13780.531
Saint Lucia,LCA,1959,13879.552
Saint Lucia,LCA,1960,14000
Saint Lucia,LCA,1961,14000
Saint Lucia,LCA,1962,14000
Saint Lucia,LCA,1963,15000
Saint Lucia,LCA,1964,15000
Saint Lucia,LCA,1965,15000
Saint Lucia,LCA,1966,15000
Saint Lucia,LCA,1967,16000
Saint Lucia,LCA,1968,16000
Saint Lucia,LCA,1969,16000
Saint Lucia,LCA,1970,16000
Saint Lucia,LCA,1971,17000
Saint Lucia,LCA,1972,17000
Saint Lucia,LCA,1973,17000
Saint Lucia,LCA,1974,16900
Saint Lucia,LCA,1975,17000
Saint Lucia,LCA,1976,17000
Saint Lucia,LCA,1977,17000
Saint Lucia,LCA,1978,17000
Saint Lucia,LCA,1979,17200
Saint Lucia,LCA,1980,17500
Saint Lucia,LCA,1981,17800
Saint Lucia,LCA,1982,17999.473
Saint Lucia,LCA,1983,18199.932
Saint Lucia,LCA,1984,18500
Saint Lucia,LCA,1985,18800
Saint Lucia,LCA,1986,19200
Saint Lucia,LCA,1987,19000
Saint Lucia,LCA,1988,19000
Saint Lucia,LCA,1989,19000
Saint Lucia,LCA,1990,18900
Saint Lucia,LCA,1991,17800
Saint Lucia,LCA,1992,17700
Saint Lucia,LCA,1993,17700
Saint Lucia,LCA,1994,17500
Saint Lucia,LCA,1995,16000
Saint Lucia,LCA,1996,15700
Saint Lucia,LCA,1997,15400
Saint Lucia,LCA,1998,14000
Saint Lucia,LCA,1999,14000
Saint Lucia,LCA,2000,12900
Saint Lucia,LCA,2001,12600
Saint Lucia,LCA,2002,11900
Saint Lucia,LCA,2003,11200
Saint Lucia,LCA,2004,10000
Saint Lucia,LCA,2005,9900
Saint Lucia,LCA,2006,9300
Saint Lucia,LCA,2007,9560
Saint Lucia,LCA,2008,9570
Saint Lucia,LCA,2009,9570
Saint Lucia,LCA,2010,9570
Saint Lucia,LCA,2011,9570
Saint Lucia,LCA,2012,9570
Saint Lucia,LCA,2013,9570
Saint Lucia,LCA,2014,9570
Saint Lucia,LCA,2015,9570
Saint Lucia,LCA,2016,9570
Saint Lucia,LCA,2017,9570
Saint Lucia,LCA,2018,9570
Saint Lucia,LCA,2019,9570
Saint Lucia,LCA,2020,9570
Saint Lucia,LCA,2021,9570
Saint Lucia,LCA,2022,9570
Saint Lucia,LCA,2023,9570
Saint Lucia,LCA,2024,9570
Saint Lucia,LCA,2025,9570
Saint Pierre and Miquelon,SPM,-10000,0
Saint Pierre and Miquelon,SPM,-9000,0
Saint Pierre and Miquelon,SPM,-8000,0
Saint Pierre and Miquelon,SPM,-7000,0
Saint Pierre and Miquelon,SPM,-6000,0
Saint Pierre and Miquelon,SPM,-5000,0
Saint Pierre and Miquelon,SPM,-4000,0
Saint Pierre and Miquelon,SPM,-3000,0
Saint Pierre and Miquelon,SPM,-2000,0
Saint Pierre and Miquelon,SPM,-1000,0
Saint Pierre and Miquelon,SPM,0,0
Saint Pierre and Miquelon,SPM,100,0
Saint Pierre and Miquelon,SPM,200,0
Saint Pierre and Miquelon,SPM,300,0
Saint Pierre and Miquelon,SPM,400,0
Saint Pierre and Miquelon,SPM,500,0
Saint Pierre and Miquelon,SPM,600,0
Saint Pierre and Miquelon,SPM,700,0
Saint Pierre and Miquelon,SPM,800,0
Saint Pierre and Miquelon,SPM,900,0
Saint Pierre and Miquelon,SPM,1000,0
Saint Pierre and Miquelon,SPM,1100,0
Saint Pierre and Miquelon,SPM,1200,0
Saint Pierre and Miquelon,SPM,1300,0
Saint Pierre and Miquelon,SPM,1400,0
Saint Pierre and Miquelon,SPM,1500,270.83682
Saint Pierre and Miquelon,SPM,1600,542.36304
Saint Pierre and Miquelon,SPM,1700,1086.1012
Saint Pierre and Miquelon,SPM,1710,1175.2745
Saint Pierre and Miquelon,SPM,1720,1271.7693
Saint Pierre and Miquelon,SPM,1730,1376.1865
Saint Pierre and Miquelon,SPM,1740,1489.1766
Saint Pierre and Miquelon,SPM,1750,1611.4437
Saint Pierre and Miquelon,SPM,1760,1743.7494
Saint Pierre and Miquelon,SPM,1770,1886.9177
Saint Pierre and Miquelon,SPM,1780,2041.8406
Saint Pierre and Miquelon,SPM,1790,2209.483
Saint Pierre and Miquelon,SPM,1800,2390.8894
Saint Pierre and Miquelon,SPM,1810,2587.19
Saint Pierre and Miquelon,SPM,1820,2673.766
Saint Pierre and Miquelon,SPM,1830,2763.2395
Saint Pierre and Miquelon,SPM,1840,2855.7065
Saint Pierre and Miquelon,SPM,1850,2951.268
Saint Pierre and Miquelon,SPM,1860,3050.027
Saint Pierre and Miquelon,SPM,1870,3155.597
Saint Pierre and Miquelon,SPM,1880,3264.8208
Saint Pierre and Miquelon,SPM,1890,3377.8247
Saint Pierre and Miquelon,SPM,1900,3494.7402
Saint Pierre and Miquelon,SPM,1910,3615.7024
Saint Pierre and Miquelon,SPM,1920,3330.9915
Saint Pierre and Miquelon,SPM,1930,3046.2085
Saint Pierre and Miquelon,SPM,1940,2777.6013
Saint Pierre and Miquelon,SPM,1950,2787.9792
Saint Pierre and Miquelon,SPM,1951,2807.5322
Saint Pierre and Miquelon,SPM,1952,2825.8657
Saint Pierre and Miquelon,SPM,1953,2842.3699
Saint Pierre and Miquelon,SPM,1954,2861.314
Saint Pierre and Miquelon,SPM,1955,2880.8687
Saint Pierre and Miquelon,SPM,1956,2907.1338
Saint Pierre and Miquelon,SPM,1957,2927.9094
Saint Pierre and Miquelon,SPM,1958,2952.9558
Saint Pierre and Miquelon,SPM,1959,2978.0024
Saint Pierre and Miquelon,SPM,1960,3000
Saint Pierre and Miquelon,SPM,1961,3000
Saint Pierre and Miquelon,SPM,1962,3000
Saint Pierre and Miquelon,SPM,1963,3000
Saint Pierre and Miquelon,SPM,1964,3000
Saint Pierre and Miquelon,SPM,1965,3000
Saint Pierre and Miquelon,SPM,1966,3000
Saint Pierre and Miquelon,SPM,1967,3000
Saint Pierre and Miquelon,SPM,1968,3000
Saint Pierre and Miquelon,SPM,1969,3000
Saint Pierre and Miquelon,SPM,1970,3000
Saint Pierre and Miquelon,SPM,1971,3000
Saint Pierre and Miquelon,SPM,1972,3000
Saint Pierre and Miquelon,SPM,1973,3000
Saint Pierre and Miquelon,SPM,1974,3000
Saint Pierre and Miquelon,SPM,1975,3000
Saint Pierre and Miquelon,SPM,1976,3000
Saint Pierre and Miquelon,SPM,1977,3000
Saint Pierre and Miquelon,SPM,1978,3000
Saint Pierre and Miquelon,SPM,1979,3000
Saint Pierre and Miquelon,SPM,1980,3000
Saint Pierre and Miquelon,SPM,1981,3000
Saint Pierre and Miquelon,SPM,1982,3000
Saint Pierre and Miquelon,SPM,1983,3000
Saint Pierre and Miquelon,SPM,1984,3000
Saint Pierre and Miquelon,SPM,1985,3000
Saint Pierre and Miquelon,SPM,1986,3000
Saint Pierre and Miquelon,SPM,1987,3000
Saint Pierre and Miquelon,SPM,1988,3000
Saint Pierre and Miquelon,SPM,1989,3000
Saint Pierre and Miquelon,SPM,1990,3000
Saint Pierre and Miquelon,SPM,1991,3000
Saint Pierre and Miquelon,SPM,1992,3000
Saint Pierre and Miquelon,SPM,1993,3000
Saint Pierre and Miquelon,SPM,1994,3000
Saint Pierre and Miquelon,SPM,1995,3000
Saint Pierre and Miquelon,SPM,1996,3000
Saint Pierre and Miquelon,SPM,1997,3000
Saint Pierre and Miquelon,SPM,1998,3000
Saint Pierre and Miquelon,SPM,1999,3000
Saint Pierre and Miquelon,SPM,2000,3000
Saint Pierre and Miquelon,SPM,2001,3000
Saint Pierre and Miquelon,SPM,2002,3000
Saint Pierre and Miquelon,SPM,2003,3000
Saint Pierre and Miquelon,SPM,2004,3000
Saint Pierre and Miquelon,SPM,2005,3000
Saint Pierre and Miquelon,SPM,2006,3000
Saint Pierre and Miquelon,SPM,2007,3000
Saint Pierre and Miquelon,SPM,2008,3000
Saint Pierre and Miquelon,SPM,2009,3000
Saint Pierre and Miquelon,SPM,2010,3000
Saint Pierre and Miquelon,SPM,2011,2000
Saint Pierre and Miquelon,SPM,2012,2000
Saint Pierre and Miquelon,SPM,2013,2000
Saint Pierre and Miquelon,SPM,2014,2000
Saint Pierre and Miquelon,SPM,2015,2000
Saint Pierre and Miquelon,SPM,2016,2000
Saint Pierre and Miquelon,SPM,2017,2000
Saint Pierre and Miquelon,SPM,2018,2000
Saint Pierre and Miquelon,SPM,2019,2000
Saint Pierre and Miquelon,SPM,2020,2000
Saint Pierre and Miquelon,SPM,2021,2000
Saint Pierre and Miquelon,SPM,2022,2000
Saint Pierre and Miquelon,SPM,2023,2000
Saint Pierre and Miquelon,SPM,2024,2000
Saint Pierre and Miquelon,SPM,2025,2000
Saint Vincent and the Grenadines,VCT,-10000,0
Saint Vincent and the Grenadines,VCT,-9000,0
Saint Vincent and the Grenadines,VCT,-8000,0
Saint Vincent and the Grenadines,VCT,-7000,0
Saint Vincent and the Grenadines,VCT,-6000,0
Saint Vincent and the Grenadines,VCT,-5000,0
Saint Vincent and the Grenadines,VCT,-4000,0
Saint Vincent and the Grenadines,VCT,-3000,0
Saint Vincent and the Grenadines,VCT,-2000,0
Saint Vincent and the Grenadines,VCT,-1000,0
Saint Vincent and the Grenadines,VCT,0,0
Saint Vincent and the Grenadines,VCT,100,0
Saint Vincent and the Grenadines,VCT,200,0
Saint Vincent and the Grenadines,VCT,300,0
Saint Vincent and the Grenadines,VCT,400,0
Saint Vincent and the Grenadines,VCT,500,0
Saint Vincent and the Grenadines,VCT,600,0
Saint Vincent and the Grenadines,VCT,700,0
Saint Vincent and the Grenadines,VCT,800,0
Saint Vincent and the Grenadines,VCT,900,0
Saint Vincent and the Grenadines,VCT,1000,0
Saint Vincent and the Grenadines,VCT,1100,0
Saint Vincent and the Grenadines,VCT,1200,0
Saint Vincent and the Grenadines,VCT,1300,0
Saint Vincent and the Grenadines,VCT,1400,0
Saint Vincent and the Grenadines,VCT,1500,915.8359
Saint Vincent and the Grenadines,VCT,1600,1722.3033
Saint Vincent and the Grenadines,VCT,1700,3193.8787
Saint Vincent and the Grenadines,VCT,1710,3426.1062
Saint Vincent and the Grenadines,VCT,1720,3674.384
Saint Vincent and the Grenadines,VCT,1730,3939.709
Saint Vincent and the Grenadines,VCT,1740,4223.1235
Saint Vincent and the Grenadines,VCT,1750,4525.715
Saint Vincent and the Grenadines,VCT,1760,4848.613
Saint Vincent and the Grenadines,VCT,1770,5192.9854
Saint Vincent and the Grenadines,VCT,1780,5560.0396
Saint Vincent and the Grenadines,VCT,1790,5951.011
Saint Vincent and the Grenadines,VCT,1800,6367.1616
Saint Vincent and the Grenadines,VCT,1810,6809.7656
Saint Vincent and the Grenadines,VCT,1820,6952.867
Saint Vincent and the Grenadines,VCT,1830,7095.798
Saint Vincent and the Grenadines,VCT,1840,7238.174
Saint Vincent and the Grenadines,VCT,1850,7379.5586
Saint Vincent and the Grenadines,VCT,1860,7519.454
Saint Vincent and the Grenadines,VCT,1870,7665.8096
Saint Vincent and the Grenadines,VCT,1880,7809.77
Saint Vincent and the Grenadines,VCT,1890,7950.582
Saint Vincent and the Grenadines,VCT,1900,8087.378
Saint Vincent and the Grenadines,VCT,1910,8219.156
Saint Vincent and the Grenadines,VCT,1920,8082.762
Saint Vincent and the Grenadines,VCT,1930,7939.7646
Saint Vincent and the Grenadines,VCT,1940,7789.494
Saint Vincent and the Grenadines,VCT,1950,7631.1646
Saint Vincent and the Grenadines,VCT,1951,7733.8965
Saint Vincent and the Grenadines,VCT,1952,7853.095
Saint Vincent and the Grenadines,VCT,1953,7983.9976
Saint Vincent and the Grenadines,VCT,1954,8126.1694
Saint Vincent and the Grenadines,VCT,1955,8275.578
Saint Vincent and the Grenadines,VCT,1956,8430.362
Saint Vincent and the Grenadines,VCT,1957,8583.972
Saint Vincent and the Grenadines,VCT,1958,8734.165
Saint Vincent and the Grenadines,VCT,1959,8874.154
Saint Vincent and the Grenadines,VCT,1960,9000
Saint Vincent and the Grenadines,VCT,1961,9000
Saint Vincent and the Grenadines,VCT,1962,9000
Saint Vincent and the Grenadines,VCT,1963,10000
Saint Vincent and the Grenadines,VCT,1964,10000
Saint Vincent and the Grenadines,VCT,1965,10000
Saint Vincent and the Grenadines,VCT,1966,10000
Saint Vincent and the Grenadines,VCT,1967,10000
Saint Vincent and the Grenadines,VCT,1968,10000
Saint Vincent and the Grenadines,VCT,1969,10000
Saint Vincent and the Grenadines,VCT,1970,10000
Saint Vincent and the Grenadines,VCT,1971,10000
Saint Vincent and the Grenadines,VCT,1972,10000
Saint Vincent and the Grenadines,VCT,1973,9000
Saint Vincent and the Grenadines,VCT,1974,9000
Saint Vincent and the Grenadines,VCT,1975,9000
Saint Vincent and the Grenadines,VCT,1976,9000
Saint Vincent and the Grenadines,VCT,1977,9000
Saint Vincent and the Grenadines,VCT,1978,9000
Saint Vincent and the Grenadines,VCT,1979,10000
Saint Vincent and the Grenadines,VCT,1980,10000
Saint Vincent and the Grenadines,VCT,1981,10000
Saint Vincent and the Grenadines,VCT,1982,9000
Saint Vincent and the Grenadines,VCT,1983,10000
Saint Vincent and the Grenadines,VCT,1984,10000
Saint Vincent and the Grenadines,VCT,1985,10000
Saint Vincent and the Grenadines,VCT,1986,11000
Saint Vincent and the Grenadines,VCT,1987,9660
Saint Vincent and the Grenadines,VCT,1988,9300
Saint Vincent and the Grenadines,VCT,1989,8940
Saint Vincent and the Grenadines,VCT,1990,8580
Saint Vincent and the Grenadines,VCT,1991,8220
Saint Vincent and the Grenadines,VCT,1992,7860
Saint Vincent and the Grenadines,VCT,1993,7500
Saint Vincent and the Grenadines,VCT,1994,7140
Saint Vincent and the Grenadines,VCT,1995,6780.0005
Saint Vincent and the Grenadines,VCT,1996,6419.9995
Saint Vincent and the Grenadines,VCT,1997,6060
Saint Vincent and the Grenadines,VCT,1998,5700
Saint Vincent and the Grenadines,VCT,1999,5340
Saint Vincent and the Grenadines,VCT,2000,5000
Saint Vincent and the Grenadines,VCT,2001,5000
Saint Vincent and the Grenadines,VCT,2002,5000
Saint Vincent and the Grenadines,VCT,2003,5000
Saint Vincent and the Grenadines,VCT,2004,5000
Saint Vincent and the Grenadines,VCT,2005,5000
Saint Vincent and the Grenadines,VCT,2006,5000
Saint Vincent and the Grenadines,VCT,2007,5000
Saint Vincent and the Grenadines,VCT,2008,5000
Saint Vincent and the Grenadines,VCT,2009,5000
Saint Vincent and the Grenadines,VCT,2010,5000
Saint Vincent and the Grenadines,VCT,2011,5000
Saint Vincent and the Grenadines,VCT,2012,5000
Saint Vincent and the Grenadines,VCT,2013,5000
Saint Vincent and the Grenadines,VCT,2014,5000
Saint Vincent and the Grenadines,VCT,2015,5000
Saint Vincent and the Grenadines,VCT,2016,5000
Saint Vincent and the Grenadines,VCT,2017,5000
Saint Vincent and the Grenadines,VCT,2018,5000
Saint Vincent and the Grenadines,VCT,2019,5000
Saint Vincent and the Grenadines,VCT,2020,5000
Saint Vincent and the Grenadines,VCT,2021,5000
Saint Vincent and the Grenadines,VCT,2022,5000
Saint Vincent and the Grenadines,VCT,2023,5000
Saint Vincent and the Grenadines,VCT,2024,5000
Saint Vincent and the Grenadines,VCT,2025,5000
Samoa,WSM,-10000,0
Samoa,WSM,-9000,0
Samoa,WSM,-8000,0
Samoa,WSM,-7000,0
Samoa,WSM,-6000,0
Samoa,WSM,-5000,0
Samoa,WSM,-4000,0
Samoa,WSM,-3000,0
Samoa,WSM,-2000,0
Samoa,WSM,-1000,0
Samoa,WSM,0,0
Samoa,WSM,100,0
Samoa,WSM,200,0
Samoa,WSM,300,0
Samoa,WSM,400,0
Samoa,WSM,500,0
Samoa,WSM,600,0
Samoa,WSM,700,0
Samoa,WSM,800,0
Samoa,WSM,900,0
Samoa,WSM,1000,0
Samoa,WSM,1100,0
Samoa,WSM,1200,0
Samoa,WSM,1300,840.05194
Samoa,WSM,1400,1260.2062
Samoa,WSM,1500,1890.5018
Samoa,WSM,1600,2836.0413
Samoa,WSM,1700,4254.4946
Samoa,WSM,1710,4478.461
Samoa,WSM,1720,4714.218
Samoa,WSM,1730,4962.385
Samoa,WSM,1740,5223.616
Samoa,WSM,1750,5498.599
Samoa,WSM,1760,5788.058
Samoa,WSM,1770,6092.755
Samoa,WSM,1780,6413.491
Samoa,WSM,1790,6751.112
Samoa,WSM,1800,7106.5054
Samoa,WSM,1810,7480.6084
Samoa,WSM,1820,7896.2783
Samoa,WSM,1830,8335.045
Samoa,WSM,1840,8798.192
Samoa,WSM,1850,9287.076
Samoa,WSM,1860,9803.124
Samoa,WSM,1870,11028.627
Samoa,WSM,1880,12407.331
Samoa,WSM,1890,13958.39
Samoa,WSM,1900,15703.348
Samoa,WSM,1910,11591.771
Samoa,WSM,1920,15668.918
Samoa,WSM,1930,21440.895
Samoa,WSM,1940,29686.38
Samoa,WSM,1950,41559.645
Samoa,WSM,1951,42744.258
Samoa,WSM,1952,43950.133
Samoa,WSM,1953,45174.742
Samoa,WSM,1954,46419.098
Samoa,WSM,1955,47690.79
Samoa,WSM,1956,49002.477
Samoa,WSM,1957,50369.855
Samoa,WSM,1958,51814.18
Samoa,WSM,1959,53346.594
Samoa,WSM,1960,55000
Samoa,WSM,1961,55000
Samoa,WSM,1962,56000
Samoa,WSM,1963,56000
Samoa,WSM,1964,56000
Samoa,WSM,1965,61000
Samoa,WSM,1966,61000
Samoa,WSM,1967,61000
Samoa,WSM,1968,62000
Samoa,WSM,1969,62000
Samoa,WSM,1970,62500
Samoa,WSM,1971,63000
Samoa,WSM,1972,63000
Samoa,WSM,1973,63000
Samoa,WSM,1974,63000
Samoa,WSM,1975,64000
Samoa,WSM,1976,68000
Samoa,WSM,1977,70000
Samoa,WSM,1978,70000
Samoa,WSM,1979,72500
Samoa,WSM,1980,73000
Samoa,WSM,1981,76000
Samoa,WSM,1982,76000
Samoa,WSM,1983,76600
Samoa,WSM,1984,77000
Samoa,WSM,1985,77000
Samoa,WSM,1986,77400
Samoa,WSM,1987,75700
Samoa,WSM,1988,76000
Samoa,WSM,1989,52200
Samoa,WSM,1990,52000
Samoa,WSM,1991,52000
Samoa,WSM,1992,50000
Samoa,WSM,1993,50000
Samoa,WSM,1994,49000
Samoa,WSM,1995,49000
Samoa,WSM,1996,49000
Samoa,WSM,1997,49000
Samoa,WSM,1998,49000
Samoa,WSM,1999,48300
Samoa,WSM,2000,45000
Samoa,WSM,2001,45000
Samoa,WSM,2002,44000
Samoa,WSM,2003,42000
Samoa,WSM,2004,40000
Samoa,WSM,2005,38000
Samoa,WSM,2006,36200
Samoa,WSM,2007,34500
Samoa,WSM,2008,32000
Samoa,WSM,2009,29900
Samoa,WSM,2010,35500
Samoa,WSM,2011,41000
Samoa,WSM,2012,46500
Samoa,WSM,2013,52000
Samoa,WSM,2014,57500
Samoa,WSM,2015,63540.004
Samoa,WSM,2016,58150
Samoa,WSM,2017,52759.996
Samoa,WSM,2018,47350
Samoa,WSM,2019,43000
Samoa,WSM,2020,43000
Samoa,WSM,2021,43000
Samoa,WSM,2022,43000
Samoa,WSM,2023,41260
Samoa,WSM,2024,40390
Samoa,WSM,2025,39520
Sao Tome and Principe,STP,-10000,0
Sao Tome and Principe,STP,-9000,0
Sao Tome and Principe,STP,-8000,0
Sao Tome and Principe,STP,-7000,0
Sao Tome and Principe,STP,-6000,0
Sao Tome and Principe,STP,-5000,0
Sao Tome and Principe,STP,-4000,0
Sao Tome and Principe,STP,-3000,0
Sao Tome and Principe,STP,-2000,0
Sao Tome and Principe,STP,-1000,0
Sao Tome and Principe,STP,0,0
Sao Tome and Principe,STP,100,94.75236
Sao Tome and Principe,STP,200,118.49333
Sao Tome and Principe,STP,300,148.18271
Sao Tome and Principe,STP,400,185.31085
Sao Tome and Principe,STP,500,231.74158
Sao Tome and Principe,STP,600,289.8056
Sao Tome and Principe,STP,700,362.41766
Sao Tome and Principe,STP,800,453.22275
Sao Tome and Principe,STP,900,566.779
Sao Tome and Principe,STP,1000,708.78674
Sao Tome and Principe,STP,1100,886.37427
Sao Tome and Principe,STP,1200,1108.4559
Sao Tome and Principe,STP,1300,1386.1796
Sao Tome and Principe,STP,1400,1733.4858
Sao Tome and Principe,STP,1500,2167.808
Sao Tome and Principe,STP,1600,2710.9478
Sao Tome and Principe,STP,1700,3390.168
Sao Tome and Principe,STP,1710,3686.2605
Sao Tome and Principe,STP,1720,4013.1924
Sao Tome and Principe,STP,1730,4374.3384
Sao Tome and Principe,STP,1740,4773.4473
Sao Tome and Principe,STP,1750,5214.682
Sao Tome and Principe,STP,1760,5702.669
Sao Tome and Principe,STP,1770,6242.5454
Sao Tome and Principe,STP,1780,6840.0186
Sao Tome and Principe,STP,1790,7501.4297
Sao Tome and Principe,STP,1800,8233.822
Sao Tome and Principe,STP,1810,9045.021
Sao Tome and Principe,STP,1820,9943.72
Sao Tome and Principe,STP,1830,10939.574
Sao Tome and Principe,STP,1840,12043.316
Sao Tome and Principe,STP,1850,13266.865
Sao Tome and Principe,STP,1860,14623.465
Sao Tome and Principe,STP,1870,16127.829
Sao Tome and Principe,STP,1880,17796.305
Sao Tome and Principe,STP,1890,19647.055
Sao Tome and Principe,STP,1900,21700.26
Sao Tome and Principe,STP,1910,23978.338
Sao Tome and Principe,STP,1920,26506.201
Sao Tome and Principe,STP,1930,29305.934
Sao Tome and Principe,STP,1940,32005.988
Sao Tome and Principe,STP,1950,31749.164
Sao Tome and Principe,STP,1951,31325.992
Sao Tome and Principe,STP,1952,30966.842
Sao Tome and Principe,STP,1953,30776.959
Sao Tome and Principe,STP,1954,30814.191
Sao Tome and Principe,STP,1955,31104.828
Sao Tome and Principe,STP,1956,31614.533
Sao Tome and Principe,STP,1957,32273.465
Sao Tome and Principe,STP,1958,32976.32
Sao Tome and Principe,STP,1959,33589.754
Sao Tome and Principe,STP,1960,34000
Sao Tome and Principe,STP,1961,34000
Sao Tome and Principe,STP,1962,34000
Sao Tome and Principe,STP,1963,34000
Sao Tome and Principe,STP,1964,34000
Sao Tome and Principe,STP,1965,35000
Sao Tome and Principe,STP,1966,35000
Sao Tome and Principe,STP,1967,35000
Sao Tome and Principe,STP,1968,35000
Sao Tome and Principe,STP,1969,35000
Sao Tome and Principe,STP,1970,35000
Sao Tome and Principe,STP,1971,36000
Sao Tome and Principe,STP,1972,36000
Sao Tome and Principe,STP,1973,36000
Sao Tome and Principe,STP,1974,35999.965
Sao Tome and Principe,STP,1975,35999.867
Sao Tome and Principe,STP,1976,35999.785
Sao Tome and Principe,STP,1977,35999.7
Sao Tome and Principe,STP,1978,35999.61
Sao Tome and Principe,STP,1979,35999.523
Sao Tome and Principe,STP,1980,35999.445
Sao Tome and Principe,STP,1981,35999.375
Sao Tome and Principe,STP,1982,32000
Sao Tome and Principe,STP,1983,33000
Sao Tome and Principe,STP,1984,27994.117
Sao Tome and Principe,STP,1985,28994.064
Sao Tome and Principe,STP,1986,28994.066
Sao Tome and Principe,STP,1987,28994.07
Sao Tome and Principe,STP,1988,29994.027
Sao Tome and Principe,STP,1989,28994.02
Sao Tome and Principe,STP,1990,27994.146
Sao Tome and Principe,STP,1991,28994.102
Sao Tome and Principe,STP,1992,28994.113
Sao Tome and Principe,STP,1993,28994.123
Sao Tome and Principe,STP,1994,29994.088
Sao Tome and Principe,STP,1995,26985.982
Sao Tome and Principe,STP,1996,26986.008
Sao Tome and Principe,STP,1997,26000
Sao Tome and Principe,STP,1998,29994.385
Sao Tome and Principe,STP,1999,34000
Sao Tome and Principe,STP,2000,35000
Sao Tome and Principe,STP,2001,35000
Sao Tome and Principe,STP,2002,35000
Sao Tome and Principe,STP,2003,35000
Sao Tome and Principe,STP,2004,34000
Sao Tome and Principe,STP,2005,32999.926
Sao Tome and Principe,STP,2006,33000
Sao Tome and Principe,STP,2007,33000
Sao Tome and Principe,STP,2008,33000
Sao Tome and Principe,STP,2009,33000
Sao Tome and Principe,STP,2010,32000
Sao Tome and Principe,STP,2011,33000
Sao Tome and Principe,STP,2012,34000
Sao Tome and Principe,STP,2013,34000
Sao Tome and Principe,STP,2014,36000
Sao Tome and Principe,STP,2015,36000
Sao Tome and Principe,STP,2016,39000
Sao Tome and Principe,STP,2017,40000
Sao Tome and Principe,STP,2018,40997.566
Sao Tome and Principe,STP,2019,40997.438
Sao Tome and Principe,STP,2020,40997.305
Sao Tome and Principe,STP,2021,42000
Sao Tome and Principe,STP,2022,42000
Sao Tome and Principe,STP,2023,42300
Sao Tome and Principe,STP,2024,42600
Sao Tome and Principe,STP,2025,42900
Saudi Arabia,SAU,-10000,0
Saudi Arabia,SAU,-9000,0
Saudi Arabia,SAU,-8000,0
Saudi Arabia,SAU,-7000,0
Saudi Arabia,SAU,-6000,0
Saudi Arabia,SAU,-5000,0
Saudi Arabia,SAU,-4000,0
Saudi Arabia,SAU,-3000,0
Saudi Arabia,SAU,-2000,616081.9
Saudi Arabia,SAU,-1000,839509
Saudi Arabia,SAU,0,1099773.4
Saudi Arabia,SAU,100,1259480.5
Saudi Arabia,SAU,200,1441040
Saudi Arabia,SAU,300,1647065.2
Saudi Arabia,SAU,400,1880359.4
Saudi Arabia,SAU,500,2143882.2
Saudi Arabia,SAU,600,2440686.5
Saudi Arabia,SAU,700,2333304.8
Saudi Arabia,SAU,800,2225278.8
Saudi Arabia,SAU,900,1981283.8
Saudi Arabia,SAU,1000,1744587.8
Saudi Arabia,SAU,1100,1745828.9
Saudi Arabia,SAU,1200,1737596.9
Saudi Arabia,SAU,1300,1718231
Saudi Arabia,SAU,1400,1433113.4
Saudi Arabia,SAU,1500,1382445.2
Saudi Arabia,SAU,1600,1442597.4
Saudi Arabia,SAU,1700,1163476.8
Saudi Arabia,SAU,1710,1154548.5
Saudi Arabia,SAU,1720,1145202.6
Saudi Arabia,SAU,1730,1135416.1
Saudi Arabia,SAU,1740,1125163.6
Saudi Arabia,SAU,1750,1114417.1
Saudi Arabia,SAU,1760,1103145.6
Saudi Arabia,SAU,1770,1091314.6
Saudi Arabia,SAU,1780,1078885.8
Saudi Arabia,SAU,1790,1065815.6
Saudi Arabia,SAU,1800,1052055.4
Saudi Arabia,SAU,1810,1037549.6
Saudi Arabia,SAU,1820,1022234.75
Saudi Arabia,SAU,1830,1033800.75
Saudi Arabia,SAU,1840,1033167.5
Saudi Arabia,SAU,1850,1031103.5
Saudi Arabia,SAU,1860,1027413.9
Saudi Arabia,SAU,1870,1021866.8
Saudi Arabia,SAU,1880,1025273.06
Saudi Arabia,SAU,1890,1029001.25
Saudi Arabia,SAU,1900,1029622.44
Saudi Arabia,SAU,1910,1026439.9
Saudi Arabia,SAU,1920,986863.5
Saudi Arabia,SAU,1930,990543.4
Saudi Arabia,SAU,1940,986376.25
Saudi Arabia,SAU,1950,971357.6
Saudi Arabia,SAU,1951,987989.94
Saudi Arabia,SAU,1952,1006459.06
Saudi Arabia,SAU,1953,1025796.7
Saudi Arabia,SAU,1954,1045366.8
Saudi Arabia,SAU,1955,1064850.1
Saudi Arabia,SAU,1956,1084257.1
Saudi Arabia,SAU,1957,1103881.2
Saudi Arabia,SAU,1958,1124259.5
Saudi Arabia,SAU,1959,1146091.2
Saudi Arabia,SAU,1960,1170000
Saudi Arabia,SAU,1961,1170000
Saudi Arabia,SAU,1962,1190000
Saudi Arabia,SAU,1963,1212000
Saudi Arabia,SAU,1964,1241000
Saudi Arabia,SAU,1965,1262000
Saudi Arabia,SAU,1966,1284000
Saudi Arabia,SAU,1967,1304000
Saudi Arabia,SAU,1968,1340000
Saudi Arabia,SAU,1969,1375000
Saudi Arabia,SAU,1970,1420000
Saudi Arabia,SAU,1971,1467000
Saudi Arabia,SAU,1972,1517000
Saudi Arabia,SAU,1973,1570000
Saudi Arabia,SAU,1974,1640000
Saudi Arabia,SAU,1975,1684000
Saudi Arabia,SAU,1976,1750000
Saudi Arabia,SAU,1977,1804000
Saudi Arabia,SAU,1978,1856000
Saudi Arabia,SAU,1979,1909000
Saudi Arabia,SAU,1980,1962000
Saudi Arabia,SAU,1981,2013000
Saudi Arabia,SAU,1982,2068000
Saudi Arabia,SAU,1983,2270000
Saudi Arabia,SAU,1984,2423000
Saudi Arabia,SAU,1985,2625000
Saudi Arabia,SAU,1986,2780000
Saudi Arabia,SAU,1987,2980000
Saudi Arabia,SAU,1988,3130000
Saudi Arabia,SAU,1989,3290000
Saudi Arabia,SAU,1990,3481000
Saudi Arabia,SAU,1991,3672000
Saudi Arabia,SAU,1992,3746000
Saudi Arabia,SAU,1993,3785000
Saudi Arabia,SAU,1994,3780708.2
Saudi Arabia,SAU,1995,3783416.8
Saudi Arabia,SAU,1996,3783125
Saudi Arabia,SAU,1997,3780833.5
Saudi Arabia,SAU,1998,3773541.8
Saudi Arabia,SAU,1999,3807250
Saudi Arabia,SAU,2000,3799958.5
Saudi Arabia,SAU,2001,3788666.8
Saudi Arabia,SAU,2002,3781375
Saudi Arabia,SAU,2003,3777083.5
Saudi Arabia,SAU,2004,3778791.8
Saudi Arabia,SAU,2005,3777500.5
Saudi Arabia,SAU,2006,3775208.5
Saudi Arabia,SAU,2007,3770914.5
Saudi Arabia,SAU,2008,3765623.5
Saudi Arabia,SAU,2009,3762332.5
Saudi Arabia,SAU,2010,3740041.8
Saudi Arabia,SAU,2011,3733750.5
Saudi Arabia,SAU,2012,3723458.5
Saudi Arabia,SAU,2013,3713166.8
Saudi Arabia,SAU,2014,3622175.5
Saudi Arabia,SAU,2015,3614583.5
Saudi Arabia,SAU,2016,3608292.2
Saudi Arabia,SAU,2017,3607100.5
Saudi Arabia,SAU,2018,3605208.5
Saudi Arabia,SAU,2019,3616852
Saudi Arabia,SAU,2020,3637787
Saudi Arabia,SAU,2021,3637417.2
Saudi Arabia,SAU,2022,3637417.2
Saudi Arabia,SAU,2023,3652430.8
Saudi Arabia,SAU,2024,3660929
Saudi Arabia,SAU,2025,3669427
Senegal,SEN,-10000,0
Senegal,SEN,-9000,0
Senegal,SEN,-8000,0
Senegal,SEN,-7000,0
Senegal,SEN,-6000,0
Senegal,SEN,-5000,0
Senegal,SEN,-4000,0
Senegal,SEN,-3000,0
Senegal,SEN,-2000,0
Senegal,SEN,-1000,0
Senegal,SEN,0,11819.111
Senegal,SEN,100,14813.832
Senegal,SEN,200,18566.951
Senegal,SEN,300,23270.434
Senegal,SEN,400,29164.816
Senegal,SEN,500,36551.484
Senegal,SEN,600,45808.07
Senegal,SEN,700,57407.707
Senegal,SEN,800,71943.23
Senegal,SEN,900,90157.35
Senegal,SEN,1000,112980.65
Senegal,SEN,1100,141578.98
Senegal,SEN,1200,177413
Senegal,SEN,1300,222312.64
Senegal,SEN,1400,278570.47
Senegal,SEN,1500,349058.5
Senegal,SEN,1600,437374.8
Senegal,SEN,1700,548026.9
Senegal,SEN,1710,567099.2
Senegal,SEN,1720,586180.44
Senegal,SEN,1730,605270.6
Senegal,SEN,1740,624369.75
Senegal,SEN,1750,643477.9
Senegal,SEN,1760,662594.9
Senegal,SEN,1770,681720.8
Senegal,SEN,1780,700855.7
Senegal,SEN,1790,719999.44
Senegal,SEN,1800,739152.06
Senegal,SEN,1810,758313.6
Senegal,SEN,1820,777484.06
Senegal,SEN,1830,796663.4
Senegal,SEN,1840,815851.56
Senegal,SEN,1850,835048.6
Senegal,SEN,1860,886735.06
Senegal,SEN,1870,960509
Senegal,SEN,1880,1071803.4
Senegal,SEN,1890,1172543.2
Senegal,SEN,1900,1257551
Senegal,SEN,1910,1348721.4
Senegal,SEN,1920,1432200.8
Senegal,SEN,1930,1662517.2
Senegal,SEN,1940,1910941.6
Senegal,SEN,1950,2284681.2
Senegal,SEN,1951,2338507.8
Senegal,SEN,1952,2394845.2
Senegal,SEN,1953,2453867.5
Senegal,SEN,1954,2515713.5
Senegal,SEN,1955,2580455
Senegal,SEN,1956,2648131.8
Senegal,SEN,1957,2718701.8
Senegal,SEN,1958,2792095.2
Senegal,SEN,1959,2868214.2
Senegal,SEN,1960,2947000
Senegal,SEN,1961,2947000
Senegal,SEN,1962,2947000
Senegal,SEN,1963,3047000
Senegal,SEN,1964,3047000
Senegal,SEN,1965,3147000
Senegal,SEN,1966,3147000
Senegal,SEN,1967,3247000
Senegal,SEN,1968,3417000
Senegal,SEN,1969,3203000
Senegal,SEN,1970,3164000
Senegal,SEN,1971,3246000
Senegal,SEN,1972,3246000
Senegal,SEN,1973,3296000
Senegal,SEN,1974,3346000
Senegal,SEN,1975,3346000
Senegal,SEN,1976,3345000
Senegal,SEN,1977,3144000
Senegal,SEN,1978,3143000
Senegal,SEN,1979,3142000
Senegal,SEN,1980,3141000
Senegal,SEN,1981,3140000
Senegal,SEN,1982,3139000
Senegal,SEN,1983,3138000
Senegal,SEN,1984,3137000
Senegal,SEN,1985,3136000
Senegal,SEN,1986,3134000
Senegal,SEN,1987,3132000
Senegal,SEN,1988,3130000
Senegal,SEN,1989,3127000
Senegal,SEN,1990,3125000
Senegal,SEN,1991,3009000
Senegal,SEN,1992,3080000
Senegal,SEN,1993,3118000
Senegal,SEN,1994,3215000
Senegal,SEN,1995,3115000
Senegal,SEN,1996,3257000
Senegal,SEN,1997,2978000
Senegal,SEN,1998,2740000
Senegal,SEN,1999,3462000
Senegal,SEN,2000,3377000
Senegal,SEN,2001,3149000
Senegal,SEN,2002,3100000
Senegal,SEN,2003,2982000
Senegal,SEN,2004,3037000
Senegal,SEN,2005,3176000
Senegal,SEN,2006,2890000
Senegal,SEN,2007,2903000
Senegal,SEN,2008,3675000
Senegal,SEN,2009,3678000
Senegal,SEN,2010,3678000
Senegal,SEN,2011,3365000
Senegal,SEN,2012,3365000
Senegal,SEN,2013,3368000
Senegal,SEN,2014,3372000
Senegal,SEN,2015,3728000
Senegal,SEN,2016,3688000
Senegal,SEN,2017,3723000
Senegal,SEN,2018,3758000
Senegal,SEN,2019,3795000
Senegal,SEN,2020,3830000
Senegal,SEN,2021,3911000
Senegal,SEN,2022,3911000
Senegal,SEN,2023,3967600
Senegal,SEN,2024,4009800
Senegal,SEN,2025,4052000
Serbia and Montenegro,OWID_SRM,-10000,0
Serbia and Montenegro,OWID_SRM,-9000,0
Serbia and Montenegro,OWID_SRM,-8000,0
Serbia and Montenegro,OWID_SRM,-7000,0
Serbia and Montenegro,OWID_SRM,-6000,0
Serbia and Montenegro,OWID_SRM,-5000,0
Serbia and Montenegro,OWID_SRM,-4000,20727.373
Serbia and Montenegro,OWID_SRM,-3000,124364.24
Serbia and Montenegro,OWID_SRM,-2000,231783.25
Serbia and Montenegro,OWID_SRM,-1000,423828.97
Serbia and Montenegro,OWID_SRM,0,749590.3
Serbia and Montenegro,OWID_SRM,100,733122.2
Serbia and Montenegro,OWID_SRM,200,722252.4
Serbia and Montenegro,OWID_SRM,300,710974.25
Serbia and Montenegro,OWID_SRM,400,699253
Serbia and Montenegro,OWID_SRM,500,687048.5
Serbia and Montenegro,OWID_SRM,600,674314.56
Serbia and Montenegro,OWID_SRM,700,660997.1
Serbia and Montenegro,OWID_SRM,800,647032.9
Serbia and Montenegro,OWID_SRM,900,684356.9
Serbia and Montenegro,OWID_SRM,1000,718216.2
Serbia and Montenegro,OWID_SRM,1100,764606.7
Serbia and Montenegro,OWID_SRM,1200,2160565.2
Serbia and Montenegro,OWID_SRM,1300,842106.75
Serbia and Montenegro,OWID_SRM,1400,630919.25
Serbia and Montenegro,OWID_SRM,1500,777697.44
Serbia and Montenegro,OWID_SRM,1600,905728.8
Serbia and Montenegro,OWID_SRM,1700,856007.5
Serbia and Montenegro,OWID_SRM,1710,884960.75
Serbia and Montenegro,OWID_SRM,1720,913415.06
Serbia and Montenegro,OWID_SRM,1730,941359.94
Serbia and Montenegro,OWID_SRM,1740,968784.4
Serbia and Montenegro,OWID_SRM,1750,995676.9
Serbia and Montenegro,OWID_SRM,1760,1022025.5
Serbia and Montenegro,OWID_SRM,1770,1047817.56
Serbia and Montenegro,OWID_SRM,1780,1073040
Serbia and Montenegro,OWID_SRM,1790,1097678.8
Serbia and Montenegro,OWID_SRM,1800,1121719.1
Serbia and Montenegro,OWID_SRM,1810,1145146
Serbia and Montenegro,OWID_SRM,1820,1167942.8
Serbia and Montenegro,OWID_SRM,1830,1190092.6
Serbia and Montenegro,OWID_SRM,1840,1211577
Serbia and Montenegro,OWID_SRM,1850,1503853.4
Serbia and Montenegro,OWID_SRM,1860,1790765.6
Serbia and Montenegro,OWID_SRM,1870,2072168.8
Serbia and Montenegro,OWID_SRM,1880,2347909.2
Serbia and Montenegro,OWID_SRM,1890,2617819.2
Serbia and Montenegro,OWID_SRM,1900,2881738.2
Serbia and Montenegro,OWID_SRM,1910,3139467.2
Serbia and Montenegro,OWID_SRM,1920,3390812.5
Serbia and Montenegro,OWID_SRM,1930,3635561.8
Serbia and Montenegro,OWID_SRM,1940,3873486.8
Serbia and Montenegro,OWID_SRM,1950,4102154
Serbia and Montenegro,OWID_SRM,1951,4170574.5
Serbia and Montenegro,OWID_SRM,1952,4234553
Serbia and Montenegro,OWID_SRM,1953,4293341.5
Serbia and Montenegro,OWID_SRM,1954,4346590
Serbia and Montenegro,OWID_SRM,1955,4394323.5
Serbia and Montenegro,OWID_SRM,1956,4436956
Serbia and Montenegro,OWID_SRM,1957,4475308
Serbia and Montenegro,OWID_SRM,1958,4510497.5
Serbia and Montenegro,OWID_SRM,1959,4543833
Serbia and Montenegro,OWID_SRM,1960,4576534.5
Serbia and Montenegro,OWID_SRM,1961,4576534.5
Serbia and Montenegro,OWID_SRM,1962,4566160.5
Serbia and Montenegro,OWID_SRM,1963,4560701
Serbia and Montenegro,OWID_SRM,1964,4555240.5
Serbia and Montenegro,OWID_SRM,1965,4535038.5
Serbia and Montenegro,OWID_SRM,1966,4513199
Serbia and Montenegro,OWID_SRM,1967,4513745
Serbia and Montenegro,OWID_SRM,1968,4502279
Serbia and Montenegro,OWID_SRM,1969,4497365
Serbia and Montenegro,OWID_SRM,1970,4479893.5
Serbia and Montenegro,OWID_SRM,1971,4462421.5
Serbia and Montenegro,OWID_SRM,1972,4438944
Serbia and Montenegro,OWID_SRM,1973,4417649.5
Serbia and Montenegro,OWID_SRM,1974,4404000
Serbia and Montenegro,OWID_SRM,1975,4386528
Serbia and Montenegro,OWID_SRM,1976,4370694
Serbia and Montenegro,OWID_SRM,1977,4339572.5
Serbia and Montenegro,OWID_SRM,1978,4328106.5
Serbia and Montenegro,OWID_SRM,1979,4311181
Serbia and Montenegro,OWID_SRM,1980,4304629
Serbia and Montenegro,OWID_SRM,1981,4293709
Serbia and Montenegro,OWID_SRM,1982,4280059
Serbia and Montenegro,OWID_SRM,1983,4265863
Serbia and Montenegro,OWID_SRM,1984,4252213.5
Serbia and Montenegro,OWID_SRM,1985,4247845
Serbia and Montenegro,OWID_SRM,1986,4246207
Serbia and Montenegro,OWID_SRM,1987,4240201
Serbia and Montenegro,OWID_SRM,1988,4236925
Serbia and Montenegro,OWID_SRM,1989,4233649
Serbia and Montenegro,OWID_SRM,1990,4224913.5
Serbia and Montenegro,OWID_SRM,1991,4163215.5
Serbia and Montenegro,OWID_SRM,1992,4076000
Serbia and Montenegro,OWID_SRM,1993,4078000
Serbia and Montenegro,OWID_SRM,1994,4085000
Serbia and Montenegro,OWID_SRM,1995,4085000
Serbia and Montenegro,OWID_SRM,1996,4061000
Serbia and Montenegro,OWID_SRM,1997,4058000
Serbia and Montenegro,OWID_SRM,1998,4047000
Serbia and Montenegro,OWID_SRM,1999,3733000
Serbia and Montenegro,OWID_SRM,2000,3736000
Serbia and Montenegro,OWID_SRM,2001,3728000
Serbia and Montenegro,OWID_SRM,2002,3724000
Serbia and Montenegro,OWID_SRM,2003,3717000
Serbia and Montenegro,OWID_SRM,2004,3715000
Serbia and Montenegro,OWID_SRM,2005,3822000
Serbia and Montenegro,OWID_SRM,2006,2976900
Serbia and Montenegro,OWID_SRM,2007,2996700
Serbia and Montenegro,OWID_SRM,2008,3039900
Serbia and Montenegro,OWID_SRM,2009,2992000
Serbia and Montenegro,OWID_SRM,2010,3032400
Serbia and Montenegro,OWID_SRM,2011,3017100
Serbia and Montenegro,OWID_SRM,2012,2938400
Serbia and Montenegro,OWID_SRM,2013,2790510
Serbia and Montenegro,OWID_SRM,2014,2806940
Serbia and Montenegro,OWID_SRM,2015,2804800
Serbia and Montenegro,OWID_SRM,2016,2816400
Serbia and Montenegro,OWID_SRM,2017,2817600
Serbia and Montenegro,OWID_SRM,2018,2802600
Serbia and Montenegro,OWID_SRM,2019,2800000
Serbia and Montenegro,OWID_SRM,2020,2825650
Serbia and Montenegro,OWID_SRM,2021,2833400
Serbia and Montenegro,OWID_SRM,2022,2821000
Serbia and Montenegro,OWID_SRM,2023,2837590
Serbia and Montenegro,OWID_SRM,2024,2844610
Serbia and Montenegro,OWID_SRM,2025,2851630
Sierra Leone,SLE,-10000,0
Sierra Leone,SLE,-9000,0
Sierra Leone,SLE,-8000,0
Sierra Leone,SLE,-7000,0
Sierra Leone,SLE,-6000,0
Sierra Leone,SLE,-5000,0
Sierra Leone,SLE,-4000,0
Sierra Leone,SLE,-3000,0
Sierra Leone,SLE,-2000,0
Sierra Leone,SLE,-1000,0
Sierra Leone,SLE,0,0
Sierra Leone,SLE,100,0
Sierra Leone,SLE,200,0
Sierra Leone,SLE,300,0
Sierra Leone,SLE,400,0
Sierra Leone,SLE,500,0
Sierra Leone,SLE,600,0
Sierra Leone,SLE,700,0
Sierra Leone,SLE,800,26684.1
Sierra Leone,SLE,900,53368.2
Sierra Leone,SLE,1000,57384.73
Sierra Leone,SLE,1100,61482.867
Sierra Leone,SLE,1200,65580.36
Sierra Leone,SLE,1300,69552.445
Sierra Leone,SLE,1400,73208.52
Sierra Leone,SLE,1500,76249.86
Sierra Leone,SLE,1600,78185.64
Sierra Leone,SLE,1700,78136.97
Sierra Leone,SLE,1710,100042.6
Sierra Leone,SLE,1720,121320.96
Sierra Leone,SLE,1730,141945.58
Sierra Leone,SLE,1740,161887.48
Sierra Leone,SLE,1750,181114.75
Sierra Leone,SLE,1760,199592.05
Sierra Leone,SLE,1770,217280.11
Sierra Leone,SLE,1780,234135.02
Sierra Leone,SLE,1790,250107.34
Sierra Leone,SLE,1800,265141.1
Sierra Leone,SLE,1810,279172.25
Sierra Leone,SLE,1820,292127.16
Sierra Leone,SLE,1830,303920
Sierra Leone,SLE,1840,308294.03
Sierra Leone,SLE,1850,311034
Sierra Leone,SLE,1860,311164.12
Sierra Leone,SLE,1870,313597.5
Sierra Leone,SLE,1880,318295.1
Sierra Leone,SLE,1890,322034.62
Sierra Leone,SLE,1900,324653.1
Sierra Leone,SLE,1910,325969.06
Sierra Leone,SLE,1920,322559.88
Sierra Leone,SLE,1930,347066.62
Sierra Leone,SLE,1940,367488.34
Sierra Leone,SLE,1950,401792.25
Sierra Leone,SLE,1951,402187.56
Sierra Leone,SLE,1952,402747.72
Sierra Leone,SLE,1953,403414.72
Sierra Leone,SLE,1954,404149.53
Sierra Leone,SLE,1955,404930.44
Sierra Leone,SLE,1956,405758.5
Sierra Leone,SLE,1957,406646.16
Sierra Leone,SLE,1958,407624.25
Sierra Leone,SLE,1959,408730.44
Sierra Leone,SLE,1960,410000
Sierra Leone,SLE,1961,410000
Sierra Leone,SLE,1962,415000
Sierra Leone,SLE,1963,420000
Sierra Leone,SLE,1964,425000
Sierra Leone,SLE,1965,430000
Sierra Leone,SLE,1966,435000
Sierra Leone,SLE,1967,440000
Sierra Leone,SLE,1968,450000
Sierra Leone,SLE,1969,455000
Sierra Leone,SLE,1970,460000
Sierra Leone,SLE,1971,465000
Sierra Leone,SLE,1972,470000
Sierra Leone,SLE,1973,475000
Sierra Leone,SLE,1974,480000
Sierra Leone,SLE,1975,485000
Sierra Leone,SLE,1976,490000
Sierra Leone,SLE,1977,495000
Sierra Leone,SLE,1978,505000
Sierra Leone,SLE,1979,515000
Sierra Leone,SLE,1980,520000
Sierra Leone,SLE,1981,525000
Sierra Leone,SLE,1982,540000
Sierra Leone,SLE,1983,545000
Sierra Leone,SLE,1984,560000
Sierra Leone,SLE,1985,610000
Sierra Leone,SLE,1986,615000
Sierra Leone,SLE,1987,620000
Sierra Leone,SLE,1988,621000
Sierra Leone,SLE,1989,621000
Sierra Leone,SLE,1990,621000
Sierra Leone,SLE,1991,621000
Sierra Leone,SLE,1992,611000
Sierra Leone,SLE,1993,611000
Sierra Leone,SLE,1994,610000
Sierra Leone,SLE,1995,610000
Sierra Leone,SLE,1996,610000
Sierra Leone,SLE,1997,609000
Sierra Leone,SLE,1998,609000
Sierra Leone,SLE,1999,604000
Sierra Leone,SLE,2000,610000
Sierra Leone,SLE,2001,801520
Sierra Leone,SLE,2002,1030080
Sierra Leone,SLE,2003,1366670
Sierra Leone,SLE,2004,1572730
Sierra Leone,SLE,2005,1612020
Sierra Leone,SLE,2006,1829880.1
Sierra Leone,SLE,2007,1423720
Sierra Leone,SLE,2008,1512230
Sierra Leone,SLE,2009,1600970
Sierra Leone,SLE,2010,1730380.1
Sierra Leone,SLE,2011,1817630.1
Sierra Leone,SLE,2012,1636650
Sierra Leone,SLE,2013,1748650
Sierra Leone,SLE,2014,1749000
Sierra Leone,SLE,2015,1749000
Sierra Leone,SLE,2016,1749000
Sierra Leone,SLE,2017,1749000
Sierra Leone,SLE,2018,1749000
Sierra Leone,SLE,2019,1749000
Sierra Leone,SLE,2020,1749000
Sierra Leone,SLE,2021,1749000
Sierra Leone,SLE,2022,1749000
Sierra Leone,SLE,2023,1749000
Sierra Leone,SLE,2024,1749000
Sierra Leone,SLE,2025,1749000
Singapore,SGP,-10000,0
Singapore,SGP,-9000,0
Singapore,SGP,-8000,0
Singapore,SGP,-7000,0
Singapore,SGP,-6000,0
Singapore,SGP,-5000,0
Singapore,SGP,-4000,0
Singapore,SGP,-3000,0
Singapore,SGP,-2000,0
Singapore,SGP,-1000,0
Singapore,SGP,0,0
Singapore,SGP,100,0
Singapore,SGP,200,0
Singapore,SGP,300,0
Singapore,SGP,400,0
Singapore,SGP,500,10.285599
Singapore,SGP,600,15.067789
Singapore,SGP,700,22.03356
Singapore,SGP,800,32.151787
Singapore,SGP,900,46.79998
Singapore,SGP,1000,67.91912
Singapore,SGP,1100,98.210754
Singapore,SGP,1200,141.36938
Singapore,SGP,1300,202.31285
Singapore,SGP,1400,287.2959
Singapore,SGP,1500,403.59338
Singapore,SGP,1600,557.89215
Singapore,SGP,1700,750.8133
Singapore,SGP,1710,959.0206
Singapore,SGP,1720,1224.3121
Singapore,SGP,1730,1562.0854
Singapore,SGP,1740,1991.7898
Singapore,SGP,1750,2537.9487
Singapore,SGP,1760,3231.421
Singapore,SGP,1770,4110.9473
Singapore,SGP,1780,5225.0283
Singapore,SGP,1790,6634.1904
Singapore,SGP,1800,8413.669
Singapore,SGP,1810,10656.542
Singapore,SGP,1820,13477.284
Singapore,SGP,1830,17015.629
Singapore,SGP,1840,21440.48
Singapore,SGP,1850,26953.314
Singapore,SGP,1860,33790.023
Singapore,SGP,1870,42219.188
Singapore,SGP,1880,43565.395
Singapore,SGP,1890,42962.34
Singapore,SGP,1900,42206.55
Singapore,SGP,1910,41139.445
Singapore,SGP,1920,40123.74
Singapore,SGP,1930,38161.1
Singapore,SGP,1940,36632.4
Singapore,SGP,1950,33309.215
Singapore,SGP,1951,32858.25
Singapore,SGP,1952,32375.748
Singapore,SGP,1953,31842.037
Singapore,SGP,1954,31256.842
Singapore,SGP,1955,30629.938
Singapore,SGP,1956,29972.207
Singapore,SGP,1957,29295.242
Singapore,SGP,1958,28617.957
Singapore,SGP,1959,27960.705
Singapore,SGP,1960,14000
Singapore,SGP,1961,14000
Singapore,SGP,1962,14000
Singapore,SGP,1963,13000
Singapore,SGP,1964,13000
Singapore,SGP,1965,13000
Singapore,SGP,1966,13000
Singapore,SGP,1967,13000
Singapore,SGP,1968,12000
Singapore,SGP,1969,12000
Singapore,SGP,1970,12000
Singapore,SGP,1971,10000
Singapore,SGP,1972,11000
Singapore,SGP,1973,11000
Singapore,SGP,1974,9000
Singapore,SGP,1975,8000
Singapore,SGP,1976,8000
Singapore,SGP,1977,8000
Singapore,SGP,1978,8000
Singapore,SGP,1979,8000
Singapore,SGP,1980,8000
Singapore,SGP,1981,7000
Singapore,SGP,1982,6000
Singapore,SGP,1983,6000
Singapore,SGP,1984,6000
Singapore,SGP,1985,5000
Singapore,SGP,1986,4000
Singapore,SGP,1987,3000
Singapore,SGP,1988,3000
Singapore,SGP,1989,2000
Singapore,SGP,1990,2000
Singapore,SGP,1991,1200
Singapore,SGP,1992,1200
Singapore,SGP,1993,1200
Singapore,SGP,1994,1200
Singapore,SGP,1995,1200
Singapore,SGP,1996,1200
Singapore,SGP,1997,1200
Singapore,SGP,1998,1200
Singapore,SGP,1999,1200
Singapore,SGP,2000,395.34775
Singapore,SGP,2001,0
Singapore,SGP,2002,0
Singapore,SGP,2003,0
Singapore,SGP,2004,0
Singapore,SGP,2005,0
Singapore,SGP,2006,0
Singapore,SGP,2007,0
Singapore,SGP,2008,0
Singapore,SGP,2009,0
Singapore,SGP,2010,0
Singapore,SGP,2011,0
Singapore,SGP,2012,0
Singapore,SGP,2013,0
Singapore,SGP,2014,0
Singapore,SGP,2015,0
Singapore,SGP,2016,0
Singapore,SGP,2017,0
Singapore,SGP,2018,0
Singapore,SGP,2019,3.5527137e-13
Singapore,SGP,2020,0
Singapore,SGP,2021,0
Singapore,SGP,2022,0
Singapore,SGP,2023,0
Singapore,SGP,2024,0
Singapore,SGP,2025,0
Slovakia,SVK,-10000,0
Slovakia,SVK,-9000,0
Slovakia,SVK,-8000,0
Slovakia,SVK,-7000,0
Slovakia,SVK,-6000,0
Slovakia,SVK,-5000,24176.818
Slovakia,SVK,-4000,39073.3
Slovakia,SVK,-3000,62794.66
Slovakia,SVK,-2000,100100.125
Slovakia,SVK,-1000,157532.75
Slovakia,SVK,0,242187.45
Slovakia,SVK,100,239968.67
Slovakia,SVK,200,237639.81
Slovakia,SVK,300,235189.75
Slovakia,SVK,400,232605.61
Slovakia,SVK,500,229872.19
Slovakia,SVK,600,226971.4
Slovakia,SVK,700,223881.44
Slovakia,SVK,800,220575.73
Slovakia,SVK,900,243904.9
Slovakia,SVK,1000,265938.38
Slovakia,SVK,1100,312543.38
Slovakia,SVK,1200,407139.03
Slovakia,SVK,1300,594833.06
Slovakia,SVK,1400,480879.97
Slovakia,SVK,1500,556772.6
Slovakia,SVK,1600,799520.4
Slovakia,SVK,1700,685011.5
Slovakia,SVK,1710,708317.3
Slovakia,SVK,1720,732253.7
Slovakia,SVK,1730,756819.3
Slovakia,SVK,1740,782010
Slovakia,SVK,1750,807818.1
Slovakia,SVK,1760,834231.75
Slovakia,SVK,1770,861234.06
Slovakia,SVK,1780,888802.56
Slovakia,SVK,1790,916907.7
Slovakia,SVK,1800,945512
Slovakia,SVK,1810,974567.9
Slovakia,SVK,1820,1023105.94
Slovakia,SVK,1830,1073468.5
Slovakia,SVK,1840,1125617.2
Slovakia,SVK,1850,1179485.5
Slovakia,SVK,1860,1234969.8
Slovakia,SVK,1870,1266819
Slovakia,SVK,1880,1298169
Slovakia,SVK,1890,1328727
Slovakia,SVK,1900,1358123.5
Slovakia,SVK,1910,1380693.8
Slovakia,SVK,1920,1399143.5
Slovakia,SVK,1930,1522481.4
Slovakia,SVK,1940,1508899.2
Slovakia,SVK,1950,1486558.1
Slovakia,SVK,1951,1513660.6
Slovakia,SVK,1952,1541500.5
Slovakia,SVK,1953,1569269.4
Slovakia,SVK,1954,1596318.5
Slovakia,SVK,1955,1622163.1
Slovakia,SVK,1956,1646489.5
Slovakia,SVK,1957,1669139.2
Slovakia,SVK,1958,1690082.4
Slovakia,SVK,1959,1709419.5
Slovakia,SVK,1960,1727254.1
Slovakia,SVK,1961,1743635.1
Slovakia,SVK,1962,1741704.1
Slovakia,SVK,1963,1742026
Slovakia,SVK,1964,1737842.2
Slovakia,SVK,1965,1733658.6
Slovakia,SVK,1966,1729153.1
Slovakia,SVK,1967,1725613.1
Slovakia,SVK,1968,1722716.6
Slovakia,SVK,1969,1719176.5
Slovakia,SVK,1970,1716602
Slovakia,SVK,1971,1714992.8
Slovakia,SVK,1972,1713061.9
Slovakia,SVK,1973,1709200
Slovakia,SVK,1974,1702441.8
Slovakia,SVK,1975,1691499.8
Slovakia,SVK,1976,1692143.4
Slovakia,SVK,1977,1692465.2
Slovakia,SVK,1978,1688281.6
Slovakia,SVK,1979,1677983.2
Slovakia,SVK,1980,1663501.1
Slovakia,SVK,1981,1663823
Slovakia,SVK,1982,1664144.9
Slovakia,SVK,1983,1663823
Slovakia,SVK,1984,1662213.9
Slovakia,SVK,1985,1658352.1
Slovakia,SVK,1986,1655777.5
Slovakia,SVK,1987,1652237.5
Slovakia,SVK,1988,1647410.1
Slovakia,SVK,1989,1643870.1
Slovakia,SVK,1990,1639686.4
Slovakia,SVK,1991,1625204.2
Slovakia,SVK,1992,1617802.5
Slovakia,SVK,1993,1611000
Slovakia,SVK,1994,1611000
Slovakia,SVK,1995,1606000
Slovakia,SVK,1996,1602000
Slovakia,SVK,1997,1599000
Slovakia,SVK,1998,1595000
Slovakia,SVK,1999,1587000
Slovakia,SVK,2000,1575000
Slovakia,SVK,2001,1471000
Slovakia,SVK,2002,1438000
Slovakia,SVK,2003,1441000
Slovakia,SVK,2004,1420000
Slovakia,SVK,2005,1417000
Slovakia,SVK,2006,1403000
Slovakia,SVK,2007,1402000
Slovakia,SVK,2008,1405000
Slovakia,SVK,2009,1406000
Slovakia,SVK,2010,1417400
Slovakia,SVK,2011,1411500
Slovakia,SVK,2012,1412500
Slovakia,SVK,2013,1382400
Slovakia,SVK,2014,1378000
Slovakia,SVK,2015,1368000
Slovakia,SVK,2016,1365000
Slovakia,SVK,2017,1361000
Slovakia,SVK,2018,1361000
Slovakia,SVK,2019,1361000
Slovakia,SVK,2020,1361000
Slovakia,SVK,2021,1361000
Slovakia,SVK,2022,1361000
Slovakia,SVK,2023,1361000
Slovakia,SVK,2024,1361000
Slovakia,SVK,2025,1361000
Slovenia,SVN,-10000,0
Slovenia,SVN,-9000,0
Slovenia,SVN,-8000,0
Slovenia,SVN,-7000,0
Slovenia,SVN,-6000,0
Slovenia,SVN,-5000,5576.0054
Slovenia,SVN,-4000,8587.568
Slovenia,SVN,-3000,13151.609
Slovenia,SVN,-2000,19978.227
Slovenia,SVN,-1000,29961.203
Slovenia,SVN,0,43894.094
Slovenia,SVN,100,45057.68
Slovenia,SVN,200,46226.73
Slovenia,SVN,300,47397.14
Slovenia,SVN,400,48563.914
Slovenia,SVN,500,49720.984
Slovenia,SVN,600,50860.914
Slovenia,SVN,700,51974.566
Slovenia,SVN,800,53050.598
Slovenia,SVN,900,54074.785
Slovenia,SVN,1000,55029.055
Slovenia,SVN,1100,55890.027
Slovenia,SVN,1200,56626.844
Slovenia,SVN,1300,57197.59
Slovenia,SVN,1400,57543.305
Slovenia,SVN,1500,57576.996
Slovenia,SVN,1600,57161.504
Slovenia,SVN,1700,56058.64
Slovenia,SVN,1710,57965.895
Slovenia,SVN,1720,59924.75
Slovenia,SVN,1730,61935.11
Slovenia,SVN,1740,63996.613
Slovenia,SVN,1750,66108.65
Slovenia,SVN,1760,68270.234
Slovenia,SVN,1770,70480
Slovenia,SVN,1780,72736.09
Slovenia,SVN,1790,75036.12
Slovenia,SVN,1800,77376.97
Slovenia,SVN,1810,79754.78
Slovenia,SVN,1820,83726.95
Slovenia,SVN,1830,87848.42
Slovenia,SVN,1840,92116.07
Slovenia,SVN,1850,96524.43
Slovenia,SVN,1860,101065.055
Slovenia,SVN,1870,110460.766
Slovenia,SVN,1880,120607.266
Slovenia,SVN,1890,131530.61
Slovenia,SVN,1900,143244.89
Slovenia,SVN,1910,155745.75
Slovenia,SVN,1920,174300.06
Slovenia,SVN,1930,194585.31
Slovenia,SVN,1940,216555.52
Slovenia,SVN,1950,240026.56
Slovenia,SVN,1951,240613.5
Slovenia,SVN,1952,241423.48
Slovenia,SVN,1953,242392.94
Slovenia,SVN,1954,243461.84
Slovenia,SVN,1955,244582.08
Slovenia,SVN,1956,245700.3
Slovenia,SVN,1957,246772.83
Slovenia,SVN,1958,247759.03
Slovenia,SVN,1959,248623.27
Slovenia,SVN,1960,249340.45
Slovenia,SVN,1961,249896.4
Slovenia,SVN,1962,249329.95
Slovenia,SVN,1963,249031.84
Slovenia,SVN,1964,248733.69
Slovenia,SVN,1965,247630.6
Slovenia,SVN,1966,246438.06
Slovenia,SVN,1967,246467.88
Slovenia,SVN,1968,245841.8
Slovenia,SVN,1969,245573.47
Slovenia,SVN,1970,244619.44
Slovenia,SVN,1971,243665.4
Slovenia,SVN,1972,242383.42
Slovenia,SVN,1973,241220.7
Slovenia,SVN,1974,240475.36
Slovenia,SVN,1975,239521.34
Slovenia,SVN,1976,238656.73
Slovenia,SVN,1977,236957.38
Slovenia,SVN,1978,236331.3
Slovenia,SVN,1979,235407.08
Slovenia,SVN,1980,235049.31
Slovenia,SVN,1981,234453.05
Slovenia,SVN,1982,233707.72
Slovenia,SVN,1983,232932.56
Slovenia,SVN,1984,232187.23
Slovenia,SVN,1985,231948.73
Slovenia,SVN,1986,231859.28
Slovenia,SVN,1987,231531.33
Slovenia,SVN,1988,231352.44
Slovenia,SVN,1989,231173.56
Slovenia,SVN,1990,230696.56
Slovenia,SVN,1991,227327.64
Slovenia,SVN,1992,236000
Slovenia,SVN,1993,235000
Slovenia,SVN,1994,230000
Slovenia,SVN,1995,229000
Slovenia,SVN,1996,224000
Slovenia,SVN,1997,205000
Slovenia,SVN,1998,203000
Slovenia,SVN,1999,202000
Slovenia,SVN,2000,204000
Slovenia,SVN,2001,203000
Slovenia,SVN,2002,198000
Slovenia,SVN,2003,202000
Slovenia,SVN,2004,205000
Slovenia,SVN,2005,204000
Slovenia,SVN,2006,206000
Slovenia,SVN,2007,201000
Slovenia,SVN,2008,233480
Slovenia,SVN,2009,235150
Slovenia,SVN,2010,236310.02
Slovenia,SVN,2011,236889.98
Slovenia,SVN,2012,235670
Slovenia,SVN,2013,237270
Slovenia,SVN,2014,237110.02
Slovenia,SVN,2015,237339.98
Slovenia,SVN,2016,237710.02
Slovenia,SVN,2017,238030
Slovenia,SVN,2018,238030
Slovenia,SVN,2019,238030
Slovenia,SVN,2020,238030
Slovenia,SVN,2021,238030
Slovenia,SVN,2022,238030
Slovenia,SVN,2023,238030
Slovenia,SVN,2024,238030
Slovenia,SVN,2025,238030
Solomon Islands,SLB,-10000,0
Solomon Islands,SLB,-9000,0
Solomon Islands,SLB,-8000,0
Solomon Islands,SLB,-7000,0
Solomon Islands,SLB,-6000,0
Solomon Islands,SLB,-5000,0
Solomon Islands,SLB,-4000,0
Solomon Islands,SLB,-3000,0
Solomon Islands,SLB,-2000,0
Solomon Islands,SLB,-1000,0
Solomon Islands,SLB,0,0
Solomon Islands,SLB,100,0
Solomon Islands,SLB,200,0
Solomon Islands,SLB,300,11.786655
Solomon Islands,SLB,400,17.34157
Solomon Islands,SLB,500,25.484112
Solomon Islands,SLB,600,37.399517
Solomon Islands,SLB,700,54.801918
Solomon Islands,SLB,800,80.160065
Solomon Islands,SLB,900,117.01119
Solomon Islands,SLB,1000,170.39026
Solomon Islands,SLB,1100,247.40277
Solomon Islands,SLB,1200,357.9597
Solomon Islands,SLB,1300,515.6576
Solomon Islands,SLB,1400,738.6855
Solomon Islands,SLB,1500,1050.3821
Solomon Islands,SLB,1600,1478.4016
Solomon Islands,SLB,1700,2049.6572
Solomon Islands,SLB,1710,2539.1062
Solomon Islands,SLB,1720,3144.6467
Solomon Islands,SLB,1730,3893.5715
Solomon Islands,SLB,1740,4819.51
Solomon Islands,SLB,1750,5963.878
Solomon Islands,SLB,1760,7377.6436
Solomon Islands,SLB,1770,9123.487
Solomon Islands,SLB,1780,11278.428
Solomon Islands,SLB,1790,13937.023
Solomon Islands,SLB,1800,17215.258
Solomon Islands,SLB,1810,21255.229
Solomon Islands,SLB,1820,22150.479
Solomon Islands,SLB,1830,23071.62
Solomon Islands,SLB,1840,24017.736
Solomon Islands,SLB,1850,24987.582
Solomon Islands,SLB,1860,25979.498
Solomon Islands,SLB,1870,26452.49
Solomon Islands,SLB,1880,26912.76
Solomon Islands,SLB,1890,27357.068
Solomon Islands,SLB,1900,27781.668
Solomon Islands,SLB,1910,28182.2
Solomon Islands,SLB,1920,30668.63
Solomon Islands,SLB,1930,33328.2
Solomon Islands,SLB,1940,36161.066
Solomon Islands,SLB,1950,39163.08
Solomon Islands,SLB,1951,39935.035
Solomon Islands,SLB,1952,40811.47
Solomon Islands,SLB,1953,41774.996
Solomon Islands,SLB,1954,42806.258
Solomon Islands,SLB,1955,43896.83
Solomon Islands,SLB,1956,45036.656
Solomon Islands,SLB,1957,46216.65
Solomon Islands,SLB,1958,47435.895
Solomon Islands,SLB,1959,48697.33
Solomon Islands,SLB,1960,50000
Solomon Islands,SLB,1961,50000
Solomon Islands,SLB,1962,50000
Solomon Islands,SLB,1963,50000
Solomon Islands,SLB,1964,50000
Solomon Islands,SLB,1965,50000
Solomon Islands,SLB,1966,50000
Solomon Islands,SLB,1967,50000
Solomon Islands,SLB,1968,50000
Solomon Islands,SLB,1969,50000
Solomon Islands,SLB,1970,50000
Solomon Islands,SLB,1971,50000
Solomon Islands,SLB,1972,50000
Solomon Islands,SLB,1973,50000
Solomon Islands,SLB,1974,50000
Solomon Islands,SLB,1975,50000
Solomon Islands,SLB,1976,50000
Solomon Islands,SLB,1977,51000
Solomon Islands,SLB,1978,52000
Solomon Islands,SLB,1979,54000
Solomon Islands,SLB,1980,54000
Solomon Islands,SLB,1981,54000
Solomon Islands,SLB,1982,57000
Solomon Islands,SLB,1983,57000
Solomon Islands,SLB,1984,59000
Solomon Islands,SLB,1985,59000
Solomon Islands,SLB,1986,61000
Solomon Islands,SLB,1987,60000
Solomon Islands,SLB,1988,62000
Solomon Islands,SLB,1989,63000
Solomon Islands,SLB,1990,63000
Solomon Islands,SLB,1991,64000
Solomon Islands,SLB,1992,66000
Solomon Islands,SLB,1993,66000
Solomon Islands,SLB,1994,66000
Solomon Islands,SLB,1995,67000
Solomon Islands,SLB,1996,67000
Solomon Islands,SLB,1997,67000
Solomon Islands,SLB,1998,68000
Solomon Islands,SLB,1999,69000
Solomon Islands,SLB,2000,69000
Solomon Islands,SLB,2001,70000
Solomon Islands,SLB,2002,72000
Solomon Islands,SLB,2003,75000
Solomon Islands,SLB,2004,76000
Solomon Islands,SLB,2005,83000
Solomon Islands,SLB,2006,87000
Solomon Islands,SLB,2007,88000
Solomon Islands,SLB,2008,91000
Solomon Islands,SLB,2009,93999.7
Solomon Islands,SLB,2010,99999.99
Solomon Islands,SLB,2011,103000
Solomon Islands,SLB,2012,105000
Solomon Islands,SLB,2013,105000
Solomon Islands,SLB,2014,106500
Solomon Islands,SLB,2015,108000
Solomon Islands,SLB,2016,109000
Solomon Islands,SLB,2017,112000
Solomon Islands,SLB,2018,112000
Solomon Islands,SLB,2019,112000
Solomon Islands,SLB,2020,112000
Solomon Islands,SLB,2021,112000
Solomon Islands,SLB,2022,112000
Solomon Islands,SLB,2023,112000
Solomon Islands,SLB,2024,112000
Solomon Islands,SLB,2025,112000
Somalia,SOM,-10000,0
Somalia,SOM,-9000,0
Somalia,SOM,-8000,0
Somalia,SOM,-7000,0
Somalia,SOM,-6000,0
Somalia,SOM,-5000,0
Somalia,SOM,-4000,0
Somalia,SOM,-3000,0
Somalia,SOM,-2000,0
Somalia,SOM,-1000,0
Somalia,SOM,0,0
Somalia,SOM,100,0
Somalia,SOM,200,0
Somalia,SOM,300,0
Somalia,SOM,400,0
Somalia,SOM,500,0
Somalia,SOM,600,0
Somalia,SOM,700,0
Somalia,SOM,800,0
Somalia,SOM,900,0
Somalia,SOM,1000,0
Somalia,SOM,1100,0
Somalia,SOM,1200,0
Somalia,SOM,1300,0
Somalia,SOM,1400,0
Somalia,SOM,1500,263647.38
Somalia,SOM,1600,278313.56
Somalia,SOM,1700,292741.25
Somalia,SOM,1710,305911
Somalia,SOM,1720,319062.6
Somalia,SOM,1730,332195.94
Somalia,SOM,1740,345311.06
Somalia,SOM,1750,358407.88
Somalia,SOM,1760,371486.38
Somalia,SOM,1770,384546.5
Somalia,SOM,1780,397588.25
Somalia,SOM,1790,410611.53
Somalia,SOM,1800,423616.34
Somalia,SOM,1810,436602.62
Somalia,SOM,1820,449570.4
Somalia,SOM,1830,462519.6
Somalia,SOM,1840,475450.1
Somalia,SOM,1850,488361.9
Somalia,SOM,1860,488025.2
Somalia,SOM,1870,487687.94
Somalia,SOM,1880,492245.75
Somalia,SOM,1890,496845.4
Somalia,SOM,1900,511597.66
Somalia,SOM,1910,526787.1
Somalia,SOM,1920,537043
Somalia,SOM,1930,592814.44
Somalia,SOM,1940,641533.7
Somalia,SOM,1950,744004.9
Somalia,SOM,1951,758276
Somalia,SOM,1952,772763.7
Somalia,SOM,1953,787569.3
Somalia,SOM,1954,802778.8
Somalia,SOM,1955,818455.6
Somalia,SOM,1956,834647.2
Somalia,SOM,1957,851386.6
Somalia,SOM,1958,868687.6
Somalia,SOM,1959,886557.6
Somalia,SOM,1960,905000
Somalia,SOM,1961,905000
Somalia,SOM,1962,910000
Somalia,SOM,1963,915000
Somalia,SOM,1964,920000
Somalia,SOM,1965,925000
Somalia,SOM,1966,930000
Somalia,SOM,1967,935000
Somalia,SOM,1968,940000
Somalia,SOM,1969,945000
Somalia,SOM,1970,950000
Somalia,SOM,1971,955000
Somalia,SOM,1972,960000
Somalia,SOM,1973,965000
Somalia,SOM,1974,970000
Somalia,SOM,1975,975000
Somalia,SOM,1976,980000
Somalia,SOM,1977,985000
Somalia,SOM,1978,990000
Somalia,SOM,1979,995000
Somalia,SOM,1980,1000000
Somalia,SOM,1981,1005000
Somalia,SOM,1982,1010000
Somalia,SOM,1983,1015000
Somalia,SOM,1984,1020000
Somalia,SOM,1985,1025000
Somalia,SOM,1986,1030000
Somalia,SOM,1987,1035000
Somalia,SOM,1988,1039000
Somalia,SOM,1989,1040000
Somalia,SOM,1990,1042000
Somalia,SOM,1991,1042000
Somalia,SOM,1992,1043000
Somalia,SOM,1993,1044000
Somalia,SOM,1994,1050000
Somalia,SOM,1995,1056000
Somalia,SOM,1996,1061000
Somalia,SOM,1997,1066000
Somalia,SOM,1998,1067000
Somalia,SOM,1999,1067000
Somalia,SOM,2000,1067000
Somalia,SOM,2001,1071000
Somalia,SOM,2002,1090000
Somalia,SOM,2003,1109000
Somalia,SOM,2004,1157000
Somalia,SOM,2005,1126000
Somalia,SOM,2006,1076000
Somalia,SOM,2007,1026000
Somalia,SOM,2008,1126000
Somalia,SOM,2009,1126000
Somalia,SOM,2010,1126000
Somalia,SOM,2011,1026000
Somalia,SOM,2012,1026000
Somalia,SOM,2013,1126000
Somalia,SOM,2014,1126000
Somalia,SOM,2015,1126000
Somalia,SOM,2016,1126000
Somalia,SOM,2017,1126000
Somalia,SOM,2018,1126000
Somalia,SOM,2019,1127000
Somalia,SOM,2020,1128000
Somalia,SOM,2021,1129000
Somalia,SOM,2022,1129000
Somalia,SOM,2023,1130200
Somalia,SOM,2024,1131000
Somalia,SOM,2025,1131800
South Africa,ZAF,-10000,0
South Africa,ZAF,-9000,0
South Africa,ZAF,-8000,0
South Africa,ZAF,-7000,0
South Africa,ZAF,-6000,0
South Africa,ZAF,-5000,0
South Africa,ZAF,-4000,0
South Africa,ZAF,-3000,0
South Africa,ZAF,-2000,0
South Africa,ZAF,-1000,0
South Africa,ZAF,0,0
South Africa,ZAF,100,0
South Africa,ZAF,200,0
South Africa,ZAF,300,0
South Africa,ZAF,400,0
South Africa,ZAF,500,0
South Africa,ZAF,600,0
South Africa,ZAF,700,0
South Africa,ZAF,800,0
South Africa,ZAF,900,0
South Africa,ZAF,1000,11989.972
South Africa,ZAF,1100,17984.957
South Africa,ZAF,1200,26228.064
South Africa,ZAF,1300,37468.66
South Africa,ZAF,1400,52690.31
South Africa,ZAF,1500,73180.984
South Africa,ZAF,1600,106722.266
South Africa,ZAF,1700,190575.47
South Africa,ZAF,1710,233718.92
South Africa,ZAF,1720,286523.12
South Africa,ZAF,1730,351121.97
South Africa,ZAF,1740,430112.6
South Africa,ZAF,1750,526653.4
South Africa,ZAF,1760,515666
South Africa,ZAF,1770,504678.66
South Africa,ZAF,1780,493691.3
South Africa,ZAF,1790,482703.97
South Africa,ZAF,1800,471716.6
South Africa,ZAF,1810,460729.25
South Africa,ZAF,1820,449741.84
South Africa,ZAF,1830,438754.5
South Africa,ZAF,1840,427767.12
South Africa,ZAF,1850,503524.9
South Africa,ZAF,1860,620789.3
South Africa,ZAF,1870,823404.2
South Africa,ZAF,1880,1629602.1
South Africa,ZAF,1890,2000332
South Africa,ZAF,1900,2790039.2
South Africa,ZAF,1910,3742854
South Africa,ZAF,1920,4631726.5
South Africa,ZAF,1930,5765434.5
South Africa,ZAF,1940,6993419
South Africa,ZAF,1950,9216465
South Africa,ZAF,1951,9436533
South Africa,ZAF,1952,9699752
South Africa,ZAF,1953,9962971
South Africa,ZAF,1954,10226191
South Africa,ZAF,1955,10489409
South Africa,ZAF,1956,10752629
South Africa,ZAF,1957,11015848
South Africa,ZAF,1958,11279068
South Africa,ZAF,1959,11542287
South Africa,ZAF,1960,11805506
South Africa,ZAF,1961,12185000
South Africa,ZAF,1962,12235000
South Africa,ZAF,1963,12295000
South Africa,ZAF,1964,12350000
South Africa,ZAF,1965,12410000
South Africa,ZAF,1966,12424000
South Africa,ZAF,1967,12448000
South Africa,ZAF,1968,12467000
South Africa,ZAF,1969,12486000
South Africa,ZAF,1970,12495000
South Africa,ZAF,1971,12514000
South Africa,ZAF,1972,12528000
South Africa,ZAF,1973,12542000
South Africa,ZAF,1974,12556000
South Africa,ZAF,1975,12565000
South Africa,ZAF,1976,12579000
South Africa,ZAF,1977,12588000
South Africa,ZAF,1978,12617000
South Africa,ZAF,1979,12626000
South Africa,ZAF,1980,12635000
South Africa,ZAF,1981,12644000
South Africa,ZAF,1982,12655000
South Africa,ZAF,1983,12655000
South Africa,ZAF,1984,12655000
South Africa,ZAF,1985,12655000
South Africa,ZAF,1986,12900000
South Africa,ZAF,1987,12850000
South Africa,ZAF,1988,12900000
South Africa,ZAF,1989,13000000
South Africa,ZAF,1990,13100000
South Africa,ZAF,1991,13205000
South Africa,ZAF,1992,13473000
South Africa,ZAF,1993,13736000
South Africa,ZAF,1994,13765000
South Africa,ZAF,1995,13820000
South Africa,ZAF,1996,13990000
South Africa,ZAF,1997,14045000
South Africa,ZAF,1998,14060000
South Africa,ZAF,1999,14130000
South Africa,ZAF,2000,14197000
South Africa,ZAF,2001,14085000
South Africa,ZAF,2002,14100000
South Africa,ZAF,2003,14000000
South Africa,ZAF,2004,13680000
South Africa,ZAF,2005,13555000
South Africa,ZAF,2006,12960000
South Africa,ZAF,2007,12962000
South Africa,ZAF,2008,13180000
South Africa,ZAF,2009,13060000
South Africa,ZAF,2010,12963000
South Africa,ZAF,2011,12446000
South Africa,ZAF,2012,12413000
South Africa,ZAF,2013,12413000
South Africa,ZAF,2014,12413000
South Africa,ZAF,2015,12413000
South Africa,ZAF,2016,12413000
South Africa,ZAF,2017,12413000
South Africa,ZAF,2018,12413000
South Africa,ZAF,2019,12413000
South Africa,ZAF,2020,12413000
South Africa,ZAF,2021,12413000
South Africa,ZAF,2022,12413000
South Africa,ZAF,2023,12413000
South Africa,ZAF,2024,12413000
South Africa,ZAF,2025,12413000
South America,OWID_SAM,-10000,0
South America,OWID_SAM,-9000,0
South America,OWID_SAM,-8000,0
South America,OWID_SAM,-7000,0
South America,OWID_SAM,-6000,0
South America,OWID_SAM,-5000,0
South America,OWID_SAM,-4000,0
South America,OWID_SAM,-3000,0
South America,OWID_SAM,-2000,447939.03
South America,OWID_SAM,-1000,2193168.8
South America,OWID_SAM,0,2491141.5
South America,OWID_SAM,100,2626679
South America,OWID_SAM,200,2768312.2
South America,OWID_SAM,300,2916399
South America,OWID_SAM,400,3071104.8
South America,OWID_SAM,500,3232706.5
South America,OWID_SAM,600,3400950.5
South America,OWID_SAM,700,3576087.5
South America,OWID_SAM,800,3757715.2
South America,OWID_SAM,900,4048695
South America,OWID_SAM,1000,4376915
South America,OWID_SAM,1100,4868251.5
South America,OWID_SAM,1200,5386776
South America,OWID_SAM,1300,6095053
South America,OWID_SAM,1400,7145635.5
South America,OWID_SAM,1500,7886414.5
South America,OWID_SAM,1600,2959280.2
South America,OWID_SAM,1700,2738619.2
South America,OWID_SAM,1710,2851893.5
South America,OWID_SAM,1720,2974236.2
South America,OWID_SAM,1730,3107341.2
South America,OWID_SAM,1740,3253291.5
South America,OWID_SAM,1750,3414660.8
South America,OWID_SAM,1760,3559081.2
South America,OWID_SAM,1770,3713794.2
South America,OWID_SAM,1780,3880072.5
South America,OWID_SAM,1790,4059401.2
South America,OWID_SAM,1800,4253470.5
South America,OWID_SAM,1810,4409619.5
South America,OWID_SAM,1820,4775601.5
South America,OWID_SAM,1830,5553641.5
South America,OWID_SAM,1840,6250146
South America,OWID_SAM,1850,7149187.5
South America,OWID_SAM,1860,8412756
South America,OWID_SAM,1870,9310932
South America,OWID_SAM,1880,10608044
South America,OWID_SAM,1890,12451158
South America,OWID_SAM,1900,14364120
South America,OWID_SAM,1910,20359992
South America,OWID_SAM,1920,27949668
South America,OWID_SAM,1930,39047396
South America,OWID_SAM,1940,42719820
South America,OWID_SAM,1950,42953944
South America,OWID_SAM,1951,43696280
South America,OWID_SAM,1952,44472210
South America,OWID_SAM,1953,45268704
South America,OWID_SAM,1954,46080670
South America,OWID_SAM,1955,46905430
South America,OWID_SAM,1956,47740268
South America,OWID_SAM,1957,48582360
South America,OWID_SAM,1958,49427268
South America,OWID_SAM,1959,50264456
South America,OWID_SAM,1960,51035456
South America,OWID_SAM,1961,51665176
South America,OWID_SAM,1962,52744390
South America,OWID_SAM,1963,54056780
South America,OWID_SAM,1964,54904916
South America,OWID_SAM,1965,55882160
South America,OWID_SAM,1966,57385924
South America,OWID_SAM,1967,58529710
South America,OWID_SAM,1968,60462304
South America,OWID_SAM,1969,61026736
South America,OWID_SAM,1970,61656236
South America,OWID_SAM,1971,62156976
South America,OWID_SAM,1972,63206850
South America,OWID_SAM,1973,63841896
South America,OWID_SAM,1974,64550468
South America,OWID_SAM,1975,65180344
South America,OWID_SAM,1976,65857336
South America,OWID_SAM,1977,66446864
South America,OWID_SAM,1978,66991004
South America,OWID_SAM,1979,67538696
South America,OWID_SAM,1980,68154456
South America,OWID_SAM,1981,68742390
South America,OWID_SAM,1982,69262440
South America,OWID_SAM,1983,69847896
South America,OWID_SAM,1984,70535944
South America,OWID_SAM,1985,71355010
South America,OWID_SAM,1986,72264000
South America,OWID_SAM,1987,73861340
South America,OWID_SAM,1988,75265290
South America,OWID_SAM,1989,76530450
South America,OWID_SAM,1990,78018970
South America,OWID_SAM,1991,80080640
South America,OWID_SAM,1992,80767830
South America,OWID_SAM,1993,81665360
South America,OWID_SAM,1994,82901390
South America,OWID_SAM,1995,83549540
South America,OWID_SAM,1996,84140030
South America,OWID_SAM,1997,85163860
South America,OWID_SAM,1998,86312880
South America,OWID_SAM,1999,87336750
South America,OWID_SAM,2000,88873300
South America,OWID_SAM,2001,89742584
South America,OWID_SAM,2002,90209030
South America,OWID_SAM,2003,92710680
South America,OWID_SAM,2004,96876910
South America,OWID_SAM,2005,101158010
South America,OWID_SAM,2006,104811980
South America,OWID_SAM,2007,108224400
South America,OWID_SAM,2008,109125940
South America,OWID_SAM,2009,109547040
South America,OWID_SAM,2010,114156560
South America,OWID_SAM,2011,116133020
South America,OWID_SAM,2012,118280110
South America,OWID_SAM,2013,120632120
South America,OWID_SAM,2014,122725450
South America,OWID_SAM,2015,126837020
South America,OWID_SAM,2016,127473336
South America,OWID_SAM,2017,129412050
South America,OWID_SAM,2018,130605530
South America,OWID_SAM,2019,131989330
South America,OWID_SAM,2020,134594000
South America,OWID_SAM,2021,135855550
South America,OWID_SAM,2022,136944960
South America,OWID_SAM,2023,138363150
South America,OWID_SAM,2024,140217070
South America,OWID_SAM,2025,141786130
South America (excl. Brazil),,-10000,0
South America (excl. Brazil),,-9000,0
South America (excl. Brazil),,-8000,0
South America (excl. Brazil),,-7000,0
South America (excl. Brazil),,-6000,0
South America (excl. Brazil),,-5000,0
South America (excl. Brazil),,-4000,0
South America (excl. Brazil),,-3000,0
South America (excl. Brazil),,-2000,447939.03
South America (excl. Brazil),,-1000,2086443.9
South America (excl. Brazil),,0,2351064.8
South America (excl. Brazil),,100,2476596.8
South America (excl. Brazil),,200,2607510
South America (excl. Brazil),,300,2744110.8
South America (excl. Brazil),,400,2886510.2
South America (excl. Brazil),,500,3034926.8
South America (excl. Brazil),,600,3189043.5
South America (excl. Brazil),,700,3349044.5
South America (excl. Brazil),,800,3514454.8
South America (excl. Brazil),,900,3803429.5
South America (excl. Brazil),,1000,4083105.5
South America (excl. Brazil),,1100,4440493.5
South America (excl. Brazil),,1200,4778415
South America (excl. Brazil),,1300,5104643
South America (excl. Brazil),,1400,5425505.5
South America (excl. Brazil),,1500,5767940.5
South America (excl. Brazil),,1600,2861021.8
South America (excl. Brazil),,1700,2658776
South America (excl. Brazil),,1710,2764349.5
South America (excl. Brazil),,1720,2878074.8
South America (excl. Brazil),,1730,3001498.8
South America (excl. Brazil),,1740,3136529
South America (excl. Brazil),,1750,3285526
South America (excl. Brazil),,1760,3415864.2
South America (excl. Brazil),,1770,3554460
South America (excl. Brazil),,1780,3702222.5
South America (excl. Brazil),,1790,3860159.5
South America (excl. Brazil),,1800,4029386.5
South America (excl. Brazil),,1810,4148488.5
South America (excl. Brazil),,1820,4464870.5
South America (excl. Brazil),,1830,5133081
South America (excl. Brazil),,1840,5718661.5
South America (excl. Brazil),,1850,6505480.5
South America (excl. Brazil),,1860,7655324
South America (excl. Brazil),,1870,8437987
South America (excl. Brazil),,1880,9509609
South America (excl. Brazil),,1890,11043115
South America (excl. Brazil),,1900,12581831
South America (excl. Brazil),,1910,17979442
South America (excl. Brazil),,1920,24590088
South America (excl. Brazil),,1930,34428164
South America (excl. Brazil),,1940,37629452
South America (excl. Brazil),,1950,36094196
South America (excl. Brazil),,1951,36552170
South America (excl. Brazil),,1952,37038836
South America (excl. Brazil),,1953,37542070
South America (excl. Brazil),,1954,38057204
South America (excl. Brazil),,1955,38581452
South America (excl. Brazil),,1956,39111444
South America (excl. Brazil),,1957,39643140
South America (excl. Brazil),,1958,40170412
South America (excl. Brazil),,1959,40680756
South America (excl. Brazil),,1960,41114004
South America (excl. Brazil),,1961,41384000
South America (excl. Brazil),,1962,42093000
South America (excl. Brazil),,1963,43027000
South America (excl. Brazil),,1964,43492000
South America (excl. Brazil),,1965,44084000
South America (excl. Brazil),,1966,45201000
South America (excl. Brazil),,1967,45956000
South America (excl. Brazil),,1968,47498000
South America (excl. Brazil),,1969,47670000
South America (excl. Brazil),,1970,47905000
South America (excl. Brazil),,1971,48134000
South America (excl. Brazil),,1972,48910000
South America (excl. Brazil),,1973,49267172
South America (excl. Brazil),,1974,49691344
South America (excl. Brazil),,1975,50028520
South America (excl. Brazil),,1976,50404556
South America (excl. Brazil),,1977,50685596
South America (excl. Brazil),,1978,50913636
South America (excl. Brazil),,1979,51137676
South America (excl. Brazil),,1980,51422716
South America (excl. Brazil),,1981,51644756
South America (excl. Brazil),,1982,51792790
South America (excl. Brazil),,1983,52003830
South America (excl. Brazil),,1984,52319870
South America (excl. Brazil),,1985,52772896
South America (excl. Brazil),,1986,53191696
South America (excl. Brazil),,1987,53258724
South America (excl. Brazil),,1988,53394010
South America (excl. Brazil),,1989,53282132
South America (excl. Brazil),,1990,53176424
South America (excl. Brazil),,1991,53199148
South America (excl. Brazil),,1992,53234944
South America (excl. Brazil),,1993,53222450
South America (excl. Brazil),,1994,53708144
South America (excl. Brazil),,1995,53708684
South America (excl. Brazil),,1996,53495964
South America (excl. Brazil),,1997,53995730
South America (excl. Brazil),,1998,54599930
South America (excl. Brazil),,1999,54707776
South America (excl. Brazil),,2000,55141828
South America (excl. Brazil),,2001,54831964
South America (excl. Brazil),,2002,54527330
South America (excl. Brazil),,2003,56486364
South America (excl. Brazil),,2004,58656904
South America (excl. Brazil),,2005,60812420
South America (excl. Brazil),,2006,62428828
South America (excl. Brazil),,2007,64206340
South America (excl. Brazil),,2008,63608240
South America (excl. Brazil),,2009,62817510
South America (excl. Brazil),,2010,66401750
South America (excl. Brazil),,2011,67646120
South America (excl. Brazil),,2012,68700950
South America (excl. Brazil),,2013,69110250
South America (excl. Brazil),,2014,68968880
South America (excl. Brazil),,2015,71170650
South America (excl. Brazil),,2016,70271270
South America (excl. Brazil),,2017,70753420
South America (excl. Brazil),,2018,71512810
South America (excl. Brazil),,2019,72456820
South America (excl. Brazil),,2020,74186020
South America (excl. Brazil),,2021,75370280
South America (excl. Brazil),,2022,75873704
South America (excl. Brazil),,2023,77370504
South America (excl. Brazil),,2024,78534030
South America (excl. Brazil),,2025,79697560
South Korea,KOR,-10000,0
South Korea,KOR,-9000,0
South Korea,KOR,-8000,0
South Korea,KOR,-7000,0
South Korea,KOR,-6000,0
South Korea,KOR,-5000,0
South Korea,KOR,-4000,0
South Korea,KOR,-3000,0
South Korea,KOR,-2000,0
South Korea,KOR,-1000,65610.23
South Korea,KOR,0,71495.664
South Korea,KOR,100,96575.21
South Korea,KOR,200,130321.695
South Korea,KOR,300,175667.12
South Korea,KOR,400,236544.72
South Korea,KOR,500,318051.2
South Korea,KOR,600,426975.38
South Korea,KOR,700,572070.5
South Korea,KOR,800,765024.56
South Korea,KOR,900,835262.7
South Korea,KOR,1000,897997.06
South Korea,KOR,1100,1038934.25
South Korea,KOR,1200,1329531.4
South Korea,KOR,1300,951541.7
South Korea,KOR,1400,1051252.4
South Korea,KOR,1500,1125644
South Korea,KOR,1600,1297613
South Korea,KOR,1700,1456855.8
South Korea,KOR,1710,1581422.1
South Korea,KOR,1720,1671763.2
South Korea,KOR,1730,1766267.6
South Korea,KOR,1740,1864968.5
South Korea,KOR,1750,1967865
South Korea,KOR,1760,2074913.1
South Korea,KOR,1770,2186014.8
South Korea,KOR,1780,2301004
South Korea,KOR,1790,2419630.8
South Korea,KOR,1800,2541539
South Korea,KOR,1810,2666238.8
South Korea,KOR,1820,2793072.8
South Korea,KOR,1830,2758884.5
South Korea,KOR,1840,2693359
South Korea,KOR,1850,2623591
South Korea,KOR,1860,2571570
South Korea,KOR,1870,2512355.5
South Korea,KOR,1880,2430732.5
South Korea,KOR,1890,2340293.2
South Korea,KOR,1900,2239126.2
South Korea,KOR,1910,2156651.2
South Korea,KOR,1920,2352011.2
South Korea,KOR,1930,2536208.5
South Korea,KOR,1940,2528889.2
South Korea,KOR,1950,2572694
South Korea,KOR,1951,2537715.8
South Korea,KOR,1952,2512521
South Korea,KOR,1953,2493263
South Korea,KOR,1954,2475782.8
South Korea,KOR,1955,2455535.2
South Korea,KOR,1956,2427430.8
South Korea,KOR,1957,2385616.8
South Korea,KOR,1958,2323053.2
South Korea,KOR,1959,2230615.8
South Korea,KOR,1960,2095000
South Korea,KOR,1961,2095000
South Korea,KOR,1962,2063000
South Korea,KOR,1963,2080000
South Korea,KOR,1964,2171000
South Korea,KOR,1965,2256000
South Korea,KOR,1966,2293000
South Korea,KOR,1967,2312000
South Korea,KOR,1968,2319000
South Korea,KOR,1969,2311000
South Korea,KOR,1970,2298000
South Korea,KOR,1971,2271000
South Korea,KOR,1972,2242000
South Korea,KOR,1973,2241000
South Korea,KOR,1974,2238000
South Korea,KOR,1975,2240000
South Korea,KOR,1976,2238000
South Korea,KOR,1977,2231000
South Korea,KOR,1978,2222000
South Korea,KOR,1979,2207000
South Korea,KOR,1980,2196000
South Korea,KOR,1981,2188000
South Korea,KOR,1982,2180000
South Korea,KOR,1983,2167000
South Korea,KOR,1984,2153000
South Korea,KOR,1985,2144000
South Korea,KOR,1986,2141000
South Korea,KOR,1987,2143000
South Korea,KOR,1988,2138000
South Korea,KOR,1989,2127000
South Korea,KOR,1990,2109000
South Korea,KOR,1991,2091000
South Korea,KOR,1992,2070000
South Korea,KOR,1993,2055000
South Korea,KOR,1994,2033000
South Korea,KOR,1995,1985000
South Korea,KOR,1996,1945000
South Korea,KOR,1997,1924000
South Korea,KOR,1998,1910000
South Korea,KOR,1999,1899000
South Korea,KOR,2000,1918000
South Korea,KOR,2001,1889000
South Korea,KOR,2002,1863000
South Korea,KOR,2003,1846000
South Korea,KOR,2004,1836000
South Korea,KOR,2005,1824000
South Korea,KOR,2006,1800000
South Korea,KOR,2007,1782000
South Korea,KOR,2008,1759000
South Korea,KOR,2009,1737000
South Korea,KOR,2010,1715000
South Korea,KOR,2011,1698000
South Korea,KOR,2012,1730000
South Korea,KOR,2013,1711000
South Korea,KOR,2014,1691000
South Korea,KOR,2015,1679000
South Korea,KOR,2016,1644000
South Korea,KOR,2017,1620700
South Korea,KOR,2018,1596000
South Korea,KOR,2019,1581000
South Korea,KOR,2020,1565000
South Korea,KOR,2021,1547000
South Korea,KOR,2022,1528000
South Korea,KOR,2023,1512400
South Korea,KOR,2024,1495400
South Korea,KOR,2025,1478400
Spain,ESP,-10000,0
Spain,ESP,-9000,0
Spain,ESP,-8000,0
Spain,ESP,-7000,0
Spain,ESP,-6000,0
Spain,ESP,-5000,154256.66
Spain,ESP,-4000,305036.25
Spain,ESP,-3000,738428.7
Spain,ESP,-2000,1440947.5
Spain,ESP,-1000,3207120.8
Spain,ESP,0,3241948.8
Spain,ESP,100,4323876
Spain,ESP,200,4125443
Spain,ESP,300,3924345
Spain,ESP,400,3501799.5
Spain,ESP,500,3075164.8
Spain,ESP,600,3195662
Spain,ESP,700,3315968.2
Spain,ESP,800,3435887.5
Spain,ESP,900,3555194.2
Spain,ESP,1000,4007584.5
Spain,ESP,1100,4905794
Spain,ESP,1200,6696810
Spain,ESP,1300,4913374.5
Spain,ESP,1400,5805621
Spain,ESP,1500,7584444
Spain,ESP,1600,7124169.5
Spain,ESP,1700,8013368
Spain,ESP,1710,8232619
Spain,ESP,1720,8457726
Spain,ESP,1730,8688838
Spain,ESP,1740,8926105
Spain,ESP,1750,9169680
Spain,ESP,1760,9419723
Spain,ESP,1770,9676392
Spain,ESP,1780,9939851
Spain,ESP,1790,10210266
Spain,ESP,1800,10487807
Spain,ESP,1810,10772645
Spain,ESP,1820,11505216
Spain,ESP,1830,11479320
Spain,ESP,1840,12422195
Spain,ESP,1850,13539658
Spain,ESP,1860,14039953
Spain,ESP,1870,14526678
Spain,ESP,1880,14924370
Spain,ESP,1890,15186191
Spain,ESP,1900,16131345
Spain,ESP,1910,16868670
Spain,ESP,1920,18116984
Spain,ESP,1930,19467754
Spain,ESP,1940,20817060
Spain,ESP,1950,20759818
Spain,ESP,1951,20747408
Spain,ESP,1952,20748520
Spain,ESP,1953,20759128
Spain,ESP,1954,20776834
Spain,ESP,1955,20800870
Spain,ESP,1956,20831980
Spain,ESP,1957,20872106
Spain,ESP,1958,20923978
Spain,ESP,1959,20989870
Spain,ESP,1960,20730000
Spain,ESP,1961,20730000
Spain,ESP,1962,20832000
Spain,ESP,1963,20837000
Spain,ESP,1964,20553000
Spain,ESP,1965,20594000
Spain,ESP,1966,20156000
Spain,ESP,1967,20482000
Spain,ESP,1968,20359000
Spain,ESP,1969,20827000
Spain,ESP,1970,20519000
Spain,ESP,1971,21184000
Spain,ESP,1972,21168000
Spain,ESP,1973,20979000
Spain,ESP,1974,20885000
Spain,ESP,1975,20833000
Spain,ESP,1976,20659000
Spain,ESP,1977,20604000
Spain,ESP,1978,20578000
Spain,ESP,1979,20528000
Spain,ESP,1980,20499000
Spain,ESP,1981,20488000
Spain,ESP,1982,20487000
Spain,ESP,1983,20508000
Spain,ESP,1984,20512000
Spain,ESP,1985,20416000
Spain,ESP,1986,20420000
Spain,ESP,1987,20390000
Spain,ESP,1988,20368000
Spain,ESP,1989,20324000
Spain,ESP,1990,20172000
Spain,ESP,1991,20089000
Spain,ESP,1992,19947000
Spain,ESP,1993,19657000
Spain,ESP,1994,19496000
Spain,ESP,1995,18753000
Spain,ESP,1996,19144000
Spain,ESP,1997,19059000
Spain,ESP,1998,18516000
Spain,ESP,1999,18328000
Spain,ESP,2000,18304000
Spain,ESP,2001,18044000
Spain,ESP,2002,17886000
Spain,ESP,2003,17981000
Spain,ESP,2004,17957000
Spain,ESP,2005,17844000
Spain,ESP,2006,17578000
Spain,ESP,2007,17396000
Spain,ESP,2008,17272000
Spain,ESP,2009,17216000
Spain,ESP,2010,17221000
Spain,ESP,2011,16992000
Spain,ESP,2012,17539000
Spain,ESP,2013,17133000
Spain,ESP,2014,17188000
Spain,ESP,2015,17187890
Spain,ESP,2016,17033010
Spain,ESP,2017,16985168
Spain,ESP,2018,16770364
Spain,ESP,2019,16759806
Spain,ESP,2020,16646395
Spain,ESP,2021,16609816
Spain,ESP,2022,16777522
Spain,ESP,2023,16672078
Spain,ESP,2024,16658511
Spain,ESP,2025,16644942
Sri Lanka,LKA,-10000,0
Sri Lanka,LKA,-9000,0
Sri Lanka,LKA,-8000,0
Sri Lanka,LKA,-7000,0
Sri Lanka,LKA,-6000,0
Sri Lanka,LKA,-5000,0
Sri Lanka,LKA,-4000,0
Sri Lanka,LKA,-3000,0
Sri Lanka,LKA,-2000,0
Sri Lanka,LKA,-1000,0
Sri Lanka,LKA,0,0
Sri Lanka,LKA,100,98999.766
Sri Lanka,LKA,200,111427.64
Sri Lanka,LKA,300,123365.47
Sri Lanka,LKA,400,134787.16
Sri Lanka,LKA,500,145663.45
Sri Lanka,LKA,600,155961.3
Sri Lanka,LKA,700,165643.27
Sri Lanka,LKA,800,174666.38
Sri Lanka,LKA,900,182980.97
Sri Lanka,LKA,1000,190529.03
Sri Lanka,LKA,1100,208844.44
Sri Lanka,LKA,1200,225597.34
Sri Lanka,LKA,1300,212190.88
Sri Lanka,LKA,1400,196650.64
Sri Lanka,LKA,1500,203608.78
Sri Lanka,LKA,1600,243886.8
Sri Lanka,LKA,1700,278695.47
Sri Lanka,LKA,1710,278737.47
Sri Lanka,LKA,1720,271801.56
Sri Lanka,LKA,1730,265014.7
Sri Lanka,LKA,1740,258373.56
Sri Lanka,LKA,1750,251874.97
Sri Lanka,LKA,1760,245515.75
Sri Lanka,LKA,1770,239292.75
Sri Lanka,LKA,1780,233202.95
Sri Lanka,LKA,1790,227243.33
Sri Lanka,LKA,1800,221410.97
Sri Lanka,LKA,1810,215702.94
Sri Lanka,LKA,1820,210116.45
Sri Lanka,LKA,1830,230201
Sri Lanka,LKA,1840,319248
Sri Lanka,LKA,1850,443400
Sri Lanka,LKA,1860,573110.56
Sri Lanka,LKA,1870,642479.1
Sri Lanka,LKA,1880,640582.7
Sri Lanka,LKA,1890,692833.4
Sri Lanka,LKA,1900,820562.8
Sri Lanka,LKA,1910,907222.4
Sri Lanka,LKA,1920,982822.9
Sri Lanka,LKA,1930,1031493.9
Sri Lanka,LKA,1940,1091059
Sri Lanka,LKA,1950,1352217.2
Sri Lanka,LKA,1951,1364256.4
Sri Lanka,LKA,1952,1377714.8
Sri Lanka,LKA,1953,1392818.8
Sri Lanka,LKA,1954,1409667.6
Sri Lanka,LKA,1955,1428231.9
Sri Lanka,LKA,1956,1448357.1
Sri Lanka,LKA,1957,1469775.5
Sri Lanka,LKA,1958,1492127.9
Sri Lanka,LKA,1959,1514994.9
Sri Lanka,LKA,1960,1538000
Sri Lanka,LKA,1961,1538000
Sri Lanka,LKA,1962,1522000
Sri Lanka,LKA,1963,1875000
Sri Lanka,LKA,1964,1873000
Sri Lanka,LKA,1965,1876000
Sri Lanka,LKA,1966,1875000
Sri Lanka,LKA,1967,1875000
Sri Lanka,LKA,1968,1882000
Sri Lanka,LKA,1969,1889000
Sri Lanka,LKA,1970,1894000
Sri Lanka,LKA,1971,1900000
Sri Lanka,LKA,1972,1906000
Sri Lanka,LKA,1973,1912000
Sri Lanka,LKA,1974,1918000
Sri Lanka,LKA,1975,1920000
Sri Lanka,LKA,1976,1957000
Sri Lanka,LKA,1977,1994000
Sri Lanka,LKA,1978,2030000
Sri Lanka,LKA,1979,1920000
Sri Lanka,LKA,1980,1910000
Sri Lanka,LKA,1981,1910000
Sri Lanka,LKA,1982,1857000
Sri Lanka,LKA,1983,1869000
Sri Lanka,LKA,1984,1872000
Sri Lanka,LKA,1985,1876000
Sri Lanka,LKA,1986,1887000
Sri Lanka,LKA,1987,1895000
Sri Lanka,LKA,1988,1898000
Sri Lanka,LKA,1989,1901000
Sri Lanka,LKA,1990,1900000
Sri Lanka,LKA,1991,1903000
Sri Lanka,LKA,1992,1905000
Sri Lanka,LKA,1993,1880000
Sri Lanka,LKA,1994,1883000
Sri Lanka,LKA,1995,1886000
Sri Lanka,LKA,1996,1887000
Sri Lanka,LKA,1997,1888000
Sri Lanka,LKA,1998,1889000
Sri Lanka,LKA,1999,1905000
Sri Lanka,LKA,2000,1910000
Sri Lanka,LKA,2001,1911000
Sri Lanka,LKA,2002,1916000
Sri Lanka,LKA,2003,1930000
Sri Lanka,LKA,2004,1870000
Sri Lanka,LKA,2005,2070000
Sri Lanka,LKA,2006,2000000
Sri Lanka,LKA,2007,1950000
Sri Lanka,LKA,2008,2155000
Sri Lanka,LKA,2009,2170000
Sri Lanka,LKA,2010,2180000
Sri Lanka,LKA,2011,2290000
Sri Lanka,LKA,2012,2300000
Sri Lanka,LKA,2013,2300000
Sri Lanka,LKA,2014,2300000
Sri Lanka,LKA,2015,2300000
Sri Lanka,LKA,2016,2310000
Sri Lanka,LKA,2017,2320200
Sri Lanka,LKA,2018,2371600
Sri Lanka,LKA,2019,2371572.8
Sri Lanka,LKA,2020,2372000
Sri Lanka,LKA,2021,2372000
Sri Lanka,LKA,2022,2372000
Sri Lanka,LKA,2023,2372202.8
Sri Lanka,LKA,2024,2372325.5
Sri Lanka,LKA,2025,2372448.2
Sudan,SDN,-10000,0
Sudan,SDN,-9000,0
Sudan,SDN,-8000,0
Sudan,SDN,-7000,0
Sudan,SDN,-6000,0
Sudan,SDN,-5000,0
Sudan,SDN,-4000,0
Sudan,SDN,-3000,0
Sudan,SDN,-2000,901250.75
Sudan,SDN,-1000,1504094.5
Sudan,SDN,0,2510844.2
Sudan,SDN,100,2594538.8
Sudan,SDN,200,2681023.5
Sudan,SDN,300,2770391
Sudan,SDN,400,2862737.2
Sudan,SDN,500,2958162
Sudan,SDN,600,3056767.5
Sudan,SDN,700,3158659.5
Sudan,SDN,800,3263948.2
Sudan,SDN,900,3515021
Sudan,SDN,1000,3766094.2
Sudan,SDN,1100,3891630.5
Sudan,SDN,1200,4017166.8
Sudan,SDN,1300,4351931
Sudan,SDN,1400,4686695
Sudan,SDN,1500,5021458.5
Sudan,SDN,1600,5398068
Sudan,SDN,1700,4298999
Sudan,SDN,1710,4325906.5
Sudan,SDN,1720,4354025
Sudan,SDN,1730,4383468.5
Sudan,SDN,1740,4414367
Sudan,SDN,1750,4446872
Sudan,SDN,1760,4481155.5
Sudan,SDN,1770,4517422
Sudan,SDN,1780,4555909.5
Sudan,SDN,1790,4596901
Sudan,SDN,1800,4640737.5
Sudan,SDN,1810,4687829.5
Sudan,SDN,1820,4738683.5
Sudan,SDN,1830,4793928.5
Sudan,SDN,1840,4854361
Sudan,SDN,1850,4921009
Sudan,SDN,1860,4988562.5
Sudan,SDN,1870,5059558.5
Sudan,SDN,1880,5153390
Sudan,SDN,1890,5264471.5
Sudan,SDN,1900,5394099.5
Sudan,SDN,1910,5567085.5
Sudan,SDN,1920,5787610
Sudan,SDN,1930,6097363.5
Sudan,SDN,1940,6592086.5
Sudan,SDN,1950,7770595.5
Sudan,SDN,1951,8004280.5
Sudan,SDN,1952,8246001
Sudan,SDN,1953,8493678
Sudan,SDN,1954,8749434
Sudan,SDN,1955,9015642
Sudan,SDN,1956,9291697
Sudan,SDN,1957,9577741
Sudan,SDN,1958,9870975
Sudan,SDN,1959,10176595
Sudan,SDN,1960,10500484
Sudan,SDN,1961,10840000
Sudan,SDN,1962,10940000
Sudan,SDN,1963,11040000
Sudan,SDN,1964,11142000
Sudan,SDN,1965,11242000
Sudan,SDN,1966,11340000
Sudan,SDN,1967,11450000
Sudan,SDN,1968,11547000
Sudan,SDN,1969,11647000
Sudan,SDN,1970,11745000
Sudan,SDN,1971,11843000
Sudan,SDN,1972,11941000
Sudan,SDN,1973,12048000
Sudan,SDN,1974,12105000
Sudan,SDN,1975,12205000
Sudan,SDN,1976,12300000
Sudan,SDN,1977,12398000
Sudan,SDN,1978,12436000
Sudan,SDN,1979,12435000
Sudan,SDN,1980,12450000
Sudan,SDN,1981,12480000
Sudan,SDN,1982,12540000
Sudan,SDN,1983,12590000
Sudan,SDN,1984,12645000
Sudan,SDN,1985,12700000
Sudan,SDN,1986,12750000
Sudan,SDN,1987,12805000
Sudan,SDN,1988,12845000
Sudan,SDN,1989,12860000
Sudan,SDN,1990,12910000
Sudan,SDN,1991,12965000
Sudan,SDN,1992,13015000
Sudan,SDN,1993,14733000
Sudan,SDN,1994,15115000
Sudan,SDN,1995,16274000
Sudan,SDN,1996,16789000
Sudan,SDN,1997,16717000
Sudan,SDN,1998,16617000
Sudan,SDN,1999,16497000
Sudan,SDN,2000,16350000
Sudan,SDN,2001,16493000
Sudan,SDN,2002,16644000
Sudan,SDN,2003,18190000
Sudan,SDN,2004,18157000
Sudan,SDN,2005,18880000
Sudan,SDN,2006,18873000
Sudan,SDN,2007,19388000
Sudan,SDN,2008,19471000
Sudan,SDN,2009,20038800
Sudan,SDN,2010,20019200
Sudan,SDN,2011,20019200
Sudan,SDN,2012,22736872
Sudan,SDN,2013,22688984
Sudan,SDN,2014,22645296
Sudan,SDN,2015,22914930
Sudan,SDN,2016,23184562
Sudan,SDN,2017,23454196
Sudan,SDN,2018,23688540
Sudan,SDN,2019,23688540
Sudan,SDN,2020,23688540
Sudan,SDN,2021,23690540
Sudan,SDN,2022,23690540
Sudan,SDN,2023,23691140
Sudan,SDN,2024,23691740
Sudan,SDN,2025,23692340
Suriname,SUR,-10000,0
Suriname,SUR,-9000,0
Suriname,SUR,-8000,0
Suriname,SUR,-7000,0
Suriname,SUR,-6000,0
Suriname,SUR,-5000,0
Suriname,SUR,-4000,0
Suriname,SUR,-3000,0
Suriname,SUR,-2000,0
Suriname,SUR,-1000,2483.9185
Suriname,SUR,0,4330.662
Suriname,SUR,100,4642.7173
Suriname,SUR,200,4972.472
Suriname,SUR,300,5319.9277
Suriname,SUR,400,5684.7905
Suriname,SUR,500,6066.373
Suriname,SUR,600,6463.467
Suriname,SUR,700,6874.1675
Suriname,SUR,800,7295.6465
Suriname,SUR,900,7723.827
Suriname,SUR,1000,8152.927
Suriname,SUR,1100,8574.796
Suriname,SUR,1200,8977.915
Suriname,SUR,1300,9345.799
Suriname,SUR,1400,9654.333
Suriname,SUR,1500,9866.908
Suriname,SUR,1600,9924.599
Suriname,SUR,1700,9722.881
Suriname,SUR,1710,10470.411
Suriname,SUR,1720,11269.521
Suriname,SUR,1730,12122.749
Suriname,SUR,1740,13032.538
Suriname,SUR,1750,14001.175
Suriname,SUR,1760,15030.708
Suriname,SUR,1770,16122.833
Suriname,SUR,1780,17278.764
Suriname,SUR,1790,18499.041
Suriname,SUR,1800,19783.324
Suriname,SUR,1810,21130.068
Suriname,SUR,1820,22133.72
Suriname,SUR,1830,23146.992
Suriname,SUR,1840,24160.695
Suriname,SUR,1850,25162.768
Suriname,SUR,1860,26137.357
Suriname,SUR,1870,28065.852
Suriname,SUR,1880,30019.098
Suriname,SUR,1890,31950.758
Suriname,SUR,1900,33790.45
Suriname,SUR,1910,35429.77
Suriname,SUR,1920,39631.758
Suriname,SUR,1930,43503.562
Suriname,SUR,1940,44605.24
Suriname,SUR,1950,43785.215
Suriname,SUR,1951,44118.703
Suriname,SUR,1952,44156.82
Suriname,SUR,1953,43971.863
Suriname,SUR,1954,43602.95
Suriname,SUR,1955,43054.22
Suriname,SUR,1956,42299.652
Suriname,SUR,1957,41267.504
Suriname,SUR,1958,39845.02
Suriname,SUR,1959,37854.188
Suriname,SUR,1960,35000
Suriname,SUR,1961,35000
Suriname,SUR,1962,36000
Suriname,SUR,1963,35000
Suriname,SUR,1964,39000
Suriname,SUR,1965,38000
Suriname,SUR,1966,37000
Suriname,SUR,1967,36000
Suriname,SUR,1968,36000
Suriname,SUR,1969,38000
Suriname,SUR,1970,38000
Suriname,SUR,1971,41000
Suriname,SUR,1972,41000
Suriname,SUR,1973,43000
Suriname,SUR,1974,43000
Suriname,SUR,1975,43000
Suriname,SUR,1976,43000
Suriname,SUR,1977,44000
Suriname,SUR,1978,44000
Suriname,SUR,1979,45000
Suriname,SUR,1980,49000
Suriname,SUR,1981,52000
Suriname,SUR,1982,55000
Suriname,SUR,1983,57000
Suriname,SUR,1984,59000
Suriname,SUR,1985,62000
Suriname,SUR,1986,64000
Suriname,SUR,1987,68000
Suriname,SUR,1988,68000
Suriname,SUR,1989,68000
Suriname,SUR,1990,68000
Suriname,SUR,1991,68000
Suriname,SUR,1992,68000
Suriname,SUR,1993,68000
Suriname,SUR,1994,68000
Suriname,SUR,1995,68000
Suriname,SUR,1996,68000
Suriname,SUR,1997,67000
Suriname,SUR,1998,67000
Suriname,SUR,1999,67000
Suriname,SUR,2000,67000
Suriname,SUR,2001,65000
Suriname,SUR,2002,52000
Suriname,SUR,2003,61000
Suriname,SUR,2004,59000
Suriname,SUR,2005,55000
Suriname,SUR,2006,55000
Suriname,SUR,2007,52000
Suriname,SUR,2008,52000
Suriname,SUR,2009,63000
Suriname,SUR,2010,61000
Suriname,SUR,2011,63000
Suriname,SUR,2012,57000
Suriname,SUR,2013,66000
Suriname,SUR,2014,71000
Suriname,SUR,2015,71000
Suriname,SUR,2016,71000
Suriname,SUR,2017,68000
Suriname,SUR,2018,68000
Suriname,SUR,2019,67000
Suriname,SUR,2020,65000
Suriname,SUR,2021,62000
Suriname,SUR,2022,53000
Suriname,SUR,2023,52500
Suriname,SUR,2024,49000
Suriname,SUR,2025,45500
Svalbard and Jan Mayen,SJM,-10000,0
Svalbard and Jan Mayen,SJM,-9000,0
Svalbard and Jan Mayen,SJM,-8000,0
Svalbard and Jan Mayen,SJM,-7000,0
Svalbard and Jan Mayen,SJM,-6000,0
Svalbard and Jan Mayen,SJM,-5000,0
Svalbard and Jan Mayen,SJM,-4000,0
Svalbard and Jan Mayen,SJM,-3000,0
Svalbard and Jan Mayen,SJM,-2000,0
Svalbard and Jan Mayen,SJM,-1000,0
Svalbard and Jan Mayen,SJM,0,0
Svalbard and Jan Mayen,SJM,100,0
Svalbard and Jan Mayen,SJM,200,0
Svalbard and Jan Mayen,SJM,300,0
Svalbard and Jan Mayen,SJM,400,0
Svalbard and Jan Mayen,SJM,500,0
Svalbard and Jan Mayen,SJM,600,0
Svalbard and Jan Mayen,SJM,700,0
Svalbard and Jan Mayen,SJM,800,0
Svalbard and Jan Mayen,SJM,900,0
Svalbard and Jan Mayen,SJM,1000,0
Svalbard and Jan Mayen,SJM,1100,0
Svalbard and Jan Mayen,SJM,1200,0
Svalbard and Jan Mayen,SJM,1300,0
Svalbard and Jan Mayen,SJM,1400,0
Svalbard and Jan Mayen,SJM,1500,0
Svalbard and Jan Mayen,SJM,1600,0
Svalbard and Jan Mayen,SJM,1700,0
Svalbard and Jan Mayen,SJM,1710,0
Svalbard and Jan Mayen,SJM,1720,0
Svalbard and Jan Mayen,SJM,1730,0
Svalbard and Jan Mayen,SJM,1740,0
Svalbard and Jan Mayen,SJM,1750,0
Svalbard and Jan Mayen,SJM,1760,0
Svalbard and Jan Mayen,SJM,1770,0
Svalbard and Jan Mayen,SJM,1780,0
Svalbard and Jan Mayen,SJM,1790,0
Svalbard and Jan Mayen,SJM,1800,0
Svalbard and Jan Mayen,SJM,1810,0
Svalbard and Jan Mayen,SJM,1820,0
Svalbard and Jan Mayen,SJM,1830,0
Svalbard and Jan Mayen,SJM,1840,0
Svalbard and Jan Mayen,SJM,1850,0
Svalbard and Jan Mayen,SJM,1860,0
Svalbard and Jan Mayen,SJM,1870,0
Svalbard and Jan Mayen,SJM,1880,0
Svalbard and Jan Mayen,SJM,1890,0
Svalbard and Jan Mayen,SJM,1900,0
Svalbard and Jan Mayen,SJM,1910,0
Svalbard and Jan Mayen,SJM,1920,0
Svalbard and Jan Mayen,SJM,1930,0
Svalbard and Jan Mayen,SJM,1940,0
Svalbard and Jan Mayen,SJM,1950,0
Svalbard and Jan Mayen,SJM,1951,0
Svalbard and Jan Mayen,SJM,1952,0
Svalbard and Jan Mayen,SJM,1953,0
Svalbard and Jan Mayen,SJM,1954,0
Svalbard and Jan Mayen,SJM,1955,0
Svalbard and Jan Mayen,SJM,1956,0
Svalbard and Jan Mayen,SJM,1957,0
Svalbard and Jan Mayen,SJM,1958,0
Svalbard and Jan Mayen,SJM,1959,0
Svalbard and Jan Mayen,SJM,1960,0
Svalbard and Jan Mayen,SJM,1961,0
Svalbard and Jan Mayen,SJM,1962,0
Svalbard and Jan Mayen,SJM,1963,0
Svalbard and Jan Mayen,SJM,1964,0
Svalbard and Jan Mayen,SJM,1965,0
Svalbard and Jan Mayen,SJM,1966,0
Svalbard and Jan Mayen,SJM,1967,0
Svalbard and Jan Mayen,SJM,1968,0
Svalbard and Jan Mayen,SJM,1969,0
Svalbard and Jan Mayen,SJM,1970,0
Svalbard and Jan Mayen,SJM,1971,0
Svalbard and Jan Mayen,SJM,1972,0
Svalbard and Jan Mayen,SJM,1973,0
Svalbard and Jan Mayen,SJM,1974,0
Svalbard and Jan Mayen,SJM,1975,0
Svalbard and Jan Mayen,SJM,1976,0
Svalbard and Jan Mayen,SJM,1977,0
Svalbard and Jan Mayen,SJM,1978,0
Svalbard and Jan Mayen,SJM,1979,0
Svalbard and Jan Mayen,SJM,1980,0
Svalbard and Jan Mayen,SJM,1981,0
Svalbard and Jan Mayen,SJM,1982,0
Svalbard and Jan Mayen,SJM,1983,0
Svalbard and Jan Mayen,SJM,1984,0
Svalbard and Jan Mayen,SJM,1985,0
Svalbard and Jan Mayen,SJM,1986,0
Svalbard and Jan Mayen,SJM,1987,0
Svalbard and Jan Mayen,SJM,1988,0
Svalbard and Jan Mayen,SJM,1989,0
Svalbard and Jan Mayen,SJM,1990,0
Svalbard and Jan Mayen,SJM,1991,0
Svalbard and Jan Mayen,SJM,1992,0
Svalbard and Jan Mayen,SJM,1993,0
Svalbard and Jan Mayen,SJM,1994,0
Svalbard and Jan Mayen,SJM,1995,0
Svalbard and Jan Mayen,SJM,1996,0
Svalbard and Jan Mayen,SJM,1997,0
Svalbard and Jan Mayen,SJM,1998,0
Svalbard and Jan Mayen,SJM,1999,0
Svalbard and Jan Mayen,SJM,2000,0
Svalbard and Jan Mayen,SJM,2001,0
Svalbard and Jan Mayen,SJM,2002,0
Svalbard and Jan Mayen,SJM,2003,0
Svalbard and Jan Mayen,SJM,2004,0
Svalbard and Jan Mayen,SJM,2005,0
Svalbard and Jan Mayen,SJM,2006,0
Svalbard and Jan Mayen,SJM,2007,0
Svalbard and Jan Mayen,SJM,2008,0
Svalbard and Jan Mayen,SJM,2009,0
Svalbard and Jan Mayen,SJM,2010,0
Svalbard and Jan Mayen,SJM,2011,0
Svalbard and Jan Mayen,SJM,2012,0
Svalbard and Jan Mayen,SJM,2013,0
Svalbard and Jan Mayen,SJM,2014,0
Svalbard and Jan Mayen,SJM,2015,0
Svalbard and Jan Mayen,SJM,2016,0
Svalbard and Jan Mayen,SJM,2017,0
Svalbard and Jan Mayen,SJM,2018,0
Svalbard and Jan Mayen,SJM,2019,0
Svalbard and Jan Mayen,SJM,2020,0
Svalbard and Jan Mayen,SJM,2021,0
Svalbard and Jan Mayen,SJM,2022,0
Svalbard and Jan Mayen,SJM,2023,0
Svalbard and Jan Mayen,SJM,2024,0
Svalbard and Jan Mayen,SJM,2025,0
Sweden,SWE,-10000,0
Sweden,SWE,-9000,0
Sweden,SWE,-8000,0
Sweden,SWE,-7000,0
Sweden,SWE,-6000,0
Sweden,SWE,-5000,0
Sweden,SWE,-4000,0
Sweden,SWE,-3000,4439.028
Sweden,SWE,-2000,11392.299
Sweden,SWE,-1000,58968.58
Sweden,SWE,0,217576.83
Sweden,SWE,100,236904.64
Sweden,SWE,200,255677.08
Sweden,SWE,300,273853.8
Sweden,SWE,400,291387.72
Sweden,SWE,500,308223.8
Sweden,SWE,600,324298.47
Sweden,SWE,700,339536.34
Sweden,SWE,800,353846.6
Sweden,SWE,900,367118.2
Sweden,SWE,1000,379215.28
Sweden,SWE,1100,436387
Sweden,SWE,1200,489848
Sweden,SWE,1300,971899.1
Sweden,SWE,1400,371680.03
Sweden,SWE,1500,419943.9
Sweden,SWE,1600,606651.9
Sweden,SWE,1700,1024370.3
Sweden,SWE,1710,1058226.1
Sweden,SWE,1720,1072689
Sweden,SWE,1730,1188320.8
Sweden,SWE,1740,1252524.8
Sweden,SWE,1750,1281424.1
Sweden,SWE,1760,1362021.6
Sweden,SWE,1770,1453674.2
Sweden,SWE,1780,1501118.5
Sweden,SWE,1790,1559313.5
Sweden,SWE,1800,1665676.4
Sweden,SWE,1810,1717419.1
Sweden,SWE,1820,1812370.9
Sweden,SWE,1830,1992262.2
Sweden,SWE,1840,2139719.5
Sweden,SWE,1850,2331756.8
Sweden,SWE,1860,2507478.2
Sweden,SWE,1870,2701633.5
Sweden,SWE,1880,2883380.8
Sweden,SWE,1890,2902047.8
Sweden,SWE,1900,3008694.8
Sweden,SWE,1910,3134724.5
Sweden,SWE,1920,3192723.8
Sweden,SWE,1930,3265199.2
Sweden,SWE,1940,3263822
Sweden,SWE,1950,3418128
Sweden,SWE,1951,3434422.2
Sweden,SWE,1952,3446041.8
Sweden,SWE,1953,3454322.8
Sweden,SWE,1954,3460480.5
Sweden,SWE,1955,3465461.8
Sweden,SWE,1956,3469917.2
Sweden,SWE,1957,3474329
Sweden,SWE,1958,3478913.8
Sweden,SWE,1959,3483736.8
Sweden,SWE,1960,3488788.2
Sweden,SWE,1961,3552922
Sweden,SWE,1962,3487925.5
Sweden,SWE,1963,3296969.2
Sweden,SWE,1964,3258977.2
Sweden,SWE,1965,3164994.5
Sweden,SWE,1966,3112997
Sweden,SWE,1967,3099997
Sweden,SWE,1968,3030997
Sweden,SWE,1969,3054997
Sweden,SWE,1970,3052997
Sweden,SWE,1971,3050997.2
Sweden,SWE,1972,3030997.2
Sweden,SWE,1973,3017997.2
Sweden,SWE,1974,3018997.5
Sweden,SWE,1975,3005997.5
Sweden,SWE,1976,3002998.5
Sweden,SWE,1977,2993998.5
Sweden,SWE,1978,2999998.8
Sweden,SWE,1979,2984999.5
Sweden,SWE,1980,2978999.5
Sweden,SWE,1981,2959999.5
Sweden,SWE,1982,2949999.5
Sweden,SWE,1983,2940999.5
Sweden,SWE,1984,2932999.5
Sweden,SWE,1985,2921999.5
Sweden,SWE,1986,2907999.5
Sweden,SWE,1987,2889999.5
Sweden,SWE,1988,2871999.5
Sweden,SWE,1989,2852999.5
Sweden,SWE,1990,2844999.5
Sweden,SWE,1991,2789999.5
Sweden,SWE,1992,2767999.5
Sweden,SWE,1993,2779999.5
Sweden,SWE,1994,2779999.8
Sweden,SWE,1995,2766999.8
Sweden,SWE,1996,2811997.5
Sweden,SWE,1997,2798997.8
Sweden,SWE,1998,2783997.8
Sweden,SWE,1999,2747000
Sweden,SWE,2000,2602200
Sweden,SWE,2001,2681700
Sweden,SWE,2002,2657400
Sweden,SWE,2003,2644500
Sweden,SWE,2004,2648600
Sweden,SWE,2005,2690000
Sweden,SWE,2006,2648600
Sweden,SWE,2007,2634500
Sweden,SWE,2008,2617800
Sweden,SWE,2009,2630599.8
Sweden,SWE,2010,2621500
Sweden,SWE,2011,2606700
Sweden,SWE,2012,2596400
Sweden,SWE,2013,2593180
Sweden,SWE,2014,2584320
Sweden,SWE,2015,2578520
Sweden,SWE,2016,2568980
Sweden,SWE,2017,2558430
Sweden,SWE,2018,2545240
Sweden,SWE,2019,2544000
Sweden,SWE,2020,2542000
Sweden,SWE,2021,2539000
Sweden,SWE,2022,2531000
Sweden,SWE,2023,2530204
Sweden,SWE,2024,2526856
Sweden,SWE,2025,2523508
Switzerland,CHE,-10000,0
Switzerland,CHE,-9000,0
Switzerland,CHE,-8000,0
Switzerland,CHE,-7000,0
Switzerland,CHE,-6000,0
Switzerland,CHE,-5000,381.75763
Switzerland,CHE,-4000,1023.5789
Switzerland,CHE,-3000,2016.8708
Switzerland,CHE,-2000,3870.6428
Switzerland,CHE,-1000,10976.333
Switzerland,CHE,0,50624.332
Switzerland,CHE,100,50160.543
Switzerland,CHE,200,49673.74
Switzerland,CHE,300,49161.605
Switzerland,CHE,400,48621.45
Switzerland,CHE,500,48050.08
Switzerland,CHE,600,47443.73
Switzerland,CHE,700,46797.832
Switzerland,CHE,800,46106.844
Switzerland,CHE,900,45318.516
Switzerland,CHE,1000,44471.18
Switzerland,CHE,1100,58071.82
Switzerland,CHE,1200,70920.08
Switzerland,CHE,1300,110522.39
Switzerland,CHE,1400,80414.49
Switzerland,CHE,1500,103450.6
Switzerland,CHE,1600,123795.09
Switzerland,CHE,1700,146367.98
Switzerland,CHE,1710,149555.39
Switzerland,CHE,1720,152778.31
Switzerland,CHE,1730,156033.67
Switzerland,CHE,1740,159317.86
Switzerland,CHE,1750,162626.64
Switzerland,CHE,1760,165955.19
Switzerland,CHE,1770,169297.8
Switzerland,CHE,1780,172647.94
Switzerland,CHE,1790,175998
Switzerland,CHE,1800,179339.16
Switzerland,CHE,1810,182661.12
Switzerland,CHE,1820,201582.61
Switzerland,CHE,1830,217542.55
Switzerland,CHE,1840,232963.33
Switzerland,CHE,1850,247716.7
Switzerland,CHE,1860,255663.5
Switzerland,CHE,1870,267959.47
Switzerland,CHE,1880,276896.2
Switzerland,CHE,1890,281680.88
Switzerland,CHE,1900,307949.06
Switzerland,CHE,1910,339292.44
Switzerland,CHE,1920,340632.53
Switzerland,CHE,1930,344351.16
Switzerland,CHE,1940,348688.7
Switzerland,CHE,1950,367394.22
Switzerland,CHE,1951,369882.44
Switzerland,CHE,1952,372680.88
Switzerland,CHE,1953,375464.3
Switzerland,CHE,1954,378040.38
Switzerland,CHE,1955,380344.47
Switzerland,CHE,1956,382449.5
Switzerland,CHE,1957,384548.06
Switzerland,CHE,1958,386929.25
Switzerland,CHE,1959,389938
Switzerland,CHE,1960,393854.75
Switzerland,CHE,1961,408300
Switzerland,CHE,1962,410200
Switzerland,CHE,1963,400800
Switzerland,CHE,1964,396800
Switzerland,CHE,1965,392800
Switzerland,CHE,1966,386500
Switzerland,CHE,1967,379300
Switzerland,CHE,1968,376100
Switzerland,CHE,1969,377000
Switzerland,CHE,1970,372700
Switzerland,CHE,1971,373500
Switzerland,CHE,1972,380000
Switzerland,CHE,1973,380100
Switzerland,CHE,1974,383000
Switzerland,CHE,1975,388300
Switzerland,CHE,1976,389000
Switzerland,CHE,1977,389600
Switzerland,CHE,1978,395000
Switzerland,CHE,1979,396738.22
Switzerland,CHE,1980,402597.2
Switzerland,CHE,1981,406510.1
Switzerland,CHE,1982,410959.2
Switzerland,CHE,1983,416459.44
Switzerland,CHE,1984,424257.9
Switzerland,CHE,1985,427263.47
Switzerland,CHE,1986,427007.1
Switzerland,CHE,1987,421697.12
Switzerland,CHE,1988,425241.6
Switzerland,CHE,1989,432095.03
Switzerland,CHE,1990,426354.4
Switzerland,CHE,1991,430632.44
Switzerland,CHE,1992,429346.2
Switzerland,CHE,1993,433040.8
Switzerland,CHE,1994,442631
Switzerland,CHE,1995,445686.8
Switzerland,CHE,1996,443673.88
Switzerland,CHE,1997,437729.88
Switzerland,CHE,1998,436134.53
Switzerland,CHE,1999,433068.4
Switzerland,CHE,2000,431922.12
Switzerland,CHE,2001,432672.6
Switzerland,CHE,2002,431595.6
Switzerland,CHE,2003,429506.3
Switzerland,CHE,2004,429042.28
Switzerland,CHE,2005,428776.3
Switzerland,CHE,2006,429507.1
Switzerland,CHE,2007,429300.38
Switzerland,CHE,2008,429019.1
Switzerland,CHE,2009,429206.5
Switzerland,CHE,2010,427767.9
Switzerland,CHE,2011,427162.4
Switzerland,CHE,2012,427355.53
Switzerland,CHE,2013,427502.78
Switzerland,CHE,2014,424979.2
Switzerland,CHE,2015,423209.28
Switzerland,CHE,2016,423743.4
Switzerland,CHE,2017,423088.38
Switzerland,CHE,2018,423360.3
Switzerland,CHE,2019,423812.4
Switzerland,CHE,2020,425037.12
Switzerland,CHE,2021,420690.38
Switzerland,CHE,2022,421652.5
Switzerland,CHE,2023,420949.28
Switzerland,CHE,2024,420295.5
Switzerland,CHE,2025,419641.75
Syria,SYR,-10000,0
Syria,SYR,-9000,19130.58
Syria,SYR,-8000,77492.984
Syria,SYR,-7000,141344.84
Syria,SYR,-6000,270724.5
Syria,SYR,-5000,394952.38
Syria,SYR,-4000,577406
Syria,SYR,-3000,844142.3
Syria,SYR,-2000,1231608.2
Syria,SYR,-1000,1789032.8
Syria,SYR,0,2577503.8
Syria,SYR,100,3474587
Syria,SYR,200,4632244.5
Syria,SYR,300,6191159
Syria,SYR,400,4922394
Syria,SYR,500,3917763.2
Syria,SYR,600,3098490.5
Syria,SYR,700,2441524.5
Syria,SYR,800,1923930.9
Syria,SYR,900,3472245
Syria,SYR,1000,1676503.4
Syria,SYR,1100,1756030.2
Syria,SYR,1200,1833243.4
Syria,SYR,1300,1907808.6
Syria,SYR,1400,1514018.5
Syria,SYR,1500,1604103.2
Syria,SYR,1600,1847492.8
Syria,SYR,1700,1831796.9
Syria,SYR,1710,1839456.5
Syria,SYR,1720,1847023
Syria,SYR,1730,1854492.4
Syria,SYR,1740,1861859.4
Syria,SYR,1750,1869119
Syria,SYR,1760,1876264.2
Syria,SYR,1770,1883289
Syria,SYR,1780,1890185.1
Syria,SYR,1790,1896944.1
Syria,SYR,1800,1903556
Syria,SYR,1810,1910010
Syria,SYR,1820,1916292.8
Syria,SYR,1830,1992059.6
Syria,SYR,1840,2051183.2
Syria,SYR,1850,2111870
Syria,SYR,1860,2174129
Syria,SYR,1870,2237960.5
Syria,SYR,1880,2517787
Syria,SYR,1890,2795591.8
Syria,SYR,1900,2737186
Syria,SYR,1910,2678505.8
Syria,SYR,1920,2619471
Syria,SYR,1930,2559916.8
Syria,SYR,1940,3995040.5
Syria,SYR,1950,4666880.5
Syria,SYR,1951,4780450
Syria,SYR,1952,4903763.5
Syria,SYR,1953,5036745.5
Syria,SYR,1954,5179249
Syria,SYR,1955,5331011
Syria,SYR,1956,5491597.5
Syria,SYR,1957,5660499
Syria,SYR,1958,5837114
Syria,SYR,1959,6020799
Syria,SYR,1960,6206987
Syria,SYR,1961,6380947.5
Syria,SYR,1962,6439934.5
Syria,SYR,1963,6540887
Syria,SYR,1964,6653786
Syria,SYR,1965,6598860
Syria,SYR,1966,6129998
Syria,SYR,1967,6129998
Syria,SYR,1968,5861000
Syria,SYR,1969,5885000
Syria,SYR,1970,5909000
Syria,SYR,1971,5908000
Syria,SYR,1972,6001000
Syria,SYR,1973,5878000
Syria,SYR,1974,6027000
Syria,SYR,1975,5476000
Syria,SYR,1976,5672000
Syria,SYR,1977,5509000
Syria,SYR,1978,5588000
Syria,SYR,1979,5686000
Syria,SYR,1980,5684000
Syria,SYR,1981,5759000
Syria,SYR,1982,5801000
Syria,SYR,1983,5607000
Syria,SYR,1984,5654000
Syria,SYR,1985,5623000
Syria,SYR,1986,5627000
Syria,SYR,1987,5630000
Syria,SYR,1988,5502000
Syria,SYR,1989,5503000
Syria,SYR,1990,5626000
Syria,SYR,1991,5576000
Syria,SYR,1992,5554000
Syria,SYR,1993,5426000
Syria,SYR,1994,5487000
Syria,SYR,1995,5502000
Syria,SYR,1996,5470000
Syria,SYR,1997,5521000
Syria,SYR,1998,5484000
Syria,SYR,1999,5502000
Syria,SYR,2000,5352000
Syria,SYR,2001,5450000
Syria,SYR,2002,5421000
Syria,SYR,2003,5478000
Syria,SYR,2004,5626000
Syria,SYR,2005,5562000
Syria,SYR,2006,5587000
Syria,SYR,2007,5683000
Syria,SYR,2008,5666000
Syria,SYR,2009,5664000
Syria,SYR,2010,5696000
Syria,SYR,2011,5716000
Syria,SYR,2012,5731000
Syria,SYR,2013,5733000
Syria,SYR,2014,5732000
Syria,SYR,2015,5731000
Syria,SYR,2016,5730600
Syria,SYR,2017,5734450
Syria,SYR,2018,5728323
Syria,SYR,2019,5724152.5
Syria,SYR,2020,5726617
Syria,SYR,2021,5584218
Syria,SYR,2022,5441819
Syria,SYR,2023,5427143
Syria,SYR,2024,5355849
Syria,SYR,2025,5284554.5
Taiwan,TWN,-10000,0
Taiwan,TWN,-9000,0
Taiwan,TWN,-8000,0
Taiwan,TWN,-7000,0
Taiwan,TWN,-6000,0
Taiwan,TWN,-5000,0
Taiwan,TWN,-4000,3934.1042
Taiwan,TWN,-3000,15736.417
Taiwan,TWN,-2000,19468.018
Taiwan,TWN,-1000,23563.926
Taiwan,TWN,0,27400.174
Taiwan,TWN,100,26928.445
Taiwan,TWN,200,26439.588
Taiwan,TWN,300,25931.95
Taiwan,TWN,400,25403.617
Taiwan,TWN,500,24852.344
Taiwan,TWN,600,24275.469
Taiwan,TWN,700,23669.785
Taiwan,TWN,800,23031.41
Taiwan,TWN,900,22355.54
Taiwan,TWN,1000,21636.123
Taiwan,TWN,1100,25038.469
Taiwan,TWN,1200,28046.312
Taiwan,TWN,1300,30600.305
Taiwan,TWN,1400,32619.234
Taiwan,TWN,1500,33985.93
Taiwan,TWN,1600,31380.305
Taiwan,TWN,1700,141252.81
Taiwan,TWN,1710,158679.5
Taiwan,TWN,1720,164860.58
Taiwan,TWN,1730,171190.9
Taiwan,TWN,1740,177661.3
Taiwan,TWN,1750,184259.86
Taiwan,TWN,1760,190971.66
Taiwan,TWN,1770,197778.05
Taiwan,TWN,1780,204655.98
Taiwan,TWN,1790,211577.16
Taiwan,TWN,1800,218506.78
Taiwan,TWN,1810,225402.47
Taiwan,TWN,1820,232212.14
Taiwan,TWN,1830,233257.2
Taiwan,TWN,1840,235407.67
Taiwan,TWN,1850,237107.55
Taiwan,TWN,1860,237912.47
Taiwan,TWN,1870,237816.97
Taiwan,TWN,1880,237187.62
Taiwan,TWN,1890,235338.67
Taiwan,TWN,1900,257848.53
Taiwan,TWN,1910,280056.75
Taiwan,TWN,1920,300600.66
Taiwan,TWN,1930,344564.44
Taiwan,TWN,1940,398279.3
Taiwan,TWN,1950,451399.16
Taiwan,TWN,1951,459397.25
Taiwan,TWN,1952,466621.16
Taiwan,TWN,1953,473248.5
Taiwan,TWN,1954,479381.88
Taiwan,TWN,1955,485052.62
Taiwan,TWN,1956,490203.38
Taiwan,TWN,1957,494703.47
Taiwan,TWN,1958,498349.75
Taiwan,TWN,1959,500870.22
Taiwan,TWN,1960,501937.94
Taiwan,TWN,1961,501937.94
Taiwan,TWN,1962,501937.94
Taiwan,TWN,1963,501937.94
Taiwan,TWN,1964,501937.94
Taiwan,TWN,1965,501937.94
Taiwan,TWN,1966,501937.94
Taiwan,TWN,1967,501937.94
Taiwan,TWN,1968,501937.94
Taiwan,TWN,1969,501937.94
Taiwan,TWN,1970,501937.94
Taiwan,TWN,1971,501937.94
Taiwan,TWN,1972,501937.94
Taiwan,TWN,1973,501937.94
Taiwan,TWN,1974,501937.94
Taiwan,TWN,1975,501937.94
Taiwan,TWN,1976,501937.94
Taiwan,TWN,1977,501937.94
Taiwan,TWN,1978,501937.94
Taiwan,TWN,1979,501937.94
Taiwan,TWN,1980,501937.94
Taiwan,TWN,1981,501937.94
Taiwan,TWN,1982,501937.94
Taiwan,TWN,1983,501937.94
Taiwan,TWN,1984,501937.94
Taiwan,TWN,1985,501937.94
Taiwan,TWN,1986,501937.94
Taiwan,TWN,1987,501937.94
Taiwan,TWN,1988,501937.94
Taiwan,TWN,1989,501937.94
Taiwan,TWN,1990,501937.94
Taiwan,TWN,1991,501937.94
Taiwan,TWN,1992,501937.94
Taiwan,TWN,1993,501937.94
Taiwan,TWN,1994,501937.94
Taiwan,TWN,1995,501937.94
Taiwan,TWN,1996,501937.94
Taiwan,TWN,1997,501937.94
Taiwan,TWN,1998,501937.94
Taiwan,TWN,1999,501937.94
Taiwan,TWN,2000,501937.94
Taiwan,TWN,2001,501937.94
Taiwan,TWN,2002,501937.94
Taiwan,TWN,2003,501937.94
Taiwan,TWN,2004,501937.94
Taiwan,TWN,2005,501937.94
Taiwan,TWN,2006,501937.94
Taiwan,TWN,2007,501937.94
Taiwan,TWN,2008,501937.94
Taiwan,TWN,2009,501937.94
Taiwan,TWN,2010,501937.94
Taiwan,TWN,2011,501937.94
Taiwan,TWN,2012,501937.94
Taiwan,TWN,2013,501937.94
Taiwan,TWN,2014,501937.94
Taiwan,TWN,2015,501937.94
Taiwan,TWN,2016,501937.94
Taiwan,TWN,2017,501937.94
Taiwan,TWN,2018,501937.94
Taiwan,TWN,2019,501937.94
Taiwan,TWN,2020,501937.94
Taiwan,TWN,2021,501937.94
Taiwan,TWN,2022,501937.94
Taiwan,TWN,2023,501937.94
Taiwan,TWN,2024,0
Taiwan,TWN,2025,0
Tajikistan,TJK,-10000,0
Tajikistan,TJK,-9000,0
Tajikistan,TJK,-8000,0
Tajikistan,TJK,-7000,0
Tajikistan,TJK,-6000,0
Tajikistan,TJK,-5000,0
Tajikistan,TJK,-4000,0
Tajikistan,TJK,-3000,0
Tajikistan,TJK,-2000,118239.695
Tajikistan,TJK,-1000,125802.98
Tajikistan,TJK,0,129177.75
Tajikistan,TJK,100,136216.31
Tajikistan,TJK,200,143523.47
Tajikistan,TJK,300,151088.78
Tajikistan,TJK,400,158896.44
Tajikistan,TJK,500,166923.77
Tajikistan,TJK,600,175139.53
Tajikistan,TJK,700,183500.89
Tajikistan,TJK,800,191950.95
Tajikistan,TJK,900,196410.81
Tajikistan,TJK,1000,200089.77
Tajikistan,TJK,1100,202890.55
Tajikistan,TJK,1200,213238.62
Tajikistan,TJK,1300,221840.19
Tajikistan,TJK,1400,228437.67
Tajikistan,TJK,1500,232685.81
Tajikistan,TJK,1600,248288.81
Tajikistan,TJK,1700,258474.48
Tajikistan,TJK,1710,275175.6
Tajikistan,TJK,1720,288203.47
Tajikistan,TJK,1730,301791.56
Tajikistan,TJK,1740,315958.22
Tajikistan,TJK,1750,330721.56
Tajikistan,TJK,1760,346099.56
Tajikistan,TJK,1770,362109.78
Tajikistan,TJK,1780,378769.25
Tajikistan,TJK,1790,396094.25
Tajikistan,TJK,1800,414100.16
Tajikistan,TJK,1810,432801.03
Tajikistan,TJK,1820,452209.47
Tajikistan,TJK,1830,472336.12
Tajikistan,TJK,1840,493189.4
Tajikistan,TJK,1850,514774.84
Tajikistan,TJK,1860,537094.6
Tajikistan,TJK,1870,560146.9
Tajikistan,TJK,1880,583924.9
Tajikistan,TJK,1890,608416.2
Tajikistan,TJK,1900,633601.25
Tajikistan,TJK,1910,659452.56
Tajikistan,TJK,1920,685932.6
Tajikistan,TJK,1930,712992.4
Tajikistan,TJK,1940,740568.7
Tajikistan,TJK,1950,768581.56
Tajikistan,TJK,1951,794041.4
Tajikistan,TJK,1952,819136.1
Tajikistan,TJK,1953,843846.3
Tajikistan,TJK,1954,868272.94
Tajikistan,TJK,1955,892631.06
Tajikistan,TJK,1956,917272.4
Tajikistan,TJK,1957,942649.9
Tajikistan,TJK,1958,969327.94
Tajikistan,TJK,1959,997899.3
Tajikistan,TJK,1960,1028851.4
Tajikistan,TJK,1961,1028851.4
Tajikistan,TJK,1962,1030996.56
Tajikistan,TJK,1963,1023273.75
Tajikistan,TJK,1964,1017267.06
Tajikistan,TJK,1965,1014907.44
Tajikistan,TJK,1966,1003537.7
Tajikistan,TJK,1967,1002036.06
Tajikistan,TJK,1968,1000105.25
Tajikistan,TJK,1969,1001392.5
Tajikistan,TJK,1970,999676.25
Tajikistan,TJK,1971,998818.2
Tajikistan,TJK,1972,997960.06
Tajikistan,TJK,1973,996672.94
Tajikistan,TJK,1974,999247.25
Tajikistan,TJK,1975,997101.94
Tajikistan,TJK,1976,997531.06
Tajikistan,TJK,1977,997960.06
Tajikistan,TJK,1978,995385.8
Tajikistan,TJK,1979,992811.5
Tajikistan,TJK,1980,993313.5
Tajikistan,TJK,1981,994098.6
Tajikistan,TJK,1982,994313.2
Tajikistan,TJK,1983,994956.75
Tajikistan,TJK,1984,994038.56
Tajikistan,TJK,1985,994574.9
Tajikistan,TJK,1986,995064.06
Tajikistan,TJK,1987,995651.9
Tajikistan,TJK,1988,993412.2
Tajikistan,TJK,1989,986504.56
Tajikistan,TJK,1990,982171.2
Tajikistan,TJK,1991,982171.2
Tajikistan,TJK,1992,985000
Tajikistan,TJK,1993,998000
Tajikistan,TJK,1994,970000
Tajikistan,TJK,1995,959000
Tajikistan,TJK,1996,919000
Tajikistan,TJK,1997,917000
Tajikistan,TJK,1998,887000
Tajikistan,TJK,1999,886000
Tajikistan,TJK,2000,886000
Tajikistan,TJK,2001,883000
Tajikistan,TJK,2002,881000
Tajikistan,TJK,2003,880000
Tajikistan,TJK,2004,877000
Tajikistan,TJK,2005,874000
Tajikistan,TJK,2006,877000
Tajikistan,TJK,2007,873000
Tajikistan,TJK,2008,871000
Tajikistan,TJK,2009,884400
Tajikistan,TJK,2010,880700
Tajikistan,TJK,2011,877800
Tajikistan,TJK,2012,874000
Tajikistan,TJK,2013,905600
Tajikistan,TJK,2014,937200
Tajikistan,TJK,2015,968800
Tajikistan,TJK,2016,1000399.9
Tajikistan,TJK,2017,1032100
Tajikistan,TJK,2018,1032100
Tajikistan,TJK,2019,1032100
Tajikistan,TJK,2020,1032100
Tajikistan,TJK,2021,1032100
Tajikistan,TJK,2022,1032100
Tajikistan,TJK,2023,1032100
Tajikistan,TJK,2024,1032100
Tajikistan,TJK,2025,1032100
Tanzania,TZA,-10000,0
Tanzania,TZA,-9000,0
Tanzania,TZA,-8000,0
Tanzania,TZA,-7000,0
Tanzania,TZA,-6000,0
Tanzania,TZA,-5000,0
Tanzania,TZA,-4000,0
Tanzania,TZA,-3000,0
Tanzania,TZA,-2000,0
Tanzania,TZA,-1000,0
Tanzania,TZA,0,0
Tanzania,TZA,100,0
Tanzania,TZA,200,0
Tanzania,TZA,300,0
Tanzania,TZA,400,0
Tanzania,TZA,500,0
Tanzania,TZA,600,0
Tanzania,TZA,700,0
Tanzania,TZA,800,0
Tanzania,TZA,900,0
Tanzania,TZA,1000,453040.12
Tanzania,TZA,1100,722032.7
Tanzania,TZA,1200,991025.3
Tanzania,TZA,1300,1260017.9
Tanzania,TZA,1400,1529010.5
Tanzania,TZA,1500,991025.3
Tanzania,TZA,1600,1203387.9
Tanzania,TZA,1700,1415750.4
Tanzania,TZA,1710,1527778.5
Tanzania,TZA,1720,1639806.6
Tanzania,TZA,1730,1751834.8
Tanzania,TZA,1740,1863862.9
Tanzania,TZA,1750,1975891
Tanzania,TZA,1760,2087919
Tanzania,TZA,1770,2199947
Tanzania,TZA,1780,2311975.2
Tanzania,TZA,1790,2424003.2
Tanzania,TZA,1800,2536031.5
Tanzania,TZA,1810,2648059.5
Tanzania,TZA,1820,2760087.8
Tanzania,TZA,1830,2872115.5
Tanzania,TZA,1840,2984143.8
Tanzania,TZA,1850,3096172
Tanzania,TZA,1860,3065349.2
Tanzania,TZA,1870,3034833.2
Tanzania,TZA,1880,3004621
Tanzania,TZA,1890,3065257.2
Tanzania,TZA,1900,2828679
Tanzania,TZA,1910,2717547
Tanzania,TZA,1920,2717547
Tanzania,TZA,1930,3153824
Tanzania,TZA,1940,3624240.5
Tanzania,TZA,1950,4332061
Tanzania,TZA,1951,4443930
Tanzania,TZA,1952,4562063.5
Tanzania,TZA,1953,4685990
Tanzania,TZA,1954,4815375.5
Tanzania,TZA,1955,4950022
Tanzania,TZA,1956,5089892
Tanzania,TZA,1957,5235078
Tanzania,TZA,1958,5385806
Tanzania,TZA,1959,5542398.5
Tanzania,TZA,1960,5705195
Tanzania,TZA,1961,6000000
Tanzania,TZA,1962,6000000
Tanzania,TZA,1963,7000000
Tanzania,TZA,1964,7000000
Tanzania,TZA,1965,7000000
Tanzania,TZA,1966,7000000
Tanzania,TZA,1967,7000000
Tanzania,TZA,1968,7000000
Tanzania,TZA,1969,7000000
Tanzania,TZA,1970,8000000
Tanzania,TZA,1971,8000000
Tanzania,TZA,1972,8000000
Tanzania,TZA,1973,8000000
Tanzania,TZA,1974,8000000
Tanzania,TZA,1975,8000000
Tanzania,TZA,1976,8000000
Tanzania,TZA,1977,8000000
Tanzania,TZA,1978,9000000
Tanzania,TZA,1979,9000000
Tanzania,TZA,1980,9000000
Tanzania,TZA,1981,9000000
Tanzania,TZA,1982,9000000
Tanzania,TZA,1983,9000000
Tanzania,TZA,1984,9000000
Tanzania,TZA,1985,10000000
Tanzania,TZA,1986,10000000
Tanzania,TZA,1987,10000000
Tanzania,TZA,1988,10000000
Tanzania,TZA,1989,10000000
Tanzania,TZA,1990,10000000
Tanzania,TZA,1991,10003000
Tanzania,TZA,1992,9800000
Tanzania,TZA,1993,9900000
Tanzania,TZA,1994,9900000
Tanzania,TZA,1995,9900000
Tanzania,TZA,1996,10000000
Tanzania,TZA,1997,10003000
Tanzania,TZA,1998,10000000
Tanzania,TZA,1999,10000000
Tanzania,TZA,2000,10000000
Tanzania,TZA,2001,10100000
Tanzania,TZA,2002,10200000
Tanzania,TZA,2003,10270000
Tanzania,TZA,2004,10757100
Tanzania,TZA,2005,11314200
Tanzania,TZA,2006,11871300
Tanzania,TZA,2007,12418400
Tanzania,TZA,2008,12974400
Tanzania,TZA,2009,13186700
Tanzania,TZA,2010,13399000
Tanzania,TZA,2011,13611300
Tanzania,TZA,2012,13823600
Tanzania,TZA,2013,14035900
Tanzania,TZA,2014,14248200
Tanzania,TZA,2015,14460500
Tanzania,TZA,2016,14672800
Tanzania,TZA,2017,14885100
Tanzania,TZA,2018,15097400
Tanzania,TZA,2019,15309700
Tanzania,TZA,2020,15521200
Tanzania,TZA,2021,15521200
Tanzania,TZA,2022,15521200
Tanzania,TZA,2023,15711870
Tanzania,TZA,2024,15817780
Tanzania,TZA,2025,15923691
Thailand,THA,-10000,0
Thailand,THA,-9000,0
Thailand,THA,-8000,0
Thailand,THA,-7000,0
Thailand,THA,-6000,0
Thailand,THA,-5000,0
Thailand,THA,-4000,0
Thailand,THA,-3000,0
Thailand,THA,-2000,0
Thailand,THA,-1000,52109.875
Thailand,THA,0,125933.77
Thailand,THA,100,138329.05
Thailand,THA,200,150717.92
Thailand,THA,300,163103.45
Thailand,THA,400,175488
Thailand,THA,500,187873.33
Thailand,THA,600,200260.73
Thailand,THA,700,212651.12
Thailand,THA,800,225045.17
Thailand,THA,900,237443.23
Thailand,THA,1000,249845.56
Thailand,THA,1100,299716.78
Thailand,THA,1200,349571.25
Thailand,THA,1300,399413.2
Thailand,THA,1400,449246.1
Thailand,THA,1500,499072.6
Thailand,THA,1600,561369.75
Thailand,THA,1700,623661.06
Thailand,THA,1710,628599.94
Thailand,THA,1720,640232.94
Thailand,THA,1730,652081.4
Thailand,THA,1740,664149.2
Thailand,THA,1750,676440.44
Thailand,THA,1760,688959.25
Thailand,THA,1770,701709.9
Thailand,THA,1780,714696.6
Thailand,THA,1790,727923.8
Thailand,THA,1800,741395.94
Thailand,THA,1810,790814
Thailand,THA,1820,840231.1
Thailand,THA,1830,889647.4
Thailand,THA,1840,939062.8
Thailand,THA,1850,988477.25
Thailand,THA,1860,1136737.8
Thailand,THA,1870,1284995.5
Thailand,THA,1880,1778443.4
Thailand,THA,1890,2111291
Thailand,THA,1900,2472051.8
Thailand,THA,1910,3126095.8
Thailand,THA,1920,3917588.2
Thailand,THA,1930,5056936.5
Thailand,THA,1940,6460995.5
Thailand,THA,1950,8794073
Thailand,THA,1951,9011858
Thailand,THA,1952,9238041
Thailand,THA,1953,9473342
Thailand,THA,1954,9718371
Thailand,THA,1955,9973643
Thailand,THA,1956,10239573
Thailand,THA,1957,10516488
Thailand,THA,1958,10804607
Thailand,THA,1959,11104058
Thailand,THA,1960,11393000
Thailand,THA,1961,11393000
Thailand,THA,1962,11700000
Thailand,THA,1963,12160000
Thailand,THA,1964,12370000
Thailand,THA,1965,12600000
Thailand,THA,1966,12850000
Thailand,THA,1967,13080000
Thailand,THA,1968,13300000
Thailand,THA,1969,13500000
Thailand,THA,1970,13808000
Thailand,THA,1971,13939000
Thailand,THA,1972,14750000
Thailand,THA,1973,15580000
Thailand,THA,1974,16363000
Thailand,THA,1975,16680000
Thailand,THA,1976,16988000
Thailand,THA,1977,17385000
Thailand,THA,1978,17776000
Thailand,THA,1979,18082000
Thailand,THA,1980,18298000
Thailand,THA,1981,18681000
Thailand,THA,1982,19099000
Thailand,THA,1983,19198000
Thailand,THA,1984,19331000
Thailand,THA,1985,19847000
Thailand,THA,1986,20036000
Thailand,THA,1987,20490000
Thailand,THA,1988,20568000
Thailand,THA,1989,20567000
Thailand,THA,1990,20603000
Thailand,THA,1991,20726000
Thailand,THA,1992,20574000
Thailand,THA,1993,20445000
Thailand,THA,1994,20538000
Thailand,THA,1995,20631000
Thailand,THA,1996,20724000
Thailand,THA,1997,20817000
Thailand,THA,1998,20909000
Thailand,THA,1999,21002000
Thailand,THA,2000,21095000
Thailand,THA,2001,21188000
Thailand,THA,2002,21281000
Thailand,THA,2003,21374000
Thailand,THA,2004,21467000
Thailand,THA,2005,21560000
Thailand,THA,2006,21653000
Thailand,THA,2007,21745000
Thailand,THA,2008,21838000
Thailand,THA,2009,21931000
Thailand,THA,2010,22024000
Thailand,THA,2011,22028000
Thailand,THA,2012,22032000
Thailand,THA,2013,22036266
Thailand,THA,2014,22042000
Thailand,THA,2015,22046000
Thailand,THA,2016,22042000
Thailand,THA,2017,22047000
Thailand,THA,2018,22045696
Thailand,THA,2019,22200000
Thailand,THA,2020,22471900
Thailand,THA,2021,22700000
Thailand,THA,2022,22700000
Thailand,THA,2023,22966102
Thailand,THA,2024,23146962
Thailand,THA,2025,23327824
Togo,TGO,-10000,0
Togo,TGO,-9000,0
Togo,TGO,-8000,0
Togo,TGO,-7000,0
Togo,TGO,-6000,0
Togo,TGO,-5000,0
Togo,TGO,-4000,0
Togo,TGO,-3000,0
Togo,TGO,-2000,0
Togo,TGO,-1000,0
Togo,TGO,0,0
Togo,TGO,100,0
Togo,TGO,200,0
Togo,TGO,300,0
Togo,TGO,400,0
Togo,TGO,500,0
Togo,TGO,600,0
Togo,TGO,700,0
Togo,TGO,800,2864.373
Togo,TGO,900,5728.746
Togo,TGO,1000,6565.4624
Togo,TGO,1100,7524.212
Togo,TGO,1200,8622.77
Togo,TGO,1300,9881.498
Togo,TGO,1400,11323.722
Togo,TGO,1500,12976.158
Togo,TGO,1600,14869.411
Togo,TGO,1700,17038.535
Togo,TGO,1710,25564.52
Togo,TGO,1720,33505.508
Togo,TGO,1730,41450.656
Togo,TGO,1740,49399.965
Togo,TGO,1750,57353.43
Togo,TGO,1760,65311.043
Togo,TGO,1770,73272.805
Togo,TGO,1780,81238.71
Togo,TGO,1790,89208.766
Togo,TGO,1800,97182.95
Togo,TGO,1810,105161.28
Togo,TGO,1820,113143.73
Togo,TGO,1830,121130.32
Togo,TGO,1840,129121.03
Togo,TGO,1850,137115.86
Togo,TGO,1860,145606.36
Togo,TGO,1870,154622.56
Togo,TGO,1880,169159.8
Togo,TGO,1890,185063.77
Togo,TGO,1900,198485.4
Togo,TGO,1910,212880.39
Togo,TGO,1920,226062.11
Togo,TGO,1930,262422.1
Togo,TGO,1940,301642.2
Togo,TGO,1950,1650623.6
Togo,TGO,1951,1686188.2
Togo,TGO,1952,1705653.9
Togo,TGO,1953,1717742.8
Togo,TGO,1954,1728944.9
Togo,TGO,1955,1743562.9
Togo,TGO,1956,1763591.8
Togo,TGO,1957,1788834.1
Togo,TGO,1958,1817203.8
Togo,TGO,1959,1845296.5
Togo,TGO,1960,1870000
Togo,TGO,1961,1870000
Togo,TGO,1962,1870000
Togo,TGO,1963,1870000
Togo,TGO,1964,1870000
Togo,TGO,1965,1875000
Togo,TGO,1966,1875000
Togo,TGO,1967,1875000
Togo,TGO,1968,1875000
Togo,TGO,1969,1875000
Togo,TGO,1970,1875000
Togo,TGO,1971,1880000
Togo,TGO,1972,1880000
Togo,TGO,1973,1880000
Togo,TGO,1974,1880000
Togo,TGO,1975,1880000
Togo,TGO,1976,1880000
Togo,TGO,1977,1880000
Togo,TGO,1978,1980000
Togo,TGO,1979,2030000
Togo,TGO,1980,2035000
Togo,TGO,1981,2035000
Togo,TGO,1982,2035000
Togo,TGO,1983,2035000
Togo,TGO,1984,2085000
Togo,TGO,1985,2090000
Togo,TGO,1986,2090000
Togo,TGO,1987,2110000
Togo,TGO,1988,2140000
Togo,TGO,1989,2140000
Togo,TGO,1990,2160000
Togo,TGO,1991,2185000
Togo,TGO,1992,2205000
Togo,TGO,1993,2230000
Togo,TGO,1994,2250000
Togo,TGO,1995,2270000
Togo,TGO,1996,2290000
Togo,TGO,1997,2330000
Togo,TGO,1998,2350000
Togo,TGO,1999,2370000
Togo,TGO,2000,2400000
Togo,TGO,2001,2420000
Togo,TGO,2002,2440000
Togo,TGO,2003,2460000
Togo,TGO,2004,2479999.5
Togo,TGO,2005,2519999.5
Togo,TGO,2006,2569999.8
Togo,TGO,2007,2594999.8
Togo,TGO,2008,2634999.8
Togo,TGO,2009,2655000
Togo,TGO,2010,2665000
Togo,TGO,2011,2665000
Togo,TGO,2012,2850000
Togo,TGO,2013,2820000
Togo,TGO,2014,2820000
Togo,TGO,2015,2820000
Togo,TGO,2016,2820000
Togo,TGO,2017,2820000
Togo,TGO,2018,2820000
Togo,TGO,2019,2820000
Togo,TGO,2020,2820000
Togo,TGO,2021,2820000
Togo,TGO,2022,2820000
Togo,TGO,2023,2820000
Togo,TGO,2024,2820000
Togo,TGO,2025,2820000
Tonga,TON,-10000,0
Tonga,TON,-9000,0
Tonga,TON,-8000,0
Tonga,TON,-7000,0
Tonga,TON,-6000,0
Tonga,TON,-5000,0
Tonga,TON,-4000,0
Tonga,TON,-3000,0
Tonga,TON,-2000,0
Tonga,TON,-1000,1339.6624
Tonga,TON,0,1236.7866
Tonga,TON,100,1280.6058
Tonga,TON,200,1324.8416
Tonga,TON,300,1369.3025
Tonga,TON,400,1413.754
Tonga,TON,500,1457.909
Tonga,TON,600,1501.4164
Tonga,TON,700,1543.8444
Tonga,TON,800,1584.6614
Tonga,TON,900,1623.2073
Tonga,TON,1000,1658.6562
Tonga,TON,1100,1689.9625
Tonga,TON,1200,1715.7817
Tonga,TON,1300,2471.4504
Tonga,TON,1400,3539.986
Tonga,TON,1500,5032.964
Tonga,TON,1600,7082.3257
Tonga,TON,1700,9815.716
Tonga,TON,1710,10239.278
Tonga,TON,1720,10678.423
Tonga,TON,1730,11133.431
Tonga,TON,1740,11604.545
Tonga,TON,1750,12091.968
Tonga,TON,1760,12595.849
Tonga,TON,1770,13116.275
Tonga,TON,1780,13653.258
Tonga,TON,1790,14206.723
Tonga,TON,1800,14776.489
Tonga,TON,1810,15362.253
Tonga,TON,1820,16007.907
Tonga,TON,1830,16672.04
Tonga,TON,1840,17353.955
Tonga,TON,1850,18052.71
Tonga,TON,1860,18767.059
Tonga,TON,1870,19106.191
Tonga,TON,1880,19435.781
Tonga,TON,1890,19753.432
Tonga,TON,1900,20056.377
Tonga,TON,1910,20341.385
Tonga,TON,1920,20428.572
Tonga,TON,1930,20487.057
Tonga,TON,1940,20512.385
Tonga,TON,1950,20499.246
Tonga,TON,1951,21350.78
Tonga,TON,1952,22093.436
Tonga,TON,1953,22724.879
Tonga,TON,1954,23248.781
Tonga,TON,1955,23679.367
Tonga,TON,1956,24057.836
Tonga,TON,1957,24413.924
Tonga,TON,1958,24820.877
Tonga,TON,1959,25326.576
Tonga,TON,1960,26000
Tonga,TON,1961,26000
Tonga,TON,1962,27000
Tonga,TON,1963,27000
Tonga,TON,1964,27000
Tonga,TON,1965,27993.094
Tonga,TON,1966,29000
Tonga,TON,1967,29000
Tonga,TON,1968,29000
Tonga,TON,1969,30975.223
Tonga,TON,1970,30000
Tonga,TON,1971,30000
Tonga,TON,1972,30000
Tonga,TON,1973,30000
Tonga,TON,1974,30000
Tonga,TON,1975,30000
Tonga,TON,1976,29000
Tonga,TON,1977,29000
Tonga,TON,1978,29000
Tonga,TON,1979,29000
Tonga,TON,1980,30000
Tonga,TON,1981,30000
Tonga,TON,1982,30000
Tonga,TON,1983,29000
Tonga,TON,1984,29000
Tonga,TON,1985,29000
Tonga,TON,1986,29000
Tonga,TON,1987,29000
Tonga,TON,1988,29000
Tonga,TON,1989,27990.203
Tonga,TON,1990,27990.398
Tonga,TON,1991,27990.62
Tonga,TON,1992,27990.863
Tonga,TON,1993,27989.416
Tonga,TON,1994,27988.229
Tonga,TON,1995,29000
Tonga,TON,1996,29000
Tonga,TON,1997,26985.432
Tonga,TON,1998,26986.402
Tonga,TON,1999,26987.387
Tonga,TON,2000,25996.344
Tonga,TON,2001,25996.049
Tonga,TON,2002,25995.783
Tonga,TON,2003,25995.541
Tonga,TON,2004,25995.33
Tonga,TON,2005,25995.15
Tonga,TON,2006,26995.025
Tonga,TON,2007,26996.229
Tonga,TON,2008,27000
Tonga,TON,2009,27998.947
Tonga,TON,2010,28000
Tonga,TON,2011,28000
Tonga,TON,2012,29000
Tonga,TON,2013,29000
Tonga,TON,2014,29996.07
Tonga,TON,2015,30568.99
Tonga,TON,2016,30559.105
Tonga,TON,2017,30549.145
Tonga,TON,2018,30539.111
Tonga,TON,2019,30529.014
Tonga,TON,2020,30518.852
Tonga,TON,2021,30504.008
Tonga,TON,2022,30489.068
Tonga,TON,2023,30474.04
Tonga,TON,2024,30458.93
Tonga,TON,2025,30443.738
Trinidad and Tobago,TTO,-10000,0
Trinidad and Tobago,TTO,-9000,0
Trinidad and Tobago,TTO,-8000,0
Trinidad and Tobago,TTO,-7000,0
Trinidad and Tobago,TTO,-6000,0
Trinidad and Tobago,TTO,-5000,0
Trinidad and Tobago,TTO,-4000,0
Trinidad and Tobago,TTO,-3000,0
Trinidad and Tobago,TTO,-2000,0
Trinidad and Tobago,TTO,-1000,0
Trinidad and Tobago,TTO,0,0
Trinidad and Tobago,TTO,100,0
Trinidad and Tobago,TTO,200,0
Trinidad and Tobago,TTO,300,0
Trinidad and Tobago,TTO,400,0
Trinidad and Tobago,TTO,500,0
Trinidad and Tobago,TTO,600,0
Trinidad and Tobago,TTO,700,0
Trinidad and Tobago,TTO,800,0
Trinidad and Tobago,TTO,900,0
Trinidad and Tobago,TTO,1000,0
Trinidad and Tobago,TTO,1100,0
Trinidad and Tobago,TTO,1200,0
Trinidad and Tobago,TTO,1300,0
Trinidad and Tobago,TTO,1400,0
Trinidad and Tobago,TTO,1500,103.47417
Trinidad and Tobago,TTO,1600,190.74287
Trinidad and Tobago,TTO,1700,342.36942
Trinidad and Tobago,TTO,1710,506.9051
Trinidad and Tobago,TTO,1720,750.1153
Trinidad and Tobago,TTO,1730,1109.3779
Trinidad and Tobago,TTO,1740,1639.68
Trinidad and Tobago,TTO,1750,2421.8179
Trinidad and Tobago,TTO,1760,3574.3557
Trinidad and Tobago,TTO,1770,5271.0195
Trinidad and Tobago,TTO,1780,7765.9287
Trinidad and Tobago,TTO,1790,11430.065
Trinidad and Tobago,TTO,1800,16803.783
Trinidad and Tobago,TTO,1810,24672.012
Trinidad and Tobago,TTO,1820,36171.31
Trinidad and Tobago,TTO,1830,37999.88
Trinidad and Tobago,TTO,1840,25844.332
Trinidad and Tobago,TTO,1850,44526.723
Trinidad and Tobago,TTO,1860,55009.84
Trinidad and Tobago,TTO,1870,64586.242
Trinidad and Tobago,TTO,1880,85930.12
Trinidad and Tobago,TTO,1890,102786.086
Trinidad and Tobago,TTO,1900,112856.08
Trinidad and Tobago,TTO,1910,141938.42
Trinidad and Tobago,TTO,1920,155201.94
Trinidad and Tobago,TTO,1930,147001.19
Trinidad and Tobago,TTO,1940,151620.62
Trinidad and Tobago,TTO,1950,165324.03
Trinidad and Tobago,TTO,1951,163347.23
Trinidad and Tobago,TTO,1952,161655.78
Trinidad and Tobago,TTO,1953,159840.7
Trinidad and Tobago,TTO,1954,157485.84
Trinidad and Tobago,TTO,1955,154170.11
Trinidad and Tobago,TTO,1956,149340.47
Trinidad and Tobago,TTO,1957,142393.72
Trinidad and Tobago,TTO,1958,132350.52
Trinidad and Tobago,TTO,1959,117327.11
Trinidad and Tobago,TTO,1960,92000
Trinidad and Tobago,TTO,1961,92000
Trinidad and Tobago,TTO,1962,92000
Trinidad and Tobago,TTO,1963,92000
Trinidad and Tobago,TTO,1964,92000
Trinidad and Tobago,TTO,1965,92000
Trinidad and Tobago,TTO,1966,92000
Trinidad and Tobago,TTO,1967,92000
Trinidad and Tobago,TTO,1968,92000
Trinidad and Tobago,TTO,1969,92000
Trinidad and Tobago,TTO,1970,92000
Trinidad and Tobago,TTO,1971,95000
Trinidad and Tobago,TTO,1972,95000
Trinidad and Tobago,TTO,1973,104000
Trinidad and Tobago,TTO,1974,105000
Trinidad and Tobago,TTO,1975,100000
Trinidad and Tobago,TTO,1976,100000
Trinidad and Tobago,TTO,1977,100000
Trinidad and Tobago,TTO,1978,100000
Trinidad and Tobago,TTO,1979,100000
Trinidad and Tobago,TTO,1980,95000
Trinidad and Tobago,TTO,1981,89000
Trinidad and Tobago,TTO,1982,82000
Trinidad and Tobago,TTO,1983,68000
Trinidad and Tobago,TTO,1984,68000
Trinidad and Tobago,TTO,1985,65000
Trinidad and Tobago,TTO,1986,65000
Trinidad and Tobago,TTO,1987,65000
Trinidad and Tobago,TTO,1988,66000
Trinidad and Tobago,TTO,1989,66000
Trinidad and Tobago,TTO,1990,71000
Trinidad and Tobago,TTO,1991,75000
Trinidad and Tobago,TTO,1992,75000
Trinidad and Tobago,TTO,1993,75000
Trinidad and Tobago,TTO,1994,75000
Trinidad and Tobago,TTO,1995,70000
Trinidad and Tobago,TTO,1996,70000
Trinidad and Tobago,TTO,1997,65000
Trinidad and Tobago,TTO,1998,60000
Trinidad and Tobago,TTO,1999,60000
Trinidad and Tobago,TTO,2000,60000
Trinidad and Tobago,TTO,2001,53000
Trinidad and Tobago,TTO,2002,53000
Trinidad and Tobago,TTO,2003,53000
Trinidad and Tobago,TTO,2004,48000
Trinidad and Tobago,TTO,2005,47000
Trinidad and Tobago,TTO,2006,47000
Trinidad and Tobago,TTO,2007,47000
Trinidad and Tobago,TTO,2008,47000
Trinidad and Tobago,TTO,2009,47000
Trinidad and Tobago,TTO,2010,47000
Trinidad and Tobago,TTO,2011,47000
Trinidad and Tobago,TTO,2012,47000
Trinidad and Tobago,TTO,2013,47000
Trinidad and Tobago,TTO,2014,47000
Trinidad and Tobago,TTO,2015,47000
Trinidad and Tobago,TTO,2016,47000
Trinidad and Tobago,TTO,2017,47000
Trinidad and Tobago,TTO,2018,47000
Trinidad and Tobago,TTO,2019,47000
Trinidad and Tobago,TTO,2020,47000
Trinidad and Tobago,TTO,2021,47000
Trinidad and Tobago,TTO,2022,47000
Trinidad and Tobago,TTO,2023,47000
Trinidad and Tobago,TTO,2024,47000
Trinidad and Tobago,TTO,2025,47000
Tunisia,TUN,-10000,0
Tunisia,TUN,-9000,0
Tunisia,TUN,-8000,0
Tunisia,TUN,-7000,0
Tunisia,TUN,-6000,0
Tunisia,TUN,-5000,0
Tunisia,TUN,-4000,0
Tunisia,TUN,-3000,0
Tunisia,TUN,-2000,576000
Tunisia,TUN,-1000,768000
Tunisia,TUN,0,960000
Tunisia,TUN,100,1071627
Tunisia,TUN,200,1181393.5
Tunisia,TUN,300,1113485.6
Tunisia,TUN,400,1046508.1
Tunisia,TUN,500,980461.06
Tunisia,TUN,600,915344.25
Tunisia,TUN,700,907901.56
Tunisia,TUN,800,1069295
Tunisia,TUN,900,1088363.6
Tunisia,TUN,1000,1106967.1
Tunisia,TUN,1100,1042780.56
Tunisia,TUN,1200,1088360.5
Tunisia,TUN,1300,1079057.2
Tunisia,TUN,1400,855803.1
Tunisia,TUN,1500,848360.56
Tunisia,TUN,1600,1051147.4
Tunisia,TUN,1700,833475.2
Tunisia,TUN,1710,857252.25
Tunisia,TUN,1720,880985.4
Tunisia,TUN,1730,904674.7
Tunisia,TUN,1740,928320.1
Tunisia,TUN,1750,951921.75
Tunisia,TUN,1760,975479.56
Tunisia,TUN,1770,998993.56
Tunisia,TUN,1780,1022463.75
Tunisia,TUN,1790,1045890.06
Tunisia,TUN,1800,1069272.5
Tunisia,TUN,1810,1092611.2
Tunisia,TUN,1820,1115906
Tunisia,TUN,1830,1139157
Tunisia,TUN,1840,1162364.1
Tunisia,TUN,1850,1185527.5
Tunisia,TUN,1860,1309683.8
Tunisia,TUN,1870,1446841.2
Tunisia,TUN,1880,1598361.4
Tunisia,TUN,1890,1765747.9
Tunisia,TUN,1900,1943885.5
Tunisia,TUN,1910,2282684.5
Tunisia,TUN,1920,2398586
Tunisia,TUN,1930,2675510
Tunisia,TUN,1940,3185298.8
Tunisia,TUN,1950,3672313.8
Tunisia,TUN,1951,3764807.8
Tunisia,TUN,1952,3842783.5
Tunisia,TUN,1953,3908777.2
Tunisia,TUN,1954,3965318
Tunisia,TUN,1955,4014987
Tunisia,TUN,1956,4060380.8
Tunisia,TUN,1957,4104093.2
Tunisia,TUN,1958,4148684.5
Tunisia,TUN,1959,4196624
Tunisia,TUN,1960,4250000
Tunisia,TUN,1961,4250000
Tunisia,TUN,1962,4250000
Tunisia,TUN,1963,4250000
Tunisia,TUN,1964,4334000
Tunisia,TUN,1965,4334000
Tunisia,TUN,1966,4334000
Tunisia,TUN,1967,4334000
Tunisia,TUN,1968,4334000
Tunisia,TUN,1969,4486000
Tunisia,TUN,1970,4673000
Tunisia,TUN,1971,4680000
Tunisia,TUN,1972,4780000
Tunisia,TUN,1973,4870000
Tunisia,TUN,1974,4920000
Tunisia,TUN,1975,4990000
Tunisia,TUN,1976,5060000
Tunisia,TUN,1977,5107000
Tunisia,TUN,1978,4993000
Tunisia,TUN,1979,4931000
Tunisia,TUN,1980,4701000
Tunisia,TUN,1981,4770000
Tunisia,TUN,1982,4860000
Tunisia,TUN,1983,4967000
Tunisia,TUN,1984,4990000
Tunisia,TUN,1985,4938000
Tunisia,TUN,1986,4846000
Tunisia,TUN,1987,4860000
Tunisia,TUN,1988,4826000
Tunisia,TUN,1989,4877000
Tunisia,TUN,1990,4851000
Tunisia,TUN,1991,4875000
Tunisia,TUN,1992,4881000
Tunisia,TUN,1993,4952000
Tunisia,TUN,1994,4813000
Tunisia,TUN,1995,4878000
Tunisia,TUN,1996,4928000
Tunisia,TUN,1997,4917000
Tunisia,TUN,1998,4950000
Tunisia,TUN,1999,5014000
Tunisia,TUN,2000,4990000
Tunisia,TUN,2001,4909000
Tunisia,TUN,2002,4908000
Tunisia,TUN,2003,4930000
Tunisia,TUN,2004,4945000
Tunisia,TUN,2005,4896000
Tunisia,TUN,2006,4945000
Tunisia,TUN,2007,4935000
Tunisia,TUN,2008,5041000
Tunisia,TUN,2009,4936000
Tunisia,TUN,2010,5186000
Tunisia,TUN,2011,5233000
Tunisia,TUN,2012,5123000
Tunisia,TUN,2013,5129000
Tunisia,TUN,2014,4920000
Tunisia,TUN,2015,4917000
Tunisia,TUN,2016,4934600
Tunisia,TUN,2017,4992900
Tunisia,TUN,2018,4950500
Tunisia,TUN,2019,4950500
Tunisia,TUN,2020,4950500
Tunisia,TUN,2021,4950500
Tunisia,TUN,2022,4950500
Tunisia,TUN,2023,4950500
Tunisia,TUN,2024,4950500
Tunisia,TUN,2025,4950500
Turkey,TUR,-10000,0
Turkey,TUR,-9000,751.26306
Turkey,TUR,-8000,4408.0454
Turkey,TUR,-7000,28352.621
Turkey,TUR,-6000,154298.97
Turkey,TUR,-5000,1086017
Turkey,TUR,-4000,1789994.4
Turkey,TUR,-3000,2453093.2
Turkey,TUR,-2000,4753852.5
Turkey,TUR,-1000,6849918
Turkey,TUR,0,8644475
Turkey,TUR,100,9301514
Turkey,TUR,200,9946032
Turkey,TUR,300,9166870
Turkey,TUR,400,8395453
Turkey,TUR,500,7632201.5
Turkey,TUR,600,6877464
Turkey,TUR,700,7494769.5
Turkey,TUR,800,8094726.5
Turkey,TUR,900,8842572
Turkey,TUR,1000,9565105
Turkey,TUR,1100,6904511.5
Turkey,TUR,1200,8030023.5
Turkey,TUR,1300,9109010
Turkey,TUR,1400,7211324
Turkey,TUR,1500,7616962.5
Turkey,TUR,1600,9521881
Turkey,TUR,1700,9825420
Turkey,TUR,1710,9906884
Turkey,TUR,1720,10015768
Turkey,TUR,1730,10124772
Turkey,TUR,1740,10233796
Turkey,TUR,1750,10342725
Turkey,TUR,1760,10451430
Turkey,TUR,1770,10559764
Turkey,TUR,1780,10667558
Turkey,TUR,1790,10774618
Turkey,TUR,1800,10880720
Turkey,TUR,1810,10985604
Turkey,TUR,1820,11088962
Turkey,TUR,1830,11447375
Turkey,TUR,1840,11776362
Turkey,TUR,1850,12110841
Turkey,TUR,1860,12450138
Turkey,TUR,1870,12793343
Turkey,TUR,1880,12979709
Turkey,TUR,1890,13141081
Turkey,TUR,1900,13294270
Turkey,TUR,1910,13436158
Turkey,TUR,1920,14604469
Turkey,TUR,1930,16022492
Turkey,TUR,1940,18730616
Turkey,TUR,1950,20758436
Turkey,TUR,1951,21129960
Turkey,TUR,1952,21575656
Turkey,TUR,1953,22028760
Turkey,TUR,1954,22503218
Turkey,TUR,1955,22966804
Turkey,TUR,1956,23431670
Turkey,TUR,1957,23893076
Turkey,TUR,1958,24344906
Turkey,TUR,1959,24771466
Turkey,TUR,1960,25167000
Turkey,TUR,1961,25167000
Turkey,TUR,1962,25348000
Turkey,TUR,1963,26120000
Turkey,TUR,1964,26092000
Turkey,TUR,1965,26146000
Turkey,TUR,1966,26384000
Turkey,TUR,1967,26250000
Turkey,TUR,1968,26601000
Turkey,TUR,1969,27743000
Turkey,TUR,1970,27378000
Turkey,TUR,1971,27614000
Turkey,TUR,1972,28226000
Turkey,TUR,1973,28287000
Turkey,TUR,1974,27928000
Turkey,TUR,1975,27662000
Turkey,TUR,1976,27703000
Turkey,TUR,1977,27929000
Turkey,TUR,1978,28045000
Turkey,TUR,1979,28792000
Turkey,TUR,1980,28479000
Turkey,TUR,1981,28513000
Turkey,TUR,1982,27091000
Turkey,TUR,1983,26618000
Turkey,TUR,1984,27413000
Turkey,TUR,1985,27530000
Turkey,TUR,1986,27483000
Turkey,TUR,1987,27927000
Turkey,TUR,1988,27763000
Turkey,TUR,1989,27897000
Turkey,TUR,1990,27677000
Turkey,TUR,1991,27689000
Turkey,TUR,1992,27526134
Turkey,TUR,1993,27535096
Turkey,TUR,1994,27771060
Turkey,TUR,1995,27115068
Turkey,TUR,1996,26986172
Turkey,TUR,1997,26864096
Turkey,TUR,1998,26969000
Turkey,TUR,1999,26802034
Turkey,TUR,2000,26379160
Turkey,TUR,2001,26351054
Turkey,TUR,2002,26579084
Turkey,TUR,2003,26027156
Turkey,TUR,2004,26593018
Turkey,TUR,2005,26606034
Turkey,TUR,2006,25876174
Turkey,TUR,2007,24888228
Turkey,TUR,2008,24505138
Turkey,TUR,2009,24294228
Turkey,TUR,2010,24395144
Turkey,TUR,2011,23630190
Turkey,TUR,2012,23790212
Turkey,TUR,2013,23806096
Turkey,TUR,2014,23944048
Turkey,TUR,2015,23929176
Turkey,TUR,2016,24045568
Turkey,TUR,2017,24093116
Turkey,TUR,2018,24166350
Turkey,TUR,2019,23099000
Turkey,TUR,2020,23145000
Turkey,TUR,2021,23473000
Turkey,TUR,2022,23864000
Turkey,TUR,2023,23874800
Turkey,TUR,2024,24049000
Turkey,TUR,2025,24223200
Turkmenistan,TKM,-10000,0
Turkmenistan,TKM,-9000,0
Turkmenistan,TKM,-8000,0
Turkmenistan,TKM,-7000,0
Turkmenistan,TKM,-6000,0
Turkmenistan,TKM,-5000,0
Turkmenistan,TKM,-4000,0
Turkmenistan,TKM,-3000,0
Turkmenistan,TKM,-2000,0
Turkmenistan,TKM,-1000,103960.39
Turkmenistan,TKM,0,108782.1
Turkmenistan,TKM,100,115032.79
Turkmenistan,TKM,200,121577.234
Turkmenistan,TKM,300,128419.016
Turkmenistan,TKM,400,135559.56
Turkmenistan,TKM,500,142997.69
Turkmenistan,TKM,600,150728.8
Turkmenistan,TKM,700,158744.11
Turkmenistan,TKM,800,167029.56
Turkmenistan,TKM,900,168980.89
Turkmenistan,TKM,1000,170598.56
Turkmenistan,TKM,1100,178729.9
Turkmenistan,TKM,1200,186154.64
Turkmenistan,TKM,1300,192812.42
Turkmenistan,TKM,1400,200453.75
Turkmenistan,TKM,1500,212374.05
Turkmenistan,TKM,1600,239952.03
Turkmenistan,TKM,1700,256401.83
Turkmenistan,TKM,1710,272596.5
Turkmenistan,TKM,1720,286647.28
Turkmenistan,TKM,1730,301409.03
Turkmenistan,TKM,1740,316916.72
Turkmenistan,TKM,1750,333206.97
Turkmenistan,TKM,1760,350318
Turkmenistan,TKM,1770,368289.94
Turkmenistan,TKM,1780,387164.7
Turkmenistan,TKM,1790,406986.1
Turkmenistan,TKM,1800,427800.1
Turkmenistan,TKM,1810,449654.5
Turkmenistan,TKM,1820,472599.5
Turkmenistan,TKM,1830,496687.5
Turkmenistan,TKM,1840,521973.1
Turkmenistan,TKM,1850,548513.5
Turkmenistan,TKM,1860,576368.4
Turkmenistan,TKM,1870,605599.9
Turkmenistan,TKM,1880,636273.1
Turkmenistan,TKM,1890,668455.75
Turkmenistan,TKM,1900,702218.5
Turkmenistan,TKM,1910,737634.94
Turkmenistan,TKM,1920,774781.9
Turkmenistan,TKM,1930,813739.2
Turkmenistan,TKM,1940,854589.94
Turkmenistan,TKM,1950,897420.8
Turkmenistan,TKM,1951,912385.44
Turkmenistan,TKM,1952,931571
Turkmenistan,TKM,1953,954345.5
Turkmenistan,TKM,1954,980178.9
Turkmenistan,TKM,1955,1008639.06
Turkmenistan,TKM,1956,1039393.2
Turkmenistan,TKM,1957,1072214.5
Turkmenistan,TKM,1958,1106957
Turkmenistan,TKM,1959,1143542.6
Turkmenistan,TKM,1960,1181896.6
Turkmenistan,TKM,1961,1181896.6
Turkmenistan,TKM,1962,1184361
Turkmenistan,TKM,1963,1175489.5
Turkmenistan,TKM,1964,1168589.2
Turkmenistan,TKM,1965,1165878.5
Turkmenistan,TKM,1966,1152817.5
Turkmenistan,TKM,1967,1151092.5
Turkmenistan,TKM,1968,1148874.6
Turkmenistan,TKM,1969,1150353.2
Turkmenistan,TKM,1970,1148381.8
Turkmenistan,TKM,1971,1147396
Turkmenistan,TKM,1972,1146410.2
Turkmenistan,TKM,1973,1144931.6
Turkmenistan,TKM,1974,1147888.9
Turkmenistan,TKM,1975,1145424.5
Turkmenistan,TKM,1976,1145917.4
Turkmenistan,TKM,1977,1146410.2
Turkmenistan,TKM,1978,1143453
Turkmenistan,TKM,1979,1140495.8
Turkmenistan,TKM,1980,1141072.5
Turkmenistan,TKM,1981,1141974.4
Turkmenistan,TKM,1982,1142220.9
Turkmenistan,TKM,1983,1142960.1
Turkmenistan,TKM,1984,1141905.5
Turkmenistan,TKM,1985,1142521.5
Turkmenistan,TKM,1986,1143083.4
Turkmenistan,TKM,1987,1143758.6
Turkmenistan,TKM,1988,1141185.9
Turkmenistan,TKM,1989,1133250.6
Turkmenistan,TKM,1990,1128272.8
Turkmenistan,TKM,1991,1128272.8
Turkmenistan,TKM,1992,1131522.2
Turkmenistan,TKM,1993,1194452.1
Turkmenistan,TKM,1994,1257381.9
Turkmenistan,TKM,1995,1320311.6
Turkmenistan,TKM,1996,1383241.2
Turkmenistan,TKM,1997,1446171.1
Turkmenistan,TKM,1998,1509100.8
Turkmenistan,TKM,1999,1572030.6
Turkmenistan,TKM,2000,1634960.2
Turkmenistan,TKM,2001,1634960.2
Turkmenistan,TKM,2002,1699995.8
Turkmenistan,TKM,2003,1810805.1
Turkmenistan,TKM,2004,1843634.4
Turkmenistan,TKM,2005,2035497.5
Turkmenistan,TKM,2006,2064384.4
Turkmenistan,TKM,2007,1889117.6
Turkmenistan,TKM,2008,1889351
Turkmenistan,TKM,2009,1837534.6
Turkmenistan,TKM,2010,1830281.2
Turkmenistan,TKM,2011,1809025.8
Turkmenistan,TKM,2012,1835486.8
Turkmenistan,TKM,2013,1899369.9
Turkmenistan,TKM,2014,1710531.9
Turkmenistan,TKM,2015,1755769.8
Turkmenistan,TKM,2016,1845860.8
Turkmenistan,TKM,2017,1847177.5
Turkmenistan,TKM,2018,1847177.5
Turkmenistan,TKM,2019,1847177.5
Turkmenistan,TKM,2020,1847177.5
Turkmenistan,TKM,2021,1847177.5
Turkmenistan,TKM,2022,1847177.5
Turkmenistan,TKM,2023,1847177.5
Turkmenistan,TKM,2024,1847177.5
Turkmenistan,TKM,2025,1847177.5
Turks and Caicos Islands,TCA,-10000,0
Turks and Caicos Islands,TCA,-9000,0
Turks and Caicos Islands,TCA,-8000,0
Turks and Caicos Islands,TCA,-7000,0
Turks and Caicos Islands,TCA,-6000,0
Turks and Caicos Islands,TCA,-5000,0
Turks and Caicos Islands,TCA,-4000,0
Turks and Caicos Islands,TCA,-3000,0
Turks and Caicos Islands,TCA,-2000,0
Turks and Caicos Islands,TCA,-1000,0
Turks and Caicos Islands,TCA,0,0
Turks and Caicos Islands,TCA,100,0
Turks and Caicos Islands,TCA,200,0
Turks and Caicos Islands,TCA,300,0
Turks and Caicos Islands,TCA,400,0
Turks and Caicos Islands,TCA,500,0
Turks and Caicos Islands,TCA,600,0
Turks and Caicos Islands,TCA,700,0
Turks and Caicos Islands,TCA,800,0
Turks and Caicos Islands,TCA,900,0
Turks and Caicos Islands,TCA,1000,0
Turks and Caicos Islands,TCA,1100,0
Turks and Caicos Islands,TCA,1200,0
Turks and Caicos Islands,TCA,1300,0
Turks and Caicos Islands,TCA,1400,0
Turks and Caicos Islands,TCA,1500,33.48197
Turks and Caicos Islands,TCA,1600,64.63446
Turks and Caicos Islands,TCA,1700,124.24749
Turks and Caicos Islands,TCA,1710,133.86375
Turks and Caicos Islands,TCA,1720,144.21643
Turks and Caicos Islands,TCA,1730,155.36107
Turks and Caicos Islands,TCA,1740,167.35733
Turks and Caicos Islands,TCA,1750,180.26927
Turks and Caicos Islands,TCA,1760,194.16566
Turks and Caicos Islands,TCA,1770,209.12027
Turks and Caicos Islands,TCA,1780,225.21228
Turks and Caicos Islands,TCA,1790,242.52667
Turks and Caicos Islands,TCA,1800,261.15454
Turks and Caicos Islands,TCA,1810,281.1936
Turks and Caicos Islands,TCA,1820,289.14026
Turks and Caicos Islands,TCA,1830,297.28955
Turks and Caicos Islands,TCA,1840,305.6453
Turks and Caicos Islands,TCA,1850,314.21127
Turks and Caicos Islands,TCA,1860,322.99124
Turks and Caicos Islands,TCA,1870,332.35812
Turks and Caicos Islands,TCA,1880,341.96722
Turks and Caicos Islands,TCA,1890,351.82285
Turks and Caicos Islands,TCA,1900,361.92926
Turks and Caicos Islands,TCA,1910,372.29062
Turks and Caicos Islands,TCA,1920,462.68405
Turks and Caicos Islands,TCA,1930,574.96686
Turks and Caicos Islands,TCA,1940,714.4227
Turks and Caicos Islands,TCA,1950,887.6061
Turks and Caicos Islands,TCA,1951,875.82043
Turks and Caicos Islands,TCA,1952,874.2277
Turks and Caicos Islands,TCA,1953,879.47644
Turks and Caicos Islands,TCA,1954,892.7809
Turks and Caicos Islands,TCA,1955,910.4472
Turks and Caicos Islands,TCA,1956,930.5413
Turks and Caicos Islands,TCA,1957,952.8836
Turks and Caicos Islands,TCA,1958,972.04913
Turks and Caicos Islands,TCA,1959,988.3932
Turks and Caicos Islands,TCA,1960,1000
Turks and Caicos Islands,TCA,1961,1000
Turks and Caicos Islands,TCA,1962,1000
Turks and Caicos Islands,TCA,1963,1000
Turks and Caicos Islands,TCA,1964,1000
Turks and Caicos Islands,TCA,1965,1000
Turks and Caicos Islands,TCA,1966,1000
Turks and Caicos Islands,TCA,1967,1000
Turks and Caicos Islands,TCA,1968,1000
Turks and Caicos Islands,TCA,1969,1000
Turks and Caicos Islands,TCA,1970,1000
Turks and Caicos Islands,TCA,1971,1000
Turks and Caicos Islands,TCA,1972,1000
Turks and Caicos Islands,TCA,1973,1000
Turks and Caicos Islands,TCA,1974,1000
Turks and Caicos Islands,TCA,1975,1000
Turks and Caicos Islands,TCA,1976,1000
Turks and Caicos Islands,TCA,1977,1000
Turks and Caicos Islands,TCA,1978,1000
Turks and Caicos Islands,TCA,1979,1000
Turks and Caicos Islands,TCA,1980,1000
Turks and Caicos Islands,TCA,1981,1000
Turks and Caicos Islands,TCA,1982,1000
Turks and Caicos Islands,TCA,1983,1000
Turks and Caicos Islands,TCA,1984,1000
Turks and Caicos Islands,TCA,1985,1000
Turks and Caicos Islands,TCA,1986,1000
Turks and Caicos Islands,TCA,1987,1000
Turks and Caicos Islands,TCA,1988,1000
Turks and Caicos Islands,TCA,1989,1000
Turks and Caicos Islands,TCA,1990,1000
Turks and Caicos Islands,TCA,1991,1000
Turks and Caicos Islands,TCA,1992,1000
Turks and Caicos Islands,TCA,1993,1000
Turks and Caicos Islands,TCA,1994,1000
Turks and Caicos Islands,TCA,1995,1000
Turks and Caicos Islands,TCA,1996,1000
Turks and Caicos Islands,TCA,1997,1000
Turks and Caicos Islands,TCA,1998,1000
Turks and Caicos Islands,TCA,1999,1000
Turks and Caicos Islands,TCA,2000,1000
Turks and Caicos Islands,TCA,2001,1000
Turks and Caicos Islands,TCA,2002,1000
Turks and Caicos Islands,TCA,2003,1000
Turks and Caicos Islands,TCA,2004,1000
Turks and Caicos Islands,TCA,2005,1000
Turks and Caicos Islands,TCA,2006,1000
Turks and Caicos Islands,TCA,2007,1000
Turks and Caicos Islands,TCA,2008,1000
Turks and Caicos Islands,TCA,2009,1000
Turks and Caicos Islands,TCA,2010,1000
Turks and Caicos Islands,TCA,2011,1000
Turks and Caicos Islands,TCA,2012,1000
Turks and Caicos Islands,TCA,2013,1000
Turks and Caicos Islands,TCA,2014,1000
Turks and Caicos Islands,TCA,2015,1000
Turks and Caicos Islands,TCA,2016,1000
Turks and Caicos Islands,TCA,2017,1000
Turks and Caicos Islands,TCA,2018,1000
Turks and Caicos Islands,TCA,2019,1000
Turks and Caicos Islands,TCA,2020,1000
Turks and Caicos Islands,TCA,2021,1000
Turks and Caicos Islands,TCA,2022,1000
Turks and Caicos Islands,TCA,2023,1000
Turks and Caicos Islands,TCA,2024,1000
Turks and Caicos Islands,TCA,2025,1000
Uganda,UGA,-10000,0
Uganda,UGA,-9000,0
Uganda,UGA,-8000,0
Uganda,UGA,-7000,0
Uganda,UGA,-6000,0
Uganda,UGA,-5000,0
Uganda,UGA,-4000,0
Uganda,UGA,-3000,0
Uganda,UGA,-2000,0
Uganda,UGA,-1000,0
Uganda,UGA,0,58261.375
Uganda,UGA,100,72912.87
Uganda,UGA,200,91248.51
Uganda,UGA,300,114194.59
Uganda,UGA,400,142910.3
Uganda,UGA,500,178846.22
Uganda,UGA,600,223817.58
Uganda,UGA,700,280096
Uganda,UGA,800,350524.1
Uganda,UGA,900,409415.12
Uganda,UGA,1000,468439.3
Uganda,UGA,1100,551044.94
Uganda,UGA,1200,633836.2
Uganda,UGA,1300,716812.44
Uganda,UGA,1400,799973.1
Uganda,UGA,1500,883317.5
Uganda,UGA,1600,1031694.44
Uganda,UGA,1700,1180399
Uganda,UGA,1710,1191904.8
Uganda,UGA,1720,1203825.2
Uganda,UGA,1730,1216388
Uganda,UGA,1740,1229658.8
Uganda,UGA,1750,1243713.6
Uganda,UGA,1760,1258641.2
Uganda,UGA,1770,1274545.6
Uganda,UGA,1780,1291549.5
Uganda,UGA,1790,1309799.4
Uganda,UGA,1800,1329471.8
Uganda,UGA,1810,1350782
Uganda,UGA,1820,1373995.8
Uganda,UGA,1830,1399446.2
Uganda,UGA,1840,1427558.2
Uganda,UGA,1850,1750179.5
Uganda,UGA,1860,1821662.8
Uganda,UGA,1870,1896065.4
Uganda,UGA,1880,1993251.8
Uganda,UGA,1890,2095419.5
Uganda,UGA,1900,2074789.6
Uganda,UGA,1910,1914868.5
Uganda,UGA,1920,1877122.1
Uganda,UGA,1930,2222031.2
Uganda,UGA,1940,2553747
Uganda,UGA,1950,3052837.2
Uganda,UGA,1951,3141931.5
Uganda,UGA,1952,3228893.2
Uganda,UGA,1953,3315163
Uganda,UGA,1954,3402186
Uganda,UGA,1955,3491375.8
Uganda,UGA,1956,3584152
Uganda,UGA,1957,3681919.5
Uganda,UGA,1958,3786035.5
Uganda,UGA,1959,3897734.8
Uganda,UGA,1960,4018000
Uganda,UGA,1961,4018000
Uganda,UGA,1962,4114000
Uganda,UGA,1963,4258000
Uganda,UGA,1964,4873000
Uganda,UGA,1965,4871000
Uganda,UGA,1966,4885000
Uganda,UGA,1967,4888000
Uganda,UGA,1968,4925000
Uganda,UGA,1969,4950000
Uganda,UGA,1970,4980000
Uganda,UGA,1971,5030000
Uganda,UGA,1972,5100000
Uganda,UGA,1973,5180000
Uganda,UGA,1974,5264000
Uganda,UGA,1975,5407000
Uganda,UGA,1976,5538000
Uganda,UGA,1977,5538000
Uganda,UGA,1978,5610000
Uganda,UGA,1979,5610000
Uganda,UGA,1980,5680000
Uganda,UGA,1981,5760000
Uganda,UGA,1982,5840000
Uganda,UGA,1983,6300000
Uganda,UGA,1984,6500000
Uganda,UGA,1985,6600000
Uganda,UGA,1986,6705000
Uganda,UGA,1987,6705000
Uganda,UGA,1988,6705000
Uganda,UGA,1989,6750000
Uganda,UGA,1990,6850000
Uganda,UGA,1991,6919996
Uganda,UGA,1992,6939996
Uganda,UGA,1993,6969996
Uganda,UGA,1994,6989996
Uganda,UGA,1995,7009996
Uganda,UGA,1996,7059997
Uganda,UGA,1997,7059997
Uganda,UGA,1998,7129997
Uganda,UGA,1999,7149997
Uganda,UGA,2000,7399997.5
Uganda,UGA,2001,7499998.5
Uganda,UGA,2002,7699998.5
Uganda,UGA,2003,7999999
Uganda,UGA,2004,8150000
Uganda,UGA,2005,8150000
Uganda,UGA,2006,8299999
Uganda,UGA,2007,8449999
Uganda,UGA,2008,8650000
Uganda,UGA,2009,8800000
Uganda,UGA,2010,8950000
Uganda,UGA,2011,9050000
Uganda,UGA,2012,9099999
Uganda,UGA,2013,9099999
Uganda,UGA,2014,9099999
Uganda,UGA,2015,9099999
Uganda,UGA,2016,9100000
Uganda,UGA,2017,9100000
Uganda,UGA,2018,9100000
Uganda,UGA,2019,9100000
Uganda,UGA,2020,9100000
Uganda,UGA,2021,9100000
Uganda,UGA,2022,9100000
Uganda,UGA,2023,9100000
Uganda,UGA,2024,9100000
Uganda,UGA,2025,9100000
Ukraine,UKR,-10000,0
Ukraine,UKR,-9000,0
Ukraine,UKR,-8000,0
Ukraine,UKR,-7000,0
Ukraine,UKR,-6000,0
Ukraine,UKR,-5000,23651.129
Ukraine,UKR,-4000,205558.89
Ukraine,UKR,-3000,311354.88
Ukraine,UKR,-2000,362522.16
Ukraine,UKR,-1000,422098.5
Ukraine,UKR,0,491465.34
Ukraine,UKR,100,525518.94
Ukraine,UKR,200,561932.2
Ukraine,UKR,300,600868.44
Ukraine,UKR,400,642502.56
Ukraine,UKR,500,687021.56
Ukraine,UKR,600,734625.3
Ukraine,UKR,700,785527.5
Ukraine,UKR,800,839956.75
Ukraine,UKR,900,898157.1
Ukraine,UKR,1000,956121.75
Ukraine,UKR,1100,1431320.6
Ukraine,UKR,1200,2142694.8
Ukraine,UKR,1300,2138417.8
Ukraine,UKR,1400,2134149.5
Ukraine,UKR,1500,2839853.8
Ukraine,UKR,1600,3542732.5
Ukraine,UKR,1700,4714214.5
Ukraine,UKR,1710,5254218
Ukraine,UKR,1720,5535049
Ukraine,UKR,1730,5830890
Ukraine,UKR,1740,6142543
Ukraine,UKR,1750,6470853.5
Ukraine,UKR,1760,6816711.5
Ukraine,UKR,1770,7181056
Ukraine,UKR,1780,7564874
Ukraine,UKR,1790,7969206
Ukraine,UKR,1800,8395150
Ukraine,UKR,1810,8843859
Ukraine,UKR,1820,9452941
Ukraine,UKR,1830,10129055
Ukraine,UKR,1840,11004023
Ukraine,UKR,1850,11510085
Ukraine,UKR,1860,13116677
Ukraine,UKR,1870,14724220
Ukraine,UKR,1880,17316750
Ukraine,UKR,1890,20339668
Ukraine,UKR,1900,24724610
Ukraine,UKR,1910,30436440
Ukraine,UKR,1920,30907890
Ukraine,UKR,1930,29115524
Ukraine,UKR,1940,30910578
Ukraine,UKR,1950,36520130
Ukraine,UKR,1951,36414920
Ukraine,UKR,1952,36328480
Ukraine,UKR,1953,36245390
Ukraine,UKR,1954,36154950
Ukraine,UKR,1955,36050850
Ukraine,UKR,1956,35930972
Ukraine,UKR,1957,35796948
Ukraine,UKR,1958,35653264
Ukraine,UKR,1959,35506124
Ukraine,UKR,1960,35360700
Ukraine,UKR,1961,35989950
Ukraine,UKR,1962,36064990
Ukraine,UKR,1963,35794844
Ukraine,UKR,1964,35584730
Ukraine,UKR,1965,35502180
Ukraine,UKR,1966,35104464
Ukraine,UKR,1967,35051932
Ukraine,UKR,1968,34984390
Ukraine,UKR,1969,35029420
Ukraine,UKR,1970,34969388
Ukraine,UKR,1971,34939370
Ukraine,UKR,1972,34909350
Ukraine,UKR,1973,34864330
Ukraine,UKR,1974,34954380
Ukraine,UKR,1975,34879336
Ukraine,UKR,1976,34894344
Ukraine,UKR,1977,34909350
Ukraine,UKR,1978,34819304
Ukraine,UKR,1979,34729252
Ukraine,UKR,1980,34746812
Ukraine,UKR,1981,34774280
Ukraine,UKR,1982,34781780
Ukraine,UKR,1983,34804292
Ukraine,UKR,1984,34772180
Ukraine,UKR,1985,34790936
Ukraine,UKR,1986,34808050
Ukraine,UKR,1987,34828610
Ukraine,UKR,1988,34750264
Ukraine,UKR,1989,34508630
Ukraine,UKR,1990,34357050
Ukraine,UKR,1991,34357050
Ukraine,UKR,1992,34456000
Ukraine,UKR,1993,34417000
Ukraine,UKR,1994,34357000
Ukraine,UKR,1995,34329000
Ukraine,UKR,1996,34211000
Ukraine,UKR,1997,34081000
Ukraine,UKR,1998,33821000
Ukraine,UKR,1999,33615000
Ukraine,UKR,2000,33496000
Ukraine,UKR,2001,33461000
Ukraine,UKR,2002,33457000
Ukraine,UKR,2003,33387000
Ukraine,UKR,2004,33386000
Ukraine,UKR,2005,33353000
Ukraine,UKR,2006,33345000
Ukraine,UKR,2007,33333000
Ukraine,UKR,2008,33374000
Ukraine,UKR,2009,33376000
Ukraine,UKR,2010,33374000
Ukraine,UKR,2011,33395000
Ukraine,UKR,2012,33412000
Ukraine,UKR,2013,33671000
Ukraine,UKR,2014,33663000
Ukraine,UKR,2015,33667000
Ukraine,UKR,2016,33673000
Ukraine,UKR,2017,33668000
Ukraine,UKR,2018,33752000
Ukraine,UKR,2019,33777000
Ukraine,UKR,2020,33777000
Ukraine,UKR,2021,33777000
Ukraine,UKR,2022,33777000
Ukraine,UKR,2023,33787000
Ukraine,UKR,2024,33792000
Ukraine,UKR,2025,33797000
United Arab Emirates,ARE,-10000,0
United Arab Emirates,ARE,-9000,0
United Arab Emirates,ARE,-8000,0
United Arab Emirates,ARE,-7000,0
United Arab Emirates,ARE,-6000,0
United Arab Emirates,ARE,-5000,0
United Arab Emirates,ARE,-4000,0
United Arab Emirates,ARE,-3000,0
United Arab Emirates,ARE,-2000,14535.656
United Arab Emirates,ARE,-1000,19788.064
United Arab Emirates,ARE,0,25872.598
United Arab Emirates,ARE,100,26301.838
United Arab Emirates,ARE,200,26712.436
United Arab Emirates,ARE,300,27100.254
United Arab Emirates,ARE,400,27460.44
United Arab Emirates,ARE,500,27787.295
United Arab Emirates,ARE,600,28074.06
United Arab Emirates,ARE,700,28312.65
United Arab Emirates,ARE,800,28493.28
United Arab Emirates,ARE,900,27650.504
United Arab Emirates,ARE,1000,26752.96
United Arab Emirates,ARE,1100,25790.781
United Arab Emirates,ARE,1200,24750.889
United Arab Emirates,ARE,1300,23615.402
United Arab Emirates,ARE,1400,22358.76
United Arab Emirates,ARE,1500,20942.33
United Arab Emirates,ARE,1600,26152.396
United Arab Emirates,ARE,1700,29619.438
United Arab Emirates,ARE,1710,26770.236
United Arab Emirates,ARE,1720,25676.232
United Arab Emirates,ARE,1730,24612.79
United Arab Emirates,ARE,1740,23578.64
United Arab Emirates,ARE,1750,22572.514
United Arab Emirates,ARE,1760,21593.12
United Arab Emirates,ARE,1770,20639.156
United Arab Emirates,ARE,1780,19709.293
United Arab Emirates,ARE,1790,18802.145
United Arab Emirates,ARE,1800,17916.268
United Arab Emirates,ARE,1810,17050.139
United Arab Emirates,ARE,1820,17519.646
United Arab Emirates,ARE,1830,17971.836
United Arab Emirates,ARE,1840,18399.795
United Arab Emirates,ARE,1850,18794.934
United Arab Emirates,ARE,1860,19146.441
United Arab Emirates,ARE,1870,19465.488
United Arab Emirates,ARE,1880,19709.805
United Arab Emirates,ARE,1890,19855.18
United Arab Emirates,ARE,1900,19868.346
United Arab Emirates,ARE,1910,19701.576
United Arab Emirates,ARE,1920,18949.738
United Arab Emirates,ARE,1930,17857.07
United Arab Emirates,ARE,1940,16220.728
United Arab Emirates,ARE,1950,13519.243
United Arab Emirates,ARE,1951,12668.224
United Arab Emirates,ARE,1952,12545.987
United Arab Emirates,ARE,1953,12683.815
United Arab Emirates,ARE,1954,12768.546
United Arab Emirates,ARE,1955,12619.913
United Arab Emirates,ARE,1956,12184.74
United Arab Emirates,ARE,1957,11496.097
United Arab Emirates,ARE,1958,10621.339
United Arab Emirates,ARE,1959,9566.183
United Arab Emirates,ARE,1960,8000
United Arab Emirates,ARE,1961,8000
United Arab Emirates,ARE,1962,8000
United Arab Emirates,ARE,1963,8000
United Arab Emirates,ARE,1964,8000
United Arab Emirates,ARE,1965,9000
United Arab Emirates,ARE,1966,10000
United Arab Emirates,ARE,1967,10000
United Arab Emirates,ARE,1968,10000
United Arab Emirates,ARE,1969,10000
United Arab Emirates,ARE,1970,12000
United Arab Emirates,ARE,1971,12000
United Arab Emirates,ARE,1972,12000
United Arab Emirates,ARE,1973,13000
United Arab Emirates,ARE,1974,14000
United Arab Emirates,ARE,1975,15000
United Arab Emirates,ARE,1976,16000
United Arab Emirates,ARE,1977,17000
United Arab Emirates,ARE,1978,18000
United Arab Emirates,ARE,1979,19000
United Arab Emirates,ARE,1980,23000
United Arab Emirates,ARE,1981,27000
United Arab Emirates,ARE,1982,27000
United Arab Emirates,ARE,1983,32000
United Arab Emirates,ARE,1984,32000
United Arab Emirates,ARE,1985,35000
United Arab Emirates,ARE,1986,38000
United Arab Emirates,ARE,1987,38000
United Arab Emirates,ARE,1988,39000
United Arab Emirates,ARE,1989,39000
United Arab Emirates,ARE,1990,55000
United Arab Emirates,ARE,1991,60000
United Arab Emirates,ARE,1992,69000
United Arab Emirates,ARE,1993,75000
United Arab Emirates,ARE,1994,82000
United Arab Emirates,ARE,1995,83000
United Arab Emirates,ARE,1996,87000
United Arab Emirates,ARE,1997,95000
United Arab Emirates,ARE,1998,98000
United Arab Emirates,ARE,1999,216000
United Arab Emirates,ARE,2000,247000
United Arab Emirates,ARE,2001,262000
United Arab Emirates,ARE,2002,266000
United Arab Emirates,ARE,2003,254000
United Arab Emirates,ARE,2004,254000
United Arab Emirates,ARE,2005,257000
United Arab Emirates,ARE,2006,238600
United Arab Emirates,ARE,2007,232600
United Arab Emirates,ARE,2008,239600
United Arab Emirates,ARE,2009,87899.98
United Arab Emirates,ARE,2010,92300
United Arab Emirates,ARE,2011,88500
United Arab Emirates,ARE,2012,76700
United Arab Emirates,ARE,2013,79400
United Arab Emirates,ARE,2014,82500
United Arab Emirates,ARE,2015,82800
United Arab Emirates,ARE,2016,83800
United Arab Emirates,ARE,2017,83800
United Arab Emirates,ARE,2018,81750
United Arab Emirates,ARE,2019,90400
United Arab Emirates,ARE,2020,89800
United Arab Emirates,ARE,2021,91561.5
United Arab Emirates,ARE,2022,91561.5
United Arab Emirates,ARE,2023,95249.95
United Arab Emirates,ARE,2024,97328.4
United Arab Emirates,ARE,2025,99406.85
United Kingdom,GBR,-10000,0
United Kingdom,GBR,-9000,0
United Kingdom,GBR,-8000,0
United Kingdom,GBR,-7000,0
United Kingdom,GBR,-6000,0
United Kingdom,GBR,-5000,0
United Kingdom,GBR,-4000,20653.092
United Kingdom,GBR,-3000,93017.17
United Kingdom,GBR,-2000,279051.38
United Kingdom,GBR,-1000,730354.3
United Kingdom,GBR,0,2687161.2
United Kingdom,GBR,100,2913352.8
United Kingdom,GBR,200,3080785.8
United Kingdom,GBR,300,3257839.8
United Kingdom,GBR,400,3445072
United Kingdom,GBR,500,2583809.5
United Kingdom,GBR,600,1722497.9
United Kingdom,GBR,700,1722497.9
United Kingdom,GBR,800,2514908
United Kingdom,GBR,900,4185761.8
United Kingdom,GBR,1000,5856296
United Kingdom,GBR,1100,8814929
United Kingdom,GBR,1200,8814904
United Kingdom,GBR,1300,9630454
United Kingdom,GBR,1400,6221475.5
United Kingdom,GBR,1500,6209538
United Kingdom,GBR,1600,7934079
United Kingdom,GBR,1700,8682889
United Kingdom,GBR,1710,8670227
United Kingdom,GBR,1720,8600877
United Kingdom,GBR,1730,8373169
United Kingdom,GBR,1740,8433438
United Kingdom,GBR,1750,8407755
United Kingdom,GBR,1760,8344269
United Kingdom,GBR,1770,8226224
United Kingdom,GBR,1780,8250296
United Kingdom,GBR,1790,8128365.5
United Kingdom,GBR,1800,8018816.5
United Kingdom,GBR,1810,7800060
United Kingdom,GBR,1820,7880619
United Kingdom,GBR,1830,7829893
United Kingdom,GBR,1840,8166576
United Kingdom,GBR,1850,7952042
United Kingdom,GBR,1860,7102089
United Kingdom,GBR,1870,8234699
United Kingdom,GBR,1880,8130339
United Kingdom,GBR,1890,8025445.5
United Kingdom,GBR,1900,7919669
United Kingdom,GBR,1910,7816527.5
United Kingdom,GBR,1920,7712490.5
United Kingdom,GBR,1930,7608153
United Kingdom,GBR,1940,7503725
United Kingdom,GBR,1950,7399285
United Kingdom,GBR,1951,7388840.5
United Kingdom,GBR,1952,7378396
United Kingdom,GBR,1953,7367951.5
United Kingdom,GBR,1954,7357506
United Kingdom,GBR,1955,7347061.5
United Kingdom,GBR,1956,7336617
United Kingdom,GBR,1957,7326172.5
United Kingdom,GBR,1958,7315728
United Kingdom,GBR,1959,7305283.5
United Kingdom,GBR,1960,7295000
United Kingdom,GBR,1961,7295000
United Kingdom,GBR,1962,7351000
United Kingdom,GBR,1963,7399000
United Kingdom,GBR,1964,7468000
United Kingdom,GBR,1965,7448000
United Kingdom,GBR,1966,7432000
United Kingdom,GBR,1967,7416000
United Kingdom,GBR,1968,7382000
United Kingdom,GBR,1969,7261000
United Kingdom,GBR,1970,7199000
United Kingdom,GBR,1971,7226000
United Kingdom,GBR,1972,7220000
United Kingdom,GBR,1973,7164000
United Kingdom,GBR,1974,7154000
United Kingdom,GBR,1975,6954000
United Kingdom,GBR,1976,6975000
United Kingdom,GBR,1977,7000000
United Kingdom,GBR,1978,7014000
United Kingdom,GBR,1979,6909000
United Kingdom,GBR,1980,6996000
United Kingdom,GBR,1981,6982000
United Kingdom,GBR,1982,6986000
United Kingdom,GBR,1983,6970000
United Kingdom,GBR,1984,6990000
United Kingdom,GBR,1985,7061000
United Kingdom,GBR,1986,7008000
United Kingdom,GBR,1987,7003000
United Kingdom,GBR,1988,6954000
United Kingdom,GBR,1989,6770000
United Kingdom,GBR,1990,6686000
United Kingdom,GBR,1991,6633000
United Kingdom,GBR,1992,6618000
United Kingdom,GBR,1993,6152000
United Kingdom,GBR,1994,5972000
United Kingdom,GBR,1995,5993000
United Kingdom,GBR,1996,6154000
United Kingdom,GBR,1997,6425000
United Kingdom,GBR,1998,6306000
United Kingdom,GBR,1999,5968000
United Kingdom,GBR,2000,5928000
United Kingdom,GBR,2001,5702000
United Kingdom,GBR,2002,5836000
United Kingdom,GBR,2003,5708000
United Kingdom,GBR,2004,5868000
United Kingdom,GBR,2005,5776000
United Kingdom,GBR,2006,6139000
United Kingdom,GBR,2007,6131000
United Kingdom,GBR,2008,6051000
United Kingdom,GBR,2009,6092000
United Kingdom,GBR,2010,6016000
United Kingdom,GBR,2011,6107000
United Kingdom,GBR,2012,6258000
United Kingdom,GBR,2013,6310300
United Kingdom,GBR,2014,6278300
United Kingdom,GBR,2015,6060000
United Kingdom,GBR,2016,6072652.5
United Kingdom,GBR,2017,6130586.5
United Kingdom,GBR,2018,6083953
United Kingdom,GBR,2019,6131542
United Kingdom,GBR,2020,6023596
United Kingdom,GBR,2021,6055819
United Kingdom,GBR,2022,6039875.5
United Kingdom,GBR,2023,6017793.5
United Kingdom,GBR,2024,6001405.5
United Kingdom,GBR,2025,5985017.5
United States,USA,-10000,0
United States,USA,-9000,0
United States,USA,-8000,0
United States,USA,-7000,0
United States,USA,-6000,0
United States,USA,-5000,0
United States,USA,-4000,0
United States,USA,-3000,0
United States,USA,-2000,0
United States,USA,-1000,0
United States,USA,0,17629.668
United States,USA,100,18469.176
United States,USA,200,19348.66
United States,USA,300,20270.023
United States,USA,400,21235.264
United States,USA,500,22246.467
United States,USA,600,23305.822
United States,USA,700,24415.623
United States,USA,800,383905.94
United States,USA,900,745430.94
United States,USA,1000,1465283.5
United States,USA,1100,1577997.6
United States,USA,1200,1747790
United States,USA,1300,1889403.9
United States,USA,1400,2090932.2
United States,USA,1500,2264306.2
United States,USA,1600,1042193.94
United States,USA,1700,1282738.2
United States,USA,1710,1871794.8
United States,USA,1720,2487808
United States,USA,1730,3142917.5
United States,USA,1740,3858836.8
United States,USA,1750,4662696
United States,USA,1760,5468300.5
United States,USA,1770,6364353.5
United States,USA,1780,7380260
United States,USA,1790,8551566
United States,USA,1800,11398098
United States,USA,1810,15083872
United States,USA,1820,19764808
United States,USA,1830,26020928
United States,USA,1840,33774476
United States,USA,1850,41656160
United States,USA,1860,59154280
United States,USA,1870,67319736
United States,USA,1880,100889816
United States,USA,1890,125820310
United States,USA,1900,144421840
United States,USA,1910,167069200
United States,USA,1920,178558670
United States,USA,1930,184453470
United States,USA,1940,178966320
United States,USA,1950,189788620
United States,USA,1951,189233660
United States,USA,1952,188678610
United States,USA,1953,188123540
United States,USA,1954,187568430
United States,USA,1955,187013360
United States,USA,1956,186458260
United States,USA,1957,185903170
United States,USA,1958,185348050
United States,USA,1959,184792960
United States,USA,1960,182508850
United States,USA,1961,182508860
United States,USA,1962,178990900
United States,USA,1963,181442900
United States,USA,1964,179838900
United States,USA,1965,178872940
United States,USA,1966,177549970
United States,USA,1967,176306960
United States,USA,1968,182794910
United States,USA,1969,191013860
United States,USA,1970,190499860
United States,USA,1971,189899860
United States,USA,1972,189299860
United States,USA,1973,188799860
United States,USA,1974,188217870
United States,USA,1975,188217870
United States,USA,1976,188217870
United States,USA,1977,188292880
United States,USA,1978,190623870
United States,USA,1979,190623870
United States,USA,1980,190623870
United States,USA,1981,190623870
United States,USA,1982,189798880
United States,USA,1983,189798880
United States,USA,1984,189798900
United States,USA,1985,189798880
United States,USA,1986,189798880
United States,USA,1987,187775900
United States,USA,1988,187775900
United States,USA,1989,187775920
United States,USA,1990,187775920
United States,USA,1991,187775920
United States,USA,1992,186179920
United States,USA,1993,184947920
United States,USA,1994,184138340
United States,USA,1995,184138350
United States,USA,1996,181305360
United States,USA,1997,180091380
United States,USA,1998,179281360
United States,USA,1999,178067400
United States,USA,2000,178067400
United States,USA,2001,178099420
United States,USA,2002,175706450
United States,USA,2003,175706460
United States,USA,2004,175706480
United States,USA,2005,175706480
United States,USA,2006,175706480
United States,USA,2007,164479520
United States,USA,2008,164479540
United States,USA,2009,164479540
United States,USA,2010,164479550
United States,USA,2011,164479550
United States,USA,2012,157707280
United States,USA,2013,158253090
United States,USA,2014,158798910
United States,USA,2015,159344720
United States,USA,2016,159890540
United States,USA,2017,160436370
United States,USA,2018,160436370
United States,USA,2019,160436370
United States,USA,2020,160436370
United States,USA,2021,160436370
United States,USA,2022,160436370
United States,USA,2023,160436370
United States,USA,2024,160436370
United States,USA,2025,160436370
United States Virgin Islands,VIR,-10000,0
United States Virgin Islands,VIR,-9000,0
United States Virgin Islands,VIR,-8000,0
United States Virgin Islands,VIR,-7000,0
United States Virgin Islands,VIR,-6000,0
United States Virgin Islands,VIR,-5000,0
United States Virgin Islands,VIR,-4000,0
United States Virgin Islands,VIR,-3000,0
United States Virgin Islands,VIR,-2000,0
United States Virgin Islands,VIR,-1000,0
United States Virgin Islands,VIR,0,0
United States Virgin Islands,VIR,100,0
United States Virgin Islands,VIR,200,0
United States Virgin Islands,VIR,300,0
United States Virgin Islands,VIR,400,0
United States Virgin Islands,VIR,500,0
United States Virgin Islands,VIR,600,0
United States Virgin Islands,VIR,700,0
United States Virgin Islands,VIR,800,0
United States Virgin Islands,VIR,900,0
United States Virgin Islands,VIR,1000,0
United States Virgin Islands,VIR,1100,0
United States Virgin Islands,VIR,1200,0
United States Virgin Islands,VIR,1300,0
United States Virgin Islands,VIR,1400,0
United States Virgin Islands,VIR,1500,565.8987
United States Virgin Islands,VIR,1600,1082.3989
United States Virgin Islands,VIR,1700,2056.0525
United States Virgin Islands,VIR,1710,2300.0942
United States Virgin Islands,VIR,1720,2572.8542
United States Virgin Islands,VIR,1730,2877.6729
United States Virgin Islands,VIR,1740,3218.272
United States Virgin Islands,VIR,1750,3598.799
United States Virgin Islands,VIR,1760,4023.873
United States Virgin Islands,VIR,1770,4498.6367
United States Virgin Islands,VIR,1780,5028.8145
United States Virgin Islands,VIR,1790,5620.7773
United States Virgin Islands,VIR,1800,6281.611
United States Virgin Islands,VIR,1810,7019.1953
United States Virgin Islands,VIR,1820,6984.893
United States Virgin Islands,VIR,1830,6949.7446
United States Virgin Islands,VIR,1840,6913.7197
United States Virgin Islands,VIR,1850,6876.79
United States Virgin Islands,VIR,1860,6838.9204
United States Virgin Islands,VIR,1870,6463.3135
United States Virgin Islands,VIR,1880,6107.2227
United States Virgin Islands,VIR,1890,5769.6504
United States Virgin Islands,VIR,1900,5449.645
United States Virgin Islands,VIR,1910,5146.3057
United States Virgin Islands,VIR,1920,4858.7744
United States Virgin Islands,VIR,1930,4586.2383
United States Virgin Islands,VIR,1940,4327.923
United States Virgin Islands,VIR,1950,4083.0952
United States Virgin Islands,VIR,1951,4167.0146
United States Virgin Islands,VIR,1952,4276.7637
United States Virgin Islands,VIR,1953,4378.9927
United States Virgin Islands,VIR,1954,4454.749
United States Virgin Islands,VIR,1955,4500.9243
United States Virgin Islands,VIR,1956,4522.9062
United States Virgin Islands,VIR,1957,4548.611
United States Virgin Islands,VIR,1958,4610.082
United States Virgin Islands,VIR,1959,4748.7505
United States Virgin Islands,VIR,1960,5000
United States Virgin Islands,VIR,1961,5000
United States Virgin Islands,VIR,1962,5000
United States Virgin Islands,VIR,1963,7000
United States Virgin Islands,VIR,1964,7000
United States Virgin Islands,VIR,1965,7000
United States Virgin Islands,VIR,1966,7000
United States Virgin Islands,VIR,1967,6000
United States Virgin Islands,VIR,1968,6000
United States Virgin Islands,VIR,1969,6000
United States Virgin Islands,VIR,1970,6000
United States Virgin Islands,VIR,1971,6000
United States Virgin Islands,VIR,1972,6000
United States Virgin Islands,VIR,1973,6000
United States Virgin Islands,VIR,1974,6000
United States Virgin Islands,VIR,1975,6000
United States Virgin Islands,VIR,1976,6000
United States Virgin Islands,VIR,1977,6000
United States Virgin Islands,VIR,1978,6000
United States Virgin Islands,VIR,1979,6000
United States Virgin Islands,VIR,1980,7000
United States Virgin Islands,VIR,1981,7000
United States Virgin Islands,VIR,1982,6000
United States Virgin Islands,VIR,1983,6000
United States Virgin Islands,VIR,1984,6000
United States Virgin Islands,VIR,1985,5000
United States Virgin Islands,VIR,1986,5000
United States Virgin Islands,VIR,1987,5000
United States Virgin Islands,VIR,1988,5000
United States Virgin Islands,VIR,1989,5000
United States Virgin Islands,VIR,1990,5000
United States Virgin Islands,VIR,1991,5000
United States Virgin Islands,VIR,1992,5000
United States Virgin Islands,VIR,1993,5000
United States Virgin Islands,VIR,1994,4000
United States Virgin Islands,VIR,1995,4000
United States Virgin Islands,VIR,1996,4000
United States Virgin Islands,VIR,1997,4000
United States Virgin Islands,VIR,1998,4000
United States Virgin Islands,VIR,1999,3000
United States Virgin Islands,VIR,2000,3000
United States Virgin Islands,VIR,2001,3000
United States Virgin Islands,VIR,2002,3000
United States Virgin Islands,VIR,2003,3000
United States Virgin Islands,VIR,2004,3000
United States Virgin Islands,VIR,2005,3000
United States Virgin Islands,VIR,2006,2000
United States Virgin Islands,VIR,2007,2000
United States Virgin Islands,VIR,2008,2000
United States Virgin Islands,VIR,2009,2000
United States Virgin Islands,VIR,2010,2000
United States Virgin Islands,VIR,2011,2000
United States Virgin Islands,VIR,2012,2000
United States Virgin Islands,VIR,2013,2000
United States Virgin Islands,VIR,2014,2000
United States Virgin Islands,VIR,2015,2000
United States Virgin Islands,VIR,2016,2000
United States Virgin Islands,VIR,2017,2000
United States Virgin Islands,VIR,2018,1100
United States Virgin Islands,VIR,2019,1100
United States Virgin Islands,VIR,2020,1100
United States Virgin Islands,VIR,2021,1100
United States Virgin Islands,VIR,2022,1100
United States Virgin Islands,VIR,2023,1100
United States Virgin Islands,VIR,2024,1100
United States Virgin Islands,VIR,2025,1100
Uruguay,URY,-10000,0
Uruguay,URY,-9000,0
Uruguay,URY,-8000,0
Uruguay,URY,-7000,0
Uruguay,URY,-6000,0
Uruguay,URY,-5000,0
Uruguay,URY,-4000,0
Uruguay,URY,-3000,0
Uruguay,URY,-2000,0
Uruguay,URY,-1000,0
Uruguay,URY,0,0
Uruguay,URY,100,0
Uruguay,URY,200,0
Uruguay,URY,300,0
Uruguay,URY,400,0
Uruguay,URY,500,0
Uruguay,URY,600,0
Uruguay,URY,700,0
Uruguay,URY,800,0
Uruguay,URY,900,0
Uruguay,URY,1000,0
Uruguay,URY,1100,0
Uruguay,URY,1200,0
Uruguay,URY,1300,0
Uruguay,URY,1400,0
Uruguay,URY,1500,0
Uruguay,URY,1600,0
Uruguay,URY,1700,12524.644
Uruguay,URY,1710,16479.795
Uruguay,URY,1720,21683.94
Uruguay,URY,1730,28531.5
Uruguay,URY,1740,37541.445
Uruguay,URY,1750,49396.64
Uruguay,URY,1760,51984.215
Uruguay,URY,1770,54706.434
Uruguay,URY,1780,57570.164
Uruguay,URY,1790,60582.605
Uruguay,URY,1800,63751.293
Uruguay,URY,1810,67084.1
Uruguay,URY,1820,70589.25
Uruguay,URY,1830,95258.09
Uruguay,URY,1840,126956.625
Uruguay,URY,1850,169196.77
Uruguay,URY,1860,304270.7
Uruguay,URY,1870,439183.6
Uruguay,URY,1880,593742.56
Uruguay,URY,1890,877201.25
Uruguay,URY,1900,1169094.1
Uruguay,URY,1910,1331009.6
Uruguay,URY,1920,1571954.2
Uruguay,URY,1930,1810593
Uruguay,URY,1940,2043399
Uruguay,URY,1950,2272745
Uruguay,URY,1951,2288217.5
Uruguay,URY,1952,2305779.2
Uruguay,URY,1953,2325355.8
Uruguay,URY,1954,2345766.5
Uruguay,URY,1955,2367431.8
Uruguay,URY,1956,2390060.5
Uruguay,URY,1957,2413198.8
Uruguay,URY,1958,2436047.8
Uruguay,URY,1959,2457338.8
Uruguay,URY,1960,2471451
Uruguay,URY,1961,2507000
Uruguay,URY,1962,2449000
Uruguay,URY,1963,2391000
Uruguay,URY,1964,2334000
Uruguay,URY,1965,2276000
Uruguay,URY,1966,2218000
Uruguay,URY,1967,2145000
Uruguay,URY,1968,2072000
Uruguay,URY,1969,1998000
Uruguay,URY,1970,1852000
Uruguay,URY,1971,1812000
Uruguay,URY,1972,1771000
Uruguay,URY,1973,1731000
Uruguay,URY,1974,1691000
Uruguay,URY,1975,1651000
Uruguay,URY,1976,1610000
Uruguay,URY,1977,1570000
Uruguay,URY,1978,1530000
Uruguay,URY,1979,1489000
Uruguay,URY,1980,1449000
Uruguay,URY,1981,1433000
Uruguay,URY,1982,1416000
Uruguay,URY,1983,1400000
Uruguay,URY,1984,1384000
Uruguay,URY,1985,1368000
Uruguay,URY,1986,1351000
Uruguay,URY,1987,1335000
Uruguay,URY,1988,1319000
Uruguay,URY,1989,1302000
Uruguay,URY,1990,1286000
Uruguay,URY,1991,1299000
Uruguay,URY,1992,1312000
Uruguay,URY,1993,1325000
Uruguay,URY,1994,1338000
Uruguay,URY,1995,1351000
Uruguay,URY,1996,1363000
Uruguay,URY,1997,1376000
Uruguay,URY,1998,1389000
Uruguay,URY,1999,1402000
Uruguay,URY,2000,1415000
Uruguay,URY,2001,1419000
Uruguay,URY,2002,1423000
Uruguay,URY,2003,1427000
Uruguay,URY,2004,1429000
Uruguay,URY,2005,1432000
Uruguay,URY,2006,1427000
Uruguay,URY,2007,1509000
Uruguay,URY,2008,1859000
Uruguay,URY,2009,2226000
Uruguay,URY,2010,2071000
Uruguay,URY,2011,2391000
Uruguay,URY,2012,2199000
Uruguay,URY,2013,2346700
Uruguay,URY,2014,2475100
Uruguay,URY,2015,2467600
Uruguay,URY,2016,2265300
Uruguay,URY,2017,2222900
Uruguay,URY,2018,2190800
Uruguay,URY,2019,2127300
Uruguay,URY,2020,2063400
Uruguay,URY,2021,2070000
Uruguay,URY,2022,2154485
Uruguay,URY,2023,2082218
Uruguay,URY,2024,2069225
Uruguay,URY,2025,2056232
Uzbekistan,UZB,-10000,0
Uzbekistan,UZB,-9000,0
Uzbekistan,UZB,-8000,0
Uzbekistan,UZB,-7000,0
Uzbekistan,UZB,-6000,0
Uzbekistan,UZB,-5000,0
Uzbekistan,UZB,-4000,0
Uzbekistan,UZB,-3000,0
Uzbekistan,UZB,-2000,182256.9
Uzbekistan,UZB,-1000,221088.7
Uzbekistan,UZB,0,267099.9
Uzbekistan,UZB,100,287123.8
Uzbekistan,UZB,200,308638.88
Uzbekistan,UZB,300,331755.62
Uzbekistan,UZB,400,356592.72
Uzbekistan,UZB,500,383277.6
Uzbekistan,UZB,600,411947.03
Uzbekistan,UZB,700,442748
Uzbekistan,UZB,800,475838.2
Uzbekistan,UZB,900,497421.5
Uzbekistan,UZB,1000,519117.97
Uzbekistan,UZB,1100,561175.3
Uzbekistan,UZB,1200,603464.7
Uzbekistan,UZB,1300,645984
Uzbekistan,UZB,1400,688731.3
Uzbekistan,UZB,1500,737558.2
Uzbekistan,UZB,1600,845347.9
Uzbekistan,UZB,1700,953727.94
Uzbekistan,UZB,1710,1007724.6
Uzbekistan,UZB,1720,1064010.5
Uzbekistan,UZB,1730,1123440
Uzbekistan,UZB,1740,1186188.6
Uzbekistan,UZB,1750,1252441.8
Uzbekistan,UZB,1760,1322394.9
Uzbekistan,UZB,1770,1396254.9
Uzbekistan,UZB,1780,1474239.9
Uzbekistan,UZB,1790,1556580.1
Uzbekistan,UZB,1800,1643519
Uzbekistan,UZB,1810,1735313.1
Uzbekistan,UZB,1820,1832233.6
Uzbekistan,UZB,1830,1934567
Uzbekistan,UZB,1840,2042615.4
Uzbekistan,UZB,1850,2156698
Uzbekistan,UZB,1860,2277151.5
Uzbekistan,UZB,1870,2404332.2
Uzbekistan,UZB,1880,2538615.2
Uzbekistan,UZB,1890,2680397.5
Uzbekistan,UZB,1900,2830097.5
Uzbekistan,UZB,1910,2988157.5
Uzbekistan,UZB,1920,3155044.8
Uzbekistan,UZB,1930,3331251.5
Uzbekistan,UZB,1940,3517298.5
Uzbekistan,UZB,1950,3713735.2
Uzbekistan,UZB,1951,3839590.5
Uzbekistan,UZB,1952,3959954
Uzbekistan,UZB,1953,4079105.5
Uzbekistan,UZB,1954,4200541.5
Uzbekistan,UZB,1955,4326906.5
Uzbekistan,UZB,1956,4460022.5
Uzbekistan,UZB,1957,4600885
Uzbekistan,UZB,1958,4749761.5
Uzbekistan,UZB,1959,4906321
Uzbekistan,UZB,1960,5070096
Uzbekistan,UZB,1961,5070096
Uzbekistan,UZB,1962,5080667.5
Uzbekistan,UZB,1963,5042610
Uzbekistan,UZB,1964,5013010
Uzbekistan,UZB,1965,5001381
Uzbekistan,UZB,1966,4945352.5
Uzbekistan,UZB,1967,4937952
Uzbekistan,UZB,1968,4928438
Uzbekistan,UZB,1969,4934780.5
Uzbekistan,UZB,1970,4926323.5
Uzbekistan,UZB,1971,4922095
Uzbekistan,UZB,1972,4917866.5
Uzbekistan,UZB,1973,4911523.5
Uzbekistan,UZB,1974,4924209
Uzbekistan,UZB,1975,4913637.5
Uzbekistan,UZB,1976,4915752
Uzbekistan,UZB,1977,4917866.5
Uzbekistan,UZB,1978,4905180.5
Uzbekistan,UZB,1979,4892494.5
Uzbekistan,UZB,1980,4894968.5
Uzbekistan,UZB,1981,4898837.5
Uzbekistan,UZB,1982,4899894.5
Uzbekistan,UZB,1983,4903066
Uzbekistan,UZB,1984,4898541.5
Uzbekistan,UZB,1985,4901184.5
Uzbekistan,UZB,1986,4903594
Uzbekistan,UZB,1987,4906491
Uzbekistan,UZB,1988,4895454.5
Uzbekistan,UZB,1989,4861414.5
Uzbekistan,UZB,1990,4840060
Uzbekistan,UZB,1991,4840060
Uzbekistan,UZB,1992,4853999
Uzbekistan,UZB,1993,4846999
Uzbekistan,UZB,1994,4839999
Uzbekistan,UZB,1995,4842999
Uzbekistan,UZB,1996,4839998.5
Uzbekistan,UZB,1997,4836999
Uzbekistan,UZB,1998,4833998.5
Uzbekistan,UZB,1999,4830998.5
Uzbekistan,UZB,2000,4827999
Uzbekistan,UZB,2001,4824999
Uzbekistan,UZB,2002,4826999
Uzbekistan,UZB,2003,4789999
Uzbekistan,UZB,2004,4752997.5
Uzbekistan,UZB,2005,4715997.5
Uzbekistan,UZB,2006,4678997.5
Uzbekistan,UZB,2007,4641998
Uzbekistan,UZB,2008,4604999
Uzbekistan,UZB,2009,4567999
Uzbekistan,UZB,2010,4531000
Uzbekistan,UZB,2011,4494000
Uzbekistan,UZB,2012,4457000
Uzbekistan,UZB,2013,4423000
Uzbekistan,UZB,2014,4416000
Uzbekistan,UZB,2015,4422000
Uzbekistan,UZB,2016,4421300
Uzbekistan,UZB,2017,4418000
Uzbekistan,UZB,2018,4418000
Uzbekistan,UZB,2019,4418000
Uzbekistan,UZB,2020,4418000
Uzbekistan,UZB,2021,4418000
Uzbekistan,UZB,2022,4418000
Uzbekistan,UZB,2023,4418000
Uzbekistan,UZB,2024,4418000
Uzbekistan,UZB,2025,4418000
Vanuatu,VUT,-10000,0
Vanuatu,VUT,-9000,0
Vanuatu,VUT,-8000,0
Vanuatu,VUT,-7000,0
Vanuatu,VUT,-6000,0
Vanuatu,VUT,-5000,0
Vanuatu,VUT,-4000,0
Vanuatu,VUT,-3000,0
Vanuatu,VUT,-2000,0
Vanuatu,VUT,-1000,0
Vanuatu,VUT,0,0
Vanuatu,VUT,100,0
Vanuatu,VUT,200,0
Vanuatu,VUT,300,0
Vanuatu,VUT,400,0
Vanuatu,VUT,500,0
Vanuatu,VUT,600,0
Vanuatu,VUT,700,0
Vanuatu,VUT,800,0
Vanuatu,VUT,900,0
Vanuatu,VUT,1000,0
Vanuatu,VUT,1100,0
Vanuatu,VUT,1200,84.016266
Vanuatu,VUT,1300,126.37333
Vanuatu,VUT,1400,190.08054
Vanuatu,VUT,1500,285.89734
Vanuatu,VUT,1600,430.00455
Vanuatu,VUT,1700,646.7353
Vanuatu,VUT,1710,680.9554
Vanuatu,VUT,1720,716.986
Vanuatu,VUT,1730,754.9229
Vanuatu,VUT,1740,794.867
Vanuatu,VUT,1750,836.9244
Vanuatu,VUT,1760,881.2068
Vanuatu,VUT,1770,927.83215
Vanuatu,VUT,1780,976.92426
Vanuatu,VUT,1790,1028.6135
Vanuatu,VUT,1800,1083.0376
Vanuatu,VUT,1810,1140.341
Vanuatu,VUT,1820,1204.0111
Vanuatu,VUT,1830,1271.2361
Vanuatu,VUT,1840,1342.2142
Vanuatu,VUT,1850,1417.155
Vanuatu,VUT,1860,1496.2798
Vanuatu,VUT,1870,1548.283
Vanuatu,VUT,1880,1602.0931
Vanuatu,VUT,1890,1657.7731
Vanuatu,VUT,1900,1715.3877
Vanuatu,VUT,1910,1775.0046
Vanuatu,VUT,1920,1820.9946
Vanuatu,VUT,1930,1868.1759
Vanuatu,VUT,1940,1916.5792
Vanuatu,VUT,1950,59887.336
Vanuatu,VUT,1951,61428.277
Vanuatu,VUT,1952,63155.14
Vanuatu,VUT,1953,65007.66
Vanuatu,VUT,1954,66967.01
Vanuatu,VUT,1955,68970.41
Vanuatu,VUT,1956,71032.94
Vanuatu,VUT,1957,73144.555
Vanuatu,VUT,1958,75329.12
Vanuatu,VUT,1959,77605.47
Vanuatu,VUT,1960,80000
Vanuatu,VUT,1961,80000
Vanuatu,VUT,1962,80000
Vanuatu,VUT,1963,80000
Vanuatu,VUT,1964,80000
Vanuatu,VUT,1965,88000
Vanuatu,VUT,1966,88000
Vanuatu,VUT,1967,88000
Vanuatu,VUT,1968,88000
Vanuatu,VUT,1969,88000
Vanuatu,VUT,1970,95000
Vanuatu,VUT,1971,95000
Vanuatu,VUT,1972,95000
Vanuatu,VUT,1973,95000
Vanuatu,VUT,1974,95000
Vanuatu,VUT,1975,101000
Vanuatu,VUT,1976,101000
Vanuatu,VUT,1977,102000
Vanuatu,VUT,1978,102000
Vanuatu,VUT,1979,103000
Vanuatu,VUT,1980,103000
Vanuatu,VUT,1981,104000
Vanuatu,VUT,1982,104000
Vanuatu,VUT,1983,105000
Vanuatu,VUT,1984,105000
Vanuatu,VUT,1985,107000
Vanuatu,VUT,1986,109000
Vanuatu,VUT,1987,111000
Vanuatu,VUT,1988,113000
Vanuatu,VUT,1989,115000
Vanuatu,VUT,1990,117000
Vanuatu,VUT,1991,119000
Vanuatu,VUT,1992,120000
Vanuatu,VUT,1993,122000
Vanuatu,VUT,1994,123000
Vanuatu,VUT,1995,125000
Vanuatu,VUT,1996,127000
Vanuatu,VUT,1997,128000
Vanuatu,VUT,1998,130000
Vanuatu,VUT,1999,131000
Vanuatu,VUT,2000,133000
Vanuatu,VUT,2001,135000
Vanuatu,VUT,2002,136000
Vanuatu,VUT,2003,138000
Vanuatu,VUT,2004,138987.22
Vanuatu,VUT,2005,140988.69
Vanuatu,VUT,2006,142989.88
Vanuatu,VUT,2007,144992.11
Vanuatu,VUT,2008,144994.75
Vanuatu,VUT,2009,144997.53
Vanuatu,VUT,2010,145000
Vanuatu,VUT,2011,145000
Vanuatu,VUT,2012,145000
Vanuatu,VUT,2013,145000
Vanuatu,VUT,2014,145000
Vanuatu,VUT,2015,145000
Vanuatu,VUT,2016,145000
Vanuatu,VUT,2017,145000
Vanuatu,VUT,2018,145000
Vanuatu,VUT,2019,145000
Vanuatu,VUT,2020,145000
Vanuatu,VUT,2021,145000
Vanuatu,VUT,2022,145000
Vanuatu,VUT,2023,145000
Vanuatu,VUT,2024,145000
Vanuatu,VUT,2025,145000
Venezuela,VEN,-10000,0
Venezuela,VEN,-9000,0
Venezuela,VEN,-8000,0
Venezuela,VEN,-7000,0
Venezuela,VEN,-6000,0
Venezuela,VEN,-5000,0
Venezuela,VEN,-4000,0
Venezuela,VEN,-3000,0
Venezuela,VEN,-2000,0
Venezuela,VEN,-1000,114808.22
Venezuela,VEN,0,126539.16
Venezuela,VEN,100,133026.06
Venezuela,VEN,200,139829.62
Venezuela,VEN,300,146963.14
Venezuela,VEN,400,154440.1
Venezuela,VEN,500,162273.97
Venezuela,VEN,600,170478.12
Venezuela,VEN,700,179065.64
Venezuela,VEN,800,188048.92
Venezuela,VEN,900,187567.38
Venezuela,VEN,1000,187040.1
Venezuela,VEN,1100,198890.83
Venezuela,VEN,1200,210594.45
Venezuela,VEN,1300,222124.25
Venezuela,VEN,1400,233444.28
Venezuela,VEN,1500,244503.64
Venezuela,VEN,1600,243071.1
Venezuela,VEN,1700,301865.9
Venezuela,VEN,1710,305439.75
Venezuela,VEN,1720,309049.34
Venezuela,VEN,1730,312694.5
Venezuela,VEN,1740,316375.06
Venezuela,VEN,1750,320090.7
Venezuela,VEN,1760,323841
Venezuela,VEN,1770,327625.6
Venezuela,VEN,1780,331443.8
Venezuela,VEN,1790,335294.9
Venezuela,VEN,1800,339177.97
Venezuela,VEN,1810,343091.88
Venezuela,VEN,1820,420583.06
Venezuela,VEN,1830,515550.62
Venezuela,VEN,1840,631926.7
Venezuela,VEN,1850,774523.94
Venezuela,VEN,1860,949231.44
Venezuela,VEN,1870,1066314.9
Venezuela,VEN,1880,1197726.5
Venezuela,VEN,1890,1302838.1
Venezuela,VEN,1900,1266343
Venezuela,VEN,1910,1214557.4
Venezuela,VEN,1920,1162061
Venezuela,VEN,1930,1430786.9
Venezuela,VEN,1940,1676899.2
Venezuela,VEN,1950,2251103.2
Venezuela,VEN,1951,2343028.8
Venezuela,VEN,1952,2442427.2
Venezuela,VEN,1953,2547542.5
Venezuela,VEN,1954,2656937.5
Venezuela,VEN,1955,2769504
Venezuela,VEN,1956,2884453.5
Venezuela,VEN,1957,3001265.5
Venezuela,VEN,1958,3119505
Venezuela,VEN,1959,3238226.8
Venezuela,VEN,1960,3341163
Venezuela,VEN,1961,3482000
Venezuela,VEN,1962,3482000
Venezuela,VEN,1963,3482000
Venezuela,VEN,1964,3484000
Venezuela,VEN,1965,3484000
Venezuela,VEN,1966,3484000
Venezuela,VEN,1967,3496000
Venezuela,VEN,1968,3498000
Venezuela,VEN,1969,3500000
Venezuela,VEN,1970,3503000
Venezuela,VEN,1971,3506000
Venezuela,VEN,1972,3465000
Venezuela,VEN,1973,3490000
Venezuela,VEN,1974,3510000
Venezuela,VEN,1975,3530000
Venezuela,VEN,1976,3550000
Venezuela,VEN,1977,3620000
Venezuela,VEN,1978,3640000
Venezuela,VEN,1979,3650000
Venezuela,VEN,1980,3670000
Venezuela,VEN,1981,3540000
Venezuela,VEN,1982,3560000
Venezuela,VEN,1983,3480000
Venezuela,VEN,1984,3490000
Venezuela,VEN,1985,3690000
Venezuela,VEN,1986,3850000
Venezuela,VEN,1987,3860000
Venezuela,VEN,1988,3860000
Venezuela,VEN,1989,3610000
Venezuela,VEN,1990,3610000
Venezuela,VEN,1991,3612000
Venezuela,VEN,1992,3362000
Venezuela,VEN,1993,3362000
Venezuela,VEN,1994,3366000
Venezuela,VEN,1995,3376000
Venezuela,VEN,1996,3386000
Venezuela,VEN,1997,3396000
Venezuela,VEN,1998,3396000
Venezuela,VEN,1999,3393000
Venezuela,VEN,2000,3395000
Venezuela,VEN,2001,3398000
Venezuela,VEN,2002,3398000
Venezuela,VEN,2003,3300000
Venezuela,VEN,2004,3350000
Venezuela,VEN,2005,3355000
Venezuela,VEN,2006,3355000
Venezuela,VEN,2007,3359000
Venezuela,VEN,2008,3400000
Venezuela,VEN,2009,3300000
Venezuela,VEN,2010,3300000
Venezuela,VEN,2011,3300000
Venezuela,VEN,2012,3300000
Venezuela,VEN,2013,3300000
Venezuela,VEN,2014,3300000
Venezuela,VEN,2015,3300000
Venezuela,VEN,2016,3300000
Venezuela,VEN,2017,3300000
Venezuela,VEN,2018,3300000
Venezuela,VEN,2019,3300000
Venezuela,VEN,2020,3300000
Venezuela,VEN,2021,3300000
Venezuela,VEN,2022,3300000
Venezuela,VEN,2023,3300000
Venezuela,VEN,2024,3300000
Venezuela,VEN,2025,3300000
Vietnam,VNM,-10000,0
Vietnam,VNM,-9000,0
Vietnam,VNM,-8000,0
Vietnam,VNM,-7000,0
Vietnam,VNM,-6000,0
Vietnam,VNM,-5000,0
Vietnam,VNM,-4000,0
Vietnam,VNM,-3000,0
Vietnam,VNM,-2000,0
Vietnam,VNM,-1000,0
Vietnam,VNM,0,91033.11
Vietnam,VNM,100,97790.875
Vietnam,VNM,200,105078.1
Vietnam,VNM,300,112934.33
Vietnam,VNM,400,121401.95
Vietnam,VNM,500,130527.195
Vietnam,VNM,600,140359.25
Vietnam,VNM,700,150951.39
Vietnam,VNM,800,162360.97
Vietnam,VNM,900,171277.88
Vietnam,VNM,1000,180198.97
Vietnam,VNM,1100,234153.72
Vietnam,VNM,1200,288078.28
Vietnam,VNM,1300,341979.53
Vietnam,VNM,1400,395863.2
Vietnam,VNM,1500,449732.44
Vietnam,VNM,1600,562048.3
Vietnam,VNM,1700,674334.9
Vietnam,VNM,1710,740838.06
Vietnam,VNM,1720,807339.2
Vietnam,VNM,1730,873838.4
Vietnam,VNM,1740,940335.6
Vietnam,VNM,1750,1006830.94
Vietnam,VNM,1760,1073324.4
Vietnam,VNM,1770,1139816.1
Vietnam,VNM,1780,1206306
Vietnam,VNM,1790,1272794.1
Vietnam,VNM,1800,1339280.6
Vietnam,VNM,1810,1405765.5
Vietnam,VNM,1820,1472248.8
Vietnam,VNM,1830,1650981
Vietnam,VNM,1840,1829708.6
Vietnam,VNM,1850,2008431.6
Vietnam,VNM,1860,2187150.2
Vietnam,VNM,1870,2365864.5
Vietnam,VNM,1880,2858139.5
Vietnam,VNM,1890,3519254
Vietnam,VNM,1900,4229550
Vietnam,VNM,1910,4989028.5
Vietnam,VNM,1920,5573439
Vietnam,VNM,1930,5233211
Vietnam,VNM,1940,4805090
Vietnam,VNM,1950,4289077.5
Vietnam,VNM,1951,4411200
Vietnam,VNM,1952,4544589.5
Vietnam,VNM,1953,4689268.5
Vietnam,VNM,1954,4845104
Vietnam,VNM,1955,5011796.5
Vietnam,VNM,1956,5188874
Vietnam,VNM,1957,5375689
Vietnam,VNM,1958,5571448
Vietnam,VNM,1959,5775239.5
Vietnam,VNM,1960,6020000
Vietnam,VNM,1961,6020000
Vietnam,VNM,1962,6025000
Vietnam,VNM,1963,6030000
Vietnam,VNM,1964,6035000
Vietnam,VNM,1965,6040000
Vietnam,VNM,1966,6045000
Vietnam,VNM,1967,6070000
Vietnam,VNM,1968,6095000
Vietnam,VNM,1969,6110000
Vietnam,VNM,1970,6145000
Vietnam,VNM,1971,6150000
Vietnam,VNM,1972,6175000
Vietnam,VNM,1973,6210000
Vietnam,VNM,1974,6235000
Vietnam,VNM,1975,6240000
Vietnam,VNM,1976,6450000
Vietnam,VNM,1977,6540000
Vietnam,VNM,1978,6564000
Vietnam,VNM,1979,6570000
Vietnam,VNM,1980,6570000
Vietnam,VNM,1981,6580000
Vietnam,VNM,1982,6580000
Vietnam,VNM,1983,6590000
Vietnam,VNM,1984,6590000
Vietnam,VNM,1985,6421000
Vietnam,VNM,1986,6400000
Vietnam,VNM,1987,6387000
Vietnam,VNM,1988,6380000
Vietnam,VNM,1989,6380000
Vietnam,VNM,1990,6384000
Vietnam,VNM,1991,6425000
Vietnam,VNM,1992,6697000
Vietnam,VNM,1993,6759000
Vietnam,VNM,1994,6812000
Vietnam,VNM,1995,6750999
Vietnam,VNM,1996,7004000
Vietnam,VNM,1997,7202000
Vietnam,VNM,1998,7413000
Vietnam,VNM,1999,7771000
Vietnam,VNM,2000,8138000
Vietnam,VNM,2001,8841000
Vietnam,VNM,2002,8813000
Vietnam,VNM,2003,8895000
Vietnam,VNM,2004,9153600
Vietnam,VNM,2005,9412100
Vietnam,VNM,2006,9436000
Vietnam,VNM,2007,9420600
Vietnam,VNM,2008,9598800
Vietnam,VNM,2009,9650000
Vietnam,VNM,2010,10118100
Vietnam,VNM,2011,10126600
Vietnam,VNM,2012,10151300
Vietnam,VNM,2013,10210800
Vietnam,VNM,2014,10231700
Vietnam,VNM,2015,11505800
Vietnam,VNM,2016,11530200
Vietnam,VNM,2017,11526800
Vietnam,VNM,2018,11498500
Vietnam,VNM,2019,11746000
Vietnam,VNM,2020,11718000
Vietnam,VNM,2021,11718000
Vietnam,VNM,2022,11673000
Vietnam,VNM,2023,11767000
Vietnam,VNM,2024,11799100
Vietnam,VNM,2025,11831200
Western Sahara,ESH,-10000,0
Western Sahara,ESH,-9000,0
Western Sahara,ESH,-8000,0
Western Sahara,ESH,-7000,0
Western Sahara,ESH,-6000,0
Western Sahara,ESH,-5000,0
Western Sahara,ESH,-4000,0
Western Sahara,ESH,-3000,0
Western Sahara,ESH,-2000,0
Western Sahara,ESH,-1000,0
Western Sahara,ESH,0,0
Western Sahara,ESH,100,0
Western Sahara,ESH,200,0
Western Sahara,ESH,300,0
Western Sahara,ESH,400,0
Western Sahara,ESH,500,0
Western Sahara,ESH,600,0
Western Sahara,ESH,700,0
Western Sahara,ESH,800,0
Western Sahara,ESH,900,0
Western Sahara,ESH,1000,0
Western Sahara,ESH,1100,0
Western Sahara,ESH,1200,0
Western Sahara,ESH,1300,0
Western Sahara,ESH,1400,0
Western Sahara,ESH,1500,0
Western Sahara,ESH,1600,0
Western Sahara,ESH,1700,0
Western Sahara,ESH,1710,0
Western Sahara,ESH,1720,0
Western Sahara,ESH,1730,0
Western Sahara,ESH,1740,0
Western Sahara,ESH,1750,0
Western Sahara,ESH,1760,0
Western Sahara,ESH,1770,0
Western Sahara,ESH,1780,0
Western Sahara,ESH,1790,0
Western Sahara,ESH,1800,0
Western Sahara,ESH,1810,0
Western Sahara,ESH,1820,0
Western Sahara,ESH,1830,0
Western Sahara,ESH,1840,0
Western Sahara,ESH,1850,0
Western Sahara,ESH,1860,0
Western Sahara,ESH,1870,0
Western Sahara,ESH,1880,0
Western Sahara,ESH,1890,0
Western Sahara,ESH,1900,0
Western Sahara,ESH,1910,0
Western Sahara,ESH,1920,0
Western Sahara,ESH,1930,0
Western Sahara,ESH,1940,0
Western Sahara,ESH,1950,0
Western Sahara,ESH,1951,0
Western Sahara,ESH,1952,0
Western Sahara,ESH,1953,0
Western Sahara,ESH,1954,0
Western Sahara,ESH,1955,0
Western Sahara,ESH,1956,0
Western Sahara,ESH,1957,0
Western Sahara,ESH,1958,0
Western Sahara,ESH,1959,0
Western Sahara,ESH,1960,0
Western Sahara,ESH,1961,0
Western Sahara,ESH,1962,0
Western Sahara,ESH,1963,0
Western Sahara,ESH,1964,0
Western Sahara,ESH,1965,0
Western Sahara,ESH,1966,0
Western Sahara,ESH,1967,0
Western Sahara,ESH,1968,0
Western Sahara,ESH,1969,0
Western Sahara,ESH,1970,0
Western Sahara,ESH,1971,0
Western Sahara,ESH,1972,0
Western Sahara,ESH,1973,0
Western Sahara,ESH,1974,0
Western Sahara,ESH,1975,0
Western Sahara,ESH,1976,0
Western Sahara,ESH,1977,0
Western Sahara,ESH,1978,0
Western Sahara,ESH,1979,0
Western Sahara,ESH,1980,0
Western Sahara,ESH,1981,0
Western Sahara,ESH,1982,0
Western Sahara,ESH,1983,0
Western Sahara,ESH,1984,0
Western Sahara,ESH,1985,0
Western Sahara,ESH,1986,0
Western Sahara,ESH,1987,0
Western Sahara,ESH,1988,0
Western Sahara,ESH,1989,0
Western Sahara,ESH,1990,0
Western Sahara,ESH,1991,0
Western Sahara,ESH,1992,0
Western Sahara,ESH,1993,0
Western Sahara,ESH,1994,0
Western Sahara,ESH,1995,0
Western Sahara,ESH,1996,0
Western Sahara,ESH,1997,0
Western Sahara,ESH,1998,0
Western Sahara,ESH,1999,0
Western Sahara,ESH,2000,0
Western Sahara,ESH,2001,0
Western Sahara,ESH,2002,0
Western Sahara,ESH,2003,0
Western Sahara,ESH,2004,0
Western Sahara,ESH,2005,0
Western Sahara,ESH,2006,0
Western Sahara,ESH,2007,0
Western Sahara,ESH,2008,0
Western Sahara,ESH,2009,0
Western Sahara,ESH,2010,0
Western Sahara,ESH,2011,0
Western Sahara,ESH,2012,0
Western Sahara,ESH,2013,0
Western Sahara,ESH,2014,0
Western Sahara,ESH,2015,0
Western Sahara,ESH,2016,0
Western Sahara,ESH,2017,0
Western Sahara,ESH,2018,0
Western Sahara,ESH,2019,0
Western Sahara,ESH,2020,0
Western Sahara,ESH,2021,0
Western Sahara,ESH,2022,0
Western Sahara,ESH,2023,0
Western Sahara,ESH,2024,0
Western Sahara,ESH,2025,0
World,OWID_WRL,-10000,0
World,OWID_WRL,-9000,19881.844
World,OWID_WRL,-8000,156845.81
World,OWID_WRL,-7000,447238.03
World,OWID_WRL,-6000,1318698.9
World,OWID_WRL,-5000,4096004.8
World,OWID_WRL,-4000,9451253
World,OWID_WRL,-3000,17631750
World,OWID_WRL,-2000,38741660
World,OWID_WRL,-1000,63645124
World,OWID_WRL,0,140427170
World,OWID_WRL,100,143388350
World,OWID_WRL,200,143931420
World,OWID_WRL,300,132153300
World,OWID_WRL,400,136246800
World,OWID_WRL,500,137936200
World,OWID_WRL,600,144420210
World,OWID_WRL,700,146041580
World,OWID_WRL,800,151752430
World,OWID_WRL,900,169276080
World,OWID_WRL,1000,178670480
World,OWID_WRL,1100,222602940
World,OWID_WRL,1200,253179600
World,OWID_WRL,1300,257886720
World,OWID_WRL,1400,235750270
World,OWID_WRL,1500,269725440
World,OWID_WRL,1600,284985100
World,OWID_WRL,1700,311200670
World,OWID_WRL,1710,325953250
World,OWID_WRL,1720,340898340
World,OWID_WRL,1730,354860480
World,OWID_WRL,1740,368688500
World,OWID_WRL,1750,382853250
World,OWID_WRL,1760,396686850
World,OWID_WRL,1770,411152740
World,OWID_WRL,1780,427255900
World,OWID_WRL,1790,444381500
World,OWID_WRL,1800,463567700
World,OWID_WRL,1810,486410560
World,OWID_WRL,1820,512264060
World,OWID_WRL,1830,539903040
World,OWID_WRL,1840,575827140
World,OWID_WRL,1850,608115300
World,OWID_WRL,1860,650912800
World,OWID_WRL,1870,683349440
World,OWID_WRL,1880,752402400
World,OWID_WRL,1890,818308300
World,OWID_WRL,1900,876437400
World,OWID_WRL,1910,968113200
World,OWID_WRL,1920,1003130500
World,OWID_WRL,1930,1085144200
World,OWID_WRL,1940,1161903400
World,OWID_WRL,1950,1197953300
World,OWID_WRL,1951,1210874000
World,OWID_WRL,1952,1226241500
World,OWID_WRL,1953,1239127000
World,OWID_WRL,1954,1252095400
World,OWID_WRL,1955,1267565600
World,OWID_WRL,1956,1282250400
World,OWID_WRL,1957,1295983200
World,OWID_WRL,1958,1309941000
World,OWID_WRL,1959,1317312500
World,OWID_WRL,1960,1323434000
World,OWID_WRL,1961,1330187100
World,OWID_WRL,1962,1336417900
World,OWID_WRL,1963,1345350900
World,OWID_WRL,1964,1350296200
World,OWID_WRL,1965,1355305200
World,OWID_WRL,1966,1359200500
World,OWID_WRL,1967,1362137600
World,OWID_WRL,1968,1373497900
World,OWID_WRL,1969,1382713200
World,OWID_WRL,1970,1387358700
World,OWID_WRL,1971,1386302500
World,OWID_WRL,1972,1390105900
World,OWID_WRL,1973,1396864100
World,OWID_WRL,1974,1400300800
World,OWID_WRL,1975,1403832400
World,OWID_WRL,1976,1408287500
World,OWID_WRL,1977,1411502600
World,OWID_WRL,1978,1424260700
World,OWID_WRL,1979,1433208000
World,OWID_WRL,1980,1432456300
World,OWID_WRL,1981,1435797800
World,OWID_WRL,1982,1440619300
World,OWID_WRL,1983,1440324100
World,OWID_WRL,1984,1449139500
World,OWID_WRL,1985,1455234600
World,OWID_WRL,1986,1458505300
World,OWID_WRL,1987,1463527200
World,OWID_WRL,1988,1464435700
World,OWID_WRL,1989,1465612700
World,OWID_WRL,1990,1469439500
World,OWID_WRL,1991,1474102700
World,OWID_WRL,1992,1474077600
World,OWID_WRL,1993,1476379100
World,OWID_WRL,1994,1477262300
World,OWID_WRL,1995,1479936600
World,OWID_WRL,1996,1479730200
World,OWID_WRL,1997,1484592300
World,OWID_WRL,1998,1483568600
World,OWID_WRL,1999,1485788000
World,OWID_WRL,2000,1485519500
World,OWID_WRL,2001,1484838700
World,OWID_WRL,2002,1480064600
World,OWID_WRL,2003,1483696300
World,OWID_WRL,2004,1490264800
World,OWID_WRL,2005,1498570800
World,OWID_WRL,2006,1499686700
World,OWID_WRL,2007,1491507600
World,OWID_WRL,2008,1496645800
World,OWID_WRL,2009,1506388000
World,OWID_WRL,2010,1513184400
World,OWID_WRL,2011,1526815900
World,OWID_WRL,2012,1532024400
World,OWID_WRL,2013,1539513200
World,OWID_WRL,2014,1546838300
World,OWID_WRL,2015,1556544500
World,OWID_WRL,2016,1562164000
World,OWID_WRL,2017,1568535900
World,OWID_WRL,2018,1574528500
World,OWID_WRL,2019,1573970000
World,OWID_WRL,2020,1580221300
World,OWID_WRL,2021,1585716100
World,OWID_WRL,2022,1587301200
World,OWID_WRL,2023,1591364200
World,OWID_WRL,2024,1595698400
World,OWID_WRL,2025,1599786200
Yemen,YEM,-10000,0
Yemen,YEM,-9000,0
Yemen,YEM,-8000,0
Yemen,YEM,-7000,0
Yemen,YEM,-6000,0
Yemen,YEM,-5000,0
Yemen,YEM,-4000,0
Yemen,YEM,-3000,0
Yemen,YEM,-2000,316576
Yemen,YEM,-1000,633151.9
Yemen,YEM,0,1105921.1
Yemen,YEM,100,1265344.4
Yemen,YEM,200,1446403.5
Yemen,YEM,300,1651660.1
Yemen,YEM,400,1883855.2
Yemen,YEM,500,2145873
Yemen,YEM,600,2440681.8
Yemen,YEM,700,2428536.8
Yemen,YEM,800,2410713.8
Yemen,YEM,900,2183912.5
Yemen,YEM,1000,1962659.4
Yemen,YEM,1100,1684076.1
Yemen,YEM,1200,1699819.9
Yemen,YEM,1300,1702748.5
Yemen,YEM,1400,1506604.2
Yemen,YEM,1500,1555248.6
Yemen,YEM,1600,1602769.5
Yemen,YEM,1700,1308911.4
Yemen,YEM,1710,1298521.8
Yemen,YEM,1720,1299406.1
Yemen,YEM,1730,1299718.5
Yemen,YEM,1740,1299414.4
Yemen,YEM,1750,1298445
Yemen,YEM,1760,1296756.6
Yemen,YEM,1770,1294289.5
Yemen,YEM,1780,1290977.4
Yemen,YEM,1790,1286746.1
Yemen,YEM,1800,1281512.5
Yemen,YEM,1810,1275182.5
Yemen,YEM,1820,1267649.4
Yemen,YEM,1830,1255771.8
Yemen,YEM,1840,1255002.5
Yemen,YEM,1850,1252495.2
Yemen,YEM,1860,1248013.4
Yemen,YEM,1870,1241275.2
Yemen,YEM,1880,1254065
Yemen,YEM,1890,1262038.5
Yemen,YEM,1900,1264588.6
Yemen,YEM,1910,1260944.9
Yemen,YEM,1920,1313005.6
Yemen,YEM,1930,1350667
Yemen,YEM,1940,1371068.8
Yemen,YEM,1950,1369999.4
Yemen,YEM,1951,1381881.6
Yemen,YEM,1952,1393446.4
Yemen,YEM,1953,1404753.1
Yemen,YEM,1954,1415853.4
Yemen,YEM,1955,1426797.1
Yemen,YEM,1956,1437636.9
Yemen,YEM,1957,1448417.5
Yemen,YEM,1958,1459182.1
Yemen,YEM,1959,1469972.9
Yemen,YEM,1960,1337000
Yemen,YEM,1961,1337000
Yemen,YEM,1962,1347998.2
Yemen,YEM,1963,1360000
Yemen,YEM,1964,1370000
Yemen,YEM,1965,1380000
Yemen,YEM,1966,1391000
Yemen,YEM,1967,1398000
Yemen,YEM,1968,1403000
Yemen,YEM,1969,1413000
Yemen,YEM,1970,1418000
Yemen,YEM,1971,1426000
Yemen,YEM,1972,1437000
Yemen,YEM,1973,1442000
Yemen,YEM,1974,1447000
Yemen,YEM,1975,1460000
Yemen,YEM,1976,1460000
Yemen,YEM,1977,1460000
Yemen,YEM,1978,1462000
Yemen,YEM,1979,1463000
Yemen,YEM,1980,1463000
Yemen,YEM,1981,1465000
Yemen,YEM,1982,1465000
Yemen,YEM,1983,1465000
Yemen,YEM,1984,1465000
Yemen,YEM,1985,1470000
Yemen,YEM,1986,1470000
Yemen,YEM,1987,1479000
Yemen,YEM,1988,1479000
Yemen,YEM,1989,1481000
Yemen,YEM,1990,1626000
Yemen,YEM,1991,1631000
Yemen,YEM,1992,1481000
Yemen,YEM,1993,1725000
Yemen,YEM,1994,1730000
Yemen,YEM,1995,1736000
Yemen,YEM,1996,1755000
Yemen,YEM,1997,1720000
Yemen,YEM,1998,1680000
Yemen,YEM,1999,1668000
Yemen,YEM,2000,1669000
Yemen,YEM,2001,1595000
Yemen,YEM,2002,1656000
Yemen,YEM,2003,1495000
Yemen,YEM,2004,1557000
Yemen,YEM,2005,1523000
Yemen,YEM,2006,1627000
Yemen,YEM,2007,1627000
Yemen,YEM,2008,1517000
Yemen,YEM,2009,1452000
Yemen,YEM,2010,1579000
Yemen,YEM,2011,1452000
Yemen,YEM,2012,1501000
Yemen,YEM,2013,1499000
Yemen,YEM,2014,1451600
Yemen,YEM,2015,1432600
Yemen,YEM,2016,1385800
Yemen,YEM,2017,1452000
Yemen,YEM,2018,1452000
Yemen,YEM,2019,1452000
Yemen,YEM,2020,1452000
Yemen,YEM,2021,1452000
Yemen,YEM,2022,1452000
Yemen,YEM,2023,1452000
Yemen,YEM,2024,1451999.9
Yemen,YEM,2025,1452000
Zambia,ZMB,-10000,0
Zambia,ZMB,-9000,0
Zambia,ZMB,-8000,0
Zambia,ZMB,-7000,0
Zambia,ZMB,-6000,0
Zambia,ZMB,-5000,0
Zambia,ZMB,-4000,0
Zambia,ZMB,-3000,0
Zambia,ZMB,-2000,0
Zambia,ZMB,-1000,0
Zambia,ZMB,0,0
Zambia,ZMB,100,0
Zambia,ZMB,200,0
Zambia,ZMB,300,0
Zambia,ZMB,400,0
Zambia,ZMB,500,0
Zambia,ZMB,600,0
Zambia,ZMB,700,0
Zambia,ZMB,800,0
Zambia,ZMB,900,0
Zambia,ZMB,1000,123360.805
Zambia,ZMB,1100,148032.97
Zambia,ZMB,1200,172705.12
Zambia,ZMB,1300,197377.3
Zambia,ZMB,1400,222049.47
Zambia,ZMB,1500,246721.61
Zambia,ZMB,1600,267692.94
Zambia,ZMB,1700,488557.66
Zambia,ZMB,1710,538798.1
Zambia,ZMB,1720,589038.6
Zambia,ZMB,1730,639279.1
Zambia,ZMB,1740,689519.56
Zambia,ZMB,1750,739760.06
Zambia,ZMB,1760,790000.56
Zambia,ZMB,1770,840241
Zambia,ZMB,1780,890481.56
Zambia,ZMB,1790,940722
Zambia,ZMB,1800,990962.5
Zambia,ZMB,1810,1041202.94
Zambia,ZMB,1820,1091443.5
Zambia,ZMB,1830,1141684
Zambia,ZMB,1840,1191924.4
Zambia,ZMB,1850,1242165
Zambia,ZMB,1860,1254376.9
Zambia,ZMB,1870,1263321.1
Zambia,ZMB,1880,1277631.5
Zambia,ZMB,1890,1317736.8
Zambia,ZMB,1900,1304618.5
Zambia,ZMB,1910,1228421.4
Zambia,ZMB,1920,1180159.6
Zambia,ZMB,1930,1369623.5
Zambia,ZMB,1940,1573913
Zambia,ZMB,1950,1881306.9
Zambia,ZMB,1951,1927057
Zambia,ZMB,1952,1977022.6
Zambia,ZMB,1953,2030374.8
Zambia,ZMB,1954,2086534.4
Zambia,ZMB,1955,2145146
Zambia,ZMB,1956,2206130
Zambia,ZMB,1957,2269624.5
Zambia,ZMB,1958,2335990.5
Zambia,ZMB,1959,2405725.5
Zambia,ZMB,1960,2479304.8
Zambia,ZMB,1961,2557000
Zambia,ZMB,1962,2560000
Zambia,ZMB,1963,2584000
Zambia,ZMB,1964,2609000
Zambia,ZMB,1965,2613000
Zambia,ZMB,1966,2667000
Zambia,ZMB,1967,2681000
Zambia,ZMB,1968,2715000
Zambia,ZMB,1969,2744000
Zambia,ZMB,1970,2774000
Zambia,ZMB,1971,2903000
Zambia,ZMB,1972,2913000
Zambia,ZMB,1973,2924000
Zambia,ZMB,1974,2952000
Zambia,ZMB,1975,2937000
Zambia,ZMB,1976,2915000
Zambia,ZMB,1977,2894000
Zambia,ZMB,1978,2735000
Zambia,ZMB,1979,2320000
Zambia,ZMB,1980,2346000
Zambia,ZMB,1981,2403000
Zambia,ZMB,1982,2459000
Zambia,ZMB,1983,2516000
Zambia,ZMB,1984,2572000
Zambia,ZMB,1985,2629000
Zambia,ZMB,1986,2684000
Zambia,ZMB,1987,2741000
Zambia,ZMB,1988,2797000
Zambia,ZMB,1989,2910000
Zambia,ZMB,1990,2911000
Zambia,ZMB,1991,2776000
Zambia,ZMB,1992,2800000
Zambia,ZMB,1993,2802000
Zambia,ZMB,1994,2873000
Zambia,ZMB,1995,2868000
Zambia,ZMB,1996,2869000
Zambia,ZMB,1997,2872000
Zambia,ZMB,1998,2874000
Zambia,ZMB,1999,2874000
Zambia,ZMB,2000,2876000
Zambia,ZMB,2001,2755000
Zambia,ZMB,2002,2616000
Zambia,ZMB,2003,2909000
Zambia,ZMB,2004,2897000
Zambia,ZMB,2005,2762000
Zambia,ZMB,2006,3048000
Zambia,ZMB,2007,2984000
Zambia,ZMB,2008,3087000
Zambia,ZMB,2009,3586000
Zambia,ZMB,2010,3436000
Zambia,ZMB,2011,3636000
Zambia,ZMB,2012,3836000
Zambia,ZMB,2013,3737000
Zambia,ZMB,2014,3738000
Zambia,ZMB,2015,3739000
Zambia,ZMB,2016,3739000
Zambia,ZMB,2017,3839000
Zambia,ZMB,2018,3839000
Zambia,ZMB,2019,3839000
Zambia,ZMB,2020,3839000
Zambia,ZMB,2021,3839000
Zambia,ZMB,2022,3839000
Zambia,ZMB,2023,3839000
Zambia,ZMB,2024,3839000
Zambia,ZMB,2025,3839000
Zimbabwe,ZWE,-10000,0
Zimbabwe,ZWE,-9000,0
Zimbabwe,ZWE,-8000,0
Zimbabwe,ZWE,-7000,0
Zimbabwe,ZWE,-6000,0
Zimbabwe,ZWE,-5000,0
Zimbabwe,ZWE,-4000,0
Zimbabwe,ZWE,-3000,0
Zimbabwe,ZWE,-2000,0
Zimbabwe,ZWE,-1000,0
Zimbabwe,ZWE,0,0
Zimbabwe,ZWE,100,0
Zimbabwe,ZWE,200,0
Zimbabwe,ZWE,300,0
Zimbabwe,ZWE,400,0
Zimbabwe,ZWE,500,0
Zimbabwe,ZWE,600,0
Zimbabwe,ZWE,700,0
Zimbabwe,ZWE,800,0
Zimbabwe,ZWE,900,0
Zimbabwe,ZWE,1000,43726.203
Zimbabwe,ZWE,1100,43726.203
Zimbabwe,ZWE,1200,43726.203
Zimbabwe,ZWE,1300,43726.203
Zimbabwe,ZWE,1400,43726.203
Zimbabwe,ZWE,1500,87452.41
Zimbabwe,ZWE,1600,94885.86
Zimbabwe,ZWE,1700,102319.32
Zimbabwe,ZWE,1710,105892.484
Zimbabwe,ZWE,1720,109465.65
Zimbabwe,ZWE,1730,113038.82
Zimbabwe,ZWE,1740,116611.984
Zimbabwe,ZWE,1750,120185.16
Zimbabwe,ZWE,1760,123758.33
Zimbabwe,ZWE,1770,127331.49
Zimbabwe,ZWE,1780,130904.664
Zimbabwe,ZWE,1790,134477.83
Zimbabwe,ZWE,1800,138051
Zimbabwe,ZWE,1810,141624.16
Zimbabwe,ZWE,1820,145197.33
Zimbabwe,ZWE,1830,148770.5
Zimbabwe,ZWE,1840,152343.67
Zimbabwe,ZWE,1850,155916.83
Zimbabwe,ZWE,1860,172401.52
Zimbabwe,ZWE,1870,190629.06
Zimbabwe,ZWE,1880,210783.77
Zimbabwe,ZWE,1890,233069.39
Zimbabwe,ZWE,1900,257711.19
Zimbabwe,ZWE,1910,303373.2
Zimbabwe,ZWE,1920,353827.9
Zimbabwe,ZWE,1930,435632.66
Zimbabwe,ZWE,1940,531995.5
Zimbabwe,ZWE,1950,706525.94
Zimbabwe,ZWE,1951,727848.4
Zimbabwe,ZWE,1952,750384.9
Zimbabwe,ZWE,1953,773934.5
Zimbabwe,ZWE,1954,798363.06
Zimbabwe,ZWE,1955,823599.7
Zimbabwe,ZWE,1956,849642.56
Zimbabwe,ZWE,1957,876558.1
Zimbabwe,ZWE,1958,904463.4
Zimbabwe,ZWE,1959,933517.4
Zimbabwe,ZWE,1960,963871.9
Zimbabwe,ZWE,1961,995608.6
Zimbabwe,ZWE,1962,1033703.25
Zimbabwe,ZWE,1963,1099017.5
Zimbabwe,ZWE,1964,1132736.4
Zimbabwe,ZWE,1965,1176944.2
Zimbabwe,ZWE,1966,1156545.5
Zimbabwe,ZWE,1967,1224884.1
Zimbabwe,ZWE,1968,1244188.9
Zimbabwe,ZWE,1969,1334277.6
Zimbabwe,ZWE,1970,1398304.9
Zimbabwe,ZWE,1971,1482216.1
Zimbabwe,ZWE,1972,1586075.5
Zimbabwe,ZWE,1973,1644053.9
Zimbabwe,ZWE,1974,1736073
Zimbabwe,ZWE,1975,1793343.8
Zimbabwe,ZWE,1976,1838516.8
Zimbabwe,ZWE,1977,1928348
Zimbabwe,ZWE,1978,1950805.9
Zimbabwe,ZWE,1979,1994305.9
Zimbabwe,ZWE,1980,2070945.5
Zimbabwe,ZWE,1981,2196104.5
Zimbabwe,ZWE,1982,2280659.2
Zimbabwe,ZWE,1983,2460900.8
Zimbabwe,ZWE,1984,2520809.8
Zimbabwe,ZWE,1985,2575828.2
Zimbabwe,ZWE,1986,2693394
Zimbabwe,ZWE,1987,2594682.5
Zimbabwe,ZWE,1988,2688439
Zimbabwe,ZWE,1989,2928139.2
Zimbabwe,ZWE,1990,3044611.2
Zimbabwe,ZWE,1991,3102911.2
Zimbabwe,ZWE,1992,2844292.5
Zimbabwe,ZWE,1993,2945063
Zimbabwe,ZWE,1994,3215844
Zimbabwe,ZWE,1995,3192034.8
Zimbabwe,ZWE,1996,3376008.5
Zimbabwe,ZWE,1997,3307798.8
Zimbabwe,ZWE,1998,3287593
Zimbabwe,ZWE,1999,3509082.5
Zimbabwe,ZWE,2000,3759464.8
Zimbabwe,ZWE,2001,3656828
Zimbabwe,ZWE,2002,3708677
Zimbabwe,ZWE,2003,3710264
Zimbabwe,ZWE,2004,3858843
Zimbabwe,ZWE,2005,3957539.8
Zimbabwe,ZWE,2006,4154338
Zimbabwe,ZWE,2007,4052819.2
Zimbabwe,ZWE,2008,4300657
Zimbabwe,ZWE,2009,4150269.2
Zimbabwe,ZWE,2010,4047779
Zimbabwe,ZWE,2011,4249576
Zimbabwe,ZWE,2012,4086363
Zimbabwe,ZWE,2013,3760177.8
Zimbabwe,ZWE,2014,3378993.8
Zimbabwe,ZWE,2015,3342273
Zimbabwe,ZWE,2016,3427771.5
Zimbabwe,ZWE,2017,3300075.8
Zimbabwe,ZWE,2018,3367630.5
Zimbabwe,ZWE,2019,3187676.8
Zimbabwe,ZWE,2020,3278863.2
Zimbabwe,ZWE,2021,3136438
Zimbabwe,ZWE,2022,3176429.8
Zimbabwe,ZWE,2023,3099315.5
Zimbabwe,ZWE,2024,3055951.2
Zimbabwe,ZWE,2025,3012587.5