# Market of every owner/province pool after the first monthly tick, predicted by the engine rule (docs/market_rulebook.md) from pp_mkt_0d.eu5 (1337.4.1, with the pp_mk dump): the population
# majority of its locations. Read by the food sim with market_assignment = true. Refresh from a new start save: uv run python tools/markets/save_inputs.py SAVE --pool-markets config/start_markets.csv
owner,province,market
AAC,julich_province,cologne
AAD,batin_province,baghdad
AAD,east_qassim_province,al_hajr
AAD,sudair_province,al_hajr
AAI,ani_province,tbilisi
AAI,kartli_province,tbilisi
AAI,samtskhe_province,tbilisi
AAI,tashir_province,tbilisi
AAL,jawf_province,damascus
AAL,shaam_province,damascus
AAR,tumen_province,dadu
ABA,mondovi_province,genoa
ABV,antandroy_province,sofala
ABW,bayuda_province,dongola
ABW,lower_butana_province,dongola
ACA,tonala_province,azcapotzalco
ACH,achaea_province,naples
ACH,aetolia_province,naples
ACH,argolis_province,constantinople
ACH,corinthia_province,naples
ACH,ilia_province,naples
ACH,messenia_province,naples
ACO,shiewhibak_province,ialophaybo
ADG,baishan_province,thang_long
ADH,ayutthaya_province,angkor
ADO,north_benin_province,benin
AFA,afar_province,adan
AFA,denkelia_province,adan
AFA,dobea_province,axum
AGC,eastern_upper_swabia_province,nuremberg
AGH,mozambique_province,sofala
AGN,linan_province,kunming
AHI,ankara_province,constantinople
AHO,ahom_province,chittagong
AHO,chutia_province,chittagong
AHO,itanagar_province,chittagong
AHO,kachari_province,chittagong
AHU,ahuacatlan_province,azcapotzalco
AHY,iboina_province,kilwa_kisiwani
AID,tumen_province,dadu
AJC,tepecoacuilco_province,zaachila
AJU,ajan_province,mogadishu
AJU,banaadir_province,mogadishu
AJU,haud_province,mogadishu
AJU,jubaland_province,mogadishu
AJU,lamu_archipelago_province,mogadishu
AJU,mudugh_province,mogadishu
AJU,shebelle_province,mogadishu
AKR,north_benin_province,benin
ALB,albania_province,naples
ALB,ionian_islands_province,dubrovnik
ALB,north_epirus_province,dubrovnik
ALE,ebroicien_province,paris
ALE,senonais_province,paris
ALI,pingyue_province,shangyuan
ALL,harz_province,lubeck
ALN,alania_province,tbilisi
ALN,north_caucasus_province,kaffa
ALO,atbai_province,dongola
ALO,bayuda_province,dongola
ALO,kordofan_province,dongola
ALO,lower_butana_province,dongola
ALO,lower_gezira_province,dongola
ALO,upper_butana_province,axum
ALO,upper_gezira_province,axum
ALS,lower_alsace_province,cologne
ALS,schwarzwald_province,cologne
ALU,kanara,kozhikode
ALU,tulu_nadu,kozhikode
ALY,alaiye_province,constantinople
AMA,oriel_province,dublin
AMD,amdo_province,lanzhou
AMD,golog_province,lanzhou
AMD,zekog_province,lanzhou
AME,autlan_province,azcapotzalco
AMG,armagnac_province,paris
AMG,castres_province,paris
AMG,rouergue_province,bordeaux
AMH,donegal_province,dublin
AML,cuzalapa_province,azcapotzalco
AMP,coliman_province,zaachila
AMR,hawran_province,damascus
AMR,sirhan_province,damascus
AMT,tlalnahuac_province,azcapotzalco
ANB,sauerland_province,cologne
ANC,marche_province,dubrovnik
ANG,angouleme_province,paris
ANH,flaming_province,lubeck
ANI,chala_province,chinchay
ANJ,anjou_province,paris
ANN,meath_province,dublin
ANR,urgell_province,barcelona
ANS,frankische_schweiz_province,nuremberg
ANS,ries_province,nuremberg
ANT,albania_province,dubrovnik
ANZ,fadak_province,mecca
ANZ,khaybar_province,mecca
AOS,aosta_province,genoa
APD,kunduz_province,samarkand
APD,maymana_province,samarkand
APR,eifel_province,cologne
AQN,bayonne_province,bordeaux
AQN,bazadais_province,bordeaux
AQN,bordelais_province,bordeaux
AQN,saintonge_province,bordeaux
AQN,tursan_province,bordeaux
AQU,belluno_province,venice
AQU,friuli_province,venice
AQU,gorizia_province,venice
AQU,istria_province,venice
AQU,lika_province,venice
AQU,lower_carniola_province,venice
ARA,albacete_province,sevilla
ARA,alcaniz_province,barcelona
ARA,barbastro_province,barcelona
ARA,barcelona_province,barcelona
ARA,cagliari_province,tunis
ARA,calatayud_province,barcelona
ARA,castellon_province,barcelona
ARA,gallura_province,genoa
ARA,girona_province,barcelona
ARA,huesca_province,barcelona
ARA,jativa_province,barcelona
ARA,logudoro_province,genoa
ARA,new_catalonia_province,barcelona
ARA,orihuela_province,barcelona
ARA,osona_province,barcelona
ARA,teruel_province,barcelona
ARA,urgell_province,barcelona
ARA,valencia_province,barcelona
ARA,zaragoza_province,barcelona
ARB,arborea_province,genoa
ARB,logudoro_province,naples
ARD,sahrazur_province,baghdad
ARG,aetolia_province,dubrovnik
ARG,argolis_province,constantinople
ARG,ionian_islands_province,dubrovnik
ARK,chittagong_province,chittagong
ARK,northern_arakhan_province,chittagong
ARK,southern_arakhan_province,chittagong
ARM,yerevan_province,tbilisi
ARR,inner_livonia_province,riga
ARR,latgalia_province,riga
ARR,south_livonia_province,riga
ARS,lower_artois_province,paris
ARS,ponthieu_province,paris
ARS,upper_artois_province,paris
ART,maymana_province,samarkand
ARU,deli_province,temasek
ARU,riau_kampar_province,temasek
ARU,riau_rokan_province,temasek
ARU,riau_siak_province,temasek
ASC,marche_province,dubrovnik
ASD,alessandria_province,genoa
ASR,gorgan_province,tabriz
AST,armagnac_province,paris
ASU,mudan_province,ilan_hala
ATH,attica_province,constantinople
ATH,neopatras_province,constantinople
ATI,monferrato_province,genoa
ATJ,northern_aceh_province,temasek
ATJ,southern_aceh_province,temasek
ATL,autlan_province,kuskatan
ATO,tlapacoya_province,azcapotzalco
ATP,atepec_province,zaachila
ATQ,mardin_province,baghdad
ATQ,mosul_province,baghdad
ATQ,nusaybin_province,baghdad
ATQ,raqqa_province,damascus
ATT,coatlicamac_province,zaachila
ATZ,kars_province,tabriz
ATZ,khoy_province,tabriz
ATZ,yerevan_province,tabriz
AUD,powys_province,dublin
AUD,shropshire_province,dublin
AUG,allgau_province,nuremberg
AUG,eastern_upper_swabia_province,nuremberg
AUM,caux_province,paris
AUV,lower_auvergne_province,paris
AUX,auxerrois_province,paris
AVR,avaria_province,astrakhan
AWO,ijebu_province,benin
AXC,tlalnahuac_province,azcapotzalco
AXO,axocopan_province,azcapotzalco
AXO,xilotepec_province,azcapotzalco
AYA,acamama_province,hatunqulla
AYA,yunca_province,hatunqulla
AYD,aydin_province,constantinople
AYD,smyrna_province,constantinople
AYO,yopitzinco_province,zaachila
AZF,hinakiyah_province,mecca
AZF,medina_province,mecca
AZL,aztatlan_province,zaachila
BAC,tidore_province,ternate
BAD,orissa_garjats,kataka
BAD,sambalpur_garjats,kataka
BAI,banggai_province,gowa
BAM,frankenwald_province,nuremberg
BAM,frankische_schweiz_province,nuremberg
BAM,lower_carinthia_province,nuremberg
BAM,upper_carinthia_province,venice
BAR,barrois_province,paris
BAR,bassigny_province,paris
BAR,perche_province,paris
BAR,verdunois_province,paris
BAS,neuchatel_province,cologne
BAT,barkul_province,turpan
BAT,gobi_altai_province,karakorum
BAT,khara_khoto_province,ganzhou
BAT,shazhou_province,ganzhou
BAT,western_gobi_province,ganzhou
BAY,hulan_province,ilan_hala
BBG,harz_province,lubeck
BBK,bambouk_province,niani
BBK,bundu_province,niani
BBK,kantor_province,niani
BBK,khaaso_province,niani
BBK,kita_province,niani
BCH,graubunden_province,genoa
BDE,kraichgau_province,cologne
BDE,rhine_valley_province,cologne
BDS,qazvin_province,tabriz
BDS,rey_province,isfahan
BDS,rustamdar_province,tabriz
BEA,desmond_province,dublin
BEI,lower_brunei_province,berune
BEI,upper_brunei_province,berune
BEN,enugu_province,benin
BEN,north_benin_province,benin
BEN,south_benin_province,benin
BEN,west_igbo_province,benin
BES,perak_province,temasek
BFN,breifne_province,dublin
BFR,sinop_province,trebizond
BGG,donggala_province,gowa
BGK,baghelkhand,varanasi
BGK,lower_bundelkhand_province,varanasi
BGK,upper_bundelkhand_province,varanasi
BGL,baglana,khambat
BGN,ponthieu_province,paris
BGR,upper_vidarbha,varanasi
BGT,kerulen_province,karakorum
BHA,bhattiana_province,delhi
BHA,jangladesh,delhi
BHD,halar,khambat
BHL,saale_province,lubeck
BHM,manmaw_province,pinya
BHP,bishnupur_province,kataka
BHP,mayurbhanj,kataka
BHP,ranchi_province,kataka
BHT,nusaybin_province,tabriz
BIA,bacau_province,constantinople
BIA,barlad_province,constantinople
BIA,suceava_province,constantinople
BIB,western_upper_swabia_province,cologne
BID,tartu_province,riga
BIM,sumbawa_province,surabaya
BIN,harput_province,trebizond
BIO,rotalia_province,riga
BIR,hezhou_province,lanzhou
BIT,bitlis_province,tabriz
BIT,van_province,tabriz
BJG,yongshun_province,shangyuan
BKH,badakhshan_province,kabul
BKH,darvaz_province,samarkand
BKH,sighnan_province,kashgar
BKH,wakhan_province,kabul
BKZ,qusiyya_province,alexandria
BKZ,suakin_province,alexandria
BLA,bannajbur_province,hormuz
BLA,gwadar_province,hormuz
BLB,mittelmark_province,lubeck
BLD,barlad_province,constantinople
BLD,basarabia_province,constantinople
BLD,iasi_province,constantinople
BLE,bale_province,mogadishu
BLE,oromia_province,mogadishu
BLG,bologna_province,venice
BLI,bali_province,surabaya
BLL,west_luxembourg_province,paris
BLM,graubunden_province,genoa
BLN,manado_province,ternate
BLO,beloe_province,moscow
BLO,beloozero_province,novgorod
BLO,cherepoves_province,moscow
BLO,vashki_province,moscow
BLS,blois_province,paris
BLS,orleanais_province,paris
BMB,comoros_province,kilwa_kisiwani
BMK,north_betsimisaraka_province,kilwa_kisiwani
BMP,bampur_province,hormuz
BMP,kahnuj_province,hormuz
BMP,tiz_province,hormuz
BMR,bambara_province,niani
BMR,djenne_province,niani
BMR,hayre_province,niani
BMR,macina_province,niani
BMR,safare_province,niani
BMR,tengrela_province,niani
BMR,timbuktu_province,niani
BMS,leipziger_bucht_province,lubeck
BNA,raigadh_garjats,kataka
BNB,harz_province,lubeck
BNB,magdeburger_borde_province,lubeck
BND,lower_bundelkhand_province,varanasi
BND,upper_bundelkhand_province,varanasi
BNE,bone_province,gowa
BNI,xinzhou_sichuan_province,shangyuan
BNL,afif_province,al_hajr
BNL,east_qassim_province,al_hajr
BNL,hail_province,al_hajr
BNL,udakh_province,al_hajr
BNL,washm_province,al_hajr
BNL,west_qassim_province,al_hajr
BNT,emsland_province,cologne
BOD,neopatras_province,constantinople
BOH,bechinsko_province,prague
BOH,boleslavsko_province,prague
BOH,chebsko_province,prague
BOH,chrudimsko_province,prague
BOH,hradecko_province,prague
BOH,litomericko_province,prague
BOH,oberlausitz_province,prague
BOH,plzensko_province,prague
BOH,prachensko_province,prague
BOH,prague_province,prague
BOH,zatecko_province,prague
BOL,central_visayas_province,maynila
BON,asante_province,begho
BON,bono_province,begho
BOR,borgu_province,kano
BOR,kandi_province,kano
BOS,bosnia_province,pest
BOS,donji_kraji_province,pest
BOS,hum_province,dubrovnik
BOS,south_dalmatia_province,dubrovnik
BOS,una_sana_province,pest
BOS,usora_and_soli_province,pest
BOU,beauvaisis_province,paris
BOU,bourbon_province,paris
BOW,manado_province,ternate
BPR,pyay_province,pinya
BQA,al_bayda_province,alexandria
BQA,barca_province,alexandria
BQA,east_fezzan_province,alexandria
BQA,jebel_akhdar_province,alexandria
BQL,atbai_province,mecca
BQL,hamasien_province,axum
BRA,altmark_province,lubeck
BRA,arnskrone_province,lubeck
BRA,koslin_province,lubeck
BRA,mittelmark_province,lubeck
BRA,neumark_province,lubeck
BRA,prignitz_province,lubeck
BRA,pyritz_province,lubeck
BRA,uckermark_province,lubeck
BRB,antwerp_province,bruges
BRB,brabant_province,bruges
BRB,kempenland_province,bruges
BRC,salzburger_land_province,nuremberg
BRE,aller_province,lubeck
BRE,elbmarch_province,lubeck
BRE,wesermarch_province,lubeck
BRG,bergisches_land_province,cologne
BRG,niederrhein_province,cologne
BRI,cornouaille_province,paris
BRI,nantais_province,paris
BRI,ploermel_province,paris
BRI,rennais_province,paris
BRI,tregor_province,paris
BRI,vannetais_province,paris
BRL,amol_province,samarkand
BRL,bukhara_province,samarkand
BRL,kelif_province,samarkand
BRM,wesermarch_province,lubeck
BRN,bern_province,cologne
BRO,brecon_province,dublin
BRR,bearn_bigorre_province,bordeaux
BRU,brunswick_province,lubeck
BRU,hanover_province,lubeck
BRU,harz_province,lubeck
BRU,leine_province,lubeck
BRY,bryansk_province,sarai_al_jadid
BRY,trubchevsk_province,sarai_al_jadid
BRZ,swidnica_province,prague
BRZ,wroclaw_province,prague
BSC,millieu_province,paris
BSD,bost_province,kabul
BSK,niederlausitz_province,lubeck
BSM,boussouma_province,niani
BSP,kangra_province,delhi
BST,bastar_province,kataka
BTE,bone_province,gowa
BTG,kyenarong_province,chamdo
BTG,sangon_province,chamdo
BTG,tsawarong_province,chamdo
BTL,misratah_province,tunis
BTL,nafusa_province,tunis
BTL,tripolitania_province,tunis
BTN,butung_province,gowa
BTU,agusan_province,berune
BUD,wetterau_province,cologne
BUL,burgas_province,constantinople
BUL,north_dobruja_province,tarnovo
BUL,pleven_province,tarnovo
BUL,preslav_province,tarnovo
BUL,sliven_province,tarnovo
BUL,south_dobruja_province,tarnovo
BUL,sredets_province,tarnovo
BUL,tarnovo_province,tarnovo
BUL,vidin_province,tarnovo
BUL,zagore_province,tarnovo
BUR,autunnais_province,paris
BUR,auxerrois_province,paris
BUR,dijonnais_province,paris
BUS,barus_province,temasek
BUS,southern_aceh_province,temasek
BWL,jangladesh,delhi
BXN,south_tirol_province,nuremberg
BXN,upper_carniola_province,venice
BYM,tesin_province,krakow
BYZ,albania_province,dubrovnik
BYZ,arcadia_province,constantinople
BYZ,argolis_province,constantinople
BYZ,aydin_province,constantinople
BYZ,biga_province,constantinople
BYZ,bolu_province,constantinople
BYZ,central_macedonia_province,constantinople
BYZ,chalkidiki_province,constantinople
BYZ,chios_province,constantinople
BYZ,constantinople_province,constantinople
BYZ,dardanelles_province,constantinople
BYZ,edirne_province,constantinople
BYZ,evros_province,constantinople
BYZ,kocaeli_province,constantinople
BYZ,laconia_province,constantinople
BYZ,lemnos_province,constantinople
BYZ,lower_macedonia_province,constantinople
BYZ,messenia_province,constantinople
BYZ,pirin_province,constantinople
BYZ,rhodopes_province,constantinople
BYZ,sliven_province,constantinople
BYZ,south_epirus_province,dubrovnik
BYZ,thessaly_province,constantinople
BYZ,upper_macedonia_province,constantinople
BYZ,zagore_province,constantinople
BZH,beisheng_province,kunming
BZN,bazin_province,axum
BZU,bozhou_province,shangyuan
BZU,zhenan_province,shangyuan
CAB,punjab_hills_province,delhi
CAM,lower_artois_province,paris
CAS,alarcon_province,sevilla
CAS,alava_province,burgos
CAS,albacete_province,sevilla
CAS,astorga_province,burgos
CAS,avila_province,burgos
CAS,badajoz_province,sevilla
CAS,benavente_province,burgos
CAS,biscay_province,burgos
CAS,burgos_province,burgos
CAS,caceres_province,sevilla
CAS,cadiz_province,sevilla
CAS,ciudad_rodrigo_province,sevilla
CAS,cordoba_province,sevilla
CAS,coruna_province,sevilla
CAS,cuenca_province,sevilla
CAS,east_asturias_province,burgos
CAS,east_mancha_province,sevilla
CAS,gipuzkoa_province,burgos
CAS,guadalajara_province,burgos
CAS,hellin_province,sevilla
CAS,huelva_province,sevilla
CAS,jaen_province,sevilla
CAS,leon_province,burgos
CAS,lerma_province,burgos
CAS,lugo_province,sevilla
CAS,madrid_province,sevilla
CAS,merida_province,sevilla
CAS,montana_province,burgos
CAS,murcia_province,sevilla
CAS,ocana_province,sevilla
CAS,ourense_province,sevilla
CAS,palencia_province,burgos
CAS,plasencia_province,sevilla
CAS,salamanca_province,burgos
CAS,santiago_province,sevilla
CAS,segovia_province,burgos
CAS,sevilla_province,sevilla
CAS,soria_province,burgos
CAS,toledo_province,sevilla
CAS,trujillo_province,sevilla
CAS,valladolid_province,burgos
CAS,villanueva_de_la_serena_province,sevilla
CAS,west_asturias_province,burgos
CAS,west_mancha_province,sevilla
CAS,zamora_province,burgos
CAU,cuauhchinanco_province,azcapotzalco
CAV,hatun_kanar_province,chinchay
CBH,punjab_hills_province,delhi
CBK,nguu_hoong_province,thang_long
CBK,quy_hoa_province,thang_long
CBK,tru_vien_province,thang_long
CBK,xam_neua_province,thang_long
CCL,cuzalapa_province,azcapotzalco
CCN,teotitlan_province,zaachila
CCP,atepec_province,mayapan
CDC,perugia_province,genoa
CDD,lower_kosi_province,varanasi
CDL,dali_province,kunming
CDL,lanzhou_province,pinya
CDL,shunning_province,kunming
CDL,yongchang_province,kunming
CEB,buglas_province,maynila
CEB,central_visayas_province,maynila
CEM,harput_province,trebizond
CEP,ionian_islands_province,dubrovnik
CER,arrah_province,varanasi
CER,palamau_province,varanasi
CES,romagna_province,venice
CET,cheshire_province,london
CET,gwynedd_province,dublin
CEV,mondovi_province,genoa
CFC,upper_alsace_province,cologne
CGZ,dechang_province,kunming
CHA,indrapura_province,vijaya
CHA,kauthara_province,vijaya
CHA,madhyamagrama_province,vijaya
CHA,panduranga_province,vijaya
CHA,southern_highland_province,vijaya
CHA,vijaya_province,vijaya
CHD,chanda_province,pazhaverkadu
CHD,sirpur_province,pazhaverkadu
CHG,akhsikath_province,samarkand
CHG,akkol_province,almaty
CHG,almaliq_province,almaty
CHG,almaty_province,almaty
CHG,andijan_province,kashgar
CHG,bortala_province,almaty
CHG,chach_province,samarkand
CHG,chu_province,almaty
CHG,emin_province,almaty
CHG,farghana_province,samarkand
CHG,gurbantunggut_province,turpan
CHG,ilibalyk_province,almaty
CHG,isbijab_province,samarkand
CHG,issyk_kul_province,almaty
CHG,kayalyk_province,almaty
CHG,kuragharty_province,almaty
CHG,naryn_province,kashgar
CHG,otrar_province,samarkand
CHG,talas_province,almaty
CHG,turkestan_province,samarkand
CHG,yangjibaliq_province,turpan
CHH,cheli_province,kunming
CHH,kengtung_province,pinya
CHH,muang_sing_province,kunming
CHH,simao_province,kunming
CHI,alasha_province,lanzhou
CHI,amdo_province,ganzhou
CHI,amgun_province,akita
CHI,amur_estuary_province,akita
CHI,anlu_province,shangyuan
CHI,anqing_province,shangyuan
CHI,anzhou_province,dadu
CHI,baoan_province,dadu
CHI,baode_province,dadu
CHI,baoding_province,dadu
CHI,baoning_province,chengdu
CHI,baoqing_province,shangyuan
CHI,bazhou_province,dadu
CHI,bazhou_sichuan_province,shangyuan
CHI,binzhou_guangxi_province,guangzhou
CHI,binzhou_province,dadu
CHI,binzhou_shaanxi_province,jingzhao
CHI,bolon_province,akita
CHI,bozhou_nanzhili_province,dadu
CHI,caozhou_province,kaifeng
CHI,changde_province,shangyuan
CHI,changning_province,chengdu
CHI,changping_province,dadu
CHI,changsha_province,shangyuan
CHI,changzhou_province,shangyuan
CHI,changzhou_sichuan_province,shangyuan
CHI,chaoyang_province,dadu
CHI,chaozhou_province,guangzhou
CHI,chen_province,shangyuan
CHI,chengdu_province,chengdu
CHI,chenzhou_henan_province,kaifeng
CHI,chenzhou_province,shangyuan
CHI,chizhou_province,shangyuan
CHI,chkoy_province,karakorum
CHI,chongqing_province,shangyuan
CHI,choyr_province,karakorum
CHI,chuzhou_province,shangyuan
CHI,chuzhou_zhejiang_province,hangzhou
CHI,cizhou_province,dadu
CHI,daizhou_province,dadu
CHI,daming_province,kaifeng
CHI,daning_province,dadu
CHI,daozhou_province,shangyuan
CHI,datong_province,dadu
CHI,dazhou_province,shangyuan
CHI,dean_province,shangyuan
CHI,dechang_province,kunming
CHI,dengzhou_henan_province,shangyuan
CHI,dengzhou_province,dadu
CHI,deqing_province,guangzhou
CHI,dezhou_province,dadu
CHI,dingnan_province,nanchang
CHI,dingzhou_province,dadu
CHI,dongchang_province,dadu
CHI,dongguan_province,guangzhou
CHI,dongping_province,dadu
CHI,dorbod_province,dadu
CHI,duyun_province,guangzhou
CHI,dzhida_province,karakorum
CHI,eastern_gobi_province,karakorum
CHI,erenkhot_province,dadu
CHI,fangzhou_province,shangyuan
CHI,fengxiang_province,jingzhao
CHI,fengyang_province,shangyuan
CHI,fengzhou_province,jingzhao
CHI,fenzhou_province,dadu
CHI,funing_province,jinjiang
CHI,fuzhou_jiangxi_province,nanchang
CHI,fuzhou_province,jinjiang
CHI,fuzhou_shaanxi_province,jingzhao
CHI,fuzhou_sichuan_province,shangyuan
CHI,ganzhou_gansu_province,ganzhou
CHI,ganzhou_province,nanchang
CHI,gaotang_province,dadu
CHI,gaoyou_province,shangyuan
CHI,gaozhou_province,guangzhou
CHI,gongchang_province,lanzhou
CHI,gorin_province,akita
CHI,greater_ussuri_province,akita
CHI,guangan_province,shangyuan
CHI,guangde_province,shangyuan
CHI,guangning_province,liaoyang
CHI,guangping_province,dadu
CHI,guangxin_province,nanchang
CHI,guangyuan_province,chengdu
CHI,guangzhou_henan_province,kaifeng
CHI,guangzhou_province,guangzhou
CHI,guide_province,kaifeng
CHI,guilin_province,shangyuan
CHI,guiyang_province,shangyuan
CHI,guizhou_huguang_province,shangyuan
CHI,guizhou_province,shangyuan
CHI,guyuan_province,lanzhou
CHI,haizhou_province,shangyuan
CHI,hangzhou_province,hangzhou
CHI,hanyang_province,shangyuan
CHI,hanzhong_province,jingzhao
CHI,hanzhou_province,chengdu
CHI,he_province,shangyuan
CHI,hejian_province,dadu
CHI,henan_province,kaifeng
CHI,hengzhou_guangxi_province,thang_long
CHI,hengzhou_province,shangyuan
CHI,hetao_province,lanzhou
CHI,heyuan_province,guangzhou
CHI,hezhou_guangxi_province,guangzhou
CHI,hezhou_sichuan_province,shangyuan
CHI,huaian_province,shangyuan
CHI,huaiqing_province,kaifeng
CHI,huangzhou_province,shangyuan
CHI,huazhou_province,guangzhou
CHI,huazhou_shaanxi_province,jingzhao
CHI,huizhou_guangdong_province,guangzhou
CHI,huizhou_province,shangyuan
CHI,huizhou_shaanxi_province,jingzhao
CHI,huozhou_province,jingzhao
CHI,huzhou_province,hangzhou
CHI,jiading_province,chengdu
CHI,jian_province,nanchang
CHI,jianchang_province,nanchang
CHI,jiangzhou_province,jingzhao
CHI,jianning_province,jinjiang
CHI,jianzhou_province,chengdu
CHI,jianzhou_west_province,chengdu
CHI,jiaozhou_province,shangyuan
CHI,jiaxing_province,hangzhou
CHI,jiazhou_province,dadu
CHI,jiezhou_province,lanzhou
CHI,jinan_province,dadu
CHI,jing_province,shangyuan
CHI,jingmen_province,shangyuan
CHI,jingning_province,lanzhou
CHI,jingzhou_beizhili_province,dadu
CHI,jingzhou_province,shangyuan
CHI,jingzhou_shaanxi_province,jingzhao
CHI,jinhua_province,hangzhou
CHI,jining_province,dadu
CHI,jining_shanxi_province,dadu
CHI,jiujiang_province,nanchang
CHI,jizhou_province,dadu
CHI,jizhou_zhending_province,dadu
CHI,junzhou_province,shangyuan
CHI,juzhou_province,dadu
CHI,kaifeng_province,kaifeng
CHI,kaizhou_province,kaifeng
CHI,kelan_province,dadu
CHI,kerulen_province,karakorum
CHI,khara_khoto_province,karakorum
CHI,kharaa_province,karakorum
CHI,khilok_province,karakorum
CHI,kuizhou_province,shangyuan
CHI,laizhou_province,dadu
CHI,leizhou_province,guangzhou
CHI,lianzhou_guangdong_province,guangzhou
CHI,lianzhou_province,thang_long
CHI,liaozhou_province,dadu
CHI,lingzhou_province,lanzhou
CHI,linjiang_province,nanchang
CHI,linqing_province,dadu
CHI,lintao_province,lanzhou
CHI,liping_province,shangyuan
CHI,liuzhou_province,guangzhou
CHI,lizhou_province,shangyuan
CHI,longan_province,chengdu
CHI,lower_bureya_province,ilan_hala
CHI,lower_zeya_province,ilan_hala
CHI,luan_nanzhili_province,shangyuan
CHI,luan_province,kaifeng
CHI,luanzhou_province,dadu
CHI,luorong_province,guangzhou
CHI,luzhou_province,shangyuan
CHI,luzhou_sichuan_province,chengdu
CHI,maozhou_province,chengdu
CHI,meizhou_province,chengdu
CHI,mianyang_province,shangyuan
CHI,mizhou_province,dadu
CHI,nanan_province,nanchang
CHI,nanchang_province,nanchang
CHI,nanen_province,guangzhou
CHI,nankang_province,nanchang
CHI,nanning_province,thang_long
CHI,nanningjun_province,thang_long
CHI,nanxiong_province,guangzhou
CHI,nanyang_province,shangyuan
CHI,ningbo_province,hangzhou
CHI,ningdu_province,nanchang
CHI,ningguo_province,shangyuan
CHI,ninghai_province,dadu
CHI,ningxia_province,lanzhou
CHI,ningzhou_province,nanchang
CHI,northern_sakhalin_province,akita
CHI,ongiin_province,karakorum
CHI,ordos_province,lanzhou
CHI,orkhon_province,karakorum
CHI,panyu_province,guangzhou
CHI,pengzhou_province,chengdu
CHI,pingding_province,dadu
CHI,pingle_province,guangzhou
CHI,pingliang_province,jingzhao
CHI,pingyang_province,jingzhao
CHI,pizhou_province,dadu
CHI,puzhou_province,dadu
CHI,puzhou_shanxi_province,jingzhao
CHI,qianzhou_province,jingzhao
CHI,qingcheng_province,dadu
CHI,qingchi,dadu
CHI,qingyang_province,jingzhao
CHI,qingzhou_beizhili_province,dadu
CHI,qingzhou_province,dadu
CHI,qinzhou_province,dadu
CHI,qinzhou_shaanxi_province,lanzhou
CHI,qiongzhou_province,thang_long
CHI,qiongzhou_sichuan_province,chengdu
CHI,qizhou_province,dadu
CHI,quanning_province,dadu
CHI,quanzhou_guangxi_province,shangyuan
CHI,quanzhou_province,jinjiang
CHI,quzhou_province,hangzhou
CHI,raozhou_province,nanchang
CHI,rongzhou_province,shangyuan
CHI,rongzhou_wuzhou_province,guangzhou
CHI,ruizhou_province,nanchang
CHI,runing_province,kaifeng
CHI,ruzhou_province,kaifeng
CHI,selenga_province,karakorum
CHI,shangdu_province,dadu
CHI,shangzhou_province,jingzhao
CHI,shanzhou_province,kaifeng
CHI,shanzhou_shandong_province,kaifeng
CHI,shaowu_province,shangyuan
CHI,shaoxing_province,hangzhou
CHI,shaozhou_province,guangzhou
CHI,sharangad_province,dadu
CHI,shazhou_province,ganzhou
CHI,shenzhou_province,dadu
CHI,shizhou_province,shangyuan
CHI,shizhou_shanxi_province,jingzhao
CHI,shouzhou_province,shangyuan
CHI,shunde_province,dadu
CHI,shunqing_province,chengdu
CHI,shuntian_province,dadu
CHI,sicheng_province,kunming
CHI,sichuan_province,kunming
CHI,sizhou_province,shangyuan
CHI,smaller_ussuri_province,akita
CHI,songjiang_province,shangyuan
CHI,songzhou_province,kaifeng
CHI,southern_sakhalin_province,akita
CHI,suide_province,jingzhao
CHI,suining_province,chengdu
CHI,suizhou_henan_province,kaifeng
CHI,suizhou_province,shangyuan
CHI,suzhou_gansu_province,ganzhou
CHI,suzhou_north_province,dadu
CHI,suzhou_province,shangyuan
CHI,taian_province,dadu
CHI,taihe_province,nanchang
CHI,taiping_province,shangyuan
CHI,taiyuan_province,dadu
CHI,taizhou_nanzhili_province,shangyuan
CHI,taizhou_province,hangzhou
CHI,tangwang_province,ilan_hala
CHI,tengzhou_guangxi_province,guangzhou
CHI,tengzhou_province,dadu
CHI,tingzhou_province,shangyuan
CHI,tongchuan_province,chengdu
CHI,tongzhou_beizhili_province,dadu
CHI,tongzhou_province,shangyuan
CHI,tongzhou_shaanxi_province,jingzhao
CHI,tumnin_province,akita
CHI,tunguska_province,ilan_hala
CHI,tuul_province,karakorum
CHI,ulaan_province,karakorum
CHI,upper_bureya_province,ilan_hala
CHI,upper_non_province,ilan_hala
CHI,wananjun_province,thang_long
CHI,wanquan_province,dadu
CHI,weihui_province,kaifeng
CHI,wenzhou_province,hangzhou
CHI,wuchang_province,shangyuan
CHI,wuding_shandong_province,dadu
CHI,wugang_province,shangyuan
CHI,wuzhou_province,guangzhou
CHI,xian_province,jingzhao
CHI,xiangxiang_province,shangyuan
CHI,xiangyang_province,shangyuan
CHI,xiezhou_province,jingzhao
CHI,xingan_province,jingzhao
CHI,xingguo_province,shangyuan
CHI,xinghe_province,dadu
CHI,xinghua_province,jinjiang
CHI,xingzhou_province,dadu
CHI,xinhui_province,guangzhou
CHI,xining_province,lanzhou
CHI,xinyang_province,shangyuan
CHI,xinzhou_province,dadu
CHI,xizhou_province,jingzhao
CHI,xunzhou_guangdong_province,guangzhou
CHI,xunzhou_province,guangzhou
CHI,xuzhou_henan_province,kaifeng
CHI,xuzhou_province,dadu
CHI,xuzhou_sichuan_province,chengdu
CHI,yanan_province,jingzhao
CHI,yangzhou_province,shangyuan
CHI,yangzhou_shaanxi_province,jingzhao
CHI,yanping_province,jinjiang
CHI,yanzhou_province,hangzhou
CHI,yanzhou_shandong_province,dadu
CHI,yaozhou_province,jingzhao
CHI,yazhou_province,chengdu
CHI,yiling_province,shangyuan
CHI,yingde_province,guangzhou
CHI,yingtian_province,shangyuan
CHI,yingzhou_province,shangyuan
CHI,yingzhou_shanxi_province,dadu
CHI,yizhou_liaodong_province,liaoyang
CHI,yizhou_province,dadu
CHI,yizhou_shandong_province,dadu
CHI,yongchang_gansu_province,ganzhou
CHI,yongping_province,dadu
CHI,yongzhou_province,shangyuan
CHI,youyang_province,shangyuan
CHI,youzhou_province,shangyuan
CHI,yuanzhou_huguang_province,shangyuan
CHI,yuanzhou_province,nanchang
CHI,yuezhou_province,shangyuan
CHI,yulin_guangxi_province,thang_long
CHI,yulin_province,jingzhao
CHI,yuzhou_province,kaifeng
CHI,yuzhou_shanxi_province,dadu
CHI,zezhou_province,kaifeng
CHI,zhangde_province,dadu
CHI,zhangzhou_province,jinjiang
CHI,zhaoqing_province,guangzhou
CHI,zhaozhou_province,dadu
CHI,zhending_province,dadu
CHI,zhengzhou_province,kaifeng
CHI,zhenjiang_province,shangyuan
CHI,zhongzhou_province,shangyuan
CHJ,chala_province,chinchay
CHK,cahokia_province,cahokia
CHK,kishwaukee_province,cahokia
CHK,meramec_province,cahokia
CHK,mitchigamea_province,cahokia
CHK,moingwena_province,cahokia
CHK,nodaway_province,cahokia
CHK,peoria_province,cahokia
CHK,tamaroa_province,cahokia
CHK,towosaghy_province,cahokia
CHL,chelmno_province,krakow
CHM,chan_chan_province,chinchay
CHM,markahuamachuco_province,chinchay
CHN,west_luxembourg_province,paris
CHR,chernihiv_province,kyiv
CHR,gomel_province,kyiv
CHR,nizhyn_province,kyiv
CHR,rechytsa_province,kyiv
CHT,chorti_province,kuskatan
CHT,cuauhtemallan_province,kuskatan
CHT,kuskatan_province,kuskatan
CHX,saluzzo_province,genoa
CHZ,ryuukyuu_province,hangzhou
CIC,ica_province,chinchay
CIH,cihuatlan_province,zaachila
CIL,adana_province,alexandria
CIL,marash_province,alexandria
CIL,sis_province,alexandria
CIL,tarsus_province,alexandria
CIN,bone_province,gowa
CJK,kempenland_province,bruges
CKL,dartsedo_province,chengdu
CKL,gyelrong_province,chengdu
CKL,lithang_province,chengdu
CKL,nyarong_province,chengdu
CKP,puuk_province,mayapan
CKP,tabacoh_province,mayapan
CLA,antrim_province,dublin
CLA,down_province,dublin
CLC,anahuac_province,azcapotzalco
CLE,yongning_province,kunming
CLI,lower_styria_province,tarnovo
CLL,tlaxcala_province,azcapotzalco
CLM,coliman_province,kuskatan
CLM,tochpan_province,azcapotzalco
CLP,yopitzinco_province,zaachila
CLQ,ishma_province,chinchay
CLR,galway_province,dublin
CLT,upper_auvergne_province,paris
CMA,galway_province,dublin
CMN,rewa_kantha,khambat
CMN,western_malwa,khambat
CMR,marche_province,dubrovnik
CMS,deheubarth_province,dublin
CNC,acamama_province,hatunqulla
CND,cankiri_province,constantinople
CND,corum_province,constantinople
CND,kastamonu_province,constantinople
CND,safranbolu_province,constantinople
CND,sinop_province,constantinople
CNL,puuk_province,mayapan
CNN,roscommon_province,dublin
CNT,katagalugan_province,maynila
CNV,torino_province,genoa
COC,chichen_itza_province,mayapan
COC,dzilam_province,mayapan
COC,ekab_province,mayapan
COC,mayapan_province,mayapan
COG,xinzhou_sichuan_province,shangyuan
COI,coixtlahuacan_province,zaachila
COM,comminges_province,paris
CON,tonala_province,azcapotzalco
COT,arezzo_province,genoa
CPA,akhtar_province,kaffa
CPA,taman_province,kaffa
CPN,coatlicamac_province,zaachila
CRA,charka_province,hatunqulla
CRA,chuwi_province,hatunqulla
CRA,yunga_province,hatunqulla
CRK,cuitzeo_province,azcapotzalco
CRL,chitral_province,kabul
CRL,swat,kabul
CRO,lika_province,dubrovnik
CRO,north_dalmatia_province,dubrovnik
CRO,una_sana_province,tarnovo
CRR,punente_province,genoa
CRS,egiin_province,karakorum
CRS,khyargas_province,karakorum
CRS,orkhon_province,karakorum
CRS,selenga_province,karakorum
CRS,upper_selenga_province,karakorum
CRT,crete_province,constantinople
CSM,tochtepec_province,mayapan
CSU,acamama_province,hatunqulla
CTC,coatlicamac_province,mayapan
CTE,cuitzeo_province,azcapotzalco
CTL,yohualtepec_province,azcapotzalco
CTM,chactemal_province,mayapan
CTM,uaymil_province,mayapan
CTR,chitral_province,kabul
CTX,cuetlaxtlan_province,mayapan
CTZ,coatzacoalco_province,mayapan
CUI,markahuamachuco_province,chinchay
CUL,tetzcoco_province,azcapotzalco
CUO,cuauhtochco_province,mayapan
CUT,chutia_province,chittagong
CUT,sadiya_province,chittagong
CUU,tlalnahuac_province,azcapotzalco
CUZ,tepecoacuilco_province,azcapotzalco
CVN,breifne_province,dublin
CWM,limerick_province,dublin
CWM,tipperary_province,dublin
CYA,cocamas_province,chinchay
CYA,ingatambo_province,chinchay
CYA,kuelap_province,chinchay
CYP,cyprus_province,alexandria
CZK,czersk_province,krakow
CZK,warsaw_province,krakow
CZL,cuzalapa_province,zaachila
DAA,katsina_province,kano
DAI,dien_chau_province,thang_long
DAI,hai_dong_province,thang_long
DAI,hoan_chau_province,thang_long
DAI,hue_province,thang_long
DAI,lang_son_province,thang_long
DAI,nam_sach_province,thang_long
DAI,nghe_an_province,thang_long
DAI,nguu_hoong_province,thang_long
DAI,thai_nguyen_province,thang_long
DAI,thang_long_province,thang_long
DAI,thanh_hoa_province,thang_long
DAI,thien_truong_province,thang_long
DAI,tuyen_hoa_province,thang_long
DAJ,kordofan_province,dongola
DAJ,north_darfur_province,njimi
DAJ,south_darfur_province,dongola
DAJ,wadai_province,njimi
DAN,eastern_jutland_province,lubeck
DAN,estonia_province,riga
DAN,funen_province,lubeck
DAN,gonge_province,lubeck
DAN,halland_province,lubeck
DAN,norrejylland_province,lubeck
DAN,sonderjylland_province,lubeck
DAN,vendsyssel_thy_province,oslo
DAN,western_jutland_province,lubeck
DAN,zealand_province,lubeck
DAU,beaujolais_province,paris
DAU,gresivaudan_province,genoa
DAU,savoy_province,paris
DAU,valentinois_province,genoa
DAU,viennois_province,paris
DAW,bale_province,axum
DAW,shewa_province,adan
DBD,dakhina_desa,kozhikode
DBD,malaya,kozhikode
DBD,pihiti,kozhikode
DBD,ruhunu,pazhaverkadu
DBD,vanni,pazhaverkadu
DBE,dobea_province,axum
DCI,waterford_province,dublin
DCN,dongchuan_province,kunming
DEN,gwynedd_province,dublin
DFN,ghana_province,niani
DFN,kaarta_province,niani
DFN,khaaso_province,niani
DFN,kita_province,niani
DFN,sosso_province,niani
DFN,tagant_province,niani
DGB,bono_province,begho
DGB,dagbon_province,begho
DGE,ar_ruha_province,alexandria
DGE,mardin_province,alexandria
DGE,raqqa_province,damascus
DGH,kashgar_province,kashgar
DGH,khotan_province,kashgar
DGH,taklamakan_province,kashgar
DGH,yarkand_province,kashgar
DGL,maldives_province,kozhikode
DGR,vagad,khambat
DHF,mahra_province,adan
DHK,balaw_province,adan
DHM,durham_province,london
DHU,dhundhar,delhi
DHU,shekhawati,delhi
DIE,taunus_province,cologne
DIL,hasankeyf_province,tabriz
DIM,kachari_province,chittagong
DIS,graubunden_province,genoa
DIT,holstein_province,lubeck
DJE,central_sahara,tunis
DLA,mudan_province,dadu
DLH,akara,varanasi
DLH,awadh_province,varanasi
DLH,azamgarh_province,varanasi
DLH,baghelkhand,varanasi
DLH,baglana,khambat
DLH,bahraich_province,delhi
DLH,bareilly_province,delhi
DLH,bari_doab_province,khambat
DLH,bettiah_province,varanasi
DLH,bhagalpur_province,varanasi
DLH,bhattiana_province,delhi
DLH,braj_province,delhi
DLH,budaun_province,delhi
DLH,central_doab_province,delhi
DLH,cholistan_province,khambat
DLH,delhi_province,delhi
DLH,derajat_province,khambat
DLH,dhundhar,delhi
DLH,doaba_province,delhi
DLH,dumka_province,varanasi
DLH,eastern_malwa,varanasi
DLH,gird,varanasi
DLH,gorakhpur_province,varanasi
DLH,hadoti,varanasi
DLH,hazaribagh_province,varanasi
DLH,jech_doab,khambat
DLH,kalyana_karnakassala,khambat
DLH,karman_province,kabul
DLH,khairabad_province,delhi
DLH,khandesh,khambat
DLH,khekassala,khambat
DLH,koh_e_sulayman_province,khambat
DLH,lata,khambat
DLH,lower_bundelkhand_province,varanasi
DLH,lower_doab_province,varanasi
DLH,lower_marathwada,khambat
DLH,lower_vidarbha,khambat
DLH,lucknow_province,delhi
DLH,mahadeo,varanasi
DLH,mahja_province,delhi
DLH,malnad,kozhikode
DLH,malvana,khambat
DLH,manikpur_province,varanasi
DLH,marwar,delhi
DLH,mewar,khambat
DLH,mewat_province,delhi
DLH,nagaur_province,delhi
DLH,nimar,khambat
DLH,north_konkan,khambat
DLH,northern_desh,khambat
DLH,patna_province,varanasi
DLH,peshawar_province,kabul
DLH,pothwar_province,kabul
DLH,puadh_province,delhi
DLH,punjabi_malwa_province,delhi
DLH,rampur_rokhilkhand_province,delhi
DLH,rechna_doab_province,khambat
DLH,sarasvata,khambat
DLH,southern_desh,khambat
DLH,upper_doab_province,delhi
DLH,upper_marathwada,khambat
DLH,varanasi_province,varanasi
DLH,warangal_province,pazhaverkadu
DLH,western_malwa,khambat
DLN,nandan_province,thang_long
DMB,garmian_province,tabriz
DMI,zvenigorod_province,moscow
DML,khoy_province,tabriz
DMS,cork_province,dublin
DMS,limerick_province,dublin
DMS,waterford_province,dublin
DNB,hohenloher_ebene_province,nuremberg
DOG,punjab_hills_province,delhi
DOM,sumbawa_province,surabaya
DPH,middle_weser_province,lubeck
DRE,chartrain_province,paris
DRG,derge_province,chamdo
DRP,baglana,khambat
DRU,barysaw_province,riga
DRU,orsha_province,riga
DRW,jangladesh,delhi
DRW,shekhawati,delhi
DSN,mosul_province,tabriz
DTI,lower_ghaghara_province,delhi
DTM,ruhr_province,cologne
DUL,malatya_province,alexandria
DUL,marash_province,alexandria
DUN,eifel_province,cologne
DWG,shizhou_province,shangyuan
DWS,dawasir_province,mecca
DWS,laila_province,al_hajr
DWS,yamama_province,al_hajr
DYG,baishan_province,thang_long
DYN,duyun_province,kunming
DZH,shunyuan_province,shangyuan
DZK,simsir_province,tbilisi
EGL,diyarbekir_province,trebizond
EGL,harput_province,trebizond
EIC,franconian_alb_province,nuremberg
EJI,hulan_province,ilan_hala
ELA,ve_nadu,kozhikode
ELL,hohenloher_ebene_province,nuremberg
ELY,tipperary_province,dublin
ENG,bedfordshire_province,london
ENG,berkshire_province,london
ENG,buckinghamshire_province,london
ENG,cambridgeshire_province,london
ENG,cornwall_province,dublin
ENG,cotentin_province,paris
ENG,cumberland_province,dublin
ENG,derbyshire_province,london
ENG,devon_province,london
ENG,dorset_province,london
ENG,east_riding_province,london
ENG,essex_province,london
ENG,gloucestershire_province,london
ENG,hampshire_province,london
ENG,herefordshire_province,london
ENG,hertfordshire_province,london
ENG,kent_province,london
ENG,leicestershire_province,london
ENG,lincolnshire_province,london
ENG,middlesex_province,london
ENG,norfolk_province,london
ENG,north_riding_province,london
ENG,northamptonshire_province,london
ENG,northumberland_province,london
ENG,nottinghamshire_province,london
ENG,oxfordshire_province,london
ENG,ponthieu_province,paris
ENG,shropshire_province,london
ENG,somerset_province,dublin
ENG,staffordshire_province,london
ENG,suffolk_province,london
ENG,surrey_province,london
ENG,sussex_province,london
ENG,teviotdale_province,edinburgh
ENG,warwickshire_province,london
ENG,west_riding_province,london
ENG,westmorland_province,dublin
ENG,wiltshire_province,london
ENG,worcestershire_province,london
ENN,damot_province,axum
ENN,ennarea_province,axum
EPI,aetolia_province,constantinople
EPI,north_epirus_province,constantinople
EPI,south_epirus_province,constantinople
ERB,odenwald_province,cologne
ERE,bozok_province,constantinople
ERE,corum_province,constantinople
ERE,divrigi_province,trebizond
ERE,erzurum_province,trebizond
ERE,kayseri_province,alexandria
ERE,kirsehir_province,constantinople
ERE,malatya_province,trebizond
ERE,sis_province,alexandria
ERE,sivas_province,trebizond
ERE,tokat_province,constantinople
ERF,thuringer_becken_province,nuremberg
ERM,warmia_province,lubeck
ESS,ruhr_province,cologne
ETA,chartrain_province,paris
ETA,upper_berry_province,paris
ETH,amhara_province,axum
ETH,argobba_province,axum
ETH,bale_province,adan
ETH,begemder_province,axum
ETH,damot_province,axum
ETH,enderta_province,axum
ETH,gojjam_province,axum
ETH,hadiya_province,adan
ETH,lasta_province,axum
ETH,oromia_province,mogadishu
ETH,semien_province,axum
ETH,serae_province,axum
ETH,shewa_province,axum
ETH,sidamo_province,adan
ETH,tigray_province,axum
ETH,wej_province,axum
ETZ,autlan_province,azcapotzalco
EVR,caux_province,paris
EVR,ebroicien_province,paris
EVR,pays_france_province,paris
EVS,leine_province,lubeck
EWY,herefordshire_province,dublin
FAE,romagna_province,genoa
FAL,siraf_province,hormuz
FBG,rhine_valley_province,cologne
FCB,amont_province,paris
FCB,aval_province,paris
FCB,millieu_province,paris
FCL,meath_province,dublin
FDL,deir_province,damascus
FDL,furat_province,baghdad
FDL,halab_province,damascus
FDL,hims_province,damascus
FDL,kufa_province,baghdad
FDL,samarra_province,baghdad
FDL,tadmur_province,damascus
FDL,zubala_province,baghdad
FEO,gothia_province,kaffa
FER,ferrara_province,venice
FER,modena_province,venice
FLA,east_flanders_province,bruges
FLA,west_flanders_province,bruges
FLD,vogelsberg_province,cologne
FLK,untermain_province,cologne
FLK,wetterau_province,cologne
FLN,mudan_province,ilan_hala
FLO,arezzo_province,genoa
FLO,florence_province,genoa
FLY,kildare_province,dublin
FMA,tyrone_province,dublin
FMB,bely_province,moscow
FMN,gilan_province,tabriz
FOI,foix_province,paris
FRA,agenais_province,bordeaux
FRA,amienois_province,paris
FRA,anjou_province,paris
FRA,autunnais_province,paris
FRA,bassigny_province,paris
FRA,bazadais_province,bordeaux
FRA,bearn_bigorre_province,paris
FRA,beaujolais_province,paris
FRA,beauvaisis_province,paris
FRA,brie_champenois_province,paris
FRA,castres_province,paris
FRA,champagne_province,paris
FRA,chartrain_province,paris
FRA,combraille_province,paris
FRA,comminges_province,bordeaux
FRA,foix_province,bordeaux
FRA,gatinais_province,paris
FRA,gevaudan_province,paris
FRA,la_marche_province,paris
FRA,limousin_province,paris
FRA,lower_auvergne_province,paris
FRA,lower_berry_province,paris
FRA,lower_poitou_province,paris
FRA,lyonnais_province,paris
FRA,narbonnais_province,genoa
FRA,nimois_province,genoa
FRA,orleanais_province,paris
FRA,pays_france_province,paris
FRA,perigord_province,bordeaux
FRA,perthois_province,paris
FRA,quercy_province,bordeaux
FRA,razes_province,paris
FRA,remois_province,paris
FRA,rethelois_province,paris
FRA,roman_flanders_province,bruges
FRA,rouergue_province,bordeaux
FRA,saintonge_province,paris
FRA,senonais_province,paris
FRA,soissonais_province,paris
FRA,thierache_province,paris
FRA,toulousain_province,bordeaux
FRA,touraine_province,paris
FRA,turenne_province,bordeaux
FRA,upper_auvergne_province,bordeaux
FRA,upper_berry_province,paris
FRA,upper_poitou_province,paris
FRA,vermandois_province,paris
FRA,vivarais_province,paris
FRE,alpenvorland_province,nuremberg
FRE,munchner_schotterebene_province,nuremberg
FRE,ober_dem_wienerwald_province,nuremberg
FRE,upper_carniola_province,venice
FRI,east_friesland_province,bruges
FRI,friesland_province,bruges
FRI,ommelanden_province,bruges
FRM,marche_province,dubrovnik
FRN,wetterau_province,cologne
FRT,upper_alsace_province,cologne
FRZ,lower_auvergne_province,paris
FRZ,lyonnais_province,paris
FUR,schwarzwald_province,cologne
FUT,sanjiang_province,ilan_hala
FUY,lower_non_province,ilan_hala
FUY,nuomin_province,ilan_hala
FZA,east_fezzan_province,tunis
FZA,fezzan_province,tunis
FZH,guangnan_province,thang_long
GAU,bogra_province,varanasi
GAU,devkot_province,varanasi
GAU,gaur_province,varanasi
GAU,jalpaiguri_province,varanasi
GAZ,cafa_province,kaffa
GAZ,tana_province,kaffa
GBH,harz_province,lubeck
GBH,leine_province,lubeck
GBS,djafara_province,tunis
GBS,nafusa_province,tunis
GBS,qabisa_province,tunis
GCH,cuauhchinanco_province,azcapotzalco
GDA,jangladesh,delhi
GDA,nagaur_province,delhi
GDA,shekhawati,delhi
GED,lower_gafana_province,kilwa_kisiwani
GEL,gelderland_province,cologne
GEL,limburg_province,bruges
GEL,niederrhein_province,cologne
GEN,cismonte_province,genoa
GEN,levante_province,genoa
GEN,logudoro_province,genoa
GEN,pumonte_province,genoa
GEN,punente_province,genoa
GEN,safranbolu_province,constantinople
GEN,saruhan_province,constantinople
GEO,abkhazia_province,trebizond
GEO,alania_province,tbilisi
GEO,avaria_province,tbilisi
GEO,hereti_province,tbilisi
GEO,imereti_province,tbilisi
GEO,kakheti_province,tbilisi
GEO,kartli_province,tbilisi
GEO,meskheti_province,tbilisi
GEO,samegrelo_province,tbilisi
GEO,tashir_province,tbilisi
GEO,tuapse_province,kaffa
GFS,djerid_province,tunis
GFS,touggourt_province,tunis
GGX,guanxi_province,kunming
GGX,mengzi_province,kunming
GHA,ghana_province,niani
GHA,macina_province,niani
GHA,sosso_province,niani
GHA,taghaza_province,niani
GHA,timbuktu_province,niani
GHL,gohilwad,khambat
GHL,khekassala,khambat
GHR,akara,varanasi
GHR,garha_mandla,varanasi
GHR,mahadeo,varanasi
GIL,sanjiang_province,ilan_hala
GLA,erzgebirge_province,lubeck
GLH,akhtar_province,sarai_al_jadid
GLH,alania_province,tbilisi
GLH,alatyr_province,kazan
GLH,alexeyevka_province,sarai_al_jadid
GLH,almenevo_province,chimgi_tura
GLH,altayskoye_province,chimgi_tura
GLH,arykbalyk_province,chimgi_tura
GLH,astrakhan_province,astrakhan
GLH,atkarsk_province,astrakhan
GLH,azov_province,sarai_al_jadid
GLH,bakanas_province,almaty
GLH,bakhmut_province,sarai_al_jadid
GLH,basarabia_province,constantinople
GLH,bavly_province,kazan
GLH,bayanaul_province,chimgi_tura
GLH,baytak_province,sarayjuk
GLH,belgorod_province,kyiv
GLH,beljamen_province,sarai_al_jadid
GLH,berda_province,sarai_al_jadid
GLH,bielska_sloboda_province,sarai_al_jadid
GLH,bogdanovo_province,moscow
GLH,boh_province,constantinople
GLH,bolghar_province,kazan
GLH,bolkhuny_province,astrakhan
GLH,borisoglebsk_province,sarai_al_jadid
GLH,bratslav_province,kyiv
GLH,bursol_province,chimgi_tura
GLH,cafa_province,kaffa
GLH,chastoozerye_province,chimgi_tura
GLH,cheboksary_province,kazan
GLH,chimgi_tura_province,chimgi_tura
GLH,chishmy_province,kazan
GLH,chyorny_yar_province,astrakhan
GLH,dardeling_province,astrakhan
GLH,donetsk_province,kyiv
GLH,gothia_province,kaffa
GLH,irgiz_province,sarayjuk
GLH,izium_province,sarai_al_jadid
GLH,kalmius_province,sarai_al_jadid
GLH,kalmyk_province,sarayjuk
GLH,karagau_province,almaty
GLH,karasor_province,almaty
GLH,kargasok_province,chimgi_tura
GLH,karlivka_province,kyiv
GLH,kashary_province,sarai_al_jadid
GLH,kasimov_province,moscow
GLH,kath_province,urgench
GLH,kazan_province,kazan
GLH,khadjibey_province,constantinople
GLH,khaqmar_province,kazan
GLH,khiva_province,urgench
GLH,kodaky_province,constantinople
GLH,krasnaya_gorka_province,kazan
GLH,kremenskaya_province,sarai_al_jadid
GLH,krivoshchekovo_province,chimgi_tura
GLH,kulykol_province,chimgi_tura
GLH,kurmysh_province,kazan
GLH,kursk_province,sarai_al_jadid
GLH,kuznetsk_province,chimgi_tura
GLH,labinsk_province,kaffa
GLH,lipetsk_province,moscow
GLH,lower_emba_province,sarayjuk
GLH,luhan_province,sarai_al_jadid
GLH,majar_province,astrakhan
GLH,mangistau_province,astrakhan
GLH,mangyshlak_province,sarayjuk
GLH,mechetnaya_province,kazan
GLH,meleuz_province,kazan
GLH,mikhaylovka_province,sarai_al_jadid
GLH,nura_province,almaty
GLH,oleshia_province,constantinople
GLH,omsk_province,chimgi_tura
GLH,or_qapi_province,kaffa
GLH,orhei_province,constantinople
GLH,penza_province,kazan
GLH,piterka_province,sarayjuk
GLH,pologoye_zaymishche_province,astrakhan
GLH,privolnoye_province,sarai_al_jadid
GLH,priyutnoye_province,astrakhan
GLH,qalancak_province,constantinople
GLH,qashliq_province,chimgi_tura
GLH,ryn_province,sarayjuk
GLH,samara_province,kazan
GLH,saratov_province,astrakhan
GLH,sarov_province,kazan
GLH,sartlan_province,chimgi_tura
GLH,sarybulak_province,almaty
GLH,sarykopa_province,chimgi_tura
GLH,sarysu_province,samarkand
GLH,semikarakorsk_province,sarai_al_jadid
GLH,sergiyevsk_province,kazan
GLH,shagiz_province,sarayjuk
GLH,sighnaq_province,samarkand
GLH,simbirsk_province,kazan
GLH,simsir_province,astrakhan
GLH,sorochinskaya_province,kazan
GLH,sozak_province,samarkand
GLH,stavropol_province,sarai_al_jadid
GLH,surgut_province,chimgi_tura
GLH,suzun_province,chimgi_tura
GLH,syun_province,kazan
GLH,tambov_province,moscow
GLH,tana_province,sarai_al_jadid
GLH,tara_province,chimgi_tura
GLH,tarankol_province,chimgi_tura
GLH,taskala_province,sarayjuk
GLH,terek_province,astrakhan
GLH,tobolsk_province,chimgi_tura
GLH,tokrau_province,almaty
GLH,tomsk_province,chimgi_tura
GLH,torgovytsia_province,kyiv
GLH,troitskoye_kuroedovo_province,kazan
GLH,tula_russia_province,moscow
GLH,turgay_province,chimgi_tura
GLH,ufa_province,kazan
GLH,uil_province,sarayjuk
GLH,upper_emba_province,sarayjuk
GLH,ural_province,kazan
GLH,uren_province,kazan
GLH,ust_tsimla_province,sarai_al_jadid
GLH,ust_yurt_province,urgench
GLH,verkh_chebula_province,chimgi_tura
GLH,vinnytsia_province,kyiv
GLH,voronezh_province,sarai_al_jadid
GLH,yangikent_province,urgench
GLH,yaransk_province,kazan
GLH,yelan_province,sarai_al_jadid
GLH,yelanets_province,kyiv
GLH,yelets_province,sarai_al_jadid
GLH,yetkul_province,chimgi_tura
GLH,zamyany_province,astrakhan
GLH,zaporizhzhia_province,kyiv
GLH,zhamshy_province,almaty
GLH,zharkol_province,chimgi_tura
GLI,balor,leh
GLM,galich_province,moscow
GLM,totma_province,moscow
GLM,unzha_province,moscow
GLN,thuringer_wald_province,nuremberg
GLO,glogow_province,prague
GLO,koscian_province,prague
GLS,antrim_province,dublin
GLU,shizhou_province,shangyuan
GMG,glamorgan_province,dublin
GMK,ruhr_province,cologne
GMK,sauerland_province,cologne
GNG,changning_province,kunming
GNJ,chamdo_province,chamdo
GNJ,gonjo_province,chamdo
GNJ,pagsho_province,chamdo
GNN,guangnan_province,kunming
GNV,savoy_province,paris
GNV,vaud_province,paris
GOA,kanara,kozhikode
GOB,ader_province,kano
GOB,gobir_province,kano
GOL,golog_province,lanzhou
GOL,ngapa_province,lanzhou
GOL,setha_province,chengdu
GOR,gorizia_province,venice
GOR,istria_province,dubrovnik
GOR,lower_carniola_province,tarnovo
GOR,south_tirol_province,venice
GOR,upper_carinthia_province,venice
GOS,harz_province,lubeck
GOW,bone_province,gowa
GOW,makassar_province,gowa
GRA,almeria_province,algiers
GRA,granada_province,sevilla
GRA,malaga_province,sevilla
GRF,bayerischer_wald_province,nuremberg
GRG,bojnurd_province,nishapur
GRG,damghan_province,nishapur
GRG,daylam_province,tabriz
GRG,faraveh_province,nishapur
GRG,gorgan_province,nishapur
GRG,konjikala_province,nishapur
GRG,qazvin_province,tabriz
GRG,rey_province,isfahan
GRG,tabaristan_province,astrakhan
GRG,uzboy_province,urgench
GRG,zanjan_province,tabriz
GRK,lower_carinthia_province,nuremberg
GRL,gardr_province,gardr
GRL,herjolfnes_province,gardr
GRM,karahisar_province,constantinople
GRM,kutahya_province,constantinople
GRM,sivrihisar_province,constantinople
GRM,usak_province,constantinople
GRR,hatun_kanar_province,chinchay
GRS,gorodets_province,moscow
GRT,gorontalo_province,ternate
GRY,bern_province,cologne
GRY,vaud_province,cologne
GSW,seenplatte_province,lubeck
GUB,urbino_province,genoa
GUG,guge_province,leh
GUG,purang_province,leh
GUG,rutok_province,leh
GUR,nungu_province,kano
GWA,gird,varanasi
GWI,gwiriko_province,niani
GWL,garhwal_province,delhi
GWR,glamorgan_province,dublin
GYE,gyelrong_province,chengdu
GYO,gayogohono_province,canajoharie
GYT,lijiang_province,kunming
GZH,liping_province,shangyuan
HAB,aargau_province,cologne
HAB,eastern_styria_province,nuremberg
HAB,eastern_upper_swabia_province,nuremberg
HAB,hegau_province,cologne
HAB,lower_carinthia_province,venice
HAB,lower_carniola_province,venice
HAB,lower_styria_province,tarnovo
HAB,middle_styria_province,nuremberg
HAB,muhlviertel_province,nuremberg
HAB,ober_dem_manhartsberg_province,nuremberg
HAB,ober_dem_wienerwald_province,nuremberg
HAB,schaunberg_province,nuremberg
HAB,schwarzwald_province,cologne
HAB,thurgau_province,cologne
HAB,traungau_province,nuremberg
HAB,unter_dem_manhartsberg_province,nuremberg
HAB,unter_dem_wienerwald_province,nuremberg
HAB,upper_alsace_province,cologne
HAB,upper_carinthia_province,venice
HAB,upper_carniola_province,venice
HAB,upper_styria_province,nuremberg
HAB,vaud_province,cologne
HAB,waldstatte_province,cologne
HAB,western_upper_swabia_province,cologne
HAC,rhine_valley_province,cologne
HAD,hadoti,varanasi
HAG,lower_alsace_province,cologne
HAI,hainaut_province,paris
HAL,belz_province,krakow
HAL,drohobych_province,krakow
HAL,eastern_podolia_province,kyiv
HAL,halych_province,krakow
HAL,lviv_province,krakow
HAL,pocutia_province,krakow
HAL,przemysl_province,krakow
HAL,sanok_province,krakow
HAL,terebovlia_province,krakow
HAL,western_podolia_province,kyiv
HAL,zhydachiv_province,krakow
HAM,elbmarch_province,lubeck
HAW,hawaii_province,o_ahu
HBG,julich_province,cologne
HBN,barza_province,tabriz
HBN,miyaneh_province,tabriz
HBN,tabriz_province,tabriz
HBR,kraichgau_province,cologne
HBS,magdeburger_borde_province,lubeck
HCH,markahuamachuco_province,chinchay
HCI,canik_province,trebizond
HCN,quanning_province,dadu
HCN,shilingol_province,dadu
HCN,taoer_province,dadu
HCN,xiliao_province,dadu
HDH,hanover_province,lubeck
HDH,harz_province,lubeck
HDN,golpayegan_province,isfahan
HDN,hamadan_province,isfahan
HDR,sahrazur_province,baghdad
HDY,hadiya_province,axum
HEH,swabian_alb_province,cologne
HEL,dzilam_province,mayapan
HEL,ekab_province,mayapan
HES,hessen_bergland_province,lubeck
HES,vogelsberg_province,cologne
HES,wetterau_province,cologne
HEZ,hezhou_province,lanzhou
HHB,neckar_province,cologne
HHB,swabian_alb_province,cologne
HHP,htamanthi_province,pinya
HIJ,bolon_province,ilan_hala
HIY,gapsan_province,kaesong
HIY,gyongseong_province,dadu
HJZ,tlaxcala_province,azcapotzalco
HKK,amadiya_province,tabriz
HKM,putao_province,pinya
HKZ,ryuukyuu_province,hangzhou
HLF,swabian_alb_province,cologne
HLG,ahvaz_province,baghdad
HLG,baghdad_province,baghdad
HLG,basra_province,baghdad
HLG,bataih_province,baghdad
HLG,batin_province,baghdad
HLG,hulwan_province,baghdad
HLG,ramhormoz_province,hormuz
HLG,wasit_province,baghdad
HLL,kufa_province,baghdad
HLN,hamheung_province,kaesong
HLN,tumen_province,dadu
HMD,beysehir_province,constantinople
HMD,hamid_province,constantinople
HMD,mugla_province,constantinople
HNA,wetterau_province,cologne
HNB,frankenwald_province,nuremberg
HNB,main_franconia_province,nuremberg
HNB,thuringer_wald_province,nuremberg
HNC,tumen_province,dadu
HNK,wari_province,chinchay
HNK,wari_willka_province,chinchay
HNV,kanara,kozhikode
HNY,sahrazur_province,baghdad
HNZ,hunza,leh
HOH,swabian_alb_province,cologne
HOL,north_holland_province,bruges
HOL,south_holland_province,bruges
HOR,nyarong_province,chengdu
HOR,tehor_province,chamdo
HOT,upper_songhua_province,dadu
HOX,lippe_province,lubeck
HOY,middle_weser_province,lubeck
HPL,holstein_province,lubeck
HPL,lubeck_province,lubeck
HQG,heqing_province,kunming
HRB,khulays_province,mecca
HRB,medina_province,mecca
HRB,taif_province,mecca
HRC,ishma_province,chinchay
HRL,adal_province,adan
HRN,limburg_province,bruges
HRO,greater_ussuri_province,ilan_hala
HSC,orhei_province,sarai_al_jadid
HSE,hsenwi_province,pinya
HSE,monghsu_province,pinya
HSE,mongnai_province,pinya
HSF,vogelsberg_province,cologne
HSI,hsipaw_province,pinya
HSI,mongpai_province,pinya
HSL,banavasi,kozhikode
HSL,bangalore_province,pazhaverkadu
HSL,baramahal,pazhaverkadu
HSL,chitradurga_province,kozhikode
HSL,kongu_nadu,kozhikode
HSL,mysore_plateau,kozhikode
HSL,southern_rayalaseema,pazhaverkadu
HSL,tondai_nadu,pazhaverkadu
HSN,diyarbekir_province,tabriz
HSN,hasankeyf_province,tabriz
HSP,holstein_province,lubeck
HST,tuxpan_province,mayapan
HTN,balti_moldova_province,sarai_al_jadid
HTN,dorohei_province,krakow
HTR,holstein_province,lubeck
HTY,taman_province,kaffa
HTZ,autlan_province,azcapotzalco
HUI,upper_songhua_province,dadu
HUN,bacs_province,pest
HUN,baranya_province,pest
HUN,bihar_province,pest
HUN,bjelovar_province,pest
HUN,buda_province,pest
HUN,csanad_province,pest
HUN,csongrad_province,pest
HUN,doboka_province,pest
HUN,east_banat_province,pest
HUN,feher_province,pest
HUN,fejer_province,pest
HUN,heves_province,pest
HUN,hont_province,pest
HUN,kiralyfold_province,pest
HUN,kraszna_province,pest
HUN,macva_province,pest
HUN,maramaros_province,pest
HUN,nograd_province,pest
HUN,pest_province,pest
HUN,pozsony_province,pest
HUN,somogy_province,pest
HUN,sopron_province,pest
HUN,sumadija_province,pest
HUN,szabolcs_province,pest
HUN,szatmar_province,pest
HUN,szekelyfold_province,pest
HUN,szepes_province,krakow
HUN,szolnok_province,pest
HUN,torda_province,pest
HUN,trencsen_province,pest
HUN,una_sana_province,pest
HUN,vas_province,pest
HUN,vukovar_syrmia_province,pest
HUN,west_banat_province,pest
HUN,zagreb_province,pest
HUN,zala_province,pest
HUN,zarand_hun_province,pest
HUN,zemplen_province,pest
HUR,mudan_province,ilan_hala
HUR,sanjiang_province,ilan_hala
HUT,nafud_province,alexandria
HUT,sirhan_province,damascus
HUX,tlalnahuac_province,azcapotzalco
HVB,prignitz_province,lubeck
HYC,tetzapotitlan_province,mayapan
HYM,galway_province,dublin
HYM,roscommon_province,dublin
HYT,taman_province,kaffa
HYT,tuapse_province,kaffa
HZH,liping_province,shangyuan
HZN,bitlis_province,tabriz
HZP,behbahan_province,hormuz
HZP,dezful_province,baghdad
HZP,golpayegan_province,isfahan
HZP,izeh_province,isfahan
HZP,qumisha_province,isfahan
HZP,ramhormoz_province,hormuz
HZR,diyarbekir_province,trebizond
HZR,hasankeyf_province,tabriz
IAS,bacau_province,constantinople
IAS,dorohei_province,constantinople
IAS,iasi_province,sarai_al_jadid
IBL,ibalong_province,maynila
ICE,east_farthing,skalholt
ICE,north_farthing,skalholt
ICE,south_farthing,skalholt
ICE,west_farthing,skalholt
ICM,ishma_province,chinchay
IDR,sarasvata,khambat
IFA,adal_province,adan
IFA,ajan_province,mogadishu
IFA,ciid_province,adan
IFA,guban_province,adan
IFA,haud_province,adan
IFA,ifat_province,adan
IFA,majerteen_province,mogadishu
IFA,mora_province,adan
IFA,mudugh_province,mogadishu
IFE,ife_province,benin
IHB,talish_province,tabriz
IJB,ijebu_province,benin
IJE,north_benin_province,benin
IJO,armagnac_province,paris
IJS,ife_province,benin
ILU,smaller_ussuri_province,dadu
IMA,dublin_province,dublin
IMN,greater_ussuri_province,shangyuan
IMO,romagna_province,genoa
INA,usak_province,constantinople
INH,inhambane_province,sofala
INI,donegal_province,dublin
INJ,abarkuh_province,isfahan
INJ,ardestan_province,isfahan
INJ,deh_kord_province,isfahan
INJ,firuzabad_province,hormuz
INJ,isfahan_province,isfahan
INJ,istakhr_province,isfahan
INJ,jahrom_province,hormuz
INJ,kazerun_province,hormuz
INJ,qala_safid_province,hormuz
INJ,qumisha_province,isfahan
INJ,shiraz_province,isfahan
INO,kuyavia_province,krakow
INR,riau_indragiri_province,surabaya
INR,riau_kampar_province,temasek
IRD,antankarana_province,kilwa_kisiwani
ISL,shiewhibak_province,ialophaybo
ISO,igbomina_province,benin
ITU,middle_songhua_province,dadu
ITZ,otolum_province,noh_peten
ITZ,tabacoh_province,mayapan
ITZ,tah_itza_province,noh_peten
IVG,down_province,dublin
IXA,cihuatlan_province,azcapotzalco
IXL,coixtlahuacan_province,zaachila
IXT,tetela_province,azcapotzalco
IYA,igbomina_province,benin
IZC,tochtepec_province,mayapan
IZO,tlalnahuac_province,azcapotzalco
JAL,ardabil_province,tabriz
JAL,arran_province,tabriz
JAL,baghdad_province,baghdad
JAL,barza_province,tabriz
JAL,bijar_province,tabriz
JAL,hulwan_province,baghdad
JAL,kachen_province,tabriz
JAL,khoy_province,tabriz
JAL,miyaneh_province,tabriz
JAL,mosul_province,baghdad
JAL,mughan_province,tabriz
JAL,samarra_province,baghdad
JAL,syunik_province,tabriz
JAL,tabriz_province,tabriz
JAL,urmia_province,tabriz
JAL,zanjan_province,tabriz
JAP,aki_province,kyoto
JAP,awa_province,kyoto
JAP,bicchuu_province,kyoto
JAP,bingo_province,kyoto
JAP,bizen_province,kyoto
JAP,bungo_province,kyoto
JAP,buzen_province,kyoto
JAP,chikugo_province,kyoto
JAP,chikuzen_province,kyoto
JAP,ecchuu_province,akita
JAP,echigo_province,akita
JAP,echizen_province,kyoto
JAP,harima_province,kyoto
JAP,hida_province,akita
JAP,higo_province,kyoto
JAP,hitachi_province,kyoto
JAP,hizen_province,kyoto
JAP,houki_province,kyoto
JAP,hyuuga_province,kyoto
JAP,inaba_province,kyoto
JAP,ise_province,kyoto
JAP,iwaki_province,akita
JAP,iwami_province,kyoto
JAP,iwase_province,akita
JAP,iyo_province,kyoto
JAP,izu_province,kyoto
JAP,izumo_province,kyoto
JAP,kaga_province,kyoto
JAP,kai_province,kyoto
JAP,kazusa_province,kyoto
JAP,kii_province,kyoto
JAP,kouzuke_province,kyoto
JAP,mikawa_province,kyoto
JAP,mimasaka_province,kyoto
JAP,mino_province,kyoto
JAP,musashi_province,kyoto
JAP,nagato_province,kyoto
JAP,noto_japan_province,akita
JAP,oosumi_province,kyoto
JAP,oumi_province,kyoto
JAP,owari_province,kyoto
JAP,rikuchuu_province,akita
JAP,rikuou_province,akita
JAP,rikuzen_province,akita
JAP,sado_province,akita
JAP,sagami_province,kyoto
JAP,sanuki_province,kyoto
JAP,satsuma_province,kyoto
JAP,settsu_province,kyoto
JAP,shima_province,kyoto
JAP,shimotsuke_province,kyoto
JAP,shimousa_province,kyoto
JAP,shinano_province,akita
JAP,suou_province,kyoto
JAP,suruga_province,kyoto
JAP,tajima_province,kyoto
JAP,tanba_province,kyoto
JAP,tango_province,kyoto
JAP,tootoumi_province,kyoto
JAP,tosa_province,kyoto
JAP,tsushima_province,kyoto
JAP,ugo_province,akita
JAP,uzen_province,akita
JAP,yamashiro_province,kyoto
JAP,yamato_province,kyoto
JAW,legnica_province,lubeck
JAW,oberlausitz_province,prague
JBL,garhwal_province,delhi
JBL,kangra_province,delhi
JEV,east_friesland_province,lubeck
JFN,jaffna_province,pazhaverkadu
JFN,vanni,pazhaverkadu
JHI,jangladesh,delhi
JHT,muling_province,dadu
JIZ,hezhou_province,lanzhou
JJK,lower_bundelkhand_province,varanasi
JJK,upper_bundelkhand_province,varanasi
JKR,bojnurd_province,nishapur
JKR,esfarayen_province,nishapur
JKR,mashhad_province,nishapur
JKR,nishapur_province,nishapur
JKR,tejend_province,nishapur
JLM,amadiya_province,tabriz
JLM,bitlis_province,tabriz
JLM,van_province,tabriz
JLO,ternate_province,ternate
JLO,tidore_province,ternate
JLR,godwar,khambat
JLR,marwar,khambat
JLR,sarasvata,khambat
JLW,jhalavad,khambat
JLY,jizzakh_province,samarkand
JLY,khujand_province,samarkand
JMB,lower_jambi_province,temasek
JMB,upper_jambi_province,temasek
JNG,halar,khambat
JNG,sorath,khambat
JNT,kachari_province,chittagong
JNT,meghalaya_province,chittagong
JOL,baol_province,niani
JOL,cayor_province,sevilla
JOL,jolof_province,niani
JOL,saloum_province,niani
JOL,siine_province,niani
JOL,waalo_province,niani
JPO,kalahandi_garjat,kataka
JRN,balaw_province,adan
JRN,suakin_province,mecca
JRW,al_ahsa_province,al_ahsa
JRW,batin_province,al_ahsa
JRW,nita_province,al_ahsa
JRW,qatar_province,al_ahsa
JRW,yabrin_province,al_ahsa
JSI,linan_province,kunming
JSK,tiz_province,hormuz
JSL,jaisalmer_province,khambat
JUL,julich_province,cologne
JUL,koln_bucht_province,cologne
JUL,niederrhein_province,cologne
JUR,darab_province,hormuz
JUS,upper_songhua_province,dadu
JUX,tlachquiauhco_province,zaachila
JWR,baglana,khambat
KAB,casamance_province,niani
KAB,kaabu_province,niani
KAB,kantor_province,niani
KAI,lezgistan_province,astrakhan
KAL,kale_province,pinya
KAM,bomberai_province,surabaya
KAN,hadejia_province,kano
KAN,kano_province,kano
KAQ,kakol_kiej_province,kuskatan
KAR,aksaray_province,constantinople
KAR,beysehir_province,constantinople
KAR,icel_province,constantinople
KAR,kirsehir_province,constantinople
KAR,konya_province,constantinople
KAR,larende_province,constantinople
KAR,nigde_province,constantinople
KAS,kashin_province,moscow
KAU,maui_province,o_ahu
KBD,amasya_province,constantinople
KBD,corum_province,constantinople
KBD,sinop_province,trebizond
KBO,bornu_province,njimi
KBO,dikwa_province,njimi
KBO,kanem_province,njimi
KBO,kawar_province,njimi
KBO,manga_province,njimi
KBO,mondo_province,njimi
KBO,nguru_province,kano
KBR,macina_province,niani
KCH,karachev_province,moscow
KCH,kozelsk_province,moscow
KCH,kozlov_province,moscow
KCH,masalsk_province,moscow
KCN,kachen_province,tabriz
KDA,labinsk_province,kaffa
KDA,tuapse_province,kaffa
KDU,kuda_nadu,kozhikode
KED,kedah_province,temasek
KEE,derry_province,dublin
KEL,kermanshah_province,baghdad
KEL,nahavand_province,baghdad
KEL,sahrazur_province,baghdad
KER,shiewhibak_province,ialophaybo
KET,fon_province,benin
KGR,kangra_province,delhi
KHD,gobi_altai_province,karakorum
KHD,valley_of_the_lakes_province,karakorum
KHF,gonabad_province,nishapur
KHF,qaen_province,nishapur
KHG,taozhou_province,lanzhou
KHM,angkor_province,angkor
KHM,battambang_province,angkor
KHM,buriram_province,angkor
KHM,champasak_province,angkor
KHM,indrapura_khmer_province,angkor
KHM,ishanapura_province,angkor
KHM,khukhan_province,angkor
KHM,kracheh_province,angkor
KHM,madhyamagrama_province,vijaya
KHM,or_keo_province,angkor
KHM,peam_province,angkor
KHM,phimai_province,angkor
KHM,prey_nokor_province,angkor
KHM,savannakhet_province,angkor
KHM,southern_highland_province,angkor
KHM,stung_treng_province,angkor
KHM,thakhek_proivnce,thang_long
KHM,vyadhapura_province,angkor
KHN,bam_province,zaranj
KHN,kharan_province,zaranj
KHN,khash_province,zaranj
KHN,quetta_province,hormuz
KHN,zabol_province,zaranj
KHR,mahadeo,varanasi
KHR,upper_vidarbha,varanasi
KHS,bheri_province,varanasi
KHS,upper_ghaghara_province,delhi
KHS,west_gandak_province,varanasi
KHT,birjand_province,zaranj
KHT,farah_province,zaranj
KHT,gonabad_province,nishapur
KHT,qaen_province,zaranj
KHT,tabas_al_tamr_province,nishapur
KHT,turaythith_province,nishapur
KHU,kariyan_province,hormuz
KHU,siraf_province,hormuz
KHZ,bela_province,hormuz
KHZ,qusdar_province,hormuz
KIC,cuchumatan_province,noh_peten
KIC,zaklohpakab_province,kuskatan
KID,kildare_province,dublin
KIE,cherkasy_province,kyiv
KIE,chernihiv_province,kyiv
KIE,chornobyl_province,kyiv
KIE,donetsk_province,kyiv
KIE,ichnia_province,kyiv
KIE,karlivka_province,kyiv
KIE,kyiv_province,kyiv
KIE,lubny_province,kyiv
KIE,mazyr_province,kyiv
KIE,nizhyn_province,kyiv
KIE,olevsk_province,kyiv
KIE,ovruch_province,kyiv
KIE,pereiaslav_province,kyiv
KIE,poltava_province,kyiv
KIE,porossia_province,kyiv
KIE,sumy_province,kyiv
KIE,zhytomyr_province,kyiv
KIL,antakya_province,damascus
KIL,ayntab_province,damascus
KIM,mindanao_province,ternate
KIM,tagloc_province,ternate
KIP,taman_province,kaffa
KIR,eastern_upper_swabia_province,nuremberg
KIR,swabian_alb_province,cologne
KJA,keonjhar_province,kataka
KKA,adirondacks_province,canajoharie
KKA,kanienkehaka_province,canajoharie
KKE,huaman_karpa_province,chinchay
KKE,tucssa_province,hatunqulla
KKE,yunca_province,chinchay
KKG,lower_mahakam_province,gowa
KKL,ardabil_province,tabriz
KKL,miyaneh_province,tabriz
KKR,raigadh_garjats,kataka
KKR,ranchi_province,kataka
KLA,quetta_province,khambat
KLA,qusdar_province,hormuz
KLB,arid_province,al_hajr
KLB,yamama_province,al_hajr
KLE,niederrhein_province,cologne
KLE,ruhr_province,cologne
KLH,kalahandi_garjat,kataka
KLI,dhundhar,delhi
KLN,tver_province,moscow
KLR,hulwan_province,baghdad
KLR,kermanshah_province,baghdad
KLS,butung_province,gowa
KLT,puzhi_nadu,kozhikode
KLU,kangra_province,delhi
KLW,gwadar_province,hormuz
KLW,qusdar_province,hormuz
KMA,baro_bhuyan_province,chittagong
KMA,jalpaiguri_province,chittagong
KML,sulu_province,berune
KMM,koslin_province,lubeck
KMN,kumaon_province,delhi
KMP,allgau_province,cologne
KNA,ayaviri_province,hatunqulla
KNA,kanamarca_province,hatunqulla
KNG,kong_province,begho
KNI,rodos_province,constantinople
KNK,bastar_province,kataka
KNW,bungku_province,gowa
KNW,butung_province,gowa
KNZ,hegau_province,cologne
KOL,eifel_province,cologne
KOL,koln_bucht_province,cologne
KOL,lippe_province,cologne
KOL,ruhr_province,cologne
KOL,sauerland_province,cologne
KOR,anbuk_province,kaesong
KOR,andong_province,kaesong
KOR,cheorwon_province,kaesong
KOR,chuncheon_province,kaesong
KOR,chungju_province,kaesong
KOR,dingliao_province,liaoyang
KOR,dongnae_province,kaesong
KOR,ganggye_province,kaesong
KOR,gangneung_province,kaesong
KOR,gapsan_province,kaesong
KOR,gongju_province,kaesong
KOR,gyeongju_province,kaesong
KOR,haeju_province,kaesong
KOR,hamheung_province,kaesong
KOR,hanseong_province,kaesong
KOR,hongju_province,kaesong
KOR,hwangju_province,kaesong
KOR,jeonju_province,kaesong
KOR,jinju_province,kaesong
KOR,kaesong_province,kaesong
KOR,naju_province,kaesong
KOR,namwon_province,kaesong
KOR,seogyeong_province,kaesong
KOR,seongju_province,kaesong
KOR,suncheon_province,kaesong
KOR,uiju_province,kaesong
KOR,wonju_province,kaesong
KOS,buy_province,moscow
KOS,kostroma_province,moscow
KOW,chactemal_province,noh_peten
KOW,uaymil_province,mayapan
KPL,kalingandhra,pazhaverkadu
KPL,vengi_nadu,pazhaverkadu
KRD,biga_province,constantinople
KRD,hudavendigar_province,constantinople
KRD,karasi_province,constantinople
KRG,qarategin_province,kashgar
KRI,sahrazur_province,baghdad
KRK,sura_province,hatunqulla
KRK,uyuni_province,hatunqulla
KRM,bam_province,hormuz
KRM,harat_province,hormuz
KRM,jiroft_province,hormuz
KRM,kahnuj_province,hormuz
KRM,kerman_province,hormuz
KRM,minab_province,hormuz
KRM,rafsanjan_province,hormuz
KRM,sirjan_province,hormuz
KRM,zarand_province,hormuz
KRP,banjar_province,gowa
KRP,kuripan_province,surabaya
KRP,mendawai_province,surabaya
KRP,upper_barito_province,surabaya
KRT,adraskan_province,zaranj
KRT,badhghis_province,nishapur
KRT,gonabad_province,nishapur
KRT,herat_province,nishapur
KRT,merv_province,nishapur
KRT,torbat_e_jam_province,nishapur
KRT,turaythith_province,nishapur
KSA,qom_province,isfahan
KSH,kashmir_province,leh
KSH,punjab_hills_province,khambat
KSW,kashmir_province,leh
KSW,punjab_hills_province,leh
KTG,kengtung_province,pinya
KTL,kangra_province,delhi
KTN,kuda_nadu,kozhikode
KTS,kano_province,kano
KTS,katsina_province,kano
KTT,kulab_province,samarkand
KTU,east_gandak_province,varanasi
KTW,barza_province,tabriz
KTW,garmian_province,tabriz
KTZ,taunus_province,cologne
KTZ,untermain_province,cologne
KUR,courland_province,riga
KUS,kuskatan_province,kuskatan
KUT,halar,khambat
KUT,kutch,khambat
KYA,puzhi_nadu,kozhikode
KYB,bern_province,cologne
KZK,kozelsk_province,moscow
LAC,zaklohpakab_province,mayapan
LAC,zinacantan_province,noh_peten
LAL,lalin_province,ilan_hala
LAM,lamu_archipelago_province,kilwa_kisiwani
LAN,deheubarth_province,dublin
LAN,glamorgan_province,dublin
LAN,lancashire_province,dublin
LAU,lubeck_province,lubeck
LAV,ayutthaya_province,angkor
LAV,rayong_province,angkor
LBB,lubeck_province,lubeck
LBO,mahu_province,kunming
LBV,bayerischer_wald_province,nuremberg
LBV,chiemgau_province,nuremberg
LBV,donau_moos_province,nuremberg
LBV,gauboden_province,nuremberg
LBV,munchner_schotterebene_province,nuremberg
LBV,oberpfalzer_wald_province,nuremberg
LBV,schaunberg_province,nuremberg
LCA,ticino_province,genoa
LCK,borujerd_province,isfahan
LCK,khorramabad_province,baghdad
LCU,aargau_province,cologne
LCZ,leczyca_province,krakow
LDA,palatinate_province,cologne
LDB,erzgebirge_province,nuremberg
LDB,leipziger_bucht_province,lubeck
LDB,saale_province,lubeck
LEI,wexford_province,dublin
LEK,lezgistan_province,astrakhan
LEU,oberpfalzer_wald_province,nuremberg
LGC,legnica_province,prague
LGC,opole_province,krakow
LGE,northern_aceh_province,temasek
LGE,southern_aceh_province,temasek
LGK,kelantan_province,temasek
LGK,perak_province,temasek
LGK,trengganu_province,temasek
LGQ,sinan_province,shangyuan
LGT,ling_province,chamdo
LGT,yushu_province,chamdo
LGZ,longan_province,chengdu
LHJ,gilan_province,tabriz
LHL,punjab_hills_province,leh
LHN,maui_province,o_ahu
LIC,lower_alsace_province,cologne
LIE,liege_province,bruges
LIE,namur_province,paris
LIG,east_kra_province,temasek
LIG,thammarat_province,temasek
LIG,west_kra_province,temasek
LIM,liege_province,bruges
LIN,sicheng_province,kunming
LIN,tianzhou_province,kunming
LIT,ashmyany_province,krakow
LIT,barysaw_province,riga
LIT,breslauja_province,riga
LIT,bresta_province,krakow
LIT,grodno_province,krakow
LIT,kaunas_province,krakow
LIT,kobryn_province,krakow
LIT,lahoysk_province,riga
LIT,lida_province,krakow
LIT,medininkai_province,krakow
LIT,minsk_province,riga
LIT,mogilev_province,riga
LIT,novogrudok_province,krakow
LIT,podlasie_province,krakow
LIT,raseiniai_province,krakow
LIT,rechytsa_province,kyiv
LIT,siauliai_province,riga
LIT,suwalki_province,krakow
LIT,svir_province,riga
LIT,trakai_province,krakow
LIT,upyte_province,riga
LIT,vilkmerge_province,riga
LIT,vilnius_province,krakow
LIV,courland_province,riga
LIV,estonia_province,riga
LIV,inner_livonia_province,riga
LIV,latgalia_province,riga
LIV,north_livonia_province,riga
LIV,rotalia_province,riga
LIV,selonia_province,riga
LIV,semigalia_province,riga
LIV,south_livonia_province,riga
LJG,lanzhou_province,chamdo
LJG,lijiang_province,kunming
LLN,qujing_province,kunming
LLS,lizhou_sichuan_province,kunming
LLS,mahu_province,kunming
LLS,sichuan_province,kunming
LLU,lalin_province,dadu
LMN,eastern_bhutan_province,chittagong
LMN,western_bhutan_province,lhasa
LNA,chiang_mai_province,martaban
LNA,chiang_rai_province,thang_long
LNA,kengtung_province,pinya
LNA,muang_sing_province,thang_long
LNA,muang_yuam_province,martaban
LNG,chengjiang_province,kunming
LNG,chuxiong_province,kunming
LNG,jinning_province,kunming
LNG,yunnan_province,kunming
LNK,sambas_province,temasek
LNN,palatinate_province,cologne
LNO,agus_province,maynila
LOI,argyll_province,dublin
LOI,inner_hebrides_province,edinburgh
LOI,outer_hebrides_province,dublin
LOL,ternate_province,ternate
LOO,loon_province,bruges
LOR,hunsruck_province,cologne
LOR,pays_messin_province,cologne
LOR,pays_nancy_province,paris
LOR,sarregueminois_province,cologne
LOR,vosges_province,paris
LPG,liping_province,shangyuan
LPP,lippe_province,lubeck
LRT,flores_province,gowa
LSA,vaud_province,cologne
LST,kariyan_province,hormuz
LST,lar_province,hormuz
LST,siraf_province,hormuz
LTN,lithang_province,chamdo
LTU,duyun_province,kunming
LUB,lubeck_province,lubeck
LUC,lucca_province,genoa
LUN,aller_province,lubeck
LUN,elbmarch_province,lubeck
LUN,luneburger_heide_province,lubeck
LUP,hatunqulla_province,hatunqulla
LUR,meghalaya_province,chittagong
LUW,banggai_province,gowa
LUW,bungku_province,gowa
LUW,donggala_province,gowa
LUW,makassar_province,gowa
LUW,mamudju_province,gowa
LUW,palopo_province,gowa
LUX,east_luxembourg_province,cologne
LUX,eifel_province,cologne
LUX,liege_province,bruges
LUX,namur_province,bruges
LUX,west_luxembourg_province,bruges
LWA,lower_kosi_province,varanasi
LWA,upper_kosi_province,varanasi
LXG,qujing_province,kunming
LZI,mengzi_province,kunming
LZO,guangnan_province,kunming
MAB,cola_nadu,pazhaverkadu
MAB,kongu_nadu,pazhaverkadu
MAB,pandya_nadu,pazhaverkadu
MAB,tondai_nadu,pazhaverkadu
MAC,brecon_province,dublin
MAC,glamorgan_province,dublin
MAC,herefordshire_province,dublin
MAC,shropshire_province,dublin
MAG,altmark_province,lubeck
MAG,flaming_province,lubeck
MAG,magdeburger_borde_province,lubeck
MAG,saale_province,lubeck
MAH,mudan_province,ilan_hala
MAI,leine_province,lubeck
MAI,odenwald_province,cologne
MAI,spessart_province,cologne
MAI,tauberfranken_province,nuremberg
MAI,untermain_province,cologne
MAJ,demak_province,surabaya
MAJ,mataram_province,surabaya
MAJ,pajang_province,surabaya
MAJ,surabaya_province,surabaya
MAJ,trowulan_province,surabaya
MAK,bayuda_province,dongola
MAK,erg_selima_province,dongola
MAK,kordofan_province,dongola
MAK,makuria_province,dongola
MAK,nobatia_province,dongola
MAL,bure_province,niani
MAL,kita_province,niani
MAL,old_manding_province,niani
MAL,tengrela_province,niani
MAL,wassulu_province,niani
MAM,adana_province,alexandria
MAM,al_bayda_province,alexandria
MAM,al_jifar_province,alexandria
MAM,alexandria_province,alexandria
MAM,antakya_province,damascus
MAM,asyut_province,alexandria
MAM,ayntab_province,damascus
MAM,bahnasa_province,alexandria
MAM,buhayra_province,alexandria
MAM,cairo_province,alexandria
MAM,dakahliyya_province,alexandria
MAM,duba_province,mecca
MAM,filastin_province,alexandria
MAM,gharbiyya_province,alexandria
MAM,halab_province,damascus
MAM,hims_province,damascus
MAM,latakia_province,damascus
MAM,lebanon_province,damascus
MAM,madian_province,alexandria
MAM,minya_province,alexandria
MAM,oasis_province,alexandria
MAM,qura_province,mecca
MAM,qusiyya_province,alexandria
MAM,red_sea_coast_province,alexandria
MAM,shaam_province,damascus
MAM,sharat_province,damascus
MAM,sharqiyya_province,alexandria
MAM,tabuk_province,mecca
MAM,tih_province,alexandria
MAM,umluj_province,mecca
MAN,brescia_province,genoa
MAN,mantua_province,venice
MAN,modena_province,venice
MAN,reggioem_province,genoa
MAR,balti_province,leh
MAR,ladakh_province,leh
MAR,rutok_province,leh
MAR,spiti_province,leh
MAT,matlatzinco_province,azcapotzalco
MAU,baghelkhand,varanasi
MBA,lower_gafana_province,kilwa_kisiwani
MBD,antemoro_province,sofala
MBT,kinhasa_province,bungu_kongo
MBZ,allgau_province,cologne
MBZ,vorarlberg_province,cologne
MCC,huasteca_province,mayapan
MCI,maozhou_province,chengdu
MCI,yazhou_province,chengdu
MCM,desmond_province,dublin
MDA,khaybar_province,alexandria
MDA,medina_province,alexandria
MDA,umluj_province,mecca
MDA,yanbu_province,mecca
MDI,banaadir_province,mogadishu
MDM,tursan_province,bordeaux
MDN,ostwestphalia_province,lubeck
MDS,eifel_province,cologne
MDY,buglas_province,maynila
MDY,panay_province,maynila
MEC,hali_province,mecca
MEC,khulays_province,mecca
MEC,mecca_province,mecca
MED,akele_guzai_province,axum
MED,hamasien_province,axum
MED,serae_province,axum
MEI,elbtal_province,lubeck
MEI,erzgebirge_province,lubeck
MEM,eastern_upper_swabia_province,nuremberg
MEN,aydin_province,constantinople
MEN,mugla_province,constantinople
MET,axocopan_province,azcapotzalco
MET,metztitlan_province,azcapotzalco
MEW,mewar,khambat
MEW,vagad,khambat
MFA,monferrato_province,genoa
MFA,torino_province,genoa
MFE,saale_province,lubeck
MFK,vorarlberg_province,cologne
MGD,mindanao_province,berune
MGG,mangyul_province,lhasa
MGK,jindong_province,kunming
MGK,weiyuan_province,kunming
MGN,menglian_province,pinya
MGT,manmaw_province,pinya
MHA,mengding_province,kunming
MHC,tomatlan_province,kuskatan
MHK,hsenwi_province,pinya
MHK,yongchang_province,kunming
MHL,iboina_province,kilwa_kisiwani
MHN,shunning_province,kunming
MHT,coyolapan_province,zaachila
MHU,mahu_province,chengdu
MIC,lower_non_province,ilan_hala
MIE,lower_maine_province,paris
MIE,upper_maine_province,paris
MIH,bost_province,zaranj
MIH,farah_province,zaranj
MIH,garmsir_province,zaranj
MIH,zabol_province,zaranj
MIH,zaranj_province,zaranj
MIT,tepactitlan_province,azcapotzalco
MIX,tehuantepec_province,zaachila
MIX,tlachquiauhco_province,zaachila
MIX,tututepec_province,zaachila
MJU,mayurbhanj,kataka
MKA,hkamti_province,pinya
MKA,mongkawng_province,pinya
MKG,butung_province,gowa
MKL,schwerin_province,lubeck
MKL,seenplatte_province,lubeck
MKL,vorpommern_province,lubeck
MKN,htamanthi_province,pinya
MKR,bela_province,hormuz
MKR,gwadar_province,hormuz
MKR,qasr_qand_province,hormuz
MKR,tiz_province,hormuz
MKW,urmia_province,tabriz
MLB,manipur_province,pinya
MLE,guanxi_province,kunming
MLG,qujing_province,kunming
MLH,leine_province,lubeck
MLI,lower_gafana_province,kilwa_kisiwani
MLK,maui_province,o_ahu
MLL,mallorca_province,barcelona
MLL,nimois_province,barcelona
MLL,rosello_province,barcelona
MLM,mengding_province,kunming
MLM,menglian_province,pinya
MLN,matlatzinco_province,azcapotzalco
MLO,bergamo_province,genoa
MLO,cremona_province,genoa
MLO,milano_province,genoa
MLO,monza_province,genoa
MLO,novara_province,genoa
MLO,piacenza_province,genoa
MLO,ticino_province,genoa
MLO,valtellina_province,genoa
MLT,hatun_kanar_province,chinchay
MMA,mangshi_province,pinya
MMA,putao_province,pinya
MMA,tengchong_province,pinya
MMA,yongchang_province,pinya
MMM,cuchumatan_province,kuskatan
MMM,zaklohpakab_province,kuskatan
MNA,katagalugan_province,maynila
MND,mondovi_province,genoa
MNI,monghsu_province,pinya
MNI,mongnai_province,pinya
MNJ,perak_province,temasek
MNL,aksu_province,kashgar
MNN,inner_hebrides_province,dublin
MNU,baram_province,berune
MNU,lower_rajang_province,berune
MNZ,huizhou_shaanxi_province,lanzhou
MNZ,jiezhou_province,lanzhou
MNZ,minzhou_province,lanzhou
MNZ,songpan_province,chengdu
MOG,mologa_province,moscow
MOM,kinhasa_province,bungu_kongo
MOM,mbanza_kongo_province,bungu_kongo
MON,pays_france_province,paris
MOO,ternate_province,ternate
MOR,azghar_province,fez
MOR,cadiz_province,sevilla
MOR,dukkala_province,fez
MOR,errif_province,fez
MOR,fez_province,fez
MOR,guzzula_province,fez
MOR,habat_province,fez
MOR,haha_province,fez
MOR,haouz_province,fez
MOR,kert_province,fez
MOR,malaga_province,sevilla
MOR,marrakesh_province,fez
MOR,oran_province,algiers
MOR,oujda_province,algiers
MOR,sus_province,fez
MOR,tadla_province,fez
MOR,tamasna_province,fez
MOS,kolomna_province,moscow
MOS,moscow_province,moscow
MOS,mozhaysk_province,moscow
MOS,pereyaslavl_province,moscow
MOS,zvenigorod_province,moscow
MOU,rethelois_province,paris
MOY,argyll_province,dublin
MOY,moray_province,edinburgh
MOZ,mozambique_province,kilwa_kisiwani
MPE,mbanza_kongo_province,bungu_kongo
MPE,wizi_province,bungu_kongo
MPR,mamprusi_province,begho
MRB,saale_province,lubeck
MRC,la_marche_province,paris
MRE,muling_province,ilan_hala
MRH,yabrin_province,al_ahsa
MRM,kasimov_province,moscow
MRM,murom_province,moscow
MRN,butung_province,gowa
MRP,karangan_province,gowa
MRP,lower_mahakam_province,gowa
MRP,upper_mahakam_province,gowa
MRS,niederrhein_province,cologne
MRT,cotentin_province,paris
MRV,merv_province,nishapur
MRW,marwar,khambat
MSB,odenwald_province,cologne
MSN,chanda_province,pazhaverkadu
MSN,khammamet_province,pazhaverkadu
MSN,sirpur_province,pazhaverkadu
MSN,warangal_province,pazhaverkadu
MSO,graubunden_province,genoa
MSP,alessandria_province,genoa
MSP,lucca_province,genoa
MSP,piacenza_province,genoa
MSV,mogilev_province,riga
MSV,mstsislaw_province,riga
MSV,starodub_siverskyi_province,kyiv
MTA,marche_province,dubrovnik
MTB,amont_province,cologne
MTG,hsenwi_province,pinya
MTO,mailaka_province,kilwa_kisiwani
MTR,albania_province,dubrovnik
MTZ,pays_messin_province,paris
MTZ,sarregueminois_province,cologne
MTZ,vosges_province,cologne
MUA,muang_phuan_province,thang_long
MUA,muang_sing_province,thang_long
MUA,muang_sua_province,thang_long
MUA,vientiane_province,thang_long
MUA,xam_neua_province,thang_long
MUH,suifun_province,dadu
MUI,maui_province,o_ahu
MUL,upper_alsace_province,cologne
MUN,emsland_province,cologne
MUN,middle_weser_province,lubeck
MUN,munsterland_province,cologne
MUR,upper_alsace_province,cologne
MUS,bitlis_province,tabriz
MUT,al_hisu_province,al_hajr
MUT,fadak_province,mecca
MUT,hinakiyah_province,mecca
MVA,brnensko_province,prague
MVA,hradistsko_province,prague
MVA,olomoucko_province,prague
MVA,znojemsko_province,prague
MWO,weiyuan_province,kunming
MXT,tepactitlan_province,azcapotzalco
MYA,mongkawng_province,pinya
MYA,wuntho_province,pinya
MYI,katagalugan_province,maynila
MYI,mait_province,maynila
MYM,wari_province,chinchay
MYO,mayo_province,dublin
MZB,mzab_province,tunis
MZF,abarkuh_province,isfahan
MZF,ardestan_province,isfahan
MZF,harat_province,hormuz
MZF,rafsanjan_province,isfahan
MZF,tabas_al_tamr_province,isfahan
MZF,yazd_province,isfahan
MZF,zarand_province,isfahan
MZJ,safhat_jibal_province,baghdad
MZK,albania_province,dubrovnik
MZN,rustamdar_province,tabriz
MZN,tabaristan_province,tabriz
MZT,xalapa_province,mayapan
NAG,hunza,leh
NAL,hulan_province,ilan_hala
NAM,namur_province,bruges
NAP,abruzzo_citra_province,naples
NAP,abruzzo_ultra_province,naples
NAP,bari_province,dubrovnik
NAP,basilicata_province,naples
NAP,calabria_citra_province,naples
NAP,calabria_ultra_province,naples
NAP,capitanata_province,naples
NAP,lavoro_province,naples
NAP,molise_province,naples
NAP,otranto_province,naples
NAP,principato_citra_province,naples
NAP,principato_ultra_province,naples
NAV,alava_province,burgos
NAV,bayonne_province,bordeaux
NAV,navarre_province,bordeaux
NAX,naxos_province,constantinople
NBH,nubhor_province,chamdo
NCN,nangchen_province,chamdo
NCN,yushu_province,chamdo
NDN,nandan_province,kunming
NEG,euboea_province,constantinople
NEL,hegau_province,cologne
NEM,lower_non_province,ilan_hala
NEO,neopatras_province,constantinople
NEU,neuchatel_province,cologne
NEV,nevernais_province,paris
NEY,upper_songhua_province,dadu
NGD,ghazni_province,kabul
NGD,kandahar_province,kabul
NGD,quetta_province,kabul
NGL,sumbawa_province,surabaya
NGZ,linan_province,kunming
NGZ,malongtalang_province,kunming
NHS,harz_province,lubeck
NID,wetterau_province,cologne
NIE,middle_weser_province,lubeck
NLG,sicheng_province,kunming
NLG,xilong_province,kunming
NLU,heni_province,kunming
NLU,mengzi_province,kunming
NMB,saale_province,lubeck
NMD,wroclaw_province,prague
NMS,olesnica_province,prague
NND,coyolapan_province,zaachila
NNN,mengzi_province,kunming
NOR,agder_province,oslo
NOR,akershus_province,oslo
NOR,bergenhus_province,oslo
NOR,bohus_province,oslo
NOR,buskerud_province,oslo
NOR,dalarna_province,oslo
NOR,finnmark_province,kazan
NOR,hedmark_province,oslo
NOR,jamtland_province,stockholm
NOR,nor_trondelag_province,oslo
NOR,nordland_province,oslo
NOR,northern_isles_province,dublin
NOR,oppland_province,oslo
NOR,ostfold_province,oslo
NOR,rogaland_province,oslo
NOR,romsdalen_province,oslo
NOR,sogn_province,oslo
NOR,sor_trondelag_province,oslo
NOR,troms_province,oslo
NOR,vestfold_province,oslo
NOV,aunus_karelia_province,novgorod
NOV,belozerskaya_province,novgorod
NOV,bezhetsk_province,moscow
NOV,bezhetskaya_province,novgorod
NOV,derevskaya_province,novgorod
NOV,inner_aunus_karelia_province,novgorod
NOV,kargopol_province,novgorod
NOV,kholmogory_province,moscow
NOV,knyazhaya_province,novgorod
NOV,korela_province,novgorod
NOV,lopskaya_province,novgorod
NOV,luzhkaya_province,novgorod
NOV,nagornaya_province,novgorod
NOV,obonezhskaya_province,novgorod
NOV,onega_province,moscow
NOV,pomorye_province,moscow
NOV,rzhev_province,novgorod
NOV,rzhevskaya_province,novgorod
NOV,shenkursk_province,moscow
NOV,torzhok_province,moscow
NOV,totma_province,moscow
NOV,tverskaya_province,novgorod
NOV,ustye_province,moscow
NOV,velsk_province,moscow
NOV,vodskaya_province,novgorod
NOV,volkhovskaya_province,novgorod
NOV,vologda_province,moscow
NOV,white_karelia_province,novgorod
NOV,yaren_province,moscow
NOV,yazhelbitskaya_province,novgorod
NOV,yemetsk_province,moscow
NOV,zaonezhye_province,novgorod
NOV,zvenigorod_province,moscow
NPG,chongqing_province,shangyuan
NQS,atbai_province,mecca
NRB,narbonnais_province,paris
NRI,east_igbo_province,benin
NRI,enugu_province,benin
NRI,west_igbo_province,benin
NRK,novogrudok_province,krakow
NRK,slonin_province,krakow
NRK,vawkavysk_province,krakow
NRM,caennais_province,paris
NRM,caux_province,paris
NRM,cotentin_province,paris
NRM,ebroicien_province,paris
NRM,rouennais_province,paris
NRO,sanjiang_province,ilan_hala
NRP,kangra_province,delhi
NRS,orissa_garjats,kataka
NSH,taunus_province,cologne
NSI,taunus_province,cologne
NSL,novosil_province,sarai_al_jadid
NSL,odoyev_province,moscow
NSR,banjar_province,surabaya
NSR,lower_mahakam_province,gowa
NSR,paser_province,gowa
NSS,sauerland_province,cologne
NSS,taunus_province,cologne
NSU,kinhasa_province,bungu_kongo
NSW,taunus_province,cologne
NTA,ishma_province,chinchay
NTL,iboina_province,kilwa_kisiwani
NUP,nupe_province,benin
NUP,south_zazzau_province,benin
NUR,ries_province,nuremberg
NVS,novhorod_siverskyi_province,kyiv
NWG,stettin_province,lubeck
NWU,heni_province,kunming
NWU,simao_province,kunming
NYA,nyarong_province,chengdu
NYM,iboina_province,kilwa_kisiwani
NYS,opavsko_province,krakow
NYS,wroclaw_province,krakow
NYZ,heni_province,kunming
NZH,nizhny_novgorod_province,moscow
NZN,ryuukyuu_province,hangzhou
OAH,maui_province,o_ahu
OAP,tlapan_province,azcapotzalco
OBW,waldstatte_province,cologne
OEL,olesnica_province,prague
OET,hohenloher_ebene_province,nuremberg
OET,neckar_province,cologne
OFB,rhine_valley_province,cologne
OGE,altay_province,turpan
OGE,kayalyk_province,almaty
OGE,kurchum_province,turpan
OGE,zmeinogorsk_province,chimgi_tura
OGL,ouargla_province,tunis
OHK,shiewhibak_province,ialophaybo
OIL,oriel_province,dublin
OKE,igbomina_province,benin
OLD,wesermarch_province,lubeck
OMA,nizwa_province,hormuz
OMT,tlapan_province,zaachila
OND,north_benin_province,benin
ONN,onondowaga_province,canajoharie
ONO,onondagega_province,canajoharie
ONW,darbhanga_province,varanasi
ONW,purnia_province,varanasi
ONY,onyotaaka_province,canajoharie
ONY,oswegatchie_province,canajoharie
OPL,opole_province,prague
OPV,opavsko_province,prague
ORA,avignonnais_province,genoa
ORD,tipperary_province,dublin
ORE,korela_province,novgorod
ORE,lopskaya_province,novgorod
ORI,ganjam_garjats,kataka
ORI,orissa_garjats,kataka
ORI,rajabandi,kataka
ORK,northern_isles_province,oslo
ORM,al_ahsa_province,al_ahsa
ORM,batina_province,hormuz
ORM,gamrun_province,hormuz
ORM,julfar_province,hormuz
ORM,masqat_province,hormuz
ORM,minab_province,hormuz
ORM,ramhormoz_province,hormuz
ORM,siraf_province,hormuz
ORT,lower_carniola_province,venice
ORT,upper_carinthia_province,venice
OSN,emsland_province,cologne
OSN,ostwestphalia_province,lubeck
OSS,kilkenny,dublin
OSW,szczyrzyc_province,krakow
OTA,cuetlaxtlan_province,mayapan
OTC,chol_province,ilan_hala
OTC,lalin_province,ilan_hala
OTC,lower_non_province,ilan_hala
OTC,middle_songhua_province,liaoyang
OTC,nuomin_province,ilan_hala
OTC,taoer_province,dadu
OTC,xiliao_province,liaoyang
OTO,tetzcoco_province,azcapotzalco
OTO,tlapacoya_province,azcapotzalco
OUA,mouhoun_province,niani
OUA,ouagadougou_province,niani
OUA,wa_province,begho
OWO,north_benin_province,benin
OXT,metztitlan_province,azcapotzalco
OYO,borgu_province,benin
OYO,ife_province,benin
OYO,igbomina_province,benin
OYO,oyo_province,benin
OZL,huasteca_province,mayapan
OZT,temascaltepec_province,azcapotzalco
OZU,atepec_province,zaachila
PAD,padua_province,venice
PAH,johor_province,temasek
PAH,kelantan_province,temasek
PAH,pahang_province,temasek
PAL,franconian_alb_province,nuremberg
PAL,frankische_schweiz_province,nuremberg
PAL,kraichgau_province,cologne
PAL,oberpfalzer_wald_province,nuremberg
PAL,palatinate_province,cologne
PAL,untermain_province,cologne
PAN,puan_province,kunming
PAP,avignonnais_province,genoa
PAP,campagna_province,naples
PAP,marittima_province,naples
PAP,patrimonio_province,naples
PAP,principato_ultra_province,naples
PAP,spoleto_province,naples
PAR,parma_province,genoa
PAT,achaea_province,dubrovnik
PAV,pavia_province,genoa
PCD,youyang_province,shangyuan
PCJ,sura_province,hatunqulla
PCJ,tiwanaku_province,hatunqulla
PCO,tucssa_province,chinchay
PCR,wari_province,chinchay
PDB,lippe_province,cologne
PDG,pingyue_province,kunming
PDK,opole_province,prague
PDN,anshun_province,kunming
PDU,kutta_nadu,kozhikode
PEA,arezzo_province,genoa
PEA,perugia_province,genoa
PEG,martaban_province,martaban
PEG,myaungmya_province,martaban
PEG,pathein_province,martaban
PEG,pegu_province,martaban
PEG,thaton_province,martaban
PEM,zanzibar_province,kilwa_kisiwani
PER,perigord_province,paris
PES,urbino_province,venice
PGB,wusawei_province,shangyuan
PGL,jangladesh,delhi
PGS,pampanga_province,maynila
PGS,samtoy_province,maynila
PHY,chiang_rai_province,martaban
PHY,phrae_province,martaban
PIE,torino_province,genoa
PIG,acamama_province,hatunqulla
PIN,hsipaw_province,pinya
PIN,kale_province,pinya
PIN,pagan_province,pinya
PIN,pinya_province,pinya
PIN,pyay_province,pinya
PIN,salin_province,pinya
PIN,taungoo_province,pinya
PIS,grosseto_province,naples
PIS,pisa_province,genoa
PJT,donggala_province,gowa
PJT,gorontalo_province,ternate
PKR,mamudju_province,gowa
PLA,orissa_garjats,kataka
PLB,bangka_province,temasek
PLB,bengkulu_province,surabaya
PLB,lampung_province,surabaya
PLB,lower_musi_province,surabaya
PLB,ogan_province,surabaya
PLB,tulangbawang_province,surabaya
PLB,upper_musi_province,temasek
PLE,cork_province,dublin
PLE,dublin_province,dublin
PLE,kilkenny,dublin
PLE,limerick_province,dublin
PLE,meath_province,dublin
PLE,oriel_province,dublin
PLE,waterford_province,dublin
PLE,wexford_province,dublin
PLK,plock_province,krakow
PLK,rawa_province,krakow
PLL,katagalugan_province,maynila
PLN,vogtland_province,nuremberg
PLT,gohilwad,khambat
PMB,deheubarth_province,dublin
PMS,upper_prussia_province,krakow
PNA,jangladesh,delhi
PNC,kashmir_province,leh
PNI,pannai_province,temasek
PNK,kletsk_province,krakow
PNK,pinsk_province,krakow
PNK,turov_province,krakow
POK,dzisna_province,riga
POK,polotsk_province,riga
POL,checiny_province,krakow
POL,czestochowa_province,krakow
POL,gniezno_province,krakow
POL,kalisz_province,krakow
POL,konin_province,krakow
POL,koscian_province,krakow
POL,krakow_province,krakow
POL,kuyavia_province,krakow
POL,lublin_province,krakow
POL,naklo_province,krakow
POL,nowy_sacz_province,krakow
POL,pilzno_province,krakow
POL,poznan_province,krakow
POL,pyzdry_province,krakow
POL,radom_province,krakow
POL,sandomierz_province,krakow
POL,szczyrzyc_province,krakow
POL,wielun_province,krakow
POL,znin_province,krakow
POO,pemako_province,lhasa
POO,poyul_province,lhasa
POO,zayul_province,chamdo
POR,algarve_province,lisbon
POR,alto_alentejo_province,lisbon
POR,baixo_alentejo_province,lisbon
POR,beira_alta_province,lisbon
POR,beira_baixa_province,lisbon
POR,beira_litoral_province,lisbon
POR,estremadura_province,lisbon
POR,minho_province,lisbon
POR,ribatejo_province,lisbon
POR,tras_os_montes,lisbon
POS,powys_province,dublin
PPT,tlatlauquitepec_province,mayapan
PRA,florence_province,genoa
PRC,perche_province,paris
PRK,pronsk_province,moscow
PRK,rostislavl_province,moscow
PRM,beryozovka_province,kazan
PRM,cherdyn_province,kazan
PRM,igra_province,kazan
PRM,karagay_province,kazan
PRM,kasevo_province,kazan
PRM,lalsk_province,kazan
PRM,nema_province,kazan
PRM,ochyor_province,kazan
PRM,omutninsk_province,kazan
PRM,perm_province,kazan
PRM,sarapul_province,kazan
PRM,usolye_province,kazan
PRM,ust_sysola_province,kazan
PRM,vukyl_province,kazan
PRO,aquisextain_province,genoa
PRO,avignonnais_province,genoa
PRO,dignois_province,genoa
PRO,dracenois_province,genoa
PRO,nice_province,genoa
PRO,saluzzo_province,genoa
PRT,marwar,delhi
PSA,northern_aceh_province,temasek
PSK,north_pskov_province,novgorod
PSK,south_pskov_province,novgorod
PSS,bayerischer_wald_province,nuremberg
PSS,ober_dem_wienerwald_province,nuremberg
PST,florence_province,genoa
PSZ,eifel_province,cologne
PTC,phetchaburi_province,angkor
PTE,lamu_archipelago_province,mogadishu
PTG,grosseto_province,naples
PTL,cuetlaxtlan_province,mayapan
PTN,kalahandi_garjat,kataka
PTN,sambalpur_garjats,kataka
PTP,tetela_province,azcapotzalco
PTP,tuxpan_province,azcapotzalco
PTZ,tongren_province,shangyuan
PUA,phrae_province,martaban
PUR,purang_province,leh
PYE,pingyue_province,shangyuan
QAN,cuchumatan_province,noh_peten
QCH,beshbalik_province,turpan
QCH,hami_province,turpan
QCH,karasahr_province,turpan
QCH,kurla_province,turpan
QCH,lop_nur_province,turpan
QCH,taklamakan_province,turpan
QCH,turpan_province,turpan
QGS,sizhou_guizhou_province,shangyuan
QHT,abha_province,mecca
QHT,sana_province,adan
QHT,tathlith_province,mecca
QHZ,cempohuallan_province,mayapan
QHZ,tlatlauquitepec_province,mayapan
QIG,tututepec_province,zaachila
QJG,qujing_province,kunming
QLL,tlalnahuac_province,azcapotzalco
QLM,ucungo_province,sofala
QOM,qom_province,isfahan
QTA,akele_guzai_province,axum
QTA,denkelia_province,adan
QUA,cuauhtemallan_province,kuskatan
QUA,kakol_kiej_province,kuskatan
QUB,vogtland_province,nuremberg
QUL,ayaviri_province,hatunqulla
QUL,hatunqulla_province,hatunqulla
QUN,badakhshan_province,samarkand
QUN,bamyan_province,kabul
QUN,kabul_province,kabul
QUN,kafiristan,kabul
QUN,kulab_province,samarkand
QUN,kunduz_province,kabul
QYN,qingyuan_province,kunming
RAG,south_dalmatia_province,dubrovnik
RAN,hadejia_province,kano
RAN,kano_province,kano
RAV,romagna_province,venice
RAW,ciechanow_province,krakow
RAW,lomza_province,krakow
RAW,podlasie_province,krakow
RAW,rawa_province,krakow
RBG,lippe_province,cologne
RCB,tesin_province,prague
RCC,la_marche_province,paris
RCH,golconda_province,pazhaverkadu
RCH,khammamet_province,pazhaverkadu
RDL,vogelsberg_province,cologne
RDY,kamma_nadu,pazhaverkadu
RDY,kosta,pazhaverkadu
RDY,vengi_nadu,pazhaverkadu
REG,donau_moos_province,nuremberg
RET,rethelois_province,paris
RGM,shizhou_province,shangyuan
RGS,xinzhou_sichuan_province,shangyuan
RIE,spessart_province,cologne
RIG,south_livonia_province,riga
RIM,romagna_province,venice
RJI,lata,khambat
RJR,kashmir_province,delhi
RKL,kermanshah_province,baghdad
RKL,nahavand_province,baghdad
RKS,palamau_province,varanasi
RKS,surguja,varanasi
RND,wuding_province,kunming
RNG,changning_province,kunming
RNK,gilan_province,tabriz
RNP,jhalavad,khambat
ROS,moray_province,edinburgh
ROS,outer_hebrides_province,dublin
ROS,ross_province,edinburgh
ROT,ries_province,nuremberg
ROU,soissonais_province,paris
RRU,makassar_province,gowa
RSH,gilan_province,tabriz
RSO,rostov_province,moscow
RSO,totma_province,moscow
RSO,ustye_province,moscow
RSO,vologda_province,moscow
RSO,ystyug_province,moscow
RTB,elbmarch_province,lubeck
RTP,dakshina_kosala,kataka
RTP,raipur_garjats,kataka
RUP,prignitz_province,lubeck
RUT,lezgistan_province,tbilisi
RVA,western_upper_swabia_province,cologne
RVB,ostwestphalia_province,lubeck
RYA,rostislavl_province,moscow
RYA,ryazan_province,moscow
RYL,trubchevsk_province,kyiv
RZB,lubeck_province,lubeck
RZH,rzhev_province,moscow
SAA,hunsruck_province,cologne
SAB,rhine_valley_province,cologne
SAG,hsipaw_province,pinya
SAG,manmaw_province,pinya
SAG,sagaing_province,pinya
SAG,wuntho_province,pinya
SAL,saluzzo_province,genoa
SAM,samoa_province,tongatapu
SAM,tutuila_province,tongatapu
SAN,upper_berry_province,paris
SAO,aetolia_province,constantinople
SAO,euboea_province,constantinople
SAO,noto_province,tunis
SAV,bresse_province,paris
SAV,savoy_province,paris
SAV,viennois_province,paris
SAW,sarregueminois_province,cologne
SAY,tochpan_province,azcapotzalco
SBG,santubong_province,berune
SBL,fife_province,edinburgh
SBL,galloway_province,edinburgh
SBL,lothian_province,edinburgh
SBL,perthshire_province,edinburgh
SBL,strathclyde_province,edinburgh
SBL,teviotdale_province,edinburgh
SBU,upper_kapuas_province,berune
SBY,abha_province,mecca
SBY,ar_rayn_province,al_hajr
SBY,arid_province,al_hajr
SBY,dhalam_province,mecca
SBY,ranyah_province,mecca
SBY,turbah_province,mecca
SBY,washm_province,al_hajr
SBY,yamama_province,al_hajr
SBZ,esfarayen_province,nishapur
SBZ,sabzevar_province,nishapur
SCB,hanover_province,lubeck
SCI,glogow_province,prague
SCI,legnica_province,prague
SCL,aval_province,paris
SCO,aberdeenshire_province,edinburgh
SCO,angus_province,edinburgh
SCO,argyll_province,dublin
SCO,fife_province,edinburgh
SCO,galloway_province,dublin
SCO,inner_hebrides_province,dublin
SCO,lothian_province,edinburgh
SCO,perthshire_province,edinburgh
SCO,strathclyde_province,dublin
SCO,sutherland_province,edinburgh
SCO,teviotdale_province,edinburgh
SDG,guizhou_province,kunming
SDG,shunyuan_province,shangyuan
SDR,makassar_province,gowa
SDZ,sieradz_province,krakow
SER,albania_province,dubrovnik
SER,branicevo_province,tarnovo
SER,hum_province,dubrovnik
SER,illyria_province,dubrovnik
SER,kosovo_province,dubrovnik
SER,macva_province,tarnovo
SER,nis_province,tarnovo
SER,podrinje_province,dubrovnik
SER,prilep_province,dubrovnik
SER,raska_province,dubrovnik
SER,sredets_province,tarnovo
SER,sumadija_province,tarnovo
SER,toplica_province,tarnovo
SER,vardar_province,constantinople
SER,zeta_province,dubrovnik
SER,zlatibor_province,tarnovo
SFA,pungwe_province,sofala
SFC,lower_alsace_province,cologne
SFR,esfarayen_province,nishapur
SFR,sabzevar_province,nishapur
SGH,arguin_province,niani
SGN,khalifatabad_province,chittagong
SGN,mymensingh_province,varanasi
SGN,sonargaon_province,varanasi
SGS,siming_province,thang_long
SGT,pagaruyung_province,temasek
SGT,upper_jambi_province,temasek
SGU,lower_kapuas_province,berune
SGZ,lizhou_province,shangyuan
SHB,darab_province,hormuz
SHB,jahrom_province,hormuz
SHB,shiraz_province,hormuz
SHG,sicheng_province,kunming
SHG,xilong_province,kunming
SHI,tumen_province,dadu
SHM,hail_province,al_hajr
SHM,nafud_province,mecca
SHP,beysehir_province,constantinople
SHP,karahisar_province,constantinople
SHR,jangladesh,delhi
SHS,thuringer_becken_province,lubeck
SIC,demena_province,naples
SIC,girgenti_province,naples
SIC,mazara_province,naples
SIC,noto_province,naples
SIE,grosseto_province,naples
SIE,siena_province,genoa
SIG,bone_province,gowa
SIG,makassar_province,gowa
SIR,suifun_province,dadu
SIT,oberwallis_province,cologne
SIZ,tesin_province,krakow
SKE,blekinge_province,stockholm
SKE,gonge_province,stockholm
SKE,halland_province,lubeck
SKE,malmohus_province,stockholm
SKI,shaki_province,tbilisi
SKK,sikkim_province,varanasi
SKN,suakin_province,alexandria
SKT,kangra_province,delhi
SKY,starodub_province,moscow
SLA,upper_kapuas_province,berune
SLD,balkh_province,samarkand
SLD,hissar_province,samarkand
SLD,kelif_province,samarkand
SLI,garmian_province,tabriz
SLI,urmia_province,tabriz
SLM,pays_nancy_province,cologne
SLN,roscommon_province,dublin
SLP,bali_province,surabaya
SLT,neuchatel_province,cologne
SLV,slesvig_province,lubeck
SLV,sonderjylland_province,lubeck
SLZ,chiemgau_province,nuremberg
SLZ,lower_carinthia_province,nuremberg
SLZ,lower_styria_province,tarnovo
SLZ,middle_styria_province,nuremberg
SLZ,pinzgau_province,nuremberg
SLZ,pongau_province,nuremberg
SLZ,salzburger_land_province,nuremberg
SLZ,unterinntal_province,nuremberg
SMA,northern_sindh_province,khambat
SMA,sibi_province,khambat
SMA,upper_sindh_province,khambat
SMB,sambas_province,temasek
SMD,lower_prussia_province,lubeck
SME,ani_province,tbilisi
SME,kars_province,tbilisi
SME,malazgirt_province,tbilisi
SME,meskheti_province,tbilisi
SME,samtskhe_province,tbilisi
SME,trebizond_province,trebizond
SMG,siming_province,thang_long
SML,zamboanga_province,maynila
SMN,smaller_ussuri_province,ilan_hala
SMO,bely_province,novgorod
SMO,dorogobuzh_province,moscow
SMO,roslavl_province,riga
SMO,smolensk_province,riga
SMO,toropets_province,novgorod
SMO,verzhavsk_province,riga
SMS,simsir_province,astrakhan
SMV,tondai_nadu,pazhaverkadu
SNC,lalin_province,dadu
SND,lower_sindh_province,khambat
SND,marwar,khambat
SND,tharparkar_province,khambat
SNG,johor_province,temasek
SNG,riau_islands_province,temasek
SNP,songpan_province,chengdu
SNP,taozhou_province,lanzhou
SNT,aztatlan_province,zaachila
SOH,garmian_province,tabriz
SON,gao_province,niani
SON,hombori_province,niani
SON,kissi_province,niani
SOR,niederlausitz_province,lubeck
SPB,niederlausitz_province,lubeck
SPG,linan_province,kunming
SPN,suphanburi_province,angkor
SPO,eifel_province,cologne
SPO,hunsruck_province,cologne
SPY,kraichgau_province,cologne
SRA,huaman_karpa_province,chinchay
SRB,sabzevar_province,nishapur
SRC,balti_moldova_province,constantinople
SRG,dakshina_kosala,kataka
SRG,raigadh_garjats,kataka
SRL,karakoram_province,kashgar
SRL,sarikol_province,kashgar
SRM,garhwal_province,delhi
SRM,kangra_province,delhi
SRU,saruhan_province,constantinople
SRU,smyrna_province,constantinople
SRV,baku_province,tabriz
SRV,shaki_province,tabriz
SRV,shirvan_province,astrakhan
SSG,hwaju_province,dadu
SSG,seogyeong_province,dadu
SSI,suceava_province,krakow
SSK,kletsk_province,krakow
SSK,slutsk_province,kyiv
STE,pyritz_province,lubeck
STE,stettin_province,lubeck
STE,vorpommern_province,lubeck
STG,thurgau_province,cologne
STN,khulna_province,varanasi
STN,nadia_province,varanasi
STN,pandua_province,varanasi
STP,upper_artois_province,paris
STR,tulu_nadu,kozhikode
STS,starodub_siverskyi_province,kyiv
STV,liege_province,bruges
STZ,opole_province,prague
SUI,muling_province,ilan_hala
SUI,suifun_province,dadu
SUK,phrae_province,martaban
SUK,phraek_province,angkor
SUK,sri_thep_province,angkor
SUK,sukhothai_province,martaban
SUK,tak_province,martaban
SUL,kudat_province,berune
SUL,palawan_province,berune
SUL,sulu_province,berune
SUN,banten_province,surabaya
SUN,cirebon_province,surabaya
SUN,kawali_province,surabaya
SUR,chuwi_province,hatunqulla
SUR,sura_province,hatunqulla
SUR,yunga_province,hatunqulla
SUT,ar_ruha_province,tabriz
SUT,diyarbekir_province,tabriz
SUT,erzurum_province,trebizond
SUT,harput_province,trebizond
SUT,malazgirt_province,tabriz
SUT,mosul_province,baghdad
SUT,van_province,tabriz
SWB,elbtal_province,lubeck
SWB,flaming_province,lubeck
SWD,swidnica_province,lubeck
SWE,angermanland_province,stockholm
SWE,dalarna_province,stockholm
SWE,dalsland_province,oslo
SWE,finland_province,stockholm
SWE,gastrikland_province,stockholm
SWE,gotland_province,stockholm
SWE,halsingland_province,stockholm
SWE,nerike_province,stockholm
SWE,nyland_province,stockholm
SWE,ostergotland_province,stockholm
SWE,ostra_smaland_province,stockholm
SWE,satakunta_province,stockholm
SWE,sodermanland_province,stockholm
SWE,sodra_osterbotten_province,stockholm
SWE,tavastland_province,stockholm
SWE,tioharad_province,stockholm
SWE,ume_lappmark_province,stockholm
SWE,uppland_province,stockholm
SWE,varmland_province,stockholm
SWE,vasterbotten_province,stockholm
SWE,vastergotland_province,stockholm
SWE,vastmanland_province,stockholm
SWE,vyborg_province,stockholm
SWH,tauberfranken_province,nuremberg
SWR,schwerin_province,lubeck
SWT,hazara,kabul
SWT,kashmir_province,leh
SWT,peshawar_province,kabul
SWT,swat,kabul
SWZ,thuringer_becken_province,nuremberg
SXI,shunyuan_province,kunming
SXI,wusawei_province,kunming
SYE,palatinate_province,cologne
SYG,dingliao_province,liaoyang
SYG,gaizhou_province,dadu
SYG,guangning_province,liaoyang
SYG,jinzhou_province,liaoyang
SYG,liaoyang_province,liaoyang
SYG,yizhou_liaodong_province,liaoyang
SYN,bergisches_land_province,cologne
SYN,westerwald,cologne
SYU,kachen_province,tabriz
SYU,syunik_province,tabriz
SYY,safhat_jibal_province,baghdad
SYZ,waldstatte_province,cologne
SZG,guanxi_province,kunming
SZH,sinan_province,shangyuan
SZH,sizhou_guizhou_province,kunming
SZI,mengzi_province,kunming
SZL,shuya_province,moscow
SZL,suzdal_province,moscow
SZU,zhongzhou_province,shangyuan
TAA,cuauhchinanco_province,kuskatan
TAI,magdalena_province,teyuna
TAO,shiewhibak_province,ialophaybo
TAR,cuitzeo_province,azcapotzalco
TAR,ihuatzio_province,azcapotzalco
TAR,patzcuaro_province,azcapotzalco
TAR,tzintzuntzan_province,azcapotzalco
TAR,zula_province,azcapotzalco
TAS,hulan_province,ilan_hala
TAT,saoura_province,fez
TAX,tzintzuntzan_province,azcapotzalco
TAZ,taozhou_province,lanzhou
TBA,lezgistan_province,astrakhan
TCC,tepecoacuilco_province,azcapotzalco
TCH,temascaltepec_province,azcapotzalco
TCK,emsland_province,cologne
TCK,wesermarch_province,bruges
TCP,anahuac_province,azcapotzalco
TCQ,tlachquiauhco_province,zaachila
TCY,tlatlauquitepec_province,mayapan
TDE,majerteen_province,adan
TDG,berau_province,berune
TDG,karangan_province,berune
TDG,kinabatangan_province,berune
TDG,kudat_province,berune
TDG,tarakan_province,berune
TDJ,amasya_province,constantinople
TDJ,canik_province,trebizond
TDJ,tokat_province,trebizond
TDO,katagalugan_province,maynila
TDO,pampanga_province,maynila
TEE,tetela_province,azcapotzalco
TEK,alaiye_province,constantinople
TEK,antalya_province,constantinople
TEL,teulinchan_province,azcapotzalco
TEM,labinsk_province,kaffa
TEM,tuapse_province,kaffa
TEN,tenkodogo_province,begho
TEO,cuauhtochco_province,azcapotzalco
TEO,teotitlan_province,zaachila
TEO,tepeyacac_province,zaachila
TEP,anahuac_province,azcapotzalco
TEP,xilotepec_province,azcapotzalco
TER,ternate_province,ternate
TES,tesin_province,prague
TEU,chelmno_province,krakow
TEU,danzig_province,krakow
TEU,dobrzyn_province,krakow
TEU,lithuania_minor_province,krakow
TEU,lower_prussia_province,krakow
TEU,masuria_province,krakow
TEU,stolp_province,krakow
TEU,tauberfranken_province,nuremberg
TEU,tuchola_province,krakow
TEU,upper_prussia_province,krakow
TEY,shiewhibak_province,ialophaybo
TFK,hombori_province,niani
TFK,timbuktu_province,niani
TFL,guzzula_province,sevilla
TFL,hascora_province,sevilla
TFL,tafilalt_province,fez
TGG,graubunden_province,cologne
TGG,thurgau_province,cologne
TGH,roscommon_province,dublin
TGR,tongren_province,shangyuan
TGT,touggourt_province,tunis
TGY,shizhou_province,shangyuan
THD,frankische_schweiz_province,nuremberg
THO,clare_province,dublin
THP,albania_province,dubrovnik
THT,tehuantepec_province,zaachila
THU,saale_province,lubeck
THU,thuringer_becken_province,lubeck
THU,thuringer_wald_province,lubeck
TIB,dingri_province,lhasa
TIB,kongpo_province,lhasa
TIB,lhato_province,lhasa
TIB,lhokha_province,lhasa
TIB,lungkha_province,lhasa
TIB,nakchukha_province,lhasa
TIB,naktsang_province,lhasa
TIB,namru_province,lhasa
TIB,nyang_province,lhasa
TIB,rutok_province,leh
TIB,sikkim_province,lhasa
TIB,tsang_province,lhasa
TIB,u_province,lhasa
TIB,yarlung_province,lhasa
TID,tidore_province,ternate
TIR,oberinntal_province,nuremberg
TIR,south_tirol_province,venice
TIR,unterinntal_province,nuremberg
TJP,lamandau_province,surabaya
TJP,lower_kapuas_province,temasek
TJP,sampit_province,surabaya
TJP,sukadana_province,surabaya
TKR,galam_province,niani
TKR,khaaso_province,niani
TKR,takrur_province,niani
TKU,kutta_nadu,kozhikode
TLA,yopitzinco_province,zaachila
TLE,dahra_province,algiers
TLE,kabylia_province,algiers
TLE,ksour_province,algiers
TLE,laghouat_province,algiers
TLE,mitidja_province,algiers
TLE,oran_province,algiers
TLE,ouarsenis_province,algiers
TLE,oujda_province,algiers
TLE,titteri_province,algiers
TLE,tlemcen_province,algiers
TLL,tepecoacuilco_province,azcapotzalco
TLM,talish_province,tabriz
TLO,tepecoacuilco_province,azcapotzalco
TLP,tlapan_province,zaachila
TLQ,tlatlauquitepec_province,mayapan
TLQ,xalapa_province,mayapan
TLT,tochtepec_province,mayapan
TLW,sumbawa_province,surabaya
TLX,tlaxcala_province,azcapotzalco
TLY,tlapacoya_province,azcapotzalco
TLZ,yohualtepec_province,azcapotzalco
TMK,gao_province,niani
TMN,tamna_province,shangyuan
TMS,temascaltepec_province,azcapotzalco
TMT,tomatlan_province,zaachila
TNC,anahuac_province,azcapotzalco
TNG,taungoo_province,pinya
TNK,pandya_nadu,kozhikode
TNL,tonala_province,azcapotzalco
TNN,shiewhibak_province,ialophaybo
TNP,lizhou_province,shangyuan
TNQ,lizhou_sichuan_province,chengdu
TNQ,yazhou_province,chengdu
TNT,south_tirol_province,venice
TNT,trentino_province,venice
TNX,autlan_province,azcapotzalco
TNZ,baishan_province,thang_long
TNZ,nandan_province,thang_long
TNZ,tianzhou_province,kunming
TOD,upper_songhua_province,dadu
TOG,haapai_province,tongatapu
TOG,tongatapu_province,tongatapu
TOG,vauvau_province,tongatapu
TOH,atepec_province,zaachila
TOH,teotitlan_province,zaachila
TOH,tochtepec_province,zaachila
TON,senonais_province,paris
TOT,cempohuallan_province,mayapan
TOX,tangwang_province,ilan_hala
TOZ,coatzacoalco_province,mayapan
TOZ,tochtepec_province,mayapan
TPG,taiping_guangxi_province,thang_long
TPL,coixtlahuacan_province,zaachila
TPN,tepactitlan_province,azcapotzalco
TPS,toropets_province,novgorod
TPT,cihuatlan_province,zaachila
TPX,tepeyacac_province,azcapotzalco
TPY,tepeyacac_province,azcapotzalco
TRB,trubchevsk_province,kyiv
TRE,canik_province,trebizond
TRE,taman_province,kaffa
TRE,trebizond_province,trebizond
TRF,sylhet_province,chittagong
TRF,tripura_province,chittagong
TRH,altay_province,turpan
TRI,eifel_province,cologne
TRI,hunsruck_province,cologne
TRI,westerwald,cologne
TRK,avaria_province,astrakhan
TRK,tarki_province,astrakhan
TRN,bern_province,cologne
TRP,nafusa_province,tunis
TRP,tripolitania_province,tunis
TRS,tarusa_province,moscow
TRY,donegal_province,dublin
TSE,atepec_province,mayapan
TSK,maozhou_province,chengdu
TSK,songpan_province,chengdu
TSM,tenasserim_province,martaban
TST,shiewhibak_province,ialophaybo
TTA,cuetlaxtlan_province,zaachila
TTA,teotitlan_province,zaachila
TTC,huasteca_province,mayapan
TTE,gorizia_province,venice
TTN,alessandria_province,genoa
TTZ,tetzcoco_province,azcapotzalco
TTZ,tlapacoya_province,azcapotzalco
TUB,neckar_province,cologne
TUL,pays_nancy_province,paris
TUN,annaba_province,tunis
TUN,aures_province,tunis
TUN,baghai_province,tunis
TUN,bizerte_province,tunis
TUN,constantine_province,tunis
TUN,kabylia_province,tunis
TUN,kairouan_province,tunis
TUN,medjerda_province,tunis
TUN,qabisa_province,tunis
TUN,qamuda_province,tunis
TUN,sahel_TUN_province,tunis
TUN,tunis_province,tunis
TUR,bolu_province,constantinople
TUR,hudavendigar_province,constantinople
TUR,kocaeli_province,constantinople
TUR,kutahya_province,constantinople
TUR,safranbolu_province,constantinople
TUR,sivrihisar_province,constantinople
TUR,sultanonu_province,constantinople
TUT,tetzapotitlan_province,mayapan
TUV,kletsk_province,krakow
TUV,mazyr_province,kyiv
TUV,turov_province,krakow
TUZ,cuitzeo_province,azcapotzalco
TVE,tver_province,moscow
TVS,mugla_province,constantinople
TWI,chittagong_province,chittagong
TWI,tripura_province,chittagong
TXI,tongren_province,shangyuan
TXP,tuxpan_province,mayapan
TYR,derry_province,dublin
TYR,tyrone_province,dublin
TYY,palawan_province,maynila
TZC,tlapacoya_province,azcapotzalco
TZE,zinacantan_province,mayapan
TZH,metztitlan_province,mayapan
TZI,tzintzuntzan_province,azcapotzalco
TZL,coixtlahuacan_province,zaachila
TZL,tlachquiauhco_province,zaachila
TZM,patzcuaro_province,zaachila
TZM,tochpan_province,azcapotzalco
TZP,tetzapotitlan_province,mayapan
TZU,kakol_kiej_province,kuskatan
TZZ,ahuacatlan_province,azcapotzalco
UAU,yohualtepec_province,azcapotzalco
UAY,ekab_province,mayapan
UAY,uaymil_province,mayapan
UBL,hegau_province,cologne
UBV,alpenvorland_province,nuremberg
UBV,chiemgau_province,nuremberg
UBV,donau_moos_province,nuremberg
UBV,franconian_alb_province,nuremberg
UBV,munchner_schotterebene_province,nuremberg
UBV,oberpfalzer_wald_province,nuremberg
UBV,unterinntal_province,nuremberg
UFF,main_franconia_province,nuremberg
UFF,ries_province,nuremberg
UFF,tauberfranken_province,nuremberg
UGH,harat_province,hormuz
UGH,sirjan_province,hormuz
UGL,uglich_province,moscow
UGW,lamu_archipelago_province,kilwa_kisiwani
UJJ,arrah_province,varanasi
ULM,swabian_alb_province,cologne
ULS,antrim_province,dublin
ULS,down_province,dublin
UMA,tiwanaku_province,hatunqulla
UMH,mayo_province,dublin
URB,marche_province,venice
URB,urbino_province,genoa
URC,huaman_karpa_province,chinchay
URI,waldstatte_province,cologne
USS,greater_ussuri_province,ilan_hala
UTB,ranyah_province,mecca
UTB,taif_province,mecca
UTB,turbah_province,mecca
UTR,drenthe_province,cologne
UTR,north_holland_province,cologne
UTR,overijssel_province,cologne
VBG,limburg_province,bruges
VBK,dzisna_province,riga
VBK,orsha_province,riga
VBK,toropets_province,riga
VBK,vitebsk_province,riga
VDK,kutta_nadu,kozhikode
VDM,blois_province,paris
VDM,castres_province,bordeaux
VDU,verdunois_province,paris
VDZ,syunik_province,tabriz
VDZ,yerevan_province,tabriz
VEL,hunsruck_province,cologne
VEN,istria_province,venice
VEN,laconia_province,constantinople
VEN,lika_province,venice
VEN,messenia_province,dubrovnik
VEN,naxos_province,constantinople
VEN,north_dalmatia_province,venice
VEN,rodos_province,constantinople
VEN,south_dalmatia_province,dubrovnik
VEN,venice_province,venice
VER,belluno_province,venice
VER,brescia_province,genoa
VER,friuli_province,venice
VER,trentino_province,venice
VER,venice_province,venice
VER,verona_province,venice
VER,vicenza_province,venice
VIJ,banavasi,kozhikode
VIJ,chitradurga_province,kozhikode
VIJ,kampili,kozhikode
VIJ,kanara,kozhikode
VIJ,northern_rayalaseema,pazhaverkadu
VIJ,raichur_doab,kozhikode
VIJ,southern_rayalaseema,pazhaverkadu
VLD,kuda_nadu,kozhikode
VLN,valentinois_province,paris
VLN,vivarais_province,paris
VLR,vladimir_province,moscow
VLT,pisa_province,genoa
VNA,mbanza_kongo_province,bungu_kongo
VND,ve_nadu,kozhikode
VNT,turenne_province,paris
VOH,antankarana_province,kilwa_kisiwani
VOL,belz_province,krakow
VOL,chelm_province,krakow
VOL,kremenets_province,krakow
VOL,lutsk_province,krakow
VOL,lviv_province,krakow
VOL,pinsk_province,krakow
VOL,rivne_province,krakow
VOL,turov_province,krakow
VOL,volodymyr_province,krakow
VOL,zviahel_province,kyiv
VRD,aller_province,lubeck
VRD,luneburger_heide_province,lubeck
VTN,chaiyaphum_province,angkor
VTN,loei_province,angkor
VTN,muang_nakhon_province,thang_long
VTN,muang_phuan_province,thang_long
VTN,roi_et_province,angkor
VTN,thakhek_proivnce,thang_long
VTN,vientiane_province,thang_long
VUD,oberwallis_province,cologne
VUD,vaud_province,cologne
VUN,central_kongo_province,bungu_kongo
VUN,kinhasa_province,bungu_kongo
VUN,nzere_province,bungu_kongo
VYA,kozlov_province,moscow
VYA,mozhaysk_province,moscow
VYA,vyazma_province,moscow
VYT,lalsk_province,moscow
VYT,omutninsk_province,kazan
VYT,orlov_province,kazan
VYT,vyatka_province,kazan
VYT,ystyug_province,moscow
WAL,east_muntenia_province,tarnovo
WAL,north_muntenia_province,tarnovo
WAL,north_oltenia_province,tarnovo
WAL,south_muntenia_province,tarnovo
WAL,south_oltenia_province,tarnovo
WAL,west_muntenia_province,tarnovo
WAR,ciid_province,adan
WAR,maakhir_province,adan
WBG,main_franconia_province,nuremberg
WBG,spessart_province,cologne
WDB,western_upper_swabia_province,cologne
WDE,hessen_bergland_province,cologne
WDG,wuding_province,kunming
WEI,franconian_alb_province,nuremberg
WEJ,hulan_province,ilan_hala
WEK,tangwang_province,ilan_hala
WER,thurgau_province,cologne
WER,vorarlberg_province,cologne
WGO,harz_province,lubeck
WHL,timor_province,gowa
WIE,westerwald,cologne
WLD,frankische_schweiz_province,nuremberg
WLS,deheubarth_province,dublin
WLS,gwynedd_province,london
WMA,thuringer_becken_province,nuremberg
WMO,maozhou_province,chengdu
WNG,wumeng_province,kunming
WNT,wuntho_province,pinya
WOL,koslin_province,lubeck
WOL,pyritz_province,lubeck
WOL,stettin_province,lubeck
WOL,stolp_province,krakow
WOL,vorpommern_province,lubeck
WRC,wroclaw_province,prague
WRG,upper_vidarbha,varanasi
WRM,untermain_province,cologne
WRN,seenplatte_province,lubeck
WSA,wusa_province,kunming
WTG,sauerland_province,cologne
WTZ,wetterau_province,cologne
WUN,butung_province,gowa
WUR,hohenloher_ebene_province,cologne
WUR,neckar_province,cologne
WUR,schwarzwald_province,cologne
WUR,swabian_alb_province,cologne
WUR,tauberfranken_province,cologne
WUY,middle_songhua_province,dadu
WZH,yongshun_province,shangyuan
XAL,ahuacatlan_province,azcapotzalco
XAL,aztatlan_province,kuskatan
XAL,cuauhchinanco_province,kuskatan
XAP,tetela_province,azcapotzalco
XAP,xalapa_province,azcapotzalco
XCG,qingyuan_province,thang_long
XCH,anahuac_province,azcapotzalco
XCP,coatlicamac_province,zaachila
XCT,teulinchan_province,azcapotzalco
XIC,cempohuallan_province,mayapan
XIH,tomatlan_province,kuskatan
XIL,xilotepec_province,azcapotzalco
XIU,mayapan_province,mayapan
XIU,puuk_province,mayapan
XIU,uaymil_province,mayapan
XLG,dechang_province,kunming
XLL,chan_chan_province,chinchay
XLL,xllang_province,chinchay
XLT,tepactitlan_province,azcapotzalco
XNG,guizhou_province,shangyuan
XNL,xinzhou_sichuan_province,shangyuan
XOC,teulinchan_province,azcapotzalco
XOL,otolum_province,mayapan
XOL,tabacoh_province,mayapan
XOL,zinacantan_province,noh_peten
XSY,liping_province,shangyuan
YAH,tepactitlan_province,azcapotzalco
YAM,sana_province,adan
YAN,yaoan_province,kunming
YAP,yap_province,ternate
YAR,yaroslavl_province,moscow
YAS,julfar_province,hormuz
YAS,qatar_province,al_ahsa
YAT,yatenga_province,niani
YAU,coyolapan_province,zaachila
YCH,tlapan_province,zaachila
YDR,southern_rayalaseema,pazhaverkadu
YDZ,coixtlahuacan_province,zaachila
YEM,aden_province,adan
YEM,birali_province,adan
YEM,dathina_province,adan
YEM,hadramawt_province,adan
YEM,hirda_province,adan
YEM,hudaida_province,adan
YEM,ibb_province,adan
YEM,jazan_province,adan
YEM,marib_province,adan
YEM,sana_province,adan
YEM,sayhad_province,adan
YEM,taizz_province,adan
YEM,zabid_province,adan
YGS,yongshun_province,shangyuan
YIM,middle_songhua_province,dadu
YJI,baixing_province,kunming
YNG,beisheng_province,kunming
YNG,muli_province,chamdo
YNH,sinan_province,shangyuan
YNJ,heni_province,kunming
YNJ,malongtalang_province,kunming
YNJ,yuanjiang_province,kunming
YNL,changning_province,kunming
YNN,annan_guizhou_province,kunming
YOH,yohualtepec_province,azcapotzalco
YOK,coatzacoalco_province,mayapan
YOK,otolum_province,mayapan
YOO,suifun_province,dadu
YPZ,yopitzinco_province,zaachila
YRN,suifun_province,dadu
YRV,suzdal_province,moscow
YSN,baishan_province,thang_long
YSU,amol_province,samarkand
YSU,bukhara_province,samarkand
YSU,kath_province,urgench
YSU,khiva_province,urgench
YSU,nurota_province,samarkand
YSU,samarkand_province,samarkand
YYG,youyang_province,shangyuan
YZO,qujing_province,kunming
ZAB,aures_province,tunis
ZAB,hodna_province,tunis
ZAB,laghouat_province,tunis
ZAG,zagan_province,prague
ZAM,kebbi_province,kano
ZAM,yauri_province,kano
ZAM,zamfara_province,kano
ZAN,lower_lurio_province,kilwa_kisiwani
ZAN,lower_pangani_province,kilwa_kisiwani
ZAN,lower_rufiji_province,kilwa_kisiwani
ZAN,lower_ruvuma_province,kilwa_kisiwani
ZAN,lower_wami_province,kilwa_kisiwani
ZAN,mbekuru_province,kilwa_kisiwani
ZAN,messalo_province,kilwa_kisiwani
ZAN,zanzibar_province,kilwa_kisiwani
ZAP,coixtlahuacan_province,zaachila
ZAP,coyolapan_province,zaachila
ZAQ,boiaca_province,chunsua
ZAQ,chunsa_province,chunsua
ZAT,tetela_province,azcapotzalco
ZBR,garmian_province,baghdad
ZCT,cihuatlan_province,azcapotzalco
ZCZ,temascaltepec_province,azcapotzalco
ZEE,south_holland_province,bruges
ZFI,antemoro_province,sofala
ZGH,macina_province,niani
ZGL,shizhou_province,shangyuan
ZIB,afif_province,al_hajr
ZIB,hinakiyah_province,mecca
ZIE,swidnica_province,prague
ZIG,vogelsberg_province,cologne
ZIN,tzintzuntzan_province,azcapotzalco
ZIP,chunsa_province,chunsua
ZLD,liping_province,shangyuan
ZMR,kuda_nadu,kozhikode
ZMW,lower_runde_province,sofala
ZMW,mzingwane_province,sofala
ZMW,ruenya_province,sofala
ZMW,shashe_province,sofala
ZMW,upper_runde_province,sofala
ZMW,upper_save_province,sofala
ZNK,zangskar_province,leh
ZNN,guishun_province,thang_long
ZNX,yongning_province,kunming
ZNZ,zhenan_province,shangyuan
ZOM,tepecoacuilco_province,azcapotzalco
ZRQ,hasankeyf_province,tabriz
ZUB,zubtsov_province,moscow
ZUR,thurgau_province,cologne
ZUT,gelderland_province,cologne
ZWE,palatinate_province,cologne
ZWE,sarregueminois_province,cologne
ZYI,qujing_province,kunming
ZZB,zanzibar_province,kilwa_kisiwani
ZZR,amadiya_province,tabriz
ZZZ,south_zazzau_province,kano
ZZZ,western_adamawa_province,kano
ZZZ,zazzau_province,kano
