LandProvince;SeaZone;x;y;
stockholm;stockholms_skargard;8532;6945;x
norrtalje;tralhavet;8554;6980;x
kastelholm;alands_hav;8606;6993;x
tierp;gavlebukten;8517;7016;x
nykoping;braviken;8497;6903;x
kolmarden;braviken;8467;6882;x
sodertalje;stockholms_skargard;8532;6923;x
gefle;gavlebukten;8485;7031;x
hamrange;gavlebukten;8480;7040;x
soderkoping;braviken;8460;6867;x
norrkoping;braviken;8438;6883;x
kalmar;kalmar_sund;8432;6732;x
tjust;kalmar_sund;8447;6828;x
sevede;kalmar_sund;8450;6805;x
handbord;kalmar_sund;8443;6779;x
oland;western_gotland_basin;8471;6784;x
utlandet;kattegatt;8232;6809;x
slite;gotlands_hav;8549;6830;x
visby;western_gotland_basin;8518;6805;x
hoborg;oland_coast;8520;6775;x
ribe;esperance_bay;8085;6647;x
haderslev;lilla_balt;8132;6636;x
aabenraa;lilla_balt;8123;6627;x
tonder;north_frisian_islands;8085;6622;x
randers;alborg_bugt;8163;6736;x
viborg;limfjorden;8102;6735;x
aalborg;alborg_bugt;8162;6751;x
ars;limfjorden;8115;6737;x
bolling;ringkobing_fjord;8072;6689;x
ringkobing;ringkobing_fjord;8066;6719;x
holstebro_lundenes;limfjorden;8086;6730;x
varde;esperance_bay;8068;6663;x
kolding;stora_balt;8135;6671;x
aarhus;stora_balt;8143;6684;x
kalo;stora_balt;8175;6706;x
thisted;vigso_bay;8093;6773;x
skagen;alborg_bugt;8172;6779;x
hjorring;jammer_bay;8148;6809;x
roskilde;oresund;8230;6673;x
ringsted;oresund;8252;6640;x
kalundborg;stora_balt;8208;6678;x
helsingor;oresund;8236;6684;x
hammershus;skanska_kusten;8370;6641;x
kobenhavn;oresund;8256;6666;x
slagelse;stora_balt;8202;6641;x
vordingborg;oresund;8240;6634;x
odense;stora_balt;8171;6657;x
navskov;lilla_balt;8215;6596;x
falster;stora_balt;8227;6623;x
assens;lilla_balt;8141;6648;x
svendborg;lilla_balt;8171;6626;x
slesvig;lilla_balt;8134;6592;x
flensburg;lilla_balt;8124;6613;x
eckernforde;lilla_balt;8142;6587;x
husum;north_frisian_islands;8097;6584;x
helsingborg;oresund;8273;6712;x
malmo;arkona_cape;8289;6649;x
gladsax;skanska_kusten;8341;6655;x
asbo;kattegatt;8276;6728;x
varberg;kattegatt;8247;6773;x
laholm;kattegatt;8279;6736;x
halmstad;kattegatt;8265;6751;x
kungsbacka;kattegatt;8241;6795;x
ronneby;blekinge_kust;8371;6704;x
bregne;blekinge_kust;8404;6705;x
solvesborg;skanska_kusten;8351;6695;x
hudiksvall;west_botnia;8481;7120;x
soderala;gavlebukten;8475;7079;x
selanger;west_botnia;8486;7167;x
harnosand;west_botnia;8506;7192;x
sjalevad;west_botnia;8538;7218;x
grundsunda;kvarken;8577;7247;x
umea;kvarken;8616;7261;x
skelleftea;gulf_of_bothnia;8651;7343;x
tornea;gulf_of_bothnia;8770;7422;x
bygdea;kvarken;8659;7303;x
pitea;gulf_of_bothnia;8677;7388;x
lulea;gulf_of_bothnia;8709;7418;x
ranea;gulf_of_bothnia;8724;7426;x
byske;gulf_of_bothnia;8665;7356;x
kiemi;gulf_of_bothnia;8799;7417;x
simo;gulf_of_bothnia;8821;7408;x
uleaborg;gulf_of_bothnia;8849;7355;x
brahestad;gulf_of_bothnia;8804;7335;x
kuivaniemi;gulf_of_bothnia;8844;7393;x
korsholm;kvarken;8664;7201;x
koppo;east_botnia;8656;7157;x
pedersore;kvarken;8738;7269;x
karleby;gulf_of_bothnia;8764;7286;x
vora;kvarken;8713;7245;x
abo;abo_skargard;8697;7013;x
nystad;abo_skargard;8671;7024;x
sauvo;abo_skargard;8720;6983;x
helsinge;west_gulf_of_finland;8834;6995;x
ekenas;west_gulf_of_finland;8755;6973;x
sjundea;west_gulf_of_finland;8794;6983;x
porvoo;west_gulf_of_finland;8860;7003;x
raumo;east_botnia;8669;7079;x
bjorneborg;east_botnia;8673;7100;x
sastmola;east_botnia;8667;7122;x
kymi_fi;east_gulf_of_finland;8905;7013;x
vyborg;east_gulf_of_finland;8997;7018;x
veckelax;east_gulf_of_finland;8929;7020;x
vederlax;east_gulf_of_finland;8976;7020;x
valkeasaari;east_gulf_of_finland;9047;6994;x
beryozovskoye;east_gulf_of_finland;9003;7004;x
konghalla;grenen_cape;8227;6836;x
uddevalla;grenen_cape;8213;6856;x
stromstad;skagerrack;8198;6903;x
hornborg;skagerrack;8203;6881;x
borg;skagerrack;8191;6921;x
moss;oslo_fjord;8175;6944;x
tonsberg;skagerrack;8162;6919;x
skien;frier_fjord;8136;6912;x
sande;oslo_fjord;8162;6944;x
stavanger;bokna_fjord;7947;6903;x
ryfylke;bokna_fjord;7971;6926;x
suledal;bokna_fjord;7964;6942;x
haugalandet;bokna_fjord;7946;6931;x
jaeren;obrestad_cape;7957;6869;x
flekkefjord;lindesnes_cape;7994;6853;x
sirudal;bokna_fjord;7987;6911;x
lindesnes;lindesnes_cape;8007;6841;x
oddernes;kristiansand_fjord;8055;6844;x
oyestad;frier_fjord;8101;6877;x
sondeled;frier_fjord;8116;6898;x
bragernes;oslo_fjord;8164;6947;x
bergen;fens_fjord;7929;7011;x
fana;bjorna_fjord;7946;6998;x
kvinnherad;hardanger_fjord;7961;6965;x
ullensvang;hardanger_fjord;7994;7010;x
moster;hardanger_fjord;7947;6977;x
eidfjord;hardanger_fjord;8009;7018;x
nordhordland;fens_fjord;7929;7040;x
voss;hardanger_fjord;7974;7008;x
eid;nordfjord_sea;7915;7109;x
stryn;nordfjord_sea;7992;7107;x
sunnfjord;sogne_fjord;7930;7091;x
sogndal;sogne_fjord;7993;7070;x
aurland;sogne_fjord;8010;7061;x
vik;sogne_fjord;7981;7061;x
laerdal;sogne_fjord;8029;7068;x
oslo;oslo_fjord;8174;6972;x
nidaros;trondheim_fjord;8169;7239;x
stjordal;trondheim_fjord;8187;7247;x
orkdal;trondheim_fjord;8110;7231;x
skaun;trondheim_fjord;8147;7232;x
levanger;trondheim_fjord;8211;7267;x
namdal;bindals_fjord;8222;7343;x
orland;trondheim_fjord;8147;7261;x
steinkjer;bindals_fjord;8210;7316;x
molde;nordfjord_sea;8027;7185;x
fosna;tingvoll_fjord;8079;7228;x
sunndal;tingvoll_fjord;8078;7195;x
rauma;nordfjord_sea;8010;7152;x
sunnmore;nordfjord_sea;7957;7146;x
borgund;nordfjord_sea;7984;7169;x
stordal;nordfjord_sea;7988;7144;x
troms;senja_island;8552;7722;x
trondenes;vestfjord;8464;7634;x
senja;senja_island;8486;7688;x
bardodalen;lofoten_islands2;8492;7665;x
raisa;lyngen;8691;7739;x
bodo;ran_fjord;8380;7539;x
birndal;bindals_fjord;8264;7393;x
alstahaug;ran_fjord;8312;7448;x
gildeskal;ran_fjord;8336;7516;x
steigen;ran_fjord;8394;7577;x
langenes;lofoten_islands2;8398;7661;x
lofotr;vestfjord;8373;7620;x
hamaroy;vestfjord;8441;7608;x
ofoti;vestfjord;8484;7629;x
varanger;tana_fjord;8996;7765;x
vardo;tana_fjord;9075;7770;x
deatnu;tana_fjord;8959;7796;x
porsanger;north_cape;8828;7763;x
hammerfest;north_cape;8787;7798;x
alta;lyngen;8745;7753;x
kirkenes;tana_fjord;9065;7747;x
lebesby;north_cape;8906;7792;x
kem;inner_onega_bay;9275;7360;x
keret;varzuga_estuary;9215;7460;x
kovda;varzuga_estuary;9176;7504;x
kriitina;varzuga_estuary;9272;7415;x
saarijoki;inner_onega_bay;9275;7321;x
kola;rybachy_peninsula;9196;7675;x
dalniye_zelentsy;murman_coast;9338;7686;x
kiltina;rybachy_peninsula;9233;7701;x
ponoi;orlov_cape;9565;7534;x
semiostrov;svyatoy_nos_cape;9432;7629;x
svyatoy_nos;svyatoy_nos_cape;9503;7597;x
umba;varzuga_estuary;9225;7496;x
kantalahti;varzuga_estuary;9182;7519;x
kashkarantsy;varzuga_estuary;9321;7463;x
olenitsa;varzuga_estuary;9274;7481;x
pyalitsa;intsi_cape;9527;7464;x
raivke;varzuga_estuary;9169;7519;x
tetrino;intsi_cape;9462;7443;x
varzuga;varzuga_estuary;9371;7456;x
pechenga;rybachy_peninsula;9151;7724;x
mootka;rybachy_peninsula;9172;7714;x
holar;skaga_fjord;6798;7418;x
husavik;fontur_point;6921;7448;x
akureyri;skaga_fjord;6864;7421;x
blonduos;isa_fjord;6757;7398;x
torshofn;fontur_point;6981;7454;x
vopnafjordur;fontur_point;7016;7416;x
seydisfjordur;glettinga_point;7071;7393;x
reydarfjordur;glettinga_point;7052;7341;x
holmur;stokks_point;7016;7306;x
kirkjubaejar;vestmanna_islands;6867;7242;x
borgarnes;faxa_bay;6676;7321;x
olavsvik;faxa_bay;6648;7339;x
isafjordur;arnar_fjord;6690;7395;x
hvamstangi;isa_fjord;6730;7385;x
selfoss;faxa_bay;6723;7275;x
keflavik;faxa_bay;6665;7281;x
reikjavik;faxa_bay;6693;7298;x
hvolsvollur;vestmanna_islands;6757;7253;x
gardr;qaqortoq_coast;5619;7054;x
brattahlid;qaqortoq_coast;5622;7068;x
dyrnes;qaqortoq_coast;5601;7063;x
hvalsey;qaqortoq_coast;5595;7041;x
einarsfjord;qaqortoq_coast;5609;7029;x
vatnahverfi;qaqortoq_coast;5630;7048;x
herjolfsnes;prins_christianssund_coast;5666;6985;x
petursvik;qaqortoq_coast;5649;6997;x
lundey;qaqortoq_coast;5637;7002;x
altafjord;qaqortoq_coast;5652;7026;x
ketilsfjord;qaqortoq_coast;5665;7017;x
siglufjord;qaqortoq_coast;5631;7021;x
eggers_o;prins_christianssund_coast;5681;6972;x
arsuk;neria_coast;5482;7082;x
gronnedal;neria_coast;5503;7077;x
ivituut;neria_coast;5498;7064;x
sandnes;nuuk_fjord;5405;7297;x
lysufjord;nuuk_fjord;5375;7289;x
godthab;nuuk_fjord;5374;7298;x
kapisillit;nuuk_fjord;5383;7322;x
anavik;nuuk_fjord;5408;7342;x
kangeq;nuuk_fjord;5340;7307;x
orkney;fair_isle_gap;7546;6922;x
shetland;sumburgh_head;7641;6983;x
torshavn;faroe_islands1;7369;7136;x
antwerp;scheldt_estuary;7887;6370;x
bergen_zoom;rhine_estuary;7884;6383;x
hulst;scheldt_estuary;7865;6374;x
sint_niklaas;scheldt_estuary;7889;6367;x
bruges;scheldt_estuary;7842;6374;x
dunkirk;strait_of_dover;7797;6353;x
ostend;scheldt_estuary;7822;6366;x
veurne;scheldt_estuary;7810;6359;x
emden;east_frisian_islands;7997;6529;x
jever;jade_bay;8043;6536;x
leer;emms_estuary;8022;6503;x
appingedam;emms_estuary;8008;6509;x
groningen;emms_estuary;8000;6518;x
wedde;emms_estuary;8019;6502;x
sloten;zuiderzee;7952;6473;x
harlingen;west_frisian_islands;7929;6515;x
leeuwarden;emms_estuary;7963;6513;x
stavoren;wadden_sea;7935;6493;x
wolvega;zuiderzee;7955;6472;x
kampen;zuiderzee;7963;6461;x
amsterdam;zuiderzee;7920;6442;x
amersfoort;zuiderzee;7936;6437;x
alkmaar;holland_coast;7900;6459;x
hoorn;zuiderzee;7923;6460;x
the_hague;rhine_estuary;7891;6411;x
dordrecht;rhine_estuary;7898;6411;x
geertruidenberg;rhine_estuary;7899;6405;x
rotterdam;rhine_estuary;7880;6404;x
middelburg;rhine_estuary;7862;6392;x
harderwijk;zuiderzee;7949;6443;x
lubeck;bay_lubeck;8187;6554;x
heiligenhafen;bay_lubeck;8184;6579;x
eutin;bay_lubeck;8183;6557;x
kiel;lilla_balt;8154;6577;x
heide;elbe_estuary;8099;6558;x
steinburg;elbe_estuary;8117;6543;x
pinneberg;elbe_estuary;8137;6524;x
plon;lilla_balt;8155;6580;x
elsfleth;jade_bay;8066;6513;x
gestenthorpe;jade_bay;8078;6514;x
bremen;jade_bay;8081;6499;x
osterholz;jade_bay;8078;6504;x
delmenhorst;jade_bay;8080;6499;x
neuhaus;elbe_estuary;8103;6545;x
ritzebuttel;elbe_estuary;8088;6546;x
grevesmuhlen;bay_lubeck;8202;6554;x
wismar;bay_lubeck;8212;6549;x
doberan;bay_lubeck;8223;6566;x
rostock;bay_lubeck;8243;6566;x
stralsund;fischland_coast;8275;6580;x
ribnitz;fischland_coast;8257;6572;x
grimmen;fischland_coast;8296;6570;x
rugen;fischland_coast;8312;6588;x
swinousjcie;pommeranian_bay;8305;6563;x
wolgast;pommeranian_bay;8337;6554;x
anklam;stettin_lagoon;8326;6541;x
ueckermunde;stettin_lagoon;8330;6538;x
kamien;stettin_lagoon;8363;6553;x
goleniow;stettin_lagoon;8360;6519;x
koszalin;pommeranian_coast;8423;6574;x
gryfia_gora;pommeranian_coast;8383;6564;x
kolobrzeg;pommeranian_coast;8403;6571;x
slupsk;east_pommerania_coast;8461;6597;x
lebork;east_pommerania_coast;8500;6611;x
slawno;east_pommerania_coast;8436;6584;x
london;thames;7691;6383;x
southampton;solent;7628;6341;x
portsmouth;solent;7633;6337;x
lymington;solent;7616;6331;x
wight;solent;7627;6323;x
dover;strait_of_dover;7754;6358;x
canterbury;thames;7732;6373;x
rochester;thames;7705;6378;x
hythe;strait_of_dover;7736;6350;x
shoreham;seven_sisters;7677;6337;x
lewes;seven_sisters;7698;6332;x
hastings;seven_sisters;7711;6338;x
chichester;seven_sisters;7666;6335;x
boston;wash;7697;6486;x
grimsby;humber_estuary;7681;6532;x
louth;wash;7704;6507;x
spalding;wash;7700;6476;x
lancaster;liverpool_bay;7559;6561;x
liverpool;liverpool_bay;7549;6521;x
preston;liverpool_bay;7550;6542;x
scarborough;flamborough_head;7674;6579;x
whitby;flamborough_head;7651;6595;x
hull;humber_estuary;7692;6529;x
bridlington;humber_estuary;7682;6555;x
newcastle;northumbrian_coast;7624;6630;x
alnwick;northumbrian_coast;7620;6660;x
morpeth;northumbrian_coast;7619;6644;x
carlisle;solway_firth;7548;6621;x
cockermouth;solway_firth;7533;6612;x
egremont;solway_firth;7531;6579;x
kendal;liverpool_bay;7551;6568;x
durham;northumbrian_coast;7629;6617;x
stockton;northumbrian_coast;7635;6605;x
chester;liverpool_bay;7559;6506;x
macclesfield;liverpool_bay;7564;6507;x
lynn;wash;7707;6475;x
yarmouth;anglian_coast;7759;6475;x
fakenham;wash;7730;6485;x
colchester;thames;7735;6402;x
prittlewell;thames;7732;6388;x
barking;thames;7712;6383;x
ipswich;thames;7756;6419;x
lowestoft;thames;7768;6437;x
launceston;lizard_point;7491;6306;x
truro;lizard_point;7461;6292;x
bodmin;bude_bay;7476;6330;x
portishead;severn;7554;6375;x
minehead;severn;7536;6363;x
plymouth;lyme_bay;7530;6310;x
exeter;lyme_bay;7545;6328;x
barnstaple;severn;7511;6365;x
bideford;severn;7493;6350;x
poole;solent;7598;6330;x
weymouth;lyme_bay;7581;6324;x
dorchester;lyme_bay;7563;6329;x
bristol;severn;7568;6387;x
gloucester;severn;7572;6395;x
inverness;moray_firth;7510;6808;x
urquhart;moray_firth;7499;6801;x
elgin;moray_firth;7537;6819;x
dingwall;moray_firth;7504;6814;x
gairloch;north_minch;7429;6805;x
ullapool;north_minch;7452;6832;x
dornoch;moray_firth;7511;6834;x
durness;cape_wrath;7479;6877;x
tongue;cape_wrath;7497;6877;x
thurso;pentland_firth;7547;6884;x
inverary;firth_of_lorne;7438;6712;x
oban;firth_of_lorne;7446;6727;x
cowal;clyde_firth;7456;6678;x
lochaber;firth_of_lorne;7452;6746;x
ardtornish;little_minch;7424;6756;x
kintyre;firth_of_lorne;7431;6696;x
lewis;butt_of_lewis;7379;6857;x
uist;south_uist;7352;6778;x
harris;north_uist;7376;6831;x
skye;little_minch;7396;6783;x
arran;clyde_firth;7445;6664;x
mull;little_minch;7414;6727;x
islay;firth_of_lorne;7411;6687;x
mann;liverpool_bay;7484;6562;x
edinburgh;firth_of_forth;7546;6694;x
dunbar;firth_of_forth;7573;6698;x
linlithgow;firth_of_forth;7538;6694;x
stirling;firth_of_forth;7519;6699;x
stranraer;north_channel;7470;6614;x
ayr;clyde_firth;7472;6650;x
kirkcudbright;solway_firth;7504;6611;x
irvine;clyde_firth;7476;6665;x
dumfries;solway_firth;7534;6622;x
glasgow;clyde_firth;7493;6686;x
paisley;clyde_firth;7486;6686;x
dumbarton;clyde_firth;7472;6695;x
duns;firth_of_forth;7595;6687;x
berwick;firth_of_forth;7605;6673;x
dunfermline;firth_of_forth;7526;6698;x
st_andrews;firth_of_tay;7565;6719;x
cupar;firth_of_forth;7549;6703;x
perth;firth_of_tay;7549;6723;x
dundee;firth_of_tay;7568;6729;x
arbroath;firth_of_tay;7577;6737;x
stonehaven;firth_of_tay;7591;6761;x
aberdeen;firth_of_tay;7597;6779;x
buchan;kinnaird_head;7607;6812;x
banff;moray_firth;7562;6816;x
carmarthen;severn;7490;6402;x
pembroke;milford_haven;7459;6397;x
fishguard;st_georges_channel;7454;6414;x
kidwelly;severn;7499;6395;x
cardigan;cardigan_bay;7493;6432;x
aberystwyth;cardigan_bay;7504;6447;x
carnarvon;dublin_bay;7493;6493;x
anglesey;dublin_bay;7496;6498;x
conwy;liverpool_bay;7505;6503;x
harlech;cardigan_bay;7507;6467;x
flint;liverpool_bay;7544;6507;x
denbigh;liverpool_bay;7528;6507;x
cardiff;severn;7547;6380;x
monmouth;severn;7565;6387;x
newport;severn;7557;6385;x
neath;severn;7517;6386;x
swansea;severn;7503;6394;x
dublin;dublin_bay;7408;6508;x
fingal;dublin_bay;7411;6511;x
wicklow;dublin_bay;7415;6488;x
wexford;st_georges_channel;7394;6442;x
new_ross;hook_head;7379;6432;x
ferns;st_georges_channel;7407;6460;x
carrickfergus;north_channel;7426;6603;x
belfast;north_channel;7420;6598;x
ballycastle;clyde_firth;7416;6635;x
dunluce;lough_foyle;7395;6644;x
downpatrick;north_channel;7436;6582;x
iveagh;dundalk_bay;7407;6561;x
newtownards;north_channel;7433;6592;x
derry;lough_foyle;7366;6630;x
coleraine;lough_foyle;7381;6639;x
donegal;donegal_bay;7310;6595;x
kilmacrennan;bloody_foreland;7320;6640;x
inishowen;lough_foyle;7368;6647;x
raphoe;lough_foyle;7345;6650;x
oriel;dundalk_bay;7405;6561;x
dundalk;dundalk_bay;7400;6550;x
drogheda;dundalk_bay;7406;6535;x
galway;galway_bay;7282;6499;x
clifden;slyne_head;7231;6517;x
sligo;donegal_bay;7293;6575;x
skreen;donegal_bay;7289;6577;x
dromahair;donegal_bay;7307;6588;x
burrishoole;clew_bay;7237;6538;x
erris;erris_head;7240;6575;x
cork;cork_harbour;7313;6407;x
kinsale;cork_harbour;7304;6396;x
youghal;cork_harbour;7331;6411;x
killarney;bantry_bay;7236;6424;x
carbery;bantry_bay;7257;6398;x
kilbrittain;mizen_head;7278;6387;x
tralee;shannon_estuary;7256;6457;x
dingle;slea_head;7216;6432;x
limerick;shannon_estuary;7288;6463;x
adare;shannon_estuary;7270;6459;x
ennis;galway_bay;7263;6481;x
bunratty;shannon_estuary;7287;6464;x
moyarta;galway_bay;7259;6475;x
waterford;hook_head;7366;6428;x
dungarvan;cork_harbour;7334;6414;x
carrickbeg;hook_head;7353;6426;x
quimper;coast_of_cornouaille;7504;6140;x
chateaulin;ushant;7489;6164;x
le_faou;ushant;7498;6169;x
quimperle;coast_of_cornouaille;7521;6136;x
nantes;quiberon_bay;7607;6101;x
blain;quiberon_bay;7606;6102;x
guerande;quiberon_bay;7575;6106;x
machecoul;quiberon_bay;7591;6096;x
dol;saint_malo_gulf;7612;6190;x
saint_malo;saint_malo_gulf;7599;6189;x
saint_brieuc;saint_malo_gulf;7570;6186;x
brest;ushant;7488;6174;x
chatelaudren;saint_malo_gulf;7563;6194;x
st_pol_de_leon;breton_sea;7514;6192;x
treguier;breton_sea;7535;6204;x
vannes;quiberon_bay;7557;6123;x
hennebont;coast_of_cornouaille;7538;6131;x
redon;quiberon_bay;7576;6118;x
mimizan;coast_aquitaine;7631;5909;x
tartas;coast_aquitaine;7628;5889;x
tosse;basque_coast;7624;5869;x
bayonne;basque_coast;7620;5859;x
benauges;gironde;7663;5957;x
castelnau_de_medoc;gironde;7661;5961;x
lesparre_medoc;gironde;7636;5973;x
libourne;gironde;7659;5972;x
narbonne;coast_languedoc;7834;5833;x
agde;mouths_rhone;7856;5851;x
beziers;coast_languedoc;7843;5843;x
nimes;mouths_rhone;7878;5860;x
melgueil;mouths_rhone;7874;5862;x
montpellier;mouths_rhone;7865;5857;x
caen;seine_bay;7679;6236;x
bayeux;seine_bay;7652;6240;x
fecamp;alabaster_coast;7709;6269;x
arques;alabaster_coast;7743;6281;x
aumale;alabaster_coast;7751;6286;x
longueville;alabaster_coast;7736;6278;x
tancarville;seine_bay;7693;6248;x
coutances;saint_malo_gulf;7619;6213;x
cherbourg;seine_bay;7609;6262;x
avranches;saint_malo_gulf;7624;6194;x
jersey;saint_malo_gulf;7593;6228;x
st_sauveur;saint_malo_gulf;7615;6233;x
lisieux;seine_bay;7692;6240;x
abbeville;alabaster_coast;7766;6295;x
calais;strait_of_dover;7775;6348;x
boulogne_sur_mer;strait_of_dover;7762;6332;x
montreuil;strait_of_dover;7762;6307;x
beauvoir;quiberon_bay;7596;6082;x
fontenay;ile_de_re;7638;6039;x
talmont;ile_de_re;7619;6045;x
la_rochelle;ile_de_re;7638;6027;x
oleron;ile_de_re;7631;6020;x
royan;gironde;7646;5991;x
rochefort;ile_de_re;7640;6012;x
jonzac;gironde;7656;5980;x
aix_en_provence;mouths_rhone;7917;5854;x
arles;mouths_rhone;7907;5848;x
marseille;cape_sicie;7943;5839;x
frejus;french_riviera;7998;5849;x
toulon;french_riviera;7975;5834;x
nice;riviera_ponente;8034;5875;x
grasse;french_riviera;8010;5861;x
coruna;rias_altas;7309;5848;x
betanzos;rias_altas;7316;5848;x
ferrol;rias_altas;7318;5858;x
mondonedo;cape_penas;7362;5863;x
vivero;rias_altas;7344;5870;x
finisterre;costa_da_morte;7283;5843;x
noya;rias_baixas;7284;5814;x
pontevedra;rias_baixas;7293;5788;x
tuy;rias_baixas;7293;5779;x
villaviciosa;coast_asturias;7446;5860;x
cangas;coast_asturias;7453;5858;x
llanes;coast_asturias;7469;5855;x
aviles;cape_penas;7411;5864;x
castropol;cape_penas;7380;5863;x
santander;bay_santander;7517;5855;x
laredo;bay_santander;7534;5854;x
san_vicente_barquera;coast_asturias;7487;5853;x
bilbao;bay_santander;7554;5852;x
valmaseda;bay_santander;7552;5849;x
san_sebastian;basque_coast;7600;5848;x
tolosa;basque_coast;7593;5846;x
barcelona;costa_daurada;7790;5722;x
sitges;costa_daurada;7767;5712;x
girona;gulf_of_roses;7837;5762;x
castellon_ampurias;gulf_of_roses;7834;5779;x
sant_feliu;costa_brava;7827;5747;x
tarragona;costa_daurada;7741;5705;x
tortosa;ebro_delta;7723;5688;x
perpignan;coast_languedoc;7830;5805;x
castellon_de_la_plana;gulf_of_valencia;7687;5629;x
ares_del_maestre;ebro_delta;7701;5648;x
peniscola;ebro_delta;7710;5661;x
denia;cap_nau;7701;5564;x
gandia;gulf_of_valencia;7684;5576;x
orihuela;costa_blanca;7660;5512;x
alicante;costa_blanca;7671;5536;x
elche;costa_blanca;7666;5526;x
valencia;gulf_of_valencia;7677;5603;x
palma;bay_palma;7801;5609;x
ciudadela_de_menorca;favaritx_cape;7889;5631;x
ibiza;eivissa_coast;7761;5573;x
manacor;mallorca_coast;7843;5607;x
pollensa;bay_alcudia;7833;5632;x
esgueira;cape_mondego;7295;5681;x
feira;cape_mondego;7295;5694;x
figueira;cape_mondego;7285;5652;x
leiria;berlengas_islands;7281;5630;x
porto;cape_mondego;7296;5709;x
barcelos;mouth_douro;7290;5731;x
viana_do_castelo;mouth_douro;7286;5750;x
lagos;cape_sao_vicente;7295;5458;x
faro;cape_st_mary;7328;5454;x
silves;cape_sao_vicente;7306;5458;x
tavira;cape_st_mary;7346;5461;x
odemira;cape_sines;7289;5488;x
sines;cape_sines;7289;5506;x
lisbon;bay_setubal;7279;5565;x
alcacer_do_sal;bay_setubal;7294;5541;x
alcobaca;berlengas_islands;7274;5609;x
setubal;bay_setubal;7279;5557;x
torres_vedras;berlengas_islands;7261;5580;x
cadiz;trafalgar;7408;5423;x
algeciras;strait_of_gibraltar;7444;5401;x
gibraltar;strait_of_gibraltar;7450;5407;x
sanlucar;bay_of_cadiz;7408;5445;x
tarifa;trafalgar;7434;5395;x
huelva;bay_of_cadiz;7375;5466;x
ayamonte;cape_st_mary;7359;5464;x
niebla;bay_of_cadiz;7390;5454;x
sevilla;bay_of_cadiz;7416;5458;x
coria_del_rio;bay_of_cadiz;7413;5456;x
almeria;gulf_of_almeria;7584;5443;x
mojacar;gulf_of_almeria;7606;5456;x
adra;costa_sol;7558;5437;x
almunecar;costa_sol;7528;5436;x
malaga;costa_sol;7489;5433;x
marbella;strait_of_gibraltar;7458;5419;x
velez_malaga;costa_sol;7505;5437;x
murcia;costa_blanca;7657;5506;x
cartagena;gulf_mazarron;7647;5488;x
lorca;gulf_mazarron;7621;5478;x
mula;gulf_mazarron;7631;5487;x
chieti;abruzzo_coast;8341;5793;x
lanciano;abruzzo_coast;8350;5785;x
vasto;abruzzo_coast;8361;5776;x
atri;abruzzo_coast;8330;5807;x
csantangelo;abruzzo_coast;8335;5799;x
larino;tremiti_islands;8376;5762;x
bari;gulf_manfredonia;8460;5710;x
barletta;gulf_manfredonia;8441;5718;x
monopoli;penne_cape;8484;5696;x
manfredonia;gulf_manfredonia;8421;5742;x
rotondo;tremiti_islands;8408;5761;x
sansevero;tremiti_islands;8390;5759;x
lecce;strait_otranto;8526;5663;x
brindisi;penne_cape;8506;5682;x
gallipoliita;maria_leuca_cape;8521;5628;x
martinafr;gulf_taranto;8469;5670;x
taranto;gulf_taranto;8480;5669;x
lagonegro;gulf_policastro;8405;5640;x
matera;gulf_taranto;8457;5658;x
santarcangelo;gulf_taranto;8452;5648;x
catanzaro;gulf_squillace;8452;5567;x
cotrone;gulf_squillace;8479;5583;x
gerace;spartivento_cape;8434;5530;x
monteleone;eolie_islands;8415;5561;x
nicastro;eolie_islands;8429;5567;x
palmi;strait_messina;8415;5544;x
reggiocal;strait_messina;8403;5516;x
cassano;gulf_taranto;8445;5630;x
scalea;gulf_policastro;8409;5626;x
paola;gulf_policastro;8420;5602;x
rossano;gulf_taranto;8451;5616;x
naples;gulf_napoli;8342;5689;x
caserta;gulf_napoli;8325;5702;x
gaeta;gulf_napoli;8316;5716;x
salerno;gulf_napoli;8363;5680;x
campagna;gulf_napoli;8371;5670;x
salacon;gulf_policastro;8401;5642;x
vallo;gulf_policastro;8380;5649;x
comacchio;po_delta;8250;5938;x
rimini;romagna_coast;8267;5893;x
cesena;po_delta;8256;5907;x
ravenna;po_delta;8253;5918;x
pesaro;romagna_coast;8288;5879;x
rome;coast_lazio;8256;5741;x
terracina;gulf_terracina;8283;5720;x
velletri;gulf_terracina;8270;5727;x
bracciano;coast_lazio;8247;5753;x
civitavecchia;coast_lazio;8231;5765;x
corneto;coast_lazio;8223;5778;x
bastia;corsica_channel;8123;5806;x
aleria;corsica_east_coast;8127;5774;x
calvi;gulf_florent;8099;5804;x
genoa;gulf_genoa;8094;5914;x
lavagna;gulf_genoa;8113;5912;x
sarzana;riviera_levante;8140;5896;x
ajaccio;gulf_asinara;8091;5754;x
bonifacio;strait_bonifacio;8105;5728;x
sartene;gulf_asinara;8095;5744;x
vico;corsica_west_coast;8085;5781;x
albenga;gulf_genoa;8068;5897;x
finalborgo;gulf_genoa;8075;5896;x
savona;gulf_genoa;8081;5911;x
ventimiglia;riviera_ponente;8047;5878;x
ancona;romagna_coast;8306;5867;x
ascolipiceno;conero_cape;8324;5823;x
fermo;conero_cape;8320;5839;x
oristano;gulf_oristano;8080;5631;x
terralba;gulf_oristano;8076;5614;x
cagliari;gulf_cagliari;8114;5589;x
tratalias;teulada_cape;8081;5578;x
villa_di_chiesa;teulada_cape;8074;5596;x
muravera;ferrato_cape;8129;5599;x
tortoli;ferrato_cape;8132;5625;x
terranova_pausania;gulf_olbia;8127;5704;x
orosei;gulf_orosei;8133;5659;x
posada;gulf_olbia;8134;5688;x
tempiopausania;strait_bonifacio;8104;5709;x
sassari;gulf_asinara;8075;5691;x
alghero;bay_alghero;8069;5672;x
bosa;gulf_oristano;8075;5650;x
castelsardo;gulf_asinara;8090;5697;x
messina;strait_messina;8401;5526;x
catania;gulf_catania;8379;5480;x
mistretta;gulf_termini;8350;5518;x
patti;eolie_islands;8367;5526;x
girgenti;gulf_gela;8308;5470;x
cefalu;gulf_termini;8333;5517;x
sciacca;granitola_cape;8289;5483;x
termini;gulf_termini;8317;5514;x
palermo;gulf_termini;8302;5522;x
mazara;granitola_cape;8265;5491;x
salemi;gulf_castellammare;8281;5518;x
trapani;egadi_islands;8259;5514;x
syracuse;gulf_catania;8384;5467;x
malta;george_bay;8344;5383;x
modica;strait_malta;8358;5438;x
noto;gulf_noto;8381;5444;x
terranovasic;gulf_gela;8336;5458;x
grosseto;gulf_talamone;8191;5807;x
pitigliano;gulf_talamone;8200;5796;x
piombino;gulf_talamone;8177;5823;x
lucca;riviera_levante;8157;5880;x
massa;riviera_levante;8156;5885;x
fosdinovo;riviera_levante;8149;5892;x
pisa;riviera_levante;8160;5867;x
livorno;corsica_channel;8168;5846;x
aquileia;gulf_venice;8299;6002;x
udine;gulf_venice;8292;6004;x
venice;gulf_venice;8252;5984;x
mestre;gulf_venice;8261;5991;x
chioggia;gulf_venice;8256;5957;x
cetatea_alba;dniester_estuary;9075;6016;x
sarata;north_danube_delta;9048;5996;x
dundaga;gulf_of_riga;8725;6809;x
durbe;coast_of_kurland;8665;6770;x
grobina;coast_of_memel;8646;6726;x
kandava;gulf_of_riga;8741;6796;x
ventspils;coast_of_kurland;8674;6796;x
tallinn;west_gulf_of_finland;8836;6945;x
narva;east_gulf_of_finland;8948;6939;x
padise;west_gulf_of_finland;8794;6934;x
toolse;west_gulf_of_finland;8896;6949;x
parnu;gulf_of_riga;8809;6862;x
saarde;gulf_of_riga;8804;6840;x
hapsal;north_central_baltic;8767;6907;x
kaina;north_central_baltic;8711;6898;x
kuressaare;coast_of_osel;8701;6847;x
lihula;north_central_baltic;8771;6892;x
st_martin;gulf_of_riga;8781;6859;x
valjala;north_central_baltic;8714;6880;x
tukums;gulf_of_riga;8756;6772;x
riga;gulf_of_riga;8781;6767;x
limbazi;gulf_of_riga;8801;6809;x
salaspils;gulf_of_riga;8790;6773;x
straupe;gulf_of_riga;8802;6783;x
gdansk;gulf_of_danzig;8552;6580;x
puck;gulf_of_danzig;8533;6600;x
memel;curonian_coast;8652;6670;x
konigsberg;vistula_lagoon;8617;6602;x
balga;vistula_lagoon;8599;6591;x
brandenburg_prussia;vistula_lagoon;8613;6597;x
fischhausen;gulf_of_danzig;8597;6618;x
elblag;vistula_lagoon;8575;6575;x
frombork;vistula_lagoon;8589;6584;x
palanga;coast_of_memel;8650;6699;x
sukhumi;sokhumi_bay;9559;5826;x
anacopia;sokhumi_bay;9542;5832;x
pitsunda;pitsunda_cape;9520;5848;x
bedia;sokhumi_bay;9575;5810;x
anaklia;sokhumi_bay;9581;5789;x
batumi;batumi_bay;9588;5743;x
ozurgeti;batumi_bay;9592;5757;x
poti_caucasus;batumi_bay;9586;5774;x
tarki;caspian_sea12;9853;5832;x
boynak;caspian_sea12;9868;5803;x
terek;caspian_sea13;9854;5848;x
baku;caspian_sea8;9985;5662;x
mahmudabad;caspian_sea7;9936;5605;x
maraza;caspian_sea7;9947;5650;x
qobustan;caspian_sea7;9942;5633;x
baciravan;caspian_sea6;9920;5583;x
salyan;caspian_sea6;9925;5588;x
shirvan;caspian_sea9;9947;5681;x
derbent;caspian_sea11;9893;5762;x
niyazabad;caspian_sea10;9922;5734;x
shabran;caspian_sea10;9924;5725;x
theodoro;cape_fiolent;9221;5921;x
qirq_yer;kalamita_bay;9219;5946;x
lusta;cape_sarych;9248;5921;x
kaffa;kaffa_bay;9312;5962;x
soldaia;cape_meganom;9284;5943;x
vosporo;bay_arabat;9331;5980;x
kezlev;kalamita_bay;9211;5966;x
aqmecit;cape_tarkhankut;9173;5975;x
or_qapi;karkinit_bay;9221;6019;x
taman;strait_kerch;9370;5972;x
mapa;tsemess_bay;9390;5945;x
susaco;tsemess_bay;9412;5935;x
copa;temryuk_bay;9402;5984;x
tuapse;gelendzhik_bay;9457;5906;x
costa;circassian_coast;9485;5880;x
akhtar;yasensk_bay;9428;6023;x
khadjibey;dniester_estuary;9087;6037;x
teligol;dnieper_bug_estuary;9103;6057;x
dashev;dnieper_bug_estuary;9131;6060;x
balikley;dnieper_bug_estuary;9102;6086;x
vithold_hammami;dnieper_bug_estuary;9147;6075;x
oleshia;dnieper_bug_estuary;9159;6057;x
qalancaq;karkinit_bay;9220;6029;x
ordu_bazar;karadzhynska_bay;9163;6026;x
enice;genichskaya_channel;9282;6035;x
melitopol;obitochny_gulf;9317;6056;x
kyrylivka;genichskaya_channel;9301;6042;x
berdiansk;obitochny_gulf;9351;6067;x
taganrog;taganrog_gulf;9463;6097;x
domakha;belosaraysk_gulf;9402;6090;x
shyrokyne;belosaraysk_gulf;9424;6091;x
azok;taganrog_gulf;9478;6087;x
shcherbinovka;taganrog_gulf;9447;6063;x
balzimachi;belosaraysk_gulf;9422;6062;x
kanevskaya;yasensk_bay;9443;6028;x
tana;taganrog_gulf;9476;6101;x
astrakhan;caspian_sea15;9878;5985;x
krasny_yar;caspian_sea16;9921;6014;x
ganyushkino;caspian_sea17;9955;6039;x
ikryanoye;caspian_sea15;9862;5988;x
dardeling;caspian_sea15;9853;5973;x
kara_bazaar;caspian_sea14;9827;5929;x
ryn;caspian_sea18;9997;6080;x
sarayjuk;caspian_sea19;10037;6079;x
martyshkino;east_gulf_of_finland;9042;6978;x
neva;east_gulf_of_finland;9066;6977;x
koporye;east_gulf_of_finland;9013;6971;x
ivangorod;east_gulf_of_finland;8969;6950;x
soikino;east_gulf_of_finland;8985;6959;x
village_onega;inner_onega_bay;9423;7284;x
luda;inner_onega_bay;9407;7311;x
nyonoksa;inner_onega_bay;9415;7305;x
solovetsky;inner_onega_bay;9313;7359;x
maloshuyka;inner_onega_bay;9402;7267;x
sumsky_posad;inner_onega_bay;9309;7307;x
unezhma;inner_onega_bay;9360;7275;x
arkhangelsk;intsi_cape;9531;7340;x
pomorye;intsi_cape;9499;7322;x
kuloy;barents_sea10;9695;7445;x
verkhnyaya_zolotitsa;intsi_cape;9534;7422;x
koyda;barents_sea10;9635;7468;x
nes;barents_sea10;9712;7486;x
trieste;gulf_venice;8312;6004;x
pola;cape_kamenjak;8318;5951;x
pazin;kvarner_gulf;8338;5959;x
rovinj;gulf_venice;8308;5977;x
senj;kvarner_gulf;8368;5947;x
crikvenica;kvarner_gulf;8355;5972;x
kaseg;zadar_strait;8379;5922;x
krk;kvarner_gulf;8356;5954;x
pag;zadar_strait;8371;5920;x
rijeka;kvarner_gulf;8344;5977;x
novigrad;zadar_strait;8403;5900;x
sibenik;gulf_kastela;8415;5870;x
zadar;murter_strait;8384;5897;x
dubrovnik;bay_kotor;8517;5803;x
brac;gulf_kastela;8440;5846;x
makarska;korcula_strait;8464;5848;x
metkovic;korcula_strait;8480;5834;x
slano;korcula_strait;8459;5825;x
split;gulf_kastela;8437;5861;x
bar_cg;bay_kotor;8562;5766;x
kotor;bay_kotor;8542;5790;x
babadag;south_danube_delta;9002;5936;x
constanta;south_danube_delta;8998;5901;x
enisala;south_danube_delta;9027;5942;x
tulcea;north_danube_delta;9042;5966;x
varna;gulf_varna;8962;5828;x
karvuna;kaliakra_point;8973;5852;x
kaliakra;kaliakra_point;8983;5852;x
pangalia;kaliakra_point;8995;5882;x
hatera;thermaic_gulf;8721;5665;x
thessaloniki;thermaic_gulf;8736;5672;x
kassandreia;gulf_kassandreia;8761;5642;x
mount_athos;singitic_gulf;8788;5656;x
polygyros;strymonian_gulf;8777;5668;x
kavala;strymonian_gulf;8801;5694;x
rentina;strymonian_gulf;8773;5685;x
thasos;thracian_sea;8820;5683;x
burgas;gulf_varna;8944;5797;x
anhialo;gulf_varna;8955;5807;x
rusokastro;gulf_varna;8938;5789;x
sozopol;gulf_varna;8944;5793;x
constantinople;gulf_izmit;9001;5699;x
catalca;bosphorus;8990;5727;x
silivri;gulf_izmit;8982;5704;x
corlu;dardanelles;8955;5701;x
gallipoli;dardanelles;8908;5665;x
enez;gulf_saros;8879;5675;x
rodoscuk;dardanelles;8937;5685;x
kesan;gulf_saros;8903;5677;x
ahtopol;stomoplo_bay;8967;5755;x
kiyikoy;stomoplo_bay;8971;5742;x
traianopolis;gulf_saros;8873;5689;x
komotini;thracian_sea;8844;5697;x
xanthia;thracian_sea;8828;5696;x
durres;drin_bay;8580;5717;x
ballsh;drin_bay;8572;5686;x
kavaje;drin_bay;8580;5697;x
kruje;drin_bay;8581;5739;x
shkoder;drin_bay;8577;5754;x
lezha;drin_bay;8583;5749;x
avlonya;strait_otranto;8578;5665;x
argyrokastro;coast_corfu;8596;5638;x
butrint;coast_corfu;8605;5618;x
angelokastron;gulf_patras;8662;5545;x
nafpaktos;gulf_patras;8675;5535;x
salona;gulf_corinth;8712;5541;x
vonitsa;ambracian_gulf;8650;5570;x
athens;saronic_gulf;8774;5498;x
atalanti;euboic_sea;8743;5555;x
livadeia;gulf_corinth;8724;5536;x
megara;saronic_gulf;8751;5513;x
thebes;petalion_gulf;8778;5535;x
corfu;coast_corfu;8595;5618;x
cephalonia;coast_cephalonia;8622;5530;x
leukas;ambracian_gulf;8627;5559;x
zakynthos;gulf_patras;8637;5506;x
bodonitsa;euboic_sea;8721;5567;x
zetounion;euboic_sea;8721;5570;x
arta;ambracian_gulf;8652;5579;x
parga;ambracian_gulf;8618;5593;x
preveza;ambracian_gulf;8627;5584;x
demetrias;euboic_sea;8732;5592;x
stomio;gulf_kassandreia;8735;5617;x
patras;gulf_patras;8680;5531;x
chalandritsa;gulf_patras;8673;5524;x
vostitsa;gulf_corinth;8699;5532;x
argos;argolic_gulf;8726;5488;x
astros;argolic_gulf;8735;5463;x
ermioni;argolic_gulf;8742;5479;x
nafplio;argolic_gulf;8735;5485;x
corinth;gulf_corinth;8730;5514;x
damala;saronic_gulf;8746;5499;x
xylokastro;gulf_corinth;8712;5524;x
andravida;gulf_patras;8660;5516;x
andritsaina;kyparissia_gulf;8675;5483;x
pontikokastro;kyparissia_gulf;8664;5492;x
mystras;lakonikos_gulf;8723;5440;x
kythira;lakonikos_gulf;8733;5408;x
monemvasia;myrtoan_sea;8742;5435;x
oitylo;lakonikos_gulf;8712;5419;x
kalamata;messinia_gulf;8694;5453;x
kyparissia;kyparissia_gulf;8676;5469;x
leuktron;messinia_gulf;8703;5445;x
modon;messinia_gulf;8691;5446;x
chios;gulf_smyrna;8887;5543;x
ikaria;cape_mesta;8877;5492;x
samos;icarian_sea;8908;5496;x
candia;gulf_mirambelos;8840;5352;x
chania;chania_bay;8778;5365;x
elounda;coast_crete;8859;5332;x
gergeri;messara_bay;8823;5327;x
hagios_pavlos;krios_cape;8788;5343;x
rethymno;chania_bay;8805;5356;x
siteia;sideros_cape;8890;5340;x
viannos;messara_bay;8839;5328;x
negroponte;euboic_sea;8766;5547;x
eretreia;euboic_sea;8761;5552;x
karystos;west_cyclades;8804;5515;x
kleisoura;gulf_kymi;8764;5566;x
kymi;cape_caphereus;8794;5542;x
oreos;euboic_sea;8744;5566;x
mitilene;edremit_gulf;8896;5583;x
molyvos;edremit_gulf;8881;5597;x
imbros;gulf_saros;8869;5653;x
lemnos;thracian_sea;8843;5636;x
sporades;sporades_sea;8810;5573;x
naxos;east_cyclades;8841;5454;x
amorgos;south_cyclades;8870;5439;x
andros;cape_mesta;8828;5506;x
kythnos;west_cyclades;8822;5482;x
milos;south_cyclades;8844;5433;x
mykonos;east_cyclades;8836;5486;x
rodos;prasonisi_cape;8967;5396;x
karpathos;karpathian_sea;8924;5367;x
kos;ceramic_gulf;8929;5441;x
ushkan;caspian_sea20;10114;6054;x
tenteksor;caspian_sea20;10099;6081;x
koshkar_ata;caspian_sea28;10067;5818;x
temir_baba;caspian_sea30;10094;5746;x
ketik_kala;caspian_sea24;9980;5929;x
kabakty;caspian_sea23;10024;5969;x
adana;gulf_alexandretta;9303;5426;x
ayas;gulf_alexandretta;9321;5439;x
iskenderun;gulf_alexandretta;9338;5439;x
famagusta;famagusta_bay;9237;5340;x
kyrenia;cape_apostolos_andreas;9256;5363;x
larnaca;famagusta_bay;9222;5325;x
limassol;akrotiri_bay;9195;5312;x
morphou;cape_arnauti;9175;5344;x
paphos;episkopi_bay;9169;5315;x
silifke;cape_tisan;9234;5409;x
anamur;morphou_bay;9191;5397;x
tarsus;gulf_mersin;9268;5439;x
corycus;gulf_mersin;9251;5426;x
biga;dardanelles;8936;5663;x
ayvacik;cape_lecton;8882;5617;x
bandirma;gulf_izmit;8966;5661;x
canakkale;dardanelles;8893;5647;x
gonen;dardanelles;8949;5660;x
lapseki;dardanelles;8920;5664;x
bursa;gulf_izmit;9006;5663;x
iznik;gulf_izmit;9017;5680;x
bergama;edremit_gulf;8914;5581;x
edremit;edremit_gulf;8917;5611;x
izmit;gulf_izmit;9054;5684;x
atpazari;cape_pazarbasi;9085;5710;x
uskudar;gulf_izmit;9015;5697;x
silli;bosphorus;9041;5712;x
akcasehir;cape_baba;9106;5707;x
eregli;cape_baba;9136;5730;x
giresun;east_pontic_coast;9438;5696;x
bayramlu;cape_yasurt;9428;5699;x
terme;cape_yasurt;9377;5714;x
unye;cape_yasurt;9389;5709;x
inebolu;cape_kerempe;9226;5763;x
kure_i_mamure;cape_kerempe;9206;5765;x
amasra;west_pontic_coast;9172;5752;x
bartin;west_pontic_coast;9157;5743;x
sinop;central_pontic_coast;9272;5762;x
bafra;balik_gulf;9337;5733;x
gerze;cape_sinop;9295;5750;x
samsun;balik_gulf;9346;5719;x
trebizond;cape_fener;9497;5702;x
gorele;east_pontic_coast;9466;5703;x
khupati;batumi_bay;9578;5729;x
rize;cape_fener;9536;5704;x
surmene;cape_fener;9519;5696;x
alaiye;east_gulf_adalia;9148;5424;x
karahisar_i_teke;west_gulf_adalia;9099;5443;x
manavgat;west_gulf_adalia;9120;5439;x
selinti;east_gulf_adalia;9160;5409;x
antalya;west_gulf_adalia;9088;5445;x
finike;gulf_finike;9065;5408;x
kas;teke_peninsula;9039;5403;x
balat;gulf_kusadasi;8932;5500;x
milas;icarian_sea;8934;5474;x
bodrum;ceramic_gulf;8939;5454;x
gokabat;ceramic_gulf;8979;5455;x
marmaris;gulf_fethiye;8978;5442;x
megri;gulf_fethiye;9016;5432;x
yuksekkum;gulf_fethiye;8994;5439;x
foca;gulf_smyrna;8907;5556;x
smyrna;gulf_smyrna;8926;5542;x
ayasuluk;gulf_kusadasi;8932;5508;x
cesme;gulf_smyrna;8890;5536;x
menemen;gulf_smyrna;8912;5551;x
urla;gulf_smyrna;8911;5538;x
abadan;kuwait_bay;9909;5034;x
zuwayr;kuwait_bay;9893;5015;x
antioch;cape_ad_dariah;9328;5394;x
arsuz;gulf_alexandretta;9330;5423;x
acre;bay_haifa;9287;5209;x
gaza;coastal_plain;9260;5126;x
jaffa;coastal_plain;9275;5166;x
majdal;coastal_plain;9264;5134;x
latakia;cape_ad_dariah;9322;5377;x
baniyas;cape_ad_dariah;9327;5343;x
jableh;cape_ad_dariah;9326;5353;x
tartus;coast_lebanon;9324;5326;x
beirut;bay_beirut;9308;5266;x
deir_qamar;bay_beirut;9303;5255;x
sidon;bay_beirut;9299;5241;x
tripoli_syria;coast_lebanon;9323;5300;x
aqaba;gulf_aqaba;9281;5004;x
al_jubayl;alaly_cape;9952;4861;x
al_qatif;tarout_bay;9967;4839;x
al_uqayr;gulf_bahrein;9976;4783;x
manama;tarout_bay;9996;4811;x
sayhat;tarout_bay;9972;4828;x
ash_shuaybah;zawr_cape;9885;4974;x
kazimah;kuwait_bay;9863;4997;x
qurain;kuwait_bay;9875;4998;x
jannah;mishab_cape;9918;4897;x
al_bidda;matbakh_cape;10038;4761;x
al_huwaila;matbakh_cape;10035;4798;x
al_mashqar;gulf_bahrein;10004;4729;x
al_udayd;abu_gamys_cape;10033;4715;x
eglat_faisal;gulf_bahrein;10005;4737;x
sir_bani_yas;abu_gamys_cape;10084;4704;x
zubarah;tarout_bay;10018;4806;x
duba;north_tihamah_coast;9317;4877;x
al_azlam;north_tihamah_coast;9326;4858;x
al_wajh;north_hijaz_coast;9344;4824;x
khulays;central_tihamah_coast;9466;4580;x
al_juhfah;central_tihamah_coast;9463;4615;x
asfan;ghurab_island;9467;4559;x
qudayd;central_tihamah_coast;9469;4599;x
aynuna;cape_muhammad;9292;4919;x
al_muwaylih;north_tihamah_coast;9305;4896;x
haql;gulf_aqaba;9279;4990;x
makna;gulf_aqaba;9274;4945;x
al_lith;abulat_island;9525;4463;x
jeddah;al_shuaiba_coast;9485;4504;x
umluj;shibara_archipelago;9386;4746;x
al_hawra;shibara_archipelago;9376;4769;x
yanbu;south_hijaz_coast;9425;4687;x
al_jar;south_hijaz_coast;9448;4657;x
ash_shibahah;yanbu_harbour;9395;4712;x
suhar;tehama_coast;10275;4707;x
al_khaburah;tehama_coast;10297;4681;x
khor_fakkan;strait_oman;10254;4780;x
nakhal;fujairah_coast;10327;4669;x
rustaq;tehama_coast;10314;4673;x
saham;tehama_coast;10285;4692;x
shinas;hamra_cape;10261;4733;x
julfar;shaykh_masud_cape;10236;4788;x
abu_dhabi;southern_trucial_coast;10165;4715;x
al_dhaid;northern_trucial_coast;10222;4778;x
dubai;northern_trucial_coast;10200;4748;x
marawah;abu_abyad_island;10117;4704;x
sharjah;northern_trucial_coast;10212;4764;x
masqat;abu_dawood_cape;10368;4652;x
as_sib;fujairah_coast;10343;4665;x
jalan_buani_buali;ar_ruays_cape;10387;4535;x
masirah;gulf_masirah;10341;4489;x
qalhat;hadd_cape;10391;4616;x
sur;qumaylah_cape;10411;4579;x
hali;south_tihamah_coast;9566;4389;x
al_qunfudhah;south_tihamah_coast;9562;4406;x
al_shuqayq;asir_coast;9598;4331;x
al_sirrayn;abulat_island;9545;4443;x
al_hirda;kamaran_islands;9639;4232;x
harad_asir;farasan_islands;9637;4255;x
jazan;farasan_islands;9627;4283;x
al_khosuf;farasan_islands;9634;4269;x
farasan;farasan_islands;9604;4277;x
sabya;farasan_islands;9621;4293;x
adan;marshaq_cape;9738;4052;x
al_arah;bab_el_mandeb;9695;4041;x
al_mafalis;marshaq_cape;9718;4051;x
zinjibar;saylan_cape;9761;4070;x
birali;al_ushaydah_cape;9892;4120;x
al_mukalla;al_kalb_cape;9926;4147;x
al_shihr;sharmah_cape;9951;4161;x
balhaf;al_ushaydah_cape;9882;4120;x
ahwar;abyan_coast;9822;4088;x
shuqra;saylan_cape;9778;4084;x
khayrij;mahrah_coast;10010;4181;x
hudaida;yemenite_coast;9645;4163;x
al_luhayyah;kamaran_islands;9634;4218;x
as_salif;kamaran_islands;9635;4195;x
dhufar;mirbat_bay;10156;4287;x
hadibu;shuub_cape;10163;4033;x
qulensya;abdalkuri_coast;10120;4041;x
khalfut;fartak_cape;10068;4223;x
mirbat;mirbat_cape;10195;4287;x
qishn;qishn_bay;10045;4197;x
raysut;dharbat_ali_cape;10124;4273;x
al_mandab;bab_el_mandeb;9669;4049;x
al_mukha;zuqar_island;9659;4084;x
hays;zuqar_island;9658;4109;x
zabid;zuqar_island;9650;4129;x
al_ghulayfiqah;yemenite_coast;9647;4148;x
hinglaj;sonmiani_bay;10672;4764;x
ormara;ormara_coast;10632;4756;x
sonamiani;sonmiani_bay;10720;4765;x
gwadar;indian_coast2;10530;4752;x
pasni;indian_coast3;10582;4755;x
gwatar;jiwani_bay;10491;4752;x
al_tiz;chabahar_bay;10449;4763;x
bandar_e_jask;cape_jask;10321;4780;x
jagin_zir;cape_kalat;10358;4776;x
zarabad;cape_kalat;10396;4769;x
hendijan;iranian_bay;9943;5041;x
bandar_deyr;nayband_gulf;10056;4906;x
khormoj;khann_cape;10021;4936;x
gamrun;strait_hormuz;10253;4868;x
bandar_charak;kish_island;10160;4841;x
bandar_khamir;tangeh_khoran_strait;10223;4853;x
bandar_lengeh;tangeh_khoran_strait;10190;4832;x
hormuz;strait_hormuz;10263;4865;x
reyshahr;bushehr_bay;10005;4974;x
bandar_deylam;iranian_bay;9974;5035;x
bandar_rig;khark_island;9995;5002;x
jannaba;khark_island;9989;5010;x
siraf;nayband_gulf;10070;4898;x
kish;lavan_island;10125;4854;x
minab;strait_hormuz;10280;4861;x
senderk;strait_hormuz;10287;4847;x
sirik;strait_hormuz;10289;4830;x
machul;iranian_bay;9931;5055;x
quban;iranian_bay;9918;5056;x
rasht;caspian_sea4;9957;5482;x
lahijan;caspian_sea4;9972;5483;x
langarud;caspian_sea4;9982;5465;x
astarabad;caspian_sea1;10151;5446;x
etrek;caspian_sea34;10140;5497;x
mubarakabad;caspian_sea1;10149;5461;x
tammisha;caspian_sea1;10147;5441;x
amol;caspian_sea2;10074;5433;x
al_mamtir;caspian_sea2;10092;5438;x
chalus;caspian_sea3;10027;5436;x
kojur;caspian_sea3;10050;5429;x
tonekabon;caspian_sea3;10003;5447;x
sari;caspian_sea2;10101;5440;x
ashraf;caspian_sea1;10118;5445;x
dulab;caspian_sea5;9922;5500;x
astara;caspian_sea5;9917;5532;x
bandar_e_anzali;caspian_sea5;9936;5487;x
lankaran;caspian_sea6;9916;5564;x
ningde;sansha_bay;13133;4838;x
fuan;sansha_bay;13141;4845;x
changshi;shacheng_harbour;13171;4868;x
lianjiang;sansha_bay;13138;4815;x
luoyuan;sansha_bay;13135;4827;x
changle_fujian;sansha_bay;13138;4802;x
jinjiang;xinghua_bay;13091;4733;x
tongan;xiamen_harbour;13070;4722;x
huian;xinghua_bay;13102;4745;x
nanan_quanzhou;xiamen_harbour;13081;4722;x
putian;xinghua_bay;13114;4767;x
fuqing;sansha_bay;13129;4780;x
xianyou;xinghua_bay;13103;4756;x
longxi;xiamen_harbour;13058;4708;x
zhaoan;dongshan_bay;13039;4671;x
zhangpu;xiamen_harbour;13049;4685;x
jiangyin;yantze_estuary;13169;5151;x
huating;hangzhou_bay;13215;5075;x
nanhui;nanhui_cape;13239;5092;x
changshu;yantze_estuary;13190;5141;x
chongming;yantze_estuary;13220;5125;x
jiading;yantze_estuary;13221;5118;x
kunshan;yantze_estuary;13209;5130;x
xinghua;changsha_island;13176;5219;x
qushan;haizhou_bay;13129;5313;x
banpu;jiangsu_coast;13131;5288;x
ganyu;haizhou_bay;13118;5321;x
andong_huaian;jiangsu_coast;13135;5271;x
yancheng;changsha_island;13165;5241;x
funing_huaian;jiangsu_coast;13149;5262;x
hailing;changsha_island;13191;5190;x
xixi;changsha_island;13176;5203;x
rugao;yantze_estuary;13176;5155;x
jinghai_tongzhou;yantze_estuary;13192;5148;x
juegang;wunansha_island;13208;5181;x
haimen;yantze_estuary;13217;5148;x
amis;tulan_bay;13216;4630;x
paiwan;lan_island;13196;4587;x
truku;chilai_cape;13228;4690;x
basai;santiao_cape;13236;4751;x
kavalan;yonaguni_strait;13237;4728;x
kulun;tamsui_estuary;13213;4751;x
pakuali;yonaguni_strait;13237;4709;x
siraya;pescadores_strait;13158;4627;x
lloa;zhuoshui_estuary;13160;4668;x
makatao;tapeng_bay;13166;4602;x
papora;zhuoshui_estuary;13176;4703;x
babuza;zhuoshui_estuary;13170;4689;x
taokas;tamsui_estuary;13190;4724;x
hangzhou;qiantang_estuary;13164;5050;x
haining;qiantang_estuary;13179;5057;x
haiyan;qiantang_estuary;13198;5065;x
dinghai;hangzhou_bay;13231;5033;x
cixi;hangzhou_bay;13216;5052;x
xiangshan;sanmen_bay;13242;5003;x
fenghua;sanmen_bay;13221;5007;x
yinxian;sanmen_bay;13236;5014;x
changguo;zhousan_archipelago2;13264;5031;x
shaoxing;qiantang_estuary;13182;5044;x
shangyu;qiantang_estuary;13187;5042;x
xiaoshan;qiantang_estuary;13170;5049;x
yuyao;qiantang_estuary;13197;5047;x
linhai;yueqing_bay;13226;4958;x
xianzhu;sanmen_bay;13220;4983;x
huangyan;yueqing_bay;13222;4955;x
ninghai;sanmen_bay;13220;5001;x
wenling;yueqing_bay;13224;4934;x
yongjia;yueqing_bay;13193;4912;x
pingyang;shacheng_harbour;13180;4891;x
yueqing;yueqing_bay;13199;4922;x
ruian;shacheng_harbour;13186;4900;x
shuangxi;yueqing_bay;13187;4916;x
kunashiri;mekkari_cape;14355;5913;x
etorofu;sango_cape;14389;5938;x
furubetsu;seoroshi_cape;14413;5953;x
shana;sango_cape;14412;5962;x
shibetoro;chirippu_cape;14448;5980;x
uruppu;nobitsu_cape;14500;5992;x
shimushiru;aron_cape;14602;6077;x
onnekotan;kinpei_cape;14730;6245;x
paramushiru;kapari_cape;14778;6294;x
shumushu;kambalny_bay;14804;6337;x
saru;shinodai_cape;14155;5792;x
niikappu;shinodai_cape;14167;5787;x
shizunai;shinodai_cape;14178;5778;x
urakawa;shinodai_cape;14187;5773;x
samani;erimo_cape;14199;5766;x
abuta;uchiura_bay;14093;5799;x
shiraoi;uchiura_bay;14127;5797;x
yuufutsu;uchiura_bay;14140;5803;x
ishikari;ishikari_bay;14124;5845;x
atsuta;ishikari_bay;14123;5859;x
shari;notoro_cape;14278;5888;x
abashiri;notoro_cape;14259;5893;x
tokoro;notoro_cape;14241;5900;x
monbetsu;chikapunotsu_cape;14218;5915;x
esashi_hokkaido;aniva_gulf;14172;5965;x
souya;rishiri_channel;14145;5982;x
rishiri;rishiri_channel;14113;5968;x
shiranuka;shirepa_cape;14245;5819;x
kushiro;shirepa_cape;14261;5825;x
akkeshi;ochiishi_cape;14299;5835;x
nemuro;nemuro_bay;14316;5848;x
notsuke;nemuro_bay;14305;5854;x
shibetsu;nemuro_bay;14297;5872;x
hanasaki;east_shikotan;14371;5874;x
hiyama_hokkaido;obana_cape;14068;5754;x
fukushima;tonoma_cape;14062;5733;x
kamiiso;tsugaru_strait;14091;5746;x
kameda;tsugaru_strait;14095;5750;x
kayabe;uchiura_bay;14092;5773;x
nishi;obana_cape;14064;5768;x
yamakoshi;uchiura_bay;14078;5787;x
futoro;obana_cape;14056;5776;x
setana;motta_cape;14055;5795;x
shimamaki;motta_cape;14065;5809;x
suttsu;motta_cape;14075;5815;x
isoya;motta_cape;14079;5819;x
iwanai;kamui_cape;14085;5827;x
furubira;ishikari_bay;14094;5845;x
yoichi;ishikari_bay;14101;5840;x
teshio;rishiri_channel;14141;5946;x
tomamae;ofuyu_cape;14141;5917;x
rumoi;ofuyu_cape;14134;5886;x
tokachi;tokachi_coast;14234;5808;x
hiroo;tokachi_coast;14218;5786;x
toubui;tokachi_coast;14223;5795;x
minaminakagawa;tokachi_coast;14229;5804;x
imizu;toyama_bay;13931;5442;x
niikawa;toyama_bay;13943;5444;x
nei;toyama_bay;13936;5442;x
higashikubiki;toyama_bay;13982;5467;x
nishikubiki;toyama_bay;13967;5458;x
iwafune;east_sado;14035;5531;x
nutari;east_sado;14030;5520;x
nishikanbara;east_sado;14019;5514;x
koshi;west_sado;14004;5490;x
kariwa;west_sado;13996;5478;x
nyuu;wakasa_bay;13879;5388;x
sakai_echizen;wakasa_bay;13885;5407;x
tsuruga;wakasa_bay;13884;5376;x
nomi;kaga_coast;13900;5422;x
kaga;kaga_coast;13910;5437;x
noto_jap;toyama_bay;13930;5460;x
fugeshi;noto_coast;13922;5480;x
suzu;toyama_bay;13939;5478;x
sawata;west_sado;13985;5513;x
kamo;east_sado;13993;5521;x
osaka;east_seto_sea;13854;5311;x
kawabe;east_seto_sea;13853;5313;x
muko;east_seto_sea;13846;5312;x
izumi;east_seto_sea;13849;5297;x
nakata;east_seto_sea;13818;5275;x
awa_shikoku;east_seto_sea;13819;5280;x
awaji;east_seto_sea;13833;5298;x
naka_shikoku;east_seto_sea;13824;5268;x
kaifu;tenjin_cape;13808;5246;x
ochi;central_seto_sea;13748;5272;x
iyo;west_seto_sea;13729;5263;x
nii;central_seto_sea;13754;5269;x
ukena;west_seto_sea;13725;5253;x
kita_shikoku;west_seto_sea;13715;5238;x
uwa;west_seto_sea;13721;5227;x
kaisou;east_seto_sea;13841;5283;x
higashimuro;shio_cape;13886;5263;x
minamimuro;shio_cape;13879;5248;x
nishimuro;tenjin_cape;13851;5255;x
hidaka;east_seto_sea;13837;5268;x
aya;central_seto_sea;13782;5293;x
mitoyo;central_seto_sea;13776;5287;x
miki;central_seto_sea;13794;5296;x
nagaoka;muroto_cape;13775;5241;x
aki_shikoku;muroto_cape;13788;5236;x
kami_shikoku;muroto_cape;13782;5240;x
agawa;muroto_cape;13769;5240;x
takaoka;muroto_cape;13758;5231;x
hata;ashizuri_cape;13747;5211;x
ooita;west_seto_sea;13686;5230;x
kunisaki;west_seto_sea;13689;5245;x
hayami;west_seto_sea;13678;5231;x
amabe;west_seto_sea;13697;5220;x
nakatsu;shimonoseki_strait;13660;5252;x
mike;shimonoseki_strait;13664;5250;x
usa;shimonoseki_strait;13671;5250;x
mii;shimabara_bay;13625;5215;x
mikasa;east_tsushima_strait;13626;5251;x
hakata;east_tsushima_strait;13621;5249;x
onga;east_tsushima_strait;13635;5266;x
akita_kumamoto;shimabara_bay;13633;5195;x
tamana;shimabara_bay;13627;5209;x
mashiki;shimabara_bay;13636;5189;x
yatsushiro_higo;shimabara_bay;13633;5184;x
amakusa;shimabara_bay;13619;5182;x
ashikita;shimabara_bay;13628;5173;x
saga;shimabara_bay;13622;5219;x
higashimatsuura;east_tsushima_strait;13609;5241;x
kishima;shimabara_bay;13618;5219;x
takaki;shimabara_bay;13615;5204;x
nishisonogi;oomura_bay;13601;5205;x
higashisonogi;oomura_bay;13603;5213;x
nishimatsuura;west_tsushima_strait;13599;5233;x
minamimatsuura;gotou_coast;13545;5194;x
koyu;udo_cape;13679;5161;x
higashiusuki;kannon_rock;13686;5179;x
naka_hyuuga;udo_cape;13676;5143;x
miyazaki;udo_cape;13675;5128;x
minamimorokata;shibushi_bay;13659;5118;x
soo;sata_cape;13642;5133;x
oosumi;sata_cape;13638;5096;x
kimotsuki;shibushi_bay;13656;5115;x
kuwabara;sata_cape;13638;5133;x
gomu;nagata_cape;13625;5052;x
kumage_oosumi;kadokura_cape;13654;5063;x
satsuma;amakusa_sea;13616;5145;x
kagoshima;sata_cape;13635;5123;x
ibusuki;noma_cape;13619;5120;x
izumi_satsuma;shimabara_bay;13622;5160;x
shimoagata;east_tsushima_strait;13577;5283;x
kamiagata;kawashiri_cape;13586;5311;x
kume_houki;jizou_cape;13775;5365;x
aimi;jizou_cape;13761;5362;x
houmi;izasa_cape;13801;5368;x
takakusa;jizou_cape;13793;5366;x
naka_iwami;takayama_cape;13701;5329;x
nima;hino_cape;13717;5345;x
mino;takayama_cape;13690;5316;x
ou;jizou_cape;13758;5365;x
izumo;hino_cape;13728;5354;x
oki;shirashima_cape;13754;5414;x
keta_tajima;izasa_cape;13824;5375;x
futakata;izasa_cape;13810;5372;x
kasa;wakasa_bay;13850;5365;x
yosa;wakasa_bay;13848;5369;x
onyuu;wakasa_bay;13868;5363;x
aki;west_seto_sea;13732;5285;x
toyota;central_seto_sea;13744;5290;x
saeki;west_seto_sea;13716;5291;x
asakuchi;central_seto_sea;13775;5300;x
ashida;central_seto_sea;13758;5293;x
sera;central_seto_sea;13750;5294;x
joutou;central_seto_sea;13796;5306;x
wake;east_seto_sea;13803;5312;x
shikama;east_seto_sea;13824;5316;x
akashi;east_seto_sea;13834;5309;x
akou;east_seto_sea;13808;5315;x
toyoura;east_tsushima_strait;13647;5282;x
asa;shimonoseki_strait;13662;5267;x
ootsu;takayama_cape;13661;5297;x
abu;takayama_cape;13672;5303;x
saba;shimonoseki_strait;13683;5272;x
kuga;west_seto_sea;13710;5277;x
kumage;west_seto_sea;13701;5264;x
tsuno;shimonoseki_strait;13690;5270;x
yoshiki_suou;shimonoseki_strait;13672;5270;x
iwaki;shioya_cape;14107;5449;x
uda_mutsu;sendai_bay;14109;5504;x
namekata;shioya_cape;14111;5492;x
shineha;shioya_cape;14112;5480;x
naraha;shioya_cape;14111;5471;x
kikuta;shioya_cape;14103;5447;x
kuji;kitayama_cape;14149;5651;x
shimohei;ookama_cape;14155;5618;x
kitahei;kitayama_cape;14155;5631;x
kamihei;ookama_cape;14154;5598;x
inaka;tsugaru_strait;14097;5693;x
hanawa;tsugaru_strait;14069;5688;x
shimokita;shiriya_cape;14117;5730;x
kamikita;tsugaru_strait;14114;5696;x
nukanobu;ashige_cape;14133;5673;x
miyagi;sendai_bay;14112;5529;x
kesen;ookama_cape;14151;5585;x
motoyoshi;oosu_cape;14135;5563;x
oshika;oosu_cape;14133;5540;x
natori;sendai_bay;14108;5521;x
hiyama;henashi_cape;14062;5655;x
akita;nyuudou_cape;14063;5623;x
toshima;nyuudou_cape;14064;5616;x
yuri;nyuudou_cape;14061;5602;x
yuza;serida_cape;14055;5580;x
tagawa;serida_cape;14048;5562;x
ibaraki;kashima_coast;14091;5411;x
taga;kashima_coast;14098;5436;x
kuji_kanto;kashima_coast;14094;5423;x
naka;kashima_coast;14093;5418;x
kashima;kashima_coast;14093;5395;x
suzuka;ise_bay;13909;5321;x
mie;ise_bay;13912;5329;x
ichishi;ise_bay;13907;5310;x
watarai;ise_bay;13913;5305;x
taki;ise_bay;13911;5307;x
tagata;suruga_bay;14011;5335;x
kamo_izu;sagami_bay;14024;5329;x
ichihara;sagami_bay;14064;5363;x
musa;taitou_cape;14085;5364;x
isumi;taitou_cape;14082;5344;x
awa;nojima_cape;14065;5332;x
makuda;sagami_bay;14056;5355;x
hoi;ise_bay;13937;5319;x
hekikai;ise_bay;13925;5322;x
toshima_kanto;sagami_bay;14054;5369;x
tachibana;sagami_bay;14052;5361;x
nakajima;ise_bay;13916;5333;x
aichi;ise_bay;13918;5331;x
kamakura;sagami_bay;14043;5346;x
ashigara;sagami_bay;14025;5343;x
aikou;sagami_bay;14032;5348;x
shima;daiou_cape;13914;5288;x
kitamuro;daiou_cape;13894;5275;x
katsushika;sagami_bay;14057;5369;x
katori;inubo_cape;14095;5373;x
chiba;sagami_bay;14066;5368;x
suntou;suruga_bay;14009;5337;x
fuji;suruga_bay;14002;5337;x
ihara;suruga_bay;13998;5334;x
shida;suruga_bay;13986;5317;x
toyoda;suruga_bay;13963;5309;x
kitou;suruga_bay;13983;5311;x
fuchi;ise_bay;13955;5312;x
amami_ooshima;miyako_cape;13585;4941;x
tokunoshima;kujira_cape;13565;4900;x
urasoe;zanpa_cape;13513;4834;x
nakijin;hedo_cape;13519;4839;x
oozato;kin_bay;13510;4815;x
miyakojima;higashihenna_cape;13403;4733;x
ishigaki;hirakubo_cape;13344;4715;x
iriomote;yaeyama_islands;13331;4701;x
jeungsan;sohan_bay;13392;5583;x
samhwa;taedong_river_mouth;13390;5559;x
sukju;sohan_bay;13396;5601;x
uiju;sohan_bay;13359;5625;x
seonju;sohan_bay;13375;5619;x
jeongju_jeongju;sohan_bay;13391;5611;x
myeongju;samcheok_coast;13568;5491;x
uljin;samcheok_coast;13583;5450;x
samcheok;samcheok_coast;13580;5465;x
goseong;changdae_cape;13536;5552;x
tongcheon;changdae_cape;13524;5565;x
ingnyeong;hajodae_cape;13555;5513;x
gyeongju;changgi_cape;13587;5378;x
yeongil;yongil_bay;13583;5394;x
yeongdeok;yongil_bay;13581;5411;x
hadong;sacheon_bay;13509;5328;x
namhae;sacheon_bay;13515;5323;x
sacheon;sacheon_bay;13518;5331;x
geoje;masan_bay;13545;5327;x
dongnae;masan_bay;13567;5338;x
uian;masan_bay;13545;5340;x
ulju;changgi_cape;13581;5360;x
kaesong;kanghwa_bay;13444;5505;x
inju;kyonggi_bay;13455;5485;x
suwon;kyonggi_bay;13461;5462;x
gimje;cheonsu_bay;13458;5385;x
haenam;yangsan_bay;13447;5303;x
jindo;yangsan_bay;13435;5302;x
jangheung;cheju_strait;13473;5308;x
yeonggam;yangsan_bay;13447;5314;x
muan;gomso_bay;13444;5331;x
yeonggwang;gomso_bay;13443;5354;x
jeongeup;cheonsu_bay;13456;5378;x
musong;gomso_bay;13447;5362;x
suncheon;sacheon_bay;13503;5315;x
boseong;cheju_strait;13482;5314;x
heungyang;cheju_strait;13482;5309;x
tamna;west_jeju_sea;13432;5231;x
seongwi;east_jeju_sea;13454;5225;x
haeju;kanghwa_bay;13414;5514;x
ongjin;changsan_cape;13392;5506;x
jangyeon;taedong_river_mouth;13373;5529;x
baekcheon;kanghwa_bay;13440;5505;x
pungcheon;taedong_river_mouth;13383;5550;x
anak;taedong_river_mouth;13394;5557;x
hongju;cheonsu_bay;13447;5421;x
boryeong;cheonsu_bay;13450;5414;x
hansan;cheonsu_bay;13452;5400;x
seosan;taean_peninsula;13432;5443;x
aju;kyonggi_bay;13466;5448;x
gyeongseong;orang_point;13595;5735;x
buryeong;orang_point;13601;5747;x
gilju;yongdae_cape;13575;5679;x
myeongcheon;musu_point;13598;5706;x
onseong;sosura_cape;13633;5782;x
heoryeong;orang_point;13613;5766;x
hamheung;yanghung_bay;13513;5637;x
dancheon;yongdae_cape;13562;5664;x
bukcheong;yongdae_cape;13546;5656;x
hwaju;yanghung_bay;13495;5601;x
munju;yanghung_bay;13490;5592;x
deungju;yanghung_bay;13499;5586;x
north_jeongju;yanghung_bay;13496;5618;x
goju;yanghung_bay;13490;5599;x
dandong;yalu_river_mouth;13319;5627;x
gaizhou;taiping_bay;13244;5647;x
fuzhou_liaoyang;pulandian_bay;13213;5608;x
jinzhou_dalian;dalian_bay;13233;5576;x
zhuanghe;waichangshan_islands;13287;5615;x
jinzhou_liaoyang;liaodong_bay;13202;5690;x
dalinghe;liaodong_bay;13238;5704;x
haizhou_liaoyang;liaodong_bay;13250;5678;x
ningyuan_jinzhou;diao_longjujia_cape;13180;5664;x
qiantun;qinhuangdao_bay;13155;5643;x
nurgan;northern_sakhalin_bay;14071;6561;x
bulava;amursky_bay;14115;6446;x
shantar;shantarskiye_island;13974;6632;x
torom;southern_udskaya_bay;13880;6595;x
tugur;southern_udskaya_bay;13915;6545;x
usalgin;akademiya_bay;13945;6525;x
nanghaer;severny_bay;14173;6514;x
idy_sakhalin;aleksandrovskiy_bay;14161;6353;x
wuliehe;niyskiy_bay;14210;6407;x
guohuo;cape_lopatina;14145;6049;x
boluohe;terpeniya_bay;14209;6232;x
kushunkotan;cape_yevstafiya;14206;6073;x
nayoro;delanglya_bay;14159;6172;x
datta;khadzhi_bay;14079;6231;x
deren;mosolova_bay;14097;6371;x
kema;cape_sosunova;13977;6036;x
koppi;cape_peschanyy;14072;6187;x
samarginka;cape_sosunova;14012;6103;x
tumzhdin;khadzhi_bay;14085;6320;x
anju_nurgan;olga_bay;13846;5871;x
nogule;rynda_bay;13899;5939;x
shili;cape_ostrovnoy;13754;5809;x
yongmingcheng;peter_the_great_bay;13694;5838;x
tulazi;sosura_cape;13654;5803;x
liguo;northern_bohai_bay;13048;5541;x
yanshan;southern_bohai_bay;13054;5528;x
jinghai;northern_bohai_bay;13042;5555;x
dagu;northern_bohai_bay;13049;5571;x
shicheng_jizhou;northern_bohai_bay;13067;5587;x
macheng_luanzhou;daqing_estuary;13088;5586;x
laoting;daqing_estuary;13106;5586;x
lutai;northern_bohai_bay;13057;5587;x
changli;daqing_estuary;13121;5606;x
funing;qinhuangdao_bay;13133;5628;x
penglai;bohai_strait;13190;5504;x
dasong;daqiao_bay;13207;5432;x
laiyang;daqiao_bay;13192;5430;x
huangxian;bohai_strait;13166;5491;x
zhaoyuan;bohai_strait;13161;5485;x
jiaoxi;jiaozhou_bay;13159;5401;x
fushan_jiaozhou;jiaozhou_bay;13169;5404;x
jimo;daqiao_bay;13187;5417;x
lingshanwei;jiaozhou_bay;13157;5382;x
rizhao;haizhou_bay;13127;5350;x
yexian_laizhou;laizhou_bay;13147;5468;x
changyi;laizhou_bay;13130;5464;x
beihai;laizhou_bay;13119;5462;x
muping;jingzitou_peninsula;13228;5481;x
chengshan;chengshan_cape;13272;5471;x
fushan_muping;bohai_strait;13211;5489;x
rushan;daqiao_bay;13223;5443;x
weihai;jingzitou_peninsula;13252;5482;x
wendeng;zhengjia_bay;13243;5452;x
lean;laizhou_bay;13097;5476;x
shouguang;laizhou_bay;13112;5465;x
zhanhua;southern_bohai_bay;13071;5507;x
lijin;laizhou_bay;13087;5493;x
wudi;southern_bohai_bay;13059;5517;x
baoning;zhanjiang_harbour;12746;4542;x
shicheng;tieshan_harbour;12692;4539;x
wuchuan_huazhou;zhanjiang_harbour;12733;4534;x
haikang;leizhou_bay;12708;4507;x
qingdao;tieshan_harbour;12686;4499;x
zhanchuan;zhanjiang_harbour;12716;4521;x
suixi;zhanjiang_harbour;12717;4533;x
xuwen;leizhou_bay;12708;4470;x
hepu;qinzhou_bay;12658;4545;x
anyuan_lianzhou;qinzhou_bay;12632;4561;x
ruxi;qinzhou_bay;12623;4550;x
yilun;dangzhuo_bay;12662;4440;x
yande;yingge_cape;12637;4375;x
ganen;dangzhuo_bay;12636;4407;x
changhua;dangzhuo_bay;12637;4421;x
qiongshan;leizhou_bay;12712;4459;x
lehui;gangbei_harbour;12726;4410;x
chengmai;qiongzhou_strait;12698;4454;x
lingao;qiongzhou_strait;12687;4456;x
wenchang;tonggu_cape;12735;4429;x
wanan_wananjun;gangbei_harbour;12722;4391;x
lingshui;lingshui_bay;12698;4364;x
ningyuan_wananjun;lingshui_bay;12666;4361;x
haiyang;dongshan_bay;13009;4650;x
huilai;jieshi_bay;12985;4623;x
chaoyang;dongshan_bay;12999;4636;x
sanrao;dongshan_bay;13017;4663;x
jieyang;dongshan_bay;12997;4649;x
dongguan;pearl_river_delta;12860;4621;x
baoan_dongguan;pearl_river_delta;12874;4600;x
guanfu;victoria_harbour;12886;4588;x
shunde;pearl_river_delta;12850;4616;x
panyu;pearl_river_delta;12852;4620;x
guishan;victoria_harbour;12908;4610;x
haifeng;jieshi_bay;12938;4614;x
lufeng_haifeng;jieshi_bay;12956;4619;x
pingshan_huiyang;jieshi_bay;12925;4608;x
yangjiang;guanghai_bay;12792;4557;x
duling;zhanjiang_harbour;12781;4553;x
xinhui;guanghai_bay;12838;4579;x
guanghai;guanghai_bay;12825;4564;x
xiangshan_xinhui;pearl_river_delta;12863;4587;x
yoniveem;enurmino_point;16139;7460;x
innurmin;inchoun_coast;16279;7492;x
nuvuqaq;diomede_sea;16328;7431;x
kytryn;mechigmenskiy_zaliv;16259;7397;x
yanrakynnot;mechigmenskiy_zaliv;16223;7348;x
sigheneg;achchen_bay;16153;7320;x
guvrel;mechigmenskiy_zaliv;16212;7330;x
nutepylmyn;enurmino_point;16119;7489;x
enmyl_yn;achchen_bay;16132;7333;x
nunligran;medvezh_ye_bay1;16072;7373;x
keniergyn;zaliv_kresta;15943;7441;x
ervykynnot;zaliv_kresta;15932;7447;x
valkall_an;zaliv_kresta;15900;7420;x
rykuul;konergino_coast1;15910;7388;x
ugolnye;reka_tumanskaya;15792;7331;x
nyerpicha;reka_tumanskaya;15741;7342;x
unazigmit;konergino_coast1;15876;7353;x
krasnyano;reka_tumanskaya;15670;7337;x
tavayveem;reka_tumanskaya;15688;7339;x
v_enyn;reka_tumanskaya;15737;7328;x
tumanskaya;reka_tumanskaya;15826;7280;x
y_lkytveem;beringovskii_cape2;15842;7229;x
gacgatagyn;beringovskii_cape3;15841;7168;x
mejnypilgyn;vaarn_yechgyn;15724;7157;x
vatyrkan;khatyrka_coast;15648;7124;x
vukvylgayat;bukhta_anastasii;15561;7087;x
machevna;ozero_tyulen_ye1;15511;7043;x
tyulene;ozero_tyulen_ye2;15456;7000;x
apuka;pakhachi_coast;15414;7009;x
pakhachi;bukhta_lavrova;15342;7022;x
tilichiki;zapovednik_cape;15261;7014;x
manily;okhosk_coast1;15204;7165;x
paren;okhosk_coast1;15128;7169;x
gizhiga;okhosk_coast12;14990;7112;x
skrytaya;zapovednik_cape;15212;6986;x
kichiga;bukhta_ossora;15134;6972;x
karaga;bukhta_ossora;15113;6904;x
ivashka;karaginsky_coast3;15082;6878;x
karagin;karaginsky_coast1;15178;6899;x
parapolsky;okhosk_coast1;15139;7051;x
rekinniki;okhosk_coast1;15126;7043;x
podkagernoye;okhosk_coast3;15081;7023;x
lesnaya;okhosk_coast6;15028;6972;x
palana;okhosk_coast6;14986;6935;x
voyampolka;okhosk_coast7;14946;6886;x
tigil;okhosk_coast7;14911;6857;x
kovran;okhosk_coast10;14836;6798;x
uka_town;karaginsky_coast3;15068;6832;x
kamchatsk;kamchatskiy_zaliv2;15087;6722;x
ostrov_beringa;bering_coast3;15260;6638;x
achava;bukhta_mutnaya;14908;6487;x
oktyabr_skii;ozero_bol_shoye;14801;6462;x
pauzhetka;lopatka_cape;14854;6370;x
krutogorovskiy;ichinskiy_coast;14774;6677;x
sobolevo;krutogorovskiy_coast;14769;6624;x
kirovskiy;oktyabr_skii_coast;14786;6552;x
khayryuzovo;kamtchatka_coast8;14812;6766;x
chivitkino;okhosk_coast12;14972;7108;x
evenksk;okhosk_coast14;14932;7122;x
kushka;okhosk_coast14;14862;7112;x
merenga;okhosk_coast14;14831;7094;x
takhtoyamsk;okhosk_coast15;14770;7023;x
brokhovo;okhosk_coast18;14712;6971;x
yamsk;okhosk_coast19;14674;6924;x
atargan;okhosk_coast24;14592;6941;x
magadan;okhosk_coast24;14531;6955;x
tauisk;okhosk_coast28;14437;6937;x
ushki;okhosk_coast30;14322;6938;x
okam;okhosk_coast32;14213;6933;x
ul_ya;okhosk_coast34;14096;6853;x
enken;okhosk_coast36;14036;6785;x
ayan;okhosk_coast37;13952;6701;x
avlayakan;southern_udskaya_bay;13863;6629;x
chumikan;southern_udskaya_bay;13859;6606;x
tamluk;indian_coast60;11694;4587;x
barguna;indian_coast62;11802;4569;x
chandrawip;indian_coast62;11816;4586;x
shahbazpur;indian_coast63;11826;4584;x
east_sundarban;indian_coast62;11775;4558;x
jaynagar;indian_coast61;11726;4572;x
kulpi;indian_coast60;11703;4564;x
west_sundarban;indian_coast61;11750;4558;x
satgaon;indian_coast60;11700;4586;x
chandpur;indian_coast63;11816;4634;x
kobirhat;indian_coast63;11845;4610;x
puri;indian_coast57;11594;4443;x
harishpur;indian_coast58;11630;4465;x
bhadrak;indian_coast60;11647;4515;x
balasore;indian_coast60;11650;4535;x
jalesar;indian_coast60;11665;4545;x
ratnagiri;indian_coast59;11640;4484;x
kanthi;indian_coast60;11680;4550;x
ganjam;indian_coast57;11563;4420;x
kalingapattanam;indian_coast56;11530;4374;x
brahmapur;indian_coast56;11548;4407;x
sihor;indian_coast15;10981;4563;x
palitana;indian_coast13;10959;4515;x
nagnes;indian_coast9;10868;4595;x
dwarka;indian_coast9;10841;4587;x
chhaya;indian_coast10;10849;4560;x
somnath;indian_coast11;10884;4518;x
diu;indian_coast12;10923;4497;x
lakhpat;indian_coast8;10813;4646;x
kapilkot;indian_coast9;10870;4618;x
daman;indian_coast14;11005;4479;x
surat;indian_coast14;11005;4510;x
rander;indian_coast15;11001;4545;x
broach;indian_coast15;10992;4560;x
baroda;indian_coast15;11010;4584;x
danduka;indian_coast15;10983;4581;x
ashaval;indian_coast15;11007;4586;x
khambat;indian_coast15;10994;4586;x
manora;indian_coast6;10735;4733;x
muhammad_tur;indian_coast7;10780;4676;x
laribandar;indian_coast6;10756;4699;x
visakhapatnam;indian_coast54;11485;4327;x
vizianagaram;indian_coast55;11497;4344;x
pithapuram;indian_coast53;11437;4284;x
tuni;indian_coast54;11455;4306;x
pazhaverkadu;indian_coast65;11348;4086;x
durgarazpatnam;indian_coast65;11344;4106;x
nellore;indian_coast49;11341;4143;x
kavali;indian_coast49;11342;4155;x
kandakura;indian_coast51;11338;4191;x
gudur;indian_coast49;11339;4127;x
motupalli;indian_coast51;11345;4210;x
pallakolu;indian_coast52;11412;4249;x
masulipatnam;indian_coast52;11392;4248;x
peddapalli;indian_coast51;11368;4222;x
raigarh;indian_coast17;11016;4358;x
janjira;indian_coast17;11016;4358;x
chaul;indian_coast17;11012;4391;x
bombay;indian_coast17;11013;4403;x
bassein;indian_coast16;11003;4428;x
honnavara;indian_coast22;11080;4134;x
bhatkal;indian_coast22;11082;4123;x
karwar;indian_coast22;11071;4159;x
goa;indian_coast20;11046;4211;x
madgaon;indian_coast21;11056;4185;x
rajapur;indian_coast19;11029;4266;x
dabhol;indian_coast18;11024;4305;x
mangalore;indian_coast24;11098;4055;x
udupi;indian_coast23;11091;4087;x
kasaragod;indian_coast24;11106;4029;x
kanyakumari;indian_coast30;11214;3792;x
thiruvananthapuram;indian_coast29;11186;3821;x
kollam;indian_coast28;11177;3839;x
prakkad;indian_coast28;11166;3865;x
kochi;indian_coast27;11162;3896;x
kannur;indian_coast25;11117;4007;x
thalassery;indian_coast25;11129;3990;x
kodungallur;indian_coast27;11157;3911;x
ponnani;indian_coast26;11145;3944;x
kozhikode;indian_coast25;11138;3974;x
thrissur;indian_coast26;11150;3928;x
parangipettai;indian_coast47;11324;3980;x
pondicherry;indian_coast47;11328;4012;x
madras;indian_coast48;11346;4062;x
maduranthakam;indian_coast48;11339;4032;x
kayal;indian_coast31;11233;3799;x
ramesvaram;indian_coast35;11284;3868;x
vembar;indian_coast32;11263;3849;x
thoothukudi;indian_coast32;11252;3838;x
thondi;indian_coast35;11293;3891;x
nagapattinam;indian_coast45;11329;3915;x
karaikal;indian_coast46;11326;3967;x
pattukkottai;indian_coast35;11305;3915;x
jaffna;indian_coast34;11349;3870;x
mullaitivu;indian_coast44;11372;3856;x
trincomalee;indian_coast43;11385;3816;x
mahatittha;indian_coast33;11328;3835;x
salavata;indian_coast36;11323;3787;x
madakalapu;indian_coast42;11405;3779;x
kotte;indian_coast37;11331;3708;x
negombo;indian_coast37;11326;3740;x
galle;indian_coast38;11333;3692;x
hambantota;indian_coast40;11387;3685;x
devanagara;indian_coast39;11363;3673;x
digavapi;indian_coast41;11415;3717;x
tissamaharama;indian_coast40;11405;3698;x
kavaratti_atoll;amini_coast;10980;3945;x
thiladhunmathi_atoll;raa_coast;11011;3693;x
male_atoll;male_coast;11043;3584;x
nilandhe_atoll;nilandhe_coast;11006;3480;x
addu_atoll;addu_coast;11022;3318;x
chittagong;indian_coast63;11869;4583;x
chakaria;indian_coast63;11872;4555;x
ramu;indian_coast63;11875;4540;x
sitakunda;indian_coast63;11853;4613;x
akyab;arakhan_coast;11914;4471;x
maungdaw;mayu_river_estuary;11895;4501;x
minbya;kyunthaya_island;11940;4458;x
ann;kyunthaya_island;11957;4434;x
gwa;nantha_kyun_island;11995;4323;x
ramree;ramree_island;11950;4412;x
talak_burma;kyunthaya_island;11950;4444;x
taungup;ramree_island;11976;4388;x
thandwe;ramree_island;11983;4370;x
amarendrapura;perfume_river_estuary;12600;4255;x
phon_nha;hon_la_island;12539;4329;x
visnupura;perfume_river_estuary;12573;4281;x
vrddha_ratnapura;hon_la_island;12548;4313;x
indrapura;an_vinh_island;12635;4205;x
dien_ban;perfume_river_estuary;12616;4238;x
simhapura;an_vinh_island;12629;4219;x
kauthara;van_phong_bay;12660;4003;x
aryaru;thi_nai_lagoon;12670;4068;x
panduranga;van_phong_bay;12655;3983;x
bal_cattinon;ganh_rai_bay;12595;3932;x
camp_po_thit;phan_thiet_bay;12619;3949;x
chan_bo;ganh_rai_bay;12564;3922;x
vijaya;thi_nai_lagoon;12667;4108;x
amaravati;an_vinh_island;12649;4185;x
bong_son;hoc_mo_cape;12657;4156;x
ha_va_nguon;thi_nai_lagoon;12667;4086;x
ayodhya;bight_ayodhya;12267;4090;x
dong_lakhon;bight_ayodhya;12282;4090;x
phetchaburi;bight_ayodhya;12243;4077;x
chumphon;chumphon_bay;12209;3926;x
muang_na_rang;prachuap_bay;12236;3998;x
rayong;sattahip_bay;12294;4045;x
muang_khuan_kra_buri;koh_chang_island;12332;4038;x
phanat;bight_ayodhya;12286;4087;x
chaisri;bight_ayodhya;12252;4089;x
ratchaburi;bight_ayodhya;12243;4082;x
martaban;gulf_martaban;12125;4259;x
mawlamyine;gulf_martaban;12134;4257;x
ye;mon_coast;12142;4185;x
myaungmya;western_irrawaddy_delta;11997;4225;x
dala;eastern_irrawaddy_delta;12067;4247;x
maubin;eastern_irrawaddy_delta;12049;4235;x
ngaputaw;ngayoke_bay;11978;4239;x
pathein;nantha_kyun_island;11991;4299;x
pegu;gulf_martaban;12102;4297;x
thanlyin;gulf_martaban;12083;4257;x
kawthaung;southern_mergui_archipelago;12181;3952;x
mergui;central_mergui_archipelago;12178;4034;x
tavoy;moscos_islands;12153;4134;x
thayetchaung;northern_mergui_archipelago;12173;4080;x
thaton;gulf_martaban;12117;4270;x
donwun;gulf_martaban;12114;4285;x
sittaung;gulf_martaban;12108;4286;x
or_keo;rach_gia_bay;12462;3906;x
kramuon_sa;u_minh_coast;12461;3878;x
phsar_dek;north_mekong_delta;12543;3879;x
pouthi_loeu;south_mekong_delta;12493;3846;x
srok_khleang;north_mekong_delta;12526;3865;x
toek_khmau;ca_mau_cape;12462;3819;x
peam;rach_gia_bay;12442;3922;x
kampong_saom;bay_kampong_son;12409;3954;x
koh_kong;koh_kong_island;12376;3986;x
mueng_thung_yai;koh_chang_island;12344;4026;x
kampong_roessei;ganh_rai_bay;12552;3909;x
chaiya;bandon_bay;12209;3862;x
ko_samui;chumphon_archipelago;12247;3872;x
sichon;bandon_bay;12232;3861;x
tha_tong;bandon_bay;12216;3855;x
gelanggi;johor_coast;12425;3469;x
johor_lama;eastern_singapore_strait;12425;3425;x
malacca;inner_strait_malacca;12341;3468;x
muar;inner_strait_malacca;12358;3458;x
temasek;western_singapore_strait;12414;3416;x
kedah;kedah_coast;12256;3681;x
bujang;kedah_coast;12257;3655;x
perlis;langkawi_archipelago;12247;3701;x
pattani;ta_chee_cape;12299;3726;x
kelantan;kelantan_coast;12345;3690;x
menara;kelantan_coast;12329;3701;x
pahang;tioman_island;12400;3517;x
kuantan;pahang_coast;12398;3559;x
klang;outer_strait_malacca;12302;3517;x
beruas;perak_coast;12268;3610;x
manjung;perak_coast;12276;3570;x
kajang;outer_strait_malacca;12322;3489;x
thammarat;talumpuk_cape;12247;3816;x
mardelong;songkhla_coast;12261;3779;x
satingpura;ta_chee_cape;12271;3744;x
singgora;ta_chee_cape;12280;3731;x
trang;langkawi_archipelago;12221;3747;x
dungun;south_terangganu_coast;12400;3612;x
paka;south_terangganu_coast;12402;3598;x
trengganu;north_terangganu_coast;12384;3648;x
thalang;phang_nga_bay;12171;3784;x
kraburi;kra_buri;12176;3882;x
krabi;phang_nga_bay;12193;3787;x
prasong;bandon_bay;12205;3889;x
takua_pa;phuket_coast;12162;3808;x
dien_chau;ca_river_estuary;12500;4400;x
quynh_lam;hon_me_island;12506;4412;x
anbang;ha_long_bay;12572;4512;x
quang_yen;red_river_delta;12557;4501;x
van_don;ha_long_bay;12590;4532;x
hoan_chau;ca_river_estuary;12502;4395;x
nam_sach;red_river_delta;12551;4495;x
nghe_ann;ca_river_estuary;12508;4382;x
nhat_nam;hon_la_island;12533;4352;x
thanh_hoa;hon_me_island;12511;4439;x
co_dang;hon_me_island;12516;4450;x
khet_theu;hon_me_island;12508;4425;x
thien_truong;red_river_delta;12537;4467;x
bo_hai_khau;red_river_delta;12544;4485;x
trang_an;hon_me_island;12524;4454;x
banjar;cape_selatan;12902;3153;x
pelaihari;cape_selatan;12907;3141;x
kotawaringin_lama;kotawaringin_bay;12762;3185;x
air_hitam;air_hitam_bay;12719;3185;x
jelai;kotawaringin_bay;12746;3178;x
pontianak;kapuas_delta;12655;3339;x
kubu;kapuas_delta;12666;3312;x
mendawai;sampit_bay;12848;3169;x
kahayan_hilir;sampit_bay;12863;3168;x
paser;adang_bay;12995;3239;x
bangkalan_borneo;laut_strait;12988;3200;x
cantung;laut_strait;12982;3173;x
pagatan;cape_kandanghaur;12964;3145;x
sigam;sebuku_strait;12987;3146;x
sambas;cape_api;12658;3437;x
mandor;kapuas_delta;12659;3351;x
mempawah;sambas_estuary;12648;3372;x
monterado;sambas_estuary;12647;3388;x
sampit;sampit_bay;12836;3177;x
kumai;kotawaringin_bay;12776;3186;x
seruyan;cape_siamok;12801;3163;x
sukadana;sukadana_bay;12697;3275;x
kendawangan;cape_bawang;12706;3211;x
pesaguan;cape_bawang;12702;3235;x
tanjungpura;sukadana_bay;12697;3260;x
teluk_melano;karimata_islands;12643;3259;x
tutong;brunei_bay;12907;3612;x
barulo;cape_payong;12846;3541;x
niah;cape_baram;12875;3583;x
sambaliung;berau_delta;13056;3455;x
sungai_lati;berau_delta;13065;3466;x
tanjung_palas;sesayap_delta;13051;3504;x
berune;brunei_bay;12919;3622;x
api_api;kimanis_bay;12977;3690;x
padas;brunei_bay;12950;3632;x
karangan;sangkulirang_bay;13067;3393;x
bengalon;sangkulirang_bay;13050;3380;x
sandaran;sangkulirang_bay;13075;3392;x
sangata;sangkulirang_bay;13042;3364;x
sepinang;north_makassar_strait;13101;3410;x
kinabatangan;sandakan_harbour;13091;3660;x
lahad_datu;lahad_latu_bay;13107;3624;x
kudat;kudat_peninsula;13000;3723;x
kota_marudu;paitan_bay;13014;3718;x
sandakan;sandakan_harbour;13063;3664;x
sibumbong;balabac_strait;13022;3753;x
sugut;paitan_bay;13043;3709;x
kutai_lama;mahakam_delta;13044;3314;x
jembayan;adang_bay;13020;3283;x
tuyuk;adang_bay;13002;3268;x
igan;cape_sink;12763;3499;x
mukah;cape_kidurong;12803;3513;x
sarikei;cape_sipang;12751;3463;x
tatau;cape_kidurong;12826;3518;x
santubong;cape_sipang;12705;3443;x
samarahan;cape_sipang;12727;3435;x
saribas;cape_sipang;12745;3427;x
sebuyau;cape_sipang;12735;3435;x
tandang_sari;cape_sipang;12745;3443;x
tarakan;sesayap_delta;13031;3523;x
sebuku;cowie_bay;13036;3573;x
sesayap;sesayap_delta;13047;3545;x
tawau;cowie_bay;13047;3587;x
tong_talun;lahad_latu_bay;13073;3608;x
banggai;melilis_island;13305;3265;x
bulakan;peling_strait;13294;3297;x
gori_gori;tolo_bay;13261;3261;x
lingketeng;togian_archipelago;13270;3305;x
tojo;togian_archipelago;13232;3298;x
una_una;togian_archipelago;13244;3321;x
bone;eastern_selayar_strait;13169;3079;x
bantayan;western_selayar_strait;13166;3042;x
buki;kayuadi_island;13178;2998;x
tosora;mekkongo_bay;13171;3124;x
bungku;tolo_bay;13242;3213;x
kendari;lasolo_bay;13276;3125;x
mori_celebes;tolo_bay;13221;3237;x
sambandete;lasolo_bay;13258;3156;x
butung;cape_permali;13288;3048;x
andolo;buton_strait;13261;3100;x
kalisusu;kalisusu_bay;13292;3078;x
kolumba;mekkongo_bay;13224;3121;x
kotano_muna;buton_strait;13274;3068;x
taubonto;buton_strait;13247;3089;x
donggala;palu_bay;13137;3308;x
parigi;poso_bay;13166;3298;x
pendau;south_makassar_strait;13146;3351;x
poso;poso_bay;13184;3272;x
sigi;palu_bay;13147;3301;x
gorontalo;outer_tomini_bay;13308;3365;x
atinggola;amurang_bay;13285;3397;x
boalemo;gorontalo_bay;13263;3374;x
guamonial;cape_yombu;13222;3410;x
paguat;cape_panjang;13227;3373;x
toli_toli;dondo_bay;13174;3393;x
tomini;tomini_bay;13169;3369;x
gowa;tanakeke_strait;13122;3054;x
barru;mandar_bay;13134;3113;x
bungi;mandar_bay;13129;3137;x
sengkae;pabbiring_islands;13131;3079;x
sidenreng;mandar_bay;13132;3130;x
mamudju;cape_udung;13096;3194;x
balanipa;cape_rangas;13101;3159;x
kurri_kurri;cape_belangbelang;13116;3235;x
managalang;cape_bonemanjing;13121;3275;x
manado;lembeh_island;13387;3424;x
amurang;amurang_bay;13355;3416;x
belang;cape_flesko;13365;3387;x
karakaralong_islands;marumung_bay;13460;3578;x
solimandungan;amurang_bay;13338;3400;x
tabukan;tagulandang_strait;13403;3535;x
palopo;bone_bay;13164;3182;x
luwu;bone_bay;13173;3151;x
malangke;bone_bay;13177;3191;x
malili;bone_bay;13196;3197;x
banten;jakarta_bay;12524;3018;x
pangguyangan;cape_lajar;12500;2970;x
sunda_kelapa;jakarta_bay;12556;3013;x
cirebon;cirebon_bay;12635;2978;x
cibuaya;eretan_bay;12586;3010;x
cimanuk;eretan_bay;12615;3002;x
tegal;cirebon_bay;12661;2972;x
demak;cape_korowelang;12722;2975;x
jepara;cape_korowelang;12728;2990;x
pati;cape_bendoh;12760;2982;x
pekalongan;cape_korowelang;12687;2971;x
semarang;cape_korowelang;12712;2970;x
cibadak;pelabuhan_ratu_bay;12539;2962;x
kandangwesi;pelabuhan_ratu_bay;12579;2934;x
pangandaran;penanjung_bay;12638;2921;x
mataram;southern_java_coast;12711;2904;x
bagaluhan;southern_java_coast;12675;2917;x
pacitan;sumbreng_bay;12758;2891;x
purwalingga;penanjung_bay;12646;2920;x
tulungagung;sumbreng_bay;12786;2889;x
surabaya;madura_strait;12829;2942;x
bangkalan;cape_pangkah;12825;2964;x
bawean;gresik_island;12822;3025;x
gresik;madura_strait;12820;2957;x
kangean;kangean_islands;12946;2958;x
sugeneb;sapudi_islands;12872;2970;x
tuban_java;cape_pangkah;12806;2972;x
trowulan;madura_strait;12831;2930;x
bajrajinaparamitapura;madura_strait;12844;2922;x
balambangan;bali_strait;12898;2884;x
lumajang;grajagan_bay;12841;2889;x
malang;sumbreng_bay;12806;2885;x
pakembangan;cape_canding;12893;2924;x
sadeng;grajagan_bay;12859;2882;x
samprangan;bali_strait;12949;2876;x
julah;cape_canding;12925;2900;x
lombok;lombok_strait;12976;2888;x
melara;bali_strait;12919;2881;x
sasak;alas_strait;13000;2872;x
babar;outer_babar_coast;13592;2906;x
bungabali;ombai_strait;13365;2900;x
damar;damar_archipelago;13547;2959;x
leti;leti_archipelago;13516;2900;x
sangliat_dol;cape_olinder;13658;2911;x
wetar;cape_tujau;13458;2931;x
yamdena;arafura_sea;13680;2958;x
larantuka;paluk_bay;13280;2872;x
bajo_flores;sumba_strait;13145;2863;x
cibal;sape_strait;13175;2895;x
lamakera;alor_strait;13299;2898;x
ngada;paluk_bay;13219;2860;x
sikka;pedang_bay;13254;2880;x
bima;sape_strait;13111;2882;x
dompu;saleh_bay;13074;2892;x
mamboro;karosa_cape;13107;2815;x
sabu;outer_sawu_coast;13235;2761;x
sumba;ngunju_cape;13153;2793;x
sumbawa;saleh_bay;13034;2884;x
taliwang;alas_strait;13006;2864;x
waingapo;inner_sawu_coast;13177;2815;x
laran;southern_timor_coast;13409;2839;x
balibo;timor_strait;13378;2859;x
kupang;roti_channel;13319;2776;x
lifau;rote_strait;13321;2822;x
likusaen;wetar_strait;13428;2880;x
nunkolo;siripinang_cape;13378;2812;x
sombai;siripinang_cape;13360;2793;x
tutuala;leti_strait;13478;2874;x
banda_island;banda_archipelago;13606;3099;x
kobroor;penambulai_island;13826;3006;x
ohoi_ewur;kai_archipelago;13742;3039;x
trangan;cape_lelar;13794;2992;x
wokam;aru_archipelago;13803;3027;x
bara_buru;seram_sea;13446;3180;x
kayeli;manipa_strait;13477;3164;x
obi;tobalai_strait;13505;3253;x
sanana;cape_akelamo;13427;3234;x
taliabu;capalulu_strait;13374;3258;x
tifu;south_buru_coast;13451;3137;x
bula;waru_bay;13636;3175;x
hitu;manipa_strait;13524;3152;x
huamual;manipa_strait;13511;3166;x
latu;taluti_bay;13557;3167;x
nunusaku;sawai_bay;13591;3195;x
sahulau;sawai_bay;13545;3194;x
saparua;ambon_bay;13542;3147;x
werinama;gorong_islands;13634;3141;x
ternate;dadinga_bay;13490;3394;x
daratan;kao_bay;13519;3430;x
jailolo;mayi_island;13489;3414;x
loloda;doi_island;13501;3452;x
moro;morotai_strait;13538;3492;x
wasilei;kao_bay;13527;3426;x
tidore;dadinga_bay;13488;3382;x
amassing;obi_strait;13502;3314;x
gane;weda_bay;13517;3333;x
maba_celebes;cape_lelai;13552;3427;x
misool;kofiau_island;13605;3251;x
waigeo;cape_saobas;13628;3344;x
weda;buli_bay;13550;3371;x
ibalong;san_bernandino_strait;13320;4056;x
binawangan;lamon_bay;13273;4140;x
daet;san_miguel_bay;13294;4111;x
naga_bikol;lagonay_gulf;13317;4100;x
sawangan;lagonay_gulf;13326;4075;x
vidak;yog_point;13350;4122;x
tondo;manila_bay;13191;4161;x
maynila;manila_bay;13196;4150;x
kalilayan;tayabas_bay;13246;4107;x
kumintang;tayabas_bay;13192;4113;x
mulanay;ragay_gulf;13261;4092;x
pakil;lamon_bay;13235;4129;x
tayabas;tayabas_bay;13228;4112;x
pulilu;lantao_island;13256;4166;x
binangonan;dingalan_bay;13223;4179;x
aparri;babuyan_channel;13228;4366;x
babuyan_islands;batanes_archipelago;13224;4422;x
batanes;bashi_channel;13234;4502;x
lal_lo;iligan_point;13261;4367;x
mamburao;cape_calavite;13166;4093;x
basud;tayabas_bay;13224;4056;x
kalapang;tayabas_bay;13213;4089;x
mangarin;mindoro_strait;13193;4037;x
taytay;cuyo_west_passage;13134;3945;x
aborlan;treacherous_bay;13072;3874;x
babuyan;green_island_bay;13121;3911;x
balabak;cape_buliluyan;13024;3816;x
busuanga;elibinibid_point;13149;4016;x
baler;cape_san_ildefonso;13225;4223;x
botolan;dasol_bay;13148;4208;x
hubek;cape_botolan;13154;4172;x
agoo;lingayen_gulf;13167;4252;x
binalatongan;lingayen_gulf;13165;4237;x
bolinao;cape_bolinao;13143;4253;x
kandong;dile_point;13172;4311;x
tagudin;lingayen_gulf;13172;4289;x
bigan;cape_culili;13175;4356;x
malukkit;cape_bojeador;13185;4378;x
casiguran;dicapilarin_point;13258;4260;x
malabang;moro_gulf;13333;3762;x
himologan;bigan_gulf;13367;3821;x
hingoog;butuan_bay;13382;3837;x
initao;bigan_gulf;13342;3803;x
tukuran;moro_gulf;13324;3768;x
butuan;butuan_bay;13400;3845;x
cantilan;cauit_point;13430;3858;x
cateel;cateel_bay;13459;3765;x
langan;lianga_bay;13437;3821;x
bislig;lianga_bay;13449;3803;x
cabadbaran;butuan_bay;13396;3861;x
surigao;cauit_point;13425;3870;x
kuta_watu;moro_gulf;13340;3746;x
kalamansig;malatuna_point;13334;3708;x
maimbung;pangutaran_group;13209;3680;x
bongao;tapul_group;13161;3628;x
lamitan;samales_islands;13247;3700;x
tagloc;tagloc_gulf;13407;3731;x
ata_mindanao;tagloc_gulf;13415;3748;x
makar;sarangani_bay;13390;3677;x
caraga;mayo_bay;13436;3728;x
kalagan;tagloc_gulf;13403;3712;x
mansaka;tagloc_gulf;13420;3737;x
sarangani;sarangani_strait;13407;3664;x
samboangan;basilan_strait;13243;3727;x
dapitan;sindangan_bay;13304;3822;x
panaon;bigan_gulf;13332;3802;x
sibugay;sibuguey_bay;13290;3759;x
sindangan;sindangan_bay;13281;3801;x
siocon;coronado_point;13250;3781;x
binalbagan;panay_gulf;13279;3907;x
bago_negros;tanon_strait;13317;3936;x
ilog;tolong_bay;13263;3875;x
tanjay;tanon_strait;13300;3873;x
singhapala;bohol_strait;13326;3906;x
bool;bohol_sea;13332;3872;x
kangdaya;samar_sea;13337;3958;x
talibon;bohol_strait;13354;3907;x
masbate;visayan_sea;13313;4016;x
malindig;tayabas_bay;13239;4097;x
matandang_nayon;san_bernandino_strait;13308;4051;x
parpagoha;sibuyan_sea;13267;4028;x
irong_irong;panay_gulf;13239;3940;x
aklan;tablas_bay;13247;3989;x
batan;visayan_sea;13288;3988;x
araut;visayan_sea;13289;3957;x
malandog;panay_gulf;13239;3939;x
borongan;matarinao_bay;13409;3980;x
basey;leyte_gulf;13385;3966;x
catarman;batag_island;13371;4041;x
makarato;gamay_bay;13401;4029;x
tinago;samar_sea;13365;4008;x
kankabatok;leyte_gulf;13383;3963;x
pangasugan;bohol_strait;13366;3920;x
limasawa;siargao_island;13432;3901;x
mairete;samar_sea;13351;3964;x
kota_kapur;bangka_strait;12501;3227;x
badau;balok_bay;12604;3171;x
koba;gaspar_strait;12545;3193;x
pangkalpinang;cape_pengal;12522;3252;x
bengkulu;kerbau_cape;12346;3133;x
manna;manna_point;12386;3093;x
mukomuko;mentawai_strait2;12301;3195;x
topos;kerbau_cape;12335;3152;x
lampung;sunda_strait;12483;3044;x
kalianda;sunda_strait;12496;3031;x
krui;krui_bay;12424;3057;x
liwa_lampung;sunda_strait;12454;3042;x
palas_pasemah;jakarta_bay;12509;3046;x
sukadana_lampung;jakarta_bay;12511;3066;x
berbak;sekanah_bay;12451;3245;x
muara_sabak;kaya_bay;12427;3295;x
tungkal;kaya_bay;12403;3307;x
buluranriding;bangka_strait;12489;3220;x
lalan;sekanah_bay;12458;3241;x
lebonghitam;bangka_strait;12510;3188;x
lumpur;cape_kait;12512;3155;x
tenggulang;bangka_strait;12460;3220;x
inderapura;mentawai_strait2;12280;3234;x
padang;mentawai_strait1;12268;3271;x
pariaman;mentawai_strait1;12244;3317;x
pasaman;inner_siberut_strait;12229;3345;x
rengat;kaya_bay;12404;3316;x
baru;indragiri_estuary;12411;3340;x
tanjungpinang;eastern_singapore_strait;12444;3396;x
anambas_islands;riau_archipelago2;12524;3522;x
daik;cape_garuh;12468;3337;x
natuna_islands;natuna_archipelago1;12610;3555;x
subi_islands;subi_archipelago1;12648;3505;x
kuala_kampar;western_singapore_strait;12383;3382;x
pelalawan;western_singapore_strait;12385;3378;x
luaha;cape_lebang;12116;3428;x
batu;great_channel;12169;3331;x
enggano;keneme_cape;12341;3049;x
sipura;bungalaut_channel;12224;3224;x
pagai;sikakap_strait;12250;3186;x
siberut;outer_siberut_strait;12183;3272;x
simeulue;simalandan_bay;12058;3488;x
menggala;tulangbawang_estuary;12511;3108;x
mesuji;tulangbawang_estuary;12514;3128;x
north_andaman;austen_harbour;11915;4077;x
nicobar;inner_sombrero_channel;11957;3732;x
car_nicobar;inner_nicobar_channel;11940;3790;x
south_andaman;woodmason_bay;11905;3992;x
barus;tapanuli_bay;12169;3455;x
natal;tapanuli_bay;12196;3394;x
sibolga;tapanuli_bay;12187;3438;x
sorkam;tapanuli_bay;12180;3446;x
deli;aru_bay;12190;3554;x
asahan;cape_bangsi;12230;3525;x
kota_rentang;aru_bay;12172;3571;x
perbaungan;cape_bangsi;12218;3533;x
bandar_aceh;malacca_passage;12027;3655;x
pasai;cape_rajah;12115;3633;x
peureulak;cape_tamiang;12151;3605;x
semerlanga;cape_rajah;12084;3635;x
sigli;malacca_passage;12059;3645;x
tamiang;aru_bay;12164;3581;x
pannai;cape_bangsi;12249;3497;x
kualuh;cape_bangsi;12245;3498;x
tanjung_balai;cape_bangsi;12244;3504;x
bagansiapipi;outer_strait_malacca;12281;3474;x
kubu_rokan;outer_strait_malacca;12270;3467;x
siak;western_singapore_strait;12345;3404;x
bengkalis;western_singapore_strait;12371;3413;x
buantan;inner_strait_malacca;12336;3426;x
dumai;inner_strait_malacca;12324;3442;x
daya;cape_dahway;12030;3623;x
calang;rigah_bay;12048;3595;x
meulaboh;rigah_bay;12061;3579;x
singkil;cape_tua;12135;3496;x
susoh;cape_radja;12091;3551;x
tapaktuan;cape_radja;12114;3526;x
adyumba;cape_lopez;8106;3313;x
nguyi;ogoowe_coast;8101;3277;x
rembo;tassi_coast;8115;3244;x
igumbi_andele;sette_coast;8142;3199;x
bapunu;ndongo_coast;8157;3184;x
kwilu;ndongo_coast;8173;3167;x
nyanga;ndongo_coast;8178;3157;x
sette;gamba_coast;8200;3130;x
berato;gabon_coast;8123;3409;x
seke_gabun;gabon_coast;8130;3403;x
mpongwe;gabon_coast;8128;3373;x
massabo;mayumba_coast;8219;3105;x
mayumba;mayumba_coast;8229;3092;x
malemba;congo_river_coast;8248;3046;x
loango;congo_river_coast;8243;3062;x
buali;mayumba_coast;8237;3073;x
soyo;lucata_coast;8271;2970;x
ambrizete;nzeto_coast;8280;2940;x
luanda;luanda_coast;8289;2854;x
calumbo;cape_ledo_coast;8290;2833;x
muxima;cape_ledo_coast;8293;2816;x
demba;quiteta_coast;8304;2785;x
mussul;luanda_coast;8301;2883;x
icalo;luanda_coast;8302;2870;x
ambriz;luanda_coast;8294;2900;x
nsolu;nzeto_coast;8285;2924;x
egito;mbegela_coast;8319;2704;x
labolo;quiteta_coast;8313;2766;x
amboim;gunza_coast;8317;2756;x
sumbis;gunza_coast;8321;2725;x
katara;amado_coast;8254;2552;x
menas;amado_coast;8246;2522;x
namibe;tombua_cape;8244;2508;x
upper_pinda;tigres_bay;8229;2461;x
jagga_kalemba;lucira_cape;8256;2573;x
ndombe;lucira_cape;8261;2582;x
mani_kikongo;mbegela_coast;8315;2679;x
lobito;mbegela_coast;8309;2666;x
mbegela;mbegela_coast;8299;2652;x
luache;canhoca_coast;8282;2631;x
tadjoura;gulf_tadjoura;9641;3995;x
assab;bab_el_mandeb;9638;4064;x
obock;gulf_tadjoura;9662;4006;x
rahayta;bab_el_mandeb;9657;4045;x
zula;massawa_channel;9500;4189;x
massawa;eritrean_coast;9477;4254;x
dahlak;dahlak_archipelago;9520;4218;x
nafka;cape_kasar;9462;4318;x
bayul;zuqar_island;9621;4080;x
buri;bay_aqiq;9519;4185;x
edd;coast_danakil;9590;4118;x
suakin;beja_coast;9392;4414;x
aydhab;cape_hadarba;9362;4584;x
badi;suakin_archipelago;9426;4360;x
berbera;coast_adal;9739;3923;x
el_darad;khansiir_cape;9769;3942;x
ruguda;cape_surud;9823;3945;x
siyara;coast_adal;9752;3932;x
zeila;gulf_tadjoura;9671;3973;x
ali_sabieh;gulf_tadjoura;9656;3987;x
el_sheikh;coast_adal;9692;3936;x
bosaso;cape_cadcadde;9931;3971;x
el_ayum;cape_cadcadde;9915;3968;x
las_khorey;cape_cadcadde;9884;3964;x
maydh;cape_surud;9835;3953;x
alula;cape_elephant;10003;4008;x
bandarbeyla;cape_machar;10006;3877;x
barbacadle;coast_punt;9988;3831;x
bargaal;guardafui_channel;10018;3968;x
qandala;aantaara_point;9965;3983;x
ras_hafun;cape_hafun;10020;3927;x
hobyo;mudug_coast;9913;3662;x
garacad;ilig_cape;9947;3746;x
harardhere;cabdi_cape;9881;3603;x
mareeg;mareeg_coast;9853;3561;x
warsheikh;warsheikh_coast;9818;3517;x
mogadishu;cadde_cape;9767;3465;x
barawa;shabelle_coast;9696;3406;x
haranka;coast_jubaland;9665;3372;x
merca;banaadir_coast;9735;3445;x
qoryooley;shabelle_coast;9716;3428;x
kismayo;mouth_jubba;9628;3326;x
jilib;mouth_jubba;9643;3343;x
bajone;moniga_estuary;9427;2390;x
moma;lipobane_point;9480;2417;x
mozambique;mozambique_island;9545;2515;x
angoche;angoche_island;9509;2448;x
sangage;angoche_island;9525;2471;x
quelimane;quelimane_river;9375;2348;x
macuze;quelimane_river;9389;2366;x
kisimani_mafia;mafia_channel;9501;2918;x
kisiju;mafia_channel;9482;2931;x
mitimiri;mafia_island;9481;2890;x
kilwa_kisiwani;kilwa_island;9491;2850;x
songo_mnara;kilwa_island;9491;2849;x
gomene;fernao_veloso_bay;9538;2616;x
memba;fernao_veloso_bay;9538;2564;x
nacala;fernao_veloso_bay;9543;2549;x
lindi;ruvuma_bay;9503;2799;x
mikindani;ruvuma_bay;9520;2783;x
tungi;cabo_delgado;9531;2723;x
vamizi;cabo_delgado;9533;2711;x
ibo;pemba_bay;9541;2661;x
somana;cabo_delgado;9536;2690;x
lamu;pate_island;9559;3225;x
ungwana;pate_island;9534;3207;x
pate;cape_kaambooni;9567;3232;x
rasini;giuba_island;9605;3293;x
mombasa;mombasa_island;9498;3123;x
malindi;mombasa_island;9519;3171;x
mambrui;mombasa_island;9521;3179;x
gedi;mombasa_island;9509;3150;x
tanga;pemba_channel;9473;3069;x
mkwaja;zanzibar_channel;9460;3026;x
pangani;pemba_channel;9468;3049;x
vumba_kuu;pemba_channel;9476;3090;x
bagamoyo;zanzibar_channel;9464;2995;x
utondwe;zanzibar_channel;9458;3015;x
zanzibar;zanzibar_island;9487;3012;x
dar_es_salaam;zanzibar_channel;9481;2974;x
ras_mkumbuu;pemba_island;9506;3057;x
nzwani;njazidja_channel;9713;2677;x
ngazidja;mwali_island;9670;2688;x
maore;moheli_island;9751;2641;x
al_khadra;aldabra_island2;9807;2826;x
ambovontany;bay_tolanaro;9804;1941;x
fort_dauphin;bay_tolanaro;9826;1946;x
manambato;manarivo_bay;9843;1973;x
talaky;sainte_marie_cape;9759;1917;x
vohipeno;mouth_mananara;9874;2102;x
manabondro;mouth_mananara;9860;2028;x
masindrano;mananjary_estuary;9893;2164;x
rasanga;mouth_mananara;9867;2065;x
maroantsetra;antongil_bay;9958;2488;x
antalaha;est_cape;9990;2509;x
bemanevika;mouth_benarivo;9976;2568;x
fahambahy;antongil_bay;9955;2462;x
fenoarivo_east;tintingue_bay;9943;2384;x
sandrakatsy;antongil_bay;9960;2443;x
tintingue;sainte_marie_island;9968;2415;x
toamasina;tintingue_bay;9942;2344;x
manahoro;betsimisaraka_coast;9913;2236;x
andevoranto;mouth_rianila;9929;2302;x
mahaela;betsimisaraka_coast;9902;2203;x
vatomandry;betsimisaraka_coast;9918;2263;x
nosy_bali;bombetoka_bay;9756;2459;x
besalampy;saint_andre_cape;9711;2420;x
vilamatsa;saint_andre_cape;9718;2453;x
vohemar;mouth_benarivo;9967;2615;x
ambilobe;ambre_cape;9917;2661;x
irodo;antsiranana_bay;9948;2669;x
boeny;mahajambe_bay;9833;2503;x
andranoboka;mahajambe_bay;9837;2497;x
antetikala;bombetoka_bay;9786;2475;x
antsohihy;narindra_bay;9864;2541;x
kingany;bombetoka_bay;9784;2474;x
mahilaka;ambaro_bay;9905;2611;x
mahajanga;bombetoka_bay;9800;2476;x
nosy_be;ambaro_bay;9888;2606;x
sada;narindra_bay;9867;2592;x
sahadia;barren_islands;9705;2305;x
maintirano;korika_bay;9690;2370;x
toliara;saint_augustin_bay;9683;2040;x
enijo;masikora_cape;9710;1940;x
soalara;mahafaly_coast;9679;1993;x
maneva;mania_delta;9706;2219;x
bengy;islands_of_crabs;9678;2165;x
rezoky;saint_vincent_cape;9658;2120;x
tsimanandrafozana;mania_delta;9713;2261;x
mauritius;mauritius_island1;10306;2231;x
rodrigues;rodrigues_island;10571;2249;x
reunion;reunion_island2;10230;2179;x
alexandria;arabs_gulf;9048;5102;x
el_alamein;cape_al_hikmah;8990;5097;x
matruh;coast_marmarica;8931;5116;x
sallum;bay_salum;8838;5125;x
dakahla;damietta_mouth;9154;5116;x
damietta;damietta_mouth;9140;5124;x
tinnis;bardawil_coast;9168;5106;x
al_mima;rosetta_mouth;9116;5127;x
suez;gulf_suez;9173;5029;x
el_qoseir;red_sea_coast;9259;4796;x
ras_gharib;gulf_suez;9207;4925;x
safaga;safaga_island;9237;4843;x
saint_anthony;gulf_suez;9177;4991;x
saint_paul_anchorite;gulf_suez;9180;4968;x
al_bayda;coast_cyrenaica;8670;5204;x
derna;cape_al_hilal;8723;5199;x
tmimi;gulf_bomba;8743;5172;x
tobruk;gulf_bomba;8784;5157;x
benghazi;cape_tawinis;8605;5162;x
ajdabiya;east_bay_sidrah;8594;5070;x
barca;coast_cyrenaica;8635;5190;x
el_agheila;west_bay_sidrah;8574;5054;x
qaminis;east_bay_sidrah;8606;5112;x
el_arish;bardawil_coast;9231;5103;x
qatya;bardawil_coast;9178;5098;x
warrada;bardawil_coast;9217;5101;x
el_tor;gulf_suez;9225;4922;x
el_jundi;gulf_suez;9185;4994;x
faran;gulf_suez;9197;4978;x
nuweiba;gulf_aqaba;9266;4955;x
saint_katrine;cape_muhammad;9259;4913;x
ponta_delgada;sao_miguel_island1;6529;5507;x
angra;sao_jorge_island;6448;5566;x
horta;terceira_island;6395;5551;x
santa_cruz_flores;flores_island;6274;5607;x
teguise;northern_fuerteventura_coast;7063;4982;x
maxorata;southern_fuerteventura_coast;7063;4942;x
tamaraceite;southern_gran_canaria_coast;6986;4905;x
hipalan;southern_tenerife_coast2;6875;4900;x
tedote;north_western_tenerife_coast;6872;4955;x
aguere;northern_tenerife_coast2;6935;4941;x
funchal;western_madeira_coast;6916;5203;x
agadir;agadir_bay;7252;5058;x
aouint_yghomane;cape_draa;7199;4969;x
ifni;cape_draa;7227;4997;x
massa_MOR;agadir_bay;7247;5036;x
noul_lamta;cape_draa;7211;4979;x
tiznit;agadir_bay;7237;5018;x
larache;coast_gharb;7406;5335;x
asfi;cape_beddouza;7271;5189;x
aguz;cape_hadid;7266;5161;x
mazaghan;cape_beddouza;7297;5222;x
tit;cape_beddouza;7286;5205;x
badis;hoceima_bay;7491;5343;x
al_mazamma;hoceima_bay;7515;5346;x
tizgane;strait_of_gibraltar;7460;5359;x
la_mamora;mouth_sebou;7392;5299;x
sale;mouth_sebou;7382;5282;x
melilla;cape_three_forks;7557;5353;x
ghassasa;hoceima_bay;7542;5346;x
temsamane;hoceima_bay;7525;5349;x
ras_kebdana;cape_three_forks;7572;5339;x
tangier;trafalgar;7419;5376;x
asilah;trafalgar;7415;5362;x
ceuta;strait_of_gibraltar;7444;5388;x
tazroute;coast_gharb;7410;5347;x
tetouan;strait_of_gibraltar;7450;5374;x
ait_daoud;cape_sim;7243;5080;x
mogador;cape_hadid;7258;5146;x
tafedna;cape_sim;7243;5098;x
anfa;coast_tamasna;7347;5250;x
azemmour;coast_tamasna;7323;5239;x
rabat;mouth_sebou;7368;5264;x
mostaganem;cape_magroua;7723;5413;x
brashk;cape_cherchell;7771;5427;x
cherchell;cape_cherchell;7808;5429;x
tenes;cape_magroua;7748;5424;x
algiers;bay_algiers;7831;5439;x
tamentfoust;bay_algiers;7849;5439;x
oran;bay_oran;7662;5376;x
arshgul;cape_three_forks;7620;5349;x
arzew;bay_oran;7679;5383;x
ksar_ibn_senane;bay_oran;7641;5372;x
nedroma;cape_three_forks;7602;5338;x
tamazaghrane;bay_oran;7691;5384;x
annaba;annaba_bay;8046;5445;x
collo;gulf_stora;7993;5452;x
el_kala;annaba_bay;8076;5448;x
el_milia;gulf_bejaia;7975;5453;x
jijel;gulf_bejaia;7957;5442;x
skikda;gulf_stora;8009;5447;x
tekouch;gulf_stora;8021;5453;x
bizerte;cape_ben_sakka;8138;5467;x
sejnane;annaba_bay;8112;5467;x
tabarka;annaba_bay;8094;5452;x
tebourba;gulf_tunis;8155;5457;x
bejaia;gulf_bejaia;7921;5440;x
azeffoun;bay_algiers;7890;5449;x
mansouria;gulf_bejaia;7933;5432;x
tedelles;bay_algiers;7871;5448;x
gabes;gulf_gabes1;8150;5271;x
mahres;gulf_gabes1;8165;5298;x
sfaqes;gulf_gabes1;8181;5312;x
sidi_fredj;kerkennah_islands;8207;5314;x
mahdia;kaboudia_cape;8195;5360;x
sousse;gulf_hammamet;8174;5388;x
monastir;gulf_hammamet;8181;5379;x
chebba;kaboudia_cape;8195;5340;x
tunis;gulf_tunis;8161;5440;x
hammamet;gulf_hammamet;8169;5403;x
kelibia;cape_bon;8196;5443;x
nabeul;gulf_hammamet;8180;5419;x
zuwarah;coast_jeffara;8243;5209;x
ajim;gulf_gabes1;8188;5265;x
medenine;gulf_gabes1;8167;5252;x
zarzis;coast_jeffara;8211;5234;x
misratah;cape_misurata;8386;5173;x
ras_lanuf;west_bay_sidrah;8508;5085;x
sirte;sirte_coast;8449;5107;x
tawurgha;cape_misurata;8398;5137;x
tripoli;cape_tajura;8291;5206;x
al_khums;coast_tripolitania;8342;5192;x
zawiya;cape_tajura;8268;5200;x
zliten;coast_tripolitania;8356;5183;x
laayoune;cape_juby;7088;4892;x
tantan;es_semara_coast;7150;4937;x
dakhla;dakhla_bay;6952;4648;x
al_kuwayra;cape_blanc;6916;4549;x
bojador;cape_bojador;7030;4805;x
goringhaikona;table_bay;8532;1429;x
goringhaiqua;good_hope_cape;8547;1416;x
gorachouqua;table_bay;8530;1436;x
cochoqua;table_bay;8522;1456;x
uri_ae_ona;saldanha_bay;8511;1482;x
chariguriqua;st_helena_bay;8525;1524;x
klipgat;walker_bay;8561;1400;x
agulhas;agulhas_cape;8600;1372;x
bredasdorp;st_sebastian_bay;8626;1393;x
gouriqua;mossel_bay;8700;1413;x
hessequa;st_sebastian_bay;8642;1398;x
gouritsmond;mossel_bay;8687;1399;x
attequa;mossel_bay;8723;1421;x
outeniqua;seal_cape;8756;1417;x
gonaqua;kei_mouth;8984;1500;x
houtunqua;st_francis_cape;8815;1413;x
damaqua;recife_cape;8859;1427;x
damasonqua;padrone_cape;8907;1440;x
hoengeiqua;groot_visrivier_mouth;8943;1464;x
umngazi;umzimvubu_mouth;9038;1563;x
thembu;mbashe_mouth;9011;1528;x
mpondo;umzimkulu_mouth;9078;1615;x
umhlanga;natal_bay;9118;1693;x
ethekwini;umkomazi_mouth;9094;1647;x
umgungundlovu;sodwana_bay;9176;1791;x
buthelezi;tugela_mouth;9134;1715;x
konde;ponta_do_ouro;9189;1841;x
ndwandwe;st_lucia_cape;9167;1749;x
nama;hondeklip_bay;8477;1640;x
matzikama;groenrivier_mouth;8508;1577;x
aukwatowa;aukwatowa_coast;8460;1699;x
ai_ais;orange_river_mouth;8442;1738;x
tsau;shearwater_bay;8380;1856;x
garibams;bakers_bay;8418;1765;x
ezorongondo;walvis_bay;8350;2069;x
otjozondjii;walvis_bay;8352;2076;x
lower_pinda;kunene_coast;8225;2405;x
inhambane;inhambane_bay;9302;2019;x
chibuene;barra_falsa_point;9310;2081;x
chongoene;zavora_point;9284;1969;x
mambone;bazaruto_archipelago;9293;2156;x
maputo;delagoa_bay;9177;1891;x
xai_xai;mouth_limpopo;9228;1945;x
chiveve;beira_estuary;9279;2245;x
sofala;beira_estuary;9275;2236;x
chiluane;sofala_bay;9288;2189;x
chindre;mouth_zambezi;9353;2318;x
cuama;mouth_zambezi;9330;2295;x
ughoton;forcados_river_mouth;7922;3662;x
mahin;lekki_lagoon;7904;3685;x
cabo_formoso;west_niger_mouth;7951;3596;x
brass;east_niger_mouth;7975;3588;x
nembe;east_niger_mouth;7997;3592;x
new_calabar;east_niger_mouth;8009;3602;x
forcados;forcados_river_mouth;7941;3643;x
santo_antao;ponta_do_sol;6553;4289;x
sao_nicolao;ponta_do_lizardo;6585;4272;x
boa_vista;baia_da_parda;6660;4240;x
santiago;ponta_das_bicudas;6621;4169;x
fogo;ponta_grande;6577;4181;x
gambia;gambia_river_mouth;6935;4087;x
bintang;gambia_river_mouth;6950;4082;x
diaboudior;gambia_river_mouth;6927;4047;x
casamance;cape_skiring;6929;4039;x
tankular;gambia_river_mouth;6980;4090;x
cacheu;cape_skiring;6951;4022;x
bissau;geba_estuary;6981;4000;x
bafata;geba_estuary;7007;4008;x
anomansah;cape_three_points;7619;3622;x
cabo_corso;apa_lagoon;7635;3626;x
winneba;apa_lagoon;7661;3639;x
accra;accra_point;7682;3651;x
akropong;accra_point;7705;3664;x
keta;cape_saint_paul;7737;3670;x
anecho;cape_saint_paul;7749;3683;x
hulagan;bouche_du_roy;7766;3689;x
glexwe;bouche_du_roy;7779;3693;x
ajase;lagos_lagoon;7817;3697;x
ardra;bouche_du_roy;7794;3694;x
bonny;east_niger_mouth;8018;3601;x
eket;cross_river_mouth;8050;3595;x
calabar;cross_river_mouth;8073;3609;x
rio_del_rey;cape_debundsha;8097;3596;x
fernando_po;punta_occura;8077;3526;x
sao_tome;ponta_praiao;7999;3367;x
bimbia;cape_debundsha;8119;3559;x
cameroons;cape_debundsha;8130;3563;x
fifinda;cape_debundsha;8137;3533;x
bwambe;punta_de_campo;8138;3496;x
bata;punta_mbonda;8135;3453;x
ndar;senegal_river_mouth;6938;4234;x
beer_dun;cape_verd;6898;4159;x
tivaouane;senegal_coast;6929;4206;x
portudal;petit_cote;6917;4142;x
joal;petit_cote;6926;4127;x
albreda;gambia_river_mouth;6945;4082;x
juffure;gambia_river_mouth;6955;4088;x
sine_ngayene;gambia_river_mouth;6978;4092;x
saint_paul_river;cape_mesurado;7192;3705;x
mesurado;cape_mesurado;7198;3695;x
junk_river;cestos_point;7220;3682;x
bassa;cestos_point;7239;3662;x
cestos;bloobarra_point;7258;3640;x
cess;bloobarra_point;7267;3630;x
settra_kru;cess_point;7301;3607;x
tabou;cape_palmas;7355;3588;x
san_pedro;sassandra_river_mouth;7371;3596;x
sassandra;sassandra_river_mouth;7401;3612;x
fresco;bandama_river_mouth;7426;3622;x
grand_lahou;bandama_river_mouth;7460;3628;x
cosrou;ebrie_lagoon;7487;3631;x
grand_bassam;ebrie_lagoon;7512;3633;x
assinie;aby_lagoon;7541;3628;x
apollonia;aby_lagoon;7561;3623;x
axim;cape_three_points;7587;3614;x
bissagos;bissagos_islands;6953;3962;x
rio_grande;geba_estuary;6995;3988;x
rio_nunez;rio_nunez_mouth;7022;3955;x
boke;rio_nunez_mouth;7027;3941;x
rio_pongo;cape_verga;7055;3896;x
iles_de_los;sangareya_bay;7070;3884;x
scarcies;sangareya_bay;7087;3851;x
bunce_island;yawri_bay;7098;3819;x
banana_islands;yawri_bay;7093;3798;x
shenge;sherbro_coast;7117;3771;x
sherbro_island;sherbro_coast;7128;3763;x
galinhas;cape_mount_coast;7144;3743;x
mano;cape_mount_coast;7164;3729;x
cape_mount;cape_mount_coast;7178;3719;x
eko;lagos_lagoon;7844;3698;x
ikorundu;lagos_lagoon;7848;3706;x
ikosi;lagos_lagoon;7859;3708;x
epe;lekki_lagoon;7884;3697;x
arguin;dakhlet_nouadhibou;6938;4491;x
nouamghar;cape_timiris;6941;4415;x
nouakchott;nouakchott_coast;6960;4354;x
awlil;awlil_coast;6953;4302;x
rosso;senegal_river_mouth;6941;4266;x
gaspe;gamache_bay;4751;6224;x
chicchoc;coast_of_gaspe;4702;6235;x
marsoui;anglais_point;4663;6229;x
pewjeg;gaspe_bay;4767;6188;x
cascapedia;chaleur_bay;4729;6154;x
paspebiac;chaleur_bay;4688;6159;x
matapedia;chaleur_bay;4663;6156;x
matane;saint_lawrence_estuary;4620;6210;x
rimouski;boisvert_point;4560;6176;x
mitis;saint_lawrence_estuary;4591;6195;x
kakouna;boisvert_point;4546;6163;x
molsemtekw;saguenay_fjord;4523;6140;x
kamouraska;mouth_of_saint_lawrence;4501;6110;x
kamitsisit;mouth_of_saint_lawrence;4483;6087;x
etchemin;mouth_of_saint_lawrence;4467;6077;x
stadacona;mouth_of_saint_lawrence;4452;6076;x
ahwendoe;mouth_of_saint_lawrence;4472;6088;x
ondaonnentakwi;mouth_of_saint_lawrence;4475;6096;x
aunona;mouth_of_saint_lawrence;4483;6112;x
taoondewake;saguenay_fjord;4500;6127;x
kouate;saguenay_fjord;4512;6160;x
mingan;mingan_islands;4786;6302;x
pigou;sept_iles_bay;4741;6300;x
aguanish;lake_island;4850;6300;x
natashquan;vieux_poste_point;4874;6297;x
notiskuan;honguedo_strait;4783;6258;x
anticosti;bilodeau_point;4826;6228;x
natigostec;anticosti_coast;4882;6232;x
mecatina;saint_agustin_bay;5024;6366;x
kegaska;les_blacklands;4924;6297;x
coacoachou;mecatina_islands;4985;6323;x
napetipi;amour_point;5060;6378;x
uashat;cartier_point;4688;6301;x
mistecapiu;cartier_point;4643;6280;x
ouiauirabugu;anglais_point;4631;6252;x
piletisipuk;saint_lawrence_estuary;4588;6228;x
pessamit;boisvert_point;4549;6199;x
essipit;boisvert_point;4540;6187;x
tadoussac;saguenay_fjord;4523;6162;x
missicabi;cape_hope_islands;4086;6389;x
waskaganish;cape_hope_islands;4102;6389;x
pitchibourenik;cape_hope_islands;4114;6426;x
mistimakan;cape_hope_islands;4114;6451;x
chisasibi;kakachischuan_point;4092;6556;x
maquatua;kakachischuan_point;4098;6502;x
atikuan;vauquelin_point;4074;6606;x
qingaaluk;mctavish_island;4207;6735;x
tupialuviniq;vauquelin_point;4121;6627;x
kuujjuaq;alukpaluk_bay;4584;6876;x
sanikiluaq;belcher_islands_coast5;4072;6703;x
pangnirtung;cumberland_sound;4708;7455;x
iglunga;cumberland_sound;4602;7474;x
iqaluit;frobisher_bay;4555;7262;x
kimmirut;big_island;4528;7186;x
amadjuak;jubilee_island;4386;7280;x
kinngait;aquiatulavik_bay;4209;7301;x
qikirtajuaq;alukpaluk_bay;4614;6852;x
qurlutuq;alukpaluk_bay;4648;6870;x
kangiqsualujjuaq;alukpaluk_bay;4680;6892;x
tupirvialuit;keglo_bay;4696;6911;x
nunainguk;aulatsivik_island;4873;6714;x
navchak;north_aulatsivik_island;4816;6900;x
kingmirtok;okak_bay;4821;6869;x
napaktok;okak_bay;4856;6834;x
okak;okak_bay;4864;6798;x
aulatsivik;aulatsivik_island;4876;6749;x
ukasikalik;aulatsivik_island;4902;6694;x
agvituk;kaipokok_bay;4941;6643;x
kaipokok;kaipokok_bay;4969;6635;x
aillik;kaipokok_bay;5011;6613;x
tessuialluk;sloop_harbour_point;5066;6601;x
tikigaksuagusik;sloop_harbour_point;5034;6570;x
aivitok;sloop_harbour_point;5045;6574;x
catucto;black_bear_bay;5151;6440;x
red_bay;black_bear_bay;5116;6393;x
ikkatuluk;hawke_island;5149;6481;x
uivvatok;hawke_island;5118;6533;x
natsitok;sloop_harbour_point;5080;6529;x
inutsualak;sloop_harbour_point;5085;6558;x
belle_isle;groais_island;5141;6372;x
wipetikil;grey_islands;5135;6331;x
naskwotchu;esquiman_channel;5080;6326;x
mekapisk;bay_of_islands;5053;6256;x
eimastukwek;st_george_bay;5041;6222;x
epwikek;cabot_strait;4988;6138;x
kutapuskuj;saint_georges_bay;5022;6185;x
upsukdaskooch;grey_islands;5104;6267;x
gosaoie;laurentian_channel;5022;6126;x
nogamsig;burgeo_bank;5075;6124;x
amasipukwek;hermitage_bay;5135;6132;x
sibook;fortune_bay;5169;6128;x
baie_verte;notre_dame_bay;5142;6263;x
walnaypek;notre_dame_bay;5156;6246;x
akilasiewakik;notre_dame_channel;5212;6239;x
cape_spear;conception_bay;5273;6113;x
bacalhieu;bonavista_bay;5252;6120;x
mekwiskajk;freels_cape;5234;6207;x
mollyhuajeck;bonavista_bay;5245;6184;x
placentia;green_bank;5222;6077;x
cape_race;trepassey_bay;5261;6065;x
maqtewey;placentia_bay;5228;6138;x
nukamkiajijk;st_pierre_bank;5161;6078;x
miquelon;hermitage_channel;5122;6087;x
elsiktuk;tatamagouche_bay;4818;6032;x
tignish;malpeque_bay;4775;6071;x
malpeque;malpeque_bay;4787;6050;x
tapu_tuitn;malpeque_bay;4811;6050;x
pukusamkek;havre_aubert_cape;4846;6053;x
menageesenog;grosse_island;4894;6136;x
askataliank;misaine_bank;4955;6011;x
cheticamp;rouge_cape;4909;6053;x
ingonish;quero_bank;4929;6087;x
qospemk;northumberland_strait;4891;6025;x
apaqtukowatek;canso_bank;4919;5994;x
sipuk;sydney_bight;4950;6032;x
kluskapewiktuk;sydney_bight;4938;6043;x
pictou;pictou_banks;4845;5998;x
chignecto;tatamagouche_bay;4790;6011;x
maccan;chignecto_bay;4751;5998;x
tatamagouche;pictou_banks;4810;6002;x
antigonish;strait_of_canso;4875;6000;x
canso;strait_of_canso;4898;5980;x
wikipoq;middle_bank;4876;5958;x
weljuik;middle_bank;4853;5948;x
jijkwtuk;minas_basin;4751;5973;x
cobequid;minas_basin;4785;5978;x
kennetook;minas_basin;4770;5971;x
kjipuktuk;emerald_bank;4808;5931;x
wetewatoqsik;lahave_bank;4785;5922;x
musquedoboit;emerald_bank;4821;5934;x
aspotogan;lahave_bank;4769;5925;x
esekatik;lahave_bank;4761;5905;x
nmejuaqnek;bay_of_fundy;4707;5944;x
nictaux;bay_of_fundy;4725;5957;x
wekwayik;grand_manan_basin;4682;5914;x
chebogue;brown_bank;4678;5882;x
muinawamek;brown_bank;4696;5864;x
nisiamk;bacarro_bank;4734;5875;x
oqumkikiak;bacarro_bank;4741;5886;x
chipoudy;chignecto_bay;4724;5986;x
petitcodiac;chignecto_bay;4749;6002;x
memramcook;abegweit_passage;4758;6035;x
richibucto;abegweit_passage;4747;6050;x
kouchibouguac;abegweit_passage;4736;6073;x
miramichi;miramichi_bay;4723;6088;x
neguac;miramichi_bay;4729;6099;x
nepisiguit;chaleur_bay;4703;6127;x
tracadie;miramichi_bay;4738;6119;x
caraquet;chaleur_bay;4709;6129;x
restigouche;chaleur_bay;4657;6151;x
pogomeg;chaleur_bay;4683;6147;x
menahkwesk;bay_of_fundy;4676;5964;x
mispec;bay_of_fundy;4700;5971;x
grand_manan;grand_manan_basin;4654;5942;x
pocologan;bay_of_fundy;4662;5962;x
chamcook;grand_manan_basin;4643;5962;x
cataraqui;bay_of_quinte;4211;5904;x
gananoque;bay_of_quinte;4230;5909;x
napanee;bay_of_quinte;4193;5898;x
ganneious;bay_of_quinte;4179;5901;x
ganaraska;central_lake_ontario;4150;5889;x
quinte;bay_of_quinte;4165;5897;x
macassa;niagara_basin;4061;5843;x
niagara;niagara_basin;4079;5839;x
kenhionatatie;eastern_erie_basin;4042;5812;x
kanagio;central_erie_basin;3985;5800;x
ganatchio;pelee_island;3927;5764;x
bkwejanong;blue_point;3948;5830;x
menesetung;blue_point;3971;5852;x
saugeen;clark_point;3973;5902;x
nochemoweniing;southern_lake_huron;3986;5953;x
etharita;georgian_bay;4011;5934;x
kaotia;georgian_bay;4060;5940;x
ossossane;georgian_bay;4050;5929;x
tkaronto;niagara_basin;4074;5866;x
oshawa;niagara_basin;4109;5882;x
missinihe;niagara_basin;4070;5861;x
tetioneshohon;niagara_basin;4065;5853;x
shawanaga;georgian_bay;4047;5978;x
cognashene;georgian_bay;4055;5951;x
memesagamesing;georgian_bay;4020;6003;x
manitoulin;deadmans_point;3934;6003;x
wemitigoj;georgian_bay;3997;6015;x
eskimanetigon;cunningham_point;3968;6026;x
mississagi;manitoulin_channel;3925;6030;x
baawitigong;whitefish_bay;3843;6060;x
batchawana;whitefish_bay;3849;6075;x
michipicoten;michipicoten_bay;3827;6146;x
agawa_superior;michipicoten_bay;3831;6115;x
pekatek;pukaskwa_point;3771;6163;x
aguasabon;schreiber_channel;3731;6201;x
nipigon;black_bay;3670;6200;x
kaministiquia;black_bay;3655;6180;x
neebing;thunder_bay;3630;6163;x
minong;thunder_bay;3641;6153;x
kinusheo;cape_henrietta_maria;3921;6638;x
wabuk;mouth_of_the_winisk;3818;6645;x
washeo;shagamu_coast;3703;6705;x
niskibi;kamisak_coast;3675;6735;x
shagamu;shagamu_coast;3746;6685;x
ministik;mouth_of_the_winisk;3803;6654;x
kamisak;kamisak_coast;3615;6762;x
machichi;pen_islands;3481;6771;x
kichekokotic;pen_islands;3530;6782;x
sowunusiske;pen_islands;3486;6796;x
wapusk;thompson_point;3454;6881;x
des_nedhe;churchill_shoal;3394;6890;x
nunalla;churchill_shoal;3380;6951;x
tha_anne;mouth_of_thlewiaza;3383;7014;x
attawapiskat;bear_islands;3949;6485;x
ekwan;bear_islands;3951;6500;x
otadaonanis;bear_islands;3966;6466;x
patchepawapoka;bear_islands;3941;6569;x
lakitusaki;cape_henrietta_maria;3949;6618;x
kashechewan;bear_islands;3988;6429;x
wapiskau;cape_hope_islands;4012;6413;x
moosonee;cape_hope_islands;4032;6376;x
olimisk;cape_hope_islands;4060;6364;x
mahnahwoonan;kakachischuan_point;4055;6509;x
sivukutaitiarruvik;cape_hope_islands;4076;6411;x
akimiski;bear_islands;3965;6480;x
bayaquitiri;coast_sierra_maestra;4212;4454;x
guantanamo;guantanamo_bay;4272;4459;x
baracoa;baracoa_bay;4302;4480;x
sagua;baracoa_bay;4281;4499;x
barajagua;nipe_bay;4245;4502;x
bayamo;guacanayabo_gulf;4182;4483;x
macaca;cruz_cape;4157;4448;x
cueiba;guacanayabo_gulf;4172;4496;x
bani_cuba;nipe_bay;4250;4521;x
lora;nipe_bay;4225;4527;x
cayaguayo;sabinal_key;4196;4537;x
south_camaguey;jardines_reina;4091;4508;x
mabuya;camaguey_archipelago;4157;4561;x
guaimaro;guacanayabo_gulf;4158;4497;x
magon;cienfuegos_bay;4066;4552;x
ornofay;ana_maria_gulf;4106;4549;x
guamuhaya;cienfuegos_bay;4044;4560;x
east_sabaneque;camaguey_archipelago;4117;4589;x
central_sabaneque;east_sabana_archipelago;4060;4618;x
sabana;east_sabana_archipelago;4071;4605;x
habana;havana_bay;3951;4640;x
batanabo;batabano_gulf;3970;4606;x
guanimar;havana_bay;3982;4633;x
marien_cuba;east_colorados_archipelago;3915;4630;x
siguanea;east_canarreos_archipelago;3929;4542;x
guaniguanico;west_colorados_archipelago;3870;4612;x
guanamacabibes;cape_corrientes;3848;4586;x
west_sabaneneque;west_sabana_archipelago;4022;4634;x
hanabana;cochinos_bay;3981;4582;x
jagua;cienfuegos_bay;4022;4573;x
maynoa;port_royal;4202;4341;x
yaguabo;long_bay;4172;4334;x
aguacadiba;montego_bay;4168;4373;x
guaygata;jamaica_channel;4195;4366;x
anaya;negril_point;4146;4344;x
oristan;montego_bay;4142;4371;x
abacoa;andros_coast;4124;4731;x
exuma;central_great_bahama_bank;4241;4663;x
guanima;san_salvador_coast;4260;4708;x
eleuthera;torque_ocean;4219;4738;x
guanahani;long_island_coast;4279;4640;x
inagua;inagua_coast;4356;4527;x
jumento;samana_cay_coast;4315;4617;x
caycos;turks_islands_passage;4424;4555;x
lucayoneque;bimini_channel;4176;4829;x
bahama;abaco_coast;4123;4846;x
bavaro;mona_passage;4580;4375;x
yuma;saona_island;4561;4358;x
hicayagua;bay_santo_domingo;4542;4369;x
cayacoa;bay_santo_domingo;4513;4371;x
boya;bay_samana;4523;4408;x
azua;ocoa_bay;4472;4358;x
bani;ocoa_bay;4489;4357;x
magorix;manzanillo_bay;4428;4451;x
bohio;manzanillo_bay;4454;4455;x
samana;escocesa_bay;4524;4422;x
cubao;cape_macorote;4490;4441;x
ciguayo;cape_macorote;4500;4437;x
marien;tortuga_island;4404;4447;x
guahaba;gulf_gonave;4373;4430;x
tortuga;tortuga_island;4370;4459;x
baynoa;windward_passage;4347;4446;x
jaragua;gulf_gonave;4398;4378;x
cayguani;ocoa_bay;4456;4358;x
baoruco;cape_beata;4445;4332;x
guanabo;gonave_channel;4362;4390;x
cahay;gulf_gonave;4379;4409;x
guacayakima;navassa_island;4300;4372;x
haniguayagua;gravois_point;4352;4356;x
yaquimo;jacmel_cape;4411;4356;x
yaguana;gonave_channel;4378;4371;x
guaynabo;bay_san_juan;4688;4373;x
guaraca;virgin_passage;4695;4346;x
guaynia;rincon_bay;4663;4343;x
guama;isla_caja_muertos;4640;4342;x
arasibo;arecibo_port;4658;4375;x
ayamaco;mona_passage;4633;4368;x
wadadli;flitches_creek_bay;4884;4290;x
liamuiga;st_kitts_coast;4831;4306;x
walichi;goal_point;4835;4339;x
anegada;anegada_passage;4754;4368;x
ayay;st_croix_coast;4742;4326;x
carucairi;guadaloupe_coast;4878;4241;x
waitu_kubuli;dominica_coast;4892;4201;x
iguanacaera;martinique_passage;4915;4168;x
hewanorra;saint_lucia_channel;4903;4119;x
cairiani;trinidad_coast;4915;3933;x
ichirouganaim;barbados_coast;4983;4079;x
alubera;tobago_coast;4932;3975;x
kamahuya;grenada_coast;4877;4021;x
youloumain;the_grenadines;4910;4076;x
buriari;bonaire_coast;4585;4025;x
curacaute;cumarebo_coast;4551;4016;x
arubeira;aruba_coast;4516;4044;x
shawmut;massachusetts_bay;4460;5785;x
naumkeag;massachusetts_bay;4466;5799;x
patuxet;cape_cod_bay;4475;5765;x
assonet;narragansett_bay;4465;5741;x
nauset;pleasant_bay;4509;5752;x
nantucket;nantucket_shoals;4481;5729;x
seekonk;narragansett_bay;4444;5747;x
pawcatuck;narragansett_bay;4432;5723;x
siccanemos;long_island_sound;4412;5721;x
nehantuck;long_island_sound;4397;5719;x
quinnipiac;long_island_sound;4372;5719;x
rippowam;long_island_sound;4355;5709;x
squamscott;scantum_basin;4470;5826;x
casco;casco_bay;4498;5877;x
kennebunk;scantum_basin;4480;5848;x
sagadahoc;casco_bay;4531;5889;x
majabigwaduce;penobscot_bay;4558;5921;x
passagassawkeag;penobscot_bay;4548;5905;x
pemetic;schoodic_ridge;4585;5908;x
passamaquoddy;grand_manan_basin;4638;5937;x
machias;schoodic_ridge;4606;5926;x
manhattan;raritan_bay;4324;5683;x
montauk;block_channel;4405;5698;x
unquachog;long_island_coast_us;4377;5684;x
massapequa;raritan_bay;4335;5675;x
nikahionhwakowa;bay_of_quinte;4226;5887;x
oswego;bay_of_quinte;4219;5861;x
assorodus;central_lake_ontario;4189;5843;x
irondequoit;central_lake_ontario;4161;5843;x
tiotoren;eastern_erie_basin;4089;5802;x
kanentaweron;eastern_erie_basin;4069;5787;x
thahnawate;niagara_basin;4107;5849;x
ahouenro;central_lake_ontario;4148;5850;x
raritan;raritan_bay;4311;5672;x
hackensack;raritan_bay;4321;5682;x
navisink;barnegat_bay;4317;5630;x
piscopeek;raritan_bay;4313;5668;x
tetamekanch;delaware_bay;4252;5613;x
kechemeche;cape_may;4294;5588;x
cohansey;delaware_bay;4262;5596;x
amintonck;cape_may;4305;5609;x
shackamaxon;delaware_bay;4260;5629;x
minguannan;delaware_bay;4255;5600;x
tappahanna;delaware_bay;4260;5583;x
assawoman;delaware_bay;4275;5566;x
erie;eastern_erie_basin;4039;5770;x
wicomico;chincoteague_bay;4266;5527;x
chicamacomico;upper_chesapeake_bay;4222;5556;x
matapeake;upper_chesapeake_bay;4224;5582;x
patapsco;upper_chesapeake_bay;4214;5595;x
wicontiss;upper_chesapeake_bay;4229;5611;x
nentego;upper_chesapeake_bay;4209;5569;x
patuxent;upper_chesapeake_bay;4214;5530;x
potapoco;upper_chesapeake_bay;4188;5535;x
werowocomoco;lower_chesapeake_bay;4216;5475;x
patawomeck;upper_chesapeake_bay;4172;5543;x
wicocomico;lower_chesapeake_bay;4219;5498;x
rappahannock;lower_chesapeake_bay;4229;5487;x
kiskiack;lower_chesapeake_bay;4216;5467;x
accomac;chincoteague_bay;4249;5491;x
nansemond;lower_chesapeake_bay;4210;5449;x
chesapeake;chesapeake_channel;4235;5443;x
weyanock;lower_chesapeake_bay;4197;5466;x
roanoke;albemarle_sound;4231;5385;x
croatan;albemarle_sound;4232;5403;x
hatteras;cape_hatteras;4260;5357;x
chowanoke;albemarle_sound;4202;5394;x
pocosin;albemarle_sound;4216;5392;x
pamlico;pamlico_sound;4211;5347;x
coree;raleigh_bay;4217;5324;x
corani;onslow_bay;4173;5303;x
neuse;pamlico_sound;4190;5332;x
chicora;onslow_bay;4151;5284;x
necoes;long_bay_us;4127;5265;x
waccamaw;long_bay_us;4106;5258;x
winyah;charleston_harbor;4089;5230;x
etiwan;port_royal_sound;4054;5198;x
wando;charleston_harbor;4077;5213;x
kiawah;port_royal_sound;4042;5186;x
combahee;port_royal_sound;4033;5176;x
wimbee;ossabaw_sound;4015;5170;x
mocama;altamaha_sound;3986;5083;x
tacatacaru;altamaha_sound;3997;5093;x
tybee;ossabaw_sound;4008;5148;x
ossabaw;ossabaw_sound;3997;5138;x
sapelo;ossabaw_sound;3995;5121;x
timucua;st_augustine_inlet;3989;5046;x
mayaca;st_augustine_inlet;3993;5020;x
jororo;st_augustine_inlet;4004;4992;x
surruque;cape_canaveral;4015;4952;x
ho_bay;cape_canaveral;4023;4921;x
mayaimi;biscayne_bay;4045;4798;x
ais;palm_beach;4037;4881;x
guacata;palm_beach;4049;4848;x
tequesta;florida_bay;4023;4756;x
guarungube;florida_keys;3990;4727;x
tequemapo;chokoloskee_bay;3986;4791;x
caloosahatchee;san_carlos_bay;3959;4828;x
potano;waccasassa_bay;3902;4999;x
uqueten;waccasassa_bay;3923;4978;x
tocaste;waccasassa_bay;3926;4955;x
mocozo;tampa_bay;3938;4909;x
ozita;tampa_bay;3931;4883;x
anhayca;apalachee_bay;3852;5035;x
azile;apalachee_bay;3880;5031;x
pensacola;pensacola_bay;3730;5063;x
watappo;saint_andrew_bay;3798;5041;x
choctawhatchee;pensacola_bay;3755;5062;x
cuyahoga;pelee_island;3969;5733;x
ashtabula;central_erie_basin;3994;5751;x
sandusky;pelee_island;3917;5728;x
maumee;pelee_island;3913;5736;x
kankakee;south_lake_michigan;3729;5744;x
waawiiyaataanong;lake_st_clair;3920;5797;x
giwitatigweiasibi;pelee_island;3896;5753;x
osaakiiwaki;blue_point;3937;5837;x
saginaw;saginaw_bay;3872;5872;x
shebeon;saginaw_bay;3895;5882;x
saganing;saginaw_bay;3890;5905;x
cheboygan;strait_of_makinac;3820;5981;x
wequetong;strait_of_makinac;3795;5943;x
asiniike;whitefish_point;3896;5953;x
muskegon;middle_lake_michigan;3754;5859;x
onekama;traverse_bay;3756;5899;x
owashtanong;wind_point;3765;5827;x
kalamazoo;wind_point;3766;5807;x
sakiwasipi;south_lake_michigan;3757;5775;x
mackinac;northern_lake_huron;3838;6020;x
tahquamenon;au_sable_point;3772;6066;x
manistique;strait_of_makinac;3799;6024;x
ishpeming;keweenaw_bay;3716;6054;x
menominee;green_bay;3730;6006;x
keweenaw;copper_harbor;3682;6118;x
ontonagon;keweenaw_coast;3636;6088;x
checagou;south_lake_michigan;3694;5781;x
millioke;wind_point;3690;5842;x
kenosha;wind_point;3695;5804;x
sheboygan;middle_lake_michigan;3700;5871;x
boojwiikwedong;green_bay;3687;5927;x
manitowoc;traverse_bay;3717;5940;x
oconto;green_bay;3694;5950;x
gaamiskwaabikaang;chequamegon_bay;3511;6066;x
chequamegon;chequamegon_bay;3558;6061;x
mobile;mobile_bay;3682;5065;x
biloxi;biloxi_bay;3624;5050;x
pascagoula;biloxi_bay;3657;5055;x
bulbancha;chandeleur_sound;3620;5021;x
bogue_chitto;biloxi_bay;3613;5042;x
chawasha;barataria_bay;3587;5006;x
atchafalaya;atchafalaya_bay;3538;4999;x
ciwat;vermillion_bay;3497;5019;x
otse;vermillion_bay;3449;5020;x
nemadji;chequamegon_bay;3508;6075;x
wissakode;chequamegon_bay;3576;6131;x
makoua;chequamegon_bay;3545;6109;x
ometepec;chantengo_lagoon;3198;4258;x
jicayan;corralero_lagoon;3220;4244;x
yopitzinco;acapulco_bay;3153;4271;x
tecoanapa;chantengo_lagoon;3183;4264;x
cihuatlan;nuxco_lagoon;3090;4305;x
tecpan;acapulco_bay;3126;4288;x
ixtapan;petacalco_bay;3063;4328;x
zacatollan;petacalco_bay;3048;4342;x
tututepec;corralero_lagoon;3238;4231;x
cuauhtolco;huatulco_bays;3302;4212;x
tonameca;comata_cape;3280;4217;x
manialtepec;comata_cape;3268;4225;x
tehuantepec;tehuantepec_isthmus;3367;4250;x
zanatepec;tehuantepec_isthmus;3384;4250;x
huamelula;huamelula_coast;3340;4228;x
tozlan;sontecomapan_lagoon;3349;4385;x
tlacotlalpan;sontecomapan_lagoon;3338;4385;x
xamapan;chachalacas_coast;3318;4404;x
puctlan;sontecomapan_lagoon;3335;4387;x
coatzacoalco;coatzacoalcos_bay;3395;4353;x
atzaccan;coatzacoalcos_bay;3379;4366;x
acayucan;coatzacoalcos_bay;3386;4356;x
tonala_coatzacoalco;coatzacoalcos_bay;3422;4359;x
cuauhtochco;chachalacas_coast;3309;4418;x
cempoala;chachalacas_coast;3305;4432;x
quiahuiztlan;nauhtlan_coast;3298;4452;x
nauhtlan;nauhtlan_coast;3290;4464;x
papantla;nauhtlan_coast;3273;4488;x
cuyuxquihui;nauhtlan_coast;3281;4476;x
tuxpan;tuxpan_coast;3257;4523;x
teayotlan;tuxpan_coast;3264;4506;x
tlacalahuastla;tenacatita_bay;2942;4405;x
caxitlan;coahuayana_delta;2967;4384;x
coahuayana;coahuayana_delta;2976;4372;x
chucutitlan;maruata_coast;3017;4347;x
ozuluama;tamiahua_lagoon;3246;4551;x
panuco;tamiahua_lagoon;3242;4572;x
tonala_chiapas;tehuantepec_isthmus;3418;4229;x
huehuetan;tonala_coast;3466;4182;x
maxcanu;lastre_point;3574;4494;x
hunucma;lastre_point;3579;4508;x
tho;sisal_coast;3599;4527;x
motul;dzilam_coast;3639;4536;x
dzilam;dzilam_coast;3648;4537;x
titsimin;lagartos_coast;3676;4546;x
kaan_peech;campeche_bay;3572;4451;x
calkini;campeche_bay;3573;4464;x
chakan_putum;campeche_bay;3562;4421;x
tixchel;xicalango_point;3535;4387;x
chactemal;xcalak_point;3672;4371;x
colha;xcalak_point;3671;4364;x
nohmul;xcalak_point;3667;4365;x
bakhalal;xcalak_point;3677;4384;x
chacchoben;xcalak_point;3685;4386;x
tixmul;mahahual_coast;3705;4400;x
ekab;cancun_point;3741;4531;x
labcah;holbox_island;3710;4540;x
zama;cozumel_island;3718;4480;x
chakan_yucatan;ascension_bay;3697;4437;x
tomatlan;chamela_bay;2905;4433;x
xihutla;banderas_bay;2897;4487;x
zihuatlan;tenacatita_bay;2920;4416;x
revillagigedo_islands;north_pacific_coast;2479;4366;x
xalisco;guayabitos_coast;2900;4518;x
magdalenas;north_aztatlan;2837;4549;x
aztatlan;nayarit_coast;2887;4560;x
sentispac;guayabitos_coast;2901;4543;x
pusilha;amatique_bay;3644;4226;x
campin;amatique_bay;3667;4258;x
tzoite;turneffe_atoll;3673;4281;x
paliac;amatique_bay;3652;4243;x
altun_ha;xcalak_point;3673;4323;x
xunantunich;turneffe_atoll;3674;4313;x
guazacapan;itzcuintlan_coast;3579;4110;x
itzalku;cobanos_coast;3601;4098;x
kakol_kiej;tapachollan_coast;3501;4142;x
itzcuintlan;kakol_kiej_coast;3533;4118;x
nito;amatique_bay;3652;4223;x
toquegua;amatique_bay;3658;4216;x
chinda;amatique_bay;3677;4215;x
naco;amatique_bay;3687;4221;x
ticamaya;amatique_bay;3708;4221;x
choluteca;fonseca_bay;3714;4069;x
nacaome;fonseca_bay;3702;4089;x
pech;brus_lagoon;3838;4221;x
sico;limon_coast;3801;4225;x
olanchito;honduras_cape;3744;4221;x
papayeca;honduras_cape;3779;4229;x
usulutan;jiquilisco_bay;3659;4078;x
chalchuapa;cobanos_coast;3614;4092;x
kuskatan;cobanos_coast;3626;4090;x
nonualco;jiquilisco_bay;3644;4081;x
queiquin;fonseca_bay;3692;4087;x
kukra;pearl_lagoon;3884;4052;x
tawahka;caratasca_lagoon;3865;4204;x
rama;monkey_point;3878;3982;x
ulwas;monkey_point;3884;3990;x
nagarando;poneloya_coast;3741;4019;x
diria;poneloya_coast;3751;3999;x
cuauhcapolca;papagayo_bay;3781;3968;x
tezoatega;fonseca_bay;3710;4061;x
guaxenicos;fonseca_bay;3716;4063;x
sutiapan;poneloya_coast;3728;4029;x
karawala;wounta_lagoon;3887;4086;x
awastara;pahara_lagoon;3900;4138;x
ahuya_yari;bismuna_lagoon;3898;4185;x
orosi;papagayo_bay;3789;3950;x
nekokiaw;blanco_cape;3785;3902;x
garabito;nicoya_gulf;3817;3906;x
uxarraci;tortuguero_coast;3886;3940;x
coctu;pavon_bay;3893;3825;x
boruca;coronado_bay;3884;3843;x
quepos;nicoya_gulf;3859;3865;x
pacaca;nicoya_gulf;3846;3870;x
burica;pavon_bay;3907;3812;x
chiriqui;chiriqui_gulf;3938;3804;x
huista;chiriqui_gulf;3970;3795;x
veragua;calovebora_coast;3980;3833;x
caribaro;caribaro_bay;3968;3840;x
terbi;caribaro_bay;3941;3857;x
dererri;caribaro_bay;3923;3879;x
tariaca;tortuguero_coast;3908;3899;x
kabeka;caribaro_bay;3917;3888;x
tauraba;montijo_gulf;3995;3772;x
parita;mala_point;4034;3753;x
nata;parita_gulf;4027;3796;x
escoria;parita_gulf;4029;3791;x
chiru;parita_gulf;4046;3808;x
panama;panama_gulf;4070;3839;x
careta;darien_gulf;4162;3827;x
pocorosa;guna_yala_coast;4117;3870;x
comogre;san_miguel_gulf;4133;3812;x
chochama;san_miguel_gulf;4128;3801;x
cubiga;limon_bay;4034;3854;x
chepo;panama_gulf;4111;3827;x
chuchures;guna_yala_gulf;4074;3878;x
yenecamu;pulmo_cape;2698;4668;x
guaycura;comondu_coast;2597;4726;x
monqui;loreto_bay;2624;4797;x
cadegomo;concepcion_bay;2601;4838;x
mti_pa;eugenia_cape;2540;4855;x
cochimi;hares_eye_lagoon;2493;4955;x
nakipa;san_quintin_bay;2418;5045;x
koleeu;colonet_cape;2408;5082;x
akwaala;todos_santos_bay;2382;5142;x
kumeyaay;san_diego_bay;2358;5194;x
kwapa;colorado_delta;2466;5141;x
north_hia_ced_oodham;colorado_delta;2504;5128;x
south_hia_ced_oodham;tecopa_cape;2541;5081;x
xiica_hai_iic_coii;xazl_iimt_island;2558;5046;x
tahejoc;kino_bay;2581;4993;x
xiica_xnaai_iic_coii;sahuimaro_coast;2610;4942;x
yoreme;huivulau_bay;2686;4864;x
huatabampo;agiabampo_bay;2706;4842;x
guaimas;haro_cape;2656;4909;x
sinaloa;talchichintle_island;2759;4756;x
ahome;ohuira_bay;2713;4787;x
culiacan;lucenilla_peninsula;2794;4714;x
quetzalla;mazatlan_coast;2823;4679;x
piaxtla;mazatlan_coast;2826;4672;x
mazatlan;huizache_lagoon;2851;4634;x
chiametlan;huizache_lagoon;2866;4616;x
acaponeta;nayarit_coast;2882;4587;x
atanagunypacam;grande_delta;3270;4784;x
tamaulipeco;madre_lagoon;3238;4715;x
maratine;tamaulipas_coast;3242;4668;x
pantlan;chavarria_bar;3235;4604;x
tugumlepen;padre_island;3256;4827;x
tinapihuaya;padre_island;3251;4857;x
piguique;corpus_christi_bay;3243;4881;x
capoque;brazos_mouth;3344;4965;x
karankawa;matagorda_bay;3313;4959;x
copane;matagorda_bay;3284;4940;x
mariame;matagorda_bay;3288;4940;x
han;brazos_mouth;3359;4988;x
orcoquisac;trinity_lagoon;3380;5016;x
caux;trinity_lagoon;3377;5020;x
toyal;trinity_lagoon;3368;5012;x
pachina;trinity_lagoon;3411;5014;x
saanich;oyster_bay;2071;6191;x
stz_uminus;georgia_strait;2052;6229;x
ditidaht;fuca_strait;2034;6183;x
pentlatch;haro_strait;2022;6244;x
ucluelet;flattery_strait;1997;6214;x
k_omoks;haro_strait;1995;6280;x
maaqtusiis;cheleset_coast;1900;6280;x
yuquot;hot_springs_cove;1942;6239;x
tlatlasikwala;raft_cove;1851;6310;x
ma_amtagila;beaver_cove;1910;6323;x
tanakteuk;beaver_cove;1973;6341;x
quawshelah;beaver_cove;1933;6346;x
oweekeno;hakai_coast;1889;6395;x
nuxalc;hakai_coast;1899;6449;x
kitasoo;hakai_coast;1903;6440;x
heiltsuk;banks_coast;1814;6495;x
haisla;banks_coast;1830;6544;x
sm_algyax;lax_kw_alaams;1769;6564;x
gitxsanimaax;lax_kw_alaams;1775;6631;x
kiis_gwaay;moresby_coast;1657;6515;x
gwaay_haanas;queen_charlotte_sound;1713;6430;x
saanya;metlakatla_sound;1734;6665;x
taant_a;keku_strait;1681;6693;x
shtax_heen;stephens_passage;1628;6776;x
s_awdaan;stephens_passage;1603;6840;x
hinyaa;kiusta_point;1655;6631;x
keex;alexander_point;1579;6716;x
t_aaku;funter_bay;1548;6894;x
jilkaat;funter_bay;1527;6931;x
aa_kw;funter_bay;1499;6890;x
xunaa;funter_bay;1520;6840;x
shee_t_ika;yakobi_coast;1527;6776;x
xutsnoowu;stephens_passage;1566;6800;x
gunaaxoo;lituya_bay;1456;6866;x
yaakwdaat;yakutat_bay;1338;6958;x
laaxaayik;yakutat_bay;1347;6980;x
yakataga;yakutat_bay;1259;6983;x
galyax;galyax_coast;1192;6989;x
daxunhyuu;galyax_coast;1093;7009;x
taatiilaaq;hinchinbrook_bay;953;7055;x
caniqaq;hinchinbrook_bay;939;7019;x
nanwalek;kenai_fjords;867;6964;x
nuciiq;middleton_island;1027;7005;x
agw_aneq;marmot_bay;746;6850;x
su_naq;larsen_bay;703;6827;x
kasukuak;chirikof_island;682;6762;x
swikshak;ursus_cove;677;6929;x
amalik;larsen_bay;610;6820;x
alinchak;chiginagak_fjords;557;6768;x
chignik;herendeen_bay;467;6756;x
kangi_asinaq;unga_sea;422;6682;x
qagiigun;herendeen_bay;371;6685;x
qagaan;sanak_island;294;6638;x
unimax;north_creek_coast;251;6627;x
qawalangin;derby_point;20;6509;x
akuugun;kagamil_sland;16346;6481;x
niigugis;seguam_coast1;16150;6433;x
naahmigus;gareloi_island;16002;6406;x
qaxun;amchitka_island2;15829;6396;x
sasignan;agattu_island1;15577;6474;x
amiq;amiq_coast5;16326;6783;x
aniakchak;kvichak_bay;500;6799;x
ugashik;kvichak_bay;516;6807;x
egegik;kvichak_bay;522;6871;x
igiugig;kvichak_bay;543;6898;x
aguyaq;kvichak_bay;481;6889;x
akokpaq;kvichak_bay;551;6913;x
igushiq;kvichak_bay;467;6893;x
togiaq;togiak_harbour;391;6912;x
mamterat;togiak_harbour;331;6914;x
quinhagaq;kwigillinok_coast;321;6959;x
iiq;kwigillinok_coast;297;7001;x
kwigilingoq;dooksook_harbour;215;6983;x
tununaq;dooksook_harbour;175;7019;x
kaghasuq;kinak_bay;239;7031;x
niugtaq;kinak_bay;181;7058;x
ce_vaq;scammon_bay;133;7108;x
mekoryuq;dooksook_harbour;134;6970;x
marayaarmiut;nunam_iqua_cove;165;7160;x
imangaq;nunam_iqua_cove;184;7183;x
qerrulliiq;pastol_bay;261;7215;x
tapqaq;pastol_bay;319;7242;x
unalakleet;pastol_bay;366;7258;x
ungaliq;norton_bay;349;7311;x
malemiut;norton_bay;369;7336;x
kuuyuk;norton_bay;356;7347;x
qikiqtagruk;hotham_inlet;352;7456;x
kuugaaluk;hotham_inlet;289;7442;x
kongashuk;krusenstern_lagoon;180;7470;x
sinjik;norton_bay;275;7318;x
nachirvik;nome_coast;194;7320;x
kigluaik;clarence_gulf;110;7374;x
anakovik;shishmarev_inlet;84;7428;x
sivuqaq;sevuokuk_point;16265;7258;x
savoonga;kongkok_bay;16326;7224;x
kitagnaq;kialegak_cape;16370;7215;x
st_matthew;stmatthew_coast3;16212;7019;x
kachemak;ursus_cove;816;6966;x
kenai;ursus_cove;854;7053;x
dgheyaytnu;ursus_cove;872;7059;x
k_enakatnu;ursus_cove;881;7091;x
tyonek;ursus_cove;787;7047;x
iliamna;ursus_cove;720;6972;x
nuurvik;hotham_inlet;326;7512;x
uataaq;krusenstern_lagoon;228;7549;x
kivualinagmut;point_hope;116;7632;x
uivvak;wevok_point;121;7649;x
kali;wevok_point;250;7693;x
k_alii_xkalaan;lax_kw_alaams;1771;6684;x
payomkawichum;orange_cove;2345;5229;x
kukamonga;orange_cove;2335;5239;x
yaanga;los_angeles_bay;2298;5271;x
ventureno;los_angeles_bay;2260;5287;x
ineseno;santa_barbara_coast;2205;5304;x
pimuu_nga;san_catalina_island;2220;5267;x
tepotahal;monterey_coast;2177;5370;x
mutsun;santa_cruz_cove;2141;5415;x
awaswas;elkhorn_bay;2141;5451;x
chochenyo;san_francisco_bay;2132;5493;x
mewuk;marin_coast;2091;5531;x
kashaya;sonoma_coast;2064;5567;x
kulanapan;sonoma_coast;2057;5590;x
tlokyhan;mendocino_cape;2053;5614;x
suisin;san_francisco_bay;2124;5522;x
sinkyone;mendocino_cape;2051;5629;x
mattole;lost_coast;2029;5659;x
jaroujiji;humboldty_bay;2037;5686;x
oohl;humboldty_bay;2041;5702;x
chidkhu;shleter_cove;2037;5758;x
tututni;nesika_beach;2028;5803;x
quuiich;coos_bay;2033;5854;x
yaquina;newport_cove;2042;5918;x
tillamook;tillamook_bay;2050;5990;x
chinook;chinook_bay;2062;6035;x
chehalis;grays_harbour;2046;6080;x
chala_at;grays_harbour;2035;6101;x
sklallam;fuca_strait;2067;6161;x
twana;kitsap_bay;2108;6146;x
makah;olympic_coast;2015;6156;x
puyallup;kitsap_bay;2121;6108;x
duwamish;kitsap_bay;2121;6138;x
snohomish;kitsap_bay;2107;6155;x
skagit;oyster_bay;2115;6183;x
nisqually;kitsap_bay;2115;6121;x
lhaq_temish;oyster_bay;2103;6210;x
whonnock;georgia_strait;2085;6236;x
squamish;georgia_strait;2083;6258;x
sechelt;haro_strait;2050;6270;x
sliammon;haro_strait;2022;6274;x
klahoose;haro_strait;2015;6307;x
homalco;haro_strait;2007;6340;x
chayrama;santa_maria_bay;4312;3957;x
yaharo;camarones_mouth;4336;3968;x
calamari;cartagena_bay;4254;3916;x
kamach;santa_maria_bay;4300;3949;x
necocli;darien_gulf;4196;3808;x
upper_sinu;morrosquillo_gulf;4219;3843;x
sinu;morrosquillo_gulf;4241;3866;x
ichitki;manaure_bay;4415;4020;x
suchiimma;cabimas_coast;4416;3975;x
marakaaya;cabimas_coast;4428;3945;x
perija;maracaibo_lake;4409;3887;x
jauregui;maracaibo_lake;4417;3870;x
yukpa;maracaibo_lake;4424;3855;x
coro;cosinetas_bay;4513;3978;x
paraguana;espada_point;4498;4018;x
tucanca;tucanca_coast;4574;3964;x
chama_venezuela;maracaibo_lake;4431;3845;x
arapuey;maracaibo_lake;4455;3860;x
cabimas;maracaibo_lake;4455;3890;x
capatarida;cabimas_coast;4447;3954;x
aragua;triste_gulf;4602;3924;x
caracas;caracas_coast;4672;3935;x
yaracuy;triste_gulf;4584;3932;x
nirgua;triste_gulf;4589;3927;x
cumanagoto;araya_point;4743;3904;x
cumana;araya_point;4776;3923;x
paraguachoa;margarita_island;4771;3958;x
turuepano;paria_gulf;4839;3912;x
araya;karu_pana_coast;4783;3936;x
karu_pana;galleons_passage;4866;3939;x
orinucu;araguapiche_point;4922;3869;x
tucupita;paria_gulf;4876;3887;x
iscuande;timbiqui_bay;4135;3492;x
narino;tumaco_bay;4113;3457;x
tumaco;tumaco_bay;4112;3443;x
micay;malaga_bay;4162;3524;x
timbiqui;timbiqui_bay;4150;3495;x
sonso;malaga_bay;4177;3569;x
baudo;tribuga_gulf;4168;3656;x
choco;docampado_coast;4169;3613;x
curiche;pinas_bay;4154;3733;x
guayana;grande_mouth;4951;3824;x
waini;guayana_coast;5005;3786;x
essequibo;essequibo_mouth;5031;3725;x
demerara;essequibo_mouth;5043;3723;x
berbice;demerara_coast;5090;3678;x
neekeari;demerara_coast;5093;3675;x
witagron;coppename_mouth;5146;3668;x
paramaribo;paramaribo_mouth;5181;3673;x
ndyuka;maroni_mouth;5232;3660;x
iaremappo;maroni_mouth;5244;3663;x
kourou;iaremappo_coast;5284;3640;x
cayenne;buzare_point;5307;3618;x
palikur;approuage_mouth;5340;3574;x
curumu;vieira_grande_bay;5382;3315;x
ananatuba;amazonas_mouth;5397;3342;x
anajas;vieira_grande_bay;5379;3288;x
arari;maguary_point;5464;3336;x
marajoara;maguary_point;5485;3318;x
pixipixi;furo_santa_maria;5388;3254;x
ariste;maraca_island;5382;3474;x
araguari;araguari_mouth;5418;3408;x
mazagao;santana_island;5346;3318;x
arua_amazon;amazonas_mouth;5380;3335;x
nheengaiba;santa_rosa_bay;5415;3366;x
mariocai;fura_dos_araiolos;5349;3275;x
oiampi;fura_dos_araiolos;5329;3282;x
wayampi;fura_dos_araiolos;5318;3270;x
paru;fura_dos_araiolos;5301;3264;x
anambe;marapata_bay;5434;3203;x
marapanim;maracana_bay;5530;3311;x
tupinamba;caete_bay;5577;3290;x
samauma;marajo_bay;5483;3263;x
mairi;marajo_bay;5487;3265;x
kaapor;turiacu_bay;5628;3253;x
kururupu;cuma_bay;5661;3229;x
tapuitapera;sao_marcos_bay;5659;3196;x
miritiba;sao_marcos_bay;5712;3213;x
upaon_acu;sao_marcos_bay;5679;3196;x
tapuios;preguicas_mouth;5778;3194;x
igaracu;parnaiba_delta;5795;3190;x
monxoro;mel_point;5998;3078;x
jenipaboacu;parnaiba_delta;5833;3190;x
tremembe;pedra_furada;5863;3193;x
payaku;pontal_point;5955;3122;x
pitaguari;praia_mansa;5942;3138;x
tapeba;praia_mansa;5922;3153;x
anace;almofala_coast;5908;3165;x
karapoto;mangue_point;6084;2841;x
yapuata;itamaraca_island;6100;2889;x
caxanga;cabedello_point;6106;2934;x
kaaysara;tourinhos_coast;6066;3069;x
potiguara;pititinga_coast;6090;3026;x
paraiba;negra_point;6101;2975;x
kariri;mundau_lagoon;6057;2806;x
arakaiu;sao_francisco_mouth;6025;2765;x
sauipe;salvador_cape;5970;2668;x
tupiniquim;mamoa_coast;5916;2554;x
jiribatuba;all_saints_bay;5930;2647;x
hahahae;jequitinhonha_delta;5916;2509;x
tamoio;guarau_island;5559;1997;x
cunhambebe;grande_island;5668;2068;x
iguape;guarau_island;5540;1976;x
cananeia;small_sea;5520;1961;x
gohayo;boi_point;5590;2017;x
sao_sebastiao;caraguatatuba_bay;5628;2033;x
aimore;guriri_coast;5881;2303;x
kiri_kere;mucuri_delta;5885;2330;x
coutins;guriri_coast;5882;2273;x
guaitaca;doce_delta;5864;2241;x
itapemirim;paraiba_delta;5834;2182;x
guarapiri;vitoria_bay;5848;2199;x
itaparica;vitoria_bay;5856;2215;x
guaitaka;paraiba_delta;5822;2151;x
mokaie;acu_lagoon;5796;2108;x
kapiwary;frio_cape;5784;2095;x
ararayu_aba;frio_cape;5780;2083;x
nheteroia;guanabara_bay;5729;2081;x
mage;guanabara_bay;5729;2085;x
y_uasu;guanabara_bay;5722;2081;x
goana_para;grande_island;5701;2067;x
ita_kua_y;grande_island;5685;2069;x
pataxo;coroa_alta_reef;5912;2425;x
nac_nanuk;jequitinhonha_delta;5922;2474;x
tapuy;coroa_alta_reef;5915;2446;x
jucuru;areia_reef;5908;2402;x
caravelas;areia_reef;5908;2374;x
vicosa;mucuri_delta;5893;2350;x
parnanguara;paranagua_bay;5486;1926;x
karai_yo;paranagua_bay;5472;1880;x
xokleng;grande_floripa_bay;5477;1843;x
kariio;grande_floripa_bay;5479;1821;x
apytere;santa_catarina_island;5477;1799;x
sambaqui;imarui_lagoon;5467;1758;x
iaguarauna;sombrio_lagoon;5441;1719;x
guancavilca;sumpa_point;4014;3234;x
manta;lorenzo_cape;4015;3273;x
guayaquil;huancavilca_gulf;4044;3205;x
yaguachi;huancavilca_gulf;4057;3214;x
puna;huancavilca_gulf;4049;3192;x
chacayacu;huancavilca_gulf;4059;3200;x
machala;huancavilca_gulf;4049;3169;x
caran;lorenzo_cape;4022;3297;x
jama;pasado_cape;4036;3338;x
atacames;atacames_cape;4047;3377;x
pailon;manglares_cape;4087;3407;x
tumbes;tumpi_coast;4009;3136;x
chira;paita_bay;3992;3085;x
nariguala;paita_bay;4000;3069;x
nunura;sec_hura_bay;4006;3027;x
xllang;aguja_point;4019;2999;x
pakatnamu;nampajic_coast;4044;2979;x
sana;nampajic_coast;4060;2959;x
farfan;malabriga_bay;4074;2926;x
chan_chan;salaverry_coast;4087;2903;x
chao;salaverry_coast;4104;2875;x
huacatambo;ferrol_bay;4116;2840;x
manchan;ferrol_bay;4121;2827;x
huarmey;huallmi_coast;4129;2807;x
paramonga;huallmi_coast;4134;2785;x
guamanmayo;salinas_point;4151;2753;x
chancay;salinas_point;4158;2730;x
chiprac;saint_lorenzo_island;4172;2709;x
collique;saint_lorenzo_island;4177;2700;x
rimaq;saint_lorenzo_island;4179;2686;x
ishma;huarco_coast;4191;2668;x
chilca;huarco_coast;4199;2653;x
huarco;huarco_coast;4207;2638;x
chinchay;huanu_islands;4222;2596;x
puka_tampu;huanu_islands;4218;2577;x
ica;tunga_coast;4234;2541;x
cahuachi;maracona_gulf;4265;2506;x
acari;yauca_coast;4289;2483;x
yauca;yauca_coast;4309;2470;x
atico;jihuay_coast;4352;2443;x
ucuna;hornillos_point;4359;2437;x
camana;hornillos_point;4371;2432;x
quilca;hornillos_point;4391;2422;x
tampo;coles_point;4413;2403;x
puquina;coles_point;4440;2383;x
chaucalana;sama_point;4459;2355;x
tacna;sama_point;4471;2343;x
arica;arica_bay;4489;2322;x
tarapaca;pisagua_point;4495;2255;x
iki_iki;chanavaya_bay;4496;2187;x
tocopilla;loa_mouth;4497;2133;x
antofagasta;moreno_point;4485;2034;x
paposo;cobre_coast;4477;1983;x
tatal;paposo_bay;4483;1933;x
chanaral;chanaral_bay;4473;1877;x
cobija;angamos_point;4484;2062;x
qupayapu;caldera_point;4461;1813;x
huasco;copiapo_bay;4450;1764;x
elki;elki_bay;4445;1668;x
limari;limari_mouth;4428;1603;x
millapel;conchali_bay;4432;1569;x
liwen;ligua_bay;4439;1519;x
isabela_island;elizabeth_bay;3535;3315;x
santiago_islands;tortuga_bay;3582;3305;x
santa_cruz_islands;bucaneer_bay;3565;3341;x
qillu_uta;curaimilla_point;4432;1482;x
meli_pillan;curaimilla_point;4429;1451;x
rangkawe;culebra_point;4426;1439;x
kolchawwe;culebra_point;4414;1402;x
kuruko;mataquito_mouth;4406;1371;x
mawlen;mataquito_mouth;4398;1353;x
cauquen;carranza_cape;4387;1316;x
uthan_uthatun;concepcion_bay_plata;4376;1285;x
puchacay;concepcion_bay_plata;4367;1259;x
lafkenmapu;arauco_bay;4351;1230;x
pikunwijimapu;coral_bay;4351;1063;x
caurakawin;mansa_bay;4334;1022;x
ancud;coronado_gulf;4331;943;x
quiquilhue;tongol_bay;4315;891;x
quellon;guaitecas_archipelago;4323;843;x
piren;ancud_gulf;4384;919;x
carijo;peixe_lagoon;5379;1590;x
piratinin;patos_lagoon;5322;1568;x
cangucu;patos_coast;5310;1517;x
chuy;mirim_lagoon;5278;1452;x
icabaqua;patos_lagoon;5343;1593;x
tapes;patos_lagoon;5374;1641;x
jacui;patos_lagoon;5359;1633;x
arroio;barros_lagoon;5414;1669;x
charrua;este_point;5162;1373;x
araicuahita;santa_maria_cape;5213;1374;x
arachan;polonio_cape;5240;1395;x
chana;uruguay_river;5035;1476;x
ituzaingo;la_plata_river_mouth;5030;1404;x
tuvicha_mini;brava_point;5091;1341;x
yaros;uruguay_river;5031;1445;x
carapachay;uruguay_river;5028;1453;x
ombu;artilleros_point;5075;1396;x
tandil;tandil_coast;5100;1223;x
tubicha_mini;samborombon_bay;5081;1312;x
pillahuinco;blanca_bay;4858;1128;x
kla_rome_ko;pampa_coast;5055;1157;x
cholle_cholle;anegada_bay;4866;1077;x
kububu;nuevo_gulf;4735;890;x
tulshun;san_matias_gulf;4736;930;x
balcheta;san_matias_gulf;4739;1009;x
shupaw_kulu;san_matias_gulf;4727;989;x
curu_leufvu;bermeja_point;4860;1014;x
masaks;lawal_lakwaia_bay;4724;97;x
nakenk;daua_nuk_cove;4620;148;x
hamenk;san_sebastian_bay;4612;155;x
wai;san_sebastian_bay;4573;192;x
hamhmam;admiralty_sound;4531;181;x
kolser;lomas_bay;4544;231;x
haiyuwel;felipe_bay;4499;212;x
puyu_huapi;puyuguapi_channel;4380;757;x
chain_chaitun;corcovado_gulf;4372;817;x
puel_co;ancud_gulf;4396;952;x
koy_aike;puyuguapi_channel;4375;712;x
achen;guamblin_island;4320;716;x
paine;nelson_strait;4388;285;x
juni_aiken;loyola_point;4545;302;x
camusu_aike;santa_cruz_river_mouth;4575;407;x
ciaike;lomas_bay;4542;260;x
horsh_aiken;otway_sound;4446;206;x
enoo;otway_sound;4427;236;x
lee;blanco_cape_plata;4692;545;x
corpen_aike;santa_cruz_river_mouth;4571;415;x
patagonia;san_julian_bay;4608;455;x
nehuen_mulfun;tres_puntas_cape;4658;613;x
katrawunletuayin;tombo_point;4701;751;x
fem_mapu;bustamante_bay;4617;676;x
tawokser;colcolo_bay;4324;212;x
jautok;fajokstai_channel;4338;554;x
jetarktetqal;concepcion_channel;4312;442;x
saelam;jungfrauen_island;4264;493;x
kcewite;jolawokstai_channel;4269;414;x
kelaelkces;ramirez_island;4266;314;x
malte;froward_pass;4441;141;x
caguatl;byron_island;4266;624;x
chuainisin;blossom_bay;4770;82;x
wakimaala;onashaga_channel;4585;82;x
utumaala;aguirre_bay;4640;62;x
yeskumaala;hermite_isle;4616;33;x
inalumaala;stokes_bay;4420;110;x
ilalumaala;cook_bay;4504;65;x
west_falkland;san_jose_island;4946;302;x
east_falkland;san_carlos_strait;4992;296;x
wardandi;deepdene_coast;12923;1423;x
gurbillup;flinders_bay;12949;1398;x
nannup;bunbury_coast;12954;1464;x
bibbulman;yeagarup_coast;12976;1368;x
mallee;great_australian_bight;13017;1359;x
pinjarup;perth_bay;12953;1492;x
mandjar;perth_bay;12959;1515;x
walyalup;perth_bay;12959;1529;x
minang;frenchman_bay;13074;1367;x
goreng;breaksea_shore;13112;1392;x
noongar;bremer_bay;13153;1426;x
wudjari;esperance_bay_australia;13243;1433;x
ngatjumay;toolina;13383;1496;x
balladonia;israelite_bay;13349;1481;x
bardok;bellinger;13324;1438;x
mandurah;two_rocks;12955;1565;x
kongal_marawar;wedge_shore_australia;12940;1598;x
djiralay;wedge_shore_australia;12929;1625;x
eneabba;green_head;12923;1664;x
nhanta;lucky_bay;12886;1779;x
daguda;kalbarri;12879;1821;x
tedei;shark_coast;12890;1889;x
thung_arra;geraldton_bay;12918;1714;x
buluguda;geraldton_bay;12907;1735;x
malkana;shark_coast;12884;1869;x
yinggarda;dorre_coast;12871;1940;x
maia;bernier_coast;12852;2012;x
baiyungu;coral_bay_australia;12868;2054;x
thalanyji;cape_range_coast;12870;2108;x
nhuwala;doole_coast;12917;2137;x
martuthunira;barrow;12966;2175;x
jaburrara;eaglehawk;13006;2208;x
ngarluma;depuch_coast;13045;2199;x
kariyarra;hedland;13073;2217;x
ngarla;keraudren;13133;2233;x
iparuka;bidyadanga;13195;2258;x
karajarri;minyirr;13233;2313;x
jukun;minyirr;13261;2349;x
ngumbari;dampier;13252;2372;x
jabirrjabirr;ardyaloon;13259;2404;x
bardi_australia;ardyaloon;13280;2420;x
nimanburu;derby_shore;13308;2388;x
warwa;derby_shore;13318;2395;x
unggarangi;derby_shore;13308;2433;x
umida;derby_shore;13329;2439;x
unggami;derby_shore;13361;2440;x
worora;augustus;13374;2503;x
wunambui;bigge;13401;2547;x
gamberre;south_timor_shore;13438;2566;x
miwa;faraway_bay;13477;2577;x
kwini;reveley_shore;13515;2542;x
yiiji;reveley_shore;13523;2525;x
kadjerong;joseph_bonaparte_gulf;13570;2508;x
jaminjung;joseph_bonaparte_gulf;13592;2525;x
nagor;joseph_bonaparte_gulf;13596;2542;x
marrithiyel;injin_coast;13597;2586;x
kuwena;daly_river_mouth;13621;2611;x
larrakia;beagle_gulf;13638;2645;x
tiwi;bathurst_shore;13616;2707;x
woolna;van_dieman_gulf;13699;2670;x
maung;minjilang_coast;13732;2716;x
konbudj;van_dieman_gulf;13718;2669;x
gunbalang;warruwi_shore;13786;2691;x
nakara;milingimbi_coast;13811;2681;x
nunggubuyu;milyakburra_coast;13877;2590;x
warnindilyakwa;umbakumba_coast;13915;2568;x
yolngu;yirrkala_coast;13912;2673;x
burara;galiwin_ku_shore;13866;2674;x
mara;numbulwar_shore;13854;2532;x
anula;numbulwar_shore;13877;2505;x
yanyuwa;pellew_islands_coast;13914;2467;x
manangoora;calvert_coast;13942;2457;x
gananggalinda;gangalidda_coast;13991;2420;x
gayardilt;karumba_coast;14033;2386;x
mingin_australia;karumba_coast;14055;2374;x
lardil;carpentaria_gulf;14042;2442;x
yadhaigana;wyborn_reef_coast;14178;2746;x
anggamudi;vrilya_point_shore;14159;2720;x
tjungundji;pennefather_river_coast;14154;2682;x
wuthathi;hannibal_reef_coast;14196;2695;x
anguthimri;aurukun_coast;14149;2652;x
awngthim;aurukun_coast;14140;2636;x
winda_winda;kirke_river_mouth;14130;2585;x
kuukyuyau;kay_reef_shore;14206;2666;x
uutaalnganu;throne_reef_shore;14222;2624;x
umpila;flinders_shore;14226;2595;x
kuukuyani;flinders_shore;14229;2575;x
kukatj;karumba_coast;14081;2369;x
kuthant;karumba_coast;14105;2394;x
koknar;duck_creek_shore;14120;2431;x
bakanh;pormpuraaw_shore;14134;2536;x
yir_yoront;pormpuraaw_shore;14136;2508;x
koko_bera;nassau_river_mouth;14128;2478;x
umbindhamu;flinders_shore;14232;2560;x
lamalama;flinders_shore;14238;2549;x
wujal_wujal;cape_tribulation_shore;14307;2468;x
guugu_yimidhirr;mcivor_river_mouth;14303;2505;x
mutumui;central_reef_coast;14276;2544;x
djabuganjdji;yarrabah_coast;14317;2425;x
yidinjdji;yarrabah_coast;14331;2405;x
djirbalgan;kurrimine_shore;14342;2366;x
wargamaygan;kurrimine_shore;14342;2331;x
nyawaygi;halifax_bay;14349;2300;x
bindal;burdekin_river_mouth;14392;2270;x
yuru;whitsunday_shore;14426;2245;x
giya;cumberland_coast;14459;2204;x
yuwi;freshwater_point_shore;14483;2169;x
guwinmal;herbert_creek;14518;2091;x
darumbal;yeppoon_coast;14553;2060;x
bayali;bustard_bay;14571;2022;x
gureng_gureng;yandaran_coast;14617;1976;x
badtjala;great_sandy_strait;14652;1928;x
gubbi_gubbi;weyba_shore;14659;1873;x
burrum;moreton_bay;14657;1826;x
turrbal;moreton_bay;14664;1809;x
bundjalung;byron_bay;14675;1709;x
quandamooka;gold_coast_australia;14678;1769;x
dainggatti;bellinger_river_mouth;14656;1612;x
biripi;hastings_shore;14648;1567;x
guringai;wallis_lake_shore;14632;1529;x
worimi;karuah_shore;14600;1491;x
gumbaynggirr;yuraigir_coast;14668;1672;x
dharug;karuah_shore;14587;1466;x
eora;botany_bay;14571;1431;x
tharawal;illawarra_coast;14557;1391;x
jerrinja;jervis_bay;14544;1349;x
didthul;batemans_bay;14527;1310;x
yuin;twofold_bay;14516;1252;x
krauatungalung;lake_tyers_shore;14426;1186;x
krowathunkkooloong;lake_tyers_shore;14464;1192;x
mallacoota;wallagaraugh_river_mouth;14508;1208;x
braiakalung;reeve_shore;14397;1162;x
brataulung;kent_group_shore;14349;1133;x
boon_wurrung;port_philip;14309;1150;x
karta_pintingga;west_kangaroo_coast;13955;1308;x
millewa;the_pages;14008;1330;x
ngarrindjeri;guichen_bay;14048;1238;x
buandig;riddoch_bay;14084;1182;x
gunditjmara;yambuk_coast;14139;1160;x
giraiwurung;milanesia_coast;14183;1149;x
gadubanud;milanesia_coast;14216;1131;x
geelong;port_philip;14266;1170;x
wathaurong;port_philip;14278;1181;x
east_palawa;south_furneaux_group;14437;1064;x
west_palawa;naracoopa_shore;14252;1071;x
peerapper;macquarie_heads_shore;14300;926;x
tommeginne;east_bass_strait;14347;984;x
tyerrernotepanner;sheaoak_coast;14380;995;x
pyemmairrener;yumbah_shore;14440;983;x
paredarerme;sunken_rock_bay;14408;879;x
toogee;matsuyker_shore;14333;852;x
narangga;south_spencer_gulf;13946;1368;x
kaurna_pangkarra;north_saint_vincent_gulf;13979;1404;x
tarntanya;south_saint_vincent_gulf;13991;1345;x
nukunu;north_spencer_gulf;13972;1475;x
kooapudna;north_spencer_gulf;13926;1438;x
barutadura;north_spencer_gulf;13963;1502;x
gnowoo;coffin_bay;13852;1393;x
nawu;venus_bay;13824;1464;x
kadu;smoky_bay;13797;1512;x
ceduna;smoky_bay;13773;1533;x
bookabie;fowles_bay;13732;1543;x
yalata;wahgunyah;13685;1559;x
wanbiri;nullabor;13623;1566;x
ngandatha;eucla_shore;13554;1556;x
ikala;nuytsland_shore;13507;1533;x
mirning;kanidal_coast;13436;1526;x
waitangi;islands_bay;15628;1341;x
tamaki;hauraki_gulf;15646;1270;x
whangarei;kaipara_harbour;15591;1313;x
aupouri;rangaunu_bay;15573;1357;x
manukau;manukao_harbour;15646;1237;x
whakatane;east_cape;15785;1203;x
hauraki;whangapoua_bay;15684;1263;x
tauranga;plenty_bay;15714;1201;x
te_tairawhiti;tokomaru_bay;15813;1186;x
wairoa;turanganui_bay;15789;1121;x
ahurei;norht_taranaki_bight;15642;1162;x
ngamotu;egmont_cape;15597;1102;x
patea;south_taranaki_bight;15625;1075;x
whanganui;south_taranaki_bight;15658;1054;x
wellington;te_taio_aorere_bay;15652;997;x
manawatu;south_taranaki_bight;15664;1040;x
heretaunga;hawke_bay;15744;1090;x
wairarapa;kekerengu_bank;15675;957;x
tararua;turnagain_cape;15727;1023;x
tauihu;te_taio_aorere_bay;15616;965;x
kahurangi;farewell_cape;15542;1020;x
kaikoura;kekerengu_bank;15594;903;x
whakatu;te_taio_aorere_bay;15576;978;x
timaru;caroline_bay;15488;780;x
puari;canterbury_bight;15540;818;x
rakaia;canterbury_bight;15516;801;x
kaiapoi;canterbury_bight;15557;853;x
akaroa;canterbury_bight;15551;813;x
otakou;caroline_bay;15443;672;x
rakiura;foveaux_strait;15340;615;x
kaitangata;foveaux_strait;15374;635;x
otepoti;caroline_bay;15469;719;x
waihopai;foveaux_strait;15360;635;x
motupohue;dusky_sound;15320;660;x
okarito;foulwind_cape;15437;856;x
taramakau;foulwind_cape;15466;882;x
mahitahi;okahu_bay;15409;831;x
mawhera;foulwind_cape;15505;949;x
rekohu;rekohu_coast;16039;810;x
motu_maha;motu_maha_coast;15257;363;x
kohala;hilo_bay;611;4467;x
kona;kealakio_bay;592;4428;x
ka_u;kaalualu_bay;624;4412;x
hilo;kumukahi_cape;642;4423;x
maui;maui_coast;584;4510;x
lahaina;keahole_point;566;4502;x
moloka_i;kahului_bay;548;4524;x
o_ahu;maalaea_bay;501;4532;x
kaua_i;makahuena_point;424;4567;x
kiritimati;kiritimati_coast;532;3450;x
tabuaeran;tabuaeran_coast;442;3563;x
tongareva;tongareva_coast;505;2854;x
nuku_hiva;ua_huka_coast;1314;2864;x
hiva_oa;mohotani_island;1364;2805;x
aitutaki_atoll;aitutaki_coast;419;2297;x
nga_pu_toru;atiu_coast;514;2242;x
rarotonga_atoll;ngatangiia_bay;419;2163;x
tahiti;taravao_bay;897;2368;x
havaii;huahine_coast;801;2420;x
manuae_atoll;manuae_coast_1;645;2434;x
mangareva;teauaone_coast;1553;2064;x
marutea;marutea_coast;1517;2151;x
acteon;matureivavao_coast;1481;2153;x
aopuni_atoll;fangataufa_coast_1;1368;2128;x
nukutavake;nukutavake_coast;1359;2277;x
haorangi_atoll;haorangi_coast;1284;2338;x
marokau_atoll;manuhangi_coast;1220;2345;x
takaroa_atoll;takaroa_coast;1093;2559;x
manihi_atoll;manihi_coast;1046;2561;x
makemo_atoll;makemo_coast;1147;2427;x
raroia_atoll;rekareka_coast;1213;2461;x
taenga_atoll;takume_coast;1178;2447;x
taunga_tauranga_atoll;marokau_coast;1181;2403;x
taungataki_atoll;taungataki_coast;1125;2441;x
tahanea_atoll;tahanea_coast;1099;2410;x
nganaa_nui_atoll;nganaa_nui_coast;1064;2381;x
faaite_atoll;taungataki_coast;1083;2425;x
motutunga_atoll;haraiki_coast;1123;2392;x
fakarava_atoll;faaite_coast;1072;2437;x
raraka_atoll;taungataki_coast;1093;2448;x
kauehi_atoll;taiaro_coast;1111;2479;x
aratika_atoll;kauehi_coast;1069;2494;x
toau_atoll;toau_coast;1039;2465;x
arutua_atoll;arutua_coast;1009;2496;x
kaukura_atoll;rangiroa_coast;1004;2479;x
apataki_atoll;apataki_coast;1037;2492;x
rangiroa_atoll;teoo_coast;975;2520;x
tikehau_atoll;tikehau_coast;941;2514;x
rapa_nui;rapa_nui_coast;2716;1827;x
funafuti_atoll;funafuti_coast_2;15846;2875;x
nukufetau_atoll;vaitupu_coast;15808;2911;x
uvea_atoll;uvea_coast_3;16055;2618;x
tongatapu;tongatapu_coast;16100;2168;x
haapai;tofua_island;16111;2253;x
vauvau;vavau_coast;16160;2314;x
niue;niue_coast;16345;2298;x
nukunonu_atoll;fakaofo_coast;16259;2845;x
savaii;mulinuu_cape;16219;2590;x
upolu;taputapu_cape;16260;2586;x
tutuila;fagasa_bay;16306;2561;x
mili_atoll;mili_coast;15521;3691;x
arno_atoll;arno_coast;15507;3742;x
majuro_atoll;aur_coast;15484;3743;x
aur_atoll;aur_coast;15474;3800;x
maloelap_atoll;wotje_coast_2;15465;3834;x
erikub_atoll;wotje_coast_1;15433;3853;x
wotje_atoll;wotje_coast_2;15421;3864;x
ailuk_atoll;taka_coast_1;15429;3920;x
taka_atoll;bikar_coast_1;15410;3967;x
likiep_atoll;likiep_coast;15383;3899;x
jaluit_atoll;jaluit_coast_2;15412;3685;x
ailinglaplap_atoll;aur_coast;15367;3761;x
namu_atoll;namu_coast_2;15342;3791;x
kwajalein_atoll;ailinginae_coast;15306;3864;x
ujae_atoll;lae_coast;15230;3854;x
bikini_atoll;bikini_coast_1;15216;3983;x
rongelap_atoll;rongelap_coast;15290;3981;x
rongerik_atoll;ailinginae_coast;15309;3972;x
enewetak_atoll;enewetak_coast;15078;3991;x
belau;namai_bay;13820;3761;x
woleai_atoll;faraulep_coast_2;14270;3757;x
ulithi_atoll;soliep_coast;14051;3896;x
yap;gagil_coast;13979;3869;x
guahan;pago_bay;14282;4087;x
saipan;noos_coast;14327;4184;x
chuuk;pulap_coast_2;14589;3752;x
satawan_atoll;moch_coast;14684;3653;x
poluwat_atoll;elgin_coast;14484;3748;x
pulusuk_atoll;elgin_coast;14483;3731;x
pohnpei;ant_coast;14899;3724;x
kosrae;kosrae_coast;15112;3641;x
butaritari_atoll;makin_coast;15558;3527;x
abaiang_atoll;abaiang_coast;15558;3449;x
tarawa_atoll;marakei_coast;15568;3431;x
maiana_atoll;aranauka_coast;15562;3395;x
abemama_atoll;abemama_coast;15609;3371;x
nonouti_atoll;autakena_spit;15629;3303;x
tabiteuea_atoll;beru_coast;15653;3274;x
onotoa_atoll;onotoa_coast;15680;3241;x
rotokas;laverdy_cape;14761;3022;x
bannoni;mono_island;14750;3003;x
naasioi;tolotapalo_point;14781;3004;x
tinputz;matchin_bay;14733;3044;x
mono;vella_gulf;14785;2963;x
buka;puputun_cape;14731;3072;x
makira;marou_bay;15037;2776;x
saa;indispensable_strait;15036;2819;x
kwaio;manawai_harbour;15019;2864;x
kwaraae;manawai_harbour;15013;2884;x
ghari;marasa_bay;14954;2832;x
isatabu;henslow_bay;14997;2802;x
kolombangara;treasury_islands;14815;2922;x
marovo;cape_pitt;14867;2879;x
roviana;kele_bay;14865;2908;x
vangunu;cape_pitt;14876;2872;x
cheke_holo;dai_island;14960;2898;x
vaghua;vella_gulf;14814;2972;x
carteret_atoll;laverdy_cape;14760;3083;x
mallum_atoll;ambitle_island;14726;3167;x
mu_ngava;mu_ngiki_coast_1;14986;2702;x
nendo;nendo_coast;15242;2763;x
vanikoro;vanikoro_coast;15284;2701;x
rendova;cape_pitt;14853;2875;x
nggela;iron_bottom_sound;14982;2844;x
valpei;nahoi_cape;15280;2532;x
akei;lasenuwei_bay;15289;2484;x
tamambo;selwyn_strait;15305;2480;x
sakao;queiros_cape;15298;2513;x
tolomako;remarkable_point;15275;2506;x
ambae;queiros_cape;15327;2499;x
maewo;lolvavana_passage;15347;2505;x
vanu_aroaroa;paama_island;15351;2465;x
malakula;lasenuwei_bay;15306;2453;x
ambrym;baneuv_point;15338;2444;x
efate;mele_bay;15349;2365;x
epi;emae_island;15365;2412;x
erromango;erasfion_point;15395;2306;x
tanna;loanatit_point;15393;2273;x
aneityum;anetchininbeke_point;15424;2229;x
vave;metoma_island;15276;2626;x
vanua_lava;metoma_island;15317;2590;x
gaua;mere_lava_island;15321;2560;x
kubuna;vatu_i_ra_channel;15817;2376;x
burebasaga;malolo_coast;15761;2344;x
yasawa;viwa_coast;15758;2403;x
kandavu;kandavu_passage;15804;2297;x
beqa_lagoon;kandavu_passage;15787;2328;x
ngau;koro_sea;15856;2351;x
taveuni;savusavu_bay;15887;2410;x
vanua_levu;cacau_levu_coast;15885;2458;x
fulaga_atoll;lua_ridge_2;15960;2283;x
moce_atoll;moce_coast;15956;2314;x
kabara_atoll;vatulele_coast;15927;2294;x
vanua_balavu_atoll;vanua_balavu_coast;15935;2402;x
qelelevu_atoll;qelelevu_coast;15912;2455;x
tiri;porwi_bay;15221;2143;x
paici;porwi_bay;15194;2167;x
ajie;porwi_bay;15205;2156;x
cemuhi;poudioue_coast;15199;2202;x
nyelayu;poudioue_coast;15178;2223;x
nengone;tiga_island;15338;2157;x
drehu;santal_bay;15297;2189;x
ouvea_atoll;rossel_cape;15262;2214;x
mamusi;thilenius_bay;14560;3015;x
lamogai;hollmann_cape;14483;3043;x
bola;stettin_bay;14547;3043;x
kaulong;luwas_bay;14517;3001;x
melamela;stettin_bay;14585;3077;x
mengen_papua;jacquinot_bay;14586;3042;x
kol_papua;wide_bay;14609;3065;x
baining;djaul_island;14608;3113;x
lavongai;botiangin_cape;14521;3207;x
mussau;holthusen_cape;14504;3270;x
manus;lou_island;14395;3230;x
tangga;cape_sena;14649;3130;x
kavieng;kapsu_point;14574;3191;x
kuot;djaul_island;14590;3173;x
patpatar;tabar_island;14619;3161;x
kandas;saint_george_channel;14639;3105;x
siar;siar_cape;14658;3101;x
kate;cretin_cape;14421;2990;x
awad_bing;vitiaz_strait;14373;3027;x
amaimon;astrolabe_bay;14328;3065;x
rawa_papua;astrolabe_bay;14326;3048;x
umboi;kulkul_island;14432;3035;x
arop;sakar_island;14388;3062;x
barem;karkar_island;14316;3096;x
aruamu;girgir_cape;14285;3118;x
karkar;karkar_island;14331;3090;x
angoram;vokeo_island;14255;3136;x
boiken;kairiru_island;14229;3152;x
bukiyip;kairiru_island;14202;3163;x
bukawa;huon_gulf;14401;2976;x
wampar;huon_gulf;14381;2975;x
iwal;huon_gulf;14386;2955;x
suki;purutu_island;14172;2893;x
bife;unji_point;14124;2842;x
wipi;bobo_island;14204;2846;x
bitur;purutu_island;14179;2888;x
agob;boigu_island;14172;2838;x
nambu;boigu_island;14145;2840;x
badhu;torres_strait;14164;2784;x
gogodala;purutu_island;14201;2888;x
bamu;purutu_island;14225;2906;x
namau;urama_island;14298;2916;x
kerewo;urama_island;14261;2923;x
toaripi;petoi_point;14337;2902;x
manubara;hood_bay;14437;2790;x
sinaugoro;ela_point;14404;2808;x
koiali;ela_point;14388;2825;x
waima;redscar_bay;14363;2861;x
nidula;fergusson_island;14534;2840;x
daga_papua;orangerie_bay;14490;2779;x
maiwa_papua;goodenough_bay;14507;2806;x
suau;doini_island;14533;2759;x
moratau;sewataitai_bay;14560;2821;x
duau;milne_bay;14573;2787;x
tagula;tubula_point;14669;2713;x
misima;rokia_point;14642;2765;x
kilivila;karakuba_point;14565;2885;x
muyua;kawaiapan_bay;14649;2851;x
yela;cape_siri;14708;2719;x
baruga;nelson_cape;14489;2851;x
orokaiva;dyke_ackland_bay;14440;2874;x
binandere;ward_hunt_cape;14427;2904;x
suena;huon_gulf;14400;2931;x
wamesa;bentuni_bay;13775;3224;x
sougb;mois_waar_island;13795;3256;x
hatam;dore_bay;13795;3286;x
meyah;bakaro_bay;13777;3307;x
arandai;wamonket_cape;13694;3247;x
abun;abun_coast;13723;3331;x
moi;dampier_strait;13665;3298;x
maden;bougainville_strait;13625;3303;x
irarutu;bentuni_bay;13778;3210;x
kaimana;kamrau_bay;13782;3146;x
buruwai;kamrau_bay;13765;3143;x
sumuri;bentuni_bay;13733;3195;x
baham;sebakor_bay;13738;3149;x
iresim;cenderawasih_bay;13859;3164;x
yaur;cenderawasih_bay;13829;3176;x
roon;mois_waar_island;13812;3200;x
yapen;yapen_strait;13896;3257;x
biak;biak_coast;13888;3297;x
gresi;kamdera_coast;14079;3213;x
kwerba;mamberano_mouth;13999;3251;x
kwesten;kwesten_coast;14012;3240;x
nisa;kurudu_strait;13938;3254;x
waropen;yapen_island;13912;3224;x
fas_papua;yos_sudarso_bay;14127;3198;x
olo;baudissan_point;14159;3179;x
awyi;yos_sudarso_bay;14097;3203;x
asmat;pulau_river;13975;3042;x
sempan;kamoro_coast;13951;3064;x
kamoro;kapara_mouth;13896;3089;x
yamur;luna_bay;13838;3107;x
kaweinag;digul_mouth;14002;2984;x
marlew;bulaka_mouth;14024;2898;x
yelmek;digul_mouth;14006;2947;x
kimaama;pulau_witau_island;13993;2885;x
riantana;propinsi_coast;13975;2933;x
ndom;salah_point;13959;2898;x
marind;bulaka_mouth;14051;2900;x
kanum;dumande_coast;14098;2854;x
bermuda;bermuda_island;4734;5162;x
st_helena;st_helena_coast_2;7424;2460;x
aarau;pp_nav_00971;8053;6118;x
abakasnk;pp_nav_00680;11852;6544;x
abingdon;pp_nav_00788;7633;6396;x
abrahamtelke;pp_nav_00969;8553;6102;x
abu_hamed;pp_nav_01910;9219;4410;x
abu_kemal;pp_nav_01398;9553;5303;x
acanti;pp_nav_01986;4184;3788;x
acham;pp_nav_01626;11391;4971;x
achan;pp_nav_00873;13915;6250;x
acholi;pp_nav_02052;9145;3549;x
acoroazes;pp_nav_02222;5773;2803;x
acroas;pp_nav_02197;5499;2888;x
adeqiu;pp_nav_01587;12202;4984;x
adixoodagoorahareesh;pp_nav_00945;2991;6154;x
adony;pp_nav_01001;8552;6083;x
aerzhai;pp_nav_01195;12579;5676;x
afikpo;pp_nav_02028;8053;3666;x
agaes;pp_nav_02308;5042;1873;x
agen;pp_nav_01124;7704;5910;x
agra;pp_nav_01709;11276;4852;x
agror;pp_nav_01393;11005;5303;x
ahe;pp_nav_02207;4758;2841;x
ahkwesasne;pp_nav_01103;4299;5957;x
ahkwesasne_ny;pp_nav_01103;4289;5953;x
ahrweiler;pp_nav_00835;8019;6320;x
ahsenisiipi;pp_nav_01177;3572;5731;x
aiwanj;pp_nav_01301;10777;5461;x
aizkraukle;pp_nav_00545;8834;6741;x
akbarpur;pp_nav_01727;11469;4828;x
akhmim;pp_nav_01715;9137;4834;x
akhsisek;pp_nav_01285;10670;5494;x
akinka_nup;pp_nav_00879;2370;6249;x
aklaviq;pp_nav_00028;1583;7624;x
aksay;pp_nav_00918;9657;6168;x
akwe;pp_nav_02209;5488;2832;x
akwen;pp_nav_02259;5638;2456;x
al_anbar;pp_nav_01429;9685;5226;x
al_bab;pp_nav_01318;9427;5407;x
al_madar;pp_nav_01493;9849;5116;x
al_qatr;pp_nav_01529;9822;5090;x
al_sinn;pp_nav_01363;9664;5350;x
alat;pp_nav_01225;10558;5602;x
alchan;pp_nav_00963;13818;6116;x
alessandria;pp_nav_01106;8090;5954;x
allakaket;pp_nav_00094;814;7425;x
allegheny;pp_nav_01197;4036;5673;x
alpo_wa;pp_nav_01022;2297;6053;x
amahami;pp_nav_00978;3076;6101;x
amalyk;pp_nav_00504;12993;6791;x
amaye;pp_nav_01423;3417;5248;x
amazar;pp_nav_00708;13238;6515;x
amstetten;pp_nav_00937;8375;6159;x
an_nil;pp_nav_01441;9735;5205;x
anais;pp_nav_02254;5665;2481;x
ancuase;pp_nav_02261;9249;2422;x
andaki;pp_nav_02072;4278;3361;x
andar;pp_nav_01759;11534;4796;x
andawaohie;pp_nav_01010;4426;6060;x
anding_mashan;pp_nav_01835;12619;4682;x
angermunde;pp_nav_00724;8334;6481;x
angers;pp_nav_00986;7657;6109;x
anhua_anhua;pp_nav_01642;12767;4941;x
anipitapiskow;pp_nav_00560;3346;6721;x
ankoro;pp_nav_02188;8919;2990;x
anlong;pp_nav_01798;12482;4742;x
anoixi;pp_nav_01375;3473;5332;x
anundsjo;pp_nav_00179;8489;7243;x
apalachee;pp_nav_01538;3821;5064;x
apiacas;pp_nav_02214;5122;2823;x
apiaka;pp_nav_02225;5035;2787;x
apoquitaua;pp_nav_02135;5048;3153;x
apure;pp_nav_02004;4653;3751;x
apyawa;pp_nav_02213;5408;2819;x
ar_rabb;pp_nav_01419;9639;5251;x
arangastakh;pp_nav_00198;13044;7215;x
arapgir;pp_nav_01249;9449;5560;x
araripocone;pp_nav_02266;5393;2299;x
araska;pp_nav_01277;10881;5485;x
arauca;pp_nav_02021;4540;3686;x
archar;pp_nav_01141;8736;5874;x
ardatov;pp_nav_00620;9602;6648;x
argaxtaax;pp_nav_00037;14706;7613;x
arguvan;pp_nav_01249;9437;5553;x
arkhan;pp_nav_01299;10824;5466;x
arnhem;pp_nav_00781;7952;6414;x
aro;pp_nav_01989;4751;3782;x
aroostook;pp_nav_01013;4606;6065;x
aror;pp_nav_01625;10891;4964;x
artyk_ata;pp_nav_01152;10770;5846;x
arua;pp_nav_02147;4841;3134;x
asadabad_kunar;pp_nav_01402;10903;5303;x
asanas;pp_nav_01114;10690;5928;x
ashmunayn;pp_nav_01651;9094;4910;x
aslan_horod;pp_nav_01014;9187;6061;x
asni;pp_nav_01735;11372;4804;x
assereniet;pp_nav_01240;3839;5580;x
asurini;pp_nav_02139;5429;3146;x
asyut;pp_nav_01694;9118;4859;x
atahachi;pp_nav_01463;3759;5177;x
atanari;pp_nav_02031;4610;3652;x
atbara;pp_nav_01927;9237;4331;x
atfalati;pp_nav_01095;2086;5952;x
atfih;pp_nav_01576;9115;5014;x
athabasca;pp_nav_00433;2616;6858;x
atishchevo;pp_nav_00605;9897;6684;x
atiya;pp_nav_01801;11780;4718;x
austria_baden;pp_nav_00941;8437;6160;x
auwe;pp_nav_02234;5382;2723;x
avignon;pp_nav_01134;7912;5891;x
awadh;pp_nav_01714;11445;4839;x
awajun;pp_nav_02168;4146;3096;x
awatixa;pp_nav_00967;3039;6120;x
awka_etiti;pp_nav_02028;8054;3658;x
ayays;pp_nav_01407;3507;5285;x
azamgarh;pp_nav_01727;11484;4821;x
azeevo;pp_nav_00638;9594;6614;x
azia;pp_nav_02029;7988;3649;x
baak;pp_nav_01929;3510;4334;x
bacs;pp_nav_01078;8556;5979;x
bada;pp_nav_01808;12460;4723;x
baden;pp_nav_00900;8061;6206;x
bagayevskaya;pp_nav_00982;9528;6102;x
baghdad;pp_nav_01425;9714;5228;x
bahraich;pp_nav_01683;11396;4885;x
baini;pp_nav_01678;12591;4882;x
baishan;pp_nav_01835;12620;4682;x
baja_hungary;pp_nav_01021;8551;6038;x
bakhtinsky;pp_nav_00253;11784;7119;x
balad;pp_nav_01316;9639;5433;x
balagachchy;pp_nav_00142;13294;7303;x
balagannakh;pp_nav_00321;13211;7042;x
balagansk;pp_nav_00666;12385;6579;x
balakovo;pp_nav_00773;9857;6417;x
baligram;pp_nav_01393;11004;5307;x
baling;pp_nav_01580;12844;5006;x
balyktykol;pp_nav_00833;11267;6330;x
bama;pp_nav_01820;12586;4696;x
ban_khon;pp_nav_01915;12318;4373;x
banaro;pp_nav_02162;14230;3116;x
banbury;pp_nav_00792;7621;6397;x
banda;pp_nav_01763;11368;4783;x
bangui;pp_nav_02055;8537;3521;x
baniachang;pp_nav_01813;11851;4725;x
banihal;pp_nav_01432;11111;5225;x
bankutu;pp_nav_02145;8564;3136;x
banua_lawas;pp_nav_02103;12922;3211;x
baode;pp_nav_01245;12745;5564;x
baodian;pp_nav_01821;12267;4697;x
baotong;pp_nav_01821;12266;4700;x
baqubah;pp_nav_01416;9713;5255;x
baran;pp_nav_01643;11254;4938;x
barayy;pp_nav_00177;13762;7234;x
barchkend;pp_nav_01114;10672;5938;x
barda;pp_nav_01211;9852;5653;x
bardak;pp_nav_00229;10759;7144;x
bares;pp_nav_02104;4910;3213;x
barito;pp_nav_02092;12919;3260;x
barnaul;pp_nav_00692;11444;6517;x
baronsk;pp_nav_00782;9829;6404;x
barpeta;pp_nav_01745;11829;4814;x
barqaid;pp_nav_01296;9615;5467;x
basel;pp_nav_00971;8042;6117;x
basti;pp_nav_01714;11450;4838;x
batang;pp_nav_01552;12201;5031;x
baurang;pp_nav_01612;12298;4971;x
bauzi;pp_nav_02106;13985;3208;x
baxian;pp_nav_01578;12540;5017;x
bayan_susu;pp_nav_01050;13497;6015;x
bayannur;pp_nav_01208;12558;5649;x
baykit;pp_nav_00274;12087;7093;x
bazas;pp_nav_01124;7693;5919;x
beaupreau;pp_nav_00990;7642;6105;x
becaguimec;pp_nav_01013;4611;6046;x
beisheng;pp_nav_01689;12264;4854;x
belgrad;pp_nav_01102;8619;5937;x
belin;pp_nav_01105;7673;5930;x
benfeld;pp_nav_00916;8041;6168;x
bengmara;pp_nav_01670;12023;4896;x
beni_suef;pp_nav_01599;9111;4992;x
bensheim;pp_nav_00872;8075;6262;x
berber;pp_nav_01917;9227;4372;x
berdsk;pp_nav_00660;11453;6599;x
berezhnovka;pp_nav_00841;9774;6300;x
beryozovo;pp_nav_00135;10693;7310;x
bettiah;pp_nav_01703;11531;4845;x
beya;pp_nav_00715;11862;6496;x
bhadohi;pp_nav_01771;11414;4773;x
bhagalpur;pp_nav_01786;11653;4759;x
bhakkar;pp_nav_01482;10920;5135;x
bhera;pp_nav_01464;10997;5176;x
bhimber;pp_nav_01438;11090;5203;x
bhind;pp_nav_01709;11286;4844;x
bidzhan;pp_nav_00924;13645;6163;x
bihar_sharif;pp_nav_01769;11597;4772;x
bihariganj;pp_nav_01776;11650;4771;x
bijni;pp_nav_01746;11814;4814;x
bikoro;pp_nav_02123;8471;3173;x
bilgram;pp_nav_01692;11333;4859;x
biobio;pp_nav_02372;4381;1221;x
bira;pp_nav_00939;13773;6159;x
birches;pp_nav_00104;682;7399;x
birecik;pp_nav_01292;9419;5477;x
birma;pp_nav_00832;13509;6335;x
bishan;pp_nav_01578;12537;5015;x
biswan;pp_nav_01683;11396;4879;x
bitki;pp_nav_00759;14080;6431;x
biysk;pp_nav_00755;11553;6446;x
blackwater;pp_nav_00131;2025;7321;x
boali;pp_nav_02048;8536;3579;x
bobaka;pp_nav_02098;8431;3232;x
bobangi;pp_nav_02098;8442;3246;x
bodaybo;pp_nav_00542;12950;6748;x
bodebyn;pp_nav_00080;8667;7467;x
bodrog;pp_nav_01045;8549;6002;x
boduna;pp_nav_01085;13375;5961;x
bogatye_saby;pp_nav_00562;10019;6714;x
bogra;pp_nav_01801;11770;4736;x
bohai;pp_nav_01288;13065;5473;x
bol_shaya_martynovka;pp_nav_00976;9588;6119;x
bolghar;pp_nav_00635;9943;6640;x
boli;pp_nav_00923;13832;6174;x
bolikham;pp_nav_01922;12415;4366;x
bolkhuny;pp_nav_00952;9795;6140;x
bolotnye;pp_nav_00546;11552;6740;x
boma;pp_nav_02091;8452;3267;x
bonanza;pp_nav_00155;1329;7272;x
bonn;pp_nav_00835;8013;6330;x
boowe;pp_nav_02080;8235;3341;x
bor;pp_nav_02016;9126;3692;x
bordeaux;pp_nav_01105;7665;5945;x
bordowa;pp_nav_01722;11893;4828;x
bororos;pp_nav_02270;5392;2248;x
bosobolo;pp_nav_02039;8608;3615;x
brahin;pp_nav_00807;9083;6370;x
braila;pp_nav_01083;8965;5974;x
branna;pp_nav_00080;8677;7461;x
braunau;pp_nav_00933;8283;6163;x
bruck_leitha;pp_nav_00946;8466;6156;x
buchu;pp_nav_01602;11979;4989;x
buda;pp_nav_00969;8558;6120;x
budaun;pp_nav_01674;11302;4899;x
buganda;pp_nav_02069;9195;3380;x
buiunda;pp_nav_00189;14634;7211;x
bulun;pp_nav_00184;13791;7232;x
bungu_kongo;pp_nav_02183;8291;3024;x
burg;pp_nav_00756;8223;6429;x
buriti;pp_nav_02259;5643;2463;x
busal;pp_nav_01467;11037;5167;x
busayrah;pp_nav_01360;9518;5352;x
busoga;pp_nav_02069;9196;3384;x
butalin;pp_nav_01869;12010;4598;x
buxar;pp_nav_01772;11498;4777;x
bydgoszcz;pp_nav_00706;8518;6498;x
bysyttakh;pp_nav_00176;13042;7234;x
byuteydyakh;pp_nav_00160;13143;7274;x
cabinda_kongo;pp_nav_02183;8278;3019;x
cachamay;pp_nav_02003;4828;3760;x
cahokia;pp_nav_01246;3587;5562;x
cairo;pp_nav_01559;9114;5039;x
caisaboscai;pp_nav_00758;4174;6435;x
calafat;pp_nav_01141;8735;5876;x
calbe;pp_nav_00778;8230;6416;x
callamaco;pp_nav_01394;3773;5306;x
calli;pp_nav_00629;9982;6656;x
calpista;pp_nav_01357;3528;5347;x
campo_mourao;pp_nav_02291;5319;2025;x
cangwu;pp_nav_01851;12754;4661;x
cangxi;pp_nav_01468;12510;5143;x
caniapiscau;pp_nav_00642;4511;6622;x
capotigamau;pp_nav_00846;4568;6301;x
captina;pp_nav_01202;4019;5656;x
carasova;pp_nav_01113;8671;5940;x
carmacks;pp_nav_00203;1453;7198;x
caroni;pp_nav_01985;4821;3784;x
casalmaggiore;pp_nav_01101;8176;5954;x
caspe;pp_nav_01184;7706;5718;x
catan_lil;pp_nav_02386;4504;1062;x
cayubaba;pp_nav_02245;4729;2641;x
cegani;pp_nav_01133;8949;5901;x
ceheng;pp_nav_01809;12521;4729;x
central_meetto;pp_nav_02237;9442;2717;x
cermik;pp_nav_01267;9477;5519;x
cernavoda;pp_nav_01122;8966;5909;x
chabcha;pp_nav_01337;12282;5399;x
chach;pp_nav_01187;10806;5703;x
chagu;pp_nav_01137;3166;5874;x
chalkyitsik;pp_nav_00067;1109;7491;x
chalninsky_pochinok;pp_nav_00597;10090;6693;x
chalten;pp_nav_02402;4433;406;x
chamcha;pp_nav_00313;12943;7050;x
chamo;pp_nav_02263;9293;2370;x
champasak;pp_nav_01952;12500;4193;x
chandpur_uttar_pradesh;pp_nav_01618;11247;4971;x
chandrabad;pp_nav_01818;11717;4708;x
chandrapur;pp_nav_01813;11865;4720;x
chandwar;pp_nav_01709;11273;4854;x
changan;pp_nav_01791;12666;4747;x
changning_changning;pp_nav_01630;12469;4963;x
changqing;pp_nav_01317;13001;5423;x
changsha;pp_nav_01646;12833;4919;x
changyuan;pp_nav_01373;12919;5339;x
channan_pir;pp_nav_01592;10963;5002;x
chapeco;pp_nav_02318;5309;1820;x
charaideo;pp_nav_01699;11986;4856;x
charang;pp_nav_00272;13546;7094;x
charquis;pp_nav_01303;3645;5462;x
chastye;pp_nav_00526;10184;6773;x
chatanugi;pp_nav_01368;3814;5344;x
chateaubriant;pp_nav_00986;7637;6108;x
chatuza;pp_nav_02186;4240;2997;x
chaudandi;pp_nav_01708;11654;4842;x
cheboksary;pp_nav_00577;9842;6708;x
chekmagush;pp_nav_00636;10217;6636;x
chekurovka;pp_nav_00003;13483;7891;x
chelmno;pp_nav_00706;8526;6508;x
chena;pp_nav_00120;976;7373;x
chenxi;pp_nav_01653;12711;4914;x
chepoussa;pp_nav_01270;3593;5511;x
cherdakly;pp_nav_00673;9907;6562;x
cherdyn;pp_nav_00358;10260;6985;x
cherkasy;pp_nav_00877;9150;6245;x
cherlak;pp_nav_00675;11099;6561;x
chernihiv;pp_nav_00807;9083;6378;x
cherven;pp_nav_01147;8862;5869;x
chesnokovka;pp_nav_00707;11505;6506;x
chestowee;pp_nav_01349;3830;5369;x
chiang_khan;pp_nav_01926;12335;4353;x
chiang_saen;pp_nav_01893;12254;4478;x
chibwe;pp_nav_01733;12161;4807;x
chicoutimi;pp_nav_00927;4463;6175;x
chikowa;pp_nav_02255;9165;2484;x
chilas;pp_nav_01361;11044;5362;x
chilia;pp_nav_01079;9033;5983;x
chillupar;pp_nav_01727;11479;4824;x
chinchaga;pp_nav_00575;2204;6706;x
chiniot;pp_nav_01483;11009;5134;x
chinon;pp_nav_00988;7694;6096;x
chiramba;pp_nav_02262;9275;2405;x
chiryapchi;pp_nav_00212;13610;7173;x
chishmy;pp_nav_00641;10237;6622;x
chishtian;pp_nav_01561;11028;5043;x
chistamikap;pp_nav_00770;4241;6420;x
chitina;pp_nav_00295;1102;7065;x
chitrakuta;pp_nav_01778;11391;4763;x
chittaloosa;pp_nav_01469;3542;5151;x
chivilco;pp_nav_02368;5007;1328;x
choele_choel;pp_nav_02387;4744;1061;x
chojna;pp_nav_00743;8348;6463;x
chom_khao_maneerat;pp_nav_01897;12271;4460;x
chongde;pp_nav_01533;13177;5066;x
chopim;pp_nav_02314;5253;1828;x
chornobyl;pp_nav_00819;9070;6364;x
chuapa;pp_nav_02131;8502;3160;x
chucalissa;pp_nav_01362;3588;5348;x
chudovo;pp_nav_00396;9132;6912;x
chymnaii;pp_nav_00233;13863;7146;x
chyormoz;pp_nav_00435;10253;6864;x
chyorny_yar;pp_nav_00930;9781;6166;x
ciechanow;pp_nav_00754;8613;6443;x
circle;pp_nav_00090;1148;7434;x
cizre;pp_nav_01296;9611;5472;x
coblenz;pp_nav_00849;8038;6309;x
coco;pp_nav_02208;5417;2841;x
cocorna;pp_nav_02017;4295;3692;x
coiracoentanon;pp_nav_01183;3543;5715;x
cokuurdaax;pp_nav_00004;14409;7797;x
coligua;pp_nav_01357;3533;5368;x
cologne;pp_nav_00820;8004;6355;x
connatachequa;pp_nav_01205;4187;5656;x
consha;pp_nav_01459;3683;5172;x
cootcla;pp_nav_01391;3704;5321;x
corabia;pp_nav_01145;8819;5872;x
coste;pp_nav_01343;3865;5384;x
cremona;pp_nav_01099;8147;5956;x
cruz_alta;pp_nav_02324;5197;1802;x
cuareim;pp_nav_02346;5057;1622;x
cukataw;pp_nav_00624;10009;6659;x
cumaribo;pp_nav_02032;4480;3649;x
curruhuinca;pp_nav_02394;4481;1024;x
curumanao;pp_nav_01972;4328;3837;x
cussate;pp_nav_01354;3681;5358;x
cuttaway;pp_nav_01310;3685;5438;x
czersk;pp_nav_00757;8656;6418;x
daban;pp_nav_00353;13095;6986;x
daboka;pp_nav_01747;11903;4812;x
dadandang;pp_nav_01671;12255;4895;x
daguwanalahi;pp_nav_01326;3743;5406;x
dajal;pp_nav_01572;10910;5014;x
daklha_gampo;pp_nav_01621;11921;4979;x
dalneye_konstantinovo;pp_nav_00578;9716;6703;x
damanhur;pp_nav_01499;9085;5100;x
dan_sai;pp_nav_01931;12313;4338;x
dangtu;pp_nav_01484;13083;5131;x
danilov;pp_nav_00483;9535;6826;x
daning;pp_nav_01311;12721;5419;x
dannenberg;pp_nav_00710;8188;6501;x
dantu;pp_nav_01475;13146;5156;x
danyang;pp_nav_01477;13132;5151;x
darbhanga;pp_nav_01755;11627;4787;x
darganata;pp_nav_01198;10525;5665;x
darmstadt;pp_nav_00869;8071;6272;x
dasu;pp_nav_01370;11023;5348;x
daya_kathyn;pp_nav_01212;10537;5630;x
dayao;pp_nav_01720;12301;4822;x
daye;pp_nav_01545;12930;5048;x
debrc;pp_nav_01120;8604;5931;x
dechang;pp_nav_01672;12333;4880;x
dehua_jiujiang;pp_nav_01581;12957;5025;x
deir_ez_zor;pp_nav_01360;9517;5351;x
dejiang;pp_nav_01638;12619;4933;x
deloy_chet;pp_nav_00264;425;7117;x
deloy_ges;pp_nav_00214;406;7174;x
den_terek;pp_nav_00799;11937;6387;x
densatil;pp_nav_01615;11894;4989;x
dep;pp_nav_00734;13501;6481;x
dera_ghazi_khan;pp_nav_01539;10913;5059;x
dera_ismail_khan;pp_nav_01465;10934;5164;x
derawar;pp_nav_01600;10909;4982;x
dergaon;pp_nav_01712;11960;4845;x
deskenetlata;pp_nav_00323;2569;7035;x
desnyanskyi_horodok;pp_nav_00826;9078;6328;x
dhading;pp_nav_01667;11538;4906;x
dhubri;pp_nav_01756;11784;4795;x
dibrugarh;pp_nav_01688;12003;4877;x
dina;pp_nav_01434;11048;5209;x
dingbian_shunning;pp_nav_01805;12266;4732;x
dinghu;pp_nav_01293;12730;5474;x
dingqiang;pp_nav_01334;12396;5397;x
dinkot;pp_nav_01442;10943;5198;x
dipalpur;pp_nav_01543;11057;5061;x
dipayal;pp_nav_01626;11380;4974;x
dizhai;pp_nav_01691;12555;4876;x
dluk;pp_nav_01306;9416;5454;x
doboj;pp_nav_01098;8518;5957;x
dobryanka;pp_nav_00412;10254;6878;x
dobrzyn;pp_nav_00738;8563;6461;x
dobyaz;pp_nav_00605;9910;6683;x
dongchuan;pp_nav_01697;12382;4834;x
donge;pp_nav_01327;12983;5405;x
donglan;pp_nav_01820;12586;4707;x
dongliu;pp_nav_01558;13012;5045;x
dongming;pp_nav_01373;12921;5339;x
dongping;pp_nav_01648;12748;4934;x
dongsheng;pp_nav_01209;12753;5649;x
donjek;pp_nav_00185;1349;7226;x
drastar;pp_nav_01136;8924;5896;x
duanxi;pp_nav_01860;12790;4635;x
dubbi;pp_nav_01681;10799;4881;x
dubovskoye;pp_nav_00960;9628;6130;x
ducheng;pp_nav_01856;12772;4639;x
dudinka;pp_nav_00023;11627;7647;x
duhok;pp_nav_01296;9623;5450;x
dukhovnitskoye;pp_nav_00750;9883;6444;x
dunga_bunga;pp_nav_01577;11003;5029;x
dura;pp_nav_01756;11778;4788;x
durjaya;pp_nav_01742;11870;4815;x
durlach;pp_nav_00900;8070;6218;x
dusseldorf;pp_nav_00820;8002;6362;x
duyang;pp_nav_01837;12598;4677;x
dymer;pp_nav_00826;9079;6344;x
dzerzhinskoye;pp_nav_00554;11960;6736;x
dzhuk;pp_nav_00744;14073;6456;x
dzingcho;pp_nav_01587;12201;4999;x
dzogang;pp_nav_01583;12133;5008;x
dzogon;pp_nav_01567;12290;5047;x
ed_damer;pp_nav_01939;9227;4306;x
edfu;pp_nav_01789;9187;4744;x
educhanka;pp_nav_00529;12316;6767;x
eexiwa;pp_nav_02267;5072;2291;x
eidsvoll;pp_nav_00347;8199;6990;x
ekwentondie;pp_nav_01020;4402;6051;x
el_bahnasa;pp_nav_01628;9095;4957;x
el_balyana;pp_nav_01715;9138;4830;x
el_burullus;pp_nav_01499;9076;5117;x
el_buwit;pp_nav_01676;9099;4882;x
el_mahalla;pp_nav_01499;9091;5092;x
el_metemma;pp_nav_01943;9213;4276;x
elcui;pp_nav_02378;4622;1112;x
eldikan;pp_nav_00314;13838;7037;x
elgyai;pp_nav_00197;13038;7197;x
emasulia;pp_nav_01255;3525;5555;x
eminabad;pp_nav_01456;11059;5176;x
enhe_hada;pp_nav_00701;13220;6509;x
enookwasaneenah;pp_nav_01142;3539;5871;x
enselxcin;pp_nav_00908;2315;6192;x
ensisheim;pp_nav_00943;8034;6150;x
erachimo;pp_nav_00072;11696;7479;x
escatawppa;pp_nav_01497;3685;5108;x
esk_el;pp_nav_00742;2115;6452;x
eskalapia;pp_nav_01253;3908;5554;x
esna;pp_nav_01766;9171;4772;x
esteriktyaax;pp_nav_00030;14269;7635;x
esztergom;pp_nav_00958;8547;6135;x
etawah;pp_nav_01721;11299;4829;x
ethapetha;pp_nav_01257;3942;5544;x
fanchang;pp_nav_01498;13068;5105;x
fancheng;pp_nav_01473;12788;5158;x
fanxian;pp_nav_01342;12954;5376;x
fashoda;pp_nav_01969;9128;3868;x
fatehabad;pp_nav_01512;11095;5101;x
fathabad;pp_nav_01839;11775;4675;x
fehervar;pp_nav_00969;8553;6104;x
fengcheng_fengcheng;pp_nav_01645;12961;4930;x
fengchuan;pp_nav_01856;12767;4649;x
fengdu;pp_nav_01549;12602;5039;x
fengle;pp_nav_01486;12810;5120;x
fengqiu;pp_nav_01373;12914;5328;x
ferrara;pp_nav_01108;8224;5947;x
ferrette;pp_nav_00971;8034;6121;x
ficarolo;pp_nav_01108;8212;5947;x
fiorenzuola;pp_nav_01099;8145;5957;x
firabr;pp_nav_01233;10587;5582;x
firozpur;pp_nav_01519;11078;5088;x
firuzabad_bahraich;pp_nav_01655;11388;4915;x
fisque_menuco;pp_nav_02374;4621;1118;x
flix;pp_nav_01184;7715;5710;x
ford_liard;pp_nav_00367;2026;6971;x
fort_simpson;pp_nav_00269;2143;7102;x
freiburg;pp_nav_00943;8037;6144;x
freienwalde;pp_nav_00724;8337;6471;x
fuchuan_ningxia;pp_nav_01315;12455;5427;x
fugu;pp_nav_01229;12751;5584;x
futi;pp_nav_00995;13684;6096;x
futian;pp_nav_01687;12928;4857;x
fuwa;pp_nav_01499;9084;5104;x
fuyang_hangzhou;pp_nav_01563;13151;5034;x
gabin;pp_nav_00748;8596;6446;x
galati;pp_nav_01083;8974;5981;x
gameleira;pp_nav_02233;5482;2742;x
gana_damate;pp_nav_02159;8589;3121;x
ganxian;pp_nav_01761;12928;4796;x
gaoming;pp_nav_01861;12830;4624;x
gaoyao;pp_nav_01861;12818;4638;x
gaoyuan_jinan;pp_nav_01297;13051;5466;x
gaur;pp_nav_01795;11695;4733;x
gengma;pp_nav_01842;12254;4670;x
gerger;pp_nav_01267;9474;5517;x
germersheim;pp_nav_00900;8068;6217;x
ghazipur;pp_nav_01772;11493;4774;x
ghotki;pp_nav_01652;10849;4925;x
giurgiu;pp_nav_01139;8879;5886;x
giza;pp_nav_01576;9114;5022;x
glaz;pp_nav_01100;8495;5958;x
glukharinyi;pp_nav_00116;14644;7377;x
gniew;pp_nav_00672;8548;6551;x
goalpara;pp_nav_01746;11804;4811;x
godagari;pp_nav_01818;11715;4710;x
golino;pp_nav_00414;9113;6876;x
goly_karamysh;pp_nav_00829;9779;6333;x
gomsi;pp_nav_01657;12034;4917;x
gonda;pp_nav_01705;11416;4850;x
gondokoro;pp_nav_02033;9134;3626;x
gongan;pp_nav_01560;12800;5045;x
gongkar;pp_nav_01609;11822;4993;x
gongshan;pp_nav_01654;12182;4913;x
gongxian;pp_nav_01390;12832;5321;x
gonjo;pp_nav_01505;12186;5094;x
gorkovskoye;pp_nav_00571;11094;6701;x
gorodets;pp_nav_00523;9661;6758;x
gorokhovets;pp_nav_00582;9649;6703;x
gostynin;pp_nav_00748;8585;6452;x
gradiski_brod;pp_nav_01086;8473;5963;x
grafenau;pp_nav_00910;8286;6199;x
grant_creek;pp_nav_00101;722;7409;x
grayling;pp_nav_00158;425;7262;x
griesbach;pp_nav_00920;8301;6179;x
gromatukha;pp_nav_00765;13536;6418;x
grudziadz;pp_nav_00686;8544;6522;x
gryfow;pp_nav_00694;8349;6502;x
guachoyo;pp_nav_01421;3540;5238;x
guajobos;pp_nav_02015;4629;3702;x
guana;pp_nav_02280;5052;2138;x
guancheng_zhengzhou;pp_nav_01383;12863;5326;x
guanghua;pp_nav_01458;12774;5174;x
guangji;pp_nav_01581;12956;5026;x
guanipa;pp_nav_01987;4770;3789;x
guaquire;pp_nav_01992;4615;3784;x
guarapuava;pp_nav_02307;5348;1890;x
guastalla;pp_nav_01101;8184;5954;x
gucheng;pp_nav_01458;12772;5172;x
guenoa;pp_nav_02359;5132;1503;x
guichi;pp_nav_01540;13029;5069;x
guide;pp_nav_01335;12310;5396;x
guiping;pp_nav_01852;12699;4655;x
guiyang_hengyang;pp_nav_01717;12801;4832;x
gujrat;pp_nav_01456;11067;5185;x
gunnaur;pp_nav_01663;11281;4913;x
gurupatuba;pp_nav_02100;5234;3238;x
gurupi;pp_nav_02229;5486;2762;x
gushan;pp_nav_01341;12347;5384;x
gutian;pp_nav_01734;13095;4824;x
guwahati;pp_nav_01745;11847;4813;x
guzhen;pp_nav_01443;13034;5210;x
gyor;pp_nav_00964;8498;6131;x
hacaritamas;pp_nav_01978;4335;3802;x
hachberg;pp_nav_00943;8035;6152;x
hahawakpa;pp_nav_01151;3537;5852;x
hajduszoboszlo;pp_nav_00955;8640;6124;x
hajipur;pp_nav_01754;11566;4794;x
hajner;pp_nav_01524;11130;5091;x
hajo;pp_nav_01745;11846;4814;x
hala;pp_nav_01752;10803;4788;x
halchidoma;pp_nav_01412;2480;5273;x
hamar;pp_nav_00347;8206;6998;x
hamburg;pp_nav_00696;8150;6517;x
hancheng;pp_nav_01355;12722;5361;x
hanchuan;pp_nav_01542;12866;5068;x
hanguang;pp_nav_01832;12847;4683;x
hanyang;pp_nav_01553;12884;5053;x
harburg;pp_nav_00696;8146;6517;x
harput;pp_nav_01262;9469;5534;x
harrow;pp_nav_00798;7666;6381;x
harsova;pp_nav_01122;8967;5926;x
hatchie;pp_nav_01347;3600;5375;x
havasubaaja;pp_nav_01332;2578;5399;x
hazarasp;pp_nav_01179;10472;5723;x
hebin;pp_nav_01207;12731;5655;x
hedong;pp_nav_01376;12710;5323;x
hehe;pp_nav_01245;12740;5547;x
hejiang;pp_nav_01622;12508;4966;x
hejin;pp_nav_01355;12726;5368;x
hengshan;pp_nav_01686;12830;4873;x
hengyang;pp_nav_01701;12818;4856;x
henley;pp_nav_00788;7638;6393;x
hequ;pp_nav_01229;12754;5593;x
hequ_wuding;pp_nav_01738;12340;4805;x
heves;pp_nav_00981;8621;6106;x
heyang_xian;pp_nav_01376;12714;5336;x
hezhou_he;pp_nav_01484;13081;5134;x
hillah;pp_nav_01470;9714;5151;x
hinthada;pp_nav_01934;12037;4326;x
hiw;pp_nav_01744;9158;4806;x
hkamti;pp_nav_01736;12062;4814;x
hmawbi;pp_nav_01940;12044;4309;x
hongsa;pp_nav_01899;12330;4457;x
horodyshche;pp_nav_00898;9199;6225;x
horoshino;pp_nav_00893;9183;6231;x
houguan;pp_nav_01734;13111;4811;x
hoveyzeh;pp_nav_01518;9854;5091;x
hpa_an;pp_nav_01941;12136;4296;x
htamanthi;pp_nav_01775;12021;4756;x
htigyaing;pp_nav_01831;12073;4681;x
huaihua;pp_nav_01675;12711;4889;x
huaining;pp_nav_01540;13021;5063;x
huaiyuan;pp_nav_01443;13023;5203;x
huangcaoba;pp_nav_01798;12474;4739;x
huanggang;pp_nav_01545;12919;5066;x
huanglong;pp_nav_01446;12720;5200;x
huangmei;pp_nav_01581;12959;5025;x
huangpi;pp_nav_01541;12900;5075;x
huarong;pp_nav_01585;12831;5017;x
huayin;pp_nav_01376;12709;5308;x
hucha_hudan;pp_nav_00200;1419;7214;x
huichuan_dechang;pp_nav_01738;12346;4815;x
huili;pp_nav_01697;12379;4843;x
huiqi;pp_nav_01832;12835;4670;x
hulawen;pp_nav_01060;13442;5997;x
hulin;pp_nav_01029;13785;6032;x
hum;pp_nav_02361;5092;1484;x
humati;pp_nav_01463;3748;5175;x
huolin;pp_nav_01073;13349;5985;x
huoqiu;pp_nav_01461;12987;5180;x
hurle;pp_nav_01026;13331;6034;x
hwalbay;pp_nav_01331;2495;5399;x
hymahi;pp_nav_01422;4019;5256;x
hytop;pp_nav_01394;3773;5308;x
iagodnoie;pp_nav_00230;14549;7159;x
ibicui;pp_nav_02336;5164;1686;x
ibirapuita;pp_nav_02337;5081;1668;x
ibotirama;pp_nav_02240;5718;2680;x
ibrahimabad;pp_nav_01683;11400;4862;x
ichera;pp_nav_00439;12663;6863;x
idah;pp_nav_02001;7995;3746;x
idrinskoye;pp_nav_00668;11856;6569;x
ilan_hala;pp_nav_01033;13578;6023;x
illecillewaet;pp_nav_00839;2317;6329;x
ilok;pp_nav_01078;8563;5969;x
ilovlya;pp_nav_00884;9680;6237;x
imaapik;pp_nav_00468;4704;6826;x
imakia;pp_nav_00739;11180;6465;x
inbatskoye;pp_nav_00132;11676;7315;x
indrapura_khmer;pp_nav_01961;12474;4002;x
ingapu;pp_nav_01934;12037;4340;x
inhandui;pp_nav_02334;5136;1699;x
inowroclaw;pp_nav_00729;8536;6484;x
inuviq;pp_nav_00013;1579;7707;x
ipholhhelhlhup;pp_nav_02296;5080;1956;x
ipire;pp_nav_01994;4698;3781;x
ipueira;pp_nav_02235;5720;2714;x
irakinda;pp_nav_00617;12968;6660;x
iranmranhre;pp_nav_02268;5376;2275;x
irkutsk;pp_nav_00746;12431;6445;x
irtysh;pp_nav_00306;10861;7053;x
isaccea;pp_nav_01083;8978;5975;x
isakhel;pp_nav_01442;10943;5200;x
ismail;pp_nav_01084;9015;5976;x
itapua;pp_nav_02317;5155;1814;x
itihumma;pp_nav_01528;3523;5084;x
itonama;pp_nav_02244;4759;2659;x
jabar;pp_nav_01333;9435;5387;x
jaguarari;pp_nav_02215;5823;2827;x
jaiba;pp_nav_02252;5682;2509;x
jaintiapur;pp_nav_01803;11891;4739;x
jalalpur_pirwala;pp_nav_01594;10925;5005;x
jalandhar;pp_nav_01524;11134;5092;x
jammu;pp_nav_01438;11093;5204;x
jangipur;pp_nav_01795;11696;4724;x
jansath;pp_nav_01590;11243;4998;x
jaskis;pp_nav_00302;9022;7060;x
jaunpur;pp_nav_01773;11478;4775;x
jean_marie_river;pp_nav_00258;2198;7113;x
jeguakava;pp_nav_02326;5156;1767;x
jekabpils;pp_nav_00553;8871;6732;x
jerichow;pp_nav_00740;8237;6458;x
jhang;pp_nav_01491;10981;5111;x
jhanjharpur;pp_nav_01732;11632;4815;x
jiajin;pp_nav_00903;13623;6205;x
jianchang_sichuan;pp_nav_01672;12335;4900;x
jiande;pp_nav_01579;13133;5006;x
jiangan;pp_nav_01630;12475;4960;x
jiangjin;pp_nav_01598;12527;4988;x
jiangling;pp_nav_01560;12801;5045;x
jiangning;pp_nav_01484;13088;5143;x
jiangxia;pp_nav_01541;12895;5069;x
jianli;pp_nav_01585;12833;5014;x
jiayu;pp_nav_01570;12877;5035;x
jiazhou;pp_nav_01264;12721;5522;x
jigansk;pp_nav_00066;13332;7497;x
jingling;pp_nav_01536;12824;5068;x
jinglong;pp_nav_01879;12294;4560;x
jinkang;pp_nav_01860;12794;4634;x
jinkou;pp_nav_01553;12886;5053;x
jinshajiang;pp_nav_01720;12297;4823;x
jintan;pp_nav_01477;13130;5145;x
jishi;pp_nav_01341;12346;5383;x
jishui;pp_nav_01687;12931;4873;x
jiyang;pp_nav_01309;13026;5449;x
jiyin;pp_nav_01356;12938;5357;x
jiyuan;pp_nav_01378;12794;5333;x
jizhou;pp_nav_01324;12720;5401;x
jomda;pp_nav_01505;12180;5109;x
jonang;pp_nav_01604;11707;4996;x
jongkong;pp_nav_02070;12801;3383;x
juancheng;pp_nav_01356;12944;5365;x
jujin;pp_nav_01695;12238;4861;x
julau;pp_nav_02062;12791;3465;x
juniata;pp_nav_01193;4188;5678;x
juque;pp_nav_01720;12315;4835;x
jurbarkas;pp_nav_00645;8735;6631;x
juris;pp_nav_02127;5026;3171;x
kaarendy;pp_nav_02300;5202;1915;x
kabachischi;pp_nav_00588;9873;6698;x
kabambare;pp_nav_02173;8917;3077;x
kagawask;pp_nav_00816;4011;6357;x
kaharlyk;pp_nav_00847;9093;6289;x
kahlur;pp_nav_01500;11185;5112;x
kahta;pp_nav_01280;9458;5494;x
kahwenoke;pp_nav_01103;4278;5950;x
kai_theli_ke_hot_inne;pp_nav_00399;2595;6914;x
kaibab;pp_nav_01313;2601;5429;x
kaifeng;pp_nav_01385;12899;5325;x
kaiguang;pp_nav_01264;12728;5532;x
kailali;pp_nav_01626;11386;4967;x
kaipeshimushich;pp_nav_00811;4153;6372;x
kakisa;pp_nav_00270;2298;7100;x
kal_gatana;pp_nav_00039;14684;7593;x
kalapuya;pp_nav_01095;2083;5937;x
kale;pp_nav_01854;11986;4643;x
kalispel;pp_nav_00929;2358;6162;x
kalmanka;pp_nav_00730;11499;6473;x
kalocsa;pp_nav_01021;8551;6052;x
kalpi;pp_nav_01741;11327;4807;x
kaltag;pp_nav_00130;463;7321;x
kaltysyany;pp_nav_00180;10654;7226;x
kamashikamach;pp_nav_00809;4180;6372;x
kamatapur;pp_nav_01756;11776;4787;x
kambeba;pp_nav_02143;4879;3134;x
kamen;pp_nav_00688;11411;6539;x
kamenka;pp_nav_00422;12093;6879;x
kamensk;pp_nav_00427;11900;6864;x
kamla;pp_nav_01668;11971;4904;x
kamyshnoye;pp_nav_00626;11019;6644;x
kamyskala;pp_nav_01114;10682;5934;x
kanaskipenaski;pp_nav_00541;3467;6734;x
kanauj;pp_nav_01692;11327;4867;x
kanawha;pp_nav_01243;3951;5565;x
kandiaro;pp_nav_01700;10784;4851;x
kangu;pp_nav_01322;12431;5406;x
kaniksu;pp_nav_00950;2414;6147;x
kanisianas;pp_nav_02249;4726;2570;x
kaniv;pp_nav_00865;9115;6279;x
kanna;pp_nav_01869;12011;4594;x
kansas;pp_nav_01235;3377;5584;x
kantit;pp_nav_01785;11440;4755;x
kapitukamach;pp_nav_00801;4249;6383;x
kapurthala;pp_nav_01512;11107;5102;x
kapuskaywak;pp_nav_00607;3077;6679;x
kara;pp_nav_01757;11395;4786;x
kara_shilka;pp_nav_00733;13111;6480;x
karaja;pp_nav_02224;5399;2792;x
karasor;pp_nav_00796;11226;6380;x
karau;pp_nav_02092;12919;3242;x
karcag;pp_nav_00981;8630;6116;x
karendo;pp_nav_02355;4926;1532;x
karnak;pp_nav_01152;10777;5841;x
karor;pp_nav_01504;10915;5095;x
karor_2;pp_nav_01504;10913;5099;x
karur_punjab;pp_nav_01592;10970;5007;x
kasakaupuyau;pp_nav_00521;4542;6772;x
kasekete;pp_nav_02257;9083;2481;x
kashmore;pp_nav_01652;10844;4925;x
kaskaskia;pp_nav_01258;3580;5541;x
kaskinampo;pp_nav_01330;3683;5390;x
kasur;pp_nav_01519;11078;5090;x
kasuswapaskau;pp_nav_00497;4482;6807;x
kath;pp_nav_01174;10444;5752;x
katha;pp_nav_01824;12081;4700;x
katihar;pp_nav_01780;11684;4761;x
katok;pp_nav_01505;12186;5108;x
katsina_ala;pp_nav_01996;8087;3775;x
kaxarari;pp_nav_02219;4710;2815;x
kaya_paha;pp_nav_01150;3171;5852;x
kayapo;pp_nav_02246;5711;2606;x
kaysun;pp_nav_01292;9423;5479;x
kazachinskoye;pp_nav_00509;11941;6789;x
kazan;pp_nav_00618;9925;6657;x
kazari;pp_nav_00665;9520;6590;x
kazhi;pp_nav_01567;12293;5026;x
keban;pp_nav_01249;9445;5558;x
keelivtyn;pp_nav_00105;15596;7397;x
kehek_aike;pp_nav_02406;4454;397;x
kehu;pp_nav_01264;12722;5518;x
kele;pp_nav_00171;13645;7254;x
kelif;pp_nav_01289;10702;5475;x
kengdey;pp_nav_00001;13496;7914;x
kengkham;pp_nav_01885;12184;4522;x
kerki;pp_nav_01285;10671;5492;x
kezhma;pp_nav_00405;12333;6913;x
khachimcher;pp_nav_00021;14313;7673;x
khagaria;pp_nav_01776;11650;4769;x
khairpur;pp_nav_01577;10984;5022;x
khakhaly;pp_nav_00578;9723;6701;x
khaliajuri;pp_nav_01807;11838;4720;x
khalis;pp_nav_01416;9712;5269;x
kham_bahar;pp_nav_01277;10885;5508;x
khampa;pp_nav_00142;13295;7302;x
khamra;pp_nav_00350;12863;6990;x
khamyab;pp_nav_01289;10703;5473;x
khanda;pp_nav_00251;13853;7122;x
khandyga;pp_nav_00204;13863;7197;x
khantayskoye;pp_nav_00040;11636;7567;x
kharak;pp_nav_01505;12192;5115;x
khargytyr;pp_nav_00015;14376;7705;x
kharibta;pp_nav_01531;9091;5077;x
khaspur;pp_nav_01804;11911;4735;x
khatas;pp_nav_00188;13600;7211;x
kheong;pp_nav_01612;12296;4972;x
khewra;pp_nav_01454;11022;5187;x
khimni;pp_nav_00804;12555;6365;x
khoai_chau;pp_nav_01887;12517;4499;x
kholmogory;pp_nav_00150;9581;7285;x
kholmyech;pp_nav_00783;9088;6407;x
kholongsolokh;pp_nav_00039;14682;7600;x
khoro;pp_nav_00156;13183;7280;x
khulm;pp_nav_01301;10775;5463;x
khushab;pp_nav_01464;10988;5171;x
khvorostyanka;pp_nav_00718;9909;6495;x
kichkas;pp_nav_00928;9289;6150;x
kikinda;pp_nav_01034;8606;6028;x
kikonteku;pp_nav_01010;4446;6065;x
kilmez;pp_nav_00524;9986;6768;x
kingston;pp_nav_00802;7678;6378;x
kinja;pp_nav_02068;4889;3388;x
kinozhesipi;pp_nav_01057;4188;6003;x
kipahigan;pp_nav_00621;3020;6664;x
kippawa;pp_nav_01009;4097;6059;x
kishim;pp_nav_01300;10848;5460;x
kishtwar;pp_nav_01435;11136;5220;x
kistapinan;pp_nav_00716;2919;6499;x
kitchawanc;pp_nav_01171;4323;5750;x
kittila;pp_nav_00060;8847;7511;x
kiwigapawa;pp_nav_01153;3547;5844;x
kizel;pp_nav_00378;10271;6946;x
kletskaya;pp_nav_00889;9651;6236;x
kleve;pp_nav_00781;7966;6406;x
klewi;pp_nav_00349;2593;6996;x
klutina;pp_nav_00271;1100;7098;x
klyuchi;pp_nav_00561;15022;6720;x
kodak;pp_nav_00921;9271;6180;x
kohat;pp_nav_01428;10959;5235;x
kohtali;pp_nav_01434;11046;5216;x
koksharov;pp_nav_00438;9892;6859;x
kol;pp_nav_01643;11263;4922;x
kolchugino;pp_nav_00615;11592;6668;x
kolomna;pp_nav_00647;9466;6632;x
kolosovka;pp_nav_00598;11079;6683;x
kolpashevo;pp_nav_00451;11483;6836;x
kolymskoie;pp_nav_00020;14909;7667;x
kom_ombo;pp_nav_01789;9189;4729;x
konch;pp_nav_01721;11303;4824;x
kongsvinger;pp_nav_00347;8203;6993;x
kongwei;pp_nav_01811;12202;4700;x
konski_vody;pp_nav_00956;9292;6130;x
konwargaon;pp_nav_01677;11981;4882;x
koostaaka;pp_nav_00947;2964;6149;x
koponovo;pp_nav_00659;9559;6593;x
korela;pp_nav_00302;9036;7050;x
koroa;pp_nav_01440;3571;5203;x
korra;pp_nav_01753;11344;4798;x
korsun;pp_nav_00870;9132;6256;x
kortuz;pp_nav_00631;11882;6639;x
kosi;pp_nav_01708;11651;4834;x
koskoak;pp_nav_00464;4537;6830;x
kot_addu;pp_nav_01539;10915;5057;x
kothagudem;pp_nav_01937;11394;4317;x
kotri;pp_nav_01774;10801;4759;x
kotto;pp_nav_02051;8711;3577;x
kovin;pp_nav_01115;8648;5933;x
kowal;pp_nav_00748;8576;6456;x
koyukuk;pp_nav_00117;526;7376;x
kozhevnikovo;pp_nav_00579;11508;6696;x
kozmodemyansk;pp_nav_00564;9814;6720;x
kracheh;pp_nav_01958;12518;4044;x
kraho;pp_nav_02204;5500;2863;x
krasnoyarsk;pp_nav_00572;11933;6705;x
krems;pp_nav_00937;8391;6166;x
kreuznach;pp_nav_00864;8051;6277;x
ksituan;pp_nav_00581;2281;6696;x
kuanhe;pp_nav_00791;13462;6384;x
kucevo;pp_nav_01121;8700;5920;x
kuchugur;pp_nav_00979;9268;6117;x
kufa;pp_nav_01470;9712;5152;x
kuje;pp_nav_01990;8060;3782;x
kulun_olbut;pp_nav_00048;14200;7530;x
kuna;pp_nav_02011;4187;3717;x
kunduz;pp_nav_01308;10792;5449;x
kungur;pp_nav_00492;10219;6798;x
kunovat;pp_nav_00112;10677;7385;x
kuozhou;pp_nav_01697;12374;4860;x
kurba;pp_nav_00482;9501;6821;x
kuripan;pp_nav_02117;12904;3189;x
kuruaya;pp_nav_02095;5316;3257;x
kurung;pp_nav_01668;11970;4903;x
kurung_yuryakh;pp_nav_00017;14333;7687;x
kushinagar;pp_nav_01684;11512;4869;x
kusu_mangbetu;pp_nav_02114;8870;3183;x
kutlehar;pp_nav_01502;11167;5115;x
kuttawa;pp_nav_01283;3677;5480;x
kuturga;pp_nav_00141;13482;7310;x
kuzmovka;pp_nav_00244;11854;7129;x
kwatsaan;pp_nav_01437;2473;5213;x
kwetabohigan;pp_nav_00828;3990;6338;x
kwidzyn;pp_nav_00686;8547;6534;x
kyakhta;pp_nav_00825;12546;6352;x
kyakhtinskii;pp_nav_00463;12869;6831;x
kyat_kala;pp_nav_01174;10443;5751;x
kyiv;pp_nav_00847;9082;6304;x
kyr_uzkand;pp_nav_01152;10762;5861;x
kystatyam;pp_nav_00053;13322;7522;x
kyyindy;pp_nav_02304;5059;1906;x
la_teste_de_buch;pp_nav_01105;7666;5935;x
la_tour_du_pin;pp_nav_01055;7924;6004;x
lado;pp_nav_02025;9137;3662;x
lagoa_vermelha;pp_nav_02318;5323;1812;x
lahasusu;pp_nav_00949;13743;6147;x
lahontan;pp_nav_01119;3469;5930;x
laibin;pp_nav_01840;12673;4673;x
laish;pp_nav_00635;9948;6645;x
lakhimpur;pp_nav_01677;11980;4881;x
lalek_cotaa;pp_nav_02358;4926;1496;x
lalian;pp_nav_01483;11013;5140;x
lalpur;pp_nav_01402;10912;5292;x
lamas;pp_nav_02189;4214;2970;x
lamayuru;pp_nav_01384;11160;5323;x
lambarene;pp_nav_02086;8146;3301;x
lamego;pp_nav_01186;7334;5708;x
lanagashec;pp_nav_02311;5032;1844;x
landau;pp_nav_00910;8286;6195;x
lango;pp_nav_02063;9163;3452;x
langqu;pp_nav_01689;12266;4864;x
langzhong;pp_nav_01489;12517;5126;x
lanxi;pp_nav_01614;13130;4991;x
lanzhou_lanzhou;pp_nav_01739;12204;4816;x
lapai;pp_nav_01975;7980;3826;x
lashio;pp_nav_01858;12175;4636;x
lauenburg;pp_nav_00696;8166;6513;x
lebus;pp_nav_00743;8352;6458;x
lebyazhye;pp_nav_00840;11299;6323;x
leibo;pp_nav_01644;12411;4932;x
lelbunmapu;pp_nav_02372;4380;1219;x
lemberan;pp_nav_01211;9851;5652;x
lengshuitan;pp_nav_01724;12773;4828;x
lensk;pp_nav_00317;12910;7041;x
lewekeomi;pp_nav_01263;3785;5529;x
lhagang;pp_nav_01596;12295;5001;x
lheidlit_en;pp_nav_00679;2103;6548;x
lho_taklung;pp_nav_01609;11811;4990;x
licheng;pp_nav_01309;13020;5437;x
lichiresti;pp_nav_01135;8919;5899;x
lichtenberg;pp_nav_00900;8059;6204;x
liling;pp_nav_01666;12843;4890;x
lingbao;pp_nav_01397;12735;5308;x
lingling;pp_nav_01740;12772;4818;x
lingwu;pp_nav_01266;12519;5510;x
lingzhou;pp_nav_01266;12526;5518;x
linhuai;pp_nav_01431;13065;5224;x
linjiang;pp_nav_01549;12609;5050;x
linjin;pp_nav_01355;12717;5349;x
linxi;pp_nav_01679;12202;4878;x
linxiang;pp_nav_01580;12854;5019;x
linz;pp_nav_00919;8321;6178;x
lipno;pp_nav_00738;8552;6474;x
liubech;pp_nav_00783;9085;6397;x
liucheng;pp_nav_01812;12666;4717;x
liujiang;pp_nav_01522;12563;5085;x
llenllenet_ten;pp_nav_00764;2117;6403;x
lodenoye_pole;pp_nav_00305;9220;7051;x
lodi;pp_nav_01097;8133;5959;x
lodose;pp_nav_00455;8244;6838;x
loei;pp_nav_01931;12316;4338;x
lokoja;pp_nav_01984;7998;3785;x
lom;pp_nav_01141;8753;5877;x
longping_pingle;pp_nav_01830;12740;4686;x
longquanping;pp_nav_01678;12603;4894;x
longyang;pp_nav_01624;12780;4974;x
longyou_jiading;pp_nav_01588;12414;5007;x
loudun;pp_nav_00988;7692;6095;x
louviers;pp_nav_00887;7740;6237;x
lower_aktanyshbash;pp_nav_00602;10145;6684;x
lower_angara;pp_nav_00409;12369;6882;x
lucheng;pp_nav_01809;12522;4728;x
luchow;pp_nav_00726;8210;6489;x
luchuan_mangshi;pp_nav_01845;12133;4674;x
lujiang;pp_nav_01781;12192;4751;x
lukou;pp_nav_01666;12840;4900;x
lukuga;pp_nav_02173;8919;3062;x
luling;pp_nav_01687;12925;4863;x
lumbini;pp_nav_01684;11510;4885;x
luneburg;pp_nav_00710;8173;6510;x
lungkya;pp_nav_01392;12270;5313;x
luocheng;pp_nav_01791;12659;4733;x
luodian;pp_nav_01788;12552;4754;x
luorong;pp_nav_01826;12680;4701;x
luquan;pp_nav_01738;12352;4818;x
lutang;pp_nav_01302;12440;5461;x
lutava;pp_nav_00807;9083;6367;x
luxi;pp_nav_01653;12706;4926;x
luzhou;pp_nav_01627;12492;4968;x
lyon;pp_nav_01055;7909;6007;x
lyskovo;pp_nav_00583;9753;6704;x
lyuban;pp_nav_00375;9144;6948;x
lyubichi;pp_nav_00647;9479;6622;x
maanaagi_iixodagish;pp_nav_00951;3019;6143;x
mabein;pp_nav_01838;12085;4669;x
mabila;pp_nav_01466;3724;5170;x
macaregua;pp_nav_01977;4331;3800;x
macha;pp_nav_00359;13061;6977;x
machang;pp_nav_01808;12470;4730;x
mackenzie;pp_nav_00071;1813;7479;x
macuxi;pp_nav_02057;4928;3503;x
madhubani;pp_nav_01755;11626;4794;x
madi_yuanling;pp_nav_01631;12736;4961;x
maganasipi;pp_nav_01030;4123;6039;x
magdeburg;pp_nav_00756;8220;6424;x
magway;pp_nav_01896;12013;4465;x
magyarovar;pp_nav_00946;8478;6145;x
mahoning_oh;pp_nav_01197;4022;5675;x
mahony;pp_nav_00108;2012;7396;x
mahu;pp_nav_01644;12418;4943;x
mailsi;pp_nav_01577;10999;5028;x
mainz;pp_nav_00864;8061;6281;x
maizinaazibi;pp_nav_01066;4216;5980;x
makanpur;pp_nav_01711;11345;4835;x
mako;pp_nav_01012;8610;6043;x
mala;pp_nav_01698;12321;4851;x
malatya;pp_nav_01262;9450;5540;x
malinithan;pp_nav_01688;12001;4880;x
malye_oserki;pp_nav_00163;9469;7261;x
malykovka;pp_nav_00773;9856;6420;x
mamachatpam;pp_nav_01031;2264;6031;x
mamadysh;pp_nav_00592;10033;6683;x
mamterilleq;pp_nav_00311;335;7057;x
manaos;pp_nav_02126;4968;3177;x
manatara;pp_nav_00991;3089;6104;x
manbij;pp_nav_01306;9421;5440;x
manfalut;pp_nav_01676;9099;4880;x
mangazeya;pp_nav_00042;11332;7576;x
manigotagan;pp_nav_00854;3351;6304;x
manikpur;pp_nav_01757;11391;4793;x
mankera;pp_nav_01494;10973;5115;x
manmaw;pp_nav_01806;12113;4714;x
mantova;pp_nav_01101;8186;5956;x
maping;pp_nav_01826;12679;4699;x
maracoa;pp_nav_02035;4601;3617;x
marapa;pp_nav_01039;3116;6010;x
mardan;pp_nav_01414;10965;5274;x
mardankuyik;pp_nav_01166;10797;5792;x
mariua;pp_nav_02090;4875;3277;x
markham;pp_nav_01552;12199;5028;x
marmande;pp_nav_01124;7700;5915;x
marxa;pp_nav_00324;13296;7039;x
maskanah;pp_nav_01333;9430;5388;x
maskwa;pp_nav_00855;3323;6290;x
massangano;pp_nav_02260;9229;2437;x
massanza;pp_nav_02255;9173;2485;x
matman;pp_nav_01878;12179;4556;x
matootonha;pp_nav_00998;3095;6078;x
matoueska;pp_nav_01066;4211;5982;x
mattawana;pp_nav_01193;4192;5688;x
mawkmai;pp_nav_01898;12157;4458;x
may_ushin;pp_nav_02198;4295;2892;x
mayaba;pp_nav_01976;4285;3798;x
mayen;pp_nav_00843;8026;6311;x
maymaga;pp_nav_00186;13589;7227;x
mayya;pp_nav_00257;13597;7121;x
mbaiki;pp_nav_02053;8536;3556;x
mbanza_soyo;pp_nav_02183;8277;3016;x
mbegua;pp_nav_02363;4946;1474;x
mechet;pp_nav_00905;9675;6201;x
meductic;pp_nav_01037;4621;6015;x
megion;pp_nav_00292;11127;7076;x
mehin;pp_nav_02194;5514;2919;x
mehsi;pp_nav_01728;11551;4820;x
meizhou;pp_nav_01555;12419;5037;x
melenki;pp_nav_00620;9602;6651;x
melk;pp_nav_00937;8385;6162;x
melnikovo;pp_nav_00520;11534;6775;x
mengban_weiyuan;pp_nav_01842;12251;4660;x
mengjin;pp_nav_01390;12825;5321;x
mengla;pp_nav_01879;12296;4553;x
mengli;pp_nav_01815;12861;4720;x
mengtong;pp_nav_01821;12263;4682;x
mengung;pp_nav_01607;12156;4975;x
mengxian;pp_nav_01390;12828;5321;x
menouf;pp_nav_01531;9093;5071;x
menzelinsk;pp_nav_00603;10117;6686;x
mepenes;pp_nav_02319;5055;1818;x
meshchersk;pp_nav_00574;9665;6710;x
meshra_er_req;pp_nav_01970;9080;3871;x
messoyakha;pp_nav_00042;11339;7575;x
metabetchouane;pp_nav_00886;4440;6209;x
metica;pp_nav_02046;4410;3589;x
mianchi;pp_nav_01378;12778;5331;x
miangu;pp_nav_01468;12504;5173;x
mihalt;pp_nav_01121;8705;5929;x
mikhalkino;pp_nav_00014;15030;7708;x
mikhaylovka_pontic;pp_nav_00977;9830;6114;x
mikkwa;pp_nav_00415;2485;6887;x
mindon;pp_nav_01914;12022;4386;x
mingin;pp_nav_01864;11996;4622;x
mingsha;pp_nav_01282;12507;5488;x
mingyi;pp_nav_01698;12323;4857;x
minqing;pp_nav_01734;13099;4818;x
minsin;pp_nav_01758;12041;4792;x
minxian;pp_nav_01751;13125;4801;x
minya;pp_nav_01651;9089;4926;x
mirandola;pp_nav_01101;8200;5954;x
miranha;pp_nav_02132;4752;3158;x
mirat;pp_nav_01618;11246;4969;x
misha_shipu;pp_nav_00714;4932;6503;x
miskolc;pp_nav_00955;8645;6132;x
mistanipi;pp_nav_00628;4551;6645;x
mistutikumak;pp_nav_00516;3259;6793;x
mithankot;pp_nav_01600;10909;4988;x
mitsogo_kongo;pp_nav_02080;8236;3340;x
moana_kassongo;pp_nav_02169;8905;3094;x
moana_mussumba;pp_nav_02179;8914;3022;x
moapa;pp_nav_01336;2467;5387;x
mobaye;pp_nav_02045;8636;3591;x
modos;pp_nav_01076;8614;5968;x
mohacs;pp_nav_01045;8546;6011;x
moksobo;pp_nav_01862;12059;4619;x
molchanovo;pp_nav_00476;11544;6831;x
molodo;pp_nav_00009;13336;7732;x
mompoj;pp_nav_01971;4298;3839;x
moneton;pp_nav_01254;3963;5543;x
mong_hpayak;pp_nav_01889;12261;4506;x
mong_hsat;pp_nav_01891;12249;4483;x
mong_yai;pp_nav_01865;12176;4614;x
mong_yawng;pp_nav_01879;12291;4542;x
monghsu;pp_nav_01878;12178;4555;x
monghyr;pp_nav_01779;11632;4763;x
mongkawng;pp_nav_01787;12110;4751;x
mongpai;pp_nav_01902;12135;4433;x
mongping;pp_nav_01885;12183;4514;x
mongtung;pp_nav_01898;12175;4464;x
monona;pp_nav_01168;3302;5789;x
monsol;pp_nav_02137;8413;3129;x
mopeia;pp_nav_02264;9310;2349;x
morkvash;pp_nav_00722;9940;6496;x
moro_sindh;pp_nav_01726;10785;4819;x
mosul;pp_nav_01321;9656;5407;x
motygino;pp_nav_00447;11995;6853;x
movima;pp_nav_02247;4718;2602;x
moxos;pp_nav_02251;4730;2537;x
muang_khemarat;pp_nav_01951;12488;4224;x
muang_mang;pp_nav_01951;12493;4220;x
muang_nakhon;pp_nav_01932;12442;4334;x
muang_phalan;pp_nav_01951;12488;4235;x
muang_sing;pp_nav_01879;12288;4537;x
muang_sua;pp_nav_01905;12331;4443;x
muang_xay;pp_nav_01899;12330;4459;x
muara_bahan;pp_nav_02117;12910;3192;x
muarakaman;pp_nav_02082;13004;3338;x
mucajai;pp_nav_02060;4913;3465;x
muchuan;pp_nav_01608;12431;4979;x
mughan;pp_nav_01220;9918;5622;x
muichi;pp_nav_02179;8916;3018;x
mukalombo;pp_nav_02188;8917;2975;x
mukdahan;pp_nav_01945;12462;4259;x
muktagacha;pp_nav_01777;11772;4749;x
muktsar;pp_nav_01543;11061;5063;x
mulhouse;pp_nav_00943;8033;6135;x
muli;pp_nav_01671;12259;4903;x
mullheim;pp_nav_00943;8034;6133;x
multan;pp_nav_01564;10936;5038;x
mundurukania;pp_nav_02138;5165;3142;x
munduruku;pp_nav_02128;4998;3168;x
murom;pp_nav_00620;9607;6663;x
muromtsevo;pp_nav_00551;11092;6729;x
murri;pp_nav_02005;4181;3749;x
muse;pp_nav_01841;12177;4671;x
mushikitee;pp_nav_00557;2351;6720;x
musi_hilir;pp_nav_02108;12469;3201;x
muskingum;pp_nav_01228;3984;5597;x
mussimi;pp_nav_02188;8916;3005;x
mutota;pp_nav_02257;9104;2477;x
myanaung;pp_nav_01918;12029;4363;x
myede;pp_nav_01901;12024;4431;x
myedu;pp_nav_01846;12060;4637;x
myitkyina;pp_nav_01770;12123;4765;x
mykytyn_rih;pp_nav_00974;9257;6120;x
nabagram;pp_nav_01793;11845;4744;x
nadi;pp_nav_01788;12560;4752;x
nadleht_en;pp_nav_00717;2110;6487;x
nagatinong;pp_nav_01077;4248;5982;x
nagavskaya;pp_nav_00942;9645;6143;x
nagina;pp_nav_01590;11244;5004;x
nahanni;pp_nav_00319;2069;7029;x
nakaigetergehe;pp_nav_02332;4978;1700;x
nakshaparvat;pp_nav_01710;11919;4843;x
nam_thing;pp_nav_01858;12180;4641;x
nam_xuang;pp_nav_01899;12345;4459;x
namhkan;pp_nav_01845;12120;4665;x
namling;pp_nav_01605;11748;4996;x
nanbu;pp_nav_01489;12521;5114;x
nanchang;pp_nav_01645;12965;4940;x
nanchong;pp_nav_01534;12521;5075;x
nanhai;pp_nav_01863;12834;4627;x
nanping;pp_nav_01719;13078;4832;x
nanxi;pp_nav_01630;12468;4965;x
nasacauso;pp_nav_00767;4277;6426;x
naser;pp_nav_01969;9130;3869;x
naserpur;pp_nav_01774;10802;4763;x
nashwaak;pp_nav_01052;4659;6017;x
nasiriyah;pp_nav_01501;9764;5108;x
natastan;pp_nav_00808;4276;6371;x
naupa_huen;pp_nav_02388;4508;1057;x
navidakh;pp_nav_01261;10626;5530;x
naxi;pp_nav_01627;12486;4961;x
nazimovo;pp_nav_00363;11821;6971;x
nazym;pp_nav_00220;10731;7168;x
nechi;pp_nav_01976;4288;3801;x
nedong;pp_nav_01615;11882;4991;x
negoot;pp_nav_01013;4607;6062;x
nelemney;pp_nav_00096;14601;7408;x
nemaha;pp_nav_01206;3339;5654;x
nemby;pp_nav_02299;5066;1931;x
nemptu;pp_nav_00892;13896;6225;x
nenlhet;pp_nav_02282;5054;2102;x
nerekhta;pp_nav_00489;9548;6820;x
neuss;pp_nav_00820;8001;6360;x
newenken;pp_nav_02376;4557;1105;x
ngabo;pp_nav_02105;8429;3200;x
ngasingu;pp_nav_01862;12058;4611;x
ngato;pp_nav_02105;8429;3202;x
ngoc_ma;pp_nav_01922;12427;4361;x
nguera;pp_nav_02134;8875;3140;x
nicalaax;pp_nav_00006;14403;7769;x
nichabau;pp_nav_01047;4177;6014;x
nijmegen;pp_nav_00781;7960;6412;x
nikolsky;pp_nav_00499;9942;6806;x
nikopol;pp_nav_01148;8838;5866;x
ningbian;pp_nav_01219;12762;5624;x
ningfan;pp_nav_01720;12305;4825;x
ningxia;pp_nav_01251;12540;5542;x
nioman;pp_nav_00871;13596;6256;x
nipissu;pp_nav_00721;4900;6487;x
nisga_a;pp_nav_00650;1846;6616;x
nishnabotna;pp_nav_01189;3326;5684;x
nistam;pp_nav_00805;4128;6373;x
niurba;pp_nav_00174;13070;7251;x
nixi;pp_nav_01647;12217;4922;x
nizhny_chir;pp_nav_00918;9662;6175;x
nizhny_novgorod;pp_nav_00563;9698;6719;x
nizhnyaya_toyma;pp_nav_00222;9737;7167;x
nlaka_pamux;pp_nav_00861;2158;6278;x
nnewi;pp_nav_02018;7996;3673;x
nochpeem;pp_nav_01178;4321;5728;x
nodaway;pp_nav_01224;3364;5615;x
nogoya;pp_nav_02353;4932;1548;x
nograd;pp_nav_00958;8563;6135;x
nogui;pp_nav_02183;8291;3023;x
nomatsigenga;pp_nav_02238;4321;2700;x
nonantola;pp_nav_01108;8206;5950;x
nong_bok;pp_nav_01938;12461;4294;x
nong_khay;pp_nav_01933;12362;4340;x
nongan;pp_nav_01111;13401;5943;x
nooksack;pp_nav_00896;2113;6223;x
north_buganda;pp_nav_02069;9194;3387;x
nottaway;pp_nav_00830;4134;6338;x
novgorod;pp_nav_00414;9115;6877;x
novosyolovo;pp_nav_00646;11845;6630;x
nowe;pp_nav_00686;8544;6532;x
ntiltxitk;pp_nav_00885;2337;6238;x
nuba_sud;pp_nav_01970;9080;3872;x
nudarcha;pp_nav_01230;3451;5594;x
numaniyyah;pp_nav_01450;9765;5184;x
nunu;pp_nav_02098;8438;3240;x
nuoluo;pp_nav_01006;13792;6065;x
nupeko;pp_nav_01975;7983;3817;x
nyachukha;pp_nav_01567;12292;5027;x
nyemo;pp_nav_01606;11796;4996;x
nytva;pp_nav_00474;10210;6831;x
nyuya;pp_nav_00318;12978;7037;x
nyzvar;pp_nav_01170;10421;5777;x
oahaha;pp_nav_01227;3550;5597;x
ob;pp_nav_00050;10804;7530;x
obidos;pp_nav_02097;5157;3242;x
obion;pp_nav_01319;3616;5419;x
ofaie;pp_nav_02278;5334;2181;x
offenburg;pp_nav_00916;8046;6182;x
ogoowe_kongo;pp_nav_02078;8188;3341;x
oheyandewa;pp_nav_01241;3825;5569;x
okaisipi;pp_nav_01077;4256;5986;x
okhannoye;pp_nav_00514;10203;6793;x
okladnikova_sloboda;pp_nav_00081;9707;7453;x
okobojo;pp_nav_01089;3118;5948;x
olekma;pp_nav_00329;13186;7013;x
oli_baraza;pp_nav_00548;9999;6741;x
ollo;pp_nav_00695;13299;6523;x
olonets;pp_nav_00305;9214;7050;x
omaha;pp_nav_01181;3322;5717;x
omdurman;pp_nav_01950;9172;4232;x
omoloon;pp_nav_00027;14918;7628;x
omsk;pp_nav_00613;11045;6669;x
one;pp_nav_01968;4284;3879;x
ongoulastoga;pp_nav_01374;3676;5326;x
onitsha;pp_nav_02018;7998;3685;x
opaskwayak;pp_nav_00683;3061;6550;x
oppenheim;pp_nav_00869;8070;6272;x
orange;pp_nav_01134;7907;5898;x
orasul_de_floci;pp_nav_01122;8966;5923;x
oreshek;pp_nav_00354;9089;6978;x
orlov;pp_nav_00438;9898;6860;x
orocue;pp_nav_02042;4438;3607;x
oromocto;pp_nav_01052;4667;6011;x
orotukan;pp_nav_00219;14556;7174;x
oryahovo;pp_nav_01144;8788;5868;x
osijek;pp_nav_01067;8534;5992;x
osinsky;pp_nav_00732;12411;6477;x
oskemen;pp_nav_00858;11430;6295;x
osterburg;pp_nav_00726;8217;6487;x
ostiglia;pp_nav_01101;8198;5955;x
ostrechiny;pp_nav_00296;9278;7074;x
otnabog;pp_nav_01058;4678;6001;x
otog;pp_nav_01232;12550;5566;x
otrar;pp_nav_01158;10792;5822;x
ouachita;pp_nav_01452;3495;5181;x
ouasioto;pp_nav_01257;3939;5539;x
outapimiskou;pp_nav_00940;4499;6164;x
oxford;pp_nav_00788;7632;6403;x
oyate_shisha;pp_nav_01161;3257;5821;x
oyuuhardaax;pp_nav_00037;14723;7613;x
ozanna;pp_nav_00352;1868;6990;x
ozoro;pp_nav_02029;7989;3655;x
paat;pp_nav_01700;10782;4852;x
pabna;pp_nav_01839;11765;4678;x
pacaha;pp_nav_01362;3587;5347;x
pacahuara;pp_nav_02241;4725;2674;x
pagashi;pp_nav_00780;3925;6410;x
pairindi;pp_nav_02350;4954;1575;x
pakokku;pp_nav_01873;12023;4559;x
pakpattan;pp_nav_01561;11029;5045;x
pakrac;pp_nav_01086;8468;5968;x
pali_uttar_pradesh;pp_nav_01674;11314;4888;x
palisema;pp_nav_01357;3532;5366;x
palmas;pp_nav_02307;5347;1889;x
palmeira;pp_nav_02314;5246;1826;x
pampahuaylla;pp_nav_02242;4321;2671;x
pancevo;pp_nav_01102;8616;5946;x
pandua_adina;pp_nav_01783;11689;4763;x
panemune;pp_nav_00645;8746;6631;x
pantagoras;pp_nav_02017;4302;3703;x
pantian;pp_nav_01844;12994;4678;x
papun;pp_nav_01912;12122;4377;x
para;pp_nav_02195;5450;2908;x
para_gaviao;pp_nav_02158;5438;3100;x
paranabuku;pp_nav_02211;5855;2841;x
paranaiba;pp_nav_02269;5366;2246;x
parepona;pp_nav_02009;4814;3725;x
parkateje;pp_nav_02176;5487;3062;x
parma;pp_nav_01099;8164;5948;x
pashino;pp_nav_00473;11995;6828;x
passau;pp_nav_00919;8306;6189;x
passavant;pp_nav_00986;7655;6108;x
passo_fundo;pp_nav_02318;5307;1819;x
patharkandi;pp_nav_01803;11900;4735;x
patna;pp_nav_01769;11580;4776;x
patom;pp_nav_00345;13030;6998;x
patos;pp_nav_02331;5326;1694;x
paungde;pp_nav_01918;12031;4362;x
pavia;pp_nav_01097;8125;5961;x
pavlovo;pp_nav_00582;9650;6694;x
pawir;pp_nav_02061;9136;3473;x
pawwikamsipi;pp_nav_01265;3683;5526;x
paxtang;pp_nav_01205;4188;5656;x
pecatonica;pp_nav_01172;3585;5753;x
pechora;pp_nav_00099;10294;7404;x
peewareewa;pp_nav_01190;3542;5682;x
peledui;pp_nav_00372;12816;6957;x
pelly_faro;pp_nav_00231;1501;7154;x
penaca;pp_nav_01159;3541;5818;x
pengshan;pp_nav_01555;12420;5050;x
pengze;pp_nav_01558;12999;5031;x
peoria;pp_nav_01210;3583;5648;x
pereiaslav;pp_nav_00870;9129;6263;x
perevitska;pp_nav_00647;9476;6622;x
peribonka;pp_nav_00886;4449;6246;x
peshawar;pp_nav_01414;10965;5272;x
pest;pp_nav_00969;8559;6119;x
petaigan;pp_nav_00699;2953;6512;x
petawawa;pp_nav_01042;4164;6020;x
petrovaradin;pp_nav_01102;8615;5945;x
phnom_penh;pp_nav_01962;12476;3981;x
phon_hong;pp_nav_01926;12335;4355;x
piacenza;pp_nav_01097;8129;5957;x
piachi;pp_nav_01466;3725;5169;x
piantouguan;pp_nav_01219;12764;5608;x
pikwitonei;pp_nav_00616;3281;6656;x
pilda;pp_nav_00777;14070;6403;x
pindi_bhattian;pp_nav_01467;11030;5160;x
pindi_gheb;pp_nav_01428;10956;5226;x
pingchuan;pp_nav_01672;12333;4886;x
pinglu;pp_nav_01389;12757;5320;x
pingnan;pp_nav_01853;12718;4659;x
pingyin;pp_nav_01327;12985;5406;x
pinya;pp_nav_01877;12053;4566;x
piran_i_kaliyar;pp_nav_01590;11246;5013;x
plenita;pp_nav_01126;8715;5914;x
plock;pp_nav_00748;8591;6450;x
pocasse;pp_nav_01040;3127;6001;x
pokiok;pp_nav_01037;4629;6014;x
pokrovsk;pp_nav_00790;9797;6392;x
pokrovskoye;pp_nav_00673;9909;6558;x
poligus;pp_nav_00249;12065;7121;x
pologoye_zaymishche;pp_nav_00935;9793;6167;x
ponkhockie;pp_nav_01171;4326;5771;x
pont_audemer;pp_nav_00883;7721;6244;x
poskatinak;pp_nav_00555;3394;6727;x
poughkeepsie;pp_nav_01171;4324;5759;x
pozega;pp_nav_01096;8495;5964;x
pravaya_khetta;pp_nav_00082;10991;7456;x
puan;pp_nav_01468;12503;5152;x
pubungu;pp_nav_02056;9120;3501;x
puqi;pp_nav_01580;12860;5024;x
pur;pp_nav_00061;11245;7504;x
purnia;pp_nav_01780;11672;4768;x
pustozersk;pp_nav_00045;10077;7537;x
putao;pp_nav_01693;12139;4866;x
putyatino;pp_nav_00659;9555;6584;x
puyang;pp_nav_01356;12938;5359;x
pyay;pp_nav_01914;12023;4385;x
pyras;pp_nav_00273;9810;7075;x
pyti;pp_nav_02180;5529;3026;x
q_espiea;pp_nav_00839;2321;6303;x
qadisiyyah;pp_nav_01490;9722;5126;x
qalyub;pp_nav_01559;9111;5042;x
qasba;pp_nav_01848;11806;4650;x
qashliq;pp_nav_00410;10812;6886;x
qayyarah;pp_nav_01340;9662;5379;x
qena;pp_nav_01744;9158;4808;x
qerri;pp_nav_01947;9184;4259;x
qianjiang;pp_nav_01536;12824;5067;x
qianwei;pp_nav_01608;12424;4986;x
qianyang_yuanzhou;pp_nav_01675;12704;4877;x
qiaojia;pp_nav_01697;12377;4853;x
qiaokou;pp_nav_01646;12833;4932;x
qidong;pp_nav_01297;13039;5459;x
qihe;pp_nav_01317;13003;5428;x
qingjian;pp_nav_01293;12723;5461;x
qingjiang;pp_nav_01645;12950;4922;x
qingshen;pp_nav_01555;12418;5026;x
qipcarpak;pp_nav_00246;487;7131;x
qishui;pp_nav_01545;12930;5055;x
qiyang;pp_nav_01724;12785;4832;x
qlispe;pp_nav_00936;2390;6163;x
qollaxalec;pp_nav_02323;5011;1790;x
qom_caia;pp_nav_02351;4939;1566;x
qompi;pp_nav_02327;5001;1755;x
qonirat;pp_nav_01157;10383;5826;x
qubodijon;pp_nav_01286;10807;5475;x
quigate;pp_nav_01381;3530;5317;x
quizquiz;pp_nav_01382;3577;5322;x
qujiang;pp_nav_01815;12860;4725;x
qujiang_guangan;pp_nav_01548;12549;5064;x
qus;pp_nav_01749;9182;4798;x
quyon;pp_nav_01057;4194;6008;x
radom;pp_nav_00784;8669;6392;x
ragh;pp_nav_01277;10890;5495;x
ragnit;pp_nav_00649;8703;6629;x
rahba;pp_nav_01377;9537;5326;x
rahon;pp_nav_01502;11174;5103;x
raikot;pp_nav_01524;11151;5092;x
rajamahendry;pp_nav_01942;11415;4282;x
rajanari;pp_nav_01708;11659;4853;x
rajmahal;pp_nav_01795;11694;4744;x
ramnagar_bihar;pp_nav_01684;11509;4875;x
rampa;pp_nav_01937;11406;4309;x
rampart;pp_nav_00088;848;7437;x
rampur_boalla;pp_nav_01827;11737;4693;x
ramsis;pp_nav_01527;9084;5088;x
rangpur_bengal;pp_nav_01777;11773;4767;x
ranibas;pp_nav_01708;11658;4855;x
ranikot;pp_nav_01752;10798;4795;x
raqqa;pp_nav_01346;9472;5386;x
rashid;pp_nav_01499;9077;5113;x
rastyapino;pp_nav_00549;9679;6729;x
rasyal;pp_nav_01432;11101;5221;x
rath;pp_nav_01753;11349;4795;x
reading;pp_nav_00788;7640;6384;x
rejaf;pp_nav_02043;9124;3586;x
rejang;pp_nav_02066;12834;3459;x
reka_tuba;pp_nav_00441;12363;6828;x
rekapalle;pp_nav_01937;11394;4318;x
reni;pp_nav_01087;9000;5970;x
ried;pp_nav_00933;8296;6167;x
rigyal;pp_nav_01586;12007;5006;x
rinpung_yarlung;pp_nav_01606;11784;4994;x
riverie;pp_nav_01074;7909;5986;x
rohat_kermen;pp_nav_01005;9222;6076;x
rohrbach;pp_nav_00919;8320;6181;x
rohri;pp_nav_01652;10834;4919;x
romanov;pp_nav_00482;9500;6826;x
romans;pp_nav_01074;7910;5963;x
rongcheng;pp_nav_01855;12754;4654;x
rongshan;pp_nav_01678;12582;4883;x
rongshui;pp_nav_01791;12665;4746;x
rouen;pp_nav_00887;7736;6240;x
rouyuan;pp_nav_01811;12198;4713;x
rovaniemi;pp_nav_00068;8827;7488;x
rovigo;pp_nav_01109;8247;5952;x
rovnoye;pp_nav_00829;9783;6333;x
rowta;pp_nav_01722;11889;4828;x
rozdory;pp_nav_00928;9291;6170;x
rudrapur;pp_nav_01743;11507;4814;x
ruhptare;pp_nav_00999;3100;6079;x
ruichang;pp_nav_01581;12954;5024;x
ruicheng;pp_nav_01397;12726;5308;x
ruse;pp_nav_01139;8880;5885;x
sabac;pp_nav_01110;8584;5947;x
sadiya;pp_nav_01665;12044;4909;x
sagu;pp_nav_01896;12011;4466;x
saharsa;pp_nav_01732;11637;4819;x
saik_uz;pp_nav_00691;2096;6512;x
sailahai;pp_nav_01392;12271;5314;x
saint_etienne;pp_nav_01074;7906;5980;x
sakawyiniw;pp_nav_00558;2561;6724;x
salair;pp_nav_00664;11674;6588;x
salcha;pp_nav_00126;1003;7338;x
saleesh;pp_nav_00966;2443;6119;x
salin;pp_nav_01888;12006;4490;x
samara;pp_nav_00722;9941;6494;x
samarchyk;pp_nav_00917;9284;6183;x
samarra;pp_nav_01405;9688;5282;x
sambhal;pp_nav_01618;11251;4952;x
sampheak_borak;pp_nav_01957;12517;4068;x
samsat;pp_nav_01280;9444;5484;x
samye;pp_nav_01611;11855;4992;x
sandan;pp_nav_01957;12516;4072;x
sandonnino;pp_nav_01099;8152;5953;x
sangamon;pp_nav_01210;3571;5636;x
sangar;pp_nav_00157;13525;7278;x
sangme;pp_nav_01647;12211;4935;x
sanshui;pp_nav_01861;12827;4635;x
santee;pp_nav_01422;4026;5244;x
santo_antonio;pp_nav_02302;5242;1918;x
sanyyakhtakh;pp_nav_00320;13352;7043;x
sao_leopoldo;pp_nav_02340;5339;1666;x
sarai_al_jadid;pp_nav_00913;9722;6182;x
sargadwari;pp_nav_01663;11284;4909;x
saskatchewan;pp_nav_00681;3011;6554;x
satapo;pp_nav_01343;3850;5377;x
satere_mawe;pp_nav_02156;5143;3113;x
saucunk;pp_nav_01199;4057;5671;x
saukiog;pp_nav_01176;4383;5750;x
saumur;pp_nav_00988;7681;6102;x
savannakhet;pp_nav_01945;12460;4265;x
savar;pp_nav_01825;11775;4692;x
saw;pp_nav_01882;12008;4522;x
sawran;pp_nav_01152;10769;5850;x
sayniabuli;pp_nav_01908;12326;4415;x
scharding;pp_nav_00920;8307;6183;x
scheibbs;pp_nav_00937;8378;6158;x
scqescilni;pp_nav_00953;2300;6136;x
scw_exmx;pp_nav_00837;2142;6322;x
sebit;pp_nav_01331;2495;5400;x
segyan_kyuyol;pp_nav_00161;13584;7268;x
sehwan;pp_nav_01726;10781;4828;x
selenge;pp_nav_00769;12577;6424;x
selimbau;pp_nav_02070;12791;3381;x
selo_yartsevo;pp_nav_00310;11788;7035;x
selpils;pp_nav_00553;8862;6737;x
semikarakorsk;pp_nav_00975;9557;6118;x
sepauk;pp_nav_02074;12755;3352;x
severin;pp_nav_01126;8727;5923;x
seyat;pp_nav_00147;13263;7302;x
seymchan;pp_nav_00208;14605;7190;x
shabash;pp_nav_00034;14787;7618;x
shadodkot;pp_nav_01681;10796;4881;x
shaharpara;pp_nav_01813;11857;4727;x
shahjadpur;pp_nav_01801;11779;4721;x
shakhty;pp_nav_00982;9529;6106;x
shambe;pp_nav_02008;9104;3726;x
shamokin;pp_nav_01193;4189;5673;x
shangjin;pp_nav_01446;12702;5203;x
shangjing;pp_nav_01049;13473;6017;x
shangyuan;pp_nav_01484;13090;5148;x
shankargah;pp_nav_01785;11428;4760;x
shanxian;pp_nav_01389;12757;5319;x
shar;pp_nav_00866;11459;6272;x
shar_yelpuk;pp_nav_01552;12197;5050;x
sharuna;pp_nav_01599;9107;4979;x
shawanoe;pp_nav_01320;3708;5418;x
shayang;pp_nav_01536;12817;5077;x
shchuchya;pp_nav_00054;10748;7529;x
shemkhiya;pp_nav_01910;9219;4404;x
shemonayevskoye;pp_nav_00852;11364;6305;x
shendi;pp_nav_01943;9214;4275;x
shenmu;pp_nav_01245;12738;5549;x
sherwan;pp_nav_01410;11002;5278;x
shichah;pp_nav_01128;3123;5909;x
shidian;pp_nav_01811;12200;4717;x
shigatse;pp_nav_01604;11725;4996;x
shigony;pp_nav_00718;9912;6498;x
shilou;pp_nav_01293;12724;5460;x
shilovo;pp_nav_00669;9545;6577;x
shimbay;pp_nav_01157;10385;5825;x
shipai;pp_nav_01506;12814;5094;x
shiqian;pp_nav_01678;12600;4890;x
shish;pp_nav_00522;11061;6780;x
shishou;pp_nav_01575;12813;5021;x
shizhu;pp_nav_01549;12615;5057;x
shorkot;pp_nav_01513;10968;5084;x
shouchun;pp_nav_01453;13005;5188;x
shouzhang;pp_nav_01342;12969;5388;x
shuangliu;pp_nav_01555;12418;5057;x
shuitejiang;pp_nav_01678;12604;4896;x
shungopavi;pp_nav_01304;2623;5453;x
shunning;pp_nav_01792;12239;4730;x
shuntaneshnanga;pp_nav_01217;3361;5628;x
shuryshkar;pp_nav_00073;10669;7470;x
shushenskoye;pp_nav_00715;11863;6495;x
shwegu;pp_nav_01824;12087;4703;x
sialkot;pp_nav_01456;11072;5187;x
siang;pp_nav_01632;12017;4952;x
siberia_abalak;pp_nav_00459;10874;6842;x
siberia_bor;pp_nav_00277;11770;7088;x
siegburg;pp_nav_00835;8020;6327;x
sienzhou;pp_nav_01837;12600;4671;x
sihui;pp_nav_01861;12825;4640;x
siimitalik;pp_nav_00468;4708;6817;x
siklos;pp_nav_01063;8533;6000;x
silat;pp_nav_02070;12782;3369;x
silkari;pp_nav_00704;13156;6516;x
sillanwali;pp_nav_01491;10983;5118;x
simbirsk;pp_nav_00663;9899;6591;x
simiti;pp_nav_01991;4327;3769;x
simmern;pp_nav_00864;8051;6278;x
sintang;pp_nav_02073;12770;3359;x
sirhind;pp_nav_01525;11172;5091;x
siri_do;pp_nav_01912;12125;4393;x
sirnak;pp_nav_01296;9616;5468;x
sitpur;pp_nav_01572;10912;5018;x
siverek;pp_nav_01280;9461;5495;x
sivrice;pp_nav_01267;9476;5526;x
siya;pp_nav_00159;9600;7259;x
ski;pp_nav_00366;8200;6969;x
skitsetsen;pp_nav_00838;2201;6328;x
sletewsi;pp_nav_00904;2345;6202;x
smederevo;pp_nav_01115;8639;5930;x
snt_t_ulix;pp_nav_00925;2307;6154;x
soba;pp_nav_01950;9172;4221;x
sobat;pp_nav_01970;9097;3869;x
sochaczew;pp_nav_00754;8624;6444;x
sodankyla;pp_nav_00060;8859;7519;x
sogra;pp_nav_00205;9679;7191;x
sohra;pp_nav_01793;11856;4748;x
solatunum;pp_nav_00179;8479;7243;x
solikamsk;pp_nav_00358;10267;6974;x
solingen;pp_nav_00820;8005;6357;x
solothurn;pp_nav_00971;8040;6115;x
solovtsovo;pp_nav_00735;9900;6477;x
solt;pp_nav_01001;8553;6074;x
soltsy_kirishi;pp_nav_00375;9143;6934;x
sonda;pp_nav_01800;10792;4738;x
songzi;pp_nav_01554;12777;5057;x
soscumica;pp_nav_00842;4152;6308;x
sosnovy_ostrov;pp_nav_00750;9880;6438;x
spithota;pp_nav_01328;3724;5407;x
srebrenik;pp_nav_01107;8543;5950;x
sreepur;pp_nav_01827;11743;4689;x
sremska_mitrovica;pp_nav_01092;8591;5965;x
st_at_imcets;pp_nav_00794;2124;6376;x
stade;pp_nav_00696;8140;6522;x
staraya_ladoga;pp_nav_00375;9150;6958;x
staraya_mayna;pp_nav_00648;9917;6608;x
staraya_ryazan;pp_nav_00665;9523;6580;x
staraya_zima;pp_nav_00666;12390;6598;x
starodub_votsky;pp_nav_00599;9623;6686;x
stata_ketux;pp_nav_00948;2240;6148;x
stavropol_na_volge;pp_nav_00684;9919;6529;x
stendal;pp_nav_00740;8236;6460;x
stepanevka;pp_nav_00918;9668;6181;x
stettin;pp_nav_00694;8356;6517;x
stezyca;pp_nav_00784;8670;6393;x
sto_lo;pp_nav_00880;2155;6238;x
strasbourg;pp_nav_00916;8045;6186;x
stswecen_c;pp_nav_00764;2122;6417;x
stung_treng;pp_nav_01957;12514;4081;x
suamprabon;pp_nav_01718;12141;4833;x
suide;pp_nav_01293;12728;5473;x
suidong;pp_nav_01691;12565;4878;x
suket;pp_nav_01500;11196;5111;x
sukkur;pp_nav_01673;10829;4902;x
sulomay;pp_nav_00332;11795;7017;x
sumgut_vosh;pp_nav_00164;10670;7256;x
suntar;pp_nav_00223;13050;7165;x
suq_al_shuyukh;pp_nav_01529;9819;5089;x
surgut;pp_nav_00283;11019;7089;x
suruc;pp_nav_01306;9422;5443;x
susitna;pp_nav_00242;856;7145;x
susong;pp_nav_01558;12996;5030;x
sutara;pp_nav_00909;13637;6186;x
sutkent;pp_nav_01173;10792;5758;x
suzhou;pp_nav_01641;12328;4945;x
sviyazhsk;pp_nav_00618;9924;6657;x
swarakxen;pp_nav_00874;2312;6246;x
swiecie;pp_nav_00706;8530;6513;x
syagannaax;pp_nav_00032;14227;7620;x
sylgy_ytar;pp_nav_00034;14780;7619;x
sylhet;pp_nav_01793;11857;4747;x
szabolcs;pp_nav_00955;8650;6138;x
szeged;pp_nav_01012;8608;6057;x
szolnok;pp_nav_00997;8609;6085;x
ta_shwe_htan;pp_nav_01841;12179;4671;x
tacshic;pp_nav_02304;5058;1904;x
tada;pp_nav_01973;7954;3830;x
tahna;pp_nav_01651;9095;4917;x
taihe_taihe;pp_nav_01707;12923;4848;x
taixing;pp_nav_01471;13149;5165;x
taizhou_jurchen;pp_nav_01008;13320;6067;x
takawng;pp_nav_01838;12083;4670;x
takhir;pp_nav_00844;11330;6311;x
taksimo;pp_nav_00556;12958;6728;x
takspaslama;pp_nav_01056;2214;5998;x
takuru_puku;pp_nav_02298;5211;1945;x
takutu;pp_nav_02057;4926;3496;x
tala_kyuyel;pp_nav_00074;14557;7469;x
talaha;pp_nav_01008;13320;6069;x
taliepacana;pp_nav_01448;3685;5192;x
talok;pp_nav_01876;12032;4542;x
tam_dai;pp_nav_01884;12492;4530;x
tamalameque;pp_nav_01972;4325;3843;x
tamaroa;pp_nav_01250;3559;5553;x
tamu;pp_nav_01834;11993;4676;x
tanabi;pp_nav_02275;5354;2217;x
tanahun;pp_nav_01667;11536;4908;x
tanana;pp_nav_00100;778;7410;x
tangir;pp_nav_01361;11036;5363;x
tangkya;pp_nav_01505;12184;5099;x
tanico;pp_nav_01367;3433;5356;x
tanjin;pp_nav_01853;12731;4654;x
tansen;pp_nav_01667;11523;4897;x
taoyuan;pp_nav_01624;12767;4972;x
tapajo;pp_nav_02111;5084;3206;x
tapirape;pp_nav_02228;5390;2769;x
taposa;pp_nav_01399;3562;5293;x
taquara;pp_nav_02309;5369;1880;x
taquarucu;pp_nav_02281;5307;2123;x
tara;pp_nav_00534;11084;6758;x
tarascon;pp_nav_01134;7908;5884;x
tarrana;pp_nav_01531;9093;5065;x
tarung;pp_nav_01725;12078;4834;x
taseyevo;pp_nav_00466;11939;6821;x
taungdwingyi;pp_nav_01901;12022;4451;x
tavan;pp_nav_01005;9222;6077;x
tayaccasa;pp_nav_02242;4319;2673;x
tayan;pp_nav_02076;12696;3338;x
tayxlama;pp_nav_01062;2195;5997;x
tboung_khmum;pp_nav_01960;12500;4025;x
tchakashapug;pp_nav_00815;3863;6366;x
tchitogama;pp_nav_00886;4445;6227;x
tczew;pp_nav_00672;8546;6560;x
teliagarhi;pp_nav_01780;11678;4763;x
tengapani;pp_nav_01665;12055;4905;x
teocak;pp_nav_01107;8557;5943;x
terbyas;pp_nav_00152;13205;7293;x
tereshka;pp_nav_00782;9826;6403;x
termez;pp_nav_01295;10744;5473;x
tete;pp_nav_02256;9202;2471;x
tethul;pp_nav_00360;2613;6969;x
tetyushi;pp_nav_00648;9916;6618;x
tezpur;pp_nav_01710;11918;4844;x
thai_binh;pp_nav_01887;12521;4492;x
thakhek;pp_nav_01932;12442;4336;x
thalisain;pp_nav_01590;11251;5019;x
thang_long;pp_nav_01884;12501;4523;x
tharrawaddy;pp_nav_01934;12037;4332;x
that_phanom;pp_nav_01945;12459;4278;x
thatta;pp_nav_01800;10789;4736;x
thaungdut;pp_nav_01817;12003;4702;x
thawe;pp_nav_01703;11530;4843;x
thilane_hot_ine;pp_nav_00528;2616;6758;x
thoulakhom;pp_nav_01924;12390;4362;x
thuan_binh;pp_nav_01949;12476;4239;x
tikrit;pp_nav_01380;9675;5319;x
tilsit;pp_nav_00649;8694;6631;x
timbu;pp_nav_02365;4983;1457;x
tinnaya;pp_nav_00330;13014;7021;x
tiou;pp_nav_01426;3578;5231;x
tirkong;pp_nav_01632;12010;4965;x
tis_reka;pp_nav_00346;11817;6994;x
tit_ary;pp_nav_00291;13479;7079;x
titel;pp_nav_01076;8610;5977;x
tobolsk;pp_nav_00450;10789;6840;x
tocantis;pp_nav_02177;5510;3057;x
tohome;pp_nav_01472;3710;5153;x
tolna;pp_nav_01021;8550;6040;x
tomakivka;pp_nav_00956;9289;6127;x
tombigbee;pp_nav_01480;3679;5137;x
tomtor;pp_nav_00236;13606;7147;x
tongan_lijiang;pp_nav_01685;12249;4871;x
tongle;pp_nav_01809;12524;4731;x
tongling;pp_nav_01514;13051;5093;x
tonglu;pp_nav_01579;13139;5021;x
tongzhou;pp_nav_01376;12709;5322;x
toniato;pp_nav_01112;4257;5938;x
tormosin;pp_nav_00942;9647;6152;x
tortona;pp_nav_01106;8092;5953;x
torun;pp_nav_00729;8530;6487;x
toulnustouc;pp_nav_00868;4569;6260;x
tournon;pp_nav_01074;7908;5967;x
towosaghy;pp_nav_01298;3619;5460;x
trogstad;pp_nav_00366;8198;6965;x
troitsko_pechorsk;pp_nav_00194;10251;7212;x
tsa_tinne;pp_nav_00570;2168;6714;x
tsangdram;pp_nav_01605;11762;4996;x
tsay_iona;pp_nav_00377;1952;6950;x
tsiripa;pp_nav_02320;5112;1815;x
tsivilsk;pp_nav_00588;9872;6699;x
tu_nedhe;pp_nav_00309;2541;7053;x
tucho;pp_nav_00276;2357;7079;x
tuktoyukiuq;pp_nav_00018;1581;7688;x
tukulan;pp_nav_00172;13710;7252;x
tukuringra;pp_nav_00689;13480;6533;x
tulguur;pp_nav_00970;13720;6120;x
tulita;pp_nav_00125;2007;7348;x
tulsa;pp_nav_01353;3353;5373;x
tuma;pp_nav_00652;9561;6617;x
tumatumari;pp_nav_02027;5016;3645;x
tumul;pp_nav_00294;13853;7065;x
tunica;pp_nav_01451;3542;5182;x
tupinambarana;pp_nav_02115;5091;3195;x
tupulicus;pp_nav_02110;5187;3214;x
turama;pp_nav_00300;12092;7073;x
turas;pp_nav_02150;4999;3124;x
turnu_magurele;pp_nav_01145;8828;5873;x
turtas;pp_nav_00368;10845;6965;x
turu;pp_nav_00134;12244;7327;x
turukhansk;pp_nav_00089;11696;7428;x
tutrakan;pp_nav_01136;8906;5892;x
tuyandina;pp_nav_00024;14297;7649;x
tuzdysor;pp_nav_00752;11191;6434;x
twante;pp_nav_01940;12045;4294;x
tyagacho;pp_nav_00355;1844;6987;x
tynda;pp_nav_00689;13470;6520;x
tyokhtyur;pp_nav_00255;13575;7111;x
tywhapita;pp_nav_01268;3761;5515;x
uatuma;pp_nav_02109;5063;3207;x
uberaba;pp_nav_02272;5430;2240;x
udamik;pp_nav_00206;13837;7201;x
udamphur;pp_nav_01432;11110;5222;x
ufa;pp_nav_00641;10234;6630;x
ugbodu;pp_nav_02018;7996;3693;x
uinkaret;pp_nav_01325;2597;5406;x
ukbara;pp_nav_01405;9687;5280;x
ukunzu;pp_nav_02010;7992;3718;x
ulakhan_an;pp_nav_00282;13512;7089;x
ulakhan_kyuyol;pp_nav_00139;13421;7307;x
ulma;pp_nav_00775;13577;6410;x
ulug;pp_nav_00793;11983;6393;x
ulukulevo;pp_nav_00657;10237;6603;x
umatilla;pp_nav_01046;2259;6012;x
umbu;pp_nav_02341;5285;1661;x
umuarama;pp_nav_02289;5232;2033;x
unjegah;pp_nav_00586;2119;6703;x
unnao;pp_nav_01735;11363;4811;x
upardang;pp_nav_01667;11528;4898;x
upper_angara;pp_nav_00417;12229;6883;x
upper_ob;pp_nav_00325;11238;7028;x
upper_yukon;pp_nav_00140;1329;7301;x
ural_nema;pp_nav_00512;9966;6798;x
uraqai;pp_nav_01192;12630;5683;x
urfa;pp_nav_01280;9447;5485;x
urka;pp_nav_00703;13262;6518;x
urmi;pp_nav_00915;13810;6194;x
urucurituba;pp_nav_02118;5066;3183;x
uruguay;pp_nav_02328;5141;1750;x
uschu;pp_nav_00834;13958;6328;x
usivka;pp_nav_00901;9220;6213;x
usolye;pp_nav_00378;10263;6942;x
ust_ishim;pp_nav_00487;10953;6817;x
ust_maia;pp_nav_00331;13813;7022;x
ust_medveditskaya;pp_nav_00881;9629;6252;x
ust_pinega;pp_nav_00137;9590;7316;x
ust_sysola;pp_nav_00240;10000;7140;x
ust_tsilma;pp_nav_00093;10075;7428;x
ust_vayenga;pp_nav_00191;9639;7217;x
ust_vym;pp_nav_00225;9979;7157;x
usun;pp_nav_00749;11898;6437;x
utaya;pp_nav_00087;14566;7451;x
utiangue;pp_nav_01386;3489;5315;x
utsutigway;pp_nav_01379;3795;5334;x
uyana;pp_nav_00195;13807;7213;x
uyapari;pp_nav_01979;4860;3819;x
uzes;pp_nav_01134;7907;5891;x
vagay;pp_nav_00461;10850;6837;x
vakhs;pp_nav_01286;10812;5489;x
vang_vieng;pp_nav_01908;12327;4417;x
varanasi;pp_nav_01773;11472;4763;x
vasilyeva_sloboda;pp_nav_00523;9660;6759;x
vat_phou;pp_nav_01953;12512;4160;x
vazhiny;pp_nav_00303;9243;7066;x
veliky_beckerek;pp_nav_01076;8609;5981;x
veliky_ustyug;pp_nav_00301;9803;7057;x
velyka_lepetykha;pp_nav_00983;9238;6101;x
velyka_oleksandrivka;pp_nav_00983;9235;6097;x
verkh_chebula;pp_nav_00643;11641;6633;x
verkhneimbatsk;pp_nav_00201;11725;7199;x
verkhneyarkeyevo;pp_nav_00619;10197;6667;x
verkhnyaya_toyma;pp_nav_00243;9757;7131;x
verkhoshizhemye;pp_nav_00453;9900;6835;x
vezhakary;pp_nav_00199;10665;7217;x
vidin;pp_nav_01131;8732;5894;x
vieng_phouka;pp_nav_01891;12250;4487;x
vienna;pp_nav_00941;8437;6162;x
vienne;pp_nav_01074;7908;5981;x
vientiane;pp_nav_01933;12363;4342;x
vijayapur;pp_nav_01708;11656;4843;x
villars;pp_nav_01055;7917;6004;x
vilyuy;pp_nav_00152;13219;7292;x
visesav;pp_nav_01121;8716;5929;x
vitim;pp_nav_00389;12798;6934;x
viziru;pp_nav_01091;8961;5953;x
voghera;pp_nav_01097;8123;5958;x
voikar;pp_nav_00098;10663;7408;x
vorontsovo;pp_nav_00008;14404;7735;x
voznesenskoye;pp_nav_00241;9741;7142;x
vu_ninh;pp_nav_01884;12508;4521;x
vukovar;pp_nav_01067;8549;5986;x
vukyl;pp_nav_00167;10254;7251;x
vuriloche;pp_nav_02394;4483;1023;x
vyadhapura;pp_nav_01964;12484;3942;x
vyatskiye_polyany;pp_nav_00562;10020;6715;x
waahukaahaanu;pp_nav_00947;2957;6146;x
wabasca;pp_nav_00426;2410;6875;x
wabaseemong;pp_nav_00856;3359;6294;x
wabimeig;pp_nav_00795;3805;6384;x
wachilmezi;pp_nav_01010;4428;6058;x
waiwai;pp_nav_02079;4875;3323;x
wallowa;pp_nav_01061;2384;5988;x
walong;pp_nav_01658;12097;4914;x
wanan;pp_nav_01707;12914;4836;x
wanapum;pp_nav_01015;2251;6058;x
wanga_bazar;pp_nav_01823;10836;4701;x
wangjiang;pp_nav_01558;13005;5039;x
wanquan;pp_nav_01355;12722;5359;x
wanzhou;pp_nav_01549;12619;5063;x
wapsipinicon;pp_nav_01167;3566;5789;x
wari;pp_nav_02218;4725;2818;x
warri;pp_nav_02036;7976;3626;x
warsaw;pp_nav_00757;8647;6434;x
wasit;pp_nav_01460;9817;5170;x
wayustikw;pp_nav_00544;4541;6728;x
wehe;pp_nav_01000;13639;6082;x
weiyuan;pp_nav_01842;12258;4675;x
wengshui;pp_nav_01691;12575;4875;x
wenxian;pp_nav_01383;12843;5323;x
wenxiang;pp_nav_01397;12721;5306;x
wetwin;pp_nav_01874;12063;4574;x
wied;pp_nav_00843;8027;6314;x
wiesbaden;pp_nav_00864;8067;6283;x
wihlink;pp_nav_01202;4016;5643;x
windsor;pp_nav_00798;7655;6387;x
winisk;pp_nav_00634;3802;6630;x
winnee;pp_nav_01427;4053;5237;x
winokapau;pp_nav_00723;4849;6493;x
winsen;pp_nav_00696;8157;6513;x
wishram;pp_nav_01065;2164;5996;x
wittenberge;pp_nav_00726;8211;6491;x
witym;pp_nav_00402;12830;6908;x
wloclawek;pp_nav_00738;8555;6464;x
wogamusin;pp_nav_02166;14171;3110;x
woking;pp_nav_00802;7672;6376;x
wolinak;pp_nav_01020;4401;6047;x
wolmirstedt;pp_nav_00756;8228;6439;x
worms;pp_nav_00872;8074;6262;x
wrigley;pp_nav_00213;2073;7176;x
wuchang;pp_nav_01545;12919;5060;x
wudang;pp_nav_01447;12751;5191;x
wuhe;pp_nav_01436;13053;5214;x
wuhu;pp_nav_01498;13079;5116;x
wujiang;pp_nav_01533;13182;5082;x
wujiang_bozhou;pp_nav_01691;12562;4880;x
wujiang_yingtian;pp_nav_01484;13087;5145;x
wujin;pp_nav_01478;13153;5151;x
wujing;pp_nav_01739;12205;4811;x
wuling;pp_nav_01624;12771;4973;x
wuntho;pp_nav_01846;12061;4650;x
wutun;pp_nav_01853;12731;4656;x
wuwei;pp_nav_01498;13069;5108;x
wuxian_liuzhou;pp_nav_01840;12680;4673;x
wuzhi;pp_nav_01383;12853;5330;x
wycombe;pp_nav_00798;7656;6388;x
xerente;pp_nav_02221;5488;2795;x
xiacai;pp_nav_01453;13005;5190;x
xiangning;pp_nav_01324;12724;5383;x
xiangru;pp_nav_01509;12532;5098;x
xiangtan;pp_nav_01666;12831;4905;x
xiangyang;pp_nav_01473;12794;5153;x
xiaodandang;pp_nav_01669;12224;4889;x
xiaxian;pp_nav_01378;12774;5329;x
xicallanco;pp_nav_01923;3493;4354;x
xilong;pp_nav_01798;12482;4739;x
xinan;pp_nav_01378;12792;5332;x
xincheng;pp_nav_01701;12819;4851;x
xindi;pp_nav_01570;12873;5034;x
xingan_linjiang;pp_nav_01664;12940;4899;x
xingyang;pp_nav_01383;12847;5327;x
xinjian;pp_nav_01645;12963;4942;x
xojeli;pp_nav_01165;10396;5794;x
xoko;pp_nav_02223;5991;2804;x
xuanhua;pp_nav_01608;12436;4975;x
xucheng;pp_nav_01327;12977;5396;x
xunhe;pp_nav_00878;13518;6250;x
xunyang;pp_nav_01446;12703;5200;x
xupu;pp_nav_01653;12716;4908;x
yaguari_guazu;pp_nav_02352;5040;1550;x
yanchang;pp_nav_01311;12720;5423;x
yanchuan;pp_nav_01311;12717;5440;x
yanci;pp_nav_01297;13048;5468;x
yanggu_yanzhou;pp_nav_01342;12966;5387;x
yangshou;pp_nav_01826;12684;4689;x
yanhe;pp_nav_01638;12626;4945;x
yarensk;pp_nav_00245;9884;7124;x
yarkino;pp_nav_00420;12169;6877;x
yashikumne;pp_nav_01271;2141;5516;x
ycuamandiyu;pp_nav_02290;5084;2020;x
yedey;pp_nav_00297;13435;7074;x
yelabuga;pp_nav_00606;10061;6677;x
yemelyanovo;pp_nav_00594;11901;6694;x
yemetsk;pp_nav_00175;9597;7236;x
yendyr;pp_nav_00266;10799;7103;x
yevoyakha;pp_nav_00085;11240;7432;x
ygana;pp_nav_02310;5192;1857;x
yibin;pp_nav_01630;12464;4964;x
yicheng;pp_nav_01486;12803;5134;x
yichuan;pp_nav_01324;12719;5398;x
yidu;pp_nav_01554;12767;5054;x
yiling;pp_nav_01535;12754;5079;x
yilong;pp_nav_01509;12530;5109;x
yiman;pp_nav_01048;13773;6011;x
yingde;pp_nav_01815;12857;4705;x
yingli;pp_nav_01290;12468;5477;x
yingshang;pp_nav_01461;12985;5183;x
yiyang_changsha;pp_nav_01642;12783;4947;x
yjxa;pp_nav_02201;4789;2873;x
yolombo;pp_nav_02006;4324;3733;x
yongchang_yongchang;pp_nav_01792;12220;4751;x
yongchuan;pp_nav_01622;12509;4971;x
yonghe;pp_nav_01311;12719;5435;x
yongning_baisheng;pp_nav_01689;12267;4876;x
yongping_yongchang;pp_nav_01792;12226;4750;x
yongshan;pp_nav_01644;12411;4930;x
yongshun;pp_nav_01835;12628;4688;x
yor;pp_nav_00800;13535;6379;x
youdian;pp_nav_01792;12230;4742;x
youyang;pp_nav_01638;12629;4955;x
yshyr;pp_nav_02274;5044;2219;x
yuanling;pp_nav_01636;12714;4942;x
yuanmou;pp_nav_01760;12332;4801;x
yuannan;pp_nav_01631;12754;4963;x
yuanqu;pp_nav_01378;12781;5335;x
yuanyang;pp_nav_01385;12879;5327;x
yukonda;pp_nav_00341;10865;7009;x
yukte;pp_nav_00406;12748;6900;x
yun;pp_nav_01446;12730;5201;x
yuncheng;pp_nav_01342;12959;5379;x
yunkyur;pp_nav_00337;13158;7014;x
yunxi;pp_nav_01446;12714;5202;x
yurimagua;pp_nav_02184;4229;3017;x
yuryev_povolzhsk;pp_nav_00511;9624;6796;x
yusha;pp_nav_01550;12845;5059;x
yusva;pp_nav_00392;10250;6916;x
zadian;pp_nav_01295;10745;5472;x
zahuatan;pp_nav_01923;3492;4353;x
zainsk;pp_nav_00612;10041;6669;x
zakroczym;pp_nav_00754;8627;6446;x
zalon_taung;pp_nav_01797;12008;4729;x
zarate;pp_nav_01966;4283;3897;x
zardab;pp_nav_01211;9853;5652;x
zazhimchar;pp_nav_00128;10670;7330;x
zemukh;pp_nav_01158;10787;5823;x
zenta;pp_nav_01034;8603;6022;x
zenzevatka;pp_nav_00875;9747;6254;x
zhalauly;pp_nav_00702;11129;6506;x
zhangqiu;pp_nav_01309;13029;5451;x
zhanhe;pp_nav_00882;13549;6250;x
zhaohua;pp_nav_01468;12504;5162;x
zhaoxin;pp_nav_01436;13062;5219;x
zharzhan;pp_nav_00016;13329;7689;x
zhatai;pp_nav_00227;13600;7145;x
zhaushikumtobe;pp_nav_01180;10791;5720;x
zhebariki_khaya;pp_nav_00217;13872;7164;x
zhelezin;pp_nav_00727;11156;6488;x
zhenkang;pp_nav_01811;12205;4701;x
zheshart;pp_nav_00232;9925;7158;x
zhijiang;pp_nav_01554;12775;5056;x
zhongli;pp_nav_01443;13027;5205;x
zhongmu;pp_nav_01385;12882;5327;x
zhongxiang;pp_nav_01506;12813;5107;x
zhuluo;pp_nav_01647;12215;4924;x
zimba;pp_nav_02114;8871;3182;x
zimnyatsky;pp_nav_00889;9651;6238;x
ziryanka;pp_nav_00087;14578;7439;x
zolotonosha;pp_nav_00877;9138;6256;x
zongyang;pp_nav_01514;13046;5081;x
zumbo;pp_nav_02258;9132;2479;x
zwolen;pp_nav_00784;8675;6389;x
zyryan;pp_nav_00876;11480;6258;x
bojaya;cupica_gulf;4168;3691;x
cupilco;mecoacan_lagoon;3453;4367;x
kuujjuarapik;salikuit_islands;4172;6664;x
mocana;galerazamba_coast;4279;3954;x
aaboukingon;pp_nav_01273;3727;5504;x
abdas;pp_nav_01518;9847;5092;x
abyy;pp_nav_00033;14270;7621;x
aha_macav;pp_nav_01395;2482;5302;x
aigun;pp_nav_00848;13489;6299;x
al_tib;pp_nav_01479;9827;5148;x
amol_turkmenabad;pp_nav_01244;10600;5566;x
amonokoa;pp_nav_01222;3565;5629;x
amyint;pp_nav_01880;12028;4544;x
anah;pp_nav_01406;9578;5297;x
anilco;pp_nav_01404;3540;5276;x
aowa;pp_nav_01162;3236;5814;x
apucarana;pp_nav_02287;5246;2055;x
arkhara;pp_nav_00891;13603;6223;x
arochukwu;pp_nav_02037;8057;3632;x
arrah;pp_nav_01767;11537;4782;x
attaock;pp_nav_01214;4205;5641;x
attock;pp_nav_01418;10980;5261;x
avaes;pp_nav_02315;5023;1823;x
ayvu_pora;pp_nav_02284;5056;2085;x
bakele_kongo;pp_nav_02083;8167;3325;x
bakhanay;pp_nav_00077;13346;7469;x
bakusaya;pp_nav_01460;9809;5183;x
ballia;pp_nav_01764;11526;4785;x
banan;pp_nav_01595;12548;5009;x
basra;pp_nav_01537;9864;5072;x
batamay;pp_nav_00165;13604;7263;x
belabo;pp_nav_01822;11833;4699;x
beljamen;pp_nav_00875;9739;6237;x
bendi;pp_nav_02165;8615;3106;x
bikrampur;pp_nav_01857;11814;4652;x
bir_amur;pp_nav_00753;13443;6439;x
bohan;pp_nav_02348;5050;1571;x
boxing;pp_nav_01291;13077;5478;x
branicevo;pp_nav_01117;8663;5937;x
burayevo;pp_nav_00625;10213;6659;x
bykovo;pp_nav_00895;9738;6229;x
calcasieu;pp_nav_01492;3469;5120;x
canindeyu;pp_nav_02292;5219;2005;x
caraja;pp_nav_02190;5522;2958;x
casqui;pp_nav_01329;3606;5394;x
catahoula;pp_nav_01474;3510;5138;x
cerwecerna;pp_nav_01064;3123;5977;x
chalin;pp_nav_01053;13534;6014;x
changning;pp_nav_01730;12796;4831;x
charagua;pp_nav_01690;12012;4877;x
chelan;pp_nav_00944;2249;6152;x
cheremkhovo;pp_nav_00690;12396;6496;x
chiang_khong;pp_nav_01904;12285;4451;x
chipata;pp_nav_02013;4309;3715;x
chiripa;pp_nav_02285;5249;2066;x
chunar;pp_nav_01790;11463;4751;x
chupanga;pp_nav_02265;9327;2332;x
cocamas;pp_nav_02191;4205;2958;x
conewago;pp_nav_01215;4198;5641;x
curuai;pp_nav_02102;5134;3228;x
cuttawba;pp_nav_01248;3860;5561;x
danubyu;pp_nav_01944;12039;4282;x
dayr_aqul;pp_nav_01455;9783;5188;x
dingyuan;pp_nav_01562;12528;5050;x
dingyuan_lingzhou;pp_nav_01221;12551;5609;x
djee;pp_nav_00709;13480;6502;x
doustioni;pp_nav_01462;3426;5175;x
dubica;pp_nav_01090;8460;5969;x
dyryn_ebe;pp_nav_00041;14681;7579;x
emuer;pp_nav_00705;13281;6516;x
enenlhet;pp_nav_02286;5059;2066;x
enxet;pp_nav_02290;5083;2011;x
farkhor;pp_nav_01307;10805;5460;x
gichthanne;pp_nav_01278;3748;5508;x
gigen;pp_nav_01146;8808;5871;x
good_hope;pp_nav_00086;1831;7449;x
guamontey;pp_nav_01997;4656;3770;x
guanambi;pp_nav_02243;5718;2642;x
haditha;pp_nav_01403;9608;5288;x
havasu;pp_nav_01371;2471;5352;x
hit;pp_nav_01411;9627;5266;x
hogehege;pp_nav_01396;3723;5311;x
hont;pp_nav_00959;8557;6137;x
huaying;pp_nav_01568;12543;5047;x
humar;pp_nav_00731;13420;6475;x
injangyang;pp_nav_01762;12136;4785;x
itanagar;pp_nav_01702;11965;4855;x
itapiracaba;pp_nav_02250;5693;2548;x
jalalabad;pp_nav_01409;10926;5284;x
jiaxing;pp_nav_01544;13192;5073;x
jijial;pp_nav_01388;11010;5324;x
kadyy;pp_nav_00508;9641;6799;x
kai_kara;pp_nav_01995;4731;3772;x
kaiwa;pp_nav_02283;5272;2091;x
kamiahpu;pp_nav_01118;2361;5934;x
kamyshin;pp_nav_00857;9759;6284;x
kaniatarahontsi;pp_nav_01127;4241;5920;x
karbala;pp_nav_01445;9703;5188;x
karymkary;pp_nav_00196;10660;7215;x
kasevo;pp_nav_00610;10170;6677;x
kasimov;pp_nav_00656;9585;6612;x
katen;pp_nav_00938;13822;6138;x
katibas;pp_nav_02065;12811;3458;x
khoja_idat_kala;pp_nav_01269;10647;5518;x
khosheutovo;pp_nav_01025;9874;6053;x
kisatchie;pp_nav_01510;3492;5103;x
kitchissippi;pp_nav_01082;4225;5984;x
kiya;pp_nav_00385;11856;6927;x
koasati;pp_nav_01401;3753;5300;x
koknese;pp_nav_00532;8810;6754;x
korenevo;pp_nav_00513;9654;6786;x
koryazhma;pp_nav_00289;9805;7082;x
kostroma;pp_nav_00510;9584;6798;x
krasny_bor;pp_nav_00252;9747;7129;x
krebedje;pp_nav_02041;8563;3620;x
kremenchuk;pp_nav_00907;9242;6201;x
kremenskaya;pp_nav_00894;9686;6226;x
krivoshchekovo;pp_nav_00627;11460;6637;x
kuanda;pp_nav_00584;12962;6702;x
kuarepoti;pp_nav_02293;5087;1990;x
kutarka;pp_nav_00484;9911;6820;x
kysyl_syr;pp_nav_00202;13596;7196;x
lanyang;pp_nav_01387;12920;5325;x
lanzhou;pp_nav_01339;12418;5396;x
laskarpur;pp_nav_01833;11834;4689;x
lussuna;pp_nav_02157;8886;3107;x
luzhang;pp_nav_01706;12192;4818;x
macoupin;pp_nav_01236;3565;5582;x
mahates;pp_nav_01963;4282;3921;x
makonde;pp_nav_02236;9469;2730;x
malbork;pp_nav_00674;8554;6572;x
mamyn;pp_nav_00787;13558;6401;x
mandisobi;pp_nav_02344;5065;1644;x
mattawa;pp_nav_01035;4121;6033;x
maues;pp_nav_02133;4931;3162;x
mbya;pp_nav_02295;5217;1976;x
minusinsk;pp_nav_00693;11867;6523;x
mitchigamea;pp_nav_01275;3683;5503;x
moingwena;pp_nav_01200;3528;5668;x
mongyang;pp_nav_01829;12109;4695;x
morangi;pp_nav_01716;11935;4839;x
muhammerah;pp_nav_01556;9884;5057;x
multnomah;pp_nav_01038;2093;6020;x
mura;pp_nav_02120;4935;3179;x
myshuryn_rih;pp_nav_00912;9253;6196;x
n_pooh_le;pp_nav_00954;2274;6143;x
naguatex;pp_nav_01439;3418;5212;x
nalimsk;pp_nav_00044;14648;7562;x
natchez;pp_nav_01508;3520;5104;x
naungyo;pp_nav_01948;12018;4256;x
nemasca;pp_nav_00810;4208;6372;x
nikolskoye_pontic;pp_nav_00972;9814;6123;x
nikolsky_pogost;pp_nav_00416;12704;6888;x
niobrara;pp_nav_01156;3204;5824;x
norosi;pp_nav_01974;4329;3828;x
north_juma;pp_nav_02140;8526;3152;x
north_meetto;pp_nav_02232;9478;2732;x
nyssa;pp_nav_01143;2362;5879;x
olenegorsk;pp_nav_00005;14415;7796;x
omerkot;pp_nav_01639;10871;4949;x
ondaimas;pp_nav_02026;4292;3672;x
onimgohow;pp_nav_01238;3970;5588;x
opelousa;pp_nav_01496;3507;5108;x
opimika;pp_nav_01019;4090;6059;x
oril;pp_nav_00902;9246;6202;x
osa;pp_nav_00527;10195;6777;x
ostrovskoye;pp_nav_00507;9605;6806;x
ouaka;pp_nav_02038;8595;3627;x
pagan;pp_nav_01888;12009;4511;x
pak_huei_lang;pp_nav_01921;12398;4370;x
palembang;pp_nav_02121;12457;3181;x
pangu;pp_nav_00697;13347;6509;x
pangyang;pp_nav_01871;12179;4588;x
pankara;pp_nav_02203;5914;2866;x
pankararu;pp_nav_02206;5937;2856;x
parakana;pp_nav_02172;5439;3082;x
paranaidji;pp_nav_02187;5530;2987;x
patoka;pp_nav_01276;3700;5507;x
payette;pp_nav_01130;2367;5897;x
perm;pp_nav_00454;10229;6847;x
pervomayskoye;pp_nav_00479;11584;6822;x
phnom_santuk;pp_nav_01959;12517;4027;x
porto_tibirica;pp_nav_02279;5320;2145;x
prainha;pp_nav_02096;5271;3251;x
prayag;pp_nav_01784;11413;4764;x
qianjiang_binzhou;pp_nav_01847;12666;4669;x
qingyuan;pp_nav_01849;12833;4663;x
quigualtam;pp_nav_01413;3546;5267;x
quipana;pp_nav_01364;3426;5353;x
rajnagar;pp_nav_01814;11872;4723;x
raznezhye;pp_nav_00589;9743;6704;x
rechnoye;pp_nav_00994;9835;6100;x
romang;pp_nav_02345;4973;1630;x
ryazan;pp_nav_00654;9500;6602;x
sagaing;pp_nav_01872;12060;4588;x
salay;pp_nav_01895;12012;4477;x
samastipur;pp_nav_01782;11610;4764;x
samawa;pp_nav_01515;9789;5096;x
sanggau;pp_nav_02077;12711;3343;x
sarapul;pp_nav_00591;10137;6699;x
saygatsky;pp_nav_00559;10152;6721;x
scioto;pp_nav_01256;3883;5555;x
sededema;pp_nav_00063;14603;7514;x
sekadau;pp_nav_02075;12739;3349;x
sena;pp_nav_02264;9305;2354;x
sernur;pp_nav_00499;9945;6800;x
shahpur;pp_nav_01476;10981;5153;x
shizhao;pp_nav_01578;12534;5030;x
smolenskoye;pp_nav_00751;11519;6438;x
snk_mip;pp_nav_00859;2323;6287;x
sol_velikaya;pp_nav_00502;9518;6805;x
sonargaon;pp_nav_01850;11815;4664;x
sonepur_bihar;pp_nav_01765;11559;4787;x
srednyaya_akhtuba;pp_nav_00926;9743;6178;x
srey_sarchhor;pp_nav_01960;12492;4006;x
sulkhari;pp_nav_00786;12576;6384;x
suzun;pp_nav_00670;11422;6578;x
tabqah;pp_nav_01352;9495;5376;x
tappan;pp_nav_01188;4325;5703;x
taragui;pp_nav_02339;4976;1669;x
tata;pp_nav_00965;8531;6130;x
tatahuitalpan;pp_nav_01936;3522;4334;x
tatarskaya_tesyu;pp_nav_00655;11833;6598;x
tauramena;pp_nav_02040;4456;3620;x
tawehash;pp_nav_01369;3371;5352;x
tehcha;pp_nav_00863;13498;6273;x
tenggarong;pp_nav_02084;13017;3325;x
tensas;pp_nav_01485;3530;5140;x
tesinigh;pp_nav_01223;4221;5623;x
thayet;pp_nav_01911;12023;4412;x
tiel;pp_nav_00779;7933;6412;x
tomsk;pp_nav_00493;11604;6794;x
truka;pp_nav_02205;5884;2870;x
tula_ark;pp_nav_01365;3390;5354;x
tumba_ikoko;pp_nav_02122;8440;3177;x
tumbalala;pp_nav_02216;5844;2827;x
tupirama;pp_nav_02200;5434;2863;x
tutilcoya;pp_nav_01367;3457;5342;x
tutilpinco;pp_nav_01415;3525;5276;x
tuxa;pp_nav_02210;5951;2826;x
tygde;pp_nav_00747;13510;6459;x
ubangi;pp_nav_02119;8426;3173;x
uch;pp_nav_01601;10937;4998;x
uftyuga;pp_nav_00261;9795;7107;x
ukek;pp_nav_00806;9782;6373;x
urzhum;pp_nav_00512;9971;6782;x
ust_tsimla;pp_nav_00968;9611;6127;x
valparaiso;pp_nav_02277;5341;2193;x
verkhotomsk;pp_nav_00566;11557;6699;x
voskresenskoye;pp_nav_00573;9792;6714;x
votkings;pp_nav_00543;10141;6758;x
waingmaw;pp_nav_01794;12118;4746;x
wakmua_oin;pp_nav_01116;3114;5922;x
waluulapam;pp_nav_01032;2280;6034;x
wapkawazioju;pp_nav_01129;3499;5911;x
watlala;pp_nav_01051;2107;5989;x
wyaconda;pp_nav_01216;3526;5634;x
xakriaba;pp_nav_02248;5703;2571;x
xatingnaax;pp_nav_00052;14627;7532;x
xincheng_xincheng;pp_nav_01843;12644;4677;x
ya_ttaish;pp_nav_01481;3442;5149;x
yakesa;pp_nav_00713;13362;6500;x
yakovlevskoye_bolshoye;pp_nav_00491;9564;6800;x
yapeyu;pp_nav_02330;5113;1713;x
yaroslavl;pp_nav_00494;9520;6815;x
yazoo;pp_nav_01430;3542;5203;x
yelovo;pp_nav_00533;10160;6763;x
yeniseysk;pp_nav_00397;11866;6909;x
yenotayevka;pp_nav_01007;9856;6074;x
yguazu;pp_nav_02316;5225;1820;x
yinshan;pp_nav_01203;12675;5669;x
ynakhsyt;pp_nav_00162;13114;7268;x
yopo;pp_nav_02024;4506;3672;x
yuechi;pp_nav_01548;12543;5054;x
yunlong;pp_nav_01748;12193;4784;x
yunnei;pp_nav_01201;12714;5666;x
zalari;pp_nav_00678;12392;6538;x
zamyany;pp_nav_01044;9863;6021;x
zhaozhou_jurchen;pp_nav_01080;13380;5984;x
zhiziluo;pp_nav_01680;12192;4873;x
zimnicea;pp_nav_01149;8843;5869;x
zoe;pp_nav_02093;5133;3263;x
